n	id	date	publication	title	snippet
1	difaa19380726-01.1.8	26 July 1938	difaa	Page 8	"<div class=""txtsearchsnippet"">اعتداء وحشى فى <b class=""highlightcolor"">حيفا</b> واستشهاد عشرات العرب</div>"
2	difaa19370912-01.1.3	12 September 1937	difaa	Page 3	"<div class=""txtsearchsnippet"">... ايلول - لمراسل الدفاع الخاص - سافر اليوم الى <b class=""highlightcolor"">حيفا</b> الاستاذ حسن افندي الكرمي والآنسة فائدة كريمة الشيخ حسام ...</div>"
3	difaa19401226-01.1.2	26 December 1940	difaa	Page 2	"<div class=""txtsearchsnippet""><b class=""highlightcolor"">حيفا</b> في ٢٥ ك ١ - لمراسل الدفاع الخاص - ...</div>"
4	difaa19360902-01.1.3	2 September 1936	difaa	Page 3	"<div class=""txtsearchsnippet"">... بعد ظهر البارحة عصابة مسلحة النار فى منطقة قرى <b class=""highlightcolor"">حيفا</b> على دورية من البوليس والجند وقد أجابت الدورية على ...</div>"
5	difaa19380810-01.1.4	10 August 1938	difaa	Page 4	"<div class=""txtsearchsnippet"">... وسط طريق السكة الحديدية القديمة على خط اللسد - <b class=""highlightcolor"">حيفا</b> من محطة اللد شمالا الى اقصى نقطة من حدود ...</div>"
6	difaa19370915-01.1.3	15 September 1937	difaa	Page 3	"<div class=""txtsearchsnippet"">... عموم مساهمي ركة الاتحاد العربي للسجاير والدخان حدودة في <b class=""highlightcolor"">حيفا</b> ان مجلس ادارة الشركة د قرر المطالبة بالقسط الثاني ...</div>"
7	difaa19380627-01.1.5	27 June 1938	difaa	Page 5	"<div class=""txtsearchsnippet"">... جريحاً من العائلتين بينهم اثنان جراحيها خطرة فنقلا الى <b class=""highlightcolor"">مستشفى الحكومة</b> بيافا . وذهبت الى القرية المذكورة قوة من ...</div>"
8	difaa19471225-01.1.4	25 December 1947	difaa	Page 4	"<div class=""txtsearchsnippet"">... قد عينت السيد محمد علي حسن قنصلا لها في <b class=""highlightcolor"">حيفا</b> تعيينات وترقيات و وقع قاضي القضاة على امر بانتداب ...</div>"
9	difaa19380729-01.1.4	29 July 1938	difaa	Page 4	"<div class=""txtsearchsnippet"">هل تسمح الحكومة لسكان <b class=""highlightcolor"">حيفا</b> بذلك</div>"
10	difaa19380805-01.1.5	5 August 1938	difaa	Page 5	"<div class=""txtsearchsnippet"">... عليها النار واصيب جندي بريطاني بجراح بليغه وجرح في <b class=""highlightcolor"">حيفا</b> بعد ظهر امس يهودي بنتيجة قذفه بالحجارة من قبل ...</div>"
11	difaa19380803-01.1.5	3 August 1938	difaa	Page 5	"<div class=""txtsearchsnippet"">لمنكوبي <b class=""highlightcolor"">حيفا</b> جاءنا مايلي : ورد الى صندوق الجنة الاسعاف التبرعات ...</div>"
12	difaa19370923-01.1.3	23 September 1937	difaa	Page 3	"<div class=""txtsearchsnippet"">... بروزوفسكي سنديك طابق افلاس محل سليم نصر الله خوري <b class=""highlightcolor"">حيفا</b></div>"
13	difaa19361018-01.1.4	18 October 1936	difaa	Page 4	"<div class=""txtsearchsnippet"">... الاسابيع المقبلة نقل طبيب عربي جاءنا من مراسلنا في <b class=""highlightcolor"">حيفا</b> : نقل الدكتور سعيد الدجاني احد اطباء <b class=""highlightcolor"">مستشفى الحكومة</b> ...</div>"
14	difaa19380331-01.1.5	31 March 1938	difaa	Page 5	"<div class=""txtsearchsnippet""><b class=""highlightcolor"">حيفا</b> في ٣٠ اذار - لمراسل الدفاع الخاص - تبادلت ...</div>"
15	difaa19371023-01.1.1	23 October 1937	difaa	Page 1	"<div class=""txtsearchsnippet"">... القدس ( وكالة ) * : تلفون ١٤١٣ في <b class=""highlightcolor"">حيفا</b></div>"
16	difaa19371216-01.1.5	16 December 1937	difaa	Page 5	"<div class=""txtsearchsnippet""><b class=""highlightcolor"">حيفا</b></div>"
17	difaa19380708-01.1.4	8 July 1938	difaa	Page 4	"<div class=""txtsearchsnippet"">... للمحافظة على الامن وقد عقد اجتماع من حاكم لواء <b class=""highlightcolor"">حيفا</b> والعامرة ومدير البوليس وبعض كبار الموظفين لبحث حالة المدينة ...</div>"
18	difaa19471230-01.1.4	30 December 1947	difaa	Page 4	"<div class=""txtsearchsnippet""><b class=""highlightcolor"">حيفا</b> - ابحرت في الساعة الرابعة والنصف من صباح أمس ...</div>"
19	difaa19471209-01.1.4	9 December 1947	difaa	Page 4	"<div class=""txtsearchsnippet""><b class=""highlightcolor"">حيفا</b> - اصدرت المحكمة المركزية امس قرارا بمصادرة الباخرة الاميركية ...</div>"
20	difaa19380626-01.1.5	26 June 1938	difaa	Page 5	"<div class=""txtsearchsnippet"">... فراشه وقد امضى الاستاذ ربحي اكثر مدة اعتقاله في <b class=""highlightcolor"">مستشفى الحكومة</b> في <b class=""highlightcolor"">حيفا</b> . جلسة سريه تعقدها اللجنة الفنية ...</div>"
21	difaa19480130-01.1.4	30 January 1948	difaa	Page 4	"<div class=""txtsearchsnippet"">... بجراح مختلفة جراح احدهم خطرة نقلوا على أثرها الى <b class=""highlightcolor"">مستشفى الحكومة</b> بالرملة. مطاردة المعتدين وقامت على الاثر قوة من ...</div>"
22	difaa19480127-01.1.1	27 January 1948	difaa	Page 1	"<div class=""txtsearchsnippet"">... الجبالية وفرار متلصصين بالمنشية أمام المناضلين حوادث متفرقة في <b class=""highlightcolor"">حيفا</b> مهاجمة قطارات</div>"
23	difaa19370415-01.1.3	15 April 1937	difaa	Page 3	"<div class=""txtsearchsnippet"">... في صرف اجور العمال بين العرب واليهود في طريق <b class=""highlightcolor"">حيفا</b> - يافا . ا والآن نرى الذين يشتغلون في ...</div>"
24	difaa19471203-01.1.3	3 December 1947	difaa	Page 3	"<div class=""txtsearchsnippet"">... اخرى. - اعلان یافت نظر دافعي الضرائب البلدية في <b class=""highlightcolor"">حيفا</b> بادية <b class=""highlightcolor"">حيفا</b> الذين لم يسددوا الى الان ما يطلب ...</div>"
25	difaa19460813-01.1.2	13 August 1946	difaa	Page 2	"<div class=""txtsearchsnippet"">قوات عسكرية كبيرة في منطقة ميناء <b class=""highlightcolor"">حيفا</b></div>"
26	difaa19380713-01.1.1	13 July 1938	difaa	Page 1	"<div class=""txtsearchsnippet"">... ، وأنا أراد بيوت العرب طبعاً . فهذه حوادث <b class=""highlightcolor"">حيفا</b> ويافا والقدس الاخيرة، تلك المآسي والاعتداءات ، هل سمع ...</div>"
27	difaa19370815-01.1.7	15 August 1937	difaa	Page 7	"<div class=""txtsearchsnippet"">ـ <b class=""highlightcolor"">حيفا</b> في ١٤ آب - لمراسل الدفاع الخاص - قابل ...</div>"
28	difaa19380730-01.1.5	30 July 1938	difaa	Page 5	"<div class=""txtsearchsnippet"">جاءنا من لجنة اسعاف محفل الكرمل في <b class=""highlightcolor"">حيفا</b> أن السيد فرح سلطي تبرع بسبعة جنيهات لاماة المنكوبين</div>"
29	difaa19430728-01.1.2	28 July 1943	difaa	Page 2	"<div class=""txtsearchsnippet"">كلمة مدير المعارف في <b class=""highlightcolor"">حيفا</b> هضة التعليم في المدن والقرى</div>"
30	difaa19380714-01.1.5	14 July 1938	difaa	Page 5	"<div class=""txtsearchsnippet"">بيع اموال منقولة لدي دائرة اجراء <b class=""highlightcolor"">حيفا</b> بخصوص الاجراءات التنفيذية | بالقضية رقم ٢٥٢٤-٣٨ د فيما ...</div>"
31	difaa19370914-01.1.3	14 September 1937	difaa	Page 3	"<div class=""txtsearchsnippet"">... مدة طويلة عاد الجند إلى معسكرهم وفاة سجين في <b class=""highlightcolor"">مستشفى الحكومة</b> تو في اليوم في <b class=""highlightcolor"">مستشفى الحكومة</b> احد المساجين ...</div>"
32	difaa19471224-01.1.4	24 December 1947	difaa	Page 4	"<div class=""txtsearchsnippet"">... المصادر المسؤولة امس انه يمكن القول الان ان ميناء <b class=""highlightcolor"">حيفا</b> كانت في الاسبوع | الماضي قاعدة لاكبر حشد من ...</div>"
33	difaa19480202-01.1.4	2 February 1948	difaa	Page 4	"<div class=""txtsearchsnippet"">... ان وصل الى جبال رام الله ومنها نقل الى <b class=""highlightcolor"">مستشفى الحكومة</b> للمعالجة نسف المنزل : ثم ذهب شقيقه السيد ...</div>"
34	difaa19380802-01.1.4	2 August 1938	difaa	Page 4	"<div class=""txtsearchsnippet"">توفي أمس في <b class=""highlightcolor"">مستشفى الحكومة</b> السيد عبد الله رضا سائق القطار الذي تدهور ...</div>"
35	difaa19420302-01.1.4	2 March 1942	difaa	Page 4	"<div class=""txtsearchsnippet"">... تقديم عطاءات لتوريد : ۱) حليب معقم الى : <b class=""highlightcolor"">مستشفى الحكومة</b> ، <b class=""highlightcolor"">حيفا</b> ب مستشفى الوطن ، نابلس ( ...</div>"
36	difaa19420227-01.1.4	27 February 1942	difaa	Page 4	"<div class=""txtsearchsnippet"">... لتوريد : (۱) حليب معقم الى : أ ) <b class=""highlightcolor"">مستشفى الحكومة</b> ، <b class=""highlightcolor"">حيفا</b> ب مستشفى الوطن ، نابلس حليب ...</div>"
37	difaa19370526-01.1.3	26 May 1937	difaa	Page 3	"<div class=""txtsearchsnippet"">- <b class=""highlightcolor"">حيفا</b> في ٢٥ ايار- لمراسل الدفاع الخاص تقرر اخيراً نقل ...</div>"
38	difaa19480102-01.1.4	2 January 1948	difaa	Page 4	"<div class=""txtsearchsnippet"">جرائم ارهابية غادرة في <b class=""highlightcolor"">حيفا</b> ويافا وقريتي بلد الشيخ وحواسة . بقية.</div>"
39	difaa19480204-01.1.4	4 February 1948	difaa	Page 4	"<div class=""txtsearchsnippet"">... جنين وعمره ١٧ سنة والطفلة كفاية كامل حسنين من <b class=""highlightcolor"">حيفا</b> وعمرها عشر سنوات . و ۳ جرحى واصيب ثلاثة ...</div>"
40	difaa19370625-01.1.3	25 June 1937	difaa	Page 3	"<div class=""txtsearchsnippet"">الدفاع لقضاء بعض الاعمال فى ادارة الجمرك <b class=""highlightcolor"">حيفا</b> - استلم السيد وديع كرمي ادارة الجمرك بحيفا مكان ...</div>"
41	difaa19420724-01.1.3	24 July 1942	difaa	Page 3	"<div class=""txtsearchsnippet"">رسالة <b class=""highlightcolor"">حيفا</b> التلفونية</div>"
42	difaa19380803-01.1.1	3 August 1938	difaa	Page 1	"<div class=""txtsearchsnippet"">٥ • قنابل في <b class=""highlightcolor"">حيفا</b> ووقوع ٤ اصابات مختلفة</div>"
43	difaa19461117-01.1.4	17 November 1946	difaa	Page 4	"<div class=""txtsearchsnippet"">بيان من لجنة اليتيم العربي في <b class=""highlightcolor"">حيفا</b></div>"
44	difaa19391005-01.1.4	5 October 1939	difaa	Page 4	"<div class=""txtsearchsnippet"">... امس وتغيبوا عن باخرتهم التي كانت راسية في مياه <b class=""highlightcolor"">حيفا</b> ثلاثة أيام . وكانت عودتهم قبل البحار الباخره بوقت ...</div>"
45	difaa19380509-01.1.5	9 May 1938	difaa	Page 5	"<div class=""txtsearchsnippet""><b class=""highlightcolor"">حيفا</b> في أيار - لمراسل الدفاع الخاص لا تزال القوات ...</div>"
46	difaa19380802-01.1.8	2 August 1938	difaa	Page 8	"<div class=""txtsearchsnippet"">... قوة من البوليس الى مكان الحادث ونقلت الجريح الى <b class=""highlightcolor"">مستشفى الحكومة</b> وتعقت الفاعل لكنها لم تعثر له على اثر ...</div>"
47	difaa19380708-01.1.5	8 July 1938	difaa	Page 5	"<div class=""txtsearchsnippet"">... من العرب وعدد من الجرحى الذين لا يزالون في <b class=""highlightcolor"">مستشفى الحكومة</b> وفي صباح هذا اليوم أحضر البوليس اليهودي سيون ...</div>"
48	difaa19380710-01.1.4	10 July 1938	difaa	Page 4	"<div class=""txtsearchsnippet"">اعتقال اصلاحيين اعتقل امس في <b class=""highlightcolor"">حيفا</b> الدكتور وانتروب رئيس الحزب الاصلاحي في <b class=""highlightcolor"">حيفا</b> كما اعتقل ...</div>"
49	difaa19400923-01.1.3	23 September 1940	difaa	Page 3	"<div class=""txtsearchsnippet"">... معظم الذين اصيبوا كانت اصاباتهم من الشظايا واجتمع في <b class=""highlightcolor"">مستشفى الحكومة</b> حالا اكبر عدد ممكن من الاطباء ورجال الاسعاف ...</div>"
50	difaa19370624-01.1.3	24 June 1937	difaa	Page 3	"<div class=""txtsearchsnippet"">... فريق من العمال العرب فهرب اليهود ونقل المصابان الى <b class=""highlightcolor"">مستشفى الحكومة</b> . وقد فهمنا انهما أديا شهادة بأن الذي ...</div>"
51	difaa19471214-01.1.4	14 December 1947	difaa	Page 4	"<div class=""txtsearchsnippet"">... فى مؤخرته ه العليل الريدة وجرا وقد خف الى <b class=""highlightcolor"">مستشفى الحكومة</b> السادة قائمقام المدينة وعبد الرؤوف بركات عن جمعية ...</div>"
52	difaa19480113-01.1.4	13 January 1948	difaa	Page 4	"<div class=""txtsearchsnippet"">... بيت صفافا بجراح طفيفة وعند ا الكشف عليهم في <b class=""highlightcolor"">مستشفى الحكومة</b> تبين ان جنة كل منهم مصابة باكثر من ...</div>"
53	difaa19380714-01.1.8	14 July 1938	difaa	Page 8	"<div class=""txtsearchsnippet"">... يوم أمس العبارات النارية على سيارة يهودية في طريق <b class=""highlightcolor"">حيفا</b> - يافا الغربية ، ولم يعرف من وقوع اصابات ...</div>"
54	difaa19470115-01.1.3	15 January 1947	difaa	Page 3	"<div class=""txtsearchsnippet"">... هناك . وسيتولى القيام باعمال القنصلية السيد شاهر السمان <b class=""highlightcolor"">حيفا</b> - شفي السيد احمد الخليل حاكم الصلح الاعلى من ...</div>"
55	difaa19380418-01.1.5	18 April 1938	difaa	Page 5	"<div class=""txtsearchsnippet""><b class=""highlightcolor"">حيفا</b> ا اجراءات بعد حادث السيارة اليهودية ذهاب قوات الى ...</div>"
56	difaa19471230-01.1.2	30 December 1947	difaa	Page 2	"<div class=""txtsearchsnippet"">... وقابل الموظفون العرب في دائرة الصبحة رئيس الأطباء في <b class=""highlightcolor"">مستشفى الحكومة</b> واعلموه عدم استطاعتهم العمل ما دامت الدائرة في ...</div>"
57	difaa19470528-01.1.2	28 May 1947	difaa	Page 2	"<div class=""txtsearchsnippet"">... اجتماع آخر يتعلق بها . الافراج عن زعيم مغربي <b class=""highlightcolor"">حيفا</b> - علمنا من مصدر ثقة انا قد أفرج عن ...</div>"
58	difaa19470502-01.1.3	2 May 1947	difaa	Page 3	"<div class=""txtsearchsnippet"">... في نهاية الاسبوع القادم . توفي صباح امس في <b class=""highlightcolor"">مستشفى الحكومة</b> محمد اسعد فرحان متأثراً من الجروح التي اصابته ...</div>"
59	difaa19380628-01.1.6	28 June 1938	difaa	Page 6	"<div class=""txtsearchsnippet"">... مصلحة الصحة العامة على ارساله إلى يافا للتمرن في <b class=""highlightcolor"">مستشفى الحكومة</b> طيلة مدة عطلة الجامعه الصيفية مثلها وافقت على ...</div>"
60	difaa19380811-01.1.5	11 August 1938	difaa	Page 5	"<div class=""txtsearchsnippet"">... من قرية قطعه ، فقررت تبرئته نقل سجين الى <b class=""highlightcolor"">مستشفى الحكومة</b> كانت المحكمة العسكرية بالقدس حكمت على يوصف احمد ...</div>"
61	difaa19380426-01.1.5	26 April 1938	difaa	Page 5	"<div class=""txtsearchsnippet"">... الامامي الالوان فيها الاخراج عن مزرعة. مرفية مدارس ا <b class=""highlightcolor"">حيفا</b> في ٢٥ نيسان ـ لمراسل الدفاع ا الخاص - ...</div>"
62	difaa19380809-01.1.5	9 August 1938	difaa	Page 5	"<div class=""txtsearchsnippet"">... خيراً . الوجيه عبد الحميد شومان يغادر المستشفى غادر <b class=""highlightcolor"">مستشفى الحكومة</b> الوجيه السيد عبد الحميد افندي شومان مدير البنك ...</div>"
63	difaa19400115-01.1.5	15 January 1940	difaa	Page 5	"<div class=""txtsearchsnippet"">زار ممثلو الغرف التجارية اليهودية في <b class=""highlightcolor"">حيفا</b> والقدس وتل أبيب مساعد مدير بشأن الجمارك في مجالات ...</div>"
64	difaa19471204-01.1.3	4 December 1947	difaa	Page 3	"<div class=""txtsearchsnippet"">... واصابتها القاتلة من كانت برأسها . ونقل معظمهم الى <b class=""highlightcolor"">مستشفى الحكومة</b> بيافا ما عدا حامي رشيد عبد الهادي فقد ...</div>"
65	difaa19480107-01.1.4	7 January 1948	difaa	Page 4	"<div class=""txtsearchsnippet"">... الانقاض ٣٦ ساعة وهي في حالة سليمة وادخلت الى <b class=""highlightcolor"">مستشفى الحكومة</b> للمعالجة . و نقلت جثة المرحوم الشهيد صبحي ...</div>"
66	difaa19421125-01.1.3	25 November 1942	difaa	Page 3	"<div class=""txtsearchsnippet"">... مع وقد سمعت المحكمة اقوال الدكتور سامي بشارة طبيب <b class=""highlightcolor"">مستشفى الحكومة</b> بيافا والسيد كاظم قسطنطيني من اجل تحقيق عمر ...</div>"
67	difaa19370416-01.1.3	16 April 1937	difaa	Page 3	"<div class=""txtsearchsnippet"">قدم القدس من <b class=""highlightcolor"">حيفا</b> سيادة المطران حجار وحل في بطريركية الروم الكاثوليك . ...</div>"
68	difaa19340617-01.1.5	17 June 1934	difaa	Page 5	"<div class=""txtsearchsnippet"">... اسحاق اسباكيوني في صدره اصابة نقل على اترها إلى <b class=""highlightcolor"">مستشفى الحكومة</b> ، وهناك اجريت له عملية جراحية ولكنها لم ...</div>"
69	difaa19471210-01.1.4	10 December 1947	difaa	Page 4	"<div class=""txtsearchsnippet"">... وليس عربياً . وفاة امرأة جريح وقد توفيت في <b class=""highlightcolor"">مستشفى الحكومة</b> أمس المرحومة صفية شاكر صايغ، وكانت قد اصيبت ...</div>"
70	difaa19460612-01.1.3	12 June 1946	difaa	Page 3	"<div class=""txtsearchsnippet""><b class=""highlightcolor"">حيفا</b> - اقام سعادة قنصل المملكة المصرية محيفا حفلة عشاء ...</div>"
71	difaa19460825-01.1.3	25 August 1946	difaa	Page 3	"<div class=""txtsearchsnippet"">... السلام والتعارف وتستعد الجماعة لاستقبال ضيوفها بحفاوة كبيرة . <b class=""highlightcolor"">حيفا</b> - توجه الى القدس يوم امس الاول اعضاء ادارة ...</div>"
72	difaa19380529-01.1.5	29 May 1938	difaa	Page 5	"<div class=""txtsearchsnippet"">... قرية عين كارم، ونقلت جثته من هذا المستشفى الى <b class=""highlightcolor"">مستشفى الحكومة</b> وبعد تشريحها سامت الى عائلته فنقلتها إلى القرية ...</div>"
73	difaa19380804-01.1.4	4 August 1938	difaa	Page 4	"<div class=""txtsearchsnippet"">... الى عمله بعد أن مكت مدة شهر تقريباً في <b class=""highlightcolor"">مستشفى الحكومة</b> في القدس لا جراء عملية جراحية</div>"
74	difaa19391128-01.1.5	28 November 1939	difaa	Page 5	"<div class=""txtsearchsnippet"">... ابحرت احدى البواخر التي كانت راسية فيه الى ميناء <b class=""highlightcolor"">حيفا</b> . أما الباخرتان المعدتان لشحن الحمضيات فقد ابتعدتا في ...</div>"
75	difaa19380707-01.1.4	7 July 1938	difaa	Page 4	"<div class=""txtsearchsnippet"">سراعا أعلن حاكم لواء <b class=""highlightcolor"">حيفا</b> والسامرة المستر بيلى نظام منع التجول في منطقة المدية ...</div>"
76	difaa19371024-01.1.5	24 October 1937	difaa	Page 5	"<div class=""txtsearchsnippet"">... ٢٠٣٤ ) اعلان صادر من دائرة اجراء محكمة مركزية <b class=""highlightcolor"">حيفا</b> . دوسیه ٣٠٩٨- ٣٥ الى المحكوم عليه داود عبد ...</div>"
77	difaa19471225-01.1.1	25 December 1947	difaa	Page 1	"<div class=""txtsearchsnippet"">... بالابرياء بعد عجزهم عن مواجهة العرب واعتداء منكر على <b class=""highlightcolor"">مستشفى الحكومة</b> وانفجار ٧ قنابل في <b class=""highlightcolor"">حيفا</b> - اسماء الشهداء ...</div>"
78	difaa19480129-01.1.4	29 January 1948	difaa	Page 4	"<div class=""txtsearchsnippet"">... ٢٥ سنة بجرح في مؤخرته نقل على تره إلى <b class=""highlightcolor"">مستشفى الحكومة</b> ، وعلى اثر ذلك تجددت حوادث الرصاص واستمرت ...</div>"
79	difaa19471222-01.1.4	22 December 1947	difaa	Page 4	"<div class=""txtsearchsnippet"">... نقل القتيل والجريح إلى مستشفى هدانا ومن هناك إلى <b class=""highlightcolor"">مستشفى الحكومة</b> تيافا و تمكن مركز بوليس المنشية من استرداد ...</div>"
80	difaa19480114-01.1.2	14 January 1948	difaa	Page 2	"<div class=""txtsearchsnippet"">ا مؤامرة صهيونية خطيرة التهويد <b class=""highlightcolor"">مستشفى الحكومة</b> بحيفا ل</div>"
81	difaa19380718-01.1.4	18 July 1938	difaa	Page 4	"<div class=""txtsearchsnippet"">ابو كبير ونقلوا الضحية الى <b class=""highlightcolor"">مستشفى الحكومة</b> في يافا . واعتقل على الاثر عدد كبير ...</div>"
82	difaa19380607-01.1.5	7 June 1938	difaa	Page 5	"<div class=""txtsearchsnippet"">... ٦ حزيران - لمراسل الدفاع الخاص - توفي في <b class=""highlightcolor"">مستشفى الحكومة</b> المرحوم محمود محمد سعيد الخروبي من قرية ( ...</div>"
83	difaa19360829-01.1.3	29 August 1936	difaa	Page 3	"<div class=""txtsearchsnippet"">... الرجالى حسن صدقي بك ما زال الاستاذ. الدجاني في <b class=""highlightcolor"">مستشفى الحكومة</b> بيا فاتحت عناية الاطباء وقد ارسل اليوم الى ...</div>"
84	difaa19421123-01.1.3	23 November 1942	difaa	Page 3	"<div class=""txtsearchsnippet"">... الى جمعية كارن كايمت بالقضية رقم ٤١٣٤ -٣٥ اجرا <b class=""highlightcolor"">حيفا</b> . فمن له رغبه بالشراء عليه ان يحضر امام ...</div>"
85	difaa19380130-01.1.5	30 January 1938	difaa	Page 5	"<div class=""txtsearchsnippet"">... بالاعدام لارتكابه جرم قتل المرحوم مصطفى الحوري ، من <b class=""highlightcolor"">حيفا</b> الى سجن القدس المركزي في سيارة خاصة بحراسة البوليس ...</div>"
86	difaa19471211-01.1.4	11 December 1947	difaa	Page 4	"<div class=""txtsearchsnippet"">... واصدر رئيس المصالح البيطرية اعلانا قضى فيه باعتبار قضاء <b class=""highlightcolor"">حيفا</b> منطقة موبوءة بداء الكلب . زيادة أسعار الأرز واصدر ...</div>"
87	difaa19420812-01.1.2	12 August 1942	difaa	Page 2	"<div class=""txtsearchsnippet"">... وقد تلقى هؤلاء كناً من شركة ستيل اخوان في <b class=""highlightcolor"">حيفا</b> تشير الى اهتمامها تحقيق الالة الثانية بتحقيق المسألة ومعاودة ...</div>"
88	difaa19471221-01.1.4	21 December 1947	difaa	Page 4	"<div class=""txtsearchsnippet"">... ، وكانت اصابتها في ذراعها الايسر، ونقل الجريحان الى <b class=""highlightcolor"">مستشفى الحكومة</b> بيافا. وشيعت جنازة القتيل باحتفال مهيب اشترك فيه ...</div>"
89	difaa19380712-01.1.8	12 July 1938	difaa	Page 8	"<div class=""txtsearchsnippet"">... بجراح طفيفة وكلاهما من فرقة (بلاك ووش) جراح بالغة <b class=""highlightcolor"">حيفا</b> في ١١ عموز - لمراسل الدفاع الخاص : حوالي ...</div>"
90	difaa19360917-01.1.5	17 September 1936	difaa	Page 5	"<div class=""txtsearchsnippet"">... عربات ملاءى بالجند قائمة من مصر المندوب السامي في <b class=""highlightcolor"">مستشفى الحكومة</b> زار المندوب السامي صباح اليوم الجاح البريطاني في ...</div>"
91	difaa19480401-01.1.1	1 April 1948	difaa	Page 1	"<div class=""txtsearchsnippet"">... في حادث وحشي اعتدى فيه الغادرون اليهود على قطار <b class=""highlightcolor"">حيفا</b> - القنطرة</div>"
92	difaa19480127-01.1.2	27 January 1948	difaa	Page 2	"<div class=""txtsearchsnippet"">... الألوية في مكان ما ... تمهيداً للشحن موجب الجلاء <b class=""highlightcolor"">حيفا</b> - تشاهد يومياً اعداد كبيرة من السيارات المسكرية قادمة ...</div>"
93	difaa19380707-01.1.1	7 July 1938	difaa	Page 1	"<div class=""txtsearchsnippet"">۱۱۰ إصابات فى <b class=""highlightcolor"">حيفا</b> بينها ٢٥ قتيلا عربياو ۳ یو دو ۳۸ جريحا ...</div>"
94	difaa19431123-01.1.2	23 November 1943	difaa	Page 2	"<div class=""txtsearchsnippet"">... موجتها من المتوسطة الى القصيرة ومسألة نقل الاذاعات من <b class=""highlightcolor"">حيفا</b> على امواج الاثير فقال ان نقل الاذاعات من <b class=""highlightcolor"">حيفا</b> ...</div>"
95	difaa19420116-01.1.2	16 January 1942	difaa	Page 2	"<div class=""txtsearchsnippet"">... يشمل اقضية عكاو بيسان | وصفد وطبريا . لواء <b class=""highlightcolor"">حيفا</b> : يشمل قضاء <b class=""highlightcolor"">حيفا</b> لواء السامرة : يشمل اقضية ...</div>"
96	difaa19471230-01.1.3	30 December 1947	difaa	Page 3	"<div class=""txtsearchsnippet"">... ابو رحمه بعد ان زارا العربية. القدس - غادر <b class=""highlightcolor"">مستشفى الحكومة</b> السيد عبد الله الجوده رئيس مجلس بلدية البيرة ...</div>"
97	difaa19471208-01.1.1	8 December 1947	difaa	Page 1	"<div class=""txtsearchsnippet"">... قرية صميل استمرار حرق المنازل والممتلكات بمناطق الاشتباك - <b class=""highlightcolor"">حيفا</b> تنام على أزيز الرصاص وتستيقظ على دوي القنابل - ...</div>"
98	difaa19410122-01.1.2	22 January 1941	difaa	Page 2	"<div class=""txtsearchsnippet"">جرت امام المحكمة المركزية في <b class=""highlightcolor"">حيفا</b> صباح امس محاكمة تاجر يهودي كبير بتهمة مخالفة انظمة ...</div>"
99	difaa19380324-01.1.5	24 March 1938	difaa	Page 5	"<div class=""txtsearchsnippet"">اعتقل وليس ياما شخصاً من <b class=""highlightcolor"">حيفا</b> يدعى محمد علي الخطيب وهو اخرس وعثر معه على ...</div>"
100	difaa19380526-01.1.6	26 May 1938	difaa	Page 6	"<div class=""txtsearchsnippet""><b class=""highlightcolor"">حيفا</b> في ٢٥ ايار - لمراسل الدفاع الخاص - في ...</div>"
101	difaa19350102-01.1.4	2 January 1935	difaa	Page 4	"<div class=""txtsearchsnippet"">... من عمرها على طريق نابلس فقتلتها وقد نقلت الى <b class=""highlightcolor"">مستشفى الحكومة</b> واعتقل السائق والتحقيق آخذ مجراه</div>"
102	difaa19380809-01.1.4	9 August 1938	difaa	Page 4	"<div class=""txtsearchsnippet"">... اليهودي في سيارة الى مستشفى هداها ونقل العربي الى <b class=""highlightcolor"">مستشفى الحكومة</b> في يافا . وسمع البوليس اقوال بعض المجاورين</div>"
103	difaa19371115-01.1.1	15 November 1937	difaa	Page 1	"<div class=""txtsearchsnippet"">... القدس ( وكالة ) * : تلفون ١٤١٣ في <b class=""highlightcolor"">حيفا</b></div>"
104	difaa19471209-01.1.1	9 December 1947	difaa	Page 1	"<div class=""txtsearchsnippet"">حوادث <b class=""highlightcolor"">حيفا</b> <b class=""highlightcolor"">حيفا</b> - شهدت <b class=""highlightcolor"">حيفا</b> يوم أمس معركة حامية كانت ...</div>"
105	difaa19471231-01.1.4	31 December 1947	difaa	Page 4	"<div class=""txtsearchsnippet"">... التلفونية بين الشراكة والمدينة وقد طلبت ادارة الشركة من <b class=""highlightcolor"">مستشفى الحكومة</b> اعداد اسرة كثيرة نظرا لكثرة عدد القتلى والمصابين ...</div>"
106	difaa19460925-01.1.2	25 September 1946	difaa	Page 2	"<div class=""txtsearchsnippet""><b class=""highlightcolor"">حيفا</b> - وقع حادث انفجار في محطة ) رقم ٣ ...</div>"
107	difaa19480104-01.1.4	4 January 1948	difaa	Page 4	"<div class=""txtsearchsnippet"">السيدات العربيات يعرضن خدماتهن بمستشفى <b class=""highlightcolor"">حيفا</b> بعد إضراب اليهود</div>"
108	difaa19400224-01.1.2	24 February 1940	difaa	Page 2	"<div class=""txtsearchsnippet"">سفره لمقابلة مدير الجمارك في <b class=""highlightcolor"">حيفا</b></div>"
109	difaa19470401-01.1.3	1 April 1947	difaa	Page 3	"<div class=""txtsearchsnippet"">... المصري بالقاهرة مهنئا بعيد . الجلاء من القاهرة . <b class=""highlightcolor"">حيفا</b> - عاد الى المدينة قادما من بيروت حاكم اللواء ...</div>"
110	difaa19380710-01.1.5	10 July 1938	difaa	Page 5	"<div class=""txtsearchsnippet"">... وقد اعتقله البوليص وصادر منه بندقية صيد واحضره الى <b class=""highlightcolor"">مستشفى الحكومة.</b> وقد اخذ البوليس يحقق معه في الحادث اما ...</div>"
111	difaa19480216-01.1.4	16 February 1948	difaa	Page 4	"<div class=""txtsearchsnippet"">قتال الشوارع العنيف يتناول معظم أحياء <b class=""highlightcolor"">حيفا</b> - بقية</div>"
112	difaa19480222-01.1.2	22 February 1948	difaa	Page 2	"<div class=""txtsearchsnippet"">1: <b class=""highlightcolor"">حيفا</b> - ترجو القيادة الوطنية في حينا من ا الشعب ...</div>"
113	difaa19480115-01.1.2	15 January 1948	difaa	Page 2	"<div class=""txtsearchsnippet"">... عرب وليسوا يهوداً مثل من تمرد الموظفين اليهود - <b class=""highlightcolor"">حيفا</b> - من المألوف لدى الدوائر الحكومية ان يحصل ها ...</div>"
114	difaa19480112-01.1.4	12 January 1948	difaa	Page 4	"<div class=""txtsearchsnippet""><b class=""highlightcolor"">حيفا</b> - شاهد اهالي قرية الذيب يوم الجمعة قاربا شراهيا ...</div>"
115	difaa19470922-01.1.3	22 September 1947	difaa	Page 3	"<div class=""txtsearchsnippet"">... القائم باعمال القنصلية الاردنية ، فاستقبل وودع بحفارة . <b class=""highlightcolor"">حيفا</b> - يوم دار المطرانية بحيفا وفود كثيرة للسلام على ...</div>"
116	difaa19471116-01.1.3	16 November 1947	difaa	Page 3	"<div class=""txtsearchsnippet"">... خانيونس . القدس - سافر امس الى اميركا بطريق <b class=""highlightcolor"">حيفا</b> السيد شفيق منصور ، سكرتير دائرة الاحداث في جمعية ...</div>"
117	difaa19380519-01.1.8	19 May 1938	difaa	Page 8	"<div class=""txtsearchsnippet"">... المستشفى الله نسى فى بيت لحم ثم نقل الى <b class=""highlightcolor"">مستشفى الحكومة</b> في القدس تتبع الاثر وفي صباح اليوم الباكر ...</div>"
118	difaa19371026-01.1.5	26 October 1937	difaa	Page 5	"<div class=""txtsearchsnippet"">... وقد اجاب الحرس العسكري بالمثل ولم يحدث ضرر . <b class=""highlightcolor"">حيفا</b> - في الساعة السابعة والنصف من مساء ٢٤ الجاري ...</div>"
119	difaa19380715-01.1.8	15 July 1938	difaa	Page 8	"<div class=""txtsearchsnippet"">... البريد نحت حراسة الجند واصاح را الخطوط عن طريق <b class=""highlightcolor"">حيفا</b> و بعد ظهر اليوم عاد المجهولون وقطعوا جميع الخطوط ...</div>"
120	difaa19400309-01.1.3	9 March 1940	difaa	Page 3	"<div class=""txtsearchsnippet"">رسالة <b class=""highlightcolor"">حيفا</b> التلفونية</div>"
121	difaa19470330-01.1.4	30 March 1947	difaa	Page 4	"<div class=""txtsearchsnippet"">... والقائد وقع خلال عطلة الدفاع » حادث ارهابي في <b class=""highlightcolor"">حيفا</b> فيها بلي تفاصيله : دخلت الى منطقة خليج مكا ...</div>"
122	difaa19480111-01.1.1	11 January 1948	difaa	Page 1	"<div class=""txtsearchsnippet"">... أمس ادخل السيد محمد الوز وعمره ٢٣ ماما الى <b class=""highlightcolor"">مستشفى الحكومة</b> بالقدس مصابا بجراح بالغة من رصاصة أصيب بها ...</div>"
123	difaa19450712-01.1.3	12 July 1945	difaa	Page 3	"<div class=""txtsearchsnippet""><b class=""highlightcolor"">حيفا</b> - وصل <b class=""highlightcolor"">حيفا</b> معالي حافظ عفيفي باشا وحل في ...</div>"
124	difaa19470429-01.1.3	29 April 1947	difaa	Page 3	"<div class=""txtsearchsnippet"">... مثل ما استقبلا به من حفاوة . اكليل مبارك <b class=""highlightcolor"">حيفا</b> - احتفل في الساعة الرابعة من بعد ظهر يوم ...</div>"
125	difaa19470416-01.1.4	16 April 1947	difaa	Page 4	"<div class=""txtsearchsnippet"">... الغداء ماد الوفد مشيعاً بالاحترام . اجتماع النجادة في <b class=""highlightcolor"">حيفا</b> تدعو منظمة النجادة جميع ضباط الفرق والقادة الى اجتماع ...</div>"
126	difaa19370318-01.1.1	18 March 1937	difaa	Page 1	"<div class=""txtsearchsnippet"">... في القدس ( وكالة ) * تلفون ١٤١٣ في <b class=""highlightcolor"">حيفا</b></div>"
127	difaa19480225-01.1.4	25 February 1948	difaa	Page 4	"<div class=""txtsearchsnippet"">... عرب الكوز بجرح بسيط في رجله و نقل إلى <b class=""highlightcolor"">مستشفى الحكومة</b> بالرملة . الاتربص السيارة والاعتداء عليها وترص عدد ...</div>"
128	difaa19380412-01.1.1	12 April 1938	difaa	Page 1	"<div class=""txtsearchsnippet"">وصول قطار <b class=""highlightcolor"">حيفا</b> في ١١ نيسان - لمراسل الدفاع الخاص - حوالى ...</div>"
129	difaa19471127-01.1.2	27 November 1947	difaa	Page 2	"<div class=""txtsearchsnippet"">الى ميناء <b class=""highlightcolor"">حيفا</b> يوم الاحد القادم ٣٠ الجاري اسمها فورينو لشحن ١٣ ...</div>"
130	difaa19460201-01.1.2	1 February 1946	difaa	Page 2	"<div class=""txtsearchsnippet"">تأليف هيئة عليا الاندية والجمعيات في <b class=""highlightcolor"">حيفا</b> لتنظيمها</div>"
131	difaa19360713-01.1.5	13 July 1936	difaa	Page 5	"<div class=""txtsearchsnippet"">... ثلة من الجند البريطاني عند مفترق طريق عكا - <b class=""highlightcolor"">حيفا</b> بقيادة الجاويش كامب حوالى الساعة التاسعة من المساء، تزاول ...</div>"
132	difaa19360505-01.1.5	5 May 1936	difaa	Page 5	"<div class=""txtsearchsnippet"">جاءتنا صورة البرقية التي طيرها طلاب مدرسة الكاثوليك في <b class=""highlightcolor"">حيفا</b> الى المندوب السامي . وهي: نشارك الامة في اضرابها ...</div>"
133	difaa19380531-01.1.5	31 May 1938	difaa	Page 5	"<div class=""txtsearchsnippet"">... . وقد استحضر اليوم خمسة من شبان اليهود الى <b class=""highlightcolor"">مستشفى الحكومة</b> لتشخيصهم من قبل احد المعتدى عليهم السيد صالح ...</div>"
134	difaa19380704-01.1.5	4 July 1938	difaa	Page 5	"<div class=""txtsearchsnippet"">... - وتستمر هذه العطلة ستة أسابيع . القنبلة يغادر <b class=""highlightcolor"">مستشفى الحكومة</b> جريح غادر <b class=""highlightcolor"">مستشفى الحكومة</b> الشيخ احمد بطان الذي ...</div>"
135	difaa19430806-01.1.3	6 August 1943	difaa	Page 3	"<div class=""txtsearchsnippet"">قبول التلامذة لمدرسة <b class=""highlightcolor"">حيفا</b> الصناعية عقد اليوم اجتماع في المدرسة الرشيدية الاميرية حضره ...</div>"
136	difaa19430621-01.1.2	21 June 1943	difaa	Page 2	"<div class=""txtsearchsnippet"">... السمسم الممتاز والمواد النقية استيراد محلات قسطندي بجالي - <b class=""highlightcolor"">حيفا</b> ، فلسطين</div>"
137	difaa19460127-01.1.3	27 January 1946	difaa	Page 3	"<div class=""txtsearchsnippet"">... في ٧ جنايات و ١٠ جنح . توفي في <b class=""highlightcolor"">مستشفى الحكومة</b> الامراض السارية على طريق ملبس محمد حسن حجازي ...</div>"
138	difaa19371223-01.1.5	23 December 1937	difaa	Page 5	"<div class=""txtsearchsnippet"">من دائرة اجراء <b class=""highlightcolor"">حيفا</b> حقوق ۱۹۷۱ سنة ٣٧ الى جورج فار كولا مجهول ...</div>"
139	difaa19480111-01.1.4	11 January 1948	difaa	Page 4	"<div class=""txtsearchsnippet"">... . جثة يهودي مجهول الهوية وتضمنت البيانات الصحفية عن <b class=""highlightcolor"">حيفا</b> النبأين التاليين : في الساعة السابعة والنصف من صباح ...</div>"
140	difaa19460311-01.1.3	11 March 1946	difaa	Page 3	"<div class=""txtsearchsnippet"">... بكل احترام - رقي السيد كاظم قسنطيني للموظف في <b class=""highlightcolor"">مستشفى الحكومة</b> بيانا من درجة N» الى M» وبذلك صار ...</div>"
141	difaa19370620-01.1.3	20 June 1937	difaa	Page 3	"<div class=""txtsearchsnippet"">صادر من دائرة اجراء <b class=""highlightcolor"">حيفا</b> . لبيع اموال محجوزة غير منقولة بالدوسيه رقم ٣٢٦٦ ...</div>"
142	difaa19370617-01.1.3	17 June 1937	difaa	Page 3	"<div class=""txtsearchsnippet"">... وادى حنين ، ويقوم البوليس ا باجراء التحقيق خط <b class=""highlightcolor"">حيفا</b> - يافا ا . تقول دافاران المندوب السامي ا ...</div>"
143	difaa19370926-01.1.3	26 September 1937	difaa	Page 3	"<div class=""txtsearchsnippet"">جاءنا من جمعية الاخاء المصرية في <b class=""highlightcolor"">حيفا</b> نص القرار الذي اتخذته الجالية المصرية والمجتمعة بكامل هيئتها ...</div>"
144	difaa19391004-01.1.5	4 October 1939	difaa	Page 5	"<div class=""txtsearchsnippet"">أختفى أربعة من باخرة هولندية كانت راسية في ميناء <b class=""highlightcolor"">حيفا</b> ويتولى البوليس البحث عنهم . أما أسماء البحارة فهي ...</div>"
145	difaa19430101-01.1.3	1 January 1943	difaa	Page 3	"<div class=""txtsearchsnippet"">... منحرف الصحة وهو عند نجله الدكتور سامي بشارة طبيب <b class=""highlightcolor"">مستشفى الحكومة</b> بيافا ويقوم مقامه هنا بالنيابة السيد نجيب البنا. ...</div>"
146	difaa19400403-01.1.3	3 April 1940	difaa	Page 3	"<div class=""txtsearchsnippet"">توفي الشاب المرحوم السيد عبد الرحمن حسن الخضرا في <b class=""highlightcolor"">مستشفى الحكومة</b> بحيفا بتاريخ ٢٣ الماضى على اثر حمى الزمنه ...</div>"
147	difaa19380225-01.1.4	25 February 1938	difaa	Page 4	"<div class=""txtsearchsnippet"">... افندي فانوس ، الرئيس السابق للنادي، بمناسبة نقله الى <b class=""highlightcolor"">حيفا</b> ، وذلك في قاعة النادي في الساعة الساعة | ...</div>"
148	difaa19460927-01.1.3	27 September 1946	difaa	Page 3	"<div class=""txtsearchsnippet""><b class=""highlightcolor"">حيفا</b> - رست في ميناء <b class=""highlightcolor"">حيفا</b> الباخرة التركية «اكوا» وعلى ...</div>"
149	difaa19470105-01.1.2	5 January 1947	difaa	Page 2	"<div class=""txtsearchsnippet"">وصول يخت رئيس الجمهورية التركية الى <b class=""highlightcolor"">حيفا</b> امس</div>"
150	difaa19470725-01.1.2	25 July 1947	difaa	Page 2	"<div class=""txtsearchsnippet"">... يقوم عدد كبير من عمال دائرة الاشغال العالمة بتوسيع <b class=""highlightcolor"">مستشفى الحكومة</b> في القدس، وضم العمارة التي كانت تشغلها مكاتب ...</div>"
151	difaa19440327-01.1.3	27 March 1944	difaa	Page 3	"<div class=""txtsearchsnippet"">... نتمنى اله النجاح دخل امس الوجية السيد حسنى خيال <b class=""highlightcolor"">مستشفى الحكومة</b> بغزه حيث اجرى له الدكتور حجار طبيب <b class=""highlightcolor"">مستشفى ...</b></div>"
152	difaa19480118-01.1.4	18 January 1948	difaa	Page 4	"<div class=""txtsearchsnippet"">... مدافع برنوستن والبنادق، وقد نقل الجرحى . العزب الى <b class=""highlightcolor"">مستشفى الحكومة</b> في بئر السبع - من مندوب « الدفاع ...</div>"
153	difaa19451216-01.1.3	16 December 1945	difaa	Page 3	"<div class=""txtsearchsnippet"">... العلمي ورجالي الحسيني القدس وسيصلان اليوم - الأحد - <b class=""highlightcolor"">حيفا</b> - وردت برقية من سيادة المطران جاورجيوس حكيم تفيد ...</div>"
154	difaa19431124-01.1.2	24 November 1943	difaa	Page 2	"<div class=""txtsearchsnippet"">... الدولية في مؤتمر اندية هذه النقطة الذي عقد في <b class=""highlightcolor"">حيفا</b> مؤخراً وقد تحدث عن الدور الذي تلعبه الروتاري الدولية ...</div>"
155	difaa19470418-01.1.4	18 April 1947	difaa	Page 4	"<div class=""txtsearchsnippet"">في <b class=""highlightcolor"">حيفا</b> وتل أبيب صدر البيان الصحفى التالي : اعلن انتهاء ...</div>"
156	difaa19380804-01.1.5	4 August 1938	difaa	Page 5	"<div class=""txtsearchsnippet"">لمنكوبي <b class=""highlightcolor"">حيفا</b></div>"
157	difaa19361012-01.1.5	12 October 1936	difaa	Page 5	"<div class=""txtsearchsnippet""><b class=""highlightcolor"">حيفا</b> - أطلقت السلطة اول امس ٢٥ سجيناً من لوبيا ...</div>"
158	difaa19350726-01.1.7	26 July 1935	difaa	Page 7	"<div class=""txtsearchsnippet"">... مرشد احمد ندوقه المتهم بضرب وجرح الطحان الموجود في <b class=""highlightcolor"">مستشفى الحكومة</b> فقرر تأجيل القضية الى تاريخ ۲۷ تموز الجاري ...</div>"
159	difaa19471228-01.1.1	28 December 1947	difaa	Page 1	"<div class=""txtsearchsnippet"">حوادث <b class=""highlightcolor"">حيفا</b> <b class=""highlightcolor"">حيفا</b> - امتاز يوم امس بكثرة الضحايا وعدد الذين ...</div>"
160	difaa19430727-01.1.2	27 July 1943	difaa	Page 2	"<div class=""txtsearchsnippet"">... مؤتمر جمعيات العمال عقدت جمعيات العمال العربية مؤتمرها في <b class=""highlightcolor"">حيفا،</b> وذكرنا فى «الدفاع» ، والمطابع امس تفصيلات وافية عناه ...</div>"
161	difaa19470814-01.1.1	14 August 1947	difaa	Page 1	"<div class=""txtsearchsnippet"">... حضرت قوات من البوليس الى مكان الحادث ونقلته الى <b class=""highlightcolor"">مستشفى الحكومة</b> بيافا. وتمكن شقيقه من الفرار .</div>"
162	difaa19460620-01.1.2	20 June 1946	difaa	Page 2	"<div class=""txtsearchsnippet"">الاضرار التي اصابت ورش سكك الحديد في <b class=""highlightcolor"">حيفا</b></div>"
163	difaa19480101-01.1.2	1 January 1948	difaa	Page 2	"<div class=""txtsearchsnippet"">... والكبيرة ساحة المسكوبية باستثناء سيارات الإسعاف ونقل الجرحى الى <b class=""highlightcolor"">مستشفى الحكومة</b> . وقد اجتمع المسجل الاعلى بقاضي القضاة وابلغه ...</div>"
164	difaa19401213-01.1.2	13 December 1940	difaa	Page 2	"<div class=""txtsearchsnippet"">... الباخرة «باتريا » جلسة في صباح هذا اليوم في <b class=""highlightcolor"">حيفا</b> . وقد صممت شهادات</div>"
165	difaa19480101-01.1.4	1 January 1948	difaa	Page 4	"<div class=""txtsearchsnippet""><b class=""highlightcolor"">حيفا</b> - توقف جميع الموظفين والعمال العرب الذين يعاون في ...</div>"
166	difaa19480210-01.1.2	10 February 1948	difaa	Page 2	"<div class=""txtsearchsnippet"">الاطباء العرب بمستشفى <b class=""highlightcolor"">حيفا</b> يهددون بالاضراب</div>"
167	difaa19480226-01.1.4	26 February 1948	difaa	Page 4	"<div class=""txtsearchsnippet"">... المياه التي تعطلت بسبب الانفجار ، كما احضرت الى <b class=""highlightcolor"">مستشفى الحكومة</b> جنة رجل عربي قتيل لم تعرف هويته بعد ...</div>"
168	difaa19380802-01.1.5	2 August 1938	difaa	Page 5	"<div class=""txtsearchsnippet"">تلفت لجنة اسعاف محفل الكرمل في <b class=""highlightcolor"">حيفا</b> حوالة بمبلغ خمسة جنيهات أرسلها الشاب الاديب السيد عونى ...</div>"
169	difaa19380722-01.1.5	22 July 1938	difaa	Page 5	"<div class=""txtsearchsnippet"">رسالة <b class=""highlightcolor"">حيفا</b> التلفونية</div>"
170	difaa19380614-01.1.5	14 June 1938	difaa	Page 5	"<div class=""txtsearchsnippet"">... قيلت عن نقل مصب انابيب البترول العراقي من ميناء <b class=""highlightcolor"">حيفا</b> الى ميناء طرابلس فقالت ان نبأ كهذا بعيد التصديق ...</div>"
171	difaa19370602-01.1.4	2 June 1937	difaa	Page 4	"<div class=""txtsearchsnippet"">جاءنا بتوقيع « عربي ووطنى متألم» من <b class=""highlightcolor"">حيفا</b> كلمة وجهها الى الامة العربية في فلسطين والى سكان ...</div>"
172	difaa19480108-01.1.4	8 January 1948	difaa	Page 4	"<div class=""txtsearchsnippet""><b class=""highlightcolor"">حيفا</b> - وقع مساء امس حادث غريب بين احدى سيارات ...</div>"
173	difaa19400927-01.1.3	27 September 1940	difaa	Page 3	"<div class=""txtsearchsnippet"">... الزواج والاطلاق والانفقة الشرعية | والوراثة . انشئت في <b class=""highlightcolor"">حيفا</b> ونابلس عمارات جديدة للمحاكم ، وادخلت الاصلاحات اللازمة على ...</div>"
174	difaa19381208-01.1.5	8 December 1938	difaa	Page 5	"<div class=""txtsearchsnippet"">... حكم صدق القائد العام على الحكم الذي اصدرته محكمة <b class=""highlightcolor"">حيفا</b> العسكرية ضد سليمان الهندي من عرب التركمان الا انة ...</div>"
175	difaa19370614-01.1.3	14 June 1937	difaa	Page 3	"<div class=""txtsearchsnippet"">السفر كل يوم من <b class=""highlightcolor"">حيفا</b> ويافا وتل أبيب والقدس الى بور سعيد والقاهرة والاسكندرية. ...</div>"
176	difaa19460922-01.1.2	22 September 1946	difaa	Page 2	"<div class=""txtsearchsnippet"">حادث <b class=""highlightcolor"">حيفا</b> الارهابي جرجی . حية- اسعف في <b class=""highlightcolor"">مستشفى الحكومة</b> محينا ...</div>"
177	difaa19370309-01.1.4	9 March 1937	difaa	Page 4	"<div class=""txtsearchsnippet""><b class=""highlightcolor"">حيفا</b></div>"
178	difaa19380505-01.1.1	5 May 1938	difaa	Page 1	"<div class=""txtsearchsnippet"">قتل شخص <b class=""highlightcolor"">حيفا</b> في ٤ ايار - لمراسل الدفاع - الخاص- في ...</div>"
179	difaa19400217-01.1.2	17 February 1940	difaa	Page 2	"<div class=""txtsearchsnippet"">اصدرت المحكمة العسكرية في <b class=""highlightcolor"">حيفا</b> قرارها امس في القضية المرفوعة على حاييم ليتونر المتهم ...</div>"
180	difaa19450215-01.1.3	15 February 1945	difaa	Page 3	"<div class=""txtsearchsnippet"">... على أصحاب الفضيلة اعضائه وكبار موظفي المجلس والاوقاف العامة <b class=""highlightcolor"">حيفا</b> - مر بحيفا امس المستر فول مدير المعارف العام ...</div>"
181	difaa19471229-01.1.1	29 December 1947	difaa	Page 1	"<div class=""txtsearchsnippet"">... بطنة بشظية القنبلة وجراحه خطرة نقل على اثرها الى <b class=""highlightcolor"">مستشفى الحكومة</b> بيافا ۲۰ - محمد خليل البلبيسي وعمره ۱۸ ...</div>"
182	difaa19471223-01.1.4	23 December 1947	difaa	Page 4	"<div class=""txtsearchsnippet"">وصول مرهاجر بن عرب من جزر الخالدات الى <b class=""highlightcolor"">حيفا</b></div>"
183	difaa19480116-01.1.4	16 January 1948	difaa	Page 4	"<div class=""txtsearchsnippet"">... كان الباص العربي رقم ٤ ذاهباً من مكا الى <b class=""highlightcolor"">حيفا</b> حوالي العاشرة والنصف من صباح امس ، وعند وصوله ...</div>"
184	difaa19480121-01.1.4	21 January 1948	difaa	Page 4	"<div class=""txtsearchsnippet"">... اجرامية بسيارة عربية قرب رأس العين. وقد نقل الى <b class=""highlightcolor"">مستشفى الحكومة</b> بيافا للمعالجة .</div>"
185	difaa19470424-01.1.4	24 April 1947	difaa	Page 4	"<div class=""txtsearchsnippet"">يافا - نقل من <b class=""highlightcolor"">مستشفى الحكومة</b> بيافا امس الارهابي اليهودي باروخ دوفر ميداك الذي ...</div>"
186	difaa19460301-01.1.2	1 March 1946	difaa	Page 2	"<div class=""txtsearchsnippet"">ارسل فرع الهستدروت في <b class=""highlightcolor"">حيفا</b> بيانا إلى جيم للصانع اليهودية الواقعة في منطقة الخلج ...</div>"
187	difaa19460214-01.1.2	14 February 1946	difaa	Page 2	"<div class=""txtsearchsnippet"">نص قرار حاكم صلح <b class=""highlightcolor"">حيفا</b> بتبرئة قبطان الباخرة المهربة</div>"
188	difaa19470209-01.1.3	9 February 1947	difaa	Page 3	"<div class=""txtsearchsnippet"">... ان نعرف عن امراض القلب والدعوة لسماعها عامة . <b class=""highlightcolor"">حيفا</b> - يصل المدينة اليوم القنصل العام للجمهورية اللبنانية للاشتراك ...</div>"
189	difaa19470718-01.1.4	18 July 1947	difaa	Page 4	"<div class=""txtsearchsnippet"">ترتيبات العمل بميناء <b class=""highlightcolor"">حيفا</b> شكوى العمال ومطالبتهم بالنظام القديم <b class=""highlightcolor"">حيفا</b> ـ يتذمر الجمهور ...</div>"
190	difaa19471216-01.1.2	16 December 1947	difaa	Page 2	"<div class=""txtsearchsnippet"">... اتصل بالمجتمعين تلفونيا السيد انيس نصر رئيس غرفة تجارة <b class=""highlightcolor"">حيفا</b> كما ابرق فضيلة الشيخ عبد الله القيشاوى رئيس غرفة ...</div>"
191	difaa19470421-01.1.2	21 April 1947	difaa	Page 2	"<div class=""txtsearchsnippet"">... الحفلة في الساعة الثامنة والنصف سرية طلائع الوحدة العربية <b class=""highlightcolor"">حيفا</b> - تشكات في سرية طلائع الوحدة العربية الكشفية التابعة ...</div>"
192	difaa19470626-01.1.3	26 June 1947	difaa	Page 3	"<div class=""txtsearchsnippet"">... بطولكرم بدعوة من المجلس البريطاني موضوعها ( الاثار الاسلامية <b class=""highlightcolor"">حيفا</b> - وصل المدينة صباح امس رئيس للمسجلين وقام بجولة ...</div>"
193	difaa19471001-01.1.3	1 October 1947	difaa	Page 3	"<div class=""txtsearchsnippet"">... انتشار وباء الكوليرا في مصر . * توفي في <b class=""highlightcolor"">مستشفى الحكومة</b> بيانا محمد احمد بدوي وحمره ٢٥ سنة ، ...</div>"
194	difaa19470923-01.1.3	23 September 1947	difaa	Page 3	"<div class=""txtsearchsnippet"">... الماضي بعقد قران الشاب الدكتور اسماعيل بك النابلسي طبيب <b class=""highlightcolor"">مستشفى الحكومة</b> في أريد على الآنسة المهذبة كريمة الدكتور عمر ...</div>"
195	difaa19440113-01.1.2	13 January 1944	difaa	Page 2	"<div class=""txtsearchsnippet"">بلدية <b class=""highlightcolor"">حيفا</b> والضرائب .. تقول جريدة هاآرتس في عددها ان بلدية ...</div>"
196	difaa19431222-01.1.2	22 December 1943	difaa	Page 2	"<div class=""txtsearchsnippet"">... قريبا حمضيات من فلسطين و ان الشحنة الأولى ستغادر <b class=""highlightcolor"">حيفا</b> بعد ايام قليلة ثم تأتي بعدها شحنات اخرى وقبل ...</div>"
197	difaa19471228-01.1.4	28 December 1947	difaa	Page 4	"<div class=""txtsearchsnippet"">المؤتمر الصحفي الاسبوعى للجنة القومية في <b class=""highlightcolor"">حيفا</b> نشاط تدريب المتطوعين بالاقطار العربية والعمل لانقاذ فلسطين</div>"
198	difaa19380711-01.1.1	11 July 1938	difaa	Page 1	"<div class=""txtsearchsnippet"">٣٦ اصابة قتل وجرح فى <b class=""highlightcolor"">حيفا</b> وطبريا والقدس</div>"
199	difaa19340710-01.1.5	10 July 1934	difaa	Page 5	"<div class=""txtsearchsnippet"">... مرض ألم بصحة فضيلة الاستاذ المظفر نقل اليوم الى <b class=""highlightcolor"">مستشفى الحكومة</b> ، وقد قابله اليوم وكيله الاستاذ فائز بك ...</div>"
200	difaa19360114-01.1.4	14 January 1936	difaa	Page 4	"<div class=""txtsearchsnippet"">جمعية الشبان في <b class=""highlightcolor"">حيفا</b></div>"
201	difaa19381207-01.1.4	7 December 1938	difaa	Page 4	"<div class=""txtsearchsnippet"">... يعثر على اي جريح فيها في الساعة الخامسة - <b class=""highlightcolor"">حيفا</b> والنصف من مساء امس اطلقت العيارات</div>"
202	difaa19370428-01.1.3	28 April 1937	difaa	Page 3	"<div class=""txtsearchsnippet"">... هذا الاسبوع سيعقد مهندسو جميع بلديات فلسطين اجتماعاً في <b class=""highlightcolor"">حيفا،</b> وسيستمر انعقاد هذا الاجتماع بضعة ايام ، ويزور هؤلاء ...</div>"
203	difaa19350908-01.1.4	8 September 1935	difaa	Page 4	"<div class=""txtsearchsnippet"">... اللبابيدي - خبر نقله من مدرسة يافا الى مدرسة <b class=""highlightcolor"">حيفا</b> الثانوية وقد اخذ امس واليوم يطوف على اصدقائه مودعا ...</div>"
204	difaa19380414-01.1.4	14 April 1938	difaa	Page 4	"<div class=""txtsearchsnippet"">تأت تفاصيل عن هذا الحادث حتى الان عبارات نارية <b class=""highlightcolor"">حيفا</b> في ١٣ نيسان - لمراسل الدفاع الخاص ـ حوالي ...</div>"
205	difaa19380729-01.1.8	29 July 1938	difaa	Page 8	"<div class=""txtsearchsnippet"">... ظهر هذا اليوم لغم تحت سيارة يهودية على طريق <b class=""highlightcolor"">حيفا</b> - يافا امام نقطة يوليس بيت ليد، فأصيبت السيارة ...</div>"
206	difaa19350127-01.1.5	27 January 1935	difaa	Page 5	"<div class=""txtsearchsnippet"">ك <b class=""highlightcolor"">حيفا</b> في جمر تستوجب قال مراسلنا في <b class=""highlightcolor"">حيفا</b> : كثرة ...</div>"
207	difaa19370905-01.1.3	5 September 1937	difaa	Page 3	"<div class=""txtsearchsnippet"">... ارجاعهم لوظة تفهم السابقة مدير المباحث الجنائية يذهب الى <b class=""highlightcolor"">حيفا</b> سافر صباح هذا اليوم الى <b class=""highlightcolor"">حيفا</b> مدير المباحث الجنائية ...</div>"
208	difaa19360831-01.1.3	31 August 1936	difaa	Page 3	"<div class=""txtsearchsnippet"">... م و قميل السفر . الوزير يستقل طائرة الى <b class=""highlightcolor"">حيفا</b> س في الساعة الثانية عشرة والنصف ظهراً ذهب فخامة ...</div>"
209	difaa19450711-01.1.3	11 July 1945	difaa	Page 3	"<div class=""txtsearchsnippet"">... بور مضان وآل مهنا بالمسمية الكبيرة مادب تكريمية . <b class=""highlightcolor"">حيفا</b> - عرف ان الدكتور ابراهيم اتيم سيحل مكان الدكتور ...</div>"
210	difaa19380626-01.1.6	26 June 1938	difaa	Page 6	"<div class=""txtsearchsnippet"">... الى اراضي قرى باوباس وطمون ، وعقربة، وتياسير بلدية <b class=""highlightcolor"">حيفا</b> من في خلال العام ، انت بلدية حية و ...</div>"
211	difaa19400621-01.1.4	21 June 1940	difaa	Page 4	"<div class=""txtsearchsnippet"">... وكسراً في رجلها ، وقد نقلت على الأثر الى <b class=""highlightcolor"">مستشفى الحكومة</b> بيانا وشرع مركز بوليس هاتكفا يحقق في الحادث ...</div>"
212	difaa19451128-01.1.3	28 November 1945	difaa	Page 3	"<div class=""txtsearchsnippet"">... أمس الثلاثاء المستر والش القدس مراقب المواد الغذائية من <b class=""highlightcolor"">حيفا</b> بعد ان ودع زوجته وكريمته اللتين سافر تا الى ...</div>"
213	difaa19451016-01.1.3	16 October 1945	difaa	Page 3	"<div class=""txtsearchsnippet""><b class=""highlightcolor"">حيفا</b> - يصل <b class=""highlightcolor"">حيفا</b> صباح اليوم قادما من - بيروت ...</div>"
214	difaa19471007-01.1.3	7 October 1947	difaa	Page 3	"<div class=""txtsearchsnippet"">... يتيم رئيس اطباء اللواء بالوكالة، الدكتور شفيق حداد طبيب <b class=""highlightcolor"">مستشفى الحكومة</b> ، الدكتور طرقان ، وقضاة المركزية وحكام الصلح ...</div>"
215	difaa19421112-01.1.3	12 November 1942	difaa	Page 3	"<div class=""txtsearchsnippet"">... المبارك والصخرة المشرفة عن روحها . برقية ممثلي قرى <b class=""highlightcolor"">حيفا</b> حول السكر وردت على مكتب هذه الجريدة برقية من ...</div>"
216	difaa19420410-01.1.3	10 April 1942	difaa	Page 3	"<div class=""txtsearchsnippet"">توفي في <b class=""highlightcolor"">مستشفى الحكومة</b> بيافا السيد كامل الحاج قاسم جاويش كز بوليس ...</div>"
217	difaa19361007-01.1.5	7 October 1936	difaa	Page 5	"<div class=""txtsearchsnippet"">... بتخريبهم خط انابيب بترول العراق ورد أن الحالة في <b class=""highlightcolor"">حيفا</b> و نا بلس هادئة اللواء الجنوبي لقد حصل عطل ...</div>"
218	difaa19380808-01.1.5	8 August 1938	difaa	Page 5	"<div class=""txtsearchsnippet"">... التحاليل الكيماوي القدس بوليس اصيب بجراح يغادر المستشفى غاند <b class=""highlightcolor"">مستشفى الحكومة</b> البوليس الذي اصيب بجراح على اثر الطلاق النار ...</div>"
219	difaa19380725-01.1.5	25 July 1938	difaa	Page 5	"<div class=""txtsearchsnippet"">... الاستاذ امين درويش جريح من قنبلة يتماثل للشفاء غادر <b class=""highlightcolor"">مستشفى الحكومة</b> بعد ظهر اليوم جرح آخر من جرحى قنبلة ...</div>"
220	difaa19361123-01.1.5	23 November 1936	difaa	Page 5	"<div class=""txtsearchsnippet""><b class=""highlightcolor"">حيفا</b> ـ شكا البنا السيد ابراهيم عارف بك أنه ينما ...</div>"
221	difaa19470325-01.1.3	25 March 1947	difaa	Page 3	"<div class=""txtsearchsnippet"">... اليوم في قاعة النادي الأرثوذكسي موضوعها «الوطنية والدين » <b class=""highlightcolor"">حيفا</b> - غادر المدينة الى القدس المحامي السيد عوني عبد ...</div>"
222	difaa19480302-01.1.2	2 March 1948	difaa	Page 2	"<div class=""txtsearchsnippet"">... لحساب الوزارة ايضاً و تشحن الباخرة لهولم الراسية بميناء <b class=""highlightcolor"">حيفا</b> ۳۰ الف صندوق الى تشكو سلوفاكيا .</div>"
223	difaa19380731-01.1.1	31 July 1938	difaa	Page 1	"<div class=""txtsearchsnippet"">... نعود الى تسليح اليهود . فهذه الشواطيء الممتدة من <b class=""highlightcolor"">حيفا</b> الى تل ابيب كفيلة بتهريب أفظع الشحنات . وهذا ...</div>"
224	difaa19450620-01.1.3	20 June 1945	difaa	Page 3	"<div class=""txtsearchsnippet"">... موسيقية في النادي اليوناني بالقدس وسيحضرها موظفو الدوائر الاخرى <b class=""highlightcolor"">حيفا</b> - تسير صحة السيد رشيد الحاج ابراهيم نحو التحسن ...</div>"
225	difaa19380403-01.1.4	3 April 1938	difaa	Page 4	"<div class=""txtsearchsnippet"">... والمفهوم حتى تقبض على أحد على ٣ مستعمرات ) <b class=""highlightcolor"">حيفا</b> في ٢ نيسان- لمراسل الدفاع الخاص - في السادسة ...</div>"
226	difaa19420519-01.1.3	19 May 1942	difaa	Page 3	"<div class=""txtsearchsnippet"">بيع اموال غير منقولة دى محكمة مركزية <b class=""highlightcolor"">حيفا</b> في القضية الإجرائية رقم ٢٠-٤١- يعلن بهذا بان الملك ...</div>"
227	difaa19440410-01.1.3	10 April 1944	difaa	Page 3	"<div class=""txtsearchsnippet"">شکوی زراع - جولة على مدارس القضاء <b class=""highlightcolor"">حيفا</b> في 9 نيسان - لمراسل الدفاع الخاص - قابل ...</div>"
228	difaa19380727-01.1.8	27 July 1938	difaa	Page 8	"<div class=""txtsearchsnippet"">... اما الجرحى فقد عرفنا منهم السادة طانيوس جريس من <b class=""highlightcolor"">حيفا""</b> . عقل سليمان سليم من شفاعمرو . ابراهيم محمد ...</div>"
229	difaa19411114-01.1.3	14 November 1941	difaa	Page 3	"<div class=""txtsearchsnippet"">... تستصوب اصداره . مسجل محكمة مركزية نابلس اعلان بلدية <b class=""highlightcolor"">حيفا</b> بموجب قانون بيع المسكرات العام ١٩٣٥ جئت معلناً عن ...</div>"
230	difaa19430305-01.1.3	5 March 1943	difaa	Page 3	"<div class=""txtsearchsnippet"">... وقد غادرت البعثة المدينة قبل ظهر اليوم الى ا <b class=""highlightcolor"">حيفا</b> عن طريق نابلس ومن هناك تسافر الى بيروت في ...</div>"
231	difaa19460407-01.1.2	7 April 1946	difaa	Page 2	"<div class=""txtsearchsnippet""><b class=""highlightcolor"">حيفا</b> للاستثمار المدني، واتخذ المقررات اللازمة للحيلولة دون تأخير قطارات ...</div>"
232	difaa19470606-01.1.2	6 June 1947	difaa	Page 2	"<div class=""txtsearchsnippet""><b class=""highlightcolor"">حيفا</b> - دعا صباح امس - الخميس - مساعد ا ...</div>"
233	difaa19460627-01.1.3	27 June 1946	difaa	Page 3	"<div class=""txtsearchsnippet"">... ۲۲ الجاري باطلاق الرصاص عليه من مسدس مات في <b class=""highlightcolor"">مستشفى الحكومة</b> بيافا ابراهيم على سعيد من عرب ابو كشك ...</div>"
234	difaa19480101-01.1.1	1 January 1948	difaa	Page 1	"<div class=""txtsearchsnippet"">... الباركليس بالناصرة ومهاجمة مستعرة بالجنوب وانفجارات بيافا الحالة في <b class=""highlightcolor"">حيفا</b> وقنبلة على باص جودي واحراق ٦ منازل عربية - ...</div>"
235	difaa19470618-01.1.4	18 June 1947	difaa	Page 4	"<div class=""txtsearchsnippet"">... قضيب حديدي على رأسه نقل على اثرها الى . <b class=""highlightcolor"">مستشفى الحكومة</b> بالقدس وتوفي امس واعتقل بعد وقوع الحادث محمود ...</div>"
236	difaa19380429-01.1.5	29 April 1938	difaa	Page 5	"<div class=""txtsearchsnippet"">انا الموقع ادناه ، محمد عقل، من طيرة <b class=""highlightcolor"">حيفا</b> ، كنت اعمل سابقاً ناطور الشلالة الكرمل ، وانني ...</div>"
237	difaa19370831-01.1.2	31 August 1937	difaa	Page 2	"<div class=""txtsearchsnippet"">... خطر ونقل الى المستشفى لاسعافه . مقتل بهو دين <b class=""highlightcolor"">حيفا</b> - وقع في مستعمرة كركور قرب الخضيرة صباح امس ...</div>"
238	difaa19440718-01.1.3	18 July 1944	difaa	Page 3	"<div class=""txtsearchsnippet"">في محكمة الجنايات بـ مراقب المون بالوكالة <b class=""highlightcolor"">حيفا</b> في ١٧ تموز - لمراسل الدفاع الخاص - انتهت ...</div>"
239	difaa19430602-01.1.4	2 June 1943	difaa	Page 4	"<div class=""txtsearchsnippet"">... ٣ - نجاح اسبوع اليتيم بدأ اسبوع اليتيم في <b class=""highlightcolor"">حيفا</b> بداءة حسنة. وسينتهي انتهاء احسن وكل ما وصل الينا ...</div>"
240	difaa19430630-01.1.2	30 June 1943	difaa	Page 2	"<div class=""txtsearchsnippet"">... ۲۰۰ جنيه من الحاصلات ه اصابة بالطاعون مات في <b class=""highlightcolor"">مستشفى الحكومة</b> للامراض المعدية على طريق ملبس شخص مصاب م ...</div>"
241	difaa19430616-01.1.2	16 June 1943	difaa	Page 2	"<div class=""txtsearchsnippet"">... السيد محمد البرادعي العباسي رئيس لجنة اليتيم العربى فى <b class=""highlightcolor"">حيفا</b> : صاحبة الجلالة الملكة نازلي فندق الملك داود القدس ...</div>"
242	difaa19430709-01.1.2	9 July 1943	difaa	Page 2	"<div class=""txtsearchsnippet"">... غزة مصاب بمرض ة التيفوس وكان قد نقل الى <b class=""highlightcolor"">مستشفى الحكومة</b> منذ ايام للاشتباه . . صرفت امس علاوه ...</div>"
243	difaa19430714-01.1.2	14 July 1943	difaa	Page 2	"<div class=""txtsearchsnippet"">لجنة اليتيم العربي في <b class=""highlightcolor"">حيفا</b> بحاجة الى كاتب قدير وضليع باللغة العربية وله المام ...</div>"
244	difaa19391026-01.1.7	26 October 1939	difaa	Page 7	"<div class=""txtsearchsnippet"">... ومشقة تتكبدها الطالبات بامكان الحكومة تلافيها اجازة كبير اطباء <b class=""highlightcolor"">مستشفى الحكومة</b> اجيز الدكتور يوسف افندي حجار كبير اطباء <b class=""highlightcolor"">مستشفى ...</b></div>"
245	difaa19380114-01.1.5	14 January 1938	difaa	Page 5	"<div class=""txtsearchsnippet"">... الخفراء وهو بوليس اضافي برصاصة في كتفه فنقل الى <b class=""highlightcolor"">مستشفى الحكومة،</b> وعلى الاتر خرجت قوى البوليس من نقطة الا ...</div>"
246	difaa19460210-01.1.3	10 February 1946	difaa	Page 3	"<div class=""txtsearchsnippet"">... وعلى امثاله ما يكتبون اعلان صادر من محكمة صلح <b class=""highlightcolor"">حيفا</b> لبيع اموال غير منقولة بالقضية الحقوقية رقم ٢٢٢٧-٤٥ : ...</div>"
247	difaa19470425-01.1.3	25 April 1947	difaa	Page 3	"<div class=""txtsearchsnippet"">... اثناء وجودهما في سوق الخضار ، وعندما حول الى <b class=""highlightcolor"">مستشفى الحكومة</b> تلقى المركز اشارة تلفونية بأن شخصا مصابا بجراح ...</div>"
248	difaa19450614-01.1.3	14 June 1945	difaa	Page 3	"<div class=""txtsearchsnippet""><b class=""highlightcolor"">حيفا</b> نزار اليوم السيد عبد الغني عياد قنصل لبنان في ...</div>"
249	difaa19480211-01.1.4	11 February 1948	difaa	Page 4	"<div class=""txtsearchsnippet""><b class=""highlightcolor"">حيفا</b> - عقدت اللجنة القومية في الساعة العاشرة من صباح ...</div>"
250	difaa19360102-01.1.4	2 January 1936	difaa	Page 4	"<div class=""txtsearchsnippet"">... منه ! والمدن الرئيسية في فلسطين : القدس ، <b class=""highlightcolor"">حيفا</b> ، يافا ، طبريا ، نقضت عنها ثياب الهجوع ...</div>"
251	difaa19410331-01.1.2	31 March 1941	difaa	Page 2	"<div class=""txtsearchsnippet"">من مقدرات بلدية <b class=""highlightcolor"">حيفا</b></div>"
252	difaa19380330-01.1.5	30 March 1938	difaa	Page 5	"<div class=""txtsearchsnippet"">... ( المعسكر تسير في اتجاه الطائرة . وجاءت من <b class=""highlightcolor"">حيفا</b> سيارات عديدة ملأى الجند وأخرى بالخمير وسارت على طريق ...</div>"
253	difaa19380728-01.1.8	28 July 1938	difaa	Page 8	"<div class=""txtsearchsnippet"">... واجاب خفراء المستعمرة بالمثل ، ولم تقع اصابات قرب <b class=""highlightcolor"">حيفا</b> وفي الساعة العاشرة من صباح امس ( الاربعاء ) ...</div>"
254	difaa19380915-01.1.5	15 September 1938	difaa	Page 5	"<div class=""txtsearchsnippet"">رسالة <b class=""highlightcolor"">حيفا</b> التلفونية</div>"
255	difaa19350404-01.1.5	4 April 1935	difaa	Page 5	"<div class=""txtsearchsnippet"">... بعدة جروح بليغة وهو في حالة غيبوبة فنقل الى <b class=""highlightcolor"">مستشفى الحكومة</b> في الرملة وحالته خطرة ويظن ان المذكور قد ...</div>"
256	difaa19380703-01.1.5	3 July 1938	difaa	Page 5	"<div class=""txtsearchsnippet"">... حنينا) واخذت من الأهالي اشياء . وقد ادخل اليوم <b class=""highlightcolor"">مستشفى الحكومة</b> عربي مصاب بعيار ناري فى ساعده وافاد ان ...</div>"
257	difaa19380727-01.1.1	27 July 1938	difaa	Page 1	"<div class=""txtsearchsnippet"">... ضحاياه ضرورة البحث السريع لاكتشاف الحمأة المظلمة خلفت جريدة <b class=""highlightcolor"">حيفا</b> في نفوسنا جميعاً كل معاني الحيرة الممزوجة بالسخط ، ...</div>"
258	difaa19370701-01.1.3	1 July 1937	difaa	Page 3	"<div class=""txtsearchsnippet"">... اطلقت عليه الرصاص وقتلته . وقد نقلت جثته الى <b class=""highlightcolor"">مستشفى الحكومة</b> بالرملة واخبر قاضي | الوفيات بالحادث</div>"
259	difaa19440601-01.1.2	1 June 1944	difaa	Page 2	"<div class=""txtsearchsnippet"">... الدعوة التى 1 وجها اليه النادي الرياضي الإسلامى في <b class=""highlightcolor"">حيفا</b> لاقامة مباريات في كرة القدم ايام ١٦ و ١٧ ...</div>"
260	difaa19380328-01.1.1	28 March 1938	difaa	Page 1	"<div class=""txtsearchsnippet"">اطلاق عيارات نارية على يهودي قرب <b class=""highlightcolor"">حيفا</b> ومقتله . مصادمة بين المسلحين والبوليس، ومقتل شخصين النار ...</div>"
261	difaa19380707-01.1.5	7 July 1938	difaa	Page 5	"<div class=""txtsearchsnippet"">... إلى المستعمرات . ريح في حادث يتماثل للشفاء غادر <b class=""highlightcolor"">مستشفى الحكومة</b> اليوم عايش عليان من صوبا ، وهو الذي ...</div>"
262	difaa19380726-01.1.4	26 July 1938	difaa	Page 4	"<div class=""txtsearchsnippet"">على العرب الابرياء فى <b class=""highlightcolor"">حيفا</b> اضراب يافا و انتشار القوات و اجتماع المسئولين</div>"
263	difaa19380630-01.1.5	30 June 1938	difaa	Page 5	"<div class=""txtsearchsnippet"">رسالة <b class=""highlightcolor"">حيفا</b> التلفونية</div>"
264	difaa19371214-01.1.1	14 December 1937	difaa	Page 1	"<div class=""txtsearchsnippet"">وقوع الحادث على طريق <b class=""highlightcolor"">حيفا</b> الناضرة . اقوال مراسلينا . اصابة بوليس عربى . ...</div>"
265	difaa19340817-01.1.4	17 August 1934	difaa	Page 4	"<div class=""txtsearchsnippet"">... اما كنها التاريخية . وقد سافرت هذه الباخرة الى <b class=""highlightcolor"">حيفا</b> هذا الصباح . تنقلات الحجاج الايطاليين في البلاد زار ...</div>"
266	difaa19470522-01.1.2	22 May 1947	difaa	Page 2	"<div class=""txtsearchsnippet"">... التابعة الجمعية الامم المتحدة . زيادة ضرائب الابنية بحيفا <b class=""highlightcolor"">حيفا</b> - زادت بلدية <b class=""highlightcolor"">حيفا</b> رسوم الابنية</div>"
267	difaa19461115-01.1.3	15 November 1946	difaa	Page 3	"<div class=""txtsearchsnippet"">... الرملة والله وصرفند الى اللجنة المركزية لموظفي البريد في <b class=""highlightcolor"">حيفا</b> يطلبون منها السعى لتعديل اوقات العمل بموجب التوقيت الشتوي ...</div>"
268	difaa19470704-01.1.4	4 July 1947	difaa	Page 4	"<div class=""txtsearchsnippet"">... السرطان ، الذى اصابه منذ عامين. وقد نقل الى <b class=""highlightcolor"">مستشفى الحكومة</b> بيافا ، وحالته خطرة . حريق بمنزل <b class=""highlightcolor"">حيفا</b> ...</div>"
269	difaa19470527-01.1.2	27 May 1947	difaa	Page 2	"<div class=""txtsearchsnippet"">تهنئة وزير لبنان بلندن <b class=""highlightcolor"">حيفا</b> - ابرق امس سيادة الاب طانيوس خريش النائب الاسقفى ...</div>"
270	difaa19451001-01.1.3	1 October 1945	difaa	Page 3	"<div class=""txtsearchsnippet"">... أما مركز ل القائمقام الجديد السيد تركي سيد فسيكون <b class=""highlightcolor"">حيفا</b> نا باس - اقام نادي الاتحاد الرياضي حفلة شاني ...</div>"
271	difaa19471109-01.1.3	9 November 1947	difaa	Page 3	"<div class=""txtsearchsnippet"">... ويتولى عقب انتهاء اجازته اعماله في الله .. | <b class=""highlightcolor"">حيفا</b> عاد من لبنان الدكتور منير السلمان طيب القضاء بعد ...</div>"
272	difaa19470428-01.1.3	28 April 1947	difaa	Page 3	"<div class=""txtsearchsnippet"">... في أعمال تتعلق بشئون البنك القدس - عاد من <b class=""highlightcolor"">حيفا</b> الامين العام لبيت المال العربي بعد أن تفقد فرع ...</div>"
273	difaa19440416-01.1.3	16 April 1944	difaa	Page 3	"<div class=""txtsearchsnippet"">بلدية <b class=""highlightcolor"">حيفا</b> اعلان</div>"
274	difaa19471212-01.1.4	12 December 1947	difaa	Page 4	"<div class=""txtsearchsnippet"">... جثمان المناضل حسين عوض حسين الذي قتل في حوادث <b class=""highlightcolor"">حيفا</b> أمس الاول وقد لف جثمانه بالعلم العربي . واشترك ...</div>"
275	difaa19340920-01.1.4	20 September 1934	difaa	Page 4	"<div class=""txtsearchsnippet"">... ب ) ، وهم من تل ابيب القدس ، <b class=""highlightcolor"">حيفا</b> ، ملبس ، ديران، ريشون لسيون ، عفولة ، ...</div>"
276	difaa19400820-01.1.2	20 August 1940	difaa	Page 2	"<div class=""txtsearchsnippet"">حظر استعمال زامور السيارات في <b class=""highlightcolor"">حيفا</b> ا</div>"
277	difaa19411116-01.1.3	16 November 1941	difaa	Page 3	"<div class=""txtsearchsnippet"">... منزله بمحلة ميكور حاييم فأخبر البوليس بالحادث توفي في <b class=""highlightcolor"">مستشفى الحكومة</b> اسطفان يوسف الحايك</div>"
278	difaa19420923-01.1.3	23 September 1942	difaa	Page 3	"<div class=""txtsearchsnippet"">... للمدارس الاميرية و عبد الله جبران ضابط الزراعة في <b class=""highlightcolor"">حيفا</b> . وقد اجتمعت اللجنة في المدرسة الرشيدية وانتخبت خمسة ...</div>"
279	difaa19350801-01.1.4	1 August 1935	difaa	Page 4	"<div class=""txtsearchsnippet"">... الطرز الحديث واقع في قرية بلد الشيخ التابعة قضاء <b class=""highlightcolor"">حيفا</b> مبنى على قطعة مساحتها ( ۱۱٥٤ ) متراً مربعا ...</div>"
280	difaa19390928-01.1.4	28 September 1939	difaa	Page 4	"<div class=""txtsearchsnippet"">تجربة اطلاق النار في <b class=""highlightcolor"">حيفا</b></div>"
281	difaa19381130-01.1.4	30 November 1938	difaa	Page 4	"<div class=""txtsearchsnippet"">الأعمال العسكرية <b class=""highlightcolor"">حيفا</b> - بخصوص الاعمال العسكرية | التي قام بها الجنديوم ...</div>"
282	difaa19380419-01.1.1	19 April 1938	difaa	Page 1	"<div class=""txtsearchsnippet"">وفاة مصاب في حادث قنبلة <b class=""highlightcolor"">حيفا</b> و اشعال النار فى انابيب البترول بالقرب من الناصرة</div>"
283	difaa19380719-01.1.4	19 July 1938	difaa	Page 4	"<div class=""txtsearchsnippet"">لجنة اسعاف المنكوبين فى <b class=""highlightcolor"">حيفا</b></div>"
284	difaa19380719-01.1.5	19 July 1938	difaa	Page 5	"<div class=""txtsearchsnippet"">.. البارجة ( ربالص ) تغادر ميناء <b class=""highlightcolor"">حيفا</b> ا</div>"
285	difaa19360811-01.1.5	11 August 1936	difaa	Page 5	"<div class=""txtsearchsnippet"">... وانهما اصيبا بطعنات من خناجر . و نقلا الى <b class=""highlightcolor"">مستشفى الحكومة</b> بحالة خطرة، وعلى اثر ذلك ذهبت قوة كبيرة ...</div>"
286	difaa19371122-01.1.5	22 November 1937	difaa	Page 5	"<div class=""txtsearchsnippet""><b class=""highlightcolor"">حيفا</b></div>"
287	difaa19470808-01.1.4	8 August 1947	difaa	Page 4	"<div class=""txtsearchsnippet"">... الساعة الثانية الى الخامسة . من بعد ظهر امس <b class=""highlightcolor"">حيفا</b> - اعلن يهود <b class=""highlightcolor"">حيفا</b> بعد ظهر امس الاضراب العام ...</div>"
288	difaa19440204-01.1.2	4 February 1944	difaa	Page 2	"<div class=""txtsearchsnippet"">حسين فهمى بك قدم يافا في طريقه الى <b class=""highlightcolor"">حيفا</b> صاحب العزة حسين فهمي بك وكيل وزارة التموين المصرية ...</div>"
289	difaa19400801-01.1.2	1 August 1940	difaa	Page 2	"<div class=""txtsearchsnippet"">تدأت محكمة الصلح في <b class=""highlightcolor"">حيفا</b> تحقق في قضية الهامة أقامها البوليس على شخص اسمه ...</div>"
290	difaa19410117-01.1.2	17 January 1941	difaa	Page 2	"<div class=""txtsearchsnippet"">... الخليل الى بئر السبع ۷۰ ملا. ومن الاقدس الى <b class=""highlightcolor"">حيفا</b> ۲۵۰ ملا ومن القدس | الى الناصرة فطير يا ...</div>"
291	difaa19420430-01.1.3	30 April 1942	difaa	Page 3	"<div class=""txtsearchsnippet"">... وسيسافر إلى مصر مفتش البوليس العام يتفقد مستشفى زار <b class=""highlightcolor"">مستشفى الحكومة</b> وتفقد القسم البريطاني فيه الميجور ساندرس مفتش البوليس ...</div>"
292	difaa19380724-01.1.5	24 July 1938	difaa	Page 5	"<div class=""txtsearchsnippet"">... صدق القائد العام الحكم بالاعدام الذي قضت به محكمة <b class=""highlightcolor"">حيفا</b> العسكرية ضد علي محمد اليوسف من طولكرم بتهمة حمل ...</div>"
293	difaa19370817-01.1.3	17 August 1937	difaa	Page 3	"<div class=""txtsearchsnippet"">... ان الادون كنتر وفتش الفاضي اليهودي واحد اعضاء محكمة <b class=""highlightcolor"">حيفا</b> المركزية الذي يتقاضى راتبه مما يدفعه المكلف العربي الى ...</div>"
294	difaa19350122-01.1.5	22 January 1935	difaa	Page 5	"<div class=""txtsearchsnippet"">... نشرة ادارة الامن العام اليلى : دهس نطار اللد <b class=""highlightcolor"">حيفا</b> بالقرب من الكيلو ۷۸ المدعو حسن حسين محمود فنقلت ...</div>"
295	difaa19441024-01.1.3	24 October 1944	difaa	Page 3	"<div class=""txtsearchsnippet""><b class=""highlightcolor"">حيفا</b> - لمراسل الدفاع الخاص ينظم في بق من اصحاب ...</div>"
296	difaa19460723-01.1.3	23 July 1946	difaa	Page 3	"<div class=""txtsearchsnippet"">... على الانسة ضياء الحاج حسن حفره وقود عديدة من <b class=""highlightcolor"">حيفا</b> ، عكا والبلدان الاخرى و بعد ان تناول المدعوون ...</div>"
297	difaa19441013-01.1.2	13 October 1944	difaa	Page 2	"<div class=""txtsearchsnippet"">... ومدى اعمالها وصلاحياتها . وينتظر ان تعقد جلسة في <b class=""highlightcolor"">حيفا</b> لاستيفاء البحث وقد الغداء على مائدة الجمعة الطبية العربية ...</div>"
298	difaa19451211-01.1.3	11 December 1945	difaa	Page 3	"<div class=""txtsearchsnippet"">... المحطة وفد من الجبهة العربية وتباحثوا في الشئون الوطنية <b class=""highlightcolor"">حيفا</b> - اقام السيد احمد صدقي الجندي قائد حامية الجيش ...</div>"
299	difaa19460131-01.1.3	31 January 1946	difaa	Page 3	"<div class=""txtsearchsnippet"">... آرره وتبرع لمشروع بناء الكنيسة والمدرسة للطائفة ادخل الى <b class=""highlightcolor"">مستشفى الحكومة</b> بحيفا</div>"
300	difaa19471125-01.1.3	25 November 1947	difaa	Page 3	"<div class=""txtsearchsnippet"">... في العالم العربي للقيام بمثل هذه الدراسات . ا <b class=""highlightcolor"">حيفا</b> - مادامس من لبنان السيد فوزي النشاشيبي الرئيس العام ...</div>"
301	difaa19471024-01.1.2	24 October 1947	difaa	Page 2	"<div class=""txtsearchsnippet"">... بقاعة جمعية العمال العربية بحيفا حضره جميع ممثلي تضاء <b class=""highlightcolor"">حيفا</b> ومخاتيرها ورؤساء لجانها وهيئات مجالسها واهيانها وبحثوا حالة البلاد ...</div>"
302	difaa19401208-01.1.3	8 December 1940	difaa	Page 3	"<div class=""txtsearchsnippet"">... ١ذي القعدة سنة ٣٥٩ قاضي الجليل الشرعي اعلان بلدية <b class=""highlightcolor"">حيفا</b> بموجب قانون بيع المسكرات امام ۱۹٣٥ جئت معلنا عن ...</div>"
303	difaa19381012-01.1.5	12 October 1938	difaa	Page 5	"<div class=""txtsearchsnippet"">... فاصيب في رأسه وخر قتيلا . وقد نقل الى <b class=""highlightcolor"">مستشفى الحكومة</b> ولدى الكشف عليه تبين انه يدعى يوسف داود ...</div>"
304	difaa19380706-01.1.7	6 July 1938	difaa	Page 7	"<div class=""txtsearchsnippet"">... يعرف من هو الفاعل وقد نقلت جثتا القتيلين لى <b class=""highlightcolor"">مستشفى الحكومة</b> ثم إلى مستشفى هداسا ، وبعد أذ الكهة ...</div>"
305	difaa19380807-01.1.4	7 August 1938	difaa	Page 4	"<div class=""txtsearchsnippet"">... سياره خاصة ثم وصلت سياره الاسعاف ونقلت الجرحى الى <b class=""highlightcolor"">مستشفى الحكومة</b> في يافا اما الجرح ١- فهم :١ - ...</div>"
306	difaa19360822-01.1.5	22 August 1936	difaa	Page 5	"<div class=""txtsearchsnippet"">... وقد جرح اثنان منهما جراحاً طفيفة وقد نقلا إلى <b class=""highlightcolor"">مستشفى الحكومة</b> وتحرى البوليس المنطقة فلم يجد شيئاً ولكن التحقيق ...</div>"
307	difaa19371112-01.1.5	12 November 1937	difaa	Page 5	"<div class=""txtsearchsnippet""><b class=""highlightcolor"">حيفا</b> في ١١ تشرين ثاني لمراسل الدفاع الخاص - نظرت ...</div>"
308	difaa19361018-01.1.5	18 October 1936	difaa	Page 5	"<div class=""txtsearchsnippet"">... الجند شخصين عربيين بحراستها حتى الصباح ! حب دعوى <b class=""highlightcolor"">حيفا</b> : سحب البوليس امام قاضي التحقيق بحيفا اليوم دعواه ...</div>"
309	difaa19480213-01.1.3	13 February 1948	difaa	Page 3	"<div class=""txtsearchsnippet"">... السويدي وعمرها ٢٨ سنة ملقاة وقد نقلت الجنة الى <b class=""highlightcolor"">مستشفى الحكومة</b> وعهد الى رجال البوليس بالبحث في اسباب الوفاة. ...</div>"
310	difaa19480128-01.1.4	28 January 1948	difaa	Page 4	"<div class=""txtsearchsnippet"">... ٢٦ سنة ملقاة الى جانب جسر يقع على طريق <b class=""highlightcolor"">حيفا</b> - يافا وذلك في الساعة الواحدة والربع بعد ظهر ...</div>"
311	difaa19440117-01.1.3	17 January 1944	difaa	Page 3	"<div class=""txtsearchsnippet"">... مراقب مكتب المطبوعات ، والدكتور نايف حمزة ، طبيب <b class=""highlightcolor"">مستشفى الحكومة</b> يحينا لجنة الأسعار حفلة السكرتير العام .. المؤتمر ...</div>"
312	difaa19480205-01.1.4	5 February 1948	difaa	Page 4	"<div class=""txtsearchsnippet"">حوادث <b class=""highlightcolor"">حيفا</b> <b class=""highlightcolor"">حيفا</b> - حوالي الساعة الرابعة والنصف ا من مساء ...</div>"
313	difaa19480125-01.1.4	25 January 1948	difaa	Page 4	"<div class=""txtsearchsnippet"">... قريبة فاصيب بجراح استشهد على اثرها . حوادث هيفا <b class=""highlightcolor"">حيفا</b> - سممت في الليلة الماضية اصوات العيارات النارية في ...</div>"
314	difaa19450104-01.1.2	4 January 1945	difaa	Page 2	"<div class=""txtsearchsnippet"">الحضور اجتماع لجنة الموظفين مذهب صباح امس إلى <b class=""highlightcolor"">حيفا</b> وفد مثل الجنة من الحكومة الدرجة الثانية في اللواء ...</div>"
315	difaa19480201-01.1.2	1 February 1948	difaa	Page 2	"<div class=""txtsearchsnippet"">... في طريقه إلى عمان وفلسطين . اجتماع هام في <b class=""highlightcolor"">حيفا</b> وتمزين وسائل الدفاع دينا - عقد يوم امس اجتماع ...</div>"
316	difaa19470917-01.1.4	17 September 1947	difaa	Page 4	"<div class=""txtsearchsnippet"">... سبعة آخرون بجراح خفيفة ، وقد نقل الجميع الى <b class=""highlightcolor"">مستشفى الحكومة</b> بيافا وعلى</div>"
317	difaa19350902-01.1.7	2 September 1935	difaa	Page 7	"<div class=""txtsearchsnippet"">قال مراسلنا في <b class=""highlightcolor"">حيفا</b> : استلام الاستاذ / رشيد الحاح ابراهيم جوابا من ...</div>"
318	difaa19380329-01.1.1	29 March 1938	difaa	Page 1	"<div class=""txtsearchsnippet"">... الدوريات بعد الحادث قذف قنبلة على دكان يهودي في <b class=""highlightcolor"">حيفا</b> وقذفه بالرصاص</div>"
319	difaa19380303-01.1.1	3 March 1938	difaa	Page 1	"<div class=""txtsearchsnippet"">... لكن وقعت الاعجوبة حين الخفراء. شعر بهم قرب بيسان <b class=""highlightcolor"">حيفا</b> في ٢ آذار - المراسل الدفاع</div>"
320	difaa19380613-01.1.5	13 June 1938	difaa	Page 5	"<div class=""txtsearchsnippet"">رسالة <b class=""highlightcolor"">حيفا</b> التلفونية</div>"
321	difaa19380705-01.1.5	5 July 1938	difaa	Page 5	"<div class=""txtsearchsnippet"">... في بناء مسلخ جديد في قرية شفاعمرو في قضاء <b class=""highlightcolor"">حيفا</b> وهو يبعد مسافة كيلو مترين غربي اماكن السكن ، ...</div>"
322	difaa19360914-01.1.5	14 September 1936	difaa	Page 5	"<div class=""txtsearchsnippet""><b class=""highlightcolor"">حيفا</b> في ١٣ ايلول - المرسل الدفاع الخاص : وصل ...</div>"
323	difaa19480119-01.1.4	19 January 1948	difaa	Page 4	"<div class=""txtsearchsnippet"">... برصاصة | . استشهد على اثرها فور نقله الى <b class=""highlightcolor"">مستشفى الحكومة</b> بيافا وذلك عندما كان سائر آ في منطقة ...</div>"
324	difaa19350410-01.1.5	10 April 1935	difaa	Page 5	"<div class=""txtsearchsnippet"">... يأمر بإنزال الاعلام الالالا والا فخامة المندوب يطير الى <b class=""highlightcolor"">حيفا</b> طار فخامة المندوب السامى صباح هذا اليوم الى <b class=""highlightcolor"">حيفا</b> ...</div>"
325	difaa19370201-01.1.5	1 February 1937	difaa	Page 5	"<div class=""txtsearchsnippet"">... طوقان قائمقام الرملة سابقاً وظيفة السكرتير العربي للمندوب السامي <b class=""highlightcolor"">حيفا</b> تفوز بدرع غازي جرت بعد ظهر أمس المباراة للحصول ...</div>"
326	difaa19380720-01.1.5	20 July 1938	difaa	Page 5	"<div class=""txtsearchsnippet"">... اعمار اليهود الثلاثة المقدمين للمحكة تقریر أحضر البوليس الى <b class=""highlightcolor"">مستشفى الحكومة</b> ثلاثة من اليهود الذين سيحاكمون امام المحكمة المسكرية ...</div>"
327	difaa19400116-01.1.7	16 January 1940	difaa	Page 7	"<div class=""txtsearchsnippet"">... ساعة الياس ابو جمده الحداد ـ ورشة سكة الحديد <b class=""highlightcolor"">حيفا</b> عبد المحسن حسن قاعود- مدرسة بوليس القدس دراجة اطفال ...</div>"
328	difaa19370613-01.1.3	13 June 1937	difaa	Page 3	"<div class=""txtsearchsnippet""><b class=""highlightcolor"">حيفا</b> وصول سمو الامير عبد الله <b class=""highlightcolor"">حيفا</b> في ١٢ حزيران ...</div>"
329	difaa19371129-01.1.5	29 November 1937	difaa	Page 5	"<div class=""txtsearchsnippet"">بلدية <b class=""highlightcolor"">حيفا</b> يطرح في المناقصة انشاء مرحاض عمومي في حديقة بنيامين ...</div>"
330	difaa19410810-01.1.2	10 August 1941	difaa	Page 2	"<div class=""txtsearchsnippet"">سلطات <b class=""highlightcolor"">حيفا</b></div>"
331	difaa19380422-01.1.4	22 April 1938	difaa	Page 4	"<div class=""txtsearchsnippet"">اجتماع مطام قدم طولكرم اليوم مساعد حاكم اللواء في <b class=""highlightcolor"">حيفا</b> ومساعد حاكم اللواء في نابلس و اجتمعا مساعد الحاكم ...</div>"
332	difaa19380722-01.1.4	22 July 1938	difaa	Page 4	"<div class=""txtsearchsnippet"">موت يهودي جريح فى <b class=""highlightcolor"">حيفا</b></div>"
333	difaa19370826-01.1.3	26 August 1937	difaa	Page 3	"<div class=""txtsearchsnippet"">... و صادر السيارة المسروقة وقد قدم أمس للمحاكمة في <b class=""highlightcolor"">حيفا</b> فحكم بسجنه سنة ثم تمكن من الهرب من البوليس ...</div>"
334	difaa19371102-01.1.5	2 November 1937	difaa	Page 5	"<div class=""txtsearchsnippet"">... الماضى انقلبت سيارة عسكرية قرب الكيلو ۷۸ على طريق <b class=""highlightcolor"">حيفا</b> - رأس العين وقد جرح جنديان من الجنود الذين ...</div>"
335	difaa19370706-01.1.3	6 July 1937	difaa	Page 3	"<div class=""txtsearchsnippet"">رسالة <b class=""highlightcolor"">حيفا</b> التلفونية</div>"
336	difaa19450822-01.1.3	22 August 1945	difaa	Page 3	"<div class=""txtsearchsnippet"">زار اليوم دولة حسين سري <b class=""highlightcolor"">حيفا</b> باشا حاكم اللواء دار المطرانية حيث اخذ له مع ...</div>"
337	difaa19470320-01.1.2	20 March 1947	difaa	Page 2	"<div class=""txtsearchsnippet"">... عربات السكه الحديد التي ستنقل الكمية المطالموية الى ميناء <b class=""highlightcolor"">حيفا</b> ، وترسو فيها الباخرتان فاسكو لشحن كميتها الى انكار ...</div>"
338	difaa19450529-01.1.3	29 May 1945	difaa	Page 3	"<div class=""txtsearchsnippet"">... دعا اليها عددا كبيرا من الصحافه رجالات المدينة وممثلي <b class=""highlightcolor"">حيفا-</b> ستقيم مساء الثلاثاء الاندية العربية- الكشفية حفلة شاى تكريمية ...</div>"
339	difaa19480307-01.1.3	7 March 1948	difaa	Page 3	"<div class=""txtsearchsnippet"">... في فلسطين بعد انتهاء الجلاء "" القدس - فادر <b class=""highlightcolor"">مستشفى الحكومة</b> يوم : امس السيد توفيق ايرني ، رئيس ...</div>"
340	difaa19361226-01.1.7	26 December 1936	difaa	Page 7	"<div class=""txtsearchsnippet"">... ما. الرصاص فاصيبت بجراح خطرة وقد نقلت الى ا <b class=""highlightcolor"">مستشفى الحكومة</b> في القدس وليس من ا المأمول أن أحو ...</div>"
341	difaa19380619-01.1.1	19 June 1938	difaa	Page 1	"<div class=""txtsearchsnippet"">... ولم يعرف عن وقواع اصابات . النار على شخص <b class=""highlightcolor"">حيفا</b> فى ١٨ حزيران المراسل الدفاع - الخاص في حوالي ...</div>"
342	difaa19420812-01.1.3	12 August 1942	difaa	Page 3	"<div class=""txtsearchsnippet"">... الدفاع الخاص - زار فخامة المندوب السامي والسيدة عقيلته <b class=""highlightcolor"">مستشفى الحكومة</b> الجديد الذي افتتح حديثاً على طريق القدس م ...</div>"
343	difaa19471114-01.1.6	14 November 1947	difaa	Page 6	"<div class=""txtsearchsnippet"">يافا - توفيت في <b class=""highlightcolor"">مستشفى الحكومة</b> امس</div>"
344	difaa19401114-01.1.2	14 November 1940	difaa	Page 2	"<div class=""txtsearchsnippet"">... بشأن هذه القروض في يافا وحيفا وتل ابيب وطبريا <b class=""highlightcolor"">حيفا</b> وتل ابيب و مع جماعات الصيادين العرب واليهود كل ...</div>"
345	difaa19401225-01.1.2	25 December 1940	difaa	Page 2	"<div class=""txtsearchsnippet"">حوادث الف واج والطلاق بلغ عدد عقود الزواج في <b class=""highlightcolor"">حيفا</b> خلال الشهر الماضي ٨٩ عقداً وبانت حوادث الطلاق ٣٥ ...</div>"
346	difaa19380916-01.1.5	16 September 1938	difaa	Page 5	"<div class=""txtsearchsnippet"">... اليوم اطلقت العيارات النارية على سيارة يهودية على طريق <b class=""highlightcolor"">حيفا</b> - الناصره . فلم تصب احد باذى . وقد ...</div>"
347	difaa19411027-01.1.2	27 October 1941	difaa	Page 2	"<div class=""txtsearchsnippet"">... العادي خلال هذا الاسبوع في عنابر الجمرك والبوندد في <b class=""highlightcolor"">حيفا</b> وتل ابيب وهي بضائع مختلفة وكثيرة وكانت مشحونة في ...</div>"
348	difaa19450716-01.1.3	16 July 1945	difaa	Page 3	"<div class=""txtsearchsnippet"">... ودعه نائب القنصلية السيد خلوصی تامر وموظفو القنصلية السا <b class=""highlightcolor"">حيفا</b> - زار المدينة يوم امس كل من القس نجيب ...</div>"
349	difaa19460725-01.1.4	25 July 1946	difaa	Page 4	"<div class=""txtsearchsnippet"">... تلا ذلك اوصاف عمليات الارهاب والاعتداء الذي وقع في <b class=""highlightcolor"">حيفا</b> على معامل البترول وورش السكاك ثم خطوط السكاك كلها ...</div>"
350	difaa19470323-01.1.3	23 March 1947	difaa	Page 3	"<div class=""txtsearchsnippet"">... ٢٤ آذار الجاري في فيلا روز ماري . قادر <b class=""highlightcolor"">حيفا</b> الى نابلس المستر ويغز صفا نائب حاكم الدواء محيفا ...</div>"
351	difaa19430620-01.1.2	20 June 1943	difaa	Page 2	"<div class=""txtsearchsnippet"">وجهت لجنة اليتيم العربي، في <b class=""highlightcolor"">حيفا</b> دعوة الى اصحاب الصحف ورؤساء تحريرها ومديري اداراتها المادية ...</div>"
352	difaa19430729-01.1.3	29 July 1943	difaa	Page 3	"<div class=""txtsearchsnippet"">... الالتحاق للكلية العربية والمدرسة الرشيدية الثانوية ومدرسة الصناعة في <b class=""highlightcolor"">حيفا</b> ومدرسة الزراعة في طولكرم وينظر فيها لانتخاب المناسبين في ...</div>"
353	difaa19420127-01.1.2	27 January 1942	difaa	Page 2	"<div class=""txtsearchsnippet"">... أبيب ثم يذهبان في يوم ، الثلاثاء التالي الى <b class=""highlightcolor"">حيفا</b> لزيارة محاكمها ويغادر انها إلى عكا وصفد وطبريا يوم ...</div>"
354	difaa19420225-01.1.3	25 February 1942	difaa	Page 3	"<div class=""txtsearchsnippet"">توفي في <b class=""highlightcolor"">مستشفى الحكومة</b> امس الم سويلم من عرب روادة وكان قد ...</div>"
355	difaa19420405-01.1.2	5 April 1942	difaa	Page 2	"<div class=""txtsearchsnippet"">... واودعت في عنابر الاستيداع وان كميات اخرى وصلت الى <b class=""highlightcolor"">حيفا</b> وسلمت الى المطاحن لقشرها واعدادها للتوزيع، وما دام لدى ...</div>"
356	difaa19421004-01.1.3	4 October 1942	difaa	Page 3	"<div class=""txtsearchsnippet"">... الله . وقد توجه الى هناك الدكتور حجار طبيب <b class=""highlightcolor"">مستشفى الحكومة</b> حيث اجرى الاسعافات الأولية وأوصى بنقلها الى المستشفى ...</div>"
357	difaa19430124-01.1.2	24 January 1943	difaa	Page 2	"<div class=""txtsearchsnippet"">... العرب بيافا ترأسه السيد سامي طه سكرتير جمعية عمال <b class=""highlightcolor"">حيفا</b> الرتيعية وحضره مندوبون عن فروع القدس وبيت لحم وقلقيلية ...</div>"
358	difaa19430329-01.1.2	29 March 1943	difaa	Page 2	"<div class=""txtsearchsnippet"">... اثنان منهم من القدس واثنان من يافا واثنان من <b class=""highlightcolor"">حيفا</b> واثنان من نابلس وواحد من غزه وآخر من الخليل ...</div>"
359	difaa19430922-01.1.2	22 September 1943	difaa	Page 2	"<div class=""txtsearchsnippet"">... الكمية مضاعفة بمناسبة الاعياد . حادث مؤسف نقل الى <b class=""highlightcolor"">مستشفى الحكومة</b> منذ ايام احمد ابراهيم وخمان من غرب الفائق ...</div>"
360	difaa19430916-01.1.2	16 September 1943	difaa	Page 2	"<div class=""txtsearchsnippet"">... تعمل لتقديم اصحابها الى المحاكم نقل مصاب نقل الى <b class=""highlightcolor"">مستشفى الحكومة</b> بيافا منذ يومين كامل عنانى من سلمة وهو ...</div>"
361	difaa19470420-01.1.3	20 April 1947	difaa	Page 3	"<div class=""txtsearchsnippet"">... سنة فاصيب بجروح مختلفة في وجهه . وادخل الى <b class=""highlightcolor"">مستشفى الحكومة</b> . وسقط قنديل غاز على صبحة مصطفى ادهم ...</div>"
362	difaa19480115-01.1.1	15 January 1948	difaa	Page 1	"<div class=""txtsearchsnippet"">... محمد من بيت صفافا تجراح نقل على اثرها الى <b class=""highlightcolor"">مستشفى الحكومة</b> النار على يهوديين واصابتها واطلقت النار صباح يوم ...</div>"
363	difaa19380708-01.1.6	8 July 1938	difaa	Page 6	"<div class=""txtsearchsnippet"">... المعتقلات و ۴۰ اثناء الاشتغل في الخارج وواحد من <b class=""highlightcolor"">مستشفى الحكومة</b> | و ۳ عندما كانو انحت الحراسة في ...</div>"
364	difaa19380610-01.1.1	10 June 1938	difaa	Page 1	"<div class=""txtsearchsnippet"">... بجراح في رأسها | نقل الجريحتين ونقلت الجريحتان الى <b class=""highlightcolor"">مستشفى الحكومة</b> في <b class=""highlightcolor"">حيفا</b> حيث اجريت لهما الاسعافات اللازمة، ولا ...</div>"
365	difaa19360730-01.1.5	30 July 1936	difaa	Page 5	"<div class=""txtsearchsnippet"">... بريطاني يفارق الحياة جيء اليوم بشاويش بوليس بريطاني الى <b class=""highlightcolor"">مستشفى الحكومة</b> بالقدس على أثر جراح اصيب بها في نابلس ...</div>"
366	difaa19470124-01.1.3	24 January 1947	difaa	Page 3	"<div class=""txtsearchsnippet"">... بشر السبع والمجدل ، وغادرنا فائدا الى القدس . <b class=""highlightcolor"">حيفا</b> - غادر <b class=""highlightcolor"">حيفا</b> السيد سامي طه الامين العام الجمعية ...</div>"
367	difaa19470623-01.1.2	23 June 1947	difaa	Page 2	"<div class=""txtsearchsnippet""><b class=""highlightcolor"">حيفا</b> - يعثت نقابة الصحفيين العرب امس برقية الى حاكم ...</div>"
368	difaa19440508-01.1.3	8 May 1944	difaa	Page 3	"<div class=""txtsearchsnippet"">لدى محكمة مركزية <b class=""highlightcolor"">حيفا</b> في قضية اصدار امن بوفاة خيران منصور الحورية امن ...</div>"
369	difaa19440726-01.1.3	26 July 1944	difaa	Page 3	"<div class=""txtsearchsnippet"">... مجدودة : كلمة شكر ا تقدم بالشكر العظيم لطبيب <b class=""highlightcolor"">مستشفى الحكومة.</b> بيا فا وامور الضالتهم للعناية التي لاقيتها منهم ...</div>"
370	difaa19421230-01.1.3	30 December 1942	difaa	Page 3	"<div class=""txtsearchsnippet"">اموال غير منقولة لدى محكمة بيع مركزية <b class=""highlightcolor"">حيفا</b> في القضية الاجرائية رقم يعلن بهذا بان الملك الموصف ...</div>"
371	difaa19440229-01.1.3	29 February 1944	difaa	Page 3	"<div class=""txtsearchsnippet"">... الحادية عشرة والنصف من ظهر امس اصطدام فظيع في <b class=""highlightcolor"">حيفا</b> اسفر عن موت غلام عربي وجرح ثلاثة آخرين من ...</div>"
372	difaa19451220-01.1.3	20 December 1945	difaa	Page 3	"<div class=""txtsearchsnippet"">... التهنئة المرسله منها مناسبة عودة عصمتها من الديار الحجازية <b class=""highlightcolor"">حيفا</b> - تنقاطر الوفود من مختلف المدن للسلام على السيد ...</div>"
373	difaa19451221-01.1.3	21 December 1945	difaa	Page 3	"<div class=""txtsearchsnippet""><b class=""highlightcolor"">حيفا</b> - قدم حيفار السيد رشيد الحبال مساعد وزير الزراعة ...</div>"
374	difaa19461121-01.1.3	21 November 1946	difaa	Page 3	"<div class=""txtsearchsnippet"">... الى وظيفة مساعد مدير بوليس الرملة ويستلم عمله اليوم <b class=""highlightcolor"">حيفا</b> - رد نيافة الانباء باكو يوس مطران</div>"
375	difaa19450216-01.1.3	16 February 1945	difaa	Page 3	"<div class=""txtsearchsnippet"">... ثم يجري استقبال للمهنئين في قاعة الجمعية ادخل إلى <b class=""highlightcolor"">مستشفى الحكومة</b> بياف المستر - مبارد رئيس المحكمة المركزية للمعالجه ...</div>"
376	difaa19470701-01.1.4	1 July 1947	difaa	Page 4	"<div class=""txtsearchsnippet"">... الحزب الشيوعي البريطاني صباح اليوم برقية من مراسلها في <b class=""highlightcolor"">حيفا</b> جاء فيها ان القوى الدمقراطية في البلدان العربية احتجت ...</div>"
377	difaa19470722-01.1.1	22 July 1947	difaa	Page 1	"<div class=""txtsearchsnippet"">... جناه » صباح امس الباكر محطتين للرادار » في <b class=""highlightcolor"">حيفا</b> ، انتقاما لابعاد مهربي السفينة « الرئيس وورفيلد وقد ...</div>"
378	difaa19480104-01.1.2	4 January 1948	difaa	Page 2	"<div class=""txtsearchsnippet""><b class=""highlightcolor"">حيفا</b> - اضريت جميع الممرضات اليهوديات في <b class=""highlightcolor"">مستشفى الحكومة</b> عن ...</div>"
379	difaa19421005-01.1.2	5 October 1942	difaa	Page 2	"<div class=""txtsearchsnippet"">... ايضاً بين افراد بوليس خفر وحراسة الشواطىء التابعين لرئاسة <b class=""highlightcolor"">حيفا</b> .</div>"
380	difaa19420914-01.1.3	14 September 1942	difaa	Page 3	"<div class=""txtsearchsnippet"">رسالة <b class=""highlightcolor"">حيفا</b> التلفونيه</div>"
381	difaa19360820-01.1.7	20 August 1936	difaa	Page 7	"<div class=""txtsearchsnippet"">... التجارية وسرد سكرتيرها مقابلته مع الوفد الذي ذهب الى <b class=""highlightcolor"">حيفا</b> لمقابلة مدير الجمرك العام المستر ستيد ، وقد قدم ...</div>"
382	difaa19371103-01.1.4	3 November 1937	difaa	Page 4	"<div class=""txtsearchsnippet"">قروي . وقد نقلت جثته إلى <b class=""highlightcolor"">مستشفى الحكومة</b> والقدس . وحتى الآن لم تعرف هويته . ...</div>"
383	difaa19341009-01.1.4	9 October 1934	difaa	Page 4	"<div class=""txtsearchsnippet"">... : عاد في هذا المساء القائم باعمال الحكومة من <b class=""highlightcolor"">حيفا</b> بعد أن حضر حفلة ازاحة الستار عن النصب التذكاري ...</div>"
384	difaa19470728-01.1.2	28 July 1947	difaa	Page 2	"<div class=""txtsearchsnippet"">... كلمة مناسبة ، ثم يسافر بعد صلاة الجمعة الى <b class=""highlightcolor"">حيفا</b> لزيارة شعبة الاخوان هناك ، وتذكر بهذه المناسبة ان ...</div>"
385	difaa19470721-01.1.2	21 July 1947	difaa	Page 2	"<div class=""txtsearchsnippet"">عيد مار الياس يحيفا <b class=""highlightcolor"">حيفا</b> - صادف يوم امس عيد مار الياس. وقد اعتاد ...</div>"
386	difaa19471106-01.1.2	6 November 1947	difaa	Page 2	"<div class=""txtsearchsnippet"">عقد جلستين قريبا لاستكمال البحث وحركة الشحن بميناء <b class=""highlightcolor"">حيفا</b></div>"
387	difaa19441022-01.1.3	22 October 1944	difaa	Page 3	"<div class=""txtsearchsnippet"">... مؤتمر الغرف التجارية السادس عشر المنعقد مؤخرا في مدينة <b class=""highlightcolor"">حيفا</b> ثم . ار انه قابل مع السيد قسطندي سلامة ...</div>"
388	difaa19480108-01.1.1	8 January 1948	difaa	Page 1	"<div class=""txtsearchsnippet"">... حتى المساء ١٤ شخصا وقد وضعوا في غرفة الموتى <b class=""highlightcolor"">مستشفى الحكومة</b> للتعرف عليهم. اسماء الجرحى وادخل الى <b class=""highlightcolor"">مستشفى الحكومة</b> ...</div>"
389	difaa19480203-01.1.1	3 February 1948	difaa	Page 1	"<div class=""txtsearchsnippet"">... يوسف أبو عقل وحمره ٤٠ سنة وقد نقلا إلى <b class=""highlightcolor"">مستشفى الحكومة</b> بحيفا كما اصيب بجراح طفيف المادة أيوب قابل ...</div>"
390	difaa19471225-01.1.3	25 December 1947	difaa	Page 3	"<div class=""txtsearchsnippet""><b class=""highlightcolor"">حيفا</b> - اصدرت جمعية العمال العربية البيان التالي : ايها ...</div>"
391	difaa19390915-01.1.4	15 September 1939	difaa	Page 4	"<div class=""txtsearchsnippet"">سالة <b class=""highlightcolor"">حيفا</b> التلفونية</div>"
392	difaa19380713-01.1.4	13 July 1938	difaa	Page 4	"<div class=""txtsearchsnippet"">... استنكرت فيها حوادث الاعتداءات الاخيرة التى تكررت في يافا <b class=""highlightcolor"">حيفا</b> والقدس وطلبت اللجنة اتخاذ التدابير الشديد، لوقف تكرر هذه ...</div>"
393	difaa19370107-01.1.4	7 January 1937	difaa	Page 4	"<div class=""txtsearchsnippet"">أصابة بعيار ناري <b class=""highlightcolor"">حيفا</b> ـ أطلق مساء اليوم في سوق الشوام مياران ناريان ...</div>"
394	difaa19371224-01.1.5	24 December 1937	difaa	Page 5	"<div class=""txtsearchsnippet"">... فجاءت طائرة حربية وساعدت القوة بينما هرعت قوات من <b class=""highlightcolor"">حيفا</b> وطبريا واحدقت بالمكان الذي تجمع فيه المسلحون . وقد ...</div>"
395	difaa19360312-01.1.6	12 March 1936	difaa	Page 6	"<div class=""txtsearchsnippet"">... إلى ماجديل بالقرب من جلجولية لتحسين طرق المواصلات بين <b class=""highlightcolor"">حيفا</b> ويافا والمحيلولة دون التأخيرات فى الله وقدرت نفقات هذا ...</div>"
396	difaa19410101-01.1.2	1 January 1941	difaa	Page 2	"<div class=""txtsearchsnippet"">... ( برترام ، مدير دائرة مصائد الاسماك العامة في <b class=""highlightcolor"">حيفا</b> أمس بزيارة قطعة الأرض التي يملكها الصيادون للعرب على ...</div>"
397	difaa19400827-01.1.2	27 August 1940	difaa	Page 2	"<div class=""txtsearchsnippet"">... في نحو ٤٢ قضية بينها قضية جريح احضر من <b class=""highlightcolor"">مستشفى الحكومة</b> على تقالة مضى عليه سنة وهو مريض وأقرت ...</div>"
398	difaa19410410-01.1.2	10 April 1941	difaa	Page 2	"<div class=""txtsearchsnippet"">... المتشاجرين بجراح بالغة ادت الى نقل احدهم الى | <b class=""highlightcolor"">مستشفى الحكومة</b> بيافا ، وقد قبض | البوليس على عدة ...</div>"
399	difaa19410303-01.1.2	3 March 1941	difaa	Page 2	"<div class=""txtsearchsnippet"">مات في <b class=""highlightcolor"">حيفا</b> يوم امس يهودي اسمه ابراهام افربوخ متأثراً من سم ...</div>"
400	difaa19420508-01.1.3	8 May 1942	difaa	Page 3	"<div class=""txtsearchsnippet"">رسالة <b class=""highlightcolor"">حيفا</b> التلفونية</div>"
401	difaa19370429-01.1.3	29 April 1937	difaa	Page 3	"<div class=""txtsearchsnippet"">... الرصاص واصابه في ساعده الا عن وقد نقل الى <b class=""highlightcolor"">مستشفى الحكومة</b> . وكان ذلك في منتصف الليلة الماضية اجازة ...</div>"
402	difaa19380321-01.1.4	21 March 1938	difaa	Page 4	"<div class=""txtsearchsnippet"">... من قرية اسلمه الذي اعتقلته السلطة والموجود الان في <b class=""highlightcolor"">مستشفى الحكومة</b> ، لقاء كفالة ماليه اما المعتقلون الآخرون من ...</div>"
403	difaa19370815-01.1.4	15 August 1937	difaa	Page 4	"<div class=""txtsearchsnippet""><b class=""highlightcolor"">حيفا</b> في ١٤ آب - لمراسل الدفاع الخاص كان لخبر ...</div>"
404	difaa19400815-01.1.2	15 August 1940	difaa	Page 2	"<div class=""txtsearchsnippet"">... القدس. عيسى فرح - مطار اللد مسلم مصطفى - <b class=""highlightcolor"">حيفا</b> . مدام انطون سليم - بيت لحم . صهيون ...</div>"
405	difaa19360717-01.1.4	17 July 1936	difaa	Page 4	"<div class=""txtsearchsnippet"">... اللجنة الملكية من العمل بهدوء . أول عمل البلدية <b class=""highlightcolor"">حيفا</b> الجديدة ... تقول دافار ان المجلس البلدي المعين في ...</div>"
406	difaa19370520-01.1.2	20 May 1937	difaa	Page 2	"<div class=""txtsearchsnippet"">قررت ادارة المعارف أن تقيم مدرسة صناعية في منطقة <b class=""highlightcolor"">حيفا</b> . وفي ١ تشرين الأول من هذه السنة تفتح ...</div>"
407	difaa19370525-01.1.3	25 May 1937	difaa	Page 3	"<div class=""txtsearchsnippet""><b class=""highlightcolor"">حيفا</b> في ٢٤ ايار - لمراسل الدفاع الخاص ورد على ...</div>"
408	difaa19360405-01.1.7	5 April 1936	difaa	Page 7	"<div class=""txtsearchsnippet"">... رافق امرأته وهي حامل الاستشارة طبيب اختصاصي بالتوليد في <b class=""highlightcolor"">حيفا.</b> وبعد فحصها نصحه الطبيب ادخالها المستشفى لقاء خمسة عشر ...</div>"
409	difaa19380427-01.1.5	27 April 1938	difaa	Page 5	"<div class=""txtsearchsnippet"">قوات وطائرات للبحث والتعقيب <b class=""highlightcolor"">حيفا</b> في ٢٦ نيسان - لمراسل الدفاع الخاص -- خرجت ...</div>"
410	difaa19380807-01.1.5	7 August 1938	difaa	Page 5	"<div class=""txtsearchsnippet"">وبلدية <b class=""highlightcolor"">حيفا</b> تتقدم بلدية <b class=""highlightcolor"">حيفا</b> بشكرها الجزيل لمن يقدم لها أية ...</div>"
411	difaa19380608-01.1.5	8 June 1938	difaa	Page 5	"<div class=""txtsearchsnippet"">... الخروبي من اهالي قرية لفتا الذي توفى امس في <b class=""highlightcolor"">مستشفى الحكومة</b> متأثراً من جراح اصيب بها في حادث اطلاق ...</div>"
412	difaa19380628-01.1.5	28 June 1938	difaa	Page 5	"<div class=""txtsearchsnippet"">رسالة <b class=""highlightcolor"">حيفا</b> التلفونية</div>"
413	difaa19380701-01.1.5	1 July 1938	difaa	Page 5	"<div class=""txtsearchsnippet"">... أمامها . الراهبة الجريح في حادث عين كارم غادرت <b class=""highlightcolor"">مستشفى الحكومة</b> اليوم الراهبة برقوبا التي اصيبت بجراح في حادث ...</div>"
414	difaa19370629-01.1.3	29 June 1937	difaa	Page 3	"<div class=""txtsearchsnippet"">... القدس ، وقد حضر هذا الاجتماع ، وفد عن <b class=""highlightcolor"">حيفا</b> ، وأوضح السيد جورج منصور الغاية التي سيعقد المؤعر ...</div>"
415	difaa19370928-01.1.1	28 September 1937	difaa	Page 1	"<div class=""txtsearchsnippet"">... وكالة ) * : تلفون ١٤١٣ الاعلانات * في <b class=""highlightcolor"">حيفا</b> *</div>"
416	difaa19361016-01.1.5	16 October 1936	difaa	Page 5	"<div class=""txtsearchsnippet"">... المسائل التجارية التى تختص بشحن البضائع وكيفية ارسالها من <b class=""highlightcolor"">حيفا</b> ، ويافا الى القدس وقد وعد حضرته باعطاء التسهيلات ...</div>"
417	difaa19440711-01.1.2	11 July 1944	difaa	Page 2	"<div class=""txtsearchsnippet"">... ومع ذلك فلدى الهستدروت الان فروع للعمال العرب في <b class=""highlightcolor"">حيفا</b> ويافا والقدس وعكا وقلونيا وطبريا ا</div>"
418	difaa19480114-01.1.4	14 January 1948	difaa	Page 4	"<div class=""txtsearchsnippet"">... سنة رحمه الله . في المستشفيات و نقل الى <b class=""highlightcolor"">مستشفى الحكومة</b> بيافا صباح امس السيد صبحي محمد الددو من ...</div>"
419	difaa19470327-01.1.3	27 March 1947	difaa	Page 3	"<div class=""txtsearchsnippet"">... شرقية بين القوية والمعتدلة ولا سيما في منطقة خليج <b class=""highlightcolor"">حيفا</b> ويكون البحر معتدلا هم طغيان من الشمال مع اجتماعيات ...</div>"
420	difaa19480127-01.1.4	27 January 1948	difaa	Page 4	"<div class=""txtsearchsnippet"">... فنقل الى مستشفى الدجاني المعالجة .. و نقل الى <b class=""highlightcolor"">مستشفى الحكومة</b> بدافا صباح امس السيد فالح محمد الشريف من ...</div>"
421	difaa19421002-01.1.3	2 October 1942	difaa	Page 3	"<div class=""txtsearchsnippet"">رسالة <b class=""highlightcolor"">حيفا</b> التلفونيه</div>"
422	difaa19421111-01.1.3	11 November 1942	difaa	Page 3	"<div class=""txtsearchsnippet"">... مدة قصيرة هنا فنرحب به لحضور معرض الطعام في <b class=""highlightcolor"">حيفا</b> تتوجه غداً الى <b class=""highlightcolor"">حيفا</b> لجنة السيدات الاستشارية في دائرة ...</div>"
423	difaa19431102-01.1.3	2 November 1943	difaa	Page 3	"<div class=""txtsearchsnippet"">... داخل محلي الكائن بشارع الانبياء مراد شارد اعلان بلدية <b class=""highlightcolor"">حيفا</b> جاء باعلان طلب رخصة لعام ١٩٤٤ المطعم لوكس الكائن ...</div>"
424	difaa19480105-01.1.3	5 January 1948	difaa	Page 3	"<div class=""txtsearchsnippet"">... نقلهم إلى المستشفيات في المدينة وبذل الاطباء والممرضات في <b class=""highlightcolor"">مستشفى الحكومة</b> والدجاني جهوداً جبارة في اسعاف الجرحى وتضميد جراحهم ...</div>"
425	difaa19400729-01.1.3	29 July 1940	difaa	Page 3	"<div class=""txtsearchsnippet"">رسالة <b class=""highlightcolor"">حيفا</b> التلفونية</div>"
426	difaa19400814-01.1.3	14 August 1940	difaa	Page 3	"<div class=""txtsearchsnippet"">... بخدماته . وتجري الآن مفاوضات بين لجنة اليتيم في <b class=""highlightcolor"">حيفا</b> ولجنة اليتيم هنا التوحيد اللجنتين . زيارة للاستاذ مدير ...</div>"
427	difaa19350611-01.1.5	11 June 1935	difaa	Page 5	"<div class=""txtsearchsnippet"">... من ركاب السيارتين بجراح وثلاثة خطرة اقتضت تغلهم الى <b class=""highlightcolor"">مستشفى الحكومة</b> ، من بينهم الوجيه شكيب افندي النشاشيبي ، ...</div>"
428	difaa19380729-01.1.5	29 July 1938	difaa	Page 5	"<div class=""txtsearchsnippet"">... اليها امس مخفورين . عربية جريح تتماثل للشفاء غادرت <b class=""highlightcolor"">مستشفى الحكومة</b> بعد ظهر هذا اليوم السيدة حسناء محمدا بوادميس ...</div>"
429	difaa19370924-01.1.5	24 September 1937	difaa	Page 5	"<div class=""txtsearchsnippet"">السياسة المضطربة سبب الازمة الاقتصادية <b class=""highlightcolor"">حيفا</b> في ٢٣ ايلول - لمراسل الدفاع الخاص - وصل ...</div>"
430	difaa19470506-01.1.2	6 May 1947	difaa	Page 2	"<div class=""txtsearchsnippet"">جداول انتخابات غرفة <b class=""highlightcolor"">حيفا</b> <b class=""highlightcolor"">حيفا</b> - علقت الغرفة التجارية امس لوائح باسماء المرشحين ...</div>"
431	difaa19450704-01.1.3	4 July 1945	difaa	Page 3	"<div class=""txtsearchsnippet""><b class=""highlightcolor"">حيفا</b> - وصل <b class=""highlightcolor"">حيفا</b> سمو الامير يوسف كمال قادما القاهرة ...</div>"
432	difaa19480203-01.1.4	3 February 1948	difaa	Page 4	"<div class=""txtsearchsnippet"">... اليهودية اسمها نايني و فرختر وها من زعماء يهود <b class=""highlightcolor"">حيفا</b> وعضوان في جمعية هدارها كرمل المحلية كما اصيب بجراح ...</div>"
433	difaa19470814-01.1.4	14 August 1947	difaa	Page 4	"<div class=""txtsearchsnippet"">... راسه وظهره و نقل لمستشفى هداسا ثم ارسل الى <b class=""highlightcolor"">مستشفى الحكومة</b> بيافا وحالته ليست خطرة . و اعتدى جماعة ...</div>"
434	difaa19480423-01.1.3	23 April 1948	difaa	Page 3	"<div class=""txtsearchsnippet"">... سنة عندما كان يقوم بوابه ، و نقل الى <b class=""highlightcolor"">مستشفى الحكومة</b> بيافا واحرت اليه ايضا جنة شخص مجهول الهوية ...</div>"
435	difaa19450713-01.1.3	13 July 1945	difaa	Page 3	"<div class=""txtsearchsnippet""><b class=""highlightcolor"">حيفا</b> - وصل <b class=""highlightcolor"">حيفا</b> دولة اسماعيل صدقي باشا وقد حل ...</div>"
436	difaa19471125-01.1.2	25 November 1947	difaa	Page 2	"<div class=""txtsearchsnippet"">... والباخرة وارنيان الشحن ٢٣ الفا . وتصل الى ميناء <b class=""highlightcolor"">حيفا</b> غداً الباخرة ليفورنو لشحن ٤٠٠٢١ صندوقا منها ٣٧ الفا ...</div>"
437	difaa19410909-01.1.2	9 September 1941	difaa	Page 2	"<div class=""txtsearchsnippet"">هفت سام في السباحة تجري في <b class=""highlightcolor"">حيفا</b> يوم السبت المقبل حفلة سباق كبير فى السباحة المنفعة ...</div>"
438	difaa19421001-01.1.3	1 October 1942	difaa	Page 3	"<div class=""txtsearchsnippet"">توفي امس في <b class=""highlightcolor"">مستشفى الحكومة</b> بيافا شخص اسمه الساقي من اهالي قرية قزازة ...</div>"
439	difaa19420927-01.1.3	27 September 1942	difaa	Page 3	"<div class=""txtsearchsnippet"">... بهذا الأمر • حاكم لواء القدس يغادر المستشفى غادر <b class=""highlightcolor"">مستشفى الحكومة</b> امس المستر كيث روتش حاكم اللواء. وقد زاره ...</div>"
440	difaa19430919-01.1.2	19 September 1943	difaa	Page 2	"<div class=""txtsearchsnippet"">خطر الحروق نقلت الى <b class=""highlightcolor"">مستشفى الحكومة</b> بيافا امس الاول صفية علي فودة من عرب ...</div>"
441	difaa19440317-01.1.3	17 March 1944	difaa	Page 3	"<div class=""txtsearchsnippet"">... ايام لان العفونة دبت في جسمها وقد نقلت الى <b class=""highlightcolor"">مستشفى الحكومة</b> للتشريح والبوليس يحقق لمعرفة الفاعل . أجلت محكمة ...</div>"
442	difaa19440425-01.1.3	25 April 1944	difaa	Page 3	"<div class=""txtsearchsnippet"">... ١٠٠ و ٢٥٠ ملا الاشتباه بوفاتين ا نقل الى <b class=""highlightcolor"">مستشفى الحكومة</b> بياف منذ ايام رشيد عبد الله رشيد من ...</div>"
443	difaa19470814-01.1.2	14 August 1947	difaa	Page 2	"<div class=""txtsearchsnippet"">... الدرجة الاولى منهم ۱۱۷ حاجا من القدس وقضاها في <b class=""highlightcolor"">حيفا</b> <b class=""highlightcolor"">حيفا</b> - باغ عدد الاشخاص الذين سجلوا اسماء هم ...</div>"
444	difaa19471021-01.1.2	21 October 1947	difaa	Page 2	"<div class=""txtsearchsnippet"">... هؤلاء السبل الصحية للمرعية . مرض الدفتيريا يحيفا - <b class=""highlightcolor"">حيفا</b> - ادخل الى <b class=""highlightcolor"">مستشفى الحكومة</b> اربعة اطفال اتضح انهم ...</div>"
445	difaa19400828-01.1.2	28 August 1940	difaa	Page 2	"<div class=""txtsearchsnippet"">... وقد تم حتى الآن تعبئة ٢٥٠ صندوقا سترسل الى <b class=""highlightcolor"">حيفا</b> لشحنها من هناك . ونذكر بهذه المناسبة ان موسم ...</div>"
446	difaa19390924-01.1.7	24 September 1939	difaa	Page 7	"<div class=""txtsearchsnippet"">بيع اموال منقولة لدى دائرة اجراء <b class=""highlightcolor"">حيفا</b> بخصوص الاجراات التنفيذية بالقضية الاجرائية رقم ٥١٧٢ - ۹۳۹ ...</div>"
447	difaa19410822-01.1.3	22 August 1941	difaa	Page 3	"<div class=""txtsearchsnippet"">... مراقب الثقافة العربية بمصر الى سوريا ولبنان عن طريق <b class=""highlightcolor"">حيفا</b> ترافقه حاشيته رافقته السلامة</div>"
448	difaa19410828-01.1.3	28 August 1941	difaa	Page 3	"<div class=""txtsearchsnippet"">... التنفس والصدر محل عيادته الى شارع الملوك رقم ٣٥ <b class=""highlightcolor"">حيفا</b> . المعاينة من الساعة ١٨ ظهراً رقم التلفون ١٦٦٨ ...</div>"
449	difaa19420223-01.1.3	23 February 1942	difaa	Page 3	"<div class=""txtsearchsnippet"">سالة <b class=""highlightcolor"">حيفا</b> التلفونية</div>"
450	difaa19410507-01.1.2	7 May 1941	difaa	Page 2	"<div class=""txtsearchsnippet"">... في اللواء حضره المستر بوب سكرتير مكتب المراقبة في <b class=""highlightcolor"">حيفا</b> والمستر ملف ورد سكرتير مكتب المراقبة في القدس والمستر ...</div>"
451	difaa19410501-01.1.2	1 May 1941	difaa	Page 2	"<div class=""txtsearchsnippet"">قوة الحدود. محكمة اجارات فى <b class=""highlightcolor"">حيفا</b></div>"
452	difaa19410604-01.1.3	4 June 1941	difaa	Page 3	"<div class=""txtsearchsnippet"">اعلان بلدية <b class=""highlightcolor"">حيفا</b></div>"
453	difaa19410603-01.1.2	3 June 1941	difaa	Page 2	"<div class=""txtsearchsnippet"">... تجربة اطفاء ثلاث قنابل محرقة فى الساحة الواقعة امام <b class=""highlightcolor"">مستشفى الحكومة</b> من الجهة الشرقية بحضور المستر كريستي الضابط المسئول ...</div>"
454	difaa19430607-01.1.2	7 June 1943	difaa	Page 2	"<div class=""txtsearchsnippet"">... استعراضات يشترك فيها فصائل من جنود الحلفاء. ويجري في <b class=""highlightcolor"">حيفا</b> استعراض تشترك فيه الفرق البحرية ... وسيشترك في هذه ...</div>"
455	difaa19431118-01.1.3	18 November 1943	difaa	Page 3	"<div class=""txtsearchsnippet"">... من ملاكي المدينة الحضور مؤتمر الملاكين الذى سيعقد في <b class=""highlightcolor"">حيفا</b> يوم ٢٥ الجاري والوفد مؤلف من السادة: يوسف الفاهوم ...</div>"
456	difaa19380711-01.1.7	11 July 1938	difaa	Page 7	"<div class=""txtsearchsnippet"">... وعندها أوقف السائق الباص ، و نقل المصابون الى <b class=""highlightcolor"">مستشفى الحكومة</b> حيث اجريت لهم الأسعافات الاولية . ثم حضرت ...</div>"
457	difaa19370613-01.1.2	13 June 1937	difaa	Page 2	"<div class=""txtsearchsnippet"">اصابة خطأ فيمات <b class=""highlightcolor"">حيفا</b> - توفي اليوم السيد عبد الرحيم علو من الطيرة ...</div>"
458	difaa19371013-01.1.4	13 October 1937	difaa	Page 4	"<div class=""txtsearchsnippet"">... حسين في رقبته بموسى حلاقه، ونقل على الاثر الى <b class=""highlightcolor"">مستشفى الحكومة،</b> وقد وجدت ) الموسى التي طعن بها بالقرب ...</div>"
459	difaa19341014-01.1.4	14 October 1934	difaa	Page 4	"<div class=""txtsearchsnippet"">وقد نقل المصابون الى <b class=""highlightcolor"">مستشفى الحكومة</b> في يافا والتحقيق جار</div>"
460	difaa19471123-01.1.3	23 November 1947	difaa	Page 3	"<div class=""txtsearchsnippet"">... الزراعة في جولة تفتيشية تتعلق بالموسم الزراعي القادم . <b class=""highlightcolor"">حيفا</b> رفع التجار و اصحاب للصالح والمكافون يدفع الضرائب في ...</div>"
461	difaa19470619-01.1.2	19 June 1947	difaa	Page 2	"<div class=""txtsearchsnippet""><b class=""highlightcolor"">حيفا</b> - عقد الاتحاد النسائي العربي الفلسطيني بحيفا اجتماعا هاما ...</div>"
462	difaa19471002-01.1.2	2 October 1947	difaa	Page 2	"<div class=""txtsearchsnippet"">موظفو البريد في <b class=""highlightcolor"">حيفا</b></div>"
463	difaa19471201-01.1.1	1 December 1947	difaa	Page 1	"<div class=""txtsearchsnippet"">... الحالة فاصيب ثلاثة من العرب بجراح خطرة نقلوا الى <b class=""highlightcolor"">مستشفى الحكومة</b> للمعالجة واستعمل البوليس القنابل المسيلة للدموع . ، ...</div>"
464	difaa19400930-01.1.1	30 September 1940	difaa	Page 1	"<div class=""txtsearchsnippet"">... دائرة القائمقام فى عمارة الباردس في شارع هشارون وفى <b class=""highlightcolor"">حيفا</b> في بناية رقم ١٤٤ طريق يافا .</div>"
465	difaa19391121-01.1.5	21 November 1939	difaa	Page 5	"<div class=""txtsearchsnippet"">... اجاز القائد العام حكم الاعدام التي قضت به محكمة <b class=""highlightcolor"">حيفا</b> العسكرية يوم ٩ تشرين الثاني سنة ١٩٣٩ بحق اسم ...</div>"
466	difaa19350809-01.1.5	9 August 1935	difaa	Page 5	"<div class=""txtsearchsnippet"">... | بعضهم . اما توفيق المذكور فقد نقل إلى <b class=""highlightcolor"">مستشفى الحكومة.</b> وهذان الحادثان من ذيول مقتل سليمان قويدر وعرابي ...</div>"
467	difaa19380617-01.1.8	17 June 1938	difaa	Page 8	"<div class=""txtsearchsnippet"">... مجهول المار فاصيب بجراح في صدره ويديه ونقل الى <b class=""highlightcolor"">مستشفى الحكومة</b> في <b class=""highlightcolor"">حيفا</b> . وخفت قوة من البوليس الى ...</div>"
468	difaa19380701-01.1.1	1 July 1938	difaa	Page 1	"<div class=""txtsearchsnippet""><b class=""highlightcolor"">حيفا</b> اشتباك الجند و البوليس مع مسلحين قرب <b class=""highlightcolor"">حيفا</b> و ...</div>"
469	difaa19470720-01.1.4	20 July 1947	difaa	Page 4	"<div class=""txtsearchsnippet"">... تقع اصابات . اعتقال يهود احداث واعترافهم بسرقة سيارة <b class=""highlightcolor"">حيفا</b> - اعترض البوليس في الساعة الحادية عشرة من مساء ...</div>"
470	difaa19470604-01.1.2	4 June 1947	difaa	Page 2	"<div class=""txtsearchsnippet"">الاحتفال بذكرى الاسراء <b class=""highlightcolor"">حيفا</b> - تحتفل جماعة الاخوان المسلمين بحيفا بذكرى الاسراء المباركة ...</div>"
471	difaa19470505-01.1.2	5 May 1947	difaa	Page 2	"<div class=""txtsearchsnippet""><b class=""highlightcolor"">حيفا</b> - تعقد في الساعة التاسعة والنصف من صباح اليوم ...</div>"
472	difaa19470926-01.1.4	26 September 1947	difaa	Page 4	"<div class=""txtsearchsnippet"">... رمن سقط من على سطح ومات و نقل الى <b class=""highlightcolor"">مستشفى الحكومة</b> بيافا حسين حسن محمود الصوفي من قرية نعلين ...</div>"
473	difaa19470521-01.1.2	21 May 1947	difaa	Page 2	"<div class=""txtsearchsnippet"">... في مدينة القدس فقط . انتخابات الغرفة التجارية بحيفا <b class=""highlightcolor"">حيفا</b> - بوشر امس في انتخابات الغرفة التجارية لستة اعضاء ...</div>"
474	difaa19401017-01.1.2	17 October 1940	difaa	Page 2	"<div class=""txtsearchsnippet"">لجنة لتقدر اضرار غارة <b class=""highlightcolor"">حيفا</b></div>"
475	difaa19410120-01.1.2	20 January 1941	difaa	Page 2	"<div class=""txtsearchsnippet"">... يصطاده للصيادون المحليون وبالاضافة الى وجود مناطق محظورة مثل <b class=""highlightcolor"">حيفا</b> فان هذه الانظمة اثرت ايضا على صيد السمك ليلا ...</div>"
476	difaa19410408-01.1.2	8 April 1941	difaa	Page 2	"<div class=""txtsearchsnippet"">نقل الى <b class=""highlightcolor"">مستشفى الحكومة</b> في يافا منذ أيام صالح حمد الصند اللي ...</div>"
477	difaa19410514-01.1.2	14 May 1941	difaa	Page 2	"<div class=""txtsearchsnippet"">... هذه الخطوط . اصابة شخص بسبب الخر نقل الى <b class=""highlightcolor"">مستشفى الحكومة</b> في القدس شخصان من اهالي اريحا كان الحر ...</div>"
478	difaa19380527-01.1.4	27 May 1938	difaa	Page 4	"<div class=""txtsearchsnippet"">... على باص عين کارم امس الأول والتي توفيت فى <b class=""highlightcolor"">مستشفى الحكومة</b> بسبب اصابتها بعيارات نارية المرحومة الراهبة برله مرتوبا ...</div>"
479	difaa19400114-01.1.5	14 January 1940	difaa	Page 5	"<div class=""txtsearchsnippet"">... الطيبة التابعة لقضاء طولكرم والذي توفى منذ شهر في <b class=""highlightcolor"">مستشفى الحكومة</b> بيان بسبب صدمة سيارة بالقرب من بيارة على ...</div>"
480	difaa19361019-01.1.5	19 October 1936	difaa	Page 5	"<div class=""txtsearchsnippet"">... بريطاني فالقى القبض على سائق السيارة ونقل الجريح الى <b class=""highlightcolor"">مستشفى الحكومة</b> بالقدس . يطلق سراحه من السجن ثم يبعد ...</div>"
481	difaa19371106-01.1.3	6 November 1937	difaa	Page 3	"<div class=""txtsearchsnippet""><b class=""highlightcolor"">حيفا</b></div>"
482	difaa19370628-01.1.3	28 June 1937	difaa	Page 3	"<div class=""txtsearchsnippet"">... اليوم وفد كبير من اخواننا المسيحيين الجريحين العربيين في <b class=""highlightcolor"">مستشفى الحكومة</b> بالقدس واللذين اعتدى عليهما بعض اليهود في شارع ...</div>"
483	difaa19441122-01.1.2	22 November 1944	difaa	Page 2	"<div class=""txtsearchsnippet"">زيارة فخامة المندوب السامي لمدينة <b class=""highlightcolor"">حيفا</b></div>"
484	difaa19470527-01.1.4	27 May 1947	difaa	Page 4	"<div class=""txtsearchsnippet"">... حكم عليه بالسجن المؤبد وامضى منها مدة ١٥ عاما <b class=""highlightcolor"">مستشفى الحكومة</b> في عكا</div>"
485	difaa19471121-01.1.4	21 November 1947	difaa	Page 4	"<div class=""txtsearchsnippet"">... اثرها الى مستشفى الدجاني بيافا ، ونقل القتلى الى <b class=""highlightcolor"">مستشفى الحكومة</b> بيافا بين نحيب وهو يل ذو بهم . ...</div>"
486	difaa19471113-01.1.1	13 November 1947	difaa	Page 1	"<div class=""txtsearchsnippet"">اغتال الارهابيون في <b class=""highlightcolor"">حيفا</b> جاويش وليس بريطني ، وأصابوا ثلاثة أخرين من رتب ...</div>"
487	difaa19430224-01.1.2	24 February 1943	difaa	Page 2	"<div class=""txtsearchsnippet"">... الترفيه في نابلس وخمسين اخرى من لجنة الترفيه فى <b class=""highlightcolor"">حيفا</b> وقد ضمت هذه المبالغ لما سبق ان جمع لشراء ...</div>"
488	difaa19430302-01.1.2	2 March 1943	difaa	Page 2	"<div class=""txtsearchsnippet"">... بيافا واختيار قطعة الأرض المناسبة من الأراضي الواقعة امام <b class=""highlightcolor"">مستشفى الحكومة</b> لاقامة مستشفى الولادة عليها . حول مباراة رياضية ...</div>"
489	difaa19440326-01.1.4	26 March 1944	difaa	Page 4	"<div class=""txtsearchsnippet"">... التجول في محلة هادار ها كرمل في منطقة بلدية <b class=""highlightcolor"">حيفا</b> وفى منطقة بلدية تل أبيب من الساعة الخامسة مساء ...</div>"
490	difaa19460313-01.1.2	13 March 1946	difaa	Page 2	"<div class=""txtsearchsnippet"">... بيريا الواقعة بجوار صفد بعد ان اصدرت محكمة صلح <b class=""highlightcolor"">حيفا</b> امرا بتوقيفهم لمدة اسبوعين</div>"
491	difaa19480328-01.1.2	28 March 1948	difaa	Page 2	"<div class=""txtsearchsnippet"">... عليها وجوب شحنها بكميتها للمقررة ، والا تذهب الى <b class=""highlightcolor"">حيفا</b> لا كمال حمولتها من هناك وبذلك تؤخر بقصد ويعطب ...</div>"
492	difaa19470504-01.1.2	4 May 1947	difaa	Page 2	"<div class=""txtsearchsnippet"">... وصباح الاحد ۱۰ و ۱۱ الجاري ، وتوجه الى <b class=""highlightcolor"">حيفا</b> السيد توفيق ايراني، رئيس اللجنة لمركزية بالقدس لحضور الاجتماع ...</div>"
493	difaa19451108-01.1.3	8 November 1945	difaa	Page 3	"<div class=""txtsearchsnippet"">... دمشق للسلام على السادة اكرم زعيتر وعزة دروزة واخوانهما <b class=""highlightcolor"">حيفا</b> - عقد مجلس الجمعية الاسلامية اجتماع مساء امس حضره ...</div>"
494	difaa19470523-01.1.3	23 May 1947	difaa	Page 3	"<div class=""txtsearchsnippet"">... السماعها . غزة - عاد بعد ظهر امس من <b class=""highlightcolor"">حيفا</b> السيد</div>"
495	difaa19360814-01.1.6	14 August 1936	difaa	Page 6	"<div class=""txtsearchsnippet"">اعلان يوجد للبيع فى معسكر الجيش في <b class=""highlightcolor"">حيفا</b> تخشيبات واسلاك والمخابرة بذلك مع : PAYMASTER LIEUT-COMMANDER A. ...</div>"
496	difaa19371012-01.1.5	12 October 1937	difaa	Page 5	"<div class=""txtsearchsnippet""><b class=""highlightcolor"">حيفا</b> في ١١ تشرين اول - لمراسل الدفاع الخاص - ...</div>"
497	difaa19460813-01.1.3	13 August 1946	difaa	Page 3	"<div class=""txtsearchsnippet"">يصل <b class=""highlightcolor"">حيفا</b> خلال هذا الاسبوع السيد هينا عبد العزيز احمد منظم ...</div>"
498	difaa19470206-01.1.3	6 February 1947	difaa	Page 3	"<div class=""txtsearchsnippet"">... على السيد عبد الرحيم عرفات رئيس مكتب القائمقام . <b class=""highlightcolor"">حيفا</b> - وصل المدينة قائد منطقة معان في شرق الاردن ...</div>"
499	difaa19471218-01.1.3	18 December 1947	difaa	Page 3	"<div class=""txtsearchsnippet"">... لاعتداءات يهود المستعمرات والاحياء اليهودية . التمهيد للجلاء في <b class=""highlightcolor"">حيفا</b></div>"
500	difaa19480126-01.1.4	26 January 1948	difaa	Page 4	"<div class=""txtsearchsnippet"">... من بركة مریم السلطان فاصيبت بجراح ونقل الجريحان الى <b class=""highlightcolor"">مستشفى الحكومة</b></div>"
501	difaa19480222-01.1.3	22 February 1948	difaa	Page 3	"<div class=""txtsearchsnippet"">... وتهب الرياح معتدلة و ترفع درجة الحرارة . اجتماعيات <b class=""highlightcolor"">حيفا</b> - عاد من دمشق سعادة ثابت بك العريس فتصل ...</div>"
502	difaa19480302-01.1.4	2 March 1948	difaa	Page 4	"<div class=""txtsearchsnippet"">... شاكر وعمره نحو ۲۹ سنة بجراح وقد نقلوا الى <b class=""highlightcolor"">مستشفى الحكومة</b> بالرماة وكانت جراحهم طفيفة . و صادف اثناء ...</div>"
503	difaa19401023-01.1.3	23 October 1940	difaa	Page 3	"<div class=""txtsearchsnippet"">... افراد البوليس البريطاني الثلاثة الموجودين في القسم البريطاني من <b class=""highlightcolor"">مستشفى الحكومة</b> بسبب انقلاب سيارة وقدمت لهم بعض الحلويات وباقة ...</div>"
504	difaa19370203-01.1.4	3 February 1937	difaa	Page 4	"<div class=""txtsearchsnippet""><b class=""highlightcolor"">حيفا</b></div>"
505	difaa19370506-01.1.3	6 May 1937	difaa	Page 3	"<div class=""txtsearchsnippet""><b class=""highlightcolor"">حيفا</b> في ٥ ايار - لمراسل الدفاع الخاص - نظرت ...</div>"
506	difaa19360701-01.1.5	1 July 1936	difaa	Page 5	"<div class=""txtsearchsnippet"">... مشاجرة بين عمال الجمرك تشاجر عمال الجمرك العرب في <b class=""highlightcolor"">حيفا</b> بعد ظهر اليوم في داخل الجمرك اتساء العمل وقد ...</div>"
507	difaa19380306-01.1.5	6 March 1938	difaa	Page 5	"<div class=""txtsearchsnippet"">... العاشرة من صباح اليوم حضرت قوات كبيرة من جهات <b class=""highlightcolor"">حيفا</b> في نحو ثلاثين سيارة ووقفت على مفرق طريق عكا ...</div>"
508	difaa19380323-01.1.5	23 March 1938	difaa	Page 5	"<div class=""txtsearchsnippet"">... وقد نقلته السلطة اليوم من مستشفى السجن المركزي الى <b class=""highlightcolor"">مستشفى الحكومة</b> بالقدس - القاضي البريطاني الذي عين اخيرا وصل ...</div>"
509	difaa19380718-01.1.5	18 July 1938	difaa	Page 5	"<div class=""txtsearchsnippet"">خرج من <b class=""highlightcolor"">مستشفى الحكومة</b> في يافا صباح أمس ، السيد شحادة نقولا ...</div>"
510	difaa19380527-01.1.5	27 May 1938	difaa	Page 5	"<div class=""txtsearchsnippet"">... انتحرت صباح اليوم يهودية في هدار ها كرمل في <b class=""highlightcolor"">حيفا</b> بالقاء نفسها من غرفتها في الطابق الثالث وقد كسرت ...</div>"
511	difaa19400223-01.1.4	23 February 1940	difaa	Page 4	"<div class=""txtsearchsnippet"">... الوارد من رشيد وشحن حوالي ٩٠٠ صندوق برتقال إلى <b class=""highlightcolor"">حيفا</b> و ٥٥٠ صندوق بطريق الترانزيت الى بور سعيد</div>"
512	difaa19360812-01.1.5	12 August 1936	difaa	Page 5	"<div class=""txtsearchsnippet"">... | . اعطاء العامل اليهودي اعمالا في سكة حديد <b class=""highlightcolor"">حيفا</b> بدلا من العمال العرب الدين اضربوا وقد وعدهم برفع ...</div>"
513	difaa19370906-01.1.3	6 September 1937	difaa	Page 3	"<div class=""txtsearchsnippet"">... اليهود المشتبهون بقنبلة باص) لفتا احضر البوليس اليوم الى <b class=""highlightcolor"">مستشفى الحكومة</b> اربعة من اليهود المشتبه بأن احدهم هو ملقي ...</div>"
514	difaa19361029-01.1.5	29 October 1936	difaa	Page 5	"<div class=""txtsearchsnippet"">... التى تعامله بها ادارة السجن. وقد عاينه احد اطباء <b class=""highlightcolor"">مستشفى الحكومة</b> وهذا اليوم السادس الذي يمتنع فيه عن تناول ...</div>"
515	difaa19361008-01.1.5	8 October 1936	difaa	Page 5	"<div class=""txtsearchsnippet"">... وقالوا شخصاً عربياً وجرحوا ثانياً ، ويوجد الان في <b class=""highlightcolor"">مستشفى الحكومة</b> بالقدس ، وجرحوا آخر من افراد العصابة الالمواء ...</div>"
516	difaa19340826-01.1.7	26 August 1934	difaa	Page 7	"<div class=""txtsearchsnippet"">... له الاسعافات الاولية تم عيسى وا حمل الجريح الى <b class=""highlightcolor"">مستشفى الحكومة</b> .</div>"
517	difaa19461115-01.1.4	15 November 1946	difaa	Page 4	"<div class=""txtsearchsnippet"">يافا ـ توفي ليلة امس في <b class=""highlightcolor"">مستشفى الحكومة</b> المرح رحوم محمد النوري وقاد القطار الذي نسفه ...</div>"
518	difaa19460405-01.1.2	5 April 1946	difaa	Page 2	"<div class=""txtsearchsnippet""><b class=""highlightcolor"">حيفا</b> - اصدرت اللجنة التنفيذية لموظفي الدرجة الثانية بياناً قالت ...</div>"
519	difaa19470102-01.1.3	2 January 1947	difaa	Page 3	"<div class=""txtsearchsnippet"">... عن أمله بان تزول حتى تعود للصحافة حريتها . <b class=""highlightcolor"">حيفا</b> - اجريت في <b class=""highlightcolor"">مستشفى الحكومة</b> عملية جراحية للسيد محمد ...</div>"
520	difaa19470130-01.1.2	30 January 1947	difaa	Page 2	"<div class=""txtsearchsnippet"">اعضاء وفد لندن من <b class=""highlightcolor"">حيفا</b> - وردت برقية امس من السيد سامي طه عضو ...</div>"
521	difaa19470704-01.1.3	4 July 1947	difaa	Page 3	"<div class=""txtsearchsnippet"">... لندن ان الدكتور رأفت فارس ، من كبار اطباء <b class=""highlightcolor"">مستشفى الحكومة</b> ، سيعود في منتصف الشهر الجاري بالقدس بعد ...</div>"
522	difaa19471117-01.1.3	17 November 1947	difaa	Page 3	"<div class=""txtsearchsnippet"">... عبد الله الى ولية التهدسمو الاميرة اليزابث بمناسبة زواجها. <b class=""highlightcolor"">حيفا</b> - غادر <b class=""highlightcolor"">حيفا</b> الى حلب بالاجارة سعادة قنصل الجمهورية ...</div>"
523	difaa19470414-01.1.2	14 April 1947	difaa	Page 2	"<div class=""txtsearchsnippet"">... امس تخلية منزلين يهوديين بعد حادث أصيب فيه جنديان <b class=""highlightcolor"">حيفا</b> - تلقى سكان المنزلين رقم ٤١٩٣٦ ل بشارع بن ...</div>"
524	difaa19441103-01.1.3	3 November 1944	difaa	Page 3	"<div class=""txtsearchsnippet"">... المجذوب المحكوم عليه بالاعدام من محكمه الجنايات الكبرى في <b class=""highlightcolor"">حيفا</b> فقررت المحكمة تصديق الحكم وهو متهم بجرم قتل يعقد ...</div>"
525	difaa19440723-01.1.2	23 July 1944	difaa	Page 2	"<div class=""txtsearchsnippet"">... رشدي الامام الحسينى ومركزها الرئيسي القدس ولها فروع في <b class=""highlightcolor"">حيفا</b> ويافا وغزة وعمان ، تتولى القيام بجميع اعمال الهندسة ...</div>"
526	difaa19420916-01.1.3	16 September 1942	difaa	Page 3	"<div class=""txtsearchsnippet"">... قد يتأخر وصولها عن اول تموز فقد سافر إلى <b class=""highlightcolor"">حيفا</b> واتصل بمكتب الرخص فقيل له انه يستطيع ان يجدد ...</div>"
527	difaa19471102-01.1.3	2 November 1947	difaa	Page 3	"<div class=""txtsearchsnippet"">... لبنان كل تشجيع ومؤازرة .. القدس - سافر الى <b class=""highlightcolor"">حيفا</b> السيد توفيق ايراني ، رئيس اللجنة المركزية لموظفي الدرجة ...</div>"
528	difaa19411026-01.1.3	26 October 1941	difaa	Page 3	"<div class=""txtsearchsnippet"">اعلان بلدية <b class=""highlightcolor"">حيفا</b></div>"
529	difaa19421126-01.1.2	26 November 1942	difaa	Page 2	"<div class=""txtsearchsnippet"">هبوط التأمين البحري بين <b class=""highlightcolor"">حيفا</b> شمرد ..</div>"
530	difaa19430512-01.1.3	12 May 1943	difaa	Page 3	"<div class=""txtsearchsnippet"">لدى محكمة مركزية <b class=""highlightcolor"">حيفا</b> في القضية الاجرائية رقم ٤١/١٧٠٨ يعلن بهذا ان الملك ...</div>"
531	difaa19371231-01.1.6	31 December 1937	difaa	Page 6	"<div class=""txtsearchsnippet""><b class=""highlightcolor"">حيفا</b></div>"
532	difaa19451212-01.1.3	12 December 1945	difaa	Page 3	"<div class=""txtsearchsnippet"">اجتماعيات <b class=""highlightcolor"">حيفا</b> محطة التجارب الزراعية وحاكم الصلح ورئيس البلدية القاهرة - ...</div>"
533	difaa19460122-01.1.4	22 January 1946	difaa	Page 4	"<div class=""txtsearchsnippet"">... استعداد لمقابلتهم وقد نقل الجرحى من مستشفى هداسا الى <b class=""highlightcolor"">مستشفى الحكومة</b> حيث وضعوا تحت حراسة قوية وتقول ها ارتس ...</div>"
534	difaa19461027-01.1.3	27 October 1946	difaa	Page 3	"<div class=""txtsearchsnippet"">... سيلقي خطبا في مختلف الجمعيات السكندنافية عن مسألة فلسطين <b class=""highlightcolor"">حيفا</b> - اقام نائب قائد سرية المشاة الاردنية الخامسة الملازم ...</div>"
535	difaa19470216-01.1.2	16 February 1947	difaa	Page 2	"<div class=""txtsearchsnippet"">... وزارة التموين البريطانية . اما حركة الشحن من ميناء <b class=""highlightcolor"">حيفا</b> فنسير بنشاط نسي وتقرر اليوم ارسال ۱۰۰ هرية لها ...</div>"
536	difaa19470526-01.1.3	26 May 1947	difaa	Page 3	"<div class=""txtsearchsnippet"">على الحدود الفلسطينية اللبنانيه <b class=""highlightcolor"">حيفا</b> ازدادت الدوريات السورية واللبنانية على الحدود الشمالية من فلسطين ...</div>"
537	difaa19470602-01.1.2	2 June 1947	difaa	Page 2	"<div class=""txtsearchsnippet"">برقية شكر للفاروق العظيم <b class=""highlightcolor"">حيفا</b> - ارسل المحامون السادة صلاح العباسي وانس الخمرة وجمال ...</div>"
538	difaa19450820-01.1.3	20 August 1945	difaa	Page 3	"<div class=""txtsearchsnippet"">... الجمهور من النظام السائد في توزيع البدلات الموحدة فالتوزيع <b class=""highlightcolor"">حيفا</b> غير منتظم ، بينما الاعياد على الابواب فضلا عن ...</div>"
539	difaa19471031-01.1.3	31 October 1947	difaa	Page 3	"<div class=""txtsearchsnippet""><b class=""highlightcolor"">حيفا</b> - قدم المدينة سعادة احمد بك فراج قنصل عام ...</div>"
540	difaa19420308-01.1.2	8 March 1942	difaa	Page 2	"<div class=""txtsearchsnippet"">وعار في البخت قدم الى السلطات المسئولة في <b class=""highlightcolor"">حيفا</b> يوم امس طلب بتسجيل جمعية اسمها جمعية المنجمين و ...</div>"
541	difaa19420811-01.1.2	11 August 1942	difaa	Page 2	"<div class=""txtsearchsnippet"">... وجرفه الى الداخل فمات غرفا وقد نقلت جنته الى <b class=""highlightcolor"">مستشفى الحكومة</b> بيافا وحولت اوراقه طبق الترتيبات المرعبة ويبلغ الغريق ...</div>"
542	difaa19420811-01.1.3	11 August 1942	difaa	Page 3	"<div class=""txtsearchsnippet"">رسالة <b class=""highlightcolor"">حيفا</b> التلفونية</div>"
543	difaa19430927-01.1.2	27 September 1943	difaa	Page 2	"<div class=""txtsearchsnippet"">... في سلاح الجو الملكي وجرى استعراض عسكرى صغير في <b class=""highlightcolor"">حيفا،</b> اما في انكلترا فكانت الاحتفالات كبيرة اشترك فيها سلاح ...</div>"
544	difaa19431215-01.1.2	15 December 1943	difaa	Page 2	"<div class=""txtsearchsnippet"">... تتوفر ادوات البناء والتعمير وستقيم عليها دارا لها في <b class=""highlightcolor"">مستشفى الحكومة</b> توفيت في <b class=""highlightcolor"">مستشفى الحكومة</b> امس امراة في الـ ...</div>"
545	difaa19461222-01.1.3	22 December 1946	difaa	Page 3	"<div class=""txtsearchsnippet"">... المدير العام للبنك العربي . وقد سافر امس الى <b class=""highlightcolor"">حيفا</b> عدد كبير من اهالي المدينة والمدن الأخرى والقرى لاستقباله ...</div>"
546	difaa19470122-01.1.2	22 January 1947	difaa	Page 2	"<div class=""txtsearchsnippet"">وقف شحن الحمضيات بالسكة الحديد الى <b class=""highlightcolor"">حيفا</b></div>"
547	difaa19471225-01.1.2	25 December 1947	difaa	Page 2	"<div class=""txtsearchsnippet"">... اليوم او غداً. وتوقف امس ايضا ارسال الحمصيات الى <b class=""highlightcolor"">حيفا</b> بطريق السكة الحديدية . و بدت حركة نقل الحمضيات ...</div>"
548	difaa19460512-01.1.3	12 May 1946	difaa	Page 3	"<div class=""txtsearchsnippet"">... عمار عطوفة احمد حلمى باشا لقضاء بعض الاعمال هناك <b class=""highlightcolor"">حيفا</b> - زار حاكم اللواء امس دار القنصلية | السورية ...</div>"
549	difaa19461205-01.1.3	5 December 1946	difaa	Page 3	"<div class=""txtsearchsnippet"">... البحر معتدلا و مصحوبا بارتفاع المياه من الغرب. اجتماعيات <b class=""highlightcolor"">حيفا</b> - وصل الامير محمد الصالح والامير معبد القادر الصالح ...</div>"
550	difaa19470725-01.1.3	25 July 1947	difaa	Page 3	"<div class=""txtsearchsnippet"">... الذي يعقد هناك برئاسة للمستر لو ، حاكم لواء <b class=""highlightcolor"">حيفا.</b> يافا - سافر الحاج خالد الفرخ سكرتير لجنة تنظيم ...</div>"
551	difaa19471120-01.1.2	20 November 1947	difaa	Page 2	"<div class=""txtsearchsnippet"">... وتنظيم الاعمال وافرت الترتيبات اللازمة ، وارسل إلى ميناء <b class=""highlightcolor"">حيفا</b> بطريق السكة الحديدية امس الاول ٤٤٧٧ صندوقا ، وارسل ...</div>"
552	difaa19480405-01.1.2	5 April 1948	difaa	Page 2	"<div class=""txtsearchsnippet""><b class=""highlightcolor"">حيفا</b> - من مآثر السيدات العربيات القيمة في مواساة الجرحى ...</div>"
553	difaa19400623-01.1.2	23 June 1940	difaa	Page 2	"<div class=""txtsearchsnippet"">على أثر مرض ألم بي فاني اذ اغادر <b class=""highlightcolor"">مستشفى الحكومة</b> بالشفاء التام لا يسعني الا ان اقدم خالص ...</div>"
554	difaa19410107-01.1.2	7 January 1941	difaa	Page 2	"<div class=""txtsearchsnippet"">رسالة <b class=""highlightcolor"">حيفا</b> التلفونية</div>"
555	difaa19401202-01.1.3	2 December 1940	difaa	Page 3	"<div class=""txtsearchsnippet"">عاد من <b class=""highlightcolor"">حيفا</b> والشمال سعادة السر ترسند قاضي القضاة والمسجل الأعلى المستر ...</div>"
556	difaa19401128-01.1.3	28 November 1940	difaa	Page 3	"<div class=""txtsearchsnippet"">... كان يعمل في الباخرة وقد كسرت رجله ونقل الى <b class=""highlightcolor"">مستشفى الحكومة</b></div>"
557	difaa19420128-01.1.2	28 January 1942	difaa	Page 2	"<div class=""txtsearchsnippet"">توفيت صباح أمس في <b class=""highlightcolor"">مستشفى الحكومة</b> بيافا القناة خيرية سعيد من المنشية وكانت قد ...</div>"
558	difaa19410724-01.1.2	24 July 1941	difaa	Page 2	"<div class=""txtsearchsnippet"">... في البلدين تنضمن ملاحظاتهم . وفاة طفل نقل الى <b class=""highlightcolor"">مستشفى الحكومة</b> امس الطفل فاروق خليل الغرابلي البالغ من ا ...</div>"
559	difaa19430524-01.1.3	24 May 1943	difaa	Page 3	"<div class=""txtsearchsnippet"">... العيساوية في قريته فاصيب برصاصة في صدره ونقل الى <b class=""highlightcolor"">مستشفى الحكومة</b> بحالة خطره . وقد ذهبت قوة من البوليس ...</div>"
560	difaa19430516-01.1.3	16 May 1943	difaa	Page 3	"<div class=""txtsearchsnippet"">... مصطفى والرئيس الاول نوري جميل . وقد وصلوا بطريق <b class=""highlightcolor"">حيفا</b> وبعد استراحة قليلة زاروا رئيس البعثة في نزله كما ...</div>"
561	difaa19430616-01.1.3	16 June 1943	difaa	Page 3	"<div class=""txtsearchsnippet"">... استوردتها الجمعية على حسابها وهي ٢٢٥. توجه اليوم الى <b class=""highlightcolor"">حيفا</b> الدين بركات باشا ترافقه السيدة الفاضلة عقيلته. - ابرق ...</div>"
562	difaa19430922-01.1.3	22 September 1943	difaa	Page 3	"<div class=""txtsearchsnippet"">... في اول الشهر القادم قضايا محكمة الجنايات الكبرى في <b class=""highlightcolor"">حيفا</b> فيها بلي القضايا التي ستنظرها محكمة الجنايات الكبرى في ...</div>"
563	difaa19370404-01.1.3	4 April 1937	difaa	Page 3	"<div class=""txtsearchsnippet"">... قبل الجنود والمعروف ان هذا تدبير عسكري احتياطا للطوارىء <b class=""highlightcolor"">حيفا</b> وفاة بجاهد سوري والاحتفال بدفنه <b class=""highlightcolor"">حيفا</b> في ٣ نيسان ...</div>"
564	difaa19351123-01.1.4	23 November 1935	difaa	Page 4	"<div class=""txtsearchsnippet"">قال مراسلنا في <b class=""highlightcolor"">حيفا:</b> وضع مراسل هذه الجريدة صندوقا علقه على باب البنك ...</div>"
565	difaa19380626-01.1.7	26 June 1938	difaa	Page 7	"<div class=""txtsearchsnippet"">جمع فرد بین - <b class=""highlightcolor"">حيفا</b> فى ٢٥ حزيران – لمراجل ! الدفاع الخاص- حوالي ...</div>"
566	difaa19400619-01.1.2	19 June 1940	difaa	Page 2	"<div class=""txtsearchsnippet"">... يافا . الفرد زخريا يافا . اديب جدع - <b class=""highlightcolor"">حيفا</b> . حاتم الخالدي القدس اسعد خوري - صفد. سعيد ...</div>"
567	difaa19460120-01.1.2	20 January 1946	difaa	Page 2	"<div class=""txtsearchsnippet"">... ويجري الان مسعى لتسوية المشكاة بطريق للمفاوضات. لانجاح المقاطعة <b class=""highlightcolor"">حيفا</b> - عقدت الندوة القروية اجتماعا شعبيا لبحث الطرق الفعالة ...</div>"
568	difaa19460220-01.1.3	20 February 1946	difaa	Page 3	"<div class=""txtsearchsnippet"">... مفتش المحاكم الشرعية بجولة تفتيشية على المحاكم الشرعية في <b class=""highlightcolor"">حيفا</b> وللمنطقة الشمالية يافا - سافر السيد نقولا جلاد السكرتير ...</div>"
569	difaa19460120-01.1.3	20 January 1946	difaa	Page 3	"<div class=""txtsearchsnippet"">... الغداء على مائدة السيد فريد ارشيد ثم سافر الى <b class=""highlightcolor"">حيفا</b> عالمية السعد <b class=""highlightcolor"">حيفا</b> - زار صباح اليوم عطوفة احمد ...</div>"
570	difaa19461017-01.1.3	17 October 1946	difaa	Page 3	"<div class=""txtsearchsnippet"">... ٢١ الجاري فيصلان الى بيروت يوم ٢٥ منه والى <b class=""highlightcolor"">حيفا</b> يوم ٢٦ دو علم انه سيعود في الباخرة للذكوارة ...</div>"
571	difaa19460123-01.1.3	23 January 1946	difaa	Page 3	"<div class=""txtsearchsnippet"">... الفريق كلوب باشا قائد الجيش العربي وتفقد سرايا الجيش <b class=""highlightcolor"">حيفا</b> العربي المعسكرة بفلسطين ورافقه القائد احمد صدقي بك الجندي ...</div>"
572	difaa19450724-01.1.3	24 July 1945	difaa	Page 3	"<div class=""txtsearchsnippet"">... صاحب الجلالة الملك فيصل الثاني لنادي الشباب العربي . <b class=""highlightcolor"">حيفا</b> - وصل <b class=""highlightcolor"">حيفا</b> طائراً السيد ابراهيم باسيلي المفتش بدائرة ...</div>"
573	difaa19470907-01.1.2	7 September 1947	difaa	Page 2	"<div class=""txtsearchsnippet"">... جنيه لقرى قضاء الله ومثل هذا للبلغ لقرى قضاء <b class=""highlightcolor"">حيفا</b> ١٥٠ الفا لقرى قضاء القدس و ۲۰ الفا اترى ...</div>"
574	difaa19350821-01.1.7	21 August 1935	difaa	Page 7	"<div class=""txtsearchsnippet"">... منها ٥٠٠ للسادة صوراني وشت ومن ثم غادرتما ووجهتها <b class=""highlightcolor"">حيفا.</b> حمية شاب تقضي عليه نزل الشابين احمد خليل فرحات ...</div>"
575	difaa19380916-01.1.4	16 September 1938	difaa	Page 4	"<div class=""txtsearchsnippet"">نقل ابراهيم النجمي من <b class=""highlightcolor"">مستشفى الحكومة</b> في يافا الى مستشفى هداسا في تل أبيب. ...</div>"
576	difaa19380920-01.1.5	20 September 1938	difaa	Page 5	"<div class=""txtsearchsnippet"">جاءنا من الجنة اسعاف الكرمل في <b class=""highlightcolor"">حيفا</b> القائمة التالية باسماء السادة المتبرعين لأعانة المنكوبين: جنيهات حرم ...</div>"
577	difaa19370516-01.1.2	16 May 1937	difaa	Page 2	"<div class=""txtsearchsnippet"">... للثاني بمدية في كتفه الايمن وقد نقل المصاب الى <b class=""highlightcolor"">مستشفى الحكومة</b> وفي الضارب والبوليس جاد في تعقيب اثره . ...</div>"
578	difaa19360618-01.1.4	18 June 1936	difaa	Page 4	"<div class=""txtsearchsnippet"">... و البيض والخضار في مركبه البخارى من لبنان الى <b class=""highlightcolor"">حيفا</b> ومنها الى تل ابيب ممريد الحصر المدينة القديمة انذاء ...</div>"
579	difaa19380523-01.1.1	23 May 1938	difaa	Page 1	"<div class=""txtsearchsnippet"">مقتل يهودي في القدس والرصاص على جاويش اضافى فى <b class=""highlightcolor"">حيفا</b> وأسر شخص والعبث بالخط مقتل خفير يهودي واصابة آخر ...</div>"
580	difaa19380804-01.1.8	4 August 1938	difaa	Page 8	"<div class=""txtsearchsnippet"">قنبلة واصابة <b class=""highlightcolor"">حيفا</b> في ٣ آب - لمراحل الدفاع الخاص - القيت ...</div>"
581	difaa19380730-01.1.6	30 July 1938	difaa	Page 6	"<div class=""txtsearchsnippet"">... الى مستشفى هداها بعد ان اجرى الكشف عليه في <b class=""highlightcolor"">مستشفى الحكومة</b> وقد وضعت السلطة امام غرفته اثنين من البوليس ...</div>"
582	difaa19380721-01.1.5	21 July 1938	difaa	Page 5	"<div class=""txtsearchsnippet"">... لكنها لم تعثر عليهم جريحان عربيان يتماثلان للشفاء غادر <b class=""highlightcolor"">مستشفى الحكومة</b> اليوم السيد محمد مصطفى ادريس - من القدس ...</div>"
583	difaa19341128-01.1.7	28 November 1934	difaa	Page 7	"<div class=""txtsearchsnippet"">... عانية انفار من رجال البوليس اليهود، خمسة منهم من <b class=""highlightcolor"">حيفا</b> وواحد من الياجور وواحد من الخضيرة والثامن من طبريا ...</div>"
584	difaa19350415-01.1.4	15 April 1935	difaa	Page 4	"<div class=""txtsearchsnippet"">قاو مراسلنا في <b class=""highlightcolor"">حيفا</b> جاء الى وكالة هذه الجريدة السيد عبد الله ناجى ...</div>"
585	difaa19370128-01.1.1	28 January 1937	difaa	Page 1	"<div class=""txtsearchsnippet"">... بين سوريا وابنا على المصالح المشتركة يوم السبت القادم <b class=""highlightcolor"">حيفا</b> اطلاق الرصاص على طبيب عربي <b class=""highlightcolor"">حيفا</b> في ٢٧ كانون ...</div>"
586	difaa19380613-01.1.8	13 June 1938	difaa	Page 8	"<div class=""txtsearchsnippet"">... ا شيء ولم يقبض على احد النار في بيدر <b class=""highlightcolor"">حيفا</b> في ۱۲ حزيران - لمراحل ا الدفاع الخاص - ...</div>"
587	difaa19370919-01.1.3	19 September 1937	difaa	Page 3	"<div class=""txtsearchsnippet"">... . اصابة عربي بجرح في رأسه جيء اليوم الى <b class=""highlightcolor"">مستشفى الحكومة</b> بالسيد احمد داود وهو مصاب بجرح في رأسه ...</div>"
588	difaa19450528-01.1.3	28 May 1945	difaa	Page 3	"<div class=""txtsearchsnippet"">... الرياض تمهيدا لتعبيد شوارعها ضبط بوليس المباحث الجنائية سيارة <b class=""highlightcolor"">حيفا</b> شحن كبيرة محملة شعير او بعد التحقيق | تبين ...</div>"
589	difaa19470714-01.1.2	14 July 1947	difaa	Page 2	"<div class=""txtsearchsnippet"">... الجنائية الى ظهر الباخرة كاديا عند وصولها الى ميناء <b class=""highlightcolor"">حيفا</b> صباح أمس، واعتقلو استة من اليهود الارهابيين الذين هربوا ...</div>"
590	difaa19470630-01.1.2	30 June 1947	difaa	Page 2	"<div class=""txtsearchsnippet""><b class=""highlightcolor"">حيفا</b> - احتفلت مدرسة الحكومة الصناعية امس بتوزيع الشهادات على ...</div>"
591	difaa19471006-01.1.2	6 October 1947	difaa	Page 2	"<div class=""txtsearchsnippet"">... اعضاء الجالية الارمنية عائدين الى بلادهم عن طريق ميناء <b class=""highlightcolor"">حيفا،</b> وقد ودعهم عدد كبير من اصدقائهم ومعارفهم العرب بيافا ...</div>"
592	difaa19471030-01.1.2	30 October 1947	difaa	Page 2	"<div class=""txtsearchsnippet""><b class=""highlightcolor"">حيفا</b> - لم تسفر المقابلة التي تمت بين مفوض الخدمات ...</div>"
593	difaa19471029-01.1.2	29 October 1947	difaa	Page 2	"<div class=""txtsearchsnippet"">... صندوق ، وسيباشر في شحنها يوم ٨ الشهر القادم <b class=""highlightcolor"">حيفا</b> - ينتظر ان تصل للبناء غدا الخميس - الباخرة ...</div>"
594	difaa19471114-01.1.4	14 November 1947	difaa	Page 4	"<div class=""txtsearchsnippet"">... البحث فيه شئون الميزانية . حفلة تأبين فقيد العمال <b class=""highlightcolor"">حيفا</b> - وجهت لجنة تأبين العمال المرحوم سامي طه الدعوات ...</div>"
595	difaa19440418-01.1.2	18 April 1944	difaa	Page 2	"<div class=""txtsearchsnippet"">... المفرق والمستهلكين على السواء استلام اللحوم يذهب اليوم الى <b class=""highlightcolor"">حيفا</b> بعض ممثلى تجار اللحوم في المدينة لاستلام المواشي المخصصة ...</div>"
596	difaa19480209-01.1.2	9 February 1948	difaa	Page 2	"<div class=""txtsearchsnippet"">... على ارسال قوة عسكرية الجند على اعمال السكك تدرس <b class=""highlightcolor"">حيفا</b> - بوشر بتدريب رجال الجيش على بعض اعمال السكك ...</div>"
597	difaa19480204-01.1.2	4 February 1948	difaa	Page 2	"<div class=""txtsearchsnippet"">... البحث شئون الامن وترتيباته ، الحرس المصري لحماية القنصلية <b class=""highlightcolor"">حيفا</b> - يتوقع ان يصل خلال الايام القليلة الحرس المصري ...</div>"
598	difaa19450304-01.1.3	4 March 1945	difaa	Page 3	"<div class=""txtsearchsnippet"">... في فلسطين والقس فريد عوده راعي الطائفة الانجيلية في <b class=""highlightcolor"">حيفا</b> وحلا ضيفين على القس خليل جمل . حيث تفقد ...</div>"
599	difaa19480330-01.1.3	30 March 1948	difaa	Page 3	"<div class=""txtsearchsnippet"">وقتل على طريق <b class=""highlightcolor"">حيفا</b> - تل ابيب و نيان ملاميد وقتل في <b class=""highlightcolor"">حيفا</b> ...</div>"
600	difaa19460411-01.1.2	11 April 1946	difaa	Page 2	"<div class=""txtsearchsnippet"">توسيع مكاتب دائرة البريد والطرود في <b class=""highlightcolor"">حيفا</b></div>"
601	difaa19470127-01.1.3	27 January 1947	difaa	Page 3	"<div class=""txtsearchsnippet"">... القتام في الشمال .. وتهب الرياح قوية في خليج <b class=""highlightcolor"">حيفا</b> من الشرق والشمال الشرقي . وتكون الرياح شمالية شرقية ...</div>"
602	difaa19461021-01.1.3	21 October 1946	difaa	Page 3	"<div class=""txtsearchsnippet"">... الطبري ويقوم باعماله رئيس الكتبة فضيلة الشيخ عمر القيمري <b class=""highlightcolor"">حيفا</b> - القى فضيلة الشيخ تقي الدين النبهاني محاضرة في ...</div>"
603	difaa19470326-01.1.3	26 March 1947	difaa	Page 3	"<div class=""txtsearchsnippet"">... من من حين إلى آخر للقيام بدراسات جديدة . <b class=""highlightcolor"">حيفا</b> - حاد من القاهرة السيد انيس نصر نائب رئيس ...</div>"
604	difaa19470710-01.1.2	10 July 1947	difaa	Page 2	"<div class=""txtsearchsnippet"">... والقائمين على أمر الدير . مهرجان لجنة المعارف الاسلامية <b class=""highlightcolor"">حيفا</b> - تقيم لجنة المعارف الاسلامية مهرجانها الرياضى في الساعة ...</div>"
605	difaa19470716-01.1.3	16 July 1947	difaa	Page 3	"<div class=""txtsearchsnippet"">... وعين بدلا منه المستر ايلف، مدير دائرة الآثار القدعة <b class=""highlightcolor"">حيفا</b> - وصل عكا نائب مدير السجون العام الميجور بردمفيلد ...</div>"
606	difaa19470812-01.1.2	12 August 1947	difaa	Page 2	"<div class=""txtsearchsnippet"">لجنة انتخابات بلدية <b class=""highlightcolor"">حيفا</b></div>"
607	difaa19470421-01.1.3	21 April 1947	difaa	Page 3	"<div class=""txtsearchsnippet"">... البدو في مدة ليست بعيدة .. هيفا ادخل الى <b class=""highlightcolor"">مستشفى الحكومة</b> بحيفا السيد فرج ناصيف جبور لاصابته بطعنة من ...</div>"
608	difaa19460903-01.1.3	3 September 1946	difaa	Page 3	"<div class=""txtsearchsnippet"">... وقع طيب في النفوس وقع حادث اصطدام على طريق <b class=""highlightcolor"">حيفا</b> قرب مستعمرة رحاتايم بين دراجة نارية يركبها خليل عبد ...</div>"
609	difaa19470713-01.1.4	13 July 1947	difaa	Page 4	"<div class=""txtsearchsnippet"">... منطقة الى اخرى ، وان الهاغانا علقت في شوارع <b class=""highlightcolor"">حيفا</b> امس نشرات ارهابية ضد الارهابيين الثمانية الذين امرتهم بالخروج ...</div>"
610	difaa19480102-01.1.2	2 January 1948	difaa	Page 2	"<div class=""txtsearchsnippet"">... مذكرة الموظفين بحيفا . واستمرار انقطاعهم من الدوائر - <b class=""highlightcolor"">حيفا</b> - قدم صباح امس السيد احمد الخليل قاضي الصلح ...</div>"
611	difaa19460125-01.1.3	25 January 1946	difaa	Page 3	"<div class=""txtsearchsnippet"">... لواء القدس وباشر عمله امس الخميس، وقام بزيارة الموظفين <b class=""highlightcolor"">حيفا</b> - ما زال فضيلة القاضي الشيخ مصطفى الموري موضع ...</div>"
612	difaa19450605-01.1.3	5 June 1945	difaa	Page 3	"<div class=""txtsearchsnippet"">الاميرية بقضاء نالت مدرسة جيع جينا <b class=""highlightcolor"">حيفا</b> الجائزة الأولى في مسابقة حدائق فلسطين وسيعطى للمدرسة المذكورة ...</div>"
613	difaa19400625-01.1.2	25 June 1940	difaa	Page 2	"<div class=""txtsearchsnippet"">يسافر صباح اليوم الى <b class=""highlightcolor"">حيفا</b> المستر بوب مدير ميناء يافا للاجتماع بمدير الجمارك العام ...</div>"
614	difaa19410813-01.1.2	13 August 1941	difaa	Page 2	"<div class=""txtsearchsnippet"">... . وقد عثر على جنتها صباح امس فنقلت الى <b class=""highlightcolor"">مستشفى الحكومة</b> ببافا . ثم حولت</div>"
615	difaa19391213-01.1.6	13 December 1939	difaa	Page 6	"<div class=""txtsearchsnippet"">... المجموع وقد صدر ٣٤٦٢٥٥ صندوقا من المجموع من طريق <b class=""highlightcolor"">حيفا</b> و ۱۳۲۳۰۸ صناديق عن طريق يافا و ٢٥٩٤٤ صندوقا ...</div>"
616	difaa19450213-01.1.3	13 February 1945	difaa	Page 3	"<div class=""txtsearchsnippet"">... مساعد مدير المعهد البريطاني بالقدس وسيعود بعد مدة قصيرة <b class=""highlightcolor"">حيفا</b> - تلقى النكاتبة اوليفيا ما نتج محاضرة في قاعة ...</div>"
617	difaa19480415-01.1.3	15 April 1948	difaa	Page 3	"<div class=""txtsearchsnippet"">... ابناء السلامة واقر به عيون والديه . مولود مبارك <b class=""highlightcolor"">حيفا</b> - رزق السيد محمد ابو زايد مولودا ذكرا اسماه ...</div>"
618	difaa19350419-01.1.5	19 April 1935	difaa	Page 5	"<div class=""txtsearchsnippet"">صادر من المحكمة الشرعية <b class=""highlightcolor"">حيفا</b> ب تقدمت الينا مضبطة موقعة من ا مختار مدينة ...</div>"
619	difaa19350821-01.1.4	21 August 1935	difaa	Page 4	"<div class=""txtsearchsnippet"">... من محلة العجمي ضربه بقطعة حديد فنقل الجريح الى <b class=""highlightcolor"">مستشفى الحكومة</b> والقي القبض على المتهم رهن التحقيق .</div>"
620	difaa19440721-01.1.3	21 July 1944	difaa	Page 3	"<div class=""txtsearchsnippet"">الف جنيه لانقاذ الاراضى - مسابقة الحدائق الاميرية <b class=""highlightcolor"">حيفا</b> في ٢٠ تموز - مراسل الدفاع الخاص - كان ...</div>"
621	difaa19400913-01.1.2	13 September 1940	difaa	Page 2	"<div class=""txtsearchsnippet"">... صدره فقتل فى الحال . نقل صباح امس الى <b class=""highlightcolor"">مستشفى الحكومة</b> وحولت اورقه الى قائمة ام المدينة فأصدر قراراً ...</div>"
622	difaa19410411-01.1.2	11 April 1941	difaa	Page 2	"<div class=""txtsearchsnippet"">... فى مواعيد القطارات التي تسير بين يافا والقدس وبين <b class=""highlightcolor"">حيفا</b> والقنطرة وأن محطات دير البلح ودير اسنيد واسدود سوف ...</div>"
623	difaa19420531-01.1.3	31 May 1942	difaa	Page 3	"<div class=""txtsearchsnippet"">رسالة <b class=""highlightcolor"">حيفا</b> التلفونية</div>"
624	difaa19430623-01.1.3	23 June 1943	difaa	Page 3	"<div class=""txtsearchsnippet"">... العربية في مدة قريبة - توفيت مساء امس في <b class=""highlightcolor"">مستشفى الحكومة</b> المرأة الاردنية ماري شابتيان التى - اطلق زوجها ...</div>"
625	difaa19431213-01.1.3	13 December 1943	difaa	Page 3	"<div class=""txtsearchsnippet"">احتفال الهيئات والنوادي الوطنية بعيد الاضحى المبارك <b class=""highlightcolor"">حيفا</b> في ١٢ كانون الأول - لمراسل الدفاع الخاص احتفلت ...</div>"
626	difaa19380413-01.1.4	13 April 1938	difaa	Page 4	"<div class=""txtsearchsnippet"">... (جت) ويقدر عنها بـ ٨٠ جنيها تبادل اشارات ه <b class=""highlightcolor"">حيفا</b> في ١٢ نيسان - لمراسل . الدفاع الخاص- حلقت ...</div>"
627	difaa19380405-01.1.5	5 April 1938	difaa	Page 5	"<div class=""txtsearchsnippet"">... قرية بلعا الذي حوكم أمام المحكمة العسكرية المنعقدة في <b class=""highlightcolor"">حيفا</b> لحيازته على بندقية صيد ووافق على قرار المحكمة بأطلاق ...</div>"
628	difaa19380512-01.1.5	12 May 1938	difaa	Page 5	"<div class=""txtsearchsnippet"">... وصول القائد العام و اجتماع بدائرة القائمقام وصل الى <b class=""highlightcolor"">حيفا</b> القائد العام للقوات البريطانية في فلسطين وشرقي الاردن واجتمع ...</div>"
629	difaa19380915-01.1.4	15 September 1938	difaa	Page 4	"<div class=""txtsearchsnippet"">... مستشفى بافا وفي ليلة امس دخل شخص عربي مهول <b class=""highlightcolor"">مستشفى الحكومة</b> في بان و اطلق النجمي النار على مريض ...</div>"
630	difaa19380616-01.1.4	16 June 1938	difaa	Page 4	"<div class=""txtsearchsnippet"">... في كل يوم خميس، وذلك فى حديقة المسكوب امام <b class=""highlightcolor"">مستشفى الحكومة</b> ولا يستوفي شيء من الجمهور لقاء أستماعه لهذا ...</div>"
631	difaa19380616-01.1.5	16 June 1938	difaa	Page 5	"<div class=""txtsearchsnippet"">... في كل يوم خيس وذلك في حديقة المسكوب امام <b class=""highlightcolor"">مستشفى الحكومة</b> ولا يستوفى شيء من الجمهور لقاء استماعه لهذا ...</div>"
632	difaa19380627-01.1.4	27 June 1938	difaa	Page 4	"<div class=""txtsearchsnippet"">... و اطلق عربيان مساء امس النار على عربی باراضي <b class=""highlightcolor"">مستشفى الحكومة</b> محيفا فقتل . واطلقت صباح هذا اليوم الباكر ...</div>"
633	difaa19400310-01.1.2	10 March 1940	difaa	Page 2	"<div class=""txtsearchsnippet"">... الى تصدير كميات كبيرة بواسطة السكة بطريق الترانزيت إلى <b class=""highlightcolor"">حيفا</b> وبلغت الكمية التي شحنت اليها امس ثلاثة آلاف صندوق</div>"
634	difaa19360922-01.1.4	22 September 1936	difaa	Page 4	"<div class=""txtsearchsnippet"">... لمر ل الدوع الخاص : هجم الثوار ليلة امس <b class=""highlightcolor"">حيفا</b> السيارات اليهودية بالقرب من مستعمرة الباجور ، وقد هرعت ...</div>"
635	difaa19400425-01.1.4	25 April 1940	difaa	Page 4	"<div class=""txtsearchsnippet"">بارجة بريطانية السفينة التركية ورافقتها الى <b class=""highlightcolor"">حيفا</b> حيث صودرت واعتقل بحارتها . اما المهاجرون الذين فيها ...</div>"
636	difaa19371222-01.1.5	22 December 1937	difaa	Page 5	"<div class=""txtsearchsnippet"">... اشهر موجب قانون الطواريء . وقد نقل فوراً الى <b class=""highlightcolor"">مستشفى الحكومة</b> في القدس. وخف الى مكان الحادث ضابط مركز ...</div>"
637	difaa19380105-01.1.5	5 January 1938	difaa	Page 5	"<div class=""txtsearchsnippet""><b class=""highlightcolor"">حيفا</b></div>"
638	difaa19380112-01.1.5	12 January 1938	difaa	Page 5	"<div class=""txtsearchsnippet"">... حادث انفجار انابيب البترول الى القرية قوات على طريق <b class=""highlightcolor"">حيفا</b> ــ الناصرة حدثنا احد القادمين من <b class=""highlightcolor"">حيفا</b> انه لا ...</div>"
639	difaa19441205-01.1.2	5 December 1944	difaa	Page 2	"<div class=""txtsearchsnippet"">نقلت الى <b class=""highlightcolor"">مستشفى الحكومة</b> بيانا امس جنت الاشخاص الاربعة الذين قتلواني حادت ...</div>"
640	difaa19470219-01.1.2	19 February 1947	difaa	Page 2	"<div class=""txtsearchsnippet"">... اليوم ارسال عربات شحن الحمضيات بالسكة الحديد الى ميناء <b class=""highlightcolor"">حيفا</b> بعد ان توقف بومين . وقد خصصت ١٠٠ عربة ...</div>"
641	difaa19450708-01.1.3	8 July 1945	difaa	Page 3	"<div class=""txtsearchsnippet"">... شيمان الفاعود - امير عرب الفضل بسوريا وقوبل بحفاوة <b class=""highlightcolor"">حيفا</b> - يسافر اليوم الى نابلس المستر فولر وكيل حاكم ...</div>"
642	difaa19471010-01.1.3	10 October 1947	difaa	Page 3	"<div class=""txtsearchsnippet"">القدس - عاد من <b class=""highlightcolor"">حيفا</b> امس سعادة قنصل المملكة المصرية احمد محمد بك فراج ...</div>"
643	difaa19471222-01.1.2	22 December 1947	difaa	Page 2	"<div class=""txtsearchsnippet"">قارب يهودي مريب في ميناء <b class=""highlightcolor"">حيفا</b></div>"
644	difaa19480415-01.1.2	15 April 1948	difaa	Page 2	"<div class=""txtsearchsnippet""><b class=""highlightcolor"">حيفا</b> - لا يزال عمال شركة تكرير البترول متوقفين عن ...</div>"
645	difaa19450625-01.1.3	25 June 1945	difaa	Page 3	"<div class=""txtsearchsnippet"">... من موظفى المعهد البريطاني بالقدس لتمضية مدة هناك القدس <b class=""highlightcolor"">حيفا</b> - اقامت جمعية مهندسى العرب في اللواء الشمالي حفلة ...</div>"
646	difaa19420206-01.1.3	6 February 1942	difaa	Page 3	"<div class=""txtsearchsnippet"">... مفلح السعد كاتب المحكمة الشرعية هناك الذي نقل الى <b class=""highlightcolor"">حيفا</b> بدلا من السيد ممدوح التميمي. وتبتدى هذه التبدلات اعتبار ...</div>"
647	difaa19420114-01.1.2	14 January 1942	difaa	Page 2	"<div class=""txtsearchsnippet"">ادخل <b class=""highlightcolor"">مستشفى الحكومة</b> بيافا امس الأول الطفل محمد خالد مشتهى من ...</div>"
648	difaa19420317-01.1.2	17 March 1942	difaa	Page 2	"<div class=""txtsearchsnippet"">... ايام مبلغ ١٦۰۰ جنيه من صندوق دير الكرمليين في <b class=""highlightcolor"">حيفا</b> وتولى البوليس التحقيق والبحث عن المبلغ حتى عثر عليه ...</div>"
649	difaa19430205-01.1.2	5 February 1943	difaa	Page 2	"<div class=""txtsearchsnippet"">... عبئاً لا ذنب لهم فيه بعثت الغرفة التجارية في <b class=""highlightcolor"">حيفا</b> ببرقيتين حول السماح للنجار باستيراد الارز على مسئوليتهم وبيعه ...</div>"
650	difaa19430222-01.1.3	22 February 1943	difaa	Page 3	"<div class=""txtsearchsnippet"">طير تجار اللحوم العرب بالجملة في <b class=""highlightcolor"">حيفا</b> برقية الى فخامة المندوب السامي وجاء تنا نسخة منها ...</div>"
651	difaa19430613-01.1.2	13 June 1943	difaa	Page 2	"<div class=""txtsearchsnippet"">... المستشفى - الولادة المنوى اقامته على قطعة الأرض امام <b class=""highlightcolor"">مستشفى الحكومة</b> من الجهة الشرقية وقد عدت خرائط المشروع ووفق ...</div>"
652	difaa19430713-01.1.2	13 July 1943	difaa	Page 2	"<div class=""txtsearchsnippet"">... اذ كانت ۲۰٫٦ نقطة وفي القدس ١٨,٦ نقطة وفي <b class=""highlightcolor"">حيفا</b> ٥ ١٤ نقطة اما في الاسواق اليهودية فكانت الزيادة ...</div>"
653	difaa19431007-01.1.2	7 October 1943	difaa	Page 2	"<div class=""txtsearchsnippet"">نقابة الملاكين العرب في <b class=""highlightcolor"">حيفا</b> تقرير الشكوى من امور تمس مصالح الملاكين</div>"
654	difaa19440119-01.1.3	19 January 1944	difaa	Page 3	"<div class=""txtsearchsnippet"">... الصحف : شركة فرج الله اعلان صادر من محكمة <b class=""highlightcolor"">حيفا</b> الشرعية إلى عبد الغني بن الشيخ سليم اللبابيدي من ...</div>"
655	difaa19341016-01.1.4	16 October 1934	difaa	Page 4	"<div class=""txtsearchsnippet"">... الشحنة السابقة ! نقل موظف نشيط قال مراسلنا في <b class=""highlightcolor"">حيفا</b> : نقل السيد صلاح الدين شيحا مأمور المهاجرة في ...</div>"
656	difaa19460327-01.1.3	27 March 1946	difaa	Page 3	"<div class=""txtsearchsnippet""><b class=""highlightcolor"">حيفا</b> - فادر المدينة الى انكلترا مدير و ليس <b class=""highlightcolor"">حيفا</b> ...</div>"
657	difaa19471216-01.1.1	16 December 1947	difaa	Page 1	"<div class=""txtsearchsnippet"">... سيارتين لقوة الحدود بالقدس وثالثة للشركة الوطنية على طريق <b class=""highlightcolor"">حيفا</b> - يافا</div>"
658	difaa19480129-01.1.1	29 January 1948	difaa	Page 1	"<div class=""txtsearchsnippet"">... الزحلان حيث أجريت لهم الاسعافات الاولية ثم نقلوا الى <b class=""highlightcolor"">مستشفى الحكومة</b> بيافا. و بينها كانت سيارة باص تابعة لشركة ...</div>"
659	difaa19480114-01.1.1	14 January 1948	difaa	Page 1	"<div class=""txtsearchsnippet"">... انفجاراً في الشيخ جراح وبيت دجن وضرب سيارتين في <b class=""highlightcolor"">حيفا</b> مناوشات في المنشية والجبالية وتل الريش - مهاجمة محطة ...</div>"
660	difaa19441124-01.1.2	24 November 1944	difaa	Page 2	"<div class=""txtsearchsnippet""><b class=""highlightcolor"">حيفا</b> ـ ذهبت لجنة صندوق الامة بحيفا بناء على دعوة ...</div>"
661	difaa19451225-01.1.3	25 December 1945	difaa	Page 3	"<div class=""txtsearchsnippet"">... عرف انها من اهالي قرية الطيبة وقد نقلت الى <b class=""highlightcolor"">مستشفى الحكومة.</b> يسافر اليوم الى القاهرة المهندس جانا الزراعي السيد ...</div>"
662	difaa19471124-01.1.3	24 November 1947	difaa	Page 3	"<div class=""txtsearchsnippet"">- <b class=""highlightcolor"">حيفا</b> تلقينا الآتي من جمعية العمال العربية : عقد اجتماع ...</div>"
663	difaa19471228-01.1.2	28 December 1947	difaa	Page 2	"<div class=""txtsearchsnippet""><b class=""highlightcolor"">حيفا</b> - عقد ممثلو لجان المدينة المحلية اجتماعا ظهر امس ...</div>"
664	difaa19470427-01.1.2	27 April 1947	difaa	Page 2	"<div class=""txtsearchsnippet"">... / ٤٨ و ٣٦ ر ٩٠ لحماية اراضى عسفيا <b class=""highlightcolor"">حيفا</b> - زار مدير مكتب صندوق الامة بحيفا قرية عسفيا ...</div>"
665	difaa19471023-01.1.3	23 October 1947	difaa	Page 3	"<div class=""txtsearchsnippet"">... في بيتهما الكائن في ملك السيد رجا صمبر مقابل <b class=""highlightcolor"">مستشفى الحكومة</b> بالرملة وذلك ايام الجمعة والسبت والاحد والاثنين القادمة ...</div>"
666	difaa19441107-01.1.3	7 November 1944	difaa	Page 3	"<div class=""txtsearchsnippet"">... أن يأخذوا حيواناتهم صباح اليوم المذكور الى هناك للتطعيم <b class=""highlightcolor"">حيفا</b> - لمراسل الدفاع الخاص - يشكو سكان القرى من ...</div>"
667	difaa19440727-01.1.2	27 July 1944	difaa	Page 2	"<div class=""txtsearchsnippet"">... التي تشعر بامتهان الكرامة ، الغرفة التجارية العربية في <b class=""highlightcolor"">حيفا</b> إلى الاهتمام بهذا الموضوع الخطير ، ومن اجدر بالاهتمام ...</div>"
668	difaa19440925-01.1.3	25 September 1944	difaa	Page 3	"<div class=""txtsearchsnippet"">... . يتوجه القاضي البريطاني غدا الى نابلس ومنها الى <b class=""highlightcolor"">حيفا</b> للنظر في القضايا التي ستعرض عليه و يعود الى ...</div>"
669	difaa19460805-01.1.3	5 August 1946	difaa	Page 3	"<div class=""txtsearchsnippet"">... في القدس الى فندق كلاردج وكان يقيم قبلا في <b class=""highlightcolor"">مستشفى الحكومة</b> للسهر على حالة الجرحى العرب من المصابين في ...</div>"
670	difaa19451217-01.1.3	17 December 1945	difaa	Page 3	"<div class=""txtsearchsnippet"">... بخطوبة الشاب حنا حماتى من موظفي سكة حديد الاحد <b class=""highlightcolor"">حيفا</b> على الانسة فريدة كريمة السيد حنا نصر في حفل ...</div>"
671	difaa19461021-01.1.2	21 October 1946	difaa	Page 2	"<div class=""txtsearchsnippet"">... عتليت يوم الجمعة وسيطلق سراج ٤٥٠ شجن حمضيات من <b class=""highlightcolor"">حيفا</b> الريب ستشجن كميات الليمون الحامض والكر فروت التي سيفتتح ...</div>"
672	difaa19470401-01.1.4	1 April 1947	difaa	Page 4	"<div class=""txtsearchsnippet"">... الله الى القاهرة ببدأ اليوم بارسال البريد بالطائرة من <b class=""highlightcolor"">حيفا</b> الى القاهرة خمس مرات في الاسبوع في ايام الاحد ...</div>"
673	difaa19471104-01.1.3	4 November 1947	difaa	Page 3	"<div class=""txtsearchsnippet"">... و بعد قضاء بعض الاعمال ماد إلى لبنان . <b class=""highlightcolor"">حيفا</b> ـ يلقي فضيلة الشيخ سيد على جعفر محاضرة في ...</div>"
674	difaa19470915-01.1.2	15 September 1947	difaa	Page 2	"<div class=""txtsearchsnippet"">... يسوقها السيد صالح زغلول من اللد في طريقها الى <b class=""highlightcolor"">حيفا</b> تقل سنة من الراغبين في اداء فريضة الحج هذا ...</div>"
675	difaa19460411-01.1.3	11 April 1946	difaa	Page 3	"<div class=""txtsearchsnippet"">... أن توفيت وحولت . اوراقها الى القائمقام نقل الى <b class=""highlightcolor"">مستشفى الحكومة</b> بيافا عودة موسى مصطفى من قرية العباسية وعمره ...</div>"
676	difaa19450502-01.1.3	2 May 1945	difaa	Page 3	"<div class=""txtsearchsnippet"">... اجتماع نادي الروتارى بالقدس . القدس - توجه الى <b class=""highlightcolor"">حيفا</b> في زيارة رسمية مدير المعارف العام المستر فرل ، ...</div>"
677	difaa19470116-01.1.2	16 January 1947	difaa	Page 2	"<div class=""txtsearchsnippet"">تسير حركة شحن البرتقال من ميناء <b class=""highlightcolor"">حيفا</b> ببطء ملحوظ ، وليس فيها غير الباخرتين سمينلاند » ...</div>"
678	difaa19450318-01.1.3	18 March 1945	difaa	Page 3	"<div class=""txtsearchsnippet"">... توجه بعد ظهر امس ، السبت القدس ، الى <b class=""highlightcolor"">حيفا</b> الحاج عادل حماد ، رئيس نقابة موظفي الدرجة الثانية ...</div>"
679	difaa19450206-01.1.3	6 February 1945	difaa	Page 3	"<div class=""txtsearchsnippet"">... مكتب الارصاد الفلسطيني ان الطقس سيكون حسنا اليوم اجتماعيات <b class=""highlightcolor"">حيفا</b> - وصل الى <b class=""highlightcolor"">حيفا</b> سمو الامير مجيد ارسلان والشيخ ...</div>"
680	difaa19480402-01.1.2	2 April 1948	difaa	Page 2	"<div class=""txtsearchsnippet"">العدوان اليهودى القادر على قطار <b class=""highlightcolor"">حيفا</b> القنطرة مظهر من مظاهر الانتقام الاعمى سيدفع اليهود ثمنه ...</div>"
681	difaa19470507-01.1.3	7 May 1947	difaa	Page 3	"<div class=""txtsearchsnippet"">... عدد كبير من ادباء البلاد ووجهائها الحضور هذه المحاضرة. <b class=""highlightcolor"">حيفا</b> - وصل الى <b class=""highlightcolor"">حيفا</b> المحرر التركي المعروف السيد هداية ...</div>"
682	difaa19470608-01.1.3	8 June 1947	difaa	Page 3	"<div class=""txtsearchsnippet"">... اقامة طويلة هناك عملت خلالها في بعد المكتب العربي <b class=""highlightcolor"">حيفا</b> غادر المدينة امس الى بيروت لقضاء عمالة الاسبوع مستر ...</div>"
683	difaa19480219-01.1.4	19 February 1948	difaa	Page 4	"<div class=""txtsearchsnippet"">... 4 وعمره ٨ سنوات واصابته بوجهه وبطنه . في <b class=""highlightcolor"">مستشفى الحكومة</b> بيافا و نقل الى <b class=""highlightcolor"">مستشفى الحكومة</b> منهم السادة ...</div>"
684	difaa19470711-01.1.4	11 July 1947	difaa	Page 4	"<div class=""txtsearchsnippet"">... احد افراد قوات جلالته . اخطار القنابل المتروكة ! <b class=""highlightcolor"">حيفا</b> - عثر حسن حسين علوان، في أراضي قرية مجد ...</div>"
685	difaa19470613-01.1.3	13 June 1947	difaa	Page 3	"<div class=""txtsearchsnippet"">... تقي الدين النبهاني قاضي الرملة الشرعى فاستقبل تحفاوه . <b class=""highlightcolor"">حيفا</b> - وصل المدينة ظهر امس سمو الامير على عبد ...</div>"
686	difaa19430423-01.1.2	23 April 1943	difaa	Page 2	"<div class=""txtsearchsnippet"">... ومن القدس الى الرملة ١٠٠٠ مل وزيدت اجور باصات <b class=""highlightcolor"">حيفا</b> فى الداخلى والخارج والى القدس والمستعمرات لمجاوره لها بنسبة ...</div>"
687	difaa19431206-01.1.2	6 December 1943	difaa	Page 2	"<div class=""txtsearchsnippet"">... من القاهرة وقد سافرت هذه البعثة من القدس الى <b class=""highlightcolor"">حيفا</b> حيث تحدثت مع المستر ستاركى مدير فرع شركة بترول ...</div>"
688	difaa19431219-01.1.2	19 December 1943	difaa	Page 2	"<div class=""txtsearchsnippet"">... بفلسطين صباح امس الاول اجتماعها الثاني في مكتب نقابة <b class=""highlightcolor"">حيفا</b> مثل يافا فيه السيدان زهدي حجاج وجميل الطاهر ، ...</div>"
689	difaa19480115-01.1.4	15 January 1948	difaa	Page 4	"<div class=""txtsearchsnippet"">۷ قتلى و ۳۹ جريحا يهودياً في <b class=""highlightcolor"">حيفا</b> - بقية</div>"
690	difaa19470303-01.1.4	3 March 1947	difaa	Page 4	"<div class=""txtsearchsnippet"">والجدير بالذكر ان معظمهم من ذوي العائلات الكبيرة في <b class=""highlightcolor"">مستشفى الحكومة</b> ولا يزال الجيش يوالي اعماله في رفع الانقاض ...</div>"
691	difaa19430618-01.1.3	18 June 1943	difaa	Page 3	"<div class=""txtsearchsnippet"">رسالة <b class=""highlightcolor"">حيفا</b> التلفونية</div>"
692	difaa19361227-01.1.5	27 December 1936	difaa	Page 5	"<div class=""txtsearchsnippet"">... الخاص سافر اعضاء اللجنة الملكية صباح هذا اليوم الى <b class=""highlightcolor"">حيفا</b> وسيعودون غداً مساء وستعقد اللجنة صباح يوم الاثنين ) ...</div>"
693	difaa19360504-01.1.7	4 May 1936	difaa	Page 7	"<div class=""txtsearchsnippet"">... المرحوم احمد ابراهيم فأودت بحياته وقد جيء بجثته الى <b class=""highlightcolor"">مستشفى الحكومة</b> والتحقيقات جارية فنقدم لما زينا للسيد عبد الحميد ...</div>"
694	difaa19380419-01.1.5	19 April 1938	difaa	Page 5	"<div class=""txtsearchsnippet"">... على اطلاق النار بالمثل ثم انسحب المسلحون . • <b class=""highlightcolor"">حيفا</b></div>"
695	difaa19380323-01.1.1	23 March 1938	difaa	Page 1	"<div class=""txtsearchsnippet"">قذف قنبلة على موقف باصات هدار اكرمل في <b class=""highlightcolor"">حيفا</b> واصابة عربيين و يهودي بجراح و تحقيقات البريس كيف ...</div>"
696	difaa19380710-01.1.6	10 July 1938	difaa	Page 6	"<div class=""txtsearchsnippet"">... المسلحين براستين احداه كنفه والاخرى برجله ثم نقل إلى <b class=""highlightcolor"">مستشفى الحكومة</b> بالقدس حيث توفى ، واخبر مركز بوليس عيون ...</div>"
697	difaa19380720-01.1.4	20 July 1938	difaa	Page 4	"<div class=""txtsearchsnippet"">الاقبال على صندوق الاسعاف في <b class=""highlightcolor"">حيفا</b></div>"
698	difaa19380722-01.1.8	22 July 1938	difaa	Page 8	"<div class=""txtsearchsnippet"">... قريات حروشت) نقم على مقربة من الياجور في منطقة <b class=""highlightcolor"">حيفا</b> ويسكنها ما يقرب من ستين عائلة يهودية وتقوم على ...</div>"
699	difaa19380725-01.1.4	25 July 1938	difaa	Page 4	"<div class=""txtsearchsnippet"">... فيها كوفية ومقال من الانواع التي يستعملها اهالي قضاء <b class=""highlightcolor"">حيفا</b> العرب. وصادف ان كان حاضراً في المركز قصاص الاثر ...</div>"
700	difaa19370710-01.1.3	10 July 1937	difaa	Page 3	"<div class=""txtsearchsnippet"">... في المستشفى . اما السائق العربي فقد نقل الى <b class=""highlightcolor"">مستشفى الحكومة</b> .</div>"
701	difaa19371025-01.1.1	25 October 1937	difaa	Page 1	"<div class=""txtsearchsnippet"">... ( وكالة ) * : تلفون ١٤١٣ * في <b class=""highlightcolor"">حيفا</b></div>"
702	difaa19371214-01.1.5	14 December 1937	difaa	Page 5	"<div class=""txtsearchsnippet"">انقلب باص يهودي كبير على طريق <b class=""highlightcolor"">حيفا</b> الجديدة لان سائقه حاول تفادي اصطدام قرب زمارين، وقد ...</div>"
703	difaa19460606-01.1.3	6 June 1946	difaa	Page 3	"<div class=""txtsearchsnippet"">... يقول فيها انه غادر تركيا وسيصل الى "" ميناء <b class=""highlightcolor"">حيفا</b> اليوم الخميس . وقد توجه الى <b class=""highlightcolor"">حيفا</b> وفد من ...</div>"
704	difaa19460312-01.1.2	12 March 1946	difaa	Page 2	"<div class=""txtsearchsnippet"">... ٢١ سنة وسيبورا كوهن من تل ابيب ويوجد في <b class=""highlightcolor"">مستشفى الحكومة</b> بيا فاجر مجان من الذين اعتقلوا بعد هذا ...</div>"
705	difaa19461015-01.1.2	15 October 1946	difaa	Page 2	"<div class=""txtsearchsnippet"">... شقيق السائق ابراهيم خلال دکه واخضر جمع الجرحى إلى <b class=""highlightcolor"">مستشفى الحكومة</b> حيث قامت رئيسة المرضات وللمرضين تاجزاء الاسعاف اللازمة ...</div>"
706	difaa19450906-01.1.3	6 September 1945	difaa	Page 3	"<div class=""txtsearchsnippet"">... المراحة معالي السيد ارشد العمري وزير خارجية العراق المستقيل <b class=""highlightcolor"">حيفا</b> - يصل أيوم ٩ الجاري سعادة عبد الرحمن حقي ...</div>"
707	difaa19460122-01.1.2	22 January 1946	difaa	Page 2	"<div class=""txtsearchsnippet"">... عدة بواخر اخرى خلال هذا الاسبوع لايواء الجنود المسرحين <b class=""highlightcolor"">حيفا</b> باشرت دائرة الاشغال العامة بتصليح وتجديد العمارة التي استولت ...</div>"
708	difaa19461016-01.1.2	16 October 1946	difaa	Page 2	"<div class=""txtsearchsnippet"">... الحمضيات في المدينة مع وكلاء التخليص والعمالة في ميناء <b class=""highlightcolor"">حيفا</b> على كيفية ترتيب شحن حمضيات الموسم القادم الى البواخر ...</div>"
709	difaa19461016-01.1.3	16 October 1946	difaa	Page 3	"<div class=""txtsearchsnippet"">... ادران نائب مدير بوليس المقاطعة السابق ناسبة نقله الى <b class=""highlightcolor"">حيفا</b> ، وقد خلفه في هذا المنصب المستر يونغ . ...</div>"
710	difaa19451003-01.1.3	3 October 1945	difaa	Page 3	"<div class=""txtsearchsnippet""><b class=""highlightcolor"">حيفا</b> وصل الى <b class=""highlightcolor"">حيفا</b> صاحبا السعادة حسن باشا عبدالوهاب والدكتور ...</div>"
711	difaa19470914-01.1.4	14 September 1947	difaa	Page 4	"<div class=""txtsearchsnippet"">... فحملة الاكاليل التي بلغ عددها ٧٦ ر من بلدية <b class=""highlightcolor"">حيفا</b> وجمعية موظفى <b class=""highlightcolor"">حيفا</b> الدرجة ا الثانية وجمعية العمال بطولكرم ...</div>"
712	difaa19460508-01.1.3	8 May 1946	difaa	Page 3	"<div class=""txtsearchsnippet"">... قائد السرية الثانية للمشاة للجيش العربي والمعسكرة الان في <b class=""highlightcolor"">حيفا</b> السيد انون بك الداود مولوداً سماه « بسام » ...</div>"
713	difaa19440910-01.1.2	10 September 1944	difaa	Page 2	"<div class=""txtsearchsnippet"">المصادقة على ميزانية بلدية <b class=""highlightcolor"">حيفا</b> ورفع اجور السيارات والدراجات</div>"
714	difaa19460301-01.1.3	1 March 1946	difaa	Page 3	"<div class=""txtsearchsnippet"">... واشنطن بعد ان مثل العراق في مؤتمر الامر للتحدة <b class=""highlightcolor"">حيفا</b> - فادر <b class=""highlightcolor"">حيفا</b> الى دمشتى قنصل الجمهورية السورية بحيفا ...</div>"
715	difaa19460516-01.1.3	16 May 1946	difaa	Page 3	"<div class=""txtsearchsnippet"">... نصيب تسعة من التجار العرب بينهم اثنان من تجار <b class=""highlightcolor"">حيفا</b> . عقد الحزب العربي اجتماعا في مكتب المحامى السيد ...</div>"
716	difaa19460322-01.1.3	22 March 1946	difaa	Page 3	"<div class=""txtsearchsnippet"">... الى ايران. ويتوقع أن يسافروا اليوم إلى بلادهم . <b class=""highlightcolor"">حيفا</b> - زار السيد محمد البرعي قنصل المملكة المصرية يحيفا ...</div>"
717	difaa19460203-01.1.3	3 February 1946	difaa	Page 3	"<div class=""txtsearchsnippet"">... تمين السيد جاك روك مناظر على الادارة الداخلية في <b class=""highlightcolor"">مستشفى الحكومة</b> في <b class=""highlightcolor"">حيفا</b> خلفا للمستر بكيت المنقول الى القدس ...</div>"
718	difaa19470224-01.1.2	24 February 1947	difaa	Page 2	"<div class=""txtsearchsnippet"">... السياسية . الماجور كولنز يغادر المستشفى القدس - غادر <b class=""highlightcolor"">مستشفى الحكومة</b> امس الماجور كولنز بعد ان مكث فيه حوالي ...</div>"
719	difaa19461124-01.1.3	24 November 1946	difaa	Page 3	"<div class=""txtsearchsnippet"">... ، ليكونوا على مقربة من جلسات جامعة الدول العربية <b class=""highlightcolor"">حيفا</b> - تلقى السيد معين الماضى برقيات كثيرة من مختلف ...</div>"
720	difaa19470302-01.1.3	2 March 1947	difaa	Page 3	"<div class=""txtsearchsnippet"">... . وقد تصبح الرياح قوية وعاصفة في شمال خليج <b class=""highlightcolor"">حيفا</b> ويكون مع. اجتماعيات البحر هادئا مع طغيان خفيف من ...</div>"
721	difaa19470107-01.1.2	7 January 1947	difaa	Page 2	"<div class=""txtsearchsnippet"">... لحساب وزارة التموين البريطانية اما البواخر الراسية في ميناء <b class=""highlightcolor"">حيفا</b> وهى يورغسون و سميلاند و فورد شستر فتوالي شحن ...</div>"
722	difaa19470212-01.1.3	12 February 1947	difaa	Page 3	"<div class=""txtsearchsnippet"">... . وتهب الرياح خفيفة ومعتدلة وتكون في منطقة خليج <b class=""highlightcolor"">حيفا</b> بين القوية والمعتدلة ويكون البحر هادئا اجتماعيات الرملة - ...</div>"
723	difaa19470210-01.1.2	10 February 1947	difaa	Page 2	"<div class=""txtsearchsnippet"">... شحن حمولتها . وينتظر ان يستأنف التصدير الى ميناء <b class=""highlightcolor"">حيفا</b> بطريق السكه الحديد اليوم فترسل اليها</div>"
724	difaa19470124-01.1.2	24 January 1947	difaa	Page 2	"<div class=""txtsearchsnippet"">نشطت نسبيا حركة تصدير الحمضيات من ميناء <b class=""highlightcolor"">حيفا</b> امس ويجري الان شحن البواخر اوشن و يسرر » ...</div>"
725	difaa19470523-01.1.2	23 May 1947	difaa	Page 2	"<div class=""txtsearchsnippet""><b class=""highlightcolor"">حيفا</b> تلقى السيدان حنا نقارة و ابوسلمى كتابين من اللجنة ...</div>"
726	difaa19470601-01.1.2	1 June 1947	difaa	Page 2	"<div class=""txtsearchsnippet"">... المناسبة على الامة باليمن والبركات. حملة التبرعات لمنكولي الجنوب <b class=""highlightcolor"">حيفا</b> - قدم المدينة السيد عبد المجيد بدورة سكرتير اللجنة ...</div>"
727	difaa19460616-01.1.2	16 June 1946	difaa	Page 2	"<div class=""txtsearchsnippet""><b class=""highlightcolor"">حيفا</b> - في الساطة العاشرة والنصف من امس الاول زار ...</div>"
728	difaa19470512-01.1.2	12 May 1947	difaa	Page 2	"<div class=""txtsearchsnippet"">... مدير المكتب بالحفاوة والترحيب . نقابة المحامين العرب يحيفا <b class=""highlightcolor"">حيفا</b> - انتخبت نقابة جديدة للمحامين العرب في اللواء الشمالي ...</div>"
729	difaa19470408-01.1.3	8 April 1947	difaa	Page 3	"<div class=""txtsearchsnippet"">... القادم V الاخرى . بالرملة لا تمام بحث المواضيع <b class=""highlightcolor"">حيفا</b> - عقد المجلس الاعلى الجمعية العمال العربية الفلسطينية جلسة ...</div>"
730	difaa19471001-01.1.2	1 October 1947	difaa	Page 2	"<div class=""txtsearchsnippet"">... بحيفا ، وتناول البحث شئون شحن الحمضيات من ميناء <b class=""highlightcolor"">حيفا</b> في لموسم القادم، واتفق على الترتيبات للمنوي السير عليها ...</div>"
731	difaa19471031-01.1.2	31 October 1947	difaa	Page 2	"<div class=""txtsearchsnippet"">... . طائرتان لتدريب اليهود اشترى نادي الطيران اليهودي في <b class=""highlightcolor"">حيفا</b> طيارتين لتدريب اليهود على الطيران الدني و يعمل هذا ...</div>"
732	difaa19471102-01.1.2	2 November 1947	difaa	Page 2	"<div class=""txtsearchsnippet"">... البحر قد غادر جدة يوم الجمعة الماضي وسيصل إلى <b class=""highlightcolor"">حيفا</b> يوم الاربعاء و الجاري وعدد افراده حوالي ٦٥٠ حاجاً ...</div>"
733	difaa19451123-01.1.3	23 November 1945	difaa	Page 3	"<div class=""txtsearchsnippet"">... كوبن من الاباء الفرنسيسيين الذي وصل حديثا من واشنطن <b class=""highlightcolor"">حيفا</b> أوعمل <b class=""highlightcolor"">حيفا</b> السيد عثمان نوري مساعد مدير الزراعة في ...</div>"
734	difaa19460815-01.1.2	15 August 1946	difaa	Page 2	"<div class=""txtsearchsnippet"">... التعرفة يشجع النجار على استيراد بضائعهم من طريق ميناء <b class=""highlightcolor"">حيفا،</b> وبذلك تشل حركة ميناء يافا بعد الجهود التي بذلت ...</div>"
735	difaa19351118-01.1.4	18 November 1935	difaa	Page 4	"<div class=""txtsearchsnippet"">للسيد تيودور صروف قال مراسلنا في <b class=""highlightcolor"">حيفا</b> : وقع امس حادث مؤسف السيد تيو دره روف ...</div>"
736	difaa19400929-01.1.3	29 September 1940	difaa	Page 3	"<div class=""txtsearchsnippet"">... سفرهم ، وتجلى ذلك في الغارات المجاورة الجوية على <b class=""highlightcolor"">حيفا</b> وتل ابيب والارياف تلبية نداء التطوع وقال : واني ...</div>"
737	difaa19401120-01.1.2	20 November 1940	difaa	Page 2	"<div class=""txtsearchsnippet"">... يعمل فيها واصيب بحروق مختلفة نقل على اثرها الى <b class=""highlightcolor"">مستشفى الحكومة</b> في يافا. وقد توفي أمس متأثراً من اصابته ...</div>"
738	difaa19410413-01.1.2	13 April 1941	difaa	Page 2	"<div class=""txtsearchsnippet"">... بينهما عدد علامات اللواء الذي يليه وه و لواء <b class=""highlightcolor"">حيفا</b> ١٤ علامة</div>"
739	difaa19410508-01.1.2	8 May 1941	difaa	Page 2	"<div class=""txtsearchsnippet"">... الجائزة الاولى فيها الانسة مرتى بيوك وهي احدى ممرضات <b class=""highlightcolor"">مستشفى الحكومة</b> بالقدس وفي الساعة الرابعة والنصف قامت عقيلة فخامة</div>"
740	difaa19410706-01.1.2	6 July 1941	difaa	Page 2	"<div class=""txtsearchsnippet"">... الاستاذ خليل افندي شحادة مسجل المحكمة مناسبة نقله الى <b class=""highlightcolor"">حيفا</b> بعد ترقيته اعتباراً من غد - الاثنين وقد اقام ...</div>"
741	difaa19410402-01.1.3	2 April 1941	difaa	Page 3	"<div class=""txtsearchsnippet"">... المضبطة فليراجع المحكمة خلال اسبوعين من تاريخ النشر قاضي <b class=""highlightcolor"">حيفا</b> الشرعي</div>"
742	difaa19410429-01.1.2	29 April 1941	difaa	Page 2	"<div class=""txtsearchsnippet"">توفيت في <b class=""highlightcolor"">مستشفى الحكومة</b> امس الفناة حسناء التي سقطت امس الاول من ...</div>"
743	difaa19410205-01.1.3	5 February 1941	difaa	Page 3	"<div class=""txtsearchsnippet"">رسالة <b class=""highlightcolor"">حيفا</b> التلفونية</div>"
744	difaa19410513-01.1.2	13 May 1941	difaa	Page 2	"<div class=""txtsearchsnippet"">... رحمه الله وعزاء الاله وذويه عادت وفاة نقل إلى <b class=""highlightcolor"">مستشفى الحكومة</b> بيانا منذ ايام محمود احمد الضاهر من قرية ...</div>"
745	difaa19420506-01.1.3	6 May 1942	difaa	Page 3	"<div class=""txtsearchsnippet"">رسالة <b class=""highlightcolor"">حيفا</b> التلفونية</div>"
746	difaa19420804-01.1.3	4 August 1942	difaa	Page 3	"<div class=""txtsearchsnippet"">اجتماع الغرفة التجارية لبحث مسائل تجارية <b class=""highlightcolor"">حيفا</b> في ٣ آب .. لمراسل الدفاع الخاص - عقدت ...</div>"
747	difaa19430401-01.1.2	1 April 1943	difaa	Page 2	"<div class=""txtsearchsnippet"">بلدية <b class=""highlightcolor"">حيفا</b></div>"
748	difaa19430802-01.1.3	2 August 1943	difaa	Page 3	"<div class=""txtsearchsnippet"">... بطاقته الشخصية الى المستر بيلى حاكم اللواء الموجود في <b class=""highlightcolor"">مستشفى الحكومة</b> معربا عن تمنياته الخالصة بشفائه السريع. اقفال مطحنة ...</div>"
749	difaa19431015-01.1.3	15 October 1943	difaa	Page 3	"<div class=""txtsearchsnippet"">رسالة <b class=""highlightcolor"">حيفا</b> التلفونية</div>"
750	difaa19380318-01.1.5	18 March 1938	difaa	Page 5	"<div class=""txtsearchsnippet"">... مضبطة موقعة من تقدم قرية كفر لام التابعة قضاء <b class=""highlightcolor"">حيفا</b> تتضمن أهالي احمد ابو خليفة ان محمد من القرية ...</div>"
751	difaa19380812-01.1.8	12 August 1938	difaa	Page 8	"<div class=""txtsearchsnippet"">... من قرية عبلين يسوق حمارين محملين بالخضار لبيعها في <b class=""highlightcolor"">حيفا</b> واشتبه الجند فيه واطلقوا النار عليه فأصيب بجراح خطرة ...</div>"
752	difaa19380120-01.1.4	20 January 1938	difaa	Page 4	"<div class=""txtsearchsnippet"">... هبت العاصفة بشدة و اضطرب البحر فهربت الباخرة الى <b class=""highlightcolor"">حيفا</b> وحين عودتها تفرغ البضائع الباقية وقد كان عدد من ...</div>"
753	difaa19340523-01.1.4	23 May 1934	difaa	Page 4	"<div class=""txtsearchsnippet"">... تحرم من حقه في الانتخابات القادمة حقه فى انتخابات <b class=""highlightcolor"">حيفا</b> عدد الناخبين المسجلة اسماؤهم بلغ ١٩٥٠ فى <b class=""highlightcolor"">حيفا</b> ٦٥٠٠ ...</div>"
754	difaa19450130-01.1.3	30 January 1945	difaa	Page 3	"<div class=""txtsearchsnippet"">... للبنك العربي في عمان اعتباراً الشهر القادم ! من <b class=""highlightcolor"">حيفا</b> - يلقي السيد تيودور كنعان محاضرة في قاعة المعهد ...</div>"
755	difaa19410120-01.1.4	20 January 1941	difaa	Page 4	"<div class=""txtsearchsnippet"">... عينه اليسرى وأربع في صدره وخاصرتيه ثم احضر الى <b class=""highlightcolor"">مستشفى الحكومة</b> في يافا وعرضت جنته على عدد من سكان ...</div>"
756	difaa19450204-01.1.3	4 February 1945	difaa	Page 3	"<div class=""txtsearchsnippet"">... مولوداً بمحلة المنشية وقد ― ' نقل حياً إلى <b class=""highlightcolor"">مستشفى الحكومة</b> ولكنه توفي بعد ذلك وحولت اوراقه الى القائمقام ...</div>"
757	difaa19480220-01.1.4	20 February 1948	difaa	Page 4	"<div class=""txtsearchsnippet"">... القدس مساء امس برصاصة طائشة نقل على اثرها الي <b class=""highlightcolor"">مستشفى الحكومة</b> . في البيانات الصحفية وتقول البيانات الصحفية من ...</div>"
758	difaa19480318-01.1.4	18 March 1948	difaa	Page 4	"<div class=""txtsearchsnippet"">- بقية - حوادث <b class=""highlightcolor"">حيفا</b></div>"
759	difaa19471231-01.1.2	31 December 1947	difaa	Page 2	"<div class=""txtsearchsnippet"">... الباخرة تكلا و حمولتها و ۵۰۰ صندوق الى ميناء <b class=""highlightcolor"">حيفا</b> الى ٥٨ الفا اليوم الرابع من الشهر القادم والباخرة ...</div>"
760	difaa19470930-01.1.4	30 September 1947	difaa	Page 4	"<div class=""txtsearchsnippet"">... بدر ان عمرها ١٦سنة من من سوريا وتعمل في <b class=""highlightcolor"">حيفا</b> ، مصطفى عبده طه حريري عمره ٢٦ سنة من ...</div>"
761	difaa19401227-01.1.3	27 December 1940	difaa	Page 3	"<div class=""txtsearchsnippet"">... قضية سنة اشخاص من قرية بيت يالو . رسالة <b class=""highlightcolor"">حيفا</b> التلفونية المخلوق العجيب يتمتع بصحة جيدة ابو <b class=""highlightcolor"">حيفا</b> في ...</div>"
762	difaa19370128-01.1.6	28 January 1937	difaa	Page 6	"<div class=""txtsearchsnippet"">... السبع فرقة كشافة الصحراء وفي قلقيلية فرقة أسامة وفي <b class=""highlightcolor"">حيفا</b> فرق كثيرة اكبرها فرقة فيصل الأول وفي القدس فرقة ...</div>"
763	difaa19350802-01.1.4	2 August 1935	difaa	Page 4	"<div class=""txtsearchsnippet"">... الحديث واقع في قرية بلد ا الشيخ التابعة قضاء <b class=""highlightcolor"">حيفا</b> مبنى على قطعة مساحتها ( ١١٥٤ ) متراً مربما ...</div>"
764	difaa19380411-01.1.1	11 April 1938	difaa	Page 1	"<div class=""txtsearchsnippet""><b class=""highlightcolor"">حيفا</b> في ۱۰ نيسان - لمراسل | - الدفاع الخاص ...</div>"
765	difaa19380522-01.1.1	22 May 1938	difaa	Page 1	"<div class=""txtsearchsnippet"">... وانشاء دولة يهودية قوية فيها لتدعيم الضمان الذي تقدمه <b class=""highlightcolor"">حيفا</b> . » ووصف المكاتب الحمية <b class=""highlightcolor"">حيفا</b> بقوله : فجبل ...</div>"
766	difaa19380427-01.1.1	27 April 1938	difaa	Page 1	"<div class=""txtsearchsnippet"">... ويحقق البوليس في هذا الحادث | النار على شخص <b class=""highlightcolor"">حيفا</b> في ٢٦ نيسان - لمراسل الدفاع الخاص - في ...</div>"
767	difaa19380526-01.1.1	26 May 1938	difaa	Page 1	"<div class=""txtsearchsnippet"">... على يهودية .. ولقد وقمت في يوم أمس حوادث <b class=""highlightcolor"">حيفا،</b> وفى يوم أمس الأول حوادث القدس، فاكتفت الصحف العربية ...</div>"
768	difaa19371111-01.1.6	11 November 1937	difaa	Page 6	"<div class=""txtsearchsnippet"">رسالة <b class=""highlightcolor"">حيفا</b></div>"
769	difaa19370307-01.1.4	7 March 1937	difaa	Page 4	"<div class=""txtsearchsnippet"">... لساعته واصيب الابن برصاصة في فخذه وقد نقلا الى <b class=""highlightcolor"">مستشفى الحكومة</b> ، وقيل ان البوليس إعتقل اربعة من الشباب ...</div>"
770	difaa19441115-01.1.3	15 November 1944	difaa	Page 3	"<div class=""txtsearchsnippet"">... ربما عدل النظام تعديلا جوهريا يزيل اسباب الاعتراض - <b class=""highlightcolor"">حيفا-</b> لمراسل الدفاع الخاص كانت مسئلة فرض الغرامات للتأخير على ...</div>"
771	difaa19470707-01.1.2	7 July 1947	difaa	Page 2	"<div class=""txtsearchsnippet"">... . ٥٧ مهاجراً ورحيل ۱۸۰ هوديا وصلت الى ميناء <b class=""highlightcolor"">حيفا</b> امس الباخرة ترنسلفانيا وفيها ٥٧ راكباً ثم ابحرت في ...</div>"
772	difaa19470516-01.1.1	16 May 1947	difaa	Page 1	"<div class=""txtsearchsnippet"">... وذخائر .. وتدهور قطار ان للبضائع احدهما على طريق <b class=""highlightcolor"">حيفا</b> - عكا بجوار مستعمرة بات فاليم بفعل انفجار لغم ...</div>"
773	difaa19460715-01.1.2	15 July 1946	difaa	Page 2	"<div class=""txtsearchsnippet"">... المبارك خمس ساعات يوميا . زيارة المعتقلين السياسيين - <b class=""highlightcolor"">حيفا</b> قام وفد من الاتحاد النسائي وفرع الحزب العربي بحيفا ...</div>"
774	difaa19480128-01.1.1	28 January 1948	difaa	Page 1	"<div class=""txtsearchsnippet"">حوادث <b class=""highlightcolor"">حيفا</b> <b class=""highlightcolor"">حيفا</b> - حوالي الساعة الثامنة من صباح امس كانت ...</div>"
775	difaa19470423-01.1.1	23 April 1947	difaa	Page 1	"<div class=""txtsearchsnippet"">... منذ بدأوا موجة الارهاب الطائشة على قطار الركاب بين <b class=""highlightcolor"">حيفا</b> - القنطرة . وقد كانت الحوادث التي وقعت لقطارات ...</div>"
776	difaa19471022-01.1.2	22 October 1947	difaa	Page 2	"<div class=""txtsearchsnippet""><b class=""highlightcolor"">حيفا</b> - صادق المجلس البلدي في جلسته الشهرية الاخيرة على ...</div>"
777	difaa19440222-01.1.2	22 February 1944	difaa	Page 2	"<div class=""txtsearchsnippet"">... الماضية و ٣٦٤ / في عكا مقابل ٥٦١ وفي <b class=""highlightcolor"">حيفا</b> ٥٠٥ مقابل ٥١٨ وفي طبريا ٣١٨ مقابل ٤٣٧ وفي ...</div>"
778	difaa19440619-01.1.3	19 June 1944	difaa	Page 3	"<div class=""txtsearchsnippet"">... وفي الساعة الثامنة والنصف مساء غادر الضيوف المدينة الى <b class=""highlightcolor"">حيفا</b></div>"
779	difaa19440521-01.1.3	21 May 1944	difaa	Page 3	"<div class=""txtsearchsnippet""><b class=""highlightcolor"">حيفا</b> في ٢٠ ايار - لمراسل الدفاع الخاص - قام ...</div>"
780	difaa19451209-01.1.4	9 December 1945	difaa	Page 4	"<div class=""txtsearchsnippet"">... وقد بلغ مجموع التبرعات ٤٤١ جنيها . انتخابات بلدية <b class=""highlightcolor"">حيفا</b> <b class=""highlightcolor"">حيفا</b> - اجابت الحكومة على المذكرة التي رفعتها اللجنة ...</div>"
781	difaa19470609-01.1.4	9 June 1947	difaa	Page 4	"<div class=""txtsearchsnippet"">... القادر زتوت ، وكلاهما من قرية الطيرة ، قضاء <b class=""highlightcolor"">حيفا</b> ، بقضيب حديدي على رأسه ثم طعن الثاني الاول ...</div>"
782	difaa19401201-01.1.3	1 December 1940	difaa	Page 3	"<div class=""txtsearchsnippet"">رسالة <b class=""highlightcolor"">حيفا</b> التلفونية</div>"
783	difaa19411005-01.1.2	5 October 1941	difaa	Page 2	"<div class=""txtsearchsnippet"">توفي امس في <b class=""highlightcolor"">مستشفى الحكومة</b> بيافا محمد المصري البالغ من العمر ٣٨ سنة ...</div>"
784	difaa19410702-01.1.3	2 July 1941	difaa	Page 3	"<div class=""txtsearchsnippet"">رسالة <b class=""highlightcolor"">حيفا</b> التلفونية</div>"
785	difaa19420315-01.1.3	15 March 1942	difaa	Page 3	"<div class=""txtsearchsnippet"">... عمليه هناك وعاد الى القدس حيث باشر عمله في <b class=""highlightcolor"">مستشفى الحكومة</b> . توجه الى <b class=""highlightcolor"">حيفا</b> الدكتور كامل نصري ، ...</div>"
786	difaa19420803-01.1.3	3 August 1942	difaa	Page 3	"<div class=""txtsearchsnippet"">... كشافة النادي الارثوذكسي بمناسبة عيد مار الياس برحلة الى <b class=""highlightcolor"">حيفا</b> لزيارة النبي الياس كعادتها في كل سنة</div>"
787	difaa19420731-01.1.3	31 July 1942	difaa	Page 3	"<div class=""txtsearchsnippet"">... بدر الفاهوم لمقابلة حاكم لواء الجليل بمناسبة توفى في <b class=""highlightcolor"">مستشفى الحكومة</b> السجين محمد ابراهيم من الله المحكوم عليه بالسجن ...</div>"
788	difaa19420828-01.1.3	28 August 1942	difaa	Page 3	"<div class=""txtsearchsnippet"">رسالة <b class=""highlightcolor"">حيفا</b> التلفونية</div>"
789	difaa19420422-01.1.2	22 April 1942	difaa	Page 2	"<div class=""txtsearchsnippet"">... مع السيد محمود الهندي سيقابلون مدير شركة ستيل في <b class=""highlightcolor"">حيفا</b> للمفاوضة على الاتفاق الاستلام وتسليم الحبوب من المزارعين بعد ...</div>"
790	difaa19430215-01.1.2	15 February 1943	difaa	Page 2	"<div class=""txtsearchsnippet"">... ۱۱۸ كيلوغراما و نصفا من الحشيش. واصدرت محكمة مركزية <b class=""highlightcolor"">حيفا</b> حكما بالسجن لمدة سنة على حسين كر طاوي التهمة ...</div>"
791	difaa19421006-01.1.3	6 October 1942	difaa	Page 3	"<div class=""txtsearchsnippet"">رسالة <b class=""highlightcolor"">حيفا</b> التلفونيه</div>"
792	difaa19430126-01.1.3	26 January 1943	difaa	Page 3	"<div class=""txtsearchsnippet"">رسالة <b class=""highlightcolor"">حيفا</b> التلفونية</div>"
793	difaa19430530-01.1.2	30 May 1943	difaa	Page 2	"<div class=""txtsearchsnippet"">الى اهالى <b class=""highlightcolor"">حيفا</b> الكرام</div>"
794	difaa19430530-01.1.3	30 May 1943	difaa	Page 3	"<div class=""txtsearchsnippet"">رسالة <b class=""highlightcolor"">حيفا</b> التلفونية</div>"
795	difaa19430609-01.1.3	9 June 1943	difaa	Page 3	"<div class=""txtsearchsnippet"">رسالة <b class=""highlightcolor"">حيفا</b> التلفونية</div>"
796	difaa19430608-01.1.2	8 June 1943	difaa	Page 2	"<div class=""txtsearchsnippet"">... لم يحضرها احد من الرجال اصابة بالتيفوس نقل الى <b class=""highlightcolor"">مستشفى الحكومة</b> منذ ايام اربعة اشخاص من عربان القبائل الضاربة ...</div>"
797	difaa19430221-01.1.2	21 February 1943	difaa	Page 2	"<div class=""txtsearchsnippet"">... علي ( ابو الهبع ( من كفر قرع قضاء <b class=""highlightcolor"">حيفا</b> المتهم بانتحال شخصية نجل فضيلة الشيخ صبحي خيزران قاضي ...</div>"
798	difaa19430618-01.1.2	18 June 1943	difaa	Page 2	"<div class=""txtsearchsnippet"">اضعاف الكمية التي ينالونها وعرف ان فريقا من تجار <b class=""highlightcolor"">حيفا</b> و نابلس وغيرهما رفعوا مذكرة الى مراقب الصناعات الخفيفة ...</div>"
799	difaa19471214-01.1.3	14 December 1947	difaa	Page 3	"<div class=""txtsearchsnippet"">... الباسلة ضحاياهم عقب استشهادهم مباشرة ، ونقل الجرحى الى <b class=""highlightcolor"">مستشفى الحكومة</b> وهم : ١- فاطمة مصطفى نوفل وعمرها ۱۸ ...</div>"
800	difaa19480211-01.1.2	11 February 1948	difaa	Page 2	"<div class=""txtsearchsnippet"">... وهي ترجو من جميع الحجاج مراجعة مكتب الدائرة قرب <b class=""highlightcolor"">مستشفى الحكومة</b> واوقات المراجعة بين الساعة الحادية عشرة صباحا حتى ...</div>"
801	difaa19480109-01.1.4	9 January 1948	difaa	Page 4	"<div class=""txtsearchsnippet""><b class=""highlightcolor"">حيفا</b> ـ عقد المحامي السيد صلاح الدين العباسي ضابط الارتباط ...</div>"
802	difaa19460130-01.1.3	30 January 1946	difaa	Page 3	"<div class=""txtsearchsnippet""><b class=""highlightcolor"">حيفا</b> - رزق السيد يونس صالح الحاج من الطيرة صاحب ...</div>"
803	difaa19451104-01.1.3	4 November 1945	difaa	Page 3	"<div class=""txtsearchsnippet"">... في غزة نقل السيد رشاد البديري مساعد مهندس لواء <b class=""highlightcolor"">حيفا</b> لمثل وظيفته في غزة من ابناء السلامة رزق السيد ...</div>"
804	difaa19460315-01.1.2	15 March 1946	difaa	Page 2	"<div class=""txtsearchsnippet"">... تفريغ حمولتها وينتظر وصول بعض البواخر خلال هذين اليومين <b class=""highlightcolor"">حيفا</b> - ترسو في ميناء <b class=""highlightcolor"">حيفا</b> ۲۲ باخرة مختلفة الجنسية ...</div>"
805	difaa19470515-01.1.3	15 May 1947	difaa	Page 3	"<div class=""txtsearchsnippet"">... امس - الاربعاء هينا الى القدس رئيس لجنة بلدية <b class=""highlightcolor"">حيفا</b> و نائبه السيد شحاده شلح والعضوان السيدان . جورج ...</div>"
806	difaa19470916-01.1.3	16 September 1947	difaa	Page 3	"<div class=""txtsearchsnippet"">... سلمان سليم ، طبيب صحة رام الله القيام بعمله <b class=""highlightcolor"">حيفا</b> - غادر المدينة صباح امس الى ان كاترا بالاجازة ...</div>"
807	difaa19460526-01.1.2	26 May 1946	difaa	Page 2	"<div class=""txtsearchsnippet"">وقد ودعهم في محطة فكتوريا الضابط كفراتا مدير بوليس <b class=""highlightcolor"">حيفا</b> الذي يقوم الآن بادارة مكتب تفجين البوليس البريطاني في ...</div>"
808	difaa19471209-01.1.2	9 December 1947	difaa	Page 2	"<div class=""txtsearchsnippet"">... الجريدة عدد من الشباب العرب وشكوا من معاملة ادارة <b class=""highlightcolor"">مستشفى الحكومة</b> في اسعاف الجرحى العرب مما يسبب لهم آلاما ...</div>"
809	difaa19480420-01.1.2	20 April 1948	difaa	Page 2	"<div class=""txtsearchsnippet""><b class=""highlightcolor"">حيفا</b> - عرف انه عثر بين قتلى اليهود الذين سقطوا ...</div>"
810	difaa19470508-01.1.3	8 May 1947	difaa	Page 3	"<div class=""txtsearchsnippet"">... واصابه بحروق في صدره وبطنه نقل على اثرها الى <b class=""highlightcolor"">مستشفى الحكومة</b> بيافا. - اقام رجال البوليس محطة الله حفلة ...</div>"
811	difaa19471008-01.1.3	8 October 1947	difaa	Page 3	"<div class=""txtsearchsnippet"">... بنات السعادة واقر بها عيون والديها . مولودة سعيدة <b class=""highlightcolor"">حيفا</b> - رزق السيد جمال عبد الرحمن الحاج مولودة سماها ...</div>"
812	difaa19440829-01.1.2	29 August 1944	difaa	Page 2	"<div class=""txtsearchsnippet"">... كنا، لياس عوض من كفر ياسيف الى دائرة تفتيش <b class=""highlightcolor"">حيفا.</b> وقد أرسلت كتب التبليغ إلى هؤلاء لمعلمين ليتخذوا الترتيبات ...</div>"
813	difaa19460725-01.1.2	25 July 1946	difaa	Page 2	"<div class=""txtsearchsnippet"">والبحث دون جدوى <b class=""highlightcolor"">حيفا</b> - قامت امس قوات من الجيش والبوليس بتفتيش دوائر ...</div>"
814	difaa19460124-01.1.3	24 January 1946	difaa	Page 3	"<div class=""txtsearchsnippet"">... الحاكم هنا الذي سينقل الى مكان آخر مولود مبارك <b class=""highlightcolor"">حيفا</b> - رزق السيد ادوار جبران صنبر ولداً سماه ( ...</div>"
815	difaa19461125-01.1.3	25 November 1946	difaa	Page 3	"<div class=""txtsearchsnippet""><b class=""highlightcolor"">حيفا</b> - زار السيدان احمد علي واحمد حسين العلي مندوبا ...</div>"
816	difaa19470112-01.1.3	12 January 1947	difaa	Page 3	"<div class=""txtsearchsnippet"">... دمشق ليقوم با عمال القنصلية اثناء غياب سيادة القنصل <b class=""highlightcolor"">حيفا</b> - قدم المدينة امس السيد اميل الغوري، عضو الهيئة ...</div>"
817	difaa19470202-01.1.2	2 February 1947	difaa	Page 2	"<div class=""txtsearchsnippet"">شكر على تعاز <b class=""highlightcolor"">حيفا</b> - تتقدم هيئة ادارة شركة بترول العراق وموظفوها بالشكر ...</div>"
818	difaa19470119-01.1.3	19 January 1947	difaa	Page 3	"<div class=""txtsearchsnippet"">... جمعية الشبان - المسيحية موضوعها « هدف التعليم » <b class=""highlightcolor"">حيفا</b> - عاد من القدس فضيلة الشيخ عبد الرحمن مراد ...</div>"
819	difaa19441011-01.1.2	11 October 1944	difaa	Page 2	"<div class=""txtsearchsnippet"">... الولادة الذي تقرر اقامته على قطعة الارض الواقعة امام <b class=""highlightcolor"">مستشفى الحكومة</b> في العجمي وقد تم حتى الآن استملاك الارض ...</div>"
820	difaa19450720-01.1.3	20 July 1945	difaa	Page 3	"<div class=""txtsearchsnippet"">1 <b class=""highlightcolor"">حيفا</b> - سافر بالاجازة الى انكلترا امس المستر كيري مدير ...</div>"
821	difaa19470625-01.1.3	25 June 1947	difaa	Page 3	"<div class=""txtsearchsnippet"">... . وقد دعي عدد من شخصيات المدينة الحضورها . <b class=""highlightcolor"">حيفا</b> - تقيم نقابة المحامين العرب محيفا حفلة عشاء في ...</div>"
822	difaa19470919-01.1.4	19 September 1947	difaa	Page 4	"<div class=""txtsearchsnippet"">تسجيل الارمن <b class=""highlightcolor"">حيفا</b> - وصل الى <b class=""highlightcolor"">حيفا</b> أمس للسيو خانكولز مندوب روسيا ...</div>"
823	difaa19440818-01.1.3	18 August 1944	difaa	Page 3	"<div class=""txtsearchsnippet"">... في تنفيذ الأعمال والمشاريع المقررة في الميزانية المذكورة - <b class=""highlightcolor"">حيفا-</b> لمراسل الدفاع الخاص. علمنا ان الحكومة خصصت جوالى الف ...</div>"
824	difaa19440822-01.1.2	22 August 1944	difaa	Page 2	"<div class=""txtsearchsnippet"">... عن منطقة نابلس ويونس نفاع وفهد عبد الفتاح عن <b class=""highlightcolor"">حيفا</b> ومحمد يوسف الزعبي عن جنين واتخذت المقررات التالية (۱) ...</div>"
825	difaa19441102-01.1.3	2 November 1944	difaa	Page 3	"<div class=""txtsearchsnippet"">... اسلحة والثانية ضد شخص من الخليل بتهمة الرشوة . <b class=""highlightcolor"">حيفا</b> - ب لمراسل الدفاع الخاص وقعت أصابة مشبوهة بالطاعون ...</div>"
826	difaa19440611-01.1.2	11 June 1944	difaa	Page 2	"<div class=""txtsearchsnippet""><b class=""highlightcolor"">حيفا</b> والفريق المصري وفي ٣٠ الجاري سانا القومي يتبارى النادي ...</div>"
827	difaa19440218-01.1.2	18 February 1944	difaa	Page 2	"<div class=""txtsearchsnippet"">... اعمال الارهاب اليهودية الإخيرة ومقتل الضابط والكونستابل البريطانيين في <b class=""highlightcolor"">حيفا</b> وقد ارسلت هذه الكتب والبرقيات الى فخامة المندوب السامى ...</div>"
828	difaa19480225-01.1.1	25 February 1948	difaa	Page 1	"<div class=""txtsearchsnippet"">... من بعد الظهر خجت البصات العربية من طبربا قاصدة <b class=""highlightcolor"">حيفا</b> تحت حراسة قوة من الجش ، ا اقتربت من ...</div>"
829	difaa19471009-01.1.4	9 October 1947	difaa	Page 4	"<div class=""txtsearchsnippet"">... لقحوا ٥٠٤ باستثناء للموظفين الذين يتطعمون في مركز D <b class=""highlightcolor"">مستشفى الحكومة.</b> الاحتياطات الوقائية بالخليل الخليل - اتخذت ادارة الصحة ...</div>"
830	difaa19460426-01.1.1	26 April 1946	difaa	Page 1	"<div class=""txtsearchsnippet"">موقف السيارات العسكرية . الى <b class=""highlightcolor"">مستشفى الحكومة</b> اما القتلى فقد نقلوا الى <b class=""highlightcolor"">مستشفى الحكومة</b> في ...</div>"
831	difaa19470509-01.1.2	9 May 1947	difaa	Page 2	"<div class=""txtsearchsnippet"">... ماعد دمن الصفين والمراسلين الباب تصنيف المتبرعين لبيت المال <b class=""highlightcolor"">حيفا</b> - عقد السيد عزت طنوس الامين العام لبيت المال ...</div>"
832	difaa19470622-01.1.4	22 June 1947	difaa	Page 4	"<div class=""txtsearchsnippet"">... هداسا . وتقدر الخسارة بمثة جنيه. رصاصة يحسبها قداحه <b class=""highlightcolor"">حيفا</b> - عثر احمد عبد الجابر وعمره ۱۷ عاما من ...</div>"
833	difaa19450301-01.1.3	1 March 1945	difaa	Page 3	"<div class=""txtsearchsnippet"">... للحفلة التي سيقيمها المجلس الاسلامي الأعلى للمستر كر كبرايد <b class=""highlightcolor"">حيفا</b> - يلقي المستر سمت مراقب البرامج الانكليزية بمصلحة الاذاعة ...</div>"
834	difaa19460113-01.1.3	13 January 1946	difaa	Page 3	"<div class=""txtsearchsnippet"">... بمناسبة قرب مغادرته فلسطين وقد انسنا بحديثه ودماثة خلقه <b class=""highlightcolor"">حيفا</b> - وصل <b class=""highlightcolor"">حيفا</b> السيد تقى الدين الصلح مستشار للمفوضية ...</div>"
835	difaa19450907-01.1.11	7 September 1945	difaa	Page 11	"<div class=""txtsearchsnippet"">... المحكمة العليا سيأتي لفلسطين في شهر تشرين الثاني القادم <b class=""highlightcolor"">حيفا</b> - حاد من لبنان بعد قضاء اجازته هناك القاضي ...</div>"
836	difaa19450729-01.1.2	29 July 1945	difaa	Page 2	"<div class=""txtsearchsnippet"">- <b class=""highlightcolor"">حيفا</b> -في اراضي شفاعمرو وعلى بعدها كيلو متراً من <b class=""highlightcolor"">حيفا</b> ...</div>"
837	difaa19400603-01.1.2	3 June 1940	difaa	Page 2	"<div class=""txtsearchsnippet"">... الطفل فسببت له جراحاً خطرة نقل على اثرها الى <b class=""highlightcolor"">مستشفى الحكومة</b> ولم يلبث ان فارق الحياة بعد وصوله اليه ...</div>"
838	difaa19400421-01.1.2	21 April 1940	difaa	Page 2	"<div class=""txtsearchsnippet"">... المحطة ١٦٠ طنامن الحنطة العراقية وصلت بطريق السكة من <b class=""highlightcolor"">حيفا</b> و ٣٠ طنا من السكر وشحن بطريق الترانزيت ٣١٥ ...</div>"
839	difaa19381011-01.1.5	11 October 1938	difaa	Page 5	"<div class=""txtsearchsnippet"">... اربعة من ركابها بجراح مختلفة وقد نقلوا جميعاً الى <b class=""highlightcolor"">مستشفى الحكومة</b> بالقدس غير ان جراح طه عبد اللطيف ابو ...</div>"
840	difaa19421116-01.1.3	16 November 1942	difaa	Page 3	"<div class=""txtsearchsnippet"">... وتخصيصها للمجلس . رئيس بلدية طولكرم في المستشفى دخل <b class=""highlightcolor"">مستشفى الحكومة</b> للمعالجة فيه السيد هاشم الجيوسى رئيس بلدية طولكرم ...</div>"
841	difaa19420907-01.1.3	7 September 1942	difaa	Page 3	"<div class=""txtsearchsnippet"">رسالة <b class=""highlightcolor"">حيفا</b> التلفونية</div>"
842	difaa19380419-01.1.4	19 April 1938	difaa	Page 4	"<div class=""txtsearchsnippet"">... ناحية من مكان الحادث . وقد نقل الجريح الى <b class=""highlightcolor"">مستشفى الحكومة</b> في <b class=""highlightcolor"">حيفا</b> واجريت له الاسعافات اللازمة على ان ...</div>"
843	difaa19380411-01.1.4	11 April 1938	difaa	Page 4	"<div class=""txtsearchsnippet"">فأصيبوا جميعاً بجراح نقلوا على اثرها الى <b class=""highlightcolor"">مستشفى الحكومة</b> بصفد وأجريت لكل من المصابين الثلاثة عملية جراحية ...</div>"
844	difaa19370707-01.1.2	7 July 1937	difaa	Page 2	"<div class=""txtsearchsnippet"">... ا الأمن العام ما يلي : يافا توفي في <b class=""highlightcolor"">مستشفى الحكومة</b> رشاد محمد رزق من عرب الجماسين بسبب اصابته ...</div>"
845	difaa19371019-01.1.4	19 October 1937	difaa	Page 4	"<div class=""txtsearchsnippet"">... مسكرات انه اعلان بلدية القدس. والصواب أنه اعلان بلدية <b class=""highlightcolor"">حيفا</b></div>"
846	difaa19440824-01.1.2	24 August 1944	difaa	Page 2	"<div class=""txtsearchsnippet"">أصابتان بالطاعون في <b class=""highlightcolor"">حيفا</b> ذكرت البوست ان اصابتين جديدتين بالطاعون قد وقعنا فى ...</div>"
847	difaa19441012-01.1.3	12 October 1944	difaa	Page 3	"<div class=""txtsearchsnippet"">... البلدي للنظر فيها واعطاء القرار المناسب . توفي في <b class=""highlightcolor"">مستشفى الحكومة</b> المرحوم عبد الحميد العناتي الذي ذكرنا في الحاج ...</div>"
848	difaa19440503-01.1.2	3 May 1944	difaa	Page 2	"<div class=""txtsearchsnippet"">... زمن استقبال الرعايا وتعلن في عن ذلك وستسافر الى <b class=""highlightcolor"">حيفا</b></div>"
849	difaa19460311-01.1.2	11 March 1946	difaa	Page 2	"<div class=""txtsearchsnippet"">... سائر أنحاء فلسطين . ... جريحان عربيان نقل الى <b class=""highlightcolor"">مستشفى الحكومة</b> بيانا امس شخصان عربيان وها مصابان بعدة طعنات ...</div>"
850	difaa19460908-01.1.3	8 September 1946	difaa	Page 3	"<div class=""txtsearchsnippet"">... وتعرفت عليه زوجة القتيل اثناء التشخيص ون ادخل في <b class=""highlightcolor"">مستشفى الحكومة</b> عطية شقور <b class=""highlightcolor"">حيفا</b> وعمره ٣٥ سنة مصابا بجروح ...</div>"
851	difaa19460823-01.1.3	23 August 1946	difaa	Page 3	"<div class=""txtsearchsnippet"">... القضية العربية وقضى ليلة بعكاو في الصباح غادرنا الى <b class=""highlightcolor"">حيفا</b> مودها بمثل ما قوبل به من الحفاوة والتكريم يافا ...</div>"
852	difaa19471210-01.1.1	10 December 1947	difaa	Page 1	"<div class=""txtsearchsnippet"">... قرية كرتيا ونسى منزل استمرار العراك المرير في شوارع <b class=""highlightcolor"">حيفا</b> - وقوع اشتباك بين الجنود والارين - اعادة فرض ...</div>"
853	difaa19441110-01.1.2	10 November 1944	difaa	Page 2	"<div class=""txtsearchsnippet"">... ٧,٣٠ من صباح الثلاثاء في ١٤ منه وآخر من <b class=""highlightcolor"">حيفا</b> في الساعة ٨,٣٠ من ذات التاريخ القاهرة محمد راغب ...</div>"
854	difaa19441026-01.1.2	26 October 1944	difaa	Page 2	"<div class=""txtsearchsnippet"">... من جهة اخرى لاعادة فتح هذا الميناء اجتماع في <b class=""highlightcolor"">حيفا</b> حضره ممثلان مدة وعقد مند تان مجلس تصريف الحمضيات ...</div>"
855	difaa19451210-01.1.3	10 December 1945	difaa	Page 3	"<div class=""txtsearchsnippet"">... الجمعيات التعاون الحزبية خلفا للسيد عبد الحميد ياسين . <b class=""highlightcolor"">حيفا</b> - عين القس توكسون ، الذي وصل اخيرا الى ...</div>"
856	difaa19450531-01.1.2	31 May 1945	difaa	Page 2	"<div class=""txtsearchsnippet"">... امر من المندوب بشأن زيادة رسوم التفريغ في ميناء <b class=""highlightcolor"">حيفا</b> بنسبة ٨٥ بالمئة على أن ينفذ اعتبارا من اول ...</div>"
857	difaa19460108-01.1.2	8 January 1946	difaa	Page 2	"<div class=""txtsearchsnippet"">... البوليس والضباط . قوات أفريقية تغادر فلسطين وصلت ميناء <b class=""highlightcolor"">حيفا</b> الباخرة وانكي وحمولتها ١٦ الف طن . والمعروف ان ...</div>"
858	difaa19461120-01.1.3	20 November 1946	difaa	Page 3	"<div class=""txtsearchsnippet"">... يمكث أسبوعين ويسافر بعدها الى واشنطن ويعود الى لندن. <b class=""highlightcolor"">حيفا</b> جراتم السيد يعقوب السبع فرمان ا دروسه في الكلية ...</div>"
859	difaa19470114-01.1.2	14 January 1947	difaa	Page 2	"<div class=""txtsearchsnippet"">... البريطانية الراسية ولم تقع اضرار تذكر ولم في ميناء <b class=""highlightcolor"">حيفا</b> احد باذي اسكان المسرحين اليهود بسارونا ! عقدت بلدية ...</div>"
860	difaa19461119-01.1.2	19 November 1946	difaa	Page 2	"<div class=""txtsearchsnippet"">... من القمح وسلمت الى السائق وطلب اليه العودة الى <b class=""highlightcolor"">حيفا</b> و عدم متابعة سيره الى يافا . وقد اعلام ...</div>"
861	difaa19470124-01.1.4	24 January 1947	difaa	Page 4	"<div class=""txtsearchsnippet"">... : جبل كنعان ٧ مليمترات ، مكا ۸، مطار <b class=""highlightcolor"">حيفا</b> ه ، جبل الكرمل ،٢، طبريا ٨ بيسان ۸ ...</div>"
862	difaa19460529-01.1.2	29 May 1946	difaa	Page 2	"<div class=""txtsearchsnippet"">... « سيفرون ( عندما جرت محاولة نسفها في ميناء <b class=""highlightcolor"">حيفا</b> . ارسال المان فلسطين لالمانيا يقول مكاتب ها بوكر ...</div>"
863	difaa19480307-01.1.4	7 March 1948	difaa	Page 4	"<div class=""txtsearchsnippet"">... سلمان وعبد الرحمن محمد مشعل بجراح مختلفة نقلوا الى <b class=""highlightcolor"">مستشفى الحكومة</b> بغزة ، واعتقل الجيش عبد الكريم عبد المحسن ...</div>"
864	difaa19480331-01.1.2	31 March 1948	difaa	Page 2	"<div class=""txtsearchsnippet"">... نقل القنصلية الاميركية لحيفا القدس - سافر أمس الى <b class=""highlightcolor"">حيفا</b> آخر فوج من موظفي القنصلية الاميركية العامة ومعهم الأوراق ...</div>"
865	difaa19480326-01.1.2	26 March 1948	difaa	Page 2	"<div class=""txtsearchsnippet""><b class=""highlightcolor"">حيفا</b> - كان يوم امس اول يوم يمر بهدوء | ...</div>"
866	difaa19480325-01.1.2	25 March 1948	difaa	Page 2	"<div class=""txtsearchsnippet""><b class=""highlightcolor"">حيفا</b> - انتهت امس قضية الكو نستبلات | الاربعة المتهمين ...</div>"
867	difaa19450812-01.1.3	12 August 1945	difaa	Page 3	"<div class=""txtsearchsnippet""><b class=""highlightcolor"">حيفا</b> - وقع صباح امس اصطدام بيز الباص رقم ١٤ ...</div>"
868	difaa19470918-01.1.3	18 September 1947	difaa	Page 3	"<div class=""txtsearchsnippet"">... بهاء الدين طوقان ، قنصل المملكة الاردنية العام . <b class=""highlightcolor"">حيفا</b> - وصل <b class=""highlightcolor"">حيفا</b> بالطائرة قادما من مصر سيادة مطران ...</div>"
869	difaa19470910-01.1.4	10 September 1947	difaa	Page 4	"<div class=""txtsearchsnippet"">... امس ٣٨٦ طا وسحب من المنابر ٥٠٠ طن . <b class=""highlightcolor"">حيفا</b> - ترسو في الميناء ۲۱ سفينة مخلفة، وتصل اليوم ...</div>"
870	difaa19450530-01.1.3	30 May 1945	difaa	Page 3	"<div class=""txtsearchsnippet"">... بك مصطقى قنصل عام المملكة المصرية بفلسطين حيفات وصل <b class=""highlightcolor"">حيفا</b> الارشمندريت باسليوس قسيس الدير الثاني للرهبانية الخاصية ودخل <b class=""highlightcolor"">مستشفى ...</b></div>"
871	difaa19480328-01.1.4	28 March 1948	difaa	Page 4	"<div class=""txtsearchsnippet"">... ۲۱ سنة واصابته بصدره . وقد نقلو اجميعا الى <b class=""highlightcolor"">مستشفى الحكومة</b> بيافا للمعالجة واقترف اليهود صباح امس الباكر جريمة ...</div>"
872	difaa19441106-01.1.2	6 November 1944	difaa	Page 2	"<div class=""txtsearchsnippet"">... البرنسيس بياتريس أحدى أميرات البيت المالك الانكليزي افتتاح مطار <b class=""highlightcolor"">حيفا</b> المدنى افتح مطار حيف الهبوط الطائرات البدنية منذ يوم ...</div>"
873	difaa19441001-01.1.3	1 October 1944	difaa	Page 3	"<div class=""txtsearchsnippet"">... الخاص . توجه المستر تورز مساعد مراقب المؤن الى <b class=""highlightcolor"">حيفا</b> لا شغال تتعلق بمراقبة المؤن العلامة . ويحتمل ان ...</div>"
874	difaa19460609-01.1.3	9 June 1946	difaa	Page 3	"<div class=""txtsearchsnippet"">... الملكي نقلى سعادته وابرق السيد رشيد الخوري سكرتير بلدية <b class=""highlightcolor"">حيفا</b> الى سعادته مهنئاً في برقية رقيقة اعرب فيها عن ...</div>"
875	difaa19451129-01.1.2	29 November 1945	difaa	Page 2	"<div class=""txtsearchsnippet"">... الثمن (۱۲۰) (ملا . ٣ اصابات بالطاعون نقل إلى <b class=""highlightcolor"">مستشفى الحكومة</b> للأمراض المعدية في بني براك امس ثلاثة اشخاص ...</div>"
876	difaa19470219-01.1.3	19 February 1947	difaa	Page 3	"<div class=""txtsearchsnippet"">... انكلترا وسيمكث هنالك نحو ستة أسابيع • رافقته السلامة <b class=""highlightcolor"">حيفا</b> - يلقى فضيلة الشيخ عبد الرحمن مراد محاضرة في ...</div>"
877	difaa19470114-01.1.1	14 January 1947	difaa	Page 1	"<div class=""txtsearchsnippet"">... وينتظروا نتائج مساهم الابيض ، ليت هؤلاء كانوا في <b class=""highlightcolor"">حيفا</b> ، وفي و اتفاقات زعماء الصهيونية في ويتهول والبيت ...</div>"
878	difaa19441011-01.1.3	11 October 1944	difaa	Page 3	"<div class=""txtsearchsnippet"">... طلبات لاداء فريضة الحج هذا العام ٤١٠ اشخاص - <b class=""highlightcolor"">حيفا-</b> لمراسل الدفاع الخاص اصدرت المحكمة المركزية قرارها فى قضية ...</div>"
879	difaa19470715-01.1.4	15 July 1947	difaa	Page 4	"<div class=""txtsearchsnippet"">... ن ، يقول فيه انه كان يعمل في ميناء <b class=""highlightcolor"">حيفا</b> ، وبغتة وبدون سابق انذار أبلغه الموظف المختص الاستغناء ...</div>"
880	difaa19470327-01.1.2	27 March 1947	difaa	Page 2	"<div class=""txtsearchsnippet""><b class=""highlightcolor"">حيفا</b> - تستعد جمعيات التعاون الزراعية | التصريف الدخان في ...</div>"
881	difaa19470404-01.1.4	4 April 1947	difaa	Page 4	"<div class=""txtsearchsnippet"">... وبيسان و نابلس و طولكرم و نائب رئيس بلدية <b class=""highlightcolor"">حيفا</b> الحاج طاهر قرمان . - تأليف لجنة فرعية لتزويد ...</div>"
882	difaa19470523-01.1.4	23 May 1947	difaa	Page 4	"<div class=""txtsearchsnippet"">... للرجلين العربيين اللذين اعتقلا بعد فرار جئولا كوهن من <b class=""highlightcolor"">مستشفى الحكومة</b> ؟ وهل صحيح انهما اعتقلا بعد أن اطلق ...</div>"
883	difaa19470814-01.1.3	14 August 1947	difaa	Page 3	"<div class=""txtsearchsnippet"">... القنصلية السورية للسلام على الدكتور الجابري ويصل اليوم من <b class=""highlightcolor"">حيفا</b> السيد مؤيد العظم للقيام باعمل القنصلية السورية المطار مدة ...</div>"
884	difaa19450723-01.1.3	23 July 1945	difaa	Page 3	"<div class=""txtsearchsnippet""><b class=""highlightcolor"">حيفا</b> - سافر بالاجازة الى انكلترا امس المستر كيري مدير ...</div>"
885	difaa19471221-01.1.2	21 December 1947	difaa	Page 2	"<div class=""txtsearchsnippet"">۱۰ بواخر تصل الى مينائي <b class=""highlightcolor"">حيفا</b> ويافا خلال الاسبوع الحالي</div>"
886	difaa19480317-01.1.2	17 March 1948	difaa	Page 2	"<div class=""txtsearchsnippet"">... الاسعار بفضل اهمال الهيئات اليهودية ، أمطار غزيرة في <b class=""highlightcolor"">حيفا</b> <b class=""highlightcolor"">حيفا</b> - استمر هطول الامطار ليلة امس الاول بشدة ...</div>"
887	difaa19450110-01.1.3	10 January 1945	difaa	Page 3	"<div class=""txtsearchsnippet"">... كمية قليلة من الافيون عرف أن بوليس المباحث الجنائية <b class=""highlightcolor"">حيفا</b> : توصل الى اكتشاف عدد كبير من السرقات وفهم ...</div>"
888	difaa19470213-01.1.3	13 February 1947	difaa	Page 3	"<div class=""txtsearchsnippet"">... الجنوب وتكون الرياح متقلبة ، وتهب في منطقة خليج <b class=""highlightcolor"">حيفا</b> رياح غربية قوية وعاصفة ويكون البحر معتدلا . اجتماعيات ...</div>"
889	difaa19470325-01.1.2	25 March 1947	difaa	Page 2	"<div class=""txtsearchsnippet"">... كميتها ٦٠٠ الف صندوق و في هنا ير ميناء <b class=""highlightcolor"">حيفا</b> ٦٠٠ الف صندوق من الحمضيات تحت الشحن ، وقادرتها ...</div>"
890	difaa19450228-01.1.3	28 February 1945	difaa	Page 3	"<div class=""txtsearchsnippet"">... الى اريحا سمو حيث تقيم مع الامير زوجها هناك <b class=""highlightcolor"">حيفا-</b> يغادر اليوم المدينة إلى مصر بمناسبة نقله سكرتيراً سعود ...</div>"
891	difaa19450610-01.1.3	10 June 1945	difaa	Page 3	"<div class=""txtsearchsnippet"">... إلى هناك من اجلها القدس یم ماد امس من <b class=""highlightcolor"">حيفا</b> السيد ندير المطار القائم باعمال القنصلية السورية هناك و ...</div>"
892	difaa19450620-01.1.2	20 June 1945	difaa	Page 2	"<div class=""txtsearchsnippet"">... حوادث في تل أبيب وثلاث في القدس واثنتان فى <b class=""highlightcolor"">حيفا</b> ولا تزيد قيمة المبالغ المستحقة في الافلاس على ۲۰ ...</div>"
893	difaa19430618-01.1.4	18 June 1943	difaa	Page 4	"<div class=""txtsearchsnippet"">... الاميرات يهنئهن فيها على تبرعاتهن السخية . نقلت الى <b class=""highlightcolor"">مستشفى الحكومة</b> امرأة من قرية يالو قضاء الرملة مصابة بجرح ...</div>"
894	difaa19360923-01.1.4	23 September 1936	difaa	Page 4	"<div class=""txtsearchsnippet"">... بليغة، والاتناز الباقيان بجروح طفيفة وقد نقلوا جميعهم الى <b class=""highlightcolor"">مستشفى الحكومة</b> بالقدس وأخذ البوليس فى التفتيش ووردت شهادة من ...</div>"
895	difaa19360924-01.1.5	24 September 1936	difaa	Page 5	"<div class=""txtsearchsnippet"">... - تصدى الثوار امس الميزة من الجند قادمة من <b class=""highlightcolor"">حيفا</b> في الساعة الخامسة مساء قرب قرية قرابية في مكان ...</div>"
896	difaa19380322-01.1.1	22 March 1938	difaa	Page 1	"<div class=""txtsearchsnippet"">... آخر معه ونقلهما للمستشفى مشروع انشاء تسكنات عسكرية فى <b class=""highlightcolor"">حيفا</b> وابنية للضباط في القدس وتقدير ذلك بعشرات ألوف الجنيهات</div>"
897	difaa19380411-01.1.5	11 April 1938	difaa	Page 5	"<div class=""txtsearchsnippet"">... في قشلاق البوليس ، اما الجريح فلا يزال في <b class=""highlightcolor"">مستشفى الحكومة</b> . تأجيل النظر في قضية احتيال استأنف الاستاذ ...</div>"
898	difaa19380424-01.1.5	24 April 1938	difaa	Page 5	"<div class=""txtsearchsnippet"">... حيفاما إلى : افضل عدد من الحوانيت في سوق <b class=""highlightcolor"">حيفا</b> أمس حيث فرق البوليس تجمهراً كان فيه . )</div>"
899	difaa19380503-01.1.5	3 May 1938	difaa	Page 5	"<div class=""txtsearchsnippet"">... رجال البوليس العربيان اللذان أصيبا بشظايا قنبلة خرج من <b class=""highlightcolor"">مستشفى الحكومة</b> عزة عبد العزيز الرشق ويقين دعنا ، وها ...</div>"
900	difaa19400407-01.1.7	7 April 1940	difaa	Page 7	"<div class=""txtsearchsnippet"">... الجراحية في معالجة مرضى البلديات التي ستساهم في مشروع <b class=""highlightcolor"">مستشفى الحكومة</b> وهي بلديات عمان واربد والكرك وجرش وعجلون ومأدبا ...</div>"
901	difaa19380114-01.1.1	14 January 1938	difaa	Page 1	"<div class=""txtsearchsnippet"">... بجرح خطر و نقل الى القدس حيث وضع في <b class=""highlightcolor"">مستشفى الحكومة</b> . اما صاحب الدار فيدعى الحاج عبدو بلوط ...</div>"
902	difaa19370630-01.1.3	30 June 1937	difaa	Page 3	"<div class=""txtsearchsnippet"">اصدر رئيس المحكمة <b class=""highlightcolor"">حيفا</b> في ٢٩ حزيران ـ لمراسل الدفاع الخاص. - المركزية ...</div>"
903	difaa19380202-01.1.1	2 February 1938	difaa	Page 1	"<div class=""txtsearchsnippet"">سفره طائراً الى <b class=""highlightcolor"">حيفا</b> ثم بيروت القاهرة في ١ شباط - لمراسل الدفاع ...</div>"
904	difaa19371212-01.1.1	12 December 1937	difaa	Page 1	"<div class=""txtsearchsnippet"">تصيبه رضاضتان <b class=""highlightcolor"">حيفا</b> في ١١ كانون الأول لمراسل الدفاع الخاص كان الشيخ ...</div>"
905	difaa19451119-01.1.3	19 November 1945	difaa	Page 3	"<div class=""txtsearchsnippet"">... اليوم مرجعا في شؤون رعاية الطفل. وستزور في يافا <b class=""highlightcolor"">مستشفى الحكومة</b> ومركز رعاية الطفل ونادي البنات المتشردات في المنشية ...</div>"
906	difaa19470218-01.1.4	18 February 1947	difaa	Page 4	"<div class=""txtsearchsnippet"">الحكومة في <b class=""highlightcolor"">حيفا</b> . كما نقل عدد منهم بعد فحصهم في <b class=""highlightcolor"">مستشفى ...</b></div>"
907	difaa19450211-01.1.3	11 February 1945	difaa	Page 3	"<div class=""txtsearchsnippet"">... على منح فضيلة الشيخ سعيد العلمي القاضي السابق في <b class=""highlightcolor"">حيفا</b> اكرامية وراتب الشرعي تقاعد لقاء خدماته التي اداها في ...</div>"
908	difaa19471203-01.1.4	3 December 1947	difaa	Page 4	"<div class=""txtsearchsnippet"">... باحدى الخدمات الوطنية أمين المسر کالاسعاف . . في <b class=""highlightcolor"">حيفا</b> - <b class=""highlightcolor"">حيفا</b> - اضربت المدينة امس اضرابا عاما شمل ...</div>"
909	difaa19480411-01.1.3	11 April 1948	difaa	Page 3	"<div class=""txtsearchsnippet"">... واجبه في منطقة الجبالية امس الاول وقد نقل الى <b class=""highlightcolor"">مستشفى الحكومة</b> و يبلغ عمره ١٩ عاما وزعت ادارة المعارف ...</div>"
910	difaa19460219-01.1.3	19 February 1946	difaa	Page 3	"<div class=""txtsearchsnippet"">... وقد اجرى العقد فضيلة الشيخ يونس الخطيب جمله الله <b class=""highlightcolor"">حيفا</b> قرانا ميمونا وبالرفاه والبنين . أنباء البلدان عين السيد ...</div>"
911	difaa19451130-01.1.3	30 November 1945	difaa	Page 3	"<div class=""txtsearchsnippet"">... ا من ابناء السلامة رزق السيد محمد الطاهر متعهد <b class=""highlightcolor"">مستشفى - الحكومة</b> بحيفا مولودا سماه طاهر جمله الله من ...</div>"
912	difaa19460106-01.1.3	6 January 1946	difaa	Page 3	"<div class=""txtsearchsnippet""><b class=""highlightcolor"">حيفا</b> - وصل ظهر امس بالسيارة السيد موسى العلمي : ...</div>"
913	difaa19470311-01.1.4	11 March 1947	difaa	Page 4	"<div class=""txtsearchsnippet"">... بينهم خمسة في مستشفى هداسا وجراحهم خطرة وسبعة في <b class=""highlightcolor"">مستشفى الحكومة</b> على نهر الموجا واصابتهم بسيطة . وتقول الجريدة ...</div>"
914	difaa19470417-01.1.2	17 April 1947	difaa	Page 2	"<div class=""txtsearchsnippet"">... الجزاء » . و عصبة التحرر الوطني في فلسطين <b class=""highlightcolor"">حيفا</b> - تلقى رئيس واعضاء عصبة التحرر الوطني بفلسطين البرقية ...</div>"
915	difaa19451004-01.1.3	4 October 1945	difaa	Page 3	"<div class=""txtsearchsnippet"">... امام حاكم الصلح واوقفه ١٥ يوماً . توفيت في <b class=""highlightcolor"">مستشفى الحكومة</b> بيانا امس سيدة في نحو السابعة والثلاثين من ...</div>"
916	difaa19471224-01.1.2	24 December 1947	difaa	Page 2	"<div class=""txtsearchsnippet""><b class=""highlightcolor"">حيفا</b> : أصدر السيد احمد الخليل قاضي صلح <b class=""highlightcolor"">حيفا</b> الأعلى ...</div>"
917	difaa19480315-01.1.2	15 March 1948	difaa	Page 2	"<div class=""txtsearchsnippet""><b class=""highlightcolor"">حيفا</b> - طير السيد رشيد الحاج ابراهيم رئيس اللجنة القومية ...</div>"
918	difaa19480409-01.1.3	9 April 1948	difaa	Page 3	"<div class=""txtsearchsnippet"">... بهم خيراً . في المستشفيات يافا - نقل الى <b class=""highlightcolor"">مستشفى الحكومة</b> بيافا صباح امس السادة : سبيرو دلل وعمر ...</div>"
919	difaa19470428-01.1.2	28 April 1947	difaa	Page 2	"<div class=""txtsearchsnippet"">- <b class=""highlightcolor"">حيفا</b> عقدت اللجنة المركزية لنقابة البريد اجتماعا هاما في يافا ...</div>"
920	difaa19450625-01.1.2	25 June 1945	difaa	Page 2	"<div class=""txtsearchsnippet"">... الصحة العامة الدكتور ابراهيم علم الدين من كبار اطباء <b class=""highlightcolor"">مستشفى الحكومة</b> ليمثل حكومة فلسطين في المؤتمر الطبي الدولي الذي ...</div>"
921	difaa19450517-01.1.3	17 May 1945	difaa	Page 3	"<div class=""txtsearchsnippet"">... فقضت عليه في الحال . وقد نقلت جثته الى <b class=""highlightcolor"">مستشفى الحكومة</b> بيافا وحولت اوراقه تقيم لجنة الحلقات الادبية في ...</div>"
922	difaa19450314-01.1.2	14 March 1945	difaa	Page 2	"<div class=""txtsearchsnippet"">... . فلقد جاء يوم ضاعت منهم فيه رياسة بلدية <b class=""highlightcolor"">حيفا</b> . وجاء يوم آخر وقفوا حائرين</div>"
923	difaa19450617-01.1.3	17 June 1945	difaa	Page 3	"<div class=""txtsearchsnippet"">... كتابا من القضية الفلسطينية، يشرح فيه وجهة نظر العرب. <b class=""highlightcolor"">حيفا</b> - ابل السيد رشيد الحاج ابراهيم من مرضه شفاه ...</div>"
924	difaa19460910-01.1.1	10 September 1946	difaa	Page 1	"<div class=""txtsearchsnippet"">... كان نشاط الصهيونيين في باريس وواشنطن وحوادث الارهابيين في <b class=""highlightcolor"">حيفا</b> والقدس والله ، نذيراً بان الصهيونية قد تركت سلاح ...</div>"
925	difaa19441124-01.1.3	24 November 1944	difaa	Page 3	"<div class=""txtsearchsnippet"">... من موظفى الحكومة للبحث في مسائل تهم القرويين والمزارعين <b class=""highlightcolor"">حيفا</b> : عرف ان دائرة الزراعه اشترت آلات خاصة لتبخير ...</div>"
926	difaa19440608-01.1.3	8 June 1944	difaa	Page 3	"<div class=""txtsearchsnippet"">... تعويضات الاراضي - مسجد البوابة الشرقية - جولة تفتيشية <b class=""highlightcolor"">حيفا</b> في ٧ حزيران - لمراسل الدفاع الخاص - يقول ...</div>"
927	difaa19400523-01.1.5	23 May 1940	difaa	Page 5	"<div class=""txtsearchsnippet"">... كرة القدم بين نادي النهضة الناصري ونادي البريد في <b class=""highlightcolor"">حيفا</b> على ملعب الاخير فتعادل الفريقان مدارس المدينة قدم سكان ...</div>"
928	difaa19420304-01.1.3	4 March 1942	difaa	Page 3	"<div class=""txtsearchsnippet"">... للمدارس الأميرية نجاح عملية لقائمقام بئر السبع اجريت في <b class=""highlightcolor"">مستشفى الحكومة</b> عملية استئصال الزائدة المعوية للسيد فريد السعد قا ...</div>"
929	difaa19420202-01.1.2	2 February 1942	difaa	Page 2	"<div class=""txtsearchsnippet"">مات امس في <b class=""highlightcolor"">مستشفى الحكومة</b> بيافا ا اثنان من اليهود الذين كانوا قد ...</div>"
930	difaa19420111-01.1.2	11 January 1942	difaa	Page 2	"<div class=""txtsearchsnippet"">... الأول من الحجاج وفاة جريح نقلت منذ أيام الى <b class=""highlightcolor"">مستشفى الحكومة</b> بيافا عزيزة محمود عليان من قرية صرفند الإعمار ...</div>"
931	difaa19411209-01.1.2	9 December 1941	difaa	Page 2	"<div class=""txtsearchsnippet"">اصدر مكتب مراقبة الاستيراد والتصدير في <b class=""highlightcolor"">حيفا</b> بياناً رسمياً بشأن استيراد لوازم الهندسة جاء فيه ان ...</div>"
932	difaa19420407-01.1.2	7 April 1942	difaa	Page 2	"<div class=""txtsearchsnippet"">وصل الى <b class=""highlightcolor"">حيفا</b> في طريقه إلى عكا الاستاذ يوسف بك وهي وقد ...</div>"
933	difaa19430202-01.1.3	2 February 1943	difaa	Page 3	"<div class=""txtsearchsnippet"">... مطالعاتها وارسالها الى اللجنة التنفيذية لمؤتمر الغرف التجارية في <b class=""highlightcolor"">حيفا</b> لتتمكن من وضع مذكرة في الموضوع . وقد علمنا ...</div>"
934	difaa19421210-01.1.2	10 December 1942	difaa	Page 2	"<div class=""txtsearchsnippet"">... شهر ايلول الماضي ۷۲۰ مترا منها ٤٩٢ مترا في <b class=""highlightcolor"">حيفا</b> و ٣٥ مترا في القدس و ١٩٣ مترا في ...</div>"
935	difaa19421208-01.1.2	8 December 1942	difaa	Page 2	"<div class=""txtsearchsnippet"">... بانـه تتخذ الترتيبات الان لانشاء خط باسات يومان بين <b class=""highlightcolor"">حيفا</b> وطهران مباشرة ودور المفاوضات الان بين السلطات المسئولة الافتتاح ...</div>"
936	difaa19430614-01.1.3	14 June 1943	difaa	Page 3	"<div class=""txtsearchsnippet"">... المرحوم رفيق مسلم فمات على الاثر و نقل الى <b class=""highlightcolor"">مستشفى الحكومة</b></div>"
937	difaa19430510-01.1.3	10 May 1943	difaa	Page 3	"<div class=""txtsearchsnippet"">... امس فرقة كشافة « مار بولس » قادمة من <b class=""highlightcolor"">حيفا</b> فزارت جمعية الشبان المسيحية وبعض الأماكن المقدسة وقامت باستعراض ...</div>"
938	difaa19430505-01.1.3	5 May 1943	difaa	Page 3	"<div class=""txtsearchsnippet"">... بالرد على كل استفسار يطلب اليه . وجاء من <b class=""highlightcolor"">حيفا</b> وتل ابيب ان حركة التطوع ناشطة ايضاء</div>"
939	difaa19440111-01.1.3	11 January 1944	difaa	Page 3	"<div class=""txtsearchsnippet"">... لتقديم المخالف الى المحاكمة وفاة مشتبه بها تقلت الى <b class=""highlightcolor"">مستشفى الحكومة</b> بيافا امس امرأة مجهولة الهوية تبلغ من العمر ...</div>"
940	difaa19431126-01.1.2	26 November 1943	difaa	Page 2	"<div class=""txtsearchsnippet"">... الوفدي و بعث الاديب السيد عبد الفتاح السباعي « <b class=""highlightcolor"">حيفا</b> المدرسة العربية ) بابيات يحيى فيها مؤتمر الوفد المصرى ...</div>"
941	difaa19440413-01.1.3	13 April 1944	difaa	Page 3	"<div class=""txtsearchsnippet"">... بركة السلطان » فقضت عليه . وقد نقل الى <b class=""highlightcolor"">مستشفى الحكومة</b> . والبوليس يحقق بالحادث نتيجة مباراة فى كرة ...</div>"
942	difaa19350331-01.1.4	31 March 1935	difaa	Page 4	"<div class=""txtsearchsnippet"">... افندي الـ مدي مفتش البوليس. ولا يزال الجرحى في <b class=""highlightcolor"">مستشفى الحكومة،</b> ودفن المتوفون رحمهم الله فقد اغترب بعضهم عن ...</div>"
943	difaa19340718-01.1.7	18 July 1934	difaa	Page 7	"<div class=""txtsearchsnippet"">... ۱۳۵۱ هـ. حركت الغيرة والنخوة بعض الغزيين المقيمين في <b class=""highlightcolor"">حيفا</b> فاسسوا جمعية خيرية على مبدأ يوصلهم الى تحقيق امنيتهم ...</div>"
944	difaa19441019-01.1.3	19 October 1944	difaa	Page 3	"<div class=""txtsearchsnippet"">... شخص حكم عليه بالسجن اربع عشرة سنة من مركزية <b class=""highlightcolor"">حيفا</b> بتهمة السطو والسرقة فخفضت الحكم الى عشر سنوات . ...</div>"
945	difaa19460429-01.1.3	29 April 1946	difaa	Page 3	"<div class=""txtsearchsnippet"">من عكا بواسطة وكيله الحامي فريد افندي كساب من <b class=""highlightcolor"">حيفا</b> قدم طلباً الى هذه المحكمة لاصدار اعلام حصر ارث ...</div>"
946	difaa19470210-01.1.3	10 February 1947	difaa	Page 3	"<div class=""txtsearchsnippet"">... مكث فيها مدة قصيرة زار خلالها اخوانه الفلسطينيين هناك. <b class=""highlightcolor"">حيفا</b> - وصل لمدينة السيد بهجت طبارة قائد الحامية الثانية ...</div>"
947	difaa19421020-01.1.2	20 October 1942	difaa	Page 2	"<div class=""txtsearchsnippet"">... بلدية تل ابيب ، الادون شبتاي ليفي رئيس بلدية <b class=""highlightcolor"">حيفا</b> والحاج طاهر قرمان نائبه المستر والش في مكتب المستر ...</div>"
948	difaa19431207-01.1.2	7 December 1943	difaa	Page 2	"<div class=""txtsearchsnippet"">... تابعة لشركة « تر نسموبيل » سائرة على طريق <b class=""highlightcolor"">حيفا</b> - بيروت اذ انقلبت بعد الناقورة اللبنانية وقد ذهبت ...</div>"
949	difaa19480419-01.1.1	19 April 1948	difaa	Page 1	"<div class=""txtsearchsnippet"">... يمثلون فى أبشع صورة وأنكرها بالاطفال والنساء والعزل فى <b class=""highlightcolor"">حيفا</b> وطبريا ويقتلوهم بالرصاص ثم يحطمون رؤوسهم بالمعاول ويشوهون اجسامهم</div>"
950	difaa19410119-01.1.3	19 January 1941	difaa	Page 3	"<div class=""txtsearchsnippet"">... حسن من بيت دجن الذي توفي امس الأول في <b class=""highlightcolor"">مستشفى الحكومة</b> متأثراً بالجراح التي اصيب بها صباح يوم الخميس ...</div>"
951	difaa19401229-01.1.2	29 December 1940	difaa	Page 2	"<div class=""txtsearchsnippet"">... مفته نيات العام لشئون تتعلق بالحضيات کلمه متشکر لطبيعي <b class=""highlightcolor"">مستشفى الحكومة</b> بيان ان يداً لكما في عنقي ، وفضلا ...</div>"
952	difaa19391105-01.1.4	5 November 1939	difaa	Page 4	"<div class=""txtsearchsnippet"">رسالة <b class=""highlightcolor"">حيفا</b> التلفونية</div>"
953	difaa19410829-01.1.2	29 August 1941	difaa	Page 2	"<div class=""txtsearchsnippet"">... الشئون الخاصة في العجمي تدابير استئصال الطاعون نقل الى <b class=""highlightcolor"">مستشفى الحكومة</b> في <b class=""highlightcolor"">حيفا</b> يوم امس شخص ظهرت عليه اعراض ...</div>"
954	difaa19410327-01.1.2	27 March 1941	difaa	Page 2	"<div class=""txtsearchsnippet"">توفيت في <b class=""highlightcolor"">مستشفى الحكومة</b> أمس نفيسة عمد من يافا وكانت نقلت اليه ...</div>"
955	difaa19410316-01.1.2	16 March 1941	difaa	Page 2	"<div class=""txtsearchsnippet"">... قياسي جرى منه عشر مباريات في القدس ومباريتافي في <b class=""highlightcolor"">حيفا</b> ومباراة في بانا وواحدة في صفيد وواحدة في رام ...</div>"
956	difaa19410312-01.1.2	12 March 1941	difaa	Page 2	"<div class=""txtsearchsnippet"">... الرملة حيث اجريت له الاسعافات الأولية ثم نقل الى <b class=""highlightcolor"">مستشفى الحكومة</b> بيافا وقد اخبر مركز بوليس بياني وقد دجن</div>"
957	difaa19410713-01.1.3	13 July 1941	difaa	Page 3	"<div class=""txtsearchsnippet"">... شويكه قرب باب الخليل فأصيبا بجراح بليغة ونقلا إلى <b class=""highlightcolor"">مستشفى الحكومة</b> وحالتهما ليست خطرة . نظرت المحكمة المركزية في ...</div>"
958	difaa19410716-01.1.2	16 July 1941	difaa	Page 2	"<div class=""txtsearchsnippet"">... يلبث ان قضى نحبه على اثره، وقد نقل الى <b class=""highlightcolor"">مستشفى الحكومة</b> وحوات اوراقه الى القائمقام فأصدر قراراً بالتشريح والدفن</div>"
959	difaa19410622-01.1.2	22 June 1941	difaa	Page 2	"<div class=""txtsearchsnippet"">... وفا الدجاني الياس جلاد، جورج خضر سكرتيرها . ووفد <b class=""highlightcolor"">حيفا</b> من السادة الحاج طاهر قرمان ، جاد سويدان و ...</div>"
960	difaa19410420-01.1.2	20 April 1941	difaa	Page 2	"<div class=""txtsearchsnippet"">حالة السوق فى <b class=""highlightcolor"">حيفا</b> تقرير عن حـ</div>"
961	difaa19410428-01.1.2	28 April 1941	difaa	Page 2	"<div class=""txtsearchsnippet"">... الناجي الفاروقي من ذلك المكان فنقلها في سيارته الى <b class=""highlightcolor"">مستشفى الحكومة</b> واخبر مركز بوليس المدينة بالحادث فبادر الى مكانه ...</div>"
962	difaa19410605-01.1.2	5 June 1941	difaa	Page 2	"<div class=""txtsearchsnippet"">... برضوض بسيطة . جداً . وقد نقل الجرحى إلى <b class=""highlightcolor"">مستشفى الحكومة</b> في القدس، ولم يصب سائق الباص بأذى يذكر ...</div>"
963	difaa19420705-01.1.3	5 July 1942	difaa	Page 3	"<div class=""txtsearchsnippet"">يعمل رئيس البلدية السيد رشدي الشوا بمناسبة ضيق <b class=""highlightcolor"">مستشفى الحكومة</b> وكثرة عدد المرضى ، على مراجعة الدوائر المختصة ...</div>"
964	difaa19430212-01.1.2	12 February 1943	difaa	Page 2	"<div class=""txtsearchsnippet"">... وجسر المجامع وجسر اليرموك ومطار طبريا ومطار الله ومطار <b class=""highlightcolor"">حيفا</b> والمطلة وجسر بنات يعقوب وجسر الشيخ حسين و البحر ...</div>"
965	difaa19421109-01.1.3	9 November 1942	difaa	Page 3	"<div class=""txtsearchsnippet"">رسالة <b class=""highlightcolor"">حيفا</b> التلفونيه</div>"
966	difaa19430414-01.1.4	14 April 1943	difaa	Page 4	"<div class=""txtsearchsnippet"">... سلمة زلت قدمها وسقطت فيها وقد نقلت جثتها الى <b class=""highlightcolor"">مستشفى الحكومة</b> وحولت اوراقها الى القائمقام</div>"
967	difaa19430418-01.1.2	18 April 1943	difaa	Page 2	"<div class=""txtsearchsnippet"">توفي امس في <b class=""highlightcolor"">مستشفى الحكومة</b> بمرض التيفوس توفيق الحاج جابر عبد الخالق من ...</div>"
968	difaa19430929-01.1.3	29 September 1943	difaa	Page 3	"<div class=""txtsearchsnippet"">... طاهر المصري- نابلس. بشاره جورج نصوزه- يافا. جول نصور <b class=""highlightcolor"">حيفا</b> . سعر البيع الى تجار المفرق ٦٥٠ ملا للكيلو ...</div>"
969	difaa19440329-01.1.3	29 March 1944	difaa	Page 3	"<div class=""txtsearchsnippet"">... فاطمة محمد حسين من قرية العيزرية ، ونقلت الى <b class=""highlightcolor"">مستشفى الحكومة</b> في حالة خطرة . افتتاح معرض الطعام في ...</div>"
970	difaa19440424-01.1.3	24 April 1944	difaa	Page 3	"<div class=""txtsearchsnippet"">مكتبة النهضة - <b class=""highlightcolor"">حيفا</b> نحو الجيش المحترق، فرنسا المجازية ، البرلمان الامثل ، ...</div>"
971	difaa19370511-01.1.2	11 May 1937	difaa	Page 2	"<div class=""txtsearchsnippet"">وفد من <b class=""highlightcolor"">حيفا</b></div>"
972	difaa19370530-01.1.3	30 May 1937	difaa	Page 3	"<div class=""txtsearchsnippet""><b class=""highlightcolor"">حيفا</b> في ۲۹ ايار - لمراسل الدفاع الخاص - وصل ...</div>"
973	difaa19350723-01.1.7	23 July 1935	difaa	Page 7	"<div class=""txtsearchsnippet"">... من البوليس فأخرجته جثة ها مدة و نقل الى <b class=""highlightcolor"">مستشفى الحكومة</b> وتولت ادارته دفنه ، و بهذه المناسبة نلفت ...</div>"
974	difaa19380311-01.1.4	11 March 1938	difaa	Page 4	"<div class=""txtsearchsnippet"">... الاهالي في صفد اصوات العيارات النارية . بعد مصادمة <b class=""highlightcolor"">حيفا</b> في ١٠ اذار - لمراسل الدفاع الخاص - توفي ...</div>"
975	difaa19380708-01.1.8	8 July 1938	difaa	Page 8	"<div class=""txtsearchsnippet"">... الاسعاف التي وصلت في الساعة التاسعة ونقلت المصابين الى <b class=""highlightcolor"">مستشفى الحكومة</b></div>"
976	difaa19350217-01.1.4	17 February 1935	difaa	Page 4	"<div class=""txtsearchsnippet"">... ن يستمع لشكايانهم فعينت السيد ( منسي) من اهالي <b class=""highlightcolor"">حيفا</b> ومن موظفى دائرة البوليس فيها فنقلته الى دائرة المهاجرة ...</div>"
977	difaa19361009-01.1.4	9 October 1936	difaa	Page 4	"<div class=""txtsearchsnippet"">... حالة مساعد مدير البوليس حليم بسطه الذي جرح في <b class=""highlightcolor"">حيفا</b> مساء أمس ليست خطرة بريطانيا وحرية الرأي القى السرجون ...</div>"
978	difaa19371228-01.1.4	28 December 1937	difaa	Page 4	"<div class=""txtsearchsnippet"">... عشر عيار ناري أصاب الطفل السيد موريس نصار من <b class=""highlightcolor"">حيفا</b> تحت نديه الايسر ، ويبلغ عمره ست سنوات وقد ...</div>"
979	difaa19340610-01.1.5	10 June 1934	difaa	Page 5	"<div class=""txtsearchsnippet"">... نومه واجرى له الاسعافات اللازمة ومن تم نقل الى <b class=""highlightcolor"">مستشفى الحكومة</b> حيث الايزال نائماً فيه . وقد التي البوليس ...</div>"
980	difaa19350124-01.1.4	24 January 1935	difaa	Page 4	"<div class=""txtsearchsnippet"">... داخلي شديد ، وقد نقل على الاثر / إلى <b class=""highlightcolor"">مستشفى الحكومة</b> حيث اجريت له الاسعافات الضرورية وحالته تنذر بخطر ...</div>"
981	difaa19460403-01.1.3	3 April 1946	difaa	Page 3	"<div class=""txtsearchsnippet"">... قسمت اعمال التنظيم في هذه السنة القسم في بلدية <b class=""highlightcolor"">حيفا</b> الى قسمين : ا الاداري و قسم ادارة المشاريع ...</div>"
982	difaa19460801-01.1.3	1 August 1946	difaa	Page 3	"<div class=""txtsearchsnippet"">انكلترا في اجازة ثلاثة اشهر الدين <b class=""highlightcolor"">حيفا-</b> يلقي فضيلة الشيخ تقي النبهاني محاضرة موضوعها ( الزعيم ...</div>"
983	difaa19451025-01.1.3	25 October 1945	difaa	Page 3	"<div class=""txtsearchsnippet"">... قررت المحكمة احالة المتهمة الى المحاكمة امام المحكمة المركزية. <b class=""highlightcolor"">حيفا</b> علمنا انه يوجد الان فى محطة التجارب الزراعيه ب ...</div>"
984	difaa19450504-01.1.2	4 May 1945	difaa	Page 2	"<div class=""txtsearchsnippet"">... بمناسبة اسبوع اليتيم الذي ستقيمه لجنة اليتيم العربي في <b class=""highlightcolor"">حيفا</b> ابتداء من ۱۳ ايار الجاري</div>"
985	difaa19450821-01.1.3	21 August 1945	difaa	Page 3	"<div class=""txtsearchsnippet""><b class=""highlightcolor"">حيفا</b> وصل <b class=""highlightcolor"">حيفا</b> ظهر اليوم دولة حسين سري باشا قادما ...</div>"
986	difaa19460224-01.1.3	24 February 1946	difaa	Page 3	"<div class=""txtsearchsnippet"">... للنفس وهو يقوم برحلة علمية تربيوية في الافطار الشقيقة <b class=""highlightcolor"">حيفا</b> - رقى مفتش البوليس للمستر ريفز إلى درجة مساعد ...</div>"
987	difaa19450205-01.1.2	5 February 1945	difaa	Page 2	"<div class=""txtsearchsnippet"">... اصطدام بين سيارة صغيرة وسيارة نقل عسكرية على طريق <b class=""highlightcolor"">حيفا</b> - عكا مساء امس الاول وقد قتل برونو ويل ...</div>"
988	difaa19460613-01.1.3	13 June 1946	difaa	Page 3	"<div class=""txtsearchsnippet"">... شيخ الحرم و محافظه وقد من اللخدم منحة مالية <b class=""highlightcolor"">حيفا</b> -مر بالمدينة امس السيد شكري | اباظه رئيس مهندسي ...</div>"
989	difaa19480205-01.1.3	5 February 1948	difaa	Page 3	"<div class=""txtsearchsnippet"">... فرقة الاطفائية المسكرية النار فاردته قتيلا و نقل الى <b class=""highlightcolor"">مستشفى الحكومة</b> بالرملة ولما لم يتعرف عليه احمد قامت البلدية ...</div>"
990	difaa19420208-01.1.2	8 February 1942	difaa	Page 2	"<div class=""txtsearchsnippet"">... المقام . العثور على سيارة مسروقة عثر البوليس في <b class=""highlightcolor"">حيفا</b> صباح امس على سيارة خصوصية كانت واقفة في شارع ...</div>"
991	difaa19411217-01.1.2	17 December 1941	difaa	Page 2	"<div class=""txtsearchsnippet"">... تلزمهم من سوريا ، او منحهم اذونات باستيرادها من <b class=""highlightcolor"">حيفا</b> وسبق ان حاول اصحاب هذه المعامل استيراد حاجتهم من ...</div>"
992	difaa19420517-01.1.2	17 May 1942	difaa	Page 2	"<div class=""txtsearchsnippet"">... اللواء والدكتور زاهي حداد مساعده في جولة تفتيشية الى <b class=""highlightcolor"">مستشفى الحكومة</b> وبعض الاماكن الأخرى</div>"
993	difaa19430202-01.1.2	2 February 1943	difaa	Page 2	"<div class=""txtsearchsnippet"">نقل امس الى <b class=""highlightcolor"">مستشفى الحكومة</b> اللامراض المعديه على طريق ملبس شخصان يشتبه في ...</div>"
994	difaa19421228-01.1.2	28 December 1942	difaa	Page 2	"<div class=""txtsearchsnippet"">... في دائرة المعارف الاصل بالطاعون جاء في نتانية اصدرها <b class=""highlightcolor"">مستشفى الحكومة</b> للامر السارية في بني براك على طريق مليح ...</div>"
995	difaa19430716-01.1.2	16 July 1943	difaa	Page 2	"<div class=""txtsearchsnippet"">... نسخة من البيان الذي اصدرته الجنة اليتيم العربي في <b class=""highlightcolor"">حيفا</b> تختتم فيه اسبوع اليتيم الذي بدأ في ٣٠ ايار ...</div>"
996	difaa19430914-01.1.2	14 September 1943	difaa	Page 2	"<div class=""txtsearchsnippet"">... اليها منذ مدة فلم يصل شيء حتى الان وفي <b class=""highlightcolor"">حيفا</b> كميات وافرة من القهوة المستوردة تحت اشراف الحكومة ، ...</div>"
997	difaa19430725-01.1.2	25 July 1943	difaa	Page 2	"<div class=""txtsearchsnippet"">يذهب اليوم الى <b class=""highlightcolor"">حيفا</b> ممثلون عن جمعية العمال العرب بيافا لحضور مؤتمر العمال ...</div>"
998	difaa19460113-01.1.1	13 January 1946	difaa	Page 1	"<div class=""txtsearchsnippet"">... الثامنة من صباح امس ، كان في طريقه من <b class=""highlightcolor"">حيفا</b> الى اللد وفيه خمسة من رجال البوليس الفلسطيني برئاسة ...</div>"
999	difaa19461223-01.1.4	23 December 1946	difaa	Page 4	"<div class=""txtsearchsnippet"">... ولكن السلطات اغلقت احدى هذه المطاحن من حوادث الطرق <b class=""highlightcolor"">حيفا</b> - اصطدمت مساء امس دراجة نارية يركبها كونستابل بريطاني ...</div>"
1000	difaa19470328-01.1.2	28 March 1947	difaa	Page 2	"<div class=""txtsearchsnippet"">... بينهم حامل عربى اسمه كنمان حوري الذي نقل الى <b class=""highlightcolor"">مستشفى الحكومة</b> بيافا ونقل العاملان اليهوديان الى مستشفى تل ابيب ...</div>"
1001	difaa19470227-01.1.3	27 February 1947	difaa	Page 3	"<div class=""txtsearchsnippet"">... حراستهم . شكر اتقدم بجزيل الشكر لحضرات اطباء وممرضات <b class=""highlightcolor"">مستشفى الحكومة</b> بحيفا وخاصة الدكتور حمزه وحداد وذلك لما لقيته ...</div>"
1002	difaa19450404-01.1.3	4 April 1945	difaa	Page 3	"<div class=""txtsearchsnippet"">... الاول وصادف ان اصيب بانتفاخ اودى بحياته ونقل الى <b class=""highlightcolor"">مستشفى الحكومة</b> وحولت اوراقه الى القاعقام صدمت سيارة على الطريق ...</div>"
1003	difaa19480216-01.1.2	16 February 1948	difaa	Page 2	"<div class=""txtsearchsnippet"">... باليمين وتأخذ بالشمال .... ترتيبات قاسية ضد للممرضات العربيات <b class=""highlightcolor"">حيفا</b> - واذنت دائرة الصحة العامة . المدمر على صرف ...</div>"
1004	difaa19480217-01.1.4	17 February 1948	difaa	Page 4	"<div class=""txtsearchsnippet"">... فدمر تدميرا تاما . في المستشفيات - ونقلت الى <b class=""highlightcolor"">مستشفى الحكومة</b> بيانا بعد ظهر امس جنة السيدة احسان سعيد ...</div>"
1005	difaa19440917-01.1.2	17 September 1944	difaa	Page 2	"<div class=""txtsearchsnippet"">... بمثل هذا المشروع الاجتماعي الطيب اعلان لدى محكمة مركزية <b class=""highlightcolor"">حيفا</b> حقوق ٤٤١٦٧ للحصول على امر بدفع تعويض موجب قانون ...</div>"
1006	difaa19460922-01.1.3	22 September 1946	difaa	Page 3	"<div class=""txtsearchsnippet"">نقل الدكتور منير سلمان طبي <b class=""highlightcolor"">حيفا</b> صحة القرى محينا الى الناصرة خلفا للدكتو عبد المال ...</div>"
1007	difaa19461001-01.1.3	1 October 1946	difaa	Page 3	"<div class=""txtsearchsnippet"">... يوم الجمعة القادم ٤ الجاري في دار الجمعية بالمنشية <b class=""highlightcolor"">حيفا</b> - اقام نادي « فتاة العرب » حفلته الادبية ...</div>"
1008	difaa19461127-01.1.3	27 November 1946	difaa	Page 3	"<div class=""txtsearchsnippet"">... النزهة بملك السيد سعيد الصباغ والدكتور الشعراوي كان جراح <b class=""highlightcolor"">مستشفى الحكومة</b> في القدس واستقال من خدمة ا الحكومة مؤخراً ...</div>"
1009	difaa19461128-01.1.1	28 November 1946	difaa	Page 1	"<div class=""txtsearchsnippet"">شهادة السكرتير العام وقائد منطقة <b class=""highlightcolor"">حيفا</b> - دفاع المدعى العام وغويتن</div>"
1010	difaa19470113-01.1.4	13 January 1947	difaa	Page 4	"<div class=""txtsearchsnippet"">نسف رئاسة بوليس <b class=""highlightcolor"">حيفا</b> وعشرات القتلى والجرحى - بقيه</div>"
1011	difaa19461013-01.1.3	13 October 1946	difaa	Page 3	"<div class=""txtsearchsnippet"">... وغيرها على جثة الشاب للمرى الذي وجد قتيلا قرب <b class=""highlightcolor"">مستشفى الحكومة</b> ولم تسفر التحقيقات التي قام بها البوليس عن ...</div>"
1012	difaa19470709-01.1.3	9 July 1947	difaa	Page 3	"<div class=""txtsearchsnippet"">... بك زادة، القنصل العام بالوكالة ومحمد فهمي بك مساعده <b class=""highlightcolor"">حيفا</b> - قدم المدينة صباح امس مدير المطبوعات العام المستر ...</div>"
1013	difaa19470630-01.1.4	30 June 1947	difaa	Page 4	"<div class=""txtsearchsnippet"">... لم تسمح لاعضاء لجنة التحقيق الدولية بزيارة مصانعها في <b class=""highlightcolor"">حيفا</b> اثناء تجولها في المدينة . وكان ذلك تمشيا مع ...</div>"
1014	difaa19470723-01.1.4	23 July 1947	difaa	Page 4	"<div class=""txtsearchsnippet"">... امس بين الكيلو متر ۱۱۳ و ١١٤ على طريق <b class=""highlightcolor"">حيفا</b> - يافا ، واحدث فجوة واسعة في الطريق الجانبية ...</div>"
1015	difaa19470519-01.1.3	19 May 1947	difaa	Page 3	"<div class=""txtsearchsnippet""><b class=""highlightcolor"">حيفا</b> - غادر المدينة عائداً إلى القدس الدكتور شحاده الغصين ...</div>"
1016	difaa19470520-01.1.4	20 May 1947	difaa	Page 4	"<div class=""txtsearchsnippet"">... اكنهم عادوا الى مشاركة المضربين في اضرابهم . في <b class=""highlightcolor"">حيفا</b> <b class=""highlightcolor"">حيفا</b> - يضرب اليوم الثلاثاء جميع عمال وموظفي الدوائر ...</div>"
1017	difaa19450702-01.1.3	2 July 1945	difaa	Page 3	"<div class=""txtsearchsnippet"">... بعد ان زال عنه المرض تماما فنتمنى له الشفاء <b class=""highlightcolor"">حيفا</b> ية في السيد رشيد الحاج ابراهيم</div>"
1018	difaa19460821-01.1.3	21 August 1946	difaa	Page 3	"<div class=""txtsearchsnippet"">... الكيلاني التعاونية وقد اجاب عطوفته ببرقية شكر لطيفة ... <b class=""highlightcolor"">حيفا</b> - قررت الحكومة ارسال الانسة ماري سوداح الى انكلترا ...</div>"
1019	difaa19480423-01.1.4	23 April 1948	difaa	Page 4	"<div class=""txtsearchsnippet"">... من يازور بجراح مختلفة ، ونقلوا . جميعا إلى <b class=""highlightcolor"">مستشفى الحكومة</b> في القدس</div>"
1020	difaa19470618-01.1.2	18 June 1947	difaa	Page 2	"<div class=""txtsearchsnippet""><b class=""highlightcolor"">حيفا</b> - عقد المجلس التنفيذي لمؤتمر مزارعي الدخان جلسته الشهرية ...</div>"
1021	difaa19470624-01.1.4	24 June 1947	difaa	Page 4	"<div class=""txtsearchsnippet""><b class=""highlightcolor"">حيفا</b> - جاءنا البيان التالي من جمعية العمال العربية الفلسطينية ...</div>"
1022	difaa19450420-01.1.3	20 April 1945	difaa	Page 3	"<div class=""txtsearchsnippet"">... بشارع يافا ـ تل ابيب نظرت محكمة التسوية في <b class=""highlightcolor"">حيفا</b> في قضية <b class=""highlightcolor"">حيفا</b> عرب النوارية وعقدت عشر جلسات او ...</div>"
1023	difaa19480416-01.1.3	16 April 1948	difaa	Page 3	"<div class=""txtsearchsnippet"">... العربية على رامات يوجانان والمستعمرات المجاورة لها في لواء <b class=""highlightcolor"">حيفا</b> ما زالت مستمرة بشدة وعنف وان قصد العرب من ...</div>"
1024	difaa19441113-01.1.2	13 November 1944	difaa	Page 2	"<div class=""txtsearchsnippet"">... البحث عدة مسائل طبية فتكلم الدكتور سامی بشارة طبيب <b class=""highlightcolor"">مستشفى الحكومة</b> من دواء سلفنجايد وفوائده في معالجة الأمراض ثم ...</div>"
1025	difaa19460228-01.1.3	28 February 1946	difaa	Page 3	"<div class=""txtsearchsnippet"">الحمية <b class=""highlightcolor"">حيفا-</b> تصل الى <b class=""highlightcolor"">حيفا</b> صباح يوم قادمة من استانبول كريمة ...</div>"
1026	difaa19460811-01.1.2	11 August 1946	difaa	Page 2	"<div class=""txtsearchsnippet"">... مني خير الجزاء واحسنه نايف ابو غزاله ارض للبيع <b class=""highlightcolor"">حيفا</b> - معروض للبيع أرض صالحة لمزرعة قرب قرية يافة ...</div>"
1027	difaa19460814-01.1.2	14 August 1946	difaa	Page 2	"<div class=""txtsearchsnippet"">صحفهم تهدد بضرورة انزال المهربين اليهود في ميناء <b class=""highlightcolor"">حيفا</b></div>"
1028	difaa19450902-01.1.2	2 September 1945	difaa	Page 2	"<div class=""txtsearchsnippet"">ذكرت الصحف اليهودية ان السلطات المسئولة في <b class=""highlightcolor"">حيفا</b> اصدرت حكمها إداريا بالسجن سنة على ثلاثة من زعماء ...</div>"
1029	difaa19460103-01.1.2	3 January 1946	difaa	Page 2	"<div class=""txtsearchsnippet"">... وكانت قد اعدت لهذه الغاية . ثم ذهب الى <b class=""highlightcolor"">مستشفى الحكومة</b> واطلاع على سير الامور فيه . وحوالي الساعة ...</div>"
1030	difaa19450427-01.1.3	27 April 1945	difaa	Page 3	"<div class=""txtsearchsnippet"">... اليوم بمناسبة التحضيرات الجارية فيها بسبب المواسم والاعياد الدينية <b class=""highlightcolor"">حيفا</b> - يلقي السيد سامى طه محاضرة في قاعة جمعية ...</div>"
1031	difaa19470417-01.1.3	17 April 1947	difaa	Page 3	"<div class=""txtsearchsnippet"">اجتماعات لعمال البترول والتكرير | <b class=""highlightcolor"">حيفا</b> - عقد في دار جمعية العمال العربية الفلسطينية محينا ...</div>"
1032	difaa19450914-01.1.4	14 September 1945	difaa	Page 4	"<div class=""txtsearchsnippet"">... زاهي حداد وعقيل ) والى الدكتور سامی بشاره طبيب <b class=""highlightcolor"">مستشفى الحكومة</b> على ما بذلوه من جهود مشكورة تجاه قرينته.</div>"
1033	difaa19460825-01.1.2	25 August 1946	difaa	Page 2	"<div class=""txtsearchsnippet"">... مساء ٢٣ اب ابلغ رئيس كتبة دائرة البريد في <b class=""highlightcolor"">حيفا</b> ان كيسا من اكياس البريد قد فقد . وكان ...</div>"
1034	difaa19480227-01.1.3	27 February 1948	difaa	Page 3	"<div class=""txtsearchsnippet""><b class=""highlightcolor"">حيفا</b> - لا يزال العمال والموظفون العرب في البحرية الالمحكية ...</div>"
1035	difaa19470415-01.1.2	15 April 1947	difaa	Page 2	"<div class=""txtsearchsnippet"">... منهم من تبرعات لبيت المال . زملاء الفقيد القسام <b class=""highlightcolor"">حيفا</b> - اتصل بنا ان السادة محمود سالم ، حسن ...</div>"
1036	difaa19450920-01.1.3	20 September 1945	difaa	Page 3	"<div class=""txtsearchsnippet"">... مؤتمر الشباب الفرد بالمدينة وذلك لانشغاله وللتفرغ لاهماله الخاص <b class=""highlightcolor"">حيفا</b> - نقل السيد رائف الافغاني مسجد تلبية حفلات وداعية ...</div>"
1037	difaa19470615-01.1.4	15 June 1947	difaa	Page 4	"<div class=""txtsearchsnippet"">... طريق الحلوة فسببت لها جراحاً خطرة ماتت بسببها في <b class=""highlightcolor"">مستشفى الحكومة</b> . شجار واصابات في قرية وحدث شجار كبير ...</div>"
1038	difaa19470610-01.1.4	10 June 1947	difaa	Page 4	"<div class=""txtsearchsnippet"">... بعد ظهر امس عربة محمد موسى مصطفى من سوق <b class=""highlightcolor"">حيفا</b> وطلبوا اليه الذهاب بهم الى قرية الدامون . وقبل ...</div>"
1039	difaa19360131-01.1.7	31 January 1936	difaa	Page 7	"<div class=""txtsearchsnippet"">... الحكومة الشرعي وجد انها انتحرت باستعمالها السم فنقات الى <b class=""highlightcolor"">مستشفى الحكومة</b> لاسعافها الا انها ماتت حال ادخالها اليه وقد ...</div>"
1040	difaa19361226-01.1.4	26 December 1936	difaa	Page 4	"<div class=""txtsearchsnippet""><b class=""highlightcolor"">حيفا</b> في ٢٥ كانون اول - المراسل الدفاع - علمت ...</div>"
1041	difaa19351119-01.1.5	19 November 1935	difaa	Page 5	"<div class=""txtsearchsnippet"">... اصيب بحيفا ) كان المستر جيمس مساعد مدير بوليس <b class=""highlightcolor"">حيفا</b> قد اصيب بجراح في عينيه على اثر الاضطراب الذى ...</div>"
1042	difaa19360625-01.1.5	25 June 1936	difaa	Page 5	"<div class=""txtsearchsnippet"">... منير اللبان جهة باب الاسباط فاصيب بيده ونقل الى <b class=""highlightcolor"">مستشفى الحكومة</b> . وقد اخذت افادته وأجاب انه لا يعرف ...</div>"
1043	difaa19380506-01.1.5	6 May 1938	difaa	Page 5	"<div class=""txtsearchsnippet""><b class=""highlightcolor"">حيفا</b> في ٥ أيار - لمراسل الدفاع الخص ادعى أحد ...</div>"
1044	difaa19380731-01.1.4	31 July 1938	difaa	Page 4	"<div class=""txtsearchsnippet"">... بتهمة حيازة طلقة نارية . وقد جيء به الى <b class=""highlightcolor"">مستشفى الحكومة</b> هنا لاصحافه . وعند الساعة الثانية من صباح ...</div>"
1045	difaa19380805-01.1.4	5 August 1938	difaa	Page 4	"<div class=""txtsearchsnippet"">جريح عربي بحادث القنبلة يغادر المستشفى غادر <b class=""highlightcolor"">مستشفى الحكومة</b> صباح اليوم السيد طلال مسودة أحد جرحى قنبلة ...</div>"
1046	difaa19400202-01.1.5	2 February 1940	difaa	Page 5	"<div class=""txtsearchsnippet"">... بحالة يشتبه فيها، فأخبر البوليس بالحادث ونقلت أمس إلى <b class=""highlightcolor"">مستشفى الحكومة</b> وحولت أوراقها الى قائمقام المدينة فأصدر قراراً بتشريح ...</div>"
1047	difaa19361023-01.1.5	23 October 1936	difaa	Page 5	"<div class=""txtsearchsnippet"">... وقد استلام اليوم عمله في الميناء . اعلان بلدية <b class=""highlightcolor"">حيفا</b> بموجب قانون منع المسكرات العام ١٩٣٥ جنت معلناً عن ...</div>"
1048	difaa19360826-01.1.5	26 August 1936	difaa	Page 5	"<div class=""txtsearchsnippet"">... اسلحة نارية شيوخ اميركا يقابلون المندوب قدم اليوم من <b class=""highlightcolor"">حيفا</b> وفد مجلس الشيوخ الامريكي وحل في فندق الملك داوود ...</div>"
1049	difaa19360806-01.1.5	6 August 1936	difaa	Page 5	"<div class=""txtsearchsnippet"">... فلم يجدوا معه سوى ( الخبز ) واحضروه الى <b class=""highlightcolor"">مستشفى الحكومة</b> بالقدس وحالته تنذر بالخطر محكمة الاستئناف تزيد الاحكام ...</div>"
1050	difaa19370905-01.1.1	5 September 1937	difaa	Page 1	"<div class=""txtsearchsnippet"">... الاعلانات تلفون ١٤١٣ الاعلانات في القدس (وكالة) . في <b class=""highlightcolor"">حيفا</b> *</div>"
1051	difaa19370615-01.1.1	15 June 1937	difaa	Page 1	"<div class=""txtsearchsnippet"">... الاعلانات في القدس (وكالة) * : تلفون ١٤١٣ في <b class=""highlightcolor"">حيفا</b> *</div>"
1052	difaa19371115-01.1.5	15 November 1937	difaa	Page 5	"<div class=""txtsearchsnippet"">... من العيزرية ، فاصيب في ساقه ، ونقل الى <b class=""highlightcolor"">مستشفى الحكومة</b> . وقد اجريت له اليوم عملية جراحية أدت ...</div>"
1053	difaa19360901-01.1.3	1 September 1936	difaa	Page 3	"<div class=""txtsearchsnippet"">... على طريق القدس رام الله وقد جيء به الى <b class=""highlightcolor"">مستشفى الحكومة</b> ا وعلمنا ان النار أطلقت عليه بالقرب من ...</div>"
1054	difaa19470218-01.1.2	18 February 1947	difaa	Page 2	"<div class=""txtsearchsnippet"">... الى عمان كمية مما تبقى لديها من التذاكر في <b class=""highlightcolor"">حيفا</b> ارجال الجراد نابلس - علمنا ان ارجالا كبيرة من ...</div>"
1055	difaa19470306-01.1.4	6 March 1947	difaa	Page 4	"<div class=""txtsearchsnippet"">00:00 مجالس القرى ـ قرض لبلدية <b class=""highlightcolor"">حيفا-</b> عوائد القرى- تعيينات جديدة ـ</div>"
1056	difaa19450313-01.1.3	13 March 1945	difaa	Page 3	"<div class=""txtsearchsnippet"">... عربة في الجنوب القدس - توجه امس الاثنين الى <b class=""highlightcolor"">حيفا</b> السيد جمال حماد ضابط زراعة لواء القدس الحضور اجتماع ...</div>"
1057	difaa19450221-01.1.3	21 February 1945	difaa	Page 3	"<div class=""txtsearchsnippet"">... يوم الخميس ) غداً ) في قاعة المدرسة الابراهيمية <b class=""highlightcolor"">حيفا</b> "" غادر <b class=""highlightcolor"">مستشفى الحكومة</b> السيد نجي زكريا بعد أن ...</div>"
1058	difaa19450629-01.1.2	29 June 1945	difaa	Page 2	"<div class=""txtsearchsnippet"">... حاجة للمساعدة من جانب فلسطين حادث في طريق القطار <b class=""highlightcolor"">حيفا.</b> من شاهد سائق القطار القادم من سمخ الى <b class=""highlightcolor"">حيفا</b> ...</div>"
1059	difaa19480203-01.1.3	3 February 1948	difaa	Page 3	"<div class=""txtsearchsnippet"">ازمة الدقيق الموحد في مدينة <b class=""highlightcolor"">حيفا</b> موقف مراقبة المؤن من تأخير توزيع المخصصات وقلة الكميات</div>"
1060	difaa19480209-01.1.3	9 February 1948	difaa	Page 3	"<div class=""txtsearchsnippet"">جاءنا من مدير مكتب بيت المال <b class=""highlightcolor"">حيفا</b> العربي ، ان فرق كشاف شفا عمرو وقد جمعت ...</div>"
1061	difaa19470619-01.1.4	19 June 1947	difaa	Page 4	"<div class=""txtsearchsnippet"">اصدرت قيادة الجيش في <b class=""highlightcolor"">حيفا</b> امس البيان التالي: سيجري ايام ٢٦ و ٢٧ و ...</div>"
1062	difaa19450718-01.1.3	18 July 1945	difaa	Page 3	"<div class=""txtsearchsnippet"">... الاسطول المصري بزيارة عدد من كبار قواد الجيش والضباط <b class=""highlightcolor"">حيفا</b> تتجه صحة دولة اسماعيل صدقي باشا نحو الشفاء التام ...</div>"
1063	difaa19450705-01.1.3	5 July 1945	difaa	Page 3	"<div class=""txtsearchsnippet"">... فندق كلاريدج » وستقفي مدة فى ربوع فلسطين . <b class=""highlightcolor"">حيفا</b> - يغادر <b class=""highlightcolor"">حيفا</b> الى القاهرة السيد احمد حسن يوسف ...</div>"
1064	difaa19380627-01.1.1	27 June 1938	difaa	Page 1	"<div class=""txtsearchsnippet"">... سمع أنه في الساعة ١١ من مساء أمس في <b class=""highlightcolor"">مستشفى الحكومة</b> عيار ناري تبعه ضجة وصياح بين المرضى، وعند ...</div>"
1065	difaa19400118-01.1.8	18 January 1940	difaa	Page 8	"<div class=""txtsearchsnippet"">... طقم تواليت قوميا قيصر حوا - شارع المخلص - <b class=""highlightcolor"">حيفا</b> نظراً للاقبال المنقطع النظير الذي لاقته هذه الهدايا الثمينة ...</div>"
1066	difaa19371107-01.1.1	7 November 1937	difaa	Page 1	"<div class=""txtsearchsnippet"">... القدس ( وكالة ) * : تلفون ١٤١٣ في <b class=""highlightcolor"">حيفا</b></div>"
1067	difaa19371104-01.1.1	4 November 1937	difaa	Page 1	"<div class=""txtsearchsnippet"">... القدس ( وكالة ) * : تلفون ١٤١٣ في <b class=""highlightcolor"">حيفا</b></div>"
1068	difaa19470316-01.1.4	16 March 1947	difaa	Page 4	"<div class=""txtsearchsnippet"">بيان ميزانية بلدية <b class=""highlightcolor"">حيفا</b> فى مؤتمر صحفى</div>"
1069	difaa19451109-01.1.2	9 November 1945	difaa	Page 2	"<div class=""txtsearchsnippet"">... يافا واربع اصابات في تل ابيب وقد نقل الى <b class=""highlightcolor"">مستشفى الحكومة</b> للامراض السارية على طريق ملبس منذ ايام حسن ...</div>"
1070	difaa19461008-01.1.3	8 October 1946	difaa	Page 3	"<div class=""txtsearchsnippet"">اغتنم فرصة خروجي من <b class=""highlightcolor"">مستشفى الحكومة</b> بالقدس لاتقدم بالشكر الجزيل الى حفرة الدكتور يوسف ...</div>"
1071	difaa19460724-01.1.2	24 July 1946	difaa	Page 2	"<div class=""txtsearchsnippet"">... علي الشعراوي والدكتور اسعد بشاره والدكتور بولس وجميع اطباء <b class=""highlightcolor"">مستشفى الحكومة</b> العرب بالقدس والممرضات العربيات جهوداً مشكورة في تضميد ...</div>"
1072	difaa19461204-01.1.1	4 December 1946	difaa	Page 1	"<div class=""txtsearchsnippet"">... كانت سيارة عسكريه من طراز جيب» تسير على طريق <b class=""highlightcolor"">حيفا</b> تل ابيب وعند وصولها إلى مقربة من مستعمرة منبه ...</div>"
1073	difaa19470302-01.1.1	2 March 1947	difaa	Page 1	"<div class=""txtsearchsnippet"">... يومين ! مهربة تحمل ۱۳۰۰ يهوديا، باخبرة تصل إلى <b class=""highlightcolor"">حيفا</b> . وانفجار في عمارة بنك البار كلس ،في المدينة ...</div>"
1074	difaa19441006-01.1.3	6 October 1944	difaa	Page 3	"<div class=""txtsearchsnippet"">- <b class=""highlightcolor"">حيفا</b> - لمراسل الدفاع الخاص - توزع جمعية تجار المنسوجات ...</div>"
1075	difaa19470706-01.1.2	6 July 1947	difaa	Page 2	"<div class=""txtsearchsnippet"">... من وجوه البلاد وشخصياتها ورؤساء حاجيات شهر الصوم المبارك <b class=""highlightcolor"">حيفا</b> - وردت الى المدينة كميات كبيرة من المكسرات والقمر ...</div>"
1076	difaa19470630-01.1.3	30 June 1947	difaa	Page 3	"<div class=""txtsearchsnippet"">... عبد الرحمن الحاج احد رؤساء واقتصادية . قررت بلدية <b class=""highlightcolor"">حيفا</b> اطلاق اسم المرحوم هيفا البلدية السابقين على شارع البرج ...</div>"
1077	difaa19470616-01.1.3	16 June 1947	difaa	Page 3	"<div class=""txtsearchsnippet"">... مباركة احتفل يوم السبت الماضي الموافق ١٤ الجاري في <b class=""highlightcolor"">حيفا</b> بخطبة الشاب التاجر السيد جول شكري منصور على الانسة ...</div>"
1078	difaa19450611-01.1.3	11 June 1945	difaa	Page 3	"<div class=""txtsearchsnippet""><b class=""highlightcolor"">حيفا</b> - وصل للمدينة قنصل المملكة العربية السعودية يرافقه سكرتيره ...</div>"
1079	difaa19471124-01.1.2	24 November 1947	difaa	Page 2	"<div class=""txtsearchsnippet"">... الجاري لشحن ٧٠ الف صندوق للتموين ، وارسلت الى <b class=""highlightcolor"">حيفا</b> امس عربتان من الحمضيات بطريق السكة الحديد ، وينتظر ...</div>"
1080	difaa19470911-01.1.3	11 September 1947	difaa	Page 3	"<div class=""txtsearchsnippet"">شتون العمال | <b class=""highlightcolor"">حيفا</b> - جاءنا من جمعية العمال الفلسطينية ما يلي : ...</div>"
1081	difaa19480305-01.1.3	5 March 1948	difaa	Page 3	"<div class=""txtsearchsnippet"">عبث الموظفين اليهود بدائرة بريد <b class=""highlightcolor"">حيفا</b></div>"
1082	difaa19480105-01.1.4	5 January 1948	difaa	Page 4	"<div class=""txtsearchsnippet"">حوادث <b class=""highlightcolor"">حيفا</b> <b class=""highlightcolor"">حيفا</b> - حاول نحو مائتين من المجرمين اليهود مهاجمة ...</div>"
1083	difaa19460730-01.1.2	30 July 1946	difaa	Page 2	"<div class=""txtsearchsnippet"">... للجنة اليتيم بحيفا وزعت مؤخراً لجنة اليتيم العربي في <b class=""highlightcolor"">حيفا</b> مجانا في جميع انحاء فلسطين والبلاد الشقيقة المجاورة نشرات ...</div>"
1084	difaa19470406-01.1.2	6 April 1947	difaa	Page 2	"<div class=""txtsearchsnippet"">... شحن الحمضيات بنظام في موانىء فلسطين . وغادرت ميناء <b class=""highlightcolor"">حيفا</b> امس الباخرة . سبيك غورتون وعليها ۸۰ الف صندوق ...</div>"
1085	difaa19470811-01.1.2	11 August 1947	difaa	Page 2	"<div class=""txtsearchsnippet"">... من صباح امس قوة كبيرة مسلحة من البوليس قرب <b class=""highlightcolor"">مستشفى الحكومة</b> واخذت تدقق في هويات المارة وتفتش السيارات وقد ...</div>"
1086	difaa19480419-01.1.4	19 April 1948	difaa	Page 4	"<div class=""txtsearchsnippet"">... خطرة في رأسه استشهد على أثرها فور نقله الى <b class=""highlightcolor"">مستشفى الحكومة</b> . واحتفل بتشييع جثمانه من بيته الى المقبرة ...</div>"
1087	difaa19461001-01.1.2	1 October 1946	difaa	Page 2	"<div class=""txtsearchsnippet"">... فنقلوا في الحال السجن اما الجرحى الذين نقلوا الى <b class=""highlightcolor"">مستشفى الحكومة</b> بيافا لما . زالوا قيد للمعالجة .</div>"
1088	difaa19460226-01.1.3	26 February 1946	difaa	Page 3	"<div class=""txtsearchsnippet"">وقع طيب في النفوس . <b class=""highlightcolor"">حيفا</b> - عين السيد محمود فياض عبد الهادي ضابطا للترفيه ...</div>"
1089	difaa19460224-01.1.2	24 February 1946	difaa	Page 2	"<div class=""txtsearchsnippet"">... الى جسر اللنبي باتت الان صالحة للمرور توسيع ميناء <b class=""highlightcolor"">حيفا</b> . علمت وكالة الانباء الاقتصادية ان مفاوضات تدور الان ...</div>"
1090	difaa19450319-01.1.2	19 March 1945	difaa	Page 2	"<div class=""txtsearchsnippet"">... الارض وحوله الدماء فاستدعوا البوليس ونقلته سيارة الاسعاف الى <b class=""highlightcolor"">مستشفى الحكومة</b> بيافا وقد فقد الجريح كمية كبيرة من الدماء ...</div>"
1091	difaa19450425-01.1.3	25 April 1945	difaa	Page 3	"<div class=""txtsearchsnippet"">... العليا حاكم صلح بيافا خلفا للسيد انور نسيه . <b class=""highlightcolor"">حيفا</b> - وصل الى المدينة السيد احمد صدقي الجندي قائد ...</div>"
1092	difaa19470807-01.1.3	7 August 1947	difaa	Page 3	"<div class=""txtsearchsnippet"">... الاسراع بتوصيل المياه لهم في سيارات خاصة في مستشفى <b class=""highlightcolor"">حيفا</b> <b class=""highlightcolor"">حيفا</b> - ادخلت امس الى <b class=""highlightcolor"">مستشفى الحكومة</b> الفتاة إلى ...</div>"
1093	difaa19470724-01.1.2	24 July 1947	difaa	Page 2	"<div class=""txtsearchsnippet"">... من موظف المفوضيات السعودية والسورية والاردنية لجنة انتخابات بلدية <b class=""highlightcolor"">حيفا</b></div>"
1094	difaa19450722-01.1.3	22 July 1945	difaa	Page 3	"<div class=""txtsearchsnippet"">مر بحيفا سمو الامير سليمان <b class=""highlightcolor"">حيفا</b> داود والاميرة عقيلته بطريقه الى لبنان غزة - قدم ...</div>"
1095	difaa19471129-01.1.3	29 November 1947	difaa	Page 3	"<div class=""txtsearchsnippet""><b class=""highlightcolor"">حيفا</b> - بحثت لجنة اتحاد نقابات مستخدمي الحكومة في اجتماعها ...</div>"
1096	difaa19480318-01.1.2	18 March 1948	difaa	Page 2	"<div class=""txtsearchsnippet"">مصادرة مسدسات وذخيرة من يهود بميناء <b class=""highlightcolor"">حيفا</b></div>"
1097	difaa19480305-01.1.4	5 March 1948	difaa	Page 4	"<div class=""txtsearchsnippet"">... البيانات الصحفية وفيما يلي رواية البيانات الصحفية عن حوادث <b class=""highlightcolor"">حيفا</b> : سمع في الساعة السادسة من مساء امس دوي ...</div>"
1098	difaa19440709-01.1.2	9 July 1944	difaa	Page 2	"<div class=""txtsearchsnippet"">- <b class=""highlightcolor"">حيفا-</b> لمراسل الدفاع الخاص حتفلت جمعية الاعتصام في <b class=""highlightcolor"">حيفا</b> بيوم ...</div>"
1099	difaa19441105-01.1.3	5 November 1944	difaa	Page 3	"<div class=""txtsearchsnippet"">... مساعد حاكم اللواء مرة اخرى للبحث معه بهذا الموضوع <b class=""highlightcolor"">حيفا</b> - لمراسل الدفاع لمراسل الدفاع الخاص - نظرت المحكمة ...</div>"
1100	difaa19440912-01.1.3	12 September 1944	difaa	Page 3	"<div class=""txtsearchsnippet"">... العمال الغربية وبحثوا في - ينته البحث في الموضوع. <b class=""highlightcolor"">حيفا</b> - لمراسل الدفاع الخاص تلقى المحامى السيد صلاح الدين ...</div>"
1101	difaa19471013-01.1.4	13 October 1947	difaa	Page 4	"<div class=""txtsearchsnippet"">... ريعها 0 المشاريع الجماعة الخيرية. شعور الاستياء لموقف اميركا <b class=""highlightcolor"">حيفا</b> - لم يستغرب الجمهور تاييد اميركا المشروع التقسيم ، ...</div>"
1102	difaa19420716-01.1.2	16 July 1942	difaa	Page 2	"<div class=""txtsearchsnippet"">ا بيعت في <b class=""highlightcolor"">حيفا</b> مؤخراً عدة عمارات ومنزل كبيرة من اصحابها اليهود إلى ...</div>"
1103	difaa19430225-01.1.2	25 February 1943	difaa	Page 2	"<div class=""txtsearchsnippet"">... تسلك بعد تطور الحالة تجاه موظفي هذه الدرجة في <b class=""highlightcolor"">حيفا</b></div>"
1104	difaa19430811-01.1.2	11 August 1943	difaa	Page 2	"<div class=""txtsearchsnippet"">... صرف قروضها الى اصحاب البيارات في الاقضية المذكورة . <b class=""highlightcolor"">حيفا</b> - لمراسلنا - باشر بنك باركلس في صرف القروض ...</div>"
1105	difaa19431029-01.1.4	29 October 1943	difaa	Page 4	"<div class=""txtsearchsnippet"">... الاسبوع الماضي بافت ۱۳ اصابة بينها ثماني اصابات في <b class=""highlightcolor"">حيفا</b> واصابتان في يافا واصابة في السافرية المواد الكيماوية و ...</div>"
1106	difaa19431214-01.1.2	14 December 1943	difaa	Page 2	"<div class=""txtsearchsnippet"">اكتشف البوليس في <b class=""highlightcolor"">حيفا</b> بعد تحقیق دقيق فاجعة غرامية غريبة وقعت على جبل ...</div>"
1107	difaa19440414-01.1.2	14 April 1944	difaa	Page 2	"<div class=""txtsearchsnippet"">عقد في <b class=""highlightcolor"">حيفا</b> بعد ظهر امس مؤتمر المحامين اليهود العام بحضور ۲۰۰ ...</div>"
1108	difaa19480413-01.1.1	13 April 1948	difaa	Page 1	"<div class=""txtsearchsnippet"">نقلوا جميعاً الى <b class=""highlightcolor"">مستشفى الحكومة</b> احباط جناية وحاول اليهود من المستعمرات اليهودية الواقعة ...</div>"
1109	difaa19460409-01.1.3	9 April 1946	difaa	Page 3	"<div class=""txtsearchsnippet"">... في معدته وفر المعتدي . وقد نقل المصاب الى <b class=""highlightcolor"">مستشفى الحكومة</b> وخرجت قوة و من البوليس الى القرية واخذت ...</div>"
1110	difaa19470611-01.1.4	11 June 1947	difaa	Page 4	"<div class=""txtsearchsnippet"">... عشرة ايام . وفاة امرأة جريح و توفيت في <b class=""highlightcolor"">مستشفى الحكومة</b> بيافا امس ساره سالم شعاده من قرية مجدل ...</div>"
1111	difaa19450717-01.1.3	17 July 1945	difaa	Page 3	"<div class=""txtsearchsnippet"">... صباح امس بجولة تفتيشية صحية في الشمال زار خلالها <b class=""highlightcolor"">مستشفى الحكومة</b> للامراض السارية بينى براك وبعض الاماكن الصحية الاخرى</div>"
1112	difaa19450613-01.1.3	13 June 1945	difaa	Page 3	"<div class=""txtsearchsnippet"">... . اما زملاؤه الآخرون فسيسافرون في الاسابيع القادمة - <b class=""highlightcolor"">حيفا</b> - سيباشر قريبا السيد عبد الغني عياد قنصل لبنان ...</div>"
1113	difaa19480420-01.1.3	20 April 1948	difaa	Page 3	"<div class=""txtsearchsnippet"">... أهلها طعم الحرية . في المستشفيات يافات احضر الى <b class=""highlightcolor"">مستشفى الحكومة</b> بيافا الشاب محمد حسن و عمره ٣٠ سنة ...</div>"
1114	difaa19480408-01.1.4	8 April 1948	difaa	Page 4	"<div class=""txtsearchsnippet"">... ٢٧ سنة بجراح في راسه نقل على الاتر الى <b class=""highlightcolor"">مستشفى الحكومة</b> بيافا. و اشتبك حماة تل الريش مع الغادرين ...</div>"
1115	difaa19451122-01.1.3	22 November 1945	difaa	Page 3	"<div class=""txtsearchsnippet"">... فنلفت نظر البلدية الى ضرورة العناية بها نقل الى <b class=""highlightcolor"">مستشفى الحكومة</b> للامراض السارية الكائن على طريق ملبس شلومو كوهين ...</div>"
1116	difaa19460407-01.1.3	7 April 1946	difaa	Page 3	"<div class=""txtsearchsnippet"">... على توقيفه ١٥ يوما تمهيدا الاحالته أمام المحكمة العسكرية <b class=""highlightcolor"">حيفا</b> لا يزال البوليس الاضافي محمود حسين الذي اصيب برصاصة ...</div>"
1117	difaa19460728-01.1.3	28 July 1946	difaa	Page 3	"<div class=""txtsearchsnippet"">... للمستر روس القدس - وصل مساء امس السبت من <b class=""highlightcolor"">حيفا</b> السيدان لبيب فليحان رئيس اللجنة التنفيذية لموظفى الدرجة الثانية ...</div>"
1118	difaa19450520-01.1.3	20 May 1945	difaa	Page 3	"<div class=""txtsearchsnippet"">... ثم غادر الدار مودها بكل اکرام و تقدير . <b class=""highlightcolor"">حيفا</b> - غادرنا للقاهرة السيد مرعى بك عضو البرلمان المصري ...</div>"
1119	difaa19450401-01.1.3	1 April 1945	difaa	Page 3	"<div class=""txtsearchsnippet""><b class=""highlightcolor"">حيفا</b> - وصل المدينة الامير مجيد ،ارسلان الوزير اللبناني المعروف ...</div>"
1120	difaa19471113-01.1.3	13 November 1947	difaa	Page 3	"<div class=""txtsearchsnippet""><b class=""highlightcolor"">حيفا</b> - عاد امس من بيروت سيادة المطران حكيم يرافقه ...</div>"
1121	difaa19460507-01.1.3	7 May 1946	difaa	Page 3	"<div class=""txtsearchsnippet"">... وداعية بمناسبة عزمه على السفر الى بومباي قريبا . <b class=""highlightcolor"">حيفا</b> - وصل الى <b class=""highlightcolor"">حيفا</b> قائد منطقة البلقاء السيد نديم ...</div>"
1122	difaa19471222-01.1.3	22 December 1947	difaa	Page 3	"<div class=""txtsearchsnippet"">... الحبوب ومال القبان والتفاصيل لدى الغرفة . اعلان بلدية <b class=""highlightcolor"">حيفا</b> بيع بموجب قانون المسكرات لعام ۱۹۳۵ جئت معلنا عن ...</div>"
1123	difaa19480319-01.1.4	19 March 1948	difaa	Page 4	"<div class=""txtsearchsnippet"">... واسمه اسعد كامل عيد الكردي سلاحه وهو من سكان <b class=""highlightcolor"">حيفا</b> . نرجو من السلطات الاهتمام بالحادث ومراعاة ان الاسلحة ...</div>"
1124	difaa19480106-01.1.4	6 January 1948	difaa	Page 4	"<div class=""txtsearchsnippet"">... الفندق العربي .. اصابة أرمني بجراح وقد أدخل الى <b class=""highlightcolor"">مستشفى الحكومة</b> يوم أمس السيد وارسان خشادوریان و عمره ١٤ ...</div>"
1125	difaa19480128-01.1.3	28 January 1948	difaa	Page 3	"<div class=""txtsearchsnippet"">... جديد على لوم اليهود الاف آلة ارسال أشعة «اكس» <b class=""highlightcolor"">حيفا</b> - عرف ان لمسؤولين في <b class=""highlightcolor"">مستشفى الحكومة</b> ، اكتشفوا ...</div>"
1126	difaa19450118-01.1.3	18 January 1945	difaa	Page 3	"<div class=""txtsearchsnippet"">... سكان القرى الشمالية زيادة في محلة الجبالية منذ اشهر <b class=""highlightcolor"">حيفا</b> : عناية الحكومة تمكافحة الحشرات في النباتات وذلك بتعيين ...</div>"
1127	difaa19450309-01.1.3	9 March 1945	difaa	Page 3	"<div class=""txtsearchsnippet"">... منزله حضرها عدد من . اجريت عملية استئصال الزائدة- <b class=""highlightcolor"">حيفا</b> الدودية للدكتور شفيق حداد رئيس قسم الطب الداخلي في ...</div>"
1128	difaa19480304-01.1.4	4 March 1948	difaa	Page 4	"<div class=""txtsearchsnippet"">تابع جريمة <b class=""highlightcolor"">حيفا</b> الائمة</div>"
1129	difaa19440627-01.1.3	27 June 1944	difaa	Page 3	"<div class=""txtsearchsnippet"">... الوطنية - تأليف شركه جديدة يعقد حزب الكتلة الوطنية <b class=""highlightcolor"">حيفا</b> في ٢٦ حزيران – لمراسل الدفاع الخاص اجتماعاً ماما ...</div>"
1130	difaa19400718-01.1.2	18 July 1940	difaa	Page 2	"<div class=""txtsearchsnippet"">... ا ملبس حيث اجريت لها الاسعافات ثم نقلا إلى <b class=""highlightcolor"">مستشفى الحكومة</b> بيافا، وقد اعتقل البوليس سائق الباص رهن</div>"
1131	difaa19400903-01.1.2	3 September 1940	difaa	Page 2	"<div class=""txtsearchsnippet"">... الاستاذ مهمان داود حاكم صلح يافا ألم اضعاره لدخول <b class=""highlightcolor"">مستشفى الحكومة</b> بالقدس حيث لا يزال هناك ، وقد أخذت ...</div>"
1132	difaa19390927-01.1.4	27 September 1939	difaa	Page 4	"<div class=""txtsearchsnippet"">... التي وجدت في جيبه خالد محمد عطية فنقل الى <b class=""highlightcolor"">مستشفى الحكومة</b> وشرع البوليس في التحقيق وقد حولت اوراقه ظهر ...</div>"
1133	difaa19360716-01.1.6	16 July 1936	difaa	Page 6	"<div class=""txtsearchsnippet"">... وذلك مساء ليلة امس وقد نقلت جثة القتيل إلى <b class=""highlightcolor"">مستشفى الحكومة</b> بالقدس حيث اجريت له عمليــة التشريح ، وقد ...</div>"
1134	difaa19360827-01.1.5	27 August 1936	difaa	Page 5	"<div class=""txtsearchsnippet""><b class=""highlightcolor"">حيفا</b> في سطور</div>"
1135	difaa19360629-01.1.5	29 June 1936	difaa	Page 5	"<div class=""txtsearchsnippet"">... قبل منتصف الليل بقليل قنبلة في ميدان الخمرة في <b class=""highlightcolor"">حيفا</b> نتج عنها قطع احد الاسلاك الكوربائية وما عدا ذلك ...</div>"
1136	difaa19360514-01.1.5	14 May 1936	difaa	Page 5	"<div class=""txtsearchsnippet"">... من لفتا ، فذهبت قوة من البوليس ونقلتهما الى <b class=""highlightcolor"">مستشفى الحكومة</b> وقد تجمهر امام المستشفى فريق من العرب ما ...</div>"
1137	difaa19360518-01.1.5	18 May 1936	difaa	Page 5	"<div class=""txtsearchsnippet"">... اطلقوا اربعة عيارات نارية | على باص يهودي في <b class=""highlightcolor"">حيفا</b> و كان في الباص اثنان من رجال البوليس وقد ...</div>"
1138	difaa19380524-01.1.4	24 May 1938	difaa	Page 4	"<div class=""txtsearchsnippet"">... ٢٣ ايار - لمراسل الدفاع الخاص - وصل قطار <b class=""highlightcolor"">حيفا</b> المسافر الى محطة المجدل متأخراً عن موعد وصوله الاعتيادي ...</div>"
1139	difaa19380623-01.1.6	23 June 1938	difaa	Page 6	"<div class=""txtsearchsnippet"">... من القائم مقامين اليهود خلال عام ۱۹۳۷ فى اقضية <b class=""highlightcolor"">حيفا</b> والسامرية والجليل وعكا ، لخدمة حاجات المستعمرات اليهودية ميناء ...</div>"
1140	difaa19380614-01.1.4	14 June 1938	difaa	Page 4	"<div class=""txtsearchsnippet"">... والجند الى القرية المذكورة للتحقيق ثم نقل المصاب الى <b class=""highlightcolor"">مستشفى الحكومة</b> في <b class=""highlightcolor"">حيفا</b> وحالته خطرة النار على معسكر طولكرم ...</div>"
1141	difaa19350213-01.1.7	13 February 1935	difaa	Page 7	"<div class=""txtsearchsnippet"">... توفيت على اثر تناول مادة سامة فنقلت جثتها الى <b class=""highlightcolor"">مستشفى الحكومة</b> للتشريح ، واخذ البوليس في التحقيق مع صاحب ...</div>"
1142	difaa19371119-01.1.5	19 November 1937	difaa	Page 5	"<div class=""txtsearchsnippet"">... . وفاة الذي أنفجر بقربه لغم توفي اليوم في <b class=""highlightcolor"">مستشفى الحكومة</b> ابراهيم شحاده من لفتا الذي اصيب بأصابات خطرة ...</div>"
1143	difaa19371118-01.1.4	18 November 1937	difaa	Page 4	"<div class=""txtsearchsnippet"">... اللغم واصيب المذكور في رأسه بجراح خطرة ونقل الى <b class=""highlightcolor"">مستشفى الحكومة</b> . تفريق ادارة المعارف بين الابرياء وغير ذكر ...</div>"
1144	difaa19340612-01.1.5	12 June 1934	difaa	Page 5	"<div class=""txtsearchsnippet"">... حمد بيتونيا عيارات نارية فاصابوه بفخذيه الاثنين ونقل الى <b class=""highlightcolor"">مستشفى الحكومة</b> في القدس وذهب البوليس لمحل الحادثة للكشف وحالة ...</div>"
1145	difaa19340820-01.1.7	20 August 1934	difaa	Page 7	"<div class=""txtsearchsnippet"">... استاوري سكاكيني وبعد ان زاروا السيد احمد التايه في <b class=""highlightcolor"">مستشفى الحكومة</b> وواسوه وقدمو له بعض الهدايا من الحلويات ثم ...</div>"
1146	difaa19480215-01.1.4	15 February 1948	difaa	Page 4	"<div class=""txtsearchsnippet"">... الحي الأرمني بالبلدة القديمة، وقد توفيت بعد ذلك في <b class=""highlightcolor"">مستشفى الحكومة</b> بالقدس واصيب حافظ عبد حمود على القاري و ...</div>"
1147	difaa19430615-01.1.2	15 June 1943	difaa	Page 2	"<div class=""txtsearchsnippet"">... في يافا وتل ابيب . وكان المدير قد زار <b class=""highlightcolor"">مستشفى الحكومة</b> للامراض المعدية على طريق مليس يومين يرافقه الدكتور ...</div>"
1148	difaa19440606-01.1.3	6 June 1944	difaa	Page 3	"<div class=""txtsearchsnippet"">... الكسيحاء . يصل الفريق الرياضي لنادي دمشق الاهلى إلى <b class=""highlightcolor"">حيفا</b> في يوم ١٦ الجاري تلبية الدعوة النادي الرياضي الاسلامي ...</div>"
1149	difaa19461029-01.1.3	29 October 1946	difaa	Page 3	"<div class=""txtsearchsnippet"">... اللواء المسز ماجى الخيري حاول محمد موسى مطري من <b class=""highlightcolor"">حيفا</b> جينا الانتحار صباح امس واصيب بجراح ا بسيطة في ...</div>"
1150	difaa19420215-01.1.2	15 February 1942	difaa	Page 2	"<div class=""txtsearchsnippet"">بدأت محكمة مركزية <b class=""highlightcolor"">حيفا</b> يوم امس تدرس قضية اقامها البوليس على اربعة اشخاص ...</div>"
1151	difaa19410912-01.1.2	12 September 1941	difaa	Page 2	"<div class=""txtsearchsnippet"">... عن ظهره فاصيب بجراح ورضوض نقل على أثرها الى <b class=""highlightcolor"">مستشفى الحكومة</b> بيافا ولم يلبث ان توفي أمس متأثراً ، ...</div>"
1152	difaa19410826-01.1.2	26 August 1941	difaa	Page 2	"<div class=""txtsearchsnippet"">... من بولنده منذ ستة اشهر وكانت تشتغل عاملة في <b class=""highlightcolor"">حيفا</b> ، ويظن ان الحادث انتحار</div>"
1153	difaa19410918-01.1.2	18 September 1941	difaa	Page 2	"<div class=""txtsearchsnippet"">زار ضابط مركز بوليس المدينة بعد ظهر امس <b class=""highlightcolor"">مستشفى الحكومة</b> واخذ افادة السيد ابراهيم البيطار مرة ثانية كما ...</div>"
1154	difaa19410817-01.1.2	17 August 1941	difaa	Page 2	"<div class=""txtsearchsnippet"">... النجاح هرب سجينين و اعتقال احدها حقق قاضي صلح <b class=""highlightcolor"">حيفا</b> صباح امس الأول في أمر سجينين هربا من المستشفى ...</div>"
1155	difaa19420512-01.1.2	12 May 1942	difaa	Page 2	"<div class=""txtsearchsnippet"">توفي في <b class=""highlightcolor"">مستشفى الحكومة</b> بيافا امس. طفل اسمه جمال داود ابو مسلم ...</div>"
1156	difaa19420721-01.1.3	21 July 1942	difaa	Page 3	"<div class=""txtsearchsnippet"">... شحنتها السفينتان من مصر إلى بيروت وافر عنهما في <b class=""highlightcolor"">حيفا،</b> فقبل الاستدعاء وستنظر في القاضية نهائياً بعد مدة قصيرة ...</div>"
1157	difaa19420720-01.1.3	20 July 1942	difaa	Page 3	"<div class=""txtsearchsnippet"">إرسالة <b class=""highlightcolor"">حيفا</b> التلفونية</div>"
1158	difaa19420724-01.1.2	24 July 1942	difaa	Page 2	"<div class=""txtsearchsnippet"">... جنيها و ٤ ملات وللجمعية فروع في القدس و <b class=""highlightcolor"">حيفا</b> و تل ابيب الصيفية المدرسة الثقافة كان الاقبال على ...</div>"
1159	difaa19420329-01.1.2	29 March 1942	difaa	Page 2	"<div class=""txtsearchsnippet""><b class=""highlightcolor"">حيفا</b> - جرت يوم الخميس الماضي حفلة قران المستر بطرس ...</div>"
1160	difaa19420713-01.1.2	13 July 1942	difaa	Page 2	"<div class=""txtsearchsnippet"">... المقررات - عن الحضور بسبب اشتغال ضرورية رئيس بلدية <b class=""highlightcolor"">حيفا</b> واشترك في الاجتماع المستر اوستر نائب رئيس بلدية القدس ...</div>"
1161	difaa19420429-01.1.3	29 April 1942	difaa	Page 3	"<div class=""txtsearchsnippet"">رسالة <b class=""highlightcolor"">حيفا</b> التلفونية</div>"
1162	difaa19420426-01.1.2	26 April 1942	difaa	Page 2	"<div class=""txtsearchsnippet"">... كسر في رجله وجروحاً نقل على اثرها أفي الى <b class=""highlightcolor"">مستشفى الحكومة</b> بيافا واخبر مركز بوليس المدينة بالحادث وكان الرجل ...</div>"
1163	difaa19421016-01.1.2	16 October 1942	difaa	Page 2	"<div class=""txtsearchsnippet"">... حسين علي من قرية العيزرية وقد نقل الجميع الى <b class=""highlightcolor"">مستشفى الحكومة</b> بالقدس ونجا السائق بقفرة من السيارة اثناء تدهورها.</div>"
1164	difaa19421229-01.1.2	29 December 1942	difaa	Page 2	"<div class=""txtsearchsnippet"">نقل امس الي <b class=""highlightcolor"">مستشفى الحكومة</b> اللامراض المعدية قرب ملبس شخص آخر من سكان ...</div>"
1165	difaa19430104-01.1.2	4 January 1943	difaa	Page 2	"<div class=""txtsearchsnippet"">... بينما كان الصياد عيمانويل هامبرغ يصيد السمك في جوار <b class=""highlightcolor"">حيفا</b> صباح امس عضته سمكة في رجله عضة احدثت فيها ...</div>"
1166	difaa19420918-01.1.3	18 September 1942	difaa	Page 3	"<div class=""txtsearchsnippet"">رسالة <b class=""highlightcolor"">حيفا</b> التلفونيه</div>"
1167	difaa19430416-01.1.2	16 April 1943	difaa	Page 2	"<div class=""txtsearchsnippet"">... وادي حنين استمه برسونم المصري ، وقد نقل الى <b class=""highlightcolor"">مستشفى الحكومة</b> في المدينة. وبلغ عدد من نقلوا الى المستشفى ...</div>"
1168	difaa19430630-01.1.3	30 June 1943	difaa	Page 3	"<div class=""txtsearchsnippet"">... السيجارة تسلم اليوم الدكتور عادل نسيبه اعماله في إدارة <b class=""highlightcolor"">مستشفى الحكومة</b> بدلا من الدكتور ابراهيم اتيم الذي اجيز لمدة ...</div>"
1169	difaa19430513-01.1.2	13 May 1943	difaa	Page 2	"<div class=""txtsearchsnippet"">... الفتيات اليتيمات. وسيتخلل الحفلة مفاجئات سارة مكافحته المبدوريا غادر <b class=""highlightcolor"">مستشفى الحكومة</b> بيافا امس اثنان من الذين كانوا قد نقلوا ...</div>"
1170	difaa19430813-01.1.2	13 August 1943	difaa	Page 2	"<div class=""txtsearchsnippet"">... اكبر ارتفاع في يافا ( ١٠٤٦٢ ) نقطة اما <b class=""highlightcolor"">حيفا</b> فقد سجلت ( هبوطاً ( ۱۰۲ نقطة ( ومن ...</div>"
1171	difaa19341219-01.1.7	19 December 1934	difaa	Page 7	"<div class=""txtsearchsnippet"">... من الموظفين المفصولين | في الجلسة القادمة وكالة الدفاع <b class=""highlightcolor"">حيفا</b> الطابق العلوي من عمارة البنك العربي - البوابة الشرقية ...</div>"
1172	difaa19450107-01.1.3	7 January 1945	difaa	Page 3	"<div class=""txtsearchsnippet"">... لمدة الماضي الشهر الجارى. جرت مخابرات بين الجمعية الاسلامية <b class=""highlightcolor"">حيفا</b> : والدوائر الرسمية لبناء ناد كبير فوق الطابق الذي ...</div>"
1173	difaa19450328-01.1.3	28 March 1945	difaa	Page 3	"<div class=""txtsearchsnippet"">... الجبالية وسببت لها جراحاً ماتت على اثرها ونقلت الى <b class=""highlightcolor"">مستشفى الحكومة</b> وحولت اوراقها الى القائمقام وتولى البوليس التحقيق. وتبلغ ...</div>"
1174	difaa19470706-01.1.4	6 July 1947	difaa	Page 4	"<div class=""txtsearchsnippet""><b class=""highlightcolor"">حيفا</b> - جاء نا ما يلي من الغرفة التجارية : ...</div>"
1175	difaa19471117-01.1.4	17 November 1947	difaa	Page 4	"<div class=""txtsearchsnippet"">... جرى تعويم السفينة بعد الظهر وجرى قطرها الى ميناء <b class=""highlightcolor"">حيفا</b> . السفينة الجانية الثانية اما سفينة التهريب الثانية التي ...</div>"
1176	difaa19471229-01.1.4	29 December 1947	difaa	Page 4	"<div class=""txtsearchsnippet"">... اليهود جريحان عربيان من ابي كبير و نقل إلى <b class=""highlightcolor"">مستشفى الحكومة</b> بيافا في الساعة الخامسة من مسجد ظهر أمس ...</div>"
1177	difaa19480301-01.1.4	1 March 1948	difaa	Page 4	"<div class=""txtsearchsnippet"">... صباح امس ابراهام فوترمان من رجال الهاغانا وقتل في <b class=""highlightcolor"">حيفا</b> صباح امس يهودي واحد وخرج يهوديان</div>"
1178	difaa19450801-01.1.3	1 August 1945	difaa	Page 3	"<div class=""txtsearchsnippet"">... تحسين نوع الدقيق وازالة الشكوى من رداءته جيء الى <b class=""highlightcolor"">مستشفى الحكومة</b> بيافا * بشخص عربي مصاب بجراح من جراء ...</div>"
1179	difaa19440911-01.1.2	11 September 1944	difaa	Page 2	"<div class=""txtsearchsnippet"">... هذا العام على تجارة الحمضيات طلات الشمال والكلية العربية <b class=""highlightcolor"">حيفا</b> - المراسل الدفاع الخاص قدرت إدارة المعارف قبول الطلاب ...</div>"
1180	difaa19460807-01.1.3	7 August 1946	difaa	Page 3	"<div class=""txtsearchsnippet"">... والمؤسسات العربية ، فترحب به ونرجو له الاقامة الطيبة <b class=""highlightcolor"">حيفا</b> - باشر فضيلة الشيخ صادق مندوب جماعة الاخوان المسلمين ...</div>"
1181	difaa19460725-01.1.3	25 July 1946	difaa	Page 3	"<div class=""txtsearchsnippet"">... الامن . علمنا ان الدكتور ابراهيم حبيبي احد اطباء <b class=""highlightcolor"">مستشفى الحكومة</b> في القدس قد استقال من عمله وافتتح عيادة ...</div>"
1182	difaa19451228-01.1.3	28 December 1945	difaa	Page 3	"<div class=""txtsearchsnippet"">القدس - عاد امس من <b class=""highlightcolor"">حيفا</b> المستر كارتر نائب مراقب المواد الغذائية بعد أن أمضى ...</div>"
1183	difaa19470107-01.1.3	7 January 1947	difaa	Page 3	"<div class=""txtsearchsnippet"">... من عمان وهو سائق السيارة المذكورة رهن المعالجة في <b class=""highlightcolor"">مستشفى الحكومة</b> . وقد اسند اليه البوليس تهمة التسبب في ...</div>"
1184	difaa19450420-01.1.2	20 April 1945	difaa	Page 2	"<div class=""txtsearchsnippet"">... والثانوية التابعة لوزارة المعارف المصرية . الضابطان المصريان الجريحان <b class=""highlightcolor"">حيفا</b> ـ غادر <b class=""highlightcolor"">حيفا</b> امس الضابطان المضريان الجريحان برفقة الاطباء ...</div>"
1185	difaa19450205-01.1.3	5 February 1945	difaa	Page 3	"<div class=""txtsearchsnippet"">... ان الطقس اليوم سيكون حسنا اجتماعيات الجمهورية اللبنانية طعام <b class=""highlightcolor"">حيفا</b> - تناول السيد عبد القادر شهاب مرافق فخامة رئيس ...</div>"
1186	difaa19470604-01.1.3	4 June 1947	difaa	Page 3	"<div class=""txtsearchsnippet"">... حديدية وسببا له جراحا خطرة نقل على اثرها الى <b class=""highlightcolor"">مستشفى الحكومة</b> بيا فا لكنه مات متاثراً منها شكل البنا ...</div>"
1187	difaa19450708-01.1.2	8 July 1945	difaa	Page 2	"<div class=""txtsearchsnippet"">... اليوم اقفلت الحوانيت وتعطلت الاعمال احتفاء بهذه الذكرى المجيدة <b class=""highlightcolor"">حيفا</b> - اذاعت جمعية الاعتصام بيانا بمناسبة ذكرى الاسراء الشرف ...</div>"
1188	difaa19471121-01.1.3	21 November 1947	difaa	Page 3	"<div class=""txtsearchsnippet"">... ان هكث هناك مدة اسبوعين لا عمال تتعلق بالشركة. <b class=""highlightcolor"">حيفا</b> - فادرنا صباح امس الى عمان الرئيس محمد اسحق ...</div>"
1189	difaa19480315-01.1.4	15 March 1948	difaa	Page 4	"<div class=""txtsearchsnippet"">العابثون ينسفون جسرا بين <b class=""highlightcolor"">حيفا</b> وجنين</div>"
1190	difaa19470501-01.1.2	1 May 1947	difaa	Page 2	"<div class=""txtsearchsnippet"">... حرب العصابات في بولندا و قد استقبله في ميناء <b class=""highlightcolor"">حيفا</b> عدد كبير من اليهود و تقروان . يقيم في ...</div>"
1191	difaa19471102-01.1.4	2 November 1947	difaa	Page 4	"<div class=""txtsearchsnippet"">... و يزيد في حوادث السيارات .. مجلة غرفة تجارة <b class=""highlightcolor"">حيفا</b> صدرت مجلة الغرفة التجارية في <b class=""highlightcolor"">حيفا</b> والقضاء مشتملة على ...</div>"
1192	difaa19380304-01.1.1	4 March 1938	difaa	Page 1	"<div class=""txtsearchsnippet"">... في عدد أمس محاولة اغتيال او نباشي عربي في <b class=""highlightcolor"">حيفا</b> واصابته ثم نقله الى المستشفى . وقد جاءتنا اليوم ...</div>"
1193	difaa19380809-01.1.8	9 August 1938	difaa	Page 8	"<div class=""txtsearchsnippet"">... واحتل رجال البو ايس الطرقات والشوارع النار على شخص <b class=""highlightcolor"">حيفا</b> فى ٨ آب - لمراحل الدفاع الخاص حوالي الساعة ...</div>"
1194	difaa19400322-01.1.6	22 March 1940	difaa	Page 6	"<div class=""txtsearchsnippet"">... بين حمولة دار الخطيب اسفر عن ثلاثة تقلوا الى <b class=""highlightcolor"">مستشفى الحكومة</b> واعتقل البوليس اثني عشر شخصاً ثم اخلي سبيلهم ...</div>"
1195	difaa19371007-01.1.3	7 October 1937	difaa	Page 3	"<div class=""txtsearchsnippet"">... الى القدس يصاب بجروح مختلفة من انفجار لغم دخل <b class=""highlightcolor"">مستشفى الحكومة</b> اليوم محمد علي من قرية دير ياسين مصابا ...</div>"
1196	difaa19350123-01.1.5	23 January 1935	difaa	Page 5	"<div class=""txtsearchsnippet"">... ٢ - لمر المسل الدفاع الخاص - طار الى <b class=""highlightcolor"">حيفا</b> فخامة المندوب السامي لحضور حفلة الافتتاح الرسمي لانابيب البحر ...</div>"
1197	difaa19440830-01.1.3	30 August 1944	difaa	Page 3	"<div class=""txtsearchsnippet"">- <b class=""highlightcolor"">حيفا</b> - لمراسل الدفاع الخاص يؤخذ من الاحصاءات الدقيقة ان ...</div>"
1198	difaa19440718-01.1.2	18 July 1944	difaa	Page 2	"<div class=""txtsearchsnippet"">... قابل اليوم المستر فرتش مساعد مراقب المواد الغذائية في <b class=""highlightcolor"">حيفا</b> المستر والش مراقب المواد الغذائية العام ثم توجه الى ...</div>"
1199	difaa19440913-01.1.3	13 September 1944	difaa	Page 3	"<div class=""txtsearchsnippet"">... البقالين التوزع على المستهلكين .. النار تورج على المستي <b class=""highlightcolor"">حيفا</b> المراسل الدفاع الخاص - تألفت هيئة من بعض رجال ...</div>"
1200	difaa19460514-01.1.3	14 May 1946	difaa	Page 3	"<div class=""txtsearchsnippet"">... سافر قبل مدة للمفاوضة مع وزارة المستعمرات بشأن طلبات <b class=""highlightcolor"">حيفا</b> - غادر المدينة عائدا الى عمان الفريق تفقد سرايا ...</div>"
1201	difaa19460515-01.1.3	15 May 1946	difaa	Page 3	"<div class=""txtsearchsnippet"">... نمر الخطيب و الشيخ حسني الحفاوي ولفيف من تجار <b class=""highlightcolor"">حيفا</b> و نائب مدير بنك الامة. وجرى حديث حول شؤون ...</div>"
1202	difaa19460728-01.1.2	28 July 1946	difaa	Page 2	"<div class=""txtsearchsnippet"">... تأبين للموظفين الضحايا القدس - يصل اليوم الاحد من <b class=""highlightcolor"">حيفا</b> بناء على دعوة مستعجلة رئيس اللجنة التنفيذية الموظفي الدرجة ...</div>"
1203	difaa19470320-01.1.3	20 March 1947	difaa	Page 3	"<div class=""txtsearchsnippet"">... - اصيب امس السيد قدري الكيلاني بمرض اضطره لدخول <b class=""highlightcolor"">مستشفى الحكومة</b> بيافا للمعالجة فنرجو له شفاء ماجلا مولود مبارك ...</div>"
1204	difaa19470202-01.1.4	2 February 1947	difaa	Page 4	"<div class=""txtsearchsnippet"">بیان <b class=""highlightcolor"">حيفا</b> - بناء على طلب آل عامر من قرية</div>"
1205	difaa19470331-01.1.3	31 March 1947	difaa	Page 3	"<div class=""txtsearchsnippet"">... هذين اليومين المستر مندل مدير دائرة المهاجرة والسفر سابقا <b class=""highlightcolor"">حيفا</b> - وصل عائدا من لبنان السيد كامل عبد الرحمن ...</div>"
1206	difaa19471015-01.1.4	15 October 1947	difaa	Page 4	"<div class=""txtsearchsnippet"">... من مصر الى فلسطين في اي محطة غير محطة <b class=""highlightcolor"">حيفا</b> (ه) كل شخص يأتي الى فلسطين من مصر على ...</div>"
1207	difaa19471217-01.1.4	17 December 1947	difaa	Page 4	"<div class=""txtsearchsnippet"">... ، ولذلك نشطت حركات الجنود لا سيما على مداخل <b class=""highlightcolor"">حيفا</b> حيث شاهدنا قوات ترابط في أول طريق الناصرة قرب ...</div>"
1208	difaa19480317-01.1.4	17 March 1948	difaa	Page 4	"<div class=""txtsearchsnippet"">حوادث متفرقة ومهاجمة اوكار في <b class=""highlightcolor"">حيفا</b> اعتقال سيارة بركابها الغادرين واقتيادهم للتحقيق بعد اعتداء فاشل</div>"
1209	difaa19480301-01.1.1	1 March 1948	difaa	Page 1	"<div class=""txtsearchsnippet"">... عندما كان ماراً من طريق باب الخليل ونقل الى <b class=""highlightcolor"">مستشفى الحكومة</b> . مهاجمة جنود وقد اطلق اليهود النار من ...</div>"
1210	difaa19471205-01.1.4	5 December 1947	difaa	Page 4	"<div class=""txtsearchsnippet"">... افراد الجيش و استعدادهم لكل طاريء . حوادث هيفا <b class=""highlightcolor"">حيفا</b> - استمر اطلاق الرصاص طيلة ليلة |</div>"
1211	difaa19470722-01.1.4	22 July 1947	difaa	Page 4	"<div class=""txtsearchsnippet"">... عليه النار فاصا بوه بجراح بالغة ، ونقل الى <b class=""highlightcolor"">مستشفى الحكومة</b> بيافا. وكان هذا الشخص يثبت وجوده في المركز ...</div>"
1212	difaa19480405-01.1.4	5 April 1948	difaa	Page 4	"<div class=""txtsearchsnippet"">... بالمنشية . من جراء القنبلة المتروكة و نقل الى <b class=""highlightcolor"">مستشفى الحكومة</b> بيافا صباح امس السيد سعيد مصافي وعمره ٢٦ ...</div>"
1213	difaa19480227-01.1.2	27 February 1948	difaa	Page 2	"<div class=""txtsearchsnippet"">... عن النفس . جريمة الرملة يانا - توفي في <b class=""highlightcolor"">مستشفى الحكومة</b> بساة صباح امس المرحوم ابرهيم حسن من الرملة ...</div>"
1214	difaa19470502-01.1.4	2 May 1947	difaa	Page 4	"<div class=""txtsearchsnippet"">... قتلهم الجنود دون كالعربي الذي اطلقت عليه النار في <b class=""highlightcolor"">حيفا</b> مؤخراً . فاجاب انه متى قتل انسان او جرح ...</div>"
1215	difaa19400424-01.1.2	24 April 1940	difaa	Page 2	"<div class=""txtsearchsnippet"">... تحمل كمية من البضائع ، وقدرست اولا في مياه <b class=""highlightcolor"">حيفا</b> وأنزلت عدداً . من السياح لا يقلون عن ٧٠ ...</div>"
1216	difaa19410112-01.1.2	12 January 1941	difaa	Page 2	"<div class=""txtsearchsnippet"">المحكمة المركزية في يافا انحراف اضطره الى دخول <b class=""highlightcolor"">مستشفى الحكومة</b> ، وسعادته منتدب لرئاسة المحكمة المركزية بالقدس المدة ...</div>"
1217	difaa19401127-01.1.4	27 November 1940	difaa	Page 4	"<div class=""txtsearchsnippet"">... وعند ما سقطت فرنسا جاءت الباخرة ولجأت الى ميناء <b class=""highlightcolor"">حيفا</b> وسمح البحارتها الفرنسيين بالسفر الى بلادهم . <b class=""highlightcolor"">حيفا</b> في ...</div>"
1218	difaa19420205-01.1.2	5 February 1942	difaa	Page 2	"<div class=""txtsearchsnippet"">وقع في <b class=""highlightcolor"">حيفا</b> منذ ثلاثة ايام حادث موت غریب اشرنا اليه في ...</div>"
1219	difaa19411223-01.1.3	23 December 1941	difaa	Page 3	"<div class=""txtsearchsnippet"">رسالة <b class=""highlightcolor"">حيفا</b> التليفونية</div>"
1220	difaa19410501-01.1.3	1 May 1941	difaa	Page 3	"<div class=""txtsearchsnippet"">رسالة <b class=""highlightcolor"">حيفا</b> التلفونية</div>"
1221	difaa19410620-01.1.2	20 June 1941	difaa	Page 2	"<div class=""txtsearchsnippet"">... محكمة الجنايات الكبرى صباح امس في جلستها المنعقدة في <b class=""highlightcolor"">حيفا</b> قرارها باعدام موشه اکسلرود بعدان ثبت انه قتل المرأة ...</div>"
1222	difaa19410402-01.1.2	2 April 1941	difaa	Page 2	"<div class=""txtsearchsnippet"">توفيت في <b class=""highlightcolor"">مستشفى الحكومة</b> بحيفا يوم امس بعد مرض قصير اللادي فلورنس ...</div>"
1223	difaa19410429-01.1.3	29 April 1941	difaa	Page 3	"<div class=""txtsearchsnippet"">... في رحافيا فتوجه الى هناك حيث نقل الجنتين الى <b class=""highlightcolor"">مستشفى الحكومة</b> . واسباب الانتحار مجهولة ، والبوليس يحقق في ...</div>"
1224	difaa19410521-01.1.2	21 May 1941	difaa	Page 2	"<div class=""txtsearchsnippet"">... في هذا الشأن حادث وفاة نقلت منذ ايام الى <b class=""highlightcolor"">مستشفى الحكومة</b> في يافا زهرة احمد كردية من بازور لمعالجتها ...</div>"
1225	difaa19420507-01.1.3	7 May 1942	difaa	Page 3	"<div class=""txtsearchsnippet"">... فنهنئه و نرجو له الرقي والنجاح - توفي في <b class=""highlightcolor"">مستشفى الحكومة</b> اليوم المرحوم ابراهيم حسين عليان وعمرة يا ٣٥ ...</div>"
1226	difaa19420924-01.1.3	24 September 1942	difaa	Page 3	"<div class=""txtsearchsnippet"">... فخامة المندوب السامي با المستركيت روتش حاكم اللواء في <b class=""highlightcolor"">مستشفى الحكومة</b> للاطمئنان عن صحته ، و ضباط الزراعة الاربعة ...</div>"
1227	difaa19430121-01.1.2	21 January 1943	difaa	Page 2	"<div class=""txtsearchsnippet"">... طبريا والحولة ، وعند انتهاء اجازته ، يعرج على <b class=""highlightcolor"">حيفا</b> ، حيث حدث في السنة الماضية بعض اصابات بالطاعون ...</div>"
1228	difaa19430928-01.1.4	28 September 1943	difaa	Page 4	"<div class=""txtsearchsnippet"">... قنبلة فحركها بعصاه فانفجرت وقطعت رجليه وقد نقل الى <b class=""highlightcolor"">مستشفى الحكومة</b> في <b class=""highlightcolor"">حيفا</b> وحالته سيئة صهر و ایز من ...</div>"
1229	difaa19431124-01.1.3	24 November 1943	difaa	Page 3	"<div class=""txtsearchsnippet"">رسالة <b class=""highlightcolor"">حيفا</b> التلفونية</div>"
1230	difaa19370311-01.1.2	11 March 1937	difaa	Page 2	"<div class=""txtsearchsnippet"">... - غادرت القدس قافلة من السياح الاميركان والفرنسيين الى <b class=""highlightcolor"">حيفا</b> وعدد أعضائها ٣٠٠ سائح</div>"
1231	difaa19360414-01.1.6	14 April 1936	difaa	Page 6	"<div class=""txtsearchsnippet"">... والقاتل من عرب الحويطات . وقد نقل المقتول الى <b class=""highlightcolor"">مستشفى الحكومة</b> في القدس فتين انه مصاب بعيار ناري وقد ...</div>"
1232	difaa19360524-01.1.4	24 May 1936	difaa	Page 4	"<div class=""txtsearchsnippet"">... العربي سرسق سويدان ) الايسر فوقع الحال وحمل إلى <b class=""highlightcolor"">مستشفى الحكومة</b> بحيفا وهو في حالة خطرة جدا والقيت على ...</div>"
1233	difaa19350218-01.1.7	18 February 1935	difaa	Page 7	"<div class=""txtsearchsnippet"">قالت دافار : وصل الى القدس مندوب يهود <b class=""highlightcolor"">حيفا</b> المراجعة الحكومة والموسان اليهودية بشأن مساجين اليهود الذين اضربوا ...</div>"
1234	difaa19340529-01.1.5	29 May 1934	difaa	Page 5	"<div class=""txtsearchsnippet"">زيارة مرير المعارف لمدينة <b class=""highlightcolor"">حيفا</b> قال مراسلنا الحيفاوي : زار المستر بومن مدير المعارف ...</div>"
1235	difaa19340706-01.1.4	6 July 1934	difaa	Page 4	"<div class=""txtsearchsnippet"">... قاسم ابو خير وقد علمنا انهما سيسافران اليوم الى <b class=""highlightcolor"">حيفا</b> الاشغال خاصة تتعلق باطفال الصحراء ولا نشك بانهما سيلاقيان ...</div>"
1236	difaa19460726-01.1.2	26 July 1946	difaa	Page 2	"<div class=""txtsearchsnippet"">... قبل ظهر امس ، الخميس، بزيارة الجرحى العرب في <b class=""highlightcolor"">مستشفى الحكومة</b> وكان يرافقه مرافق فخامته الخاص والدكتور على الشعراوي"". ...</div>"
1237	difaa19461009-01.1.1	9 October 1946	difaa	Page 1	"<div class=""txtsearchsnippet"">... سيارتين واصابة ثلاثة اشخاص - محاولة نسف قطار قرب <b class=""highlightcolor"">حيفا</b> ـ تحذير هام للجمهور</div>"
1238	difaa19450521-01.1.4	21 May 1945	difaa	Page 4	"<div class=""txtsearchsnippet"">... حدوث نزيف ثم وجد من الضروري قطع اصبعي في <b class=""highlightcolor"">مستشفى الحكومة</b> بالقدس وقد ابدت لي ركة الباصات كل مساعدة ...</div>"
1239	difaa19440420-01.1.2	20 April 1944	difaa	Page 2	"<div class=""txtsearchsnippet"">ذكرتها بوكر ان دائرة بوليس <b class=""highlightcolor"">حيفا</b> ما زالت تواصل التحقيق في قضية "" الأوراق المالية ...</div>"
1240	difaa19480211-01.1.1	11 February 1948	difaa	Page 1	"<div class=""txtsearchsnippet"">تجدد الاشتباكات العنيفة والانفجارات المروعة في <b class=""highlightcolor"">حيفا</b> ونسف منزل عربي وفشل جريمة غادرة لو وقعت لاودت ...</div>"
1241	difaa19480213-01.1.1	13 February 1948	difaa	Page 1	"<div class=""txtsearchsnippet"">قصف المدافع ولهيب حرائق قنابل مولوتوف تجتاح <b class=""highlightcolor"">حيفا</b> وتدمير اعمدة الكهرباء مسافة كيلو مترين ومعركة حامية بجوار ...</div>"
1242	difaa19480215-01.1.1	15 February 1948	difaa	Page 1	"<div class=""txtsearchsnippet"">حوادث مفا <b class=""highlightcolor"">حيفا</b> - رومت المدينة مساء امس على اثر دوي انفجار ...</div>"
1243	difaa19480412-01.1.1	12 April 1948	difaa	Page 1	"<div class=""txtsearchsnippet"">... في اول ايار هو المندوب السامي ، وسيسافر الى <b class=""highlightcolor"">حيفا</b> ومنها الى انكاترا .</div>"
1244	difaa19450424-01.1.3	24 April 1945	difaa	Page 3	"<div class=""txtsearchsnippet"">... (الطب في الاسلام ) وقد شرح الموضوع شرحا وافيا <b class=""highlightcolor"">حيفا</b> - وصل الى <b class=""highlightcolor"">حيفا</b> سعادة عبد الرحمن: حتى بك ...</div>"
1245	difaa19450415-01.1.2	15 April 1945	difaa	Page 2	"<div class=""txtsearchsnippet"">... كاتباً لمحكمة القدس الشرعية والشيخ عادل درويش كاتباً لمحكمة <b class=""highlightcolor"">حيفا</b> الشرعية محمد عبده هاشم كاتبا لمحكمة يافا الشرعية والشيخ ...</div>"
1246	difaa19440629-01.1.2	29 June 1944	difaa	Page 2	"<div class=""txtsearchsnippet"">... حكم عليهم بذلك لقتلهم شخصا يهوديا في منطقة خليج <b class=""highlightcolor"">حيفا</b></div>"
1247	difaa19440709-01.1.4	9 July 1944	difaa	Page 4	"<div class=""txtsearchsnippet"">... بالحادث فخفت الى مكانه قوة ونقلت الجنة ا الى <b class=""highlightcolor"">مستشفى الحكومة</b> واهتدوا الى اسم ذ صاحبها بواسطة اسم كتب ...</div>"
1248	difaa19441229-01.1.4	29 December 1944	difaa	Page 4	"<div class=""txtsearchsnippet"">... بسوء وهذا الطفل الذي نجا بامجوية قد نقل الى <b class=""highlightcolor"">مستشفى الحكومة</b> بيافا لفحصه</div>"
1249	difaa19430223-01.1.2	23 February 1943	difaa	Page 2	"<div class=""txtsearchsnippet"">... بعد ظهر يوم الخميس في قاعة المدرسة الانكليزية في <b class=""highlightcolor"">حيفا</b> موضوعها اصوات انكلترا ، و هذه المحاضرة تحت رعاية ...</div>"
1250	difaa19430321-01.1.2	21 March 1943	difaa	Page 2	"<div class=""txtsearchsnippet"">... قضاء بيسان وقضاء الناصرة وقضاء صفد . اما لواء <b class=""highlightcolor"">حيفا</b> مؤلف من قضاء <b class=""highlightcolor"">حيفا</b> وحده. ولواء السامرة مؤلف من ...</div>"
1251	difaa19430827-01.1.2	27 August 1943	difaa	Page 2	"<div class=""txtsearchsnippet"">... كثيرة حول هذا الموضوع منها كلمه الانسة نظمية من <b class=""highlightcolor"">حيفا</b> تطلب افساح المجال الادبي امام الفتيات وتقول : بقي ...</div>"
1252	difaa19440105-01.1.2	5 January 1944	difaa	Page 2	"<div class=""txtsearchsnippet"">... الموحدة ٢ - تلي الكتاب الوارد من غرفة تجارة <b class=""highlightcolor"">حيفا</b> حول موضوع تأليف شركة تجارية للاستيراد والتصدير فتقرر الكتابة</div>"
1253	difaa19440104-01.1.2	4 January 1944	difaa	Page 2	"<div class=""txtsearchsnippet"">نادي الروتارى في <b class=""highlightcolor"">حيفا</b> ومسالة التموين في البلاد</div>"
1254	difaa19431228-01.1.2	28 December 1943	difaa	Page 2	"<div class=""txtsearchsnippet"">... مصاب حقاً بمرض الطاعون ، وكان قد نقل الى <b class=""highlightcolor"">مستشفى الحكومة</b> للأمراض</div>"
1255	difaa19440425-01.1.2	25 April 1944	difaa	Page 2	"<div class=""txtsearchsnippet"">... القديمة والرابع في عيادة دائرة الضحية، و الخامس في <b class=""highlightcolor"">مستشفى الحكومة</b> في المجمى والدائرة تلفت نظار جميع السكان الذين ...</div>"
1256	difaa19480107-01.1.1	7 January 1948	difaa	Page 1	"<div class=""txtsearchsnippet"">بجراح خطرة نقل على اثرها الى <b class=""highlightcolor"">مستشفى الحكومة</b> ثم فارق الحياة رحمه الله . واصابة طفل ...</div>"
1257	difaa19480226-01.1.1	26 February 1948	difaa	Page 1	"<div class=""txtsearchsnippet"">... رحمه الله ، والاخر بجراح بالغه ، ونقلا الي <b class=""highlightcolor"">مستشفى الحكومة</b> . اشعلت النار في جناح عمارة المحكمة البقية ...</div>"
1258	difaa19480314-01.1.1	14 March 1948	difaa	Page 1	"<div class=""txtsearchsnippet"">... قريته واسعف فيها ، ثم جيء . به الى <b class=""highlightcolor"">مستشفى الحكومة</b> بالقدس وقد عثر العرب على ثلاثين لغما تركها ...</div>"
1259	difaa19471005-01.1.1	5 October 1947	difaa	Page 1	"<div class=""txtsearchsnippet"">١٥٠٠ ينتظرون دورهم استمر الجمعة والسبت | <b class=""highlightcolor"">حيفا</b> - تم خلال يومي نقل ٢٣٦٦ مهربا من مهر ...</div>"
1260	difaa19460804-01.1.3	4 August 1946	difaa	Page 3	"<div class=""txtsearchsnippet"">... وهم يثنون على حسن استقبالهم . . مولود مبارك <b class=""highlightcolor"">حيفا</b> - رزق السيد عبد الجابر عيسى موظف شركة المخابز ...</div>"
1261	difaa19451230-01.1.3	30 December 1945	difaa	Page 3	"<div class=""txtsearchsnippet"">... هنا مدة قصيرة لايجاد دار سكن لفضيلته عاد الى <b class=""highlightcolor"">حيفا</b> وسيباشر عمله في القدس يوم ١٠ كانون الثاني القادم ...</div>"
1262	difaa19470211-01.1.2	11 February 1947	difaa	Page 2	"<div class=""txtsearchsnippet"">... شخصا يقيم في اميركا اسمه هيرش وله عمارة في <b class=""highlightcolor"">حيفا</b> اتصل بوكيله امس وعلم منه ان الجيش قد احتل ...</div>"
1263	difaa19450212-01.1.3	12 February 1945	difaa	Page 3	"<div class=""txtsearchsnippet"">... رئيس الاطباء في اللواء وتسلم الدكتور ابراهيم اتيم ادارة <b class=""highlightcolor"">مستشفى الحكومة</b> غزة - قدم المدينة اليوم المستر و بستر ...</div>"
1264	difaa19450619-01.1.3	19 June 1945	difaa	Page 3	"<div class=""txtsearchsnippet"">... باللواء الشمالي حفلة تعارف دعي اليها اعضاء لجنة بلدية <b class=""highlightcolor"">حيفا</b> العرب ورئيس الغرفة التجارية و نائبه ومندو بون عن ...</div>"
1265	difaa19480314-01.1.3	14 March 1948	difaa	Page 3	"<div class=""txtsearchsnippet"">... التي قدمت للجنة المذكورة جرزايتين . أمطار غزيرة في <b class=""highlightcolor"">حيفا</b> <b class=""highlightcolor"">حيفا</b> - هطلت يوم امس امطار غزيرة الشتاء لم ...</div>"
1266	difaa19470930-01.1.3	30 September 1947	difaa	Page 3	"<div class=""txtsearchsnippet"">... طنوس الامين العام لبيت المال العربي لقضاء بعض الاعمال <b class=""highlightcolor"">حيفا</b> - اقامت جمعية النهضة المصرية حفلة بحيفا مناسبة لسعادة ...</div>"
1267	difaa19400609-01.1.3	9 June 1940	difaa	Page 3	"<div class=""txtsearchsnippet"">... والدكتور أسعد بشاره معالي علي جودت بك الايوبي في <b class=""highlightcolor"">مستشفى الحكومة</b> للاطمئنان على صحة معاليه التي والحمد لله قد ...</div>"
1268	difaa19370208-01.1.2	8 February 1937	difaa	Page 2	"<div class=""txtsearchsnippet"">... المحمد واخيه عمر المحمد بجراح نقلا على اثرها الى <b class=""highlightcolor"">مستشفى الحكومة</b> واعتقل البوليس قسماً من الطرفين والتحقيقات جارية</div>"
1269	difaa19370513-01.1.4	13 May 1937	difaa	Page 4	"<div class=""txtsearchsnippet"">... في بطنه بجراح خطرة . وقد نقل المصاب الى <b class=""highlightcolor"">مستشفى الحكومة</b> طبريا وحضرت قوة من بوليس سمخ للتحقيق في ...</div>"
1270	difaa19360926-01.1.4	26 September 1936	difaa	Page 4	"<div class=""txtsearchsnippet"">... الى قرية بيت جنب لشراء عنب وخضار ليحملوها الى <b class=""highlightcolor"">حيفا</b> قابلهم جماعة من الثوار بين قريتي نحف ومجدل كروم ...</div>"
1271	difaa19350703-01.1.5	3 July 1935	difaa	Page 5	"<div class=""txtsearchsnippet"">... ، حيث اصيبا بها بجراح بليغة وقد توفي في <b class=""highlightcolor"">مستشفى الحكومة</b> صباح هذا اليوم احدهما المدعو خضر محمد احمد ...</div>"
1272	difaa19400203-01.1.2	3 February 1940	difaa	Page 2	"<div class=""txtsearchsnippet"">البنزين والمازوت من مصافي <b class=""highlightcolor"">حيفا</b></div>"
1273	difaa19370928-01.1.3	28 September 1937	difaa	Page 3	"<div class=""txtsearchsnippet"">... ظهر هذا اليوم اجتماع في مكتبه حضره حاكم لواء <b class=""highlightcolor"">حيفا</b> المستر كيث روتش وحاكم لواء القدس المستر مكلارن، والسكرتير ...</div>"
1274	difaa19360915-01.1.5	15 September 1936	difaa	Page 5	"<div class=""txtsearchsnippet"">... حصانين املان الجند اناء سيرهم في طريق اللجون - <b class=""highlightcolor"">حيفا</b> النار على اراضي قربة رمانه فقتلوا حصانين بخصان عبد ...</div>"
1275	difaa19460804-01.1.4	4 August 1946	difaa	Page 4	"<div class=""txtsearchsnippet"">... القدس عن السفينة «هافانا » التي دخلت الى ميناء <b class=""highlightcolor"">حيفا</b> وعليها عدد من المهربين اليهود فقالت . ان هذه ...</div>"
1276	difaa19461015-01.1.3	15 October 1946	difaa	Page 3	"<div class=""txtsearchsnippet"">... الذي افرج عنه مؤخرا وهنا وه ومكثو امدة بمنزله <b class=""highlightcolor"">حيفا</b> - لزم السيد شهاده شایح نائب رئیس البلدية منزله ...</div>"
1277	difaa19450506-01.1.3	6 May 1945	difaa	Page 3	"<div class=""txtsearchsnippet"">... ماكو نل نائب المفتش العام للبوليس في جولة تفتيشية <b class=""highlightcolor"">حيفا</b> - ضمت الجمعية الاسلامية الى عضويتها السادة : كلا ...</div>"
1278	difaa19461111-01.1.4	11 November 1946	difaa	Page 4	"<div class=""txtsearchsnippet"">... ، صدمت مساء امس بالقرب من زاوية بوتاجي في <b class=""highlightcolor"">حيفا</b> رشيد سلامة سلیمان و عمره ٥ ٤ سنة ، ...</div>"
1279	difaa19450327-01.1.3	27 March 1945	difaa	Page 3	"<div class=""txtsearchsnippet"">... و حلت ضيفة في منزل السيد فوزي الغصين - <b class=""highlightcolor"">حيفا-</b> وصل الى <b class=""highlightcolor"">حيفا</b> السيد احمد صدقى الجندي قائد حامية ...</div>"
1280	difaa19470803-01.1.2	3 August 1947	difaa	Page 2	"<div class=""txtsearchsnippet"">السيد سامي الصلح <b class=""highlightcolor"">حيفا</b> - وصل <b class=""highlightcolor"">حيفا</b> امس دولة السيد سامي الصلح رئيس ...</div>"
1281	difaa19470821-01.1.3	21 August 1947	difaa	Page 3	"<div class=""txtsearchsnippet"">... بمكا عشرة ايام يسافر بعدها الى سوريا ولبنان . <b class=""highlightcolor"">حيفا</b> - عاد من انكلترا القاضى احمد الخليل وعقيلته بعد ...</div>"
1282	difaa19450710-01.1.2	10 July 1945	difaa	Page 2	"<div class=""txtsearchsnippet"">1 <b class=""highlightcolor"">حيفا-</b> ستنعقد محكمة التسوية بحيفا برئاسة المستر كينون لمدة اربعة ...</div>"
1283	difaa19451009-01.1.3	9 October 1945	difaa	Page 3	"<div class=""txtsearchsnippet"">... اقامة قصيرة امضاها في القدس القدس - يصل الى <b class=""highlightcolor"">حيفا</b> يوم الجمعة القادم في ١٢ الجاري سعادة قنصل تركيا ...</div>"
1284	difaa19471211-01.1.3	11 December 1947	difaa	Page 3	"<div class=""txtsearchsnippet"">... ٤٥۰۱۱۳ صندوقا منها ٢٦٦,٧١٨ صندوقا شحنت عن طريق ميناء <b class=""highlightcolor"">حيفا</b> و ۱۰۸٫۷۰۹ صناديق</div>"
1285	difaa19471218-01.1.4	18 December 1947	difaa	Page 4	"<div class=""txtsearchsnippet"">وفاة جريح و توفي في <b class=""highlightcolor"">مستشفى الحكومة</b> امس المرحوم السيد ابراهيم مصطفى بشناق و عمره ...</div>"
1286	difaa19471219-01.1.3	19 December 1947	difaa	Page 3	"<div class=""txtsearchsnippet"">... الزيت القدس - فقدت كميات من الزيت المشحون من <b class=""highlightcolor"">حيفا</b> الى القدس بواسطة سكة الحديد وتحقق الجهات المختصة في ...</div>"
1287	difaa19480121-01.1.2	21 January 1948	difaa	Page 2	"<div class=""txtsearchsnippet""><b class=""highlightcolor"">حيفا</b> - عقدت اللجنة القومية اجتماعا في الساعة التاسعة من ...</div>"
1288	difaa19480121-01.1.3	21 January 1948	difaa	Page 3	"<div class=""txtsearchsnippet"">... لا ينسف القائد العسكري الحسبة والمنجرة والمطحنة اليهودية في <b class=""highlightcolor"">حيفا</b> والمركز و بعض نما: اطق اليهودية الاخرى في صفد ...</div>"
1289	difaa19480421-01.1.3	21 April 1948	difaa	Page 3	"<div class=""txtsearchsnippet"">... الى ۲۹۰ ميلا في المستشفيات يافا - نقل الى <b class=""highlightcolor"">مستشفى الحكومة</b> بيافا ظهر امس الشاب لطفي عبد اللطيف خطاب ...</div>"
1290	difaa19480208-01.1.2	8 February 1948	difaa	Page 2	"<div class=""txtsearchsnippet"">... فقد تصدوا الى كو استبلين بريطانيين كانا يسيران قرب <b class=""highlightcolor"">مستشفى الحكومة</b> وطلبوا منها بندقيتيها غنوة بعد ان اشهروا عليها ...</div>"
1291	difaa19470422-01.1.4	22 April 1947	difaa	Page 4	"<div class=""txtsearchsnippet"">... والتعمير . بلغاريا وتسهيل هجرة اليهود ابحرت من ميناء <b class=""highlightcolor"">حيفا</b> صباح امس الباخرة ترنسلفانيا الرومانية وعليها ثلاثة وفود سياسية، ...</div>"
1292	difaa19441105-01.1.2	5 November 1944	difaa	Page 2	"<div class=""txtsearchsnippet"">... يمثل مجلس مراقبة الاثمار الحمضية صباح امين الاول الى <b class=""highlightcolor"">حيفا</b> واجتمع بمديري الميناء والسكك الحديدية العام وبحثوا معهما | ...</div>"
1293	difaa19450221-01.1.4	21 February 1945	difaa	Page 4	"<div class=""txtsearchsnippet"">... إلى الحكومة بشأن الظروف المحيطة بموت أشر تراثنر في <b class=""highlightcolor"">مستشفى الحكومة</b> بحيفا في ٨ تشرين الثاني سنة ١٩٤٤ عين ...</div>"
1294	difaa19440908-01.1.2	8 September 1944	difaa	Page 2	"<div class=""txtsearchsnippet"">... بعض رجالها الى حيث المصاب بشارع الصلاحي ونقلوه الى <b class=""highlightcolor"">مستشفى الحكومة</b> للامراض السارية على طريق ملبس ، وقد اتضح ...</div>"
1295	difaa19460304-01.1.2	4 March 1946	difaa	Page 2	"<div class=""txtsearchsnippet"">... شبكا بمبلغ عشرين جنيها من السيد ابراهيم صهيون ، <b class=""highlightcolor"">حيفا</b> ، مساعدة لعائلات الشهداء في مصر . واللجنة تشكره ...</div>"
1296	difaa19460415-01.1.3	15 April 1946	difaa	Page 3	"<div class=""txtsearchsnippet"">... كثيرون من وجوه ه المدينة والقضاء . ادخل الى <b class=""highlightcolor"">مستشفى الحكومة</b> بحيفا نافع مسعد القاسم وهو مصاب بعدة جروح ...</div>"
1297	difaa19441119-01.1.3	19 November 1944	difaa	Page 3	"<div class=""txtsearchsnippet"">... وقد اتخذت الترتيبات اللازمة لتأمين توزيعها على الجميع - <b class=""highlightcolor"">حيفا-</b> لمراسل الدفاع الخاص باشرت دائرة الزراعة امس بتوزيع البطاطا ...</div>"
1298	difaa19450510-01.1.3	10 May 1945	difaa	Page 3	"<div class=""txtsearchsnippet"">... عر بيا . - اجتمعت لجنة المعارف الاسلامية بعد <b class=""highlightcolor"">حيفا</b> ظهر الامس وبحثت في أمر فتح مدرسة في الجهة ...</div>"
1299	difaa19451206-01.1.3	6 December 1945	difaa	Page 3	"<div class=""txtsearchsnippet"">... الأول وقضت بسجن الثاني سنة واحدة .. نقل الى <b class=""highlightcolor"">مستشفى الحكومة</b> على طريق ملبس الفتى عمانوئيل غنتالى من شارع ...</div>"
1300	difaa19470324-01.1.3	24 March 1947	difaa	Page 3	"<div class=""txtsearchsnippet"">... شخص من سكان مكا والقضاء يطلبون فيها اعادة فتح <b class=""highlightcolor"">مستشفى الحكومة</b> وتجهيزه بغرفة للجراحة بعد ان اصبح وجوده ضروریا ...</div>"
1301	difaa19470529-01.1.3	29 May 1947	difaa	Page 3	"<div class=""txtsearchsnippet"">... قبرص . - مر بحيفا بطريقه الى القدس قادما <b class=""highlightcolor"">حيفا</b> من قبرص المستر تيتفورد المساعد الاول لمدير المطبوعات في ...</div>"
1302	difaa19460619-01.1.2	19 June 1946	difaa	Page 2	"<div class=""txtsearchsnippet"">... طن من البطاطا مصابون يغادرون المستشفي يافا - غادر <b class=""highlightcolor"">مستشفى الحكومة</b> امس رجال البوليس الاضافي والكسارية الذين اصيبوا في ...</div>"
1303	difaa19460714-01.1.2	14 July 1946	difaa	Page 2	"<div class=""txtsearchsnippet"">اجتماع الهيئة الادارية لغرفة <b class=""highlightcolor"">حيفا</b> التجارية وقرارات مختلفة</div>"
1304	difaa19480305-01.1.2	5 March 1948	difaa	Page 2	"<div class=""txtsearchsnippet"">... اللجنة القومية بيافا وفاة جريح يافا ـ توفي في <b class=""highlightcolor"">مستشفى الحكومة</b> بيافا امس مصطفى الجماعي و هو الذي اصيب ...</div>"
1305	difaa19480109-01.1.2	9 January 1948	difaa	Page 2	"<div class=""txtsearchsnippet"">... المسلحين العرب مساء امس مستعمرة قريات خاروشت في جوار <b class=""highlightcolor"">حيفا</b> على طريق العفولة ، وفيها مصانع كبيرة وقد أطبقوا ...</div>"
1306	difaa19480202-01.1.2	2 February 1948	difaa	Page 2	"<div class=""txtsearchsnippet"">مواساة الضابطين الجريحين <b class=""highlightcolor"">حيفا</b></div>"
1307	difaa19470504-01.1.4	4 May 1947	difaa	Page 4	"<div class=""txtsearchsnippet"">... عاماً ملقاة في منطقة سكنة أبو كبير فنقلت الى <b class=""highlightcolor"">مستشفى الحكومة</b> وعرضت على فريق من الناس فلم يتعرف عليها ...</div>"
1308	difaa19470528-01.1.4	28 May 1947	difaa	Page 4	"<div class=""txtsearchsnippet"">... وقد قطعت الاسلاك التلفونية التي تصل المحطة بالرئاسة في <b class=""highlightcolor"">حيفا</b> ، إذ ليس بين محطة الرملة والخارج أي اتصال. ...</div>"
1309	difaa19460625-01.1.3	25 June 1946	difaa	Page 3	"<div class=""txtsearchsnippet"">... وعن جهاده ، والدعوة عامة لجميع الاعضاء المنتسبين . <b class=""highlightcolor"">حيفا</b> - يلقي السيد ميخائيل نعيمة محاضرة مساء غد - ...</div>"
1310	difaa19350409-01.1.4	9 April 1935	difaa	Page 4	"<div class=""txtsearchsnippet"">... فاتنات به الدراجة النارية الى جانب الطريق فنقل إلى <b class=""highlightcolor"">مستشفى الحكومة</b> في الرملة في حالة خطرة وبعد اسمانه فى ...</div>"
1311	difaa19350416-01.1.4	16 April 1935	difaa	Page 4	"<div class=""txtsearchsnippet"">... انحاء مختلفة من جسمه ، وقد نقل المصاب الى <b class=""highlightcolor"">مستشفى الحكومة</b> في القدس ولا تزال حالته . خطرة</div>"
1312	difaa19440519-01.1.3	19 May 1944	difaa	Page 3	"<div class=""txtsearchsnippet"">هنئة رئيس جمهورية سوريا بتسلم الجيش الوطني - <b class=""highlightcolor"">حيفا</b> في ۱۸ ايار- مراسل الدفاع الخاص- ارسل فرع حزب ...</div>"
1313	difaa19420127-01.1.3	27 January 1942	difaa	Page 3	"<div class=""txtsearchsnippet"">رسالة <b class=""highlightcolor"">حيفا</b> التلفونية</div>"
1314	difaa19420201-01.1.4	1 February 1942	difaa	Page 4	"<div class=""txtsearchsnippet"">توفي في <b class=""highlightcolor"">مستشفى الحكومة</b> بيان شحادة اسماعيل ابو صبحية من البالغ من ...</div>"
1315	difaa19410921-01.1.2	21 September 1941	difaa	Page 2	"<div class=""txtsearchsnippet"">... الموفقين مطربي والسيد حليم الرومى شاب فلسطيني ولد في <b class=""highlightcolor"">حيفا</b> وتربى فيها وقد عشق فن الموسيقى منذ صغره فكان ...</div>"
1316	difaa19410824-01.1.2	24 August 1941	difaa	Page 2	"<div class=""txtsearchsnippet"">... محاضرة موضوعها «العرب في هذه الحرب » وذلك في <b class=""highlightcolor"">حيفا</b> وتل ابيب غداً و بعد غد مساء</div>"
1317	difaa19420316-01.1.2	16 March 1942	difaa	Page 2	"<div class=""txtsearchsnippet"">... التبرع لانشاء المدارس او توسيعها او زيادتها. وفي رسالة <b class=""highlightcolor"">حيفا</b> برهان على ذلك ، اذ تبارى سكان قرية ام ...</div>"
1318	difaa19410606-01.1.3	6 June 1941	difaa	Page 3	"<div class=""txtsearchsnippet"">... ، مدير مال المدينة ، بمرض نقل بسببه الى <b class=""highlightcolor"">مستشفى الحكومة</b> . وقد توافد اصدقاؤه وزملاؤه الكثيرون لزيارته والاطمئنان ...</div>"
1319	difaa19420809-01.1.2	9 August 1942	difaa	Page 2	"<div class=""txtsearchsnippet"">... يمثل زملاءه فى المدن الأربع الكبيرة : القدس ، <b class=""highlightcolor"">حيفا</b> ، يافا وتل أبيب و فى خلال الاجتماع رؤي ...</div>"
1320	difaa19420814-01.1.2	14 August 1942	difaa	Page 2	"<div class=""txtsearchsnippet"">... مكلفين بدفع نفقات وتأمينات اخرى لتقلها بطريق السويس الى <b class=""highlightcolor"">حيفا</b> وعرف انه يوجد فى القاهرة في الوقت الحاضر بعض ...</div>"
1321	difaa19420414-01.1.2	14 April 1942	difaa	Page 2	"<div class=""txtsearchsnippet"">مباراة فى <b class=""highlightcolor"">حيفا</b></div>"
1322	difaa19420522-01.1.2	22 May 1942	difaa	Page 2	"<div class=""txtsearchsnippet"">... وانقلبت على راكبها وسببت له كسرا تم نقل الى <b class=""highlightcolor"">مستشفى الحكومة</b> بيافا وتولى مركز بوليس المدينة التحقيق ) في ...</div>"
1323	difaa19420327-01.1.2	27 March 1942	difaa	Page 2	"<div class=""txtsearchsnippet"">... نقابتين في القدس لتجار الحبوب والاحذية وثلاث نقابات في <b class=""highlightcolor"">حيفا</b> للحبوب والخضار | والاحذية ونقابة فى تل ابيب للاحذية. ...</div>"
1324	difaa19420320-01.1.2	20 March 1942	difaa	Page 2	"<div class=""txtsearchsnippet"">... ، من رجال البوليس الفلسطيني ، ماراً باحد شوارع <b class=""highlightcolor"">حيفا</b> الرئيسية رأى صورته معلقة في واجهة احد المخازن التي ...</div>"
1325	difaa19420622-01.1.2	22 June 1942	difaa	Page 2	"<div class=""txtsearchsnippet"">... الاستشاري لهذه الصناعة نجاح عملية القدس – اجريت في <b class=""highlightcolor"">مستشفى الحكومة</b> عملية « الدودة الزائدة » للسيد بهيج مشحور ...</div>"
1326	difaa19430205-01.1.3	5 February 1943	difaa	Page 3	"<div class=""txtsearchsnippet"">... كبار موظفى الحكومة المستر كورنز مساعد حاكم اللواء في <b class=""highlightcolor"">مستشفى الحكومة</b> للاطمئنان على صحته وقد فهم انه يتقدم نحو ...</div>"
1327	difaa19420923-01.1.2	23 September 1942	difaa	Page 2	"<div class=""txtsearchsnippet"">... التي بحثت في جلسات مؤتمر البلديات المنعقد مؤخراً في <b class=""highlightcolor"">حيفا</b> واتخذت مقررات بشأنها رفعت لفخامته حينئذ . و اقترح ...</div>"
1328	difaa19421223-01.1.2	23 December 1942	difaa	Page 2	"<div class=""txtsearchsnippet"">... الاف طن. وبعد ان يجري تفسير هذه الكميات في <b class=""highlightcolor"">حيفا</b> ستعاد الى الخلصة ليجري توزيعها على المنتجين ويباع الزائد ...</div>"
1329	difaa19430408-01.1.2	8 April 1943	difaa	Page 2	"<div class=""txtsearchsnippet"">عقدت الغرفة التجارية اليهودية في <b class=""highlightcolor"">حيفا</b> مؤتمرها السنوي امس وخطب فيه المستر لو حاكم اللواء ...</div>"
1330	difaa19430428-01.1.2	28 April 1943	difaa	Page 2	"<div class=""txtsearchsnippet"">... القاسم مأمور اوقاف المدينة اعتقال بأبهى اطارات اعتقل في <b class=""highlightcolor"">حيفا</b> المس اربعة اشخاص كانوا يبيعون ٢٠ اطارا من المطاط ...</div>"
1331	difaa19430702-01.1.2	2 July 1943	difaa	Page 2	"<div class=""txtsearchsnippet"">... اجل ضريبة الدخل فقد اراد مامور ضريبة الدخل في <b class=""highlightcolor"">حيفا</b> تخمين بضاعة وجدها في احد المصانع فأصرت الشركة على ...</div>"
1332	difaa19430308-01.1.2	8 March 1943	difaa	Page 2	"<div class=""txtsearchsnippet"">... العقال من موظفي دائرة الصحة بيافا نقل المصابين الى <b class=""highlightcolor"">مستشفى الحكومة</b> بواسطة احد باصات شركة يافا - المد واخبر ...</div>"
1333	difaa19430520-01.1.2	20 May 1943	difaa	Page 2	"<div class=""txtsearchsnippet"">... عن المتطوعين العرب يافا مبلغ ٦٠ جنيها من الجنة <b class=""highlightcolor"">حيفا</b> و ٢٥ جنيها من لجنة الناصرة وهما القسط الثالث ...</div>"
1334	difaa19430509-01.1.2	9 May 1943	difaa	Page 2	"<div class=""txtsearchsnippet"">نقل الى <b class=""highlightcolor"">مستشفى الحكومة</b> بيافا امس عبد الحميد خليل حسن من عمال ...</div>"
1335	difaa19431013-01.1.2	13 October 1943	difaa	Page 2	"<div class=""txtsearchsnippet"">... الاولى امس بحروف بارزة خبر محاكمة شاب عربي في <b class=""highlightcolor"">حيفا</b> بتهمة حيازة ١٤ عيارا ناريا والحكم عليه بالسجن عشرة ...</div>"
1336	difaa19430808-01.1.2	8 August 1943	difaa	Page 2	"<div class=""txtsearchsnippet"">... نصر مسجل مركزية القدس في منصب قاض في مركزية <b class=""highlightcolor"">حيفا</b> خلفا للقاضي عطا الله السيد الياس الخوري في منصب ...</div>"
1337	difaa19430928-01.1.2	28 September 1943	difaa	Page 2	"<div class=""txtsearchsnippet"">... انوار نسيبة مدير دائرة مراقبة الاسعار في اللواء ودخل <b class=""highlightcolor"">مستشفى الحكومة</b> بيانا وقد سلم اعماله للمفتش الأول بدائرته السيد ...</div>"
1338	difaa19350111-01.1.4	11 January 1935	difaa	Page 4	"<div class=""txtsearchsnippet"">... وتفصيل شحنها كما يأتي : ١,٠٠٤٦٥١ عن طريق يافا <b class=""highlightcolor"">حيفا</b> ترانسيت بورسعيد ٥٢٨ ٢٠٣ ۹۸,۱۷۷</div>"
1339	difaa19480415-01.1.4	15 April 1948	difaa	Page 4	"<div class=""txtsearchsnippet"">... مشمار ها عينك و نقل عشره من الجرحى الى <b class=""highlightcolor"">مستشفى الحكومة</b> في جنين واصيب الجسر الواقع على الطريق بين ...</div>"
1340	difaa19451121-01.1.3	21 November 1945	difaa	Page 3	"<div class=""txtsearchsnippet"">... عنيفة أودت بحياتهما في الحال ، وقد نقلا الى <b class=""highlightcolor"">مستشفى الحكومة</b> بيافا وحولت اور افهما إلى القائمقام ثم نقلت ...</div>"
1341	difaa19451108-01.1.2	8 November 1945	difaa	Page 2	"<div class=""txtsearchsnippet"">... شاهدوا معرضا من احدث طائرات بريطانيا بانواعها المعروفة . <b class=""highlightcolor"">حيفا</b> ـ قامت وحدات الاسطول البريطاني الراسية في ميناء <b class=""highlightcolor"">حيفا</b> ...</div>"
1342	difaa19451016-01.1.2	16 October 1945	difaa	Page 2	"<div class=""txtsearchsnippet"">ذكرنا في عدد أمس أن السلطات في <b class=""highlightcolor"">حيفا</b> ارسلت انذارا الى مستعمرتى الياجور و بيت اورن تطلب ...</div>"
1343	difaa19480404-01.1.4	4 April 1948	difaa	Page 4	"<div class=""txtsearchsnippet""><b class=""highlightcolor"">حيفا</b> - قام اليهود في الليلة الماضية بهجوم | فاشل ...</div>"
1344	difaa19480111-01.1.3	11 January 1948	difaa	Page 3	"<div class=""txtsearchsnippet"">... أبو زيد وعلى اثر ذلك بادرت اللجنة القومية فى <b class=""highlightcolor"">حيفا</b> لاجراء تحقيق واسع وتحريات دقيقة كما اتصلت مع هيئات ...</div>"
1345	difaa19480201-01.1.3	1 February 1948	difaa	Page 3	"<div class=""txtsearchsnippet"">... برهان الدجاني فنهنتها . أنباء البامر الله احضرت الى <b class=""highlightcolor"">مستشفى الحكومة</b> الرحلة بالرملة جنة شخص مجهول الهوية من مستمرة ...</div>"
1346	difaa19401018-01.1.6	18 October 1940	difaa	Page 6	"<div class=""txtsearchsnippet"">... يافا القدس فست لها جراحا نقلت على اثرها الى <b class=""highlightcolor"">مستشفى الحكومة</b> في يافا ولم تلبث ان فارقت الحياة وحولت ...</div>"
1347	difaa19381030-01.1.4	30 October 1938	difaa	Page 4	"<div class=""txtsearchsnippet"">... وقد جرح كونستابل بريطاني . وكونستيلان فلسطينيان نقلوا الى <b class=""highlightcolor"">مستشفى الحكومة</b> في صفد. النار على مستعمرة في مساء هذا ...</div>"
1348	difaa19430722-01.1.4	22 July 1943	difaa	Page 4	"<div class=""txtsearchsnippet"">نقل الى <b class=""highlightcolor"">مستشفى الحكومة</b> بيافا منذ ايام شخصان احدهما من دير البلح ...</div>"
1349	difaa19380812-01.1.5	12 August 1938	difaa	Page 5	"<div class=""txtsearchsnippet"">... رصاصات علي الاستاذ راسم وأقامته الجبرية في عمان غادر <b class=""highlightcolor"">مستشفى الحكومة</b> بعد ظهر اليوم الاستاذ راحم الخالدي وقد كلفته ...</div>"
1350	difaa19360817-01.1.7	17 August 1936	difaa	Page 7	"<div class=""txtsearchsnippet"">... السيد احمد طافش أحد معتقلي اضطرابات عام ١٩٢٩ الى <b class=""highlightcolor"">مستشفى الحكومة</b> لمعالجة جراحه التي اصيب بها يوم هروبه من ...</div>"
1351	difaa19360724-01.1.5	24 July 1936	difaa	Page 5	"<div class=""txtsearchsnippet"">... امس بجرح في ركة باب الواد بعد اسعافه في <b class=""highlightcolor"">مستشفى الحكومة</b> في القدس الى مستشفى صرفند</div>"
1352	difaa19400128-01.1.5	28 January 1940	difaa	Page 5	"<div class=""txtsearchsnippet"">... البالغة من العمر عاما واحدا والتي توفيت امس في <b class=""highlightcolor"">مستشفى الحكومة</b> من جراء وضم يدها فى اناء مليء بالزيت ...</div>"
1353	difaa19370927-01.1.5	27 September 1937	difaa	Page 5	"<div class=""txtsearchsnippet"">... الثالثة والستين وتحمل الجنسية التركية قد انتحرت امس في <b class=""highlightcolor"">مستشفى الحكومة</b> بصفد بان علقت نفسها في سقف الغرفة التي ...</div>"
1354	difaa19371112-01.1.4	12 November 1937	difaa	Page 4	"<div class=""txtsearchsnippet"">... سيارات الاسعاف الى مكان الحادث ونقلت جثه المرحوم الى <b class=""highlightcolor"">مستشفى الحكومة</b> . و بين تشخيص البرو اجرى البوليس هذا ...</div>"
1355	difaa19340731-01.1.4	31 July 1934	difaa	Page 4	"<div class=""txtsearchsnippet"">... والزوارق التجارية . وقالت ان هذا المصنع سيكون في <b class=""highlightcolor"">حيفا.</b></div>"
1356	difaa19440712-01.1.3	12 July 1944	difaa	Page 3	"<div class=""txtsearchsnippet"">... الخواجا مردخاي الباش محامي في القدس (۲) فدوى خوري <b class=""highlightcolor"">حيفا</b> خليل سانسور - القدس ٤ ) : عثمان البشناق ...</div>"
1357	difaa19460725-01.1.1	25 July 1946	difaa	Page 1	"<div class=""txtsearchsnippet"">... الهجوم على السكك الحديدية ولنشات الحكومة ومعامل التكرير في <b class=""highlightcolor"">حيفا</b> بين ۳۱ تشرين الأول إلى آخر تشرين الثاني من ...</div>"
1358	difaa19451130-01.1.4	30 November 1945	difaa	Page 4	"<div class=""txtsearchsnippet"">... بعزيز لديهم. شكر على تعزية آل ابو الذهب في <b class=""highlightcolor"">حيفا</b> ويافا يتقدمون بالشكر الجزيل لجميع الذين تكرموا بتعزيتهم بفقيد ...</div>"
1359	difaa19451230-01.1.4	30 December 1945	difaa	Page 4	"<div class=""txtsearchsnippet"">... بحسن الاخلاق وطيب للمعاملة وقد سبق ان مواج فى <b class=""highlightcolor"">مستشفى الحكومة</b> ومستشفى الدجاني بيانا والمستشفى الفرنساوي بالقدس وقد وافاه ...</div>"
1360	difaa19470131-01.1.1	31 January 1947	difaa	Page 1	"<div class=""txtsearchsnippet"">... جميع حوائجه الشخصية في جيب السترة الجديدة . في <b class=""highlightcolor"">مستشفى الحكومة</b> وقد نقل كولنز الى مستسفى الحكومة في القدس ...</div>"
1361	difaa19470703-01.1.4	3 July 1947	difaa	Page 4	"<div class=""txtsearchsnippet"">... لدخول شرق الاردن جدول التخمين يحيفا و اصدرت بلدية <b class=""highlightcolor"">حيفا</b> ، أعلانا بشأن نشر - ٩٤٨ و تعليق جداول ...</div>"
1362	difaa19470915-01.1.4	15 September 1947	difaa	Page 4	"<div class=""txtsearchsnippet"">... ٦ اقطار عربية .. اعتقال سجين فار بعد اصابته <b class=""highlightcolor"">حيفا</b> - شاهدت دورية بوليس في الساعة الثالثة والدقيقة الاربعين ...</div>"
1363	difaa19471224-01.1.1	24 December 1947	difaa	Page 1	"<div class=""txtsearchsnippet""><b class=""highlightcolor"">حيفا</b> - علمنا في ساعة مبكرة من صباح امس - ...</div>"
1364	difaa19480113-01.1.1	13 January 1948	difaa	Page 1	"<div class=""txtsearchsnippet"">... حاييم بجوار القدس وتتوغل في قلبها واشتباكات حادة في <b class=""highlightcolor"">حيفا</b></div>"
1365	difaa19480217-01.1.1	17 February 1948	difaa	Page 1	"<div class=""txtsearchsnippet"">استمرار الاصطدامات العنيفة في <b class=""highlightcolor"">حيفا</b> واشتباكات في القدس وتدمير سيارة قرب بيت دجن وأوكار ...</div>"
1366	difaa19480304-01.1.1	4 March 1948	difaa	Page 1	"<div class=""txtsearchsnippet""><b class=""highlightcolor"">حيفا</b> - شهدت المدينة صباح امس جريمة غادرة استشهد فيها ...</div>"
1367	difaa19480112-01.1.1	12 January 1948	difaa	Page 1	"<div class=""txtsearchsnippet"">... اليمنى و نقل الاول الى للمستشفى الفرنسي والثاني الى <b class=""highlightcolor"">مستشفى الحكومة،</b> كما اصيبت السيدة حليمة محمد موسى وعمرها ٣٥ ...</div>"
1368	difaa19480202-01.1.1	2 February 1948	difaa	Page 1	"<div class=""txtsearchsnippet"">... عربية و بينها كانت سيارة تاكسي عربية ذاهبة الى <b class=""highlightcolor"">حيفا،</b> وهند وصولها الى مستعمرة مزاريب، على طريق <b class=""highlightcolor"">حيفا</b> - ...</div>"
1369	difaa19480118-01.1.1	18 January 1948	difaa	Page 1	"<div class=""txtsearchsnippet"">... برصاص المحايدين ! » ومهاجمة سيارة مصفحة للهاغانا في <b class=""highlightcolor"">حيفا</b></div>"
1370	difaa19480302-01.1.1	2 March 1948	difaa	Page 1	"<div class=""txtsearchsnippet"">... اسماعيل العيله برصاصة في رأسه نقل على اثرها الى <b class=""highlightcolor"">مستشفى الحكومة</b> في حالة خطرة .</div>"
1371	difaa19480204-01.1.1	4 February 1948	difaa	Page 1	"<div class=""txtsearchsnippet"">... . وقد تمثل في الاعتداء الذي قاموا به في <b class=""highlightcolor"">حيفا</b> امس ابشع انواع النذالة وقد ابوا، الا ان يجيء ...</div>"
1372	difaa19480227-01.1.1	27 February 1948	difaa	Page 1	"<div class=""txtsearchsnippet"">... حمولتها ٣٠ الف .. مان ، في طريقها الى <b class=""highlightcolor"">حيفا</b> لنقل ٠٠٠ ر ٢٠ جندي ومدني بريطانى من فلسطين ...</div>"
1373	difaa19470418-01.1.1	18 April 1947	difaa	Page 1	"<div class=""txtsearchsnippet""><b class=""highlightcolor"">حيفا</b> - في الساعة الحادية عشرة من مساء اول امس ...</div>"
1374	difaa19480218-01.1.4	18 February 1948	difaa	Page 4	"<div class=""txtsearchsnippet"">... القدس - قررت القنصلية الأميركية فتح فرع لها في <b class=""highlightcolor"">حيفا</b> قبل نهاية الشهر الجاري وسيصل إلى البلاد بعض الموظفين ...</div>"
1375	difaa19441103-01.1.2	3 November 1944	difaa	Page 2	"<div class=""txtsearchsnippet"">... و اصحاب حرف مختلفة ضحية حادث دهس نقل إلى <b class=""highlightcolor"">مستشفى الحكومة</b> نيافا امس وحيد صالح بودو حج من الرملة ...</div>"
1376	difaa19441224-01.1.2	24 December 1944	difaa	Page 2	"<div class=""txtsearchsnippet"">رصاصة مسدس وجريح نقل الى <b class=""highlightcolor"">مستشفى الحكومة</b> بيافا امس السيد عبد الله الخياط بسوق البلابسة ...</div>"
1377	difaa19460425-01.1.2	25 April 1946	difaa	Page 2	"<div class=""txtsearchsnippet"">... رابعا أسمه زخاريا ليفي من ملبس و نقل الى <b class=""highlightcolor"">مستشفى الحكومة</b> وذكرت ها بوكر ان بعض الفتيات اليهوديات اشتركن ...</div>"
1378	difaa19451202-01.1.3	2 December 1945	difaa	Page 3	"<div class=""txtsearchsnippet"">... بن ناريين فلم يصب باذي . | توفى في <b class=""highlightcolor"">مستشفى الحكومة</b> مساء امس الاول السيد يوسف علي عز الدين ...</div>"
1379	difaa19460102-01.1.3	2 January 1946	difaa	Page 3	"<div class=""txtsearchsnippet"">... بعد مفى اربع دقائق من ابتداء اللعب نقل الى <b class=""highlightcolor"">مستشفى الحكومة</b> بيافا منذ يومين محمد علي عبد الرحمن من ...</div>"
1380	difaa19451022-01.1.3	22 October 1945	difaa	Page 3	"<div class=""txtsearchsnippet"">... بلس . اجريت عملية جراحية للسيد مدحت كمال في <b class=""highlightcolor"">مستشفى الحكومة</b> بنابلس تكللت بالنجاح ويزوره كل يوم عدد كبير ...</div>"
1381	difaa19451031-01.1.4	31 October 1945	difaa	Page 4	"<div class=""txtsearchsnippet"">مجلس العمال ويوم بلفور <b class=""highlightcolor"">حيفا</b> - اجتمع المجلس الاعلى لجمعيات العماله العربية الفلسطينية في ...</div>"
1382	difaa19470305-01.1.3	5 March 1947	difaa	Page 3	"<div class=""txtsearchsnippet"">... من الساعة الحادية عشرة والنصف حتى الواحدة بعد الظهر <b class=""highlightcolor"">حيفا</b> - زار بعد ظهر امس حاكم الدواء للمستر لو ...</div>"
1383	difaa19470105-01.1.4	5 January 1947	difaa	Page 4	"<div class=""txtsearchsnippet"">... على مقربة من "" مستعمرة كريات حاييم في منطقة <b class=""highlightcolor"">حيفا</b> بتاريخ ٢ كانون الثاني الجاري هو الملازم اليوت اما ...</div>"
1384	difaa19450215-01.1.4	15 February 1945	difaa	Page 4	"<div class=""txtsearchsnippet"">... ٣٢٣ ملا ميزانيات و نشرت الجريدة الرسمية ميزانيات بلديات <b class=""highlightcolor"">حيفا</b> وبيسان ومجلس محلي بني براك الامراض السارية وجاء في ...</div>"
1385	difaa19450409-01.1.3	9 April 1945	difaa	Page 3	"<div class=""txtsearchsnippet"">... يعتقد انها حامل عرف ان عدداً من موظفي السكة <b class=""highlightcolor"">حيفا</b> الحديدية قد انزلت درجاتهم واستغني</div>"
1386	difaa19470730-01.1.2	30 July 1947	difaa	Page 2	"<div class=""txtsearchsnippet"">... قائد منطقة القدس العسكري . استنكار فظائع هولندا باندونسيا <b class=""highlightcolor"">حيفا</b> عقد اجتماع بمنزل السيد نور الدين الخطيب للبحث حول ...</div>"
1387	difaa19450727-01.1.2	27 July 1945	difaa	Page 2	"<div class=""txtsearchsnippet"">... قطار مصر يصل الى مكان الجسر ويصل كذلك قطار <b class=""highlightcolor"">حيفا</b> ثم يتبادلان الركاب ويعود كل قطر ادراجه ***</div>"
1388	difaa19460430-01.1.3	30 April 1946	difaa	Page 3	"<div class=""txtsearchsnippet"">... المناسبة يتقدم بوافر الشكر للنطاسي الدكتور نايف حمزه في <b class=""highlightcolor"">حيفا</b> لما بذله من م جهود كبيره في عملية التوليد ...</div>"
1389	difaa19471208-01.1.4	8 December 1947	difaa	Page 4	"<div class=""txtsearchsnippet"">... في . رسالة امس وقد نقل جثمانه الطاهر من <b class=""highlightcolor"">مستشفى الحكومة</b> الى الخليل، حيث شيع باحتفال مهيب اشترك فيه ...</div>"
1390	difaa19480126-01.1.3	26 January 1948	difaa	Page 3	"<div class=""txtsearchsnippet"">- <b class=""highlightcolor"">حيفا</b> ــ احضر الى <b class=""highlightcolor"">مستشفى الحكومة</b> مساء يوم السبت شابان ...</div>"
1391	difaa19480218-01.1.2	18 February 1948	difaa	Page 2	"<div class=""txtsearchsnippet"">تبرعات سخية المستشفى الأمين في <b class=""highlightcolor"">حيفا</b></div>"
1392	difaa19480128-01.1.2	28 January 1948	difaa	Page 2	"<div class=""txtsearchsnippet"">... قائلة من السيارات ترفع العلم الاميركي في طريقها الى <b class=""highlightcolor"">حيفا</b> ، وهي تحمل النساء والأطفال الاميركيين من مائلات موظفي ...</div>"
1393	difaa19450814-01.1.3	14 August 1945	difaa	Page 3	"<div class=""txtsearchsnippet""><b class=""highlightcolor"">حيفا</b> ـ وصلت <b class=""highlightcolor"">حيفا</b> حرم الفريق محمد حيدر . باشا ...</div>"
1394	difaa19460314-01.1.4	14 March 1946	difaa	Page 4	"<div class=""txtsearchsnippet"">... الريس قد عين ا قنصلا عاما للحكومة السورية في <b class=""highlightcolor"">حيفا</b> وكذالك عين السيد مؤيد المؤيد العظم نائبا لقنصل الحكومة ...</div>"
1395	difaa19450220-01.1.2	20 February 1945	difaa	Page 2	"<div class=""txtsearchsnippet"">... اليومين اذان تقدما طرأ على صحته اثناء وجوده في <b class=""highlightcolor"">مستشفى الحكومة</b> بالقدس وينتظر حل هذه المشكلة . بعد عودته</div>"
1396	difaa19470729-01.1.3	29 July 1947	difaa	Page 3	"<div class=""txtsearchsnippet"">... تتم اجراءات اعادة العائلات البريطانية النازحة الى فلسطين . <b class=""highlightcolor"">حيفا</b> - غادر فلسطين الى لبنان بالاجازة لمدة ٤٠ يوما ...</div>"
1397	difaa19350402-01.1.4	2 April 1935	difaa	Page 4	"<div class=""txtsearchsnippet"">... بك حمزة وبعد ان عايناه قررا ضرورة نقله الى <b class=""highlightcolor"">مستشفى الحكومة</b> تنتمنى للصديق احسان الصحة التامة والشفاء السريع وسيزوره ...</div>"
1398	difaa19380920-01.1.4	20 September 1938	difaa	Page 4	"<div class=""txtsearchsnippet"">... أعلى البوليس بالحادث . وقد حضرت قوة نقلته الى <b class=""highlightcolor"">مستشفى الحكومة</b> حيث بقيت الجنة طول يوم أمس الاول ولم ...</div>"
1399	difaa19430730-01.1.4	30 July 1943	difaa	Page 4	"<div class=""txtsearchsnippet"">... ومستوصف وهذه القطعة هي البلوك رقم ٧٠٣٤ وتقع بجوار <b class=""highlightcolor"">مستشفى الحكومة</b> في حي العجمي ويمكن الاطلاع على الخرائط في ...</div>"
1400	difaa19370411-01.1.3	11 April 1937	difaa	Page 3	"<div class=""txtsearchsnippet"">... المقهى برصاصة طائشة في فخذه وقد نقل الجرحى الى <b class=""highlightcolor"">مستشفى الحكومة</b> وحضرت قوة كبيرة من البوليس العربي والبريطاني بقيادة ...</div>"
1401	difaa19351120-01.1.5	20 November 1935	difaa	Page 5	"<div class=""txtsearchsnippet"">اما وقد خرجت من <b class=""highlightcolor"">مستشفى الحكومة</b> في <b class=""highlightcolor"">حيفا</b> ، على اثر حادث انقلات السياره ...</div>"
1402	difaa19380403-01.1.6	3 April 1938	difaa	Page 6	"<div class=""txtsearchsnippet""><b class=""highlightcolor"">حيفا</b> : في الساعة الثامنة والدقيقة الاربعين من مساء يوم ...</div>"
1403	difaa19380314-01.1.5	14 March 1938	difaa	Page 5	"<div class=""txtsearchsnippet"">1 | <b class=""highlightcolor"">حيفا</b> في ١٣ اذار- لمراسل الدفاع الخاص بـ تنعقد المحكمة ...</div>"
1404	difaa19380424-01.1.6	24 April 1938	difaa	Page 6	"<div class=""txtsearchsnippet"">... فاصيب بجراح طفيفة وحالته ليست خطرة و نقل الى <b class=""highlightcolor"">مستشفى الحكومة</b> ولم ياق القبض على احمد . قبض احد ...</div>"
1405	difaa19380715-01.1.5	15 July 1938	difaa	Page 5	"<div class=""txtsearchsnippet"">... ظهره سببت له جراحاً بالغة نقل على أثرها الى <b class=""highlightcolor"">مستشفى الحكومة</b> بالرملة. وقد اعتقل الطاعن رهن التحقيق</div>"
1406	difaa19380923-01.1.4	23 September 1938	difaa	Page 4	"<div class=""txtsearchsnippet"">... قريبة . واعلم البوليس بامرها فذهبت قوة نقلتهما إلى <b class=""highlightcolor"">مستشفى الحكومة</b> واصدر قاضي الوفيات المشتبه بها امر بتشريحهما ودفنهما ...</div>"
1407	difaa19350208-01.1.6	8 February 1935	difaa	Page 6	"<div class=""txtsearchsnippet"">... ان الارض لهم متمسكين بان كتابة وجدت في دفاتر <b class=""highlightcolor"">حيفا</b> قلم رصاص منذ ٣٠ عام بات الى او تت ...</div>"
1408	difaa19400614-01.1.2	14 June 1940	difaa	Page 2	"<div class=""txtsearchsnippet"">... بذلت لا نقاده ، وقد ا نقل حالا إلى <b class=""highlightcolor"">مستشفى الحكومة</b> وحولت اوراقه الى قا مقام المدينة للدفن والتشريح ...</div>"
1409	difaa19400613-01.1.2	13 June 1940	difaa	Page 2	"<div class=""txtsearchsnippet"">... اغلقت الحكومة مكاتب شركات البواخر الايطالية الادرياتيكا » في <b class=""highlightcolor"">حيفا</b> ويافا وتل اسیب وقد جمعت دوائر الجمرك سجلات التعامل ...</div>"
1410	difaa19370831-01.1.1	31 August 1937	difaa	Page 1	"<div class=""txtsearchsnippet"">... اعلانات في القدس (وكالة) . : تلفون ١٤١٣ في <b class=""highlightcolor"">حيفا</b> *</div>"
1411	difaa19370908-01.1.2	8 September 1937	difaa	Page 2	"<div class=""txtsearchsnippet"">... عن دراجة نارية في حي البقعة الفوقا ونقل الى <b class=""highlightcolor"">مستشفى الحكومة</b> في حالة غيبوبة عيارات نارية تسمع من جهتين ...</div>"
1412	difaa19370822-01.1.2	22 August 1937	difaa	Page 2	"<div class=""txtsearchsnippet"">... لا يعدله شكر الى الدكتور سعيد افندي الدجاني طبيب <b class=""highlightcolor"">مستشفى الحكومة</b> بالثغر فهو اول من جبر الكسرين اللذين اصيبت ...</div>"
1413	difaa19361009-01.1.6	9 October 1936	difaa	Page 6	"<div class=""txtsearchsnippet"">... مارة بحي میشوریم صدمت شخصاً به ودیا فنقل الى <b class=""highlightcolor"">مستشفى الحكومة</b> موقف يستدعى الاعجاب نود ان لا تفوتها الاشارة ...</div>"
1414	difaa19371230-01.1.6	30 December 1937	difaa	Page 6	"<div class=""txtsearchsnippet"">... بالسائق وباربعة من افراد الجيش وقد نقل المصابون الى <b class=""highlightcolor"">مستشفى الحكومة</b> حا</div>"
1415	difaa19340621-01.1.5	21 June 1934	difaa	Page 5	"<div class=""txtsearchsnippet"">... بالبرقيات والرسائل وارسال اكاليل لاطباء الزهور ويعبرون عن امتنانهم <b class=""highlightcolor"">مستشفى الحكومة</b> بالقدس وممرضاته العنايتهم بالعميد و يقدرنون بالشكر عطف ...</div>"
1416	difaa19341014-01.1.5	14 October 1934	difaa	Page 5	"<div class=""txtsearchsnippet"">... العربية يدعوها الى مواصلة الجهود الى الهدف الاسمى والسلام <b class=""highlightcolor"">حيفا</b> في ٤ رجب سنة ٣٥٣ وفق ١٣-١٠-٩٣٤ الجمعية الاسلامية</div>"
1417	difaa19470209-01.1.4	9 February 1947	difaa	Page 4	"<div class=""txtsearchsnippet"">... أولها مقابل نوتردام في شارع سليمان ، والثاني امام <b class=""highlightcolor"">مستشفى الحكومة</b> في شارع يافا والتان امام مقر رئاسة البوليس ...</div>"
1418	difaa19441208-01.1.3	8 December 1944	difaa	Page 3	"<div class=""txtsearchsnippet"">عيون والديه . <b class=""highlightcolor"">حيفا</b> : افتتح بعد ظهر اليوم مراقب الصناعات الثقيلة ومراقب ...</div>"
1419	difaa19441022-01.1.4	22 October 1944	difaa	Page 4	"<div class=""txtsearchsnippet"">... مصر وغرفة القاهرة التجارية البحر جثة من نقلت الى <b class=""highlightcolor"">مستشفى الحكومة</b> بحيفا مساء امس الاول جثة شخص مجهول لفظنه ...</div>"
1420	difaa19440717-01.1.2	17 July 1944	difaa	Page 2	"<div class=""txtsearchsnippet"">... الوظائف التقاعدية وتشكيل لجنة رياضية ومعاملة موظفي البلدية في <b class=""highlightcolor"">مستشفى الحكومة</b> وموضوع شراء بدلات وبنطلونات موحدة وموضوع حياة البلدية ...</div>"
1421	difaa19460403-01.1.1	3 April 1946	difaa	Page 1	"<div class=""txtsearchsnippet"">أحدهما في ده اليمنى . وق. نقلا إلى <b class=""highlightcolor"">مستشفى الحكومة</b> في يافا . و عرف ان ارهابيين حاولوا ...</div>"
1422	difaa19460729-01.1.2	29 July 1946	difaa	Page 2	"<div class=""txtsearchsnippet"">... من اول آب حتى نهاية الشهر . شئون المعارف <b class=""highlightcolor"">حيفا</b> - قررت ادارة معارف اللواء</div>"
1423	difaa19420730-01.1.2	30 July 1942	difaa	Page 2	"<div class=""txtsearchsnippet"">مات في <b class=""highlightcolor"">مستشفى الحكومة</b> بالقدس مساء يوم امس الاول - الثلاثاء - ...</div>"
1424	difaa19431017-01.1.2	17 October 1943	difaa	Page 2	"<div class=""txtsearchsnippet"">... هاربان من الجندية وسركين هو سكرتير جمعية البحارة في <b class=""highlightcolor"">حيفا</b> وريخلين صاحب سيارة اجرة وزخاروف مقاول يعمل في فرع ...</div>"
1425	difaa19430809-01.1.2	9 August 1943	difaa	Page 2	"<div class=""txtsearchsnippet"">... ونصف بالمئة بدلا من ٧ بالمئة . و من <b class=""highlightcolor"">حيفا</b> الى طرابلس الشام وبالعكس بالمئة بدلا من واحد ونصف ...</div>"
1426	difaa19431122-01.1.2	22 November 1943	difaa	Page 2	"<div class=""txtsearchsnippet"">... - صباح الربيع - ومن « الحاج - محسن <b class=""highlightcolor"">حيفا</b> » عن الجفاء والوفاء غزة » عن - ومن ...</div>"
1427	difaa19431121-01.1.2	21 November 1943	difaa	Page 2	"<div class=""txtsearchsnippet"">... بالسجن ثلاثة اشهر بتهمة محاولة نشل - نقل الى <b class=""highlightcolor"">مستشفى الحكومة</b> بيافااحمد ابراهيم جليلة من يبنا بسبب اصابته بضربة ...</div>"
1428	difaa19440216-01.1.2	16 February 1944	difaa	Page 2	"<div class=""txtsearchsnippet"">نقلت إلى <b class=""highlightcolor"">مستشفى الحكومة</b> للامراض السارية قرب ملبس امرأة بدوية في العشرين ...</div>"
1429	difaa19440319-01.1.2	19 March 1944	difaa	Page 2	"<div class=""txtsearchsnippet"">نقل الى <b class=""highlightcolor"">مستشفى الحكومة</b> بيافا منذ ايام محمد السيد متولي البالغ من ...</div>"
1430	difaa19440502-01.1.2	2 May 1944	difaa	Page 2	"<div class=""txtsearchsnippet"">... الله من ابناء السلامة . النوادي والجمعيات | ، <b class=""highlightcolor"">حيفا</b> - تغلب فريق شباب العرب على فريق النادي الرياضي ...</div>"
1431	difaa19480323-01.1.1	23 March 1948	difaa	Page 1	"<div class=""txtsearchsnippet"">جريمة ارهابية غادرة واشتداد المعارك فى <b class=""highlightcolor"">حيفا</b> انقضاض على اوكار وتدميرها على من فيها - مواصلة ...</div>"
1432	difaa19441031-01.1.4	31 October 1944	difaa	Page 4	"<div class=""txtsearchsnippet""><b class=""highlightcolor"">حيفا</b> - لمراسل الدفاع الخاص - اقامت رابطة المثقفين العرب ...</div>"
1433	difaa19440908-01.1.3	8 September 1944	difaa	Page 3	"<div class=""txtsearchsnippet"">... الموظفين وجرى : البحث في شئوون التموين. ا - <b class=""highlightcolor"">حيفا</b> - لمراسل الدفاع الخاص نقل الى <b class=""highlightcolor"">مستشفى الحكومة</b> ثلاثة ...</div>"
1434	difaa19460120-01.1.1	20 January 1946	difaa	Page 1	"<div class=""txtsearchsnippet"">... بريطانية الى عرض البحر فاعتقلت الباخرة وقادتها الى ميناء <b class=""highlightcolor"">حيفا</b> وكانت الباخرة يرفرف عليها العلم الصهيوني وقد ابحرت من ...</div>"
1435	difaa19470120-01.1.3	20 January 1947	difaa	Page 3	"<div class=""txtsearchsnippet"">النار على شخص واصابته <b class=""highlightcolor"">حيفا</b> - اطلق مجهول في الساعة العاشرة من مساء أمس ...</div>"
1436	difaa19470702-01.1.4	2 July 1947	difaa	Page 4	"<div class=""txtsearchsnippet"">... بالقدس ، وكان السيد جمال الحسيني بين المدعوين قطار <b class=""highlightcolor"">حيفا</b> استنبول تحديد مواعيد سيره القاهرة - تلقت مصلحة السكك ...</div>"
1437	difaa19480326-01.1.3	26 March 1948	difaa	Page 3	"<div class=""txtsearchsnippet"">... اليسرى بالقرب من دوار عاقر شفاها الله وتوفي في <b class=""highlightcolor"">مستشفى الحكومة</b> بيافا امس المرحوم احمد سلامه عجيل من يافا ...</div>"
1438	difaa19480101-01.1.3	1 January 1948	difaa	Page 3	"<div class=""txtsearchsnippet"">... هجوم اليهود على طوباس ١٤ - نسف رئاسة بوليس <b class=""highlightcolor"">حيفا</b> ۲۱ - سفر وفد فلسطين الى مؤتمر لندن ۲۷ ...</div>"
1439	difaa19470501-01.1.3	1 May 1947	difaa	Page 3	"<div class=""txtsearchsnippet"">... رئيس الطائفة الكاثوليكية بجنين ب وتضاها حضرها وفود من <b class=""highlightcolor"">حيفا</b> والقدس والناصرة وجنين ، وقد التي الشيخ فضل محمود ...</div>"
1440	difaa19470414-01.1.4	14 April 1947	difaa	Page 4	"<div class=""txtsearchsnippet"">... .. ۱۲۰ مهودياً يعودون لاوربا أبحرت الباخرة بروفيدانس من <b class=""highlightcolor"">حيفا</b> أمس وعلى ظهرها ۱۲۰ يهودياً عائدين الى اوربا . ...</div>"
1441	difaa19471007-01.1.4	7 October 1947	difaa	Page 4	"<div class=""txtsearchsnippet"">... سفينة النقل البريطانية ( امبابر رست » من ميناء <b class=""highlightcolor"">حيفا</b> في الساعة الثانية والربع من صباح امس تقل ٤٠١ ...</div>"
1442	difaa19460915-01.1.4	15 September 1946	difaa	Page 4	"<div class=""txtsearchsnippet"">... أمس فلم تعرف هويته بعد وجثمانه حراسة المستشفى الحكومي. <b class=""highlightcolor"">مستشفى الحكومة</b> بيافا احتياطا من مهاجمة لا يزال معروضا للتعرف ...</div>"
1443	difaa19460919-01.1.2	19 September 1946	difaa	Page 2	"<div class=""txtsearchsnippet"">... لنقل افواج الحجاج الثلاثة الباقية في المواعيد للامينة . <b class=""highlightcolor"">حيفا</b> عرف ان الفوج الثاني من - لحجاج اللواء الشمالي ...</div>"
1444	difaa19470606-01.1.4	6 June 1947	difaa	Page 4	"<div class=""txtsearchsnippet""><b class=""highlightcolor"">حيفا</b> . فاجاب لقد زيدت الاسعار لسد نفقات النقل التي ...</div>"
1445	difaa19471203-01.1.2	3 December 1947	difaa	Page 2	"<div class=""txtsearchsnippet"">وتواصل الباخرة غو ثلاند الراسية في ميناء <b class=""highlightcolor"">حيفا</b> شحن كميتها وقدرها ٤٠ الف صندوق من الشموطي الى ...</div>"
1446	difaa19460822-01.1.3	22 August 1946	difaa	Page 3	"<div class=""txtsearchsnippet"">... على جوازات سفر الفلسطينيين للمسافرين الى المملكة الاردنية . <b class=""highlightcolor"">حيفا</b> - وصل في الساعة الثانية عشرة من ظهر امس ...</div>"
1447	difaa19480226-01.1.2	26 February 1948	difaa	Page 2	"<div class=""txtsearchsnippet"">... وزارة التموين البريطانية . وتشهر الباخرة لهون الراسية بميناء <b class=""highlightcolor"">حيفا</b> الان ١٣٩٩٤ صندوقا الحساب للصدر بن العرب، وهي مرسلة ...</div>"
1448	difaa19480229-01.1.4	29 February 1948	difaa	Page 4	"<div class=""txtsearchsnippet"">صادرة من <b class=""highlightcolor"">حيفا</b> بتاريخ ٢٣ - ١١ - ٤٥. إما اسم السائق ...</div>"
1449	difaa19480406-01.1.3	6 April 1948	difaa	Page 3	"<div class=""txtsearchsnippet"">... تسير عليها . الحكومة مناسبة قرب جلائها عن البلاد <b class=""highlightcolor"">حيفا</b> - اقام ظهر أمس السيد بهجت الامين مختار قرية ...</div>"
1450	difaa19420227-01.1.2	27 February 1942	difaa	Page 2	"<div class=""txtsearchsnippet"">جمع بوليس نقل إلى <b class=""highlightcolor"">مستشفى الحكومة</b> امس الاول عبد الرازق موسى الفرا من رجال ...</div>"
1451	difaa19420203-01.1.2	3 February 1942	difaa	Page 2	"<div class=""txtsearchsnippet"">... ٢٧ سنة وهما الشخصان اللذان ذكرنا نبأ وفاتهما في <b class=""highlightcolor"">مستشفى الحكومة</b> بيافا امس . وقد نقلا إلى تل أبيب ...</div>"
1452	difaa19420130-01.1.2	30 January 1942	difaa	Page 2	"<div class=""txtsearchsnippet"">توافد صباح امس عدد من كبار الضباط الى <b class=""highlightcolor"">مستشفى الحكومة</b> بيافا للتحقيق مع الاشخاص الاربعة الذين اعتقلوا بعد ...</div>"
1453	difaa19420118-01.1.2	18 January 1942	difaa	Page 2	"<div class=""txtsearchsnippet"">... الوقاية ) كما ستقدم تذاكر لمعالجة المتطوعين مجاناً في <b class=""highlightcolor"">مستشفى الحكومة</b> اذا المتطوعين كمامة وصفارة وعلامة مميزة اقتضى الامر ...</div>"
1454	difaa19410905-01.1.2	5 September 1941	difaa	Page 2	"<div class=""txtsearchsnippet"">... نفسة في تل ابيب واثنتان في يافاو مثلهما في <b class=""highlightcolor"">حيفا</b> ميزانيتا صفد و سمخ و صدر بيان بميزانية بلدية ...</div>"
1455	difaa19410923-01.1.2	23 September 1941	difaa	Page 2	"<div class=""txtsearchsnippet"">... اسعافه لكنه كان فارق الحياة وقد نقلت الجنة إلى <b class=""highlightcolor"">مستشفى الحكومة</b> وحولت اوراقه الى القائمقام فاصدر قراراً بتشريح الجنة ...</div>"
1456	difaa19410323-01.1.2	23 March 1941	difaa	Page 2	"<div class=""txtsearchsnippet"">وقد نقلت جثته الى <b class=""highlightcolor"">مستشفى الحكومة</b> فى يانا امس واستصدر البوليس قراراً بتشريحها ودفنها</div>"
1457	difaa19410218-01.1.2	18 February 1941	difaa	Page 2	"<div class=""txtsearchsnippet"">... النار في ثيابها واصيب بحروق نقلت على اثرها الى <b class=""highlightcolor"">مستشفى الحكومة</b> بيافا ولم تلبث ان توفيت وحولت أوراقها إلى ...</div>"
1458	difaa19410203-01.1.2	3 February 1941	difaa	Page 2	"<div class=""txtsearchsnippet"">... الدكتور سامي بشاره استلم الدكتور سامي بشاره عمله في <b class=""highlightcolor"">مستشفى الحكومة</b> بعد عودته من اجازته . حب يانصيب | ...</div>"
1459	difaa19430615-01.1.3	15 June 1943	difaa	Page 3	"<div class=""txtsearchsnippet"">... ماء البركة فسارعت وانتشلته من الماء ونقل بسرعة الى <b class=""highlightcolor"">مستشفى الحكومة</b> واجريت له عملية التنفس الاصطناعي وحضر عدد كبير ...</div>"
1460	difaa19430715-01.1.3	15 July 1943	difaa	Page 3	"<div class=""txtsearchsnippet"">رسالة <b class=""highlightcolor"">حيفا</b> التلفونية</div>"
1461	difaa19440123-01.1.3	23 January 1944	difaa	Page 3	"<div class=""txtsearchsnippet"">... فجأة جثة هامدة .. شارع وقد نقلت جثته إلى <b class=""highlightcolor"">مستشفى الحكومة</b> يافا و دولت اوراقه الى القائمقام قة حادث ...</div>"
1462	difaa19440309-01.1.3	9 March 1944	difaa	Page 3	"<div class=""txtsearchsnippet"">... بعدة إصابات بالتيفوس بين المسجونين ونقل المشتبه بهم الى <b class=""highlightcolor"">مستشفى الحكومة</b> لفحصهم والتثبت من مرضهم .</div>"
1463	difaa19440403-01.1.4	3 April 1944	difaa	Page 4	"<div class=""txtsearchsnippet"">... وقد نقل بعد ظهر امس من مستشفى روتشلد الى <b class=""highlightcolor"">مستشفى الحكومة</b> الجاويش المتوفي اما الجاويش بولني الذي ذكرت وفاته ...</div>"
1464	difaa19360523-01.1.5	23 May 1936	difaa	Page 5	"<div class=""txtsearchsnippet"">... ضحايا الاضطرابات يدفنون ليلا توفي صباح هذا اليوم في <b class=""highlightcolor"">مستشفى الحكومة</b> المرحوم السيد مصطفى القضائي الذي اطلق عليه البوليس ...</div>"
1465	difaa19380418-01.1.4	18 April 1938	difaa	Page 4	"<div class=""txtsearchsnippet"">... من صميم قلبي الطبيب الفاضل سامي افندي شارة طبيب <b class=""highlightcolor"">مستشفى الحكومة</b> في يافا للعملية الجراحية التي أحراها بيدي ونجحت ...</div>"
1466	difaa19380807-01.1.8	7 August 1938	difaa	Page 8	"<div class=""txtsearchsnippet"">... رام الله مقتل كونستابل وخرج صباح هذا اليوم من <b class=""highlightcolor"">حيفا</b> الباص رقم رقم ٣٣٨ التام لشركة الباصات الوطنية ويسوقه ...</div>"
1467	difaa19380703-01.1.4	3 July 1938	difaa	Page 4	"<div class=""txtsearchsnippet"">... خمس حوادث اطلاق نار انتتان على مستعمرتين يهوديتين قرب <b class=""highlightcolor"">حيفا</b> والناصرة وعلى باص يهودي قرب لو بيه وعلى عربيين ...</div>"
1468	difaa19360820-01.1.6	20 August 1936	difaa	Page 6	"<div class=""txtsearchsnippet"">... بجمهرون على عربي كان محمود الباجوري رئيس خفراء بلدية <b class=""highlightcolor"">حيفا</b> يتجول ايلال تفتيش على الخفراء أثر في شارع هرتسل ...</div>"
1469	difaa19371115-01.1.4	15 November 1937	difaa	Page 4	"<div class=""txtsearchsnippet"">... وفدا من رجال الغرفة التجارية سافر منذ ايام الى <b class=""highlightcolor"">حيفا</b> واجتمع بمدير الجمارك العام وبحث معه بشأن الرخيص باذونات ...</div>"
1470	difaa19371113-01.1.3	13 November 1937	difaa	Page 3	"<div class=""txtsearchsnippet"">... محمد جنيد من الخليل وجرح خمسة آخرين نقلوا الى <b class=""highlightcolor"">مستشفى الحكومة</b> وتوفي احدهم وهو موسى سليمان. - انفجرت قنبلة ...</div>"
1471	difaa19450614-01.1.2	14 June 1945	difaa	Page 2	"<div class=""txtsearchsnippet"">... فلسطين ان يودعها في قنصليات فرنسا في القدس أو <b class=""highlightcolor"">حيفا</b> قبل ٤ ٥ تموز لاجل الفحص • وا بدون ...</div>"
1472	difaa19451107-01.1.2	7 November 1945	difaa	Page 2	"<div class=""txtsearchsnippet"">... وفد من الاتحاد النسائي القاسطيني ولجنة الهلال الأحمر في <b class=""highlightcolor"">حيفا</b> وعلى رأسه الآنسة زليخا الشهابي رئيسة الاتحاد وقد استقبلهن ...</div>"
1473	difaa19461203-01.1.4	3 December 1946	difaa	Page 4	"<div class=""txtsearchsnippet"">... الهواء فر على اثره المهاجمون . ونقل الكونستبلان الى <b class=""highlightcolor"">مستشفى الحكومة</b> في يافا حيث ذكر ان جراحهما غير خطرة ...</div>"
1474	difaa19470302-01.1.4	2 March 1947	difaa	Page 4	"<div class=""txtsearchsnippet"">... العمد (نا بلس) الحاج ظافر الدجاني (يافا) جميل باكير <b class=""highlightcolor"">(حيفا)</b> ظافر الشوا (غزه) نمر المصري امين السر) . الموظفون ...</div>"
1475	difaa19450219-01.1.3	19 February 1945	difaa	Page 3	"<div class=""txtsearchsnippet"">... سويرح فيها قد يستغرق يومين يشكو الكثيرون من مزراعي <b class=""highlightcolor"">حيفا</b> التبغ في الشمال من معاملة بعض شركات السجاير فقد ...</div>"
1476	difaa19450209-01.1.3	9 February 1945	difaa	Page 3	"<div class=""txtsearchsnippet"">... صاحب «الوفاء» الاردنيه فانسنا بحديثهما فترحب بهما اجمل ترحيب <b class=""highlightcolor"">حيفا</b> - فادر <b class=""highlightcolor"">حيفا</b> اليوم السيدان فؤاد وسامي من اخوة ...</div>"
1477	difaa19450925-01.1.3	25 September 1945	difaa	Page 3	"<div class=""txtsearchsnippet"">... الارثوذكسي العربي بحيفا موضوعها و الصحافة والقومية » . <b class=""highlightcolor"">حيفا</b> - يقيم فرع مكتب المطبوعات بحيفا حفلة شاي بقهوة ...</div>"
1478	difaa19480212-01.1.3	12 February 1948	difaa	Page 3	"<div class=""txtsearchsnippet"">... بدلا منه . تماثل جرحى الحوادث للشفاء يافا قادر <b class=""highlightcolor"">مستشفى الحكومة</b> والدجاني - لل اليومين الاخيرين عدد من جرحى ...</div>"
1479	difaa19480413-01.1.4	13 April 1948	difaa	Page 4	"<div class=""txtsearchsnippet"">... على السيارتين متروكتين على جانب الطريق ونقلوا الجرحى إلى <b class=""highlightcolor"">مستشفى الحكومة</b> . والجرحى هم السادة : فايز المهتدي وفؤاد ...</div>"
1480	difaa19480412-01.1.4	12 April 1948	difaa	Page 4	"<div class=""txtsearchsnippet"">... اصابة ولله الحمد المناضلين بين . و نقلت الى <b class=""highlightcolor"">مستشفى الحكومة</b> بيافا بعد ظهر امس جثة المرحومة فاطمة محمود ...</div>"
1481	difaa19480203-01.1.2	3 February 1948	difaa	Page 2	"<div class=""txtsearchsnippet"">... فروعها في القرى العربية .. وفاة جريح برصاص الغادرين <b class=""highlightcolor"">حيفا</b> - توفى في <b class=""highlightcolor"">مستشفى الحكومة</b> يوم متأثرا امس المرحوم ...</div>"
1482	difaa19480208-01.1.4	8 February 1948	difaa	Page 4	"<div class=""txtsearchsnippet"">حوادث فيفا <b class=""highlightcolor"">حيفا</b> -في الساعة الثانية عشرة من ليلة امس هاجم عدد ...</div>"
1483	difaa19470507-01.1.4	7 May 1947	difaa	Page 4	"<div class=""txtsearchsnippet"">وتوفي في <b class=""highlightcolor"">مستشفى الحكومة</b> بحيفا صباح امس ارهابي جريح يدعى نسيم عبادي. ...</div>"
1484	difaa19470423-01.1.4	23 April 1947	difaa	Page 4	"<div class=""txtsearchsnippet"">... وحلقت مرتين ثم عادت من حيث انت . قطار <b class=""highlightcolor"">حيفا</b> - القاهرة ولم يسافر يوم أمس قطار <b class=""highlightcolor"">حيفا</b> القاهرة ...</div>"
1485	difaa19450103-01.1.3	3 January 1945	difaa	Page 3	"<div class=""txtsearchsnippet"">... فقررت اتمام النظر فيها في جلسه تعقد غدا بسبب <b class=""highlightcolor"">حيفا</b> : اللواء ما زالت غير مزروع الانب مرض الخيل ...</div>"
1486	difaa19440811-01.1.4	11 August 1944	difaa	Page 4	"<div class=""txtsearchsnippet"">... المندوب والى الكونستابل سميت حتى وصلت سيارة الاسعاف من <b class=""highlightcolor"">مستشفى الحكومة</b> البرقيات وما زالت البرقيات تتهافت علينا من جميم ...</div>"
1487	difaa19470708-01.1.4	8 July 1947	difaa	Page 4	"<div class=""txtsearchsnippet"">... جاء خفير آخر فاطلق سراحه واخبر البوليس. معركة بشوارع <b class=""highlightcolor"">حيفا</b> بين لصوص وجنود ووقوع اصابات واصيب شخصان ، وسلبت ...</div>"
1488	difaa19450730-01.1.4	30 July 1945	difaa	Page 4	"<div class=""txtsearchsnippet"">... وبرقيات التعزية و يتقدمون بشكرهم الجزيل الى حضرات اطباء <b class=""highlightcolor"">مستشفى الحكومة</b> بيافا والممرضات لما قدموه من خدمات ومساعدات . ...</div>"
1489	difaa19460620-01.1.1	20 June 1946	difaa	Page 1	"<div class=""txtsearchsnippet"">استقال فخامة للتدوب السامي ما اقرة صباح امس الى <b class=""highlightcolor"">حيفا</b> حيث استقبله حاكم اللواء . وقد تناول طعام الغداء ...</div>"
1490	difaa19480307-01.1.1	7 March 1948	difaa	Page 1	"<div class=""txtsearchsnippet"">اشتباكات في <b class=""highlightcolor"">حيفا</b> واحتدام معركة بيار عدس و تبدید هجمات معادية وتدمير ...</div>"
1491	difaa19480308-01.1.1	8 March 1948	difaa	Page 1	"<div class=""txtsearchsnippet"">... السيد محمد محمود الجولاني بجراح في رجله ونقل الى <b class=""highlightcolor"">مستشفى الحكومة</b> وحالته حسنة ... واحراق سيارة والقى القناصة العرب ...</div>"
1492	difaa19470513-01.1.1	13 May 1947	difaa	Page 1	"<div class=""txtsearchsnippet"">... و ۱۰ من لواء القدس و ۱۲ من لواء <b class=""highlightcolor"">حيفا</b> و بذلك عدد الارها بين اليهود يصبح المعتقلين في ...</div>"
1493	difaa19460910-01.1.4	10 September 1946	difaa	Page 4	"<div class=""txtsearchsnippet"">... سيارات في الساعة العاشرة من صباح امس الاول في <b class=""highlightcolor"">حيفا</b> واستعملوها في اعمال الارهاب وقد اعتقل السواقون الثلاثة في ...</div>"
1494	difaa19460425-01.1.3	25 April 1946	difaa	Page 3	"<div class=""txtsearchsnippet"">ابو اصبع من قرية سلمة الى <b class=""highlightcolor"">مستشفى الحكومة</b> وهو احد الشخصين اللذين توفيا بسبب حادث سيارة ...</div>"
1495	difaa19460730-01.1.3	30 July 1946	difaa	Page 3	"<div class=""txtsearchsnippet"">... قضت على حياته في الحال، وقد نقلت الجنة إلى <b class=""highlightcolor"">مستشفى الحكومة</b> وحولت أوراقه الى فاضي الوفيات للمشتبه بها . ...</div>"
1496	difaa19450320-01.1.2	20 March 1945	difaa	Page 2	"<div class=""txtsearchsnippet"">... لو قضت . الضرورة في مئات السنين معروض للبيع <b class=""highlightcolor"">حيفا</b> – معروض للبيع دار مكونه من - شقتين مع ...</div>"
1497	difaa19480331-01.1.4	31 March 1948	difaa	Page 4	"<div class=""txtsearchsnippet"">... ضد الابرياء العزل من العرب على الطريق العام بين <b class=""highlightcolor"">حيفا</b> وزمارين فطلب القائد البريطاني وقف اطلاق النار والاكتفاء بما ...</div>"
1498	difaa19480329-01.1.4	29 March 1948	difaa	Page 4	"<div class=""txtsearchsnippet"">... حوالي الساعة الظهر وقد نقل الى الواحدة والنصف بعد <b class=""highlightcolor"">مستشفى الحكومة</b> .</div>"
1499	difaa19480104-01.1.3	4 January 1948	difaa	Page 3	"<div class=""txtsearchsnippet"">... يقودها السيد احمد الماضي وفي طريقهم من لبنان الى <b class=""highlightcolor"">حيفا</b> حضور تشييع جثمان المرحومه والدته وقبل وصولهم الى عكا ...</div>"
1500	difaa19480201-01.1.4	1 February 1948	difaa	Page 4	"<div class=""txtsearchsnippet"">... أصيب أحد الركاب مجراح الفة . و نقل الى <b class=""highlightcolor"">مستشفى الحكومة</b> بيافا امس السيد محمد مصطفى قنديل من الخيرية ...</div>"
1501	difaa19350329-01.1.4	29 March 1935	difaa	Page 4	"<div class=""txtsearchsnippet"">... وذلك على طريق يافا - القدس فنقل الجريح الى <b class=""highlightcolor"">مستشفى الحكومة</b> بيافا وألقي القبض على السائق المذكور لا تمام ...</div>"
1502	difaa19400829-01.1.4	29 August 1940	difaa	Page 4	"<div class=""txtsearchsnippet"">... سنة ، دافيد عملنسكي ٤٥ سنة. وقد مات في <b class=""highlightcolor"">مستشفى الحكومة</b> في فجر أمس الشاب العربي الوحيد الذي أصيب ...</div>"
1503	difaa19420306-01.1.2	6 March 1942	difaa	Page 2	"<div class=""txtsearchsnippet"">... الذين يعملون فى هذه الصناعة حادث وفاة نقلت الى <b class=""highlightcolor"">مستشفى الحكومة</b> امس صديقة محمد الأوسطة على اعتبار انها توفيت ...</div>"
1504	difaa19420121-01.1.2	21 January 1942	difaa	Page 2	"<div class=""txtsearchsnippet"">... في القدس أن اللصوص بسطوا على زميل لهم في <b class=""highlightcolor"">حيفا</b> وسرقوا منه مبلغ ۱۲۰ جنيهاً فغضبوا لذلك وخافوا على ...</div>"
1505	difaa19411014-01.1.2	14 October 1941	difaa	Page 2	"<div class=""txtsearchsnippet"">... الثلاثين من عمرها بجراح خطرة نقلت على اثرها الى <b class=""highlightcolor"">مستشفى الحكومة،</b> ونورد فيما يلي تفاصيله : عاد امس الى ...</div>"
1506	difaa19411013-01.1.2	13 October 1941	difaa	Page 2	"<div class=""txtsearchsnippet"">... الثلاثين من عمرها بجراح خطرة نقلت على اثرها إلى <b class=""highlightcolor"">مستشفى الحكومة،</b> : و تورد فيها على تفاصيله مادر امس ...</div>"
1507	difaa19420401-01.1.2	1 April 1942	difaa	Page 2	"<div class=""txtsearchsnippet"">نظمت ادارة الصحة في <b class=""highlightcolor"">حيفا</b> توزيع الانسولين على مرضى السكر بموجب البطاقات العادلة فكل ...</div>"
1508	difaa19420527-01.1.2	27 May 1942	difaa	Page 2	"<div class=""txtsearchsnippet"">... امس كميات الارز التي سمحت لهم الحكومة باستيرادها من <b class=""highlightcolor"">حيفا</b> لتوزع على الجمهور في مطلع الشهر القادم بواسطة البقالين ...</div>"
1509	difaa19420827-01.1.2	27 August 1942	difaa	Page 2	"<div class=""txtsearchsnippet"">... وستنشر فى نشرة الاحصاء الرسمية يدهسه القطار نقل الى <b class=""highlightcolor"">مستشفى الحكومة</b> بالقدس مساء امس غلام من اهالي قرية المالحة ...</div>"
1510	difaa19420428-01.1.2	28 April 1942	difaa	Page 2	"<div class=""txtsearchsnippet"">بصورة عامة حبطت اسعار الحاجيات في <b class=""highlightcolor"">حيفا</b> يوم امس وقد يسع رطل البطاطا بمبلغ ۱۲ قرشا ...</div>"
1511	difaa19420705-01.1.2	5 July 1942	difaa	Page 2	"<div class=""txtsearchsnippet"">... المعوي وقد حرب المصل في ١١٤ مريضا كانوا في <b class=""highlightcolor"">مستشفى الحكومة</b> بحيفا فشفوا كلهم الا واحد منهم والقاعدة الكيماوية ...</div>"
1512	difaa19430209-01.1.2	9 February 1943	difaa	Page 2	"<div class=""txtsearchsnippet"">... سيارة وقضت على حياته في الحال وقد نقل الى <b class=""highlightcolor"">مستشفى الحكومة</b> في المدينة وحولت اوراقه الى القائمقام للتشريح والدفن</div>"
1513	difaa19430211-01.1.3	11 February 1943	difaa	Page 3	"<div class=""txtsearchsnippet"">... شهادة عالية فنهنئه و نتمنى له اطراد النجاح. غادر <b class=""highlightcolor"">مستشفى الحكومة</b> المستر كور نز مساعد حاكم اللواء برام الله ...</div>"
1514	difaa19421006-01.1.2	6 October 1942	difaa	Page 2	"<div class=""txtsearchsnippet"">استقبل المستر فرانش مدير مكتب مراقبة المؤن فى <b class=""highlightcolor"">حيفا</b> مندوبى الصحف اليومية وافضى اليهم بتصريح هام عن شئون ...</div>"
1515	difaa19430219-01.1.3	19 February 1943	difaa	Page 3	"<div class=""txtsearchsnippet"">... للنظر في القضية نجاح اجراء عملية جراحية اجريت في <b class=""highlightcolor"">مستشفى الحكومة</b> عملية جراحية للسيد عبد الغنى الخالدي . وقد ...</div>"
1516	difaa19430414-01.1.2	14 April 1943	difaa	Page 2	"<div class=""txtsearchsnippet"">اصابات التيفوس نقل إلى <b class=""highlightcolor"">مستشفى الحكومة</b> بيافا منذ ايام عبد العبود علي علام وابو ...</div>"
1517	difaa19430527-01.1.3	27 May 1943	difaa	Page 3	"<div class=""txtsearchsnippet"">رسالة <b class=""highlightcolor"">حيفا</b> التلفونية</div>"
1518	difaa19430526-01.1.2	26 May 1943	difaa	Page 2	"<div class=""txtsearchsnippet"">... العربية فى الجامعة الاميركية ببيروت الصليب الأحمد وصل الى <b class=""highlightcolor"">حيفا</b> امس الجنرال الستر سرجيون بروك الرئيس العام لفرع الصليب ...</div>"
1519	difaa19430226-01.1.3	26 February 1943	difaa	Page 3	"<div class=""txtsearchsnippet"">... الصيف نظراً للحاجة الماسة اليها كما بحث مسألة توسيع <b class=""highlightcolor"">مستشفى الحكومة</b> نظراً الكثرة عدد المرضى والشدة الاحتياج اليه . ...</div>"
1520	difaa19430325-01.1.3	25 March 1943	difaa	Page 3	"<div class=""txtsearchsnippet"">رسالة <b class=""highlightcolor"">حيفا</b> التلفونية</div>"
1521	difaa19430617-01.1.2	17 June 1943	difaa	Page 2	"<div class=""txtsearchsnippet"">تنظر المحكمة المركزية في <b class=""highlightcolor"">حيفا</b> الان في قضية غرام طريفة مضى عليها اكثر من ...</div>"
1522	difaa19430510-01.1.2	10 May 1943	difaa	Page 2	"<div class=""txtsearchsnippet"">... كند بل اعتماد تنظيم المدن في الحكومة محاضرة في <b class=""highlightcolor"">حيفا</b> تحدث ا فيها عن شئون البناء واستعرض طرق فيه ...</div>"
1523	difaa19430512-01.1.2	12 May 1943	difaa	Page 2	"<div class=""txtsearchsnippet"">... موضوع مستشفى الولادة المنوى اقامته على قطعة ارض امام <b class=""highlightcolor"">مستشفى الحكومة</b> بالعجمي . واتفق على ان تكون مساحته ٢٥٠٠ ...</div>"
1524	difaa19430707-01.1.2	7 July 1943	difaa	Page 2	"<div class=""txtsearchsnippet"">... فى تل ابيب ، ونجحت التجربة . مات في <b class=""highlightcolor"">حيفا</b> امس المستر كرستى راعي الكنيسة الاسكتلندية وعمره ٨٠ سنة ...</div>"
1525	difaa19431026-01.1.2	26 October 1943	difaa	Page 2	"<div class=""txtsearchsnippet"">... الباصات الوطنية نازلا من الباص الذي كان قادما من <b class=""highlightcolor"">حيفا</b> بعد ان اتم عمله في مراقبة التذاكر داهمته سيارة ...</div>"
1526	difaa19430822-01.1.2	22 August 1943	difaa	Page 2	"<div class=""txtsearchsnippet"">عادا الي <b class=""highlightcolor"">حيفا</b> ومعها شخصان احدها رخلن والاخر اسمه اسحق ) وهو ...</div>"
1527	difaa19430912-01.1.2	12 September 1943	difaa	Page 2	"<div class=""txtsearchsnippet"">... ونتج عنها اصابته بحروق بالغة نقل على اثرها الى <b class=""highlightcolor"">مستشفى الحكومة</b> بيافا لكنه لم يلبث ان توفي متأثراً وحولت ...</div>"
1528	difaa19431014-01.1.2	14 October 1943	difaa	Page 2	"<div class=""txtsearchsnippet"">... في المنزل الى رحمة الله تو في امس في <b class=""highlightcolor"">مستشفى الحكومة</b> بيافا فؤاد يعقوب خضر وعمره ٢٩ سنة وهو ...</div>"
1529	difaa19350213-01.1.4	13 February 1935	difaa	Page 4	"<div class=""txtsearchsnippet"">... فيها اقل منها في يافا مرض الاستاذ مختار دخل <b class=""highlightcolor"">مستشفى الحكومة</b> الاديب الاستاذ صلاح الدين المختار احد محرري الزميلة ...</div>"
1530	difaa19350324-01.1.4	24 March 1935	difaa	Page 4	"<div class=""txtsearchsnippet"">... خمس سنوات يدعي جابر محمد عثمان فنقل المصاب الى <b class=""highlightcolor"">مستشفى الحكومة</b> بياف ، وحالته خطرة وقبض البوليس على السائق ...</div>"
1531	difaa19350520-01.1.8	20 May 1935	difaa	Page 8	"<div class=""txtsearchsnippet"">... الصحية على الجند البريطاني اختبرتها بنفسى اثناء اشتغالي في <b class=""highlightcolor"">مستشفى الحكومة</b> بحيفا وحبذا</div>"
1532	difaa19470307-01.1.4	7 March 1947	difaa	Page 4	"<div class=""txtsearchsnippet"">من القدس إلى واشنطن <b class=""highlightcolor"">حيفا</b> - اوشك المحامي السيد احمد الشقيري من على انجاز ...</div>"
1533	difaa19470103-01.1.3	3 January 1947	difaa	Page 3	"<div class=""txtsearchsnippet"">... تتعلق بتأليف اللجنة الاستشارية هناك وسيعود منها اليوم الجمعة. <b class=""highlightcolor"">حيفا</b> - تسلم القاضي الجديد المستر هل منصبه أمس كوكيل ...</div>"
1534	difaa19450308-01.1.3	8 March 1945	difaa	Page 3	"<div class=""txtsearchsnippet"">... ليلة امس الاول كنتيجة لحادث ، وقد نقل الى <b class=""highlightcolor"">مستشفى الحكومة</b> بيافا ولكنه توفي متأثراً وحولت اوراقه الى القائمقام ...</div>"
1535	difaa19460630-01.1.3	30 June 1946	difaa	Page 3	"<div class=""txtsearchsnippet"">... العربية والمحامين ومندوبي الصحف بزيارة السيد عمر الصالح في <b class=""highlightcolor"">مستشفى الحكومة</b> و تهنئته بنجاته من الاعتداء الاثيم الذي وقع ...</div>"
1536	difaa19471219-01.1.1	19 December 1947	difaa	Page 1	"<div class=""txtsearchsnippet"">... ، فاصيب بعيارين ناريين في صدره وقد نقل الى <b class=""highlightcolor"">مستشفى الحكومة</b> حيث فارق الحياة بعد ساعتين . جنة يهودي ...</div>"
1537	difaa19480330-01.1.4	30 March 1948	difaa	Page 4	"<div class=""txtsearchsnippet""><b class=""highlightcolor"">حيفا</b> - ظل الهدوء النسبي مخيما على المدينة، اذ لم ...</div>"
1538	difaa19480411-01.1.4	11 April 1948	difaa	Page 4	"<div class=""txtsearchsnippet"">... والخدمات البريدية والصحيه والاداة القضائية وتيسير سبل الوصول الى <b class=""highlightcolor"">حيفا</b> بعد ١٥ ايار ، وبالتالي المحافظة على الكميات الغذائية ...</div>"
1539	difaa19470429-01.1.4	29 April 1947	difaa	Page 4	"<div class=""txtsearchsnippet"">... سيارة وسببت له جراحا خطرة نقل على اثرها الى <b class=""highlightcolor"">مستشفى الحكومة</b> بيافا ، لكنه لم يلبث أن توفي متأثرا ...</div>"
1540	difaa19450819-01.1.3	19 August 1945	difaa	Page 3	"<div class=""txtsearchsnippet"">... . ٠ اعتدى ستة مسلحون على محمود تا يه <b class=""highlightcolor"">حيفا</b> النافع من عرب التركمان قرب بنيامينا بالضرب وفتشوا منزله ...</div>"
1541	difaa19441219-01.1.3	19 December 1944	difaa	Page 3	"<div class=""txtsearchsnippet"">... واجلت اتمام النظر فيها الى جلسة تعقد اليوم الثلاثاء <b class=""highlightcolor"">حيفا</b> : افتتح حاكم اللواء مدرسة صفا الجديدة وقد حضر ...</div>"
1542	difaa19460922-01.1.4	22 September 1946	difaa	Page 4	"<div class=""txtsearchsnippet"">... طلب الجمعية وذلك لبحث مطالب وشروط استخدام مرضی وعمال <b class=""highlightcolor"">مستشفى الحكومة</b> بيافا وستتم الملقا له الساعة التاسعة من صباح ...</div>"
1543	difaa19460327-01.1.1	27 March 1946	difaa	Page 1	"<div class=""txtsearchsnippet"">... من المهاجرين اليهود غير الشرعيين. وقد اقتيدت السفينة الى <b class=""highlightcolor"">حيفا</b> وعلم ان اسم السفينة هو ( كسمت اضاليا ) ...</div>"
1544	difaa19460728-01.1.4	28 July 1946	difaa	Page 4	"<div class=""txtsearchsnippet"">... . ويبدأ سير الجنازة في الساعة الحادية عشرة من <b class=""highlightcolor"">مستشفى الحكومة</b> بالقدس حتى مقبرة الروم الارثوذكس في جبل صهيون ...</div>"
1545	difaa19480310-01.1.4	10 March 1948	difaa	Page 4	"<div class=""txtsearchsnippet"">... قنبلة في رأسه وجراحه بسيطة شفاه الله. واحضر الى <b class=""highlightcolor"">مستشفى الحكومة</b> بيا فاصباح</div>"
1546	difaa19471021-01.1.4	21 October 1947	difaa	Page 4	"<div class=""txtsearchsnippet"">... زليخا الشهابي رئيسة الاتحاد النسائي العربي . اعلان بلدية <b class=""highlightcolor"">حيفا</b> بموجب قانون بيع المسكرات امام ۱۹۳۵ جئت معلنا من ...</div>"
1547	difaa19440823-01.1.1	23 August 1944	difaa	Page 1	"<div class=""txtsearchsnippet"">... . وقد نقل ثلاثة من رجال البوليس البريطانى الى <b class=""highlightcolor"">مستشفى الحكومة</b> واهم مصابون بجراح من جراء الرصاص، وحالة اثنين ...</div>"
1548	difaa19471114-01.1.1	14 November 1947	difaa	Page 1	"<div class=""txtsearchsnippet"">... السادسة من صباح اليوم . وجاء من مراسلنا في <b class=""highlightcolor"">حيفا</b> ان اربعة موظفين بريطانيين بشركة شل كانوا سائرين في ...</div>"
1549	difaa19471124-01.1.1	24 November 1947	difaa	Page 1	"<div class=""txtsearchsnippet"">جثته الى <b class=""highlightcolor"">مستشفى الحكومة</b> في الرملة لتشريحها . وقد اطلقت حوالي الساعة ...</div>"
1550	difaa19410826-01.1.3	26 August 1941	difaa	Page 3	"<div class=""txtsearchsnippet"">... ابو غزاله مأمور اجراء محكمة مركزية نابلس اعلان بلدية <b class=""highlightcolor"">حيفا</b> المسكرات العام ١٩٣٥ جئت معلنا عن طلب رخصة بموجب ...</div>"
1551	difaa19420805-01.1.2	5 August 1942	difaa	Page 2	"<div class=""txtsearchsnippet"">باشرت فروع بنكي الباركاس والعثماني في <b class=""highlightcolor"">حيفا</b> وعكا و نابلس بتوزيع القروض على اصحاب البيارات في ...</div>"
1552	difaa19420804-01.1.2	4 August 1942	difaa	Page 2	"<div class=""txtsearchsnippet"">... الموجة لم يستطع الخروج الى الشاطئ. فترق ونقل الى <b class=""highlightcolor"">مستشفى الحكومة</b> في حالة اعياء شديد و فارق الحياة في ...</div>"
1553	difaa19430217-01.1.2	17 February 1943	difaa	Page 2	"<div class=""txtsearchsnippet"">... امس النظر في قضية الاحتيال المعروف فسمعت شهادة طبيب <b class=""highlightcolor"">مستشفى الحكومة</b> الدكتور سامى بشارة وقد ذكر فيها أن المتهم ...</div>"
1554	difaa19430903-01.1.2	3 September 1943	difaa	Page 2	"<div class=""txtsearchsnippet"">... غزة يشكر الطبيب البارع الدكتور يوسف حجار واطباء وممرضات <b class=""highlightcolor"">مستشفى الحكومة</b> بالقدس وجميع من زاره اثناء مرضه بالمستشفى إما ...</div>"
1555	difaa19430812-01.1.2	12 August 1943	difaa	Page 2	"<div class=""txtsearchsnippet"">... غزة في يوم امس السيد رشيد الخوري سكرتير بلدية <b class=""highlightcolor"">حيفا</b> والسيد عزمي النشاشيبي مدير المطبوعات في يافا وتل ابيب ...</div>"
1556	difaa19430909-01.1.2	9 September 1943	difaa	Page 2	"<div class=""txtsearchsnippet"">... قرينه صدمته سيارة مارة ومات الفورة ونقلت جنته الى <b class=""highlightcolor"">مستشفى الحكومة</b> بيافا وحولت اوراقه الى القائمقام بيع بضائع جرى ...</div>"
1557	difaa19431205-01.1.2	5 December 1943	difaa	Page 2	"<div class=""txtsearchsnippet"">... على الاعضاء اليوم ايضا. قهوة من عدن وصل الى <b class=""highlightcolor"">حيفا</b> امس ۸۰ طناً من القهوة المستوردة من عدن لحساب ...</div>"
1558	difaa19440215-01.1.4	15 February 1944	difaa	Page 4	"<div class=""txtsearchsnippet"">وكانت الاضرار التي لحقت بدائرة المهاجرة في <b class=""highlightcolor"">حيفا</b> أشد الاضرار التي وقعت هي بسبب حوادث الانفجارات المذكورة ...</div>"
1559	difaa19440312-01.1.2	12 March 1944	difaa	Page 2	"<div class=""txtsearchsnippet"">... امس الاول فاصيب اربعة من الركاب بجراح ونقلوا الى <b class=""highlightcolor"">مستشفى الحكومة</b> في القدس</div>"
1560	difaa19440419-01.1.2	19 April 1944	difaa	Page 2	"<div class=""txtsearchsnippet"">... كانت « ليلة سرقات في الهدار هاكر مل في <b class=""highlightcolor"">حيفا</b> اذ طاف اللصوص على جميع مخازن شارع هر زل ...</div>"
1561	difaa19480411-01.1.1	11 April 1948	difaa	Page 1	"<div class=""txtsearchsnippet""><b class=""highlightcolor"">حيفا</b> - يقوم سعادة اللواء اسماعيل صفوت باشا القائد العام ...</div>"
1562	difaa19470414-01.1.1	14 April 1947	difaa	Page 1	"<div class=""txtsearchsnippet"">... حوالي الساعة الثانية والنصف من بعد ظهر أمس من <b class=""highlightcolor"">مستشفى الحكومة</b> في القدس وكانت قد نقلت اليه بسبب مرضها ...</div>"
1563	difaa19470420-01.1.4	20 April 1947	difaa	Page 4	"<div class=""txtsearchsnippet"">... الكبيرة واصابتهم بجراح مختلفة خطره نقلوا على اثرها الى <b class=""highlightcolor"">مستشفى الحكومة</b> بيافا وتوفوا متأثرين بجراحهم . رحمهم الله جميعا ...</div>"
1564	difaa19450822-01.1.2	22 August 1945	difaa	Page 2	"<div class=""txtsearchsnippet"">... البوليس امس ان قنبلتين انفجرتا في فندق اينجر في <b class=""highlightcolor"">حيفا</b> احداهما في غرفة الحمام والاخرى عند الشرفة ) التي ...</div>"
1565	difaa19470304-01.1.4	4 March 1947	difaa	Page 4	"<div class=""txtsearchsnippet"">... منع التجول وقد اصيب بجراح نقل على اثرها الى <b class=""highlightcolor"">مستشفى الحكومة</b> بيافا . وجاء في النشرة ايضا ان احد ...</div>"
1566	difaa19471119-01.1.4	19 November 1947	difaa	Page 4	"<div class=""txtsearchsnippet"">كميات من السماد الكيماوي يافا - وصلت الى ميناء <b class=""highlightcolor"">حيفا</b> شحنة من السماد الكيماوي تقدر بالف وسبعمائة طن ، ...</div>"
1567	difaa19480324-01.1.4	24 March 1948	difaa	Page 4	"<div class=""txtsearchsnippet"">... ، قبلة ومائتهم جميمات بجراح وقد تقلون جامعات الى <b class=""highlightcolor"">مستشفى الحكومة</b> ، اما السيد مصطفى محمد جاد وعمره ٣٣ ...</div>"
1568	difaa19480325-01.1.4	25 March 1948	difaa	Page 4	"<div class=""txtsearchsnippet"">... فاصيبت برصاصة في فخذها الايمن ، ونقلت المصابة الى <b class=""highlightcolor"">مستشفى الحكومة</b> بيافا ، شفاها الله . واطلق وكر مزرعة ...</div>"
1569	difaa19440827-01.1.2	27 August 1944	difaa	Page 2	"<div class=""txtsearchsnippet"">... فعطلت اعمالها ورفعت العلم المصري احتفاء بهذه المناسبة السعيدة <b class=""highlightcolor"">حيفا</b> - لمراسلنا - عللت القنصلية بمناسبة المصرية اليوم اعمالها ...</div>"
1570	difaa19440611-01.1.4	11 June 1944	difaa	Page 4	"<div class=""txtsearchsnippet"">... تشترى التوزيعات من البقالين وتجار المفرق المذكورة اسباؤهم ادناه <b class=""highlightcolor"">حيفا</b> يافا في القدس - هنریت حمام- شارع اللنبي حنا ...</div>"
1571	difaa19441117-01.1.3	17 November 1944	difaa	Page 3	"<div class=""txtsearchsnippet"">... الأرض في السنين الماضية بموجب عقود رسمية . - <b class=""highlightcolor"">حيفا</b> المراسل الدفاع الخاص وجدت في جبل الكرمل بقايا جثة ...</div>"
1572	difaa19470321-01.1.1	21 March 1947	difaa	Page 1	"<div class=""txtsearchsnippet"">فتنفجر في يده و يقبض عليه <b class=""highlightcolor"">حيفا</b> - حاول ارهابي يهودي في الساعة الحادية عشرة من ...</div>"
1573	difaa19470331-01.1.4	31 March 1947	difaa	Page 4	"<div class=""txtsearchsnippet"">... ، اصابتها رصاصة في بطنها ونقلت على الفور إلى <b class=""highlightcolor"">مستشفى الحكومة</b> بغزة ، محالة خطرة ، ثم توفيت صباح ...</div>"
1574	difaa19470523-01.1.1	23 May 1947	difaa	Page 1	"<div class=""txtsearchsnippet"">تحمل اكثر من ٣ آلاف مهرب <b class=""highlightcolor"">حيفا</b> - ذكر أن باخرة تهريب جديدة تمخر الآن البحر ...</div>"
1575	difaa19460617-01.1.4	17 June 1946	difaa	Page 4	"<div class=""txtsearchsnippet"">... المصابون المستشفى عقب تضميد جراحهم . وقد توفى في <b class=""highlightcolor"">مستشفى الحكومة</b> بيافا احد الاشخاص الذين أصيبوا بحادث انقطاع التيار ...</div>"
1576	difaa19440404-01.1.1	4 April 1944	difaa	Page 1	"<div class=""txtsearchsnippet"">- <b class=""highlightcolor"">حيفا</b> لمراسل الدفاع الخاص مازال البوليس يوالي التحقيق في حادث ...</div>"
1577	difaa19471218-01.1.1	18 December 1947	difaa	Page 1	"<div class=""txtsearchsnippet"">صد هجومين ارهابيين على قريتي عارة بقضاء <b class=""highlightcolor"">حيفا</b> والقسطل في لواء القدس ودحر المعتدين ا کمين ارهابي ...</div>"
1578	difaa19480130-01.1.1	30 January 1948	difaa	Page 1	"<div class=""txtsearchsnippet"">... محمود اسماعيل الافغاني وعمره ٣٦ سنة ، وهو من <b class=""highlightcolor"">حيفا</b> عدما كان في سيارته على طريق القدس رام الله ...</div>"
1579	difaa19480321-01.1.1	21 March 1948	difaa	Page 1	"<div class=""txtsearchsnippet""><b class=""highlightcolor"">حيفا</b> - كانت المواصلات اليهودية هدفاً لهجمات وجهها اليها المناضلون ...</div>"
1580	difaa19470422-01.1.1	22 April 1947	difaa	Page 1	"<div class=""txtsearchsnippet"">... الجيش كما اصيب شخص يهودي من المارة ونقل الى <b class=""highlightcolor"">مستشفى الحكومة</b> . قوات لتعقب الارهابين وعلى الاثر حضرت قوات ...</div>"
1581	difaa19480210-01.1.4	10 February 1948	difaa	Page 4	"<div class=""txtsearchsnippet"">... في اتجاه رام الله ونابلس . وقد نقل الى <b class=""highlightcolor"">مستشفى الحكومة</b> بالقدس وحالته بالغة . في الصحف اليهودية وذكرت ...</div>"
1582	difaa19440825-01.1.4	25 August 1944	difaa	Page 4	"<div class=""txtsearchsnippet"">وقع حادث تسمم في مستعمرة باردس حنا على طريق <b class=""highlightcolor"">حيفا</b> عندما تناول الدكتور فيلمن رئيس المجلس المحلى للمستعمرة وصهره ...</div>"
1583	difaa19441022-01.1.2	22 October 1944	difaa	Page 2	"<div class=""txtsearchsnippet"">ه اصابات بالطاعون نقل إلى <b class=""highlightcolor"">مستشفى الحكومة</b> بحيفا خلال اليومين الماضيين خمسة اشخاص مصابون بالطاعون ...</div>"
1584	difaa19470126-01.1.1	26 January 1947	difaa	Page 1	"<div class=""txtsearchsnippet"">... المحدودة يافا - تلفون ٦٧٥ القدس - تلفون ۲۲۱۱ <b class=""highlightcolor"">حيفا</b> - شارع البور يسرها ان تعلن للعموم انها افتتحت ...</div>"
1585	difaa19470324-01.1.4	24 March 1947	difaa	Page 4	"<div class=""txtsearchsnippet"">... اضراب عمال البترول تخصيص . آلاف جنيه لعائلات المتضررين <b class=""highlightcolor"">حيفا</b> - عرف ان شركة بترول العراق قررت رصد مبلغ ...</div>"
1586	difaa19480119-01.1.3	19 January 1948	difaa	Page 3	"<div class=""txtsearchsnippet"">... قضاء جنين فنتمنى له التوفيق أنساء البلد الله قادر <b class=""highlightcolor"">مستشفى الحكومة</b> يوم الفرس امى السيد عبد الكريم شبيب من ...</div>"
1587	difaa19441031-01.1.2	31 October 1944	difaa	Page 2	"<div class=""txtsearchsnippet"">... عائلة بالطاعون ذكرنا في عدد سابق ان امرأة من <b class=""highlightcolor"">حيفا</b> قدمت يافا مؤخرا وكانت مصابة بمرض الطاعون ونقلت الى ...</div>"
1588	difaa19440905-01.1.2	5 September 1944	difaa	Page 2	"<div class=""txtsearchsnippet"">... شهر واحد الدكتور يوسف حجار كبير الاطباء العرب في <b class=""highlightcolor"">مستشفى الحكومة</b> . بمناسبة عودة المستر نيوتن القدس اليوم الى ...</div>"
1589	difaa19451106-01.1.3	6 November 1945	difaa	Page 3	"<div class=""txtsearchsnippet"">... بسبب قلة الاعمال من اصابة جديدة بالطاعون نقلت الى <b class=""highlightcolor"">مستشفى الحكومة</b> للامراض السارية على طريق ملبس الطفلة جاكلين نخلة ...</div>"
1590	difaa19470228-01.1.4	28 February 1947	difaa	Page 4	"<div class=""txtsearchsnippet"">... ورو بين داود عمل سنوات و نقل الباقون الى <b class=""highlightcolor"">مستشفى الحكومة</b> بيان حيث توفيت زبيده امين سليم وعمرها ٣ ...</div>"
1591	difaa19470731-01.1.4	31 July 1947	difaa	Page 4	"<div class=""txtsearchsnippet"">... الشرات الارهابية باسم عصابة الارغون . تفتيش محيفا واعتقالات <b class=""highlightcolor"">حيفا</b> - قامت قوات من الجيش مساء امس الاول محملة ...</div>"
1592	difaa19480212-01.1.4	12 February 1948	difaa	Page 4	"<div class=""txtsearchsnippet"">... الى جزيرة قبرص تحمل ٦٧٧ مهر با وادخلت الى <b class=""highlightcolor"">مستشفى الحكومة</b> مريضة مع قريب لها لعدم تمكنهما من السفر ...</div>"
1593	difaa19440929-01.1.4	29 September 1944	difaa	Page 4	"<div class=""txtsearchsnippet""><b class=""highlightcolor"">مستشفى الحكومة</b> بيافا امس جنتا السيدين ابراهيم حسين السنتريسي من ...</div>"
