date	pub	page_id	disease	term	haifa	dateline	hospital	epidemic_words	soft_term	window	reg_before	reg_after	reg_deaths_before	reg_coverage	surge	days_after_surge	lead_lag
1934-10-14	difaa	difaa19341014-01.1.4	influenza	الانفلونز	page			y		…نه ١٩٣٤ ووضعنا التقرير الاتي عن حاله جلالته : - نتيجه الفحص هي بعينها نتيجه الفحص التي صدر بها بلاغ ۷ اکتو برفان حاله الهبوط القلبي التي نشات عن عدوي الانفلونز الاتزال تتحسن | تدريجيا وبالرغم من وجود زلال خفيف…							
1935-04-16	difaa	difaa19350416-01.1.4	influenza	زكام	page				y	…دوان . ويكون احدنا ا جالسا علي مكتبه وعينه « وارمه ، لكنه يفاخر بها ، لا ياخذ تقريرا طبيا ليستريح كما يفعل اساتذه «اليوم» وتلامذته اذا اصاب احدهم . . زكام ! هذا الخلق نحب ان تدرج عليه ناشيتها . اما ان نسمع الشكوي من شاب او ا رجل فذلك امار كل العار ، وما لا نحب ان نتصوره مطافا ! لكنا اليوم امام حديث جديد…							
1935-05-20	difaa	difaa19350520-01.1.8	typhoid	التيفوييد	window					…انتشار حمي التيفوييد بحيفا بقلم الدكتور انور الشقيري )…	42	147	2	open	1935-06-11(peak 100/30d)	-22	leads 22d
1935-05-20	difaa	difaa19350520-01.1.8	typhoid	التيفوييد	window			y		…تحت هذا العنوان نشرت جريده ( فلسطين» الغراء مذكره للاطباء العرب بحيفا ابحثوا فيها اسباب تفشي حمي التيفوييد واظه وا استعداداهم للتضامن مع دايره الصحه لدرء الخطر . والمذكره ضافيه تتحدث عن نفسها من حيث رغبه الزملاء الاكيده في التعاون مع الحكومه واهتمامهم بامر…	42	147	2	open	1935-06-11(peak 100/30d)	-22	leads 22d
1935-05-20	difaa	difaa19350520-01.1.8	typhoid	التيفوييد	paragraph			y		… عازما علي القاء كلمه مطوله في مءتمر الاطاء المتخرجين من جامعه بيروت الاميركيه لولا اسباب قاهره حالت دون حضوري المءتمر انا احزم ان طرق الوقايه من حمي التيفوييد التي تقول عليها دايره الصحه ناقصه . وسبب ذلك هو عدم بحث الاداره عن طريق انتقال انتقال المرض بالضبط . فكل ما تقدم به هو علي اساس ما تورده الكتب والمجلات الاجنبيه والنشرات في الخارج . الطب اي كتاب واذا تفصيح اوروبي عن انتشار حمي التيفوييد وجد طرق شتي لذلك، ولكن ما في اوروبا ليس في فلسطين . فتلك النشرات في ابحاثها اذا كانت تلايم العادات وطرق المعيشه الاوروبيه فانها لا تلايم الوسط في فلسطين . ما اقصده هو طرق الوقايه من حمي التيفوييد ومنع تفشيها يجب ان يكون علي اساس انتشار المرض فلسطين حسب طرق المعيشه والمواد الغذاييه : حاله المجاري والمراحيض وليس علي اساس انتشار المرض في اوروبا ي…	42	147	2	open	1935-06-11(peak 100/30d)	-22	leads 22d
1935-05-20	difaa	difaa19350520-01.1.8	typhoid	تيفوييد	paragraph					…اله في انتشار الرض عندنا ما نقترحه علي دايره الصحه هو ان تتابع بحثها من طرق انتقال المرض في حي من الاحياء حالما تعلم بوجود حادثه ما وان لا تترك حادثه تيفوييد الا وتتابع اثر انتقال العدوي . ومتي تم البحث للنهايه ، وظهر الطريق جليا وجهت الحمايه لمع انتشار المرض عن ذلك الطريق . و من المنتظر جدا ان تخلتف طرق ا…	42	147	2	open	1935-06-11(peak 100/30d)	-22	leads 22d
1935-08-01	difaa	difaa19350801-01.1.4	malaria	الملاريا	other:Nazareth	Nazareth		y		…ريطاني المحكمه صلح تل ابيب وذلك لكثره الاشغال التي تنهال علي المستر بودلي حاكم صلح يافا البريطاني واضطراره الي زياره الرمله مره او مرتين في الاسبوع . الملاريا تقول الجرايد اليهوديه ان الملاريا انتشرت في سهل ( ها شارون ( وان ٦٠ شخصا اصيبوا بهذا المرض خلال الاسبوع الماضي بموجب سجلات الصحه ففي هرزيليا وحدها قد وقع عشر اصابات في شراصابات في | ا…							
1935-09-08	difaa	difaa19350908-01.1.4	malaria	بالملاريا	page		y	y		…لق نحو ال ٣٠٠ عامل عربي . وتكاد مهمه هءلاء تكون اصعب ما الاقيه انسان في حياته من مشقات في سبيل العيش الخشن القاسي وقد اصيب من ال ۳۰۰ نحو ال ١٢٥ عاملا بالملاريا : توفي واحد منهم مكان عمله ، وتوفي اثنان في المستشفي البلدي في يافا . وزاد في المنا ان العامل اذا | امتنم عن الشغل بسبب مرضه لا يدفعون له اجرته هذه م…							
1936-01-14	difaa	difaa19360114-01.1.4	influenza	الانفلونزا	page					…الم بالاستاذ رشيد الحاج ابراهيم ، مرض (الانفلونزا ( اقعده عن العمل في البنك العربي ، فندعو له بالشفاء القريب العاجل .…							
1936-02-16	difaa	difaa19360216-01.1.6	influenza	الانفلونزا	page					… Cough Syrup هو احسن شراب يجمع ويوقف الكحه حالا و يشفي الالتهابات الشعبيه والمزلان الصدريه والانقلو نزا! اوقف هذه الكحه ! ابطل هذا السمال اشف نفسك من الانفلونزا و الرشح !! خذ شراب المنبريس ضد السعال والكحه فتشفي من الرشح او الانفلونزا في يوم واحد ان شراب اللنبريس يشفي الالتهابات والنزلات الصدريه والانفلونزا و هو : يداع في جميع الاجزخانات ومخازن الادويه الوكلاء - الشركه المصريه البريطانيه التجاريه مصر والاسكندريه فع فلسطين * - شارع طريفه تانون ١٠٦٢ اونيل …							
1936-04-14	difaa	difaa19360414-01.1.6	smallpox	والجدري	page					…الجنون عواقب الادمان ان للغول في المدمن نفسه عواقب وخيمه جدا اذ تنقص مقاومه البدن مطلقا ولا سيما الامراض الساريه وذات الريه تكون اشد خطرا في المدمنين والجدري يكون فيهم نزفيا وهكذا تكون اكثر الامراض كالحمره والحمي التيفيه والرعن وضربه الشمس » ..…							
1936-09-23	difaa	difaa19360923-01.1.4	measles	الحصبه	other:Jerusalem	Jerusalem		y		…من الخضيره ونقلت الطيارين بامان قضيه فلسطين امام عصبه الامم تقول الاخبار الوارده من جنيف ان سكرتيريه عصبه الامم قررت طرح قضيه فلسطين لا بحث امام جلسه الحصبه في يوم الخميس القادم ( غدا ) حاله فلسطين في الصحف التركيه جاء في بريد تركيا ان جريده اقشام لسان حال رييس الجمهوريه عقدت مقالا طويلا عن الحاله في فلسط…							
1937-03-09	difaa	difaa19370309-01.1.4	dysentery	والدوسنطاريا	dateline	Haifa		y		…حماسه . لكنهم اخذوا يشكون الحاله السييه التي وصلوا اليها في هذا المخيم وعدم وجود الفراش الكافي الذي كان من نتيجته اصابه اكثرهم بالروماتزم والانفلونزا والدوسنطاريا، وقد فهمت ان مدير المخيم المسءول خابر الجهات المختصه بضروره ارسال فراش لهم ، فلم ياخذ جوابا حتي الان . وقد زرت اخي يوم الجمعه الماضي فشكا ان الروماتز…	1	10	0	open			register admitting, no surge
1937-03-09	difaa	difaa19370309-01.1.4	influenza	والانفلونزا	dateline	Haifa		y		…نوا يتوقدون حماسه . لكنهم اخذوا يشكون الحاله السييه التي وصلوا اليها في هذا المخيم وعدم وجود الفراش الكافي الذي كان من نتيجته اصابه اكثرهم بالروماتزم والانفلونزا والدوسنطاريا، وقد فهمت ان مدير المخيم المسءول خابر الجهات المختصه بضروره ارسال فراش لهم ، فلم ياخذ جوابا حتي الان . وقد زرت اخي يوم الجمعه الماضي فشك…	12	6	0	open	1936-11-14(peak 13/30d)	115	lags 115d
1937-03-18	difaa	difaa19370318-01.1.1	diphtheria	خناق	page				y	…وك الصغيره لم تصب بايه خساره ، بل هي الاخري ساهمت في الربح واستثمار المال . ذلك في الوقت الذي لم تترك الازمه الاقتصاديه تاجرا او ملاكا ، الا وعضت علي خناقه ولعل خير دليل علي ما ذكرنا ايراد بضعه ارقام واحصاءات . فقد بلغ مقدار الودايع التي في البنوك ، الاجنبيه منها وغير الاجنبيه ١٤،٠٠٠،٠٠٠ جنيه . هذه الود…							
1937-05-25	difaa	difaa19370525-01.1.3	diphtheria	الخناق	page			y	y	… فهمنا ان شركات الكاز كانت تعطي اصحاب البيارات الكاز بموجب كمبيا وجب كمبيالات وعند الاستحقاق تعمد الي الحجز علي ممتلكاتهم دون اعتبار الازمه التي ضيقت الخناق علي الجميع . والحاله التي ذكرناها لا تقتصر علي زرنوقه بل تشمل قري كثيره . والغريب ان الحكومه لم تتقدم قط لانقاذ المديونين ، ولم تتخذايه اجراءات لتخفي…							
1937-05-30	difaa	difaa19370530-01.1.3	diphtheria	بخناق	other:Jerusalem	Jerusalem		y	y	… من اكبر الشركات اليهوديه لتسيير البصات في فلسطين ، ومركزها القدس . وبصات هذه الشركه تسير علي ١٤ خط ضمن الاحياء اليهوديه . وقد اخذت الازمه الاقتصاديه بخناقها لموقف العرب منها فقررت توقيف ۲۸ باصا اي انها اوقفت في كل خط سيارتين . وقد اخذ عمال وموظفو الشركه في عقد اجتماعات متواليه للنظر في حاله زملايهم الذي…							
1937-06-20	difaa	difaa19370620-01.1.3	diphtheria	الخناق	dateline	Haifa			y	…هم وينفي اقاربهم الي سيبيريا . وتستجوب السلطات الشيوعيه زوجتي المارشال توخاشفسكي والجنرال بوثنا استجوابا دقيقا ، ولا يعرف ماذا يكون مصيرهما بعد تضييق الخناق عليهما. وشوارع موسكو تعج بالقوات المسكريه من خيال ومشاه. والغيت اجازات الضباط . وسيارات البوليس في حركه دايمه تذهب الي السجن مملوءه بالمعتقلين وتعود …	0	3	0	open			register admitting, no surge
1937-09-05	difaa	difaa19370905-01.1.3	measles	الحصبه	page			y		…تمع اقوال بعض الشهود اجل ليه ليوم الثلاثاء في ٧ الجاري وحكم علي شخص ارمني يدعي ران انالیل با لسجن ١٥ يوه او با بعاده فلسطين لوجوده فيها بصوره غير مرض الحصبه اتصل بنا ان عده اصابات بمرض صبه قد وقعت في قريه عنابه بسبب هذا المرض بين الاطفال. ويستغرب في القريه كيف لا تنشط اداره الصحه الرمله الدفع هذا المرض. ف…							
1937-11-11	difaa	difaa19371111-01.1.6	typhus	بالتيفوس	page			y		…رل - ستار وب . ز اسراييل ليكون عضوا ثانيا غير موظف في اللجنه المذكوره الامراض الساريه وقعت خلال الاسبوع الماضي عشر اصابات بالامراض الساريه ثلاثه منها بالتيفوس في تل ابيب وقد نقات واحده منها من كفريونا التابعه لقضاء طولكرم. واربع اصابات اخري بالتيف وس في حينا نقلت واحده منها من الرمله واصابتين بالتهاب السحاي…							
1938-04-18	difaa	difaa19380418-01.1.6	influenza	الانفلونزا	page					… الهبر المغذيه وخواصه المنشطه علي وجه لا مثيل له . فاسرع في تناول البوفريل علي الاقل مره في اليوم . البونديل . يهيء لك القوه الخصوصيه اللازمه لمقاومه الانفلونزا الموزعون الوحيدون في فلسطين محلات سبی…							
1938-04-18	difaa	difaa19380418-01.1.6	typhoid	التيفوييد	page					…مطافحه حمي التيفوييد…							
1938-04-18	difaa	difaa19380418-01.1.6	typhoid	التيفوييد	page			y		…ابلغ مفتش صحه الرمله بوجود عده اصابات بحمي التيفوييد في المدينه وعلي اثر ذلك صدرت الاوامر من رياسه الصحه العامه باتخاذ الاحتياطات اللازمه واجراء تطعيم عام لسكان المدينه ابتداء من يوم الاثنين…							
1938-07-12	difaa	difaa19380712-01.1.8	typhus	والتيفوس	page					…شركه هل لفلسطين المحدوده تقدم الي مزارعي الاثمار الحمضيه زيوت مثل الشهيده للرش العلاج الوحيد لجميع حشرات البرتقال والتيفوس يمكنكم الحصول علي زيوت شل للرش من جميع وكلاينا في فلسطين ( وكاله يانا وجميع قراها راجعرا اضمنوا نظافه اعماركم شركه الاعمال الزراعيه العربيه المحدوده …							
1938-07-27	difaa	difaa19380727-01.1.1	diphtheria	الخناق	window			y	y	…تدابير في نكبه حينها ، تلك النكبه التي تذهل الانسان الي حد الغيبوبه من فرط الالم والحيره ! وكم يهودي اعتقل في مذبحه حيفا ؟ وايه اجراءات تلت ذلك لتضيق الخناق علي المجرم الذي يتشفي الان بما نكتب ، ويتشفي الان بذكر عدد ضحاياه وحاله الجرحي المصا بهذه نعم ، لقد انتشرت القوات في تلك المدينه ، وفرضت السلطه منع ا…	0	5	0	open	1938-10-30(peak 25/30d)	-95	leads 95d
1938-08-09	difaa	difaa19380809-01.1.8	typhus	والتيفوس	page					…شركه شل لفلسطين المحدوده تقدم الي مزارعي الاثمار الحمضيه زيوت مثل الشهيره للرش العلاج الوحيد لجميع حشرات البرتقال والتيفوس. يمكنكم الحصول علي زبوت شل للرش من جميع وكلاينا في فلسطين اضمنوا نظافه اعماركم باست، مال زبوت شل لارش وكاله يانا وجميع قراها راجعوا له شركه الاعمال ا…							
1938-09-16	difaa	difaa19380916-01.1.5	malaria	الملاريا	window					…جاء نا من محفل الكرمل بحيفا انه عاد الي حيفا قادما من لبنان الاستاذ بك التميمي بعد ان امضي شهرا رحله حيث اصيب بحمي الملاريا ولزم طول هذه المده واضطر شقيقه رشدي بك التميمي الي السفر والحضور اوروبا الاستاذ المحامي وعاد فراد عطا الله بعد قضاء شهرین بعد غياب سته اشهر في المجر …	63	48	0	open	1938-08-13(peak 45/30d)	34	lags 34d
1940-04-04	difaa	difaa19400404-01.1.6	influenza	بالانفلونزا	page			y		…اصابه ٥٠ طالبا بالانفلونزا…							
1940-04-04	difaa	difaa19400404-01.1.6	influenza	الانفلونزا	page					…اصيب خمسون طالبا من طلاب مدرسه شويكه الاميريه بمرض الانفلونزا وقد اصدر طبيب الصحه اديب افندي خرطبيل امرا باغلاق المدرسه لمده ثلاثه ايام…							
1940-04-06	difaa	difaa19400406-01.1.5	influenza	الانفلونزا	page					…مرض الانفلونزا…							
1940-04-06	difaa	difaa19400406-01.1.5	influenza	الانفلونزا	page			y		…الناصره في نيسان لمراسل الدفاع - الخاص - بمناسبه تفشي الامراض في المدينه وخصوصا مرض الانفلونزا ، قصدت الي منزل طبيب الصحه شفيق افندي حداد للوقوف علي بعض المعلومات عن اسباب هذا المرض وطرق معالجته وقد وجدته منهمكا بمعالجه المرض…							
1940-04-06	difaa	difaa19400406-01.1.5	influenza	بالانفلونزا	page			y		…الذين جاءوا عيادته وكان يلاطفهم ويخفف من الامهم ، وبعد ان القيت عده اسيله بشان مهمتي اجابني بما يلي : في المدينه عده اصابات بالانفلونزا ويخشي ان تتسرب الي اخرين. وتعمل دايره الصحه علي مكافحتها وترجومن الجهور فدرهم وقايه مساعدتها في حصر المر خير من الف علاج ، ثم استطرد ونوه بالاسباب ال…							
1940-04-07	difaa	difaa19400407-01.1.7	diphtheria	الدفتريا	page					…انتشار مرض الدفتريا ومكافحته…							
1940-04-07	difaa	difaa19400407-01.1.7	diphtheria	الدفتريا	page			y		…انتشر في المده الاخيره مرص ( الدفتريا » فادي الي وفاه بعض الاطفال . نطلب مكافحه هذا المرض تماشيا من امتداده الي مناطق اخري…							
1940-04-10	difaa	difaa19400410-01.1.6	measles	الحصبه	page			y		…جمل الينا البريد . امس كتابا وقعه مخاتير قريه سدود الاربعه يذكرون فيه ان عدد اصابات الحصبه في القريه قليل وهذا المرض يتلاشي بسبب عنايه دايره الصحه التي يزور طبيبها القريه مرتين في الاسبوع عدا عن وجود ممرض بصوره دايمه يرشد الاهلين علي التعلي…							
1940-04-25	difaa	difaa19400425-01.1.4	diphtheria	دفتري	page					…هران في الساعه الخامسه والنصف من بعد ظهر امس ، حسب وقت فلسطين بعزف النشيد الايراني الامبراطوري ثم تقدم ولي عهد ايران والقي كلمه قصيره ، والقي الدكتور دفتري رييس الوزاره الايرانيه كلمه طويله ، وتكلم المذيع بعد ذلك باللغه الفارسيه ثم بالعربيه وقال ان محطه راديو طهران ستذيع في كل مساء وان اللغه العربيه تقع …							
1940-05-10	difaa	difaa19400510-01.1.2	malaria	الملاريا	page					…دوره مكافحه الملاريا…							
1940-05-10	difaa	difaa19400510-01.1.2	malaria	الملاريا	page					…عاد من مدينه عكا مساء امس جميع الممرضين ومفتشي مكافحه الملاريا في دواير الصحه بعد ان اشتركوا في الدوره التمرينيه للاعمال الصحيه ومكافحه الامراض الساريه التي اشرنا اليها في عدد امس الاول . وقد تمرنوا علي استعمال ا…							
1940-05-10	difaa	difaa19400510-01.1.2	measles	الحصبه	page					…مرض الحصبه…							
1940-05-10	difaa	difaa19400510-01.1.2	measles	الحصبه	page			y		…تفشي مرض الحصبه مءخرا في اعده قري من المنطقه الجنوبيه ونتج…							
1940-05-26	difaa	difaa19400526-01.1.2	malaria	الملاريا	page					…اتخاذ تدابير لمكافحه الملاريا الطواف علي الاماكن الملازمه…							
1940-05-26	difaa	difaa19400526-01.1.2	malaria	الملاريا	page					…باشر موظفو مكافحه الملاريا، بمعونه عدد من الممرضين في دواير الصحه ، الطواف علي القري ، وخاصه الواقعه بجوار المستنقعات والاوديه لارشاد الاهالي الي الطرق الصحيه الحديثه المكافحه …							
1940-07-18	difaa	difaa19400718-01.1.2	smallpox	الجدري	page		y	y		…حادث اصطدام واصابه في الساعه السابعه من مساء ليله امس اصطدمت دراجه ناريه كان يركبها كل من السيدين محمد عهد الجدري ا وسعيد ابراهيم المصري بسياره باص ا يهوديه كبيره بالقرب من كفر سابا فتحطمت الدراجه واصيب راكباها بجراح خطره تقلا علي اثرها الي مستشفي ا ملبس حيث اجري…							
1940-07-29	difaa	difaa19400729-01.1.3	malaria	الملاريا	window			y		…لافا لما يتصوره البعض وتهبط الحراره في اكثر الاحيان في العصر ويستمر الهواء المنعش طول الليل واما من جهه الشايعات بخصوص شده الحر وانتشار الامراض ومنها الملاريا وعدم التصريح بالذهاب فهذا لا صحه له مطلقا فقد منع السفر بضعه حيفا- زاير ايام ثم ازيل والحاله الصحيه حسنه جدا…	0	0	0	absent			no-register-coverage
1941-03-12	difaa	difaa19410312-01.1.2	plague	طاعون	page					…١٥ الف نسمه ودام من الساعه الحاديه عشره ظهرا حتي الخامسه والنصف مساء ونصبت السرادق وكان السباق علي ثلاثه اشواط وزعت فيها جوايز علي الفايزين اباده مرض طاعون وصل الي الرمله حضره الدكتور احمد خيري طبيب بيطري الالمواء وقام بمرافقه الشاب اديب العلم مفتش المواشي في قضاء الرمله بزياره عرب ابو الفضل للتفتيش علي …							
1941-03-16	difaa	difaa19410316-01.1.2	plague	طاعون	page				y	…واء طاعون الدجاج ارسل قايمقام الرمله رقاع الدعو الي مخاتير قضاء الرمله للاجتماع في مكتب يوم الاربعاء القادم لمقابله طبيب بيطر اللواء لارشادهم في شيون طاعون . الدجاج وغير ذلك . وطلب من مخات القري ان يعينوا في اقرب فرصه شخه عن كل حاموله فينتخب شخصان ونقد الاسماء الي القاعقام وظيفه محصل اموال جري يوم امس فح…							
1941-03-23	difaa	difaa19410323-01.1.2	malaria	الملاريا	page					…لعامه في فلسطين الذي قررته وزاره المستعمرات في الصيف الماضي . وياتي في المقدمه مشروع تحسين الانتاج الزراعي وانعاش للقري بتنظيم الري في البلاد ومكافحه الملاريا وانشاء عيادات طبيه متنقله في بعض القري المتوسطه وبناء بيوت موذجيه صحيه ليقوم القرويون بانشاء مثلها مع مراعاه البساطه في التكاليف وتعتبر مساله انشاء م…							
1941-03-27	difaa	difaa19410327-01.1.2	typhoid	التيفوييد	page			y		… مفتش التاريخ والجغرافيا في اداره ه المعارف العامه امس مدرسه الشيخ ه مونس الاميريه ، وبعد ان تفقد صفوفها ه واشرف علي سير التعليم فيها عاد الي يافا ضم التيفوييد قام موظفو الصحه بعمليه التطعيم د ضد التيفوييد في قريه الشيخ مونس ن امس بما في ذلك طلاب المدرسه ، وقد سمح الطبيب للطلاب بالانقطاع عن الدراسه ثلاثه ايام اقفلت المدرسه في اثنايها المحكمه المركزيه تس…							
1941-04-13	difaa	difaa19410413-01.1.2	malaria	الملاريا	page					…مكافحه الملاريا…							
1941-04-13	difaa	difaa19410413-01.1.2	malaria	الملاريا	page					…انهي موظفو دواير الصحه الذين انتدبوا من كافه الجهات الحضور الدوره العمليه للتدريب علي مكافحه الملاريا المده التي عينت للتدريب . بعدان قاموا بتمارين عمليه امام كبار الاطباء البريطانيين والعرب بواسطه احدث الطرق التي استنبطت مءخرا واستعمال الرماد بعد مزج…							
1941-04-13	difaa	difaa19410413-01.1.2	malaria	الملاريا	page					…نشطات دواير الصحه في اللواء في تجفيف المستنقعات قرب سكرير والنبي روبين ووادي المقنع استيصالا | الملاريا وذلك بمناسبه قرب حلول فصل الصيف. وقد شرعت في انشاء مراحيض في مدارس القري الاميريه علي نفقه الحكومه…							
1941-05-01	difaa	difaa19410501-01.1.3	typhoid	التيفوييد	page					…والتجاريه- ١١ اناشيد - ١١,٢٥ اسطوانات - ٢,٣٠ رياض السنباطي حفله غناييه - ٢٥٥ اسطوانات - ٣ سلام ختصام - وزاره الصحصه مناقشه بين طبيب و محام انتشار حمي التيفوييد ۷ قران كريم - ٧,٣٠ اسطوانات تركيه - ١٥ ٨ فاطمه الجمال حديث : ٨,٢٥ اسطوانات - ٨,٣٠ النشره الاخباريه الانسه ام كلثوم حفله غناييه كبري فءاد صروف حدیث خل…							
1941-05-08	difaa	difaa19410508-01.1.2	typhoid	التيفوييد	page			y		…ديه القدس وبعد ان يجتمع ببعض المسيولين في بلديه يافا يقوم ورييس واعضاء اللجنه والدكتور موري رييس اطباء اللواء بجوله علي المنطقه التي كثرت فيها اصابات التيفوييد في محله العجمي ومن ثم يعودون الي دايره حاكم اللواء الاجتماع بسعادته واطلاعه علي نتايج الجوله لاتخاذ الترتيبات اللازمه ازاء هذه المساله…							
1941-05-08	difaa	difaa19410508-01.1.2	plague	بالطاعون	dateline	Haifa		y		…ترحات الضروريه تطهير احد عنابر الجمرك حضر بعض رجال الصحه الي احد عنابر الجمرك للاشراف علي حركه تطهير العنبر من جراء وجود كميات كبيره من الجره المصابه بالطاعون بين البضايع فيه وقد اهتمت دايره الجزك في الامر وشرعت تسجل اسماء الداخلين الي الميناء مخافه اصابه احدهم بمرض الطاعون وتفشي الوباء ، وقد اقفل العنبر منذ امس الاول الحكم علي اشخاص يلعبون القار عرضت امام القاضي البريطاني صباح اليوم قضيه شخصين هما جريس نقولا ويوسف علام …	0	0	0	absent			no-register-coverage
1941-05-13	difaa	difaa19410513-01.1.2	typhoid	التيفوييد	page			y		…المكافحه اصابات التيفوييد قامت الجنه من الساده الوجيه علي افندي المستقيم رييس لجنه البلديه بالوكاله ، مسعود افندي الدرعلي ، ماير | افندي المزاق ، المستر موري رييس اطباء اللواء…							
1941-05-13	difaa	difaa19410513-01.1.2	typhoid	التيفوييد	page			y		…ه القدس، والمستر كوز لفسكي نايب مهندس المجاري في البلديه ، بالكشف علي منطقه العجمي التحتا الواقعه بين مقام العجمي والكازخانه ولاتي تعددت حوادث اصابات التيفوييد فيها للوقوف علي حالتها الصحيه واتخاذ الترتيبات لانشاء مجار عموميه وبعد ان تجولت اللجنه في معظم احياء المنطقه عادت الي دايره حاكم اللواء حيث اجتمعت بس…							
1941-06-04	difaa	difaa19410604-01.1.3	plague	الطاعون	dateline	Haifa	y	y		…عو عبد علي في طريق شارع الملوك فاصيب بجراح نقل علي اثرها الي المستشفي الاحتياطات الصحيه في الجمرك اتخذت الاحتياطات الكافيه في الجمرك لمنع انتشار وباء الطاعون واباده الفيران والجرذ من بين البضايع المكدسه في المنابر ، وقد عين بعض الموظفين التدوين اسماء الداخلين الي الجمرك وتسليمهم اوراقا يضطرون بموجبها الي ا…	0	0	0	absent			no-register-coverage
1941-06-06	difaa	difaa19410606-01.1.3	typhoid	التيفوييد	other:Jerusalem	Jerusalem		y		…ذا كان من ا التجار او وجهاء القريه يحاكم علي كل قريه ان تقدم اسماء لجنه المراقبه حالا وبدون تاخير والسلام عليكم. التوقيع في ٤-٦-٩٤١ تطعيم التلامذه ضد التيفوييد اخذت اداره الصحه العامه في تطعيم تلامذه بعض المدارس ضد حمي التيفوييد ، فحبذا لو عممت الاداره هذا العمل وقايه لجميع الاهالي من هذا المرض الساري الخطر اتخاذ عماره ملجا للوقايه تقرر اتخاذ عماره الساده حلي اخوان الكبيره ، …							
1941-07-24	difaa	difaa19410724-01.1.2	typhus	التيفوس	window			y		…ها د علي ٥٠٠ كيلو غرام ه الامراض الساريه ) اصابه بمرض الطاعون في حيفا ، كما وقعت وقعت في فلسطين يوم ١٣ الجاري في مختلف انحاء البلاد ۱۱ اصابه بمرض ا ه التيفوس جميعها في المستعمرات اليهوديه براق وهلات يتسمان و رخوفوت بي ا قايد عسكري اصدر القايد العام للجيوش البريطانيه في فلسطين وشرق الاردن امرا بتعيين ا - ال…	0	0	0	absent			no-register-coverage
1941-07-24	difaa	difaa19410724-01.1.2	plague	الطاعون	window			y		…م ، اما السياره التي تنقل : او ٦ ا ركاب فيحق لها ان تستعمل كسياره ا شحن لنقل مشحونات لا يزيد وزنها د علي ٥٠٠ كيلو غرام ه الامراض الساريه ) اصابه بمرض الطاعون في حيفا ، كما وقعت وقعت في فلسطين يوم ١٣ الجاري في مختلف انحاء البلاد ۱۱ اصابه بمرض ا ه التيفوس جميعها في المستعمرات اليهوديه براق وهلات يتسمان و رخو…	0	0	0	absent			no-register-coverage
1941-08-01	difaa	difaa19410801-01.1.2	plague	الطاعون	page			y		…تعديل قانون الرهنيات - اجور الباصات استيصال وباء الطاعون - مسايل التعامل…							
1941-08-01	difaa	difaa19410801-01.1.2	plague	الطاعون	window			y		…استيصال وباء الطاعون واصدر فخامه المندوب السامي بيانا موجب قانون الصحه العامه يعلن فيه ان مدينه وميناء حيفا معرضتان تخطر جدي من وباء الطاعون، لذلك فان الماده العشرين من القانون المذكور اصبحت ساريه علي منطقه تنظيم بلديه حيفا الي حين اشعار اخر عكا وانظمه الدفاع واصدر فخامته امرا بتطبيق انظمه…	0	0	0	absent			no-register-coverage
1941-08-10	difaa	difaa19410810-01.1.2	plague	الطاعون	window					…واستيصال الطاعون قررت السلطات المحليه في حيفا ازاله عدد كبير من البراكات والبيوت الخشبيه الواقعه في اماكن معينه من المدينه وكذلك الاصطبلات والحظاير والمزابل لاباده الفيران المشبوهه بحمل جراثيم الطاعون وقد فحصت دايره الصحه حتي الان اكثر من الف جنه من الفيران فظهر ان عددا ضييلا جدا منها يحمل الجراثيم ، وقد دعي من القدس بعض الخبراء لمساعده السلطات في …	0	0	0	absent			no-register-coverage
1941-08-18	difaa	difaa19410818-01.1.3	plague	الطاعون	dateline	Haifa	y	y		…جاء ال حوالي مايتي براكه قد هدمت في الاسبوع المنصرم وكان ذلك الاوامر دايرتي الصحه والبلديه مخافه تفشي وباء الطاعون وقد استعلمنا عن المصاب الثاني في وباء الطاعون ففهمنا ان حالته حسنه وسيخرج من المستشفي الحكومي بعد يومين لحل مشكله المياه في الناصره بديء في الناصره بتوزيع المياه من الخزان الثالث وقد تحسنت الحاله…	0	0	0	absent			no-register-coverage
1941-08-24	difaa	difaa19410824-01.1.2	plague	الطاعون	page					…مكافحه الطاعون…							
1941-08-28	difaa	difaa19410828-01.1.2	plague	الطاعون	paragraph					…مثلي هدار ها كرمل وسمع الي شكايتهم بشان الضرر الذي يلحق الفقراء من السكان عندما تهدم براكاتهم وبيوتهم الخشبيه التي ستهدم بسبب التدابير الخاصه بمكافحه الطاعون ، وقد سجل سعادته هذه الشكوي ووعد ببحثها بعنايه…	0	0	0	absent			no-register-coverage
1941-08-29	difaa	difaa19410829-01.1.2	plague	الطاعون	window		y	y		…ثانيه تعقد لجنه موظفي الدرجه الثانيه في المواء بعد ظهر اليوم الجمعه - جلسه في بيت سكرتيرها في العجمي البحث بعض الشيون الخاصه في العجمي تدابير استيصال الطاعون نقل الي مستشفي الحكومه في حيفا يوم امس شخص ظهرت عليه اعراض الطاعون وقد دل هذا علي ان التدابير التي اتخذت لم تستكمل استيصال خطر هذا المرض ، لذلك فقد ضاعفت السلطات نشاطها وقررت اتخاذ تدابیر اخري شديده منها الاصرار علي …	0	0	0	absent			no-register-coverage
1941-08-31	difaa	difaa19410831-01.1.3	malaria	الملاريا	other:Jerusalem	Jerusalem				…بالارد حاكم اللواء والمستر تسمن مدير البوليس الي مركز بوليس الزويره في قضاء بير السبع وعادا في المساء ذهب الي خان يونس طبيب الصبحه للتفتيش علي مقاومه الملاريا في المستنقعات عقدت محكمه البلديه جلسه برياسه السيد رشدي الشوا وفصلت في ٣٠ مخالفه يعقد في قريه الفالوجه غدا اجتماع لبحث ضريبه الدخل يحضره القايمقام ال…							
1941-09-16	difaa	difaa19410916-01.1.2	plague	الطاعون	page					…تداييد شديده الاستيصال الطاعون…							
1941-09-16	difaa	difaa19410916-01.1.2	plague	الطاعون	window			y		…صدر عن مكتب حاكم اللواء في حيفا امسي بلاغ رسمي بشان التدابير المتخذه ضد انتشار الطاعون في المدينه ورد فيه يلي : عقد اجتماع كبير في دار الحكومه ما يوم امس درست فيه مساله هدم الاكواخ والبراكانت الخشبيه في هدار ها كرمل بسبب وباء الطاعون المنتشر ، وقد اشترك في الاجتماع الكولونك هيرون مدير الصحه العامه والمستر بولاك حاكم المواء ورييس لجنه بلديه حيفا ومدير صحه حيفا ورييس لجنه الكرمل وري…	0	0	0	absent			no-register-coverage
1941-09-23	difaa	difaa19410923-01.1.2	plague	بالطاعون	window					…ذهب الي حيفا صباح امس نايب رييس | البلديه ورييس اطباء اللواء ومساعده الشاهده الاعمال الجاريه في استيصال الجرذان الموبوءه بالطاعون…	0	0	0	absent			no-register-coverage
1941-10-12	difaa	difaa19411012-01.1.2	plague	الطاعون	paragraph					…سكيرك ، لذلك تقرير مفاوضه اصحاب هذه الاملاك بشان الهدم وقررت اللجنه بناء علي توصيه دايره الصحه رصف وتبليط مساحات كبيره من الارصفه والجهات لمنع انتشار الطاعون ا…	0	0	0	absent			no-register-coverage
1941-11-14	difaa	difaa19411114-01.1.3	plague	الطاعون	page					…نجاح دايره الصحه في استيصال الطاعون…							
1941-11-14	difaa	difaa19411114-01.1.3	plague	الطاعون	page		y	y		…حسب بلغت كميات الجراذين والفيران التي اصطيدت منذ الوقت الذي وجدت فيه اصابات الطاعون - المعلومات الرسميه كما : اصطيد في شهر تموز من هذا يلي العام ٤٤ جرذونا ميتا و ٤٣٦ حيا . وفي شهر اب ۳۰۸ ميتين و ٦٨١ حيا. وفي شهر تشرين اول ١٨٦ ميتا و ۸۸۹ حيا . وقد بلغ جميع ما اصطيد الي الان ١٠٠٦ ميتين و ٣٥٥٧ حيا . ولا تزال دايره الصحه مهتمه بمقاومه الجرذان والفتك بها للقضاء علي وباء الطاعون في المدينه . وكانت اعمالها خلال انتشار الوباء منار تقدير المسيولين والسكان والاعجاب بها . ثم انه لاطلاع القراء علي اصابات مرض الطاعون يذكر ان عشره اشخاص اصيبوا بهذا المرض ودخلوا مستشفي الحكومه وقد شفي تسعه منهم وانه وان كان لدي التحليل لم يثبت وجود مرض الطاعون في الجرذان التي اسطيدت . الا ان الجراذين الميته لا شك في انها مريضه . اما عدد الجرادين التي وجد انها مصابه بوباء الطاعون فعددها ٣٩ جرذونا .…							
1941-11-14	difaa	difaa19411114-01.1.3	influenza	الانفلونزا	page					…ه علي وجه لا مثيل له فاسرع NEY BOVRIL BOYRIL LYD LONDON لك في تناول البوفريل علي الاقل مره في اليوم القوه الخصوصيه ي ENGLAND الموفريل اللازمه لمقاومه الانفلونزا الموزعون الوحيدون في فلسطين محلات سبني…							
1941-11-26	difaa	difaa19411126-01.1.2	plague	طاعون	page					…عمد ممتاز من الجديده الرسميه ... استيراد الابقار - طاعون الدواجن - الخ .…							
1941-11-26	difaa	difaa19411126-01.1.2	plague	طاعون	window					…و الخبر الثالث بيان يعلن انتشار طاعون الدواجن في منطقه حيفا ، لذلك يمنع بيع ايه طيور داجنه اوعرضها للبيع في اسواق حيفا والخبر الرابع هو قايمه الخمسين شخصا من رعايا الدول التي اصبحت معاديه…	0	0	0	absent			no-register-coverage
1942-01-08	difaa	difaa19420108-01.1.2	diphtheria	الخناق	page				y	…الخناق عيده من بذور الحنطه…							
1942-01-21	difaa	difaa19420121-01.1.2	malaria	الملاريا	page					…به زاجره علي لص قدم للمحاكمه يوم امس لص كان قد نشل محفظ، امام مسجد قريه البصر فحكم عليه بدفع قيمه ما في المحفظه وبالسجن سنتين جوله علي القري المقاومه الملاريا قام السيد لطفي ابو علي مفتش الصحه بجوله في قري القضاء لمكافحه الملار وقد اصبحت معظم القري نظيفه من هذا المرض…							
1942-02-05	difaa	difaa19420205-01.1.2	plague	بالطاعون	paragraph			y		…ب اشرنا اليه في حينه مات به صيدلي يهودي علي اثر ظهور اعراض غريبه في جسمه بدات بسقوط دم من الله وانفه حتي مات وقد ظنت السلطات المسءوله ان الصيدلي اصيب بالطاعون فسارعت الي اتخاذ التدابير الصارمه و طعمت جميع الجيران باللقاح ضد الطاعون لكن السلطات عدات بعد ذلك عن هذا الراي بعد ان لم تظهر مضاعفات جديده.…	0	0	0	absent			no-register-coverage
1942-02-23	difaa	difaa19420223-01.1.3	plague	بالطاعون	dateline	Haifa	y	y		…م الفوج الاول من فرق الوقايه من الغارات الجويه الي مستشفي الحكومه الاخذ عينات من دمهم ليجري فحصها كي تستخدم في الانقاذ و الاسعاف عند الحاجه شفاء مصاب بالطاعون واستمرار التدابير شفي البوليس الذي اصيب مءخرا بمرض الطاعون وقد وقعت اصابه جديده شخص اخر . وقد صيد امس واليوم ٨٣ جرذونا . نقل اثنين ينتميان الي عصابه نقل الشخصان اللذان اعتقلا مءخرا بتهمه انتمايها الي عصابه شت…	0	0	0	absent			no-register-coverage
1942-02-23	difaa	difaa19420223-01.1.3	influenza	والانفلونزا	page					…نت نحوي اجود وانقي العقاقير الطبيه الفعاله تنزيل اوجاع الراس والاستنان اولا . والاذن والظهر و الصداع والام الاعصاب بجميع انواعها تانها معرفه للرشوحات والانفلونزا و الزكام والحميات ثالثا: تزيل اوجاع الروماتيزم وامراض المفاصل عند الالم مع كميه من طريقه الاستعمال : تءخذ برشامه واحده الماء ويمكن اعادتها ثانيه بعد مضي ساعه …							
1942-02-25	difaa	difaa19420225-01.1.3	plague	الطاعون	page		y	y		…اصابه باعراض الطاعون نقل الي مستشفي الحكومه للامراض الساريه في بني براك قرب يافا شخص يهودي ظهرت عليه اعراض الطاعون في تل ابيب ، واسم الشخص يهودا غابوب وهو سايق سياره يقيم في شارع الملك وكان ملازما الفراش في منزله جورج و مده ثلاثه اسابيع الي ان قرر طبيب الحكومه نقل…							
1942-03-08	difaa	difaa19420308-01.1.2	plague	الطاعون	page					…حث في شيون المدينه الصحيه وضروره توحيد الجهود بين البلديه ودايره الصحه في اللواء للقضاء علي الجرذان من الدور و الافران لانها العامل الوحيد في نقل مرض الطاعون من جهه الي اخري ، وتطبيق نظام دايره الصحه العامه الصادر في سنه ١٩٤٠ علي سكان المدينه بحذافيره و بعد ان اتخذت عده مقررات مناسبه بهذا الشان قام المجتمع…							
1942-04-01	difaa	difaa19420401-01.1.2	typhus	التيفوس	page					…يع يرتاحون الي هذا م الاستعداد الطبي ا لطلب امصال طلبت الحكومه البولنديه من و السلطات المسيوله في القدس ان تقدم لها ب كميه من الامصال اللازمه لمعالجه التيفوس |…							
1942-04-05	difaa	difaa19420405-01.1.2	plague	الطاعون	page					…ا باللغه العربيه و نجح القاضي البريطاني مبارد في امتحان اللغه العربيه منطقه عكا باعتبار ميناء و صدر بیان رسمي معرضه عكا ومنطقتها البلديه كمنطقه المرض الطاعون واتخاذ التدابير اللازمه للمكافحه…							
1942-04-10	difaa	difaa19420410-01.1.3	influenza	الانفلونزا	page			y		…الي : The British Institute of Engineering Technology Near East Ltd. AE Sansur Building Jerusalem . احترس من الحميات الناشيه عن اختلافات الجو واصابات الانفلونزا والتهابات الحلق فلديك الان الدواء الناجح اشا ن الاوجاع للابق الراس هو نهايات كالمانت والانفلونزا قاهره الاوجاع والصراع والروماتزم الدواء المعول عليه اثبتت التجارب الطبيه ان برشامه الكالمنت هي الشفاء الصداع والتهابات الحلق في مده قصيره جدا فتجد نف…							
1942-04-29	difaa	difaa19420429-01.1.2	plague	الطاعون	page					…فحص الفيران لمكافحه الطاعون…							
1942-04-29	difaa	difaa19420429-01.1.2	plague	الطاعون	window			y		…ما زالت السلطات العامه في حيفا تعمل الاستيصال كل شبهه تدل علي وجود مرض الطاعون في بعض مناطق المدينه وقد فحصت دايره الصحه في حيفا حتي الان ٩٩٣٢ فارا وفي شهر نيسان الجاري فحص ۹۲۰ فارا ظهر ان ثلاثه غير ان منها مصابه بالطاعون…	0	0	0	absent			no-register-coverage
1942-05-08	difaa	difaa19420508-01.1.3	influenza	والانفلونزا	page					…رس من الحياه الناسه من المتها قوات الجو والهدايات الانف اوز او التهابات الحالمين فلديك الان الدواء الناجح لا و باغ للادو الراس : كالمانت اما از بابات والانفلونزا قاهره الارجاع والفراع والروماتزم اثبتت التجارب الطبيه ان برشامه الكالمنت هي الدواء المعول عليه لشفاء الصداع والتهابات الحلق في مده قصيره جدا فتجد نفس…							
1942-05-15	difaa	difaa19420515-01.1.3	typhoid	التيفوييد	page			y		…جري تطعيم بعض تلامذه المدارس ضد التيفوييد وسيجري تطعيم الاخرين في مده قريبه ...…							
1942-05-15	difaa	difaa19420515-01.1.3	influenza	الانفلونزا	page			y		…احرس من الحميات الناشيه عن اختلافيات الجو واصابات الانفلونزا والتهابات الحلو فلديك الان الدواء الناجح لاوجاع رشا للادو الراس كالمانت الا ادابات والانه الوزا قاهره الارباع والصداع والروماتزم اثبتت التجارب الطبيه…							
1942-05-19	difaa	difaa19420519-01.1.3	influenza	الانفلونزا	page			y		…احترس من الحميات الناشيه عن اختلافات الجو واصابات الانفلونزا والتهابات الحلق فلديك الان الدواء الناجح اشا للادم لاوجاع الراسي عامانت الالتهابات والانفلونزا قاهره الارجاع والصراع والروماتزم اثبتت التجارب الطبيه ان برشامه الكالمنت هي الدواء المعول عليه لشفاء الصداع والتهابات الحلق في مده قصيره جدا فتجد نفس…							
1942-05-22	difaa	difaa19420522-01.1.2	influenza	الانفلونزا	page					…EASPOONFULT امثيل له فاسرع في تناول البوفريل علي SOILING WATER & الاقل مره في اليوم . لك القوه ي BOVRIL ERIL TE OND البوفريل الخصوصيه اللازمه لمقاومه الانفلونزا ENGLAND الموزعون الوحيدون في فلسطين محلات سبنی »…							
1942-05-24	difaa	difaa19420524-01.1.2	typhus	التيفوس	window					…لم تقع من الامراض الساريه خلال سوي اصابتين کله الماضي الاسبوع احداهما في حيفا والثانيه في صفد و الاخيره مرض التيفوس…	0	0	0	absent			no-register-coverage
1942-06-19	difaa	difaa19420619-01.1.2	typhus	التيفوس	page			y		…اصابات التيفوس…							
1942-06-19	difaa	difaa19420619-01.1.2	typhus	تيفوس	page					…وقعت في حينا خلال الاسابيع الاخيره بعض حوادث مرض تيفوس البطن السكان حسنا اذا اتقوا شر هذا هم المرض بالعنايه بالاطعمه ونظافتها .…							
1942-06-22	difaa	difaa19420622-01.1.3	typhus	التيفوس	dateline	Haifa		y		… اراضيهم باسعار مخفضه لانجاح هذا المشروع والمساهمه فيه وقد يسافر اعضاء اللجنه في الاسبوع المقبل للتفرج علي الارض الاختيار المناسب منها سبب انتشار مرض التيفوس في المدينه حدثني بعض الاطباء عن مرض التيفوس الذي انتشر في المدينه والقضاء - 1 وعلي الاخص بين الاطفال- ان سببه تعاطي الخضار القذره ، وعدم التنظيفها قبل تناولها السماح بشراء الزايد من محصول الشعي…	0	0	0	absent			no-register-coverage
1942-07-05	difaa	difaa19420705-01.1.2	typhus	للتيفوس	window		y	y		…وزيع قسايم السكر بمقدار ٨٣ كيلو ونصف وياخذ مقابلها شو الا زنته ميه كيلو اليتمكن من توزيع كميات زباينه بعدد الشخص الواحد ٦۰۰ غرام اي او قينين ونصف مصل للتيفوس الخبراء الكيماويين استطاع عدد من الذين يعملون باشراف الحكومه ايجاد مصل يشفي مرض التيفوس المعوي وقد حرب المصل في ١١٤ مريضا كانوا في مستشفي الحكومه بحيفا فشفوا كلهم الا واحد منهم والقاعده الكيماويه الرييسيه في هذا القصدير وهو يقتل مكروب ال…	0	0	0	absent			no-register-coverage
1942-07-05	difaa	difaa19420705-01.1.2	typhus	التيفوس	page		y	y		…مكافحه التيفوس انتشر مرض التيفوس في منطقه القدس مءخرا وكاد انتشاره يزيد لولا ان بادرت دايره الصحه المسامه الي اتخاذ الاجراءات الفعاله السريعه فنقلت المرضي الي المستشفيات في القدس وبي…							
1942-07-16	difaa	difaa19420716-01.1.2	typhoid	بالتيفوييد	dateline	Haifa	y	y		…م ابلغتنا لجنه اليتيم العربيه ان محسنا اشترط عدم ذكر اسمه قد تبرع النساء . الجماعها الاخير بعشره جنيهات لصندوق اللجنه ، جزاء الله خيرا . عدد المصابين بالتيفوييد ومعلومات مختلفه يلقي الدكتور منير مشعلاني في هذا المساء محاضره قيمه في نادي الروتاري عن مرض التيفوييد وسبب انتشاره في المدينه. وتحتوي المحاضره علي نصايح وارشادات للجمهور وعدد المصابين بهذا المرض. وفي مستشفي الحكومه الان ۱۷۰ مصابا ، الاصابات في المدينه والقري المجاوره ثلاثمايه . اما الذين جري وكان مجموع تطعيمهم ضده فزادوا علي عشره الاف نسمه . وقد زيد عدد السرر المخصصه للتيفوييد في المستشفي من ٢٢٠-٤٨٤ و خصص في مستشفي هداسا امكنه الي از بغين مصابا ، وتفيد القيود وجود ٣٤٠ سريرا في مستشفيات الناضره وطبريا وصفد وهناك ثلاثه امكنه …	0	0	0	absent			no-register-coverage
1942-07-16	difaa	difaa19420716-01.1.2	smallpox	الجدري	dateline	Haifa		y		…في المدينه والقضاء تقيم السنما المتجوله التابعه لمكتب المطبوعات حفلات عديده في حيفا وقضاها اعتبارا من يوم ١٦ الجاري لغايه ٢٤ منه تطعيم الصيصان ضد مرض الجدري تنتدب دايره الزراعه في الاسبوع القادم احد موظفيها التعميم الصيصان التي يوم بيعت للجمهور ضد مرض الجدري . وينتهي توزيع الصيصان في هذه السنه. ٢٧ تموز الجاري جوله ضابط التطوع علي مدن وقري | قام ضابط التطوع السيد مصطفي اللي بجوله الي الجاعونه وطبريا وبعض ق…	0	0	0	absent			no-register-coverage
1942-07-21	difaa	difaa19420721-01.1.3	typhoid	التيفوييد	other:Acre	Acre		y		…ضروره التطعيم ضد مرض التيفوييد…							
1942-07-21	difaa	difaa19420721-01.1.3	typhoid	التيفوييد	page			y		…انتشر مرض التيفوييد في المدينه والقري المجاوره . وقد اهتم طبيب الصحه الدكتور اديب خرطبيل بالامر وتجول في الاحياء والشوارع ، والقري التي اصابها هذا المرض واصدر اعلانا يدع…							
1942-07-24	difaa	difaa19420724-01.1.3	typhoid	التيفوييد	dateline	Haifa				…حيفا في ٢٣ تموز - لمراسل الدفاع الخاص - هبطت حوادث التيفوييد هبوطا كبيرا و نقص خطرها علي اثر الاهتمام الذي تبديه دايره الصحه واطباءها وارشاد الجمهور الي احسن الطرق للوقايه من هذا المرض لجنه البلديه تنظر مساله ر…	0	0	0	absent			no-register-coverage
1942-07-30	difaa	difaa19420730-01.1.2	typhoid	التيفوييم	page			y		…اصابات التيفوييم…							
1942-07-30	difaa	difaa19420730-01.1.2	typhoid	بالتيفوييد	page			y		…اصدرت دايره الصحه العامه تعليماتها الي جميع الاطباء والمولدات بان يخبروا اطباء الحكومه المسيولين عن كل اصابه بالتيفوييد يعلمون بامرها حالا ليتخذ الطبيب المسيول الاجراءات السريعه في نقل المريض وعزله عن المجاورين…							
1942-08-03	difaa	difaa19420803-01.1.3	typhoid	التيفوييد	dateline	Haifa	y	y		… وشحن فاصيب سايق الباص واسمه افرايم بنروغ بجروح في راسه وادخلي الي مستشفي هداسا في حاله خطره . ولم يصب احد سواه من الركاب فتح عيادات جديده للتطعيم ضد التيفوييد بمناسبه انتشار اصابات التيفوييد قررت دايره الصحه فتتح عيادات مجهزه بالادوات الصحيه لتطعيم السكان . وقد تم حتي الان فتح عيادات من هذا النوع في الاماكن التاليه : مستشفي الحكومه ، مستش…	0	0	0	absent			no-register-coverage
1942-08-04	difaa	difaa19420804-01.1.2	malaria	الملاريا	page					…سكان علي استهلاك فاكهه العنب اكلا وعصيرا . و اجاب علي سءال اخر يتعلق بزراعه الارز في الحوله فقال ان الارز كان يزرع في تلك المنطقه قبل عشرين سنه ، لكن الملاريا حالت دون مواصله زرعه…							
1942-08-04	difaa	difaa19420804-01.1.2	malaria	الملاريا	page					…وقد اتخذت دايره الزراعه التدابير ازرع المساحات غير قليله من اراضي بحيره الحوله بالارز ، واجرت تحسينات بمسيله الري حالت دون الملاريا. وقد نجحت التجربه. و اجاب مراقب الانتاج الزراعي علي سءال يتعلق بمحصول القمح والشعير في هذه السنه، فقال ان محصول القمح يقدر ، علي وجه العموم، ب ١١٢ ال…							
1942-08-05	difaa	difaa19420805-01.1.2	malaria	الملاريا	page					…ه الدواير الذين نجحوا في دوره التدريب الصحي التي جرت في شهر نيسان الماضي بدايره الصحه العامه لمكافحه الامراض الساريه ، و الاسعافات الاوليه ، و مكافحه الملاريا العمليه في عكا وكان عدد الذين تقدموا في هذه الدوره شخصا ٣٣ مختلف البلدان نجح من الساده. بينهم ١١ منهم ثلاثه من ياقا هم خليل مازين نايب رييس مفتشي بلد…							
1942-08-11	difaa	difaa19420811-01.1.3	typhoid	التيفوييد	dateline	Haifa	y	y		…قله اصابات اليفوييد واهتمام دايره الصحه حيفا في ١٠ اب لمراسل الدفاع الخاص - خفت حوادث اصابات مرض التيفوييد في المده الاخيره بنسبه مرضيه نتيجه للجهود التي بذلتها دايره الصحه وقد عرف ان عدد المصابين به ممن لا يزالوا في المستشفيات لا يتجاوز الميه. ولوحظ ان اك…	0	0	0	absent			no-register-coverage
1942-08-11	difaa	difaa19420811-01.1.3	typhoid	التيفوييد	dateline	Haifa		y		… الحكومه هنا وصحه اخذه في التحسن واهتمت دايره الصحه بالحادث و اتخذت تدابير سريعه الصيد الجراد ين التي يعتقد انها سبب هذه الامراض . استمرار التطعيم ضد التيفوييد في المدن الصحه تطعيم السكان ضد مرض التيفوييد في عكا ، صفد ، توالي دايره الناصره وطبريا شكر سكان محلتين لمدير شركه المياه جاء الي هذه الوكاله وقد يراسه السيد الحاج حامد البنا عن محلتي وادي الصليب…	0	0	0	absent			no-register-coverage
1942-08-11	difaa	difaa19420811-01.1.3	plague	بالطاعون	dateline	Haifa	y	y		…لي دايره البوليس رفع رءساء الطوايف عريضه الي رياسه البوليس يطلبون فيها مكافحه المحلات المشبوهه محافظه علي الاخلاق ويتوقعون اهتماما بهذا الشان . اصابه بالطاعون في قريه شفاعمرو وقعت في قريه شفاعمر و اصابه بالطاعون نقل المصاب بها الي مستشفي الحكومه هنا وصحه اخذه في التحسن واهتمت دايره الصحه بالحادث و اتخذت تدابير سريعه الصيد الجراد ين التي يعتقد انها سبب هذه الا…	0	0	0	absent			no-register-coverage
1942-09-23	difaa	difaa19420923-01.1.3	typhoid	التيفوييد	page			y		… السيد عبد الرزاق قليبو القايمقام اعماله اليوم الي خلفه السيد نقولا سابا ه وسيمين السيد احسان هاشم قايمقاما لله ابتداء من اول السنه المقبله انتشر مرض التيفوييد بين السكان فنرجو من دايره الصحه في الرمله ان ترسل شخصا للتطعيم في الله عينت دايره الزراعه السيد جميل برزق في منصب مامور زراعه القضاء الله وتعين السيد…							
1942-09-27	difaa	difaa19420927-01.1.3	smallpox	الجدري	page			y		… خصم المبالغ التي قد يكون الحاج قد اقترضها من القنصل البريطاني في جده او من الحكومه المصريه ويجب ان يكون الحاج حاملا الجواز سفر وشهاده تفيد تلقيحه ضد الجدري والكوليرا وتذاكر سفر بالسكه الحديد من بلدته الي السويس ذهابا وايابا ويجب ان تقدم الطلبات قبل الحادي عشر ذي القعده الموافق ۲۰ تشرين الثاني القادم - يج…							
1942-09-27	difaa	difaa19420927-01.1.3	cholera	والكوليرا	page			y		…مبالغ التي قد يكون الحاج قد اقترضها من القنصل البريطاني في جده او من الحكومه المصريه ويجب ان يكون الحاج حاملا الجواز سفر وشهاده تفيد تلقيحه ضد الجدري والكوليرا وتذاكر سفر بالسكه الحديد من بلدته الي السويس ذهابا وايابا ويجب ان تقدم الطلبات قبل الحادي عشر ذي القعده الموافق ۲۰ تشرين الثاني القادم - يجري النظر ف…							
1942-10-02	difaa	difaa19421002-01.1.3	typhoid	التيفوييد	dateline	Haifa	y	y		…اسماعيل كمال لا تمام علومه في كليه الطب في الجامعه الاميركيه بعد ان اتم مده التمرين في مستشفي الحكومه بحيفا وقد زود بكميه من دواء اكتشف حديثا لمعالجه التيفوييد لتجربته في الجامعه واسمه « الدستان »…	0	0	0	absent			no-register-coverage
1942-11-09	difaa	difaa19421109-01.1.3	smallpox	الجدري	dateline	Haifa	y	y		…مرك حتي لا يقع ما وقع في السنه الماضيه من منع الجمهور الدخول الي المرفا الا بعد التطعيم خوفا من الامراض . توفي في مستشفي الحكومه الطفل الذي اصيب بمرض الجدري بحي الكرمل منذ اسبوع ويبلغ من العمر سنتين . وقد وزعت دايره الصحه ابر التلقيح علي جميع الاطباء ليتولوا تطعيم الجمهور…	0	0	0	absent			no-register-coverage
1942-11-11	difaa	difaa19421111-01.1.3	typhoid	التيفوييد	page			y		…هبوط عدد الاصابات بمرض التيفوييد…							
1942-11-11	difaa	difaa19421111-01.1.3	typhoid	التيفوييد	dateline	Haifa	y	y		…حيفا في ١٠ تشرين الثاني - لمراسل الدفاع الخاص - هبطت اصابات التيفوييد في المدينه وشفي القسم الاكبر من المصابين ولا يزال في مستشفي الحكومه ٦٠ شخصا تقريبا وتبدي دواير الصحه نشاطا كبيرا في محاربه هذا المرض حتي انعدمت الاصا…	0	0	0	absent			no-register-coverage
1942-11-12	difaa	difaa19421112-01.1.3	typhoid	التيفوييد	page					…المعابد وتاجيل البت بامانه المدارس الاهليه الي ما بعد بحثها مع مدراء هذه المدارس وامتلاك قطعه ارض شرقي البلد للنفايا . - بلغ عدد الذين تطعموا بمصل ضد التيفوييد في الله ۲۰۰۰ شخص في خلال الايام الاخيره . طلب القايمقام من رييس المكتبه ان يسمح للمراجعين من الناس بمقابلته بدون استدعاءات تسهيلا لاعمالهم . دخل السي…							
1942-11-16	difaa	difaa19421116-01.1.3	influenza	الانفلونزا	page					…علي وجه لا TEASPOONEDLT OIEING WATER & S مثيل له فاسرع في تناول البوفريل علي الاقل مره في اليوم لك القوه ري BOVRIE البوفريل الخصوصيه اللازمه المقاومه الانفلونزا ovan LYOLANDON CNGLAND الموزعون الوحيدون في فلسطين…							
1942-11-23	difaa	difaa19421123-01.1.3	smallpox	بالجدري	dateline	Haifa	y	y		…هله ، لذلك طلب اهل المصاب لفت نظر السلطات المسيوله لعدم اتكرار لامثل هذا الحادت التكرار لمثل الحادث من اخبار تلفونيه مختصره في سطور التلقيح- اصيب طفل بالجدري فادخل المستشفي الحكومي واقبل الناس علي خوفا من المرض . انتدبت لجنه المعارف الاسلاميه السيد يوسف الجابر مديرا للمدرسه الاسلاميه بحيفا فنهديه . زار مين…	0	0	0	absent			no-register-coverage
1942-11-25	difaa	difaa19421125-01.1.3	smallpox	الجدري	page			y		…ازدياد الاقبال علي التلقيح ضد الجدري…							
1942-11-25	difaa	difaa19421125-01.1.3	smallpox	الجدري	dateline	Haifa		y		…حيفا في ٢٤ تشرين الثاني - لمراسل الدفاع الخاص - ازداد اقبال الجمهور علي التلقيح ضد الجدري علي اثر اصابه ظهرت بهذا المرض وقد ارسلت دايره الصفحه موظفيها للمدارس الاميريه ليقوموا بتطعيم التلاميذ واعطت الاطباء ابرا حتي يلقحوا كل من يريد التطعي…	0	0	0	absent			no-register-coverage
1942-11-26	difaa	difaa19421126-01.1.2	plague	الطاعون	page					…لاشراف علي الشيون الصحيه العامه وزودوا بعض السكان بالنصايح المفيده ولفتوا نظرهم الي ضروره الاهتمام بالنظافه والقضاء علي الجرذان التي تنقل عاده ميكروب الطاعون و يتخذ مفتشو البلديه الترتيبات اللازمه لتطهير الاماكن التي يظهر انها تلجا اليها…							
1942-12-10	difaa	difaa19421210-01.1.2	diphtheria	دفتري	paragraph					…ب في ابداء بعض ملاحظات حول هذا الموضوع وهي ان حاملي مترجف زياده النقط هو عدم وجود المواد الخاضعه لنظام النقط ، فلو وجد البيض مثلا لما بقي ولا نقطه في دفتري وكان يلزمنی دفتر اخر لشراء البرغل والسميد والارز و حبوب الافطار المعدومه الوجود المعكرونه فلم اعثر عليها في الشهر حتي الماضي . فعوضا عن تقليل النقط ا…	0	0	0	absent			no-register-coverage
1942-12-23	difaa	difaa19421223-01.1.2	plague	بالطاعون	page			y		…بعض اصابات بالطاعون في محله السكرتون تعاون دايرتي الصحه والبلديه علي المكافحه…							
1942-12-23	difaa	difaa19421223-01.1.2	plague	الطاعون	page			y		…اتخذت داير تا الصحه والبلديه في باقا ترتيبات واسعه النطاق التطهير منطقه سوق الكرمل التي ظهر فيها بعض الاصابات الي علي انها من مرض الطاعون وارسلت البلديه صباح امس عددا كبيرا من عمالها الي المنطقه المذكوره واشتركوا مع عدد اخر في ازاله جميع البراكات والمخاشيب والبيوت القدره التي يظن ان الجرذان ناقلات الطاعون تاوي اليها. وتمكن العمال القايمون بعمليه التطور من العثور علي عدد كبير الي دايره الصحه لفحصها ومعرفه ما اذا كانت مصابه بامراض ساريه ام لا…							
1942-12-23	difaa	difaa19421223-01.1.2	smallpox	الجدري	page			y		…يبدي المسيولون اهتماما بالغا في وقايه السكان من الامراض الخطره ويعملون علي ازاله الاسباب التي تنشا عنها ولوحظ ان عددا كبيرا من السكان قدتم تلقيحهم ضد الجدري والطاعون في الايام الاخيره ، وقد يزيد هذا العدد في المستقبل الغريب حتي يشمل جميع سكان المدينه .…							
1942-12-23	difaa	difaa19421223-01.1.2	plague	والطاعون	page			y		…مسيولون اهتماما بالغا في وقايه السكان من الامراض الخطره ويعملون علي ازاله الاسباب التي تنشا عنها ولوحظ ان عددا كبيرا من السكان قدتم تلقيحهم ضد الجدري والطاعون في الايام الاخيره ، وقد يزيد هذا العدد في المستقبل الغريب حتي يشمل جميع سكان المدينه .…							
1942-12-23	difaa	difaa19421223-01.1.2	plague	بالطاعون	page			y		…ديه بعد ان قضي في الحمه حوالي العشرين يوما للراحه والاستجمام، وقد توافد اصدقاءه ووجهاء المدينه للسلام عليه وعاد كذلك المستر سكوت كاتب المدينه A اصابه بالطاعون قالت البالستين بوست في عددها الصادر امس انه ظهر في مستعمره شمارياه و بجوار هر از یا اصا الطاعون وهناك اصابتان اخویان مشتبه بهما في مستعمره في براك ، وقد اكتشفت اول اصابه بني بالطاعون قبل اسبوعين عند وجود الجرذان في مستودع حبوب في المستعمره وقد اتخذت الاجراءات للقضاء الحمايه السكان من الاوبيه . المساهمه في طريق قررت الحكومه المساهم…							
1942-12-28	difaa	difaa19421228-01.1.2	plague	بالطاعون	page		y	y		…الداودي القاضي في كلمه المركزيه الي غزه لقضاء قسم من ع المحاكم هناك وقد رافقه في هذه الرحاله السيد جواد مساعد مفتش الحد مدرسيه في دايره المعارف الاصل بالطاعون جاء في نتانيه اصدرها مستشفي الحكومه للامر الساريه في بني براك علي طريق مليح اثنين من المصابين الخمسه بالطاعون دورا المستشفي بعد ان نجوا تماما من وهما من مستعمره کفار شمر يا هو انه الباقون فقد طرا تحسن اخر النهم…							
1942-12-28	difaa	difaa19421228-01.1.2	plague	بالطاعون	page			y		…راك منع دايره البلديه اعمالها في تطهير منطقه سوق الكرمل والاحياء المجاوره لها وبعد ان اطمانت الي الاجراءات التي قامت بها في الحي الذي ظهرت فيه اصابات بالطاعون اخذت في تطهير محله الكرتون والمنشيه مبالغه في الاحتياط وقام عمال البلديل امس بازاله البراكات والنيخاشيب واقفال الخانات الكثيره والعمل علي تطهيرها ورد…							
1942-12-28	difaa	difaa19421228-01.1.2	plague	الطاعون	page			y		…للمصلحه . وعلي دايره الصحه ايضا ان والناس الي التطعيم ضد هذه تدعو الامراض الساريه وان يجبر اهالي المناطق التي ظهرت فيها اصابات الطاعون علي…							
1942-12-28	difaa	difaa19421228-01.1.2	plague	الطاعون	page		y	y		…صادها التلقيح و نصيحتنا الي السكان ان يعنوا بالنظافه التامه في بيوتهم وان يزيلو الجميع الخرق الباليه وكل ما يمكن ان تلجا اليه اجر دال باقله الطاعون وان يعملو سي سد جميع الحروق التي تظهر في الجدران والمطابخ ودورات المياه . و نشرت « دافار ، ان مستشفي الحكومه للامراض الساريه في بني براك…							
1942-12-28	difaa	difaa19421228-01.1.2	plague	بالطاعون	page		y	y		…علي طريق اللبس اصدر نشره رسميه قال فيها انه لا صحه لما اشيع عن ادخال عدد جديد من المصابين بالطاعون للمستشفي و الصحيح ان عددهم لم يزد منذ اربعه ايام وهم ثلاثه اشخاص مصابون واثنان مشبوهان وقد تحسنت الخطر حاله الجميع وزال عنهم وقال مصدر مسيول امس ان الاجراءات والتدابير التي اتخذت المكافحه الطاعون لم تنحصر في صيد الفيران وهدم البيوت فقط بل تناولت اجراءات اخري هامه منها انتشار عدد من المفتشين للتحقيق عن الاماكن التي كان فيها المصابون قبل ظهور ال…							
1942-12-28	difaa	difaa19421228-01.1.2	plague	بالطاعون	page		y	y		…لوحظ ان الدقيق الموحد رقم ١١ الذي وزع اخيرا علي الاهلين ليس نقيا وقد لفت السكان دايره المءن لذلك وفاه مصاب بالطاعون ذكرنا امس ان دايره الصحه نقلت السيد محمد علي ابو شندي من سكان شارع العالم بمحله المنشيه الي المحجر الصحي في المدينه للاشتباه بانه مصاب بمرض الطاعون ، وقد علمنا انه نقل صباح امس الي مستشفي في براق علي طريق ا ملبس المنه لم يابث ان توفي متاثر اباصابته، و وقد ترك اربع نساء يعتمدن عليه في معيشتهن . رح…							
1942-12-29	difaa	difaa19421229-01.1.2	plague	الطاعون	page					…المكافحه الطاعون…							
1942-12-29	difaa	difaa19421229-01.1.2	plague	الطاعون	page					…علي اثمر ما كتب امس في ( الدفاع يق عن مرض الطاعون ازداد اهتمام السكان ال واخذوا يتوقون لمعرفه الاجراء الس والنصايح التي يتسغي اتباعها للقضاء علي هذا المرض ..…							
1942-12-29	difaa	difaa19421229-01.1.2	plague	الطاعون	page					…عن اي شيء تريد ان احدثك ، فقلت ان الجمهور يهمه ان يعرف راي المختل في امر الطاعون ويريد ان تقه النصايح والتعليمات لكي يحرص علي اتباعها. وبعد ان اطلعته علي التحيه…							
1942-12-29	difaa	difaa19421229-01.1.2	plague	بالطاعون	page			y		…ضيه متهدمه او عشش خشبيه او دكاكين متداعيه للسقوط . واذا وجد احد الاشخاص فارا ميتا فلا يلمسه ابدا وليخبر حالا دايره الصحه لتفحصه خوفا من ان يكون مصابا بالطاعون - ثم قال اذا عمل كل فرد من افراد الشعب بهذه النصايح فان الجميع ينجون من هذا المرض وثقوا ان هذه الاصابات لا تدعو اللخوف . ولا يظهر خطرها الا اذا اعمال…							
1942-12-29	difaa	difaa19421229-01.1.2	plague	الطاعون	page					…قرار تخطيط جديد لتل ابيب حمله شديده علي مرض الطاعون…							
1942-12-29	difaa	difaa19421229-01.1.2	plague	الطاعون	page					…فرفضت ان تزيد مساحتها و في سنه ١٩٣٨ زيدت المساحه ١٥٠ دونما اخري ودرس المجلس مساله مكافحه الطاعون فتقرر اعلان الحرب عليه حرب الا هواده بالا فيها ولا رحمه مهما كلف الامر وتقرر تاليف لجنه لترحيل السكان من المناطق الموبوءه ولجنه المحاربه المرض ثم يحث…							
1942-12-29	difaa	difaa19421229-01.1.2	plague	بالطاعون	page		y	y		…نقل امس الي مستشفي الحكومه اللامراض المعديه قرب ملبس شخص اخر من سكان المنشيه بجوار حسن بك ، مشتبه فيه بانه مصاب بالطاعون. وقد سالنا المستشفي عن حالته فقيل انه قابل للمعالجه ، وحالته في تحسن .…							
1942-12-29	difaa	difaa19421229-01.1.2	plague	الطاعون	page					…روكان رييسها ، شفهان مهندس بلدينها ، ارشتاین . و بحث في مقاومه الطاعون وايواء…							
1942-12-29	difaa	difaa19421229-01.1.2	plague	الطاعون	window			y		…طافه الطاعون في حيفا وتطعيم ٣٠ الفا…	0	0	0	absent			no-register-coverage
1942-12-29	difaa	difaa19421229-01.1.2	plague	الطاعون	window			y		…وجود الفيران في المدينه وقد بلغ عدد الذين تم تطعيمهم ضد الطاعون في حيفا . حتي الان ٣٠ الفا…	0	0	0	absent			no-register-coverage
1943-01-01	difaa	difaa19430101-01.1.3	smallpox	الجدري	page		y	y		… السيد وديع ترزي و حل ضيفا علي ابن عمه السيد صليبا اترازي . تقرر امس توزيع المياه علي الاهالي طيله النهار تبذل دايره الصحه جهودها في تطعيم الاهالي ضد الجدري - لا يزال رييس البلديه السيد سليم بشاره منحرف الصحه وهو عند نجله الدكتور سامي بشاره طبيب مستشفي الحكومه بيافا ويقوم مقامه هنا بالنيابه السيد نجيب الب…							
1943-01-04	difaa	difaa19430104-01.1.2	plague	الطاعون	page			y		…١ - بعد اصابات الطاعون ٢ البرتقال الي سوريا…							
1943-01-04	difaa	difaa19430104-01.1.2	plague	بالطاعون	page			y		…لم تقع ايه اصابه بالطاعون خلال الايام الاربعه الماضيه والحمد لله : ولا ريب ان الطبيعه قد ساعدت في ذلك ، فاشتداد البروده عامل كبير في عدم انتشار هذا المرض علي ان اعمال المكافحه…							
1943-01-04	difaa	difaa19430104-01.1.2	plague	الطاعون	page					…بينهم وبين السلطات المدنيه والعسكريه في هذا الموضوع . اصحاب البراكات المهدومه كانت العايلات اليهوديه التي از يلت براكاتها في حي الكرتون من اجل مقاومه الطاعون قد استولت علي دار جمعيه الكيرن كايمت وسكنت فيها لكنها انتقلت يوم امس بموافقه السلطات الي دار المهاجرين الواقعه في امكان ميناء تل ابيب وهي دار كبيره ك…							
1943-01-04	difaa	difaa19430104-01.1.2	plague	الطاعون	page		y	y		…ابعه والدقيقه ٣٧ من يوم الاربعاء القادم ويغرب بعد ا غروب شمس ذلك اليوم بمده تسع دقايق ويمكن رءيته وبذلك يكون يوم الخميس ا هو غره المحرم تدابير مكافحه الطاعون قالت ها رتس: يظهر ان الاجراءات والتدابير التي اتخذت في يافا وتل ابيب لمكافحه الطاعون قد نجحت في قطع هذا المرض ولم تقع اصابات جديده امن المصابون الذين نقلوا الي مستشفي الحكومه للامراض الساريه فقد تحسنت حالتهم وتجاوزوا الخطر جميعا . مکا…							
1943-01-04	difaa	difaa19430104-01.1.2	plague	الطاعون	page					…لدرس القاسي الذي القاه الطاعون العنايه التامه لمنع وقوع المرض…							
1943-01-04	difaa	difaa19430104-01.1.2	plague	الطاعون	page					…كتب احد كبار الاطباء المثالين في لواء الله كامه اشار فيها الي الدرس الالالالالامه الالا لا لا لا القابسي الذي القاه الطاعون علي مدينتي يافا وتل ابيب وقال ان هذا الدرس يجب ان يجعل السلطات المسيوله في المدينتين تعلم بان اهمال النظافه والعنايه قد يءدي في المستقبل الي سقوط ضحا…							
1943-01-11	difaa	difaa19430111-01.1.2	typhus	التيفوس	page					…تجين يصحبهم سكرتيراء السيد نقولا جلاد والادون تلكوفسكي بزياره مزرعه نيتر - مكفه اسراييل وشاهدوا التجارب التي قامت بها في مكافحه واباده الحشره السوداء التيفوس الاسمر التي تفشت مءخرا في كثير من البيارات وشوهت منظر ثمرها وقد ذكر لنا ان هذه التجربه افادت كثيرا في القضاء علي الحشره المذكرره وان مجلس مراقبه الحم…							
1943-01-21	difaa	difaa19430121-01.1.2	plague	الطاعون	page					…مضاعفه اعمال مكافحه مرض الطاعون…							
1943-01-21	difaa	difaa19430121-01.1.2	plague	الطاعون	page			y		…توالي دايره الصحه في يافا بالاشتراك مع دايره البلديه الجهود في مكافحه مرض الطاعون الذي تعددت اصاباته في مختلف احياء المدينه ، وقد تمت امس اعمال تنظيفات واسعه النطاق في محله المكابي المحطه ومحله ارشيد فازيلت و منطقه البراكات والتخاش…							
1943-01-21	difaa	difaa19430121-01.1.2	plague	الطاعون	page			y		…وقد اجتمع المستر موسجريف مساعد حاكم اللواء صباح امس بالدكتور زاهي حداد مساعد رييس اطباء اللواء وبحث معه عده شيون تتعلق بمكافحه الطاعون والاصابات الجديده التي ظهرت في محلتي النزهه وسوق اليهود، ووقف علي مدي الترتيبات الجاريه بهذا الشان ، وانتقل مساعد الحاكم بعد ذلك الي دايره البلديه حي…							
1943-01-21	difaa	difaa19430121-01.1.2	plague	الطاعون	page					…المكافحه مرض الطاعون ، وذلك علي قطعه الارض التي وقع الاختيار عليها قرب مسلخ البلديه ، وستشتمل كل وحده علي ثمانيه مطابخ و بيتي خلاء وغرفتين للحمام و سارحه للغسيل وقد زيد ع…							
1943-01-21	difaa	difaa19430121-01.1.2	plague	الطاعون	page			y		…تولي اعمال المكافحه بمعدل الضعف و تقرر ان تشترك دايره الصحه مع البلديه في دفع اجورهم 15 وقد يباشر اليوم او غدا في تبخير الاماكن التي ظهرت فيها اصابات الطاعون من جديد ويجري فرش الشوارع الموحله في مناطق الكرتون وسوق الكرمل والمنشيه بطيقه من الرمل مبالغه في النظافه اما الشخص الذي نقل امس الاول من محله النزهه …							
1943-01-21	difaa	difaa19430121-01.1.2	plague	الطاعون	page					…شيون النظافه المتبعه في المطاعم والمقاهي والمتاجر والحوانيت ، وسيقفل كل محل لم تتوفر فيه الشروط الصحيه ويظن انه يوجد فيه خروق او ما يساعد علي نشر مرض الطاعون . دايره الخدمات الاجتماعيه يباشر موظفو الخدمات الاجتماعيه الذين عينوا مءخرا اعمالهم اعتبارا من اول شهر شباط القادم ، وقد خصصت لهم مكاتب في دايره السل…							
1943-01-21	difaa	difaa19430121-01.1.2	malaria	الملاريا	window			y		…نا خيرا ان رييس الاطباء في اللواء الدكتور موري قد اجيز لمده اسبوع. وانه سافر لطبريا ليقضي انجازته، ونذكر اليوم انه ارسلت له رساله تخوله | دراسه مناطق الملاريا والامراض المعديه في قضاء طبريا والحوله ، وعند انتهاء اجازته ، يعرج علي حيفا ، حيث حدث في السنه الماضيه بعض اصابات بالطاعون الدراسه الوسايل التي عملت …	0	0	0	absent			no-register-coverage
1943-01-21	difaa	difaa19430121-01.1.2	plague	بالطاعون	window			y		… رساله تخوله | دراسه مناطق الملاريا والامراض المعديه في قضاء طبريا والحوله ، وعند انتهاء اجازته ، يعرج علي حيفا ، حيث حدث في السنه الماضيه بعض اصابات بالطاعون الدراسه الوسايل التي عملت هناك المكافحه هذا المرض، وامكان تطبيق بعضها في مدينه يافا ، اذا تضاعف المرض وانتشرت الاصابات . اجتماع ملاكين…	0	0	0	absent			no-register-coverage
1943-01-21	difaa	difaa19430121-01.1.2	plague	الطاعون	page			y		…ء وفاه امراه بسبب الطاعون 3…							
1943-01-21	difaa	difaa19430121-01.1.2	plague	الطاعون	page			y		…المنشيه بيافا وقد كانت مصابه وعرض الطاعون. وهذه اول حادثه وفاه بالطاعون منذ عشره ايام…							
1943-01-24	difaa	difaa19430124-01.1.2	plague	الطاعون	page					…حث فيها رجال الوقايه علي مساعده رجال البوليس للقضاء علي كل ما من شانه ان يخل بالنظام ، وتبعه الدكتور ايوب بكلمه حول مرض الطاعون شرح فيها اعراضه وطرق الوقايه منه ، واشار الي الجهود التي تبذلها السلطات المختصه للقضاء علي النقدم هذا المرض الخطر ارسال هدايا القدس - عقدت اليوم لجنه…							
1943-01-24	difaa	difaa19430124-01.1.2	plague	الطاعون	page					…بوشر امس في تنفيذ البرنامج الجديد المكافحه الطاعون ، فقد قامت دايره الصحه بالاشتراك مع دايره البلديه محمله واسعه النطاق في الاحياء الواقعه علي يشاطي، بحر محلتي ارشيد و المسلخ فهدمت منهما نحو ١٥٠ براكه…							
1943-01-24	difaa	difaa19430124-01.1.2	plague	بالطاعون	page			y		…ها علي شاطيء البحر ا وارض البريه و تمكن عمال المكافحه من اصطياد نحو ٦٠ فارا مختلفه الانواع وارسلت الي الاماكن المختصه لفحصها ومعرفه ما اذا كانت مصابه بالطاعون ام لا ، وقد عثر علي ثلاثه فيران في مخزن يقع جهه سراي…							
1943-01-26	difaa	difaa19430126-01.1.3	smallpox	الجدري	window		y	y		…ل البوليس للمحافظه علي النظام. وقد باشرت دايره الصحه في تلقيحهم ضد الامراض الساريه . وقد نقل الي مستشفي الحكومه بحيفا احد حجاج الفوج الاول مصابا بمرض الجدري . واشتبهت دايره الصحه بسبعه اخرين واتخذت لذلك الاحتياطات اللازمه . ويبلغ عدد الذين القحوا ضد الامراض المعديه من الاهلين نحو ثلاثه الاف شخص…	0	0	0	absent			no-register-coverage
1943-02-02	difaa	difaa19430202-01.1.2	plague	الطاعون	page					… بعد الاخري كلما ارتفعت ستشار مر الاسعار بل يجب الطالب من الحكومه ان تعين وحده محدوده للزياده في اسعار المعيشه . ثم درست البلديه شيون التموين ومكافحه الطاعون وقررت زياده النشاط في حل مشاكلها قانون جديد عرف في القدس ان دايره المءن…							
1943-02-02	difaa	difaa19430202-01.1.3	smallpox	بالجدري	page		y	y		…علي انتخاب السياده : شارل و تاجي ، يوسف محفوظ، ادوارد الپاس ، لويس صوالحه ، ميشيل طاشجيان ، شوكت توركمان ليتصلوا بدايره المءن والدواير المختصه مصابون بالجدري من كولكرم جيء بعشره اشخاص مصابين بالجدري من بلده طولكرم حيث وضعوا في مستشفي الحكومه للمعالجه ، فتوفي منهم ثلاثه وبقي سبعه ، وقد فهم ان احدهم ان الذين ادوا فريضه الحج هذا العام…							
1943-02-02	difaa	difaa19430202-01.1.3	plague	الطاعون	window			y		…انتشار الابنيه الكبيره في المدن داخل مناطق البلديات المزدحمه بالعايلات كل منها في غرفه او غرفتين وكذلك تلك البراكات. وقد لفتت التدابير التي اتخذيت ضد الطاعون في كل من حيفا ويافا و تل ابيب انتباه السكان الي الاخطار الناجمه عن مثل هذه الحاله واصبح…	0	0	0	absent			no-register-coverage
1943-02-05	difaa	difaa19430205-01.1.2	smallpox	بالجدري	window		y	y		…عن الاسبوع الماضي ان عدد الاصابات ۱۱ اصابه بينها اصابه واحده بالطاعون وقعت في تل ابيب يوم ٢٦ كانون الثاني و ۹ اصابات بالجدري حادث اصابه مات امين في مستشفي الحكومه في حيفا شخص من المصابين بالجدري من اهالي طولكرم وبذلك يكون عدد الذين ماتوا متاثرين بهذا المرض اربعه اما السنه الباقون فحاله بعضهم لا تزال خطره . وفهم انه لم تقع حوادث جدري بحيفا وان دايره الصحه فيها محتاطه اللامر…	0	0	0	absent			no-register-coverage
1943-02-05	difaa	difaa19430205-01.1.2	plague	بالطاعون	window		y	y		…عن الاسبوع الماضي ان عدد الاصابات ۱۱ اصابه بينها اصابه واحده بالطاعون وقعت في تل ابيب يوم ٢٦ كانون الثاني و ۹ اصابات بالجدري حادث اصابه مات امين في مستشفي الحكومه في حيفا شخص من المصابين بالجدري من اهالي طولكرم وبذلك يك…	0	0	0	absent			no-register-coverage
1943-02-09	difaa	difaa19430209-01.1.2	plague	الطاعون	page					…استمرار الاجراءات المتخذه ضم الطاعون ضروره اهتمام السكان في مختلف الاحياء…							
1943-02-09	difaa	difaa19430209-01.1.2	plague	الطاعون	page			y		…ارشيد ومنطقتي المكابي والمسلخ ووجدت امس بعض الجرذان مصابه و شارع جيولا بتل ابيب ولاحظ احد المسيولين ان سكان محله العجمي لا يهتمون بامر الطاعون لانه لم تقع عندهم اصابات ولهذا يقل اهتمامهم بمحاربه الجرذان مما يكون ذا عواقب سييه اذا ثبت ان الجرذان تنتقل من منطقه الي اخري بسرعه . وكرر احد اطباء …							
1943-02-11	difaa	difaa19430211-01.1.3	smallpox	الجدري	page					…جوله في مدرسه الذكور الاميريه افلاما تدور حول الحرب والتدبير المنزلي وقد شاهدتها تلميذات المدرسه الاميريه طعمت دايره الصحه تلاميذ المدرسه الاميريه ضد الجدري فنامل ان تطعم لتلاميذ المدارس الاهليه . - فهم ان القايمقام رصد الف جنيه لمشروع تغذيه الفقراء وتلاميذ المدارس الاميريه والاهليه في البلده. وكذلك رصد ٥…							
1943-02-12	difaa	difaa19430212-01.1.2	smallpox	بالجدري	page			y		…ليل ومحمد عباسي وانيس مازر الامراض الساريه وورد في تقرير الامراض الساريه الاسبوعي ان عدد الاصابات التي وقعت في الاسبوع الماضي ١٣ اضابه بينها ٤ اصابات بالجدري و ۱۵ اصابه بالتفوييد…							
1943-02-12	difaa	difaa19430212-01.1.2	plague	الطاعون	page					…متابعه الاجراءات ضد الطاعون…							
1943-02-12	difaa	difaa19430212-01.1.2	plague	الطاعون	page					…وصلت امس الاجراءات المتخذه و ضد مرض الطاعون الي منطقه العجمي ا المحاذيه للشاطيء ، واخذ المختصون في ال دايرتي الصحه والبلديه يهدمون العشش ع ويسدون الثقوب التي قد تكون ماوي فا ال للجرذان و سال بع…							
1943-02-12	difaa	difaa19430212-01.1.2	plague	الطاعون	page			y		… انه ستوزع بعض الماكولات علي بحاجه الي المحتاجين الذين يثبت انهم التغذيه . وسيل امس احد كبار الاطباء عن مبلغ تاثير المرض علي الاجسام القويه فاجاب بان الطاعون ، مع الاسف ، الا يفرق بين الضعيف والقوي ولا بين الشاب والعجوز ، وفتكه بالاجسام علي حد سواء ، ولكن يمكن للمصاب به ان يشفي اذا اكتشفت اصابته حين وقوعها…							
1943-02-12	difaa	difaa19430212-01.1.2	plague	بالطاعون	page		y	y		… شخصا تو في منهم ٦ وشفي الباقون . وقد نقل صباح امس الي مستشفي الامراض الساريه رجل اسمه حبيب كوهين يسكن في حي جامع حسن بك بالمنشيه، ومشتبه في انه مصاب بالطاعون…							
1943-02-15	difaa	difaa19430215-01.1.2	plague	الطاعون	page					…ورد في احصاء رسمي ان عمليه اباده الجرذ في يافا وتل ابيب مستمره قبل ان تنتهي اشهر الشتاء وخوفا من عدد بقاء اعراض الطاعون ، وقد بلغ الجرذ التي جمعت خلال ايام الاسبوع الماضي ٣٧٥ فحص منها حتي الان ١٧٥ وظهر ان سبعه منها موبوءه وقد وزعت يوم السبت الماضي ۸۰۰۰ قطعه السلطات من …							
1943-02-15	difaa	difaa19430215-01.1.2	plague	الطاعون	page					…ن اماكن مختلفه في المدينه ثم عين اسم المكان والشارع الذي صيد منه كل جرذ و بعد ان انتهي الفحص عرفت الشوارع والامكنه الموبوءه وتركز العمل فيها المكافحه الطاعون وهذه الشوارع عددها ۱۷ وهي شوارع الملك جورج ومازا و بلفور و شنكن و مركاز مسحاري وغوردون و برينز و من يهودا وما جاورها.…							
1943-02-15	difaa	difaa19430215-01.1.2	plague	الطاعون	page					…تدابير طافحه الطاعون…							
1943-02-15	difaa	difaa19430215-01.1.2	plague	الطاعون	page					…. قررت دايره الصحه في تل ابيب ان تزيل افنان الدجاج واماكن تربيه الدواجن في تل ابيب خوفا من انتشار عدد هذه الاقمان ۳۰۰ الطاعون ويبلغ ٥٠٠٠ دجاجه تقدم في فيها اكثر من اليوم ٢٥٠٠ بيضه . وقد استلم اصحابها انذارات بهدمها ونقلها الي جهات اخري وكذلك تلقي سكان البراكات الخشبيه والمنا…							
1943-02-15	difaa	difaa19430215-01.1.2	plague	بالطاعون	page					…اشتباه بالطاعون…							
1943-02-15	difaa	difaa19430215-01.1.2	plague	بالطاعون	page		y	y		…نقل الي مستشفي الحكومه للامراض المعديه علي طريق ملبس امس الاول حبيب كوهن عمر ٣٠٥ سنه سكان حي الكرتون وهو مشتبه بانه من مصاب بالطاعون…							
1943-02-15	difaa	difaa19430215-01.1.2	smallpox	بجدري	page			y		…ل وغزه قد برهنت علي انه لا صحه مطلقا لما قيل عن انتشار مرض الطاعون او وقوع ايه اصابه به هناك، والحقيقه انه لم يقع في تلك المناطق مءخرا الا عده اصابات بجدري المياه من اميركا ورد من واشنطن ان جمعيه هداسا الخيريه قررت ان ترسل الي فلسطين ٧٠ طنا الاطعمه والملابس لمساعده فقراء من السكان وكانت الجمعيه ارسلت في …							
1943-02-15	difaa	difaa19430215-01.1.2	plague	الطاعون	page			y		…زمه التي قامت بها السلطات عن الصحه العامه في جنوب فلسطين ولا سيما في اقضيه بير السبع والخليل وغزه قد برهنت علي انه لا صحه مطلقا لما قيل عن انتشار مرض الطاعون او وقوع ايه اصابه به هناك، والحقيقه انه لم يقع في تلك المناطق مءخرا الا عده اصابات بجدري المياه من اميركا ورد من واشنطن ان جمعيه هداسا الخيريه قررت ا…							
1943-02-15	difaa	difaa19430215-01.1.2	plague	الطاعون	page					…لاجهزه الطبيه والملابس الي فلسطين . اصحاب البراكات عقد اصحاب البيوت الخشبيه والبزاكات مءتمرا في قاعه سينما استر درسوا فيه مشكلتهم وهدم بيوتهم لمحاربه الطاعون وقرروا مطالبه الحكومه بالكف عن اعمال الهدم ودفع تعويضات عن البيوت المهدومه وظهر من اقوال المجتمعين انه توجد ثمانيه احياء كامله كلها من الخشب في يافا …							
1943-02-17	difaa	difaa19430217-01.1.2	plague	الطاعون	page					…لحكومه والبلديه قرب المسلخ وعدد افرادها ٣٦ شخصا وقد انذرت مايلات اخري بضروره اخلاء مساكنها خلال ثلاثه ايام لتهدمها البلديه للاشتباه بان الجرذان ناقله الطاعون قد تلجا اليها والا فتتولي البلديه نقلها الي المخيم ، ومع هذا فجميع العايلات المنقوله الي المخيم مكلفه بالبحث عن اماكن اسكناها لنحل محلها غيرها بالتدر…							
1943-02-21	difaa	difaa19430221-01.1.2	plague	الطاعون	page					…متابعه الاجراءات ضد مرض الطاعون التحذير من بناء التخاشيب بعد هدمها…							
1943-02-21	difaa	difaa19430221-01.1.2	plague	الطاعون	page					…لا تزال الاجراءات مستمره ضد مرض الطاعون خصوصا في الايام الاخيره لقرب فصل الربيع وقد انتهي العمل في عمليه التنظيف التي قامت ضد هذا المرض في منطقه العجمي وابتدي الان في منطقه النزهه و بعض الس…							
1943-02-23	difaa	difaa19430223-01.1.2	plague	الطاعون	page			y		…ور فلا يقعون فريسه لها بل انها يجوز الامر علي طبقه صغيره منا هي التي كتبنا هذا التاكيد لها . لا تزال الطبيعه تمد يد المساعده لنا ، اذ يحارب البرد مرض الطاعون محاربه قاسيه . لكن الوقوف عند هذا الامل المجرد ، امر ضار . فايام الدفء مقبله قريبه، و بها تعود المخاوف من ذلك المرض . تقول هذا بعد قيام هييات خاصه بفحص عدد قليل من الجرذان و ظهور حوادث اصابه غير قليله فيها . اذن فلا يزال الخوف من الطاعون مستندا الحقيقه من مصلحه السكان معرفتها لكي يتفادوا خطرها ، والذي نريده هو ان تشتد مقاومه الطاعون في حمله استيصال واسعه ، منتهزين فرصه الشتاء والبرد لكي لا ياتي الربيع بشمسه الدافيه الا ويكون هذا الخطر قد زال نهاييا . ولقد اثبت الفحص وجود جرذان مص…							
1943-02-23	difaa	difaa19430223-01.1.2	plague	الطاعون	page					…المناطق الموبوءه ورد في تقرير اسبوعي رسمي عن اعمال مقاومه الطاعون في المناطق الموبوءه بيافا وتل ابيب ان عدد البراكات التي هدمت خلال المده الواقعه بين ١٣ و ۱۸ شباط الجاري بلغت ۱۳۰ براك و ٨٧ مكانا خشبيا ووضعت ۸۰۰۰ قطعه من سم الفيران في ١١٣٥ مكانا وبلغ عدد الجرذان التي صيدت ٦٤٧ فحص منها ۲۰۲ جرذ وظهر ان اربعه منهم موبوءه بالطاعون كلها في تل ابيب في مناطق شارع شنكن واتحاد جماعام و ترومبلدور وزنكوف مسايل التموين درست بلديه تل ابيب في جلستها امس شيون التموين وقررت ان تقترح…							
1943-02-24	difaa	difaa19430224-01.1.2	plague	الطاعون	page					…يه الطلاب المحتاجين في المدارس والاحداث المشردين والمبلغ الذي ووفق | علي تخصيصه حتي الان ٣٧٥٠ جنبها تقريبا و نقلت البلديه عده مخصصات اخري لباب مكافحه الطاعون الذي استحدث مءخرا والمبلغ الذي تم تخصيصه لهذه الغايه ٣٠٠ جنيه . مندوب عراقی . قدم يافا امس مندوب وزاره الزراعه في العراق ثم ذهب الي وادي حنين الحمضيا…							
1943-02-24	difaa	difaa19430224-01.1.2	plague	الطاعون	page			y		…وفاه مصاب اخر بمرض الطاعون استمرار عمليات التطهير واحصاء البراكات المهدوم…							
1943-02-24	difaa	difaa19430224-01.1.2	plague	الطاعون	page		y	y		…مات في مستشفي الحكومه علي طريق ملبس صباح امس مردخاي مزراحي من سكان شارع ( بعل شم طوف ( المتفرع من شارع سوق اليهود بيافا متاثر اباصابته بمرض الطاعون وقد نقل اليه منذ ايام مشتبها بالمرض المذكور ولكنها تحققت في اليوم التالي ، ويبلغ عمره نحو ٣٤ سنه . واتخذت دايره الصحه في المدينه جميع الترتيبات اللاز…							
1943-02-24	difaa	difaa19430224-01.1.2	plague	الطاعون	page					…نه و طعمتهم وكذلك المجاورون لبيته ونقل اثاث البيت الي حيث جري تبخيره وتطهيره ولا تزال دايره الصحه عامله في تطهير الاماكن التي يشتبه بان الجرذان ناقله الطاعون تاوي اليها وكان عدد البراكات التي تم هدمها في منطقه الكرتون وحدها خلال الاسبوع الماضي المنتهي ب ۲۲ الجاري ٧١ براكه ونقل من سكانها عايلات الي مخيم الل…							
1943-02-24	difaa	difaa19430224-01.1.2	plague	الطاعون	page			y		… العنايه ه بالنظافه خصوصا المنقولات التي قد يتسرب ت بواسطتها الجرذان المعديه من ناحيه الي ا اخري ويعتبر الوقت الحاضر احسن فرصه ۲ للقضاء علي اسباب مرض الطاعون الخطر ا ووضع حد له قبل استفحاله…							
1943-02-25	difaa	difaa19430225-01.1.2	plague	بالطاعون	page		y	y		…اشتباه باصابنين بالطاعون نقل الي مستشفي الحكومه للامراض المعديه علي طريق ملبس صباح امس فتاه من عمرها وسيده يهوديه في الثامنه اخري في العشرين من عمرها للاشتباه باصابتها بالطاعون واتخذت دايره الصحه الترتيبات اللازمه في مثل هذه الحاله فا وفدت بعض اطبايها وموظفيها الي بيتي المصابتين لتطهيرها محافظه علي صحه السكان المجاورين. وبلا…							
1943-02-25	difaa	difaa19430225-01.1.2	plague	الطاعون	page			y		…مس اصحاب البراكات والتخاشيب المقامه علي ارض مشروع المقبره الاسلاميه بهدمها في اقرب فرصه ممكنه حتي لا تلجا اليها الجرذان التي يحتمل ان تكون مصابه بمرض الطاعون صلاحيات المندوب السامي قالت هارتس : هل كان من حق فخامه المندوب السامي ان يجعل من قوه بوليس فلسطين قوه عسكريه وهل ليس ذلك مخالفا لصك الاشداب ؟ اثير هذ…							
1943-03-02	difaa	difaa19430302-01.1.2	plague	الطاعون	page			y		…سيد فريد امتاز باخلاقه وصفاته الطيبه وبالاستقامه والنزاهه . وقد عرف بذلك طوال مده توظفه ، واخيرا اثر العمل الحر ، نرجو له كل نجاح وتوفيق فيه . مطافحه الطاعون لا يزال التطعيم ضد الطاعون في يافا و تل ابيب جاريا. وقد اخذت بلديه تل ابيب منذ يومين تقنب اشجار الحدايق العامه لتخفف من كثافه اغصانها مما قد يكون بءره لتعشيش الجرذان . وامسك ام…							
1943-03-05	difaa	difaa19430305-01.1.2	plague	الطاعون	page					…- تعميم تسعيره الخضار ٢ - اليقظه من الطاعون…							
1943-03-05	difaa	difaa19430305-01.1.2	plague	طاعون	page			y		…، خصوصا وان التسعيره لا تظلم الثلاثه : المستهلك ، والبايع ، والمنتج . مثل هذا التدبير ضروري لتسويه هذه المشكله المحليه . منذ بضعه ايام فقط وقمت حادثه طاعون قرب تل ابيب راحت ضحيتها فتاه . وفي يوم امس فحص اثنان من الجرذان فاذا هما مصابان بهذا الداء الحبيث . عليه اذن و الطاعون لم يقض عليه القضاء النهايي واذن فالحاجه تقضي باستمرار التدابير ضده . لكن هذا الاستمرار وحده لا يكفي. فقد كانت بروده الجو ذات اثر شديد في منع انتشار الطاعون . وهذه البروده خفت الان وستخف في المستقبل حينما يحل الدف.. وعلي ذلك ينبغي المضاعفه من الاجراءات الحاسمه . ولا ينبغي ان يركن السكان الي ان السلطات الم…							
1943-03-05	difaa	difaa19430305-01.1.2	plague	الطاعون	page					… اصيب بيت فيها تعرضت بقيه البيوت . ومن هنا يتحتم علي الجميع الاشتراك في اعمال المكافحه ، حتي اذا جاء الدف، زال هذا الخطر نهاييا. وهكذا تكون اليقظه من الطاعون ضروريه وباستمرار .…							
1943-03-05	difaa	difaa19430305-01.1.2	plague	الطاعون	page			y		…احي العمران والتقدم اللذين طرا في هذه المده علي المدن التي يمثلونها . وليس بين اعضاء الجمعيه الا . عربي واحد هو السيد فهمي الدباغ مهندس بلديه يافا ضر الطاعون شملت التدابير الواقيه من المرض ا الطاعون جميع الاحياء في المدينه ويعمل المختصون في دايره الصحه ، كل يوم بالتفتيش علي المناطق الموبوءه . وقدزار امس رييس الاطباء المناطق التي ظهرت فيها اصابات …							
1943-03-05	difaa	difaa19430305-01.1.2	plague	بالطاعون	page			y		…جاري فيها وقام الدكتور زاهي حداد وكيله بجوله شملت الجياء المنشيه والكرتون وشاير و والعجمي ه والبلده القديمه . ووجد امس قسم تفتيش البلديه جرذانا مصابه بالطاعون في البلده القديمه . اما الخيام فقد توقف العمل فيها ولم ينقل اليها غير من نقلوا من قبل، لان كثيرا من السكان الذين هدمت بيوتهم فضلوا استيجار بيوت اخري …							
1943-03-05	difaa	difaa19430305-01.1.2	plague	الطاعون	page			y		…مسايل الطاعون عثر امس علي جرذين ميتين في البلده - القدمه بيافا فتقلا الي دايره الصحه لتشريحها واتضح انها مصابان بالطاعون ونذكر بهذه المناسبه ان الواجب يقضي علي الاهلين بمضاعفه العنايه بنظافه مساكنهم وسد جميع الحروق التي توجد عاده في المطابخ وبيوت الخلاء حتي لا نجد الجرذ…							
1943-03-05	difaa	difaa19430305-01.1.2	smallpox	بالجدري	page			y		…الامراض الساريه وجاء في تقرير الامراض الساريه انه لم تقع خلال الاسبوع الماضي اصابه واحده بالجدري في قريه جت من اعمال طولكرم لكن تقرير المحاجر الصحيه في فلسطين سجل سبع اصابات يحملها اشخاص من الخارج بينها اصابه بالكوليرا في كلكوتا تنقلات وتعيينات و…							
1943-03-05	difaa	difaa19430305-01.1.2	cholera	بالكوليرا	page			y		…ال الاسبوع الماضي اصابه واحده بالجدري في قريه جت من اعمال طولكرم لكن تقرير المحاجر الصحيه في فلسطين سجل سبع اصابات يحملها اشخاص من الخارج بينها اصابه بالكوليرا في كلكوتا تنقلات وتعيينات وصدر امر بتعيين المستوغاتش مساعد السكرتير العام في منصب كاتب المجلسين الاستشاري والتنفيذي للحكومه بدلا من المستر فارلي الذي…							
1943-03-08	difaa	difaa19430308-01.1.2	plague	الطاعون	page			y		…لاكين المنوي عقده في ١١ الجاري . للدخول الي تركيا عرف في القدس رسميا ان الحكومه التركيه حظرت دخول الفلسطينيين والمصريين الي بلادها الا بعد تطعيمهم ضد الطاعون وان يجري هذا التطعيم في مده لا تزيد عن ١٤ يوما قبل دخولهم الي تركيا . زواج سعيد بمناسبه زفاف المهندس الزراعي السيد خليل المقدادي مدير شركه مقدادي الز…							
1943-03-21	difaa	difaa19430321-01.1.2	plague	الطاعون	page					…مركزان للمتغذيه ه تسعي دايرتا الحاكم والصحه لايجاد بيتين يتخذان مطعمين يتناول فيها ه اطفال العايلات التي هدمت بيوتها بسبب الطاعون غداء هم اذ ثبت ان اطفال هذه العايلات بحاجه ماسه الي التغذيه الكامله ه بسبب الفقر وعدم السكن في المنازل صحيه ويءخذ من المسيولين ان الراي استقر علي بيت…							
1943-03-25	difaa	difaa19430325-01.1.3	typhoid	التيفوييد	page		y	y		…الجمعه القادم المصابون بالجدري يغادرون المستشفي غادر مستشفي الحكومه الاشخاص السته الذين جيء بهم من طولكرم مصابين بالجدري ولم يبق في المستشفي من مصابي التيفوييد احد وعرف ان عدد الذين توفوا بهذا المرض في هذه السنه يبلغ نصف الذين ماتوا يه في العام الماضي بفضل الجهود التي تبذلها دايره الصحه الاهتمام بمشروع تغذيه…							
1943-03-25	difaa	difaa19430325-01.1.3	smallpox	بالجدري	page		y	y		…قرر عمال المعسكرات تشكيل لجنه عامه لهم تتولي اعداد مطاليبهم وتقديمها الي المسيولين وينتظر ان تعقد اللجنه اولي جلساتها مساء يوم الجمعه القادم المصابون بالجدري يغادرون المستشفي غادر مستشفي الحكومه الاشخاص السته الذين جيء بهم من طولكرم مصابين بالجدري ولم يبق في المستشفي من مصابي التيفوييد احد وعرف ان عدد الذين توفوا بهذا المرض في هذه السنه يبلغ نصف الذين ماتوا يه في العام الماضي بفضل الجهود التي ت…							
1943-03-29	difaa	difaa19430329-01.1.2	plague	الطاعون	page					… كثير وذكر بعض الزراع ان كميات كبيره من بقيه منتوج الموسم قد سقطت وادي ذلك الي طرح كميات اكثر من اللازم في الاسواق و بيعها باسعار مخفضه . مراح مكافحه الطاعون يظهر ان اثار مرض الطاعون قد اختفت نهاييا من منطقه يافا تل ابيب علي اثر التدابير التي اتخذت مكافحته وقد ورد في التقرير الرسمي الاخير عن اعمال مكافحه الطاعون خلال الاسبوع الماضي | اي بين ١٩و٢٥ اذار ان دايره الصحه فحصت ٣٤٤ جرذا فلا تجد بينها اي واحد ذلك فقد وزعت موبوء بالطاعون ومع الجرذان . ٨٦٠٠ قرصا من بسم ويقول التقرير ان عدد الجرذان التي ابيدت خلال حمله مكافحه الطاعون ۲۹۱۹ وان اعمال التطهير تقتصر الان علي اربعه شوارع في منطقه تل ابيب طلاب جامعه بيروت…							
1943-03-29	difaa	difaa19430329-01.1.2	typhoid	التيفوييد	page		y	y		…ال في صرفند قد اسيبوا بحمي غريبه الدكتور موري رييس الاطباء فاسرع و وكيله الدكتور زاهي حداد الي المكان وبعد الفحص ثبت انهم مصابون بالتيفوس - - وهو غير التيفوييد فاشار الدكتور موري بان ينقلوا حالا الي مستشفي الحكومه في يافا وان يراقبوا بدقه وتلفت دايره الصحه امس نبا عن عاملين اخرين فنقلا الي مستشفي الحكومه و ا…							
1943-03-29	difaa	difaa19430329-01.1.2	typhus	بالتيفوس	page		y	y		…نبا بان ثلاثه من العمال في صرفند قد اسيبوا بحمي غريبه الدكتور موري رييس الاطباء فاسرع و وكيله الدكتور زاهي حداد الي المكان وبعد الفحص ثبت انهم مصابون بالتيفوس - - وهو غير التيفوييد فاشار الدكتور موري بان ينقلوا حالا الي مستشفي الحكومه في يافا وان يراقبوا بدقه وتلفت دايره الصحه امس نبا عن عاملين اخرين فنقلا الي مستشفي الحكومه و اجري تحليل دمهما لكن لم يثبت بعد انهما مصابان بالتيفوس قضيه سموم نظرت محكمه صلح ملبس في قضيه بتهمه حيازه اقامها البوليس علي شخصين بنا با كميه كبيره من الحشيش كانا يحاولان تهريبها في سياره علي طريق حيقا - …							
1943-03-29	difaa	difaa19430329-01.1.2	typhoid	التيفوييد	paragraph			y		…اياها . ثم طلبت المحكمه من الدفاع ان يقدم شهوده في الجلسه نان الدها التطعيم ضد التفوييد اعلن ان دايره الصحه العامه قدمت مصل التطعيم ضد كميات كافيه من التيفوييد لتطعيم جميع الطلاب في المدارس اليهوديه وقد تم تركيب هذا المصل في معامل الحكومه وبوشر بتطعيم ١٥ الف طالب في القدس وحدها علي ان يتم…	0	0	0	absent			no-register-coverage
1943-04-01	difaa	difaa19430401-01.1.2	typhus	التيفوس	page			y		…العامريه الثانويه وفريق المدرسه الارثوذكسيه الوطنيه علي ملعب البصه فتغلب الاول علي الثاني بثلاث اصابات مقابل واحده وكان اللعب حماسيا شهده كثيرون بسبب التيفوس اخذت بعض الجهات تهتم بامر العمال من حيث صحتهم او رفضت امس ان تدخل كثيرين للعمل فيها الا اظهر وا شهاده من احد الاطباء تثبت سلامتهم من الامراض خصوصا مرض التيفوس الي رحمه الله انتقل الي رحمته تعالي امس الشيخ عبد الله طوقان عميد عشيره عرب السوالمه ا عن عمر يناهز الستين عاما قضاها في اعمال الخير والاصلاح . وقد ش…							
1943-04-01	difaa	difaa19430401-01.1.2	plague	الطاعون	page			y		…ثناء زيارته للقدس امس الاول من جلب اكثر الادوات اللازمه من مخزن الحكومه تمهيدا لفتح مشروع تغذيه الاطفال الفقراء في المناطق التي ظهرت فيها اصابات بمرض الطاعون كاحياء الكرمل والمنشيه وينتظر ان يشرع في تغذيتهم خلال هذين اليومين طبق الخطه التي رسمتها دايره الصحه فران شاب جري زفاف الشاب السيد عبد الرحيم حمام عل…							
1943-04-01	difaa	difaa19430401-01.1.2	typhus	التيفوس	page			y		…وفاه احد المصابين بمرض التيفوس معلومات عن هذا الوباء وطرق الوقايه…							
1943-04-01	difaa	difaa19430401-01.1.2	typhus	التيفوس	page		y	y		…ذكرنا اخيرا خير الاصابات التي حدثت بمرض التيفوس في قريه صرفند وتذكر اليوم ان احد المصابين السنه الذين نقلوا الي مستشفي الحكومه واسمه ابراهيم اسماعيل قد توفي امس متاثرا باصابته وقد سالنا الدكتور ساب…							
1943-04-08	difaa	difaa19430408-01.1.2	typhoid	التيفوييد	page			y		…الحاح من الحكومه ان تقدم كاسا من الحليب الي كل طفل وولد ومنح الاولاد حق الافضليه في الاطعمه المغذيه وتطعيم جميع الاولاد في فلسطين بالامصال الواقيه من التيفوييد والسكري وحث الحكومه علي زياده العنايه بالرياضه البدنيه في المدارس وتعيين بعض الاطباء والاختصاصيين للاشراف علي رياضه الطلاب وتربيه اجسامهم.…							
1943-04-08	difaa	difaa19430408-01.1.2	typhus	التيفوس	page		y	y		… التوزيع وقد لفت المكتب نظر تجار الجمله المقرر - الي ان لا يوزعوا الكميات التي ستسلم اليهم علي تجار المفرق الا في يوم الخميس القادم كالمعتاد . مطافحه التيفوس نقلت الي مستشفي الحكومه امس السيده لطيفه عبد الجبار من اهالي قريه صرفند العمار للاشتباه بانها مصابه بالنيفوس وقد قام طبيب الامراض الساريه امس بجوله ف…							
1943-04-14	difaa	difaa19430414-01.1.2	typhus	التيفوس	page		y	y		…اصابات التيفوس نقل الي مستشفي الحكومه بيافا منذ ايام عبد العبود علي علام وابو الخير علي ابو الخير وسالم مبارك محمد وهم من العمال المقيمين قرب قريه صرفند العمار للاش…							
1943-04-16	difaa	difaa19430416-01.1.2	typhus	التيفوس	page		y	y		…به قدوم الصيف وقد ذهب امس كثير من المفتشين في دايره الصحه وطافوا ببعض المحلات في حي المنشيه ووضعوا في مجاريها بعض الادويه التي تقتل الجرذان ، اما مرض التيفوس فقد وقع فيه اصابه امس و المصاب عامل يشتغل في وادي حنين استمه برسونم المصري ، وقد نقل الي مستشفي الحكومه في المدينه. وبلغ عدد من نقلوا الي المستشفي مص…							
1943-04-16	difaa	difaa19430416-01.1.2	plague	الطاعون	page					…مكافحه الامراض اخذ قسم مكافحه الطاعون في دايره الصحه يبدي نشاطا متزايدا لمناسبه قدوم الصيف وقد ذهب امس كثير من المفتشين في دايره الصحه وطافوا ببعض المحلات في حي المنشيه ووضعوا في مجاريها …							
1943-04-18	difaa	difaa19430418-01.1.2	typhus	التيفوس	page			y		…اصابات التيفوس…							
1943-04-18	difaa	difaa19430418-01.1.2	typhus	التيفوس	page		y	y		…توفي امس في مستشفي الحكومه بمرض التيفوس توفيق الحاج جابر عبد الخالق من صرفند العمار وسالم مبارك محمد احد عمال بياره واقعه قرب مستعمره ريشون ، ولا تزال دايره الصحه ماضيه في اتخاذ الاجراءات ل…							
1943-04-18	difaa	difaa19430418-01.1.2	diphtheria	الخناق	page				y	…طاعت دايره المباحث بيافا الوقوف علي معلومات الحادث الغامض الذي وقع في احد شوارع تل ايب منذ عشره ايام و استطاعت از تعرف شخصيه القاتل الثاني وتضيق عليه الخناق وقد عرف الان ان شخصا جاء في الساعه السادسه والنصف من صباح يوم الخميس الاسبق الي مركز البوليس في تل ابيب وقال انه شاهد شخصين يعالجان سياره بصوره مشبوه…							
1943-04-23	difaa	difaa19430423-01.1.2	typhus	التيفوس	page		y	y		…مكافحه التيفوس لا تزال دايره الصحه ماضيه في اتخاذ الاجراءات لتطهير المنطقه التي ظهرت فيها اصابات مرض التيفوس ، وقد ارسل دم عده من العمال الذين نقلوا الي مستشفي | الحكومه مءخرا الي دايره الصحه العامه . بالقدس للنثبت من صحه اصاباتهم واوفدت من يشرف علي الاعمال …							
1943-04-23	difaa	difaa19430423-01.1.2	malaria	الملاريا	page			y		…تشفي | الحكومه مءخرا الي دايره الصحه العامه . بالقدس للنثبت من صحه اصاباتهم واوفدت من يشرف علي الاعمال الجاريه في تجفيف المستنقعات والبرك ومكافحه مرض الملاريا في القري حرصا علي صحه سكانها نفي خبر اردا علي ما تشعر بالصحف اليوم باسم نادي الهومنتمن بالقدس اعلن انتي اكذب وانفي نفيا باتا كل قول بوجود اي اتفاق او…							
1943-04-23	difaa	difaa19430423-01.1.3	malaria	الملاريا	page		y	y		…وقبل ان يغادر المجتمعون طلب الي مختاري القري اصلاح مداخل قراهم ليتسني زيارتها بين حين واخر شرع بعض اهالي القري في جمع مبالغ لتنفق في اعمال مكافحه مرض الملاريا وتجفيف المستنقعات نقل الي المستشفي الحكومي بيافا محمد سلام من العمال قرب وادي حنين | - عقد المجلس البلدي اجتماعا اليوم قرر فيه رفع الانقاض الناشيه عن…							
1943-04-28	difaa	difaa19430428-01.1.2	typhus	التيفوس	page			y		…اصابات التيفوس…							
1943-04-28	difaa	difaa19430428-01.1.2	typhus	التيفوس	page		y	y		…توفي في مستشفي الحكومه بيافا امس عبد الرحمن الحاج صالح ابراهيم من ما بود وكان قد نقل اليه منذ ايام مصابا بمرض التيفوس . وجي، الي المستشفي صباح امس بالسيد جلال عبد الله حسن احد خفراء سكه الحديد في منطقه رفح للاشتباه بانه مصاب بهذا المرض ايضا وقد نشطت دايره الصحه في ال…							
1943-05-09	difaa	difaa19430509-01.1.2	typhus	بالتيفوس	page					…الاشتباه بالتيفوس…							
1943-05-09	difaa	difaa19430509-01.1.2	typhus	التيفوس	page			y		…ستشفي الحكومه بيافا امس عبد الحميد خليل حسن من عمال منطقه صرفند و عطا محمود الحاج من عمال منطقه قريه جزو وحكمت برزق من غزه للاشتباه بانهم مصابون بمرض التيفوس وقد اهتمت دايره الصحه فارسلت الي مساكن العمال الثلاثه من يقوم باعمال التطوير وتطعيم السكان المجاورين وتبخير ملابسهم وفراشهم مبالغه في الاحتياط -…							
1943-05-13	difaa	difaa19430513-01.1.2	typhus	التيفوس	page		y	y		…فتيات اليتيمات. وسيتخلل الحفله مفاجيات ساره مكافحته المبدوريا غادر مستشفي الحكومه بيافا امس اثنان من الذين كانوا قد نقلوا اليه للاشتبام باصابتها بمرض التيفوس . وزار دايره صحه المدينه مهندس الشيون الصحيه في مكافحه الملاريا واجتمع برييس اطباء اللواء وتحت موضوع مكافحه هذا المرض في مختلف الاقضيه والحيلوله دون …							
1943-05-13	difaa	difaa19430513-01.1.2	malaria	الملاريا	page		y	y		…ادر مستشفي الحكومه بيافا امس اثنان من الذين كانوا قد نقلوا اليه للاشتبام باصابتها بمرض التيفوس . وزار دايره صحه المدينه مهندس الشيون الصحيه في مكافحه الملاريا واجتمع برييس اطباء اللواء وتحت موضوع مكافحه هذا المرض في مختلف الاقضيه والحيلوله دون تفشيه بين السكان خصوصا القري.…							
1943-05-20	difaa	difaa19430520-01.1.2	typhus	التيفوس	page			y		…اصابات التيفوس…							
1943-05-20	difaa	difaa19430520-01.1.2	typhus	التيفوس	page		y	y		…توفي في مستشفي الحكومه بيافا امس شخص من العمال الذين كانوا قد نقلوا اليه مصابين بمرض التيفوس، وغادره اثنان بعد ان شفيا منه تماما…							
1943-05-26	difaa	difaa19430526-01.1.2	typhus	التيفوس	page			y		…ب من اثار حديقتك ١مكافحه اصابات التيفوس ٢ الكاوتشوك للشركات العربيه 0 ٣…							
1943-05-26	difaa	difaa19430526-01.1.2	typhus	بالتيفوس	page			y		…لاستغناء عن شراء بعض اصناف الخضار . وتلك الاذاعه التي ستوجه اسبوعيا ، ذات فايده في حث السكان خصوصا في المدن ٢ - مكافحه اصابات النيفوس ظهرت بضع اصابات بالتيفوس في انحاء من اللواء. وقد اسرعت دايره الصحه باتخاذ التدابير. وهي اذا استطاعت حصر الخطر ثم القضاء علي المرض، ادت خدمه حسينه سريعه . فعامل الانتباء لامثا…							
1943-05-26	difaa	difaa19430526-01.1.2	typhoid	كالتيفوييد	page					…لاطباء المسيولين عن شيون الصحه العامه بحديث قال فيه ان موجه من الامراض اعتادت ان تغزو فلسطين في صيف كل سنه او في مطلع هذا الصيف وتظهر الامراض الساريه كالتيفوييد وغيره بين هذه الامراض الموسميه . وقد استطاعت الجهود الكبيره التي بذلها خبراء الصحه في الحكومه ان تكشف امر هذه الموجه واسبابها وطرق علاجها وظهر ان ظرو…							
1943-05-26	difaa	difaa19430526-01.1.2	typhus	التيفوس	page			y		…تسح اصابات بمرض التيفوس الدواير الصحيه تسرع باتخاذ التدابير…							
1943-05-26	difaa	difaa19430526-01.1.2	typhus	التيفوس	page		y	y		…نقل في المده الاخيره تسعه اشخاص من مختلف الاماكن في اللواء الي مستشفي الحكومه بيافا للاشتباه بانهم مصابون بمرض التيفوس . وقد جري تحليل دمهم طبيا واتضح صحه اصابتهم بهذا المرض. وهناك اربع اصابات اخري ظهرت في ت قريه دير البلح يشتبه بانها من المرض…							
1943-05-27	difaa	difaa19430527-01.1.3	typhoid	بالتيفوييد	page		y	y		…المحتاجين قدم اهالي قريه عين غزال . ٢٥٠ جنيه الاداره المعارف مساهمه في بناء مدرسه قريتهم . توفي في مستشفي الحكومه المرحوم حسن توفيق عنبتاوي من اصابته بالتيفوييد . وفي المستشفي عدد كبير من المصابين دخل مجهولون الي دكان الحاج صادق ملحس في قريه السيله الحارثيه فسرقوا بضايع واصابوه بجراح ونقل الي المستشفي…							
1943-05-28	difaa	difaa19430528-01.1.2	typhoid	بالتيفوييد	page			y		… مل في الخارج و نصف السنه ٦٠٠ مل في الداخل و ۹۰۰ مل في الخارج الامراض الساريه و بلغ عدد الاصابات بالامراض الساريه في الاسبوع الماضي ١٩ اصابه بينها ١٧ بالتيفوييد والتيفوس واصابه واحده بمرض السحايا، في يافا…							
1943-05-28	difaa	difaa19430528-01.1.2	typhus	والتيفوس	page			y		…رج و نصف السنه ٦٠٠ مل في الداخل و ۹۰۰ مل في الخارج الامراض الساريه و بلغ عدد الاصابات بالامراض الساريه في الاسبوع الماضي ١٩ اصابه بينها ١٧ بالتيفوييد والتيفوس واصابه واحده بمرض السحايا، في يافا…							
1943-05-30	difaa	difaa19430530-01.1.3	typhus	بالتيفوس	page					…ره القاعه في المسجد الكبير التي بلغت نفقاتها من تبرعات البلده ٢٥ جنيها وبقي قسم من هذه العماره في حاجه الي مساعده المجلس الاسلامي. ظهرت اخيرا اصابتان بالتيفوس في احدي العشاير وقد اتخذ طبيب الصحه هنا الاحتياطات الضروريه لمنع انتشار المرض - بدا فصل الصيف ولم تر رشاش البلديه يقوم برش الشوارع نطلب ضروره الاسراع…							
1943-06-01	difaa	difaa19430601-01.1.2	typhus	بالتيفوس	page			y		…حينما نعالج مسيله الامراض نكون في موقف تقدير لما تقوم به دواير الصحه فلقد ابدت هذه الدواير نشاطا حسينا في الشهور الماضيه. لكن حوادث الاصابات بالتيفوس - ثم وقوع اصابه جديده بالطاعون، تحملنا علي معاوده الكتابه فيهما يجب اتخاذه من تدابير مضاعفه . لا سيما وان الوقت صيف والامراض المعديه الخطره سهله الان…							
1943-06-01	difaa	difaa19430601-01.1.2	typhus	التيفوس	page			y		…نس مطالبتنا الجمهور بالمساهمه في تلك التدابير غيران دواير الصحه خصوصا في الجنوب تواجه الان واجبا خطيرا هو حمايه السكان اولا من المدوي ، ثم القضاء علي التيفوس وغيره من الامراض الخطره . ولننتظر ، فلعلنا لا نسمع الاباصابات ضييله جدا في الايام القليله المقبله ، اولا نسمع بها علي وجه الاطلاق الايس - ٢ - ملابس ا…							
1943-06-01	difaa	difaa19430601-01.1.2	plague	بالطاعون	page			y		…راض نكون في موقف تقدير لما تقوم به دواير الصحه فلقد ابدت هذه الدواير نشاطا حسينا في الشهور الماضيه. لكن حوادث الاصابات بالتيفوس - ثم وقوع اصابه جديده بالطاعون، تحملنا علي معاوده الكتابه فيهما يجب اتخاذه من تدابير مضاعفه . لا سيما وان الوقت صيف والامراض المعديه الخطره سهله الانتشار في شهور الحر ، خصوصا في ال…							
1943-06-01	difaa	difaa19430601-01.1.2	typhus	التيفوس	page			y		…وقوع اصابه بالطاعون في مستعمره و خمس اصابات بمرض التيفوس…							
1943-06-01	difaa	difaa19430601-01.1.2	plague	بالطاعون	page			y		…وقوع اصابه بالطاعون في مستعمره و خمس اصابات بمرض التيفوس…							
1943-06-01	difaa	difaa19430601-01.1.2	plague	الطاعون	page			y		…توفي امس طفل في نحو العاشره من عمره في مستعمره رعنانا قرب مضارب عرب ابي كشك مصاب بمرض الطاعون. وقد اهتمت دايره الصحه بهذا الحادث واوفدت بعض رجالها الي المستعمره حيث اتخذت الترتيبات الصحيه الواقيه وقاموا بتطهير البيت الذي حصلت فيه الوفاه والبيو…							
1943-06-01	difaa	difaa19430601-01.1.2	typhus	التيفوس	page			y		…ايام ثلاثه اشخاص من قريه دير البلح وواحد من قريه دمره بقضاء غزه واخر من قريه القباب قضاء الرمله للاشتباه بانهم مصابون بمرض التيفوس . وتلقت دايره الصحه امس نتيجه تحليل دمهم طبيا في القدس وهو يثبت صحه اصابتهم وقد احتاطت للامر منذ نقلهم واتخذت التدابير الصحيه في الاماكن التي وجدوا ف…							
1943-06-07	difaa	difaa19430607-01.1.2	plague	الطاعون	paragraph					…رقها كما قال الاصدقايه وهو يشتغل الان في وضع ا كتاب عنها وعن الشرق الادني ويقال ا انه سيتولي اداره مدرسه الايتام السوريه شنلر ) في القدس تقدير مكافحه الطاعون ورد في التقرير الاسبوعي الرسمي عن اعمال مكافحه الطاعون ان الحكومه تري من واجبها الاستمرار في اتخاذ الاجراءات الشديده لمكافحه انتشار هذا ا الداء وهي تطلب من الجمهور ان يساعد في اجراءاتها المفيده . وقد تناو…	0	0	0	absent			no-register-coverage
1943-06-07	difaa	difaa19430607-01.1.2	plague	الطاعون	page		y	y		…اصه بجنود الولايات المتحده وقواتها المسلحه تصدر في ثلاثه اماكن في العالم بشكل واحد : لندن وسدني والقدس وكلمه «يانكي» تطلق عاده علي كل اميركي : اصابات الطاعون وقعت اصابه جديده بالطاعون في مستعمره رعنا نا و نقل المصاب الي مستشفي الحكومه للامراض المعديه في طريق ملبس | واصبح عدد المصابين من رعنانا ثلاثه وتتخذ اقصي التدابير لمنع انتشار …							
1943-06-08	difaa	difaa19430608-01.1.2	malaria	الملاريا	page		y	y		…البلديه ومشاريعها وخدماتها . وتتساءل « ها بوكر » عما اذا كان لهذه الاحياء هييتان تمثلانها في وقت واحد احداهما تفاوض تل ابيب والاخري تفاوض يافا مطافحه الملاريا قدم المدينه مهندس الصحه العامه بالقدس وزار رياسه الصحه في اللواء الشيون تتعلق باصلاح المستشفيات و ترميمها. وقدمها ايضا السيد ميشيل سماحه الموظف المختص بمكافحه الملاريا ويحث مع المسيولين في الصحه احسن الطرق للتغلب علي عدوي هذا المرض الذي يكثر انتشاره غالبا في الصيف وفي القري المجاوره للانهار والمستنقعات .. وعرف ان دايره الصحه اتخذت تدابير فعاله للقضاء علي الملاريا وتجفيف المستنقعات قبل ان يتوالد الناموس والبعوض فيها ۱۰ جنيه غرامه ا فصل القاضي البريطاني امس في قضيه امراه من تل ابيب متهمه ببيع اوقيه من اللحم بسعر…							
1943-06-08	difaa	difaa19430608-01.1.2	typhus	بالتيفوس	page		y	y		…ت وان رييس البلديه قدم المحاضره الي المستمعات والصحيح ان كريمه رييس البلديه هي التي قدمت المحاضره اذ كانت الحفله نساييه لم يحضرها احد من الرجال اصابه بالتيفوس نقل الي مستشفي الحكومه منذ ايام اربعه اشخاص من عربان القبايل الضاربه بجوار دير البلح والسبع للاشتباه بانهم مصابون بالتيفوس . وتلقت دايره الصحه بيانا من الدايره العامه يفيد اصابه احدهم كنتيجه لتحليل دمه وقد ضوعفت التدابير المتخذه في ضواحي المدينه وطهرت السكنات والاحياء الت…							
1943-06-14	difaa	difaa19430614-01.1.3	typhoid	التيفوييد	page		y	y		…منها نفقات مشروع المجاري والاقنسيه ومناطق الصيانه والاصلاحات في الشوارع والازقه وقرر ايضا اشتراك الاهالي في نفقات المجاري. تدابير دايره الصحه لمكافحه التيفوييد ما تزال دايره الصحه تعمل في مكافحه مرض التيفوييد بجميع الوسايل وانتهت من تطعيم طلاب المدارس الاميريه وبدات بتطعيم طلاب المدارس الاهليه | وغيرها والمستشفي مفتوح الابواب لتطعيم السكان و كذلك طلبت السل…							
1943-06-15	difaa	difaa19430615-01.1.2	plague	الطاعون	paragraph		y	y		…لوكاله اليهوديه ١٥ بالميه من اسهمها و الهستدروت ۱٥ بالميه والمجالس البلديه والمحليه ۱۰ بالميه والبساقي للشركات التي تدير حر ركه الباصات الان . مكافحه الطاعون فهم ان الكولو نل هيرون مدير الصحه العام في فلسطين قد قرر زياده التدابير المتخذه لمكافحه الطاعون في يافا وتل ابيب . وكان المدير قد زار مستشفي الحكومه للامراض المعديه علي طريق مليس يومين يرافقه الدكتور البريدج من منذ الخرطوم والمستر موزي رييس اطباء اللواء في يافا فاعلن ان هذا المستشفي يجب ان يزاد استيعابه الي اربعه اضعاف ما هو عليه الان وان تدابير مكافحه الطاعون خلال الصيف يجب ان تشتد و تزداد زياده كبيره . جنه امراه عثر البوليس علي جثه امراه مدفونه تحت كومه من الحجاره في احدي بيارات قريه زرنوقه منذ يومين وقد …	0	0	0	absent			no-register-coverage
1943-06-16	difaa	difaa19430616-01.1.2	plague	الطاعون	page		y	y		…اصابه اثبت الكشف الطبي الذي اجري مءخرا في مستشفي الحكومه للامراض الساريه علي طريق ملبس ان الشخص اليهودي الذي نقل من شارع برخوف بتل ابيب غير مصاب بمرض الطاعون ، هذا فلا يزال الفحص جاريا للتحقق من نوع مرضه…							
1943-06-16	difaa	difaa19430616-01.1.3	typhoid	التيفوييد	paragraph		y	y		…قالين عقد البقالون وتجار المفرق اجتماعا بعد ظهر اليوم في مكتب الغرفه التجاريه العربيه وقرروا تاليف نقابه لهم تهتم بمصالحم وتسعي لتسهيل اعمالهم انتشار التيفوييد وظهور اصابات جديده وقعت اصابات جديده بالتيفوييد ونقل المصابون بسرعه الي مستشفي الحكومه وتهتم دايره الصحه اهتماما عظيما بمكافحه انتشار المرض ويبلغ عدد الاصابات التي وقعت حتي الان ٣٠ اصابه . النظر في…	0	0	0	absent			no-register-coverage
1943-06-17	difaa	difaa19430617-01.1.2	plague	الطاعون	page			y		… - بيافا لبحث موضوع ضريبه البلديات الاضافيه المنوي فرضها علي اصحاب الاملاك علي ان تستوفي فيما بعد من المستاجرين ومراجعه المقررات السابقه تقرير مكافحه الطاعون ما زالت اعمال مكافحه الطاعون في يافا وتل ابيب مستمره وقد ورد في التقرير الاسبوعي الرسمي ان هذه الاعمال تناولت عده مناطق واهلكت ۷۸ جردا ليس بينها موبوء بالطاعون ووزعت ٥۸۷۰ وحده من سم الفيران واصبح عدد الجرذان التي اهلكت حتي الان ٤٧٩٥ . قضيه مءن غريبه جرت في محكمه صلح طبريا امس محاكمه عشره اشخاص بتهمه غريبه اق…							
1943-06-18	difaa	difaa19430618-01.1.2	typhoid	والتيفوييد	window			y		…م الخميس ٢٩ تموز القادم في مدرسه افلينا رو تشلد بالقدس. الامراض الساريه واعلن ان اصابات الامراض الساريه في الاسبوع الماضي كانت ١٥ اصابه كلها بالتيفوس والتيفوييد ٨ منها في حيفا و ٤ في يافا و ٣ في غزه . بلديه صفد واصدرت بلديه صفد قانونا يتعلق برسوم الذبح في مسلخ البلديه عينت بموجبه رسم الجمل ٦٥ ملا والحروف ٧٥ م…	0	0	0	absent			no-register-coverage
1943-06-18	difaa	difaa19430618-01.1.2	typhus	بالتيفوس	window			y		…ن مساء يوم الخميس ٢٩ تموز القادم في مدرسه افلينا رو تشلد بالقدس. الامراض الساريه واعلن ان اصابات الامراض الساريه في الاسبوع الماضي كانت ١٥ اصابه كلها بالتيفوس والتيفوييد ٨ منها في حيفا و ٤ في يافا و ٣ في غزه . بلديه صفد واصدرت بلديه صفد قانونا يتعلق برسوم الذبح في مسلخ البلديه عينت بموجبه رسم الجمل ٦٥ ملا و…	0	0	0	absent			no-register-coverage
1943-06-18	difaa	difaa19430618-01.1.3	typhus	بالتيفوس	page		y	y		…م والمشايخ فريح المصدر وسلمان ابو ربيعه وحسن ابو جابر وسلامه بن سعيد واحمد شراب لاخذ عطوه حسب العوايد العربيه توفي اليوم بمستشفي الحكومه احد المصابين بالتيفوس واتخذت دايره الصحه تدابير الوقايه تعقد جمعيه البدو العشايريه اجتماعا في منزل رييسها الشيخ عبد الرزاق ابو سنه بعد ظهر ٢٤ الجاري لانتخاب هييه جديده ومو…							
1943-06-20	difaa	difaa19430620-01.1.2	malaria	الملاريا	page					…ء ، وقال انه يامل ان يبذل الجهور جهودا تساعد في القضاء علي كل ما قد يظهر من حوادث جديده وذلك باتباع التعليمات الصحيه والعنايه بالنظافه وعرف ان مكافحه الملاريا تجري بنشاطء في القري التي تقرب من المستنقعات للقط علي جزاييمها والتقليل من انتشارها في فصل الصيف .…							
1943-06-20	difaa	difaa19430620-01.1.2	plague	والطاعون	page			y		…الكحاء ، و يشمله افخامه المندوب السامي برعايته الامر احمد الساريه ذكر لنا احد المعنيين بشيون الصحه العامه ان نسبه الاصابات بالامراض الساريه كالتيفوين والطاعون ، قلت في الايام الاخيره بشكل ملموس ، وعلي الاخص في مناطق اللواء العربيه وذلك بفضل التدابير التي اتخذت بسرعه واعزل المصابين لو تطهير بيوتهم والمحافظه …							
1943-06-21	difaa	difaa19430621-01.1.2	typhoid	التيفوييد	page			y		…لسيد سيف الدين الكيلاني تفرق علي اثرها المدعوون - الم بالسيد رشدي الشوا النحراف في صحته الزمه الفراش شفاه الله - يجري تطعيم طلاب المدارس والموظفين ضد التيفوييد…							
1943-06-23	difaa	difaa19430623-01.1.3	typhoid	التيفوييد	page			y		…تطعيم السكان للوقايه من التيفوييد…							
1943-06-23	difaa	difaa19430623-01.1.3	typhoid	التيفوييد	paragraph			y		…زادت السلطات من نشاطها في تطعيم السكان للوقايه من مرض التيفوييد وقد تم تطعيم طلاب المدارس وافراد البوليس تذاكر الاشتراك في المءتمر الطبي وصلت بطاقات الاشتراك في المءتمر الطبي العربي السادس الذي سينعقد في بيروت يوم…	0	0	0	absent			no-register-coverage
1943-06-27	difaa	difaa19430627-01.1.2	plague	الطاعون	page					… حي كبير يقع في شمال تل ابيب اسمه ( حي الصناديق » و بيوته كلها مصنوعه من خشب الصناديق وكانت السلطات تنوي هدم هذا الحي منذ مده عندما بدات اعمال مكافحه الطاعون ، لكن سكانه تظاهر و او اصروا ا علي عدم الهدم الي ان تجد السلطات لهم مساكن جديده غير ان قوه كبيره من رجال البوليس مع عمال الهدم جاءوا الي…							
1943-06-30	difaa	difaa19430630-01.1.2	plague	بالطاعون	page		y	y		…ت احتراق البيادر في الايام الاخيره وقد احترق يوم اول امس بيدر قريه تل الترمس في لواء غزه والتهمت النار ما تزيد قيمته علي ۲۰۰ جنيه من الحاصلات ه اصابه بالطاعون مات في مستشفي الحكومه للامراض المعديه علي طريق ملبس شخص مصاب م بالطاعون اسمه اسحق كابلان وهو تاجر حبوب معروف و عمر ٤٨٠ سنه وكان يعيش ه في مستعمره رمان فان لكن الانابه لحقت به في منتفيوري الواقعه بجوار سارونا موهذا اول حادث بالطاعون يقع في تلك الجهه - نقل الي مستشفي الحكومه بيافا منذ ايام موشه كوهين وحمره ٤٥ سنه ومن سكان مستعمره بات يام مصابا بحبل ا في عقله وقد توفي امس…							
1943-07-02	difaa	difaa19430702-01.1.2	plague	الطاعون	page					…انظمه مقاومه الطاعون…							
1943-07-02	difaa	difaa19430702-01.1.2	plague	الطاعون	page			y		…سافر الي مستعمره رمات غان بجوار | قال ابيب امس عدد من اطباء الصحه بيافا وكبار موظفيها التطبيق انظمه مقاومه الطاعون رسميا علي المستعمره وعقد في الحصال اجتماع في المجلس المحلي حضره اعضاءه وزعماء المستعمرات المجاوره وتقرر تطعيم جميع السكان والتخاذ الاجراءات السريعه ل…							
1943-07-02	difaa	difaa19430702-01.1.2	plague	بالطاعون	page			y		…شخص من المصابين بالطاعون بعد ان شفي جميع المرضي بالتدريج وكان معدل الشفاء يدل علي ان الوباء ليس قويا في جرثومته وان الاجراءات السريعه جعلت العدوي منه ضعيفه التاثير .…							
1943-07-07	difaa	difaa19430707-01.1.2	typhus	التيفوس	page			y		…اصابات التيفوس…							
1943-07-07	difaa	difaa19430707-01.1.2	typhus	بالتيفوس	page		y	y		…نقل الي مستشفي الحكومه بيافا منذ ايام ثلاثه اشخاص للاشتباه بانهم مصابون بالتيفوس . وقد تلفت دايره الصبحه امس نتيجه تحليل دمهم طبيا و هي تثبت اصابتهم |…							
1943-07-09	difaa	difaa19430709-01.1.2	plague	الطاعون	page					…د تعرضت مناطق معينه في البلاد الخطر بعض الاوبيه الخطيره . ثم بالشاط الصحي الحديث استطاعت التغلب علي تلك الامراض المعديه الضاره. وتذكر علي سبيل المثال الطاعون ثم النيفوس و في الحرب تدير امثال هذه الامراض…							
1943-07-09	difaa	difaa19430709-01.1.2	typhus	التيفوس	page					…ضه لهذا اكثر من شهور الشتاء والنصيحه الوحيده الهامه التي تقال للجمهور تلخص بكلمه واحده هي : النظافه، فهذه اساسيه في المحافظه علي الصحه والسلامه . وما التيفوس الخطر الا اهمال لقواعد النظافه . وحوادثه في المنطقه الجنوبيه تتطلب القيام بحمله صحيه اول مباديها التطهير والتنظيف في الملبن والمسكن ٣- في عطله المدار…							
1943-07-09	difaa	difaa19430709-01.1.2	typhus	التيفوس	paragraph		y	y		…ه ، اما نوادي الاحداث وطلاب المدارس الاهليه فيستمر تقديم ه الطعام لها مادامت مفتوحه م اثبت الكشف الطبي ان محمود عبد الرحمن نور من سجن غزه مصاب بمرض ه التيفوس وكان قد نقل الي مستشفي الحكومه منذ ايام للاشتباه . . صرفت امس علاوه غلاء المعيشه لموظفي دايره الصحه في المواء عن الاشهر الثلاثه الماضيه وهي طبق تواصي…	0	0	0	absent			no-register-coverage
1943-07-09	difaa	difaa19430709-01.1.2	typhus	التيفوس	page			y		…انشاء دايره خاصه بمكافحه الاوبيا حدیث هام عن اصابات التيفوس…							
1943-07-09	difaa	difaa19430709-01.1.2	typhus	التيفوس	page					…افضي الدكتور مكوين كبير الاطباء في دايره الصحه العام بحديث قال فيه ان مرض التيفوس قد فتك ب ٢٣ شخصا خلا الاشهر الثمانيه الماضيه وقد تسربت موجه هذا الموطن ا ضواحي يافا وغزه ودير البلح واستقرت في المنطقه الجنو لكنها حوصرت هناك واصبحت …							
1943-07-09	difaa	difaa19430709-01.1.2	typhus	والتيفوس	page			y		…العمل عندظر المرض بل تسبقه وتضع في وجهه العقبات المايعه وتزيل الم ولكن اعتقاد الساده هو ان الاصابات الاولي قد جاءت الام من الاقطار المجاوره خصوصا مصر والتيفوس نوغان احدهما خفيف معتدل تنقل عدو الفيران وهو متوطن في فلسطين . اما الثاني فهو وباء التيفون و تنقل عدواه البراغيث والقمل والجراثيم الاخري . ول خطر اكث…							
1943-07-14	difaa	difaa19430714-01.1.2	typhus	بالتيفوس	page			y		…اصابه بالتيفوس…							
1943-07-14	difaa	difaa19430714-01.1.2	typhus	بالتيفوس	page		y	y		…نقل الي مستشفي الحكومه بيافا منذ نحو اسبوعين درويش يوسف السمهوري من اللد وعمره نحو عشرين سنه للاشتباه بانه مصاب بالتيفوس لكنه، توفي امس الاول متاثرا . وقد تلقت دايره الصحه امس نتيجه تحليل دمه فاتضح انه كان مصابا بالمرض المذكور واعلمت دايره الصحه العامه بالامر…							
1943-07-14	difaa	difaa19430714-01.1.2	plague	الطاعون	page		y	y		… من عشر سنوات قدموا استقالاتهم وقد رفضت طلبات بعضهم فطلبوا نقلهم الي دواير اخري وقد استطاع احدهم ان يستقيل وكان موظفا كبيرا في دواير الاراضي . اصابات الطاعون صرح مصدر مسيول امس با ته لم تقع في تل ابيب وما جاورها ايه اصابه بالطاعون في الايام الاخيره وان ما نشر في بعض الصحف غير صحيح والواقع ان خمسه اشخاص قد نقلوا الي مستشفي الحكومه لكن ظهر بعد فحصهم انهم ليسوا مصابين بالطاعون معبد للسمره قررت الطايفه السامريه انشاء معبد جديد علي جبل جرزيم وبدات تجمع من افرادها نفقات البناء كما ان الحكومه وعدت بدفع ٥٠٠ جنيه لهذا الغرض…							
1943-07-16	difaa	difaa19430716-01.1.2	typhus	التيفوس	page			y		…اصابات التيفوس…							
1943-07-16	difaa	difaa19430716-01.1.2	typhus	التيفوس	page		y	y		…توفي في مستشفي الحكومه سلامه سليمان عمران من سجن غزه وابراهيم محمود احمد من سكان يافا متاثرين باصابتهما بمرض التيفوس وتلقت دايره الصحه نتيجه تحليل دمها طبيا وهي تثبت اصابتهما . وهما من العمال المصريين الذين وفدوا حديثا . وتلقت الدايره ايضا نتيجه تحليل دم زكي عبد الر…							
1943-07-22	difaa	difaa19430722-01.1.3	malaria	بالملاريا	paragraph			y		…في شفا عمرو ويعرب سكان القري عن سرورهم لهذه الحفلات بوشر اليوم بتوزيع الارز والقهوه والحلاوه المخصصه للقري عن شهر تموز الجاري . لوحظ ان حوادث الاصابه بالملاريا بين اطفال المدينه والقري المجاوره زادت عن السنين السابقه زياده تستدعي اهتمام المسيولين…	0	0	0	absent			no-register-coverage
1943-07-22	difaa	difaa19430722-01.1.4	typhus	التيفوس	page			y		…اصابات التيفوس…							
1943-07-22	difaa	difaa19430722-01.1.4	typhus	بالتيفوس	page		y	y		…نقل الي مستشفي الحكومه بيافا منذ ايام شخصان احدهما من دير البلح والثاني من غزه ل ه للاشتباه بانهما مصابان بالتيفوس ، وتلقت دايره الصحه امس نتيجه تحليل دمهما وهي تثبت صحه اعماله ما يتهما…							
1943-07-28	difaa	difaa19430728-01.1.2	typhus	التيفوس	page			y		…اصابات التيفوس…							
1943-07-28	difaa	difaa19430728-01.1.2	typhus	بالتيفوس	page		y	y		…نقل الي مستشفي الحكومه بيافا منذ ايام سالم سلمان احتكان من سجن غزه للاشتباه با نه مصاب بالتيفوس و قد تلقت دايره الصحه بيافا امس نتيجه دمه طبيا وهي تثبت صحه اصابته .…							
1943-07-30	difaa	difaa19430730-01.1.4	typhus	بالتيفوس	page			y		…وورد في تقرير الامراض الساريه ان عدد الاصابات في الاسبوع الماضي ۱۰ اصابات كلها بالتيفوس ووقعت كلها في لواء اللد وغزه البنك العربي وصدر امر بتوقيع مسجل الشركات يعلن فيه ان البنك العربي قد زاد راسماله باسهم جديده نظام النقط تقرر الغاء نظام…							
1943-09-19	difaa	difaa19430919-01.1.2	typhus	التيفوس	page					…غلاله للدعايه السياسيه مطلقا مءتمر الاطباء انفص امس المءتمر السنوي للاطباء اليهود بعد ان استمر منعقدا في القدس اربعه ايام وكان محور ابحاثه حول محاربه التيفوس المعوي وقد اتخذت قرارات كثيره هامه منها مطالبه الحكومه بايجاد كميات كافيه من الامصله الواقيه لمكافحه هذا المرض بالسرعه التي تمنع انتشاره…							
1943-09-22	difaa	difaa19430922-01.1.2	typhus	بالتيفوس	page		y	y		…يام احمد ابراهيم وخمان من غرب الفايق البالغ من العمر ٢٠ سنه وكان مصابا بجراح من جراء حادث سياره لكنه لم يلبث ان توفي متاثرا وحولت اوراقه امس .. اصابه بالتيفوس نقلت الي المستشفي الفرنسي بيافا منذ ايام امراه من نابلس عمرها ٣٥ سنه للاشتباء بانها مصابه بمرض سار ثبت لدي دايره صحه المدينه انها مصابه بالتيفوس بعد تحليل دمها…							
1943-09-22	difaa	difaa19430922-01.1.3	malaria	بالملاريا	page		y	y		…ايره الصحه العامه . نرجو ان تسهل الدايره للحجاج الحصول علي طلباتهم حتي لا يتاخروا عن اداء فريضه الحج هذا العام كما حدث اثناء العام الماضي اصابه اشخاص بالملاريا اصيب خمسه من رجال بوليس نقطه النبي يونس - قضاء المجدل - بحمي الملاريا ونقلوا الي مستشفي الحكومه في غزه ويشرف علي علاجهم الدكتور ابراهيم اتيم تلفت نظر دايره الصحه الي تجفيف المستنقعات الموجوده في قضاء المجدل .…							
1943-09-27	difaa	difaa19430927-01.1.2	plague	الطاعون	page		y	y		…ي فتح مستشفي الحكومه الجديد الذي تم تاسيسه علي شاطيء الموجي اسكان عايلات قال مصدر عليم ان مساله اسكان العايلات التي هدمت منازلها الخشبيه اثناء مكافحه الطاعون في منطقه يافا بيب قد حلت الان وتم وضع تل مشروع الاسكانها وعددها ۱۱۸ عايله وقدم المشروع الي حاكم المواء لتوقيعه وهو يقضي بان تقدم الحكومه ٤٠ الف جنيه …							
1943-09-29	difaa	difaa19430929-01.1.3	malaria	الملاريا	page					…صلاحيه هذه اللجنه ان تجمع من كل شخص عمره ١٦ - ٦٠ سنه نصف جنيه بالسنه ويصرف ما يجمع علي صيانه الطرق او اساله المياه وترقيه المدارس والمستوصفات ومكافحه الملاريا تجار السيرج وضروره تحديد الاسعار راجع تجار المفرق مساعد مراقب المواد الغذاييه بشان امتناع اصحاب المعاصر عن توزيع السيرج عليهم الا بالسعر الذي يحددونه…							
1943-09-29	difaa	difaa19430929-01.1.3	malaria	الملاريا	page					…قررت الحكومه تجفيف نهر « المدوع » في بيسان الاستيصال الملاريا هناك وستتحسن مساحه ٣٠ الف دونم من الاراضي التي يملكها الاهالي العرب هذا المشروع وقام بوضع التصميم والخرايط السيد ميشيل سماحه مهندس من دايره الصحه الع…							
1943-10-29	difaa	difaa19431029-01.1.4	typhus	بالتيفوس	window			y		…يه ان نفقات مجلسها المحلي بلغت ١٥١ جنيها و وارداته ٢٧٤ جنيها والوفر في صندوقه ۲۳۰ جنيها الامراض الساريه وورد في تقرير الامراض الساريه ان عدد الاصابات بالتيفوس خلال الاسبوع الماضي بافت ۱۳ اصابه بينها ثماني اصابات في حيفا واصابتان في يافا واصابه في السافريه المواد الكيماويه و وقع مراقب الصناعات الثقيله بالوكا…	0	0	0	absent			no-register-coverage
1943-11-21	difaa	difaa19431121-01.1.2	malaria	الملاريا	page					… جامعه لندن . - يقوم الدكتور موري رييس اطباء اللواء بجوله تفتيشيه في لواء الجليل تبتدي، من غد ( الاثنين ) وتستمر اسبوعا ، وسيتفقد خلالها اعمال مكافحه الملاريا في تلك المنطقه وينزل في الطابعه -- القدس - توجه الي القاهره السيد نافذ الحسيني ، عضو بلديه القدس ترافقه عايلته لتمضيه بضعه اسابيع فيها . القدس - يلقي…							
1943-11-24	difaa	difaa19431124-01.1.2	plague	الطاعون	window					…لي تل ابيب امس برافقه القايم تمام المستر بينا للاطلاع علي الترتيبات التي تقرر اتخاذها لاسكان العايلات اللاجيه التي هدمت بيوتها اثناء الحمله في مكافحه الطاعون والمفهوم ان هذه الترتيبات ستتخذ في حيفا . لجنه لخفض الاسعار الفت بلديه تل ابيب بالتعاون مع المجلس الملي والوكاله اليهوديه واتحاد المزارعين مساله اسعا…	0	0	0	absent			no-register-coverage
1943-11-24	difaa	difaa19431124-01.1.3	typhus	والتيفوس	page					… القادم ، من يوم ٧ ديسمبر الي اليوم الحادي عشر وقد اذاعت الجمعيه انها ترحب بما يريد حضرات الاطباء القاءه من الموضوعات الاتيه : امراض الريتين والدرن ، والتيفوس ، والملاريا، والمصايف والمشاتي وموضوعات اخري باطنيه وجراحيه وغير ذلك . وهي ترجو من الاطباء ان يرسلوا عناوين ما يريدون القاءه من هذه الموضوعات ، الي ص…							
1943-11-24	difaa	difaa19431124-01.1.3	malaria	والملاريا	page					…ن يوم ٧ ديسمبر الي اليوم الحادي عشر وقد اذاعت الجمعيه انها ترحب بما يريد حضرات الاطباء القاءه من الموضوعات الاتيه : امراض الريتين والدرن ، والتيفوس ، والملاريا، والمصايف والمشاتي وموضوعات اخري باطنيه وجراحيه وغير ذلك . وهي ترجو من الاطباء ان يرسلوا عناوين ما يريدون القاءه من هذه الموضوعات ، الي صاحب العزه سك…							
1943-12-01	difaa	difaa19431201-01.1.2	typhoid	التيفوييد	other:Ramallah	Ramallah		y		… الجديده المحكمه يافا المركزيه اعتبارا من صباح اليوم وتستمر حتي يوم الاثنين القادم الجاري وتعقد عده جلسات في يافا وغزه للفصل في القضايا المعده اصابات التيفوييد يءخذ من الاحصاءات الرسميه ان عدد حوادث الاصابات بمرض التيفوييد التي وقعت في الشهر الماضي كانت ٣٢ حادثه بيافا وه في القضاء ووقعت ۳ حوادث تيفوس و حادثتا براتيفوييدييافا فقط ولم يقع في القضاء شيء منهما…							
1943-12-01	difaa	difaa19431201-01.1.2	typhus	تيفوس	other:Ramallah	Ramallah		y		…بات التيفوييد يءخذ من الاحصاءات الرسميه ان عدد حوادث الاصابات بمرض التيفوييد التي وقعت في الشهر الماضي كانت ٣٢ حادثه بيافا وه في القضاء ووقعت ۳ حوادث تيفوس و حادثتا براتيفوييدييافا فقط ولم يقع في القضاء شيء منهما…							
1943-12-01	difaa	difaa19431201-01.1.2	plague	الطاعون	page					…رفه التجاريه بعكا بيوت اللاجيين بدا العمل منذ اسبوع في بناء البيوت الجديده للعايلات اليهوديه التي از يلت بيوتها الخشبيه في يافا وتل ابيب بسبب اجراءات الطاعون وينتظر ان يتم بناءها بعد اسبوعين وعددها ٥٩ بينا و يجري بناءها في الاراضي الواقعه امام نيتر علي طريق القدس وسيكلف بناءها ٤٤ الف جنيه تدفعها بلديه تل ا…							
1943-12-22	difaa	difaa19431222-01.1.2	influenza	للانفلونزا	paragraph					…ل الثلاث السنوات الماضيه نادر الوجود في انكلترا وعندما كانت تاتي شحنات صغيره من اميركا او اسبانيا كانوا يوزعونها علي الاطفال ويعتبر البرتقال خير علاج للانفلونزا فقط . التي ظهرت الان في انكلترا…	0	0	0	absent			no-register-coverage
1943-12-28	difaa	difaa19431228-01.1.2	plague	الطاعون	page					…بمرض الطاعون في احد احياء تل ابيب…							
1943-12-28	difaa	difaa19431228-01.1.2	plague	الطاعون	page			y		…في انباينا المحليه ان اصابه جديده مرض الطاعون قد ظهرت في احد احياء تل ابيب وان دايره الصحه اهتمت جديا بالحادث و اتخذت الاحتياطات التي تتبع عاده في مثل هذه الحالات والذي يعنينا من هذا النبا وجود ج…							
1943-12-28	difaa	difaa19431228-01.1.2	plague	بالطاعون	page			y		…اول اصابه جديده بالطاعون منذ ٦ اشهر…							
1943-12-28	difaa	difaa19431228-01.1.2	plague	الطاعون	page		y	y		… برقيه من دايره الصحه العامه بالقدس ذكر فيها ان الفحص الطبي لدم زفي بانشتوك من سكان البيت رقم ۳۸ بشارع بوغر اشوف بتل ابيب ، قد اثبت انه مصاب حقا بمرض الطاعون ، وكان قد نقل الي مستشفي الحكومه للامراض…							
1944-01-13	difaa	difaa19440113-01.1.2	plague	الطاعون	page					…قدت خمسه مكافحه السان امس الاول اجتماعا قررت فيه اختيار اعضاء فخربين لها وتسجيل اسمايهم في السجل الذهبي اذا دفع الواحد منهم قدرا معينا من المال . خطر الطاعون اصدرت دايره الصحه في تل ابيب بيانا الي السكان قالت فيه : ان خطر الطاعون مازال قايما في تل ابيب ويجب علي السكان ان يتصلوا حالا بها بالتلفون اذا ظهر جرذ في منازلهم او في جوارهم…							
1944-01-19	difaa	difaa19440119-01.1.2	plague	الطاعون	page			y		… تكون المدارس امس مقفله العدم استطاعه الطلاب الذهاب اليها من جراء تاثرهم بالتطعيم ، ومن المهم جدا ان تخطو دايره الصحه خطوه اخري وتطعم طلاب المدارس ضد الطاعون وبقيه الامراض الساريه مبالغه في الحيطه علي الصحه طول مده الحرب اصدر المستر امستند نايب مراقب المءن في اللواء امرا باغلاق خمسه دكاكين لبيع اللحوم في ت…							
1944-01-24	difaa	difaa19440124-01.1.2	plague	الطاعون	page					… يزال تجاره يستوفون منهم ثمن الورقه سبعه قروش مع الزامهم باعاده الورقه الفارغه وليس من سبب يدعو الي سلوك هذه الخطه سوي طمع التجار والباعه خيام منكوبي الطاعون جددت البلديه خيام منكوتي الطاعون المقيمين قرب المسلخ واصلحت التلف الذي طرا عليها في المده الاخيره وبالمناسبه نذكر انه عهد الي نايب رييس مفتشي الضحيه في البلديه القيام باعمال رييس الم…							
1944-02-01	difaa	difaa19440201-01.1.2	measles	حصبه	paragraph					…ري مشاريع مخططه تحت الدرس اليافا حتي ولو كانت هذه المشاريع محليه . اليس من واجب سكانها وهيياتها التفكير بمستقبل مدينتهم ٢ - نسبه توزيع اللحوم تنا قصت حصبه يافا من اللحوم، اسيوعيا، الي مقدار النصف . فقبل هذا التدبير الاضطراري كانت هذه المدينه تاخذ اسبوعيا ما وزنه اربعه الاف كيلو غرام من اللحوم . اما الان…	0	0	0	absent	1944-04-25(peak 7/30d)	-84	no-register-coverage
1944-02-01	difaa	difaa19440201-01.1.2	typhus	بالتيفوس	page		y	y		…ضد الرعايا اليهود سهام رفقي وفرقتها لاسباب قاهره لم تتمكن فرقه سهام رفقي من الحضور الي يافا كما اعلن سابقا وسيعلن عن موعد حفلاتها في وقت قريب اصابتان بالتيفوس نقل الي مستشفي الكرنتينا بيافا منذ اربعه ايام عيسي ياسين ابو سيدو من غزه والبالغ من العمر ٣٠ سنه للاشتباه باته مصاب بمرض التيفوض ، وقد تلقت دايره صحه…							
1944-02-01	difaa	difaa19440201-01.1.2	diphtheria	خناق	page		y	y	y	…حليل ذمه طبيا ، وثبتت ايضا اصابه ( مكلك واي) البالغ من العمر ١٨ سنه و من نزلاء سجن يافا بالمرض المذكور وكان قد نقل الي المستشفي مشتبها به منذ اسبوع ( خناقه ) في مءتمر عقد مءتمر طبي كبير في قاعه « درع داود الاحمر » في تل ابيب امس حضره عدد كبير من الاطباء للبحث في مسايل هامه ولكن هذا المءتمر انفض قبل ان ي…							
1944-02-16	difaa	difaa19440216-01.1.2	typhus	التيفوس	page			y		…نقل امراه مصابه بالجدري واتخاذ تدابير ضد التيفوس…							
1944-02-16	difaa	difaa19440216-01.1.2	smallpox	بالجدري	page			y		…نقل امراه مصابه بالجدري واتخاذ تدابير ضد التيفوس…							
1944-02-16	difaa	difaa19440216-01.1.2	smallpox	الجدري	page		y	y		…نقلت الي مستشفي الحكومه للامراض الساريه قرب ملبس امراه بدويه في العشرين من عمرها اسمها زينب سليمان مصابه بمرض الجدري . وكانت تقطن في بياره، تقع قرب مستعمره كريات اربيه ولما اصيبت بهذا المرض حضر الي دايره الصحه بيافا من ابلغها بذلك فارسلت بعض موظفيها الي حيث تقطن الم…							
1944-02-16	difaa	difaa19440216-01.1.2	typhus	التيفوس	page		y	y		…في محجرها الخاص علي طريق سلمه وكانت قد جمعتهم ممن كانوا يبيتون في الخانات والاماكن الاخري بشارع السكسك وذلك للاشتباه بانهما مصابان بمرض التيفوس . اما بقيه الاشخاص الذين كانوا . معهما في المحجر فقد اخذوا للتبخير ومتي تحقق نوع المرض الذي اصيب به الشخصان المنقولان الي المستشفي يفصل في امر الاخري…							
1944-02-18	difaa	difaa19440218-01.1.2	typhus	بالتيفوس	other:Jerusalem	Jerusalem	y	y		…ت الي هذا المءتمر وفود من روسيا و اميركا وغيرهما و اختارت . الهستدروت مندوبيها لهذا المءتمر وبينهم غولدا ما يرسون زعيمه العمال المعروفه . اصابه اشخاص بالتيفوس تلقت دايره صحه اللواء من مستشفي M. الكرنتينا بيا فاما يفيد صحه اصابه الاشخاص الاتيه اسماءهم بمرض التيفوس وهم : جباره حامد صبري من بير السبع وعمره ۲۰ سنه واحمد عيد سعيد من بير السبع ايضا وعمره كذلك ٢٠ سنه وعبد المجيد احمد وعمره ٣٠ سنه وهو من سجن يافا ومحم…							
1944-03-09	difaa	difaa19440309-01.1.3	typhus	بالتيفوس	page		y	y		…وم باحيايها فنانو وفنانات القسم العربي المحطه الاذاعه الفلسطينيه وسيخصص ريع. هذه الحفله لمساعده العمال العرب اقرار ميزانيه البلديه - الاشتباه باصابات بالتيفوس H في جلسه عقدها المجلس البلدي من الساعه الثالثه حتي الخامسه من بعد ظهر اليوم المراجعه ميزانيه البلديه لسنه ٤٤ - ٤٥ اقرها جميعها وسترسل قريبا الي دايره حاكم اللواء للموافقه عليها . اشتبه بعده اصابات بالتيفوس بين المسجونين ونقل المشتبه بهم الي مستشفي الحكومه لفحصهم والتثبت من مرضهم .…							
1944-03-12	difaa	difaa19440312-01.1.2	malaria	الملاريا	page					…تلقينا الكتاب التالي من السيد علي طاوي ، مدير المدرسه الاميريه في سر جنين : « ... الظروف مناسبه لرد بعض الجميل الي مصر بمناسبه منكوبي الملاريا في مديريتي قنا واسوان . لقد بذلت بعض الجهد المتواضع فوجدنا تشجيعا كافيا، وربما لا تمر ثلاثه ايام الا ويكون هناك مبلغ كبير سيرسل الي سعاده قنصل مصر في…							
1944-03-29	difaa	difaa19440329-01.1.3	malaria	الملاريا	other:Bethlehem	Bethlehem				…ات اللازمه لتمثيل روايه اولاد الذوات» علي مسرح جمعيه الشبان المسيحيه في القدس تحت رعايه احد. قناصل الدول العربيه وسير صدريع هذه الحفله لمساعده منكوبي الملاريا بقنا واستوان وستكون بمثابه مهرجان عربي كبير يعبر عن الشعور الشقيقه تجاه مصر جمع تبرعات الترفيه - توزيع اقمشه الخام طاني وفد مءلف من الساده حنا قواس ر…							
1944-04-04	difaa	difaa19440404-01.1.1	diphtheria	الدفتري	page					…عده ايام ضيفا علي الحكومه العراقيه. واستقبل الوفد عند وصوله الجنرال نوري السعيد باشا رييس الوزراء ومعالي السيد محمود صبحي الدفتري وزير الخارجيه الذي دعا اعضاء الوفد الي مادبه غداء رسميه…							
1944-04-14	difaa	difaa19440414-01.1.2	malaria	الملاريا	window					… الصيدلي المعروف وبمناسبه الحداد قتصرت الحفله علي ال العروسين . وقد سافرا الي حيفا وطبريا لقضاء شهر العسل نرجو لها حياه سعيده مباركه. فيلم سينمايي عن الملاريا | - القاهره و مامع اعتزم معالي الدكتور عبد الواحد الوكيل بك عرض شريط سينمايي عن الملاريا في مجلس عند نظر استجواب الملاريا في الشيوخ المجلس في الاسبوع القادم حفله مثليه تقيم جمعيه الكشافه الارثوذكس اليافيه حفله تمثيليه تقدم فيها روايه «القاتل وذلك في يوم السبت ١٥ نيسان ال…	3	10	0	open			register admitting, no surge
1944-04-19	difaa	difaa19440419-01.1.2	plague	طاعون	page		y	y		… ماسه . ميزانيه مجلس محلي اتم مجلس محلي الفالوجه اعداد ميزانيته لجديده وقد بلغت ٨٤٥, ١٠ جنيها لقسم لواردت و ١٠٤٨٤٨ جنيها لقسم المصروفات اشتباه باصابه طاعون نقل الي مستشفي الحكومه للامراض ساريه في بني براك علي طريق ملبس…							
1944-04-19	difaa	difaa19440419-01.1.2	plague	بالطاعون	page			y		…امس شخص يشتبه بانه مصاب بالطاعون وهو من سكان شارع سبينوزا في تل ابيب وقد تحسنت حالته ولكن الاشتباه باصابته لم يزل باقيا الكعك والحلويات باسعار محدوده تقول هاارتس ان نايب مراقب المءن …							
1944-04-19	difaa	difaa19440419-01.1.2	smallpox	بالجدري	page			y		…عد علمت جريده ها بوكر ان المستر تورز مساعد مراقب المءن العام الذي سافر منذ عده اسابيع الي انكلترا سيعود قريبا جدا الي فلسطين ويتولي عمله اصابات جديده بالجدري ما تلقت دايره الصحه بيافا امس يفيد ظهور اربع اصابات جديده بمرض الجدري والمصابون به هم محمد سليم ابراهيم وعمر ه ۳۰ سن سنه و عزيزه ابراهيم محله وعمرها ٢٥ سنه وكلاهما من المسكوبيه بيافا وعبد الجواد سيد سباعي وعمره ۲۰ سنه و…							
1944-04-20	difaa	difaa19440420-01.1.2	plague	الطاعون	page					…حث موضوع تسليف بلديه تل ابيب خمسه الاف جنيه من اموال بلديه يافا لتتمكن من اقامه مساكن للعايلات التي هدمت براكاتها في العام الماضي اتنساء اعمال مكافحه الطاعون. وقد اجابت اللجنه بانها قررت في جلسه سابقه ان تتولي هذه المهمه بنفسها وليس ما يوجب الخروج علي هذا القرار مادام انها ستقوم بالمهمه التي تطلب بلديه تل …							
1944-04-20	difaa	difaa19440420-01.1.2	typhus	بالتيفوس	page			y		…تحقق اصابات بالتيفوس تلقت دايره الصحه في المدينه ما يفيد ثبوت اصابه الاشخاص الاربعه التاليه اسماءهم بمرض التيفوس و هم رحيل عقال مسعود من يافا وعمرها ٣٥ سنه وعبد الله احمد سلامه من زرنوقا وغيره ۳۰ سنه وجميله عبيد ياسين من الفالوجه وعمرها ٢٧ سنه ومحمد محمود الدالي…							
1944-04-20	difaa	difaa19440420-01.1.2	plague	طاعون	window		y	y		…ر الي يوم اول تموز وهو اخر انذار تقدمه فاذا لم تتم تسويه مسيله هذه الاحياء مع بلديه يافا فان بلديه تل ابيب ستقطع الخدمات التي تقدمها لهم . ليست اصابه طاعون صدرت امس نشره طبيه من مستشفي الحكومه للامراض المعديه في طريق ملبس جاء فيها ان الفحص الدقيق النهايي لحاله المريض الذي نقل من تل ابيب منذ يومين اثبتت علي انه ليس مصابا بالطاعون وقد نقل من المستشفي وليس هناك اي حادث من حوادث اصابات الطاعون في الواء الله منذ مده طويله. التقرير السنوي لشركه (تنوفا) عقدت شركه « تنوفا اليهوديه مءتمرها السنوي امس في حيفا وهي ركه التصريف الحاصلات الزراعيه شر …	0	0	0	open	1944-08-09(peak 15/30d)	-111	leads 111d
1944-04-24	difaa	difaa19440424-01.1.3	smallpox	بالجدري	page			y		…صابتين قدم المدينه يوم امس الدكتور بيكر مساعد مدير الصحه العام وتفقد دايره الصحه والمخيم كما زار الاغراب الذين كانوا قد حجر علي منطقتهم وزار المصابين بالجدري ونشر التقدم صحتها و اعرب عن ارتياحه لتدابير الوقايه التي اتخذت هناك اشتبه طبيب الصحه الدكتور راسم الخيري بفتاه من الفالوجه اسمها جميله رشيد عقيل وعمر…							
1944-04-25	difaa	difaa19440425-01.1.2	plague	الطاعون	page					…اعداد مشروع جديد لايواء اللاجيين من مكافحه الطاعون…							
1944-04-25	difaa	difaa19440425-01.1.2	plague	الطاعون	page					…ارسلت دايره البلديه نسخه من قرارها الذي اتخذته بشان اسكان لاجيي مكافحه الطاعون الي حاكم اللواء للاطلاع عليه وذكرت فيه انها بحثت هذا الموضوع مليا وبامعان كما بحثت في اقتراح جديد يقول انه من الممكن انشاء مشروع اسكان صغير يفي بمحاج…							
1944-04-25	difaa	difaa19440425-01.1.2	smallpox	الجدري	page			y		…اكتشاف ۳ اصابات جديده بمرض الجدري تاسيس خمسه مراكز ثابته لتطعيم الاهلين في المدينه ء…							
1944-04-25	difaa	difaa19440425-01.1.2	smallpox	الجدري	page			y		…تلقت دايره الصحه في يافا امس ما يفيد، ثبوت اصابه الاشخاص الثلاثه الاتيه اسماءهم بمرض الجدري وكلهم من محله المسكوبيه التي تم الحجر الصحي علي سكانها منذ ايام والمصابون هم ابراهيم مسعود سليم وعمره ٢٤ سنه وابراهيم حسن سلامه وعمره ٢٥ سنه وعلي سلام سلامه وعمره ٣٠ سنه وقد ذكر انا الطبيب المختص بدايره الصفحه ان مجموع حوادث الاصابات بالجدري في محله المسكوبيه حتي امس بلغ انه لم تمض علي ظهور هذا المرض سوي بضعه ايام ، وقد اتخذت التدابير…							
1944-04-25	difaa	difaa19440425-01.1.2	smallpox	الجدري	page		y	y		…لات فقتشت بيوت المحله كلها وارسل من اشتبه بهم الي مستشفي الكرنتينا للتثبت من نوع مرضهم . وقد افتتحت دايره الصحه امس خمسه مراكز ثابته لتلقيح السكان ضد الجدري اولها في محله المنشيه في مركز رعايه الطفل والثاني في مدرسه محله ابو كبير والثالث في مستوصف الاطفال في البلده القديمه والرابع في عياده دايره الضحيه، و…							
1944-05-02	difaa	difaa19440502-01.1.2	smallpox	بالجدري	page		y	y		…وم الجمعه القادم في عياده الدكتور سعيد الدجاني لمعاوده البحث في موضوع انشاء مستوصف للجمعيه واقرار الخطه التي يمكن بها تنفيذ هذا المشروع . اضابه جديده بالجدري تقلت الي مستشفي الكرنتينا بيافا منذ ايام جازيه سالم بزهم من غزه البالغه من العمر ٥٤ سنه وقد اشتبه باصابتها بمرض الجدري ، وقد تلقت دايره الصحه في المدينه امس ما يفيد صحه اصابتها بالمرض المذكور وقد اتخذت التدابير الصحيه المعتاده في مثل هذه الظروف : توقف مشاريع الهستدروت…							
1944-05-02	difaa	difaa19440502-01.1.2	plague	الطاعون	page					…ساله المخالفات الاشه وخدمه التنظيفات في المناطق اليهوديسه والاطلاع علي كتاب حاكم اللواء الذي اجاب به علي قرار استکان اللجنه فيها المختص بمشروع الاجيي الطاعون ودرس تقرير اللجنه الفرعيه حول اناره المدينه والاطلاع علي حول مذكره سكان محليه المنشيه الغلينا مطالبهم المتعلقه باصلاح شوارع مخلتهم وتنفيذ مشاريعها ال…							
1944-05-03	difaa	difaa19440503-01.1.2	typhus	بالتيفوس	page			y		…خمس اصابات جديده بالجدري واصابتان بالتيفوس…							
1944-05-03	difaa	difaa19440503-01.1.2	smallpox	بالجدري	page			y		…خمس اصابات جديده بالجدري واصابتان بالتيفوس…							
1944-05-03	difaa	difaa19440503-01.1.2	smallpox	الجدري	page					…تلقت دايره : الصحه في يافا نتايج الكشف الطبي علي الاشخاص الخمسه الاتيه اسماءهم وقد تاكدت اصابتهم بمرض الجدري و هم شلیل حسن سلامه. المسكوبيه وعمره ٢٣ سنه ومحمد سلامه علي من المحمله نفسها. وعمره ٢٢ سنه واحمد السلمان ابو زهري من السافريه وعمره ٣٠ سنه وعوض حمدان…							
1944-05-03	difaa	difaa19440503-01.1.2	typhus	التيفوس	page					…جه التحليل الطبي وانكشف علي كل من خالد محمد اسماعيل من سوق الدير وعمره 60 سنه ويوسف عقل ابو محمود من تل الريش وعمره ٧٠ سنه وهي تثبت صحه اصابتهما بمرض التيفوس، وقد اتخذت الدايره التدابير الصحيه اللازمه لمثل هذه الظروف…							
1944-05-19	difaa	difaa19440519-01.1.3	smallpox	الجدري	dateline	Haifa	y	y		… زملايهم في بقيه المدن الفلسطينيه الاخري احتجاجا علي الاجحاف تضامنا . اللاحق بهم من السياسه التي تتبعها دايره مراقبه الصناعات الخفيفه تجاههم . اصابات الجدري افلام السينما - طلب الجمعيه العمال انتشر مرض الجدري في بعض احياء المدينه وبلد الشيخ وقد تولت دايره الصحه اتخاذ التدابير اللازمه ونقلت جميع المصابين الي مستشفي الكرنتينا ولا تزال حركه التطعيم ضد هذا الم…	1	1	1	open			register admitting, no surge
1944-06-01	difaa	difaa19440601-01.1.2	typhus	بالتيفوس	page		y	y		…لت الي المستشفي الحكومي للامراض الساريه علي طريق ملبس وقد فرض الحجر الصحي علي افراد عايلتها ، اما سكان المستعمره فقد تقرر تطعيمهم جميعا. اصابات جديده بالتيفوس 4 تلقت دايره الصحه بيافا امس نتايج الطبي الذي اجري للاشخاص الفحص الثلاثه الاتيه اسماءهم وهي تفيد صحه اصابتهم بمرض التيفوس وهم رمضان محمد طه من قريه سلمه وعمره ١٤ سنه وخديجه احمد ابو ورده من قريه نزله غزه وعمرها ١٨ سنه وفءاد حسن علي العفوله وعمره ٢٤ سنه . وكانوا قد تقلوا …							
1944-06-01	difaa	difaa19440601-01.1.2	smallpox	بالجدري	page		y	y		…ام الناشيه عن مقتل احد افراد لهم عشيره الزميلات وتناول الجميع الطعام علي مايده واحده يفضل مساعي السيد نقولا سابا قايمقام القضاء في هذا السبيل . اصابه بالجدري جاء في دافار ان طفله من مستعمره ديران اسمها لينا مرغلیت و عمرها سنتان اصيبت بالجدري وقد نقلت الي المستشفي الحكومي للامراض الساريه علي طريق ملبس وقد فرض الحجر الصحي علي افراد عايلتها ، اما سكان المستعمره فقد تقرر تطعيمهم جميعا. اصابات…							
1944-06-13	difaa	difaa19440613-01.1.2	plague	الطاعون	page					…المقدم بعد ادخال تعديلات بسيطه عليه وتعقد لجنه البلديه صباح اليوم جلسه وتبحث في عده شيون اهمها درس كتاب حاركم اللواء حول مشروع اسكان جري الطاعون والاطلاع علي تقرير الاعضاء بهذا الشان وبحث طلب جمعيه مكافحه السبل العربيه حول اعطايها اذنا يخولها انشاء مستوصف خاص بها والاطلاع علي تقرير نايب رييس ا…							
1944-06-13	difaa	difaa19440613-01.1.2	smallpox	بالجدري	page		y	y		…ان واكد لنا مصدر رسمي ان الطعام في المنزل القروي حسين للغايه كما نفي مدير المدرسه نيا الاستقاله فاقتضي التنويه ويسرنا تصحيح النباين . اصابتان جديدتان بالجدري امس ما يفيد تلقت دايره الصيحه بيافا اصابه احمد عبد الرحيم من اهالي قريه من اهالي قريه مرسي و مرده ، اسنوات النعانه وعمره ٢٢ سنه ومحمود احمد محمد من وعمره ١٠ بمرض الجدري ، وكانا قد نقلا الي مستشفي الكرنتينا بيافا منذ ايام بالاشتباه واتخذت الدايره التدابير المناسبه لوقايه من كانوا يختلطون بهما. في المحاكم . نظارت المحك…							
1944-06-14	difaa	difaa19440614-01.1.2	plague	الطاعون	page					…مشروع جديد لاسكان لاجيي الطاعون وبناء مستوصف للسل…							
1944-06-14	difaa	difaa19440614-01.1.2	plague	الطاعون	page					…عقدت لجنه البلديه صباح امس جلسه وبحثت عده مسايل واقد درست كتاب حاكم اللواء وتقرير اللجنه الفرعيه حول موضوع اسكان لاجيي الطاعون فوافقت علي التقرير وهو يقضي ببناء الكرتون بيافا قسايم خاصه في بواسطه لجنه سيعهد اليها بتنفيذ هذا المشروع خلال ٧٥ يوما اعتبارا من تاريخ اتفاقها مع الب…							
1944-06-27	difaa	difaa19440627-01.1.3	typhoid	والتيفوييد	dateline	Haifa		y		…في قري قضايي الرمله والله و بلغ ما وزعته هذا العام ٥٦ الف صوص سيجري تطعيم الطيور الداجنه في قري بيت نبالا، المزيرعه، ريتيه يوم الاحد القادم ضد الجدري والتيفوييد…	5	41	0	absent			no-register-coverage
1944-06-27	difaa	difaa19440627-01.1.3	smallpox	الجدري	dateline	Haifa		y		…الطيور في قري قضايي الرمله والله و بلغ ما وزعته هذا العام ٥٦ الف صوص سيجري تطعيم الطيور الداجنه في قري بيت نبالا، المزيرعه، ريتيه يوم الاحد القادم ضد الجدري والتيفوييد…	1	2	1	absent			no-register-coverage
1944-07-11	difaa	difaa19440711-01.1.2	malaria	بالملاريا	page					…تطهير المناطق الساحليه من المستنقعات الموبوءه بالملاريا…							
1944-07-11	difaa	difaa19440711-01.1.2	malaria	الملاريا	page					…تقول جريده ها ارتس ان دايره الصحه العامه في نابلس قامت بتنفيذ مشروع هام هو تطهير مناطق الساحل في قضاء بني صعب من الملاريا و البعوض وتجفيف المستنقعات ولما انتهت من تنفيذه طلبيت…							
1944-07-11	difaa	difaa19440711-01.1.2	plague	الطاعون	page					…تعيين العضوين الاخرين بمافيها الرييس ومما يذكر ان اسحق ليبوفتش بلديه يافا اما فيما يختص بتسلم المحل الذي تستعمله دايره الصحه كمركز لاطعام اطفال لاجيي الطاعون فيقرر ان تقوم نوعا من الباديه للكشف علي المحل و تقديم ا تواصيها بشانه وعلي ضويها تنظر اللجنه في مسيله استلامه ۷۳۳ مهاجرا من رومانيا جاء في برقيه خاصه…							
1944-07-11	difaa	difaa19440711-01.1.2	plague	طاعون	window		y	y		…اصابه طاعون في حيفا نقلت الي مستشفي الحكومه للامراض بالمعديه في حيفا امس اصابه مشبوهه الطاعون وهي الاصابه الثانيه التي ظهرت في حيفا مجدد اخلال الاسبوعين الاخيرين بالطاعون وقد زادت دايره الصحه من نشاطها و شددت اجراء اتها في قمع هذا المرض من جذوره وقد قبل حتي الان ٦٨٤ جردا خلال الاسبوعين ووجد بينها ١٩. جردا موبوءه بالطاعون تصديق احكام عسكريه اعلن ان القايد العام قد صادق علي الحكم الصادر من المحكمه العسكريه علي زفي f نيك الذي حكم عليه بالسجن ١٨ شهرا بتهمه حيازه مسدس في ت…	0	16	0	open	1944-08-09(peak 15/30d)	-29	leads 29d
1944-07-11	difaa	difaa19440711-01.1.2	malaria	الملاريا	page					…الجلسه الاولي للمءتمر الطبي العربي وتاليف لجنه لمكافحه الملاريا…							
1944-07-11	difaa	difaa19440711-01.1.2	malaria	الملاريا	page			y		… - في قاعه الكليه الفرنسيه والقي عدد من الاطباء محاضرات علميه هامه منها محاضره الدكتور محمود سليمان اباظه بك عن مكافحه التدرن والدكتور ن زكي شافعي عن الملاريا والدكتور محمد عماره عن الوفاه بالفعل المنعكس ا والدكتور احمد ابراهيم وهبه عن مرض الديدان الحويصليه . ثم درس المءتمر 321…							
1944-07-11	difaa	difaa19440711-01.1.2	malaria	الملاريا	page					…مشروع تاليف لجنه لمكافحه الملاريا تضم مندوبين عن الاقطار الشرقيه وفي مساء امس كان اعضاء المءتمر في حفله شاي كبري اقامتها بلديه بيروت تكريما لهم حضرها اكثر من خمسه الاف مدعو وخطب فيها …							
1944-07-18	difaa	difaa19440718-01.1.2	smallpox	والجدري	window		y	y		…ه . فحقق تعاليم رسولك واعد مجد امتك . کنتم خير امه اخرجت للناس تامرون بالمعروف وتنهون عن المنكر . مكافحه الاوبيه في حيفا لم تظهر اصابات اخري بالطاعون والجدري في حيفا بعد التدابير الشديده التي قامت بها السلطات المسيوله عامل الاصابه المشبوهه التي نقلت في الاسبوع الماضي الي المستشفي علي اعتبار انها اصابه بالطاعون قلم تثبت صحتها حتي الان وقد ا بلغ عدد الذين طعموا ضد الطاعون ۱۷۰۰ نسمه وضد الجدري ١٤٠ الف عدد نسمه والتطعيم مستمر يوميا و بلغ الجرذان التي ابيدت ١٤٠٠ جرذ منها ۱۱۳ جردا ميتا و بينها ۲۹ جرذا مو بوءا مباراه دوليه في الركض جرت في تل اب…	0	1	0	open			register admitting, no surge
1944-07-18	difaa	difaa19440718-01.1.2	plague	بالطاعون	window		y	y		…ي اعظم امه . فحقق تعاليم رسولك واعد مجد امتك . کنتم خير امه اخرجت للناس تامرون بالمعروف وتنهون عن المنكر . مكافحه الاوبيه في حيفا لم تظهر اصابات اخري بالطاعون والجدري في حيفا بعد التدابير الشديده التي قامت بها السلطات المسيوله عامل الاصابه المشبوهه التي نقلت في الاسبوع الماضي الي المستشفي علي اعتبار انها اصابه بالطاعون قلم تثبت صحتها حتي الان وقد ا بلغ عدد الذين طعموا ضد الطاعون ۱۷۰۰ نسمه وضد الجدري ١٤٠ الف عدد نسمه والتطعيم مستمر يوميا و بلغ الجرذان التي ابيدت ١٤٠٠ جرذ منها ۱۱۳ جردا ميتا و بينها ۲۹ جرذا مو بوءا مباراه دوليه …	1	15	0	open	1944-08-09(peak 15/30d)	-22	leads 22d
1944-07-21	difaa	difaa19440721-01.1.3	smallpox	بالجدري	dateline	Haifa	y	y		… نفقات الحفله وبلغت تبرعات المدعوين ١٢ جنيه او قدم اصحاب المكاتب بحيفا و مجلس الاصلاح الاهلي جوايز للفايزين نقل الي مستشفي الحكومه بحيقا شخصان مصابان بالجدري من قريه ... افريديس وقد قام مفتشو الصحه بتطعيم سكانها .…	1	1	0	open			register admitting, no surge
1944-07-21	difaa	difaa19440721-01.1.3	plague	الطاعون	dateline	Haifa				…مكافحه الطاعون - خرايط حديقه البلديه قدرت النفقات التي صرفتها الحكومه علي مكافحه الطاعون في عكا بعشرين الف جنيه والمعروف ان الحكومه لو ساعدت البلديه في انشاء المجاري لزال الخطر واستفادت المدينه . د انتهی مهندس المدينه من وضع خرايط حديقه ا…	1	15	0	open	1944-08-09(peak 15/30d)	-19	leads 19d
1944-07-21	difaa	difaa19440721-01.1.3	typhus	بالتيفوس	page			y		…اقب الصناعات الثقيله بالوكاله الامراض الساريه وجاء في تقرير الامراض الساريه ان عدد الاصابات في الاسبوع الماضي يزد علي سبع اصابات بالجدري وثلاث اصابات بالتيفوس ميزانيه بلديه الرمله و نشرت ميزانيه بلديه الرمله المقدره لسنه ٤٠٤ - ١٩٤٥. وقد جاء فيها ان الدخل يقدر بمبلغ ٢٨٦/ ٢٥ جنيها من الواردات العاديه فاذا اضي…							
1944-07-21	difaa	difaa19440721-01.1.3	smallpox	بالجدري	page			y		…مستر كلارك في منصب مراقب الصناعات الثقيله بالوكاله الامراض الساريه وجاء في تقرير الامراض الساريه ان عدد الاصابات في الاسبوع الماضي يزد علي سبع اصابات بالجدري وثلاث اصابات بالتيفوس ميزانيه بلديه الرمله و نشرت ميزانيه بلديه الرمله المقدره لسنه ٤٠٤ - ١٩٤٥. وقد جاء فيها ان الدخل يقدر بمبلغ ٢٨٦/ ٢٥ جنيها من الو…							
1944-07-27	difaa	difaa19440727-01.1.2	malaria	الملاريا	page					…يك وكيل وزاره الصحه. ذكر في حديث له بان المءتمر الطبي العربي. الذي عقد في لبنان مءخرا قد درس مسيله تعاون البلاد الغربيه علي مكافحه هذا الدرس حتي تلقي الملاريا واستمر المءتمر كتابا من وزير الصحه المصرينه. قال فيه ان هذا الموضوع سيكون من النقط التي ستبحث في مءتمر البلاد العربيه الذي سيعقد في مصر قريبا . وقد ق…							
1944-08-18	difaa	difaa19440818-01.1.3	plague	بالطاعون	window			y		…اصابات بالطاعون - حيفا - لمراسل الدفاع الخاص وقعت ثلاث اصابات جديده بالطاعون في مدينه حيفا فبلغ عدد الاصابات في اقل من شهر واحد سبعا ادت احداها . الي الوفاه…	8	18	3	open	1944-08-09(peak 15/30d)	9	lags 9d
1944-08-24	difaa	difaa19440824-01.1.2	plague	بالطاعون	window					…اصابتان بالطاعون في حيفا ذكرت البوست ان اصابتين جديدتين بالطاعون قد وقعنا في حيفا واحداهما في بخار هندي واخري في امراه من ارض اليهود في الحي الشرقي…	11	16	4	open	1944-08-09(peak 15/30d)	15	lags 15d
1944-08-27	difaa	difaa19440827-01.1.2	typhus	التيفوس	page			y		…في كل يوم ننقل الجمهره السكان انباء الدواير الرسميه عن وقوع اصابات جديده في الطاعون او التيفوس او الجدري مما يدل علي انشافه هذه الاوبيه لم تستاصل بعد ، بالرغم من الجهود الكبيره التي بذلتها دواير الصحه في هذا السبيل واتخاذها كافه ما بامكانها من …							
1944-08-27	difaa	difaa19440827-01.1.2	smallpox	الجدري	page			y		…في كل يوم ننقل الجمهره السكان انباء الدواير الرسميه عن وقوع اصابات جديده في الطاعون او التيفوس او الجدري مما يدل علي انشافه هذه الاوبيه لم تستاصل بعد ، بالرغم من الجهود الكبيره التي بذلتها دواير الصحه في هذا السبيل واتخاذها كافه ما بامكانها من اجراءات وت…							
1944-08-27	difaa	difaa19440827-01.1.2	plague	الطاعون	page			y		…في كل يوم ننقل الجمهره السكان انباء الدواير الرسميه عن وقوع اصابات جديده في الطاعون او التيفوس او الجدري مما يدل علي انشافه هذه الاوبيه لم تستاصل بعد ، بالرغم من الجهود الكبيره التي بذلتها دواير الصحه في هذا السبيل واتخاذها كافه ما ب…							
1944-09-05	difaa	difaa19440905-01.1.2	plague	الطاعون	paragraph			y		…كيريت حوادث الاصابات بالامراض الساريه في الاونه الاخيره وقد كتبت البوست كلمه عن هذا الموضوع ننقلها لاهميتها : منذ ظهور حوادث الطاعون في ۲۰ حزيران وقمت ۲۱ اصابه ادت ثمانيه منها الي الوفاه وبينما لم تحدث في عام ١٩٤٣ كلاه الا احدي عشره اصابه كانت ثلاثه منها مميته فقط . والشيء المزعج ف…	15	19	4	open	1944-08-09(peak 15/30d)	27	lags 27d
1944-09-05	difaa	difaa19440905-01.1.2	plague	الطاعون	window			y		…انتشاره تعدي مناطق الميناء في حيفا ويافا فقد وصلت الانباء عن وقوع اصابات في اماكن بعيده وهذا يدل علي ان الجرذان التي يعيش عليها الذباب الناقل لميكروب الطاعون قد خرجت من مناطق الميناء الي الداخل…	15	19	4	open	1944-08-09(peak 15/30d)	27	lags 27d
1944-09-05	difaa	difaa19440905-01.1.2	typhus	التيفوس	page			y		…) اما خطر الوضع الجديد الناشيء فهو اكبر مما يظهر في زياده عدد اصابات التيفوس الذي ينتقل بنفس الطريقه . وحتي ٢٤ اب بافت اصابات الامراض الساريه وفقا لما جاء في الجريده الرسميه ٤٤٥ بينما كانت اصابات سنه ١٩٤٣١ بكاملها : ٣٥٤ اصابه …							
1944-09-08	difaa	difaa19440908-01.1.2	plague	بالطاعون	page			y		…اصابه جديده بالطاعون…							
1944-09-08	difaa	difaa19440908-01.1.2	plague	الطاعون	paragraph		y	y		…وقعت اصابه جديده عرض الطاعون بيافا وابلغت دايره الصحه بالامر فذهب بعض رجالها الي حيث المصاب بشارع الصلاحي ونقلوه الي مستشفي الحكومه للامراض الساريه علي طريق ملبس ، وقد اتضح ان ال…	15	19	4	open	1944-08-09(peak 15/30d)	30	lags 30d
1944-09-08	difaa	difaa19440908-01.1.3	plague	بالطاعون	window		y	y		…قب المواد ت الغذاييه وبعض الموظفين وجري : البحث في شيوون التموين. ا - حيفا - لمراسل الدفاع الخاص نقل الي مستشفي الحكومه ثلاثه اشخاص با يشتبه باصابتهم بالطاعون وقد بلغ عدد الذين ا ماتوا من المصابين اربعه وبقي تحت المعالجه ق شخصا وتم : شفاء ثمانيه اشخاص لام الدايره الزراعه من مرت اراضي كفر لام والسوامير وعين …	15	19	4	open	1944-08-09(peak 15/30d)	30	lags 30d
1944-09-08	difaa	difaa19440908-01.1.3	measles	الحصبه	page					… الحصه : ٢٨ من ٦٤ القيمه ٢٩٠ متري المجمعه ٢١٦ جنيه و ۷۲۰ مل ، الموقع : بينا ، المالك المسجل: عبد القادر ابو امونه بلوك ٣٥١١ قسيمه ٥٠ المساحه ٣٣٣ مترا الحصبه : كاملا، القيمه المحمله ٣٠٠ جنيه، : ) ملاحظات را بور وضع اليد ) ان القسيمه ٣٨ ارضها رمليه واقعه علي طريق مغروسه العنب وتين والقسيمه ٤٣ ارضها رمليه صف…							
1944-09-11	difaa	difaa19440911-01.1.2	plague	الطاعون	window		y	y		"…يهوديه جديده ظهرت الي عالم الوجود داخل حزب العمال "" د الماباي ، تسمي «الحرس الفتيان ، وقد عقدت اول اجتماع لها حضره اكثر من الفي عامل من الشبان مكافحه الطاعون في حيفا ذكرت البوست ان اصابتين جديدتين قد وقعتا بالطاعون في حيفا وان المصابين نقلا الي لمستشفي يوم امس. وقد باشرت البلديه بالتعاون مع دايره الصحه في اعمال المكافحه وعينت ۱۲۰ موظفا اضافيا وزادت النفقات الشهر…"	16	18	5	open	1944-08-09(peak 15/30d)	33	lags 33d
1944-09-11	difaa	difaa19440911-01.1.2	plague	بالطاعون	page		y	y		…ن القطاوي ، قنبله فاخذ يلهو بها ويدقها علي وتد المضرب « الخيمه » فا فجرت واضاعت عينه وثلاثه من اصابعه وقد نقل الي مستشفي الحكومه للمعالجه اصابه جديده بالطاعون وقعت اصابه جديده بالطاعون في مستعمره ملبس والمصاب هو جوزيف سمحي من يهود اليمن وعمره ثلاثون سنه وقد نقل الي مستشفي الامراض الساريه…							
1944-09-13	difaa	difaa19440913-01.1.3	plague	الطاعون	paragraph					"…قيقه بنابلس السيد سليمان وهبه وقامت بسحب النمر الغايره عقيله اللواء وساعدها بذلك "" منتشل دايره المراقبه السيد صلاح الجوهري والسيد احمد جابر . ظهر مرض الطاعون الافريقي في - حصان للبوليس بنابلس وقد اتخذت دايره البيطره والبوليس بنا بلس الاحتياطات اللازمه: لعدم انتشار هذا المرض رفع سكان محله الجبل الشمالي"" بنا…"	16	18	5	open	1944-08-09(peak 15/30d)	35	lags 35d
1944-09-17	difaa	difaa19440917-01.1.2	plague	طاعون	page					…طبقات الكلد لمراسل الدفاع الخاص -- فقد اجتماع كبير في مكتب قايمه ام المدينه حضره مخاتير القضاء وعدد من ضباط الجيش والطبيب البيطري الذي قام بشرح اضرار طاعون الخيل وطرق الوقايه منه وعرض علي الحاضرين صوره التطورات انتقال المرض واخبرهم انهم اذا قاموا بتدخين الاصطبلات منعوا دخول البعوض الناقل للمكروب ، وكل دا…							
1944-09-17	difaa	difaa19440917-01.1.2	plague	الطاعون	page					…لاق الرصاص عليها ثم انتقل الجميع بالباصات الي مدينه الرمله لعقد اجتماع مماثل فيها i مدل نظام جمع البيض من قري القضاء فاصبح يطلب من كل قريه حل بدجاجها الطاعون يبيضه واحده و من باقي القري بيفتان. بينما كان السيد عبد الحميد عوض الجزره - واختفت ويرجع واقفا حوالي الساعه الثامنه والنصف من مساء امس قرب عمود للاسم…							
1944-09-25	difaa	difaa19440925-01.1.3	typhoid	التيفوييد	paragraph			y		…هم جميعا فيجب اتخاذ التدابير اللازمه لايواء ابناء الامه بدلا من تشريدهم في الشوارع عكا - المراسل الدفاع الخاص - - ابتدات دايره الصحه بتلقيح السكان ضد التيفوييد بعد وقوع بعض الاصابات وتم تطعيم ١٥٠٠ نسمه قدم المدينه مندوب الجامعه الوطنيه في عاليه فاقام له السيد احمد المكي رييس الغرفه التجاريه مادبه غداء ثم غاد…	52	16	3	open			register admitting, no surge
1944-09-25	difaa	difaa19440925-01.1.3	plague	طاعون	page			y		…ولي شخصا من الثانيه وقد حكم علي اربعه منهم بالسجن سنه واحده وبريت ساحه الباقين وكان يرافع عنهم السيد رشدي الشوا. . غزه :- لمراسل الدفاع الخاص . انتشر طاعون الخيل في قضاء غزه وقضي علي اكثر من خمسين راسا من الخيل . وقد اتخذت دايره البيطره الاحتياطات اللازمه لمنم تفشي هذا الوباء . ويقوم الان طبيب البيطره ال…							
1944-09-25	difaa	difaa19440925-01.1.3	plague	بالطاعون	window			y		…الوباء ثلاث اصابات بالطاعون في حيفا وتحذير الاهلين من…	16	17	5	open	1944-08-09(peak 15/30d)	47	lags 47d
1944-09-25	difaa	difaa19440925-01.1.3	plague	بالطاعون	window		y	y		…حيفا لمراسل الدفاع الخاص - وقفت في حيفا خلال اليومين الماضيين ثلاث اصابات بالطاعون وقد توفي احد المصابين بعد دخوله الي المستشفي وقد بلغت اصابات الطاعون في حيفا خلال الثلاثه الاشهر الماضيه ٣٣ اصابه كانت ١٢ منها بميته وشفي ١٥ من المصابين ولا يزال الخمسه الباقون تحت العلاج . ووجد ٦٨ جرذا مصابا بالظاءون …	16	17	5	open	1944-08-09(peak 15/30d)	47	lags 47d
1944-10-01	difaa	difaa19441001-01.1.3	plague	الطاعون	paragraph			y		…ق بردي في دمشق عليه وتغلبه علي فريق خالد بن الوليد في حمص ،اما في حلب فقد تباري مع مختلط حلب و نادي الارمن فتقلبا عليه تلقت دايره الصحه كبيه من امصال الطاعون وقد وزع قسم منها علي الاطباء وتقوم الدايره بتطعيم افراد الجمهور - تقيم فرقه جمعيه العمال العربيه حفلتها في المسارعه بعد ظهر الاحد - اليوم، في : ناديه…	17	15	5	open	1944-08-09(peak 15/30d)	53	lags 53d
1944-10-06	difaa	difaa19441006-01.1.3	plague	الطاعون	page					… يعقد اجتماع للمخاتير في مكتب القايمقام صباح - بوع قامت دايره الزراعه علي توزيع لغد السبت لوضع الترتيبات لقطف الزيتون نظرا لما نحل بالحيوانات من جراء الطاعون قررت الحكومه مساعده المزارعين في حرث اراضيهم بالتراكتورات خلال هذا الاسبوع بسعر ٦٠ قرشا للدونم عزمت : البطاطا للمزارعين خلال هذا الاسبوع بسعر | ٥٠ جن…							
1944-10-06	difaa	difaa19441006-01.1.3	plague	الطاعون	paragraph		y	y		…الطاعون في ناثانيا ذكرنا في عدد مضي نبا اصابه خمسه من سكان مستعمره ناثانيا بالطاعون وانهم نقلوا الي مستشفي الحكومه علي طريق ملبس وانهم من عايله واحده من اليهود اليمن الذين يقيمون في مستعمره صغيره مجاوره لمستعمره ناثانيا و تقول هاارتس ان اثنين من هءلاء الخمسه ماتا بالطاعون في المستشفي امس ويقال ان اعراض المرص ظهرت علي شخص اخر من هذه المستعمره وانه هرب الي مستعمره اخري والمفهوم ان السلطات عازمه علي دك هذه المستعمره وازال…	17	15	5	open	1944-08-09(peak 15/30d)	58	lags 58d
1944-10-12	difaa	difaa19441012-01.1.3	plague	الطاعون	window			y		…الطاعون في حيفا. وقعت اصابتان جديدتان بالطاعون في حيفا وبذلك - بلغ عدد الاصابات منذ ۲۰ حزيران حتي الان اربعين اصابه ادت ١٤ منها الي الوفاه بينها مازالت سبع اخري قيد العلاج وتوزع النشرات باستمرار ف…	20	9	6	open	1944-08-09(peak 15/30d)	64	lags 64d
1944-10-19	difaa	difaa19441019-01.1.3	plague	بالطاعون	page					…اجتماع للمختارين اليهود عن احتمال قيام الحكومه بتقديم قروض طويله الاجل للمزارعين تعويضا لهم علي الخساير التي لحقت بهم من جراء موت الكثير من حيواناتهم بالطاعون الافريقي .…							
1944-10-22	difaa	difaa19441022-01.1.2	smallpox	جديري	page					…ها ومقدساتها وتراثها بعزم واستماته وهذه اميركا يخيل الي زعمايها وساستها ان البلاد العربيه اما انها غير مسكونه قد هجرها اهلها واما ان هءلاء السكان غير جديرين بالحياه ولا هم بها اهل ، ولهذا فان اقطاع اجزاء من الوطن العربي وتخصيصها هبات للاعوان ، او محطات للتجارب السياسيه ؟ او مسكن لمن تلفظهم البلاد الاخري …							
1944-10-22	difaa	difaa19441022-01.1.2	plague	بالطاعون	window		y	y		…ه اصابات بالطاعون نقل الي مستشفي الحكومه بحيفا خلال اليومين الماضيين خمسه اشخاص مصابون بالطاعون بينهم يهودي واحد واربعه من العرب وقد اصدرت دايره الصحه بيانا رسميا اعلنت فيه انها تحذر الجمهور من الجرذان من سكان حيفا وقد تم تطعيم ٢٥،٧٤٣ شخصا حتي ا…	16	7	3	open	1944-08-09(peak 15/30d)	74	lags 74d
1944-10-22	difaa	difaa19441022-01.1.2	typhus	تيفوس	page		y	y		…اصابه تيفوس تءدي للوفاه توفي في مستشفي الكرنتينا بيافا امس محمود مصطفي قاعود من يافا البالغ من العمر ٣٠ سنه من جراء اصابته بمرض التيفوس وقد حولت اوراقه الي القايمقام كما هي العاده .…							
1944-10-22	difaa	difaa19441022-01.1.3	plague	الطاعون	page			y		… المال وقد خفت المكان الحادث قوه من رجال البوليس واعتقلت بعض الاشخاص والتحقيقات لا تزال جاريه قامت دايره الصحه هنا بتبخير المنزل--الذي وقعت فيه اصابه الطاعون في الاسبوع الماضي واعلن عليه الحجر الصحي لمده ٤٨ ساعه بوشر في توزيع الارز علي الاهالي بمعدل نصف كيلو للشخص الواحد بسعر ٥٠ ملايكيلو منذ الاسبوع الماضي…							
1944-10-22	difaa	difaa19441022-01.1.3	plague	طاعون	page					…المصل الواقي من طاعون الخيول…							
1944-10-24	difaa	difaa19441024-01.1.3	plague	بالطاعون	window		y	y		…بوتاس في العالم ولكن معظمه مازال بدون استغلال من اجل المحافظه علي بقاء امتياز البوتاس في المانيا الذي صرفت عليه ملايين الجنيهات البريطانيه وفاه مصابه بالطاعون توقيت في مستشفي الحكومه للامراض المعديه الواقع قرب مستعمره ملبس فضه عبد الجبار البالغه من العمر ٣٥ سنه متاثره باصابتها بالطاعون وقد حضرت هذه المراه من حيفا الي يافا منذ اسابيع وادخلت المستشفي منذ ايام للاشتباه باصابتها . واتخذت دايره الصحه التدابير اللازمه .…	16	6	3	open	1944-08-09(peak 15/30d)	76	lags 76d
1944-10-31	difaa	difaa19441031-01.1.2	plague	بالطاعون	window		y	y		…كومه من تشرع جديد يءمن المساعدات التقاعديه لارامل واطفال ، وظني الحكومه الذين تسري عليهم الانظمه التقاعديه وهذا التشريع يعدل القانون الساق نكبه عايله بالطاعون ذكرنا في عدد سابق ان امراه من حيفا قدمت يافا مءخرا وكانت مصابه بمرض الطاعون ونقلت الي مستشفي الحكومه للامراض الساريه علي طرق ملبس حيث توفيت هناك وقد علمنا امس ان دايره الصحه في اللواء راقبت اولادها منذ ذلك الحين ومنذ ايام ثقا…	16	4	3	open	1944-08-09(peak 15/30d)	83	lags 83d
1944-11-02	difaa	difaa19441102-01.1.3	plague	بالطاعون	window		y	y		…ام اولاها ضد حسين عبد الله دشت من قريه عدته بتهمه حيازه اسلحه والثانيه ضد شخص من الخليل بتهمه الرشوه . حيفا - ب لمراسل الدفاع الخاص وقعت اصابه مشبوهه بالطاعون لفتاه عمرها سبع سنوات من سكان الخليصه في الحاره الشرقه وقد نقلت الي مستشفي الحكومه نظرت المحكمه المركزيه في قضيه عبد…	17	0	3	open	1944-08-09(peak 15/30d)	85	lags 85d
1944-11-02	difaa	difaa19441102-01.1.3	plague	بالطاعون	page			y		…اصابه جديده بالطاعون…							
1944-11-02	difaa	difaa19441102-01.1.3	plague	بالطاعون	page			y		…للحكومه الواقع علي طريق ملبس الفتاه فاطمه حسین حسن البلخي من حيقا بعد ان ثبتت اصابتها بالطاعون . وقد اهتمت دايره الصحه بالامر واخذت تراقب كل من سبق له الاختلاط بالمصابه وطلبت الدايره الينا ان نلفت نظر الجمهور الي ضروره التيقظ والعمل علي اباده ا…							
1944-11-06	difaa	difaa19441106-01.1.2	plague	بالطاعون	page		y	y		… التجربه الي اجريت في الشرق الاوسط ناجحه تماما ، ويحتمل ان تصبح مصر مركز التوزيع في الشرق الاوسط مع مساعدتها علي التوسم في انتاج هذه الماده اول اصابه بالطاعون في عكا بالطاعون في عكا عكا - مراسل الدفاع الخاص - اصيب بالطاطون شاب من عكا وقد نقل الي مستشفي الحكومه محيفا وهذه اولي اصابه في مكا فنلفت نظر البلديه والصحه الي مكافح…							
1944-11-07	difaa	difaa19441107-01.1.3	plague	الطاعون	paragraph					…ر فيها عما قريب لمراسل الدفاع الخاص طواتكرم : القي الدكتور اديب خرطبيل محاضره مساء امس في قاعه اللجنه الزراعيه بدعوه من النادي الرياضي وموضوعها مرض و الطاعون وطرق الوقايه منه ، وكان عدد الحضور كبيرا باراسل الدفاع الخاص -- قلقيليه قبل امس من الطلاب الجدد عدد وافر بمناسبه افتتاح ثلاثه صفوف اضافيه جديده في ال…	19	0	3	open	1944-08-09(peak 15/30d)	90	lags 90d
1944-11-10	difaa	difaa19441110-01.1.2	plague	بالطاعون	window		y	y		…اصابتان بالطاعون في حيفا حيفا - وقعت في المدينه امس اصابتان جديدتان بالطاعون وقد توفي احد المصابين بعد ادخاله المستشفي بدقايق . وقد افتتحت اليوم في المدينه عده مراكز للتطعيم المجاني في المستوصف الاسلامي ومستوصف اخوات المحبه و …	18	0	2	open	1944-08-09(peak 15/30d)	93	lags 93d
1944-11-13	difaa	difaa19441113-01.1.2	malaria	الملاريا	page					…ضمن منطقه تنظيم مدينه القدس سنويا ويقدر المبلغ الذي سيتحصل من هذه الضريبه باكثر من ثلاثين الف جنيه ستنفق في تنميه المشاريع . العامه في المدينه مكافحه الملاريا في القري القدس - مراسلنا - وصلت الي مكتب المطبوعات مناظر متنوعه من اساليب مكافحه الملاريا وغيرها من الامراض السياريه وستقوم دايره المطبوعات بعرض هذه المناظر علي جماهير لقرويين العرب بواسطه السينما المتجوله التابعه لها . كما ستعرض مناظر اخر…							
1944-11-19	difaa	difaa19441119-01.1.3	smallpox	الجديري	page					…تمرار المستقبلهم واذا كانت احلامنا للصهيونيه ستنتهي في دخان مسدسات السفاحين واذا كانت جهودنا المستقبلها ستءدي الي انتاج مجموعه جديده من رجال العصابات الجديرين بان يكونوا في المانيا النازيه فان الكثيرين مثلی مضطرون الي تعديل موقفهم الذي ثابروا عليه باخلاص ولمده طويله في الماضي . والتبعه الاولي يجب طبعا ان ت…							
1944-11-19	difaa	difaa19441119-01.1.3	plague	الطاعون	page					…يشفون من الطاعون…							
1944-11-19	difaa	difaa19441119-01.1.3	plague	بالطاعون	page		y	y		…غادر مستشفي الحكومه للامراض امس الاول الساريه علي طريق ملبس حسن و محمد وفاطمه ومريم اولاد حسن البلخي ، وكانوا قد ادخلوا اليه منذ نحو شهر لاصابتهم بالطاعون بطريق العدوي من والدتهم التي توفيت به . وكان اخراجهم بعد التاكد من شفايهم تماما.…							
1944-11-22	difaa	difaa19441122-01.1.2	malaria	الملاريا	page					…كان شركه الرياض -٥ - الموافقه علي التقرير المشترك المقدم من مهندسي يافا وتل ابيب لصيانه عجب مجري البصه الكبير بارشيد ٦- بحثت اللجنه طلبات عمال مكافحه الملاريا حول زياده الاجور وتزويدهم بالملابس الرسميه تقررت تلبيه طلبهم في السنه الماليه القاد ٩ ٧ - تزويد المفتشين والجباه والموزعين بملابس رسميه شتويه - احالت…							
1944-12-24	difaa	difaa19441224-01.1.2	plague	طاعون	page		y	y		…اصابه طاعون جديده .. وقعت حادثه طاعون جديده في محله المسكوبيه بيانا فقد ابلغت دايره الصحه في اللواء عن وجود شخص مسكوني التبعه عمره ٢٥ سنه يظن انه مصاب بالطاعون وبعد فحصه اتضحت صحه اصابته ونقل في الحال الي المستشفي البلدي للامراض الساريه علي طريق ملبس واتخذت التدابير الصحيه في تلك المنطقه المهم انتقال العدوي …							
1945-01-04	difaa	difaa19450104-01.1.2	plague	بالطاعون	page		y	y		…مءتمر عام لجميع اصحاب المكتبات العربيه وطلبت نقابه ما بلس ان تلفت نظر اصحاب جميع المكتبات لحضور هذا المءتمر المنوي عقده الجاري بالقدس . مشتبه باصابته بالطاعون ا بلغت دايره الصحه في اللواء بوجود شخص محله العجمي يبلغ من العمر ٣٠ سنه يشتبه بانه مصاب عرض الطاعون ، وقد اتخذت للامراض الساريه علي طريق ملبس التدابير السريعه لنقله الي مستشفي الحكومه وعثر علي جرذ مصاب بالطاعون في البلده القديمه وقد اتخذت الاحتياطات اللازمه في مثل هذه الحالات…							
1945-01-07	difaa	difaa19450107-01.1.3	plague	بالطاعون	page			y		… البوليس والقايمقام البحث حاله الامن في المدينه بعد تعدد السرقات ويحتمل ان يسفر البحث عن تعيين حراس قال مصدر مسيول انه لا صحه لما يشاع عن وقوع اصابات بالطاعون بين سكان المدينه يصل المدينه اليوم اعضاء المجلس الاعلي لجمعيات العمال العرب حيث غزه : يعقدون مءتمرا في دار جمعيه العمال العربيه بغزه للبحث في شيون ال…							
1945-01-10	difaa	difaa19450110-01.1.3	plague	الطاعون	page					…محكمه صلح تل ابيب امس في قضيه اقامها البوليس علي اليهودي اليمني سعاديا شويلي وعمره ٤٣ سنه بتهمه محاوله الانتحار ويقيم هذا اليمني في معسكر اللاجيين من الطاعون بجوار نيتر وله زوجه وسبعه اولاد وكان يشتغل لكنه اصيب مءخرا عمرض فاهمله اولاده جميعا واخرجوه من الخيام الي البرد فاضطر الي الانتحار لولا ان انقذه الجي…							
1945-02-06	difaa	difaa19450206-01.1.3	typhoid	بالتيفوييد	page			y		…يءخذ من الاحصاءات الرسميه ان نسبه الاصابات بالامراض الساريه التي وقعت خلال الشهر الماضي كانت قليله نسبيا فوقعت خمس حوادث بالتيفوييد بيافا و ٣ في القضاء كما وقعت حادثتا تيفوس و طاعون في يافا فقط ولم تحصل وفيات منها .…							
1945-02-06	difaa	difaa19450206-01.1.3	typhus	تيفوس	page			y		…الرسميه ان نسبه الاصابات بالامراض الساريه التي وقعت خلال الشهر الماضي كانت قليله نسبيا فوقعت خمس حوادث بالتيفوييد بيافا و ٣ في القضاء كما وقعت حادثتا تيفوس و طاعون في يافا فقط ولم تحصل وفيات منها .…							
1945-02-06	difaa	difaa19450206-01.1.3	plague	طاعون	page			y		…ان نسبه الاصابات بالامراض الساريه التي وقعت خلال الشهر الماضي كانت قليله نسبيا فوقعت خمس حوادث بالتيفوييد بيافا و ٣ في القضاء كما وقعت حادثتا تيفوس و طاعون في يافا فقط ولم تحصل وفيات منها .…							
1945-02-09	difaa	difaa19450209-01.1.3	plague	بالطاعون	paragraph		y	y		…ر البوليس وسكرتير الغرفه وانتخبوا ۱۲ حارسا ليليا ليقوموا بحراسه المدينه ابتداء من هذا الاسبوع توفي السيد نقولا عوض في مستشفي الحكومه ويشتبه بانه اصيب بالطاعون وقد تخذت دايره الصحه تشاجر شخصان من قريه البروه - فطمن احدهما الثاني وقتله ولما سمعت عايله القتيل النبا هجمت علي منزل القاتل واحرقته بما فيه وقد هرب …	0	0	0	absent			no-register-coverage
1945-02-09	difaa	difaa19450209-01.1.3	typhoid	التيفوييد	page					…الطب يقهر التيفوييد اكتشف عالمان من علماء جامعه كاليفورنيا نوعين من احياء مجهريه تعيش في التربه الزراعيه وتفرز ماده - لا يزال تركيبها مجهولا . برهنت تجاربهما حتي الان علي انها قاتله المكروبات التيفود و الدفتريا لقد اثار هذا الاكتشاف الخطير الاوساط الطبيه فيكروبات التيفود كما يعلم الجميع لم يخضع قبل الان لسلطان العقاقير سكر عادي صناعي جاء في ( الكتاب السنوي التقدم العلم سنه ١٩٤٤ ) بان كيماييا الي جامعه كاليفورنيا تمكن …							
1945-02-09	difaa	difaa19450209-01.1.3	diphtheria	الدفتريا	page					…فورنيا نوعين من احياء مجهريه تعيش في التربه الزراعيه وتفرز ماده - لا يزال تركيبها مجهولا . برهنت تجاربهما حتي الان علي انها قاتله المكروبات التيفود و الدفتريا لقد اثار هذا الاكتشاف الخطير الاوساط الطبيه فيكروبات التيفود كما يعلم الجميع لم يخضع قبل الان لسلطان العقاقير سكر عادي صناعي جاء في ( الكتاب السنوي ا…							
1945-02-11	difaa	difaa19450211-01.1.3	plague	الطاعون	page			y		…ن ورور شراء بعض الاراضي المهدده. والاشتراك مهرجانات المولد النبوي وتوزيع الشارات بهذه المناسبه تبدي دايره البيطره في الناصره - نشاطا ملحوظا في مكافحه الطاعون المتفشي في الدجاج عقدت يوم اول امس فرقه الامل — الناصريه اجتماعا جري فيه انتخاب هييه جديده اللسنه الحاليه استقالت الانسه جميله الخوري : طبريا : من وظ…							
1945-02-12	difaa	difaa19450212-01.1.3	plague	الطاعون	page			y		…فتحت دايره الصحه فرعا عكا : خاصا لمكافحه الطاعون قرب دايره الجمرك حيث يجري فحص الجرذان التي . تمسكها المصايد الرسميه ويجري تطعيم السكان . وقد تم حتي الان تطعيم ٤٠٠٠ نسمه وتلاميذ المدارس والمساجين تش…							
1945-02-13	difaa	difaa19450213-01.1.3	plague	الطاعون	page			y		…لتي اذ يعت امس انه سقطت امطار في بعض جهات فلسطين : يوم امس الاول فسقط في جنين ٣ ملمترات. وفي مطار الله ٦ وفي رام الله ؛ وفي القدس ۸ به تدابير لمكافحه الطاعون اثبت الفحص الطني صحه اصابه علي محمد جمعه المصري الذي عثر عليه في سوق الخضار منذ ثلاثه ايام بالطاعون وقد اتخذت دايره الصحه بيافا كافه الاحتياطات اللازمه فتخرت معظم الاماكن التي كان يرتادها المصاب، وطعم حتي الان من الباعه ٢٥٣ شخصا ، وتنواي دايره الصحه…							
1945-02-15	difaa	difaa19450215-01.1.3	plague	بالطاعون	page		y	y		…اصابه جديده بالطاعون نقل الي مستشفي الحكومه للامراض الساريه علي طريق ملبس صباح امس شاب في السابعه عشره من عمره مصاب بالطاعون . وهو من سكان محاله العجمي خلف مركز البوليس ، وقد اتخذت دايره الصحه كافه التدابير اللازمه لوقايه الذين سبق لهم الاختلاط بالمصاب اسف وخيبه امل ! ورد ف…							
1945-02-15	difaa	difaa19450215-01.1.4	plague	بالطاعون	window			y		… و نشرت الجريده الرسميه ميزانيات بلديات حيفا وبيسان ومجلس محلي بني براك الامراض الساريه وجاء في التقرير الاسبوعي للامراض الساريه انه وقعت اصابه واحده بالطاعون في حيفا واصابه واحده بالتهاب النخاع الشوكي بمستعمره كريات يوسف قضاء يافا اداء الكلب نشرت الجريده الرسميه ان مناطق بيت حنون وديرسنيد وهر بيا والجيه وب…	0	0	0	absent			no-register-coverage
1945-02-16	difaa	difaa19450216-01.1.3	plague	الطاعون	page		y	y		…لمكافحه الطاعون قامت دايره الصحه امس بتفتيش منطقه سوق الخضار بيافا وحثت اصحاب المحلات التجاريه علي ضروره اتمام التنظيمات المطلوبه لتامين عدم انتشار مرض الطاعون وتنصح الدايره الجمهور بضروره الاهتمام بارشاداتها حرصا علي سلامه المدينه و نقل صباح امس الي مستشفي الحكومه للامراض الساريه علي طريق ملبس سلیم عبد من ع…							
1945-02-28	difaa	difaa19450228-01.1.3	typhoid	التيفوييد	page					…صابات التيفوييد ومكافحه الطاعون…							
1945-02-28	difaa	difaa19450228-01.1.3	plague	الطاعون	page					…صابات التيفوييد ومكافحه الطاعون…							
1945-02-28	difaa	difaa19450228-01.1.3	typhoid	التيفوييد	page			y		…يءخذ من الاحصاءات الرسميه الاخيره ان قد هبطت حوادث الاصابات بمرض التيفوييد قد هبطت نسبتها كثيرا في يافا خلال السنه الماضيه . اذ لم يزد عدد هذه الحوادث عن ٧٣ حادثه بينهما كانت في عام ١٩٤٣ - ۱۷۱ جادثه وفي هذه الحوادث باضطراد ي…							
1945-02-28	difaa	difaa19450228-01.1.3	plague	الطاعون	page			y		…يجه قررت دايره الصحه اتخاذ الترتيبات اللازمه لتطيعم الاهالي في هذه السنه ايضا وسوف تعين المكان في والزمان قريبا . اما حمله التفتيش ضد الجرذان ومكافحه الطاعون فتجري بنشاط . وقد عثر مءخرا علي جرذ مصاب في خان بمحله العجمي فاتخذت التدابير الصحيه المناسبه وطعم سكان تلك المحله مبالغه في الاحتياط…							
1945-03-04	difaa	difaa19450304-01.1.3	plague	بالطاعون	page		y	y		…ي عمارات المركز التجاري ويقال ان اسمه سبيرو مجلطون من القدس نقلت الي مستشفي الحكومه علي طريق مليس رشيده سعد الذين البالغه من العمر ١٥ سنه لانها مصابه بالطاعون . وقد اتخذت…							
1945-03-09	difaa	difaa19450309-01.1.3	influenza	والزكام	page		y	y	y	…الطفل والزكام ان الزكام « الرشح » الذي هو مزعج للكبار يعتبر مرضا خطيرا للاطفال ولهذا يجب ان تلاحظ الام ان تحمي طفلها الصغير منه فاذا اصيبت هي بزكام ولا يوجد احد غيرها العدوي يعتني به فاحسن وسيله لمنع طفلها من هي ان تضع كمامه من القماش ) حول انقها وفها لكي لا تتنفس في وجه طفلها عندما ترضعه ولكن الاضمن من هذا كله ان لا يتصل الطفل مع اي شخص مصاب بالزكام و قد لا تتوفر لدي الام ( الكامه ( الخاصه المستعمله من قبل الممرضات والاطباء في المستشفيات ولهذا بامكان الام ان تتخذ قطعه من القماش النظيف فتكم بها وج…							
1945-03-09	difaa	difaa19450309-01.1.3	plague	الطاعون	page		y	y		… بشان هبتها السنويه لبلديه تل ابيب وان يطلب من الحكومه مبلغ ۲۱۰ الاف جنيه من اجل اشتراك الحكومه في الميزانيه وتغذيه الاولاد وامانه المستشفيات لمكافحه الطاعون i لا تزال دايره الصحه ماضيه في تنظيف جر الاماكن التي يشتبه ان فيها ذا موبوءه بمرض الطاعون. وقد تلقت امس ما يفيد وجود شخص يشتبه باصابته بهذا المرض في ملبس فبادرت باتخاذ التدابير الصحيه اللازمه.…							
1945-04-04	difaa	difaa19450404-01.1.3	typhoid	والتيفوييد	page			y		…ت الروحيه (٧) التسمم بالتبغ (۸) الافراط في ( التوابل والمخلات ) وهو كثير في الشرق (1) الاقلال من تناول السوايل (۱۰) الامراض المعديه وخصوصا الانفلونزا والتيفوييد (۱۲) الاصابه بالبول السكري فيكون ارتفاع ضغط الدم نتيجه مضاعفات قلبيه او شريانيه او كلويه تتسبب عنه شذرات يمكنك ان تلفت نظر محدثك الي خطته - بنظره او …							
1945-04-04	difaa	difaa19450404-01.1.3	influenza	الانفلونزا	page			y		…م بالمشروبات الروحيه (٧) التسمم بالتبغ (۸) الافراط في ( التوابل والمخلات ) وهو كثير في الشرق (1) الاقلال من تناول السوايل (۱۰) الامراض المعديه وخصوصا الانفلونزا والتيفوييد (۱۲) الاصابه بالبول السكري فيكون ارتفاع ضغط الدم نتيجه مضاعفات قلبيه او شريانيه او كلويه تتسبب عنه شذرات يمكنك ان تلفت نظر محدثك الي خطته …							
1945-04-20	difaa	difaa19450420-01.1.2	typhoid	التيفوييد	window		y	y		…ولما ذهب امس الي دار الوكاله ابعدوه فتار واخذ ضرب الموجودين ويحطم ما يقع تحت يديه الي ان جاءت قوه من البوليس ونقلاته الي مستشفي المجانين ب التطعيم ضد التيفوييد : ا حيفا - وزعت دايره الصحه المصل الواقي من التفوييد علي مستوصفات المدينه التطعيم ا المكان بالمجان .…	0	0	0	absent			no-register-coverage
1945-04-20	difaa	difaa19450420-01.1.3	measles	الحصبه	page			y		…ال البنسلين في علاج الامراض بصوره عامه ٦ - تحويل الاخشاب الطريه الي اخري صلبه بغمسها في محلول كيماوي خاص . مركبات الدم المختلفه ... فالجلوبيولين لمنع الحصبه من مر - استعمال المركبات السيليكونيه الصناعيه في عزل المواد كهرباييا وجعلها مانعه لتسرب المياه خلالها . - بنوك الدم والاستفاده والكريات الحمراء لشفاء…							
1945-04-25	difaa	difaa19450425-01.1.3	typhoid	والتيفوييد	paragraph			y		… « الفاشستيه | والنازيه والدمقراطيه » د يا فا تم تطعيم جميع طلاب المدارس الاميريه والاهليه الوطنيه وغيرها بيافا ضد الامراض الساريه وعلي الاخص الطاعون والتيفوييد وطعم عدد كبير من سكان المناطق التي ظهرت فيها جرذان موبوءه وهناك عدد من المراكز التابعه لدايره الصحه في العجمي والمنشيه تتولي تطعيم الجمهور ، وذكر لنا…	0	0	0	absent			no-register-coverage
1945-04-25	difaa	difaa19450425-01.1.3	plague	الطاعون	paragraph			y		… موضوعها « الفاشستيه | والنازيه والدمقراطيه » د يا فا تم تطعيم جميع طلاب المدارس الاميريه والاهليه الوطنيه وغيرها بيافا ضد الامراض الساريه وعلي الاخص الطاعون والتيفوييد وطعم عدد كبير من سكان المناطق التي ظهرت فيها جرذان موبوءه وهناك عدد من المراكز التابعه لدايره الصحه في العجمي والمنشيه تتولي تطعيم الجمهور…	0	0	0	absent			no-register-coverage
1945-04-25	difaa	difaa19450425-01.1.3	plague	الطاعون	paragraph			y		…صحه امس ان واجب الجمهور يقضي باتباع ارشادات دايره الصحه والتعاون معها البلديه في ا القضاء علي اسباب الامراض ومع الساريه واباده الجرذان التي تنقل عدوي الطاعون . تسلم تجار الجمله بيافا مخصصات الاطفال الشهريه من الارز والسكر وبوشر تسليمها الي البقالين لتوزع علي ارباب العايلات خلال هذين اليومين توفي بالسكته ال…	0	0	0	absent			no-register-coverage
1945-04-25	difaa	difaa19450425-01.1.3	typhus	بالتيفوس	page			y		…را من ٢٧ الجاري وان يحضروا معهم عند التسجيل حرف (ف) من دفتر النقط وبطاقه السكر . كان لجهود دايره الصحه ومساعد عزه رييس الاطباء في القضاء علي الاصابات بالتيفوس في لواء بير السبع حيث لم تقع الا اصابتان . اقامت فرقه الثقافه في البيره رام الله - بجوار رام الله - حفله تمثيليه علي مسرح مدرسه الفرندز جمعت فيها تبر…							
1945-04-27	difaa	difaa19450427-01.1.3	typhoid	التيفوييد	window			y		…تقوم دايره الصحه بتطعيم النكات حيفا جميعا ضد التيفوييد بعد ان انتهت : من تطعيم طلاب المدارس والموظفين ورجال البوليس والسجون صدمت سياره جيش كبيره بالقرب من و مطحنه الارز علي شارع الناصره يوسف حسن من حواسه …	0	0	0	absent			no-register-coverage
1945-05-02	difaa	difaa19450502-01.1.3	typhus	بالتيفوس	page		y	y		… الي اميركا لحضور مءتمر قرر الحاخامون اليهود المتدينون في العالم ان يعقدوه الرفض الصهيونيه واعاده كيان اليهود في الاقطار التي يعيشون فيها اصابه ثانيه بالتيفوس نقل الي مستشفي الكرنتينا بيانا امس جابر محمد ثلجي من قريه كدنه في قضاء الخليل و عمره ٣٥ سنه مصابا بالتيفوس . وقد اتخذت دايره الصحه كافه الترتيبات اللازمه . الوقايه الذين سبق لهم الاختلاط به ويءخذ من الاحصاءات الرسميه انه وقع في يافا ثلاث اصابات بمرض التيفوس خلال شهر نيسان الماضي وحادثه طاعون واحده . ولم تقع ايه حادثه بالامراض الساريه في القضاء خلال المده المذكوره…							
1945-05-02	difaa	difaa19450502-01.1.3	plague	طاعون	page			y		…لترتيبات اللازمه . الوقايه الذين سبق لهم الاختلاط به ويءخذ من الاحصاءات الرسميه انه وقع في يافا ثلاث اصابات بمرض التيفوس خلال شهر نيسان الماضي وحادثه طاعون واحده . ولم تقع ايه حادثه بالامراض الساريه في القضاء خلال المده المذكوره…							
1945-05-30	difaa	difaa19450530-01.1.3	typhoid	التيفوييد	paragraph		y	y		…اله لبحث بعض ابواب الميزانيه المستعجله تمهيدا للاسراع في التصديق عليها . ادخل مستشفي بني براك منذ يومين اثنان من محله الكرتون للاشتباه باصابتهما بمرض التيفوييد ، ولم تتلق دايره الصحه حتي امس نتايج فحصهما الطبي وذكر ان الامراض الساريه قد قلت هذا العام كثيرا لان تطعيم السكان وطلاب المدارس قبل حلول فصل الصيف اف…	0	0	0	absent			no-register-coverage
1945-06-10	difaa	difaa19450610-01.1.3	plague	الطاعون	paragraph			y		…ءاد الفار امينا للصندوق تعددت حوادث السطو علي البيوت في. هذا الاسبوع مما يستوجب لفت نظر المسيولين عن حفظ الامن يبدا اليوم تطعيم الخيول والبغال ضد مرض الطاعون الافريقي الذي عاد فانتشر . تشكلت لجنه من السيدات في طولكرم طواس كرم لجمع التبرعات لسوريا ولبنان . رات قياده الجيش نقل السيد رشيد عبد الفتاح ضابط التط…	0	0	0	absent			no-register-coverage
1945-06-17	difaa	difaa19450617-01.1.3	typhoid	والتيفوييد	paragraph			y		…جره انتظار مناسبه الهم، وقد لوحظ ان الامراض. الساريه قد تلاشت من المدينه بفضل تطعيم السكان ضدها ، وفي استطاعه كل شخص زياره الدايره للتطعيم ضد التيفوس والتيفوييد . فصلت محكمه يافا المركزيه امس في سبع قضايا جزاييه قدم المخالفون فيها بتهمه اعطاء افادات كاذبه فقضت بتغريم ثلاثه منهم بعشره جنيهات و بسجن كل واحد من …	0	0	0	absent			no-register-coverage
1945-06-17	difaa	difaa19450617-01.1.3	typhus	التيفوس	paragraph			y		…وتهييه حجره انتظار مناسبه الهم، وقد لوحظ ان الامراض. الساريه قد تلاشت من المدينه بفضل تطعيم السكان ضدها ، وفي استطاعه كل شخص زياره الدايره للتطعيم ضد التيفوس والتيفوييد . فصلت محكمه يافا المركزيه امس في سبع قضايا جزاييه قدم المخالفون فيها بتهمه اعطاء افادات كاذبه فقضت بتغريم ثلاثه منهم بعشره جنيهات و بسجن …	0	0	0	absent			no-register-coverage
1945-07-05	difaa	difaa19450705-01.1.3	trachoma	التراخوما	page			y		…فلاح ويسيروا معه باخلاص الي حيث الاصلاح والخير له ولعايلته . اما مجال العمل فواسع جدا و مفتوح للجميع فالقريه في حاجه الي التعليم وتحسين الصحه ومكافحه التراخوما وامراض الاطفال وتدريب المراه علي اداره المنزل والنظافه وتوفير الطرق الضروريه والماء النظيف و تحسين الزراعه وتعميم زراعه الاشجار خصوصا في المناطق الجب…							
1945-07-08	difaa	difaa19450708-01.1.3	influenza	الانفلونزا	page					…غذيه وخواصه المنشطه علي وجه لامثيل FOILING WATER & S له فاسرع في تناول البوفريل علي الاقل مره في اليوم لك القوه يري البوفريل الخصوصيه اللازمه لمقاومه الانفلونزا BOVRILA OVRIL LTO LONDON ENCLAND الموزعون الوحيدون في فلسطين BOC محلات سني…							
1945-07-10	difaa	difaa19450710-01.1.2	malaria	الملاريا	paragraph					"…قديرنا للجهود والخدمات التي بذلها كل من . مدير الصحه العام والمستر"" سماجه والقايمقام السيد بديع شرويي والدكتور سليمان كتخدا وذلك اثناء قيامهم بمكافحه الملاريا الناشيه عن مستنقعات مرج صانور . مختار صانور فرید جرار مختار ميثلون - ابراهيم النوري حريق في مستعمره شب حريق هايل في مزارع مستعمره بيت يوسف في قضاء بي…"	0	0	0	absent			no-register-coverage
1945-07-12	difaa	difaa19450712-01.1.3	malaria	الملاريا	window					…امطار في تلك السنه ، وقد بلغت مساحتهما في هذا العام ما يعادل خمسه الاف دونم من الارض التي غطتها المياه دايما عاملا من عوامل و كان هذا المستنقع انتشار الملاريا في منطقه الخضيره علي طريق حيفا . وكانت مديريه الصحه العامه تدرس ولكن دايما امكان تجفيف هذه البركه ، ارتفاع الكثبان الرمليه المحيطه بها جعل من المتعذر…	0	0	0	absent			no-register-coverage
1945-07-12	difaa	difaa19450712-01.1.3	malaria	الملاريا	paragraph					…ل ٢٤ ساعه . اما المياه التي يقدر تجمعها في كل سنه فتتراوح بين اربعه وخمسه ملايين متر مكعب وبهذا يكفي المشروع الجديد لتخفيف مياه المستنقع قبل حلول فصل الملاريا. وتقدر نفقاته بسبعه الاف جنيه دفعت الحكومه نصفها والنصف الاخر مستعمره الخضيره والشركات اليهوديه وستستفيد منه مستعمره الخضيره وعرب وادي الحوارث ومن ال…	0	0	0	absent			no-register-coverage
1945-07-20	difaa	difaa19450720-01.1.3	malaria	للملاريا	paragraph					…ريطاني برش مجري نهر العامين والمنطقه المجففه بعلاج د . د . ت واكد لنا خبير بان هذا الدواء سريع المفعول في قتل جميع الحشرات والذباب وانه العلاج الوحيد للملاريا وان نتايجه تظهر في الحال. فحبذا لو تقوم حكومه هذا العلاج في كافه المدن بتعميم والقري . فتحت في محله السجاعيه عياده الميون علي نفقه البلديه وتساهم فيه…	0	0	0	absent			no-register-coverage
1945-07-23	difaa	difaa19450723-01.1.3	malaria	للملاريا	paragraph					…يطاني برش مجري نهر العامين والمنطقه المجففه بعلاج د . د . ت واكد لنا خبير بان هذا الدواء سريع المفعول في قتل جميع الحشرات و الذباب وانه العلاج الوحيد للملاريا وان ج نتايجه تظهر في الحال. فحبذا لو تقوم حكومه هذا العلا في كافه المدن فلسطين بتعميم والقري.…	0	0	0	absent			no-register-coverage
1945-07-24	difaa	difaa19450724-01.1.3	plague	بالطاعون	page		y	y		…اصابه جديده بالطاعون نقل الي مستشفي الحكومه للامراض الساريه علي طريق ملبس شخص اتضح انه مصاب بالطاعون ولهذا اتخذت دايره الصحه بيافا كافه الترتيبات اللازمه فظهرت اماكن اقامته وعمله وكوفحت الجرذان في المنطقه واجريت شءون صحيه هامه ، ودايره الصحه ترجو من …							
1945-07-27	difaa	difaa19450727-01.1.2	plague	بالطاعون	page		y	y		…امر صادر من فخامه المندوب السامي الي شرق الاردن مجرم سوء استعمال الامانه . ووافق حاكم الصلح علي توقيفه ١٥ يوما الي ان تتم معامله استرداده اصابه جديده بالطاعون اثبت الكشف الطبي ان شخصا من عتاله شارع الدباسيه بيانا . مصاب بالطاعون . وكان قد نقل الي مستشفي الحكومه علي طريق ما بس مشتبها به منذ ايام ، ويبلغ من العمر ٣٥ سنه . واتخذت دايره الصحه كافه الاجراءات الصحيه اللازمه بهذا ال…							
1945-08-01	difaa	difaa19450801-01.1.3	malaria	الملاريا	page					…بيب. وفي الباب الثاني بحث الدكتور الجانب الوقايي وهو اقل مما يرجو المهتمون بتحسين الصحه في العراق ، فلا تزال اوبيه كثيره بلا برنامج كاف لمواجهتها مثل الملاريا . والتراخوما والبلهارسيا والسل وحبه بغداد وفي الباب الثالث بحث المعالجه ، وبين ان ميزانيه الصحه العامه وهي الان نحو ثمانمايه الف دينار يصرف ثلاثه ارب…							
1945-08-01	difaa	difaa19450801-01.1.3	trachoma	والتراخوما	page					…باب الثاني بحث الدكتور الجانب الوقايي وهو اقل مما يرجو المهتمون بتحسين الصحه في العراق ، فلا تزال اوبيه كثيره بلا برنامج كاف لمواجهتها مثل الملاريا . والتراخوما والبلهارسيا والسل وحبه بغداد وفي الباب الثالث بحث المعالجه ، وبين ان ميزانيه الصحه العامه وهي الان نحو ثمانمايه الف دينار يصرف ثلاثه ارباعها علي الطب…							
1945-08-12	difaa	difaa19450812-01.1.3	plague	بالطاعون	page			y		…من يافا الباتهم بحيازه غرامات من الحشيش فتفي بتغريمه ثلاثه جنيهات قامت دايره الصحه امس بجوله صحيه. في منطقه سيوق الدير ، وعثر علي جرد يشتبه بانه مصاب بالطاعون ، وقد اتخذت التدابير الصحيه المناسبه في مثل هذه الحاله وبوشر في تطعيم الذين يقيمون قرب المكان الذي عثر فيه علي الجرد :…							
1945-08-14	difaa	difaa19450814-01.1.3	malaria	الملاريا	paragraph					…شاء مدارس جديده عليها لتتمكن من قبول اكبر عدد ممكن من الطلاب من ابناء • هذه القري والقري القريبه منها يانا اهتمت دايره الصحه العامه بموضوع انتشار مرض الملاريا في منطقه نهر سكرير الواقع جنوب يبنا ، وقد نقلت احد مفتشي اعمال المكافحه من اللواء الشمالي الي المنطقه الجنوبيه ليتولي الاشراف علي مكافحه هذا المرض ال…	0	0	0	absent			no-register-coverage
1945-09-07	difaa	difaa19450907-01.1.11	malaria	الملاريا	paragraph					… جمعيه العمال العربيه بالقدس البحث ايجاد مشاريع تعاونيه خاصه بهم ولا عاده انتخاب هييه اداريه جديده لنقابتهم. انضم الي الجمعيه جميع مستخدمي قسم مكافحه الملاريا ببلديه القدس وقد ارسلت الجمعيه مذكره الي البلديه ودايره شيون العمل ضمنتها طلبات عمال البلديه جميعهم. -- ارسلت الجمعيه في القدس مذكره اليقياده الطيران…	0	0	0	absent			no-register-coverage
1945-10-04	difaa	difaa19451004-01.1.3	malaria	الملاريا	paragraph					…يه الزراعيه زار وادي القرن وللنطقه الشماليه عكا الدكتور بيغر مساعد مدير الصحه العام برفقه مهندس دايره الصحه للاطلاع علي تقدم المشاريع الجاريه لمكافحه الملاريا . القي السيد محمد العمد محاضره في نابلس النادي الرياضي الادبي عنوانها (قصص من البطوله تكام فيها عن اروع e الحوادث في التاريخ الاسلامي كانت جمعيه العم…	0	0	0	absent			no-register-coverage
1945-10-16	difaa	difaa19451016-01.1.3	typhoid	التيفوييد	page			y		…لبلديه بدفع امانه المدارسهم طلب الينا وفد من مخاتير القضاء ان نلفت نظر دايره الصحه العامه بضروره ارسال من يقوم بالتطعيم ضد الامراض المنتشره خصوصا مرض التيفوييد المحول وزع مكتب مساعد ضابط الارتباط في غزه والمجدل كميه من الغزولات في المده الاخيره علي قسم من اصحاب مصانع النسيج لا نتاجها اقمشه موحده جديده تدعي ف…							
1945-10-25	difaa	difaa19451025-01.1.3	malaria	الملاريا	page					…ليل : البلديه ومحدد منتصف الشهر القادم موعدا لعرضها علي الناخبين وستبدا في اعلان الترشيح جاءتنا كلمه من شاب في النعاني النعاني : يتحدث فيها من انتشار الملاريا انتشارا ذريعا في القريه بسبب عدم الاهتمام بماء الشرب بعد ان تعطل محرك البشر وهو يرجو من السلطات الصحيه ان تهتم بهذه القريه علي اثر الكتابات المتواليه…							
1945-10-25	difaa	difaa19451025-01.1.3	typhus	بالتيفوس	page			y		…اصابه جديده بالتيفوس…							
1945-10-25	difaa	difaa19451025-01.1.3	typhus	التيفوس	page		y	y		…نقلت الي مستشفي الكرنتينا بيافا الفتاه | حقيقه ابراهيم الصفدي من ما بود وعمرها ۲۱ سنه مصابه بمرض التيفوس، واتخذت التدابير الصحيه في مثل هذه الحالات…							
1945-11-04	difaa	difaa19451104-01.1.3	plague	الطاعون	page		y	y		…يفه واقرار الخطه التي يمكن اتباعها للوصول الي حقوقهم نقل الي مستشفي الكرنتينا مءخرا عوض فضل غنيم من العمال المصريين المقيمين في محله البصه مصابا بمرض الطاعون ، ولكنه توفي امس متاثرا وهو يبلغ من العمر ۳۲ الصحيه في المنطقه التي . واتخذت التدا سنه كان موجودا فيها قبل اصابته…							
1945-11-04	difaa	difaa19451104-01.1.3	malaria	ملاريا	page					…المشهور صامویل مورس يعرض احدي لوحاته علي طبيب ، فقال له وما رايك في هذه الصوره ، انها لرجل يحتضر ؟ فوضع الطبيب نظارته علي عينه وفحص الصوره وقال . مرض ملاريا ! في الكنيسه القسيس : ان الجنه هي هدفنا الاول والاخير…							
1945-11-04	difaa	difaa19451104-01.1.3	plague	الطاعون	page					…لمكافحه الطاعون…							
1945-11-04	difaa	difaa19451104-01.1.3	plague	الطاعون	page			y		…زار المدينه امس مدير الصحه العام بالوكاله بصحبه رييس اطباء الامراض الساريه وقد تجولا في المنطقه التي وقعت فيها بعض حوادت الطاعون في قريه صميل التي ضمت الي بلديه تل ابيب مءخرا وتفقدا الحاله الصحيه فيها و تشاور مع الدكتور حداد رييس اطباء اللواء بالنيابه والدكتور ايوب طبيب الامراض…							
1945-11-06	difaa	difaa19451106-01.1.3	plague	بالطاعون	page		y	y		…مستمره وسنضطر لمواصلتها طرد عمال هود تقول ها بوكر ان شركه معامل عسيس الواقعه علي طريق ملبس قد طردت سبعين عمالها عاملا بسبب قله الاعمال من اصابه جديده بالطاعون نقلت الي مستشفي الحكومه للامراض الساريه علي طريق ملبس الطفله جاكلين نخله اللوح البالغه من العمر خمس سنوات مصابه عرض الطاعون ، وقدا تخذت التدابير الصحيه المناسبه في مثل هذه الظروف . اعلان مجلس محلي البصه بيع المسكرات لعام ١٩٣٥ بموجب قانون جيت معلنا طلب تجديد رخصه مسكرات لعا…							
1945-11-06	difaa	difaa19451106-01.1.3	smallpox	جدري	page					…جدري الحمضيات…							
1945-11-06	difaa	difaa19451106-01.1.3	smallpox	بجدري	page					…رات التي تفتك في الحمضيات في الولايات المتحده خصوصا في الولايات المتحده خصوصا في الولايات الرطبه كفلوريدا وولايات خليج مكسيكو الاسم : تعرف هذه الحشره بجدري الحمضيات بالنسبه الي البقع التي تسببها علي الثمر والورق وتعرف ايضا بالعنكبوت الاحمر لان ويفرز بين اخواها الحمربربه و الفاش و الماليه بنين و تعرف ايضا…							
1945-11-06	difaa	difaa19451106-01.1.3	smallpox	الجدري	page					…الشجر بمحلول بعض الزيوت المعدنيه يقتل هذه الحشره . ويجب ان نذكر ان لهذه الحشره اهداء بين الحشرات تفتك فيها ولولا وجود هذه الحشرات الطفيليه لكانت حشره الجدري اعظم انتشارا وخطرا علي الزراعه . حسني المقدادي مهندس زراعي…							
1945-11-08	difaa	difaa19451108-01.1.3	plague	الطاعون	page				y	…اصدر رييس مصلحه البيطره بيانا اشار فيه الي انتشار طاعون الدجاج وقال ان هذا المرض قدا نتشر انتشارا ذريعا بين الدواجن واحدث فيها خساير فادحه وليس الطاعوني وحده بل ان امراض اخري ظهرت بين الدواجن ولذلك يجب علي مربي الدواجن ان يتخذوا التدابير المعتاده لمنع انتشار المرض بين دو اجنهم فيمنعوها من الاختلاط بغ…							
1945-11-09	difaa	difaa19451109-01.1.2	plague	بالطاعون	page			y		…اصابات جديده بالطاعون !…							
1945-11-09	difaa	difaa19451109-01.1.2	plague	بالطاعون	paragraph		y	y		…ورد في الارقام الصحيه ان عدد الاصابات التي وقعت بالطاعون خلال الاسبوع الماضي كانت ٣ اصابات في يافا واربع اصابات في تل ابيب وقد نقل الي مستشفي الحكومه للامراض الساريه علي طريق ملبس منذ ايام حسن سعيد المصري من سكان محله ارشيد بيا قاو عمره ٥٧ سنه مصابا بالطاعون ، وقد توفي امس متاثرا من هذه الاصابه ونقل اليه امس ايضا الطفل منصور مبارك مبروك من سكان محله البصه وعمره ثلاث سنوات مصابا بالمرض نفسه ويقال ان العناي…	0	0	0	absent			no-register-coverage
1945-11-22	difaa	difaa19451122-01.1.3	plague	بالطاعون	paragraph		y	y		…ر البلديه الي ضروره العنايه بها نقل الي مستشفي الحكومه للامراض الساريه الكاين علي طريق ملبس شلومو كوهين من محله ما تكفا والبالغ من العمر ١٨ سنه مصابا بالطاعون .. وقد اتخذت دايره الصحه في اللواء كافه الترتيبات اللازمه في مثل هذه الحالات تشكر اداره جمعيه احياء شعاير الاسلام الساده علي دلول وتوفيق الصناديقي وج…	0	0	0	absent			no-register-coverage
1945-11-22	difaa	difaa19451122-01.1.3	measles	الحصبه	window			y		…سكريه جرت في محكمه صلح الخضيره امس محاكم تاجرين يهوديين بتهمه حيازه ٣٥٠٠ سيجاره عسكريه فحكم علي الاول بغرامه ١٢ جنيها وعلي الثاني بغرامه ٧ جنيهات . ( الحصبه » في قري الشمال حيفا - حدثت اصابات كبيره بمرض الحصبه في فريق النبي روبين وصروح علي الحدود الشماليه وقد مات اكثر من عشره اطفال من مرضي القريتين . وقد لفت نظرنا الكثيرون من سكان هذه القري الاهمال الذي يجد…	0	0	0	absent	1946-03-19(peak 9/30d)	-117	no-register-coverage
1945-11-29	difaa	difaa19451129-01.1.2	plague	بالطاعون	page		y	y		…ن وستنشر مجله الكتاب التي تصدر عن دار المعارف بصر في عددها الثاني دراسه فنيه مزينه بالصور من القصور الامويه في شرق الاردن الثمن (۱۲۰) (ملا . ٣ اصابات بالطاعون نقل الي مستشفي الحكومه للامراض المعديه في بني براك امس ثلاثه اشخاص من اليهود مصابون بالطاعون وهم من سكان هاتكفا وما جاورها .…							
1945-12-06	difaa	difaa19451206-01.1.3	plague	الطاعون	page		y	y		…ه عزرا فبرات الاول وقضت بسجن الثاني سنه واحده .. نقل الي مستشفي الحكومه علي طريق ملبس الفتي عمانوييل غنتالي من شارع بارنت علي حدود المنشيه مصابا بمرض الطاعون وهو يبلغ من العمر ١٤ سنه ، واتخذت دايره الصحه كافه الترتيبات اللازمه في مثل هذه الحاله. دما نادي الشبيبه الاسلاميه بيانا الي اجتماع عام يحضره حموم اع…							
1945-12-06	difaa	difaa19451206-01.1.3	typhoid	التيفوييد	page			y		…يءخذ من الاحصاءات الرسميه ان عدد حوادث التيفوييد التي وقمت في يافا خلال الشهر الماضي كانت ٩ حوادث ووقعت حادثه واحده في لقضاء فقط مات المصاب بها متاثرا ووقت حادثه تيفوس واحده في يافا وواحده في القضاء ولم تقع سوي حادثه براتيفوييد واحده في بانا خلال الشهر للاضي اما حوادث الطاعون يافا فكانت اربعا في يافا مات اثنان منهم وليس في القضاء حوادث طاعون .. فقد خانم انا خليل محمد مطر فقد…							
1945-12-06	difaa	difaa19451206-01.1.3	typhus	تيفوس	page			y		…صاءات الرسميه ان عدد حوادث التيفوييد التي وقمت في يافا خلال الشهر الماضي كانت ٩ حوادث ووقعت حادثه واحده في لقضاء فقط مات المصاب بها متاثرا ووقت حادثه تيفوس واحده في يافا وواحده في القضاء ولم تقع سوي حادثه براتيفوييد واحده في بانا خلال الشهر للاضي اما حوادث الطاعون يافا فكانت اربعا في يافا مات اثنان منهم …							
1945-12-06	difaa	difaa19451206-01.1.3	plague	الطاعون	page			y		…لقضاء فقط مات المصاب بها متاثرا ووقت حادثه تيفوس واحده في يافا وواحده في القضاء ولم تقع سوي حادثه براتيفوييد واحده في بانا خلال الشهر للاضي اما حوادث الطاعون يافا فكانت اربعا في يافا مات اثنان منهم وليس في القضاء حوادث طاعون .. فقد خانم انا خليل محمد مطر فقد مني خاتم ذهب في سوق يبنا ومكتوب عليه اسمي فانا غير مسءول بعد هذا التاريخ من اي توقيع كما ارجو كل من يجده ان يعيده ل…							
1945-12-11	difaa	difaa19451211-01.1.3	plague	بالطاعون	paragraph		y	y		…د من الاقمشه الحريريه وصلت الي دايره بريد يانا طرود اقمشه حريريه مرسله من سويسرا لحساب جمعيه الاستيراد المختصه، وتقدر قيمتها به الاف جنيه اصابه جديده بالطاعون نقل الي مستشفي الحكومه الامراض الساريه علي طريق ملبس الحاج عبد محمد سالم من شارع خصوان بسوق اليهود مصابا بمرض الطاعون. وقد توفي متاثرا بهذا المرض. ويبلغ من العمر ٤٥ سنه ، واتخذت دايره الصحه كافه الترتيبات اللازمه في مثل هذه الحالات بالسكته القلبيه توفي بالسكته القلبي…	0	0	0	absent			no-register-coverage
1945-12-16	difaa	difaa19451216-01.1.3	plague	بالطاعون	paragraph		y	y		…القطنيه والحرامات المستورده من اميركا . ووصل لحسابها ايضا خمس بالات من الاقمشه الهنديه القطنيه وبوشر في نقلها الي هناير . الاستيداع . اصابتان جديدتان بالطاعون نقل الي مستشفي الحكومه الامراض الساريه علي طريق ملبس الحاج عبد السلام الصادق الحريري من محله للمنشيه وعمره ٤٥ سنه مصابا بمرض الطاعون . ولكنه لم يابت ان توفي متاثرا بهذا المرض . و نقل اليه ايضا يعقوب وايمان من شارع سلمه وعمره ٢٥ سنه مصابا بالمرض نفسه ومات الثاني متاثرا . واتخذت داير…	0	0	0	absent			no-register-coverage
1945-12-16	difaa	difaa19451216-01.1.3	plague	الطاعون	paragraph			y		…ه . وهذا عمل حسن واحسن منه تعميم التطعيم حتي يشمل كل فرد في المدينه احتياطا للطواريء . اما السكان فيجب عليهم تنظيف بيوتهم من كل ما يجلب الجرذان ناقله الطاعون وان يحرصوا علي تنفيذ ارشادات دايره الصحه. تقرير لجنه العلف الرسميه صدر امس تقرير لجنه العلف الرسميه التي كانت تابعه لمكتب مراقب للمءن العام في فلسطين…	0	0	0	absent			no-register-coverage
1945-12-25	difaa	difaa19451225-01.1.3	plague	الطاعون	page					…لمكافحه الطاعون…							
1945-12-25	difaa	difaa19451225-01.1.3	plague	الطاعون	page			y		…طعمت دايره الصحه بيافا طلاب وطالبات المدارس الاميريه ضد الطاعون مبالغه في الوقايه ، حبذا لو عممت الدايره هذا التطعيم حتي يشمل جميع السكان وان تقوم بحمله واسعه النطاق لتطهير المدينه من الجرذان ناقلات ميكروب هذا الم…							
1946-01-02	difaa	difaa19460102-01.1.3	influenza	الانفلونزا	page			y		…لقامه الصحيه . اقوال - رب هزل قد عاد جدا . - من امن الزمان خانه ، ومن تعظيم عليه اهانه دهوا المزاح فانه بورت الضغاين- انصف من نفسك قبل ان ينتصف منك - الانفلونزا الانفلونزا ... في مثل هذا الوقت تنتشر بين الناس لانها معديه . ان احببت تجنب الاصابه بها فلا تدخل الاماكن المزدحمه ولا تقترب من المصاب بها . وان حصل واصبت فتنشق …							
1946-01-02	difaa	difaa19460102-01.1.3	malaria	للملاريا	page					…علاج حاسم للملاريا…							
1946-01-02	difaa	difaa19460102-01.1.3	malaria	الملاريا	page					…تخدم في علاج الاريا والذي اكتشفه علماء شركه الصناعات الكيماوه الامبراطوريه. وسيكون في متناول يد الجمهور في سنه ١٩٤٧ وهو النجم دواء عرب حتي الان لعلاج الملاريا. وقد طار الدكتور داني وهو عالم بيلوجي في شركه الصناعات الكيماويه الامبراطوريه الي استراليا هذ اسبوعين لدراسه نتايج تجاربه وقد قال ان تناول جرعات اسبوعيا من البالدورين سيوقف ميكروب الملاريا في الجسم ويزول لرض تماما .…							
1946-01-13	difaa	difaa19460113-01.1.3	plague	الطاعون	page		y	y		… علي ثلاثه اشخاص رهن التحقيق نقل الي مستشفي الحكومه للامراض الساريه علي طريق ملبس حاييم الكنيس من شارع مزراحي ضمن منطقه يافا و عمره ٥٧ سنه مصابا بمرض الطاعون ، وقد اتخذت دايره الصحه كافه التدابير اللازمه لوقايه السكان في مثل هذه الحالات . بلغت محتويات صناديق التبرعات لصندوق الامه العربي للموضوعه في المحلات…							
1946-01-20	difaa	difaa19460120-01.1.3	plague	الطاعون	window					… بك قايمقام المستعمرات اليهوديه في لواء الله امس محاكمه بتهمه ٥٠ شخصا من سكان مستعمره هانكفا القذاره وعدم تنظيف المنازل وما جاورها مما ادي الي انتشار الطاعون بين السكان وبعد ان سهم القايمقام اقوال محامي المتهمين منحهم مهله اسبوعين لتنظيف المستعمره . كان لسقوط الامطار في الاسبوع حيفا الماضي اثر حسن علي جميع…	0	0	0	absent			no-register-coverage
1946-01-24	difaa	difaa19460124-01.1.3	plague	بالطاعون	window		y	y		…ل ها مشكيف ان البوليس في حيفا اعتقل خلال الايام الماضيه من هذا الشهر ۱۲۰ عربيا من سوريا ولبنان بتهمه الدخول الي فلسطين بصوره غير مشروعه . اصابه جديده بالطاعون نقلت الي مستشفي الحكومه للامراض الساريه علي طريق ملبس منذ ايام الفتاه ملكه بنت عبد الله رزق من سلطه وهي مصابه بمرض الطاعون ولكنها توفيت امس متاثره وحولت اوراقها الي القايمقام واتخذت دايره الصحه كافه الترتيبات اللازمه في مثل هذه الاحوال…	0	0	0	absent			no-register-coverage
1946-01-25	difaa	difaa19460125-01.1.3	plague	بالطاعون	page		y	y	y	… اعمارها بين سته اسابيع وعشره قد طمعت بالمصل الهندي الجديد ضد طاعون الدجاج. وقد جري هذا التطعيم بمعرفه دايره الزراعه وكانت النتايج جيده . اصابه جديده بالطاعون نقلت الي مستشفي الحكومه للامراض الساريه علي طريق ملبس الطفله انعام ثابت من سلمه و عمرها ٣ سنوات مصابه بالطاعون ويلاحظ تعدد حوادث الاصابات بهذا المرض في هذه القريه الامر الذي نلفت اليه انظار المسيولين…							
1946-01-27	difaa	difaa19460127-01.1.3	plague	الطاعون	paragraph			y		…شركه الساده امين حداد ومشيل صوصه و عزت فرمان وممثل الجمعيه السيد سامي طه. وقد وصل الفريقان الي اتفاق تام بفضل الروح الحسنه التي اظهرها الطرفان انتشار الطاعون في سلمه انتشر مرض الطاعون مءخرا في قريه سامه انتشر مرض الطاعون مءخرا في قريه سامه وذلك نتيجه لاهمال للمكافحه في مستعمره ما تكفا وهرب الجرذان ناقله ميكروباته الي التي العيش فيها ، فالاكواخ متوفره في القريه وسياجات…	0	0	0	absent			no-register-coverage
1946-01-27	difaa	difaa19460127-01.1.3	plague	بالطاعون	paragraph		y	y		…يف ، وقبل تسرب الجرذان الي قري اخري وقد نقل الي مستشفي الحكومه للامراض الساريه علي طريق ملبس الطفل احمد عبد الله رزق من قريه سلمه وعمره ٧ سنوات مصابه بالطاعون . اعلان صادر من محكمه صلح يافا قضيه حقوقيه رقم ۱۲۱۸ - ٤٥ . المدعيه زلفي بنت عمر شعبان المدعي عليه : (۱) شعبان عمر شعبان المغربي يافا (۲۰) محمد سعيد ب…	0	0	0	absent			no-register-coverage
1946-03-04	difaa	difaa19460304-01.1.2	influenza	بالانفلونزا	page					…ه القاهره -و.اع - ينتظر ان يعقد مجلس الجامعه العربيه دورته القادمه في القاهره يوم ٢٥ مارس الحالي. مرض رييس الوزاره الاردنيه - لندن - و . ا . ع - اصيب بالانفلونزا دوله ابراهيم هاشم با شار ييس وزراء شرق الاردن القيم الان في لندن للاشتراك في المحادثات المتعلقه باستقلال الاماره الاردنيه ويقال ان شكو من ارتفاع درجه…							
1946-03-11	difaa	difaa19460311-01.1.3	malaria	الملاريا	paragraph					…دث من تنظيم الناحيه الشرعيه والدينيه من حياه اليهود في فلسطين وعن التعليم والصحه والشيون الاجتماعيه والسلطه المحليه في البلاد ومجهود اليهود في مكافحه الملاريا في فلسطين . وقدم المجلس ثلاثه ايجات تاريخيه وفي احدها كلام طويل من ازدحام السكان في فلسطين في التاريخ وازدحام اليهود في فلسطين الان وامواج الهجره الي…	2	9	0	open			register admitting, no surge
1946-03-27	difaa	difaa19460327-01.1.3	malaria	الملاريا	page					…بات اجتمع ممثلو دواير الصحه المناطق يافا وغزه والرمله واقضيتها مع ممثلي السلطات العسكريه في مكتب دايره صحه الرمله وبحثوا الطرق الواجب اتباعها لمقاومه الملاريا وبعد انقضاض الاجتماع توجه رييس اطباء اللواء مع طبيب دايره صحه الرمله الي وادي حنين…							
1946-04-11	difaa	difaa19460411-01.1.2	influenza	الانفلونزا	page					…يه وخواصه المنشطه علي وجه لا مثيل له فاسرع في تناول یری POILING WATER & S البوفريل علي الاقل مره في اليوم لك القوه البوفريل الخصوصيه اللازمه المقاومه الانفلونزا 16oz BOVRIL MANUFAL TA'HEM LTD LONDON ENGLAND الموزعون الوحيدون في فلسطين محلات سبني…							
1946-04-15	difaa	difaa19460415-01.1.3	influenza	الانفلونزا	page		y	y		… انني لم اكن لاصل الي هذا الذي ذكر تموه الا بفضل ساير العلماء اخواني ومعاونتهم . واذا اردتم الحق فوزعوا المديح والثناء بالعدل علي الجميع . للوقايه من الانفلونزا اخذ الاطباء في مستشفيات اميركا يطعمون ضد الاصابه بالانفلونزا مقابل جنيه فلسطيني للتطعيم ، وقد ثبت ان نسبه النجاح تبلغ ٧٥ الوقايه من الانفلونزا المفره .. خاص بالمراه تبين للدكتور غوردون روز نبلوم ، من الجمعيه الطبيه الاميركيه، انه من الخير للامهات ان ينهضن من السرير في اقرب وقت بعد الوضع، في …							
1946-05-07	difaa	difaa19460507-01.1.3	typhoid	التيفوييد	paragraph					…ولي علي تقرير اللجنه المشيومه وفي الثانيه يءيدون اللجنه العربيه العليا علي موقفبا من هذا التقرير طعمت دايره الصحه بيافا طلاب پانا المدرسه العامريه ضد التيفوييد والامراض الساريه الاخري . صدم القطار خميس علي الشوا من يافا وعمره ٣٢ سنه عندما كان يسير بسيارته بمحطه بنيامينا ، واضيب من جراء ذلك بجراح خطره اذت الي…	9	35	0	open			register admitting, no surge
1946-05-12	difaa	difaa19460512-01.1.3	typhoid	التيفوييد	page			y		…نه هو عشره الاف جنيه فيكون مجموع نفقات انشاء المدرسه والنزل و الارض ٥٢ الف جنيه وهذا علي ما اعتقد هو اعلي رقم كلفت به مدينه اخري في فلسطين . تفشي مرض التيفوييد في القضاء بكثره مريعه واخذت العدوي تنتشر في المدينه بصوره تجب مدار كنها . ولهذا نامل من دايره الصحه ان تيسر لسكان المدينه تلقيحهم ضد المرض المذكور با…							
1946-05-16	difaa	difaa19460516-01.1.3	typhoid	التيفوييد	page					…ت عده مسايل . اخري لالالالالالالالالا لا لا لا الا الالوان اداريه بالانتخابات السابقه لقحت دايره في المدينه اليومين الماضيين طلاب المدارس الاميريه ضد التيفوييد والامراض الساريه الاخري ولم يتمكن التلاميذ من متابعه دروسهم واقفلت . المدارس ابوابها جدد بوليس المنشيه امس توقیف هر من تسفي برزنت و نسيم صموييل عنابي…							
1946-06-12	difaa	difaa19460612-01.1.3	plague	بالطاعون	page			y		…اصابه بالطاعون في يافا…							
1946-06-12	difaa	difaa19460612-01.1.3	plague	الطاعون	page		y	y		…يافا - نقلت الي مستشفي الحكومه للامراض الساريه علي طريق ملبس وصفيه حسن اسماعيل السكن من المنشيه العليا وعمرها ١١ سنه مصابه بمرض الطاعون ، وقد اتخذت دايره الصحه بيافا كافه الاحتياطات اللازمه لوقايه سكان تلك المنطقه…							
1946-06-27	difaa	difaa19460627-01.1.3	typhoid	التيفوييد	window		y	y		…مخصصه للقايمين علي امر ۱۸ كنيسه ثم توقفت عن عرضها مءخرا الامر الذي تلفت اليه انظر المسيولين. قررت اداره الصحه بحيفا القيام محمله واسعه النطاق لمكافحه التيفوييد و تعاميم السكان ضده ، واعدت لهذه الغايه عده مراكز مختلفه في مستشفي الحكومه ومركز رعايه الطفل بالحي الشرقي والمستوصف الاسلامي والمستوصف الاهلي في مجلس…	34	1	4	open			register admitting, no surge
1946-06-30	difaa	difaa19460630-01.1.3	smallpox	الجدري	page			y		… جده البحري ه) وستنمر بطاقات الحجاج بنمر الافواج التي سجلوا فيها وستمنع اسبقيه السفر في السفن في الذهاب والاياب بموجب هذه النمر . ٦) وسيطعم الحجاج ضد الجدري ويلقحون ضد الكوليرا للمره الاولي يوم تسجيلهم اما تلقيحهم للمره الثانيه فسيكون في اليوم الذي يحدده لهم طبيب الصحه للمسءول عن التسجيل .…							
1946-06-30	difaa	difaa19460630-01.1.3	cholera	الكوليرا	page			y		…نمر بطاقات الحجاج بنمر الافواج التي سجلوا فيها وستمنع اسبقيه السفر في السفن في الذهاب والاياب بموجب هذه النمر . ٦) وسيطعم الحجاج ضد الجدري ويلقحون ضد الكوليرا للمره الاولي يوم تسجيلهم اما تلقيحهم للمره الثانيه فسيكون في اليوم الذي يحدده لهم طبيب الصحه للمسءول عن التسجيل .…							
1946-07-25	difaa	difaa19460725-01.1.2	malaria	الملاريا	page					…ليليه علي الاميين ، واتفقوا مع اطباء دايره الصبحه بالرهبه علي التعاون معهم في مكافحه الملاريا المتوطنه والقضاء علي اسبابها ، وذلك بتجفيف مياه الجداول الصغيره التي تولد البعوض ، وسيبداون جمله مقاومه للملاريا بتجفيف المياه الواقعه في اراضي اللطرون…							
1946-08-05	difaa	difaa19460805-01.1.3	typhoid	التيفوييد	paragraph					…ل علي نجاح مكافحه هذا المرض الخطر الذي كان يهدد الصحه العامه قبل عده اسابيع و وقعت خلاله اصابتان بالتفوييد بيافا و واحده في القضاء وحادثتان بمرض « ير التيفوييد » بيافا وواحده في القضاء ايضا .. ولم يتوف احد من الانابين بهذه الامراض خلال الشهر كله مطلوب مدير مطلوب مدير لاداره قسم استيراد لوازم الصيدليات والمست…	27	0	3	absent			no-register-coverage
1946-08-06	difaa	difaa19460806-01.1.3	malaria	لمالاريا	page					…علي التصدير . مءخرا الي ان تتحسن الاسعار هناك قام نايب رييس اطباء اللواء امس بجوله تفتيشيه في منطقه الرمله يرافقه طبيب صحه القضاء الي حيث تجري مكافحه لمالاريا في الجهه الشرقيه من مدينه الرمله وقد اجتمع نايب رييس الاطباء بمساعد حاكم اللواء هناك وبحث معه زياده اعمال المكافحه في تلك الجهه . تقوم هييه اداره الا…							
1946-08-07	difaa	difaa19460807-01.1.3	malaria	والملاريا	page					…من وادي القرم واصبح السكان في القري الواقعه علي ضفاف الوادي يستفيدون من تنظيم مجري الماء بعد ان كانت ضايعه وكانت في اكثر المناطق الواطيه مرتعا للبعوض والملاريا وانتشار الامراض بين هذه المحلات . باشرت دايره الصحه في تسجيل الحجاج اعتبارا من اول اب الجاري وهي تلفت انظار الراغبين في تاديه فريضه الحج ان يسجلوا اس…							
1946-09-08	difaa	difaa19460908-01.1.3	typhoid	تيفوييد	page			y		… يافا خلال شهر اب الماضي كان ٣١٦ وفي القضاء ١٤٥ . اما عدد الوفيات في المدينه خلال للمبتتها فكان ١٤٣ حادثه وفي النشاء ٤٧ ووقعت في الشهر الماضي ٤ حوادث تيفوييد في يافا وحادثه في القضاء ومات المصاب بها ووقعت حادثتان بالحمي الراجعه في صرفند ومات للمصابان واحدها سوزي ...…							
1946-09-22	difaa	difaa19460922-01.1.2	influenza	الانفلونزا	page					…الامير سيف الاسلام | شم و 1. لندن - وامع - اعتكف سمو الامير سيف الاسلام يحي في احد مصحات لندن 3 علي اثر اصابته بالبلهارسيا و الانفلونزا ولكن صحته اخذه في التقدم وكان قبل مرضه بين الدعوين الي حفله الاستقبال التي اقامها و الامير فيصل يوم الثلاثاء الماضي وظل قبل ذلك يشترك امام سمو الامير…							
1946-09-27	difaa	difaa19460927-01.1.3	diphtheria	الدفتيريا	page			y		…حادث • هيفا اجتمعت لجنه للعارف الاسلاميه في منزل السيد احمد الخليل واتخذت بعض مقررات تقضي بالعمل علي رفع مستوي مدارسها ، کا قررت تطعيم طلابها عند مرض الدفتيريا » اعتقل البوليس محتالا اسمه ابراهيم خليل محمل معه شيكات مزوره وجواز سفر ليس له ، و بعد التفتيش وجد هنده اله كاتبه والبوليس يحقق لمعرفه شركاء هذا الشخ…							
1946-10-17	difaa	difaa19461017-01.1.3	diphtheria	الدفتيريا	window		y	y		…ي في جميه البيان الخيمه برياسه الماس او فليفي مفتشه دايره بشءون العمل وحضور اعضاء المجلس وجري النجب في مسايل اداريه تتعلق بالعمل والعمال مكافحه مرض ( الدفتيريا ( محيفا حيفا - يبذل المسيولون في مستشفي الحكومه ودايره الصفحه مجهودا حسنه للقضاء علي مرض الدفتيريا ، وقد قادر للمستشفي امس ١٤ شخصا ممن اصيبوا بهذا المرض . و بقي فيه ثمانيه اشخاص فقط . اعلان لدي محكمه صلح القدس في القضيه رقم ١٦٥١-٤٦ حقوق ما بين المد…	0	1	0	absent			no-register-coverage
1946-10-23	difaa	difaa19461023-01.1.2	cholera	بالكوليرا	window		y	y		…جاء نا من مدير الخدمات الطبيه ان البيانات التي ظهرت مءخرا في الصحف المحليه بوقوع . حادث وفاه من جراء اصابه بالكوليرا وان سته قرويين قد اصيبوا بهذا المرض ونقلوا الي المستشفي الحكومي في صفد هي بيانات غير صحيحه نشرها اشخاص غير رسميين ، اذ لم تقع في فلسطين اي اصابه بالكوليرا منذ ۱۹۲۱ اما الحادث المذكور فسببه تسمتم في الاطعمه . وساطه لاطلاق معتقلي اللطرون ! تقول «ها بوكر ان رييس مجلس الطايفه اليهوديه في حيفا زار امس السكرت…	0	0	0	absent			no-register-coverage
1946-11-21	difaa	difaa19461121-01.1.3	malaria	والملاريا	page					…علاجان للسل والملاريا في نبا من لندن انه عرض في المعرض الطبي الذي افتتح اول امس في العاصمه البريطانيه العلاج الذي يرجي ان يكون الدواء الناجع المرضي السل وهو علاج ال « ستر بتوسين ع ووصف بانه « الشقيق الاصفر للبنسلين » ويجري الان انتاجه علي مدي واسع . وبين المعروضات الطبيه الهامه الاخري علاج «البالودرين » الناجع في حمي الملاريا والذي اكتشف بسبب قله الكينا ، قضيه سندات الحكومه المزوره القدس - نظرت المحكمه المركزيه يوم امس - الاربعاء - في قضيه اليهودي البوم كالمان من سكان میشو…							
1946-11-24	difaa	difaa19461124-01.1.3	smallpox	الجدري	page			y		…لديه والدكتور كامل عيد بالكشف علي بيت السيد عبد القادر مطور لاتخاذه دايره للصحه في المدينه ، وقدو وفق علي اختياره . ستقوم دايره الصحه بالتطعيم ضد مرض الجدري في يومي الجمعه والاحد من كل اسبوع وتراجع الدايره المذكوره بخصوص الحصول علي شهادات المواليد في كل يوم اثنين واربعاء.…							
1946-11-24	difaa	difaa19461124-01.1.3	diphtheria	الدفتريا	page					…طرق محاربه الدفتريا…							
1946-11-24	difaa	difaa19461124-01.1.3	diphtheria	الدفتريا	page			y		…: تلقينا من مديريه الصحه العامه في شرق الاردن بلاغا تقول فيه ان وجود جراثيم الدفتريا «الخناق» في الانف والبلعوم لا يدل علي اصابه الشخص بهذا المرض ما لم توجد اعراض تدل علي ذلك . وقد ثبت لدايره الصحه بصوره عمليه انه يمكن معالجه حاملي هذه الجراث…							
1946-11-27	difaa	difaa19461127-01.1.3	influenza	والانفلونزا	page			y		…نت لديه صيدليه للبيع فليخابر تحريريا خليل يوسف عابدين في الخليل او تلفونيا رقم ٢٢١ او ٢٣٠ في الخليل ايضا 252 P بابات البرد ضرب ضرب بع ان اصابات البرد والانفلونزا. تاتي كالاعن من حيث لاتدري في تقريبا بلا تميز ويغير نظر الي القميه العمل الذي يقوم به المصاب. علي انه لم تعد تمه حاجه اليوم الي ملازمه الفراش - لان مفعول واسيرو الربع يقضي علي البرد والانفلونزا في اول اطوارهما. وفضلا عن ذلك فان الحيره يجنبك الانزعاج ويمنع المضاعفات. فاعن عند اول علاقه من علامات وجع الزور بالفرفره بقرص اسيرك مذابا في قليل من الماء. THAT فهكذا تشعر براحته سريعه وتمنع انتشار الجراثيم، اما اذا كنت العلاج الحاكم عرفه الحمي البريد او الانفلونزا فان اسيره مصحوبا بشراب ساخن يجعلك تشعر يتجسس في الحال وسرعان ما دير وو دماغك وتزول الالام من ركبتيك . وفي الصباح تكون قد توفر وقتك شفيت تماما. وبديهي انك تعلم الان ما يجب عمله عند اول عارض من اعراض البرد او الانفلونزا. ومالك هي ويجنبك الارق اسبيرو غرغره من امير وانزيل الام الزور: حضر لزيارتي شقيقي فوجدي مريضا بالتهاب الحاق واللوزتين والزور فاشار علي باستعمال اسبر و…							
1946-11-28	difaa	difaa19461128-01.1.1	influenza	بالانفلونزا	page			y		"… ، بعد فوز حكومه "" صدقي بثقه مجلس النواب، بان لا يتاخر استيناف المفاوضات . واكثريه وفد المفاوضات البريطاني في لندن الان الا ان السر رونالد كامبل مصاب بالانفلونزا والمستر يفن لا يزال في نيويورك…"							
1946-12-03	difaa	difaa19461203-01.1.4	malaria	الملاريا	page					… وقد وجهت الدعوه الي سفراء الدول لحضور المءتمر الصهيوني ولكن السفير البريطاني سيكون بالاجازه وقد يحضر بدلا منه احد موظفي السفاره . اجتماع خاص بمقاومه الملاريا الرمله - عقد امس اجتماع في دايره الصحه حضره من الجيش ضابطان كبيران ، ومثل دواير الصحه الاطباء الساده زامي حداد وكيل رييس اطباء اللواء والحاج طاهر الخ…							
1946-12-03	difaa	difaa19461203-01.1.4	malaria	الملاريا	page					…ه وكامل عيد طبيبا الرمله واللد والدكتور کننده طبيب قري قضاء القدس ومهندس داره الصحه العامه السيد ميشيل سماحه ، وبحثوا الوسايل الواجب اتباعها المقاومه الملاريا بالتعاون بين السلطات العسكريه ودايره الصحه قاتفقوا علي الترتيبات اللازمه . شيون العمال الله قام امس السيد عامر الصادق المسيول عن مكتب التوظيف في جمعي…							
1946-12-04	difaa	difaa19461204-01.1.1	influenza	الزكام	page				y	…( الزكام ) في البلاد كلها و تعطل الاف العمال ل | . في المصانع التي تعتمد في عملها علي الفحم وقد ختمت حكومه الولايات المتحده ، بوصفها فريق مدعي في القضيه المرف…							
1946-12-22	difaa	difaa19461222-01.1.3	typhus	التيفوس	paragraph			y		…يس الان في قضيه اختفاء سلمان محمد الغمري من قريه جولس - قضاء المجدل الذي نادر منزله منذ ۱۹ نيسان الماضي ولم يعد اليه حتي الان وذكر انه كان مصابا بمرض التيفوس وان دايره الصحه في المجدل تولت معالجته وتطهير منزله من هذا المرض المعدي . وقد نشرنا نبا اختفايه وحتي وقت قريب لم يعرف عن مصيره احد ، الي ان اخبر بعض …	0	0	0	absent			no-register-coverage
1947-01-19	difaa	difaa19470119-01.1.3	influenza	زكام	page				y	…اعراض المنيو فهو اعجوبه العلا الحديث ومفخره عظيمه . ١٥ ملا . فرمان امير و في ابعد ملال و اقدم اعجابي و شكري لمعامل اسبر و الكبيره ٢٧ قرضا فلقد اصابني زكام شديد اعقبه انفلونزا فاستعملات ماء تكون غزيزه مغيره في ٠ ملا اقراص اسبرو فكانت بلسما لمرضي وشقاء لالمي المعابد النور والخلف والقرطبي اللوزين فجزاكم الله عن الانسانيه خير …							
1947-02-12	difaa	difaa19470212-01.1.3	typhoid	التيفوييد	page			y		…انشات دايره الصحه بيافا مركزا جديدا التطعيم الجمهور ضد الامراض الساريه . وعلي الاخص التيفوييد و يقع في عماره السراي القديمه.…							
1947-03-18	difaa	difaa19470318-01.1.3	malaria	الملاريا	window					…رت الجمعيه امس صلها بين بعض للتخاصمين ، و تستعد للاحتفال بعيد الجامعه العربيه وستمان عن برنامج الاحتفال غدا ... تبذل دايره الصحه جهودا كبيره المقاومه الملاريا في اللواء ، وقد باشرت العمل منذ اسبوعين في اماكن عديده التجفيف المستنقعات وسيعقد اليوم - الثلاثاء - اجتماع بين سلطات الجيش وعدد كبير من موظفي دايره الصحه لبحث و تنسيق الاعمال للمشتركه لمقاومه للملاريا. وعرف ان مثل هذه الترتيبات ° تتخذ الان في الاقضيه الاخري ارسل السيد نور الدين الخطيب رييس الاتحاد العربي بحيفا ، كتابا الي فخامه المندوب بشان الاحكام…	0	11	0	absent			no-register-coverage
1947-03-20	difaa	difaa19470320-01.1.3	typhoid	التيفوييد	page			y		…يه موظفي الحكومه الدرجه الثانيه . وقد همم هذا الطلب علي جميع المدارس الاميريه في البلاد بدات امس دايره الصحه بالرمله في تطعيم اهالي القضاء والطلاب ضد التيفوييد باشر امس مكتب توظيف العمال التا بع الجمعيه العمال العربيه بالد اعماله . وانهي مراجعات مع لمسيولين بالمعسكرات ، تلفت نظر العمال العاطلين عن العمل بان …							
1947-03-27	difaa	difaa19470327-01.1.3	measles	الحصب	paragraph			y		…ه والتي باشراف دايره المعارف ١٧ مما يدل علي رغبه السكان في مكافحه الاميه . وقد عرفت ان المبلغ الذي ارصد لبناء بستان اطفال ١٥٠٠ جنيه عاد من مخفر بوليس الحصب مساعد حاكم الاراء ورييس البلديه السيد شفيق مشتهي بعد ان تفقد احاله لمياء للموجوده هناك. انتهت امس لمزاوده علي رسوم طولكرم سوق الحيوانات والحسبه علي ا…	0	2	0	absent			no-register-coverage
1947-04-01	difaa	difaa19470401-01.1.3	influenza	والانفلونزا	page					…خلاص سريع قشعريره الشتاء P 285 والانفلونزا . وارتفاع الحراره تخلص من الحراره وهكذا تتخلص من القشعريره. لهذا هو ) كيفيه الاستعمال داخل العلبه سر نجاح الاسمر في مكافحه هالات ارتفاع الحراره . انه…							
1947-04-01	difaa	difaa19470401-01.1.3	influenza	والانفلونزا	page					…ليه اقراص اميرو النحويه ويعيدها سريعا الي حالتها الطبيعيه فتشعر بالراحه في الحالي. تزيل سريعا الصراع والدارم العصبيه والخير الحياه الروماترم والشرمات والانفلونزا الخ .. كما انه يمنع تفاقمه اعراض البرد او الانفلونزا. ويزيل ادماء منح بمعامل اسیر و يمتد العيون والعطس وخشونه الزور . قد قرصين او ثلاثه. ملاء بانجلترا AP من اسود مع شراب ساف عند النوم وستشعر بانك ) في خ…							
1947-04-25	difaa	difaa19470425-01.1.3	malaria	الملاريا	paragraph					…الدكتور جورج ايوب مساعد رييس اطباء اللواء يرافقه الدكتور عادل نسيبه بجوله تفتيشيه علي وادي الملاط في النعاجه للوقوف علي مشروع تجفيف لمستنقعات لمكافحه الملاريا . تقرر اجراء انتخاب هييه اداريه جديده جمعيه القديس جاورجيوس الخيريه باللد ، يوم ۱۱ ايار القام. وستشرف علي الانتخابات الجنه برياسه قايمقام المدينه الس…	2	13	0	open			register admitting, no surge
1947-05-06	difaa	difaa19470506-01.1.2	malaria	الملاريا	paragraph					…كري عيد الشهداء للجمهوريتين السوريه واللبنانيه، ولهذه المناسيه تعطل قنصليتا سوريا ولبنان اعمالها طيله اليوم . اجتماع رءساء الاطباء و بحث وسايل مكافحه الملاريا الرمله - عقد امس اجتماع في دايره الصحه حضره رييس اطباء اللواء الجنوبي ورييس الاطباء بلواء البلد واطباء دواير الصحه في الرمله واللد والمجدل ومهندس دايره الصحه العامه بالقدس وسبعه ضباط من الجيش ، ودار البحث حول انجع الطرق لمكافحه الملاريا في الوايي اللد والجنوب : ودام الاجتماع ثلاث ساعات . مراقبه المسافرين علي الطرق الرمله - اصدرت رياسه البوليس العامه بالقدس تعليمات الي جميع دوريات الب…	5	10	0	open			register admitting, no surge
1947-05-29	difaa	difaa19470529-01.1.3	diphtheria	دفتري	page					…فقد دفتر انا عثمان صادق النمري من القدس اعلن انه فقد مني يوم الجمعه الماضي دفتري الخاص وفيه ايصالات وقيودات خاصه لا تلزم لاحد الرجاء ممن يجده ان يعيده لي او الي وكاله هذه الجريده وله مكافاه .…							
1947-06-04	difaa	difaa19470604-01.1.2	typhoid	التيفوييد	page		y	y		…قل اليهودي شتوتلند الذي جرح في حادث ليله امس، فوجدوا مدير بوليس تل ابيب يشرف بنفسه علي حراسه الجريح فنقلوه الي مستشفي الحكومه بيافا . اصابه جنود عمرض التيفوييد الرمله - اصيب سبعه جنود بريطانيين من سكنه حجازي الواقعه بجوار المستشفي البلدي، وقد توفي اثنان منهم وضرب علي لمنطقه الحجر الصحي : ولهذا تاخرت السلطات …							
1947-06-06	difaa	difaa19470606-01.1.2	malaria	الملاريا	window		y	y		…بريطاني في البلاد. واستمرت اللمناقشه مده طويله تبو دلت خلالها الحجج والبراهين لتاييد القضيه العربيه. وبعد تناول الشاي انتهي الاجتماع . اجتماع لمكافحه الملاريا الرمله - عقد امس اجتماع لمكافحه الملاريا في دايره الصحه حضره مساعد رييس الاطباء في اللواء الدكتور ايوب وكبير مهندسي دايره الصحه بالقدس و بعض اطباء الصحه في القدس والمجدل والرمله وتل ابيب، وسته من ضباط الجيش ومفتش الملاريا في قضاء الرمله . انتحار کونستابل بریطانی حيفا - نقلت الي مستشفي الحكومه بحيفا جنه الكونستابل البريطاني باتريك مايكل وعمره ١٩ سنه للتشريح ، بعد ان انت…	15	0	0	open			register admitting, no surge
1947-06-06	difaa	difaa19470606-01.1.2	typhoid	التيفوييد	paragraph		y	y		… . تصاريح دخول مطار اللد الرمله - اخذت السلطات المشرفه علي مطار الله تصدر اذونات خاصه عند مدخل المطار للاشخاص الذين يرغبون الدخول اليه . ١٥ اصابه عرض التيفوييد . الرمله - نقل امس ١٥ شخصا من سكنه حجازي الي المستشفي العسكري يعرفند لاصابتهم بمرض التفوييد . مهاجمه سياره يقودها هودي پانا اطلق مجهولون في الساعه ال…	12	1	0	open			register admitting, no surge
1947-06-25	difaa	difaa19470625-01.1.3	typhus	التيفوس	page					…صيف علي الابواب الذباب ، البعوض ، وغير ذلك من الحشرات الكريهه التي تزعج راحتك والتي تفسد الاكل والشراب وتجعل صحتك بخطر بواسطه نقلها جراثيم الملاريا ، التيفوس ، الطاعون والاسهال الشديد وحتي امراض العيون الخ .. اهلك عدوك رقم باستعمال نیوسید مبيد الحشرات الفعال ، الذي يصنع محليا تحت اشراف مخترع دي دي. تي .DD.…							
1947-06-25	difaa	difaa19470625-01.1.3	malaria	الملاريا	page					…S VERMIN الصيف علي الابواب الذباب ، البعوض ، وغير ذلك من الحشرات الكريهه التي تزعج راحتك والتي تفسد الاكل والشراب وتجعل صحتك بخطر بواسطه نقلها جراثيم الملاريا ، التيفوس ، الطاعون والاسهال الشديد وحتي امراض العيون الخ .. اهلك عدوك رقم باستعمال نیوسید مبيد الحشرات الفعال ، الذي يصنع محليا تحت اشراف مخترع دي د…							
1947-06-25	difaa	difaa19470625-01.1.3	plague	الطاعون	page					…ابواب الذباب ، البعوض ، وغير ذلك من الحشرات الكريهه التي تزعج راحتك والتي تفسد الاكل والشراب وتجعل صحتك بخطر بواسطه نقلها جراثيم الملاريا ، التيفوس ، الطاعون والاسهال الشديد وحتي امراض العيون الخ .. اهلك عدوك رقم باستعمال نیوسید مبيد الحشرات الفعال ، الذي يصنع محليا تحت اشراف مخترع دي دي. تي .DD.T فقط يحتو…							
1947-07-04	difaa	difaa19470704-01.1.3	malaria	الملاريا	page					…لصيفيه المدرسه مفا | فريد عوده توزيع الشهادات علي الطالبات مار يوحنا الانجيليه وسيتولي القسيس والطلاب بعد ظهر اليوم . عقد امس الاجتماع الشهري لمكافحه الملاريا في اللواء حضره اطباء الصحه الرحله في القدس والرمله والمجدل و سبعه من ضباط الجيش ومفتش الملاريا في اللواء . ودام ثلاث ساعات ، دار البحث خلالها حول انجع الطرق لمكافحه الملاريا في لوايي الله وغزه . من القرارات التي اتخذت في اجتماع انديه وجمعيات الرمله بمقر جمعيه العمال ممثلي العربيه الفلسطينيه ما بلي: ١- دفع كتاب الي دواير ا…							
1947-07-06	difaa	difaa19470706-01.1.2	plague	الطاعون	page					…يتجمد تند و با امر فاع» عن وسايل مكافحه الطاعون…							
1947-07-06	difaa	difaa19470706-01.1.2	plague	الطاعون	window			y		…حيفا - قابل مندوب « الدفاع » امس مساعد رييس اطباء اللواء الدكتور ابراهيم بابتيم، للاستفسار عن الاجراءات التي اتخذت لمكافحه وباء الطاعون الذي ظهر بحيفا بصوره مريعه فذكر ما يلي : علي الصحافه مساعدتنا في حملتنا ضد هذا الطاعون وان تشترك معنا في حمايه السكان منه، بعد ظهوره بسرعه، وبصوره غير منتظره واضاف ان عدد الاصابات حتي امس السبت بلغ عشر اصابات وقد توفي المصاب الاول - ا و…	0	0	0	absent			no-register-coverage
1947-07-06	difaa	difaa19470706-01.1.2	plague	الطاعون	paragraph		y	y		…دواير الصحه والبلديه والجيش ، لانجاح الخطط التي اتخذت المحاربه الطاعون . والاجراءات التي اتخذت هي : ١ - عزل المصابين الذين في المستشفي ومعالجتهم ٢- تطعيم ذوي للصا بين ممن اختلطوا بهم وتبخير اجسامهم ومنازلهم -٣- تعيين ست …	0	0	0	absent			no-register-coverage
1947-07-06	difaa	difaa19470706-01.1.2	plague	الطاعون	paragraph					…ا بالاتصال بها حالا عند العثور علي الجرذان الميته في اي مكان كما، ترجو هم عدم الاقتراب منها . وفيها بلي حدود المناطق الست التي تعمل فيها وحدات مقاومه الطاعون : المنطقه الاولي : تبدا من شارع الخطيب الي مقهي ادوار ، ومنها الي مقهي ادمون فشارع يافا حتي مدرسه . الغرير فشارع اللي . المنطقه الثانيه : تبدا من دار…	0	0	0	absent			no-register-coverage
1947-07-07	difaa	difaa19470707-01.1.2	plague	الطاعون	window		y	y		… سجن عكا المركزي صباح امس، وقابلت اخاها مده نصف ساعه في غرفه المحكومين بالاعدام، وتحدثت اليه ثم سافرت الي القدس للسعي لدي السلطات اتخفيض الحكم اصابات الطاعون بحيفا حيفا - ادخل الي المستشفي امس ثلاثه اشخاص لاصابتهم بالطاعون ، بينهم يهوديان وبهذا يكون عدد المصابين ١٣ مصادره بطيخ حيفا - ضبطت قوه بوليس الحدود اللبنانيه . الفلسطينيه ٤٦ جملا تحمل بطيخا بطريقها الي لبنان وقد ب…	0	0	0	absent			no-register-coverage
1947-07-09	difaa	difaa19470709-01.1.3	typhus	التيفوس	page					…لصيف علي الابواب الذباب ، البعوض ، وغير ذلك من الحشرات الكريهه التي تزعج راحتك والتي تسد الاكل والشراب وتجعل صحتك بخطر بواسطه نقلها جراثيم الملاريا ، التيفوس ، الطاعون والاسهال الشديد وحتي امراض العيون الخ... اهلك عدوك رقم باستعمال نیوسید مبيد الحشرات الفعال، الذي يصنع محليا تحت اشراف مخترع دي. دي تي DD.T …							
1947-07-09	difaa	difaa19470709-01.1.3	malaria	الملاريا	page					…YS VERMIN الصيف علي الابواب الذباب ، البعوض ، وغير ذلك من الحشرات الكريهه التي تزعج راحتك والتي تسد الاكل والشراب وتجعل صحتك بخطر بواسطه نقلها جراثيم الملاريا ، التيفوس ، الطاعون والاسهال الشديد وحتي امراض العيون الخ... اهلك عدوك رقم باستعمال نیوسید مبيد الحشرات الفعال، الذي يصنع محليا تحت اشراف مخترع دي. د…							
1947-07-09	difaa	difaa19470709-01.1.3	plague	الطاعون	page					…لابواب الذباب ، البعوض ، وغير ذلك من الحشرات الكريهه التي تزعج راحتك والتي تسد الاكل والشراب وتجعل صحتك بخطر بواسطه نقلها جراثيم الملاريا ، التيفوس ، الطاعون والاسهال الشديد وحتي امراض العيون الخ... اهلك عدوك رقم باستعمال نیوسید مبيد الحشرات الفعال، الذي يصنع محليا تحت اشراف مخترع دي. دي تي DD.T النيوسيد ف…							
1947-07-10	difaa	difaa19470710-01.1.2	plague	الطاعون	window			y		… وحيفا علي اربعه الاف و بافقان و منها من الي حوالي ار و الحالات الت جنوان سفر للمصطافين الفلسطينيين، واتخذت القنصليات - ترتيبات جديده لمنع انتشار مرض الطاعون في القطر الشقيق ، ويطلب الي الذين يودون الاصطياف ابر از شهادات التطعيم ضد الطاعون. التغذيه عطله المدارس مشروع تبتديء العطله الصيفيه اليوم - الخميس في مدارس الاوقاف التابعه للمجلس الاسلامي الاعلي . ولهذا يتوقف مشروع التغذيه عن تقديم…	0	0	0	absent			no-register-coverage
1947-07-10	difaa	difaa19470710-01.1.2	plague	الطاعون	window					…فن المهربين اليهود تسبب الفشار الطاعون بحيفا…	0	0	0	absent			no-register-coverage
1947-07-10	difaa	difaa19470710-01.1.2	plague	الطاعون	window			y		…تكاتف الجهود للقضاء علي الوباء وج حيفا - لم تقع اصابات جديده بمرض الطاعون ، و يقبل الجمهور علي عمليات التطعيم في المراكز الصحيه ، ويشكو الاطباء للاخر دايره الصحه بتسليمهم الامصال الوافيه الكافيه ، ولا تزال فرق الجيش والصحه …	0	0	0	absent			no-register-coverage
1947-07-10	difaa	difaa19470710-01.1.2	plague	الطاعون	window			y		…صه تقع تحت المصيده ، التي تفتح بعد ذلك وتصبح مستعده لاستقبال فار اخر . وجاء من لندن ان بعض الصحف البريطانيه اعلنت ان سفن المهربين اليهود، سببت انتشار الطاعون بحيفا ، وانها نقلته معها الي هذه المدينه الامنه. وقالت جريده نيوز كرونكل ان الطاعون انتشر في حيفا ، لميناء التي يصل اليها معظم المهربين اليهود ، وذكرت جريده الديلي ميل ان سفينه المهربين « اقبال » قد نقلت الطاعون معها حجز ١٤ سفينه وجاء من المدن ان السلطات البريطانيه اتخذت تدابير صارمه ضد ١٤ سفينه ابحرت من حيفا في طريقها الي الموانيء البريطانيه ، لثلا تحمل الطاعون معها ، وقد تقرر حجزها خارج الموانيء وتطهيرها .…	0	0	0	absent			no-register-coverage
1947-07-10	difaa	difaa19470710-01.1.2	plague	الطاعون	window					…الرمله اشيع ان سلاح الجو الملكي سيعود الي مطار اللد بعد ان تبين ان مطار عاقر لا . في محاجته احتياطات وقاييه ضد الطاعون الاسكندريه وماع - علي اثر انتشار الطاعون في حيفا اتخذت اجراءات وقاييه في مءانيء الاسكندريه وبور سعيد والقنطره والاسماعيليه . وصول ۷ الاف طن شعير وصلت الي ميناء حيفا سفينه بريطانيه تحمل سبعه …	0	0	0	absent			no-register-coverage
1947-07-14	difaa	difaa19470714-01.1.2	plague	الطاعون	page					…اف التربه ٦٠٠ متر ، والوديان التي طرت بواسطه التراكتورات و الفين متر ، وقام فريق كبير من مزارعي القري المجاوره بمشاهده هذه العمليات . تدامر وقاييه ضد الطاعون بيافا اتخذت بلديه يافا بالتعاون مع دايره الصحه تدابير وقاييه ضد الطاعون في عده جهات من ا المدينه ، وقد استلمت البلديه كيات كبيره من مواد التطهير لرشها في بعض الازقه وفي المجاري والاحياء اليهوديه حفله محطه الشرق الادني ) ي…							
1947-07-14	difaa	difaa19470714-01.1.2	plague	الطاعون	page			y		…تدابير السلطات لمواجهه وباء الطاعون…							
1947-07-14	difaa	difaa19470714-01.1.2	plague	بالطاعون	window			y		…لم تقع في خلال الايام الخمسه الماضيه ايه اصابه اخري بالطاعون في حيفا، وان كان الخطر لا يزال قايما، ولكن التدابير السريعه التي اتخذتها دايره الصحه ، خففت من انتشاره وقد استحضرت السلطات كميات جديده من مصل التطعيم من الطاعون يكفي التعميم ٥٠ الف نسمه القدس - جاء نا من القنصليه المكيه العراقيه العامه في القدس البيان التالي : برجي من…	0	0	0	absent			no-register-coverage
1947-07-14	difaa	difaa19470714-01.1.2	plague	الطاعون	page			y		…جميع المسافر بن الي العراق من فلسطين احضار شهاده تطعيم ضد مرض الطاعون مءرخه قبل عشره ايام من تاريخ طلب منح التاشيره . ولم ترد للقنصليه المصريه العامه ايه تعليمات بشان الزام للمسافرين من فلسطين الي القاهره باحضار شهادات طبيه ضد مرض الطاعون ، وقد اشرت امس علي عدد من الجوازات دون مطالبه اصحابها احضار شهادات التطعيم ضد مرض الطاعون . الرمله باشر المحجر الصحي بمطار اللد بتطعيم المسافرين من فلسطين والقادمين اليها، ضد مرض الطاعون . جريده الاتحاد باللغه الانكليزيه علمنا ان عصبه التحرر الوطني في فلسطين تعتزم تنفيذ مشروعها الجديد لاصدار جريده الاتحاد باللغه الانجليزيه للدعايه للق…							
1947-07-18	difaa	difaa19470718-01.1.4	plague	الطاعون	page			y		…قله امصال مقاومه الطاعون يافا - بلغ عدد الذين طعموا ضد مرض الطاعون بدايره الصحه بيافا ممن يرغبون في السفر الي الخارج حتي امس ۸۰۰ شخص وكان بالامكان مضاعفه هذا العدد لو توفرت الامصال الواقيه القدس - بمناسبه اقبال افراد الجمهور علي التطعيم ضد وباء الطاعون ، نفذت كميه الامصال التي لدي دايره الصحه فاوصت هذه علي كميه كبيره من مختبرات الحكومه لاستهلاكها . ضد وباء هذا المرض .…							
1947-07-20	difaa	difaa19470720-01.1.4	malaria	للملاريا	page					…تقول بينهما لا ينكر تاثير ارتفاع مستوي المعيشه علي العرب ، فان الخطا الزعم بان جميع التقدم الذي احرزه من العرب يعود الي تاثير جيرانهم اليهود . مكافحه للملاريا و تتحدث المذكره عن بيانات بشان مكافحه…							
1947-07-20	difaa	difaa19470720-01.1.4	malaria	لملاريا	page					…لملاريا في البلاد ، فكتبت تقول ، في الوقت الذي يعترف فيه بان استيطان اليهود تم بصوره رييسيه في المناطق الموبوءه بالملاريا ، فاز من لواجب التاكيد ان اليهود لم يعمروا سوي نسبه لا تذكر من الاراضي الضحله والمستنقعات اعمال مكافحه وقد قامت الحكومه بجميع الملاريا في المناطق المدنيه . نفقات الاضطرابات وهناك فصل عن نفقات مكافحه الخروج…							
1947-07-21	difaa	difaa19470721-01.1.2	plague	الطاعون	window		y	y		…ي لندن بعد ان اتصل بفخامه سمير باشا الرفاعي رييس الوزاره الاردنيه لموجود حاليا في لبنان وتباحث مع تعافيه في عده شءون تتعلق بالمملكه الاردنيه . امتداد الطاعون الي العفوله واكتشاف ثلاث اصابات بين عمال مطحنه العفوله - اكتشفت امس الاول ثلاث اصابات ، بوباء الطاعون الدرني في العفوله ، وقد نقل المصابون الي مستشفي الحكومه بحيفا . وكان احد المصابين قد نقل منذ خمسه ايام…	0	0	0	absent			no-register-coverage
1947-07-23	difaa	difaa19470723-01.1.4	diphtheria	الخناق	window				y	…باردس حنا في لواء حيفا وفتشت البيوت والبيارات بحثا عن الجنديين المخطوفين من ناثانيا وقد استمر التفتيش ثلاث ساعات واعتقل عدد من اليهود للتحقيق . تضييق الخناق وعرف ان السلطات العسكريه للمسيوله عن منطقه «النمر» في ناثانيا قررت تضييق الخناق علي السكان واغلاق محلات البقاله وان يقوم الجيش بتوزيع الاطعمه علي السكان بالجرايات.…	0	14	0	absent	1947-09-15(peak 22/30d)	-54	no-register-coverage
1947-07-24	difaa	difaa19470724-01.1.2	plague	الطاعون	paragraph		y	y		…مرضات مستشفي القدس القدس - يجري يوم السبت القادم الامتحان النظري والعملي لسبع ممرضات من رييسات وممرضات مستشفي الحكومه بالقدس . الاقبال علي التطعيم ضد الطاعون يافا - كان عدد الذين طعموا امس ضد مرض الطاعون وحصلوا علي شهادات تخولهم السفر الي الخارج من دايره الصحه ۲۰۰ شخص ، و يتهافت الراغبون في السفر علي دايره الصحه باعداد كبيره لهذه الغايه . حركه المواني…	0	0	0	absent			no-register-coverage
1947-07-25	difaa	difaa19470725-01.1.2	plague	الطاعون	window		y	y		…لمركزيه لموظفي الدرجه الثانيه ، لحضور اجتماع يعقد مساء اليوم ، لاعضاء المجلس التنفيذي للموظفين ورييس لجنه حيفا المركزيه لبحث مسيله موظفي السكه الحديد الطاعون بحيفا والعفوله تحسن صحه المصابين وتطهير منطقه العفوله : لم تقع اصابات اخري بالطاعون في حيفا او العقوله خلال ايام الاسبوع ، وقد تماثل الي الشفاء جميع المصابين في مستشفي الحكومه بحيفا ، وينتظر ان يغادروا للمستشفي قريبا وقد تم تطهير منط…	0	0	0	absent			no-register-coverage
1947-07-25	difaa	difaa19470725-01.1.3	plague	الطاعون	paragraph			y		… محطه الجيش اللاسلكيه ظهر امس ان الجندي البريطاني توريز قد هرب من محل اعتقاله في معسكر الخضيره ، حيث كان سجينا وتجري البحث عنه . تدابير سوريا لمكافحه الطاعون دمشق و . ا . ع علي اثر ظهور الطاعون في احدي القري الفلسطينيه القريبه من الحدود السوريه اتخذت السلطات السوريه تدابير للوقايه من شرب الوباء الي الاراضي السوريه و اقفلت الحدود السوريه الفل…	0	0	0	absent			no-register-coverage
1947-07-28	difaa	difaa19470728-01.1.2	plague	الطاعون	window					…اولت بالبحث ايضا القضيه المصريه وعرضها علي مجلس الامن كما بحثت تقديم مذكره الي الدول الخليفه بشان اندونيسيا وصد العدوان عنها . اجراءات سوريا المقاومه الطاعون حيفا - جاء من وزاره الصحه و الاسعاف العامه السوريه الي القنصليه السوريه يحيفا ما يلي : ١ - تفرض الرقابه الطبيه علي القادمين من حيفا الي سوريا اعتبارا…	0	0	0	absent			no-register-coverage
1947-07-28	difaa	difaa19470728-01.1.2	plague	الطاعون	paragraph			y		…المستعمله والحبوب الصادره من حيف المنع تسرب الجرذان الي البلاد السوريه تطعيم عمال المطاحن بيافا طعمت دايره الصحه بيافا عمال المطاحن في المدينه ضد مرض الطاعون مبالغه في الحيطه، ويتردد عليها يوميا عدد كبير من الراغبين في السفر الي الخارج للتطعيم ضد هذا المرض ، واخذ شهادات تخولهم مغادره البلاد ودخول . بلادا ا…	0	0	0	absent			no-register-coverage
1947-07-29	difaa	difaa19470729-01.1.3	plague	الطاعون	window			y		…نتخب الشيخ حسن باير رييسا والساده : احمد منيمنه امينا للسر وسليم محمد سلامه ومحمود احمد غانم ومحمود الطاهر اعضاء . بلديه حيفا - اعلان نظرا لوجود وباء الطاعون في حيفا قررت سلطات الصبحه ما يلي : 1 الاصرار علي تخزين جميع البذور والاغلال والبضايع للمشابهه تخزينا ملاعا بحيث يمنع لاقصي درجه مستطاعه امكان ايجاد م…	0	0	0	absent			no-register-coverage
1947-07-29	difaa	difaa19470729-01.1.3	plague	الطاعون	paragraph					…يه الناجمه وتكون مصدرا لجذب الجرذ . يلفت نظر الجمهور الي انه بالاضافه الي صلاحيات الطواريء المخوله في قانون الصحه العامه رقم ٤٠ لسنه ١٩٤٠ بشان مكافحه الطاعون فان وضع البضايع خارج المحلات المرخصه يكون جرما ولذلك يطلب من جميع التجار ان لا يضعوا بضايعهم الا داخل محلاتهم فقط نرجو من النجار والجمهوران يتعاونوا …	0	0	0	absent			no-register-coverage
1947-07-30	difaa	difaa19470730-01.1.2	plague	الطاعون	page			y		…ابي، للبحت في عدد من الشءون الاجتماعيه . قله الاقبال علي التطعيم بعد اباحه السفر الي لبنان يافا كان عدد الذين تم تطعيمهم لدي دايره الصحه بيافا ضد مرض الطاعون امس ۸۲۵ شخصا ، بغيه الحصول علي شهادات تخولهم السفر الي الخارج، وقد قل الاقبال علي التطعيم بعد ان اعلنت حكومه لبنان انه لا حاجه لذلك وقد بلغ مجموع الذ…							
1947-08-03	difaa	difaa19470803-01.1.2	malaria	الملاريا	page					…شكوي الرسميه التي تقدمت بها حكومه شرق الاردن من ان المصالح العربيه لم تمثل تمثيلا كافيا عند محث طالب الملاحه في الشرق الاوسط . | تنسيق اجراءات مكافحه الملاريا الله - عقد ظهر امس الاول الاجتماع 1 الشهري لمكافحه الملاريا في دايره الصحه بالرمله حفره الدكتور مشعلاني رييس اطباء اللواء ومهندس دايره الصحه السيد مشيل سماحه والدكتور بودسيان طبيب الصحه بالرمله والدكتور عادل نسيبه طبيب الصحه باللد والدكتور عوني النمر طبيب الصحه بقضاء المد والدكتور يكتا بو بولس الي الري ا الرمله نو طبيب القدس والسيد طاهر تج مساعد مفتش الملاريا واربعه من ضباط الجيش ومحتوا وسايل تنسيق اعمال مكافحه للملاريا في اللواء الجنوبي. ازمه المياه في الجنوب بير السبع - تواجه المدينه ازمه شديده في المياه ، وقليل من السكان يستطيع الحصول علي حاجته، ها، بمناسبه الجفاف…							
1947-08-03	difaa	difaa19470803-01.1.2	plague	الطاعون	paragraph			y		…ر الي سوريا بعد الغاء شهادات التطعيم القدس - كثرت الطلبات للمقدمه الي القنصليه السوريه العامه بعد الغاء تكليف المسافرين باحضار شهادات التطعيم ضد وباء الطاعون، وجعل سفرهم الي سوريا حرا كما كان سابقا لجنه مواصلات الجامعه العربيه تاجيل اجتماعها ليوم ٩ الجاري بيروت لمراسل الدفاع الخاص - تاجل موعد اجتماع لجنه ا…	0	0	0	absent			no-register-coverage
1947-08-10	difaa	difaa19470810-01.1.4	plague	الطاعون	page			y		…الغاء قيود السفر الي لبنان القدس - ذكر امس ان الحكومه اللبنانيه الفت قيود السفر التي كانت تتطلب ابراز شهاده رسميه بالتطعيم ضد وباء الطاعون وسيكتفي برش ماده ال در د.ت علي المسافرين عند وصولهم الي الناقوره . الارهاب في فلسطين الاصطياف لبنان واثره في موسم بيروت - و ف رغم ما بذلته الحكومه ال…							
1947-08-11	difaa	difaa19470811-01.1.2	measles	الحصبه	page			y		…احل الفرنسي سيخرجون من البحر الابيض المتوسط عن طريق جبل طارق الي اجهه سيعلن عنها فيما بعد، ويقول بعض الصحفيين ان هذه الجهه في هامبورغ . وقد انتشر مرض الحصبه بين الركاب ، ولن يسمح لهم بالنزول الي البر، الا بعد زوال المرض. وتبذل الوكاله اليهوديه جهودا جباره لمنع البحار السفن الي هامبورغ . وقد قابل وزير ، ال…							
1947-08-12	difaa	difaa19470812-01.1.2	plague	الطاعون	page			y		…يافا - فهم ان السلطات اللبنانيه لازال تطلب الي الراغبين بالسفر الي لبنان ابراز شهادات تطعيم ضد وباء الطاعون الدرني . وذكر ان ما نشرته السلطات الفلسطينيه يوم السبت الماضي عن الغاء التطعيم والاكتفاء برش السيارات عماده د .د .ت . هو تدري خاص ، لا دخل للحكومه ال…							
1947-08-12	difaa	difaa19470812-01.1.2	plague	الطاعون	paragraph			y		…كومه ستنقل الاطفال الذين سمحت بنه لهم من قبرص اما المهربون فانها لن تقدم السفن النقلهم بعد حوادث اتلاف السفن البريطانيه التي نقلت اللهربين . زوال خطر الطاعون بالجماسين يافا - مضت سنه ايام علي وقوع اصابه الطاعون في ه يه الجمانسين وفي راي الاطباء ان المصاب تجاوز منطقه الخطر ، وقد اتخذت دايره الصحه ترتيبات كبيره لمنع انتشار هذا الوباء واتخذت الاحتياطات لمقاومه …	0	0	0	absent			no-register-coverage
1947-08-12	difaa	difaa19470812-01.1.2	diphtheria	الدفتيريا	page					…مرض الدفتيريا الخطير…							
1947-08-12	difaa	difaa19470812-01.1.2	diphtheria	الدفتيريا	window		y	y		…تعليمات للسكان في حيفا حيفا - ادخل امس الي مستشفي الحكومه طفلان مصابان معرض الدفتيريا ، وبلغ مجموع الاصابات سنا . وقد وزعت دايره الصحه الامصال الواقيه مجانا علي بعض اطباء للمدينه كما يقوم موظفوها بعمليات التطعيم ولماءسف ان الدايره لاتز…	0	24	0	absent	1947-09-15(peak 22/30d)	-34	no-register-coverage
1947-08-14	difaa	difaa19470814-01.1.2	plague	الطاعون	other:Beisan	Beisan				…سجلوا اسماء هم لاداء فريضه الحج هذا العام ۱۳۲ شخصا للدرجات الثلاث ، وينتظر ان يزداد الاقبال علي التسجيل عقب عيد الفطر المبارك وطعم ۸۲ شخصا امس ضد مرض الطاعون . في القدس القدس - بلغ عدد الحجاج الذين سجلوا اسماءهم في جميع المدن ۱۰۰۸ هجاج : وهم ۹۱۳ في الدرجه الثالثه و ۷۱ في الدرجه الثانيه و ٢٤ في الدرجه الاول…							
1947-08-14	difaa	difaa19470814-01.1.2	typhoid	التيفوييد	page					…الوحدات الطبيه المقاومه التيفوييد بقريه الكفرين…							
1947-08-14	difaa	difaa19470814-01.1.2	typhoid	التيفوييد	window		y	y		…حيفا - لا تزال الوحدات الطبيه برياسه الدكتور منير سلمان طبيب القضاء جاده في مقاومه مرض التيفوييد ، الذي اجتاح قريه الكفر ين بقضاء حيفا بصوره مخيفه وقد بلغ مجموع الاصابات الخطره ٣٠ و نقل جميع المصابين الي للمستشفي للمعالجه السريعه . جميع و بعد ان …	1	11	0	absent			no-register-coverage
1947-09-07	difaa	difaa19470907-01.1.2	typhus	بالتيفوس	paragraph		y	y		…، وتوالي دايره الصحه اهتمامها للقضاء علي هذه الامراض ، ولا يزال في مستشفي الحكومه للمعالجه ٦ اشخاص مصابين بمرض الدفتيريا و ١٤ مصابا بالتيفو عيد ومصاب بالتيفوس ومصاب بالطاعون. و بلغت اصابات مرض الدفتيريا بمكا خمسا ، وادخل جميع المرضي الي المستشفي ، وتامل دايره الصحه من الاهالي تطعيم اطفالهم ضد هذا المرض الخط…	1	4	0	open			register admitting, no surge
1947-09-07	difaa	difaa19470907-01.1.2	malaria	لمالاريا	paragraph		y	y		…تيريا بمكا خمسا ، وادخل جميع المرضي الي المستشفي ، وتامل دايره الصحه من الاهالي تطعيم اطفالهم ضد هذا المرض الخط الصفحه واتمت دايره الصحه مشروع مقاومه لمالاريا في وادي القوم بقضاء بيسان باشراف رييس اطباء لواء الجليل الدكتور زاهي حداد . و بهذه المناسبه يامل سكان هذه المنطقه الجنوبي اعمال الدايره في هذه المشار…	0	9	0	open			register admitting, no surge
1947-09-07	difaa	difaa19470907-01.1.2	diphtheria	الدفتيريا	paragraph		y	y		… في المدينه والقري المجاوره بصوره مفزعه، وتوالي دايره الصحه اهتمامها للقضاء علي هذه الامراض ، ولا يزال في مستشفي الحكومه للمعالجه ٦ اشخاص مصابين بمرض الدفتيريا و ١٤ مصابا بالتيفو عيد ومصاب بالتيفوس ومصاب بالطاعون. و بلغت اصابات مرض الدفتيريا بمكا خمسا ، وادخل جميع المرضي الي المستشفي ، وتامل دايره الصحه من الاهالي تطعيم اطفالهم ضد هذا المرض الخط الصفحه واتمت دايره الصحه مشروع مقاومه لمالا…	0	33	0	open	1947-09-15(peak 22/30d)	-8	leads 8d
1947-09-07	difaa	difaa19470907-01.1.2	plague	بالطاعون	paragraph		y	y		…الصحه اهتمامها للقضاء علي هذه الامراض ، ولا يزال في مستشفي الحكومه للمعالجه ٦ اشخاص مصابين بمرض الدفتيريا و ١٤ مصابا بالتيفو عيد ومصاب بالتيفوس ومصاب بالطاعون. و بلغت اصابات مرض الدفتيريا بمكا خمسا ، وادخل جميع المرضي الي المستشفي ، وتامل دايره الصحه من الاهالي تطعيم اطفالهم ضد هذا المرض الخط الصفحه واتمت د…	0	0	0	open			no register cases either side
1947-09-15	difaa	difaa19470915-01.1.4	plague	الطاعون	window			y		…جات. مطار بيروت بیروتو . ف تسلمت شركه وستنفها وس التي سنقوم بتجهيز مطار بيروت بالكهرباء في المستقبل مبلغ ٢٥ الف دولار كدفعه اولي. ١٥ الف جنيه لمكافحه الطاعون بحيفا حيفا اقرت لجنه البلديه في اجتماعها الشهري الذي عقدته في الاسبوع الماضي القرض الذي قدمته الحكومه وقيمته ١٥ الف جنيه المكافحه وباء الطاعون الذي ظهر مءخرا في المدينه . وبالرغم من انه اعلن عن زوال خطر الطاعون فيها فلا تزال اعمال مكافحه الجرذان والبراغيث مستمره .…	0	0	0	open			no register cases either side
1947-09-30	difaa	difaa19470930-01.1.3	cholera	الكوليرا	page			y		…الكوليرا وباء خطر يذكر الكثيرون من القراء الكرام انتشار وباء الكوليرا في هذه البلاد في اواخر القرن اخذ البعض يءرخون به فيقولون الماضي حتي قد وقع كذا وكذا في سنه الكوليرا . واليوم نسمع من هذا المرض الخطير وضحاياه في بلاد الهند ، ومن ثم في الفطر الشقيق مصر . وقد اهتمت السلطات به علي اثر وقوع بعض الاصابات هنا وهناك كالشر…							
1947-09-30	difaa	difaa19470930-01.1.3	influenza	والانفلونزا	page			y		"…P286 البرد والانفلونزا الهواء الطلوح - والطعام المفدي - والرياضه - والملابس الدافيه .. هذه هي قواعد الصحه الاساسيه التي يتحتم عليك اتباعها ما استطعت الي ذلك سبيلا. ان اسيرو في قليل من الماء الساخن كفر غره هو خير وقايه عند تفشي الادبيه . كما ان ملايين الناس تعرف قيمه قرصين من اسيرو مع شراب وافي عند اول علامات "" البرد او الانفلونزا وكثير يكتبون البينا تحدوهم الرغبه في مساعده الاخرين عن طريح اختبارهم الشخصي فهم بيودون ان تعرف مدي المساعده التي وجدولها في النيرو، وكيف انه لا بد ان يساعدك انت ايضا . فاذا سرت علي منوالهم فضي استطاعتك ان تظل بمناي عن البرد والانفلونزا هذا الشتاء .. شو الانفلونزا هو البرهن ! قد اصبت بمرض الكيمه اثر برد شديد اصلانی من قياده سيارتي واستعملت جمله ادويه فلم ينقذني الا اسير و . وهذا القرص الصغير ذو المفعول الاكيد ا…"							
1947-09-30	difaa	difaa19470930-01.1.4	cholera	الكوليرا	page			y		…امساهمه الدول في مكافحه وباء الكوليرا بمصر ٣٥ ٣٥ وفاه و ۳۰۳ اصابات ووصول كميات من العقاقير والامصال تطعيم سكان المنطقه الجنوبيه بفلسطين - بعثه طبيه عراقيه - مكافحه بيع الامصال بالسوق السو…							
1947-09-30	difaa	difaa19470930-01.1.4	cholera	الكوليرا	page			y		…القاهره يونايتد برسو. ا. عورف روتر - بلغ عدد اصابات الكوليرا حتي الان ۳۰۳ اصابات توفي منها ٥٣ شخصا وقد روت هذا النبا وكاله اليونايتد برس. وصرح سعاده وكيل وزاره الصحه بان الاصابات التي ثبت انها كوليرا بلغت حتي مساء السبت الماضي ٧٠ اصابه في جميع انحاء . القطر وقد ظهرت اليوم في القاهره حالتان مشتبه فيهما وحاله في السويس . وقد وصلت الي مصر اليوم الشحنه الاولي من العقاقير وامصال مكافحه الكوليرا للمرسله من لندن بالطايره ، تلبيه لطلب الحكومه المصريه للمستعجل الذي وجهته الي الامم المتحده. وقد انبرت الحكومه المصريه عقب استلامها الشحنه ، الي مكافحه بيع امصال الكوليرا في السوق السوداء ، كمكافحتها للوباء نفسه ، فقد بيعت الوحده من المصل الواقي في الاسبوع الماضي بخمسه جنيهات مما جعل المختبرات الخاصه تواصل العمل لا نتا…							
1947-09-30	difaa	difaa19470930-01.1.4	cholera	الكوليرا	page			y		…ت روما بانها ارسلت ٥۰۰ الف وحده من الامصال لمكافحه الوباء الي القاهره وسافرت من بغداد بالطايره صباح امس بعثه طبيه عراقيه رسميه المساعده مصر في مكافحه الكوليرا وهي مءلفه من تسعه اطباء وعدد من الاساعدين و تحمل ۲۰۰ الف انبوبه من الماصل الواقي وقد وعدت العراق بتقديم كميات اخري في الايام القادمه . و نفت المفوضيه السعوديه في بيروت ما اشيم عن وقوع اصابات بوباء الكوليرا في المملكه العربيه السعوديه . واخذت جميع المختبرات الطبيه والاطبا في بريطانيا بالعمل للمستمر لانتاج ميات الاف الوحدات من الامصال الواقيه تمهيد الارسالها الي مصر وباكستان للمساعده في كبح جماح الكوليرا فيها . وقد تلقت مصر الي الان ۰۰۰ر ٤٠ علبه من الصل كما تلقت الهند زهاء نصف مليون علبه بالاضافه الي كميات كبيره من عقاقير «السولفا» التي تكفي لمعالجه مليوني نسمه و اعلنت شركه الخطوط الفرنسيه في باريس ان طايراتها للمسافره الي افريقيا لن تمر بالقاهره، كما هي الماده ، خلال تفشي الكوليرا بل ستمر باللد وتهبط بمطارها. واعلنت وزاره الصحه المصريه انه وقعت امس ٧٤ اصابه مشتبه بها بوباء الكوليرا في القطر المصري وتوفي ۱۲ مريضا من بين المصابين ، وقد وقعت ٣١ اصابه منها في نواحي مديريه الشرقيه و ۳۱ اصابه بالقليوبيه وهو في الاسماعيليه واتتان في ال…							
1947-10-01	difaa	difaa19471001-01.1.2	cholera	الكوليرا	page					…الاقبال علي الحج بالطايرات دمشق - و . ا . ع - كثر الاقبال علي الخميج بالطايرات بعد ظهور الكوليرا في مصر واخذت تغادر المدينه طايرات سوريه تقل عشرين حاجا الي جده . تجديد مساعي رسل السلام لنہو نزاع في قريه سلمه - جدد فرق من وجوه قريه سلمه ساميم الاز…							
1947-10-01	difaa	difaa19471001-01.1.2	cholera	الكوليرا	page			y		…يه الاجمالي ومحمد ماهدا بو لبن من المدرسه المروانيه الي لعباسيه بيافا وعبد اللطيف لطفي من العباسيه الي المروانيه . اتلاف كميات من البلح تخوفا من وباء الكوليرا من قدم الي حالكم صالح المدينه امس طالب جاسم مدير الصحه العام لاستصدار امر باتلاف شحنه من البلح المستورد من مصر زنتها ٤٢ طا ما و ١٠٠ كيلو وقيمتها بضعه الاف من الجنيهات لاعتقاده انها غير صالحه للاكل بسبب تفشي داء الكوليرا بمصر . شيون منظمه الشاب القدس - جاء ما بلي من مكتب الهييه العربيه العليا : اعتذر السيد رفيق التميمي عضو الهييه العربيه العليا عن متابعه النظر في شيون…							
1947-10-01	difaa	difaa19471001-01.1.2	cholera	الكوليرا	page			y		… القاهره عليها لركاب بطريقها الي قبرص وفهم ان طايرات شركه مصر قد توقفت عن العمل لمده خمسه ايام تنتهي يوم السبت القادم ، وذلك لتطعيم الطيار بن ضد وباء الكوليرا . وقد طعم خلال يوم امس 4 جميع موظني مطارا للد. قطف الزيوت بقضاء القدس - القدس - اذاع قايمقام بيت لحم تعميما علي مختير القري العربيه طلب فيه عدم قطف ا…							
1947-10-01	difaa	difaa19471001-01.1.3	malaria	بالملاريا	paragraph			y		… لقاء محاضره في الساعه السادسه القضيه الفلسطينيه علي هييه الامم المتحده والنصف من مساء غد الخميس بمناسبه عرض المجول في طبيب ومفتش الصحه وقوع ۱۸ اصابه بالملاريا في مستعمره ببار تعبيا بعد اجتمام ما مختار للمستعمره الاستفسار . زار قريه حمامه اول امس للمستر كليمانس حاكم اللواء ، والسيد حكمت خوري القايمقام ومحنا …	4	5	0	open			register admitting, no surge
1947-10-01	difaa	difaa19471001-01.1.3	cholera	الكوليرا	paragraph		y	y		…بالموسم زراعي القادم . . زيد عمال التنظيفات في المدينه المكافحه سافا المكروبات و الذباب ، وزياده في الحيطه للمحافظه علي الصحه العامه بسبب انتشار وباء الكوليرا في مصر . * توفي في مستشفي الحكومه بيانا محمد احمد بدوي وحمره ٢٥ سنه ، وكان قد نقل الايه مصابا بجراح خطره في حادث سياره . قدم المدينه من القدس السيد ع…	0	0	0	open			no register cases either side
1947-10-01	difaa	difaa19471001-01.1.3	cholera	الكوليرا	paragraph			y		… لجنه القريه والمخاتير ، شيونا مختلفه. وقد نصح حاكم اللواء بعدم ذهاب صيادي السمك الي العريش ، او جلب الفواكه وغيرها في الوقت الحاضر، بسبب انتشار وباء الكوليرا في القطر الشقيق ، وبعد تناول الغداء علي مايده رييس اللجنه قادرا القريه . رفع السيد محمد عواد رييس البلديه | الفالوجه مذكره للمجلس الاسلامي الاعلي بشا…	0	0	0	open			no register cases either side
1947-10-01	difaa	difaa19471001-01.1.3	cholera	الكوليرا	page					…الاستعداد لمجابهه الكوليرا بسوريا…							
1947-10-01	difaa	difaa19471001-01.1.3	cholera	الكوليرا	paragraph			y		…دمشق - و ا . ع - شرعت معامل الصحه السوريه في تحضير مقادير كبيره من المصل الواقي من الكوليرا ، وتقول جريده الايام ان النيه تتجه الي تلقيح عدد كبير من الشعب السوري به اجباريا . باخره لترحيل الارمن القدس - تلقت الجهات المختصه بترحيل العايلات ال…	0	0	0	open			no register cases either side
1947-10-02	difaa	difaa19471002-01.1.2	cholera	الكوليرا	window			y		…رصد ربعها لتنفيذ مشاريعها . d جوي خط تاجيل افتتاح الرمله كان من المقرر امس افتتاح خط جوي جديد بين القاهره وحيفا وقد ارجيء ذلك حتي اشعار اخر بسبب وباء الكوليرا . تاجيل القضايا الارهابيه حتي نهايه مباحثات هييه الامم ؟ صرحت مصادر عليمه في القدس ان القضايا التي اقيمت علي عدد من الشباب اليهود المتهمين بالارهاب و…	0	0	0	open			no register cases either side
1947-10-05	difaa	difaa19471005-01.1.1	cholera	الكوليرا	page					…انتشار الكوليرا بمصر يهدد القاهره…							
1947-10-05	difaa	difaa19471005-01.1.1	cholera	الكوليرا	page			y		…القادمين بالطايرات الي مصر في تلك للمطارات التي انشات فيها الحكومه المصريه مخافر للحجر الصحي، وانها لم توافق علي هذا الطلب الا مءخرا بعد ان تفشي وباء الكوليرا . وقد وجه الدكتور اللوم الي السلطات البريطانيه مناسبه انتشار وباء الكوليرا في القاهره .…							
1947-10-05	difaa	difaa19471005-01.1.1	cholera	الكوليرا	page			y		…تاثر الملك السعودي وكان تا ثر جلاله الملك عبد العزيز ال سعود من ظهور الكوليرا في مصر والباكستان با اما وقد دعا الله جل شانه ان يرفع هذا البلاء عن الانظار الاسلاميه. وارسل جلالته اوامره البقيه علي الصفحه الرابعه عمود ٣ الكوابرا بمحطه المزار وعلي بعد ۹۰ كيلومترا من غزه اتصل بنا ان اصابات الكوليرا قد امتدت الي بعض سكان محطه المزار التابعه للقطر المصري التي تبعد ۹۰ كيلو مترا عن غره ويطلب الاهالي من حكومه فلسطين ودايره الصحه مراقبه القادمين خشيه …							
1947-10-07	difaa	difaa19471007-01.1.4	cholera	الكوليرا	page			y		…مضاعفه الجهود لتطعيم السكان ضد وباء الكوليرا القدس -…							
1947-10-07	difaa	difaa19471007-01.1.4	cholera	الكوليرا	page		y	y		…القدس - او عزت دايره الصحه للمركزيه للجهات المختصه بمضاعفه الجهود لتطعيم اكبر عدد من الاهالي ضد وباء الكوليرا ، ولهذه المناسبه فتحت مركزا خاصا بدايره الصحه التطعيم المسافرين الي الخارج، ومركزا ثانيا في مستشفي الحكومه لتطعيم الموظفين وغيرهم و توجه الدكتور من بين منصور الي بن السبع للاشراف علي الحاله الصحيه هناك . - تواصل دايره الصحه بيافا تعميم العايدين من الخارج والمسافرين ضد الكوليرا ، وبلغ…							
1947-10-09	difaa	difaa19471009-01.1.4	cholera	الكوليرا	page			y		…ي القدس الي حين اشعار اخر. وتقرر اعتبارا من الساعه الثامنه من صباح امس الاول العمل ليلا ونهارا في المصنع لانتاج اكبر كميه ممكنه من الامصال الواقيه من الكوليرا ، والبدء بارسال قسم كبير من هذا الانتاج الي مصر ، وقسم اخر الي جنوب فلسطين والمناطق الساحليه للتطعيم وقد قدمت بعض الهييات المحليه في فلسطين مذكره الي…							
1947-10-09	difaa	difaa19471009-01.1.4	cholera	الكوليرا	page		y	y		…علي الحاله الصحيه ، تفيد بان جميع بلدان فلسطين خاليه من الامراض المعديه ، وان البلدان المجاوره للحدود المصريه، في حاله حسنه. وقد جري تطعيم ٦٤ شخصا ضد الكوليرا واصبح عدد الذين لقحوا ٥٠٤ باستثناء للموظفين الذين يتطعمون في مركز D مستشفي الحكومه. الاحتياطات الوقاييه بالخليل الخليل - اتخذت اداره الصحه الاحتياطات الضروريه للحيلوله دون تسرب عدوي الكوليرا الي فلسطين، عن طريق مصر وتقوم الان يحجز القادمين عن طريق الصحراء لمده خمسه ايام ، وقد طعمت موظفيها وموظفي البريد بالمصل الواقي .…							
1947-10-09	difaa	difaa19471009-01.1.4	cholera	الكوليرا	page					…حمله مقاومه الكوليرا علي الحدود الجنوبيه…							
1947-10-09	difaa	difaa19471009-01.1.4	cholera	الكوليرا	page			y		…غزه - علي اثر امتداد وباء الكوليرا الي محطه المزار ، التي تبعد ۹۰ كيلومترا عن غزه ، وظهور بعض الاصابات فيها بذل مساعد رييس الاطباء الدكتور الحاج طاهر الخطيب جهودا ونشاطا بمقاومه امتداد…							
1947-10-09	difaa	difaa19471009-01.1.4	cholera	الكوليرا	page			y		…ع الحج في تركيا كند بير احتياطي ضد الكولير استانبول - روتر - منعت الحكومه التركيه رعاياها من اداء فريضه الحج هذا العام كند بير احتياطي لمنع وصول وباء الكوليرا من مصر الي تركيا . واذيع ان جميع القادمين من مصر والاقطار العربيه سيحجزون في الحجر الصحي عده ايام . حمله التبرع الشعبي لبيت المال العربي بدا بيت الما…							
1947-10-09	difaa	difaa19471009-01.1.4	cholera	الكوليرا	page			y		…افتتح اليوم في استنبول مءتمر السكك الحديديه للشرق الاوسط ، ويشهده الان ممثلون من فلسطين وسوريا وتركيا ولبنان والعراق . ولم يستطع ممثل مصر القدوم بسبب الكوليرا للمتفشيه في مصر اما غايه المءتمر فهي تنسيق حركه النقل…							
1947-10-15	difaa	difaa19471015-01.1.4	cholera	الكوليرا	page					…حلوي شكر رييس الجمعيه النادي الارثوذكسي لتقديم داره لعقد الاجتماع فيها ومساعدته . تطهير مياه ابار الجنوب بير السبع - وضعت دايره الصحه ماده لقتل مكروب الكوليرا في ابار المياه بالمدينه وسترش البلديه جميع البيوت بماده درد.ت. يطالبون بريطانيا بضمان السلام بن غوريون وما يرسون علي الحدود تقول جريده يديعوت ان اعضا…							
1947-10-15	difaa	difaa19471015-01.1.4	cholera	بالكوليرا	window			y		…لقطار الذي قدم فيه من مصر الي فلسطين في اي محطه غير محطه حيفا (ه) كل شخص ياتي الي فلسطين من مصر علي ظهر باخره او علي متن طايره مصابه او يشتبه اصابتها بالكوليرا ، ويجب ان يوضع تحت المراقبه الصحيه والفحص البكتريولوجي حسبما يعتبره مدير الخدمات الصحيه او من ينوب عنه ضروريا . وسيعاد النظر في الندابير علي ضوء تجربه العمل بها وتطور الحاله . وصدر الليله بيان صحفي جاء فيه انه نتيجه لانتشار وباء الكوليرا في مصر وبناء علي مطالب دايره الصحه في فلسطين التقي اجيزت في العدد الممتاز من الجريده الرسميه ١٩٤٧ فان سكك حديد فلسطين بالاشتراك مع هم سكك حديد الدوله…	0	0	0	open			no register cases either side
1947-10-21	difaa	difaa19471021-01.1.2	diphtheria	الدفتيريا	window		y	y		…بلديه الي البوليس بوقف هذه الاجراءات ولعل هذه اللمسيله تنتهي قريبا بصوره مرضيه لا اجحاف فيها للقصابين ، علي ان يراعي هءلاء السبل الصحيه للمرعيه . مرض الدفتيريا يحيفا - حيفا - ادخل الي مستشفي الحكومه اربعه اطفال اتضح انهم مصابون بمرض لدفتيريا ، وبذا يعود هذا المرض الخطر ثانيه الي الظهور ولم تظهر بعد احتياطات دايره الصحه لمواجهته ! البحث عن مشبوه بالارهاب لاعتقال يءدي من يحملون اسمه جميع كا…	30	3	6	open	1947-09-15(peak 22/30d)	36	lags 36d
1947-10-21	difaa	difaa19471021-01.1.2	cholera	الكوليرا	page			y		…التطعيم ضد الكوليرا…							
1947-10-21	difaa	difaa19471021-01.1.2	cholera	الكوليرا	window			y		…يافا - تواصل دايره الصحه بيانا اتخاذ التدابير ضد وباء الكوليرا وقد طعم امس عمال البلديه وموظفو السكه الحديديه بالاضافه الي الذين يعودون من مصر او يسافرون اليها، وبلغ مجموع الذين تم تطعيمهم حتي امس ١١٢٥ شخصا حيفا …	0	0	0	open			no register cases either side
1947-10-21	difaa	difaa19471021-01.1.4	cholera	الكوليرا	page			y		…بين فلسطين ولبنان احتياطا ضد الكوليرا اذاع راد و دمشق مساء امس ان ناطقا بلسان الحكومه اللبنانيه اعلن في بيروت عن اغلاق الحدود بين فلسطين ولبنان ابتداء من الخوف من وباء اليوم - الثلاثاء . الكوليرا. ولم تءيد المصادر الرسميه هذا النباء.…							
1947-10-21	difaa	difaa19471021-01.1.4	influenza	والزكام	page				y	…ه كليتيك و من الادله الاخري علي ارتباك الكليتين حرقان البول والارق ليلا والام الظهر واللمباجو والام الساقين والالات الطلاب العلم العفو الدوار والصداع والزكام و نورم مفصل القدمين ووجود دواير تحت العينين وقله النشاط والشهيه الخ ، ان الادويه العاديه الا عمكن ان تساعد كثيرا بل يجب ان تقتل الجراثيم ای ساعه التي…							
1947-10-22	difaa	difaa19471022-01.1.2	cholera	الكوليرا	page					…بسبب ظروف الكوليرا الناهره - و . ا . ع - نفيت رسميا الانباء التي ترددت بان جلاله الملك سيقوم زياره بعض بلدان البحر الابيض المتوسط وقيل في هذا الصدد انه ليس في نيه جلالت…							
1947-10-22	difaa	difaa19471022-01.1.2	cholera	الكوليرا	page			y		…طانيا درست فيه شيون اللاسلكي والرادار وقد زارت خلال الاسبوعين الماضيين عددا من المصانع الكبيره التي تشتغل في انتاج الاجهزه اللاسلكيه احتياطات ضد وباء الكوليرا الرمله باشرت سلطات الجيش امس برش قريه مرفد العمار المجاوره لممسكر صرفيد مسحوق د د ت احتياطا ضد وباء الكوليرا. وقد طلب المجلس البلدي والقايمقام الي السلطات رش مدينه الرمله خلال الاسبوع . القادم وطلبت الحكومه الي مخاتير قري صرفند العمار ووادي حنين وعاقر والمغا…							
1947-10-22	difaa	difaa19471022-01.1.2	diphtheria	بالدفتيريا	window		y	y		…حله هممت الحكومه منشورا دوريا باعاده النظر في علاوه غلاء المعيشه لموظفي الدرجه الث ليه حسب مءهلاتهم العلميه ، اعتبارا من اول نيسان عام ١٩٤٦ وفاه مصاب بالدفتيريا حيفا - توفي في مستشفي الحكومه بحيفا طفل من الاطفال الاربعه لاصابين بمرض الدفتيريا و تماثل اخر للشفاء ، ولا يزال طفلان تحت المام الجه يعرضون خدماتهم بالدوله اليهوديه علمت جريده ها بوكر ان يعض الموظفين البريطانيين في حكومه فلسطين عرض…	30	3	6	open	1947-09-15(peak 22/30d)	37	lags 37d
1947-10-23	difaa	difaa19471023-01.1.3	cholera	الكوليرا	paragraph					…٥ ٦ اغان من فلم الماضي المجهول ٧ برنامج من اخراج حافظ عبد الوهاب ٣٠/ ٧ همسه حايره ٧,٤٥ اور کسترا ۸ تواشيح دينيه ٨,٣٠ الاخبار ٨,٥٠ عزف علي الجيش ٩ حول الكوليرا ٫ لاحمدامين بك ١٥ / ٩ موسيقي ۹٫۳۰ كوكب الشرق الانسه ام كلثوم في حفله غناييه كبري منقوله من مسرح ريتس ٢ صباحا تقريبا سلام لمالك - ختام . اذاعه دمشق ۷۰…	0	0	0	open			no register cases either side
1947-10-23	difaa	difaa19471023-01.1.3	diphtheria	بالدفتيريا	window		y	y		…د للمستمع ٨,٤٥ اغان مسجله ۹۰۰ حدیث فلسطين ٩,٠٥ ناي منفرد ۹٫۱۵ موسیقی راقصه ۹٫۳۰ موشحات اندلسيه ٩,٥٠ الاخبار ۱۰۰۰ النشيد السوري - ختام اصابتان جديدتان بالدفتيريا يحيفا حيفا - ادخل اليوم لمستشفي الحكومه محيفا طفلان جديدان بعد ان اتضح انهها مصابان بالدفتريا و بذا يصبح عدد اما ما بين بهذا لمرض اربعه اطفال . اعلان صادر من دايره حيفا في القضيه الاجراييه رقم ١٠٧٤ - ٤٧ ، المحكوم لها : السيده نظميه الحاج ابراه…	30	3	6	open	1947-09-15(peak 22/30d)	38	lags 38d
1947-10-24	difaa	difaa19471024-01.1.2	cholera	الكوليرا	paragraph			y		…لم تقم الزينات في المدينه كالعاده في مثل هذه للمناسبه الكريمه المباركه وذلك امتثالا لقرار الجمعيتين الاسلاميه والمسيحيه بالغاء للما يدات لمناسبه وباء الكوليرا الخطير ا ا في مصر الشقيقه . وستخرج الجماهير من المساجد في مواكب صامته لزياره القبور بعد تاديه صلاه العيد وقد سافرت صباح اليوم فرقه الكشافه الاسلاميه …	0	0	0	open			no register cases either side
1947-10-29	difaa	difaa19471029-01.1.2	cholera	الكوليرا	page					…لمها فوق دارها وتشاركها قنصليات الدول العربيه والاجنبيه . امصال جديده لحكومه لبنان القدس وصلت امس الاول . الي مطار الله كميات اخري من الامصال ضد وباه الكوليرا باسم الحكومه اللبنانيه. وقد اوفدت القنصليه اللبنانيه العامه سكرتيرها السيد حنا هنرو لاستلامها وشحنها الي بيروت منظمه الشباب في غزه غزه - عقد في الساع…							
1947-10-29	difaa	difaa19471029-01.1.2	cholera	الكوليرا	paragraph			y		…اريه بيانا باعداد قايمه باسماء المتاجر ولا صانع والشركات والدواير التي يمكن ان يزورها المستر و الاس، وينتظر ان زور بعض هذه الاماكن اليوم . التطعيم ضد الكوليرا - يافا- طعم امس ضد وباء الكوليرا عدد اع من الوطنين ورجال البوليس المسافرين العايدين من مصر والراغبين في السفر اليها و نشط رجال البوليس مءخرا في الفاء ا القبض علي جميع المصريين الذين يدخلون البلاد خشيه ان يكونواقد غادروا المناطق الموبوءه بالكوليرا بدون تطعيم . القدس نظرا لله الامصال الواقيه من وباء الكوليرا فقد طعم امس ثلاثه اشخاص فقط ، وينتظر ان تتسلم دايره الصحه كميه جديده من هذه الامصال غدا الخميس ، في نابلس نابلس يقوم رييس دايره الصحه واطباء و ممرضات…	0	0	0	open			no register cases either side
1947-10-29	difaa	difaa19471029-01.1.2	cholera	الكوليرا	window		y	y		…ي الوطني ومركز رعايه 6 الاطفال محمله صحيه المقاومه الامراض و المحافظه علي النظافه العامه في الشوارع وابار المياه ، وقد طعمت الدايره عددا كبيرا ضد مرض الكوليرا ، وبلغ عدد الذين لقحوا حتي الان حوالي ٤٠٠٠ شخص . في الرحله الروله - اصدرت القياده العامه للقوات العسكريه تعابيات خاصه بضروره حيازه العماله الذين يعملون في جميع المسكرات الشهادات تثبت انهم ملقحون ضد وباء الكوليرا و باشرت دايره الصحه في الرمله منذ امس بتطعيم جميع العمال لذين يعملون في المعسكرات . ضحايا مرض الدفتيريا حيفا - توفي في مستشفي الحكومه طفل اخر من المص…	0	0	0	open			no register cases either side
1947-10-29	difaa	difaa19471029-01.1.2	diphtheria	الدفتيريا	window		y	y		…ميع المسكرات الشهادات تثبت انهم ملقحون ضد وباء الكوليرا و باشرت دايره الصحه في الرمله منذ امس بتطعيم جميع العمال لذين يعملون في المعسكرات . ضحايا مرض الدفتيريا حيفا - توفي في مستشفي الحكومه طفل اخر من المصابين بمرض الدفتيريا ، وقد بلغ عدد المصابين خلال اسبوع ٦ اطفال توفي منهم ۳ ، وتماثل للشفاء طفلان ، ولا يزال الثالث تحت المعالجه. ويطالب السكان من دايره الصحه مكافحه هذا ا…	33	0	7	open	1947-09-15(peak 22/30d)	44	lags 44d
1947-10-29	difaa	difaa19471029-01.1.2	cholera	الكوليرا	paragraph			y		…روا المدينه الي القدس .. واتصل مفتش كشافه اللواء مساعد رييس الاطباء في منطقه يافا ، واتفق منه علي تطعيم جميع الجواله والكشافين باللقاح الواقي من وباء الكوليرا مبالغه في الحيطه…	0	0	0	open			no register cases either side
1947-10-30	difaa	difaa19471030-01.1.2	cholera	الكوليرا	page			y		… والقضاء وقدرها الف طن من مختلف انواع البذار والعلف وسيقوم السيد نمر شاهين مفتش زراعه المدينه بجوله علي القري للاشراف علي توزيع الحبوب . ۳۰۰۰ لقاح ضد الكوليرا القدس - تسلمت دايره الصحه يوم امس ٣٠٠٠ لقاح لمقاومه وباء الكوليرا ، وتباشر ۳۰۰۰ في تلقيح للمسافرين والراغبين اليوم الخميس تزلف ضابط الجماعات يهوديه تقول خدا شوت ان احد الضباط العسكريين يرافقه عدد من جنوده طاف خلال ي…							
1947-10-30	difaa	difaa19471030-01.1.2	cholera	الكوليرا	paragraph					… للجنود المسرحين العرب في القدس مقابل ذلك ؟ انه الحليف ! نعم جاء من لندن ان الديلي غرافيك مدت مقالا عن قضيه فلسطين واهتمام الدول العربيه بها فذكرت ان الكوليرا كانت اكبر حليف للصهيونيه ضد احتشادات الجيوش العربيه وانها تحارب من اجل اليهود !…	0	0	0	open			no register cases either side
1947-10-31	difaa	difaa19471031-01.1.2	cholera	الكوليرا	page					…رون يطلب اليهم فتحها امام المامور اختص و يعرف هند ذلك اذا كانت احدي الرسايل مشتمله علي . عمله صعبه او شيك بجمله صعبه مياه الابار فحص والتايج سلبيه من الكوليرا تقولها بوكر ان السلطات ارسلت نماذج من مياه جميع الابار المعده للشرب في كافه انحاء فلسطين ، وبينها مياه خزانات البلديات للفحص الكيماري في القدس خوفا من ان تكون مصدرا لنقل الكوليرا ، وكانت النتايج كلها سلبيه .…							
1947-10-31	difaa	difaa19471031-01.1.3	cholera	الكوليرا	paragraph			y		…يه واثرها في الحضارات المختلفه يافا - الفي الدكتور توفيق كنمان رييس الجمعيه الطبيه الفلسطينيه في قاعه النادي الارثوذكسي بيانا امس محاضره عنوانها وباء الكوليرا» عرض فيها تاريخ هذا الوباء الفتاك وعدد الموجات التي اكتسح فيها العالم في العصور الحديثه وطرق الوقايه منه واستمع اليها عدد كبير من اطباء المدينه وكبار…	0	0	0	open			no register cases either side
1947-10-31	difaa	difaa19471031-01.1.3	cholera	الكوليرا	paragraph					…له علي الحدود بير السبع بالاجراءات الوقاييه اللازمه لمنع الي فلسطين . وتباشر دايره الصحه اعمالها هند هوجا الحفير و ينقل المسافرون الي الحجر تسرب وماء الكوليرا من الاراضي المصريه الصحي في بشر السبع ، ويشرف علي هذه العلميه بكل دقه ونظام الدكتور عبد المجيد ابو حجله يساعده فريق من الممرضات والممرضين بينهم الانس…	0	0	0	open			no register cases either side
1947-10-31	difaa	difaa19471031-01.1.3	cholera	الكوليرا	paragraph			y		…انيونس الاطباء الدكتور الحاج طاهر الخطيب والدكتور الشمري وكافه موظفي الصحه من الجهود المشكوره والنشاط للتواصل والسهر علي خدمه الجمهور وتطعيمهم ضدوباء الكوليرا واقامه المحاجر الصحيه علي الحدود والمراقبه الدقيقه لما يستدعي واجب الشكر والتقدير فجمعيه خانيونس الزراعيه والمخاتير يتقدمون بشكرهم وتقديرهم لهذه الجه…	0	0	0	open			no register cases either side
1947-11-02	difaa	difaa19471102-01.1.2	diphtheria	الخناق	paragraph		y	y	y	… بوليس العجمي خطه مفيده في الايام الاخيره تمكنوا بفضلها من القضاء علي حوادث السطو والسرقات ، وذلك بتشكيل دوريات ليليه منظمه وتفتيش الاشتبه بهم وتضييق الخناق علي المشبوهين وارباب السوابق. حبذا لو اتبعت هذه الخطه . في جميع المناطق ٤٤ جريحا حوادث العصابات لم ينقل احد منهم للمستشفيات تقول ما مشكيف ان عدد الاص…	33	0	7	absent	1947-09-15(peak 22/30d)	48	no-register-coverage
1947-11-02	difaa	difaa19471102-01.1.2	cholera	الكوليرا	paragraph		y	y		…فيه اثنان منهم بجراح نقلا علي الاثر الي مستشفي الحكومه . ليت رياسه بوليس اللواء تتخذ اجراءات لوقف هذه الاعمال لتفادي وقوع مثل هذه الحوادث. التطعيم ضد الكوليرا يافا - بلغ عدد الاشخاص الذين طعمتهم دايره الصحه بيا فاحتي امس ضد مرض الكوليرا ۲۲۰۰ شخص ، معظمهم من للمسافرين الي الخارج او العايدين من مصر وعدد من موظفي الحكومه ورجال البوليس . القدس - تسلمت دايره الصحه يوم امس الفي مصل من الامصال الواقيه لاستهلاكها في تلقيح للموظفين وللمسافرين ضد وباء الكوليرا وتفيد التقارير الرسميه للجهات المختصه ان الحله الصحيه في جميع البلاد الفلسطينيه مرضيه وخاليه من الامراض الساريه . كوفيات ومءن معلبه اقبال تجار یهود ع…	0	0	0	absent			no-register-coverage
1947-11-02	difaa	difaa19471102-01.1.3	cholera	الكوليرا	paragraph			y		… مبلغ خمسمايه جنيه التصرف في اعمال التنظيم . وكان مساعد حاكم اللواء قد استشار طبيب الصحه في اللد اذا كان من الغروري تطعيم سكان المد باللقاح الواقي من الكوليرا فاجابه بانه لا لزوم لهذا الاجراء في الوقت الحاضر . قبض البوليس علي مهدي عبد الله وهو حل في مطار اللد بتهمه سرقه خدمه جنيه وساعه وخاتم ذهب من السيد عي…	0	0	0	absent			no-register-coverage
1947-11-02	difaa	difaa19471102-01.1.3	diphtheria	الدفتيريا	window		y	y		…مرض الدفتيريا حيفا - ادخل الي مستشفي الحكومه طفل مصاب بمرض الدفتيريا ، وقد توفي ثلاثه من المصابين وعددهم سبعه .…	33	0	7	absent	1947-09-15(peak 22/30d)	48	no-register-coverage
1947-11-02	difaa	difaa19471102-01.1.4	cholera	الكوليرا	window			y		…- هممت السكرتاريه العامه منشورا علي جميع دواير الحكومه طلبت فيه تاجيل التعيينات والترقيات في المناصب الجديده لحين .. اشعار اخر. تدابير صيانه القدس من الكوليرا القدس - تعقد لجنه بلديه القدس بعد ظهر يوم الاربعاء القادم اجتماما بحضور حاكم المواء و مفتش البوليس العام لبحث التدابير اللازمه لحفظ للدينه من وباء الكوليراوغيرها من الامراض المعديه . احتجاج لاغلاق شارع الملوك حينا - ارسات الغرفه التجاريه بحيفا احتجاجا الي حاكم اللواء ، تطلب فيه اعاده فتح شارع الملوك باسر…	0	0	0	absent			no-register-coverage
1947-11-02	difaa	difaa19471102-01.1.4	cholera	الكوليرا	page			y		…انات انكوبي فلسطين في مناسبات عديده كانت كال برهم الداء ، لذا اري لزاما علي كعربي فلسطيني ان اقوم بقسطي نحو الشعب لمصري الكريم الذي ابتلاه الله بوباء الكوليرا الذي ازهق ارواح الكثيرين من اخواننا في العنصر والدين . وخساره الشعب المصري بهذه الارواح تعد خساره للعرب في كل قطر وفي كل بلد . لهذا فاني افتتح التبرع…							
1947-11-02	difaa	difaa19471102-01.1.4	cholera	الكوليرا	page					…هذا المرض من الشعب المصري، علي ان تودع جميع التبرعات في بنك الامه او البنك العربي في غزه باسم ) مكافحه الكوليرا في مصر ( الترسل جميع المبالغ بعد جمعها لسعاده فصل للملكه المصريه بالقدس كي بتولي سعادته ارسالها الجمعيه الهلال الاحمر في القاهره لانفاقها في مكافحه الكوليرا والله في عون العبد ما دام العبد في عون اخيه . محمد ابو رمضان رييس جمعيه الهلال الاحمر بغزه تسجيل المتطوعين بتل ابيب يافا - ذكر ان مكاتب التطوع بتل اب…							
1947-11-02	difaa	difaa19471102-01.1.4	cholera	الكوليرا	window			y		…لسوريه بحينا ما يلي : علي كل قادم من فلسطين وشرق الاردن والعراق وايران الي سوريا ان يبرز شهاده رسميه علي الحدود تثبت انه جري تلقيحه باللقاح الواقي من الكوليرا منذ مده لا تقل عن اسبوع . فعليه ان القنصليه السوريه بحيفا لا تمنح تاشيره بالدخول الي سوريا او بالمرور منها الا لمن يبرز الشهاده للذكوره…	0	0	0	absent			no-register-coverage
1947-11-04	difaa	difaa19471104-01.1.3	cholera	الكوليرا	page					… ره حديث الاطفال ٦ ركن D الاغاني الشعبيه ٦,١٥ برنامج ( القطن ) اخراج سامی داود ٦,٣٥ محمد عبد المطلب ٧ قران كريم ٧,٣٠ الموسيقي الملكيه ٧,٤٥ تمثيليه من الكوليرا اخراج السيد بدير ٨,١٥ عبد الوهاب ۸٫۳۰ نشره الاخبار : ٨,٥ لحضره صاحب العزه علي الجازم بك ۹٫۱٥ مرسي الحريري غناء ۹٫۳۰ غنيه عوده الحجاج غناء احلام ٩,٤٥ …							
1947-11-06	difaa	difaa19471106-01.1.2	cholera	الكوليرا	page			y		…جديده للموافقه عليها في مثل هذا الوقت من كل عام وينتظر ان تبقي الميزانيات الجديده كما هي عليه الاذريثما نعرف سياسه الحكومه بصوره اكيده . | التطعيم ضد الكوليرا يافا - تواصل دايره الصحه بيافا تطعيم رجال البوليس والموظفين والراغبين في السفر الي الخارج لا سبيها الي مصر ، ضد الكوليرا. وكان عدد الذين تم تطعيمهم حتي امس ٢٥٠٠ شخص اناره نابلس بالكهرباء نابلس - باشرت شركه الكهرباء بتركيب اعمده الكهرباء ومد الاسلاك علي طريق ناثانيا لا ي…							
1947-11-06	difaa	difaa19471106-01.1.2	typhoid	والتيفوييد	window		y	y		…لرمال .. خط جوي جديد بين الله والقاهره الرمله - قررت شركه مصر للطيران فتح خط جوي جديد بين مطار اللد والقاهره نظرا لكثره الركاب . ۱۰ اصابات بالدفتيريا والتيفوييد حيفا - ادخل امس الي مستشفي الحكومه ثلاثه اطفال اصيبوا بمرض الدفتيريا احدهم من حيفا ، والاثنان الاخران من كريات حايم، وادخل شخصان مصابان بالتيفوييد احدهما من حيفا والثاني من قريه الطيره . وقد بلغ عدد الاصابات عشرا في يومين منها خمس بالدفتيريا ومثل هذا العدد بالتيفوييد و علي دايره الصحه اتخاذ الاحتياطات الوقاييه السريعه . حركه الموانيء التجاريه يافا - وصلت الي ميناء يافا امس الباخره السويديه سارلاند وعليها ١٠٦ اطنان…	13	0	2	absent			no-register-coverage
1947-11-06	difaa	difaa19471106-01.1.2	diphtheria	بالدفتيريا	window		y	y		…يه معباه بالرمال .. خط جوي جديد بين الله والقاهره الرمله - قررت شركه مصر للطيران فتح خط جوي جديد بين مطار اللد والقاهره نظرا لكثره الركاب . ۱۰ اصابات بالدفتيريا والتيفوييد حيفا - ادخل امس الي مستشفي الحكومه ثلاثه اطفال اصيبوا بمرض الدفتيريا احدهم من حيفا ، والاثنان الاخران من كريات حايم، وادخل شخصان مصابان بالتيفوييد احدهما من حيفا والثاني من قريه الطيره . وقد بلغ عدد الاصابات عشرا في يومين منها خمس بالدفتيريا ومثل هذا العدد بالتيفوييد و علي دايره الصحه اتخاذ الاحتياطات الوقاييه السريعه . حركه الموانيء التجاريه يافا - وصلت الي ميناء يافا امس الباخره السويدي…	33	0	7	absent	1947-09-15(peak 22/30d)	52	no-register-coverage
1947-11-06	difaa	difaa19471106-01.1.2	cholera	الكوليرا	paragraph					…عرف ان التعليمات قد صدرت من دايره الصحه العامه الي جميع الهييات البلديه والمحليه ا وغيرها ، بان خطر الكوليرا مازال يهدد ع البلاد، ومن الضروري اتخاذ اجراءات فعاله لقمع هذا الخطر ومنها ردم ابار المياه القديمه وفحص خزانات للياه العامه مرتين في الاسبوع ا علي الا…	0	0	0	absent			no-register-coverage
1947-11-13	difaa	difaa19471113-01.1.1	cholera	الكوليرا	page			y		…۱ - خفت و طه الكوليرا في مصر. والانباء الاخيره لا تزال مشجعه. ومع ذلك، لنشاط مستمر في تطعيم السكان والقسم الثاني من الصوره شير الي وضع الحراسه علي الامكنه او بوء علم اجتيا…							
1947-11-13	difaa	difaa19471113-01.1.1	cholera	بالكوليرا	page			y		…ضح اعلانات العايلات الضحايا والمصابين بالكوليرا…							
1947-11-13	difaa	difaa19471113-01.1.1	cholera	الكوليرا	page					…القاهره - المراسل الدفاع - وداع - وف - تقرر منح عايلات ضحايا الكوليرا امانات توازي الدخل الشهري للكل عضو منها كانت وفاته بالكوليرا ، كما ستمنح للاحياء يغادرون المعازل مبالغ من المال توازي الدال المدخل الذي كان يجب ان عمال عليه في فتره المرض، كما تقرر تقديم منحه اخري من الملابس بد…							
1947-11-13	difaa	difaa19471113-01.1.1	cholera	الكوليرا	page			y		…عشر عاما كما رءي من قبل . وتم في استنبول تطعيم ۲۰ الف شخص ضد الكوليرا. وسيكون اول من يجري…							
1947-11-13	difaa	difaa19471113-01.1.3	cholera	الكوليرا	window			y		…لمجلس الاسلامي في الاسبوع الماضي حيفا - التي الدكتور رشدي النعيمي 1 رييس الجمعيه الطبيه العربيه بحيفا محاضره في النادي الارثوذكسي العربي موضوعها وباء الكوليرا حفرها كثيرون . يافا - يسافر اليوم الي لبنان السيد محمد نمر الهواري مساعد قايد منظمه الشباب العربي العام للبحث في عدد من الامور مع الهييه العربيه العل…	0	0	0	absent			no-register-coverage
1947-11-13	difaa	difaa19471113-01.1.3	typhoid	والتيفوييد	window		y	y		…مثلي الهييات و بعض الوجهاء لتشكيل لجنه قوميه . وقد ارحيء الاجتماع، الذي كان مقررا عقده بدايره البلديه لاستكمال الترتيبات اللازمه بهذا الشان الدفتيريا والتيفوييد محيفا حيفا - ادخل الي مستشفي الحكومه طفلان مصابان يمرض الدفتيريا ، واحد من حيفا والثاني من القضاء ، كما ادخل شخص مصاب . بمرض التفوييد كلمه شكر بعد ان…	12	1	2	absent			no-register-coverage
1947-11-13	difaa	difaa19471113-01.1.3	diphtheria	الدفتيريا	window		y	y		…مهات بين ممثلي الهييات و بعض الوجهاء لتشكيل لجنه قوميه . وقد ارحيء الاجتماع، الذي كان مقررا عقده بدايره البلديه لاستكمال الترتيبات اللازمه بهذا الشان الدفتيريا والتيفوييد محيفا حيفا - ادخل الي مستشفي الحكومه طفلان مصابان يمرض الدفتيريا ، واحد من حيفا والثاني من القضاء ، كما ادخل شخص مصاب . بمرض التفوييد كلمه شكر بعد ان من الله علي بالشفاء مما اصابني احمده تعالي علي ماقدر و لطف . وات…	29	1	6	absent	1947-09-15(peak 22/30d)	59	no-register-coverage
1947-11-14	difaa	difaa19471114-01.1.4	diphtheria	الدفتيريا	window		y	y		…لماليه امام البرلمان امس ان ثاث البريطانيين البالغين الذين تزيد ، اعمارهم من ١٨ عاما لا يدخنون وقاله انه واضح ان التنشين الاخرين يدخنون بكثره . مرض الدفتيريا في حيفا حيفا - ادخلت امس الي مستشفي الحكومه طفله مصابه بمرض الدفيريا وقد انتشر هذا المرض صوره سريعه بين الاطفال . والغريب ان دايره الصحه لم تتخذ اجرا…	27	1	6	absent	1947-09-15(peak 22/30d)	60	no-register-coverage
1947-11-14	difaa	difaa19471114-01.1.6	cholera	الكوليرا	page					…الغزولات من صنع فلسطين ام كانت مستورده وقد ارسلت دايره التجاره والصناعه العامه كتابا الي اصحاب مصانع الغزولات قالت فيه ان استيراد القطن من مصر انتشار الكوليرا ، ولذلك فان ما تنتجه مصانع النزولات سيبقي في البلاد ولن يصدر شيء . منه للخارج…							
1947-11-19	difaa	difaa19471119-01.1.4	cholera	الكوليرا	paragraph			y		… الازمه العرض افلام سينماييه زراعيه وصناعيه وعلميه لرواد المنتدي وقرايها وسيبدا العرض الاول في الساعه الثالثه من بعد ظهر الجمعه القادم. مقاومه امتداد الكوليرا الي غزه غزه - نجحت الترتيبات التي اتخذتها بلديه غزه لمنع تسرب وباء الكوليرا اليها من الفطر لمصري الشقيق ، فرشت المدينه بسته اطنان من مسحوق ال د د.ت ووضعت مياه الشرب تحت الرقابه وطهرت الخزانات وفرضت الرقابه علي الخضار المستورد…	0	0	0	absent			no-register-coverage
1947-11-19	difaa	difaa19471119-01.1.4	diphtheria	الدفتيريا	window		y	y		… الشرب و قدرت نفقات المشروع بخمسه الاف جنيه . ويوالي الرييس السيد رشدي الشوا اعماله الطيبه المواجهه جميع الاحتمالات وحمايه السكان من هذا الوباء . مرض الدفتيريا الخطر حيفا - لا يزال مرض الدفتيريا منتشرا بين الاطفال محيفا والقضاء ، اذ ادخل امس الي مستشفي الحكومه طفلان مصابان هذا المرض الخطر. فمتي تزيد دايره الصحه نشاطها لمقاومه هذا المرض ؟ متي …	21	1	6	absent	1947-09-15(peak 22/30d)	65	no-register-coverage
1947-11-20	difaa	difaa19471120-01.1.2	cholera	الكوليرا	window			y		…التطعيم المجاني ضد الكوليرا بحيفا…	0	0	0	absent			no-register-coverage
1947-11-20	difaa	difaa19471120-01.1.2	cholera	الكوليرا	paragraph			y		…جاء نا ما لي من الدكتور ابراهيم ايتم نايب رييس اطباء اللواء : تبدا عمليه التطعيم العام مجانا ضد الكوليرا اعتبارا من يوم الاثنين ٢٤ تشرين الثاني سنه ١٩٤٧ يوميا من الساعه التاسعه صباحا حتي الرابعه بعد الظهر في المراكز الثلاثه الاتيه : - العياده الخارجيه بم…	0	0	0	absent			no-register-coverage
1947-11-20	difaa	difaa19471120-01.1.2	cholera	الكوليرا	window			y		…يوم ، الخميس، الي حيفا البعثه الطبيه العربيه التابعه للجمعيه الطبيه الفلسطينيه مايده من القاهره بعد ان مكنت هناك اكثر من شهر ، واشتركت في مكافحه وباء الكوليرا بالقطر الشقيق . والبعثه الطبيه العراقيه القاهره - وداع - سافرت اليوم البييه…	0	0	0	absent			no-register-coverage
1947-11-20	difaa	difaa19471120-01.1.2	diphtheria	الدفتيريا	window		y	y		…الندس - ينتظر ان تعود البعثه الصحيه من الديار الحجازيه مع اخر فوج من حجاج . فلسطين في نهايه الاسبوع الحالي . الدفتيريا في حيفا- حيفا - ادخل امس الي مستشفي الحكومه طفل مصاب بمرض الدفتيريا ومالبت ان توفي بعد دخوله للمستشفي بساعات . موظفو بلديه حيفا حيفا - انتهت نقابه موظفي البلديه من درس شءون الموظفين الداعمين ودرجاتهم و رواتبهم ، وستبح…	19	1	5	absent	1947-09-15(peak 22/30d)	66	no-register-coverage
1947-11-21	difaa	difaa19471121-01.1.3	influenza	الزكام	page				y	…فاء للناس اخترع العلماء نوما من بخار البنسلين للضغوط تمكن ان يحفظ في علبه كعلب ضغط غاز الاكسجين ! .. وبخار البنسلين نافذ لا فعول في قتل البكتريا وطرد الزكام والانفلونزا والشفاء من النزله الشعبيه والربو والكمه الجافه والصداع . ويستطيع الاطباء ان يعالجوا ببخار البنسلمين للمضغوط عده امراض اخري تذكر منها ضغط الدم والاكزي…							
1947-11-24	difaa	difaa19471124-01.1.2	cholera	الكوليرا	page			y		…- سمح لشركه مصر للطيران باستشاف السفر بين سوريا ولبنان والقاهره اعتبارا من اليوم (الاثنين) ، واما السفر بين القاهره والعراق فلا يزال ممنوعا بسبب وباء الكوليرا. مواعيد الدراسه بمعهد الحقوق…							
1947-11-24	difaa	difaa19471124-01.1.2	diphtheria	الدفتيريا	window		y	y		…ي والجمعيات والمءسسات القوميه في المدينه باسماء الفرق الذين سيتدربون علي الاسعاف الاولي، وقد اتخذت كافه الترتيبات اللازمه للقيام بهذه المهمه . انتشار الدفتيريا محيفا حيفا - لا يزال مرض الدفتيريا الخطر منتشرا بين الاطفال ، فقد ادخل امس الي مستشفي الحكومه ثلاثه اطفال احدهم من عكا والاخران من قضاء الناصره . اسعار الجنيه والسندات يافا - عرض الجني…	16	1	5	absent	1947-09-15(peak 22/30d)	70	no-register-coverage
1947-11-25	difaa	difaa19471125-01.1.2	cholera	الكوليرا	page			y		…الرمله للغايه نفسها ] الغاء قيود السفر لسوريا القدس - النت الحكومه السوريه القيود التي فرضتها علي دخول للمسافرين من فلسطين ومصر اليها بعد انتشار وباء الكوليرا في مصر ويطلب الان من للمسافرين الذين لا يحملون شهادات من مراكه المراقبه الصحيه - الكرنتينا - ان يتقدموا للفحص الطبي في دمشق فقط…							
1947-11-25	difaa	difaa19471125-01.1.3	cholera	الكوليرا	window			y		…اجعه المختصه في لبنان لاقامه مباراه ثانيه المراجع في بيروت يوم الاحد ١٤-١٢-٤٧ . ويطلب من سكرتيري لجان مناطق القدس وحيفا ويانا تطعيم لامي منتخباتهم ضد الكوليرا حالا انتيسر سفر المنتخب الي سوريا تقرر ان تكون البعثه برياسه السيد عبد الرحمن الهباب امين السر العام وسكرتيريه السيد ابراهيم سليم نسيبه. وامانه صندوق…	0	0	0	absent			no-register-coverage
1947-11-27	difaa	difaa19471127-01.1.2	typhoid	والتيفوييد	paragraph		y	y		…ين والاهالي بوجهون لوما حادا الي دايره البلديه واهمالها شيون التنظيف . نطلب من دايره الصحه سرعه اتخاذ الاحتياطات اللازمه لمصر الوباء . ... والدفتيريا والتيفوييد وادخل امس الي مستشفي الحكومه طفل مصاب بمرض الدفتيريا ، وشخص اخر مصاب بالتيفوييد…	7	2	0	absent			no-register-coverage
1947-11-27	difaa	difaa19471127-01.1.2	diphtheria	والدفتيريا	paragraph		y	y		…اكثر من شهرين والاهالي بوجهون لوما حادا الي دايره البلديه واهمالها شيون التنظيف . نطلب من دايره الصحه سرعه اتخاذ الاحتياطات اللازمه لمصر الوباء . ... والدفتيريا والتيفوييد وادخل امس الي مستشفي الحكومه طفل مصاب بمرض الدفتيريا ، وشخص اخر مصاب بالتيفوييد…	16	1	5	absent	1947-09-15(peak 22/30d)	73	no-register-coverage
1947-11-27	difaa	difaa19471127-01.1.2	plague	الطاعون	window			y		…الطاعون في حيفا حيفا - ظهر وباء الطاعون ثانيه في المدينه فقد اصيب امس مامور اجراء محكمه صلح حيفا وهو يهودي هذا الوباء ، فنقل في الحال : الي المحجر الصحي، وتولت دايره الصحه تطعيم جميع موظفي العدليه ضد وباء الطاعون تطعيم جميع موظفي العدليه ضد وباء الطاعون ورشت جميع العماره والعمارات المجاوره بمسحوق ال . د دت، وقد استغرب السكان عوده هذا الوباء الفتاك الي للمدينه ، ولما ينقض علي اختفايه اكثر من شهرين وال…	0	0	0	absent			no-register-coverage
1947-12-03	difaa	difaa19471203-01.1.2	plague	بالطاعون	page		y	y		…بجراح وفاه بالطاعون مات في مستشفي الحكومه للامراض الساريه علي طريق ملبس صباح امس المرحوم خليل فجي وهو شاب يماني عمره ٢٦ سنه كان يعمل خذيرا وقد اصيب بالطاعون منذ اربعه ايام . توقف السيارات الهوديه اثناء الليل تقول ها بوكر ان حركه سير الباصات اليهوديه من تل ابيب الي المستعمرات الواقعه في جنوب يافا ستتوقف من…							
1947-12-03	difaa	difaa19471203-01.1.3	cholera	الكوليرا	paragraph					…الواجب عملها بمناسبه الاحوال خير الدين » الحاضره. اكتشافات جديده لمكافحه الاوبيه - القاهره وا.ع - وفقت معامل الحكومه المصريه في اثناء عملها في مكافحه الكوليرا الي بعض اكتشافات سيكون لها قيمه كبيره في مكافحه الاوبيه التي قد تظهر في انحاء اخري من العالم ، ومن بينها وسايل جديده لمعرفه ميكروب الكوليرا والتثبت من وجوده او عدمه في ساعتين فقط. وكانت الوساين القديمه تكشف عن ذلك في اكثر مين ٢٤ ساعه . اعلان صادر من محكمه شرعيه طولكرم تقدم الينا مضبطه من …	0	1	0	absent			no-register-coverage
1947-12-08	difaa	difaa19471208-01.1.4	cholera	بالكوليرا	page			y		…عدم وقوع وفيات واصابات بالكوليرا القاهره - مراسل الدفاع الخاص - لم تقع خلال الاربع والعشرين ساعه الماضيه ايه وفاه او اصابه بوباء الكوليرا في القطر المصري، لاول مره منذ انتشار هذا الوباء الخطير…							
1947-12-09	difaa	difaa19471209-01.1.1	cholera	الكوليرا	page					…تلاشي الكوليرا بمصر ا…							
1947-12-09	difaa	difaa19471209-01.1.1	cholera	الكوليرا	page			y		…القاهره - لمراسل الدفاع الخاص - لم تحدث خلال الاربع والعشرين ساعه الماضيه ايه م اصابه بوباء الكوليرا في جميع انحاء القطر المصري ، وهذا هو اليوم الثاني الذي يمر دون وقوع اصابات . وقد صرح مصدر مسءول بوزاره الصحه ان ذلك دليل علي . ان وباء الكوليرا قد تلاشي من القطر المصري.…							
1947-12-11	difaa	difaa19471211-01.1.4	typhus	بالتيفوس	paragraph					…الاسبوعي المنتهي في اليوم السادس من هذا الشهر عن الامراض الساريه - والمعديه في فلسطين المقدم وفقا المساهمه الصحيه الدوليه انه قد وقعت اصابتان احداهما بالتيفوس الطفحي والاخري بالتهاب السحايا الدماغيه . انتهاء انتداب بمجلس الحمضيات وصدر اعلان بمقتفي قانون مراقبه الحمضيات جاء فيه انه لما كان السيدان سعيد بيدس …	3	0	0	absent			no-register-coverage
1947-12-14	difaa	difaa19471214-01.1.4	cholera	الكوليرا	page			y		…يهود انبروا بعد فراغه من القايها لتاييد وجهه النظر العربيه من اعماق قلوبهم ، وقد اتصل عدد من البريطانيين بالسيد الزعبلاوي للبحث في مسيله التطوع القاح الكوليرا للمملكه السعوديه جده - و . ا . ع - وصلت الي جده مقادير كبيره من لقاح الكوليرا تبلغ مليونا ونصف مليون كهديه من حكومه الصين الي الحكومه السعوديه . وقد سبق ان ارسلت حكومه الصين الي مصر مليونا وستمايه الف وحده من هذا اللقاح لتطعيم …							
1947-12-18	difaa	difaa19471218-01.1.1	cholera	الكوليرا	page			y		…القاهره - لمراسل الدفاع الخاص - ذكر - معالي الدكتور نجيب اسكندر باشا وزیر الصحه ان عدد الوفيات بوباء الكوليرا بلغ…							
1947-12-22	difaa	difaa19471222-01.1.3	cholera	الكوليرا	page		y	y		…القدس - جاءنا من القنصليه الصوريه العامه ما يلي : سوف لا يسمح لاي كان الي سوريا بالسفر الي منصور يا ما لم يقدم شهاده التلقيح ضد وباء الكوليرا علي ان تكون مءرخه قبل سته ايام من تقديم طلب التاشيره للسفر الي الاراضي السوريه ، وقد ذهبت امس العايلات البريطانيه الي القسم البريطاني في مستشفي الحكو…							
1947-12-22	difaa	difaa19471222-01.1.4	cholera	الكوليرا	page			y		…ره لسوريا وقطع الموصلات الجويه ومنع دخول لبنان ، من جهه سوريا ، الا من مكانين اثنين هما عده ووادي الحرير ، وشرعت في رش محلول د . د.ت . لمكافحه ميكروب الكوليرا واتصل دوله رياض الصلح بك تلفونيا صباح اليوم بدوله جميل مردم بك للاستفسار عن حاله الكوليرا في سوريا واجتمعت في دار دولته اللجنه الطبيه اللبنانيه واتخذت القرارات السابقه. وصرح دولته بانه لا موجب للذعر لان الحكومه اتخذت فعلا جميع الاحتياطات الوقاييه لا يعاد الخطر عن البلاد. بغداد - اصدرت مديريه الصحه العراقيه اليوم بلاغا علي اثر ظهور بعض اصابات الكوليرا في سوريا امرت فيه بما يلي : ١- قطع المواصلات الجويه بين العراق وسوريا ولبنان ٢- فرض القيود الصحيه علي القادمين بطريق البر ، كشهادات التطعيم والحجر في…							
1947-12-23	difaa	difaa19471223-01.1.4	cholera	الكوليرا	page					…نشاط مكافحه الكوليرا - بقيه…							
1947-12-23	difaa	difaa19471223-01.1.4	cholera	الكوليرا	page			y		…كتور وفيق بيضون ، مدير الصحه اللبنانيه ورييس البعثه ، بان هذه التدابير المستعجله كفيله بحصر الوباء ، واتخذت السلطات الفلسطينيه تدابير شامله لمنع تسرب الكوليرا من سوريا ، فقررت منع الدخول من سوريا ولبنان الي فلسطين مالم يكن المسافر قد طعم مرتين علي ان يكون قد مضي شهر علي التطعيم الاول وثمانيه ايام بين التطعي…							
1947-12-23	difaa	difaa19471223-01.1.4	cholera	الكوليرا	page			y		…نان وشرق الاردن ما عدا الفواكه المعلبه وجاءنا من القنصليه الاردنيه العامه بالقدس ما يلي : اتخذت حكومه المملكه الاردنيه ترتيبات خاصه بمناسبه ظهور وباء الكوليرا في سوريا وهي : ١ - اتمام التلقيح العام الذي بوشر فيه منذ شهرين ۲ - منع استيراد الفواكه والخضار والسمك والحلويات وجميع المواد الغذاييه ، من سوريا ، او…							
1947-12-23	difaa	difaa19471223-01.1.4	cholera	الكوليرا	page					…ا او عن طريقها الي اراضي المملكه الاردنيه ان يراقب لمده خمسه ايام من قبل السلطات الصحيه . وجاء من القاهره ان السلطات المصريه اعتزمت امساهمه في مكافحه الكوليرا وقد صرح دوله النقراشي باشابان الحكومه اعتزمت ارسال امصال واقيه من الكوليرا بالطايره يوميا الي سوريا وقد سافر الدكتور اسماعيل محمد بك مدير قسم الاوبيه في وزاره الصحه ومعه ٢٩٦,٠٠٠ زجاجه من المصل واثنا عشر الف حقنه وقاييه واله …							
1947-12-23	difaa	difaa19471223-01.1.4	cholera	الكوليرا	page			y		…كفي لحقر مليون نفس. وصرح معالي الدكتور نجيب اسكندر باشا وزير الصحه بانه لا صله مطلقا بين ظهور الوباء في سوريا ووجوده قبل ذلك في مصر وانه علي يقين بان الكوليرا تسربت الي سوريا من غير مصر . ا…							
1947-12-24	difaa	difaa19471224-01.1.1	cholera	بالكوليرا	page			y		…اصابات جديده بالكوليرا في سوريا…							
1947-12-24	difaa	difaa19471224-01.1.1	cholera	الكوليرا	page			y		…دم رييس الوزاره بسوريا . القايم باعمال المفوضيه العراقيه بدمشق الذي اعلن لدولته باسم الحكومه العراقيه استعداد العراق لبذل كل ما في وسعه المكافحه وباء الكوليرا . وفي صباح اليوم زار السكرتير الاول في المفوضيه البريطانيه بدمشق وزير الصحه السوريه واعلمه عن استعداد المفوضيه للقيام بكل ما في وسعها للاشتراك بمكافح…							
1947-12-24	difaa	difaa19471224-01.1.4	cholera	الكوليرا	page					…التدابير الفعاله . وقد اعلنت جمعيه انقاذ فلسطين في سوريا ان الكوليرا لن تكون حايلا يمنع مواصله حركه الدفاع عن فلسطين . و وتعد الجمعيه الان قايمه باسماء الاغنياء السور بين لجمع التبرعات منهم. وصرح الدكتور اسماعيل محمد ب…							
1947-12-24	difaa	difaa19471224-01.1.4	cholera	الكوليرا	page			y		…لوباء نظرا للتدابير المحكمه التي اتخذتها وتتخذها الحكومه السوريه . وستعطل الدواير الرسميه اربعه ايام متواليه ابتداء من الغد التسهيل اعمال التلقيح ضد. الكوليرا . وبلغ عدد الذين تم تلقيحهم امس بالمصل الواقي ضد البكوليرا في دمشق وحدها ه ١ الف نفس . ويبدي الاهلون اهتماما بالغا بالاقبال علي مراكز التطعيم حتي انه…							
1947-12-25	difaa	difaa19471225-01.1.1	diphtheria	الخناق	page				y	…العربيه لاسيما وان الحكومه انسحبت من بعض المناطق اليهوديه ، وتركت لهم الحريه التامه في تهر بب المهاجرين والاسلحه دون رقيب ، واشار الي ان الحكومه تضيق الخناق العرب بالتفتيش المتواصل ، وقدم المذكره باسم الوفد هذا نصها : تعلن حكومه فلسطين…							
1947-12-25	difaa	difaa19471225-01.1.1	cholera	الكوليرا	page					… واجاب علي سءال بشان مقاطعه البضايع الصهيونيه، فقال ان المقاطعه نافذه منذ زمن بعيد وانه طلب تقويتها في اجتماع مجلس الجامعه في عاليه . واضاف سعادته ان الكوليرا في سوريا لن تءثر علي حركه التطوع والعمل لانقاذ فلسطين .…							
1947-12-25	difaa	difaa19471225-01.1.1	cholera	الكوليرا	page					…الكوليرا في سوريا…							
1947-12-25	difaa	difaa19471225-01.1.1	cholera	الكوليرا	page					…يجتازون حدود فلسطين تقولها بوكر انه علي الرغم من : انتشار الكوليرا في سوريا وانها تهدد شمال فلسطين فان الحكومه لم تتخذ ايه تدابير لاغلاق الحدودوان ميات من المسلحين العرب يجتازون الحدود الي فلسطين في كل يوم .…							
1947-12-25	difaa	difaa19471225-01.1.2	cholera	الكوليرا	page					…ليهود انتزاع شيء عن هذه المحادثات من الناطق بلسان وزاره الخارجيه البريطانيه ولكنه رفض ان يقول شييا اجراءات خاصه للسفر الي العراق القدس - بمناسبه ظهور الكوليرا في سوريا ، اتخذت القنصليه العراقيه اجراءات خاصه بشان السفر الي القطر العراقي . التدريب علي اعمال الاسعاف طولكرم - بدات الجمعيه الطبيه بتدريب الاول عل…							
1947-12-25	difaa	difaa19471225-01.1.4	diphtheria	الخناق	paragraph				y	…نازل القريبه ، فوجهت نيرانها علي ا السياره ومن فيها من المجرمين الذين كانوا يجيبون علي نيران الجند بالمثل . ارتطام السياره وتوقفها وعند ما شدد الجنود الخناق علي ركاب السياره افلت مقودها من يد السايق فاصطدمت محافظ عماره مدرسه الفرير ، فاصيبت بعطب ارغمها علي التوقف عن المسير . اعتقال ارهابيين ومصادره لغم كب…	0	2	0	absent	1947-09-15(peak 22/30d)	101	no-register-coverage
1947-12-28	difaa	difaa19471228-01.1.1	cholera	بالكوليرا	page			y		…دمشق - و . ا . ع - يقول البلاغ الرسمي الصادر اليوم ان ثلاث اصابات جديده بالكوليرا ظهرت خلال الثمانيه والاربعين ساعه الاخيره.…							
1947-12-28	difaa	difaa19471228-01.1.2	diphtheria	خناق	window				y	…لبوا من الحاكم وقف مثل هذه الاجراءات الاستفزازيه ثم بحثوا م ه ضروره سرعه الموافقه علي تشكيل الحرس البلدي ، فوعدهم بانجاز هذه المساله خلال هذا الاسبوع خناقه علي حبتي باذنجان ! ازمه الاطعمه والخضار عند اليهود حيفا - يعا في اليهود ازمه شديده في المواد الفداييه والخضار، ويظهر يوميا دليل جديد علي شده وطاتها.…	0	3	0	absent	1947-09-15(peak 22/30d)	104	no-register-coverage
1947-12-28	difaa	difaa19471228-01.1.2	cholera	الكوليرا	window			y		…ري من لوليه المجال الاعمال المالي والنفي كل والمفهوم ان هذا التدبير محل علا موقتا الموضوع الذه شكا منه الموظفون والتجار علي حد سواء . تطعيم الطلاب ضد الكوليرا حيفا - تم حتي الان تطعيم خمسه الاف طالب من طلاب مدارس قري اللواء ضد وباء الكوليرا ، ولا تزال عمليه التطعيم ضد هذا الوباء مستمره…	0	1	0	absent			no-register-coverage
1947-12-28	difaa	difaa19471228-01.1.4	diphtheria	الخناق	page			y	y	…هم الي الوراء واوقعوا بينهم بعض الاصابات. وقد تمكن الارهابيون من نقل رفقايهم علي حمالات كانت معهم . يطلبون النجده وغنيمه اسلحه وعندما ضيق العرب عليهم الخناق ارسلوا شارات طلب النجدات اليهوديه فحاول اخرون من المستعمرات اليهوديه نجدتهم غير ان الحرس العربي تصدي لهم ودحرهم مسافه بعيده عن مكان المعركه التي غنم …							
1947-12-29	difaa	difaa19471229-01.1.1	cholera	الكوليرا	page			y		…محافظه عليها لما تقوم به هذه المءسسات والقايمون ي شلونها من المال الامام علي الايا ومواساه الجرحي ومنع تسرب الامراض الساريه - الي البلاد، وخصوصا وباء الكوليرا ، وما شاكلها من الاوبيه الفتاكه . ولذلك فالهييه العربيه ا…							
1947-12-29	difaa	difaa19471229-01.1.4	cholera	بالكوليرا	page			y		…مالها في سوريا ولبنان اذا لم توافق سوريا علي اتفاقيه البترول معها قبل ۳۰ اذار المقبل . واضاف ان الحكومه السوريه لم تتاق . شييا من هذا القبيل. اصابتان بالكوليرا بسوريا - دمشق تضمن البلاغ الاخير الذي صدر عن وزاره الصحه السوريه انه قد وقعت خلال ال ٢٤ ساعه للمنتهيه صباح اليوم اصابتان وادث مشتبه بها بالكوليرا : واكتشفت ۳ حوا ولا تزال تحت الفحص . ولم تقم وفيات . مهاجمه قريه يالو الرمله - هاجم الارهابيون حوالي الساعه الثالثه من صباح امس قريه يانو في منطقه ال…							
1947-12-30	difaa	difaa19471230-01.1.3	cholera	الكوليرا	paragraph			y		…عهم اسلحتهم خلال الاسبوعين الماضيين بلغ ٢٥٠ رجلا وان السلطات لا تستطيع اعتبارهم فارين الا بعد مرور ٢١ يوما علي فرار كل واحد منهم . رسالتان حول مكافحه الكوليرا تبادلها بين النقراشي باشا والسفير البريطاني القاهره ونا.ع - بعثت الحكومه البريطانيه بوساطه سفيرها في مصر رساله الي دوله رييس الوزراء بمناسبه القضاء علي الكوليرا ابدت فيها تقديرها للنتايج التي بلغتها السلطات الصحيه في مصر في حملتها ضد هذا الوباء ، ورد دوله النقراشي باشا برساله قل فيها : الان وقد نفي علي الوباء…	0	1	0	absent			no-register-coverage
1947-12-30	difaa	difaa19471230-01.1.3	cholera	الكوليرا	page			y		… العطله الشتويه للمدارس الاميريه بياض وقري اللواء اعتبارا من صباح يوم الخميس القادم 1 كانون الثاني المقبل ، و تنتهي اليوم الفحوص التي بدات منذ ايام . الكوليرا نظافه مصر من القاهره - صرح بعض المسيولين بوزاره السبحه بان اللجنه العليا لمكافحه التكوليرا ستجتمع في هذا الاسبوع للنظر في موضوع اعلان نظافه المملكه المصريه من وباء الكوليرا.…							
1947-12-30	difaa	difaa19471230-01.1.4	cholera	الكوليرا	page					…تدابير حكومه فلسطين للوقايه من وبا الكوليرا…							
1947-12-30	difaa	difaa19471230-01.1.4	cholera	الكوليرا	page			y		… الجو والبر والبحر يتحتم عليه عند. وصوله ان يخضع الحجر صحي وفحص طبي لمده ٢٤ ساعه او لمده اطول منها اذا رءي ضروره لذلك سواء اكان معه شهاده بالتطعيم ضد الكوليرا ام لا . ولا يسري هذا النظام علي اي شخص من افراد الجنود التابعين لقوات جلالته او اي شخص يخول له الحق من مدير الصحه العام. وان كل شخص يخالف هذه الانظمه…							
1948-01-01	difaa	difaa19480101-01.1.1	diphtheria	خناق	page				y	…«خناقه بين العصابات الارهابيه وتنصل الهاغانا من القنبله الجهنميه…							
1948-01-01	difaa	difaa19480101-01.1.2	cholera	الكوليرا	page			y		…ا وان العمل جاءوا مسلحين بالمدي في الصباح وذكرت ان الهييات اليهوديه ستتخذ من هذا الحادث حجه لاثاره القضيه امام مجلس الامن الدولي . استيناف التطعيم ضد الكوليرا يافا - استانفت دايره الصحه بيافا تطعيم السكان ضد وباء الكوليرا و خصوصا المسافرين . الي سوريا وابنان مبالغه في الحيطه استجداء والده الدكتور ارانيا له اسد مطالب الصهيونيه روت جريده خداشوت نكته طريقه تدل علي وسايل ا…							
1948-01-01	difaa	difaa19480101-01.1.3	cholera	الكوليرا	page			y		…بالقاهره _ انتقال الهييه العربيه العليا الي القاهره ۱۷ - ارفضاض اجتماع اللجنه السياسيه للجامعه العربيه بالقاهره بعد تقرير مساعده فلسطين ۲ - ظهور وباء الكوليرا في سوريا…							
1948-01-01	difaa	difaa19480101-01.1.4	diphtheria	الخناق	paragraph				y	…ضيه الاعتداء علي الامنين العرب في محله الشيخ جراح واطلقوا النار من المحله اليهوديه علي المنازل العربيه ورد الحرس الوطني علي اطلاق النار بالمثل ، وضيق الخناق علي الارهابيين اليهود، واشتد القتال عنيفا يبنهم مده ساعه كامله ، استعمل الفريقان خلالها القنابل اليدويه ، وارغم اليهود علي الانسحاب من المكان الذي بد…	0	3	0	open	1947-09-15(peak 22/30d)	108	lags 108d
1948-01-02	difaa	difaa19480102-01.1.4	cholera	الكوليرا	page			y		… والماشيه الطازج واضاف ان الحكومه قد تضع نظاما لانشاء مطارات اضافيه تهبط بها طايرات الشركات الدوليه نظرا لان مطار اللد اصبح في قلب مناطق « القناصه ». الكوليرا في سوريا عدم وقوع اصابات خلال يومين دمشق - اذاعت وزاره الصحه و الاسعاف العام السوريه اليوم انه لم تقع خلال ال ٢٤ ساعه المنتهيه صباح اليوم ايه اصابات بالكوليرا. وهذا هو اليوم الثاني علي التوالي الذي لم تقع فيه اصابات. غير ان الدخول الي محافظه حوران ما برح محظورا والحدود بين سوريا وشرق الاردن مغلقه ، وقد اقيم…							
1948-01-04	difaa	difaa19480104-01.1.2	smallpox	بالجدري	page			y		…ت استثناييه لتعزيز الحركه القوميه ، ولوحظ ان الاقبال علي التبرع لهذه اللجنه عظيم وقامت شركات الباصات الوطنيه بيافا وخارجها باعمال مجيده موفقه . اصابه بالجدري بمنطقه حلب وعدم وقوع اصابات بالكوليرا دمشق و اع- وقعت اصابه بالبدري في ادلب من اعمال حلب فاتخذت جميع التدابير الواجبه في الحال وتفكر السلطات الصحيه في تطعيم جميع سكان هذه المنطقه وجاء من ابنان انه لم تقع ايه اصابه جديده بالجدري وان عمليه التطعيم تسير باطراد .. وادلي الدكتور عبد الكريم العايدي محافظ لواء حوران بحديث الي وكاله الانباء العربيه صرح فيه بانه لم تصب في لوايه بالكو…							
1948-01-04	difaa	difaa19480104-01.1.2	cholera	بالكوليرا	page			y		…ولوحظ ان الاقبال علي التبرع لهذه اللجنه عظيم وقامت شركات الباصات الوطنيه بيافا وخارجها باعمال مجيده موفقه . اصابه بالجدري بمنطقه حلب وعدم وقوع اصابات بالكوليرا دمشق و اع- وقعت اصابه بالبدري في ادلب من اعمال حلب فاتخذت جميع التدابير الواجبه في الحال وتفكر السلطات الصحيه في تطعيم جميع سكان هذه المنطقه وجاء من …							
1948-01-04	difaa	difaa19480104-01.1.2	cholera	بالكوليرا	page			y		…لجدري وان عمليه التطعيم تسير باطراد .. وادلي الدكتور عبد الكريم العايدي محافظ لواء حوران بحديث الي وكاله الانباء العربيه صرح فيه بانه لم تصب في لوايه بالكوليرا سوي قريتين ثنتين وانه تيسر حصر الوباء بعزلها واتخاذ التدابير الصحيه الكافيه ولم اربعه ايام كما ان المصابين السابقين اخذون تحدث فيهما او في غيرها اصاب…							
1948-01-04	difaa	difaa19480104-01.1.2	smallpox	والجدري	page					…- مساعده مصر في الوقايه من الكوليرا والجدري…							
1948-01-04	difaa	difaa19480104-01.1.2	cholera	الكوليرا	page					…- مساعده مصر في الوقايه من الكوليرا والجدري…							
1948-01-04	difaa	difaa19480104-01.1.2	smallpox	والجدري	page			y		…القاهره - تحدث وكيل وزاره الصحه عن مساعده مصر للبلاد العربيه في الوقايه من الكوليرا والجدري فقال : ان وزاره الصحه ارسلت الي سوريا مليون وحده للقاح السكوليرا هديه منها لهذه البلاد الشقيقه ثم ارسلت مليون وحده اخري من هذا اللقاح ، وانها ارسلت الي لبنان مليونا ونصف مليون وحده من لقاح الجدري هديه منها وتكاليفها تبلغ ٧٥٠٠ جنيه وكانت الحجاز قد بعثت الي الهييه الصحيه…							
1948-01-04	difaa	difaa19480104-01.1.2	cholera	الكوليرا	page			y		…القاهره - تحدث وكيل وزاره الصحه عن مساعده مصر للبلاد العربيه في الوقايه من الكوليرا والجدري فقال : ان وزاره الصحه ارسلت الي سوريا مليون وحده للقاح السكوليرا هديه منها لهذه البلاد الشقيقه ثم ارسلت مليون وحده اخري من هذا اللقاح ، وانها…							
1948-01-04	difaa	difaa19480104-01.1.2	cholera	الكوليرا	page			y		…العالميه تطلب مليونا ونصف مليون وحده من لقاح الكوليرا فاتصلت الهييه بي وابلغتني هذا الطلب وسالني عما اذا كان في استطاعه مصر ارسال هذه الكميه الي المملكه السعوديه فقلت : انها موجوده وان مصر تستطيع ارسالها وسوف لا تءثر هذه الكميات التي بلغت ثلاثه ملايين ونصف مليون وحده من الكوليرا علي الكميات المخصصه لحقن المصريين في منتصف شهر فبراير القادم…							
1948-01-04	difaa	difaa19480104-01.1.3	cholera	الكوليرا	page					…اتفاق مكافحه الكوليرا…							
1948-01-04	difaa	difaa19480104-01.1.3	cholera	الكوليرا	page			y		…تور ابراهيم حاكف الالوسي الوفد العراقي الي / المءتمر الصحي الذي سيعقد في الاسكندريه يوم الاحد القادم لدرارسه التدابير المتخذه في الشرق الاوسط ضد وباء الكوليرا وعند اتفاق بين الدول العربيه مكافحتها . .. تجار في القدس يطالبون بتعويض عن محلاتهم جاءتنا نسخه عن عريضه وقعها ١٥ تاجرا واصحاب مكاتب في شارع القديس بو…							
1948-01-05	difaa	difaa19480105-01.1.4	cholera	الكوليرا	page					…الكوليرا في…							
1948-01-05	difaa	difaa19480105-01.1.4	cholera	الكوليرا	page		y	y		…تاخر اعلان نظافه القطر القاهره - اجتمع في القاهره اليوم المجلس الاعلي لشءون الكوليرا برياسه وزير الصحه وقرر اجراء تطعيم عام ضد الكوليرا في مصر ابتداء من ١٥ شباط القادم وتقول الدواير الرسميه ان اعلان نظافه القطر المصري من وباء الكوليرا قد تاجل فتره قصيره بعد ان ثبت ظهور حاله واحده في مستشفي القصر العيني بالقاهره . السيارات بمنطقه الجباليه يافا - طلب الينا عدد من شبان الجباليه ان تلف…							
1948-01-05	difaa	difaa19480105-01.1.4	influenza	الانفلونزا	page			y		…البرد و الرضيع اليك الانفلونزا المزيجات التي فند تواجهان الحلق طقس حار في احد الايام وبارد في اليوم الاخر هذه التغييرات احتقان الريفه تسبب اصابات تواتره بالانفلونزا او احتقان الحليوه مصحوبا بالبرد واسيرو له من الصفات ما تكفل في القضاء عليها سريعا و بعد ان يتمثل الجهاز الرضمي اسري الذي الصداع يشتهر بانه مخفض للحار…							
1948-01-05	difaa	difaa19480105-01.1.4	influenza	والانفلونزا	page					…ي الام النزور شفیق جرجس عہدہ برو قوه نباع وتشتري ، وشفاء سريع شفاء للناس ؟ والتهاب اللوز من الاسبروه الامراض الناتجه كثر انتشارها في هذه الايام البرد والانفلونزا التي لجميع استعمل 89 كفر شره ولقد جربت اسبرو ، بعد ان هدني الصداع وكذلك الذي كثيرا ما ينتابي من عملي المدرسي و الزكام الذي حيرني واعياني ، فوجدت فيه الدواء اقراص ١٥ الاثر ، والعلاج الحاسم الذي يذهب المرض القوي ٢٧ فرصا ملا الادويه عموميون مستودع ٢٥ شارع بسترس الفلسطين…							
1948-01-08	difaa	difaa19480108-01.1.4	cholera	بالكوليرا	page			y		…خلو البلاد من الاصابات دمشق - و . ا . ع اذاعت وزاره الصحه السوريه بلاغا ظهر اليوم جاء فيه انه لم تقع ايه اصابه بالكوليرا في جميع انحاء سوريا خلال الاربع والعشرين ساعه المنتهيه صباح اليوم وهذا هو اليوم الثامن علي التوالي لا يظهر فيه اي اثر للوباء في سوريا وحاد اليوم الي …							
1948-01-11	difaa	difaa19480111-01.1.3	cholera	الكوليرا	page					…الكوليرا في مصر…							
1948-01-11	difaa	difaa19480111-01.1.3	cholera	كوليرا	page		y	y		…القاهره - و . ا . ع - جاء في جريده البلاغ ان الامر صدر باغلاق السياده الخارجيه في مستشفي قصر العيني بمناسبه ظهور خمس حالات جديده يشتبه بانها حالات كوليرا . وجاء من لندن ان الحكومه المصريه قد طلبت المزيد من مضخات المياه الصالحه للشرب لتوزيعها في المناطق التي اصيبت بوباء الكوليرا .…							
1948-01-14	difaa	difaa19480114-01.1.1	cholera	الكوليرا	page			y		…ص بالدخول من مصر الي فلسطين عا الاشخاص الذين يمرون من مصر بطريق الترانزيت - من اي طرق كانت الا اذا كانت بحيازتهم شهادات تثبت ان المسافر -ق - تنقيح ضد الكوليرا مرتين وانقضي بين المره الاولي والثانيه مده ثمانيه ايام ، وانسه قد تناول دفعتي اللقاح خلال ثلاثه اشهر من تاريخ دخوله الي فلسطين . ويجب علي المسافرين الي فلسطين من مصر ان تكون بحيازتهم شهاده من طيب جراثيم لا بكتير يولوجي » تدل علي ان المسافر لا تحمل جراثيم الكوليرا وكل شخص يدخل الي فسطين من مصر بطريق البر او البحر او الجو معرض للحجر مده ٢٤ ساعه او اكثر اذاراي مدير الخدمات…							
1948-01-15	difaa	difaa19480115-01.1.1	diphtheria	الخناق	page				y	…يزالون في مكانهم للغدر بالابرياء من الماره فضربوا نطاقا قويا حولهم وامطروهم بنيران حاميه . وقد حاولوا الارتداد والاختفاء. لكن المناضلين ، ضيقوا عليهم الخناق ، وزادوا من رصاصهم ، فسقط من الجناه من سقط . ان كل مناضل يود ان ينال شرف الاشتراك في تاديب من اعتدوا علي سياره القنصليه العراقيه بعد انجاز الحساب و ب…							
1948-01-15	difaa	difaa19480115-01.1.2	cholera	الكوليرا	paragraph			y		…نسبتهم العدديه وقد ابلغوا وجهه نظرهم بصوره قاطعه الي للمسءولين في الشركه . التطعيم ضد الامراض الساريه يانا - تواصل دايره الصحه بيانا التطعيم ضد اولات الكوليرا والامراض الساريه وعلي اوليك الذين يرغبون السفر الي الخارج او العايدين الي فلسطين ان يراجعوها . اسعار الجنيه والسندات يافا - عرض الجنيه الانكليزي في ا…	0	1	0	open			register admitting, no surge
1948-01-15	difaa	difaa19480115-01.1.2	malaria	ملاري	page					…وتواصل الباخره ملاريد الراسيه بميناء يافا شحن حولتها البالغه ٤٣ الف صندوق ، و الباخره رو تن فجيل وكميتها ٣٦ الف صندوق ، والباخره هرما غورتون وكميتها ٥٢ الف صندوق ، وكلها …							
1948-01-18	difaa	difaa19480118-01.1.4	smallpox	الجدري	page			y		…التطعيم الاجباري ضد الجدري بلبنان بيروت - و . ا . ع - قررت الحكومه اللبنانيه ازاء ازدياد عدد الاصابات بالجدري ووفاه خمس اشخاص امس به في بيروت فرض غرامه ماليه كبيره علي كل من يتخلف عن التطعيم…							
1948-01-19	difaa	difaa19480119-01.1.3	typhoid	التيفوييد	page			y		…فيات في مختلف انحاء فلسطين خلال الاربعه الاشهر الاولي من عام ١٩٤٧ اعلي بقليل من نسبتها في المده . ذاتها من عام ١٩٤٦ الامراض الساريه وكانت نسبه اصابات التيفوييد خلال شهر ايلول عام ١٩٤٧ اقل من نسبتها في خلال شهر اب عام ١٩٤٧ و شهر ايلول عام ١٩٤٦ وكانت نسبتها في خلال التسعه الاشهر الاولي من عام ١٩٤٧ اقل منها خلا…							
1948-01-19	difaa	difaa19480119-01.1.3	cholera	الكوليرا	page			y		…راق وان الدوله العراقيه احرزت اهميه جديده بوصفها دوله تامه الاستقلال وتستطيع الان للمساهمه بقسط كبير في حفظ السلام با الشرق الاوسط . نظافه القاهره من الكوليرا القاهره - وا. ع - نفت وزاره الصحه اليوم حدوث اصابتين ايجابيتين بالكوليرا في القاهره واربع اصابات مشتبه بها. قايد اميركي لتنظيم الجيش اليهودي المزعوم ! لندن - و ١٠ . ع - يءخذ من انباء ليك سكس ان الوكاله اليهوديه دعت جنرالا …							
1948-01-21	difaa	difaa19480121-01.1.2	cholera	الكوليرا	page			y		…تيناف المواصلات الجويه بين سوريا وعده افط و دمشق - و.ا.ع - استوتمت المواصلات الجويه بين سوريا واميركا والهند و ايران وتركيا بعد ان تم القضاء علي وباء الكوليرا . البوليس البريطاني يحمي اليهود تصريح لحاكم لواء الله صرح المستر فولر حاكم لواء الله امس بان الاحياء اليهوديه الواقعه في جوار سكنه ابو كبير و طريق سل…							
1948-01-21	difaa	difaa19480121-01.1.3	influenza	والانفلونزا	page					…لا تنسي بعد ذلك ان تاخذ قرضين اخرين من اسير، عند النوم مع شراب ساخن فان ذلك يتيح لك نور اهانتها عميقا . اما الله في امتياز اسيرو في مكافه نزلات البرد والانفلونزا وغيرها من الاوبيه فخرجته الي تاثيره الحربيط الحراره وقوته العجيبه التحلل في الجسم. ان السيره الايسي الحراره ويتيح الفرات الطيفا العربيه بطرد بوساطته من الجسم السموم عن طريقر مسام الخلفيه وار اسيرو الانفلونزا عليه العايله الم 100 . منذ عشرين يوما تقريبا اعترافي مرض الزمني احييكم اطيب تحيه وارجو ان تبعثوا بخالص الفراش خمسه ايام شعرت في اثنايها بالم شديد في …							
1948-01-21	difaa	difaa19480121-01.1.3	influenza	انفلونزا	page					…وعظم اجلالي المخترع اقراص الشيرتو ظهري وفي ركبتي وسعال باستمرار فمن قايل انه و كيف لا از جيهم وافر الشكر لاستجمام صحي روماتيزم متنقل ومن قايل انه مرض انفلونزا وكل واستعاده قواي التي انتهكت من جراء مرض الانفلونزا يصف دواء لا فايده منه الا ضياع الوقت وتعذيب والارق وما صحبها من شده الالم لولا ان هداني الله نفسي واعتقدت بعد ذلك الا فايده من الادويه الاقراص السيرو…							
1948-01-28	difaa	difaa19480128-01.1.2	smallpox	بالجدري	page					…بالجمري في مدينه مافيا وقوع اربع حوادث بالجدري في مدينه يافا…							
1948-01-28	difaa	difaa19480128-01.1.2	smallpox	بالجدري	page			y		…عرف انه وقت اربع اصابات بالجدري في مدينه يافا. ويخشي الان من انتشار الاصابات بين السكان . وقد اتخذت دايره الصحه في اللواء التدابير الكافيه للتطعيم ولد بها كميات اللقاح اللازمه لمنع …							
1948-01-28	difaa	difaa19480128-01.1.2	smallpox	الجدري	page					…الجدري مبالغه في الحيظه ، وهي خطه طيبه تشكر عليها هذه الدايره .…							
1948-02-01	difaa	difaa19480201-01.1.2	cholera	الكوليرا	page					…يه الامم تحدث مع المستر الي رييس الوزاره البريطانيه وللستر ماكنيل وكيل وزاره الخارجيه من شيون فلسطين . فتح الحدود بين سوريا وتركيا بعد نظافه سوريا من الكوليرا . دمشق- و ا ع- المنت الحكومه التركيه لسلطات السوريه انه لا مانع لديها من اعاده فتح الحدود بين البلدين الان بعد ان ثبت ان سوريا خاليه من الكوليرا محادثات لانشاء خط حديدي بين دمشق و بغداد دمشق - و . ا . ع - ينتظر ان تبدا قريبا محادثات جديده بين سوريا والعراق بشان مد خط حديدي بين دمشق و بغداد عن …							
1948-02-02	difaa	difaa19480202-01.1.4	diphtheria	الخناق	paragraph			y	y	…لقريه شعر بهم وسارع الي ملاقاتهم خارج القريه وبادرهم باطلاق النار من مختلف الاسلحه، واستمر تبادلها بين حرس القريه والمعتدين اكثر من نصف ساعه شدد فيها الخناق علي اليهود فاضطروا الي الفرار وتعقبهم للمناضلون حتي مسافه بعيده . ويعتقد ان المعتدين تكبدوا عددا من الاصابات اما العرب فلم تقع بينهم اصابه ما . وفي ق…	2	1	1	open			register admitting, no surge
1948-02-03	difaa	difaa19480203-01.1.2	smallpox	الجدري	page			y		…لسفر الي للمملكه الاردنيه القدس - جاءنا من القنصليه الاردنيه له غميه انه يقتضي علي كل زاير فلسطيني البلاد بالملكه الاردنيه ان يحصل علي شهاده تطعيم ضد الجدري قبل ان يمنح التاشيره اللازمه لدخول ار في المملكه الاردنيه برقيات استنكار حوله تعطيل ( الشعب » الغراء وردت الينا نرخ من البرقيات التي ارسلت الي السلطا…							
1948-02-03	difaa	difaa19480203-01.1.2	cholera	الكوليرا	page			y		…الي منصب وزير مفوض ومندوب فوق العاده لحكومته بالقاهره - و يتولي الان القيام باعمال القنصليه الاردنيه السيد ميخاييل هذا نايب القنصليه . شهاده تطعيم ضد الكوليرا قبل السفر الي للمملكه الاردنيه القدس - جاءنا من القنصليه الاردنيه له غميه انه يقتضي علي كل زاير فلسطيني البلاد بالملكه الاردنيه ان يحصل علي شهاده تطع…							
1948-02-03	difaa	difaa19480203-01.1.2	smallpox	الجدري	page			y		…ي . بمدينه يافا بلغ ٣٦٥ شخصا وعدد الوفيات في للمده نفسها ١٤٥ . وكان عدد المواليد في القضاء خلال الشهر المذكور ١٣٤ يقابلها ١٤ وفاه فقط واتضح ان اصابات الجدري التي ظهرت مدينه يافا مءخرا منحصره في افراد عايله واحده وصلت اليها من لبنان . وتقوم دايره الصحه بكافه التدابير اللازمه لوقايه السكان من الامراض الساري…							
1948-02-08	difaa	difaa19480208-01.1.2	smallpox	الجدري	page			y		…السفر الي شرق الاردن يتطلب شهاده تطعيم ضد الجدري القدس - جاءنا من القنصليه الاردنيه المدنيه العامه ما يلي: ترجو القنصليه الاردنيه جميع المسافرين الي الاراضي الاردنيه ان يبرزوا عند تقديم طلباتهم للتاشير علي جراز في هم شهاده تطعيم دوليه ضد الجدري لعلها تتبع العدل والانصاف القدس - طلب الينا كثيرون من العرب انت انظار للمسيولين في دايره البرق والبريد وتاخرها في اصلاح تلفوناتهم ، وهم ياملون من الد…							
1948-02-09	difaa	difaa19480209-01.1.3	smallpox	الجدري	page			y		…عتقاد السايد انه ستبذل بعض الجهود للظفر بمعاهده واحده بين بريطانيا والجامعه العربيه لتحل محل المعاهدات المستقله بينها وكل دوله من دولها نظافه سروت من الجدري بيروت - و ا ع اذاع مدير الصحه العام بيانا قال فيه ان العاصمه اللبنانيه خاليه تماما من وباء الجدري وقد ا نتي الفعل بقانون الاخباري . التطعيم…							
1948-02-16	difaa	difaa19480216-01.1.2	cholera	الكوليرا	page			y		…ريال المر رييس الوزراء بالنيابه بان الشركه تعتزم تحول انابيبها من لبنان ومدها عبر دلتا النيل بعد ان رفضت سوريا السماح بمرورها في اراضيها . التلقيح ضد الكوليرا بمصر القاهره - وداع - يبدا اليوم تنشيح جمع كان القطر المصري بالمصل الواقي من لكوليرا بعد ان توافرت للقادير الكافيه منه في مختلف للمراكز الصحيه بالبلاء وسيعاون اطباء وزاره الصحه في مهمتهم اطباء العيادات الخاصه واعضاء كثيرين الجمعيات ال…							
1948-02-17	difaa	difaa19480217-01.1.4	diphtheria	الخناق	window				y	…عماره . ولما شاهدهم الحرس العشايري، امطارهم وابلا من رصاصه ، وتقدم نحوهم ، ووقعت معركه عنيفه بين الفريقين . وجاءت النجدات للبدء من جهات مختلفه، وشددت الخناق علي النادرين ، الذين انسحبوا نحو مستعمراتهم لمجزهم من مقابله المناضلين وجها لوجه . احذر والهاتين السيارتين ارها بيون يخطفون سيارتين وامراه حيفا - اوق…	2	1	1	open			register admitting, no surge
1948-02-27	difaa	difaa19480227-01.1.3	smallpox	بالجدري	page			y		…الي لمنصب السكر تير العام بالوكاله والسيدس . دجاني اصب مساعد الغابات . مدير الامراض الساريه وورد في جدول الامراض الساريه الاسبوعي ان اصابه واحده وقعت بالجدري في يافا خلال الاسبوع الماضي…							
1948-03-01	difaa	difaa19480301-01.1.1	measles	الحصب	page					…ستمروا كثيرا في المقاومه ، واصيب اكثرهم بعضها مميت ، واستولي العرب بجراح مختلفه علي اسلحتهم جميعا . و بعد انتهاء المعركه جاءت قوه من افراد مركز بوليس الحصب وفريق من اليهود ، وشاهدوا المكان ، و نقل اليهود الذين سقطوا . المناضلين في ارض القتال ، وتولي البوليس التحقيق ، وعادوا ولم یہ بسوء ، الي مراكزهم سالم…							
1948-03-02	difaa	difaa19480302-01.1.2	cholera	الكوليرا	paragraph			y		… بيت المال ، وغير ذلك من الهامه التي تعود بالفايده المشروع بيت المال الذي افاد الحركه الوطنيه كثيرا . مختبرات الجامعه الاميركيه ببيروت تنتج امصالا ضد الكوليرا بيروت - ذكر عدد من الخبراء ان مختبرات الجامعه الاميركيه ببيروت قد انتجت خلال العام الماضي اثناء انتشار وباء الكوايرا بمصر مصلا واقيا ضد الكوليرا يعتبر اكمل وانجع مصل واق ضد هذا الوباء توصل العلماء الي تحضيره . وقد استخدم ۳۰ نوعا من انشط انواع جراثيم الكوليرا في تحضير هذا المصل الواقي الاتفاق التجاري بين مصر وبريطانيا القاهره و . ا . ع - وافق مجلس الوزراء في اجتماعه الليله الماضيه علي قرار يقضي بتجديد الات…	1	0	0	open			register admitting, no surge
1948-03-02	difaa	difaa19480302-01.1.4	cholera	الكوليرا	page		y	y		…ه العراقيه قررت الغاء القيود الصحيه المفروضه علي القادمين من سوريا ولبنان وفلسطين الي العراق برا وجو او بحرا . وكانت هذه القيود قد فرضت بعد ظهور وباء الكوليرا في مصر وسوريا . حرس قريتين - بقيه و في الساعه الحاديه عشره نقل الي مستشفي الحكومه شخص يهودي اسمه ارنس زيف مصابا بجراح خطره ، ثم نقل المستشفي رو تشلد …							
1948-03-05	difaa	difaa19480305-01.1.4	diphtheria	الخناق	page				y	…لتاسعه مساء والثاني في الثالثه صباحا والثالث في الساعه الثامنه صباحا وانهم احرزوا بعض التقدم تحث تغطيه قويه من النيران الثقيله . وهم يهدفون الي تضييق الخناق علي المستعمرات اليهوديه وتوسيع ميدان القتال. وذكرت جريده خاداشوت ان قوات عربيه ظهرت ليله امس في منطقه ملبس وهاجمت اطرافها والمستعمرات الواقعه فيها وا…							
1948-03-10	difaa	difaa19480310-01.1.4	cholera	الكوليرا	page					…ن خبراء الوفد البريطاني لدي هييه الامم المتحده قدموا الي لجنه فلسطين الدوليه مذكره طلبوا فيها خدمات القطارات وتوزيع البريد والخدمات التلفونيه ومكافحه الكوليرا وساير الامراض ومختلف الخدمات الضروريه بعد انتهاء الانتداب البريطاني علي فلسطين . وما اذا الف هناك من سيحل محل السته عشر بوليس الذين بينهم حوالي بوليس…							
1948-03-28	difaa	difaa19480328-01.1.4	smallpox	جديري	page					… السابقه واقترحت وضعها تحت وصايه الدول الغربيه . ثم قالت انه رغم مطالب سكان المستعمرات المختلفه الا انهم جميعا لا يريدون عن الاستقلال لكنهم جميعا غير جديرين به بديلا ، باستثناء لسا واشارت الجريده الي ان بريطانيا وعدت السيد الادريسي السنوسي ثم قالت : ان ليبيا اذا ارجعت الي ايطاليا فانها ستكون ضربه الي الج…							
1948-03-31	difaa	difaa19480331-01.1.2	smallpox	الجدري	page			y		…عن السفر الي العراق القدس جاء نا من القنصليه العراقيه العامه ا يلي : يطلب من كل مسافر يرغب السفر الي اراضي المملكه العراقيه الحصول علي شهاده تطعيم ضد الجدري واطول مده اعطيت فيها الشهاده المطلوبه ثلاث سنوات واكثرها ١٢ يوما اسلحه فرنسيه للبنان جاء من باريس ان فرنسا باعث للبنان اسلحه عبله ٨٠ مليون ليره وبين …							
1948-04-01	difaa	difaa19480401-01.1.1	diphtheria	الخناق	page				y	…لي جوار قريه خلده فاجانها لمناضلون باطلاق النار فحاولت ان ترتد ، و لكن المناضلين ضربوا حولها نطاقا شديدا لم تستطع المصفحات ومن فيها الافلات منه تضييق الخناق وظل المناضلون يضيقون علي القافله المناق بينما اخذ فريق اخر من المناضلين صد النجدات اليهوديه التي توالت من المستعمرات المجاوره فارتدت هذه النجدات علي …							
1948-04-01	difaa	difaa19480401-01.1.1	diphtheria	الخناق	page				y	…تضييق الخناق علي المستعمرات اليهوديه بجوار القدس…							
1948-04-05	difaa	difaa19480405-01.1.4	typhus	بالتيفوس	paragraph			y		…ير في مراكش وان الاسبانيين يواصلون حمله ارهابهم فيها ومن المتوقع ان يقدم تقارير هامه عن الحاله في مراكش الي قاده المغرب للمقيمين في القاهره . اصابتان بالتيفوس في القاهره القاهره - وقعت اصابتان بالتيفوس في القاهره احداهما بحي شبرا والثانيه بحي الخليفه واتخذت السلطات الصحيه التدابير الوقاييه لمنع انتشار المرض . وقد نفت وزاره الصحه العامه ما نشر عن وقو…	0	0	0	open			no register cases either side
1948-04-05	difaa	difaa19480405-01.1.4	cholera	بالكوليرا	paragraph			y		…ره احداهما بحي شبرا والثانيه بحي الخليفه واتخذت السلطات الصحيه التدابير الوقاييه لمنع انتشار المرض . وقد نفت وزاره الصحه العامه ما نشر عن وقوع اصابات بالكوليرا في المنزله واكدت الوزاره ان حوادث من هذا القبيل لم يبلغ عنها في انحاء المملكه المصريه التي تعتبر نظيفه تماما تهديد اليهود في القسطل - بقيه - قوات احت…	0	0	0	open			no register cases either side
1948-04-06	difaa	difaa19480406-01.1.3	typhus	التيفوس	page			y		… توفي سته اشخاص. وصرح معالي نجيب اسكندر باشا وزير الصحه ان جميع التدابير اتخذت لمكافحه المرض وانه لم تظهر اصابات جديده منذ ۲۹ مارس . وقيل ايضا ان حمي التيفوس ظهرت في بعض مديريات القطر وان ۱۳ حاله قد تم التبليغ عنها وحدثت ست وفيات بهذا المرض في القاهره .…							
1948-04-09	difaa	difaa19480409-01.1.3	smallpox	الجدري	window					…۲۷ طريق عكا حيفا المدعو سالم صالح وهو اسمر عكا - فقد بتاريخ ٢٧ اذار الماضي علي اللون ذو لحيه سوداء وله علامات في وجهه من اثار الجدري طويل القامه كان يلبس لاخر مره بنطلون وجاكيتث كما فقد بنفس التاريخ المدعو محمد علي متروك وهو اسمر اللون وله علامات في وجهه من اثار الجدري متوسط القامه وكان يلبس لاخر مره قهاز وعلي راسه حطه ملونه وها من بير السبع فالرجاء ممن يعلم عنها ايه معلومات ان يتصل بوكاله هذه الجريده بعكا وله مكافا…	0	0	0	open			no register cases either side
1948-04-12	difaa	difaa19480412-01.1.4	diphtheria	الخناق	page				y	…يهود من احضار نجدات اثناء مده الهدنه للمحافظه علي الشروط و لكن اليهود نقضوا الشروط ووصلت الي المكان نجدات كبيره . وتقول يديعوت ان القوات العربيه ضيقت الخناق علي مستعمره مشمار ها عيمك وهي تحدق بها بعد ان احدثت بها اضرارا فادحه بالمدافع الثقيله…							
1948-04-20	difaa	difaa19480420-01.1.3	cholera	الكوليرا	page			y		…ه خفاقا في ربوعها ، لان الامه لا تكون قويه اذا لم تتوفر القوه الكامله لكل فرد من افرادها ، وليس ادل علي نجاحها في هذا السبيل من نجاحها في مكافحه وباء الكوليرا اكتشافه ، فضربت بذلك خلال اسبوعين من رقما قياسيا عالميا في مكافحه اشد الامراض فتكا بالشعوب تفي ولم يفت سوريا ان تدرك ، وهي في تنفيذ مشروعاتها الاصلاح…							
1930-02-20	falastin	falastin19300220-01.1.2	influenza	والزكام	page				y	…للي تمنتر اوتعالجوا السعال والزكام واراضي المنجره والالهالات الشعبيه استعمر افراس قايده تباع في جميع الاجزخانه ومخازر ا ددويه اطلبوا العلب كتوم عليها فاكره…							
1930-03-25	falastin	falastin19300325-01.1.3	influenza	والزكام	page				y	…پیپس العلاج التنفسي العجيب للسعال والزكام La grand Remède والربو وغيرها respirable centre les علل للخلق من - Rhum والصدر - Pn والريات 87 UIT•DE•PRAKTIJ Cvau من كل خال LA Bc عقار مصر لا ضرر لل…							
1930-09-03	falastin	falastin19300903-01.1.3	malaria	الملاريا	window					…وجففت منطقه الجركس وساعدت علي الاعمال التي تجري في بركه عطا وقامت شركه اراضي خليج حيفا باعمال لمكافحه الملاريا في الدار البيضا وفي وادي فواره ومتي تمت هذه الاعمال فانها ستعطي الشركه المذكوره مساحه…	21	0	0	absent			no-register-coverage
1930-09-03	falastin	falastin19300903-01.1.3	malaria	بالملاريا	page					…بالملاريا معداتها التجفيف بركه البطيخ…							
1930-09-03	falastin	falastin19300903-01.1.3	malaria	الملاريا	page					…الملاريا وانشيت فيه غرفه جلوس المرضي الدرجه الاولي…							
1930-09-03	falastin	falastin19300903-01.1.3	plague	كالطاعون	page			y		…شفيات البلديه كلها اثناء العام الماضي ففي يافا اتمت الحكومه « قسما منعزلا فيه اثنا عشر سريرا لتستعمله انشاء بيت الممرضات »، واعدت في في حال حدوث وباء كالطاعون…							
1930-10-11	falastin	falastin19301011-01.1.2	malaria	للملاريا	other:Jerusalem	Jerusalem				…انتصرت اليهوديه عندما بدات سيول الهجره والاموال تتدفق علي فلسطين . واشتري اليهود من العرب الاراضي الواسعه وكانت قبل مبيعها بورا لا تزرع بل كانت مباءه للملاريا !!! والان نتكلم عن الناحيه الاخري اي ناحيه المسلمين الذين كان الاتراك يظلمونهم والذين جاءوا الان من القري والخيام لينظروا الي اليهود ، ولتتولاهم الغي…							
1930-10-11	falastin	falastin19301011-01.1.2	malaria	الملاريا	other:Jerusalem	Jerusalem				…لمعروف عن المسلمين انهم من التعليم في امءخره 1 ، وانهم همل مشردون ، وانهم لا ذكاء لديهم يستطيعون ان يفاخروا به احدا من العالمين والان وقد تحولت اراضي الملاريا الي اراضي مثمره او حضرت الابار حيث لم يكن يحلم العرب بالماء اوصارت الاراضي تروي بالطرق الحديثه وانقلبت الاكام والتلال كان العرب يقطنونها مع جمالهم ال…							
1930-12-05	falastin	falastin19301205-01.1.4	typhoid	التيفوييد	page		y	y		…في قاعه مدرسه الاناث بمكا ، الدكتور اردکیان طبيب مستشفي الحكومه في الامراض الساريه التي منها ، التيفوييد ، الكوليرا ، الجدري، التراخوما ، السل،…							
1930-12-05	falastin	falastin19301205-01.1.4	smallpox	الجدري	page		y	y		…في قاعه مدرسه الاناث بمكا ، الدكتور اردکیان طبيب مستشفي الحكومه في الامراض الساريه التي منها ، التيفوييد ، الكوليرا ، الجدري، التراخوما ، السل،…							
1930-12-05	falastin	falastin19301205-01.1.4	cholera	الكوليرا	page		y	y		…في قاعه مدرسه الاناث بمكا ، الدكتور اردکیان طبيب مستشفي الحكومه في الامراض الساريه التي منها ، التيفوييد ، الكوليرا ، الجدري، التراخوما ، السل،…							
1930-12-05	falastin	falastin19301205-01.1.4	trachoma	التراخوما	page		y	y		…في قاعه مدرسه الاناث بمكا ، الدكتور اردکیان طبيب مستشفي الحكومه في الامراض الساريه التي منها ، التيفوييد ، الكوليرا ، الجدري، التراخوما ، السل،…							
1930-12-28	falastin	falastin19301228-01.1.3	cholera	بالكوليرا	page			y		…ليكن معلوما لدي الجمهور بانه قد وقعت حديثا عده اصابات بالكوليرا من النوع الخبيث بين الطيور الداجنه في قضايي…							
1931-07-29	falastin	falastin19310729-01.1.7	diphtheria	بخناق	paragraph				y	…ذا نطل ونفسر هذه الكلمات المعسوله بغير كلمه ( طرد fx ان هذا الامر اصبح الان حديث المجالس والطلبه في حيره وارتباك . خصوصا في هذه الازمه الماليه الاخذه بخناق الشعب اذ ليس بمقدور هءلاء الاباء ان يرسلوا اولادهم الي الكليات والمدارس الداخليه صبحي الخضر قدم البلده حضره الوطني المعروف الخضرا مامور اوقاف اللواء …	1	17	0	open	1931-09-05(peak 14/30d)	-38	leads 38d
1931-09-05	falastin	falastin19310905-01.1.4	typhus	بالتيفوس	window			y		…ه والمقاطعات الموبوءه في العراق برا وبطريق الجو وقد جاء في التقرير الاسبوعي عن الامراض الساريه في فلسطين انه وقعت في حيفا في الشهر الماضي اربع اصابات بالتيفوس اثنتان منها نقلنا من طبريا ويا فنيل .…	10	8	0	open			register admitting, no surge
1931-09-05	falastin	falastin19310905-01.1.4	cholera	الكوليرا	window					…يق الاحترام قايد الفرقه جميل قدومي الحجر الصحي والامراض الساريه اتخذت الاحتياطات الصحيه في فلسطين ضد الطاعون علي القادمين من الاسكندريه وبور سعيد وضد الكوليرا علي القادمين من بمباي بطريق الجو وضد الكوليرا ايضا علي القادمين من البصره والمقاطعات الموبوءه في العراق برا وبطريق الجو وقد جاء في التقرير الاسبوعي عن الامراض الساريه في فلسطين انه وقعت في حيفا ف…	0	0	0	open			no register cases either side
1931-09-05	falastin	falastin19310905-01.1.4	plague	الطاعون	paragraph					…يها لسماع هذه المحاضره المفيده ، وتفضلوا بقبول فايق الاحترام قايد الفرقه جميل قدومي الحجر الصحي والامراض الساريه اتخذت الاحتياطات الصحيه في فلسطين ضد الطاعون علي القادمين من الاسكندريه وبور سعيد وضد الكوليرا علي القادمين من بمباي بطريق الجو وضد الكوليرا ايضا علي القادمين من البصره والمقاطعات الموبوءه في ال…	0	0	0	open			no register cases either side
1932-04-05	falastin	falastin19320405-01.1.5	malaria	الملاريا	page					…د الباسل ان تنظروا الي هذا الجندي جريح الواجب وتقيلوه من عثرته وتعطفوا علي مطالبه الاتيه : - 1) تجفيف مستنقعات ( النعامين) التي هي بءره توليد مكروبات الملاريا والتي تفتك بالاهالي فتكا ذريعا وتقف حايلا دون تقدم عمر ان البلده (٢) فتح الطريق الممتده من خان الشاورده الي الجمرك راسا تسهيلا لمصلحه التجاره والتي ك…							
1932-05-01	falastin	falastin19320501-01.1.6	malaria	الملاريا	paragraph		y	y		…ر يدافندي حداد رييس مستشفي الحكومه بعكا و موضوع محاضرته «الميكرو بات» وما يتسبب منها من الامراض الكثيره من بدء نشاتها و بين طرق الوقايه منها وخصوصا ( الملاريا » المتسببه عن وجود المستنقعات الخ ..…	0	0	0	absent			no-register-coverage
1932-06-04	falastin	falastin19320604-01.1.6	typhus	التيفوس	page					…التيفوس المعوي…							
1932-06-04	falastin	falastin19320604-01.1.6	typhus	التيفوس	window		y	y		…تقول ها ارتس بانه تفشي في قريه المغار من قضاء طبريا في الايام الاخيره مرض التيفوس المعوي وانتشر انتشارا مريم و اصاب بضع عشرات من الاهالي نقلوا الي مستشفي الحكومه في حيفا وذلك لعدم وجود مستشفي للامراض الداخليه في طبريا…	0	0	0	absent			no-register-coverage
1932-07-15	falastin	falastin19320715-01.1.8	typhoid	التيفوييد	page			y		… تلامذه وتلميذات المدرسه في خلال الاحتفال بعض الاناشيد الوطنيه والدينيه وكذلك من الامثله الاجتماعيه والاخلاقيه مما دل علي نجاحهم وتقدمهم المطرد الحمي التيفوييديه وقع في بلدتنا اصابتان بالحمي التيفويديه فاسرع طبيب الصحه في بيت لحم واحتاط للامر باجراء الاسعافات اللازمه خوفا من تفشي هذا الداء بين الاهالي داء الحصبه ظهرت بوادر لداء الحصبه في بعض الاطف…							
1932-07-15	falastin	falastin19320715-01.1.8	measles	الحصبه	page			y		…يديه وقع في بلدتنا اصابتان بالحمي التيفويديه فاسرع طبيب الصحه في بيت لحم واحتاط للامر باجراء الاسعافات اللازمه خوفا من تفشي هذا الداء بين الاهالي داء الحصبه ظهرت بوادر لداء الحصبه في بعض الاطفال ويرجح الخبيرون بان…							
1932-08-02	falastin	falastin19320802-01.1.9	typhoid	والتيفوييد	dateline	Haifa				…مرض الحصبه والتيفوييد في الرمله…	0	12	0	absent			no-register-coverage
1932-08-02	falastin	falastin19320802-01.1.9	measles	الحصبه	dateline	Haifa				…مرض الحصبه والتيفوييد في الرمله…	0	0	0	absent			no-register-coverage
1932-08-02	falastin	falastin19320802-01.1.9	typhoid	التيفوييد	dateline	Haifa				…لحصبه بين الاطفال انتشارا عظيما وسريعا فاردي ولا يزال يودي بحياه الكثيرين وقد وزعت دايره الصحه تعليمات خصوصيه علي اباء الاطفال الذين لم يطعموا ضد مرض التيفوييد لاجل تعميمهم وانذرت المتخلف العقاب…	0	12	0	absent			no-register-coverage
1932-08-02	falastin	falastin19320802-01.1.9	measles	الحصبه	dateline	Haifa		y		…الرمله في : اب - لمراسل فلسطين الخاص - انتشر مرض الحصبه بين الاطفال انتشارا عظيما وسريعا فاردي ولا يزال يودي بحياه الكثيرين وقد وزعت دايره الصحه تعليمات خصوصيه علي اباء الاطفال الذين لم يطعموا ضد مرض التيف…	0	0	0	absent			no-register-coverage
1932-08-11	falastin	falastin19320811-01.1.6	typhoid	الباراتيفوييد	page			y		…ه للمواليد والوفيات وعدد الاصابات بالامراض الساريه المعديه التي وقعت خلال شهر تموز الماضي: مدينه يافا ١٢٢ الوفيات ١٠٥ المواليد اصابات التفوييد اصابات الباراتيفوييد ' تل ابيب ٣٨ الوفيات ۱۰۷ المواليد اصابات التفوييد اصابات الباراتيفوييد 1 قضاء يافا الوفيات 00 ١٦٢ المواليد اصابات التيفوييد اصابات الباراتيفوييد ۱۰ ولا يدخل في هذه الارقام الاخيره الخاصه بقضاء يافا المستعمرات او الكولونيات اليهوديه التنقيب في تل بيت المرسن تقوم بعثه من المدرسه اللاهوتيه الارخي…							
1932-08-18	falastin	falastin19320818-01.1.5	typhoid	التيفوييد	other:Jerusalem	Jerusalem				…القدس التيفوييد في سجن…							
1932-08-18	falastin	falastin19320818-01.1.5	typhoid	بالتيفوييد	other:Jerusalem	Jerusalem		y		…الامن العام انه لم تقع اصابات بالتيفوييد في سجن القدس في الايام العشره الاخيره وقالت ان جميع المساجين قد طعموا وسمح لهم بالاستراحه يومين وسيطعمون قريبا تضميما اخر كما تقتضي ذلك الاحوال الطبي…							
1932-09-06	falastin	falastin19320906-01.1.7	diphtheria	الخناق	page				y	… البيارات لان قلقيليه التي كانت الي ما بعد الحرب بقليل لا تملك غير القليل من البيارات اصبح الان فيها ما يزيد ) عن (٣٠ باره وكاني الحكومه ما برحت تضيق الخناق علي الاهالي حتي تفقدهم كل شيء…							
1932-09-18	falastin	falastin19320918-01.1.7	malaria	الملاريا	page		y	y		…لندن في ١٦ ايلول - توفي السر رونالد روس رو تربتا ( فلسطين ) للسر رونالد روس شهره عالميه في مكافحه امراض البلدان الحاره سيما الملاريا وهو الذي قاد البعثه التي اكتشفت سنه ١٨٩٩ البعوض الناقل الجراثيم الملاريا في غرب افريقيا وقد عمل مده مستشارا في شءون الملاريا في وزاره الحربيه الانكليزيه وكان عضوا في عده هييات طبيه وله كتب عديده وقد اصابه المرض منذ بضعه اسابيع فدخل المستشفي ومن غرايب المصادفات ان اللجنه الت…							
1932-09-23	falastin	falastin19320923-01.1.7	typhoid	التيفوييد	other:Nablus	Nablus	y	y		…كنا اليوم، بعد جهد ، من الاجتماع الي حضره طبيب المستشفي الوطني فطلبنا اليه باسم جريده فلسطين ان يطلعنا علي حاله الامراض الساريه في المدينه وخصوصا مرض التيفوييد والحصبه والانفلونزا…							
1932-09-23	falastin	falastin19320923-01.1.7	measles	والحصبه	other:Nablus	Nablus	y	y		… بعد جهد ، من الاجتماع الي حضره طبيب المستشفي الوطني فطلبنا اليه باسم جريده فلسطين ان يطلعنا علي حاله الامراض الساريه في المدينه وخصوصا مرض التيفوييد والحصبه والانفلونزا…							
1932-09-23	falastin	falastin19320923-01.1.7	influenza	والانفلونزا	other:Nablus	Nablus	y	y		… ، من الاجتماع الي حضره طبيب المستشفي الوطني فطلبنا اليه باسم جريده فلسطين ان يطلعنا علي حاله الامراض الساريه في المدينه وخصوصا مرض التيفوييد والحصبه والانفلونزا…							
1932-09-23	falastin	falastin19320923-01.1.7	typhoid	التيفوييد	other:Nablus	Nablus		y		…التي انتشرت من جديد فبعد ان رحب بنا واثني ثناء عاطرا علي الاستاذ صاحب «فلسطين» قال : ان مرض التيفوييد انتشر في هذا الشهر انتشارا كبيرا في نابلس وبهمه دايره الصحه خف عما كان عليه كثيرا تم الحصبه وهي بسيطه جدا بين الاطفال ولا خوف منها اما الانفلونزا فهي…							
1932-09-23	falastin	falastin19320923-01.1.7	measles	الحصبه	other:Nablus	Nablus		y		…اثني ثناء عاطرا علي الاستاذ صاحب «فلسطين» قال : ان مرض التيفوييد انتشر في هذا الشهر انتشارا كبيرا في نابلس وبهمه دايره الصحه خف عما كان عليه كثيرا تم الحصبه وهي بسيطه جدا بين الاطفال ولا خوف منها اما الانفلونزا فهي ايضا بسيطه ولا…							
1932-09-23	falastin	falastin19320923-01.1.7	influenza	الانفلونزا	other:Nablus	Nablus		y		… مرض التيفوييد انتشر في هذا الشهر انتشارا كبيرا في نابلس وبهمه دايره الصحه خف عما كان عليه كثيرا تم الحصبه وهي بسيطه جدا بين الاطفال ولا خوف منها اما الانفلونزا فهي ايضا بسيطه ولا…							
1932-10-29	falastin	falastin19321029-01.1.10	smallpox	جديري	page					…وفاء ، ونفتخر بهذا الكرم والصداقه والان وقد رايت هذا الكرم وهذه الحفاوه تروني اشعر بالحجل الشديد وكنت ( انا ورفاقي ) نتمني ان نكون قد قمنا بما يجعلنا جديرين بهذه الحفاوه اتي ارغب في ان اشكر هذا البلد شكرا جزيلا لاسباب كثيره لا استطيع ان اسردها الان ومن اهم هذه الاسباب اشتهار هذا البلد بالوطنيه الصادقه وا…							
1932-11-08	falastin	falastin19321108-01.1.7	typhus	التيفوس	page					…بيروت بسبب الطاعون، وعلي القادمين من بمباي بطريق الجو بسبب الكوليرا التيفوس في فلسطين وقعت في اواخر الشهر الماضي في…							
1932-11-08	falastin	falastin19321108-01.1.7	cholera	الكوليرا	page					…بيروت بسبب الطاعون، وعلي القادمين من بمباي بطريق الجو بسبب الكوليرا التيفوس في فلسطين وقعت في اواخر الشهر الماضي في…							
1932-11-08	falastin	falastin19321108-01.1.7	plague	الطاعون	page					…بيروت بسبب الطاعون، وعلي القادمين من بمباي بطريق الجو بسبب الكوليرا التيفوس في فلسطين وقعت في اواخر الشهر الماضي في…							
1932-11-08	falastin	falastin19321108-01.1.7	typhus	بالتيفوس	window			y		…فلسطين ثلاث اصابات بالتيفوس الواحده في حيفا وقد نقلت من بيت وعن بقضاء طبريا والثانيه في تل ابيب والثالثه في ملبس…	5	3	0	open			register admitting, no surge
1932-11-13	falastin	falastin19321113-01.1.7	plague	الطاعون	dateline	Haifa		y		…سطين الخاص اذاعت اداره الصحه علي اباء تلامذه الحكومه اوراقا تطلب اليهم فيها ان يجلبوا اولادهم الي اداره الصحه لاجل التطعيم . وربما كان هذا احتياطا من الطاعون بعد ان حذرت بيروت صحيه حيفا بشانه كماروت فلسطين امس…	0	0	0	open			no register cases either side
1932-12-06	falastin	falastin19321206-01.1.3	measles	الحصبه	page			y		…الصحه العامه الامراض الساريه كانت حوادث الامراض الساريه في سنه ١٩٣١ اكثر منها في سنه ١٩٣٠ فمن ذلك ان اصابات الحصبه التي اعلنت للحكومه بلغت ۷۷۸۳ اصابه وكان معدل الوفاه فيها ٩,٣٩ بالميه كذلك كانت نسبه الاصابات بالحمي القرمزيه اعلي مما كانت عليه في السنه الماضيه ، وب…							
1932-12-06	falastin	falastin19321206-01.1.3	typhoid	التيفوييد	page			y		…واشتدت الحمي التيفوييديه وبلغ عدد الاصابات التي اعلن عنها ٩٠٥ وعدد الاصابات بالحمي التيفوس ٥١ اصابه واهم ما يسترعي النظار بشان الامراض الملاريا واذا استثنينا بعض فلسطين جها…							
1932-12-06	falastin	falastin19321206-01.1.3	typhus	التيفوس	page			y		…واشتدت الحمي التيفوييديه وبلغ عدد الاصابات التي اعلن عنها ٩٠٥ وعدد الاصابات بالحمي التيفوس ٥١ اصابه واهم ما يسترعي النظار بشان الامراض الملاريا واذا استثنينا بعض فلسطين جهات في القسم الشمالي من فالملاريا نزول من البلاد زوالا ملحوظا بفضل الا…							
1932-12-06	falastin	falastin19321206-01.1.3	malaria	الملاريا	page			y		…واشتدت الحمي التيفوييديه وبلغ عدد الاصابات التي اعلن عنها ٩٠٥ وعدد الاصابات بالحمي التيفوس ٥١ اصابه واهم ما يسترعي النظار بشان الامراض الملاريا واذا استثنينا بعض فلسطين جهات في القسم الشمالي من فالملاريا نزول من البلاد زوالا ملحوظا بفضل الاجراءات التي اتخذتها الحكومه لمكافحه هذه الحمي . الخبيثه ولم يظهر في بحر السنه شيء من الطاعون او الكوليرا او الجدر…							
1932-12-06	falastin	falastin19321206-01.1.3	smallpox	الجدري	page			y		…لاريا نزول من البلاد زوالا ملحوظا بفضل الاجراءات التي اتخذتها الحكومه لمكافحه هذه الحمي . الخبيثه ولم يظهر في بحر السنه شيء من الطاعون او الكوليرا او الجدري المواليد والوفيات كان اعلي متوسط لزياده المواليد عن الوفيات بين المستعمرات اليهوديه ٣٦ بالالف في سنه ١٩٢٦ الا ان هذه النسبه العاليه نقل الان تدريجيا …							
1932-12-06	falastin	falastin19321206-01.1.3	cholera	الكوليرا	page			y		…مالي من فالملاريا نزول من البلاد زوالا ملحوظا بفضل الاجراءات التي اتخذتها الحكومه لمكافحه هذه الحمي . الخبيثه ولم يظهر في بحر السنه شيء من الطاعون او الكوليرا او الجدري المواليد والوفيات كان اعلي متوسط لزياده المواليد عن الوفيات بين المستعمرات اليهوديه ٣٦ بالالف في سنه ١٩٢٦ الا ان هذه النسبه العاليه نقل الا…							
1932-12-06	falastin	falastin19321206-01.1.3	plague	الطاعون	page			y		…ي القسم الشمالي من فالملاريا نزول من البلاد زوالا ملحوظا بفضل الاجراءات التي اتخذتها الحكومه لمكافحه هذه الحمي . الخبيثه ولم يظهر في بحر السنه شيء من الطاعون او الكوليرا او الجدري المواليد والوفيات كان اعلي متوسط لزياده المواليد عن الوفيات بين المستعمرات اليهوديه ٣٦ بالالف في سنه ١٩٢٦ الا ان هذه النسبه الع…							
1932-12-06	falastin	falastin19321206-01.1.3	smallpox	الجدري	paragraph			y		…لوجيه، والباثولوجيه، والا تيمولوجيه ، وغير ذلك وبلغ عدد البحوث التي جرت في قسم البكتريولوجيا، في السنه الماضيه ١١٤٨١١ بحثا وجهزت المعامل ٥٩١٦٤٠٠ لقاح الجدري و ١٢٩٦٦٩٠ سنتي من اللقاح ضد مرض الكلب و ٥١٤٤٥٠ سنتي من لقاح الكوليرا…	0	0	0	open			no register cases either side
1932-12-06	falastin	falastin19321206-01.1.3	cholera	الكوليرا	paragraph			y		… جرت في قسم البكتريولوجيا، في السنه الماضيه ١١٤٨١١ بحثا وجهزت المعامل ٥٩١٦٤٠٠ لقاح الجدري و ١٢٩٦٦٩٠ سنتي من اللقاح ضد مرض الكلب و ٥١٤٤٥٠ سنتي من لقاح الكوليرا…	0	0	0	open			no register cases either side
1933-02-03	falastin	falastin19330203-01.1.5	diphtheria	بخناق	page			y	y	…ي يافا نعرض ان الرسم الذي مضي علينا منا سنتان ونصف وهو يستوفي وقدره تسمون ملا اصبح له اسوا الاثر في مهنتنا ودخلنا سيما والازمه الماليه المستحكمه اخذه بخناقنا مع ساير افراد الشعب الفلسطيني . انه كان فيما سبق الحكومه مبرر في استيفاء الرسم المذكور اذ كانت الارباح جيده والبيع كثير ولم يكن ليحس الجزار في هذا …							
1933-02-14	falastin	falastin19330214-01.1.6	malaria	الملاريا	other:Jerusalem	Jerusalem				…ضي من فلسطين ابعث اليكم اليوم بالمواضيع التي سببحثها المءتمر الطبي السادس المنوي عقده في مدينه القدس بين ٤ - ٨ نيسان القادم وهي : ١- الحمي الشوكيه ٢- الملاريا امراض النساء . الاسطلاحات العربيه وتعقد اجتماعات المءتمر في قاعتين من قاعات جمعيه الشبان المسيحيه وستعتبر اللغتان الانكليزيه والعربيه اللغه الرسميه ل…							
1933-07-04	falastin	falastin19330704-01.1.5	smallpox	بالجدري	other:Jerusalem	Jerusalem		y		…٢٥ اصابه بالجدري في فلسطين…							
1933-07-04	falastin	falastin19330704-01.1.5	smallpox	بالجدري	other:Jerusalem	Jerusalem		y		…القدس في 3 تموز - لمراسل فلسطين الخاص - ابلغنا مكتب المطبوعات انه وقعت اربع اصابات بالجدري في سكنه القصير وقد وضع المصابون تحت الحفظ كي لا يختلطوا بالناس وقد طعم السكان في سكنه القصير وفي مدينه غزه . وقد وقع كذلك سبع اصابات في جماعه البدو ا…							
1933-08-11	falastin	falastin19330811-01.1.6	typhoid	التيفوييد	page		y	y		…ن اصابته كما يظهر النهبت وسببت نزيفا في الدماغ فلجا الي مستشفي الحكومه في القدس حيث فحصه طبيب الحكومه فوجد ان الاصابه سببت اصابته بحمي تشبه اتصلت حمي التيفوييد وفي اليوم الثاني نقطه بوليس القدس القديمه بمركز بوليس العجمي مستفسره عن الامر فسافر خليل افندي شحيبر خصيصا الي القدس فعلم ان الشخص المضروب قد توفي مت…							
1934-12-28	falastin	falastin19341228-01.1.5	smallpox	الجدري	dateline	Haifa		y		…سطين الخاص - تسافر غدا الفرقه الاسكتلنديه في فرق الجيش الانكليزي المرابطه في بيت جاليم . وقد زار قايد الفرقه صباح اليوم المجلس البلدي مودعا التطعم ضد الجدري في جيفا - حيفا في ٢٧ ك ١- لمراسلي فلسطين الخاص- حدثت بعض الاصابات بالجدري في حيفا . فاهتمت دايره الصحه بالامر واذاع سعاده حاكم اللواء منشورا جاء فيه ان من الواجب علي كل شخص في وادي الصليب ان يتطعم بالجدري والا يغرم بجنيه واتخذت دايره الصحه لها مكانا في مدرسه العنايه بالاطفال في تلك المحله وقد اقبل الناس علي التطعيم…	1	1	1	open			register admitting, no surge
1935-04-27	falastin	falastin19350427-01.1.2	typhoid	التيفوييد	page					…اسباب انتشار الحمي التيفوييديه…							
1935-04-27	falastin	falastin19350427-01.1.2	typhoid	التيفوييد	window			y		…لمتجولين . وبما ان حاله حيفا العمرانيه الان غير حالتها في الماضي فان الضروره تفضي ببذل الاهتمام الصحي الاوفر لمنع انتشار الامراض الساريه وخصوصا الحمي التيفوييديه . وبما اننا تحن الاطباء الوطنيين نشعر بان من واجبنا مساعدتكم لتخفيف وطاه الحمي وانتشار عدواها وبما اننا اشبه بهمزه الوصل بين ادارتكم ومرضانا فقد جي…	16	94	1	open	1935-06-11(peak 100/30d)	-45	leads 45d
1935-04-27	falastin	falastin19350427-01.1.2	typhoid	التيفوييد	page					… الاوليه تخرج من هناك (٤) الخضرات - ان عدم الاهتمام بحفظ الخضروات والفواكه والخبز وجميع الماكولات وحفظها من وصول الذباب اليهار كان سببا كبيرا لانتشار التيفوييديه الحليب سواء كان الحليب من المعامل الفنيه او من القبانات الفلاحات فهو يتلوث ابدا بيد صغار…							
1935-04-27	falastin	falastin19350427-01.1.2	typhoid	التيفوييد	page					…للدينه واكثرها غير محكم الافعال وليس عليها مضخات ويبقي اكثرها مفتوحا ليلا نهارا ولذلك فان مياه هذه الابار شديده التعرض التلوث بجراثيم التيفوييد ويظهران المستنقعات الماييه الكهري لا تلاحظ فنيا ولا يراقبها مراقبون اقنيه الماء الوسخه - ان اكثر البيوت خصوصا في الحاره الشرقيه تلقي بالمياه الوسخه علي الحارات والازقه وفي ذلك من الضرر علي الصحه | العامه ما لا يخفي عليكم عدم وجود المراحيض العموميه - ان جرثومه التيفوييد يحملها الغايطوالادران فلعدم وجود مراحيض عموميه في المدينه تبول الناس وتغوط في الشوارع العموميه والخصوصيه وعلي ابواب المخازن والبيوت ولا سيما في المده…							
1935-04-27	falastin	falastin19350427-01.1.2	typhoid	التيفوييد	window		y	y		…قيها المرضي هناك فمن الضروري ان تساعف العنايه بالمرضي وان يءخذوا باللطف والوداعه كي لا يجفلوا من المستشفي . . هذه لمحه عن الاسباب التي نراها تسبب مرض التيفوييد في حيفا ونحن الاطباء نكون مسرورين اذا تعاونا مع ادارتكم الموقره في مكافحه هذا الوباء واننا مستعدون للقيام بعمليه التطعيم سنويا في كل منطقه ويحسن ان ت…	16	94	1	open	1935-06-11(peak 100/30d)	-45	leads 45d
1935-04-27	falastin	falastin19350427-01.1.2	smallpox	كالجدري	window			y		…التطعيم سنويا في كل منطقه ويحسن ان تكون لجنه منا ومن الطباتكم تبحث سويه في طرق الوقايه في مستهل كل عام علي ان تخفف وطاه هذا المرض في حيفا فيصبح نادرا كالجدري مثلا بفضل تكاتف اهل الفن وبفضل سهر اداره الصحه في المدينه جمعيه الاطباء الوطنيه بحيفا…	0	0	0	open			no register cases either side
1935-06-11	falastin	falastin19350611-01.1.5	typhoid	التيفويد	dateline	Haifa		y		…منعه والعزه وشده الباس لكافه الامم والشعوب والسلام حيفا في ١٠ ربيع الانور ١٣٥٤ و ١١ - ٦ - ٣٥ عن عموم الهييات الاسلاميه - الجمعيه الاسلاميه انتشار مرض التيفويد ومهمه البلديه والصحه حيفا في ١٠ حزيران - لمراسل فلسطين الخاص - تفشي مرض التيفوييد في المدينه وللان لم نجد من دايره الصحه والبلديه اي اهتمام لمقاومه ذلك الداء المعدي الفتاك فالاسواق والاحياء لا تزال قذره والاوساخ تملا جوانب الطرقات …	68	160	2	open	1935-06-11(peak 100/30d)	0	leads 0d
1935-09-25	falastin	falastin19350925-01.1.7	typhoid	التيفوييد	paragraph		y	y		…ريه نايما تحت سياره النقل التي تنقل الحجاره من قلقيليه وقد حرك السايق السياره دون ان يعرف بوجود شخص ناثم تحتها فتهشم شعيب المذكور وتوفي علي الاثر مرض التيفوييد انتشر مرض التيفوييد في قريه برقه ولما علمت دايره الصحه بذلك اوفدت طبيب الصحه الدكتور سامي بشاره للقريه المذكوره فامر بنقل ثلاثين مصابا الي المستشفي الوطني | بنابلس وتطعي…	118	32	5	open	1935-10-11(peak 47/30d)	-16	leads 16d
1935-09-25	falastin	falastin19350925-01.1.7	influenza	الزكام	page				y	…اعظم دواء للصداع اوراق روزينا العجيبه تشفي الصداع في لحظه وتوقف الزكام والانفلونزا وتنعش القلب وتنشط الاعضاب والمعده . طعمها لذيذ كشراب الورد ثمن الدوزينا ۸ قروش صاغ والورقه قرش اوللتجار انمان خاصه وتطلب من الصيدليات ومخازن APRES TR…							
1935-10-01	falastin	falastin19351001-01.1.6	typhoid	التيفوييد	page					…ليهوديه العالميه تستاء من ذلك فاذا كان يهود العالم يعارضون ذلك ويطلبون السماح لشبابهم بالتنزه مع البنات الالمانيات فعلي يهود فلسطين ان يفعلوا عكس ذلك التيفوييد في شهر…							
1935-10-01	falastin	falastin19351001-01.1.6	typhoid	التيفوييد	page			y		…فيما يلي عدد اصابات التيفوييد المبلغه لدايره الصحه في الاسابيع الاربعه الاخيره الاسبوع المنتهي في ٢٤ اب ٣٢ اصابه ، الاسبوع المنتهي في ٣١ اب ١٠٤ اصابات ، الاسبوع المنتهي في ٧ ايلول…							
1935-11-20	falastin	falastin19351120-01.1.5	typhoid	التيفوييد	other:Jerusalem	Jerusalem		y		…دس في ۱۹ ت ٢- لمراسل فلسطين الخاص - اجازت محكمه الاستيناف العليا الحكم علي محمد خليل ابو فرحه من قضاء جنين بالسجن ١٥ سنه لارتكابه جريمه قتل عدد حوادث التيفوييد - القدس في ۱۹ تشرين الثاني- لمراسل فلسطين الخاص – بلغ عدد حوادث التيفوييد في جميع انحاء فلسطين في الاسبوع الاول من الشهر الماضي ٦٤ وفي الاسبوع الثاني ٧٤ وفي الاسبوع الثالث ٦٧ وفي الاسبوع الاخير ٤٦ احاله موظف علي التقاعد - ا…							
1935-12-13	falastin	falastin19351213-01.1.5	typhoid	التيفوييد	other:Jerusalem	Jerusalem		y		…ارها يوميه. وستصدر زميلتنا جريده الدفاع الغراء يوم ١٦ الجاري بعد هذا انتهاء مده تعطيلها باحرف جديده وماده غزيره وتبويب جذاب فترحب بها سلفا عدد اصابات التيفوييد بلغ عدد اصابات التيفوييد في جميع انحاء فلسطين في الاسبوع الاخير من شهر تشرين الاول الماضي ٤٦ وفي الاسبوع الاول من شهر تشرين الثاني ٤٠ وفي الاسبوع الثاني ٣٠ وفي الاسبوع الثالث…							
1936-12-09	falastin	falastin19361209-01.1.7	typhoid	التيفوييد	page		y	y		…٠٠ يهودي في جميع انحاء بولونيا بتهمه اهانه الشعب البولوني وقد حكم علي ثلاثه منهم بالسجن سته اشهر اما محاكمه الباقين فستجري في الايام القادمه تفشي حمي التيفوييد في القري القدس في ٧ ك ١ - اكد مصدر مطلع انه لم تقع في رام الله وقضايها ايه اصابه بحمي التيفوييد اما للصابون الذين نقلوا الي مستشفي الحكومه فالارجح انهم من قريه ابي خوش التي تفشت فيها هذه الحمي الخبيثه وعلي كل فاننا نرجو ان تكون اداره الصحه العام…							
1937-01-09	falastin	falastin19370109-01.1.6	typhus	بالتيفوس	window			y		… سيذهب في الساعه الثانيه بعد ظهر اليوم الي القدس ويشهد امام اللجنه الملكيه الامراض الساريه وقع من يوم ٢٣ كانون الاول الماضي حتي يوم ٢٦ منه خمس اصابات بالتيفوس ؛ منها في حيفا والخامسه في مستعمره بيت شلومو بالقرب من حيفا . وخمس اصابات بالتهاب السحايا الدفاعيه اربع منها في حيفا والخامسه في غزه .. واصابه واحده …	16	5	0	open	1936-09-28(peak 20/30d)	103	lags 103d
1937-02-17	falastin	falastin19370217-01.1.9	diphtheria	الخناق	page				y	…علاج مجرب عه وبجد الصدمه شنگیس ٹابور اب في اقل من ١٥ دقيقه و بدون علاج داخلي يمكنك ان تتحكم باعراض الخناق والسعال المءلم الذي يخيف الاهل ويزعجهم كثيرا في سكون الليل وحسبك ان تفرك زور الطفل وصدره بفيكس فركا شديدا وان تعد علي مكان الالم طبقه كثيفه من الدواء…							
1937-05-02	falastin	falastin19370502-01.1.3	typhus	بالتيفوس	window			y		…ريه ا في وقع خلال الاسبوع المنتهي منتصف ليله ١٧ نيسان الماضي خمر اصابات بالامراض الساريه اثنتان بالتراب السحايا الدماغيه بحيفا وثالثه في القدس واصابه بالتيفوس في ملبس واصابه بالحمي الراجعه في صفد في كره القدم تقام في الساعه الثالثه والنصف بع ظهر اليوم الاحد) مباراه بكره الق - علي ارض البصمه بين الفريق الثان…	7	7	0	open	1937-08-21(peak 21/30d)	-111	leads 111d
1937-05-06	falastin	falastin19370506-01.1.4	malaria	الملاريا	page					…ء مغموره بالمياه لاميال كثيره مما سبب اضطرابا كثيرا في المواصلات بينما الوف من البدو بلا ماوي . وبقاء هذه المياه راكده شهورا بنذر بخطر شديد من انتشار الملاريا بشكل وبايي في الصيف المقبل ثم ان الفرات يرتفع باستمرار في الايام الاخيره والموقف لا يزال يدعو الي القلق التقتد حكومه فلسطين بحكومه روسيا لندن في ٥ اي…							
1937-05-07	falastin	falastin19370507-01.1.2	diphtheria	بخناق	page				y	…في المدن والقري من ثلاث سنوات ولا ندري كيف يستطيع الفلاح والمزارع دفع ضريبه من ثلاث سنوات كامله وخصوصا في هذه الازمه الماسكه بخناق السكان…							
1937-06-08	falastin	falastin19370608-01.1.2	typhus	بالتيفوس	window			y		…د اودع هذا الادون السجن رهن المحاكمه. الامراض الساريه وقع خلال الاسبوع المنتهي في ليله ۲۹ ايار الماضي نفس اصابات بالامراض الساريه في فلسطين ثلاث منها بالتيفوس في تل ابيب واثنتان في حيفا…	8	14	0	open	1937-08-21(peak 21/30d)	-74	leads 74d
1937-07-21	falastin	falastin19370721-01.1.4	measles	حصبه	page					…جاء من جنيف ان سكر تيريه حصبه الامم اصدرت بيانا رسميا جاء فيه ان ان لجنه الانتدابات متعقد حاسنها الخاصه في يوم ۳۰ تموز الجاري للنظر في اواصي اللجنه الملكيه وبيان الحكومه الاتك بزي…							
1937-08-08	falastin	falastin19370808-01.1.4	cholera	الكوليرا	other:Cairo	Cairo		y		… بحماسه شديده ومينجز في مفاوضات روما القايمه وضع الاسس للعلاقات البريطانيه – الايطاليه الجديده انتشار الوباء في هنكو لندن في ۷ - ورد نبا يفيد ان وباء الكوليرا الهواء الاصفر انتشر في مدينه هتكو ووضع الحجر الصحي علي المدينه واعلنت فيها حاله الطواري.…							
1937-09-05	falastin	falastin19370905-01.1.2	measles	حصبه	page					…جميع المدن المراكشيه قد اخلاقت تضامنا مع وان اجتماعات عقدت في كل بلده حضرها عدا مكان المدن سكان القري المجاوره وان عشرات البرقيات الاحتجاجيه طيرت الي حصبه الامم وقنصل الكاترافي للغرب ورياسه الوزراء في لندن…							
1937-09-05	falastin	falastin19370905-01.1.2	measles	حصبه	page					…ش ) شهدته الوف الخلايق ، بدعوه من اللجنه القوميه العربيه الدفاع عن فلسطين في مراكش للبحث في قضيه فلسعنين . وقد قرر الحاضرون ارسال البرنيه التاليه الي حصبه الامم في جنيف : معيه الامم - جنيف باسم الاف الخلايق المجتمعه اليوم عند الظهر في جامعه القرويين العامره ، بددوه من اللجنه القوميه الدفاع من فلسطين الع…							
1937-09-14	falastin	falastin19370914-01.1.4	measles	حصبه	other:Cairo	Cairo				…منت فخري قرارات للمءتمر التي سيوقع عليها غدا الدكتور عفيفي في عصبه الامم وافقت الوزاره المصريه علي قرار بضم الدكتور حافظ عفيفي باشا الي مندوبي مصر في حصبه الامم وبذلك اصبحت هييه تمثيل مصر في العصبه مءلفه من واصف غالي باشا وزير الخارجيه وعلي الشمسي باشا قوميسير الحكومه في العصبه والدكتور حفيقي ويذكر القر…							
1937-09-14	falastin	falastin19370914-01.1.4	cholera	الكوليرا	page			y		… وتفيد رساله ثانيه ان اليابانين قد تندموا واجتازوا الحدود عدد الوفيات من وباه الكوليزا شنغاي في ١٣ ايلول - خصوصي - للمعتقد ان المصابين من جراء انتشار الكوليرا في الصين قد بلغ عددهم ٥٤٠ شخصا في منطقه الامتياز الافرنسي و ٧٩ في النطقه الدوليه اما عدد الضحايا حتي الان من الصينيين فيلغ ٦٠ شخصا . زعيمه النساء الص…							
1937-09-24	falastin	falastin19370924-01.1.2	dysentery	زحار	other:Jerusalem	Jerusalem				… دايره البلديه القايمقام الادون كيلوف واجتمع بالادون لوستر احد نايي الرييس . طريق بين حارتي اليهود والارمن شرعت البلديه باصلاح الطريق بين حاره اليهود زحاره الارمن في لمدينه القديمه تعيين مدير لدايره التحسين والعمران ينتظر تعيين المستر شيرد مديرا لدايره التحسين والعمران بدلا من المستر الدروز الذي عين حاك…							
1937-10-28	falastin	falastin19371028-01.1.3	measles	حصبه	page					…ميدان الازايده العلبه خلال عشره ايام من تاريخ نشر هذا انمار برتقال بياره المحكوم الاعلان جميع عليه محمد احمد حسن ابو ابن الكاينه في طريق ملابس البالغ حصبه فيها مشاعا الربع) كامل المساحه البالغه ١٩٢ دوتم 4 و ٤٦٧ متر القدر غمره ٦٥ صندوق الدوم الواحد. وذلك لقاء ما يطلب منه الي الحاج مصطفي الصباغ وقدره ۲۰۰ …							
1937-11-04	falastin	falastin19371104-01.1.1	measles	الحصبه	page					…| مءتمرا عظيما في مدينه لكنو اتخذت فيه قرارات مماثله مع مطالبه حكومه الهند بان ترسل تعليمات لممثليها في جنيف ليطلبوا من الحصبه الغاء الانتداب الفلسطيني وابرق هذا المءتمر الي ملوك العرب يطالب منهم ان يتحدوا ويسعوا لانه ذ فلسطين المتبعه فيها وتعديل السياسه…							
1937-11-12	falastin	falastin19371112-01.1.3	malaria	الملاريا	page					…ر الطبي العربي للعاشر سيعقد هذه السنه في مدينه بغداد ما بين ٩-١٣ شهاط سنه ١٩٣٨ وستكون ابحاثه في للمواضيع لاتيه : ۱) جراحه الكبد والحويصله الصفراويه ) الملاريا ٣) الكوليرا ) مواضع متنوعه جراحيه وباطنيه ) ضمنها الحمي المتدرجه وحبه بغداد ) ه توحيد المصطلحات الطبيه في الاغات العربيه فنهيب باطباينا الوطنيين ان ي…							
1937-11-12	falastin	falastin19371112-01.1.3	cholera	الكوليرا	page					…بي للعاشر سيعقد هذه السنه في مدينه بغداد ما بين ٩-١٣ شهاط سنه ١٩٣٨ وستكون ابحاثه في للمواضيع لاتيه : ۱) جراحه الكبد والحويصله الصفراويه ) الملاريا ٣) الكوليرا ) مواضع متنوعه جراحيه وباطنيه ) ضمنها الحمي المتدرجه وحبه بغداد ) ه توحيد المصطلحات الطبيه في الاغات العربيه فنهيب باطباينا الوطنيين ان يساهموا في هذ…							
1938-01-04	falastin	falastin19380104-01.1.5	typhoid	التيفوييد	page					… جريس العيسي كلمه الشكر التاليه: اشكر النطاسي البارع الدكتور فءاد الدجاني شكرا جزيلا علي العنابه التي بذايا نحو ولدي فءاد والمقدره التي في مكافحه مرض التيفوييد الذي | ابداها . اقعده الفراش اكثر من شهرين. وليست كامه الشكر هذه الا بعض ما يستحقه نبوغ الدكتور الدجاني وتاديه رسالته الانسانيه علي اتم وجه . جريس ال…							
1938-02-03	falastin	falastin19380203-01.1.2	influenza	الزكام	page				y	…عالج ذلك السعال المزعج ان اسرع اضن علاج السعال او الزكام المستمر هو اقراص بيبس فاذا اذيت هذه الاقراص العجيبه المطهره الصالحه للاستنشاق في الغم انبعثت منها خلاصات طبيه نفيسه تمتزج بالهواء الذي يستنشقه الانسا…							
1938-03-12	falastin	falastin19380312-01.1.3	measles	الحصبه	other:Hebron	Hebron		y		"…اعيه التي اخذ الاستاذ حسني افندي الح باوي مدير فرع البنك العربي في الخليل بتاسيسها وقد جعل بجنيه فلسطيني يدفع علي خمسه اقساط شهريه السيم "" انتشار مرض الحصبه في المدينه والقضاء انتشر مرض الحصبه في المدينه والقضاء انتشارا مريعا واخذت دايره الصحه تذل جهودا مشكوره في سبل مكافحه هذا الداء الوبيل مدير المدرسه الفتح الاسلاميه تعيين عين السيد سعدي …"							
1938-03-31	falastin	falastin19380331-01.1.1	measles	حصبه	page					…ال انتخب لوظيفه خاصه تتعلق بوضع دستور سيلان الجديد وفي سنه ١٩٣١ اعتزل الخدمه ومنذ ذلك التاريخ خدم في مستعمره ميشل كمندوب مالي خاص وتين بعد ذلك من قبل حصبه الامم رييسا للجنه الدوليه التي كلفت بمراقبه انتخابات منجق الاسكندرونه…							
1938-04-27	falastin	falastin19380427-01.1.3	measles	حصبه	page					…لندن في ٢٦ نيسان - تناول المسيو جوزيف افينول سكرتير حصبه الامم العام طعام الغداء اليوم في وزاره الخارجيه ثم دار بينه وبين اللورد هاليفاكس حديث طويل حول المساله الحبشيه التي طلبت الحكومه البريطانيه درج مساله…							
1938-05-12	falastin	falastin19380512-01.1.3	typhus	بالتيفوس	other:Ramla	Ramla		y		…مطار كفر جنس للبيع والشراء يقصد توسيع المكان وتجهيزه لمعسكر الجيش وقد از بلت الاكواخ من مكانها ونصبت في جهه اخري، بعيده س حول احراق المزروعات المصابه بالتيفوس قلت في رساله سابقه ان الحكومه عزمت علي احراق المزروعات المصابه بمرض التيفوس وقد فهمت ان هذا الامر قد نفذ في قضاء غزه وعوض علي اصحاب المزروعات هناك بقيمه ٣٠٠ مل للدونم الواحد اما في فضاء الرمله فما زال مفتش الزراعه يدرس الموضو…							
1938-05-21	falastin	falastin19380521-01.1.5	typhus	والتيفوس	window			y		…بيب والاعمال الجديد التي م شرع باعدادها لتشغيل العمال العاملين بتل ابلب بعد حوادتهم التي اشرنا اليها ومنها اختلال بلدي تل ابيب خمسه ايام الحمي لراجعه والتيفوس بلغت الاصابات بمرض التيفوس في هذا الشهر في يافا اصابتين وفي بني براني التابعه لقضاء يانا اصابه واحده وفي حيفا اصابتين واصيب شخص واحد بالحمي الراجعه في قريه منسي التابعه القضاء …	9	18	0	open	1938-06-08(peak 14/30d)	-18	leads 18d
1938-05-21	falastin	falastin19380521-01.1.5	smallpox	والجدري	window			y		… التابعه لقضاء يانا اصابه واحده وفي حيفا اصابتين واصيب شخص واحد بالحمي الراجعه في قريه منسي التابعه القضاء حيفا اما قيود الحجر الصحي علي مرض الكوليرا والجدري فيراقب بها الان القادمون من مدن الهند الاتيه وهي : بومباي والله اباد وكلكتا وكراتشي وكاو بنور وكذلك يراقب بها القادمون من هونغ كونغ وراتكورن وهذا سوا…	0	0	0	open			no register cases either side
1938-05-21	falastin	falastin19380521-01.1.5	cholera	الكوليرا	window			y		…بني براني التابعه لقضاء يانا اصابه واحده وفي حيفا اصابتين واصيب شخص واحد بالحمي الراجعه في قريه منسي التابعه القضاء حيفا اما قيود الحجر الصحي علي مرض الكوليرا والجدري فيراقب بها الان القادمون من مدن الهند الاتيه وهي : بومباي والله اباد وكلكتا وكراتشي وكاو بنور وكذلك يراقب بها القادمون من هونغ كونغ وراتكورن …	0	0	0	open			no register cases either side
1938-05-25	falastin	falastin19380525-01.1.2	smallpox	جديري	page					…محاوله الاتراك عرقله الانتخاب و تهديداتهم الاسكند؛ ونه في ٢٤ ايار - يظهر العرب الارز في لواء الاسكندرونه اون وتضامنا جديرين بالانجاب، كانت نتيجته الاولي فضل التراك في الحصول علي الاكثريه في تسجيل اصوات السكان الذين انضمت اغلبيتهم الي العرب . وقد جهت مبالغ كبيره بواسطه الا…							
1938-05-31	falastin	falastin19380531-01.1.3	malaria	الملاريا	page					…فلاحين الذين تضرروا ب من الاملاك الشايكه في الحدود والتي مرت باراضيهم ان يقدموا لوايح او الخسار و التلف التقديم لمريض لهم تنقلات بين الموظفين ومقاومه الملاريا نقل السيد اعلون هيرا مهندس النافعه هنا الي مثل وظيفه في غزه وتسلم مكانه مينا نقل علي البابا عاد و كذلك نقل السيد حميد قاسم شاكر من بيسات الي الحوله ل…							
1938-07-03	falastin	falastin19380703-01.1.3	cholera	الكوليرا	page			y		…وباء الكوليرا يفتك بسكان الهند…							
1938-07-17	falastin	falastin19380717-01.1.3	malaria	الملاريا	other:Gaza	Gaza				…لقدس في يوم امس اعتقال عربي ووضعه في السجن اعتلت السلطه اليوم السيد بطرس السايغ و او درته السجن ولم تعرف الاسباب بازار خيري لمنفعه مدرسه البلديه جميع الملاريا احتفلت مدرسه البلديه باقامه سوق بازار خيري ريعه للمدرسه المذكوره سياره شحن تدوس شخصا فتصرعه في الساعه السادسه والنصف من مساء اليوم كانت سياره شحن رقم…							
1938-07-19	falastin	falastin19380719-01.1.3	measles	والحصبه	paragraph					…لاسلاك الشايكه في الازقه حلي اثر الحوادث التي تكررت في شارع الملوك . وضع الجند يوم امس لاسلاك الشايكه في بعض الازقه التي تتصل بالسوق بجنب قهوه الزجاج والحصبه ولم يترك سوي ممر صغير للجمهور وفل الجمع التبرعات من شرق الاردن قرر محفل الكرمل توسيع جميع التبرعات لمنكوني حوادث الجاري فانتخب وفدا مءلفا من السيدين …	1	0	0	open			register admitting, no surge
1938-08-03	falastin	falastin19380803-01.1.5	measles	حصبه	page					…دوليه والصدق في . معالجتها . وفي عزمي ان ادعو العصبه لزياره بلدان الشمال مره اخري ، وارجو ان تتمكن العصبه من زياره جنيف هذا الخريف لتوحي الي اجتماعات حصبه الامم باشياء جديده نافعه .…							
1938-08-09	falastin	falastin19380809-01.1.2	influenza	زكام	page				y	…لندن في ۸ اب - الغي المستر تشمبر اين رييس الوزاره البريطانيه الجازه الراحه التي يقضيها في الارياف وعاد الي لندن للمعالجه الصحيه حيث يشكر زكاما شديدا وقد راجت الاشاعات حول عودته الفجاييه ولكن المفهوم ان السبب الرييسي هو التداوي…							
1938-08-17	falastin	falastin19380817-01.1.1	measles	حصبه	page					…اد يدفع بهم الي زياده اعمال العنف ان هذا ظنا ار جیح كفه مطالبهم امام لجنه التقسيم ويجعل اللجنه تميل الي japin وضع حل لصالح العرب مع انه لا اليهود ولا حصبه الامم ولا البرلمان يوافقون علي الحل العربي الذي يريد ابقاء اليهود اقليه في فلسطين…							
1938-08-18	falastin	falastin19380818-01.1.2	cholera	الكوليرا	other:Cairo	Cairo		y		…في ١٧ باغارت الطايرات الوطنيه اليوم علي بلده تقع علي بعد ۲۰ ميلا جنوب الحدود الفرنسيه والقت عليها ۱۰۰ قنبله فقتل ٤ وجرح ١٧ - هنكا في ۱۷ اب - تفشي وبا الكوليرا بين الجنود اليابانيه ويقول احد الشهود ان هناك ٥ الاف اصابه ويقول اخر ان الاصابات زادت علي العشرين الفا لندن في ١٧ اب - استقبل المستر تشمير اين اليوم …							
1938-09-22	falastin	falastin19380922-01.1.5	smallpox	الجدري	page			y		… سفره من الفصل البريطاني المقيم في جده او من الحكومه المصريه وبنغي علي الحاج ايضا ان يكون مزودا بما يلي : ۱ ) جو از سفر للحج (۲) شهاده تفيد تلقيحه ضد الجدري والكوليرا ۳) تذاكر . قهر بالسكه الحديديه…							
1938-09-22	falastin	falastin19380922-01.1.5	cholera	والكوليرا	page			y		…ن الفصل البريطاني المقيم في جده او من الحكومه المصريه وبنغي علي الحاج ايضا ان يكون مزودا بما يلي : ۱ ) جو از سفر للحج (۲) شهاده تفيد تلقيحه ضد الجدري والكوليرا ۳) تذاكر . قهر بالسكه الحديديه…							
1939-02-08	falastin	falastin19390208-01.1.5	diphtheria	خناق	page				y	…ي ٥٠ الف صندوق الي الموانيء الاوربيه. ولا تزال في الميناء تسع بواخر لشحن البرتقال فقط ، وقد رست في الميناء الباخره زمالك وافرغت ٣٢٥ طنا من الحبوب ( ( خناقه ) بينهم .! بسبب المفاوضات ! ! تقول الصحف اليهوديه ان نقاشا عنيفا وقع في حدايق روتشلد قتل ابيب بين جماعات كبيره من اليهود حول وقد كثر عدد العرب والتف…							
1939-03-10	falastin	falastin19390310-01.1.5	diphtheria	الخناق	other:Jerusalem	Jerusalem			y	…تحاول الاحزاب الصهيونيه في فلسطين ازاله سوء التفاهم من بينها بمناسبه تضييق الخناق عليهم وتحرج موقفهم في مفاوضات لندن ولكن هذه المحاولات كلها كانت عبنا فقد اثبتت الاحزاب الصهيونيه في مناسبات كثيره ان الخلاف بينها اساسي لا يمكن ازالت…							
1939-03-10	falastin	falastin19390310-01.1.5	typhus	التيفوس	window			y		…جاء في اخر تقرير اسبوعي عن الامراض الساريه في فلسطين انه وقعت في خلال الاسبوع الذي ينتهي في منتصف ليله ٢٥ شباط الماضي اربع اصابات في مرض التيفوس منها اصابه واحده وقعت في مستعمره كريات حاييم قضاء حيف واصابه واحده في كفار شمار ياهو قضا يافا واصابه واحده وقعت في حيفا واصا بل واحده في الحضيره قضاء…	3	5	0	open			register admitting, no surge
1939-03-10	falastin	falastin19390310-01.1.5	smallpox	والجدري	paragraph					…ه والحجر الصحي مفروضين علي القادمين من كلكتاوه و نا كونغ بطريق الجو وعلي القادمين من كلكتا بطريق البحر او دلهي ومدراس بطريق الجو وذلك ضد مرضي الكولير والجدري…	0	0	0	open			no register cases either side
1939-05-02	falastin	falastin19390502-01.1.5	diphtheria	الخناق	page				y	…النواب وقد تعرفت هذه الحركه في بعض د الهييات فانتقلت من الرغبه في تضييق الخناق علي اليهود الي الرغبه في معامله الاجناس الافريقيه معامله اخري تختلف من معامله الاوربيين وقد اسست فرق شبه عسكريه ترمي الي تعبيه الشعور العام ضد اليهود…							
1939-06-09	falastin	falastin19390609-01.1.5	diphtheria	خناق	page				y	…قرض المليون لتحسين الوطن القومي «خناقه» منتظر اینسي معها الكتاب الابيض…							
1939-06-16	falastin	falastin19390616-01.1.5	measles	للحصبه	paragraph					… البوليس الشرقي طقطق ثم وزعوا علي المراكز الاتيه : مسم مع الدكتور حمد وديع نصر والدكتور عمر خليل مع تسعه رجال متطوعين في مركز الدكتور البوليس المجاور للحصبه الدكتور فءاد تابري مع عشره رحال متطوعين في دايره الكرنتينا في المرفا ويسرنا ان نذكر ان حضراتهم اظهروا الرغبه الزايده في التضحيه ومساعده الغير مما سجل…	0	0	0	open			no register cases either side
1939-06-23	falastin	falastin19390623-01.1.5	diphtheria	الخناق	other:Beirut	Beirut			y	…فضيقوا عليها الخناق حتي تمكنوا تحت جنح الظلام من امساكها واعتقال رجالها ، وقد اتضح بعد ذلك ان القافله من يهود اور با نزل رجالها في الاسكندرونه ومنها دخلوا الي سوريا فلبن…							
1939-06-25	falastin	falastin19390625-01.1.2	diphtheria	بخناق	page				y	… لا في اورباولا في الشرق الاقصي بان وانما يقضي عليها مبداها الشيوعي تعمل لاثاره الحرب العالميه وهذا امر قد يكون مستطاعا عندما تمسك الدول الديموقراطيه بخناق الدول الديكتاتوري - وكلها دول راسماليه استعماريه وتكون روسيا واقفه علي الحياد المطلق التام الذلك ليس في المفاوضات التي تدور الان في موسكو في سبيل ضم …							
1939-07-28	falastin	falastin19390728-01.1.5	measles	حصبه	page					…ح لهم بزياره البلاد كجماعه منظمه مرتبطه . مواعيد مهينه مع احدي شركات السياليه وهكذا شاهد هءلاء السياح فلسطين من علي ظهر الباحره وهم قادمون من امير كا حصبها لزياره القبر المقدس ومهد المسيح فكانت خيبتهم عظيمه ان موسم السياحه من اكبر المواسم التي تستفيد منها البلاد فعسي ان تقدم السلطات المسءوله جميع التسهي…							
1939-08-06	falastin	falastin19390806-01.1.5	malaria	للملاريا	page					…مخفر بوليس يبنا عدات دايره الامن العام من انشاء مخفر بوليس للشواطي في قريه يبنا لعدم ملاءمه المكان وتعذر المواصلات اليه ووجود بعوض للملاريا في جواره…							
1939-08-16	falastin	falastin19390816-01.1.5	diphtheria	خناق	other:Bethlehem	Bethlehem			y	…«خناقه» من اجل فتاه يهوديه…							
1939-10-06	falastin	falastin19391006-01.1.3	diphtheria	خناق	page				y	…بالرغ من الضايقه الاقتصاديه الاخذه في خناق الجميع وزياده الاسعار وغلاء لمعيشه فان دايره الماليه قد رمت دعاوي علي بعض سكان القريه العربيه الذين تاخرت عليهم بض الفسخط ايجارات البيوت التي يسكنونه…							
1939-11-30	falastin	falastin19391130-01.1.3	typhus	بالتيفوس	window			y		…في فلسطين في الاسبوع الذي ينتهي في منتصف ليله ٤ ت ٢ الجاري عشر اصابات بالتيفوس واصابه واحده بالتهاب السحايا الدماغيه وكانت في حيفا اما مرض التيفوص فكانت خمس اصابات منها في حيفا واربعه اخري في قري قضاء حيفا وهي شفيا وصيادين والخض…	36	12	0	open	1939-09-26(peak 28/30d)	65	lags 65d
1939-11-30	falastin	falastin19391130-01.1.3	smallpox	والجدري	paragraph					…ه وكريات بيا لك و الاما به له اشره كانت في تل ابيب ولا تزال قيود الحجر الصحي مفروضه علي القادمين من بعض جهات الهند والافن وهونغ كونغ ضد مرضي الكوليرا والجدري سواء كان قدومهم بطريق الجو او البحر…	0	0	0	open			no register cases either side
1939-11-30	falastin	falastin19391130-01.1.3	cholera	الكوليرا	paragraph					…ن والخضيره وكريات بيا لك و الاما به له اشره كانت في تل ابيب ولا تزال قيود الحجر الصحي مفروضه علي القادمين من بعض جهات الهند والافن وهونغ كونغ ضد مرضي الكوليرا والجدري سواء كان قدومهم بطريق الجو او البحر…	0	0	0	open			no register cases either side
1940-01-07	falastin	falastin19400107-01.1.3	typhus	التيفوس	window			y		… عشره ايام الامراض الساريه جاء في التقرير الصحي الاسبوعي للامراض الساريه في فلسطين عن الاسبوع الذي ينتهي في منتصف ليله -٩-١٢-٣٩ انه وقعت ست اصابات في التيفوس في حيفا وقد نقلت اليها من الرامه و كنيرت وكفر يديد او ناثانيا ووقعت اصابه واحده في التهاب السحايا في حيفا واصابه واحده في التيفوس في قريه كثير من قضاء حيفا الوفيات المشتبه بها حتمق قاضي الوفيات المشتبه بها يوم امس في قضيه حسين البرعي من دمره الذي توفي بتاريخ ۱۳-۱۱-۳۹ بسبب اصطدام…	23	11	0	open	1939-09-26(peak 28/30d)	103	lags 103d
1940-01-15	falastin	falastin19400115-01.1.4	influenza	الزكام	page				y	…لها الرقاعه البريج مون يتقي هذا المساء علي ما تدان منها من السهل جدا ان تقضي الي الزكام كلا وهذا امر بهج من الام والطفل- ليس هناك ما يتجرته الطفل هذا المساء. وليس هناك دراء قد يكون من ورايه ضرر للمعده الصغيره بل كل ما هنالك انك تدلكين ال…							
1940-01-16	falastin	falastin19400116-01.1.3	plague	طاعون	page					…طاعون الدماج ومكافحه انتشاره…							
1940-01-16	falastin	falastin19400116-01.1.3	plague	الطاعون	window			y	y	…ان مرض طاعون الدجاج الذي يعد من اخطر الامراض المعديه والميته. قد ظهر حديثا في مستعمره تقع في منتصف احد حقول تربيه الطيور في قضاء حيفا ان هذا الطاعون قد انتشر في فلسطين سابقا وسبب خساره فادحه المربي الطيور . نظرا لارتفاع عدد اصابات الطيور به…	0	0	0	open			no register cases either side
1940-01-16	falastin	falastin19400116-01.1.3	plague	الطاعون	page					… الرقابه قد سببت متاعب كثيره للمستعمره الا ان سكانها ابدوا مساعده جديه للموظفين البيطريين ويسره ان نعلن هنا بان المجهودات التي بذلت لمكافه انتشار هذا الطاعون الفتاك قد كللت بالنجاح التام .…							
1940-02-09	falastin	falastin19400209-01.1.4	influenza	الزكام	page			y	y	…هذا الدواء سوف يعني علي الزكام سريعا مون يعمل مباشر اذا كنت تريد ان تتخلص من الزكام بسرعه وجب عليك ان تهاجمه في الاماكن التي بها جهك فيهنا وهي المسالك - الهواييه في جسمك الانف والحنجره وفي هذه الحاله ما عليك والصدر الا ان تذلك الزور …							
1940-02-19	falastin	falastin19400219-01.1.3	measles	الحصبه	page			y		…مرض الحصبه يتفشي بين الاطفال…							
1940-02-19	falastin	falastin19400219-01.1.3	measles	الحصبه	page			y		…ازداد انتشار مرض الحصبه الذي اخذ يتفشي بين الاطفال مءخرا في يافا.…							
1940-03-17	falastin	falastin19400317-01.1.5	influenza	الزكام	page				y	…هذا الدهان البريع صرف يقضي هذا الماء علي ما تعانيه من الزمام من السهل جدا ان تقضي علي الزكام كلا وهذا امر بهج الام من 1 والطفل- ليس هناك ما يتجرعه الطفل وليس هناك دواء قد يكون من ورايه ضرر للمعده الصغيره بل كل ما هنالك انك تدلكين الزور والصدر…							
1940-03-21	falastin	falastin19400321-01.1.2	malaria	والملاريا	page			y		…تي يجب معالجتها بسرعه وحزم، ولقد كان لاعمال دواير الصحه فيما مضي تاثير طيب علي الصحه العامه في القري ، فالنظافه كانت موجوده بشكل يسر النفوس فخف الرمد والملاريا وغير ذلك من الامراض التي كان يسببها اهمال النظافه وكانت دايره الصحه ساهره علي مراقبه الحاله ، واخذ القرويون انفسهم يشعرون بميل نحو التقدم في هذا السب…							
1940-03-21	falastin	falastin19400321-01.1.2	influenza	الانفلونزا	other:Gaza	Gaza		y		… مصر صاحب الغبطه بطريرك الاسكندريه اعاده فتح دايره جمرك خانيونس علمت ان دايره الجمارك العامه ستعيد فتح دايره جمرك خانيونس في المده القريبه انتشار مرض الانفلونزا واصابه كثيرين انتشر مرض الانفلوانزا في هذه المدينه وقد اصيب به كثيرون لطف الله بعباده العثور علي قبر اثري وحلي ذهبيه . عثر العمال اليوم علي قبر اثري …							
1940-04-04	falastin	falastin19400404-01.1.4	influenza	الانفلونزا	other:Tulkarm	Tulkarm		y		…ان - لمراسل فاسطين الخاص - قال السيد عبد المجيد ابراهيم المهندس الميكانيكي بمدرسه خاضوري الزراعيه هنا الي مختبر بير السبع الزراعي بعد زياده مرتيه مرض الانفلونزا امر حضره طبيب الصحه الدكتور اديب خرطبيل باغلاق مدرسه شويكه لمده ثلاثه ايام بسبب انتشار مرض الانفلونزا بين طلابها وفاه فاضله توفيت اليوم في قريه عنبتا والده الشيخ يوسف افندي القبج عن عمر يناهز التسمين عاما وقد ذهب وفد من وجهاء المدينه الي عنبتا للاشترا…							
1940-04-04	falastin	falastin19400404-01.1.4	measles	الحصبه	page			y		…ابلت الدكتور سامي افندي شهاب ب طبيب صحيه المجدل وحادثته بخصوص المرض المذكور فافضي الي بما يلي : ان المرض المنتشر في قريه اسدود في الوقت الحاضر هو مرض الحصبه وكما هي العاده ينتج من مثل هذا المرض وفيات وتبذل دايره الصحه كل جهد لمكافحته و يذهب الطبيب اسبوعيا لزياره القريه، ويوجد بها كذلك مامور موظف نعرجي يشر…							
1940-04-04	falastin	falastin19400404-01.1.4	measles	الحصبه	page			y		…صحه او امر علي السكان في البدايه المحافظ علي نظافه القريه وبيوتها ويرجي ان يهتم السكان بالتعليمات التي اعطيت لهم حتي تمكن مكافحه هذا المرض وقد انتشرت الحصبه كذلك منذ عده في…							
1940-04-06	falastin	falastin19400406-01.1.3	influenza	الانفلونزا	page					…مرض الانفلونزا وطرق الوقايه منه…							
1940-04-06	falastin	falastin19400406-01.1.3	measles	الحصبه	page			y		…لورتين وقد حدثت في الناصره حوادث قليله من هذا النوع عولجت حالا اما القضاء فانه في الوقت الحاضر لا يزال بعيدا عن هذا الخطر باستثناء مدرسه قريه الرينه (الحصبه) وقد بلغ عدد المصابين ٢٤ تاميذا عولجوا معالجه فعاله من قبل دايره الصحه كذلك منذ شهر تقريبا اصيب بعض التلاميذ بداء الحصبه في قريه (بوريه) وقد اهتمت دايره الصحه للامر في حينه فكاهحث المرض وقضت عليه و هي مستمده لكل طلب ياتيها لمعالجه اي مرض كان…							
1940-04-06	falastin	falastin19400406-01.1.3	influenza	الانفلونزا	page			y		…ي حداد لاخذ بعض المعلومات عن مدي انتشار هذا المرض وكيفيه معالجته . وبعد ان طرحت عليه عده اسيله احاني عليها باختصار كما يلي في المدينه عده اصابات بداء الانفلونزا ويخشي ان تستفحل هذه العدوي في اقرب وقت ويصبح عدد المصابين بها كبير اومع وحود هدا الخطر فان دايره الصحه دايبه علي مكافحته وهي تامل من الجمهور مساعدتها…							
1940-04-07	falastin	falastin19400407-01.1.5	diphtheria	دفتري	page					…طه المدرسه التي ينتمي اليها الطالب علي المدارس التي يشترك طلابها في المسابقه اختيار افضل ترجمتين وارسالها باسم مدير مدرسه البصه الثانويه مكتوبتين علي دفترين من القياس المادي وبخط واضح (٤ اخر موعد لقبول الردود اول ) شهر ايار سنه ١٩٤٠ كبار ه تنتخب لجنه محترمه من المترجمين في دواير الحكومه واساتذه المدارس ل…							
1940-04-11	falastin	falastin19400411-01.1.4	malaria	الملاريا	other:Nablus	Nablus				…طلب تجفيف مياه لمكافحه الملاريا…							
1940-04-11	falastin	falastin19400411-01.1.4	malaria	الملاريا	other:Gaza	Gaza				…شتي انواع الحمي وقد ذكر من اجتمعت به من اهالي تلك القري انهم كثيرا ما طلبوا من الحكومه تجفيف مستقمات هذا الوادي وهم يخشون الان وقد قرب الصيف ان تنتشر الملاريا في فراهم وهذا يلفتون نظر دايره الصحه التطهير معاد الوادي كما عالون نجمه ترحيب الغزيين مقدم صاحب (فلسطين) ) ويتمنون له طيب الاقامه بين النهايه واصدقاي…							
1940-04-13	falastin	falastin19400413-01.1.3	influenza	الزكام	page				y	…ذا كان في الامكان اجتناب الكحه . خذ ملعقه صغيره من شراب النس للكحه تحضير معامل اللنبريس في لندن فتشفي من السعال والكحه بيوم واحد شراب النس للكحه يشفي الزكام والامراض الشعبيه وجميع النزلات الصدريه الشركه المصريه البريطانيه التجاريه يافا - شارع يافا - نلايب ص . ب ۱۷۹ - تلفون ۱۰۹۲…							
1940-04-17	falastin	falastin19400417-01.1.4	malaria	الملاريا	page			y		…ي الساعه الخامسه تناولوا الشاي مع رييس البلديه في منزل المستريل وصباح يوم امس الاثنين سافر سعادته مع عقيلته الي عسلوج فالقدس تجفيف المستنقعات لمكافحه الملاريا طلبت الحكومه الي مشايخ البدو الاجتماع في وادي الشريعه مع حضره القايمقام وطبيب الصحه للبحث في مكافحه املاريا قبل استفحالها وذلك بتجفيف ستنقعات هناك نق…							
1940-06-07	falastin	falastin19400607-01.1.3	diphtheria	خناق	page				y	…ام مختلفه امام المحكمه المركزيه نظرت المحكمه المركزيه اليوم في القضايا الاتيه : فورا مورا دوف امراه يهوديه متهمه بمحاوله قتل ابنتها وذلك بان قبضت علي خناقها وحاولت القضاء عليها ولما تغلبت عليها ابنتها وابتعدت عنها تناولت اله حاده وهوت بها علي راسها . و بعد سماع شاهد النيابه الدكتور معلوف عن فحصه لقوي ال…							
1940-06-12	falastin	falastin19400612-01.1.3	malaria	الملاريا	page					…الالالا ان بقلم الاستاذ بك رييس البلديه والتقرير مسجل واف تضمن ما قامت به البلديه من اعمال عمرانيه وما قدمته من مساعدات في سبيل تعليم الناشيه ومكافحه الملاريا والامراض . ويضطرنا ضيق المقام الان الي الاكتفاء بهذه الحكامه عن التقرير مرجيين التفصيل الي فرصه اخري…							
1940-06-30	falastin	falastin19400630-01.1.3	measles	الحصبه	other:Jenin	Jenin		y		…انباء في سطور المجدل في ٢٩ حزيران - لمراسل فلسطين الخاص - انتشر مرض الحصبه وتوفي من 1 جراء ذلك عدد من الاطفال اسف اهل المدينه علي وفاه المرحوم الدكتور فءاد بك الدجاني وقد نماء المءذنون من علي النا ذن رحمه الله رحمه واسعه لا …							
1940-07-30	falastin	falastin19400730-01.1.2	malaria	الملاريا	paragraph			y		…نتغراد خلافا لما يتصوره البعض وتهبط الحراره دايما في العصر ويستمر الهواء المنعش طول الليل . واما من جهه القايمات بخصوص شده الحر وانتشار الامراض ومنها الملاريا وعدم التصريح بالذهاب فهذا لا صحه له مطلقا فقد منع السفر بضعه ايام ثم ازيل والحاله الصحيه حسنه جدا ، والجميع يلهجون بالثناء علي اداره الحمه والقايمين …	0	0	0	absent			no-register-coverage
1940-08-10	falastin	falastin19400810-01.1.3	typhoid	بالتيفوييد	page			y		…ن التحقيق الامراض الساريه مكافحتها بلواء الله بسبب انتشار الامراض الساريه وخصوصا بلواء اللد الذي حدثت فيه خلال شهر تموز الماضي ٨٠ اصابه منها ۳۹ اصابه بالتيفوييد و ١٥ اصابه بالتيفوس و ١١ اصابه بالبراتيفوييد وخمس اصابات بالملاريا ، الصحه فان دايره في الوار تبذل جهودا مشكوره لمكافحه هذه الامراض ومنع انتشارها ومعالجه المصابين بها بشتي الوسايل الواقيه…							
1940-08-10	falastin	falastin19400810-01.1.3	typhus	بالتيفوس	page			y		…ريه مكافحتها بلواء الله بسبب انتشار الامراض الساريه وخصوصا بلواء اللد الذي حدثت فيه خلال شهر تموز الماضي ٨٠ اصابه منها ۳۹ اصابه بالتيفوييد و ١٥ اصابه بالتيفوس و ١١ اصابه بالبراتيفوييد وخمس اصابات بالملاريا ، الصحه فان دايره في الوار تبذل جهودا مشكوره لمكافحه هذه الامراض ومنع انتشارها ومعالجه المصابين بها بش…							
1940-08-10	falastin	falastin19400810-01.1.3	malaria	بالملاريا	page			y		…ساريه وخصوصا بلواء اللد الذي حدثت فيه خلال شهر تموز الماضي ٨٠ اصابه منها ۳۹ اصابه بالتيفوييد و ١٥ اصابه بالتيفوس و ١١ اصابه بالبراتيفوييد وخمس اصابات بالملاريا ، الصحه فان دايره في الوار تبذل جهودا مشكوره لمكافحه هذه الامراض ومنع انتشارها ومعالجه المصابين بها بشتي الوسايل الواقيه…							
1940-08-17	falastin	falastin19400817-01.1.3	malaria	الملاريا	page			y		…مليه لكي تقتنع بنفسك لنفسك وتري سرعه نتيجه عمله رو بنمو ساعد باعه ........... چرب اسيره في حالات الشراء هذه الكتب الا فلورا حيات البرد اسبادي الاعراء الملاريا ارسل الكم هذه الاسطر لا شكركم علي ارسالكم في اسرو هي وجع الراس الطمت ( عاده النساء اعطاني بعض نتايج مدهنه جاءتني امراه يشكو المشديد في عيبها الارق ور…							
1940-09-21	falastin	falastin19400921-01.1.2	malaria	الملاريا	paragraph			y		…ه. جرب هذه العمليه لكي تقتنع بنفسك لنفسك وتري سرعه نتيجه عماله 140 اسبرو ينمو ساعد بسامد الشراء لهذه الكتب ........ جرب اسيرو في حالات اسبادي الاعزاء الملاريا الطمث ( عاده السماء الراس الارف ارسل لكم هذه الامطار لا شكركم علي ارسالكم لي اسبر و الذي وجع ال اعطاني بعض نتايج مدهشه حادثني امراه نشكو الم شديد في …	0	0	0	absent			no-register-coverage
1940-09-27	falastin	falastin19400927-01.1.2	smallpox	الجدري	page			y		… التي قد يكون اقترضها حين سفره من القنصل البريطاني للقيم في جده او من الحكومه المصريه وان يكون مزودا بمايلي ۱) جواز سفر للحج (۲) شهاده تفيد تلقيحه ضد الجدري والكوليرا ( تذاكر صفر بالسكه الحديديه من بلده الحاج في فلسطين الي السويس ذهابا وايابا يمكن الحصول علي الاوراق والمستندات المذكوره اعلاه من جميع دو اث…							
1940-09-27	falastin	falastin19400927-01.1.2	cholera	والكوليرا	page			y		…د يكون اقترضها حين سفره من القنصل البريطاني للقيم في جده او من الحكومه المصريه وان يكون مزودا بمايلي ۱) جواز سفر للحج (۲) شهاده تفيد تلقيحه ضد الجدري والكوليرا ( تذاكر صفر بالسكه الحديديه من بلده الحاج في فلسطين الي السويس ذهابا وايابا يمكن الحصول علي الاوراق والمستندات المذكوره اعلاه من جميع دو اثر !…							
1940-10-18	falastin	falastin19401018-01.1.3	typhoid	التيفوييد	page					…والدكتور عادل نسيبه والاخوات الممرضات واخص منهن الاخت اليس و كلهم اولوني جميلا احفظه لهم مع الشكر بصورهم علي طفلتي ( سهام ( التي سقطت فريسه التيفوييد وهي تلاقي الان من عنايتهم ، ما يلاقيه جميع المرضي هناك واني ارجو ان يعتبر كل منهم هذه الكلمه بعض الوفاء من ان نسانيه الخدامها درويش الشامي الممتازين…							
1940-11-09	falastin	falastin19401109-01.1.3	typhoid	بالتيفوييد	page			y		…رين الاول الماضي ۸۸ مولودا وعدد الوفيات ٤١ وفاه في ذات الشهر الامراض الساريه وقعت في يافا خلال شهر ت ا الماضي ٣٤ اصابه بالامراض الساريه منها ۲۷ اصابه بالتيفوييد و ٦ اصابات بالتيفوس واصا به واحده بالبراتيفوييد . و وقعت في قضاء يافا خلال شهر ت ا لاضی ۳۳ اصابه منها ٢٥ اصابه بالتيفوس واصابه واحده بالبراتيفوييد الاذاعه اللاسلكيه محطه القاهره ٣٠ ٦ صباحا النشره الاخباريه ، ٦,٤٥ تمرينات رياضيه ، ٦,٥٥ الشيخ ابو العينين شعيشع - قران كريم، ۳۰-۱۰۰۰ ۱۰ النشره الاخبا…							
1940-11-09	falastin	falastin19401109-01.1.3	typhus	بالتيفوس	page			y		…لودا وعدد الوفيات ٤١ وفاه في ذات الشهر الامراض الساريه وقعت في يافا خلال شهر ت ا الماضي ٣٤ اصابه بالامراض الساريه منها ۲۷ اصابه بالتيفوييد و ٦ اصابات بالتيفوس واصا به واحده بالبراتيفوييد . و وقعت في قضاء يافا خلال شهر ت ا لاضی ۳۳ اصابه منها ٢٥ اصابه بالتيفوس واصابه واحده بالبراتيفوييد الاذاعه اللاسلكيه محطه القاهره ٣٠ ٦ صباحا النشره الاخباريه ، ٦,٤٥ تمرينات رياضيه ، ٦,٥٥ الشيخ ابو العينين شعيشع - قران كري…							
1940-12-17	falastin	falastin19401217-01.1.2	influenza	زكام	other:Jerusalem	Jerusalem			y	…ه سته اشهر اصدار احكام مختلفه في قضايا قررت محكمه الاستيناف العليا تنزيل مده الحكم علي يوسف حسن مرتي (قضاء الناصره) من عشر سنوات الي سبع و قررت براءه زكامونت روب المحكوم عليه بغرامه قدرها ٣٥ جنيها بتهمه حيازه اموال مسروقه وحكمت المحكمه المركزيه بالسجن لمده سنتين علي كل من مامان محمد سلمان الجرجاوي (غزه)…							
1940-12-25	falastin	falastin19401225-01.1.3	typhoid	التيفوييد	other:Ramallah	Ramallah	y	y		…اهر بود ان يشكر من صميم فءاده حضرات اطباء وممرضات مستشفي الحكومه للامراض الساريه في بيت صفافا علي ما لقاء ولده زهدي في اثناء ملازمته المستشفي لمعالجه التيفوييد الذي اصابه ، من العنايه الفايقه واللطف الفياض ، والحدب الشامل، ما نيستطيع زاءه الا ان يرفع علميه عميق شكره الولاه الامر في المستشفي جميعا ولا سيما كب…							
1940-12-29	falastin	falastin19401229-01.1.2	measles	حصب	page			y		…والقي عليها القنابل فاصابت اهدافها و لكن مقدار الخساير والاصابات لم يعرف بعد ، ويقول بلاغ القياده العامه اسلاح الجو الملكي ان الطايرات اغارت كذلك علي حصب والقت القنابل علي المستودعات الحربيه ووسايل النقل فاصابتها جميعا والحقت بها اضرارا فادحه. هذا ولم يطرا غير القليل من النشاط…							
1941-01-04	falastin	falastin19410104-01.1.3	influenza	الانفلونزا	page			y		…و فالا شعرت بتحسن وزالت الفلسطيني عني الحراره، لذلك جيت اشكركم ميافا مصر عزیز اسکندر خلیل جميع الصيدليات تبيع اسبرو جرب السبره في ۲ قرصان بسعر ۷ ملات الانفلونزا البرد اوجاع الراس وضع الخير الحاله العصبيه النقد العربي وقيع الاسنان ١٥ مل ه اقراص » الارف الخور الجيا }) عرق النسا ۲۷ قرصا…							
1941-01-12	falastin	falastin19410112-01.1.3	influenza	بانفلونز	page		y	y		…مركزيه يافا بانفلونز احاده اضطر بسببها الدخول مستشفي الحكومه للمعالجه ومتي شفي سينتدب لتراس محكمه مركزيه القدس. .…							
1941-02-04	falastin	falastin19410204-01.1.3	typhoid	بالتيفوييد	other:Nablus	Nablus		y		…لصحه في يافا مكافحه الامراض المحاريه اثره المنشود في تقليل حوادث هذه الامراض ولذلك لم تفسح في يافا وتل ابيب وقضاييهما خلال شهر ك ٢ الماضي الا٣٦ اصابه بالتيفوييد منها ١٦ في تل ابيب و ۱۳ في يافا ولا في القضاء و٧ اصابات بالبراتيفوييد منها ٦ في تل ابيب وواحده في يافا و اصابات بالتيفوس منها ؟ اصابات في تل ابيب و٣ في القضاء ولم تقع اي اصابه بالتيفوص في يافا…							
1941-02-04	falastin	falastin19410204-01.1.3	typhus	بالتيفوس	other:Nablus	Nablus		y		…شهر ك ٢ الماضي الا٣٦ اصابه بالتيفوييد منها ١٦ في تل ابيب و ۱۳ في يافا ولا في القضاء و٧ اصابات بالبراتيفوييد منها ٦ في تل ابيب وواحده في يافا و اصابات بالتيفوس منها ؟ اصابات في تل ابيب و٣ في القضاء ولم تقع اي اصابه بالتيفوص في يافا…							
1941-02-25	falastin	falastin19410225-01.1.3	malaria	الملاريا	other:Tiberias	Tiberias				…اباده الملاريا…							
1941-02-25	falastin	falastin19410225-01.1.3	malaria	الملاريا	other:Tiberias	Tiberias				… رييس قسم الامراض الساريه بالقدس ومهندس دايره الاشغال ويرافتهم طبيب دايره الصحه بالمجدل الدكتور عامي شهاب الكشف علي ذلك الوادي والعمل علي اباده اراضي الملاريا منه بتجفيف المستنقعات الكاينه فيه وردمها واتخاذ ترتيبات تكفل تحقيق ذلك وقد عادوا الي يافا بعد امام مهمتهم…							
1941-03-25	falastin	falastin19410325-01.1.3	smallpox	الجديري	page					…تحق الذكر ان السيد علي الدباغ قد عزم علي ابقاء اسماره السابقه التي يعرفها الجميع قبل الحرب كما هي وهذه تضحيه كبيره منه يجب ان تقابل بالتقدير والتشجيع الجديرين بمثل هذه المعامل الوطنيه الكبري ومكان هذه المعامل ما زال في شارع المحطه بيانا تلفون رقم ٦٥٣ فنتمني لهذه المعامل الوطنيه اطراد التقدم والنجاح…							
1941-03-25	falastin	falastin19410325-01.1.3	typhoid	التيفوييد	page		y	y		…مناصبه استعمال الزايده الدوديه من ولدي جورج ثم شفاءه من مرض التيفوييد في مستشفي الحكومه بيانا علي يد رييسه النطامي البارع الدكتور سامي بشاره ومساعده الدكتور عادل نسيبه التقدم بالشكر والثناء لها والحضره رييسه هذا المستشف…							
1941-03-26	falastin	falastin19410326-01.1.3	measles	الحصبه	window			y		…صادر من المحكمه الشرعيه لحيفا صياع بالمزاد العلني في ساحه الحصبه بحيفا يوم الاحد ٣٠-٣-٤١ تركه للتوفي صالح بن محمود ابي النيل وهي عباره من سجاجيد وكتبيات وموبيليا وادوات اخري فعلي راغبي الشراء الحضور لساحه الحسبه في…	0	0	0	absent			no-register-coverage
1941-03-27	falastin	falastin19410327-01.1.3	typhoid	التيفوييد	page			y		…قام طبيب ومفتشو الصحه في اليومين الاخيرين بتطعيم منتظم سكان قريه الشيخ مونس ضد التيفوييد كما جري تطعيم طلاب المدرسه الاميريه فيها وقد مثلت المدرسه مده ثلاثه ايام رينما بمانك الطلاب صحتهم ويزول اثر التطعيم منهم…							
1941-03-27	falastin	falastin19410327-01.1.3	diphtheria	دفتري	page					…اسبه عيد استقلال اليونان وذكرنا خطا ان المسيو دمتري انطاء نیادس هو رييس الجمعيه الخيريه اليونانيه والصواب ان رييس الجمعيه الخيريه اليونانيه هو المسير دفتري كار بس…							
1941-03-28	falastin	falastin19410328-01.1.3	typhoid	بالتيفوييد	page		y	y		…كانت المراه زهديه بنت حسين الواوي من قريه شقبه وساكنه في منطقه البصه بيافا ضربت قبل اسبوع وتالمت اذ ظهر انها كانت مريضه بالتيفوييد وقد نقات الي مستشفي الحكومه للمعالجه و لكنها توفيت يوم امس متاثره من الامها و مرضها وقد اشتبه البوليس بامرها و قبض علي من ضربها وهما زوجها ووالده للت…							
1941-03-30	falastin	falastin19410330-01.1.3	influenza	الانفلونزا	page					…لهبر المغذيه وخواصه المنشطه علي وجه لا مثيل له فاسرع BOVRIL في تناول البوفريلي علي الاقل مره في اليوم يهيء لك القوه الخصوصيه البوفريل اللازمه لمقاومه الانفلونزا الموزعون الوحيدون في فلسطين محلات سبني…							
1941-04-19	falastin	falastin19410419-01.1.3	typhoid	بالتيفوييد	page			y		…الحكومه بيانا وكانت ادخلت اليه قبل ضوعه عالم من وفاتها علي اثر ضرب ثم تبين انها مصابه بالتيفوييد و نتجت الوفاه ذلك من…							
1941-05-01	falastin	falastin19410501-01.1.2	malaria	الملاريا	page					…الاحتياطات عند وقوع الغاره الجويه انشاء سدين لمكافحه مرض الملاريا…							
1941-05-01	falastin	falastin19410501-01.1.3	typhoid	التيفود	page					…محام وطبيب من اسبابه حمي التيفود ، ٧,٠٠ الشيخ عبد العظيم زاهر - قران كريم ، ٧,٣٠ ٧,٥٠ اسطوانات ، ٨,١٥ حديث ( جماعه انقاذ الطفوله…							
1941-05-03	falastin	falastin19410503-01.1.3	influenza	الانفلونزه	page			y		…SPROLIMITED بدلا من هذا النجاح السريع في . النجاء العالم . ان الدواء الذي له خمسون SP واحده وتحمل المساحه تحل محل التعقيد فهو لا يغير القلب جدير بذلك الانفلونزه عرق النسا الدم البرد النصر العربي رجع الظامي وجع الاسنان القبور الجمعيه الحاله العربيه الروماتزم ب السيرك ارجاع الراس في الحالات الاتيه عزيزي نبودر م…							
1941-05-11	falastin	falastin19410511-01.1.3	typhoid	التيفوييد	page					…حمي التيفوييد…							
1941-05-13	falastin	falastin19410513-01.1.3	typhoid	التيفوييد	page					…لمكافحه مرض التيفوييد في العجمي…							
1941-05-13	falastin	falastin19410513-01.1.3	typhoid	التيفويد	page			y		…كوبرن وذهب الي دايره بلديه يافا بناء علي موعد مابقي حيث اجتمع الي رييس لجنه البلديه بالوكاله العيد علي المتقيم وبعض اعضاء الجنه لبحث مساله انتشار مرض التيفويد في محله العجمي الداخليه الذي تبين انه من جراء شرب الايام المشبعه بالاقدار هذاك وقد قاموا بجوله تفتيشيه في تلك الحاله فيها رييس اطباء الاصحه في المواد مجهم الدكتور موري وطبيب الامراض الساريه بيانا الدكتور هيدوه خلوا معظم الاماكن التي وقعت فيها اصابات التيفوييد وشاهد و المياه الامنه المجتمعه فيها وقرب…							
1941-06-03	falastin	falastin19410603-01.1.3	typhoid	التيفوييد	page			y		…لا تزال دايره الصحه بيانا توالي تلقيح طالبات وطلاب المدارس الاميريه والاهليه بالمصل الواقي ضد التيفوييد الذي تفشي في بعض احياء المدينه ويخشي ازدیاد انتشاره خلال اشهر الصيف الحالي وكذلك توالي تلقيح معظم السكان المجاورين لاي بيت وقعت فيه احدي حوادث الاصابه بالتيفوييد وتقوم دايره الصحه كذلك ببحث بعض التدابير العمليه لدرء انتشار حمي التيفوييد الخطره…							
1941-06-06	falastin	falastin19410606-01.1.2	typhoid	التيفوييد	page			y		…تطعيم الطلبه ضد حمي التيفوييد…							
1941-06-06	falastin	falastin19410606-01.1.2	typhoid	التيفوييد	page			y		…شرع في تطعيم تلاميذ وتلميذات بعض المدارس ضد حمي التيفوييد فنامل من دايره الصحه ان تامر بتعميم هذه العمليه المفيده علي كافه المدارس قبل حلول عطله الصيف التي اصبحت قريبه . اصدار احكام مختلفه في قضايا…							
1941-06-11	falastin	falastin19410611-01.1.2	typhoid	بالتيفوييد	other:Ramla	Ramla		y		…لانات عامه ليطلع الجمهور عليها تحوي ارشادات وتعليمات للوقايه من داء السكاب وحقنت الدايره المذكوره خلال ثلاثه اشهر ٦٠ شخصا اصيبوا بعض كلاب وقطط اصابات بالتيفوييد واهتمام دايره الصحه وقعت في المدينه بعض اصابات بمرض التيفوييد فقامت دايره الصحه بتلقيح من حدثت هذه الاصابات في منازلهم حتي لا ينتشر هذا المرض شجار بين شخصين يسفر عن وفاه احدهما اللطيف مصطفي الترك الثاني ويدعي حس…							
1941-06-13	falastin	falastin19410613-01.1.5	plague	الطاعون	page			y		…الدجاج بشان اصابات. الطاعون الي مربي…							
1941-06-13	falastin	falastin19410613-01.1.5	plague	الطاعون	page			y		…المستعمرات فيجب ابقاء الدجاج داخل اقنانه وذلك منعا لاختلاطه بالطيور الاخري ه ان يتصلوا حالا بالمفتش البيطري او مفتش امراض الدواجن اذا ارتابوا في ظهور الطاعون بين دجاجهم او في جوارهم وذلك رغبه في تشخيص المرض تشخيصا حاسما واتخاذ التدابير اللازمه لمكافحته قبل استفحاله وتعذر مقاومته…							
1941-07-29	falastin	falastin19410729-01.1.5	plague	الطاعون	page					…دايره الصحه ومكافحه الطاعون…							
1941-07-29	falastin	falastin19410729-01.1.5	plague	بالطاعون	window			y		…القدس - ن.م.ا - بالنظر الي ما وجد في حيفا من الجرذان المصابه بالطاعون في العهد الاخير تتخذ دايره الصحه بالتعاون مع البلديه اجراءات قويه لاستيصال شافه الجرذان وتنظيف المناطق الموبوءه…	0	0	0	absent			no-register-coverage
1941-08-06	falastin	falastin19410806-01.1.2	plague	الطاعون	dateline	Haifa	y	y		…من القاهره ليله امس عبد المعطي حسين مصطفي بك عضو مجلس النواب ونزل في لوكانده نصار . وفي صباح اليوم سافر الي بيروت بواسطه شركه فرج الله القضاء علي مرض الطاعون في المدينه .. سالنا صباح اليوم الدكتور مشعلاني طبيب الصحه عن اصابتي الطاعون اللتين وقعتا في المدينه مءخرا وكانتا سببا لتخوف دايره الصحه والجمهور من هذا الداء فعلمنا ان احد المصابين شفي تماما وغادر المستشفي معافي والثاني تفشي …	0	0	0	absent			no-register-coverage
1941-08-06	falastin	falastin19410806-01.1.2	plague	الطاعون	dateline	Haifa				… الصحه علي هدم البراكات والجدران التي تعشش فيها الجراذين لاجل القضاء عليها . وقد علمنا ان الجرادين التي صيدت قامت بفحصها دايره الصحه فلم تجد فيها داء الطاعون . وهو ما ادخل الاطمينار نوعا ما الي النفوس. ورود كميه من الحنطه الاستراليه والكنديه وردت كميات كبيره من الحنطه الكنديه والاستراليه وقد اشتري تجار الط…	0	0	0	absent			no-register-coverage
1941-08-13	falastin	falastin19410813-01.1.3	plague	الطاعون	page					…الاهتمام مكافحه الطاعون…							
1941-08-13	falastin	falastin19410813-01.1.3	plague	بالطاعون	dateline	Haifa	y	y		…ي دايره الصحه فحص ومنذ اربعه ايام تاكدت الدايره ان داء الناعرن غير موجود في تلك الجرذان . وقد بلغ ما اصطيد منها الي يوم امس حوالي ثمانمايه اما المصاب بالطاعون فسيغادر المستشفي في هذين اليومين وهو معافي . ولا تزال دايره الصحه بالاشتراك من البلديه والبوليس تعمل علي هدم البراكات والحيطان التي جهات المدينه جميع…	0	0	0	absent			no-register-coverage
1941-08-16	falastin	falastin19410816-01.1.2	influenza	الانفلونزا	page					…الوجع من الساعه وتعيد لك الصحا والنشاط وبالتالي الهناء والسرور برو اكبر قوه شفاييه طبيه تنزيل الالم من فلسطين جرب اسبروني فوايد اسیرو البري وجمع الظر الانفلونزا اوجاع الراسي قلقيليه : فلسطين الله العصبيه التعب العربي وجع الاسنان الاين شكرا جزيلا للفايده الجزيله التي تلتها الخير الحيا من اقراص اسپرو فبعد ان اس…							
1941-09-02	falastin	falastin19410902-01.1.3	typhoid	التيفوييد	other:Jerusalem	Jerusalem	y	y		…ستانف اعماله وعاد طبيب الصحه من اجازته التي ضاها في مرجعيون بين اهله وذويه وقد ستانف امس عمله السيد نبيه زعيتر اصيب منذ ١٤ يوما السيد نبيه زعيتر يحمي التيفوييد فنقل الي مستشفي لدجاني بيافا وحالته الصحيه في تقدم ستمر وقد زاره امس رييس بلديه نابلس لاطمينان عن صحته شفاه الله |…							
1941-09-04	falastin	falastin19410904-01.1.2	plague	الطاعون	dateline	Haifa				…ا من سوريا ولم يلبث ان شحن قسم منها للخارج وقسم وزع علي التجار ، ووصلت كميات من الارز والبضايع المختلفه من القطر المصري دايره الصحه واهتمامها ممكافحه الطاعون لاتزال دايره الصحه تواصل عملها بنشاط زايد في مكافحه الجرذان ويبلغ ما يصاد يوميا حوالي الميتين من معظم جوانب المدينه ترسل للفحص . وقد وجد في اصل الجرذان التي اصطيدت من احدي الجهات الغربيه في المدينه داء الطاعون فضوعف عدد المصايد في تلك الجهات . وقد علمنا انه سيمين خمسه موظفين اخرين عدا الخمسه الذين عينوا اولا للعمل في المكافحه تحت اشراف موظفي الصحه الذين يبل…	0	0	0	absent			no-register-coverage
1941-09-09	falastin	falastin19410909-01.1.3	typhus	التيفوس	page					…التيفوس بتل ابيب ، طبيب وضابط ايطالي…							
1941-09-09	falastin	falastin19410909-01.1.3	typhus	التيفوس	page					…سياتي مبكرا هذا العام في تركيا التيفوس بتل ابيب تقول ( اومر ) ان عددا من سكان…							
1941-09-09	falastin	falastin19410909-01.1.3	typhus	التيفوس	page		y	y		…تل ابيب اصيبوا بمرض التيفوس حتي ان الاسره المخصصه لهذا المرض قد صاقت عن الاتساع للمصابين وقد طلبت البلديه من الحكومه ان توسع مستشفي الامراض الساريه الموجود في باريس كانس وتضاعف …							
1941-09-23	falastin	falastin19410923-01.1.3	plague	الطاعون	other:Ramallah	Ramallah				…مكافحه الطاعون…							
1941-09-23	falastin	falastin19410923-01.1.3	plague	بالطاعون	window					…سافر صباح امس نايب رييس بلديه يافاورييس اطباء الصحه في اللواء ومساعده الي حيفا لمشاهده طريقه مكافحه الجرذان الموبوءه بالطاعون هناك والاطلاع علي الوسايل التي اتخذت للوقايه هذه من الجرذان وقد عادوا في المساء الي يافا تدهور سياره شاهد المسافروت امس بين يافا والقدس في حضيض وادي …	0	0	0	absent			no-register-coverage
1941-09-28	falastin	falastin19410928-01.1.3	plague	الطاعون	page			y		…تعمرات فيجب ابقاء الدجاج داخل اونانه وذلك منعا لاختلاطه بالطيور الاخري . ه ) ان يتصلوا حالا بالمفتش البيطري او مفتش امراض الدواجن اذا ارتابوا في ظهور الطاعون بين دجاجهم او في جوارهم وذلك لتشخيص المرض تشخيصا حاسما واتخاذ التدابير اللازمه لمكافحته قبل استفحاله وتعذر مقاومته.…							
1941-10-11	falastin	falastin19411011-01.1.3	typhus	التيفوس	page					…في مرض التيفوس…							
1941-10-11	falastin	falastin19411011-01.1.3	typhus	تيفوس	page			y		…وقعت سبع اصابات تيفوس بين…							
1941-10-11	falastin	falastin19411011-01.1.3	typhus	التيفوس	page		y	y		…المستعمرين في كفر مناحم ، في قطره یهودا ويخشي ان تكون هذه الحمي نوعا جديدا من التيفوس، وقد ارسل المرضي الي مستشفي الحكومه للامراض الساريه في بني براق للمعالجه والفحص الكافي ويقول العرب المجاورون من سكان القري ان هذا المرض يظهر كل بضعه …							
1941-10-14	falastin	falastin19411014-01.1.3	influenza	بالانفلونزا	page					…لمواشي ومحطات سفاد الحيوان للاطلاع علي الطرق المتبعه في هذه الاماكن الحديثه ، وقد انتهت جولته وكان مزمعا السفر يوم امس من يافا الي القاهره ولكنه اصيب بالانفلونزا فاضطر لتاخير سفره الي اليوم حيث يسافر بالطايره .…							
1941-10-29	falastin	falastin19411029-01.1.3	typhoid	التيفوييد	page					…بارا من خيره العاملين هو المرحوم عبد الله ثريا الدجاني احد شباب العايله الدجانيه الكريمه بيافا وذلك بعد اصابته عرض التيفوييد بشكل لم تجد معه عنايه جمهور الاطباء الذين اشرفوا علي معالجته تلقي الفقيد علومه في يافا ولما تطلبت البلاد شبابا من العاملين ظهر في الطليعه وعمل في الح…							
1941-11-14	falastin	falastin19411114-01.1.2	plague	الطاعون	dateline	Haifa	y	y		…الاولي للمكافحه ١٠٠٦ جرذونا ميتا و ٣٥٥٧ حيا . وقد حدثنا الدكتور المشعلاني مدير مستشفي الحكومه ان وجود جرذان ميته وان كان لدي التحليل لم يثبت وجود مرض الطاعون فيها غير ان وجودها ميته يدل علي اصابتها بمرض وقد وجد من بينها ۳۹ جرذونا مصابا بمرض الطاعون والذي ترجوه اداره الصحه انه اذا وجد جرذون ميت فلا يلقي به بعيدا بل تعلم عنه الصحيه حتي يفحص ذلك المكان اذا كان فيه جرذان لوقايه السكان وقد بلغ عدد المصابين بمرض الطاعون عشره شني تسعه منهم وغادروا المستشفي وتبذل اداره التنظيفات في البلديه جهدا مشكوراني تنظيف الاحياء التي تكثر فيها الجرذان عند البراكات التي هدفتها البل…	0	0	0	absent			no-register-coverage
1941-11-16	falastin	falastin19411116-01.1.2	influenza	الانفلونزا	page					…خواص لحم البقر الحبر المغذيه وخواصه المنشطه علي وجه لا مثيل له فاسرع في تناول البوفريل علي الاقل مره في اليوم. مهيء لك القوه الخصوصيه اللازمه لمقاومه الانفلونزا البوفريل الموزعون الوحيدون في فلسطين محلات سبني اعلان بلديه القدس تفصیل علي احدث طراز بموجب قانون بيع المسكرات لعام ١٩٣٥ جينا معلنين عن طلب الحصول ال…							
1941-12-20	falastin	falastin19411220-01.1.2	influenza	فالزكام	page				y	"…فالزكام والسعال اصرار يظهر اثرها علي صحيا الطفل عند ولادته والان امن ايتها الاخت ان اري فيك مثال الام "" الحكيمه التي يطفح قلبها سرورا حين تضم بين يديها طفلا …"							
1941-12-20	falastin	falastin19411220-01.1.2	influenza	الانفلونزا	page					"…لصحيحه والما تفوز جميع ولانه قوه علاجيه طبيه تزيل الالم بسرعه و بدون احتياج الي عقاقير خطره يباع في صبيح صيدلي فلسطين ASPRO اعلان جرب اسبدوا لما باني الانفلونزا، الرشح ، البرد اسعار هذا القرص ضبي العلماء الحميات ، وجمع الراس، الجاليه الام الحيض، للارق الوكلاء الي الجلدي الطاير الصبيت يصدر (۱۰lo "" ) ۴۳۰ BY. شك…"							
1942-02-17	falastin	falastin19420217-01.1.3	plague	الطاعون	window		y	y		…مطافحه مرض الطاعون في عكا عكا علي اثر اصابه جاويش | البوليس البريطاني في مركز بوليس علي بمرض الطاعون البشري حجر جميع رجال البوليس البريطاني بمكا في دور خام ا من بنايه مستشفي الحكومه بحيفا . وقد وزهت السلطات المختصه هنا ( مصايد ) الفيراز علي الاهالي وطلبت اليهم ان لا يموا اي فار قد يجدونه ميتا، وطلبت ا اليهم ان يبلغوا دايره الصحه عن ذلك حالا ، وحاله الجاويش البريطاني المصاب بمرض الطاعون لا تدعو الي القلق. رسم جمرکی اضافی كلتي عدد كبير من التجار بيابا وفي انحاء فلسطين من الذين وردت لهم مءخرا كميات من البضايع عن طريق لويس كتبا من دايره…	0	0	0	absent			no-register-coverage
1942-02-18	falastin	falastin19420218-01.1.3	diphtheria	بخناق	paragraph				y	…ينيه ونهيب بالتجار ان يخففوا من حده الغلو في رفع الاسعار وفي الربح خلال فتره وجيزه وان يشعروا بما يقاسيه غيرهم من شدايد في هذه الغمره العالميه الاخذه بخناق الجميع…	0	0	0	absent			no-register-coverage
1942-02-25	falastin	falastin19420225-01.1.3	plague	بالطاعون	page		y	y		…عات فيها فلبين الدعوه وزرن المعسكر فلقين من قايدات المعسكر كل لطف وايناس وشاهدن فيه حياه المراه المتطوعه ولمن هذا العمود المراه في حرب الحريه هل اصيب بالطاعون اصيب السايق يهودا غابوب في تل ابين بمرض الزمه الفراش ثلاثه اسا ميع واخيرا زاره الطبيب الحكومي وقرر نقله من منزله الي المستشفي الحكومي الامراض الساريه في مستعمره باردس كاتي لاشتباهه بانه مصاب بالطاعون وقد حقن الذين كانوا يعيشون معه بالمصل الخاص ضد الطاعون ما اتخذت الاجراءات اللازمه لتطهير المكان التطهير الملازم مستوي تكاليف الحياه كان يوم امس . وعد البحث النهايي في تحديد مستوي تكاليف الحياه في فلسطين ه…							
1942-03-08	falastin	falastin19420308-01.1.3	plague	الطاعون	page			y		…الحفظ الصحه ومنع تفشي الطاعون في يافا عقد اجتماع مهم في دار البلديه امس…							
1942-03-08	falastin	falastin19420308-01.1.3	plague	الطاعون	window			y		…متناهيه وبصوره خاصه مساله مكافح. الاضرار والاقذار التي تسبب نمو الفيران (الجرذان) المعديه وذلك خشيه انتقال عدوي الطاعون الي بيوت المدينه هذا المرض الذي ظهرت بوادره في حيفا ، وبعد انتهاء الاجتماع قام المجتمعون بجوله تفتيشيه في انحاء المدينه للاطلاع علي الحاله الصحيه الع…	0	0	0	absent			no-register-coverage
1942-03-27	falastin	falastin19420327-01.1.3	influenza	الانفلونزا	page			y		…ا شديده وقد زالت مجرد استعمال الاسبرو ثلاث مرات متواليه واصبحت الان متمتعا بالراحه التامه مستودع الادويه يانه ، شارع سف شراب الليمون الشنا يقضيان علي الانفلونزا اقرصان اسبروم اعلان 11, ليله واحده جرب اسيرف ۲۷ قرصا محالات لاصان الانفلونزا اوضاع الرايس الارف ASDDOالها النور…							
1942-05-16	falastin	falastin19420516-01.1.2	typhoid	التيفوييد	dateline	Haifa		y		…من الذين اجروا فحوص الامتحان لوظايفها بقرب اخذهم للعمل بعد موافقه المصادر الرسميه في القدس وذلك بمناسبه توسيع اعمالها ن تطعيم الطلاب بالمصل الواقي من التيفوييد ا يتناسبه فصل الصيف ستقوم دايره الصحه بتطعيم التلاميذ بالمعمل الواقي التيفوييد ، ولا تزال دايره الصحه تواصل اهتمامها بمكافحه الجرذان وقد من تبين ان الاصابات بينها قليله مصادره الحوم وتقديم اصحابها الي المحاكمه صادر السيد دلاعه م…	0	0	0	absent			no-register-coverage
1942-06-20	falastin	falastin19420620-01.1.2	typhus	بالتيفوس	window		y	y		…ءتمر رءساء البلديات القادم سيكون في القدس اما موعده فستعينه بلديه القدس بالاتفاق مع البلديات الاخري في جبل الكرمل حدثت في جبل الكرمل بحيفا عده اصابات بالتيفوس ( تيفوس (البطن) وكانت هذه الاصابات بين العايلات الفقيره . وقد تالفت لجنه لمكافحه التيفوس قوامها رييس البلديه نفسه المستر شبتاي ليفي والدكتور زيده مدير مستشفي هداسا والدكتور نسينبوم والمستر بهراب رييس الجنه بناء المستشفيات . ولما كان المست…	0	0	0	absent			no-register-coverage
1942-06-21	falastin	falastin19420621-01.1.2	typhus	التيفوس	page		y	y		…غرامه عشر من جنيها و علي ماير دوفشتس لبيعه علبه لحم يوم الاربعاء بعشره جنيهات . وبرات السيدين موسي وعوض من تهمه البيع بسعر مرتفع الاهتمام بمكافحه داء التيفوس في القري علمنا ان داء التيفوس بدا يظهر في القري حيث وقعت هناك عده اصابات وقد اهتم الدكتور منير المشعلاني نايب رييس اطباء مستشفي الحكومه بهذا الامر واعداد المصل لتطعيم المصابين وبذ…							
1942-06-21	falastin	falastin19420621-01.1.3	typhus	التيفوس	window		y	y		…حاخام الطايفه هناك اليهوديه في السودان وهو يقيم منذ ٣٦ سنه واصله من طبريا وقد اجتمع بالحاخامين في القدس في المايه تقول هاارتس ان ٦٠ في المايه من ميضي التيفوس في مستشفي الحكومه بحيفا هم من اليهود ولكن لم تحدث حتي الان اصابات تنتهي بالموت سوي اصابه واحده مات فيها طفل غربي . مهنه المحاماه دعت جمعيه المحامين ا…	0	0	0	absent			no-register-coverage
1942-06-24	falastin	falastin19420624-01.1.2	typhoid	التيفوييد	page					…اهتمام دايره الصحه بمكافحه مرض التيفوييد…							
1942-06-24	falastin	falastin19420624-01.1.2	typhoid	التيفوييد	dateline	Haifa	y	y		…حيفا في ٢٣ حزيران لمراسل فلسطين الخاص - تهم دايره الصحه بمكافحه | التيفوييد اهتماما يوازي اهتمامها بمكافحه مرض الطاعون عند انتشاره في السابق فقد اعدت حملات واسعه النطاق للوقايه منه ، فمن ذلك انه طلب من موظفي الصحه البحث عن المحلات التي يوجد فيها مصابون فيجري الفحص عليهم فاذا وجدوا انهم مصابون بالتيفوييد نقلوا حالا الي مستشفي الحكومه حيث يعتني بهم. او يتوجه الي هناك بعض اطباء الصحه ، ومن الترتيبات التي اتخذتها دايره الصحه ان تقوم حالا بتطعيم سكان المن…	0	0	0	absent			no-register-coverage
1942-06-24	falastin	falastin19420624-01.1.2	plague	الطاعون	dateline	Haifa		y		…حيفا في ٢٣ حزيران لمراسل فلسطين الخاص - تهم دايره الصحه بمكافحه | التيفوييد اهتماما يوازي اهتمامها بمكافحه مرض الطاعون عند انتشاره في السابق فقد اعدت حملات واسعه النطاق للوقايه منه ، فمن ذلك انه طلب من موظفي الصحه البحث عن المحلات التي يوجد فيها مصابون فيجري الفحص علي…	0	0	0	absent			no-register-coverage
1942-06-24	falastin	falastin19420624-01.1.2	typhoid	التيفوييد	dateline	Haifa		y		…شخصا من المصابين ولم نقع وفيات سوي اثنتين تطعيم طلبه وطالبات مدارس المعارف وقد قامت الحكومه بتطعيم طلبه وطالبات مدارس المعارف بالمصل الواقي من التيفوييد وكذلك بعض طلبه المدارس الاهليه . فوفا من انتشار هذا المرض لانه يخشي من عدواه . ولكن الاهتمام والحمله الواسعه التي تبديها دايره الصحه ستحول دون انتشار…	0	0	0	absent			no-register-coverage
1942-06-24	falastin	falastin19420624-01.1.2	typhoid	التيفوييد	dateline	Haifa		y		…اره مرتفعه ان يراجع الطبيب حالا للتاكد من نوع مرضه . وتتراوح مده الاصابات بين اربعه وسته اسابيع وتعود الصيحه بعد ثلاثه شهود . ومنهم من يظل يحمل مكروب التيفوييد ولو بند شنايه بمده طويله ، ودواير الصحه مستعاده التطعيم في كل يوم بعد الظهر وينصح من يشعر باعراضه عدم تناول المسهلات ومراجعه الطبيب حالا والاعراض حمي…	0	0	0	absent			no-register-coverage
1942-06-25	falastin	falastin19420625-01.1.2	typhoid	التيفوييد	dateline	Haifa	y	y		…ريضه بهذا الشان مرددين تذمر الاهلين من هذه الحاله وقد راينا الكثير من ذوي العايلات الصغيره لا ياخذون حصتهم من الدقيق اذ هي لا تكفي لمجنه واحده مكافحه التيفوييد وفحص المياه والابار اجري فحص لجميع المياه التي يستقي منها الجمهور بواسطه الانابيب للتاكد . من عدم وجود مكروب التيفوييد فيها ، وكذلك تقوم الصحيه بالكشف علي عدد كبير من الابار الخادمه. وترسل في الوقت ذاته انذارات لاصحاب الاباد بضروره كلها تاما حتي لا تكون سببا في انتشار هذا المرض . وكان عدد الاسره | في مستشفي الحكومه المعينه للامراض الساريه حوالي ثمانين سريرا . ولكن بسبب اصابات التيفوييد زيدت الي الميه وثارتين سريرا. وفي. - تشفي هداسا ٢٥ سريرا الانتخابات المعتاده للمجلس الطايفي اليهودي…	0	0	0	absent			no-register-coverage
1942-06-25	falastin	falastin19420625-01.1.2	typhus	تيفوس	paragraph			y		…تيفوس الامعاء تحدثت دانار عن اصابات تيفوس الامعاء التي تضاعفت في الصيف الحالي عن مثلها في صيف العام الماضي وقالت ان الارقام الرسميه التي نشرت عن الاصابات المذكوره في عام ١٩٤١ كانت ٩٤١ اصابه ب…	0	0	0	absent			no-register-coverage
1942-06-26	falastin	falastin19420626-01.1.2	typhoid	التيفوييد	other:Gaza	Gaza		y		…ضي المزارعين بالالات الحديثه تهم الحكومه الان بحراثه اراضي المزارعين بواسطه الات الحراثه الحديثه وسيشمل هذا العمل اراضي واسعه في هذا العام انتشار مرض التيفوييد والاقبال علي التطعيم انتشر مرض التيفوييد في المدينه والقري انتشارا كبيرا واقبل الناس علي ضه اقبال عظيما لكن دايره الصحه ترد الكثيرين منهم لقله وجود ماده التطعيم التطعيم لديها فنلفت نظر المسء…							
1942-06-26	falastin	falastin19420626-01.1.2	typhoid	التيفوييد	dateline	Haifa		y		…ي عشرين قضيه مخالفه لنظام البيع في الشوارع مع عدم وجود رخص للبيع فحكم بغرامات تراوحت بين ميه وخمسين ملا والاربعمايه علي نظافه مياه الابار ومكافحه مرض التيفوييد راجعت دايره الصحه بعض اصحاب ابار المياه المعده للبيع من الجمهور طالبه زياده الحرص علي سلامه الجمهور بالاعتناء بنظافه تلك المياه وعدم تعريضها لمتلوث بالمكروبات التي تعمل علي الحاق الاذي بالصحه العامه وهذا الاهتمام الذي تبديه الصحيه من اطبايها الي موظفيها للعمل بجد علي وقايه الجمهور من امراض التيفوييد وسواها من الحميات التي تكثر في مثل اشهر الصيف هذه جدير بخالص التقدير ، هذا وقد طلب بعض اصحاب المدارس الاهليه من اداره الصحه ان ترسل بعض موظفيها لتطعيم الطلبه بالمصل الواقي من التيفوييد . ولا شك ان اداره الصحه ستغير هذا الموضوع اهتمامها ايضا قبضه اخبار تلفونيه مختلفه في سطور داست امس احدي السيارات بجانب محنه السكه الحديد شخصا عرببا ف…	0	0	0	absent			no-register-coverage
1942-07-04	falastin	falastin19420704-01.1.3	typhus	بالتيفوس	page		y	y		…وقعت اصابات بالتيفوس في ضواحي القدس وقراها لا سيما في اوساط الطبقات الفقيره وقد دخل مستشفيات الحكومه بعض المصابين ولجات دايره الصحه الي توجيه وحدات صحيه بالسيارات الي الا…							
1942-07-12	falastin	falastin19420712-01.1.3	malaria	الملاري	page					…توسطي الحال مقابله حسنه لاسيما الذي يريد ان يشتري اوقيه فما دون الطافيه المماربيا تقوم دواير الصحه في الوقت الحاضر باتخاذ ترتيبات جديده لمكافحه امراض الملاري و تنظيف الاقنيه والاوديه التي ينمو البعوض فيها من تجمع مياه الامطار وذلك بمناسبه فصل الصيف الذي يكثر فيه انتشار هذه الامراض .…							
1942-07-18	falastin	falastin19420718-01.1.2	typhoid	التيفوييد	page			y		…اصابات التيفوييد والتطعيم بالمصل الوافي القي الدكتور منير المشعلاني محاضره في نادي الروتاري عن مرض النفوييد…							
1942-07-30	falastin	falastin19420730-01.1.3	typhoid	التيفوييد	page					…انتشار مرض التيفوييد بيافا وواجب المسءولين…							
1942-07-30	falastin	falastin19420730-01.1.3	typhoid	التيفوييد	page		y	y		…يزداد انتشار مرض التيفوييد بيانا في هذه الاونه يوما بعد يوم وقد امتلاءت الاسره الموجوده في بعض المستشفيات المخصصه هذا المرض بالوافدين المصابين بالتيفوييد هذا عدا عن الاشخاص و الاطفال الذين لم ينقلوا بعد الي المستشفيات ويقوم الاطباء بمعالجتهم | في بيوتهم وبالرغم من ان دايره الصحه تعلم باصابات اكثرهم فان…							
1942-07-30	falastin	falastin19420730-01.1.3	typhoid	التيفوييد	page			y		…ا في مثل هذه الحالات لمنع انتشار هذا المرض الوبيل غير متوفره تماما والمطلوب تنفيذها بحذافيرها لانه لا يكفي ان يطعم سكانت المنطقه التي وقعت فيها لصابه التيفوييد بالمصل الواقي فقط بل يجب فرض رقابه صحيه دقيقه في كل مكان لوقايه سكان المدينه من العدوي بهذا المرض…							
1942-07-30	falastin	falastin19420730-01.1.3	typhoid	التيفوييد	other:Tiberias	Tiberias				…مرض التيفوييد طبريا في ٢٩ تموز - لمر اصل فلسطين | الخاص خنت وطاه مرض التيفوييد في طبريا والقري المجاوره لها بهمه طبيب الصحه الدكتور سابا برنيخ واهتمام دايره الصحه العامه باستيصال شاغه هذا المرض الوبيل .…							
1942-07-31	falastin	falastin19420731-01.1.3	malaria	بالملاريا	page			y		…الحالات الضروريه التي تتطلب ذلك ، ولا سيما في حاله اصابه الانسان بالملاريا ويقول هذا البيان الرسمي انه علي الرغم من وجود كميات كافيه من الكينا في البلاد ، الا انه يجب الاقتصاد في استعمال هذه الماده الضروريه بالنظر الصعوبه اس…							
1942-08-08	falastin	falastin19420808-01.1.2	plague	بالطاعون	dateline	Haifa	y	y		…ر قادمين من مصر . وكانت بينهم السيده بديعه مصابني ويقدر عدد الذين سافروا الي لبنان من مصر في مده ثلاثه شهور بواسطه شركه فرج حوالي خمسمايه مصطاف اصابه بالطاعون في شفاعمرو والاهتمام في الامر وقمت في شفاعمر و اصابه واحده بالطاعون . وقد نقل المصاب الي المستشفي وخف الي هناك اطباء الصحه وبعض الموظفين واهتموا بالامر اهتماما كبيرا ناجر وا تنظيم المجاورين كما طلبوا من البلديه حرق ال…	0	0	0	absent			no-register-coverage
1942-08-08	falastin	falastin19420808-01.1.2	malaria	الملاريا	dateline	Haifa				…١٠) علي المستاجر ان يقدم كفاله ماليه معتبره لدي المجلس الاسلامي (۱۱) مده المزايده ثلاثون يوما من تاريخ الاعلان في الصحف ١٢) ان عمليات التجنيف ومكافحه الملاريا التي كانت مشروطه علي المستاجر السابق علي افندي عبد الهادي تعود علي المءجر اي اداره الاوقاف العامه (۱۳) مده الاجاره عن موسم زراعي تبتديء منته من اول ش…	0	0	0	absent			no-register-coverage
1942-08-08	falastin	falastin19420808-01.1.2	influenza	الزكام	page				y	…يه الملازمه الفراش اذا تناولته عين شعورك باي عوارض و وظهر مفعوله كنت النفس بصعوبه ASPRO اقدم لكم واجب الشكر نحو الدواء المفيد ( اسيرو) الذي انقذني من الزكام الشديد الذي اصابني منذ يومين وكنت لا استطيع التنفس حتي احضرت ( اسيرو ) فاخذت قرصين فقضي عليه ؟ حسين محي الدين - تاجر وترزي بنها - مصر اميرو هو معجزه …							
1942-08-08	falastin	falastin19420808-01.1.2	influenza	وزكام	page				y	…خدمت العالم اجمع بظهور, اسپری ، نقد استعملته للمره الاولي اول امس فزان ما بي من صداع مستمر تستعمل كمريره تقضي علي التربه بالزور واللوز. وحراره مرتفعه وزكام حاد ؟ احمد محمد الموجيل زمان احمر باب الليمون الساعين لازاله الجيد مدرس بمدرسه الحمراء الوكلاء محنودع الادويه الفلسطيني والرطوبه التهويه. المتعلميرا …							
1942-08-11	falastin	falastin19420811-01.1.2	typhoid	التيفوييد	dateline	Haifa	y	y		… والاهتمام بالنظافه فانها وزعت حوالي ثلاثين مصيده لصيد الجرذان التي هي سبب هذا الداء وقد علمنا ان المصاب اخذت تتحسن صحته في مستشفي الحكومه عدد اصابات التيفوييد في مستشفي الحكومه بلغت اصابات التيفوييد في مستشفي الحكومه حوالي ميه واربع اصابات وقد خفت من ذي قبل كثيرا بالنظر للاهتمام الكبير الذي تبديه دايره الصحه وقد علمنا ان دايره الصحه استعملت حوالي خمسين الف ابره التطعيم فكان لها اكبر تاثير في القضاء علي انتشار هذا الداء ولوحظ ان الاماكن التي وقع فيها الطاعون انتشر فيها داء التيفوييد وهذا انتشار التيفوييد فعسي ان تهم مما يدل علي ان الاقذار هي سبب كبير في البلديه والصحيه بتنظيف هذه المحلات…	0	0	0	absent			no-register-coverage
1942-08-11	falastin	falastin19420811-01.1.2	plague	الطاعون	dateline	Haifa				… ا حد الامر والمنتظر ان يخول البوليس قريبا صلاحيه اوسم من صلاحيته الحاليه لمطارده هذه المحلات وازاله شكوي الجمهور منها اهتمام دايره الصحه بمكافحه مرض الطاعون علي اثر وقوع حادثه طاعون في عنا اهتمت دايره الصيحه بهذا الامر اهتماما - كبيرا فعدا عن انها اشارت بحرق الاقذار والاهتمام بالنظافه فانها وزعت حوالي ثلاثين مصيده لصيد الجرذان ال…	0	0	0	absent			no-register-coverage
1942-08-11	falastin	falastin19420811-01.1.2	plague	الطاعون	dateline	Haifa		y		…الصحه وقد علمنا ان دايره الصحه استعملت حوالي خمسين الف ابره التطعيم فكان لها اكبر تاثير في القضاء علي انتشار هذا الداء ولوحظ ان الاماكن التي وقع فيها الطاعون انتشر فيها داء التيفوييد وهذا انتشار التيفوييد فعسي ان تهم مما يدل علي ان الاقذار هي سبب كبير في البلديه والصحيه بتنظيف هذه المحلات…	0	0	0	absent			no-register-coverage
1942-08-12	falastin	falastin19420812-01.1.2	typhoid	التيفوييد	other:Acre	Acre		y		…نصیب وقد وزعت دايره المءن رطلا واحدا من الدقيق لكل فرد من السكان موقتا حتي يهم طحن القمح لتوزيع باقي الحصص علي المستهلكين. تطعيم اهالي المدينه ضد مرض التيفوييد قررت دايره الصحه تطعيم اهالي المدينه ضد مرض التيفوييد الذي انتشر في الجهات الشماليه ووقعت بعض اصابات به هنا وقررت الحكومه اسكان التلاميذ من ابناء القري الذين يتعلمون هنا في دار المحكمه سابقا…							
1942-08-20	falastin	falastin19420820-01.1.2	malaria	الملاريا	dateline	Haifa				…اله المياه التي تسقي الارز لان دايره الصحه تري ان تسقي الاراضي المزروعه بالارز مده عشره ايام ونقطع عنها المياه مده يومين لعدم انتشار البعوض الذي يسبب الملاريا ویری المزارعون عدم انقطاع المياه عنها . وعلمنا ان اجتماعا اخر سيعقد يوم الجمعه وسيحضره مدير دايره الزراعه العام ومدير دايره الصحه وذلك في الحوله الاج…	0	0	0	absent			no-register-coverage
1942-09-19	falastin	falastin19420919-01.1.2	influenza	الانفلونزا	page					…ا من سيره قايك تنام. واذا انتقال الحر و شعرت بالاكتساب و وجمع الراس وبرامج الاعصاب فنادل من اقراص السيره فانك لا تلبث ان تشعر بالتغيير السريع المراكش الانفلونزا ان لا تنقضي دقايق قليله حتي تصور البنان الراحه والهدوء ويزول تعب الراس . وتها الاعصاب وتختفي الالام . البرد والجميان كل هذه يمكنك از التها ASPRO KALG A اعلان اصبت بصداع وز اوجاع المحلق من اذن عاقر و امعل الصداع وبين يديك علي الدوام الروماتم کا وہجن من اس الاهم الاخصب كلم شديدين وعليه الم شده الزكام يمكنني ان اعبر لكم عن لاندفع اكثر حنيا تناولت خلص شعوري مستودع الادويه اقراصكم (اسبرو ) وما استقرت حتي شعرك من الاثمان بالراحه التامه بعد ان كدت اجن …							
1942-09-25	falastin	falastin19420925-01.1.2	smallpox	الجدري	dateline	Haifa		y		…المبلغ الذي يكون قد اقترضه حين سفره من القنصل لبريطاني المقيم في جده او من الحكومه المصريه . وان يكون الحاج حاصلا علي جواز سفر للحجاج وشهاده تلقيح ضد الجدري وتذاكر سفر بالسكه الحديديه فلسطين الي السويس ذهابا وايابا . وتءخذ الاوراق والمستندات من دايره الصح.. ويجب ان تصل الطلبات قبل ٢٠ تشرين الثاني . فرع لد…	0	0	0	absent			no-register-coverage
1942-10-04	falastin	falastin19421004-01.1.2	typhoid	التيفوييد	dateline	Haifa	y	y		… تقدي، فبارك لجنه البلديه تعقد جلستها يوم الاربعاء تعقد لجنه البلديه جلستها الشهريه يوم الاربعاء القادم حيث تنظر في المواضيع المعده للبحث فيها. حوادث التيفوييد في تناقص مستمر لا تزال حوادث التيفوييد في تناقص وفي مستشفي الحكومه الي الان حوالي ۸۰ مصابا . وقد وقعت في الاسبوع الماضي حوادث قليله افتتاح جمعيه عايليه لال جدعون تاسست جمعيه عايليه لال جدع…	0	0	0	absent			no-register-coverage
1942-10-21	falastin	falastin19421021-01.1.2	typhoid	التيفوييد	page			y		…اصابات التيفوييد تخف - قانون الاقمشه…							
1942-10-27	falastin	falastin19421027-01.1.3	typhus	التيفوس	page			y		… بمرض التيفو عيد من ابتداء الشهر الحالي (تشرين الاول) حتي يوم ٢٢ منسه في يافا ٢٥ اصابه وفي تل ابيب ٣٥ اصابه وفي القضاء ۲۷ اصابه اما عدد الاصابات بمرض التيفوس خلال المده المذكوره فقد بلغت في يافا ۱۲ اصابه وفي تل ابيب ٢٥ اصابه وفي القضاء و اصابات…							
1942-11-07	falastin	falastin19421107-01.1.2	influenza	بالانفلونزا	page			y		…وخلاص ريع را ASPRO القاء لاتريد ان تصاب بالانفلونزا لهذا الستاء فاحتفظ باكيت اسيرو تخت الطلب وانا وتناول اقراص سيرك عندما تظهر الاعراض الاوفي عابك ... ولا شك است ان الانفلونزا لن تهزك بنيتي ... واذا اصبت اسير فيخرجها بالانفلونزا وجدت ان اس جسمك وكانها لم تكن. في انجله سمك في ليله واحده انتابي ليله امس صداع فكنت اشكو طول الليل بالام في راسي فذهبت مسرعا الي حانوت بقال واشتريت منه مظروف استبروه بخمسه مليمات تل بعض و تناولته في الحال وبعد مده وجيزه امتنع الالم؟ فءاد جرجس بمقرب الاجرب اسيرو في الحالات الانفلونزا عرق النسا البيع ارجاع الرايس البريد العب العصبي الارق وجمع الظهر وجع الاسنان الطب ال الحاله العصبيه الروماتز ASPRO الالتهاب RFC TRADEMARK الناتج من ا…							
1942-11-10	falastin	falastin19421110-01.1.3	plague	الطاعون	page			y		…بحثت فيها مساله الاجراءات التي اتخذت المكافحه الطاعون والحاله الصحيه اجمالا في المدينه بحضور المستر موسجريف…							
1942-11-18	falastin	falastin19421118-01.1.3	plague	الطاعون	page			y		…لطاقه الطاعون تواصل دايرتا الصحه والبلديه في المدينه اعمالهما في تطهير المهمله اليهوديه الواقعه بين رافا وتل لبيب من خطر تفشي الطاعون فيها خوف انتشاره في المدينتين . وقد نجحتا حتي الان في كل اعمالها ونتا بعان الان هدم بقيه البراكات (التخاشيب) في تلك المحله اليهوديه لكي لا تبقي سببا …							
1942-11-20	falastin	falastin19421120-01.1.3	typhoid	التيفوييد	paragraph		y	y		…ثه مفتشين جددا للمون هم ا بولس حنوش ، بطرس كليس ، والبير . حنضل كلمه شكر واجب قد حق علي الثناء علي مستشفي الدجاني الوطني فقد قضيت فيه زهاء الشهر بمرض التيفوييد فوجدت فيه كل استعداد لراحه للمريض والعنايه الفايقه بد و الان خرجت منه سليما معافي وادي لزاما علي ان انوه بادارته الحازمه فقد وفق في ان يكون للتعرف عل…	0	0	0	absent			no-register-coverage
1942-11-20	falastin	falastin19421120-01.1.3	plague	الطاعون	paragraph					…الندن سكان للتعويض علي تجري الابحاث الان في مساله التعويض علي اصحاب الاملاك التي هدمت في محله شابيرا اليهوديه الملاصقه لتل ابيب التي ظهرت فيها الصابه الطاعون للتعويض علي اصحاب هذه الاماكن المهدومه واهم ما في البحث هو من هي الجهه التي ستقوم بدفع هذا التعويض اذا تقرر وسيرفع تقرير بذلك الي حاكم اللواء للفصل ف…	0	0	0	absent			no-register-coverage
1942-11-21	falastin	falastin19421121-01.1.2	typhoid	التيفوييد	paragraph			y		…ان الكثير من الكبار تقدموا لاخذ المصل الواقي احتياطا . والذي تشكر عليه دايره الصحه هنا كل الشكر هو انها تحتاط لكل داء قبل استفحاله كما حدث عند اصابات التيفوييد والطاعون فتدنع جميع موظفيها من الكبير الي الصغير للعمل في وقايه السكان من الداء حيث يتقضي عليه في مهده . الكشوفات الاسبوعيه - الحاله في الاسواق قدم ع…	0	0	0	absent			no-register-coverage
1942-11-21	falastin	falastin19421121-01.1.2	smallpox	الجدري	window			y		…جهود دايره الصحه في مكافحه الجذري حيفا في ٢٠ ٢٥ - لمراسل فلسطين الخاص - لا تزال دايره الصحه تبذل كل جهد في مكافحه مرض الجدري وذلك سواء باشغال موظفيها المختصين بتطعيم الاطفال او الكبار او بتوزيع المصل علي الاطباء في العيادات لاجل تطعيم . اطفال زباينهم. كما انها ارسلت الي ذوي…	0	0	0	absent			no-register-coverage
1942-11-21	falastin	falastin19421121-01.1.2	plague	والطاعون	paragraph			y		…من الكبار تقدموا لاخذ المصل الواقي احتياطا . والذي تشكر عليه دايره الصحه هنا كل الشكر هو انها تحتاط لكل داء قبل استفحاله كما حدث عند اصابات التيفوييد والطاعون فتدنع جميع موظفيها من الكبير الي الصغير للعمل في وقايه السكان من الداء حيث يتقضي عليه في مهده . الكشوفات الاسبوعيه - الحاله في الاسواق قدم عدد من الت…	0	0	0	absent			no-register-coverage
1942-11-25	falastin	falastin19421125-01.1.3	plague	الطاعون	page			y		…دكتور زاهي حداد والسيد علي المستقيم وكيل رييس لجنه بلديه يافا ومهندسها السيد فهمي الدباغ قبل ظهر امس بزياره تفتيهيه جديده للمحله التي ظهرت فيها حادثه الطاعون والملاصقه لتل ابيب واشرفوا علي الحاله المايده فيها بعد التنظيفات والاصلاحات والاجراءات التي اتخذت فيها وقد مروا من ذلك واتفق علي متابعه العنايه التام…							
1942-11-25	falastin	falastin19421125-01.1.3	plague	طاعون	window			y		…هات بيسان واصابه واحده في حيفا ويحذر مربو الدجاج لاتخاذ الاحطياطات الكافيه لعدم اختلاط دجاجهم باي طير الخارج ومراجعه اقرب مفتش من بيطري عند ظهور حادث طاعون او للاستفاده من تعليماته لوقايه الدواجن…	0	0	0	absent			no-register-coverage
1942-11-29	falastin	falastin19421129-01.1.2	typhoid	التيفوييد	dateline	Haifa		y		… اسعار للياه التي تقدم للحدايق وتقديم الاشتال باسعار معتدله الي غير ذلك من الترتيبات المفيده والمساعده لانجاح مشروع الحدايق التطعيم ضد الجدري واصابات التيفوييد لا تزال دايره الصحه تواصل تطعيم الجمهور ضد الجدري . وقند جهات الي بعض موظفيها بالطواف علي المدارس لتطعيم جميع الطلبه والطالبات ما اقامت دايره مراقبه …	0	0	0	absent			no-register-coverage
1942-11-29	falastin	falastin19421129-01.1.2	typhoid	بالتيفوييد	dateline	Haifa	y	y		…لتطعيم ويبلغ عدد الذين لعبوا في دايره الصحه الان حوالي اثني عشر الفا ويجري كل يوم تطعيم حوالي سنايه شخص. ولا يزال في مستشفي الحكومه حوالي سبعين مصابا بالتيفوييد وقد خفت وطاه الاصابات من ذي قبل كثيرا الشكوي من الدقيق خدمه دينيه- -- تقيم كنيستا مار لوقا ومار يوحنا الانجيليتان خدمه دينيه غدا الاحد في الساعه الثا…	0	0	0	absent			no-register-coverage
1942-11-29	falastin	falastin19421129-01.1.2	smallpox	الجدري	dateline	Haifa		y		…مياه لاجل تخفيض اسعار للياه التي تقدم للحدايق وتقديم الاشتال باسعار معتدله الي غير ذلك من الترتيبات المفيده والمساعده لانجاح مشروع الحدايق التطعيم ضد الجدري واصابات التيفوييد لا تزال دايره الصحه تواصل تطعيم الجمهور ضد الجدري . وقند جهات الي بعض موظفيها بالطواف علي المدارس لتطعيم جميع الطلبه والطالبات ما اقامت دايره مراقبه علي الحدود التطعيم جميع من يدخل فلسطين من الخارج و…	0	0	0	absent			no-register-coverage
1942-11-29	falastin	falastin19421129-01.1.3	typhus	التيفوس	window			y		…وع المنتهي بيوم ۲۰ المجادي عده اصابات بالامراض المعديه عفو قمت في حيفا اصابه واحده للجدري ، وفي بير السبع اصابه بنفس العارض، ووقعت في حيفا اصابه بمرض التيفوس واخري في صندوثالثه في القدس ووقعت اصابه بالتهاب السحايا في حيفا واصابه بالحمي القرمزيه في حيفا ايضا شكوي محمد ارسل الينا فريق من سكان بلوك صباح و در …	0	0	0	absent			no-register-coverage
1942-11-29	falastin	falastin19421129-01.1.3	smallpox	للجدري	window			y		…امراض المعديه جاء في اخر عدد من الجريده الرسميه انه وقعت خلال الاسبوع المنتهي بيوم ۲۰ المجادي عده اصابات بالامراض المعديه عفو قمت في حيفا اصابه واحده للجدري ، وفي بير السبع اصابه بنفس العارض، ووقعت في حيفا اصابه بمرض التيفوس واخري في صندوثالثه في القدس ووقعت اصابه بالتهاب السحايا في حيفا واصابه بالحمي الق…	0	0	0	absent			no-register-coverage
1942-11-29	falastin	falastin19421129-01.1.3	plague	الطاعون	page					…تد اليد دايره الصحه بيافا لمكافحه الطاعون…							
1942-11-29	falastin	falastin19421129-01.1.3	plague	الطاعون	page			y		…من التدابير الحسنه التي اتخذتها | اره المعده بياه ملامح مرض الماعون في المحله اليهوديه التي ظهرت فيها اصابه ا الطاعون اصدار اوامر باغلاق عدد من المخازن القذره في تلك المحله او التي وبدت غير مستوفيه للشروط الصحيه خشيه ان تتخذها الجرذان او البراغيت | -…							
1942-11-29	falastin	falastin19421129-01.1.3	plague	للطاعون	page					…وهي ساعيه | الناقله للطاعون او كارا لها في انفلاق كل عمل او مخزن لم ينفذ الشروط الصحيه التي طلبت منه. وتذكر بهذه المناسبه ان عدد البراكات الخشبيه التي هدمت بامر دايره الصحه وبرا…							
1942-11-29	falastin	falastin19421129-01.1.3	smallpox	والجدري	page					…مرقيه الخاصه دول اصابني الطاعون والجدري .…							
1942-11-29	falastin	falastin19421129-01.1.3	plague	الطاعون	page					…مرقيه الخاصه دول اصابني الطاعون والجدري .…							
1942-11-29	falastin	falastin19421129-01.1.3	smallpox	والجدري	page					…بمناسبه ما نشرته الصحف من حوادث الطاعون والجدري ارسل امس السيد رشيد ابو لبن برقيه الي فخامه المندوب النامي هذا نصها : ان سبب انتشار الامراض الساريه من طاعون وخاروه ناتج من وجود شوارع قذره في احياء …							
1942-11-29	falastin	falastin19421129-01.1.3	plague	الطاعون	page					…بمناسبه ما نشرته الصحف من حوادث الطاعون والجدري ارسل امس السيد رشيد ابو لبن برقيه الي فخامه المندوب النامي هذا نصها : ان سبب انتشار الامراض الساريه من طاعون وخاروه ناتج من وجود شوارع قذره في احياء الكرتون والكرمل وفلورنتين وشابيرا وخلافها فباسم…							
1942-11-29	falastin	falastin19421129-01.1.3	smallpox	الجدري	page		y	y		…اشرنا في عدد ادي الي حادث ا اصابه الجدري في تل ابيب بالقرب من حديقه ديزنكوف . ونقول اليوم ان المصاب قد نقل الي مستشفي الحكومه للامراض الساريه في مستعمره بني براك الكاينه في شمال تل ابيب وهنا…							
1942-11-29	falastin	falastin19421129-01.1.3	smallpox	الجدري	page			y		…ه الاداريه من تطهير وتبخير العماره التي وجدت فيها الاصابه وعزلت بعد ان اخرج منها سكانها ومنع الدخول اليها مءقتا حتي يتاكد المسءولون من زوال خطر اصابه الجدري السريعه العدوي وحتي لا تاب شخص جديد ولا تزال الاجزاءات متواصله بهمه ونشاط للقضاء علي هذا المرض قبل استفحاله. |…							
1942-12-04	falastin	falastin19421204-01.1.3	typhoid	التيفوييد	page			y		…قضيه لان المدعيه لم تبرز مستندا يحق لها بموجبه طلب التعويض ولكن المحكمه اوصت الحكومه ان تنظر بعين العطف الي الارمله وايضاح الظروف التي مات فيها زوجها التيفوييد والتيفوس بانت الاصابات بمرض التيفوييد خلال شهر تشرين الثاني الماضي في يافا ٢٤ اصابه ومات مصاب واحد وفي تل ابيب ۲۰ اصابه ومات واحد من المصابين فقط وفي القضاء التابع ليافا ٥٢ اصابه ومات ثلا…							
1942-12-04	falastin	falastin19421204-01.1.3	typhus	والتيفوس	page			y		…لمدعيه لم تبرز مستندا يحق لها بموجبه طلب التعويض ولكن المحكمه اوصت الحكومه ان تنظر بعين العطف الي الارمله وايضاح الظروف التي مات فيها زوجها التيفوييد والتيفوس بانت الاصابات بمرض التيفوييد خلال شهر تشرين الثاني الماضي في يافا ٢٤ اصابه ومات مصاب واحد وفي تل ابيب ۲۰ اصابه ومات واحد من المصابين فقط وفي القضاء التابع ليافا ٥٢ اصابه ومات ثلاثه مصابين. وبلغت الاصابات بالتيفوس خلال الشهر المذكور في ياذا ٤ اصابات وفي تل ابيب ٧ اصابات اما حوادث مرض البرتيفو ليد فكانت في الشهر الماضي في يافا ٤ اصابات وفي تل ابيب ٤ اصابات وفي ا…							
1942-12-04	falastin	falastin19421204-01.1.3	smallpox	بالجدري	page		y	y		…ظهر امس اذا بسياره خاصه كانت قادمه من العجمي الي البلده تصادم باحدي الطفلات و تصيبها بجراح في في اوقد نقلت الي عياده احد الاطباء للمعالجه حاله المصاب بالجدري | فهم ان حاله الشخص اليهودي الذي اصيب بمرض الجدري في تل ابيب ونقل الي مستشفي الحكومه في مستعمره بني براك وعزل في غرفه خاصه لمعالجته، قد تحسنت واصبح لا يخشي من الخطر عليه او منه وقد خفت القيود التي فر…							
1942-12-11	falastin	falastin19421211-01.1.2	smallpox	الجدري	page			y		…مقاومه الجدري وتطعيم الاهلين…							
1942-12-11	falastin	falastin19421211-01.1.2	typhoid	التيفوييد	dateline	Haifa	y	y		…| حيفا في ١٠ ك ١ - لمراسل فلسطين الخاص - خفت حوادث اصابات التيفوييد و يوجد الان في مستشفي الحكومه حوالي عشرين مصابا اما حوادث الجدري فقد كانت اربعاء وقد تماثل احد المصابين وغادر المستشفي والثلاثه الباقون يتماثلون ايضا…	0	0	0	absent			no-register-coverage
1942-12-11	falastin	falastin19421211-01.1.2	smallpox	الجدري	dateline	Haifa	y	y		…| حيفا في ١٠ ك ١ - لمراسل فلسطين الخاص - خفت حوادث اصابات التيفوييد و يوجد الان في مستشفي الحكومه حوالي عشرين مصابا اما حوادث الجدري فقد كانت اربعاء وقد تماثل احد المصابين وغادر المستشفي والثلاثه الباقون يتماثلون ايضا للشفاء ويجري التطعيم في المدينه ضد الجدري يعمدل ٥٠٠ شخص كل يوم و كذلك يجري التطعيم في القري من قبل موظفي الصحه المندوب السامي يفتتح مشروع النعامين انتهي العمل في تجفيف نهر النعامين وحصر تلك ا…	0	0	0	absent			no-register-coverage
1942-12-23	falastin	falastin19421223-01.1.3	plague	الطاعون	page			y		…ماني الطاعون قام اليوم عدد كبير من عمال البلديه وعدد من العمال الاخرين بازاله عدد من البراكات والتخاشيب في حي الكرتون حيث ظهرت اصابات الطاعون وحتي لا تكون ماوي للنشر ان ناقله ميكروب هذا المرض وتتعاون البلديه مع دايره الصحه في عمل اللازم لتطهير تلك هذا الوباء بين السكان المنطقه ومنع نفشي تقد…							
1942-12-23	falastin	falastin19421223-01.1.3	smallpox	الجدري	page			y		…قامت دايره الصحه بيانا مءخرا بتطعيم عدد كبير من تلاميذ المدارس ضد مرضي الجدري والطاعون. وتحسن هذه الدايره صنما لو انها تقوم بتطعيم العمال الذين يعملون في المعامل الكبيره جوهم باعداد كبيره حيث تحت شد برسال مفتشي الصحه الي المصان…							
1942-12-23	falastin	falastin19421223-01.1.3	plague	والطاعون	page			y		…قامت دايره الصحه بيانا مءخرا بتطعيم عدد كبير من تلاميذ المدارس ضد مرضي الجدري والطاعون. وتحسن هذه الدايره صنما لو انها تقوم بتطعيم العمال الذين يعملون في المعامل الكبيره جوهم باعداد كبيره حيث تحت شد برسال مفتشي الصحه الي المصانع لتطعيم …							
1942-12-25	falastin	falastin19421225-01.1.3	plague	الطاعون	page			y		…| هدم عمال البلديه حتي الان ۳۰۰ مسكن و خشابيه في سوق الكرمل والحي اليهودي المجاور الذي وقعت فيه اصابات الطاعون وما يزال العمال بهدمون كل مسكن يصلح لا يراه الجرذان ناقل الطاعون . واوقفت البلديه عددا من البوليس الاضافي في ذلك الحي للمحافظه علي النظافه والتظهير ومنع الباعه من الاقتراب من ذلك الحي الموبوء…							
1942-12-27	falastin	falastin19421227-01.1.2	typhoid	التيفوييد	dateline	Haifa	y	y		…لحركه في الاسابيع القادمه تطعيم وتحسن وغرامات محاكم... خفت حركه التطعيم ضد الجدري بعد ان تطعم حوالي ثلاثين الف شخص بواسطه دواير الصحه وقاد هبطت حوادث التيفوييد و بقي في مستشفي الحكومه حوالي ستين مصابا علي انه لوحظ انتشار المرض مءخرا بين الاطفال. وتعمل دواير الصريحه علي مكافحتها نظر حاكم الصلح في هذا الاسبوع …	0	0	0	absent			no-register-coverage
1942-12-27	falastin	falastin19421227-01.1.2	smallpox	الجدري	dateline	Haifa	y	y		… و زياده معلومات ذوي التعليم الابتدايي وستنشط التعليم الاميين القراءه هذه الحركه في الاسابيع القادمه تطعيم وتحسن وغرامات محاكم... خفت حركه التطعيم ضد الجدري بعد ان تطعم حوالي ثلاثين الف شخص بواسطه دواير الصحه وقاد هبطت حوادث التيفوييد و بقي في مستشفي الحكومه حوالي ستين مصابا علي انه لوحظ انتشار المرض مءخر…	0	0	0	absent			no-register-coverage
1942-12-30	falastin	falastin19421230-01.1.3	plague	الطاعون	page					…كافحوا الطاعون !…							
1942-12-30	falastin	falastin19421230-01.1.3	plague	الطاعون	page					…دعت حوادث انتشار مرض الطاعون بين اليهود والعرب في تل ابيب ويافا الي اهتمام السكان في المدينتين والي زياده الاهتمام بين السلطات التي تقوم مكافحه هذا المرض الوبيل للوقايه منه والحد…							
1942-12-30	falastin	falastin19421230-01.1.3	plague	الطاعون	page					…من الضباط الاستراليين الجبيرين تكافحه الامراض الساريه وتباحثوا في خطوره الحال اذا ازداد مما هو عليه الان وما هي الوسايل الاكثر تقيا في اجراءات مكافحه الطاعون . وقد اتفقوا علي اتخاذ خطه جديده علاوه علي ما اتخذ حتي الان من اجراءات وتقرر تنفيذ هذه الخطه اعتبارا من صباح اليوم وبعد ذلك قام الدكتور مكوين والدكتور مودي والضابطان الاستراليان يصحبه؟ المستر جارنر رييس مفتشي بلديه يافا الي المنطقين اللتين وقعت فيها اصابتنا الطاعون في المنشيه واحداهما تقع في شارع العالم والاخري خلف جامع حسن بك بالقرب من شاطيء البحر ، و بعد تفتيش ما تقرر تطبيق الخطه الجديده فيها لاختيار مفعولها و…							
1942-12-30	falastin	falastin19421230-01.1.3	plague	الطاعون	page			y		…تلخص في ان توضع في اوان ماده طبيه مسحوقه مخلوطه بالدقيق بحيث تكون كالجلول وتوضع هذه الاواني في البيوت والشوارع المجاوره حتي البيت الذي حدثت فيه اصابه الطاعون في كل منطقه وتترك لمده ٢٤ ساعه ليتناولها الجرذان فتتحجر في بطونهم وتميتهم لانها تجمد فيها ومن طبيعه هذه الماده ان تجلب الجرذان والفيران اليها لا كلها…							
1942-12-30	falastin	falastin19421230-01.1.3	plague	بالطاعون	page					…لجرذان هناك ويقومون بالتفتيش من هذه الجرذان التي اكلت من هذه الماده لنقلها الي المختبر الصحي الذي اعد لها لفحصها وهكذا الي ان تنظف المنطقه التي اصيبت بالطاعون من الجرذان . هذا مع العمل علي ازاله جميع القاذورات او الاوساخ التي قد تكون سببا في انتشار الطاعون بما فيها البراكات…							
1942-12-30	falastin	falastin19421230-01.1.3	plague	الطاعون	page					… التي توجد فيها حتي لا يسقط شيء منها في الطريق حين نقارا الي مكان اخر و علي سكان المنطقتين المذكورتين ان يساعدوا جميع الذين يقومون بالاعمال في مكافحه الطاعون وعلي كل من يجد جرذان في اي مكان ان لا يقتلها بنفسه او ينقلها الي مكان اخر بل عليه تبليغ رييس مفتشي البلديه المستر جارتي او دايره الصحه لاتخاذ الاجراء…							
1942-12-30	falastin	falastin19421230-01.1.3	plague	الطاعون	page		y	y		… و بعد ان انتهي المستر مكوين ومن معه من زياده المنطقتين المذكورتين في المنشيه عاد الي دايره الحاكم واجتمع مع المستر كروسي في مكتبه وتحدث معه في موضوع الطاعون لزياده الاهتمام في مكافحته بكل وسيله وبعد ذلك عاد الي القدس *** مات في مستشفي بني براك الفتي العربي ديجي رمضان الجبار الذي اصيب بالماعون يوم امس الاول وهذا الفتي من المنطقه التي تقع خلف جامع حسن باك وهو يبلغ من العمر ١٣ سنه وقد قامت دايره الصحه بتبخير بيته وتطعيم افراد عايلته بالمعمل الواقي من مرض الطاعون وقد اشتبه امس بظهور حادثين…							
1942-12-30	falastin	falastin19421230-01.1.3	plague	بالطاعون	page		y	y		…جديدين بالطاعون في يهوديين احدها من شارع جيولا والاخر من شارع جوردون في تل ابيب وقد ذهب طبيب الامراض الساريه وكشف عليها ثم امر بنقلها الي مستشفي الامراض الساريه في بني براك المعالجتها و بهذه الحوادث الثلاث تبلغ حوادث اصابات الطاعون عشر اصابات توفي فيها خمسه من المصابين وهم فتاه يهوديه من محله شاير و يهوديان من تل ابيب والاثنان الباقيان عربيان من حمله المنشيه والخمسه المصابون الب…							
1942-12-30	falastin	falastin19421230-01.1.3	plague	الطاعون	page		y	y		… المعالجه في مستشفي بني براك ويقال ان حالتهم تميل الي التحسن وبهذه المناسبه لا بد انا ان نذكر ان كثيرين ذهبوا الي دايره الصحه بيافا التطعيم انفسهم ضد الطاعون ولكنهم لم يجدوا الامصال اللازمه لتطعيمهم. وقد طلب الينا الكثيرون منهم ان نلفت نظر دايره الصحه الي هذا النقص ولما راجنا المسءولين فيها حول ذلك اجابوا ان الامصال لاتعلي بالوقت الحاضر الا للاشخاص الذين يسكنون بالقرب من المكان الذي تقع فيه اصابه بالطاعون…							
1943-01-01	falastin	falastin19430101-01.1.5	smallpox	الجديري	page					…جات العلاوات التي منحتها مختلف للشركات والهييات لموظفيها بنسبه تطور تكاليف المعيشه ولكننا نقتصر في هذه الكلمه علي استعطاف حكومتنا الرشيده علي موظفيها الجديرين بالعطف والشعور معهم في هذا الظرف الاقتصادي العصيب فتسارع تنحهم العلاوات الكافيه في العام الجديد اسوه بالموظفين غير الحكوميين في البلاد ولعلنا نستطيع…							
1943-01-01	falastin	falastin19430101-01.1.5	plague	طاعون	page					…احتياطات واشتباه باصابتي طاعون…							
1943-01-01	falastin	falastin19430101-01.1.5	plague	طاعون	page		y	y		…نقلت الي مستشفي الامراض الساريه في بني براك والثانيه اصابه يهودي اشتبه . بها وعولج الرجل وهو في بيته واكتشفت اصابه ثالثه في شخص عربي يشتبه بانها طاعون وقد اكتشفت في المستشفي الانكليزي وماتت الفتاه اليهوديه التي اشتبه باصابتها قبل لثلاثه ايام…							
1943-01-05	falastin	falastin19430105-01.1.3	plague	بالطاعون	page			y		…اصابه جديده بالطاعون والشك بوقوع اخري ي…							
1943-01-05	falastin	falastin19430105-01.1.3	plague	الطاعون	page			y		…وقعت يوم اول امس حادثه اخري يمرض الطاعون ادت الي وفاه امراه من تل ابیب تدفي راشيل خندا ولها من العمر ٣٥ سنه ، وتقطن تلك المراه علي ساحل البحر في تل ابيب بالقرب من حدود المنطقه اليهوديه الموب…							
1943-01-05	falastin	falastin19430105-01.1.3	plague	طاعون	page			y		…| اول امس ثلاثه مصابين يشك في ان هم طاعونا ، ولم يثبت ذلك بعد وبين هءلاء الاشخاص رجل من نابلس وطفله لها من العمر ۱۸ شهرا وهي من تل ابيب وشاب في الثانيه والعشرين من عمره من سكان تل ابيب هذا وقد القي احد كبار الاطباء الهنود في الجيش البريطاني بفلسطين محاضره عن مرض الطاعون ليله امس في احد النوادي الطبيه في تل ابيب…							
1943-01-19	falastin	falastin19430119-01.1.3	plague	الطاعون	page			y		…العايلات التي هامت براكاتها في عدد من احياء المدينه القضاء علي وباء الطاعون وقد جري درس الحلول المعروضه كما درست الخرايط عن الاماكن المنتخبه الاسكانهم فيها واتفق علي تنفيذ ا سكانهم فيها باقرب فرصه وان يكون ذلك مساعده دواير ال…							
1943-01-19	falastin	falastin19430119-01.1.3	plague	الطاعون	page					…الصحه العامه بمكافحه الطاعون اهتمام…							
1943-01-19	falastin	falastin19430119-01.1.3	plague	الطاعون	page			y		… امس الي يافا وذه الي دايره الصحه حيث اجتمعا بالدكتور موري رييس اطباء الصحه في اللواء ومساعده الدكتور زاهي حداد ويحثوا فيما انتهي اليه امر مكافحه مرض الطاعون بيانا وتل ايب حتي الان تم مساله ايواء العايلات هدمت براكاتها من جراء القضاء التي علي هذا الوباء الخطير وبعد ذلك ذهبوا…							
1943-01-21	falastin	falastin19430121-01.1.3	plague	الطاعون	page					…كافحوا الطاعون !…							
1943-01-21	falastin	falastin19430121-01.1.3	plague	الطاعون	page					…وجه مدير دايره الصيحه في تل ابيب الي سكان هذه المدينه بمناسبه الاعمال التي تجري لمكافحه مرض الطاعون النصيحه الاتيه : علي كل شخص في تل ابيب لا ه…							
1943-01-21	falastin	falastin19430121-01.1.3	plague	الطاعون	page					… وشاب وطفل ان يتحول الي ( عامل تنظيفات) في هذه المدينه لكي لا يبقي فيها اي اثر للقذاره فتنظف البيوت والمخازن والساحات و بهذه الوسيله يمكنكم اتقاء خطر الطاعون الذي يهدد المدينه ) وفي عدد امس من فلسطين»…							
1943-01-21	falastin	falastin19430121-01.1.3	plague	الطاعون	page		y	y		…ساعد مدير دايره الصحه، في اللواء وجري البحث فيه حول الحادث الجديد الذي ظهر امس الاول في حي النزهه في يافا اذ اصيب احد سكان ذلك الحي وعمره ٢٥ سنه بمرض الطاعون ونقل الي مستشفي الامراض الساريه في مستعمره ( بني براك ) . وقد تقرر في الاجتماع المذكور اتخاذ التدابير اللازمه للقيام بحمله قويه واسعه من اعمال التطوير ضد الطاعون واتخاذ الوسايل الفعاله لزياده العنايه بمكافحه هذا المرض الخبيث . وتقرر ايضا في الاجتماع المذكور ان يطلب من السكان انفسهم القيام بحمله صحيه واسعه وذلك بان ينظفوا بيوتهم وحوانيتهم ومكاتبهم زياده علي ما قادت وتقوم به الدواير المسءوله لقتل الجرذان الناقله للطاعون والقضاء علي هذا المرض في كل مكان في المدينه ان مرض الطاعون من اخبث…							
1943-01-21	falastin	falastin19430121-01.1.3	plague	الطاعون	page					…تمد علي الدواير الصحيه لتنظيف بيته فمعني ذلك. ان البلديه ودواير الصحه تحتاج الي عشرات الالوف من العمال وهذا ليس بالامر السهل في الوقت الحاضر وان حادث الطاعون الاخير الذي ظهر في محله النزهه حادث خطير لان هذا الحي من نظف واحدث احياء المدينه ويخشي ان ينتشر المرض الي احياء اخري في المدينه وتزيد الحوادث في هذا …							
1943-01-21	falastin	falastin19430121-01.1.3	plague	الطاعون	page					…الاهتمام الكبير بمكافحه الطاعون بيانا…							
1943-01-21	falastin	falastin19430121-01.1.3	plague	الطاعون	page					…تفتيش صحي مفاجيء استءنفت امس الاجتماعات لمواصله دراسه التدابير الواجب اتخاذها لمكافحه مرض الطاعون واستيصاله قبل ازدياد خطره وانتشاره في مطلع الصيف المقبل و كان اخر اجتماع عقد هذه الغايه الاجتماع الذي عقد في دايره بلديه يافا وحضره المستر موسجريف مس…							
1943-01-21	falastin	falastin19430121-01.1.3	plague	الطاعون	page			y		…يه السيد محمد فهمي الدباغ. وقد نقرر ان يشرع اليوم في بناء المراحيض والمطابخ في الارض التي ستنصب فيها الخيام لا يواء من هدمت بيوتهم من جراء مكافحه مرض الطاعون وتقرر ان تكون اجور العمال الذين يقومون بالمكافحه ( بعد ان جرت زيادتهم ) امن دايرتي البلديه والصحيه وتقرر مواصله تنظيف شوارع المناطق التي ظهرت فيها اصابات الطاعون وفرشها بالرمل والكر كار وقد اتصل بنا انه بالرغم مما جاد…							
1943-01-21	falastin	falastin19430121-01.1.3	plague	الطاعون	page					…في كل مكان بالمدينه من الطاعون واسكانهم رغما عنهم في الخيام بدل بيوتهم الحجريه او الخشبيه لذلك نلفت نظر جميع السكان الي هذا الامر وتحثهم من الان علي وجوب تنظيف بيوتهم وسد خروقها بعد قتل الجرذان التي قد تظهر فيها وعمل كل ما يمكن عمله من الوسايل الصحيه لوقايه انفسهم من خطر مرض الطاعون ، وقد علمنا ايضا انه ستقوم هييه مءلفه من الحاكم الاداري ومدير البوليس واطباء الصحه ورجال البلديه بتفتيشات صحيه مفاجيه علي المخازن التجاريه في كل مكان…							
1943-01-21	falastin	falastin19430121-01.1.3	plague	الطاعون	page		y	y		…اقفال بعد تعزيل المخزن وتنظيفه بواسطه العمال وستجري اعمال هذه الهييه من يوم لاخر وفي كل وقت تراه مناسبا لان الراي استقر علي توفير جميع الجهود لمكافحه الطاعون بدون اين هواده ونذكر ان حاله المراه و الشاب اللذين تقلا للمعالجه في مستشفي بني براك تسير في طريق التحسن مع العلم بانه لم يثبت بعد اصابه الشاب بالطاعون ولا يوجد في المستشفي الذكور غيرها مصاب بهذا المرض بعد وفاه السبعه السابقين وخروج | الخمسه الذي كان مشتبه باحا بتهم…							
1943-01-24	falastin	falastin19430124-01.1.3	plague	الطاعون	page					…ينه وحثهم علي مساعده رجال البوليس و ابان لهم ضروره توحيد الجهود للقضاء علي كل ما من شانه الاخلال بالامن ومن تم تبعه الدكتور ايوب ، وشرح للمجتمعين مرض الطاعون واعراضه وطرق الوقايه منه ، وجهود السلطات المختصه في هذا الصدد للقضاء علي هذا المرض الوبيل في الشيخ مونس عقد مجلس محلي الشيخ مونس ظهر امس جامه برياسه …							
1943-01-24	falastin	falastin19430124-01.1.3	plague	الطاعون	page					…ثم اعد كما يلي : - ستقبل الشخصيه الكبيره الي ظاهر للدينه بالقرب من المكان الذي نصبت فيه الخيام لايواء العايلات التي فقدت مساكنها من جراء اعمال مكافحه الطاعون بيافا وهو المكان الواقع منذ زاويه مسلخ بلديه يافا ويكون في استقبالها المستر سكرفتر وكيل حاكم لواء الله. والمستر موسجريف مساعده وقايمقام ياذا الاداري …							
1943-01-24	falastin	falastin19430124-01.1.3	plague	الطاعون	page					…اهتمامه بمكافحه الطاعون وزبارته الحاكم اللواء…							
1943-01-24	falastin	falastin19430124-01.1.3	plague	الطاعون	page					… الصحه بفلسطين يرافقه مساعده الدكتور مكوين وذهب في الساعه الرابعه الي المكان الذي خصص لايواء العايلات التي هدمت براكاتها في يافا من جراء اعمال مكافحه الطاعون في المدينه وقد كان في رفقته هناك الاستر موسجريف مساعد حاكم لواء الله والدكتور زاهي حداد وكيل رييس اطباء المواء والسيد علي المستقيم نايب رييس بلديه يا…							
1943-01-24	falastin	falastin19430124-01.1.3	plague	الطاعون	page		y	y		… بها الجنود الهنود وبالغ عددها حتي مساء امس ٤٠ خيمه و لذلك المنافع الصحيه من مراحيض ومطابخ وغيرها وقد قدم المدير العام بعض الارشادات واستفهم عن حوادث الطاعون في المدينه واطلع علي اخر الانباء عنه حيث لم تظهر خلال الثلاثه ايام الماضيه اشتباهات بالطاعون ولم ينقل الي مستشفي الامراض الساريه في بني براك اي شخص جديد وان الثلاثه الذين فيه وهم المراه العربيه من سوق اليهود بالمنشيه والمراه اليهوديه من محله …							
1943-01-24	falastin	falastin19430124-01.1.3	plague	الطاعون	page		y	y		…جيده وسيخرجون من المستشفي قريب واطلع ايضا علي الاعمال الجاريه في مكافحه الطاعون حيث جري هدم ١٥٠ براكه واحرقت في محله المسلخ وشارع يافا تل ابيب وشارع سلمه وقتل فيها - بامكنتها ٦٠ جرذا نقلت جميعها الي المختبر الصحي لفحصها ومعرفه ما قد يكون مصاب منها بترض الطاعون وكان ذلك خلال اليومين الماضيين فقط كما استفهم من اعمال التنظيفات في جميع احياء يافا وطالب بزياده العنايه في التنظيف وسرعته و بعد ذلك ذهب ومساعده الي …							
1943-01-26	falastin	falastin19430126-01.1.1	plague	الطاعون	page					…عاد المستر كروسي حاكم لواء اللد واطمان علي صحته ثم عاد تو كبه الي المكان الذي خصص لايواء العايلات التي هدمت براكاتها من جراء اعمال مكافحه الطاعون بالقرب من المسلخ البلدي في المدينه وكانت الساعه ١١ ولدقيقه ٤٠ .وقد استقبله هناك المستر سكر فتر وكيل حاكم…							
1943-01-27	falastin	falastin19430127-01.1.3	plague	بالطاعون	page			y		…يهوديه بالطاعون التحقق من اصابه فتاه…							
1943-01-27	falastin	falastin19430127-01.1.3	plague	بالطاعون	page		y	y		…ان الفتاه اليهوديه التي تبلغ من العمر ١٣ سنه وتسكن بالقرب من دايره الصحه في تل ابيب والتي نقلت الي مستشفي الامراض الساريه في بني براك كمشتبه باصابتها بالطاعون انها مصابه بهذا المرض الخبيث فعلا بعدان جري فحصها وهي الان في المستشفي المذكور تحت المعالجه للعمل علي شفايها من هذا المرض . وقد اشتبه امس اصابه فتي ي…							
1943-01-27	falastin	falastin19430127-01.1.3	plague	الطاعون	page		y	y		…محله نجلات اسحق الواقعه شمالي تل ابيب عرض الطاعون ونقل الي مستشفي في براك للتحقق من اصابته اما بقيه الموجودين في المستشفي المذكور ذهن المعالجه فلا يزالون فيه وقد تواصلت امس اعمال مكافحه الطاعون في كل جهه نار فيها هذا المرض بيافا وتل ابيب و تنابع نصب الخيام لايواء العايلات التي هدمت براكاتها من جراء اعمال مكافحه الطاعون…							
1943-01-27	falastin	falastin19430127-01.1.3	malaria	والملاريا	page		y	y		…الطاعون والملاريا . وقد تسلم زمام اعماله بنشاطه المعهود وذهب قبل ظهر امس الي مستشفي الحكومه بيافا لعياده المستر كر وسبي حاكم لواء اللد للاطمينان علي صحته التي تسير في …							
1943-01-27	falastin	falastin19430127-01.1.3	plague	الطاعون	page		y	y		…الطاعون والملاريا . وقد تسلم زمام اعماله بنشاطه المعهود وذهب قبل ظهر امس الي مستشفي الحكومه بيافا لعياده المستر كر وسبي حاكم لواء اللد للاطمينان علي صحته الت…							
1943-01-27	falastin	falastin19430127-01.1.3	plague	الطاعون	page					…شده الهتمام تل ابيب بمطافحه مرض الطاعون…							
1943-01-27	falastin	falastin19430127-01.1.3	plague	الطاعون	page					…يشتد اهتمام تل ابيب بمكافحه الطاعون | و تنشر الصحف اليهوديه يوميا نصايح موجهه من كبار الاطباء الي السكان عن كيفيه مكافحه مرض الطاعون والاحتياط ضد انتشاره في المنازل والحوانيت . واهم هذه النصايح النظافه التامه وعدم…							
1943-01-27	falastin	falastin19430127-01.1.3	plague	الطاعون	page			y		…علي اثر ما نشر في الصحف المحليه من ضروره تفتيش الخانات التي تبيع الدجاج والبيض في المدينه من قبل دواير الصحه التي تكافح مرض الطاعون قام مندوبنا المحلي بزياده لمحل السيد عارف يوسف في نقله الذي يتعاطي بيع الدجاج والبيض فوجدوه نظيفا ومستوفيا…							
1943-01-28	falastin	falastin19430128-01.1.3	plague	الطاعون	page			y		…اصله مطافحه الطاعون وتطعيم ۹۸ شخصا…							
1943-01-28	falastin	falastin19430128-01.1.3	plague	الطاعون	page					…تير اعمال مكافحه مرض الطاعون بيانا وتل ابيب حسب الخطه التي رسمتها دايرتا الصحبه والبلديه لمكافحه هذا المرض والتي اشرنا اليها مرارا في اعدادنا الماضيه والمامول ان تتضاعف الجهود للقضاء علي الطاعون قبل حلول الصيف لان خطره سيكون عاما اذا لم يقض عليه الان والمامول ايضا ان يقوم المكان من بالنصيب المطلوب منهم وهو تنظيف انفسهم وبيوتهم وعدم تربيه الجرذان الناقله لطاعون وذلك برفع كل شيء من الاطعمه من الارضيه وسد الخروق…							
1943-01-28	falastin	falastin19430128-01.1.3	plague	بالطاعون	page		y	y		…وتبليغ دايره الصحه عن كل مكان فيه جرذان لصيدها او قتلها. وقد طعمت دايره العربيه ۹۸ شخصا من الذين يقطنون حول بيت الفتاه اليهوديه التي ثبت انها مسابه بالطاعون بالقرب من دايره الصحه بتل ابيب ولا يزال المصابون بالطاعون او المشتبه باصابتهم رهن المعالجه في المستشفي ولم تظهر ايه اصابه بهذا المرض واما اعمال نصب الخيام ومنافعها فلا تزال مستمره للانتهاء منها قريبا…							
1943-02-03	falastin	falastin19430203-01.1.3	plague	الطاعون	page					…تور جورج ايوب طبيب الصحه بيانا وهذا السم مكون من غاز السيارات المحروق وقد استعمله الدكتور ايوب ونجحت تجربته وعمم استعماله في قتل الجرذان الناقله لمرض الطاعون وللقضاء علي الجرذان في كل مكان وجدت فيه بعد ان ظهرت فايده السم المذكور في قتل الجرذان في…							
1943-02-03	falastin	falastin19430203-01.1.3	plague	الطاعون	page					…وقد ثبت ان هذه الطريقه سهله ورخيصه في تكاليفها بالرغم من تاثيرها الفعال فنهنيء الدكتور ايوب علي اكتشافه هذا و تامل ان يتمكن بواسطته من القضاء علي مرض الطاعون…							
1943-02-03	falastin	falastin19430203-01.1.3	plague	الطاعون	page					…تدابير مكافحه الطاعون وثبوت ملاه شخص…							
1943-02-03	falastin	falastin19430203-01.1.3	plague	الطاعون	page		y	y		…اتضح امس ان نقل الشخصين اللذين اشتبه بانهما مصابان بمرض الطاعون الي مستشفي الامراض الساريه في بني براك كان عملا لا لزوم له لانه لم يظهر او يثبت انها مصابان بالطاعون بل كان مرضهما تدرنا عاديا ولذلك اخرجا من تشفي الامراض الساريه وتقرر نقلهما الي مدينتهما الرمله. وقد ذهب الدكتور ايوب والدكتور شحاده يصحبها الدكتور لا…							
1943-02-03	falastin	falastin19430203-01.1.3	plague	الطاعون	page			y		…لعنايه بالنظافه هناك برغم انه ثبت ان هذين الشخصين لم يكونا مصابين. بهذا المرض الخبيث اما اجراءات نصب الخيام قلم تم بعد لاسباب قاهره ولكن اعمال مكافحه الطاعون جاريه باطراد…							
1943-02-03	falastin	falastin19430203-01.1.3	plague	الطاعون	page					…شءون الطاعون !…							
1943-02-03	falastin	falastin19430203-01.1.3	plague	الطاعون	page		y	y		…قدم المدينه امس الكولونيل هيرون مدير دايره الصحه العام وبعد ان استفسر عن احوال مرض الطاعون في الوقت الحاضر ذهب الي مستشفي الامراض الساريه في بني براك للاطلاع علي احوال هذا المرض فيه وبعد ذلك عاد الي مقر منصبه في القدس…							
1943-02-04	falastin	falastin19430204-01.1.2	smallpox	الجدري	other:Tulkarm	Tulkarm				…خمسين جنيها لحفر بير لمدرسه جت الاميريه وسيتبرع بمبار اخر البناء غرفه اخري في عماره المدرسه فبارك الله فيه وجزاه خير الجزاء لجنه للاصلاح - مكافحه مرض الجدري كانت قد وقمت بعض حوادث في قريه (جت) ادت الي فساد فيها وطي اثرها ابعدت الاداره بعض وجهاء القريه الي عكا وطوباس وفي الاسبوع الماضي عادوا الي قريتهم بفض…							
1943-02-04	falastin	falastin19430204-01.1.2	smallpox	الجدري	other:Tulkarm	Tulkarm	y	y		…ي وجري الاصلاح وقد تقرر ان تذهب لجنه الاصلاح يوم السبت القادم الي القريه نفسها لاتمام الصلح نهاييا لا تزال دايره الصحه هنا تقوم باعمال الوقايه ضد مرض الجدري وقد - توفي من جراء هذا الارض اربعه اشخاص واحد هنا و الباقون في مستشفي الحكومه بحيفا والشخص الذي يشتبه انه مصاب بهذا المرض ينقل حالا الي الكرنتينا الت…							
1943-02-06	falastin	falastin19430206-01.1.3	plague	الطاعون	page			y		…شفاء امراه كانت مصابه بمرض الطاعون…							
1943-02-06	falastin	falastin19430206-01.1.3	plague	الطاعون	page		y	y		…خرجت من مستشفي الامراض الساريه في بني براك المراه العربيه التي اصيبت بترض الطاعون قبل ما ينوف عن ثلاثه اسابيع وهي السيده امينه محمد احمد الزاويه التي تسكن شارع خصو ان في سوق اليهود بالمنشيه وكانت نقلت الي المستشفي المذكور بتاريخ ١٨…							
1943-02-09	falastin	falastin19430209-01.1.3	plague	الطاعون	page					… علي المستقيم نايب رييس بلديه يا فاقبل ظهر امس يرافقه المهندس البلدي المخيم الذي يجري اعداده لا سكان العايلات التي هدمت براكاتها من جراء اعمال مكافحه الطاعون بيافا للاشراف علي الاعمال الجاريه هناك وذلك تمهيدا للاسراع في اتمام هذا المخيم حتي اذا وصل عدد الخيام والمنافع الصحيه فيه الي نصف العدد المقرر يشرع ف…							
1943-02-20	falastin	falastin19430220-01.1.2	typhoid	التيفوييد	other:Bethlehem	Bethlehem				…رسالتي السابقه عن اجتماع مع المخاتير مصلحه القضاء انه حضر الاجتماع ايضا كل من طبيب الصحه الدكتور مخاييل معلوف الذي شرح سبب انتشار الامراض الساريه مثل التيفوييد ومكافحته ومفتش الزراعه الذي قال ان الحكومه تنوي توزيع الصيصان في فصل مبكر علي الراغبين بموجب طلبات يقدمها اهالي كل قريه بواسطه المختار علي ان لا تقل …							
1943-02-20	falastin	falastin19430220-01.1.2	influenza	الانفلونزا	page			y		…كان من المامول ان الانتشر الانفلونزا في هذا الشتاء، لكن الديناس المعلومات ما يدل علي انها عادت ثانيه الي الظهور فعليك اذي ان تلفظ و سعي لدر افطارها ومتي عرف الانسان كيف يتغلب علي الصعاب، امكنه ان يواجه الامور بلاوجل. ونحن اولا وضع امامك هذه الرساله: ان اسيرو مناسب اشر اصابات الانفلونزا في ليله واحد بحيث وسيقي بعد ذلك الخوف من الانتقاونز برو : ASPRO - REC TRAY MARK صداع مزمن یزیله اسپرو اصلت بصداع مزمن في الايام الاخيره ما الوكلاء اس…							
1943-02-20	falastin	falastin19430220-01.1.3	plague	للطاعون	page		y	y		…المنقلب فقد اصلح وسحب الي يافا التفتيش الصحي قام الدكتور موري رييس اطباء اللواء يرافقه الدكتور ايوب الطبيب المختص الموكول اليه مكافحه الجرذان الناقله للطاعون والدكتور او بلاتكا طبيب الصحه في تل ابيب بجوله تفتيشيه في احياء ديزنكوف بتل ابيب ومنطقه الكرمل الواقعه فيما بين تل ابيب ويانا من جهه البحر الاشراف علي اعمال مكافحه الجرذان والتحقق من اشد الاجراءات فتكا بها اشتباه باصابه طاعون اشتبه باصابه طاعون في مستشفي هداسا بتل ابيب والمصاب عجوز يهودي في السبعين من عمره يدعي يوسف شترن مولود سعيد رزق الشاب الاديب السيد محمد بشير الملياني مدير مكتب الاستاذ …							
1943-02-24	falastin	falastin19430224-01.1.3	plague	الطاعون	page					…من تاريخ الطاعون !…							
1943-02-24	falastin	falastin19430224-01.1.3	plague	الطاعون	page			y		…، ففي ذلك الحين تلقي الدكتور هيزر دعوه من المندوب السامي المر هربرت صمويل يدعوه فيها لمقابلته لاستشارته في اثر هام . وكان هذا الامر للمهم هو ( مكافحه الطاعون الذي ظهر في يافا ) وجرت المقابله . وعرف المستشار ا المذكور ان وباء الطاعون ظهر في يافاوان ضحاياه في المنزل الذي ظهر فيه لاول مره كان ١٧ شخصا ماتوا جميعا ، وفهم كذلك ان دايره الصحه طلبت وضع ۲۰۰ الف جنيه تحت تصرفها لمكافحه الو…							
1943-02-24	falastin	falastin19430224-01.1.3	plague	الطاعون	page			y		…يس الصحه العام حول الاصابات التي ظهرت بيافا وساله عن الجرذان التي اكتشفتها مكان الاصابه .. ولكن الرييس اخبره بان المكان لم تكن في جرذان وان الرعم بان الطاعون ناجم من الجرذان امر يحتاج الي اثبات .. واخيرا طلب المستشار ان زود مكان الاصابه في يافا مع رييس الصحه العام فذهبا صويه الي يافا وقصدا المنزل ضحايا الذي خرج منه ١٧ نعشا من الطاعون ودخل الاثنان الي داخل المنزل وتفقدا فيه كل غرفه وناحيه يمكن ان . اوي للجرذان فلم يعثرا علي ما تصلح يريب ... وهنا وقعت المعجزه كما تحدثنا بها جريده دا…							
1943-02-24	falastin	falastin19430224-01.1.3	plague	الطاعون	page			y		…ذان المصابه اقنع رييس دايره الصحه العام بحقيقه الاصابه وازال ريبته السابقه باسبابها . ولكن. ولكن الاصابه حدثت من الجرذان المصابه بالطلعون فمن اين جاء الطاعون للجرذان هناك ؟ بحث المستشار وحقق واخيرا اكتشف ان وراء الشارع الذي وقعت فيه الاصابه يوجد مخزن للحبوب وان صاحب المخزن كان قبل مده استورد كميه من الارز عن طريق ميناء رانجون المشهور بانه مقر رييسي لجرذ الطاعون في العالم كله ، ومن رانجون حمل ذلك التاجر الجرذ ( المطعون) مع شحنه الارز الي المخزن المشءوم الذي بعث ارسل الموت الي ١٧ شخصا في منزل مجاور ! وتمكنت ال…							
1943-02-24	falastin	falastin19430224-01.1.3	plague	الطاعون	page					…لفلسطينيه التي تصدر الي العراق من فلسطين وقد ذهب مع بعض اصحاب البيارات الواقعه في جهات وادي حنين المشاهده اعمارها واعطاء رايه في التصدير | الي العراق الطاعون والتغذيه او خصصت بلديه يافا من بعض ابواب ميزانيتها الحاليه مبلغ ثلاثه الاف جنيه المكافحه مرض الطاعون في يافا وشراء سياره لهذه الغايه كما خصصت اربعه الاف جنيه اخري للصرف منها علي مشروع اطعام الطلاب والطالبات المحتاجين للتغذيه واولاد الشوارع في مدينه ي…							
1943-02-24	falastin	falastin19430224-01.1.3	plague	الطاعون	page				y	…طاعون الدجاج اجتاح طاعون الدجاج عددا كبيرا من الدجاج في المدينه ، ففي الايام الاخيره مات ميات منها ولا يزال الطاعون يفتك بها يوميا ويستحسن من دايره البيطره ان تصدر تعليماتها عن كيفيه وقايه الدجاج من هذا المرض. ٣٣ الف جنيه اقر مجلس محلي رامات نان ميزانيه العام المال…							
1943-02-24	falastin	falastin19430224-01.1.3	plague	الطاعون	page			y		…في وفاه مصاب بمرض الطاعون…							
1943-02-24	falastin	falastin19430224-01.1.3	plague	الطاعون	page		y	y		…توفي في مستشفي الامراض الساريه في بني براك صباح امس الشخص اليهودي المصاب بمرض الطاعون واسمه مردخاي مزراحي البالغ من العمر ٣٤ سنه وهو من شارع بعل شمطوف بتل ابيب وكان يشتغل في بيع الملابس القديمه وكان قد ادخل المستشفي المذكور في ١٤-٢-٤٣ …							
1943-02-24	falastin	falastin19430224-01.1.3	plague	الطاعون	page			y		…ومكث فيه عشره ايام تحت المعالجه التي لم تعد فيه وتوفي و بوفاه هذا الشخص يصيح عدد الاشخاص الذين توفوا بعرض الطاعون منذ ظهور مرض الطاعون بيانا وتل ابيب ثمانيه اشخاص منهم اثنان من العرب والباقون من اليهود…							
1943-02-24	falastin	falastin19430224-01.1.3	plague	الطاعون	page					…اعمال هدم البراقات المكافحه الطاعون بيافا…							
1943-03-05	falastin	falastin19430305-01.1.3	plague	بالطاعون	page			y		…جرذان مصابات بالطاعون في البلده القديمه القضاء عليهما واتخاذ تدابير وقاييه شديده…							
1943-03-05	falastin	falastin19430305-01.1.3	plague	الطاعون	page			y		…وجد عمال مكافحه الطاعون في ا سوق النحاسين بالبلده القديمه جرذين ا وعند قتلهما وفحصها تبين انها مصابان يمرض الطاعون . ولذلك تقرر اتخاذ…							
1943-03-05	falastin	falastin19430305-01.1.3	plague	الطاعون	page			y		…اجراءات شديده لصيد جميع الجرذان التي توجد في تلك المنطقه خشيه ان تكون مصابه بهذا المرض الوبيل ولا عمل علي وقايه السكان من خطر الطاعون…							
1943-03-23	falastin	falastin19430323-01.1.3	plague	الطاعون	page			y		… (الكيلو) علي الذين كانها قدموا لها طالبات بها وسيبدا هذا التوزيع اعتبارا من اوايل نيسان المقبل حيث يسلم كل طقم الي طالبه يدا بيد وتءخذ منه التطهر ضم الطاعون نام موظفو دايره صحه يانا امس بتطعيم تلامذه المدارس الاهليه بالمنشيه ضد مرض الطاعون لوقايتهم من هذا المرض الخبيث…							
1943-03-23	falastin	falastin19430323-01.1.3	plague	الطاعون	page					…الشهري عن اعمال مكافحه الطاعون الله…							
1943-03-23	falastin	falastin19430323-01.1.3	plague	الطاعون	page					…صدر التقرير الشهري عن اعمال مكافحه الطاعون في مدينه يافا ومنه يظهر ان منطق يانا هي انظف من مدينه تل ابيب فيها يتعلق بمرض الطاعون وهذا لا يعني ان مدينه يا : قد اصبحت نظيفه هذا المرض بل ان المعنيين بالامر ن يخشون انتشار هذا المرض اكثر فاكتر خلال اشهر الربيع والصيف القادمه ويحذرون…							
1943-03-23	falastin	falastin19430323-01.1.3	plague	بالطاعون	page			y		…بين الجرذان التي ابيدت سوي واحد مصاب بالطاعون . وتبين ايضا ان الاجراءات الصحيه الاوليه قد انتهت من احياء الكرتون والمنشيه وارشيد والمسلخ والبلده القديمه والعجمي وان الاعمال الان جاريه في مغلقه اب…							
1943-03-23	falastin	falastin19430323-01.1.3	plague	الطاعون	page					…ما حولها وستنتقل الي المناطق اليهوديه وهي فلورنتين وشابيرا وما جاورها ثم الي منطقه الجماليه وما جاورها من سكنات وبعد ذلك تعود اجراءات النظافه ومكافحه الطاعون من جديد الي جميع احياء المدينه قبل حاول الربيع والصيف للقضاء علي مرض الطاعون ووبايه قبل حلولها لذلك نعود ونكرر جميع علي جميع سكان المدينه باتخاذ الاحتياطات ضد هذا المرض الخطر واول وسايل الاحتياط في هذه هي النظافه في كل شيء…							
1943-04-06	falastin	falastin19430406-01.1.3	plague	الطاعون	page					…مكافحه الطاعون…							
1943-04-06	falastin	falastin19430406-01.1.3	typhus	التيفوس	page					…اعمال التطهير ضد التيفوس و العمل في صرفند…							
1943-04-06	falastin	falastin19430406-01.1.3	typhus	التيفوس	page		y	y		…كان قد نقل مءخرا الي مستشفي الكرنتينا بيانا اربعه اشخاص من قريه صرفند للاشتباه بانهم مصابون بمرض التيفوس وهم حسن اسماعيل الليث ، احمد حسن مصطفي، توفيق الحاج جابر عبد الخالق وعبد المطلب عثمان . وقد اخذت امصال من دمايهم للفحص الطي وظهر انهم مصابون حقيقه به…							
1943-04-16	falastin	falastin19430416-01.1.3	plague	الطاعون	page					…انتهت الان جميع الاستعدادات اللازمه لمشروع تغذيه الاطفال الذين تراوح اعمارهم بين السنتين والخمس سنوات من الذين يسكنون في المناطق الموبوءه بمرض الطاعون في الكرتون والمنشيه وسيكون عدد هءلاء الاطفال غير محدد لانهم سينتخبون من الاطفال الذين تظهر عليهم سوء التغذيه في المناطق المذكوره وقد جري حتي الان نحص…							
1943-04-16	falastin	falastin19430416-01.1.3	smallpox	الجدري	page					…د العلني انکور نتينا كان الحجر الصحي (الكور نتينا ) ضد الكوليرا موضوعا في الاسبوع الماضي علي القادمين من كلكتا وضد الطاعون علي القادمين من مدغشقر وضد الجدري علي القادمين من سوريا والعراق وايران والهند…							
1943-04-16	falastin	falastin19430416-01.1.3	cholera	الكوليرا	page					…شفاعمرو مساحتها ٣ دونمات و ٩٥٧ مزا للبيع بالمزاد العلني انکور نتينا كان الحجر الصحي (الكور نتينا ) ضد الكوليرا موضوعا في الاسبوع الماضي علي القادمين من كلكتا وضد الطاعون علي القادمين من مدغشقر وضد الجدري علي القادمين من سوريا والعراق وايران والهند…							
1943-04-16	falastin	falastin19430416-01.1.3	plague	الطاعون	page					…تها ٣ دونمات و ٩٥٧ مزا للبيع بالمزاد العلني انکور نتينا كان الحجر الصحي (الكور نتينا ) ضد الكوليرا موضوعا في الاسبوع الماضي علي القادمين من كلكتا وضد الطاعون علي القادمين من مدغشقر وضد الجدري علي القادمين من سوريا والعراق وايران والهند…							
1943-04-21	falastin	falastin19430421-01.1.3	typhoid	التيفوييد	page			y		…منح الاطفال حق الافضليه في الاطعمه الغذيه وزياده العنايه بالرياضه البدنيه في المدارس وتطعيم جميع الاولاد في المدن والقري والمزارع بالامصال الواقيه من التيفوييد و السكري والجدري…							
1943-04-21	falastin	falastin19430421-01.1.3	smallpox	والجدري	page			y		…ضليه في الاطعمه الغذيه وزياده العنايه بالرياضه البدنيه في المدارس وتطعيم جميع الاولاد في المدن والقري والمزارع بالامصال الواقيه من التيفوييد و السكري والجدري…							
1943-04-23	falastin	falastin19430423-01.1.2	typhoid	التيفوييد	page		y	y		…نقص اصابات التيفوس والاهتمام بالنظافه نقصت حوادت التيفوييد من ذي قبل ولا يزال في مستشفي الحكومه عده اشخاص في دور النقاهه . وتواصل دايره الصحه اهتمامها بمراقبه الاحياء التي تكثر فيها الافذار لتنظيفها . وكذلك خ…							
1943-04-23	falastin	falastin19430423-01.1.2	typhus	التيفوس	page		y	y		…نقص اصابات التيفوس والاهتمام بالنظافه نقصت حوادت التيفوييد من ذي قبل ولا يزال في مستشفي الحكومه عده اشخاص في دور النقاهه . وتواصل دايره الصحه اهتمامها بمراقبه الاحياء ا…							
1943-04-23	falastin	falastin19430423-01.1.2	typhus	بالتيفوس	page		y	y		…قاض التي تراكمت في الشوارع واستيفاء ضريبه علي الاراضي الزراعيه الخاليه من العمر ان الموجوده منطقه البلديه معدل ۲ في المايه افي - الحجر الصحي - اشتباه بالتيفوس المستنقعات رفع الحجر الصحي عن قريه صرفند العماد ولا يزال طبيب الصيحه والمفتشون يزورون القريه يوميا وقد اصبحت القريه نظيفه جدا --- اشتبهت امس دايره الصحه باصابه تيفوس في شخص يدعي محمد سلام المصري من سكان وادي حنين فنقلته الي مستشفي يافا البلدي للتاكد من اصابته . جمعت اموال من كان القري التي وجد فيها مستنقعات ووديان…							
1943-04-23	falastin	falastin19430423-01.1.2	malaria	الملاريا	page		y	y		…لته الي مستشفي يافا البلدي للتاكد من اصابته . جمعت اموال من كان القري التي وجد فيها مستنقعات ووديان 112 واودعت دايره الماليه باسم دايره الصحه لمكافحه الملاريا وتصريف المياه. وسيباشر سكان القري العمل في تجفيف وردم هذه المستنقعات منذ اليوم الي ان تاتي حمله دايره الصحه في الاسبوع القادم A ضبط مسدس - مدرسه قريه…							
1943-04-24	falastin	falastin19430424-01.1.3	typhus	التيفوس	page			y		…الاشتباه بثلاث اصابات بمرض التيفوس…							
1943-04-24	falastin	falastin19430424-01.1.3	typhus	بالتيفوس	page		y	y		… وقد ادخلا مستشفي الكرنتينا للمعالجه اما الثالث فهو من خفراء السكه الحديد في غزه وقد ادخل مستشفي الحكومه بغزه للمعالجه وبذلك يعني ان اعمالها الاصابات بالتيفوس حتي الان ٣٢ اصابه توفي فيها تسعه اشخاص منهم خمسه اشخاص ماتوا في قريه صرفند التي ظهرت فيها حوادث التيفوس واربعه اشخاص توفوا في مستشفي الكرنتينا بيافا ولا يزال في الكرنتينا حتي الان ١٣ شخصا بعد ان ثبتت اصابه الغابهم بهذا المرض اما الباقون…							
1943-04-24	falastin	falastin19430424-01.1.3	typhus	التيفوس	page		y	y		…فقد شفوا وغادروا المستشفي الي بيوتهم ونظرا للاجراءات الفوريه الحسنه التي اتخذتها دايره الصحه في مقاومه مرض التيفوس في القريه التي ظهر فيها المرض وهي صرفند فقد طهرت تماما واصبح لا يخشي الان من انتقال المرض منها ولذلك فقد خففت دايره الصحه من قيود الحجر الصحي عليها .…							
1943-04-24	falastin	falastin19430424-01.1.3	plague	الطاعون	page					…افرج امس عن النساء والفتيات اليمنيات اللواتي اعتقلن علي اثر قيامهن تظاهره احتجاج علي هدم بيوتهن الخشبيه خشيه انتشار مرض الطاعون و كان الافراج عنهن بكفالات ماليه الي حين المحاكمه…							
1943-04-28	falastin	falastin19430428-01.1.3	typhus	التيفوس	page					…جهود دايره الصحه لمقاومه مرض التيفوس…							
1943-04-28	falastin	falastin19430428-01.1.3	typhus	التيفوس	page		y	y		…ادخل امس الي مستشفي الكورنتينا بيانا شخص اشتبه بانه مصاب بمرض التيفوس واسمه جلال عبد الله حسن ويعمل خفيرا للسكه الحديد في رفح وهو الان رهن المعالجه للتحقق من اصابته بهذا المرض وقد توفي امس بمرض التيفوس شخص اسمه عبد الرحمن الحاج صالح.…							
1943-04-28	falastin	falastin19430428-01.1.3	plague	الطاعون	page					…هيم من قريه ما بود وهو في العشرين من عمره رحمه الله وتوالي دايره الصحه اعمالها باتخاذ جميع الاجراءات للقضاء علي هذا المرض كما تمكنت من ايقاف مران مرض الطاعون بعد ان بذلت همها مشكوره في ذلك…							
1943-05-04	falastin	falastin19430504-01.1.2	plague	الطاعون	page					…ر علي المستهلك شراء كميه السكر دفعه واحده في الشهر ولكن اذا جعلت كميه السكر اسبوعيه من فقط ذلك الاسبوع امكن الدفع مكافحه الطاعوذ لا تزال حر كه مكافحه الطاعون | قايمه في تل ابيب وقد ابيد في الاسبوع ١٦٥ جرذا لم يوجد فيها اي جرذ الماضي مطعون في الاسطول باغ عدد الشباب اليهود الذين تطوعوا من فلسطين للخدمه في ال…							
1943-05-06	falastin	falastin19430506-01.1.3	smallpox	الجدري	page					…! الحرب لا الجدري ا بلغت دايره الصحه بيافا عن…							
1943-05-06	falastin	falastin19430506-01.1.3	smallpox	الجدري	page					…ظهور مرض سار جديد هو مرض الجدري في قريه ريتيا (قضاء الله) وقد خف الي تلك القريه عدد من اطباء الصحه للتحقيق والفحص وبعد ان - من سكان القريه تبين كشفوا علي لهم ان هذا المرض ليس بالجدري بل هو مرض الجرب ( الحكاك ) وانه ناشيء عن قله النظافه والاستحمام والاغتسال بالصابون والماء الساخن وقد نصحوا السكان بنظافه اجسامهم ما امكن ومهما كان غل…							
1943-05-09	falastin	falastin19430509-01.1.3	typhus	بالتيفوس	page			y		…٣ مصابين بالتيفوس لا تزال عوادث الاصابه بمرض…							
1943-05-09	falastin	falastin19430509-01.1.3	typhus	التيفوس	page		y	y		…التيفوس تتوالي بالرغم من الجهود التي بذلتها دايره السحه للحيلوله دون انتشاره فقد ادخل الي مستشفي الحكومه الامراض الساريه في يافا ثلاثه اشخاص من جهات مختلفه م…							
1943-05-11	falastin	falastin19430511-01.1.3	typhus	التيفوس	page		y	y		…ادخل الي مستشفي الكرنتينا بيافا امس شخص من يافا مشتبه بانه مصاب بمرض التيفوس وقد وضع تحت المعالجه والفحص للتحقق من اصابته…							
1943-05-15	falastin	falastin19430515-01.1.2	typhus	التيفوس	other:Gaza	Gaza		y		…ب الرياضيه لمس الطالب عبد الكريم عبد المعطي مبروك من غزه رفع حجر صحي - حول رداءه الدقيق رفعت دايره الصحه الحجر عن سكان منزلين كانت تخشي طور اعراض مرض التيفوس عليهم قابل اليوم وفد من مراسلي الصحف العربيه اللورد اكسفورد بصفته رييسا لدايره المءن هنا وعرضوا له شكوي الاهلين من رداءه الدقيق الموحد رقم ١٣ وطلبوا …							
1943-05-20	falastin	falastin19430520-01.1.3	typhus	بالتيفوس	other:Jerusalem	Jerusalem		y		…السنه الحاليه ١٥٠ شركه جديده في فلسطين راسمالها ٧١٦ الف جنيه يقابل ذلك في الربع الاول من السنه الماضيه ١٤٣ شركه و ٦٦ شركه في الربع الاول من ١٩٤١ وفاه بالتيفوس…							
1943-05-20	falastin	falastin19430520-01.1.3	typhus	التيفوس	page		y	y		…توفي امس الاول شخص جا يدمن مرضي التيفوس الموجودين في مستشفي الكرنتينا بيانا وهو من قريه صرفند اثنان من المصابين بالمرض المذكور وشفي وخرجا من المستشفي للنقاهه ولا يزال في المستشفي نحو عشره اشخاص من المصابين بمرض التيفوس تحت المعالجه ضحيه جواد جامح توفي في مستشفي الحكومه بيانا امس الشخص كفيف النظر الذي كان قد سقط من عربه الدلجا نص التي جمح حصانها ظهر يوم امس الاول في …							
1943-05-29	falastin	falastin19430529-01.1.3	typhus	التيفوس	page			y		…تتخذ دايره الصحه الان جميع التدابير المكنه التي تمكنها من القضاء علي مرض التيفوس، كما تمكنت حتي الان من قطع دابر الامراض الساريه الاخري ومنها مرض الطاعون ولذلك فالدايره تعمل علي تعميم التبخير في جميع المناطق الاتي الظهر فيها اصابات مرض التيفوس وتعمل علي الوقايه منه وعزل جميع من…							
1943-05-29	falastin	falastin19430529-01.1.3	plague	الطاعون	page			y		…تتخذ دايره الصحه الان جميع التدابير المكنه التي تمكنها من القضاء علي مرض التيفوس، كما تمكنت حتي الان من قطع دابر الامراض الساريه الاخري ومنها مرض الطاعون ولذلك فالدايره تعمل علي تعميم التبخير في جميع المناطق الاتي الظهر فيها اصابات مرض التيفوس وتعمل علي الوقايه منه وعزل جميع من…							
1943-06-06	falastin	falastin19430606-01.1.3	plague	الطاعون	page					…الطاعون في رعنانا…							
1943-06-06	falastin	falastin19430606-01.1.3	plague	الطاعون	page			y		… الصحه العام بفلسطين يوم امس الي يانا واجتمع مع الدكتور موري رييس اطباء الصحه في اللواء ثم ذهبا الي مستعمره دعنانا للاطلاع علي كيفيه حدوث ثلاث اصابات الطاعون خلال هذا الاسبوع هناك ولاصدار التعليمات للوقايه من هذا المرض في المستعمره والعمل علي عدم انتشاره منها…							
1943-06-08	falastin	falastin19430608-01.1.2	typhus	بالتيفوس	dateline	Haifa		y		…اخذت دايره الصحه قطره من دمها وارسلتها للفحص و بعد وفاه السيده المذكوره بسيمه | ايام وردت علي دايره الصحه بغزه اشاره تلفونيه تفيد ان صاحبه الدم مصابه بالتيفوس وقد قامت دايره الصحه ا يترتب عليها في الحال ووضعت اقاد بها تحت الحجر المحي فرح الاهلون هذا بتغيير الدقيق المرحد رقم ١٣ وتسلموا دقيقا ابيض الموز ولكن …	0	0	0	absent			no-register-coverage
1943-06-08	falastin	falastin19430608-01.1.3	typhoid	بالتيفوييد	page			y		… بتجديد عمليه التطهير مره اخري و مما يذكر هنا انه منذ از اجريت عمليه التطهير الاولي لم تقع ايه اصابات تيفوس بين المرابطيه المذكورين وانما وقعت اصابات بالتيفوييد فقط كافحه الملاريا قدم امس الي يافا السيد سماحه مهندس الشءون الصحيه التي تتعلق بمكافحه مرض الملاريا للاطلاع علي وسايل المكافحه لحمي الملاريا في قضاء …							
1943-06-08	falastin	falastin19430608-01.1.3	typhus	التيفوس	page		y	y		…وصول هذه الخنازير الي فلسطين سيخفض اسعارها بعد ان ارتفعت ارتفاعا فاحشا المصابون بالتيفو قل في الايام الاخيره اربعه اشخاص جدد مشتبه با نهم. صابون بمرض التيفوس الي مستشفي الكورنتينا بيافا للمعالجه وتم من العربان القاطنين فيما بين بير السبع، ودير البلح وعند حدود مصر وقد تاكد بعد تحليل دمايهم ان احدهم مصاب حقيقه بهذا المرض العرايشيه والتيفوس كانت دايره الصحه قد تولت من قبل عمليه تطهير العرايشيه القاطنين في كرم الداق ، تو قيا من انتشار ميكروبات التيفوس فحلقت شعر رءوسهم وغسلتهم مطهر ، ثم طهرت ملابسهم وبلغ عدد من تولت الصحه تطهيرهم في ذلك الوقت ٣٧٥ هر ايشيا و بسبب الخوف من انتشار الامراض من جديد ، وبحكم وقوع بعض اصابات (بحمي) التيفوس في الايام الاخيره فقد (بحمي) التيفوس في الايام الاخيره فقد شرعت السلطات الصحيه بتجديد عمليه التطهير مره اخري و مما يذكر هنا انه منذ از اجريت عمليه التطهير الاولي لم تقع ايه اصابات تيفوس بين المرابطيه المذكورين وانما وقعت اصابات بالتيفوييد فقط كافحه الملاريا قدم امس الي يافا السيد سماحه مهندس الشءون الصحيه التي تتعلق بمكافحه مرض الملا…							
1943-06-08	falastin	falastin19430608-01.1.3	malaria	الملاريا	page		y	y		… مره اخري و مما يذكر هنا انه منذ از اجريت عمليه التطهير الاولي لم تقع ايه اصابات تيفوس بين المرابطيه المذكورين وانما وقعت اصابات بالتيفوييد فقط كافحه الملاريا قدم امس الي يافا السيد سماحه مهندس الشءون الصحيه التي تتعلق بمكافحه مرض الملاريا للاطلاع علي وسايل المكافحه لحمي الملاريا في قضاء يافا كما قدم المستر كولد براي مهندس دايره الصحه العالميه للاطلاع علي الاجراءات والاصلاحات الجديده المنوي ادخالها في مستشفيات الحكومه احکام مخ…							
1943-06-12	falastin	falastin19430612-01.1.3	plague	الطاعون	page			y		…? كيف نجت (رعنانا ) ان وباء الطاعون اكتشافي ١٥٠ جرذا (مطعونا» في مخزن…							
1943-06-12	falastin	falastin19430612-01.1.3	plague	طاعون	page			y		…حدثت مءخرا ثلاث اصابات طاعون في مستعمره رعنانا، بعد ما ظن ان المكافحه الشديده قضت علي هذا المرض في مهده، وعندما اسرع رجال الصحه الي تحري مواطن الداء في المستعمره عثروا في مخزن واحد للبضايع علي جثث ٢٥٠ جرذا ميته بالطاعون و ۱۲ جرذا احياء وهو عدد كاف لاباده سكان المستعمره كلهم لولا الاحتياطات ولو لا ان ذلك المخزن كانه جو را زمنا طويلا | ا…							
1943-06-13	falastin	falastin19430613-01.1.2	plague	الطاعون	dateline	Haifa				…اء للسباحه . ولا شك ان اصلاح هذا المكان واعداده الاستحمام يعمل علي ايجاد مكان مناسب للجمهور مكافحه الجرذان اطعام الطلبه وابناء السبيل عن انقطاع حوادث الطاعون فان دايره الصحه تواصل صيد الجرذ - رغما وفحصه خوفا من ان يكون يحمل العدوي. وقد بلغ ما اصطيد منه الي الان حوالي ۲۹ الفا . ويزاد عدد المعمايد بين حين وا…	0	0	0	absent			no-register-coverage
1943-06-16	falastin	falastin19430616-01.1.2	typhus	التيفوس	dateline	Haifa	y	y		…حوادث التيفوس الدوره الجناييه للمركزيه حيفا في ١٥ حزيران - لمراسل فلسطين الخاص -- تناقصت حوادث اصابات التيفوس عن ذي قبل ولكن لا يزال في مستشفي الحكومه بعض المصابين وتوفي يوم امس شخصان من المصابين في المستشفي ابتدات الدوره الجناييه في محكمه مركزيه حيفا اليوم و…	0	0	0	absent			no-register-coverage
1943-06-16	falastin	falastin19430616-01.1.3	plague	طاعون	page		y	y		…صف العيون الحكوميه من عراق المنشيه الي بيت دراس بعد ان مكنت في الاولي ٣ اسابيع طيبت فيها عيون سكان القريه الاولي باشراف الدكتور عاقله الانتباه باصابه طاعون تم الكشف الطبي ع - علي الشخص اليهودي الذي نقل مءخرا من شارع برخوف بتل ابيب الاشتباه باصابته بمرض الطاعون الي مستشفي الامراض الساريه في بني براق وقد تبين من هذا الكشف عدم اصابته بالمرض بحاول الانتحار حاول احد رجال بوليس قوه الدفاع المحلي الذين يقومون بالح…							
1943-06-20	falastin	falastin19430620-01.1.3	typhus	والتيفوس	page			y		…ملاحظ ان الجهود القيمه التي بذلتها دايره الصفحه مءخرا في مكافحه الامراض الساريه كانت حسنه جدا لدرجه انها اوقفت عوده ظهور هذه الامراض الوبيله كالماعون والتيفوس وغيرها فقد مضي حتي الان حوالي ١٥ يوما متواليه دون ان تظهر ايه اصابه هذا في جميع المناطق العربيه واليهوديهوالمامول ان تواصل هذه الدايره جهودها للقضاء …							
1943-06-22	falastin	falastin19430622-01.1.3	typhoid	التيفوييم	page			y		…دايره الصحه والتطعيم ضد التيفوييم بالصيف…							
1943-06-22	falastin	falastin19430622-01.1.3	typhoid	التيفوييد	page			y		…لمناسبه حلول فصل الصيف تحذر دايره الصبحه بيانا جميع سكان المدينه من انتشار مرض التيفوييد بينهم خلال هذا الفصل لان مياه الابار بيانا غير نقيه بسبب تسرب مياه الاقذار والمجاري من الارض اليها ولان حراره جو المدينه خلال فصل الصيف تساعد علي انتشار هذا المرض. ودايره الصحه مستعده لتطعيم جميع من يودون وقايه اهليهم واطفالهم من مرض التيفوييد بالمصل…							
1943-06-22	falastin	falastin19430622-01.1.3	typhoid	التيفوييد	page			y		…ايره الصحه زودتها بالمصل الواقي وعلي هذا فاننا تلفت انظار جميع سكان المدينه الي ان يسارعوا للتطعيم في اي مكان يريدونه لوقايه انفسهم وعايلاتهم امن مرض التيفوييد…							
1943-06-23	falastin	falastin19430623-01.1.2	plague	الطاعون	other:Ramla	Ramla		y		…الارثوذكسيه هنا الي الهييات الارثوذكسيه بحيفا مهنيه لمناسبه فض الخلاف الطايفي هناك. - باشرت دايره الصحه بتطعيم ابناء المدارس الاميريه والاهليه ضد مرض الطاعون والامراض الاخري يز جو اصحاب المصالح من دايره البريد العام اعاده المكالمه التلفونيه من مكتب البريد طالما ليس في الامكان اجابه طلباتهم من اجل تركيب الا…							
1943-06-30	falastin	falastin19430630-01.1.3	plague	طاعون	page			y		…هادت طاعونه جديد في مستعمر و وفان مصاب…							
1943-06-30	falastin	falastin19430630-01.1.3	plague	طاعون	page					…ظهرت امس حادثه طاعون جديده في مستعمره رامات جان الواقعه شمالي تل ابيب راح ضحيتها رجل يهودي من تلك المستعمره عمره ٤٥ سنه واسمه اسحق كبلان . وابلغت دايره الصحه…							
1943-07-04	falastin	falastin19430704-01.1.2	typhoid	التيفوييد	dateline	Haifa		y		…ه شاي في منزله حيث تصافح الجميع لاجل العمل علي ما فيه خير الطايفه يدا واحده فنرجو لهذه الطايفه الكريمه التوفيق والنجاح. مشروع تغذيه الطلبه التطعيم ضد التيفوييد -- بلغ عدد الطلبه الذين يقدم لهم الطعام في ۲۲ مدرسه في المدينه ٢٢٦٠ طالبا عربيا . وعدد ابناء السبيل الذين يتناولون الطعام ١٤٠ وسيزداد العدد قريبا الي ۲۷۰ وتوزع عليهم شوربا العدس والفاصوليا والارز والبرغل عدا الحليب عادت فوقعت حوادث التيفوييد لذلك اخذت دايره الصحه بالاهتمام Back بالامر ويجري التطعيم ضد هذا المرض بين الساعه ٢ و ٤ بعد ظهر كل يوم ولا تزال دايره الصحه تعمل علي مكافحه الجرذان م…	0	0	0	absent			no-register-coverage
1943-07-04	falastin	falastin19430704-01.1.2	plague	طاعون	dateline	Haifa		y		…ل يوم ولا تزال دايره الصحه تعمل علي مكافحه الجرذان موزعه المصايد علي مختلف النواحي وقد بلغ ما اصطيد منها الي الان ٢١٩٣٦ جرذا ومنذ شهر بن لم تقم حوادث طاعون الاقبال علي الشراء - امام القاضي البريطاني - يلاحظ النبال غريب علي الشراء وقد حدثنا احدهم قايلا ان ذلك يعمل علي دفع الاسعار مع انه في حاله الحرب يشتر…	0	0	0	absent			no-register-coverage
1943-07-07	falastin	falastin19430707-01.1.3	typhus	بالتيفوس	page		y	y		…مصابون بالتيفوس س ثبتت اصابه كل من عبد الفتاح ابو حجيل من صرفند و محمد جبر الغول وعيد كايد الغول من هر بيا بمرض التيفوس بعد ان جري فحصرم في مستشفي الحكومه بيافا المواليد والوفيات بالغ مجموع المواليد في يافا خلال شهر حزيران الماضي ۲۷۸ مولودا اما الوفيات خلال الشهر المذك…							
1943-07-08	falastin	falastin19430708-01.1.2	typhoid	بالتيفوييد	dateline	Haifa	y	y		…تفقد المدارس وعطلتها - اصابات بالتيفوييد حيفا في ٧ تموز - لمراسل فلسطين الخاص قدم حيفا المستر فرل مدير المعارف العام وقد زار المدرسه الاميريه واطلع علي سير الفحص وحاله المدرسه كما زار بعض مدارس المعارف الاخري . و تبدا غدا عطله مدارس المعارف وتوزع الشهادات علي التلاميذ وستكون العطله الصيفيه حوالي سبعين يوما وقعت بعض حوادث تيفوييد جديده ونقل المصابون الي مستشفي الحكومه وتكثر هذه الحوادث عاده في فصل الصيف وكانت معظم الحوادث التي وقعت ذات نتايج سليمه يغادر اصحابها المستشفي معافين…	0	0	0	absent			no-register-coverage
1943-07-13	falastin	falastin19430713-01.1.3	plague	بالطاعون	page			y		…مصابون بالطاعون…							
1943-07-13	falastin	falastin19430713-01.1.3	plague	بالطاعون	page		y	y		…تقول دانار ان يهوديا من سكان شارع لفنسكي في تل ابيب قد نقل الي مستشفي الامراض الساريه يوم السبت للاشتباه باصابته بالطاعون ونقل كذلك الي المستشفي المذكور صبي من رامات فات في الثامنه من عمره وناطور من وادي روبين و شخص ثالث من عمال دايره الصحه من الذين حقنوا بالمصل الواقي من الطاعون . وحذرت دانار السكان من الاهمال في اتباع النظافه…							
1943-07-22	falastin	falastin19430722-01.1.2	typhoid	التيفوييد	dateline	Haifa	y	y		…ين عن - تقديم الطعام لهم ان حين انتهاء الحفله المدرسيه وهو يقدم الان الطعام الي ابناء السبيل وعددهم فوق ال ١٠٠ تواصل اداره الصحه تطعيم الجمهور ضد مرض التيفوييد وقد تناقصتالاصابات بهذا المرض من ذي قبل وفي مستشفي الحكومه الان حوالي ٣٠ مصابا به وقد توفي مءخرا طفلان بهذا المرض ووقعت منه بعض اصابات بالقري وتبذل ا…	0	0	0	absent			no-register-coverage
1943-07-22	falastin	falastin19430722-01.1.2	measles	الحصبه	other:Hebron	Hebron		y		…ر من العايلات نظر القاضي البريطاني امس في قضايا بعض الاشخاص المتهمين باخفاء اقمشه قطنيه بقصد الاستغلال فحكم عليهم بغرامات مختلفه صف جديد - انتشار مرض الحصبه مثل طلاب مدرسه قريه بيت جبرين روايه اخلاقيه . وقد جمع الحضور علي اثرها مبلغا من المال لانشاء صف جديد في المدرسه مع راتب معلم له - لا يزال مرض الحصبه منتشرا بين الاطفال فلا يمر يوم دون ان يقضي علي عدد منهم . لذلك نامل من دايره الصحه زياده عدد الاطباء لمكافحه هذا المرض…							
1943-07-22	falastin	falastin19430722-01.1.3	typhus	تيفوس	other:Beirut	Beirut				…اصابنا تيفوس…							
1943-07-22	falastin	falastin19430722-01.1.3	typhus	التيفوس	other:Beirut	Beirut	y	y		…ضبطت مءخرا حادثتان جدیدتان بمرض التيفوس وكان احد المصابين من دير البلح والاخر من غزه وقد ثبتت اصابتها بعد الفحص وهما الان رهن المعالجه في مستشفي الكور نتينا بيانا…							
1943-07-22	falastin	falastin19430722-01.1.3	plague	الطاعون	page					…ه بلديه يافا اليوم ( الخميس ( جلسه تبحث فيها تعيين لجنه استيناف لتخمين الاملاك لسنه ٤٣ - ١٩٤٤ . وكذلك مساله دفع عن خيم الجيش التي سرقت من معسكر لاجيي الطاعون وعده مواضيع اخري نظرا لان عددا لا باس به من البقالين لم يتسلموا دفاتر فقط الاطفال - الجديده بعد فان مكتب الاعاشه يطلب منهم الاسراع في استلامها وحفظها…							
1943-07-24	falastin	falastin19430724-01.1.3	typhus	بالتيفوس	page			y		…اصابه بالتيفوس…							
1943-07-24	falastin	falastin19430724-01.1.3	typhus	التيفوس	page		y	y		…نتقل الي مستشفي الكورنتينا بيافا شخص اسمه عوض عواد سليمان من محله ابو كبير بيانا للاشتباه باصابته بمرض التيفوس وقد ثبت بعد الفحص اصابته وهو رهن المعالجه الان في المستشفي المذكور…							
1943-08-14	falastin	falastin19430814-01.1.3	typhus	التيفوس	page		y	y		…لواء اثرها الفعال في الحد من انتشار م هذه الامراض والقضاء عليها تقريبا فقد ا انقضت الان حوالي ثلاثه اسابيع متواليه ال دون ان تظهر اصابات جديده بمرض ذ التيفوس ومن المهم ان نذكر ايضا ان جميع م الذين اصيبوا بهذا المرض ونقلوا الي الد مستشفي الكرنتينا بيانا قد شفوا الان ا…							
1943-08-14	falastin	falastin19430814-01.1.3	typhus	التيفوس	page		y	y		…وغادروا المستشفي المذكور . اما الطاعون فقد قضي عليه ولم يصب بال منذ بضعه اشهر . ومن الانباء ال ان مرض التيفوس قد قلت اصابات السابق الي ما دون النصف والي اقل ذلك بالنسبه لما كانت عليه الاصابات مثل هذه الايام من العام الماضي فتم لدايره الصحه زياده التوفيق في جه…							
1943-08-14	falastin	falastin19430814-01.1.3	plague	الطاعون	page		y	y		…وغادروا المستشفي المذكور . اما الطاعون فقد قضي عليه ولم يصب بال منذ بضعه اشهر . ومن الانباء ال ان مرض التيفوس قد قلت اصابات السابق الي ما دون النصف والي اقل ذلك بالنسبه لما كانت عليه الاصا…							
1943-08-18	falastin	falastin19430818-01.1.2	cholera	كولرا	page					…اب عرضت له وسياتي بدله نهار الانتر القادم المطرب المبدع احمد افندي صابر اقض مده خمسه عشر يوما بما فيها ايام العيد ارسل انور بك ( بطل الدستور ) ا مدام كولرا تلغرافا بعد رجوعها الي مصر يشكرها فيه جدا بلسانه ولسان اخوان المجاهدين علي ما ابدته من الانسانيه في تمريض المرضي والاعتناء بهم اثناء وجودها في ساح ال…							
1943-08-20	falastin	falastin19430820-01.1.3	typhus	تيفوس	page					…رءوس اموالها ٥٠ الف جنيه مطالب جمه كينه القاهره م كلفت وزاره الماليه مصلحه المباني انشاء مكاتب للمراقبه والتفتيش الجمركي عند حدود مصر - فلسطين اصابنا تيفوس سجلت في الاسبوع الماضي اصابتا تيفوس واحده في صفد والاخري في غزه عماده صبحی الدكتور عاد الدكتور صبحي . حماده الطبيب الاختصاصي بامراض العين والاذن والانف والحنجره من اجازته وهو يستقبل مرض…							
1943-08-20	falastin	falastin19430820-01.1.3	plague	طاعون	paragraph					… وخصوصا في هذه الايام التي ارتفعت فيها حراره الجوولاندري السبب في ذلك سما والمعدات متيسره في دايره البلديه . فلماذا يحرم سكان الاحياء من هذه الخدمه ؟ طاعون الدواجن اعلن ان قضايي يافا والرمله قد طهرا من طاعون الدواجن يشتبه هما شاهد السايق روز نبلوم عربيين في حي مياشيريم في القدس فتوهم انهما هما اللذان اوقفاه قرب تل ارزا في الاسبوع الماضي وسلبا ما معه فاستد…	0	0	0	absent			no-register-coverage
1943-08-22	falastin	falastin19430822-01.1.2	malaria	الملاريا	other:Ramla	Ramla				… بلا مقابل وكان مجموع وارد الحفله ٥٧ جنيها و ٥٠ ملا انت دايره الصحه بناء سد وادي الصرار وقد بدا العمل في بناء هذا السد قبل شهرين تقريبا من اجل مقاومه الملاريا وتقوم الدايره المذكوره الان بتجفيف اوديه الملاط وشومان والمنصوره للغايه نفسها.…							
1943-08-24	falastin	falastin19430824-01.1.2	typhus	تيفوس	paragraph		y	y		…خذوا عده مقررات منها زياده الاجور الاساسيه للعامل ومساواه العامل والعامله بالاجور وطلب اجازات مرض واخري سنويه ودفع التعويضات للعمال الذين يستغني عنهم تيفوس البطن . جاء في نشره مستشفي هداسا انه وقعت في السكان اليهود ٤٧٢ اصابه تيفوس البطن سنه ١٩٤٢ بمعدل ١ اصابات في الالف نسمه من يهود القدس يخرج ليعود خوكم لص في تل ابيب بتهمه النشل فرات المحكمه ان تربطه بكفاله حسن سلوك فقدم الكفال…	0	0	0	absent			no-register-coverage
1943-08-26	falastin	falastin19430826-01.1.2	typhoid	التيفوييد	window		y	y		… الملوك عبد اللطيف صالح فاصيب بجراح خطره نقل علي اثرها للمستشفي ووقع اصطدام علي طريق حيفا عكا بين سيارتين فاصيبتا باضرار ولم يصب احد من الركاب اصابات التيفوييد فروع جمعيه العمال نقل الي مستشفي الحكومه بعض المصابين بحوادث التيفوييد وقد لوحظ ان الاصابات كثرت في المده الاخيره كما وقعت بعض الاصابات في القري وقد اخذت دايره الصحه في تطعيم الكثيرين من الطلبه وسواهم بالمصل الواقي . ورد…	0	0	0	absent			no-register-coverage
1943-09-03	falastin	falastin19430903-01.1.2	typhus	بالتيفوس	dateline	Haifa	y	y		…مزارع منها لاجل معرفه ما تحتاج اليه كل قريه من المءن - شرع في تعبيد الطريق الي الطيره وايصالها الي داخل القريه - نقل الي مستشفي الحكومه عدد من المرضي بالتيفوس ولكنه تبين ان معظم الاصابات كانت غير خطره زار حاكم اللواء يوم امس قري عاده وعرعره وتناول طعام الغداء علي مايده مختار القريه. وقد استمع الي طلب الاهال…	0	0	0	absent			no-register-coverage
1943-09-03	falastin	falastin19430903-01.1.3	typhoid	التيفوييد	page			y		… اما الوفيات خلال نفس الشهر فبلعت ۱۳۰ وبلغ مجموع المواليد في قضاء يافا خلال شهر اب الماضي ١١٠ اما الوفيات فلم تزد عن ٣٧ الامراض في اب بلغت اصابات مرض التيفوييد بيافا خلال شهر اب الماضي ١٦ اصابه توفي من جرايها مصاب واحد ووقعت اصابتان بالتيفوييد في قضاء يافا توفي احد المصابين مصانع لكبريت الشمع علمت دافار ان بعض الاثرياء اللبنانيين اوصوا في فلسطين علي صنع خمس ماكنات اوتوماتيكيه لانتاج كبريت ا…							
1943-09-03	falastin	falastin19430903-01.1.4	cholera	الكوليرا	page					… تاديه القسم بين يديم ) بانه كبير المسجلين ومساعده و نايبه او مساعد مسجل المحكمه العليا او المسجل او نايبه او مساعده الحجر الصحي كان الحجر الصحي بشان الكوليرا…							
1943-09-03	falastin	falastin19430903-01.1.4	smallpox	الجدري	page					…مضروبا في الاسبوع الماضي علي الاتين من الهند وبشان الجدري علي الاتين من مصر وسوريا وتركيا والعراق وايران والهند…							
1943-09-03	falastin	falastin19430903-01.1.4	typhus	تيفوس	page					…حادثتا تيفوس في يافا قنصل اسبانيا اعلن المندوب السامي تعيين قنصلا للحكومه الاسبانيه السنيور انطونيو كاراسكو قنصلا عاما لها في القدس واعترف فخامته به بهذه الصفه عر…							
1943-09-16	falastin	falastin19430916-01.1.2	typhoid	بالتيفوييد	dateline	Haifa	y	y		…ت حفله راقصه في الساعه الثامنه استمرت حتي الساعه الحاديه عشره ليلا وكان عدد الحضور كثير جدا. وسيستمر المهرجان يوم غد الخميس ايضا اصابات بالتسمم واخري بالتيفوييد في القري نقل الي مستشفي الحكومه اربعه اشخاص من قضاء عكا مصابون بالتسمم من جراء تناولهم الطعام ويظن ان اللحم كان مسمما وقد اصيب عدد اخر يقدر بنحو العشرين ولكن اصاباتهم كانت بسيطه ونقل الي مستشفي الحكومه اليوم ثلاثه اشخاص من البصه بقضاء عكا مصا بين بالتيفوييد . ولوحظ ان عدد اصابات التيفوييد هذا العام نصف ماكانت عليه في العام الماضي بالنظر للاحتياطات التي اتخذتها دايره الصحه وتطعيم الجمهور بالمصل الواقي قبضه اخبار مختلفه عن شءون المزارعين…	0	0	0	absent			no-register-coverage
1943-09-16	falastin	falastin19430916-01.1.2	smallpox	الجدري	dateline	Haifa		y		…يق القنطره لا يزال ساري المفعول ، وان بدل التامين عشره جنيهات ترد لصاحبها بعد العوده اذا لم يحتج اليها ، وان الحاج يجب ان يكون مزودا بشهاده تلقيحه ضد الجدري وتذاكر ذهاب واياب الي السويس ، ويجب تقديم الطلبات للحصول علي جوازات السفر حتي يوم ٣١ تشرين اول سنه ١٩٤٣ وقد بوشر في تسجيل الاسماء لدي دايره الصحه وبل…	0	0	0	absent			no-register-coverage
1943-09-16	falastin	falastin19430916-01.1.3	typhoid	التيفوييد	paragraph					…يهوديه مءتمرها الثالث عشر في القدس ليله امس الاول بحضور محو ٤٠٠ طبيب من جميع انحاء البلاد ومن المنتظر ان ينفض اليوم وقد خصصت معظم ابحاث المءتمر الحمي التيفوييد في فلسطين وطرق علاجها تسويه قضيه عمال اقترح حاكم صلح تل ابیبان ) السته عشر المتهمين بانهم اضربوا اضرابا تسحب دعوي النيابه علي عمال الالماس غير قانوني…	0	0	0	absent			no-register-coverage
1943-09-22	falastin	falastin19430922-01.1.3	typhus	بالتيفوس	page		y	y		…بعد سماع وقايع القضيه حكمت بتوقيفه للمده التي يستصوبها فخامه المندوب السامي وفي المكان الذي يعينه نظرا لصغر سن المتهم اذ لا يتجاوز الثامنه عشره اصابه بالتيفوس اصيبت امراه من نابلس بالتيفوس تقطن يافا وكان انقضي علي عدم وقوع اصابات ما يقرب من شهر فادخلت الي المستشفي للمعالجه شفاها الله…							
1943-11-07	falastin	falastin19431107-01.1.3	typhoid	بالتيفوييد	page			y		…يءخذ من الاحصاءات الرسميه انه وقعت خلال شهر تشرين الاول الماضي ١٠ اصابات بالتيفوييد في يافا و ٤ اصابات في القضاء ووقعت خلال الشهر المذكور اصابه واحده بمرض تيفوس البراغيث البسيط في القضاء ولم تقع ايه حادثه بالتينوس في المدينه…							
1943-11-07	falastin	falastin19431107-01.1.3	typhus	تيفوس	page			y		…من الاحصاءات الرسميه انه وقعت خلال شهر تشرين الاول الماضي ١٠ اصابات بالتيفوييد في يافا و ٤ اصابات في القضاء ووقعت خلال الشهر المذكور اصابه واحده بمرض تيفوس البراغيث البسيط في القضاء ولم تقع ايه حادثه بالتينوس في المدينه…							
1943-11-18	falastin	falastin19431118-01.1.2	smallpox	جدري	other:Safad	Safad		y		…ه البلديه باصلاح الشوارع كنا قد اشرنا الي ضروره اصلاحها من قبل انتي توزيعات المءن وزعت دايره المءن كميات السكر والدقيق علي التجار عن شهر تشرين الثاني جدري الدجاج انتشر مرض جدري الدجاج في نواح من المدينه فنطلب الي دايره البيطره ان تهم للامر…							
1943-11-18	falastin	falastin19431118-01.1.2	plague	بالطاعون	page			y		…ذكر في الصحف امس نقلا عن جريده البالستين بوست انه قد حدثت اصابه جديده في مدينه اللد بالطاعون وقد ابلغتنا الدواير المسءوله ان هذا الخبر لاصحه له البته…							
1943-12-28	falastin	falastin19431228-01.1.3	plague	طاعون	page			y		…ظهور اصابه طاعون في تل ابيب…							
1943-12-28	falastin	falastin19431228-01.1.3	plague	الطاعون	page			y		…ا بلغت دايره صحه اللواء في يافا عن ا ظهور اصابه جديده في مرض الطاعون ا في تل ابيب وقد اعتت الدايره لظهور هذه الاصابه بعد ان اعلن عن زوال ا خطر مرض الطاعون والقضاء عليه وانقضاء ما ينوف عن نصف سنه علي اخراصابه ا ظهرت في هذا المرض . وقد تبين ان…							
1944-01-05	falastin	falastin19440105-01.1.3	typhoid	التيفوييد	page			y		…مات البريديه مع جزيره | كورسيكا قد استءنفت الامراض الساريه بلغت حوادث الامراض الساريه التي | وقعت خلال شهر كانون الاول الماضي في يافا ١١ حادثه في مرض التيفوييدو ٣ حوادث براتيفوييد واصابه واحده بالتيفوس العاد…							
1944-01-05	falastin	falastin19440105-01.1.3	typhus	بالتيفوس	page			y		…الامراض الساريه بلغت حوادث الامراض الساريه التي | وقعت خلال شهر كانون الاول الماضي في يافا ١١ حادثه في مرض التيفوييدو ٣ حوادث براتيفوييد واصابه واحده بالتيفوس العاد…							
1944-01-05	falastin	falastin19440105-01.1.3	influenza	بالانفلونزا	page					…اجتماعیات و خصوصیات | - اصيب السيد خلوصي الخيري قايمقام يافا الاداري بالانفلونزا واضطر الي ملازمه الفراش لبضعه ايام فنرجو له الشفاء العاجل - طولكرم تسلم فضيله القاضي الشرعي الجديد الشيخ محمد هاشم الخطيب عمله وقد اقبل الوجهاء والاع…							
1944-01-06	falastin	falastin19440106-01.1.3	influenza	الزكام	page			y	y	…٦٠ الف جنيه ومعني ذلك ان دخل هذه الصناعه في خلال العام المنصرم بلغ اكثر من مليون ونصف مليون جنيه . ويبلغ عدد العمال في هذه الصناعه ٣٥٠٠ صانع . انتشار الزكام تقول ها ارتس ان مرض الزكام» | انتشر في تل ابيب بشكل واسع بحيث اصبح اليوم كل منزل في المدينه لا يخلو من هذا المرض وكل عايله لا تخلو من مريض به بين افرادها . ولكن وطاه المرض خفيف…							
1944-01-19	falastin	falastin19440119-01.1.3	influenza	الانفلونزا	page			y		… من سقوط ايطاليا . وقد جاء هذا الهبوط كدليل علي الثقه باستقرار النقد الفلسطيني وامكان الاستفاده منه بعد الحرب في مشاريع اكثر فايده من العقارات انتشار الانفلونزا انتشرت الانفلوانزا في تل ابيب انتشارا كبيرا وقد بدات السلطات الصحيه تتخذ تدابير الوقايه وحصر الانتشار اصطدام سيارتين وقع يوم امس الاول حادث تصادم بين…							
1944-01-19	falastin	falastin19440119-01.1.3	typhoid	التيفوييد	page			y		…تقوم دايره الصحه في يانا بتطعيم جميع اطفال المدارس وطلا بها بالمثل الواقي ضد مرض التيفوييد…							
1944-01-20	falastin	falastin19440120-01.1.2	influenza	الانفلونزا	page					…لك يجب ان يعمل ما يترتب عليه فعله سريعا ايضا . لقد عرف وثبت ان تناول عصير او ۳ اقراص اسيرو في المساء مع كوبه ليمون ساخن تنزيل الوجع وتوقف البرد وتاطف الانفلونزا من حراره الجسم لان اسبرو كثيرا ما يساعد علي البرد والحميات الخفيفه التخليل من عموم الاوجاع الناتجه من البرد فعلي حموم العايلات الاحتفاظ دايما باسبرو …							
1944-01-20	falastin	falastin19440120-01.1.2	influenza	الزكام	page				y	…لام اخر الاسعار الامر الاعصاب ASPRO AEG TRADE SAA قرصان بسعر ۷ ملات ع ولا کا در جن من الاسلام امام بود كلم شديدين وعليه ! ه اقراص : ۱۵ ملا لا يضر شده الزكام يمكن ان اعبر لكم عن خالص شعوري حينما تلولت از اصكم (اسبرو ) وما استقرت حتي شعرت ) ۲۷ قرصا ۰۷۰۰ بالراحه التامه بعد ان كنت اجن من شده الزكام وكم كانت دهستی و اعجاب الكاملين حينما نظرت تلك مستعمل فقره اسير النتايج المدينه التي حطتني اكثر ما كنت اتصوره کرم خنين عبد الملك المحله الكبري الوكلا…							
1944-01-25	falastin	falastin19440125-01.1.3	smallpox	جديري	page					…مشاريع الاجتماعيه والانسانيه او ان تتقدم الا لا يمكن لها ان تنجح اذا دعمها الشعب بعونه الادبي ومساعدته الماديه ، ومثل هذا المشروع خليق بكل عون وعضد ، جديرين لكل مساعده وعطف ليتمكن من المضي في تنفيذ الخطه التي ارتسمها لتثقيف الشعب وتعليمه اما ان يقوم لفيف من الناس باسم هذه الجمعيه او باسم العلم فيطرقون ال…							
1944-02-01	falastin	falastin19440201-01.1.3	typhus	تيفوس	paragraph		y	y		…اصابتا تيفوس تلقت دايره الصحه في يافا امس نتيجه تحليل دم الشاب عيسي ياسين ابو سيدو من غزه البالغ من العمر ٣٠ سنه وقد اثبت انه مصاب بمرض التيفوس وكان قد ادخل الي مستشفي الكورنتينا في يافا بعد ان نقل اليه من غزه مشتبها به وعلامت الدايره كذلك ان شخصا اسمه بكليك داي البالغ من العمر ۱۸ سنه مصاب بمرض التيفوس وكان قد نقل منذ بضعه ايام من سجن يافا الي مستشفي الكورنتينا للمعالجه رقم جديد طلبت دايره مراقبه المءن العامه الي جميع مطاحن الدقيق انتاج الدقيق الموح…	0	21	0	absent	1944-03-26(peak 36/30d)	-54	no-register-coverage
1944-02-03	falastin	falastin19440203-01.1.3	typhus	بالتيفوس	page					…اصابتان جديدتان بالتيفوس في يافا…							
1944-02-03	falastin	falastin19440203-01.1.3	typhus	التيفوس	page			y		…من الملاحظ ان حوادث الاصابه بمرض التيفوس تجددت مءخرا بعد ان كانت قد انقطعت منذ بضعه اشهر فقد…							
1944-02-05	falastin	falastin19440205-01.1.3	typhus	التيفوس	page			y		…تدابير دايره الصحه الكافيه وباء التيفوس…							
1944-02-05	falastin	falastin19440205-01.1.3	typhus	التيفوس	page					…بالنظر الي تعدد حوادث التيفوس…							
1944-02-05	falastin	falastin19440205-01.1.3	typhus	التيفوس	page					…ومن المنتظر ان يظلوا في مكانهم هذا نحو اسبوع وقد رتبت لهم الدايره من يقدم لهم الطعام في مواعيده علي حسابها ويجري العمل الان بهمه ونشاط للقضاء علي مرض التيفوس والمامول ان توفق الدايره كما توفقت في العام الماضي…							
1944-02-17	falastin	falastin19440217-01.1.2	typhus	التيفوس	page			y		…ي حفلتهم الانتخابيه بمبلغ ٢٦١ جنيها و تبرع السيدان توفيق الصناديقي وصبري ورده بمقر للنادي ياوي اليه مده سنه اخذت دايره الصحه تطعم طلبه المدارس ضد مرض التيفوس 1 عقدت نقابه الملاكين اجتماعا لها بحثت فيه عده امور تتعلق بالنقابه - يشكو الكثيرون من تفاوت سعر المياه في المدينه، فبينما يباع المتربار بعين ملا في م…							
1944-02-18	falastin	falastin19440218-01.1.3	typhus	بالتيفوس	page			y		…اصابات بالتيفوس…							
1944-02-18	falastin	falastin19440218-01.1.3	typhus	التيفوس	page		y	y		…من سجن يافا ويبلغ من العمر ٣٠ سنه ومحمد حسين خاطر من غزه البالغ العمر ٢٨ سنه حجازي من الي البال من الحسن صالح الالي من فيه سنه ، قد ثبتت اصابتهم بمرض التيفوس بعد التحليل الطبي لدمايهم وهم الان جميعا في مستشفي الكرنتينا في يافا رهن المعالجه…							
1944-02-18	falastin	falastin19440218-01.1.3	typhus	بالتيفوس	page					…المشتبهون بالتيفوس…							
1944-02-18	falastin	falastin19440218-01.1.3	typhus	التيفوس	page					…ن بصوره غير مشروعه وذلك تمهيدا المحاكمتهم تم ابعادهم اما ال ٢٢ البقين فقد ذهب كل منهم الي بلده بعد ان تاكدت دايره الصحه هنا من عدم اصابتهم بمعرض بمرض التيفوس عين المجلس الملي اليهودي يوم ٢٤ ايار القادم موعدا لانتخابات مجلس المنتخبين وعدد اعضايه ۷۱عضوا ويقدر ان يشترك في هذه الانتخابات المفتوحه لكل يهودي ويه…							
1944-02-22	falastin	falastin19440222-01.1.2	typhus	التيفوس	page					…رييس الاطباء - ضد التيفوس - سرقه…							
1944-02-22	falastin	falastin19440222-01.1.3	diphtheria	الخناق	page				y	…لوحظ ان بلديه يافا ضيقت الخناق في…							
1944-02-26	falastin	falastin19440226-01.1.3	smallpox	الجدري	page			y		…الحاضر مجرود مشكوره في اعمال الوقايه ضد الامراض المعديه للحيلوله دون انتشارها فان اطباءها يقومون بتطعيم ضد الفروين بالمصل النواقي في قرام نص الجدري والامراض المعديه الاخري وكذلك فهم يقومون بتطعم طلاب المدارس الاميريه في يافا ضد هذه…							
1944-02-26	falastin	falastin19440226-01.1.3	typhus	كالتيفوس	page			y		…من جميع القرويين عدم ايواء الاغراب من العمال وغيرهم خشبه ان يكونوا مصابين بامراض معديه كالتيفوس او الطاعون او الجدري حتي لا تنتقل عد. واهم الي الاصحاء من اهاليهم او من سكان قراهم ولذلك فهي تنصح جميع القرويين بوقايه انفسهم من الامراض بالامتناع عن…							
1944-02-26	falastin	falastin19440226-01.1.3	smallpox	الجدري	page			y		…من جميع القرويين عدم ايواء الاغراب من العمال وغيرهم خشبه ان يكونوا مصابين بامراض معديه كالتيفوس او الطاعون او الجدري حتي لا تنتقل عد. واهم الي الاصحاء من اهاليهم او من سكان قراهم ولذلك فهي تنصح جميع القرويين بوقايه انفسهم من الامراض بالامتناع عن ايواء العمال الغرباء…							
1944-02-26	falastin	falastin19440226-01.1.3	plague	الطاعون	page			y		…من جميع القرويين عدم ايواء الاغراب من العمال وغيرهم خشبه ان يكونوا مصابين بامراض معديه كالتيفوس او الطاعون او الجدري حتي لا تنتقل عد. واهم الي الاصحاء من اهاليهم او من سكان قراهم ولذلك فهي تنصح جميع القرويين بوقايه انفسهم من الامراض بالامتناع عن ايواء العم…							
1944-02-29	falastin	falastin19440229-01.1.2	diphtheria	بخناق	paragraph				y	…الجنود يحيطون باحد المدنيين الذي هرب منهم ثم التفت الجنود الي الوراء نحو المستر كادرك كير الذي كان قد ناداهم وسالهم ماذا يعملون ، وقد امسك احد الجنود بخناق المستركير ، وفي اثناء العراك طعن راعي الكنيسه مرتين من الخلف فقط علي ركبتيه و هرب الجنود ولم تعرف هويتهم | ولم تكن للتحقيقات نتيجه موفقه في هذا السبي…	0	1	0	absent			no-register-coverage
1944-03-07	falastin	falastin19440307-01.1.3	typhus	بالتيفوس	page					…اصابتان بالتيفوس…							
1944-03-07	falastin	falastin19440307-01.1.3	typhus	التيفوس	page		y	y		…قل الي مستشفي الكرنتينا في يافا في اليومين الماضيين شخصان مصابات بمرض التيفوس احدهما يدعي رزق سلمان رابح من بيت نبالا ويبلغ من العمر ٢٠ سنه والاخر اسمه سليم سليمان شراري من كفر عافه ويبلغ من العمر ٢٧ وقد تاكدت اصابتهما بهذا الم…							
1944-03-21	falastin	falastin19440321-01.1.2	typhoid	تيفوييد	dateline	Haifa		y		…لشعر والشعراء وروي مقتطفات لطيفه من الشعر الامر الذي استدعي اعجاب الجمهور وعقب الاستاذ وديع البستاني بكلمه شكر للمحاضر رعايه الطفل - الزراعه - اصابات تيفوييد | قادمت بعض النوادي والجمعيات والسيدات الحرامات والفرش المشروع رعايه الطفل الذي اعدله الحل المناسب وسيضم هذا المكان الاطفال حتي من الخامسه ممن لا تجد…	1	13	0	open			register admitting, no surge
1944-03-21	falastin	falastin19440321-01.1.2	typhoid	بالتيفوييد	dateline	Haifa	y	y		…يفيه بعد ان تلفت المزروعات الشتويه بسبب السدوده ومن جراء الطقس وقد رفع البعض منهم عرايض الي الحكومه يلفتون نظرها الي ما اصابهم من الاضرار وقعت اصابات بالتيفوييد بين العرب النازلين بجانب منطقه السعاده وقدنقل المصابون الي مستشفي الحكومه للمعالجه وبدات دايره الصحه تعلمي طلبه المدارس والاشخاص الاخرين الذين يراجعو…	1	13	0	open			register admitting, no surge
1944-03-21	falastin	falastin19440321-01.1.3	typhus	بالتيفوس	page					…ا اصابتان بالتيفوس…							
1944-03-21	falastin	falastin19440321-01.1.3	typhus	التيفوس	page		y	y		…تلقت دايره الصحه في انا من قسم التحليل الطبي ما يءكد اصابه شخصين جديدين بمرض التيفوس هما سليمان رزق الفراء من الله وعمره ٢٠ سنه ومحمد عمر حمدان من وادي حنين وهما الان قيد المعالجه في مستشفي الكورنتينا في يانا…							
1944-03-28	falastin	falastin19440328-01.1.3	typhus	تيفوس	page		y	y		… في عدد الاحد ان عقوبه الاعدام قد ابدلت بغيرها وقد مضي علي ابرام محكمه الاستيناف حكم الاعدام اسبوعان ثم جاء الابدال من قبل فخامه المندوب السامي اصابه تيفوس جديده نقل مءخرا الي مستشفي الكورتينا في يافا شخص من قريه بيت نبالا اسمه مسلم عوده عوض وعمره ٢٥ سنه وقد تبين بعد الفحص الطبي انه مصاب بمرض التيفوس وهو قيد المعالجه…							
1944-03-29	falastin	falastin19440329-01.1.2	malaria	الملاريا	page					…لبيتلحمي لتمثيل روايه اولاد الذوات علي مسرح جمعيه الشبان المسيحيين في القدس تحت رعايه احد قناصل الدول العربيه . وسير صد ريع هذه الحفله لمساعده منكوبي الملاريا في قنا واسوان ومن المنتظر ان تكون هذه الحفله بمثابه مهرجان يبدو فيه الشعور الاخوي جليا نحو مصر الشقيقه . للصليب الاحمر و المتطوعين - القماش للاهلين ط…							
1944-03-31	falastin	falastin19440331-01.1.3	plague	الطاعون	page					…قررت بلديه يانا في جلسه اخيره لها تقل مبلغ التي جنيه مخصصات مكافحه الطاعون في السنه الماليه المنتهيه اليوم وكذلك تنقل مبلغ الف جنيه من مخصصات السنه المذكوره لمكافحه الغارات الجويه الي مخصصات علاوه غلاء المعيشه لموظفي البلديه…							
1944-03-31	falastin	falastin19440331-01.1.3	typhus	بالتيفوس	page			y		…٤١ اصابه بالتيفوس…							
1944-03-31	falastin	falastin19440331-01.1.3	typhus	بالتيفوس	window			y		…تقول ها ارتس ان ٤١ اصابه بالتيفوس وقعت في البلاد بين ٢٠ و ٣٥ اذار الحالي وان ۲۸ حادثه منها ابلغ عنها في حيفا وضواحيها.…	19	51	3	open	1944-03-26(peak 36/30d)	5	lags 5d
1944-03-31	falastin	falastin19440331-01.1.3	malaria	الملاريا	page					…العام الماضي عمد مختبر سيف اليهودي في ديران الي صنع حبوب البالا كرين و بلغ ما صدر من هذه الماده الي مصر خلال بضعه الاشهر الماضيه ٨٠٠ الف حبه المكافحه الملاريا فيها…							
1944-04-25	falastin	falastin19440425-01.1.3	smallpox	الجدري	page			y		…ظهور ثلاث اصابات جديده بمرض الجدري…							
1944-04-25	falastin	falastin19440425-01.1.3	smallpox	بالجدري	page		y	y		…وقعت خلال هذين اليومين ثلاثه حوادث جديده بالجدري ونقل المصابون الي مستشفي الامراض الساريه للمعالجه وهم ابراهيم مسعود سليم ويبلغ من العمر ٢٤ سنه وابراهيم حسن سلامه وعمره ٢٥ سنه وعلي سلام سلامه وهو في…							
1944-04-25	falastin	falastin19440425-01.1.3	smallpox	الجدري	page		y	y		…المسكوبيه المفروض عليها الحجر الصحي في الوقت الحاضر لمده اربعه عشر يوما وقد بلغ مجموع حوادث مرض الجدري التي ظهرت في محله المسكوبيه حتي الان ۹ حوادث و نقل جميع المصابين الي مستشفي الكرتينا ومستشفي بني براك . ***…							
1944-04-25	falastin	falastin19440425-01.1.3	smallpox	الجدري	page			y		…اء الله | سافر حاكم لواء الله امس الي القدس المقابله بعض كبار المسءولين في دواير السكرتيريه العامه هنا في شءون تتعلق ا باعماله في اللواء ا للتطعيم ضد الجدري ال افتتحت دايره الصحه المراكز الخاصه ا بالتطعيم ضد مرض الجدري والوقايه منه ا وهي خمسه احدها في مستوصف الاطفال الكاين امام مركز بوليس المنشيه والثاني في مدرسه ابي كبير والثالث في مستوصف الاطفال بالبلده القديمه وا…							
1944-04-25	falastin	falastin19440425-01.1.3	plague	الطاعون	page		y	y		… بوليس المنشيه والثاني في مدرسه ابي كبير والثالث في مستوصف الاطفال بالبلده القديمه والرابع في دايره ا الصحه والخامس في مستشفي الحكومه ا الاسكان لاجيي الطاعون ال علمنا ان الجنه بلديه يافا قررت باكثريه الاراءانه من المتيسر انشاء مشروع اسكان يفي بحاجه المايلات اليهوديه القاطنه الان في معسكر لاجيي الطاعون الواقع علي طريق القدس قرب ييتر علي ان يقام هذا المشروع علي قطعه ارض في محله ها تكفا التي ادمجت مءخرا ا ضمن منطقه تنظيم بلديه يافا اذ تبين بعد ا درس ا…							
1944-04-27	falastin	falastin19440427-01.1.3	typhus	بالتيفوس	page			y		…۵ اصابات بالجدري و ۳ اصابات بالتيفوس…							
1944-04-27	falastin	falastin19440427-01.1.3	smallpox	بالجدري	page			y		…۵ اصابات بالجدري و ۳ اصابات بالتيفوس…							
1944-04-27	falastin	falastin19440427-01.1.3	smallpox	الجدري	page			y		…ظهرت في هذين اليومين خمس اصابات جديده بمرض الجدري اثنتان منها في محله المسكوبيه التي فرض الحجر الصحي عليها واصابتان اخريان بشخصين من عرب روبين واصابه واحده في وادي…							
1944-04-27	falastin	falastin19440427-01.1.3	typhus	التيفوس	page		y	y		…| حنين وقد تحمل جميع المصابين الي مستشفي الكرنتينا للمعالجه كما ظهرت ايضا ثلاث اصابات بمرض التيفوس احداها في يانا واخري في الرمله والثالثه في قريه السوافير…							
1944-05-02	falastin	falastin19440502-01.1.3	plague	الطاعون	page					…سوق الخضار بناء علي العرايض المرفوعه للبلديه وموضوع مخالفات الابنيه تم خدمه التنظيفات في المناطق اليهوديه وكتاب حاكم لواء الله بشان مشروع اسكان لاجيي الطاعون وتقرير اللجنه الفرعيه بشان تنوير المدينه ومضبطه سكان المنشيه العليا حول تحسين محلتهم…							
1944-05-02	falastin	falastin19440502-01.1.3	smallpox	جدري	page			y		…دير الصحه العام يرافقه المحلل الطبي وذهبا الي دايره الصحه حيث اطلعا علي احدث الاعمال التي قامت بها فيما يتعلق بمكافحه الامراض الساريه الاشتباه باصابه جدري يانا قبل يومين امراه تدعي جازيه سالم برهم من غزه البالغه من العمر ٢٤ سنه للاشتباه باصابتها بمرض الجدري وهي قيد المعالجه جمعيه مكافحه السل تعقد جمعيه مكافحه السل بيلفا جلسه يوم الجمعه الموافق ٥ ايار في مكتب سكرتيرها للبحث في بعض المواضيع التي ا تساعد عل…							
1944-05-03	falastin	falastin19440503-01.1.3	smallpox	بالجدري	page			y		…٥ اصابات جديده بالجدري واصابنان بالتيفو…							
1944-05-03	falastin	falastin19440503-01.1.3	smallpox	الجدري	page		y	y		…نقل الي مستشفي الكرنتينا بيانا في ا هنرين اليومين خمسه اشخاص جدد مصابين بمرض الجدري اثنان منهم من محله المسكوبيه المفروض عليها المجر الصحي وهما شليل حسن سلامه وعمره ٢٣ سنه والثاني محمد سلامه علي وعمره ٢٢ سنه واثنان اخران من قريه السا…							
1944-05-06	falastin	falastin19440506-01.1.2	smallpox	الجدري	page		y	y		…الانشاء مستشفي اعلي - التطعيم ضد الجدري…							
1944-05-06	falastin	falastin19440506-01.1.2	typhoid	والتيفوييد	page			y		…تشفي. فتامل من الجهات المختصه المسءوله ان ترعي هذا المشروع وتحققه بالمنظر لشده الحاجه اليه باشرت دايره الصحه بتطعيم طلاب المدارس الاميريه ضد الجدري - والتيفوييد علي اثر وقوع بعض اصابات بالتيفوييد قبضه اخبار تلفونيه مختلفه في سطور ابرق فضيله رييس لجنه البلديه وعدد من العاملين في الحقل الوطني محتجين الي المراجع العليا علي تصريح لجنه حزب العمال ا…							
1944-05-06	falastin	falastin19440506-01.1.2	smallpox	الجدري	page		y	y		…شروع المستشفي. فتامل من الجهات المختصه المسءوله ان ترعي هذا المشروع وتحققه بالمنظر لشده الحاجه اليه باشرت دايره الصحه بتطعيم طلاب المدارس الاميريه ضد الجدري - والتيفوييد علي اثر وقوع بعض اصابات بالتيفوييد قبضه اخبار تلفونيه مختلفه في سطور ابرق فضيله رييس لجنه البلديه وعدد من العاملين في الحقل الوطني محتجي…							
1944-05-07	falastin	falastin19440507-01.1.2	smallpox	بالجدري	dateline	Haifa	y	y		…سه صباحا من حيفا الي القدس بلغ : عدد النساء الحاملات اللواتي تسجلن لدي دايره المءن الحصول علي - المواد الغذاييه الاضافيه ثلاثين امراه الدقيق - اصابات بالجدري - شرقه عريس قدم الي دايره المءن نموذج من نخاله الدقيق الموحد الذي يوزع علي الاهلين في ملمسها اشبه بنشاره الخشب - اصيب ثلاثه اشخاص بمرض الجدري بطريق العدوي. وقد قلوا الي مستشفي الحكومه للمعالجه . وتبدي دواير الصحه اهتماما بمكافحه هذا المرض سرق امس لشخص في الحي الشرقي كان يهم بالزواج معظم حوا…	0	1	0	open			register admitting, no surge
1944-05-13	falastin	falastin19440513-01.1.2	typhus	التيفوس	other:Jerusalem	Jerusalem				…يه من الاغنام فيما لو احتاجت الحكومه الي عدد منها لتموين بعض البلديات في القضاء وموضوعي تخمين المزروعات واتخاذ التدابير الصحيه اللازمه للوقايه من مرض التيفوس والجدري نظر قاضي التحقيق في قضيه علي بن علي احمد جمعه من عشيره السواحره المبالغ من العمر عشرين سنه المتهم بالاشتراك مع اخرين في حادث قتل حسن - محمد ح…							
1944-05-13	falastin	falastin19440513-01.1.2	smallpox	والجدري	other:Jerusalem	Jerusalem				…اغنام فيما لو احتاجت الحكومه الي عدد منها لتموين بعض البلديات في القضاء وموضوعي تخمين المزروعات واتخاذ التدابير الصحيه اللازمه للوقايه من مرض التيفوس والجدري نظر قاضي التحقيق في قضيه علي بن علي احمد جمعه من عشيره السواحره المبالغ من العمر عشرين سنه المتهم بالاشتراك مع اخرين في حادث قتل حسن - محمد حسن ابو د…							
1944-05-16	falastin	falastin19440516-01.1.3	plague	الطاعون	page					…الخدمات الاجتماعيه تعقد لجنه الخدمات الاجتماعيه بيانا جلسه في دايره البلديه يوم السبت القادم ۲۰ الجاري لبحث مساله اطعام منكوبي الطاعون التابعين البلديه يافا وموضوع ادخال تعديلات علي مخصصات جمعيه الاصلاح الاسلاميه في ابي كبير وشءون اخري .…							
1944-05-21	falastin	falastin19440521-01.1.3	plague	الطاعون	page					…بيانا امس جلسه في دايره البلديه وبحثت في موضوع طلب اطعام اطفال منكوبي الطاعون في المدينه الذين كانت تشرف دايره الصحه علي الطعامهم وما اذا كان في الامكان ضمهم الي مشروع اللجنه الاجماعي وبعد تداول الاراء لم تقبل اللجنه هذا الطلب لان مرض الطاعون قد انتهي واصبح لا لزوم للاتفاق عليهم ولكن اللجنه وجدت ان لا مانع لديها من استلام مكان اطعامهم لاستعماله في مشاريع الخدمات الاجتماعيه التي تقوم بها…							
1944-05-23	falastin	falastin19440523-01.1.2	smallpox	الجدري	dateline	Haifa	y	y		…اصابات الجدري - جوله قاضي القضاه قلت اصابات الجدري عن ذي قبل وقد تبقي في مستشفي الحكومه زهاء خمسه عشر مصابا . ولا تزال دايره الصحه تواصل التطعيم وتوزع الامصال علي العيادات المعينه لتطعيم الجمهور مجانا…	1	1	1	open			register admitting, no surge
1944-05-24	falastin	falastin19440524-01.1.3	typhus	تيفوس	page			y		…٣ اصابات تيفوس…							
1944-05-24	falastin	falastin19440524-01.1.3	typhus	بالتيفوس	page					…وقعت ثلاث حوادث جديده بالتيفوس اصيب بها كل من علي سعيد حسن من يانا ويبلغ من العمر ٢٠ سنه وحسنه حمدان حسين وعمرها ٢٥ سنه وعويده سلمان ابو حمد وعمره ٣٠ سنه وهما من مكنه. درويش وقد تح…							
1944-05-31	falastin	falastin19440531-01.1.3	smallpox	بالجدري	page		y	y		…لاماكن التي علقت في با قوايم التخمين الجديده للاطلاع علي اقبال الجمهور عليها وعلمنا ان عدد الاعتراضات التي قدمت قد بلغت حتي ظهر امس ۱۳۰ اعتراضا اصابه بالجدري نقل الي مستشفي الكرنتينا بيافا شخص اسمه محمد سلامه ابو شميس من عرب المجدل مصابا بمرض الجدري وهو قيد المعالجه الان وعمره ٣٠ سنه…							
1944-06-01	falastin	falastin19440601-01.1.3	typhus	تيفوس	paragraph		y	y		…سوفياتيه في القاهره سينتهي عمله في تسجيل الرعايه السوفييت في فلسطين اليوم (اول) (حزيران) وبذلك تمدد مدد الجوازات التي يحملونها لسنوات اخري - ٣ اصابات تيفوس ظهر في هذين اليومين ثلاث حوادث جديده بمرض التيفوس وقد نقل المصابون فيها الي مستشفي الكرنتينا بيافا وتاكدت اصابتهم بعد التحليل الطبي وهم رمضان محمود طه من سامه وعمر ه ١٤ سنه وخديجه احمد ابو ورده من غز…	51	5	7	absent	1944-03-26(peak 36/30d)	67	no-register-coverage
1944-06-08	falastin	falastin19440608-01.1.3	smallpox	جدري	page		y	y		…حادثه جدري ظهرت امس حادثه جديده بمرض الجدري اصيب بها شخص من سكان محله الجباليه بيافا وقد نقل المصاب الي مستشفي الكرنتينا وهو الان رهن المعالجه في المستشفي المذكور لحوم الاسبوع تسلمت جمعيه وشركه…							
1944-06-17	falastin	falastin19440617-01.1.3	typhus	والتيفوس	page					…الجدري والتيفوس…							
1944-06-17	falastin	falastin19440617-01.1.3	smallpox	الجدري	page					…الجدري والتيفوس…							
1944-06-17	falastin	falastin19440617-01.1.3	typhus	بالتيفوس	page		y	y		…نقل الي مستشفي الكرنتينا بيافا يوم امس اربعه اشخاص يشتبه بان اثنين منهم مصابان بالجدري والاخرين بالتيفوس كلمه تقدير في طوافي الكثير داخل فلسطين وخارجها زرت عددا لا يستهان به من عيادات اطباء الاسنان ولست بمبالغ اذا اني قلت اني لم ار عياده تفوق عياده الدكت…							
1944-06-17	falastin	falastin19440617-01.1.3	smallpox	بالجدري	page		y	y		…نقل الي مستشفي الكرنتينا بيافا يوم امس اربعه اشخاص يشتبه بان اثنين منهم مصابان بالجدري والاخرين بالتيفوس كلمه تقدير في طوافي الكثير داخل فلسطين وخارجها زرت عددا لا يستهان به من عيادات اطباء الاسنان ولست بمبالغ اذا اني قلت اني لم ار عياد…							
1944-06-27	falastin	falastin19440627-01.1.3	typhus	بالتيفوس	page			y		…وفاه مصاب بالتيفوس…							
1944-06-27	falastin	falastin19440627-01.1.3	typhus	التيفوس	page		y	y		…توفي في مستشفي الكرنتينا بيافا شخص مصري اسمه خلف سليمان متولي عمره ۲۷ سنه و كان قد اصيب بمرض التيفوس الذي لم يمهله الا بضعه ايام رغم عنايه المستشفي به رحمه الله…							
1944-07-05	falastin	falastin19440705-01.1.3	plague	بالطاعون	page			y		…العثور علي جرف مصاب بالطاعون بيانا…							
1944-07-05	falastin	falastin19440705-01.1.3	plague	بالطاعون	page			y		…عتر موظفو دايره الصحه علي جرذ مصاب بالطاعون في معمل ستيلو عوض ( واكثر سابقا ) وقد تاكدوا من اصابته…							
1944-07-05	falastin	falastin19440705-01.1.3	plague	بالطاعون	page					…ومن لم يمت ) بالطاعون ) مات غيره…							
1944-07-05	falastin	falastin19440705-01.1.3	plague	بالطاعون	window		y	y		…توفي في مستشفي الحكومه بحيفا عبد بكير بنوبه قلبيه بعد اذ شفي من الاصابه الوحيده بالطاعون التي سجلت في حيفا بعد مرور سنتين علي موجه الطاعون الكبيره وقد اصطادت السلطات…	0	15	0	open	1944-08-09(peak 15/30d)	-35	leads 35d
1944-07-05	falastin	falastin19440705-01.1.3	plague	بالطاعون	page			y		…الصحيه خلال الاسبوعين الماضيين اكثر من خمسمايه جرذي منها عشره مصابه بالطاعون وينصح الاهلون بعدم الدنو من الجرذان وابلاغ امرها للسلطات ***…							
1944-07-16	falastin	falastin19440716-01.1.3	smallpox	الجدري	page			y		…التطعيم ضد الجدري…							
1944-07-16	falastin	falastin19440716-01.1.3	smallpox	الجدري	page			y		…يءخذ من الاحصاءات الرسميه ان الذين تطعموا ضد مرض الجدري في يافا بواسطه دايره الصحه قد بلغ عددهم ٥٢ الف شخص هذا عدا عن الذين طعموا انفسهم ضد هذا المرض لدي اطباء خصوصيين ويسرنا ان نذكر انه بفضل هذا التطعيم و…							
1944-07-29	falastin	falastin19440729-01.1.3	plague	الطاعون	page					…حل مشكله البيوت لايواء لاجيي (الطاعون…							
1944-07-29	falastin	falastin19440729-01.1.3	plague	الطاعون	page					…يذكر القراء مشكله لاجيي الطاعون الذين هدمت براكاتهم في حي الكرتون بيافا حين القيام بحمله مكافحه الطاعون واعداد بلديه يافا مخيما صحيالهم علي طريق القدس لم يبق فيه الا ١٦ عايله فقط جميعها من العايلات اليهوديه وبعد ذلك قيام بلديه تل ابيب بمطالبه بلديه يافا…							
1944-07-29	falastin	falastin19440729-01.1.3	plague	الطاعون	page					…مشروع بلديه تل ابيب للاجيي الطاعون لديها في ارض جرين الواقعه ضمن منطقه تنظيم مستعمره اغروبنك ؟ وقد درس الحاكم هذا الاقتراح واقره وابلغ بلديه يافا بموافقته عليه كما ابلغه الي بلديه تل ابيب وقد علمنا ان بلديه تل ابيب رحبت به لان ارض جرين لا تزال تتسع لاكثر من البيوت اللازمه لاست عشره مايله اليهوديه من لاجيي الطاعون وان مواد بناء هذه البيوت ستكلفها قليلا لان كثيرا من المواد اللازمه لبنايها متوفره لديها من مشروعها للاجيين ولهذا فان المشروع سوف لا يكلفها خمسه الاف …							
1944-08-01	falastin	falastin19440801-01.1.3	plague	بالطاعون	page		y	y		…سبيل فلسطين تتخذ من ذكري وفاته مناسبه فتبعث الي قرينته الاديبه ونجليه الاستاذين عزيز وفءاد وشقيقه الدكتور سليم وال شحاده الكرام باخلص تعازيها اصابتان بالطاعون روت الصحف اليهوديه ان الادون يوسف فريد من مدير بنكها شارون في رامات غان اصيب بالطاعون يوم الجمعه الماضي ونقل الي مستشفي الامراض الساريه في بني براك ويوم امس مات وظهر ان حوالي منزله تعشش جرذان مصابه بالطاعون وقد اسرعت دايره الصحه الي تطعيم الجيران وهدم الخشابيات الموجوده في ذلك المكان . ونقل مصاب اخر بالطاعون من شارع الملك قورش الي مستشفي الامراض الساريه المذكوره…							
1944-08-06	falastin	falastin19440806-01.1.3	plague	الطاعون	page					…افحه الامراض اتخذت بلديه يافا اجراءات هامه بالاشتراك مع دايره الصحه القيام بتنظيف المدينه والمثابره علي مكافحه الامراض الساريه وعلي الخصوص مقاومه مرض الطاعون قبل ان ينتشر من جديد وقد رصدت مبلغا من المال لهذه الغايه كما وظفت عددا العمال للقيام بالاجراءات من الصحيه اللازمه ۱۰۰ طن بن وصل الي فلسطين لحساب جمعي…							
1944-08-10	falastin	falastin19440810-01.1.3	smallpox	بالجدري	page			y		…اصابه بالجدري…							
1944-08-10	falastin	falastin19440810-01.1.3	smallpox	الجدري	page		y	y		…نقل الي مستشفي السكرنتينا بيانا شخص من غزه مصاب بمرض الجدري وهو الان رهن المعالجه في المستشفي المذكور وهذه اول اصابه تقع بالجدري بعد ان انقطع دابره منذ شهرين تقريبا…							
1944-08-12	falastin	falastin19440812-01.1.2	malaria	الملاريا	page					…الملاريا يلدايره الصحه…							
1944-08-12	falastin	falastin19440812-01.1.2	malaria	الملاريا	page			y		…ضياعا مه بخره ، ثم يرمي بعد هذا الي تحسين الانتاج الزراعي ، فالمقرويين ، واهل نابلس وسواهم ، اراض واسمه في ذلك الغور ، صالحه للاستثمار ، ثم لتخفف داء الملاريا ، المنتشر بين البدو ، القاطنين في تلك الجهه .…							
1944-08-12	falastin	falastin19440812-01.1.2	malaria	فالملاريا	page			y		…وراينا ما تحسن الاشاره اليه، فالملاريا لاقت مرعي خصبا بينهم ، اذا تعددت اصاباتها من مستنقعات الماء الكثيره المنتشره هنا وهناك ، وبفضل جيوش البعوض النازله ضيوفا ثقيله علي هءلاء المساكين ، عدا ما يقاسون من لدعات الشمس ووهجها المحرق ، والمنا ان نسمع ، ان العامل مهما علت مناعته الصحيه ، فهو بعد عشره ايام من شغله هذه الملاريا ، ولا يقع رغم انفه صريع طبيب صحه ينظر امره ، او يعالجه .. فيعود الي بلده حاملا هذا الداء الي قلب اسرته ومجتمعه وقيل لذا از ( باصا ) كان يسير يوميا من…							
1944-08-12	falastin	falastin19440812-01.1.2	malaria	بالملاريا	page			y		…( الكاوتشوك ، وقطع الغيار، وعلي هذا اصبح المصابون بالملاريا في حاله لا يقدر الكثيرون منهم معها علي استمرار العمل والتداوي .. فازدادت هذه الملاريا انتشارا بخشي ممه امتدادها الي القري المجاوره ، والي المدن ايضا وقيل ، ان ( تراكات ) شحن اهليه تاتي بوميا تقريبا من نابليس الي الغور تنقل حبوب القمح و…							
1944-08-12	falastin	falastin19440812-01.1.2	malaria	الملاريا	page			y		…باذنجان الخ .. وطلب منها ان تنقل العمال في الذهاب والاياب ، الا ان دايره السير ( الترافيك ) رفضت السماح بذلك . وحدث في بعض الاحيان ويحدث ان يلجا مرضي الملاريا الي الركوب ما خلسه الا انهم ينزلوز منها قبل الوصول الي نابلس خشيه العقوبات ، وقيل ان معالجه هذه الحاله لا تتطلب كثيرا ، فالافضل ان ينام العمال في ( م…							
1944-08-12	falastin	falastin19440812-01.1.2	malaria	الملاريا	page					…ي الاقدام، تتكاء وا قطع اثني عشر كيلومترا علي الاقل ذهابا وايابا وقطع مثل هذه المسافه مشيا ينهك قوي العامل ، فلا يقدر علي الشغل مهما كان قويا وما هذه الملاريا التي تصيبه الالعمله في غور الفارعه، في تلك المنطقه الموبوءه…							
1944-08-12	falastin	falastin19440812-01.1.2	malaria	الملاريا	page					…ا تعويضا و تحسب ايام مرضهم فيتقاضون عنها الاجور. وجدير بعدما تقدم ، بدايره صحه فلسطين المحترمه ان تنظر بعين الاهتمام واليقظه والسرعه ، الي معالجه هذه الملاريا في غور الفارعه وحصرها هناك خوف انتشارها في المحلات القريبه وفي غيرها من قري ومدن فلسطين التي ياتي منها العمال ويعودون اليها ، اما الاعضاء عنها ، فامر…							
1944-08-12	falastin	falastin19440812-01.1.2	malaria	الملاريا	page			y		… جمعيه العمال العربيه بنابلس والغرفه التجاريه فيها وعضو لجنه صندوق الامه مقبل فحيانا وحييناه وسالناه عن قدومه فقال اتيت الادرس حاله عمال الفارعه وامر الملاريا معهم ثم اقدم تقريرا فاينينا علي جهده وراح يحدثنا بما زادنا وقوفا علي دقايق عين الفارعه وملارباها ضمناها بعض ما تقدم في الحديث عنها فشكرناه ثم اكملنا …							
1944-08-15	falastin	falastin19440815-01.1.2	plague	طاعون	dateline	Haifa	y	y		…الاشتباه باصابي طاعون حيفا في ١٤ اب لمراسل فلسطين الخاص - اشتبهت دايره الصحه بحادثتي طاعون فنقلت المصابين الي المستشفي واخذت في فحصهما لمناسبه رمضان يوزع الارز علي الجمهور في هذا الاسبوع لمناسبه شهر رمضان المبارك التقريه الطلبه يقوم مطعم تغ…	6	19	2	open	1944-08-09(peak 15/30d)	6	lags 6d
1944-08-24	falastin	falastin19440824-01.1.4	typhus	بالتيفوس	page			y		…د بشير الرفاعي ضابط تسويه والسيد عبد الرزاق قليبو مساعد الحاكم لواء الجليل. الامراض الساريه سجلت في يافا في الاسبوع الماضي اصابه بالجدري واربع اصابات بالتيفوس…							
1944-08-24	falastin	falastin19440824-01.1.4	smallpox	بالجدري	page			y		…التاليه بالوكاله السيد بشير الرفاعي ضابط تسويه والسيد عبد الرزاق قليبو مساعد الحاكم لواء الجليل. الامراض الساريه سجلت في يافا في الاسبوع الماضي اصابه بالجدري واربع اصابات بالتيفوس…							
1944-08-24	falastin	falastin19440824-01.1.4	typhus	بالتيفوس	window			y		…واصابتان بالحمي الراجعه وسجلت في سامه (يافا) اصابه بالتيفوس وفي حيفا سجلت ۸ اصابات بالطاعون واصابه بالتفوس | وفي تل ابيب سجلت ۳ اصابات بالتيفوس الاوزان والمقاييس امر المندوب السامي بتطبيق قانون الاوزان والمقاييس المتريه علي المناطق البلديه في يافا والقدس وحيفا وتل ابيب في الحال، واصدر امرا اخ…	8	14	1	open			register admitting, no surge
1944-08-24	falastin	falastin19440824-01.1.4	plague	بالطاعون	window			y		…واصابتان بالحمي الراجعه وسجلت في سامه (يافا) اصابه بالتيفوس وفي حيفا سجلت ۸ اصابات بالطاعون واصابه بالتفوس | وفي تل ابيب سجلت ۳ اصابات بالتيفوس الاوزان والمقاييس امر المندوب السامي بتطبيق قانون الاوزان والمقاييس المتريه علي المناطق البلديه ف…	11	16	4	open	1944-08-09(peak 15/30d)	15	lags 15d
1944-08-25	falastin	falastin19440825-01.1.3	smallpox	والجدري	paragraph			y		… الصحه في اللواء الجنوبي ان نطلب الي الجمهور ان يتخذ جميع الوسايل القيمه للنظافه في البيوت والمتاجر وكل مكان للوقايه من الامراض المعديه ومنها الطاعون والجدري وطلب ايضا ان نلفت انظار جميع من لم يتطعموا ضد الجدري في يافا وقضايها ان لا يهملوا في تطعيم انفسهم وان يتقدموا الي الدايره فورا لتطعيمهم مجانا بالمصل الواقي ضد الجدري…	2	0	0	open			register admitting, no surge
1944-08-25	falastin	falastin19440825-01.1.3	plague	الطاعون	window			y		…م مع الميزانيه المشاريع المقرره لتنفيذها بعد الحرب وهو نحو ١٢ مشروعا كبيرا هاما كنا قد اشرنا اليها سابقا للوقايه من الامراض بمناسبه تجدد حوادث اصابات الطاعون في حيفا مءخرا طلب الينا الدكتور زاهي حداد وكيل رييس اطباء الصحه في اللواء الجنوبي ان نطلب الي الجمهور ان يتخذ جميع الوسايل القيمه للنظافه في البيوت والمتاجر وكل مكان للوقايه من الامراض المعديه ومنها الطاعون والجدري وطلب ايضا ان نلفت انظار جميع من لم يتطعموا ضد الجدري في يافا وقضايها ان لا يهملوا في تطعيم انفسهم وان يتقدموا الي الدايره فورا لتطعيمهم مجانا…	12	16	4	open	1944-08-09(peak 15/30d)	16	lags 16d
1944-08-25	falastin	falastin19440825-01.1.3	malaria	الملاريا	paragraph			y		…باب وقدم المحاضر السيد خليل خليف بكلمه جامعه عنه قدم يافا امس المستر كواد بيرن مهندس دايره الصحه العامه وذهب الي نهر العوجا وجهات سيدنا علي حيث مواطن الملاريا لتفقد الحاله هناك - جمعيه الكشافه الارثوذكسيه بيافا تقدم خالص شكرها لحضرات رييس واعضاء بلديه بيت جالا والحضرات رييس واعضاء النادي الارثوذكسي فيها وجم…	26	71	0	open	1944-08-26(peak 42/30d)	-1	leads 1d
1944-08-26	falastin	falastin19440826-01.1.3	typhoid	التيفوييد	paragraph			y		…شر شخصا فيكون عدد المصابين منذ ١٧ من ظهر الواواني والمن لا ضخما توفي منهم خمسه وشفي واحد وسجلت في مستعمره عيون قاره في الاسبوع الماضي تسع اصابات بحمن التيفوييد وقد امر المجلس المحلي بتطعيم السكان جميعا هنيه ملك العراق الخليل في ٢٥ اب لمراسل فلسطين - الخاص ابرق فضيله الشيخ محمد علي الجعبري رييس لجنه البلديه ا…	41	39	1	open			register admitting, no surge
1944-08-26	falastin	falastin19440826-01.1.3	plague	طاعون	window		y	y		…طاعون و نفويید ادخل الي مستشفي الحكومه في | حيفا يوم امس الاول رجلان مصابان بالطاعون وبذلك يكون عدد المصابين بهذا الوباء بحيفا في الوقت الحاضر احد عشر شخصا فيكون عدد المصابين منذ ١٧ من ظهر الواواني والمن لا ضخما توفي منهم خمسه وشفي وا…	12	17	4	open	1944-08-09(peak 15/30d)	17	lags 17d
1944-09-01	falastin	falastin19440901-01.1.2	typhoid	التيفوييد	paragraph					…لهذه المناظر ما الرقه لدي كل سيده بيت كما هو ماسوف ان الخضروات والفاكيه بمن فساهما قبل الاكل النحسب قطر التيفوييد والامراض المعويه الاخري خبر ان الماء رحمه تابعي العرض فانه لا بين الراسيم الترفيه فر يصروي والمان همره ان يضاف له عامل مطهر فعال ولف اكتيف مءخرا بطور…	46	35	3	open			register admitting, no surge
1944-09-03	falastin	falastin19440903-01.1.2	plague	الطاعون	dateline	Haifa	y	y		…اقات خلال هذين اليومين وارسات الغرفه التجاريه تعليماتها المفصله لمشروع توزيع الخام الي تجار المفرق وقيدتهم بها تامينا لوصول حصه كل مستهلك اليه اصابات الطاعون نقل اليوم الي مستشفي الحكومه شخصان اشتبه بانهما مصابان بالطاعون وقد بلغت اصابات الطاعون من ٢٠ حزيران حتي الان ۲۱ اصابه وتوفي من المصابين ثانيه وعوفي ثلاثه والاخرون تحت المعالجه وقد وجدن دايره الصحه خلال تلك المده ٥٧ فارا مصابا بالطاعون من بين حوالي سبعه الاف فار اصطادتها مصايدها طلبات الحج بوشر بمراجعه دايره الصحه وتقديم عدد الطلبات الطلبات الي الحج وبلغ ۱۳۰ طلبا ويدل ذلك علي ان الا…	15	19	4	open	1944-08-09(peak 15/30d)	25	lags 25d
1944-09-07	falastin	falastin19440907-01.1.3	plague	طاعون	window		y	y		…۲۲ اصابه طاعون ادخل الي مستشفي الحكومه في حيفا يوم امس الاول شخص اخر مصاب بالطاعون وبذلك تكون الاصابات قد بلغت منذ عوده هذا الوباء للظهور يوم ۲۰ حزيران ۲۲ اصابه…	15	19	4	open	1944-08-09(peak 15/30d)	29	lags 29d
1944-09-07	falastin	falastin19440907-01.1.3	plague	بالطاعون	page			y		…جرد مصاب بالطاعون…							
1944-09-07	falastin	falastin19440907-01.1.3	plague	الطاعون	page			y		…عثر رجال دايره الصحه بيانا علي جرذ مصاب بمرض الطاعون في محله جبعات موشي اليهوديه الكاينه قرب محله شابيرا وقد قاموا باتخاذ الاجراءات اللازمه لوقايه السكان هناك من خطر مرض الطاعون وانتشاره . وعلي الجمهور المحافظه ما امكن علي النظافه التامه في كل مكان وتبليغ دايره الصحه بواسطه تلفون ٥٠٧ عن كل مكان…							
1944-09-13	falastin	falastin19440913-01.1.2	plague	بالطاعون	dateline	Haifa	y	y		…ل القرنبيط والملفوف علي المزارعين وقد علمنا ان كميات من تقاوي البطاطا ستصل للبلاد لتوزع عليهم ايضا ولذلك يجب تقديم الطلبات من اليوم للحصول عليها وفاه بالطاعون توفي اليوم المستر مونك في مستشفي الحكومه احد الرءساء في دايره تكرير البترول علي اثر اصابته بالطاعون وعلي اثر ذلك اخطرت الدايره جميع موظفيها بضروره تطعيمهم ضد الطاعون الروانب في العبر قررت البلديه صرف رواتب عمالها قبل عيد الفطر بيومين لمناسبه العيد حكم بالسجن نظرت المحكمه المركزيه اليوم في قضيه محمد احمد الموسي من …	16	18	5	open	1944-08-09(peak 15/30d)	35	lags 35d
1944-09-15	falastin	falastin19440915-01.1.2	plague	الطاعون	page					…السكر الموظفين اعطي كل موظف من الموظفين امس خمسه كيلوات من السكر علي ان يستعملها في صنع ( المربيات ) مرضي الخيل ظهر مرض الطاعون بن الخيل والبغال في هذا الفضاء وقد نشطت دايره البيطره في مكافحته ويردي الحيوان الذي لا يرجي شفاءه بالرصاص. وحذرت الدايره المخاتير بان لا يسمحوا للقرو…							
1944-09-22	falastin	falastin19440922-01.1.2	plague	بالطاعون	dateline	Haifa	y	y		… في حيفا مهنيا السيده الجليله هدي هانم شعراوي بالعيد . القايم باعمال الحلومه با عدال ينتظر ان يزور حيفا القايم باعمال الحكومه لتفقد بعض الدواير وفياذ بالطاعون توفي امس في مستشفي الحكومه احد المشبوهين باصابتهم بمرض الطاعون ونقل شخصان الي المستشفي مشتبه باصابتهما وهما الان تحت المعالجه وقد نفدت امصال التطعيم من مستشفي الحكومه وتوقفت عمليه عدد كبير من راغبي التطعيم ومن ال…	16	17	5	open	1944-08-09(peak 15/30d)	44	lags 44d
1944-09-22	falastin	falastin19440922-01.1.4	typhus	بالتيفوس	window			y		… في اداره الالويه، الملفتاننت كولونيل كام مس لمراقب الصناعات الثقيله اصابات الامراض الساريه وقعت في حيفا خلال الاسبوع الماضي ٣ اصابات بالطاعون واصابه بالتيفوس وفي القدس اصابه بالجدري واخري بالالتهاب السمايي وفي يافا اصابه بالتيفوس وقد كان الحجر الصحي بشان…	9	12	1	open			register admitting, no surge
1944-09-22	falastin	falastin19440922-01.1.4	smallpox	بالجدري	window			y		…اننت كولونيل كام مس لمراقب الصناعات الثقيله اصابات الامراض الساريه وقعت في حيفا خلال الاسبوع الماضي ٣ اصابات بالطاعون واصابه بالتيفوس وفي القدس اصابه بالجدري واخري بالالتهاب السمايي وفي يافا اصابه بالتيفوس وقد كان الحجر الصحي بشان…	1	0	0	open			register admitting, no surge
1944-09-22	falastin	falastin19440922-01.1.4	plague	بالطاعون	window			y		…اعدا الحاكم لواء في اداره الالويه، الملفتاننت كولونيل كام مس لمراقب الصناعات الثقيله اصابات الامراض الساريه وقعت في حيفا خلال الاسبوع الماضي ٣ اصابات بالطاعون واصابه بالتيفوس وفي القدس اصابه بالجدري واخري بالالتهاب السمايي وفي يافا اصابه بالتيفوس وقد كان الحجر الصحي بشان…	16	17	5	open	1944-08-09(peak 15/30d)	44	lags 44d
1944-09-22	falastin	falastin19440922-01.1.4	smallpox	الجدري	page					…الطاعون مفروضا في الاسبوع الماضي علي القادمين من بورسعيد و بشان الكوليرا علي القادمين من الهند و بشان الجدري علي العادمين من مختلف بلدان الشرق الاوسط طاعون الدجاج اعلن القايم باعمال الحكومه ان تسع قري في قضاء طبريا مو بءه بطاعون الدجاج ارض للمجهود الحربي اصد…							
1944-09-22	falastin	falastin19440922-01.1.4	cholera	الكوليرا	page					…الطاعون مفروضا في الاسبوع الماضي علي القادمين من بورسعيد و بشان الكوليرا علي القادمين من الهند و بشان الجدري علي العادمين من مختلف بلدان الشرق الاوسط طاعون الدجاج اعلن القايم باعمال الحكومه ان تسع قري في قضاء طبريا مو بءه …							
1944-09-22	falastin	falastin19440922-01.1.4	plague	الطاعون	page					…الطاعون مفروضا في الاسبوع الماضي علي القادمين من بورسعيد و بشان الكوليرا علي القادمين من الهند و بشان الجدري علي العادمين من مختلف بلدان الشرق الاوسط طاعون ا…							
1944-09-24	falastin	falastin19440924-01.1.2	plague	الطاعون	dateline	Haifa		y		…ه المدينه يومين النقل الخضار المناسبه منع نقل الحيوانات بين القري والمدينه فقد خصصت الحكومه سيارتين لنقل الخضار من القري الي اسواق المدينه التطعيم ضد الطاعون عادت دايره الصحه الي مناشره تطعيم السكان ضد مرض الطاعون بعدان توقفت عن ذلك يومين ارات مزيفه انت المحكمه المركزيه اليوم النظر في قضيه شخص يهودي يدعي مارسيل غولد البرغ وهو متهم بادخال وحيازه ليرات انكليزيه م…	16	17	5	open	1944-08-09(peak 15/30d)	46	lags 46d
1944-09-24	falastin	falastin19440924-01.1.2	plague	الطاعون	dateline	Haifa		y		…ت المحكمه براءته وقد انكر الرجل معرفته بان هذه الايرات مزيفه للوقايه من القاعون اصدرت البلديه المشور التالي : نلفت نظر العموم الي ان حيفا مهدده بوباء الطاعون وقد وقعت خمس وعشرون اصابه من ۲۲ حزيران الي ١٩ لينول وتوفي من المصابين احد عشر شخصا ووجد ثمانيه وستون من الجره الموبوءه وهذا العدد هو جزء صغير بالنسبه…	16	17	5	open	1944-08-09(peak 15/30d)	46	lags 46d
1944-09-26	falastin	falastin19440926-01.1.2	plague	الطاعون	dateline	Haifa	y	y		…يع بمعدل ۸۰۰ بدله شهريا مناصفه بين العرب واليهود وستوزع هذه الكميه لمده ثلاثه اشهر اما موعد التوزيع فسيبدا في اليوم الخامس من الشهر القادم للوقايه من الطاعون زار وفد من اليهود الدكتور منير المشعلاني مدير مستشفي الحكومه وتحدثوا اليه بشان مرض الطاعون والعمل علي زياده الوقايه منه فذكر للوفد ان دايره الصحه تبذل مع البلديه جهودا كبيره لحمايه السكان من هذا المرض في النادي الاستوني كسي يقوم النادي الار…	16	17	5	open	1944-08-09(peak 15/30d)	48	lags 48d
1944-09-26	falastin	falastin19440926-01.1.3	typhoid	التيفوييد	page		y	y		…ء الجليل المستر بولوك واجتمع في دار الحكومه الي رييس واعضاء البلديه وممثلي الغرفه التجاريه ثم توجهوا معا الي مستشفي الحكومه حيث افتتح قسما اعد المرضي التيفوييد بعكا وتبذل الحكومه والبلديه مع دايره الصحه جهودا كبيره لمكافحه هذا المرض المنتشر في المدينه…							
1944-10-04	falastin	falastin19441004-01.1.3	plague	الطاعون	page		y	y		…لبيع ابتداء من يوم الخميس ٥ الجاري وسيجري بيعه في المحال التجاريه بالقدس في شارع مامن الله الله المركز التجاري، باب الحليل ، شارع يافا والبلده القدمه الطاعون في ناثانيا وقعت اصابه خامسه بالطاعون في انا ثانيا و نقل المصاب الي مستشفي الحكومه اللامراض الساريه وقد ضرب الحجر الصحي علي الحي الذي يقيم فيه الخمسه الذين اصيبو او كلهم من عايله يهوديه و…							
1944-10-06	falastin	falastin19441006-01.1.2	smallpox	الجدري	other:Jerusalem	Jerusalem		y		… الصحه للحج هو الي الثلاثمايه شخص وقد اخذوا في مراجعه الدايره يوميا | للحصول علي جوازات السفر وانماما للمعاملات الرسميه الضروريه وقد بوشر بتلقيحهم ضد الجدري شركات المياه طلب اصحاب شركات المياه العربيه الي البلديه بمناسبه انتهاء عقد اتفاقهم معها ، وهو الذي يخولها حق الاشراف علي توزيع تلك الياه الغاء اتفافي…							
1944-10-06	falastin	falastin19441006-01.1.2	plague	الطاعون	other:Jerusalem	Jerusalem	y	y		…الت هيفا اصابات الطاعون حيفا في ه ت ١ « لمراسل فلسطين الخاص » خفت اصابات الطاعون عن ذي قبل وقد مضي حوالي اسبوع دون ان ينقل الي مستشفي الحكومه اي مصاب مشتبه به ومنحت دايره الصحه البلديه تزيد عدد الذين مبلغا من انال کي تزيد عدد يعمل…							
1944-10-14	falastin	falastin19441014-01.1.3	plague	الطاعون	paragraph					…رذونا كبيرا يسبح في الماء ويحاول اجتياز البركه من جانب الي اخر ... وقد ذعر السباحون والمتبارون عندما خطر لهم ان الجرذون قد يكون مطعونا او يحمل براغيت الطاعون وتشجع بعضهم ا فطار دوه حتي اغرقوه…	19	9	5	open	1944-08-09(peak 15/30d)	66	lags 66d
1944-10-21	falastin	falastin19441021-01.1.2	plague	الطاعون	window		y	y		…المحطه عدد كبير من ذويهم وسيسافر الفوج الثاني من الحجاج يوم الاثنين القادم وقد بلغ عدد الذين سجلوا اسماءهم في دايره الصحه ٢٣٠ حاجا من حيفا فقط اصابات الطاعون بلغ عدد الذين تطعموا ضد مرض الطاعون بحيفا ٣٥ الف شخص وقد وقعت ! ٥١ حادثه طاعون من شهر تموز الي الان شفي من المصابين بها ٢٥ وتوفي ١٠,١٦ لا يزالون في المستشفي اصابه شخص بجراح اصيب محمد موسي سليمان من الطيره الجراح من عيار ناري بين…	17	7	3	open	1944-08-09(peak 15/30d)	73	lags 73d
1944-10-24	falastin	falastin19441024-01.1.2	plague	الطاعون	dateline	Haifa		y		…مطالعه مرضي الطاعون بلغ عدد الجرذان التي اصطادتها دايره الصحه ١٢٦٥٠ وجد بينها ١١٦ جرذا مصابا بمرض الطاعون و تنفق دايره الصحه حوالي خمسه الاف جنيه لاز الاوساخ والانقاض ومكافحه مرض الطاعون وقد استلام ۱۲۰ طبيبا هذا المصل الواقي للتطعيم ضد الطاعون هذا عدا عن التطعيم الذي يجري بواسطه دايره الصحه اعلان بلديه حيفا بموجب قانون بيع المسكرات امام ١٩٣٥ جيت معانا عن تجديد رخصه مسكرات لعام ١٩٤٥ للاستهلا…	16	6	3	open	1944-08-09(peak 15/30d)	76	lags 76d
1944-10-26	falastin	falastin19441026-01.1.3	plague	الطاعون	window			y		…الطاعون في حيفا توفي في حيفا مءخرا غلام يهودي متاثرا من اصابه بالطاعون وبذلك بلغ عدد الاصابات التي وقعت منذ ان ظهرت موجه الوباء الاخيره (حزيران) ٥٢ اصا به انتهت ١٦ اصابه منها بالوفاه وشفي ۲۹ مصابا ولا يزال سبعه من المرضي تحت العلاج و بلغ عدد الجرذان التي اصطيدت خلال الاربعه الاشهر الماضيه ١٤ الف جرذ كان ۱۲۰ جرذا منها مصابا بالطاعون وقد تم حتي الان تطعيم نحو الربع من سكان حيفا وبلغت الاموال التي انفقت . علي مكافحه الوباء ٢٠ الف جنيه وهذه ثاني موجه من موجات الطاعون تنتشر في حيفا خلال ثلاثه اعوام مجالس في القري حيفا في ٢٥ ت ١ - لمراسل فلسطين الخاص - ينتظر ان يباشر بانشاء مجلس محلي في قريه الطنطوره في الشهر القادم…	17	5	3	open	1944-08-09(peak 15/30d)	78	lags 78d
1944-10-26	falastin	falastin19441026-01.1.4	typhus	بالتيفوس	other:Jerusalem	Jerusalem		y		…شهادات للمحامين الجدد و وقعت في خلال الاسبوع سبع اصابات بالامراض الساريه وهي : خمس بالطاعون في حيفا وواحده يافا ( العدوي نقلت من حيفا ) : اصابه واحده بالتيفوس في رخبوت واصدر القايم باعمال الحكومه اعلانا بانه بعد مرور ٩٠ يوما سيلفي مخامه المندوب السامي ٤٤ رخصه از اوله طب الاسنان في فلسطين بينهم ء . بي واحد و…							
1944-10-26	falastin	falastin19441026-01.1.4	plague	بالطاعون	other:Jerusalem	Jerusalem		y		…ن الماء التاسعه من صباح يوم الاثنين ١٣ تشرين الثاني موعدا لاعطاء الشهادات للمحامين الجدد و وقعت في خلال الاسبوع سبع اصابات بالامراض الساريه وهي : خمس بالطاعون في حيفا وواحده يافا ( العدوي نقلت من حيفا ) : اصابه واحده بالتيفوس في رخبوت واصدر القايم باعمال الحكومه اعلانا بانه بعد مرور ٩٠ يوما سيلفي مخامه المن…							
1944-10-26	falastin	falastin19441026-01.1.4	plague	بطاعون	other:Jerusalem	Jerusalem				…ين المستر موريس كريسماس بنیت ناظرا لمشروع المياه في اثناء غياب المستر روبرت جاردین واعلن ان الادو قضاءها وقريه دير الغصون في قضاء طولكرم مناطق موبوءه بطاعون لطيور الداجنه…							
1944-10-28	falastin	falastin19441028-01.1.3	plague	كالطاعون	page					…مدينه وتراكمها في شوارع هامه وخصوصا في اسواق الخضار وشارع الصلاحي وبدايه شارع العجمي واسواق كثيره اخري ويقولون كيف يمكن ان لا تنتشر الامراض - الساريه كالطاعون وخلافه مثلا في المدينه والنظافه العامه غير متوفره ويطالبون بزياده عدد المفتشين لا لتقييد المخالفات ضد بعض الضعفاء وتقديمهم للمحاكم وتفرعهم بل للارشاد…							
1944-11-02	falastin	falastin19441102-01.1.3	plague	بالطاعون	window		y	y		… ان يدخل بها اكثر من واحد وهم الذين احتشدوا في عدن وضواحيها استعدادا للهجره الي فلسطين وقد سبقهم زهاء اربعه الاف يهودي يمني قبل الان الي فلسطين اصابه بالطاعون تبين ان الفتاه فاطمه بنت حسين البلخي من يافا مصابه بمرض الطاعون وقد نقلتها دايره الصحه الي مستشفي هي بني براك للمعالجه. وهذه الفتاه. الابنه الرابعه للسيده فهده عبد الجبار التي كانت مصابه وتوفيت بالطاعون بعد ان قدمت من حيفا الي يافا . وقد ضمت الفتاه المذكوره الي اخوتها الثلاثه الصغار الذين كانوا قد نقلوا الي مستشفي بني براك المعالجتهم من الطاعون ايضا اصطدام ووفاه عكا في ات٢ - لمراسل فلسطين الخاص - في الساعه الخامسه من مساء اليوم كانت ثلاث سيارات تجتاز مفرق طريق عكا - صفد حامله عددا من العمال …	17	0	3	open	1944-08-09(peak 15/30d)	85	lags 85d
1944-11-05	falastin	falastin19441105-01.1.2	plague	الطاعون	dateline	Haifa		y		…ش وقد فصلت في بعضها وانتهي النظر في معظمها واغلبها متعلق باراضي الطيره مجاج سوريون وصل فوج اخر من الحجاج السوريين في طريقهم الي الديار الحجازيه امصال الطاعون وزعت دايره الصحه امص الا للتطعيم ضد الطاعون علي عدد من الاطباء الذين تقدت الامصال من عندهم لتطعيم الجمهور وقد وقعت حادثه يشتبه بانها طاعون اجتماع لجنه البنيم عقدت لجنه اليتيم العربي بحيفا جلسه لها خلال هذا الاسبوع في بيت احد اعضايها وقد وقف الاعضاء حين افتتاح الجلسه دقيقه واحده حدادا علي…	19	0	3	open	1944-08-09(peak 15/30d)	88	lags 88d
1944-11-11	falastin	falastin19441111-01.1.2	plague	طاعون	paragraph		y	y		…ي موتها ايضا بحث شءون الموظفين عقدت لجنه الموظفين جلسه لها ليله امس في النادي الارثوذكسي العربي وقد بحثت في عده شءون تتعلق بالموظفين الاشتباه باصابتي طاعون نقل الي مستشفي الحكومه شخصان يشتبه باصابتها بالطاعون ووضعا تحت المراقبه حادث صدام و اصابتان نقل الي المستشفي شخصان اصيبا جراح مختلفه من جراء اصطدام سيارتهما علي طريق عكا في جمعيه العمال قرر مجلس اداره ج…	18	0	2	open	1944-08-09(peak 15/30d)	94	lags 94d
1944-11-12	falastin	falastin19441112-01.1.2	plague	طاعون	window		y	y		…ابرقت الغرفه التجاريه الي فخامه المندوب السامي راجيه اصدار امره باناره الشوارع اسوه ببقيه البلدان وقد وقعت بسبب الظلام عده حوادث سرقه الاشتباه باصابه طاعون اشتبه بطالب الشيخ طالب من اهالي عكا بانه مصاب بالطاعون وقد نقل الي مستشفي الحكومه بحيفا للمعالجه واتخذت دايره الصحه اجراءات سريعه لتلافي انتقال العدوي الي غيره…	18	0	2	open	1944-08-09(peak 15/30d)	95	lags 95d
1944-11-18	falastin	falastin19441118-01.1.3	typhus	التيفوس	paragraph		y	y		…يويورك ان جمعيه «هداسا » ستقيم بالقدس في جوار مستشفي رو تشاد مستشفي لمرض السل يحتوي علي ٢٥٠ سريرا كما قررت مكافحه السل في خارج المستشفي ومكافحه امراض التيفوس بوليس عسكري ايطالي تقول دافار ان داوريه من البوليس العسكري الايطالي ظهرت في شوارع القدس يوم امس للاشراف علي الجنود الطليان الذين يحاربون الي جانب الح…	13	0	0	open			register admitting, no surge
1944-11-18	falastin	falastin19441118-01.1.3	plague	الطاعون	window					… مصدر ثقه ان اقتراحا قدم الي بلديه يانا يطلب مقدمه البحث في موضوع انتخابات البلديه ومن المفهوم ان لجنه البلديه ستعقد قريبا جلسه للبحث في هذا الاقتراح الطاعون في حيفا سجلت في حيفا حادثتان جديدتان…	18	0	2	open	1944-08-09(peak 15/30d)	101	lags 101d
1944-11-18	falastin	falastin19441118-01.1.3	plague	بالطاعون	page			y		…من حوادث الاصابه بالطاعون خلال الثلاثه الايام الماضيه وبذلك تكون الاصابات منذ اواسط حزیران قد بلغت ٦٤ اصابه انتهت ١٨ منها بالوفاء والمصابان الجديدان امراه عربيه من حي محطه الك…							
1944-12-01	falastin	falastin19441201-01.1.3	typhoid	بالتيفوييد	other:Jerusalem	Jerusalem		y		…راض الساريه في يافا يءخذ من الاحصاءات الرسميه عن قيود دايره الصحه بياقا انه وقعت خلال شهر تشرین التابي الماضي ١٢ اصابه بالامراض الساريه منها ٧ اصابات بالتيفوييد واحده في يافا وواحده في القضاء واصابه واحده بالبراتيفوييد في يافا واصابه واحده بمرض الطاعون في ياقا وقد توفي المصاب بها قرعه ..! القاهره - خاص اجريت قرعه لالف جندي من الجنود الانكليز في الشرق الاوسط يمنحون ا…							
1944-12-01	falastin	falastin19441201-01.1.3	plague	الطاعون	other:Jerusalem	Jerusalem		y		… التابي الماضي ١٢ اصابه بالامراض الساريه منها ٧ اصابات بالتيفوييد واحده في يافا وواحده في القضاء واصابه واحده بالبراتيفوييد في يافا واصابه واحده بمرض الطاعون في ياقا وقد توفي المصاب بها قرعه ..! القاهره - خاص اجريت قرعه لالف جندي من الجنود الانكليز في الشرق الاوسط يمنحون اجازه ٣٨ يوما يقضونها في بلادهم وقد…							
1944-12-03	falastin	falastin19441203-01.1.3	plague	طاعون	page					…الاشتباه باصابتي طاعون محيفا…							
1944-12-03	falastin	falastin19441203-01.1.3	plague	بالطاعون	dateline	Haifa	y	y		…- حيفا في ٢ ك ١ - المراسل فلسطين الخاص نقل الي مستشفي الحكومه شخصان مشتبه باصابتهما بالطاعون وقد توفي في الاسبوع الماضي اثنان من المصابين بهذا الوباء الخبيث رفع اسعار بذار القمح حيفا في ٢ ك ١ - لمراسل فلسطين 1 . الخاص- علمنا ان الحكومه رفعت س…	15	0	1	absent	1944-08-09(peak 15/30d)	116	no-register-coverage
1944-12-05	falastin	falastin19441205-01.1.3	plague	بالطاعون	dateline	Haifa				…حيه والاجتماعيه باقل التكاليف المزارعون العرب والحيوانات وزعت الحكومه جانبا من الحيوانات التي جلبتها علي بعض المزارعين اليهود مقابل الخيول التي تضررت بالطاعون الافريقي ولم توزع شييا منها بعد علي المزارعين العرب مع انهم ارسلوا عده طلبات بذلك الي الدايره المختصه فنامل ان تلبي طلباتهم هذه بسرعه لجنه صندوق الام…	15	0	1	absent	1944-08-09(peak 15/30d)	118	no-register-coverage
1944-12-08	falastin	falastin19441208-01.1.3	typhoid	بالتيفوييد	paragraph		y	y		… بليغه ذكر فيها الاعمال والخدمات الجليله والمساعدات الطيبه التي قدمها الحاكم للواء الجليل عامه ومدينه عكا خاصه ولا سيما اللفقراء والمرضي الذين اصيبوا بالتيفوييد اذ امر بفتح جناح خاص كمستشفي صغير لمعالجه المصابين بهذا المرض الفتاك . وذكر الرييس ايضا في خطابه ان عطف المستر بولوك كان مثالا رايما للروح الدمقراطيه…	11	0	0	absent			no-register-coverage
1944-12-15	falastin	falastin19441215-01.1.3	plague	طاعون	window			y		…اصابه طاعون جديده في حيفا…	8	0	0	absent			no-register-coverage
1944-12-15	falastin	falastin19441215-01.1.3	plague	الطاعون	window		y	y		…سجلت اصابه بمرض الطاعون في حيفا بعد ( صمت » اسبوعين وارسل المصاب وهو من سكان الحي الشرقي الي مستشفي الحكومه وقد بلغت الاصابات منذ انتشار الوباء في حزيران ۷۰ اصابه انتهت بوفا…	8	0	0	absent			no-register-coverage
1944-12-16	falastin	falastin19441216-01.1.3	smallpox	والجدري	paragraph			y		… فرد الوزير بانه لا يعرف بان هناك ازمه حليب ! الامراض الساريه مضي اكثر من شهر حتي الان دون ان تظهر ايه اصابه جديده باحد الامراض الساريه ومنها الطاعون والجدري والمامول ان توالي دايره الصحه جهودها في الشءون الصحيه التي تقضي علي هذه الامراض بيافا وضواحيها وان يتابع السكان نشاطهم في التنظيفات العامه للقضاء علي…	0	0	0	absent			no-register-coverage
1944-12-16	falastin	falastin19441216-01.1.3	plague	الطاعون	paragraph			y		…لبيره ؟) فرد الوزير بانه لا يعرف بان هناك ازمه حليب ! الامراض الساريه مضي اكثر من شهر حتي الان دون ان تظهر ايه اصابه جديده باحد الامراض الساريه ومنها الطاعون والجدري والمامول ان توالي دايره الصحه جهودها في الشءون الصحيه التي تقضي علي هذه الامراض بيافا وضواحيها وان يتابع السكان نشاطهم في التنظيفات العامه لل…	8	0	0	absent			no-register-coverage
1944-12-19	falastin	falastin19441219-01.1.3	typhoid	التيفوييد	page			y		…تير المدرسه» سكرتير او لبيب ناصر امين صندوق و سليمان طنوس و اسحق فانوس و علي عويضه واميل اغابي و نوبار ارسنیان اعضاء عكا - كافح الدكتور سامي شهاب مرض التيفوييد بهمه وهو الان يكافح مرض الطاعون بتطعيم السكان ضده والاهالي هنا يشكرون له جهوده…							
1944-12-19	falastin	falastin19441219-01.1.3	plague	الطاعون	page			y		…مين صندوق و سليمان طنوس و اسحق فانوس و علي عويضه واميل اغابي و نوبار ارسنیان اعضاء عكا - كافح الدكتور سامي شهاب مرض التيفوييد بهمه وهو الان يكافح مرض الطاعون بتطعيم السكان ضده والاهالي هنا يشكرون له جهوده…							
1944-12-21	falastin	falastin19441221-01.1.4	plague	بالطاعون	window					…بالامراض الساريه في البلاد واحده بالطاعون في حيفا .…	7	0	0	absent			no-register-coverage
1944-12-22	falastin	falastin19441222-01.1.3	plague	الطاعون	dateline	Haifa		y		…ريه اما الشركات التعاونيه التي تنفق نحو .. في الميه من ارباحها في سبيل الغايه العامه فيستوفي منها ٢٥ ملا عن كل متر ٢ - الموافقه علي توحيد قرضي مكافحه الطاعون وانشاء المجاري وهما اللذان قررت البلديه اخذها من الحكومه وقيمه الواحد…	7	0	0	absent			no-register-coverage
1944-12-27	falastin	falastin19441227-01.1.3	plague	الطاعون	other:Jerusalem	Jerusalem		y		…ات امس جلسه بحثت فيها موضوع تقسيم كميه الحمضيات للاسابيع القادمه علي لمتعهدين ، وهي الكميات المنوي تصديرها الي وزاره التموين البريطانيه جره مصاب بمرض الطاعون عثر رجال الصحه بيافا علي جرذ مصاب بمرض الطاعون في احدي جهات البلده القديمه وقد اتخاذ اهتم طبيب الصحه بالامر وعمل علي الاجراءات لتطهير تلك المنطقه كما كلف بعض اعضاء البلديه الاهتمام بالحادث ايضا ليقوم عمالها بالتنظيف والمكافحه. وقد جري تطعيم سكان تلك الجهه بالمصل الواقي من الطاعون والمامول زياده العنايه بمكافحه هذا المرض مدينه يافا هبوط اسعار الذهب طرا هبوط علي اسعار الذهب امس فقد بيعت الليره الذهبيه ب ٢٥ ، قرشا اي بهبوط ۱۰ قرو…							
1944-12-29	falastin	falastin19441229-01.1.3	typhus	كالتيفوس	other:Jerusalem	Jerusalem				…للقري التي ساهمت بالتبرع للجنه ولجميع من ازر هذا المشروع الخيري . للوقايه من الامراض اصدر نادي الفضيله بحيفا نشره خاصه ب ( الوقايه من الامراض الساريه كالتيفوس الوبايي والطاعون الجدري » بقلم الدكتور عمر الخليل وقد تضمنت النشره نصايح وارشادات طبيه قيمه للوقايه من الامراض الساريه وهي لو اتبعت لقضت ولا شك علي ا…							
1944-12-29	falastin	falastin19441229-01.1.3	smallpox	الجدري	other:Jerusalem	Jerusalem				…لجنه ولجميع من ازر هذا المشروع الخيري . للوقايه من الامراض اصدر نادي الفضيله بحيفا نشره خاصه ب ( الوقايه من الامراض الساريه كالتيفوس الوبايي والطاعون الجدري » بقلم الدكتور عمر الخليل وقد تضمنت النشره نصايح وارشادات طبيه قيمه للوقايه من الامراض الساريه وهي لو اتبعت لقضت ولا شك علي اخطار العدوي وانتشار الام…							
1944-12-29	falastin	falastin19441229-01.1.3	plague	والطاعون	other:Jerusalem	Jerusalem				…بالتبرع للجنه ولجميع من ازر هذا المشروع الخيري . للوقايه من الامراض اصدر نادي الفضيله بحيفا نشره خاصه ب ( الوقايه من الامراض الساريه كالتيفوس الوبايي والطاعون الجدري » بقلم الدكتور عمر الخليل وقد تضمنت النشره نصايح وارشادات طبيه قيمه للوقايه من الامراض الساريه وهي لو اتبعت لقضت ولا شك علي اخطار العدوي وانتش…							
1945-01-06	falastin	falastin19450106-01.1.3	plague	طاعون	page			y		…اصابه طاعون يحيفا…							
1945-01-06	falastin	falastin19450106-01.1.3	plague	بالطاعون	window			y		…الحكومه في حيفا مصابا بالطاعون فكانت الاصابه الثانيه والسبعين في المدينه منذ انتشار الموجه الحاليه في حزيران الماضي…	0	0	0	absent			no-register-coverage
1945-01-07	falastin	falastin19450107-01.1.3	plague	طاعون	other:Acre	Acre		y		…اصابات طاعون في عكا ٣ عكا في ٦ ك ٢ - لمراسل فلسطين الخاص :…							
1945-01-07	falastin	falastin19450107-01.1.3	plague	بالطاعون	other:Acre	Acre	y	y		…وقعت ثلاث اصابات بالطاعون هنا خلال الايام القليله الماضيه وتقول دايره الصحه ان هذه الاصابات خفيفه وقد نقل المصابون الي مستشفي الحكومه بحيفا و مع ان دايره الصحه تقوم بمجهود كبي…							
1945-01-24	falastin	falastin19450124-01.1.3	plague	الطاعون	dateline	Haifa				…( الهستدروت ). وسيكون حوالي نصف هذه المساكن في تل ابيب والباقي في القدس وحيفا حمله الطاعون في حيفا حيفا في ٢٣ ك ٢ - لمراسل فلسطين…	0	0	0	absent			no-register-coverage
1945-01-24	falastin	falastin19450124-01.1.3	plague	بالطاعون	dateline	Haifa		y		…الخاص - لم تقع اصابات بالطاعون منذ التاسع والعشرين من الشهر الماضي و بلغ عدد الاشخاص الذين طعموا بالمصل الواقي خمسه وستين الفا وتسعمايه واربعين وبلغ عدد الجرذان التي اصطادتها دايره…	0	0	0	absent			no-register-coverage
1945-01-26	falastin	falastin19450126-01.1.3	malaria	الملاريا	other:Cairo	Cairo		y		…ندوق الادخار والتوفير لموظفي البلديه الذين هم دون الدرجه الرابعه وذلك اسوه بموظفي الحكومه واطلعت علي قرار لجنه البلديه بخصوص زياده رواتب موظفي مكافحه الملاريا و وافقت عليه واجلت البحث في مشكله اللجنه الرياضيه للنقابه الي جلسه قادمه ورفضت استقاله عضوها السيد عبدالرحمن الهباب مكتبه الصحافه العربيه بنابلس تزدا…							
1945-02-01	falastin	falastin19450201-01.1.3	plague	الطاعون	page			y		…لبوبلين علي الحامل اليهوديه وحرمان العربيه والجمهور يامل ان تفسر الدايره هذا الموقف وتعمل علي توزيع هذه الاصناف علي الحوامل العربيات حمله لمكافحه مرض الطاعون قام طبيب ورجال دايره الصحه امس بحمله جديده لتنظيف المدينه من الجرذان والفيران والاقدار وخصوصا في المخازن التجاريه وقد عثروا في بعضها علي عشرات الفيران والجرذان فنقلت الي مختبر التحليل لفحصها ومعرفه ما اذا كانت مصابه بمرض الطاعون وكانوا قد عثروا علي جرذ مصاب بالطاعون في احدا المتاجر في البوابه واتخذوا التدابير الصحيه اللازمه للوقايه من خطر الطاعون الي محي القراءه في يافا في نادي الاتحاد العربي البريطاني في يافا مكتبه كبيره تحتوي علي ميات من احسن الكتب العربيه والانكليزيه ومع ان النادي مقصور الد…							
1945-02-11	falastin	falastin19450211-01.1.3	plague	طاعون	page		y	y		…ره في توطيد الامن العام في منطقه المدينه ومطارده المشبوهين واقتلاع جذور الاجرام والشرور و يتمنون لهم النجاح الدايم في هذا السبيل القويم اشتباه باصابه طاعون نقل الي مستشفي الامراض الساريه شخص يشتبه بانه مصاب بالطاعون وكان في للتاكد من حقيقه اصابته. وقد اتخذت سوق الخضار بيافا وهو الان تحت الفحص الطبي التدابير الصحيه في المكان الذي وجد فيه للتطهير والوقايه…							
1945-02-13	falastin	falastin19450213-01.1.4	plague	الطاعون	other:Amman	Amman		y		… الجميع الخاص عقد هنا اخيرا اجتماع ديني القس الانجيليين من عرب وبريطان في فلسطين وشرق الاردن برياسه سياده الاسقف الانجليكاني ودام ثلاثه ايام . مكافحه الطاعون بيافا تم حتي الان تبخير معظم الاماكن في سوق الخضار بيافا للوقايه من مرض الطاعون بعد اكتشاف اصابه بهذا المرض هناك . والمصاب مصري يدعي علي محمد جمعه و يبلغ من العمر ٢٠ سنه…							
1945-02-13	falastin	falastin19450213-01.1.4	plague	الطاعون	other:Amman	Amman		y		…و قد جري تطعيم ٢٥٣ شخصا من سوق الخضار بمصل الطاعون، وعلي الاشخاص الذين يقطنون او يشتغلون في منطقه سوق الخضار ولم يتطعموا بعد ان يسارعوا بالتطعيم لوقايه انفسهم ... مركز الرياسه سرقات من مر لوحظ ان بعض …							
1945-02-14	falastin	falastin19450214-01.1.3	plague	الطاعون	page					…بيل الحصول علي هذه البطاقات. وهم يطلبون من الدايره العوده الي النظم القديم وذلك بالسماح للبقال بالحصول علي هذه البطاقات وتسليمها الي المستهلك. مكافحه الطاعون والوقايه منه اصدرت دايره الصحه بيافا بيانا الي الجمهور ذكرت فيه ارشادات وتعليمات عن كيفيه مكافه الطاعون والوقايه منه وحثت فيه الجمهور علي اتباع هذه التعليمات لوقايه انفسهم من هذا المرضي الوبيل حادث مديره مدرسه بنا يستانف القاضي شتريت حاكم الصلح في رخبوت…							
1945-02-15	falastin	falastin19450215-01.1.2	malaria	الملاريا	page					… فاروق باكبر قسط في هذا المضمار وهذا موضع فخار نا وسرورنا القاهره في ١٤ - و .ا.ع - اجاب معالي وزير الصحه في مجلس الشيوخ المصري ليله امس علي سءال بشان الملاريا في الصعيد بقوله انه علي الرغم من ان اكثر من مايتي الف نفس ماتوا بسبب الملاريا في مديريتي قنا و اسوان خلال المده من يناير سنه ١٩٤٢ الي يونيو سنه ١٩٤٤ لم يقيد رسميا منهم اكثر من ثلاثه الاف بقليل وقال معاليه ان السبب يرجع الي قله …							
1945-02-15	falastin	falastin19450215-01.1.3	plague	بالطاعون	paragraph		y	y		… العاصمتين ثلاثه ايام ثم تعود الي فلسطين يوم ٢٧ و تقضي فيها ثلاثه ايام اخري في زياره المعاهد العلميه والاماكن المقدسه والاثريه ثم تسافر الي مصر اصابه بالطاعون في يافا ظهرت اصابه جديده بمرض الطاعون وقد نقل المصاب وهو من سكان العجمي خلف مركز البوليس الي مستشفي الامراض الساريه في بني براك وثبتت اصابته وهو الان رهن المعالجه…	0	0	0	absent			no-register-coverage
1945-03-04	falastin	falastin19450304-01.1.3	malaria	الملاريا	paragraph					…ه علي تعزيته في المغفور له الدكتور احمد ماهر باشا سافر الي منطقه البحر الميت القدس 1 الدكتور فليس رييس اطباء منطقه القدس للاطلاع علي اعمال مكافحه حمي الملاريا القدس - تقرر ان يجري تخمين الاملاك. في القري علي معدل السنوات الثلاث الماضيه . القدس سافرت الي نابلس الانسه سلطانه حلبي احدي مفتشات دايره شءون العمل …	0	0	0	absent			no-register-coverage
1945-03-09	falastin	falastin19450309-01.1.3	plague	طاعون	other:Jerusalem	Jerusalem	y	y		…ال اوراقهم لم يبت في امرهم بعد مع ان اليهود المعتوهين ينقلون فورا الي المستشفي فنامل من دايره الصحه العامه العنايه بهذا الموضوع الهام الاشتباه باصابه طاعون ا بلغت دايره الصحه بيافا عن وجود شخص…							
1945-03-09	falastin	falastin19450309-01.1.3	plague	بالطاعون	page		y	y		…يشتبه بانه مصاب بالطاعون في ملبس فاهتمت بالامر وقامت بنقله الي مستشفي الامراض الساريه لفحصه كما قامت بالاحتياطات اللازمه في مكان اصابته للحيلوله دون انتشار العدوي. وهي جاده ف…							
1945-03-17	falastin	falastin19450317-01.1.3	typhoid	التيفوييد	other:Cairo	Cairo		y		…كتور مصطفي زياده علي ثمانيه اصوات ولما رفعت النتيجه الي معالي وزير للمعارف وقع اختياره علي الدكتور عبد الوهاب غزام ليكون عميدا للكليه. التطعيم ضد مرض التيفوييد باشرت دايره الصحه يافا تطعيم سكان…							
1945-03-17	falastin	falastin19450317-01.1.3	typhoid	التيفوييد	other:Cairo	Cairo		y		…المدينه ضد مرض التيفوييد ، وكانت قد انتهت من تطعيم طلاب المدارس و بهذه المناسبه نذكر ان هذا التطعيم السنوي قد اتي بفوايد حلي في وقايه السكان وتخفيض الاصابه به الي اقل العدد ا…							
1945-03-24	falastin	falastin19450324-01.1.3	typhus	التيفوس	page			y		…ير بعض المواد الغذاييه في الاسواق في محكمه الصلح حكمت محكمه الصلح علي شخص بالسجن ثلاثه اشهر او غرامه ١٠٠ جنيه بتهمه حيازه بعض الزيوت بلا ترخيص اصابات التيفوس والحكاك في ٢٣ اذار - لمراسل فلسطين الخليل الخاص وقعت في قضاء الخليل عده اصابات بمرض يشبه التيفوس وانتشر المرض الجلدي المعروف بالحكاك» في المدينه والقضاء ، قتلفت دايره صحه الخليل نظر السكان الي ضروره المحافظه علي النظافه العامه وتجنب مخالطه المرضي والمصابين بالامراض الساريه واخبارها عن كل اصابه « تيفوس ) تقم في المدينه والقضاء حتي تتمكن من القضاء عليها في مهدها المزروعات الشتويه…							
1945-04-07	falastin	falastin19450407-01.1.3	typhoid	التيفوييد	page			y		…مركزا للصيد رييسيا الامراض الساريه خلال شهر يءخذ من الاحصاءات الرسميه عن حوادث الامراض الساريه خلال شهر اذار الماضي انه وقعت في يافا ثلاث اصابات بمرض التيفوييد و توفي احد المصابين و وقعت اصابه واحده بمرض الطاعون ولم تقم ايه اصابه في قضاء يافا انتاج الانوال نشات بين اليهود في فلسطين صناعه مساعده هي الصناعه ال…							
1945-04-07	falastin	falastin19450407-01.1.3	plague	الطاعون	page			y		…احصاءات الرسميه عن حوادث الامراض الساريه خلال شهر اذار الماضي انه وقعت في يافا ثلاث اصابات بمرض التيفوييد و توفي احد المصابين و وقعت اصابه واحده بمرض الطاعون ولم تقم ايه اصابه في قضاء يافا انتاج الانوال نشات بين اليهود في فلسطين صناعه مساعده هي الصناعه المنسوجات انتاج الانوال واجهزه ( د. ا. ا ) النسج الاخر…							
1945-04-07	falastin	falastin19450407-01.1.3	plague	بالطاعون	other:Cairo	Cairo	y	y		…لكيه المحضرات اصحاب السمو امراء ال السعود دعي اليها رييس الوزراء وشيخ الجامع الازهر و الوزراء وممثلو البلدان العربيه ومفتي الديار المصريه اصابه جديده بالطاعون اصيب السيد محمد مصطفي اسعد من يافا وعمره ٢٨ سنه بالطاعون وقد نقل الي مستشفي الامراض الساريه في « بني براك ) و ثبتت اصابته بهذا المرض شفاه الله والمصاب سايق سياره كان يعمل في نقل الخضار بين يافا و خانيونس رس…							
1945-04-07	falastin	falastin19450407-01.1.3	malaria	الملاريا	other:Jenin	Jenin				…سيس مجالس قري في القضاء . وفي توزيع الاقمشه الخام علي القرويين وانشاء مشتل اغراس شجريه حبا في تشجيع الزراعه ومساعده الفلاح . وتناول البحث ايضا مكافحه الملاريا في الاثار والمياه الراكده . وقد تقرر تعيين لجنه تنفيذيه مءلفه من ثلاثه عشر مختارا للاشراف علي المصالح العامه في القري وارفض عقد وهم يثنون علي مساعد ح…							
1945-04-12	falastin	falastin19450412-01.1.4	typhus	بالتيفوس	window			y		…قبل صحفيين معترف بهم وكذلك تقبل الرزم المرسله الي الصين الحره يشير تقرير الامراض الساريه الاسبوعي الي وقوع ثلاث اصابات واحده بالطاعون في يافا واثنتين بالتيفوس في بير السبع ستباع يوم الاثنين ٢٣ الجاري في - المزاد العلني بضايع مخزونه في ميناء حيفا وغير مطالب بها اما المواد المراقبه بينها فتباع حسب اوامر السلط…	0	0	0	absent			no-register-coverage
1945-04-12	falastin	falastin19450412-01.1.4	plague	بالطاعون	window			y		…علي شرط ان تكون محرره من قبل صحفيين معترف بهم وكذلك تقبل الرزم المرسله الي الصين الحره يشير تقرير الامراض الساريه الاسبوعي الي وقوع ثلاث اصابات واحده بالطاعون في يافا واثنتين بالتيفوس في بير السبع ستباع يوم الاثنين ٢٣ الجاري في - المزاد العلني بضايع مخزونه في ميناء حيفا وغير مطالب بها اما المواد المراقبه بي…	0	0	0	absent			no-register-coverage
1945-04-18	falastin	falastin19450418-01.1.3	typhoid	التيفوييد	page			y		…فال بموسم وادي النمل الذي يبتديء في ٣١-٤-٤٥ و يمكن اربعه ايام ، وسيحتفل في هذا العام بزفاف علم سيدنا الحسين كما كانت عليه العاده في السابق التطعيم ضد التيفوييد تنصح دايره الصحه افراد الجمهور بالتطعيم ضد التيفويد ويقوم الموظفون المختصون بتطعيم الجمهور مجانا في المراكز الطبيه الحكوميه وغيرها…							
1945-04-19	falastin	falastin19450419-01.1.4	typhus	التيفوس	paragraph					…ع الماضي علي الوافدين من مصر و المغرب والعراق وبشان الكوليزا علي الوافدين من الهند جوا وبشان الجدري علي الوافدين من سوريا وتركيا والعراق وايران وبشان التيفوس علي الوافدين من تركيا والجزاير طبقت بلديه نابلس في منطقتها ضريبه الاعمال وحددت فاتها…	0	0	0	absent			no-register-coverage
1945-04-19	falastin	falastin19450419-01.1.4	smallpox	الجدري	paragraph					… البلديات بشان الطاعون كان الحجر الصحي - مضروبا في الاسبوع الماضي علي الوافدين من مصر و المغرب والعراق وبشان الكوليزا علي الوافدين من الهند جوا وبشان الجدري علي الوافدين من سوريا وتركيا والعراق وايران وبشان التيفوس علي الوافدين من تركيا والجزاير طبقت بلديه نابلس في منطقتها ضريبه الاعمال وحددت فاتها…	0	0	0	absent			no-register-coverage
1945-04-19	falastin	falastin19450419-01.1.4	plague	الطاعون	paragraph					…ل قانون الحرف والصناعات وقد تضمن التعديل نصا علي اخراج ايه حرفه معينه من جدول الحرف والصناعات التي ينطبق عليها القانون وجعلها من اختصاص البلديات بشان الطاعون كان الحجر الصحي - مضروبا في الاسبوع الماضي علي الوافدين من مصر و المغرب والعراق وبشان الكوليزا علي الوافدين من الهند جوا وبشان الجدري علي الوافدين من…	0	0	0	absent			no-register-coverage
1945-04-29	falastin	falastin19450429-01.1.3	typhus	بالتيفوس	page		y	y		… المقبل - وذلك لبحث شءون الحاله الحاضره في البلاد وتاسيس اتحاد عام للنوادي العربيه في فلسطين ويحتمل ان لا يختم المءتمر جلساته في يوم . واحد اصابه شخص بالتيفوس اصيب اسماعيل ابراهيم ظريفه في قريه عبسان بالتيفوس ونقل الي مستشفي الامراض الساريه في يافا…							
1945-05-18	falastin	falastin19450518-01.1.2	influenza	الانفلونزا	page			y		…له الطبيب استعمال اسبر و تم قال يا ليتني اهتديت اليه سابقا اذ ماكدت اتناول منه القرص الثاني حتي فارقني الالم . اسيرو في حالات اوقف الالم بوقف الاسباب الانفلونزا البرد اصر علی ، اسيرو ، وفق حصولك عليه الرشوحات وجمع الراس ناسف للصعوبه الحاليه التي يواجهها الاسنان الجمهور في الحصول علي اسبرو ونحن وجع تعمل جادين …							
1945-06-12	falastin	falastin19450612-01.1.3	plague	الطاعون	other:Jerusalem	Jerusalem		y		… حيفا الي نابلس مع ترقيته الي درجه عاليه . والواقع ان حيفا ستخسر ر جلاادي للمدينه خدمات جليله لم يعرفها الكثيرون ، فالفضل الاكير لنجاه المدينه من مرض الطاعون يرجع اليه لما بذله من جهود مشكوره والاحتياط الكبير الذي اتخذه عند وقوع اصابات قليله قضت عليه هذا عدا ما بذله من الاحتياطات الواسعه لمكافحه الامراض ال…							
1945-06-14	falastin	falastin19450614-01.1.4	typhus	بالتيفوس	page			y		…نب - يشير تقرير الامراض الساريه الاسبوعي الي وقوع ثلاث اصابات في البلاد واحده بالحمي الراجعه في نابلس والثانيه بالتهاب النخاع الشوكي في يافا والاخيره بالتيفوس في قضاء غزه ور فخامه للتدوب السامي تحدید قرر - معدل الفايده 3 في الميه المدفوعه من دخل فلسطين في خلال السنه من اول نيسان ٩٤٥ حتي ٣١ اذار ٩٤٦ الودايع …							
1945-06-16	falastin	falastin19450616-01.1.3	typhoid	التيفوييد	page					…ه ان دعواهم لا تستند علي اساس فاصدرت حكمها لمصلحه الكرن كا يمت لا امراض في يافا لوحظ في المده الاخيره ان الامراض الساريه قد انقطعت من يافا وخصوصا مرض التيفوييد الذي كان ينتشر عاده في فصل الصيف من كل سنه وكان للجهود الجباره التي بذلها اطباء الصحه بيافا اثر ملموس في عدم انتشار هذه الامراض واصبح الجمهور يتقدم م…							
1945-06-27	falastin	falastin19450627-01.1.3	typhoid	بالتيفوييد	dateline	Haifa	y	y		…و صوفه من دير حنا وهو مصاب بجراح في راسه علي اثر الاعتداء عليه وجراحه خطره ، وتوفيت في مستشفي الحكومه طفله يهوديه في الثالثه من عمرها علي اثر اصابتها بالتيفوييد…	0	0	0	absent			no-register-coverage
1945-06-28	falastin	falastin19450628-01.1.3	malaria	الملاريا	page					…من لاخطر الملاريا، والتتمام دايره الصحه…							
1945-06-28	falastin	falastin19450628-01.1.3	malaria	الملاريا	page			y		…اذيع امس البلاغ التالي : نشرت الصحف مءخرا اخبارا توقعت فيها ان ينتشر في البلاد مرض الملاريا وليس لهذه الاخبار وان كان من من مبرو هناك المحتمل ان يزيد عدد اصابات الملاريا، وقد كان من غزاره الامطار في الشتاء الماضي ان زادت كميه العمل اللازم لمنع البعوض من التفقيس في المستنقعات والغدران وقد تم تنقيه حوالي الف كيلو متر من…							
1945-06-28	falastin	falastin19450628-01.1.3	malaria	الملاريا	page			y		…اهلون وموظفو الصحه وكان رد الجمهور علي طلب دايره الصحه هذا العام لزياده مجهودهم حسنا علي العموم وعلي هذا كانت الحاله ورغبه في معرفه نتايج حمله مكافحه الملاريا فقد امسك المختصون باعداد كافيه من البعوض في محطات منبثه في جميع انحاء البلاد . فكانت اصاباتها بالملاريا دون ما كانت عليه في العام…							
1945-06-28	falastin	falastin19450628-01.1.3	malaria	الملاريا	page					…لقتل البعوض . علي ان هذا العقار غير متوفر للاستعمال المدني وكثيرا ما حاولت دايره الصحه الحصول علي شيء منه ولكن عبثا ولا تري الدايره ما يمنع من مكافحه الملاريا هذا العام كما جري في السابق اذا مالبي الجمهور نداءها لزياده المجهود…							
1945-07-03	falastin	falastin19450703-01.1.3	malaria	الملاريا	other:Jerusalem	Jerusalem				…جتمع بالسيد عبد الرحمن الفرا رييس البلديه واعتذر وصحبه عن عدم قبول الدعوات التي وجهت لتكريمهم ثم غادرونا الي مصر مشيعين بالاحترام دايره الصحه ومكافحه الملاريا زار رييس اطباء الصحه بالوكاله الدكتور زاهي حداد صباح امس منطقتي جريشه و الماسين وشاهد المجاري الفرعيه لنهر العوجا تمهيدا لمكافحه مرض الملارياهناك ودايره الصحه دايبه في مكافحه مرض الملاريا في الاماكن التي قد يظهر فيها وقد خصصت عددا من العمال لتجفيف المجاري والجداول الصغيره التي قد ينبعث منها هذا المرض…							
1945-07-03	falastin	falastin19450703-01.1.3	typhoid	التيفوييد	page			y		…التطعيم ضد التيفوييد قامت دايره الصحه بتطعيم جميع طلبه المدارس الاميريه هنا ضد التيفوييد عدد المواليد والوفيات…							
1945-07-08	falastin	falastin19450708-01.1.4	typhus	التيفوس	page					…MARDIE BLE SPRAY كن واثقا اليوم من الحصول علي ماكنه الرش ( هاردی لمحاربه الحرشفه السوداء التيفوس من نماذج سنه ١٩٤٦ لاجل الحصول عليها في موعدها لفصل « الرش » سنه ١٩٤٦. سجلوا اسماء كم مقدما عند الوكيل العام لفلسطين POR ا. فالد شتين تل ابيب - شارع ي…							
1945-07-12	falastin	falastin19450712-01.1.3	malaria	الملاريا	page					…وضع مضخات ضخمه تجر المياه بواسطه انابيب في اواخر ايار من كل عام قبل تفريخ بعوض الملاريا . ولكن الامطار المتزايده في عام ١٩٤٤ جعلت دايره الصحه تفكر في تجفيف هذه البرك بطريقه فنيه، فاستعانت ببعض ادوات الجيش كجرافات الرمال وغيرها ومدت انابي…							
1945-07-12	falastin	falastin19450712-01.1.3	malaria	الملاريا	page					… هذه الانابيب في نهر الاسكندرونه في وادي الحوارث . وقد علمنا ان المشروع سينتهي في اواخر هذا الشهر وبذلك تنجو تلك البقعه الفسيحه الاهله بالسكان من خطر الملاريا الذي كان يتهدد سكان تلك المنطقه كل عام . وقد اعدت دايره الصحه طعام الغداء للصحافيين تحت اشجار الكينا في بركه عطا وكانت هذه البقعه بالذات مغموره بالمي…							
1945-07-12	falastin	falastin19450712-01.1.3	influenza	الانفلونزا	page					"…تاتك وتمنحك الشهيه والنشاط والقوه الحيويه . جرعات اضافيه تكمل هذا العمل النافع حتي تشعر انك في غايه الصحه التامه عن فوسفارين لاجل الكابه ا عصير الفكر الانفلونزا فقر الدم وجع الراس العصبي TAME الوهن الارق PHOSFERINE THE GREATEST OF ALL TONICS herine"" is the registered trademark Phosferine (Ashion & Parsons) Lt…"							
1945-07-27	falastin	falastin19450727-01.1.3	plague	بالطاعون	other:Hebron	Hebron	y	y		…ا تستوعب سوي خمسمايه طالب وستكون ثلاث منها في الجهه الشرقيه من المدينه وواحده في الجهه الغربيه في الموارس وستكون الاخيره ثانويه عاليه التحقق من اصابه بالطاعون تبين من الفحص الطبي الذي اجري لمحمد حسين كيال احد العماله في شارع الداباسيه بيانا انه مصاب بمرض الطاعون وكان قد نقل الي مستشفي الحكومه للامراض الساريه في بني براك منذ بضعه ايام وهو يبلغ من العمر ٣٥ سنه . وقد اتخذت دايره الصحه الترتيبات والاجراءات الصحيه…							
1945-08-07	falastin	falastin19450807-01.1.4	typhoid	بالتيفوييد	page			y		…ظهر ان مجموع الامراض الساريه التي حدثت خلال شهر تموز الماضي كانت ٣٦ اصابه في يافا بالتيفوييدمات بسببها سبعه مصابين و ٤ اصابات بالتيفوس واصابتين بالبراتيفيوييد واخري في القضاء…							
1945-08-07	falastin	falastin19450807-01.1.4	typhus	بالتيفوس	page			y		…ظهر ان مجموع الامراض الساريه التي حدثت خلال شهر تموز الماضي كانت ٣٦ اصابه في يافا بالتيفوييدمات بسببها سبعه مصابين و ٤ اصابات بالتيفوس واصابتين بالبراتيفيوييد واخري في القضاء…							
1945-08-08	falastin	falastin19450808-01.1.3	plague	بالطاعون	page			y		…بيعت الليره الذهبيه امس بسعر ٥٩٧ قرشا اما السندات الحكوميه فلم يطرا علي اسعارها تغيير يذكر العثور علي جرد «مطعون» عثرت دايره الصحه بيافا علي جرذ مصاب بالطاعون في محله البطمه وقد ثبتت اصابته ا بعد الفحص التحليلي واتخذت الدايره الترتيبات الصحيه اللازمه لتطهير تلك المحله ووقايه سكانها من خطر مرض الطاعون يقتلها لانها لم تتزوجه ! وقع في محله الجباليه بيا فاصباح امس الباكر حادث قتل مءسف فقد طعن شخص من قريه كفر عانه ويبلغ من العمر نحو ٣٠ سنه اسمه عسود سي…							
1945-08-09	falastin	falastin19450809-01.1.3	influenza	الانفلونزا	page					"… وكل جرعه اضافيه زيد اليك ما سلبه منك الاجهاد في العمل او ساعات القلق الطويله فتحصل بذلك علي النشاط والحيويه والقوه . خذ فوسفارين لاجل الكانه حصر فكر الانفلونزا فقر الدم الراس العصبي الوهن الارق PHOSFERINE THE GREATEST OF ALL TONICS ""Phosjerine"" is the registered trademarks Pherine (Ashion & Parsons) Zid., Wa…"							
1945-08-12	falastin	falastin19450812-01.1.3	malaria	الملاريا	other:Jerusalem	Jerusalem				…ت لسفر اعضاء البعثات الحكوميه الي انكاتر او مصر وهم الان ينتظرون تحديد موعد مغادرتهم البلاد وقد قابل بعضهم اليوم مدير اداره المعارف جوله صحبه لمكافحه الملاريا الصحه العام وزار دايره الصحه ثم قام يرافقه قدم يافا امس الدكتور بيكر نايب مدير رييس اطباء اللواء بالوكاله بجوله لتفقد شءون لملاريا في الاماكن التي تكثر فيها مواطن الملاريا لندن عن ميناء يافا نبا من تلقت غرفه تجاره يافا كتابا من السيد حسن عضو الوقد النيس الداير فيه انه الوزاري النقل بلندن ، ذكر فيه انه اتصل بوزارتي النقل…							
1945-08-12	falastin	falastin19450812-01.1.3	plague	بالطاعون	other:Jerusalem	Jerusalem		y		…المناطق بعد اول ايلول وتسلم حصه ٦٠٠ غرام بتسليم القسيمه (ح) العثور علي جرذ (مشبوه) عثر رجال دايره الصحه امس علي جرذ ميت في سوق الدير و يشتبه انه مصاب بالطاعون وقدارسل للتحليل الطبي. واتخذت الاجراءات والاحتياطات لوقايه السكان في تلك المنطقه من هذا المرض…							
1945-08-15	falastin	falastin19450815-01.1.3	malaria	الملاريا	page					…من انباء الجنوب ان الملاريا تنتشر الان بشكل مزعج في جهات نهر سكرير جنوبي و بينا» وان سكان تلك المنطقه يبلون من هذا الداء ما يبلون ويعجز الكثيرون منهم عن العمل في البيارات لاصابتهم بالملاريا الي اخر انباء تلك المنطقه الموبوءه بهذا الداء وما نظن ان الملاريا ظهرت فجاه في منطقه ینا ، بل كانت لها مقدمات وظاهرات ظهرت في حوادث متقطعه كانت جديره بلغت نظر دايره الصحه العامه الي هذه المنطقه وتوجيه العنايه اللازمه لمكافحه الداء قبل انتشاره : لقد جرت عاده دايره الصحه علي الاهتمام مجري ذلك النهر والمستنقعات التي يخلفها في جريانه . وان ظهور مرض الملاريا هناك في المده الاخيره بهذا الشكل المزعج الذي…							
1945-08-15	falastin	falastin19450815-01.1.3	malaria	الملاريا	page					…» لمياه المستنقعات وسيول الامطار في جهات مستعمره الخضيره.. ونحن نامل ان تتلقي في القريب ايض. امن دايره الصحه العامه دعوه للاحتفال بانجاز مشروع مكافحه الملاريا في جهات « يبينا» العربيه وقهر جرثومه هذا الداء ووقف انتشارها مع الريح الي المناطق الاخري وها نحن مع | الراي العام ترقب وتترقب !! ***…							
1945-08-21	falastin	falastin19450821-01.1.3	plague	بالطاعون	page			y		…الاشتباه باصابه بالطاعون…							
1945-08-21	falastin	falastin19450821-01.1.3	plague	الطاعون	page		y	y		…) اشتبه رجال دايره الصحه باما امس بالنيز من قاطني شارع السكسك بانهما مصابان بمرض الطاعون فنقلا الي مستشفي الحكومه للامراض الساريه في بني براك للكشف عليهما و التثبت من حقيقه اصابتهما . وكان الاشتباه بهما علي اثر قيام رجال الدايره بحمله صحيه للتطهير ضد الطاعون في المنطقه التجاريه وسوق الحبوب وشارع السكك حيث عثر عليهما…							
1945-08-21	falastin	falastin19450821-01.1.3	typhus	التيفوس	page					…اصابتان بمرض التيفوس…							
1945-08-21	falastin	falastin19450821-01.1.3	typhus	التيفوس	page		y	y		…ادخل الي مستشفي الكرنتينا للامراض الساريه بيانا شخصين مصابين بمرض التيفوس وما صالحه عبد الله حسن من محله العجمي و عمرها ٣٥ سنه و محمد احمد الغضبان من شارع…							
1945-09-02	falastin	falastin19450902-01.1.3	plague	بالطاعون	page		y	y		…اشتباه بالطاعون لم يتحقق ! كانت دايره الحصه بيافا قد اشتبهت بان ! السيد صبحي سامي جابي البلديه مصاب بمرض الطاعون ونقلته منذ بضعه ايام الي مستشفي الامراض الساريه للتحقيق عن اصابته وقد خرج امس من المستشفي المذكور بعد ان لم يتحقق اصابته…							
1945-09-02	falastin	falastin19450902-01.1.3	malaria	الملاريا	page					…الملاريا في وادي سكرير جاء نا كتاب من مدير مصلحه الصحه يقول…							
1945-09-02	falastin	falastin19450902-01.1.3	malaria	الملاريا	page					…فيه انه اتضح بعد البحث ان يعوض الملاريا الذي شكا منه البعض في وادي سكرير وعزي اهمال مكافحته لدايره الصحه ونشرت خبره جريده فلسطين يتوالد من المستنقعات الموجوده في بياره الشاكي بسبب عدم مراقب…							
1945-09-02	falastin	falastin19450902-01.1.3	malaria	الملاريا	page			y		…المقبره الي حدايق عامه . وسيعقد اجتماع اخر للبت في الموضوع ينتظرون هنا بفارغ الصبر توزيم الارز قبل العيد يبذل عمال دايره الصحه جهودا مشكوره في مكافحه الملاريا انتشر لعب القمار في المقاهي…							
1945-09-11	falastin	falastin19450911-01.1.2	influenza	الانفلونزا	page			y		"…اوته وسرعه فعله وسبب شهرته هذه. والنقد "" پرو بلطف جرب وجع الراس المءلم يتلاشي اسبرو في حالات عزيزي السيد صروف اود ان اشكركم علي اسبر و دو الكم الشافي الانفلونزا البرد الرشوحات العجيب لقد اخذت منه والدتي فمنحها وجع الراس الاسنان الروماتزم الحاق الراحه من وجع الراس المتواصل نشكر الكم غزه حلمي ابو شعبان وجع تاسف…"							
1945-10-14	falastin	falastin19451014-01.1.3	malaria	الملاريا	page					…يه واشراف دايره الصحه عليها بسبب اضراب عمال التنظيفات اليهود هناك و تذكر لهذه المناسبه ان دايره الصحه تقوم في هذه الايام بمجهود كبير وخصوصا في مكافحه الملاريا وقد زار الدكتور حداد امس منطقه راس العين واشرف علي اعمال المكافحه هناك تصحيح لاعلان عطفا علي الاعلان المنشور في جريدتكم بتاريخ ١٣-١٠-٤٥ من حلي افندي …							
1945-11-04	falastin	falastin19451104-01.1.3	plague	الطاعون	page		y	y		…داء من يوم فعلي جميع الرعايا اللبنانيين الذين لم يسجلوا انفسهم ان يسرعوا بتسجيل اسمايهم قبل نهايه السنه الحاليه وتلفون القنصليه رقمه ١٢٤٠ لمكافحه مرض الطاعون علي اثر عوده انتشار مرض الطاعون من جديد قدم الي يافا امس مدير الصحه العام بالوكاله يرافقه رييس اطباء الامراض الساريه وذهبا مع الدكتور زاهي حداد رييس اطباء الصحه في اللواء وطيب الامراض الساريه - الدكتور ايوب الي المنطقه التي وقعت فيها حوادث الطاعون في منطقه صميل الواقعه ضمن بلديه تل ابيب وبعد ان تفقدوا الحاله هناك تشاوروا في الاجراءات الصحيه التي يجب اتخاذها للحد من انتشار هذا المرض الوبيل والحيلوله دون وقوع اصابات جديده .. ووفاه مصاب بالطاعون توفي في مستشفي الكرنتينا امس الاول واعول شخص يدعي عوض فضل غنيم وهو عامل تنظيفات في بلديه بافا وعمره ٣٥ سنه وكان قد ظهرت عليه اعراض مرض معد هو فنقل ال…							
1945-11-09	falastin	falastin19451109-01.1.3	plague	بالطاعون	other:Jerusalem	Jerusalem	y	y		…لديه عقدت لجنه بلديه يافا جلسه مساء امس الاول بحثت فيها عده شءون تتعلق باعمالها ومشاريعها للدرجه في ميزانيتها الحاليه واتخذت مقررات مناسبه. وفاه مصاب بالطاعون توفي امس في مستشفي الامراض الساريه في بني براك احد مصابي الطاعون واسمه حسن سعيد المصري من مجله ارشيد بيافا وهو يبلغ من العمر ٥٧ سنه وكان قد نقل للمستشفي المذكور للمعالجه رحمه الله ، ونقل اليه امس ايضا الطفل منصور مبارك مبروك من سكان محله البصه ويبلغ من العمر ٣ سنوات لمعالجته من مرض الطاعون وحالته الان في تحسن…							
1945-11-18	falastin	falastin19451118-01.1.3	plague	طاعون	dateline	Haifa	y	y		…ه اصابات طاعون في حيفا حيفا في ١٧ ت ٢ - مراحل فلسطين الخاص - وقعت خلال الثلاثه اسابيع الاخيره خمس اصابات بالطاعون وقد تماثل اربعه من المصابين للشفاء وغادر والمستشفي ولا يزال الخامس تحت المعالجه ، اما دايره الصحه فقد اتخذت الاحتياطات اللازمه وطعمت سكات المحلات الت…	0	0	0	absent			no-register-coverage
1945-11-23	falastin	falastin19451123-01.1.4	smallpox	للجديري	page					…وسام للجديرين ببلادهم…							
1945-12-02	falastin	falastin19451202-01.1.3	plague	طاعون	paragraph			y		…د اخواننا البءساء طلقاء السيف واعلموا بعد هذا اننا الي جانبكم في هذا الصراع المنيف ( سنحطم معكم كل يد » عمد بالاساءه الي مشروعنا في فلسطين ! ۱۱ اصابه طاعون في شهر بلغ مجموع حوادث الطاعون التي وقعت في يافا وقضاها خلال الشهر الماضي ١١ اصابه وقد وقع معظمها في الايام الاخيره من الشهر الماضي وكان وقوعها مصدر قلق للقايمين علي امر الشءون الص…	0	0	0	absent			no-register-coverage
1945-12-22	falastin	falastin19451222-01.1.3	influenza	والانفلونزا	page					…N QUIEKE MEDACHE AMEUM ATLINE HEADACHE RUN NEURALGIA NAIVENZA NEURALGIA EL LUMBAGO CALL PAINS LUMBAGOL القرص السحري العجيب القره الذي يقاوم الروماتزم والانفلونزا ويقضي علي البرد ويزيل وجع الراس والاسنان حالا خلال بضع دقايق بعد تناوله مصنوع في انكلترا…							
1945-12-27	falastin	falastin19451227-01.1.4	smallpox	الجدري	page					…كان الحجر الصحي بشان الطاعون مفروضا في الاسبوع الماضي علي القادمين من مضر و مالطه وايطاليا والجزاير و بشان الكوليرا و بشان الجدري علي القادمين من الهند عدل قانون الشركات فاصبح المبلغ…							
1945-12-27	falastin	falastin19451227-01.1.4	cholera	الكوليرا	page					…كان الحجر الصحي بشان الطاعون مفروضا في الاسبوع الماضي علي القادمين من مضر و مالطه وايطاليا والجزاير و بشان الكوليرا و بشان الجدري علي القادمين من الهند عدل قانون الشركات فاصبح المبلغ…							
1945-12-27	falastin	falastin19451227-01.1.4	plague	الطاعون	page					…كان الحجر الصحي بشان الطاعون مفروضا في الاسبوع الماضي علي القادمين من مضر و مالطه وايطاليا والجزاير و بشان الكوليرا و بشان الجدري علي القادمين من الهند عدل قانون الشركات فاصبح ال…							
1945-12-30	falastin	falastin19451230-01.1.3	measles	الحصبه	page					…صول علي كيفيه الحص تعليمات للمستهلكين السكر البني - ٦٠٠ غرام معد للحصول عليه من ١- ٢٠ كانون الثاني فقط مقابل تسليم القسيمه ( ذ ) من جميع بطاقات الحصص الحصبه الشهريه حصص الاولاد الاضافيه السكر البني- ٤٠٠ غرام معد للحصول عليه من ٧- ٢٠ كانون الثاني فقط الحصه الشهريه مقابل تسليم القسيمه (ز) من جميع بطاقات الا…							
1946-01-06	falastin	falastin19460106-01.1.2	typhoid	التيفوييد	page			y		…قام النادي الاسلامي حفله شاي للفريق الثاني الامراض الساريه في شهر تبين من قيودات دايره الصحه انه وقعت خلال الشهر الماضي في مدينه يافا خمس اصابات بمرض التيفوييد واربع اصابات بالطاعون ولم تقع اي حادثه بالتيفوس وكذلك لم تقع اصابات باي مرض سار في القضاء…							
1946-01-06	falastin	falastin19460106-01.1.2	typhus	بالتيفوس	page			y		…ض الساريه في شهر تبين من قيودات دايره الصحه انه وقعت خلال الشهر الماضي في مدينه يافا خمس اصابات بمرض التيفوييد واربع اصابات بالطاعون ولم تقع اي حادثه بالتيفوس وكذلك لم تقع اصابات باي مرض سار في القضاء…							
1946-01-06	falastin	falastin19460106-01.1.2	plague	بالطاعون	page			y		…ه شاي للفريق الثاني الامراض الساريه في شهر تبين من قيودات دايره الصحه انه وقعت خلال الشهر الماضي في مدينه يافا خمس اصابات بمرض التيفوييد واربع اصابات بالطاعون ولم تقع اي حادثه بالتيفوس وكذلك لم تقع اصابات باي مرض سار في القضاء…							
1946-01-19	falastin	falastin19460119-01.1.3	plague	بالطاعون	page		y	y		…اصابه جديده بالطاعون نقلت الي مستشفي الامراض الساريه في بني براك للدعوه زها با بدانس احدي ساكنات شارع يافا تل ابيب لاصابتها بعرض الطاعون وهي تبلغ من العمر ٣٨ سنه ، وقد اتخذت دايره الصحه جميع الاجراءات الصحيه في مكان اصابتها…							
1946-01-24	falastin	falastin19460124-01.1.4	smallpox	جديري	page					…لتبعه ، انما يقع علي عواتقنا نحن اهل البيت المستهدف للحريق، واصحاب الارض العرضه للضياع ، وابناء الوطن اللهدد بالزوال. واننا بقدر ما تعمل لانفسنا نكون جديرين بالمعونه من اخواننا . واذل فلا به من ان يظل الاعتماد الاول علي الوعي القومي ، وعلي الوطنيه الصحيحه التي تمر بها صدور الشعب العربي الابي ، والتي تنبع…							
1946-02-06	falastin	falastin19460206-01.1.3	influenza	والانفلونزا	page					…ري يقضي علي الالم اسرع مستحضر طبي لازاله الالم دون ضرر او تكوين عاده DRAY القرص السحري العجيب الذي يقاوم الروماتزم والانفلونزا ويقضي علي البرد ويزيل وجع الراس والاسنان حالا خلال بضع دقايق بعد تناوله مصنوع في انكلترا…							
1946-02-07	falastin	falastin19460207-01.1.3	plague	للطاعون	page			y		…ان ذكرته الصحف من عزمها علي دفع تعويضات لاصحاب الدواجن علي خسارتهم نتيجه للطاعون الذي انتشر بين الدواجن مءخرا…							
1946-02-08	falastin	falastin19460208-01.1.4	diphtheria	خناق	page				y	…المتحده خناقه علي المقر الدايم منظمه الامم…							
1946-02-08	falastin	falastin19460208-01.1.4	typhus	التيفوس	paragraph					…ن الحجر الصحي بشان الطاعون . غروبا في الاسبوع الماضي علي القادمين من مصر وايطاليا والجزاير والهند و بشان الكوليرا والجدري علي القادمين من الهند ويشات التيفوس علي القادمين من مصر وتركيا نشرت الوقايع الفلسطينيه للاطلاع العام نص القانون البريطاني الصادر سنه ١٩٤٥ والخاص بتنظيم لمراقبه علي المءن والخدمات خلال ف…	0	2	0	absent			no-register-coverage
1946-02-08	falastin	falastin19460208-01.1.4	smallpox	والجدري	window					…واحده بالطاعون في حيفا وكان الحجر الصحي بشان الطاعون . غروبا في الاسبوع الماضي علي القادمين من مصر وايطاليا والجزاير والهند و بشان الكوليرا والجدري علي القادمين من الهند ويشات التيفوس علي القادمين من مصر وتركيا نشرت الوقايع الفلسطينيه للاطلاع العام نص القانون البريطاني الصادر سنه ١٩٤٥ والخاص بتنظ…	0	1	0	absent			no-register-coverage
1946-02-08	falastin	falastin19460208-01.1.4	cholera	الكوليرا	window					…واحده بالطاعون في حيفا وكان الحجر الصحي بشان الطاعون . غروبا في الاسبوع الماضي علي القادمين من مصر وايطاليا والجزاير والهند و بشان الكوليرا والجدري علي القادمين من الهند ويشات التيفوس علي القادمين من مصر وتركيا نشرت الوقايع الفلسطينيه للاطلاع العام نص القانون البريطاني الصادر سنه ١٩٤٥ وال…	0	0	0	absent			no-register-coverage
1946-02-08	falastin	falastin19460208-01.1.4	plague	بالطاعون	window					…واحده بالطاعون في حيفا وكان الحجر الصحي بشان الطاعون . غروبا في الاسبوع الماضي علي القادمين من مصر وايطاليا والجزاير والهند و بشان الكوليرا والجدري علي القادمين من الهند ويشات التيفوس علي القادمين من مص…	0	0	0	absent			no-register-coverage
1946-02-12	falastin	falastin19460212-01.1.2	malaria	الملاريا	other:Nablus	Nablus		y		…د اوقف الالم بوقف الاسباب البرد اوجاع الرايس لارو وقع الشهر النايه المباراه الحاله العصبيه الفيزر الرشوعات التطلع التعب العصبي الام الحيض وجع الاسنان الملاريا سيدي الاستاذ صروف شكرا جزيلا للفايده العظيمه انتي الروماتزم الريم « اسپرو » كغرغره نلتها من اقراص اسبرو فبعد ان استمر الالم ووجع الراس مده دون جدوي ا…							
1946-02-19	falastin	falastin19460219-01.1.4	typhoid	التيفوييد	page			y		…وباء التيفوييد بجناح المانيا واوروبا…							
1946-02-19	falastin	falastin19460219-01.1.4	typhoid	التيفود	page			y		…وشنطن - قال موظفو اداره الامانه | والتعمير التابعه للامم المتحده ان وباء الحمي التيفوديه تفشي في اوروبا وقال مستر كنوس ستومان مدير مكتب انباء هذه الاداره ان هذا الوباء كان نتيجه ؟…							
1946-02-20	falastin	falastin19460220-01.1.3	influenza	والزكام	page			y	y	…الام في الظهير ي وحاله عصبيه ورومايزم الغذاء الرديء والمشروبات الروحيه الردييه والزكام المتكرر والارهاق في العمل كل هذا يرهق الكليتين ، وامراض الكليتين والمثانه هي السبب الحقيقي في زياده الاملاح البوليه والارق ليلا وحرقان البول والام ال…							
1946-02-22	falastin	falastin19460222-01.1.2	malaria	الملاريا	paragraph					… اثر كبير في محاربه الاقتصاد الصهيوني اسرار بعض العقاقير اعلنت شركه الصناعات الكيماويه الامبراطوريه ا تفصيلات من احد العقاقير التي تستخدم في علاج مرض الملاريا وقد كان هذا الدواء سرا قبل اليوم الا انها رات ان تذيع كل ما يتصل به من تفصيلات حتي يمنكها ان تخدم الانسانيه جمعاء وضعا الملاريا الذين يقدر عددهم بالملايين ، ويقول الكيماويون من هذا الدواء وهو ( البالدورين ) انسه اقوي من الميباكرين ) عشر مرات ١٩٤٣ ولكن لم يستخدم في علاج الانساز…	0	8	0	absent			no-register-coverage
1946-02-22	falastin	falastin19460222-01.1.3	measles	الحصبه	page			y		…لهذه الشكوي تعداد الاغنام في ٢١ شباط المراسل فلسطين الخليل الخاص - باشر جباه المال في الخليل تعداد اغنام ومواشي قري القضاء، تمهيدا لجبايه الضريبه مرض الحصبه انتشر مريض الحصبه بين عدد كبير من اطفال للمدينه والقضاء ، وقد ارتفعت نسبه الوفيات بينهم في كثير من قري القضاء يهتفون بحياه شبابهم ! » تقول «دافار» ان بعض الطلبه المصري…							
1946-02-23	falastin	falastin19460223-01.1.3	plague	بالطاعون	paragraph		y	y		…فخري اسماعيل من المزارعين وستبدا اللجنه رحلتها للتفتيش غدا وقد اشتركت في هذه المسابقه ١٧ قريه وخصص مبلغ ٧٥ جنهيا جوايز للاشخاص او القري الفايزه اصابه بالطاعون في يافا اكتشفت يوم امس الاول اصابه طاعون جديده في حي النزهه وقد نقل المصاب الي مستشفي الامراض الساريه في بني براك للمعالجه واتخذت الاحتياطات والاجراءات الصحيه في ) مكان حدوث الاصابه ضريبه ال…	0	0	0	absent			no-register-coverage
1946-02-28	falastin	falastin19460228-01.1.3	influenza	والانفلونزا	page					…گوری يقضي علي الالم اسرع مستحضر طبي الازاله الالم دون ضرر او تكوين عاده ORAY + القرص السحري العجيب الذي يقاوم الروماتزم والانفلونزا ويقضي علي البرد ويزيل وجع الراس والاسنان حالا خلال بضع دقايق بعد تناوله مصنوع في انكاترا…							
1946-03-01	falastin	falastin19460301-01.1.3	diphtheria	الخناق	page				y	…طاريء من هذا القبيل تحن في يافا مثلا نعاني ازمه التوسع العمراني بعد ان ضيق اليهود الخناق علينا بعمرا هم لا واسعه محول بها هذه الثروات الي قيم ثابته ذات دخل مامون لا سيما ونحن نواجه احتمال > تحويل ميناء يافا الي ميناء كبير . الشرق الاردن و…							
1946-03-02	falastin	falastin19460302-01.1.3	influenza	والانفلونزا	page					… دون ضرر او تكوين عاده DRAY KORAY KORAY KILIS PAIN QUICKER KILLS PAIN QUICKE / KEADACHE HEURALGIN R CALL PR القرص السحري العجيب. الذي يقاوم الروماتزم والانفلونزا الراس ويقضي علي البرد ويزيل وجع والاسنان حالا خلال بضع دقايق بعد تناوله مصنوع في انكلترا…							
1946-03-12	falastin	falastin19460312-01.1.3	malaria	للملاريا	dateline	Haifa				…الملي (۲) منظمه كنس اسراييل (۳) الخدمات الاجتماعيه اليهوديه في فلسطين (التعليم والصحه الخ..) (٤) السلطه المحليه في فلسطين (٥) المشروع اليهودي لمكافحه للملاريا في فلسطين، كما تضمنت للمذكره : ١ - كثافه السكان في فلسطين ۲ - موجات الهجره اليهوديه منذ الاحتلال العبري لفلسطين حتي اوايل الهجره…	2	10	0	open			register admitting, no surge
1946-03-12	falastin	falastin19460312-01.1.3	influenza	والانفلونزا	page					…D OPAY KORAZ KORAVEL KILIS PAIN QUICKER KILLS PAIN QUICKE EUMATTEA NEVOLLGER INFLUENZA ALL LUMBAGO CRIL PANS القرص السحري العجيب الذي يقاوم الروماتزم والانفلونزا ويقضي علي البرد ويزيل وجع الراس والاسنان حالا خلال بضع دقايق بعد تناوله مصنوع في انكلترا اعلانات مكتب صروف…							
1946-03-14	falastin	falastin19460314-01.1.4	plague	الطاعون	page					…الحجر الصحي كان الحجر الصحي بشان الطاعون مفروضا…							
1946-03-14	falastin	falastin19460314-01.1.4	typhus	التيفوس	page					…في الاسبوع الماضي علي القادم بين من مصر ومالطاء الجزاير وبدان الكوليرا والجدري علي القادمين من الهند و بشان التيفوس علي…							
1946-03-14	falastin	falastin19460314-01.1.4	smallpox	والجدري	page					…في الاسبوع الماضي علي القادم بين من مصر ومالطاء الجزاير وبدان الكوليرا والجدري علي القادمين من الهند و بشان التيفوس علي…							
1946-03-14	falastin	falastin19460314-01.1.4	cholera	الكوليرا	page					…في الاسبوع الماضي علي القادم بين من مصر ومالطاء الجزاير وبدان الكوليرا والجدري علي القادمين من الهند و بشان التيفوس علي…							
1946-03-14	falastin	falastin19460314-01.1.4	smallpox	بالجدري	page			y		…اصابه بالطاعون واخري بالجدري وسجلت ۱۱۸ اصابه بالحمي الراجعه في جميع انحاء البلاد تعريفه لخطوط الباصات اعلنت تعريقه جديده لعدد من خطوط الباصات في مختلف انحاء البلاد.…							
1946-03-14	falastin	falastin19460314-01.1.4	plague	بالطاعون	page			y		…اصابه بالطاعون واخري بالجدري وسجلت ۱۱۸ اصابه بالحمي الراجعه في جميع انحاء البلاد تعريفه لخطوط الباصات اعلنت تعريقه جديده لعدد من خطوط الباصات في مختلف انحاء البلاد.…							
1946-03-23	falastin	falastin19460323-01.1.4	diphtheria	خناق	page				y	…ح في يوم السبت الواقع في ٢٣ - ٣ - ٩٤٦ وان يقدم ورقه ترشيحه الي مامور الانتخابات يوم الاثين للوافق في ٢٥-٣-٤٦ ما بين الساعه التاسعه والحاديه عشر صباحا خناقواس - رييس اللجنه الانتخابيه - بيت لحم MIRAR RAAS) سينما ركس - القدس تقدم اعتبارا من ٢٩ -٣ - ٤٦ ولبقيه ايام الاسبوع ماساه الموسم الاخلاقيه (الطريق) (ا…							
1946-04-02	falastin	falastin19460402-01.1.3	typhoid	التيفوييد	page			y		…وقعت في المده الاخير: اصابات قبيله بالحمي الراجعه وقد قامت دايره الصحه هنا بتطعيم الاميذ المدارس الاميريه ضد مرض التيفوييد هبوط اسعار منتوجات الالبان في ا نيسان لمراسل فلسطين الخاص - نابلس هبطت جميع اسعار منتوجات الالبان كما هبطت اسعار اللحوم بعد صباح الحكومه باستيراد للم…							
1946-04-06	falastin	falastin19460406-01.1.2	malaria	الملاريا	page					…نجاح تجربه اباده الملاريا…							
1946-04-06	falastin	falastin19460406-01.1.2	malaria	الملاريا	page					…الخاص - دلت تجربه الرش بالدواء للعروف باسم «د. د.ت لقتل الحشرات من الجو في | مساحه واسعه من مستعمره «زولو» في افريقيا علي انه في الامكان اباده ميكروب الملاريا به وظهر من النتايج ان البعوض بمختلف انواعه ابيد تماما في تلك المنطقه…							
1946-04-11	falastin	falastin19460411-01.1.3	typhoid	التيفوييد	page			y		…منتظر ان تقطع الطايرات المسافه في ٣٦ ساعه, اما اول المسافرين علي هذا الخط فسيكونون اعضاء المكتب الاقتصادي للمءسسه الصهيونيه في امريكا تطعيم الطلاب ضد التيفوييد الله في ٠ ا نيسان لمراسل فلسطين الخاص - قام موظفو دايره الصحه اليوم بتطيم طلاب المدارس الاميريه لوقايتهم من مرض التيفوييد وسيقومون في الاسبوع المقبل بتطعيم طلاب المدارس الاهليه حنه العثور علي عربي قتيل روت « يافار » في ملحقها المسايي امس انه عثر في الساعه التاسعه والنصف …							
1946-04-11	falastin	falastin19460411-01.1.3	typhoid	والتيفوييد	other:Jerusalem	Jerusalem				…موسكو ولننفراد ومدن اخري. واعلن ان هذا العقار يستعمل في مكافحه تلك الانواع من البكتيريا التي لا يقوي عليها البنسلين ، وهو علاج ناجع للسل والدوسنطاريا والتيفوييد والكوليرا…							
1946-04-11	falastin	falastin19460411-01.1.3	cholera	والكوليرا	other:Jerusalem	Jerusalem				…راد ومدن اخري. واعلن ان هذا العقار يستعمل في مكافحه تلك الانواع من البكتيريا التي لا يقوي عليها البنسلين ، وهو علاج ناجع للسل والدوسنطاريا والتيفوييد والكوليرا…							
1946-04-11	falastin	falastin19460411-01.1.3	dysentery	والدوسنطاريا	other:Jerusalem	Jerusalem				…جارب حسنه في موسكو ولننفراد ومدن اخري. واعلن ان هذا العقار يستعمل في مكافحه تلك الانواع من البكتيريا التي لا يقوي عليها البنسلين ، وهو علاج ناجع للسل والدوسنطاريا والتيفوييد والكوليرا…							
1946-04-19	falastin	falastin19460419-01.1.1	influenza	الانفلونزا	page			y		… في ۱۸ - ر - قال الطبيب الملكي الدكتور بالمركاسورمان اليوم از الملك غوستاف (ملك السويد) وعمره ٨٨ سنه قد لزم قصره اليوم بوهن عام نتج عن نوبه من لاصابه الانفلونزا اصابته في الاسبوع الماضي…							
1946-04-25	falastin	falastin19460425-01.1.3	influenza	والانفلونزا	page					…ستحضر طی لازاله الالم دون ضرر او تكوين عاده GRAY QUIC KILLS PAIN QUICKE VERPERLY 158 READ LUMBAGO CALL PAINS القرص السحري العجيب الذي يقاوم الروماتزم والانفلونزا ويقضي علي البرد ويزيل وجمع الراس و الاسنان حالا خلال بضع دقايق بعد تناوله مصنوع في انكلترا اعلانات صروف |…							
1946-05-16	falastin	falastin19460516-01.1.3	typhus	التيفوس	dateline	Haifa		y		…مديم في فلسطين التطعيم ضد التيفوس بتل ابيب عينت بلديه تل ابيب ۲۲ مركزا في المدينه لتطعم الجمهور ضد التيفوس ويقبل الناس بالالاف للتطعم في هذه المراكز…	7	2	1	open			register admitting, no surge
1946-05-16	falastin	falastin19460516-01.1.3	typhoid	التيفوييد	paragraph			y		…م المكتب وعلاقته مع التجار تطعيم طلاب المدارس قامت دايره الصحه بيافا في اليومين الماضيين بتعليم طلاب المدارس الاميريه والبلديه في محله المنشيه ضد مرض التيفوييد و الامراض الساريه | لوقايتهم من هذه الامراض ، ونظرا لارتفاع درجه حراره معظمهم بتاثير المصل فقد لزموا بيوتهم واقفلت تلك المدارس ابوابها امس بعد ان تعط…	10	33	0	open			register admitting, no surge
1946-06-08	falastin	falastin19460608-01.1.3	measles	الحصبه	page			y		…مرض الحصبه في قريه علمنا ان مرض الحصبه انتشر بين اطفال قريه العباسيه «اليهوديه» فتلفت انظار اطباء الصحه الي هذا المرض لمكافحته والحيلوله دون امتداده الي القري المجاوره بين البوليس. ولصوص ا…							
1946-06-12	falastin	falastin19460612-01.1.3	plague	بالطاعون	page		y	y		…محامي الارهابيين اليهود تلقي كما تقول «ها مشكيف» كتابا من القايد العسكري العام يقول فيه انه امر بمعامله زملر المذكور معامله خاصه في السجن اصابه جديده بالطاعون | اصيبت الفتاه وصفيه بنت حسن اسماعيل السكن من المنشيه العليا وعمرها ١١ سنه بمرض الطاعون وقد نقلت الي مستشفي بني براك للامراض الساريه ، وبعد الفحص تاكدت اضا بتها بهذا المرض، وقد قامت دايره الصحه بيافا باتخاذ الاجراءات الصحيه اللازمه في مك…							
1946-06-12	falastin	falastin19460612-01.1.3	influenza	والانفلونز	page					…رر او تكوين عاده KAEIS PAIN QUICKEL KELAY SMORAL KORAY KILIS PAIN QUICKER KILLS PAIN QUIEKE / AEADACNE REGNA القرص السحري العجيب الذي يقاوم الروماتزم والانفلونز الراس ويقضي علي البرد ويزيل وجع و الاسنان حالا خلال بضع دقايق بعد تناول مصنوع في انكلترا…							
1946-06-15	falastin	falastin19460615-01.1.3	plague	بالطاعون	other:Jerusalem	Jerusalem		y		…اصابه جديده بالطاعون بيافا ظهرت حادثه جديده بمرض الطاعون بالاشتباه في المنشيه المليار وكانت للمصابه هي والده الفتاه التي ثبتت اصابتها هذا المرض منذ اسبوع ولا تزال تحت المعالجه ، وقد نقلت المصابه الجديده الي…							
1946-06-16	falastin	falastin19460616-01.1.3	malaria	الملاريا	other:Amman	Amman				…قدس عن طريق الجمعيات الطبيه الفرعيه . يقفل باب قبول الاشتراكات في اخر الشهر الجاري حزيران» اما الموضوعات العلميه التي ستبحث في المءتمر فهي : حبه حلب، الملاريا ، الجراحه الامراض الباطنيه، الصحه الاجتماعيه ، توحيد المصطلحات الطبيه والموضوعات المتنوعه محاضره للاستاذ ميخاييل نعيمه - القدس في ١٥ حزيران - لمراسل …							
1946-06-26	falastin	falastin19460626-01.1.4	typhoid	التيفوييد	other:Jerusalem	Jerusalem				…انتشار مرض التيفوييد بحيفا وحمله دايره الصحه لمقاومته…							
1946-06-26	falastin	falastin19460626-01.1.4	typhoid	التيفوييد	dateline	Haifa	y	y		…حيفا في ۲٥ حزيران لمراسل فلسطين 1 الخاص - فهم ان مرض التيفوييد انتشر بكثره في الايام الاخيره وكانت اصاباته في هذه المره اشد منها في المرات السابقه وفي مستشفي الحكومه الان ۲۰ مريضا مصابا بهذا المرض عدا الذين يعالج…	34	1	4	open			register admitting, no surge
1946-06-27	falastin	falastin19460627-01.1.3	smallpox	الجدري	other:Jerusalem	Jerusalem				…غ التي قد يكون اقترضها حين سفره من القنصل البريطاني المقيم في جده او من الحكومه المصريه وان يكون مزودا بما يلي : جواز سفر للحج ، شهاده تفيد تنقيحه ضد الجدري والكوليرا، تذاكر سفر بالسكه الحديديه ذهابا من بلده الحاج في فلسطين الي السويس و ايابا ، تذاكر سفر بالباخره من السويس الي !…							
1946-06-27	falastin	falastin19460627-01.1.3	cholera	والكوليرا	other:Jerusalem	Jerusalem				…قد يكون اقترضها حين سفره من القنصل البريطاني المقيم في جده او من الحكومه المصريه وان يكون مزودا بما يلي : جواز سفر للحج ، شهاده تفيد تنقيحه ضد الجدري والكوليرا، تذاكر سفر بالسكه الحديديه ذهابا من بلده الحاج في فلسطين الي السويس و ايابا ، تذاكر سفر بالباخره من السويس الي !…							
1946-06-27	falastin	falastin19460627-01.1.3	typhoid	التيفوييد	paragraph			y		… طنا . وصول مهاجرين يهود جدد ! وصلت بعد ظهر اليوم الي الميناء الباخره اندريه ليبون وعليها ۱۲۰ راكبا بينهم عدد من المهاجرين اليهود الشرعيين التطعيم ضد التيفوييد…	34	1	4	open			register admitting, no surge
1946-06-27	falastin	falastin19460627-01.1.3	typhoid	التيفوييد	page					…طلبت دايره الصحه من الاطباء الاهتمام باعطاء المصل الواقي للجمهور ضد التيفوييد ووزعت عليهم كميه منها وان يتقاضوا اجره ضييله لا تتجاوز المايه مل لزباينهم لتعميم اكبر عدد ممكن من الجمهور . اصطدام وجرح شخص…							
1946-06-28	falastin	falastin19460628-01.1.3	plague	بالطاعون	other:Jerusalem	Jerusalem	y	y		…ا غفلا من الامضاء حادثا وفاه بالامراض المعديه جاء من المستشفي الحكومي في «بني براك » انه قد حصلت هذا الاسبوع حادثنا وفاه بالامراض المعديه ، فقد توفيت بالطاعون بنت عمرها ١١ سنه تدعي وصفيه حسن شاكاني من محله المنشيه بيافا ، وقد ادخلت امها ايضا الي المستشفي ولم يعثر علي فيران موبوءه اثناء القيام باجراءات مكافحه الطاعون في بيت البنت وماجاوره الا ان فارا مو بوءا حيا كان قد…							
1946-06-29	falastin	falastin19460629-01.1.3	typhoid	التيفوييد	page		y	y		…يه حواره انتها بحيازه ٦٢ ٣٠ كيلو جراما من الدقيق دون رخيص فقضي بتخريم الاول ۷۰ جنيها او سجنه 4 اشهر وبتغريم الثاني ٢٥ شهرين جنيها اور سجنه التطعيم ضد التيفوييد في ۲۸ حزيران- حقا طلقت دايره الصحه اعلانات علي ابواب المعابد و الاسواق تدعو فيها الجمهور للتطعيم ضد التيفوييد وقد ازدحمت اليوم ابواب مستشفي الحكومه بالله من جاءوا للتنظيم كما قامت الدايره بتطعيم جميع موظفي الحكومه وطلبه المدارس في المصل الواقي ارتفاع اسعار ال…							
1946-07-18	falastin	falastin19460718-01.1.3	typhoid	بالتيفوييد	other:Nablus	Nablus	y	y		…ستشفي وداست دراجه ناريه للجيش محمود منصور من عكا فاصيب برضوض في جسمه وداست سياره اخري احمد دياب غنيم فاصابته بكسر في رجله وقد نقل الي المستشفي اصابات بالتيفوييد والتطعيم صده لا يزال مستشفي الحكومه يغص كل يوم. بالاشخاص الذين ياتون للتطعيم ضد مرض التيفوييد وفي مستشفي الحكومه حوالي ٤٢ مصابا بهذا المرض وهناك وقوعات بين الاطفال الاحتفال بعيد الكشاف في ١٧ تموز - لمراسل فلسطين - نابلس الخاص عود تجري الاستعدا…							
1946-07-25	falastin	falastin19460725-01.1.3	malaria	الملاريا	page					…الشءون الصحيه في منطقه الرمله الدكتور كامل عبد للتعاون معه في الشءون الصحيه التي تساعد علي القضاء علي الامراض البساريه لا سيما مرض الملاريا وذلك بتجفيف المياه الاسنه والابار ، ويقومون باعطاء دروس ليليه للاميين . بارك الله في الشباب العامل ا…							
1946-08-06	falastin	falastin19460806-01.1.2	malaria	الملاريا	page					…للقضاء علي الملاريا في الرمله…							
1946-08-06	falastin	falastin19460806-01.1.2	malaria	الملاريا	page					…بجوله في منطقه الرمله لمكافحه الملاريا وخصوصا في الجهه الشرقيه من المدينه وقد قام وكيل رييس اطباء اللواء الدكتور زاهي حداد امس بجوله تفتيشيه في تلك المنطقه يرافقه فيها طبيب صحه القضاء الدكتور كامل عيد وبعد ذلك اجتمعا بمساعد حاكم اللواء هناك وتحدثوا في الشءون التي تساعد علي زياده اعمال مكافحه الملاريا والقضاء عليها…							
1946-08-28	falastin	falastin19460828-01.1.8	typhoid	والتيفوييد	other:Jerusalem	Jerusalem				… الدكتور ا زاهي حداد ارض النبي روبين امس و اشرف علي التدابير الصحيه التي اتخذت هناك لمنع انتشار الامراض الساريه بين المصطافين والزوار وخصوصا الملاريا والتيفوييد وتقرر اقامه عدد ا من بيوت الخلاء العامه في انحاء مختلفه كما ان الدايره فتحت مستوصفها في روبين وزودته بالوسايل الطبيه اللازمه ونحن نامل ان تتضافر جهود…							
1946-08-28	falastin	falastin19460828-01.1.8	malaria	الملاريا	other:Jerusalem	Jerusalem				… بالوكاله الدكتور ا زاهي حداد ارض النبي روبين امس و اشرف علي التدابير الصحيه التي اتخذت هناك لمنع انتشار الامراض الساريه بين المصطافين والزوار وخصوصا الملاريا والتيفوييد وتقرر اقامه عدد ا من بيوت الخلاء العامه في انحاء مختلفه كما ان الدايره فتحت مستوصفها في روبين وزودته بالوسايل الطبيه اللازمه ونحن نامل ان …							
1946-09-05	falastin	falastin19460905-01.1.4	malaria	والملاريا	page			y		…عامه في حاله تمكنها من مقاومه الهيروين كما حدث عام ١٩٣٥ لان الناس في المدن والقري بعد ان اصبحوا اضيف ما كانوا واكثر امراضا مما كانوا يسبب سوء التغذيه والملاريا والحمي الراجعه ينهارون في الحال امام اغرايه الكاذب | ولكن هذه الصفحه السوداء صفحه رواج المخدرات تنطوي علي شيء من الامل . وهو…							
1946-09-22	falastin	falastin19460922-01.1.2	plague	طاعون	page					… الحديث شكوي من قله البصات يشكو الاهالي فله الباصات لنقل الركاب بين غزه الجديده وسراي الحكومه والبحر ويرجو من الحكومه ان تزيد عدد البصات لهذه المنطقه طاعون الدواجن فتك طاعون الدواجن بدجاج هذا القضاء فتكا ذريعا فارتفعت اسعار الطيور والبيض…							
1946-09-22	falastin	falastin19460922-01.1.4	influenza	والانفلونزا	page					…لندن في ٢١ ايلولو، ا.ع- اعتكف سمو الامير سيف الاسلام يحيي في احد مصحات لندن علي اثر اصابته بالبلهارسيا والانفلونزا ولكن صحته اخذه بالتقدم وكان قبل مرضه بين المدعوين الي حفله الاستقبال التي اقامها سمو الامير فيصل يوم الثلاثاء الماضي وظل قبل ذلك يشترك مع و الامير سي…							
1946-09-24	falastin	falastin19460924-01.1.2	plague	الطاعون	other:Jerusalem	Jerusalem		y		…تطعيم الحجاج ضد الطاعون…							
1946-09-24	falastin	falastin19460924-01.1.2	plague	الطاعون	other:Jerusalem	Jerusalem		y		…القدس في ٢٣ ايلول - لمراسل فلسطين الخاص - طلبت الينا اداره الصحه العامه ، ان تلفت انتباه حجاج بيت الله الحرام الي ضروره التطعيم ضد الطاعون حالا وعليهم مراجعه اقرب مركز للصحه في منطقتهم وسيجري تطعيم حجاج القدس وقضايها يوم الاربعاء القادم، ٢ الجاري الساعه الثامنه صباحا التبرعات لانقاذ القر…							
1946-09-28	falastin	falastin19460928-01.1.2	plague	الطاعون	page			y		…سلمت دايره الصحه بيافا جوازات سفر حجاج الفوج الثاني من يافا وقضاها وعددهم ۲۷ شخصا منهم ٢ في الدرجه الثانيه والباقين في الدرجه الثالثه وجري تطعيمهم ضد الطاعون وطلب اليهم الاستعداد للسفر في قطار الحجاج الخاص المسافر بعد غد ( الاثنين رافقتهم السلامه ) جماعه الاخوان المسلمين بنابلس نابلس في ۲۷ ايلول - لمراسل ف…							
1946-09-28	falastin	falastin19460928-01.1.2	diphtheria	الدفتريا	window		y	y		… الي شهاده الطبيب الذي عاين المقتولين ثم شهاده والد القتيل الاول ونظرا لضيق الوقت فقد تاجل اتمام سماع القضيه الي يوم ١١ تشرين الاول القادم انتشار مرض الدفتريا بحيفا حيفا في ٢٧ ايلول - لمراسل فلسطين الخاص لا يزال مرض الدفتريا منتشرا بين الاطفال وقد توفي اربعه منهم هذا المرض ويدخل كل يوم الي مستشفي الحكومه حوالي…	0	1	0	absent			no-register-coverage
1946-10-08	falastin	falastin19461008-01.1.4	diphtheria	الدفتريا	window		y	y		…اصابات الدفتريا في حيفا بلغ عدد الذين ادخلوا مستشفي الحكومه في حيفا مصابين بالدفتريا منذ اول اب ٥٩ شخصا معظمهم من الاطفال بين سنه وست سنوات ومعظم الجوادث وقعت خلال الثلاثه الاسابيع الماضيه وانتهي ٥٠ بالمايه منها بالوفاه الولدون بارسال اولادهم وعلي هذا الي الطبيب حالما يلاحظون اعراض المرض في حلوقهم وينضح الاطباء بان يراجعوا دايره الصحه لا بلاغها حوادث الدفتريا في الحال…	0	1	0	absent			no-register-coverage
1946-10-22	falastin	falastin19461022-01.1.2	cholera	كوليرا	window			y		…واسهال ... وليس كوليرا ! اسم حيفا في ٢١ تا - لمراسل فلسطين الخاص - سرت شايعه هنا بان مرض الكوليرا قد انتشر في صفد نقابات رييس دايره الصحه بحيفا حيث اعلمنا ان سته اشخاص تناولوا ماده مسمه فاصيبوا بالاسهال فظن الكثيرون انها اعراض الكوليرا وقد توفي احد البييه اما الجمجمه الباقون فيها اللون الشفاء وقد قدروا…	0	0	0	absent			no-register-coverage
1946-10-22	falastin	falastin19461022-01.1.2	diphtheria	الدفتريا	page			y		…والانسه قدوي الدجاني وقد يبلغ عدد الاطفال في هذه الروضه حتي الان نحو ١٤ طفلا وتسير اعمالها بنجاح باهر، بفضل المشرفين علي ادارتها واعمالها. انتشار مرض الدفتريا في حينا حينا في ٢١ تا لمراسل فلسطين الخاص - بلغت حوادث الدفتريا في هذا الشهر حوالي ٣٠ اصابه ومعظمها بين الاطفال وفهم ان. الحكومه طلبت الميه من المصل الواقي ضد هذا المرض من انكلترا بالطايره .…							
1946-10-23	falastin	falastin19461023-01.1.2	cholera	الكوليرا	paragraph		y	y		…ن ان بذهبوا الي للمكتب الجديد في شارع مامن الله اما شءون اعاده اسكان المسرحين وتشغيلهم فتبقي من اختصاص المكاتب الحاليه في عماره مجاكمان» ء نبا اصابات الكوليرا نفی الخدمات الطبيه بيانا تفي اصدر مدير فيه صحه النبا القايل بانه قد حدثت وفاه عرض الكوليرا وان في مستشفي الحكومه بصفد سته تروبين مصابين بهذا المرض وصرح بانه لم تحدث ايه اصابه بالكوليرا منذ سنه ١٩٢١ | اما الوفاه لنشار اليها وجود القرويين السنه في المستشفي فنتيجه لتسمم الطعام مشروع الخياطه الموحده اليهودي بديء في تل ابيب و رحو بوت و ر…	0	0	0	absent			no-register-coverage
1946-10-24	falastin	falastin19461024-01.1.2	diphtheria	خناق	page				y	… ويفسر قاموس اركسفورد هذه الكلمه تاربون بانها سمكه يهوديه من نوع كبير الحجم من فصيله سمك الهرنج الذي يعيش في ياه الدافيه غربي المحيط الاطلسي ! المءمر خناقات ( اليهود بسبب اشتد الصراع في المحيط اليهودي بفلسطين حول انتخابات المءتمر الصهيو في واخذ كل حزب المطح الجدران منشوراته الثلاثه بالطاعن ضد الاحزاب لل…							
1946-11-20	falastin	falastin19461120-01.1.3	influenza	والانفلونزا	page			y		…252, ان اصابات البرد والانفلونزا تاتي ما اللص من حيث لاتدري فهي تضريب با نظر الي اهميه العمل الذي يقوم به المصاب، علي انه لم من تحته حاجه اليوم الي ملازمه الفراش - لان مفعول واسيرو الربع يقضي علي البرد والانفلونزا في اول العلاج الجاسم ومالك اطوارهما. وفضلا عن ذلك فان اسيرو يجنبك الانزعاج ويمنع المضاعفات. فاعن عند اول علاقه من علامات وجميع الزور بالفرفره بقرص اسبرو مذابا في قليل من الماء. فرهكذا تشعر براحته سريقه و تمنع انتشار الجراثيم، اما اذا كنت عرضه لحمي البرد او الانفلونزا فان السير ومصحوبا شراب ساخن يجعلك تشعر يتجسس في الحال وسرعان مادر بر داشته شفيت تماما- وبديهي انك تعلم الان ما يجب عمله عند اول عارض من اعراض البرد او الانفلونزا . وما فك وتزول الالام من ركبتيك ، وفي الصباح تكون قد توفر وقتك هيي لنفسك الوقايه ويجنبك الارق ابرو فرفره من اسيرو ريبل الام الزور حضر لزيارتي شقيقي ف…							
1946-12-06	falastin	falastin19461206-01.1.3	diphtheria	الخناق	page				y	…اء كانها اعشاب زاهيه القلب . والشيك مي - هل انت تحبني صحيح !؟ هو انا احبك جدا وساكتب اسمك علي صفحه قلبي مي - لا لا، اكتب اسمي علي شيك ... قبل ان تقوم الخناقه ! - الزبون مات لي كاس وسكي بسرعه قبل ان تبدا الخنافه وبعد ان احضر الجرسول…							
1946-12-06	falastin	falastin19461206-01.1.3	diphtheria	الخناق	page				y	…الكاس ارتشقها الزبون بسرعه ثم قال : - مات كمان كاس وسكي قبل الخناقه ، فسال الجرسون اي - اي خناقه تعني يا بيك الزبون - الخناقه التي ستقوم بيننا لان ليس مني دراهم ! ! اقوال…							
1946-12-12	falastin	falastin19461212-01.1.2	typhoid	التيفوييد	page			y		…ره لسبب ما للص اليهودي المعروف ملوحو ) ما نتصر له زملاءه من المساحين اليهود وها حموا السجناء السياسيين ووقعت الاصابات التي ذكر : ما في عدد امس اصابات التيفوييد في شهر وقعت في ياما خلال شهر تشرين الثان لماضي خمس اصابات بمرض التيفوييد واحمايه واحده بهذا المرض في سلمه…							
1946-12-18	falastin	falastin19461218-01.1.3	influenza	والانفلونزا	page					…R SP برو عالج هجمات القل البرد والانفلونزا جادر من البرد المصحوب بحراره وهجمات الانفلونزا والتهابات الزور وغيرها من الامراض التي تاخذ في الانتشار في مثل هذا الوقت من العام اتخذ اسيرك درعا واقعا من اللحظه الاولي ولا تدع البرد يتملك منك. ان …							
1946-12-18	falastin	falastin19461218-01.1.3	influenza	زكام	page				y	…ي وهذا هو السبب في زوال الشعور بالضعف والالم والتوعك مال تناوله . ان اسير وهو ASPRO دواء ضد البرد. لا تصل لمنلا تندم - غذ اسره من غير قوان لقد الم في زكام شديد بسبب تغيير الجو فصرت ليف توقف التهاب الزور اتعاطي الادويه الكثيره ولكن بدون جدوي . وحينما قرات اعلاناتكم بالجرايد اسرعت ترضين اسيره حزاب في اربعه مید فر ماده بتناول قرصين من افراحكم المشهوره غزال الزكام قه عمل الحفر عزه في اسرع وقت ؟ زكي عبد الله عبد الغفار فقضي علي النهايه تاجر باتياي البارود النور واحتقان الوكلاء العموميون اسب ستودع الادويه الفلسطي…							
1946-12-22	falastin	falastin19461222-01.1.3	malaria	الملاريا	page					…فاكتشاف الكينين وهو الدواء التلاجح في علاج الملاريا يرجم الي قصه طريفه . فقد كانت فرقه اسبانيه تسير في صحاري بيروحين مرض احد الجنود واشتد المرض حتي تاكدوا رفاقه من هلا كه وتركوه بين حي وميت . وهنا هو ي…							
1946-12-29	falastin	falastin19461229-01.1.2	plague	الطاعون	page					…الاسكندريه نظيفه الطاعون من الاسكندريه في ٢٨ - و . ا . ع - اعتبرت…							
1946-12-29	falastin	falastin19461229-01.1.2	plague	الطاعون	page			y		…الاسكندريه نظيفه من وباء الطاعون البشري الذي تنشي اخيرا وقد رفعت الان الرقابه الصحيه التي فرضتها السلطات المختصه علي السفن والطايرات تنكار المواد الملتهبه في مصر القاهره في ۲۸ - و . …							
1947-01-14	falastin	falastin19470114-01.1.3	diphtheria	الخناق	page				y	…ن كل منهما لمده ۱۲ شهرا ونظرت في قضيه صالح ناصر يوسف من عرب السوالله المتهم بحيازه مسدس وحكمت بتغريمه . جنيبات. ماسحو الاحذيه ضيق مفتشو البلديه مءخرا الخناق علي ما سعي الاحذيه وطاردوهم بحجه انهم بعرقلون حركه الطرق العامه وكانوا لا يحررون لهم المخالفات بل ياخذون صناديقهم ويمنعونهم من اكتساب ارزاقهم مع ان ا…							
1947-01-18	falastin	falastin19470118-01.1.3	influenza	والزكام	page				y	…ا وعد اخلف ، واذا اءتمن خان لم يكن من قبل الذي استيقظ المجد نفسه عليا الزواج علان وفيح قرب شخصي -- ان نفقد صديقك بغير ب وصل الي المجد او مات : الزواج والزكام مرجان لم يعمل احده الي علاجيها :…							
1947-02-02	falastin	falastin19470202-01.1.4	diphtheria	الخناق	page				y	…سني لهم ا الشراء . وتتطور الاساليب بعد فتره اخري و يصبح شراء الاراضي يلتزم خطه خبيثه في ال تطويق مناطق برمتها عن طريق شراء قطع متناثره فيها يحكم فيها الخناق بعد ذلك علي المنطقه كلها ... كما يشاهد العرب في المناطق ا المنكوبه عمي مشتريات الاراضي. وحدث في و الفتره الاولي ان اشتري اليهود في قضاء ا الناصره ثلا…							
1947-02-08	falastin	falastin19470208-01.1.3	influenza	والانفلونزا	page					…مكان ، ويطلب في كل مكان ، ويستعمل في كل مكان . سیرو مودی ما بعد ويءديه سريعا وبطريقه مامونه من غير ان يترك اي رد فعل مضار، استرو يقضي علي اعراض البرد والانفلونزا و بالطيف الام الروماتزم والصداع والعصبي ويهي للنصاب بالاروع فرما ناعما هنييا . جريه اذا قدر لهذه الاعراضوان ترها مجمك ولاحظ كيف تحظي سريعا بالراقه .ا…							
1947-02-08	falastin	falastin19470208-01.1.3	influenza	وزكام	page			y	y	…صبت عرض الروماتيزم لما كنت بمحطه المنيا واقعد في المرض عن اداء العمل اربعون يوما پنج نو ما لدارنا بعد اصابه بالانفلوزا اصبت بالانفاونرا بصحوبه بترشيح وزكام و كان ان دخل شقيق و بیده اعلان به كوبون اسيرو فقرانه وقلت لعله قد ان الاوان للشفاء شديدين اعقبها صداع مءلم و مجرد تجربه افراحكم فاحضرته في الحال واست…							
1947-03-08	falastin	falastin19470308-01.1.3	typhoid	بالتيفوييد	page			y		… من جهه شرف في الاقتصاد من جهه الحري خلو شباط من الامراض لوحظ انه لم تقم ايه اصابه بالامراض الساريه في يافا ومنطقتها خلال شهر شباط ما عدا حادثه واحده بالتيفوييد اضي ويتماثل المصاب بها نحو الشفاء…							
1947-03-22	falastin	falastin19470322-01.1.3	malaria	الملاريا	dateline	Haifa				…مكافحه الملاريا في ٢١ اذار – لمراسل فلسطين الي المدينه امس - - الخاص الرمله السيد ميشيل سماحه مهندس دايره الصحه العام وتوجه الي قريه ببنا للكشف علي الوديات الوديان والمستنقعات فيها تمهيدا لمقاومه بعوض الملاريا قبل حلول الصيف سرقه منزل سطا اللصوص ليله امس علي منزل قايمقام الله السيد اسحق النشاشيبي بينما كان غايبا في من سرقه مبلغ ۲۰۰ جنيه و فروا بعد ان احست ب…	0	12	0	absent			no-register-coverage
1947-03-25	falastin	falastin19470325-01.1.4	influenza	والانفلونزا	page					… الحراره وهكذا تتخلص من القشويه. لهذا الهو كيفه الاستعمال واهل العليه اقراص اسيرو تزين سريعا الصراع والالوم العصبيه والنور الجيا والروماتزم والرشومات والانفلونزا الخ. سلاو بانجلترا صنع بمعامل اشهر و میمند سر نجاح اسير في مكا تحده الات ارتفاع الحراره . اندير بسيط السخونه ويعيدها سريعا الي حالتها الطبيعيه فتشعر بالراحه في الحال كما ان يمنع تفاقم اعراض البرد او الانفلونزا، ويزيل اوماء العيون والعطس وخشونه الزور. خذ قرصين او ثلاثه من اسيرو مع شراب ساخن عند النوم ومستشعر بانك ) في خير حال عند قيامك في الصباح. ان اسيرك ير…							
1947-04-09	falastin	falastin19470409-01.1.2	malaria	لملاريا	page					…وشرح اخر الخطر الداهم في تدك المنطقه من خطه الحكومه في نزع ملكيه الاراضي بانتحال الاعذار الواهيه كالتشجير والتحريش و اباه لملاريا ، ومن بين الاراضي التي استولت عليها ما مساحته ٦٦ الف دويم سنه ١٩٣٧ وطلب الوفد ضروره الاهتمام بهذا الموضوع…							
1947-04-17	falastin	falastin19470417-01.1.3	malaria	الملاريا	page					…. الملاريا » الوبيل ويرجم فضل اكتشاف وتركيب هذا الدواء الي الطبيبين كيرد وديني والي مستر روز عام ١٩٤٣ ولكن انقضت سنوات ثلاث قبل ان يعلن هءلاء العلماء ان الدواء الجديد يحقق اهدافا ثلاثه هي : 1 - الوقايه من العدوي مهما كانت شدتها ٢ القضاء علي اعراض الملاريا وشفاء لمريض تماما ... - منع النكسان وهي | اشد ما يخشاه للمريض في هذا المرض وظن تركيب (البالو در بن) سرا لا يعرفه الا كاشفوه الي ان تقرر اخر الامر ان …							
1947-04-30	falastin	falastin19470430-01.1.3	typhoid	التيفوييد	page			y		…مجلس محلي الخضيره بشان الخدمات البريديه والتلفونيه في الخضيره وابلغهما مشاريم الدايره لادخال تحسينات علي التلقونيه في الخضيره اقل وقت ممكن التطعيم ضد التيفوييد - القدس في ۲۹ نیسان مراسل فلسطين الخاص - تقوم دايره الصحه العامه بتطعيم طلاب المدارس الاميريه ضد التيفوييد لاقتراب فصل الصيف و نامل ان تعمم حملتها هذه علي…							
1947-05-07	falastin	falastin19470507-01.1.3	smallpox	الجدري	page					…Silvikrin انه بنت الش هلي يتساقط شعرك ؟ هل جلده راسك جافه ؟ استعمل سيلفيكرين انه يحتوي علي ١٤ عنصرا لتقويه الشوره سيلفيكرين يمنم تساقط الهيم الشعر الجدريد عام في كافه المحلات 110/4 PALI الخزف الصيني ولادوات المعديه وادوات المطبخ ، والاواني والسكاكير فيم» يزيل عنها البقم الزيتيه والاوساخ بدون الحاق الف …							
1947-05-08	falastin	falastin19470508-01.1.4	plague	بالطاعون	page			y		…الاشتباه بوقوع اصابات بالطاعون في سوريا طلب تخصيص ۲۰۰ الف ليره لمكافحته…							
1947-05-08	falastin	falastin19470508-01.1.4	plague	الطاعون	other:Damascus	Damascus	y	y		…دمشق في ٧ ايار - لمراسل فلسطين الخاص بالتلفون - اشتبه اليوم في المستعفي الوطني بدمشق موقوع اصابات بمرض الطاعون وذلك علي اثر وصول اب وفتاه من قريه حوش الشعير » التي تبعد زهاء ٦ كيلومترات عن دمشق وقد عزل المصابان في غرفه خاصه انتظارا للفحص واكد مدير الصحه العام هذا المساء ان هذا الفحص لم يثبت وجود اعراض الطاعون في حين قال احد اطباء المستشفي الوطني ان نتيجه الفحص لا يمكن ان تظهر قبل يوم غد وقد افاد الشاب…							
1947-05-08	falastin	falastin19470508-01.1.4	plague	الطاعون	other:Damascus	Damascus		y		… سبعه اخر بن توفي سنه في الطريق فاعيدوا الي قريتهم ومن المعروف ان الحكومه السوريه تقدمت بطلب الي البرلمان منذ ايام لتخصيص ٢٠٠ الف ليره لسوريه لمكافحه الطاعون وقد عثر في نفس المصنع علي فهرست كامل للبطاقات باسماء جنود الصاعقه ورجال القمصان السوداء وغيرها من المنظمات…							
1947-05-14	falastin	falastin19470514-01.1.3	diphtheria	الخناق	page				y	…صغار الذين اشتركوا في المباراه ... ثم كيف يوفق بين قوله بان الحكم كان يجب ان يكون اكثر شده وحزما وقوله بانه كان يجب ان يوفق الحكم بين جميل وكمال بعد (الخناقه) !! بقيت هناك نقطه ارغب في اثارتها ولو ان حضره المطلق لم يحرها ايه عنايه وهي ان لاعبي الاسلامي قد استعملوا الخشونه اكثر من اللازم وحاولوا بهذه…							
1947-05-14	falastin	falastin19470514-01.1.3	typhoid	التيفوييد	page					…العظميم ضد التيفوييد…							
1947-05-14	falastin	falastin19470514-01.1.3	typhoid	التيفوييد	page			y		…- بيت ساحور 1 ايار المراسل قامت فلسطين الخاص دايره الصحه هنا بتطعيم طلبه المدارس ضد حمي التيفوييد و نغتنم هذه الفرضه للتنويه رد السيد بشير ذيب مفتش الصحه في لمدارس للجهود التي يبذلها في السهر علي صحه الطلاب. معامله سايقي باصات يلكو عمال وموطقو بيت…							
1947-05-21	falastin	falastin19470521-01.1.2	diphtheria	الخناق	page				y	…اراضي الرمال الجنوبيه ان السياسه الصهيونيه ترمي الي تطوقي يافا ثم تضعيق الخناق حولها حتي تزول المدينه بالمره وتنفيذا لهذه السياسه الصيبوتيه سدك مدينه تل ابيب اي محال اتوسيم يافا من الشمال ثم توغل اليهود شرقي يافا بايجاد حين كبير…							
1947-05-22	falastin	falastin19470522-01.1.3	plague	الطاعون	page			y		…التطعيم ضد الطاعون…							
1947-05-22	falastin	falastin19470522-01.1.3	plague	الطاعون	page			y		…قامت دايره الصحه بيانا في هذين اليومين - بقظيم طلاب وطالبات للدارس بالمصل الواقي عدد الطاعون لوقا يفهم من هذا المرض خلال الصيف وهي محو الي التطعيم في جميع في المدينه…							
1947-06-05	falastin	falastin19470605-01.1.4	malaria	الملاريا	page			y		…۹۸ الف جنيه للطرق و ۱۰۰۰ جنيه لاعمال لمياه في القري ، و ١٠٠٠ جنيه الكافه الملاريا - كما وافق وزير المستعمرات علي ب - تفقات علاج الحاله المتعلقه بنقص المياه في فلسطين…							
1947-06-07	falastin	falastin19470607-01.1.3	malaria	الملاريا	page					"…نوم هادي - لشكر الشل (1) البعوض يحمل الملاريا وكذلك (۲) لقد اشتري في اليوم الثاني "" جل توكس من الصيدليه وقيل انه البعوض الذي لا يحملها، يزعجك في لومك لقد عرف ذلك وونج نفسه ياوي الي فراشه رش القرف…"							
1947-06-11	falastin	falastin19470611-01.1.3	malaria	الملاريا	page					…كبار موظفي الصحه في اللواء وممثلي الجيش والاداره وقد بحث فيه موضوع مكافحه الملاريا والامراض الساريه الاخري و اتفق علي الخطط الواجب اتباع با تتطهير منطقه هذه الامراض خلال فصل الضيف الرمله من…							
1947-06-14	falastin	falastin19470614-01.1.2	smallpox	الجدري	page			y		…الجديده بلزوم احضارهم الي الدايره لتطعيمي ضد مرض الجدري والا يحالون الي المحاكم يانا - وردت الي محكمه مركزيه يافا امس اول قضايا دوره الجنايات الكبري التي ستعقد اعتبارا من يوم ٢٣ الجاري وهي قضيه سليم احمد ش…							
1947-06-24	falastin	falastin19470624-01.1.2	smallpox	الجدري	page			y		…ي و ٤٩ جنيها ونصف جنيه بسياره اللوري الجديده درجه ثانيه و ٤٦٠ جنيها ونصف بسياره اللوري العاديه درجه ثالثه و ٤٤ جنيها علي الجمل وسيجري تطعيم الحجاج ضد الجدري ويحقنون ضد الكوليرا دفعه اولي يوم التسجيل والدفعه الثانيه في يوم يعينه لهم طبيب الضحه المسيول عن التسجيل وستختم كراسات الحجاج بصوره بارزه برقم يدل عل…							
1947-06-24	falastin	falastin19470624-01.1.2	cholera	الكوليرا	page			y		…جنيه بسياره اللوري الجديده درجه ثانيه و ٤٦٠ جنيها ونصف بسياره اللوري العاديه درجه ثالثه و ٤٤ جنيها علي الجمل وسيجري تطعيم الحجاج ضد الجدري ويحقنون ضد الكوليرا دفعه اولي يوم التسجيل والدفعه الثانيه في يوم يعينه لهم طبيب الضحه المسيول عن التسجيل وستختم كراسات الحجاج بصوره بارزه برقم يدل علي «الفوج الذي تسجلوا…							
1947-07-01	falastin	falastin19470701-01.1.2	smallpox	الجدري	other:Jerusalem	Jerusalem				… ) قدره عشره جنيهات فلسطينيه ويرد هذا التامين الي الحج عند عودته بعد خصم المبالغ التي يقترضها او تصرف له وان يكون مزودا بما يلي : - (1) جواز سفر للحج الجدري ( ب ) شهاده تقييد تنتميحه صد والكوليرا. ( ج ) تذكره سفر بالسكه الحديديه و تذكره سفر بالباخره ذهابا وايانا يمكن الاطلاع علي اسعار النقل ورسوم الحج في …							
1947-07-01	falastin	falastin19470701-01.1.2	cholera	والكوليرا	other:Jerusalem	Jerusalem				…ا التامين الي الحج عند عودته بعد خصم المبالغ التي يقترضها او تصرف له وان يكون مزودا بما يلي : - (1) جواز سفر للحج الجدري ( ب ) شهاده تقييد تنتميحه صد والكوليرا. ( ج ) تذكره سفر بالسكه الحديديه و تذكره سفر بالباخره ذهابا وايانا يمكن الاطلاع علي اسعار النقل ورسوم الحج في جميع دواير الصحه المركزيه في فلسطين - ع…							
1947-07-03	falastin	falastin19470703-01.1.2	typhus	بالتيفوس	page					… في شارع المحطه بيافا لتدقيق رخص عربات الدلجانص والتنبيه علي اصحابها بالحصول علي الرخص في اقرب فرصه القدس يشير تقرير الامراض الساريه الي وقوع اصابتين بالتيفوس خلال الاسبوع الماضي يعقد امتحان المتوسط الفلسطيني باشراف اداره المعارف العامه يوم…							
1947-07-04	falastin	falastin19470704-01.1.2	typhoid	بالتيفوييد	page			y		… الكبار او الصغار، اما توزيع السكر والدقيق والجبنه الاميركيه فستوزع قريبا احصاء ان دايره الصحه يءخذ من انه وقعت في يافا خلال حزيران الماضي خمس اصابات بالتيفوييد وثلاثه حوادث بالابر اتيفوييد - ولم تقم الا حادثه واحده بالتيفوييد في قضاء يانا زيد عدد قطار ان البضايع التي تعمل - بين محطتي يافا والله الي عشره قطارات بدلا من ثمانيه نظرا لكثره البضايع المشحونه فيما بين المحطتين - …							
1947-07-04	falastin	falastin19470704-01.1.2	malaria	الملاريا	paragraph					…صباح اليوم اجتماع في دايره الرمله الصحه هنا حضره رييس اطباء اللواء ول من اطباء الجيش واطباء الصحه في الرمله والقدس والمستعمرات و المجدل و مانتي امراض الملاريا في قضاء الرمله ودام الاجتماع ثلاث ساعات جري فيه البحث في الجسم الطرق…	10	0	0	absent			no-register-coverage
1947-07-05	falastin	falastin19470705-01.1.1	plague	بالطاعون	window			y		…اكتشاف سبع اصابات بالطاعون في حيفا…	0	0	0	absent			no-register-coverage
1947-07-05	falastin	falastin19470705-01.1.1	plague	بالطاعون	page		y	y		…جاء في بيان صحفي صدر امس مابلي : يرغب مدير الصحه ان يلفت نظر اهالي حينا الي اكتشاف سبع اصابات بالطاعون خلال الاسبوع الماضي وقد عزل المصابون في مستشفي الحكومه وسلطات الحكومه والبلديه…							
1947-07-06	falastin	falastin19470706-01.1.2	plague	الطاعون	window			y		…اصابات الطاعون في حيفا وموقف الدايره الصحه…	0	0	0	absent			no-register-coverage
1947-07-06	falastin	falastin19470706-01.1.2	plague	بالطاعون	page			y		…جيفار في ه تموز - لمراسل فلسطين الخاص علمنا ان حوادث الاصابات بالطاعون. بلغت حوالي عشر اصابات وجميعها وقعت بين العرب يب عن وقوع الاصابات الا اموخر الولم تتقل تعلن عن مءخرا تتخذ من…							
1947-07-08	falastin	falastin19470708-01.1.3	plague	بالطاعون	page			y		…١٤ اصابه بالطاعون !…							
1947-07-08	falastin	falastin19470708-01.1.3	plague	الطاعون	window		y	y		…حيفا في ٧ نتموز - لمراسل فلسطين الخاص - بلغت اصابات الطاعون الي الان اربع عشره اصابه وقد نقل المصابون جميعهم الي المستشفي حيث توفي احدهم وعلمنا من الاطباء المختصين في مستشفي الحكومه والذين يعملون الان علي مكاف…	0	0	0	absent			no-register-coverage
1947-07-08	falastin	falastin19470708-01.1.3	plague	الطاعون	page					…كيف تكافح مرض الطاعون؟…							
1947-07-08	falastin	falastin19470708-01.1.3	plague	الطاعون	dateline	Haifa	y	y		…طين | نے جاءنا من الجمعيه الطبيه العربيه - الخاص يحيفا ما يلي: ترجو الجمعيه من كل شخص من سكان حيفا وجوارها ان يتبع التوصيات الاتيه بمناسبه انتشار مرض الطاعون وان ينفذها بكل دقه حرصا علي حياته وحياه ذويه : ا فتحت مراكز لاجراء التنقيح للعموم مجانا ضد الطاعون في المستوصف الاسلامي وفي مستوصف راهبات المحبه وفي المستوصف الاهلي في الحي الشرقي وفي مستشفي الحكومه ومستوصفاتها في المدينه فعلي الجمهور ان يسرع باجراء هذا التلقيح الواقي في احد هذه لمراكز . ۲ - فتحت مراكز في عده نقاط في المدينه مجهزه بوسايل الرش بماده « د . د.ت » التي تقتل الحشرات ناقله جرثومه الطاعون بحيث تقدم الخدمه مجانا وسيفتتح عمليه التطهير بانفسهم فريق دايره الصحه ورييس الجمعيه الطبيه العربيه ليقتدي بهم الجمهور. وقد جهزت…	0	0	0	absent			no-register-coverage
1947-07-08	falastin	falastin19470708-01.1.3	plague	للطاعون	dateline	Haifa				…| هذه المراكز بممرضين وممرضات خبيرين كما خصصت اقسام للرجال والنساء - الناقل الرييسي للطاعون هو «الجرذون» و «البرغوث» الذي يحمل في لمه جرثومه الطاعون فالمكافحه يجب ان توجه للجرذون والبرغوث . وذلك بان يسدوا | بالجبس والاسمنت جميع الخروق في الارض والجدران والا يدعو الصفايح الفضلات علي الادراج وفي المطابخ واذا كانت وسايل الاسره غير كافيه فيجب الاستعانه بدايره الصحه - يجب عدم الاقتراب من الجرذ الميته لان البرغوث مشبع بجرثومه الطاعون فالحذر من مس الجرذ الميته ه - البلديه تعهدت بزياده عم لها للتنظيف فعلي الجمهور ان يسهل العمال مهمتهم ولا يلقي الا عند مرور عمال بالفضلات الي الشارع ا…	0	0	0	absent			no-register-coverage
1947-07-09	falastin	falastin19470709-01.1.2	plague	بالطاعون	other:Jerusalem	Jerusalem		y		…١٦ اصابه بالطاعون في حيفا…							
1947-07-09	falastin	falastin19470709-01.1.2	plague	بالطاعون	window			y		…تقول الصحف اليهوديه ان الاصابات بالطاعون في حيفا بلغت ١٦ اصابه ثلاثه من اليهود والباقون من العرب…	0	0	0	absent			no-register-coverage
1947-07-09	falastin	falastin19470709-01.1.2	plague	الطاعون	other:Jerusalem	Jerusalem		y		…الطاعون بحيفا وسفر الحجاج القدس في ٨ تموز - لمراسل فلسطين الخاص - تدرس السكرتيريه العامه الان مساله حظر سفر الحجاج الي بيت الله الحرام هذا العام عن طريق ميناء حيفا بسبب تفشي وباء الطاعون والاستعاضه عنه بميناء يافا .…							
1947-07-09	falastin	falastin19470709-01.1.4	plague	الطاعون	page					…الناطق الحكومي يتحدث عن سرعه انتشار الطاعون العل…							
1947-07-09	falastin	falastin19470709-01.1.4	plague	الطاعون	dateline	Haifa				…٨ تموز لمراسل فلسطين الخاص. دعا مستر سنابس مدير مكتب المطبوعات الصحفيين الي اجتماع عاجل عقد في مكتب المطبوعات بعد ظهر اليوم وتحدث اليهم عن انتشار مرض الطاعون بصوره سريعه في المدينه، وعن الاحتياطات الكثيره التي اتخذتها الحكومه لمكافحه هذا الداء الوبيل. وقال ان اداره الصحه سترش الشوارع والمنازل | والاشخاص بم…	0	0	0	absent			no-register-coverage
1947-07-09	falastin	falastin19470709-01.1.4	plague	بالطاعون	dateline	Haifa		y		…المحلات الموبوءه او المعرضه للموباء. علي ٢٥ جرذا وذكر انه اصطيد حتي الان ٢٥ جرذا مصابا بالطاعون . وقال : اننا لا تريد ان ترعب الجمهور ولكننا نريد ان تنبهه الي نفسه منه هذا الخطر الداهم ليحتاط له ويقي ١٤ عربيا ويهوديا واحدا ! وقد وقعت اليوم اصابه جديده بالطاعون فبلغ عدد المصابين خمسه عشر شخصا كلهم من لعرب ما عدا يهوديا واحدا وهذا يدل علي ان الحاجه ماسه لزياده النظافه في الاوساط العربيه التي رد اصحابها مرارا …	0	0	0	absent			no-register-coverage
1947-07-09	falastin	falastin19470709-01.1.4	plague	الطاعون	dateline	Haifa		y		…لايام السابقه ان مصدر الداء من الميناء حيث تنقل الجرذان في البواخر التي تنقل البضايع القنصليه السوريه وجاء نا من القنصليه السوريه ما يلي : انتشار مرض الطاعون في حيفا فان بسبب القنصليه السوريه سوف لا تمنح اذنا بدخول الاراضي السوريه او المرور منها الا بعد ابراز شهاده تطعيم ضد الطاعون يرج-م تاريخها الي ما قبل سته ايام…	0	0	0	absent			no-register-coverage
1947-07-09	falastin	falastin19470709-01.1.4	plague	الطاعون	window			y		…! .. الطاعون. قاوموه الطاعون بغسل بيوتكم بماده دي. دي. تي. .D. D. T J. & K. SCOTT, BIRMINGHAM $ D. D. T. SPRAYING SERVICE خدمه لرش المنازل لا تنزعج ولا تياس اذا قرب من مكان اقامتك مرض الطاعون الذي تفشي في بعض مدن فلسطين لا سيما في حيفا والشمال ، فان الخبراء ج. ك. سكوت ووكلاء هم في فلسطين لديهم الادوات الحديثه لمكافحه الفيران والجرد برش الم…	0	0	0	absent			no-register-coverage
1947-07-11	falastin	falastin19470711-01.1.2	diphtheria	خناق	page			y	y	…من « خناقه بين السجناء العرب ذكرت الصحف اليهوديه ان السجناء السجناء العرب في سجن عكا ضربوا ثلاثه العرب ايضا ضربا مبرحا افضي الي نقل اثنين منهم في حاله خطره الي…							
1947-07-11	falastin	falastin19470711-01.1.2	plague	الطاعون	window					…حاد في اجتماعها الاخير درس مذكره مطوله وضعها رييس الاتحاد لارسالها الي الهييه العليا بالقاهره ومطالبه دايره الصحه باتخاذ تدابير شديده سر يعه لاستيصال الطاعون وتاييد مقررات مءتمر حيفا القومي واقامه حفله فيلم سينمايي ( النايب العام ) بتاريخ ٤-٨-٤٧ في مينا الامين بحيفا يرصد ريعها لصندوق الاتحاد ولجنه اليتيم ا…	0	0	0	absent			no-register-coverage
1947-07-11	falastin	falastin19470711-01.1.4	plague	الطاعون	window					…الطاعون في حيفا…	0	0	0	absent			no-register-coverage
1947-07-11	falastin	falastin19470711-01.1.4	plague	بالطاعون	dateline	Haifa		y		…حيفا في ١٠ تموز - لمراسل | فلسطين الخاص لم تكتشف اليوم اصابات جديده بالطاعون والحمد لله وقد اصطيد حتي الان حوالي ٣٥ جردا مصابا بهذا الداء والفت دايره الصحه ست فرق للاسعاف اخذت تطوف جميع الاحياء الموبوءه او المعرضه الموباء وترش…	0	0	0	absent			no-register-coverage
1947-07-11	falastin	falastin19470711-01.1.4	plague	الطاعون	dateline	Haifa		y		… وجاءنا اليوم من القنصليه اللبنانيه تاييدا لما اذاعته القنصليه العامه في القدس من انه لا يسمح بعد الان بدخول الاراضي اللبنانيه الا بعد ابراز شهاده ضد الطاعون تعود الي ماقبل سته تطعيم ايام وزادت علي ذلك ان المسافر سيرد من حيث الي او يلفح في بيروت وبوضع في المحجر الصحي هناك لمده سته ايام القدس في ۱۰ تموز - ل…	0	0	0	absent			no-register-coverage
1947-07-11	falastin	falastin19470711-01.1.4	plague	الطاعون	dateline	Haifa		y		…مه وقنصليه لبنان العامه انها لن تمنح اي راغب في السفر الي القطرين الشقيقين او المرور باراضيها التاشيره اللازمه مالم يقدم مع طلبه شهاده تثبت تطعيمه ضد الطاعون و كل شخص يخالف ذلك سيحجز علي الحدود في الكرنتينا ويطعم بالمصل الواقي وذكرت لنا قنصليه المملكه الاردنيه الهاشميه ان هذا الشرط يقتصر علي سكان المنطقه ا…	0	0	0	absent			no-register-coverage
1947-07-11	falastin	falastin19470711-01.1.4	plague	الطاعون	page					…البرغوت يفضل الجرذان علي جلد الادمين بيان صحفي عن الوقايه من الطاعون…							
1947-07-11	falastin	falastin19470711-01.1.4	plague	الطاعون	page			y		…جاء امس في بيان صحفي عن وباء الطاعون مايلي :- لا يذكر الجمهور بازو با الطاعون في الاصل مرض خاص بالجرذان . ونوع البرغوت الذي يوجد عاده علي جلد الجرذان يفضلها كثيرا علي الادميين ، ولا يعيش هذا البرغوث علي الانسان الا حين يكون جاي…							
1947-07-11	falastin	falastin19470711-01.1.4	plague	بالطاعون	page			y		… وهذه البراغيث تحمل برايم المرض من الجرذان المصابه بالعدوي الي الانسان . ولا تدخل الجرثومه جسم الانسان الا حين يعضه البرغوث وعلي هذا فان الشخص المصاب بالطاعون ليس معديا للاخرين الا اذا عضه البرغوث…							
1947-07-11	falastin	falastin19470711-01.1.4	plague	بالطاعون	page			y		…ثم عض البرغوث شخصا اخر . و الوقايه الفعاله من عضات البراغيث تضمن عدم الاصابه بالطاعون . وخير السبل لاتخاذ هذه الوقايه ارتداء بنطلون طويل مربوط عند طرفيه مع رش الجوارب بمسحوق د. د.ت وان من واجب كل صاحب بيت ان يقوم بعمليه استيصال الجرذان…							
1947-07-11	falastin	falastin19470711-01.1.4	plague	الطاعون	page					…تدابير سريعه بمصر لمنع انتقال الطاعون…							
1947-07-11	falastin	falastin19470711-01.1.4	plague	الطاعون	other:Cairo	Cairo		y		…القاهره في ١٠ تموز مراسل فلسطين - الخاص تتخذ الحكومه المصريه استعدادات كبيره لوقايه الفطر من انتشار وباء الطاعون الذي ظهر فجاه في مدينه حيفا فاخذت مصلحه . الحجر الصحي تراقب ركاب السفن القادمه منها في موانيء الاسكندريه وبور سعيد ودمياط والقنطره والاسماعيليه و تقض…							
1947-07-11	falastin	falastin19470711-01.1.4	plague	الطاعون	other:Cairo	Cairo				…عن طريق البر وتعفير من يشتبه فيهم من الركاب بماده د. د.ت ورش مركبات القطارات بمحلول هذه الماده بقصد اباده الحشرات ، التي يحتمل ان تكون ناقله الميكروب الطاعون…							
1947-07-12	falastin	falastin19470712-01.1.2	plague	الطاعون	other:Hebron	Hebron				…ه يشكون فيها سوء معامله المسءولين عن اداره السجن وعدم الاهتمام باي شكوي يتقدمون بها حول رداءه الاطعمه شامل الاهتمام بهذا الامر ! تاجيل اجتماع لانتشار الطاعون تقت جماعه الاخوان المسلمين بيافا في ساعه مبكره من صباح امس اشاره تلفونيه من حيفا اشعرت فيها بان عقد اجتماع للمكتب الاداري في حيفا قد تاجل بسبب انتشار مرض الطاعون في المدينه لاسيما في المنطقه التي - كان الاجتماع سيعقد فيها احتياطات عكا ضد الطاعون…							
1947-07-12	falastin	falastin19470712-01.1.2	plague	الطاعون	other:Hebron	Hebron	y	y		…لمراسل فلسطين - عكا في ۱۱ موز الخاص اهتمت دايره الصحه هنا بحوادث و با الطاعون الذي انتشر في حيفا واتصلت بالمراجع العليا لاتخاذ الاجراءات السريعه الوقايه سكان المدينه منه لا سيما وان كثيرين تضطرهم مصالحهم للسفر الي حيفا ، وستبدا دايره الصحه قريبا بتطعيم السكان ضد هذا المرض الفتاك . واحتياطات تل ابيب ت الصحف اليهوديه امس تخوفها اظہر احتمال انتقال عدوي الطاعون الي تل ابيب من حيفا واصدرت تعليمات الي السكان باتباع النظافه واتخاذ الاحتياطات في للمنازل والحوانيت ضد وجود الجرذان التطعيم ضد الطاعون بيافا غصت دايره الصحه بيافا بعدد كبير من المسافرين الي سوريا ولبنان لتطعيم انفسهم ضد الطاعون والحصول علي شهاده بالتطعيم للحصول علي التاشيره للسفر الي القطرين الشقيقين وذلك تنفيذا الاوامر الصادره بذلك لا اصابات بالطاعون امس - حيفا في ١١ تموز – لمراسل فلسطين الخاص -لم تقم اليوم حوادث اصابات بالطاعون. وفيم ان المصابين بالمستشفي يتما نلون للشفاء . ولا تزال اجرت ان الوقايه نشطه لمكافحه هذا الوباء .…							
1947-07-13	falastin	falastin19470713-01.1.2	plague	بالطاعون	window		y	y		…ثلاثاء يوم القادم قضيه الارض المختلف عليها بين اهالي قربتي بيت توبا ويالو وستعقد جلسه هذه القضيه في دايره بلديه الرمله اسماع بينات الفريقين لا اصابات بالطاعون امس لمراسل فلسطين حيفا في ١٢ تموز - الخاص - لم تقم اليوم حوادث طاعون جديده وقد نقل مصابان الي المستشفي للاشتباه مرضهما الذي برجح ان لا يكون طاعونا |…	0	0	0	absent			no-register-coverage
1947-07-15	falastin	falastin19470715-01.1.2	plague	الطاعون	other:Cairo	Cairo		y		…الي صيب بها في راسه و هو يتفاهم الازهم الاطباء والمرصات او زواره اسطه الاشارات او الكتابه ويقول بو الاطباء ان هذه الحاله ستظل الي ان يستفي التطعيم ضد الطاعون…							
1947-07-15	falastin	falastin19470715-01.1.2	plague	الطاعون	other:Jerusalem	Jerusalem		y		…طعمت دايره الصحه بيافا امس حوالي مايتي شخص ضد الطاعون وخصوصا الذين يرغبون بالسفر الي خارج منطسين القدس في ١٤ تموز - المراسل فلسطين - الخاص تبافت الاشخاص الذين يرغبون في السفر الي الخارج ، علي دايره الصحه التطعيم ضد وباء الطاعون وقد بلغ عدد الذين يطمعون يوميا حوالي ۱۰۰ شخصا…							
1947-07-15	falastin	falastin19470715-01.1.2	influenza	لانفلونزا	page			y		…مصر العجيب تنشروه بالجرايد حتي يعتقد كل فرد بهذا الدواء؟ محمود توفيق ابو الفتوح شاهين مركه السبع برد في حالات بعد التحيه - لقد انتابني ارق فعال لازمي لانفلونزا عرق النسا الريج تاثير الخمر مده فاشار علي احد اصدقايي باستعمال اسبر و فسارعت البرد العبد العصبي الام الحيض وقع الطرايره وجميع الاسنان المنايا الي است…							
1947-07-15	falastin	falastin19470715-01.1.2	influenza	الانفلونزا	page					…ي اعجب. به شديد الاعجاب واق لانتهز تلك الفرصه لا سجل لاسمر و عظيم اعجان به وتقديري المعوله العظيم ولعلي رسالتي هذه افيكم سيره يوقف او طلع ان من نتيجه الانفلونزا العمين ١٠٠ ملا مستودع الادويه الفلسطيني ، ابو بکر هم فرمانی و تفضلوا بقبول فايق الاحترام ؟ . من الشكر حق ك تلف العدوه - مغاغه…							
1947-07-15	falastin	falastin19470715-01.1.2	plague	الطاعون	page					…بیان من القنصليه الملكيه العراقيه العامه با قدس يرجي من جميع المسافرين الي العراق من فلسطين امر از شهاده تعظيم ضد الطاعون مءرخه عشره ايام قبل تاريخ طلب منح…							
1947-07-16	falastin	falastin19470716-01.1.3	plague	الطاعون	other:Cairo	Cairo				…ز - لمراسل فلسطين الخاص تنقت رابطه القدس الاقباط الارثوذكس من حكومه فلسطين كتابا طلبت اليها فيه ان يكون الراغبون في الزياره الرسميه للقدس قد طعموا ضد الطاعون في مكاتب الصحه و ان تكون لديهم شهادات دله علي ذلك يقدمونها الي الرابطه مع الطلبات والرسوم قبل اخر شهر تموز الحالي…							
1947-07-17	falastin	falastin19470717-01.1.2	plague	بالطاعون	dateline	Haifa	y	y		…شفاء ثلاثه مصابين بالطاعون حيفا في ١٦ تموز - لمراسل فلسطين - اشخاص لان العالم الالام اليه العام من المصابين بالطاعون وغادروا المستشفي ولم تقم اصابات جديده من اوايل الاسبوع وعلمنا انه اذا لم تقع اصابات جديده حتي اخر هذا الشهر فستلفي الحكومات العربيه المجاوره الحظر ال…	0	0	0	absent			no-register-coverage
1947-07-17	falastin	falastin19470717-01.1.2	plague	الطاعون	dateline	Haifa		y		…المصل الواقي ضد الطاعون تلقت دايره الصحه بيافا ما يفيد انه سيردها قريبا كميه كبيره من المصل الواقي ضد الطاعون لتطعيم كل من يرغب من الجمهور وقد بلغ مجموع من تم تطعيم يم يوم امس ١٥٠ شخصا بينهم جميع المسافرين الي الاقطار الشقيقه ويراجع دايره الصحه يوميا كثير من …	0	0	0	absent			no-register-coverage
1947-07-17	falastin	falastin19470717-01.1.2	plague	الطاعون	dateline	Haifa		y		…عليمات من السلطات العراقيه و اللبنانيه والاردنيه بان علي جميع المسافرين الي تلك الاقطار بالطرق البريه او السكه الحديد ان تكون بحيازتهم شهاده تطعيم ضد الطاعون صادره قبل دخولهم القطر بسته ايام علي الاقل الان تبليغا ولم تصدر ايه اقطار اخري حتي عن مثل هذه الانظمه…	0	0	0	absent			no-register-coverage
1947-07-18	falastin	falastin19470718-01.1.2	plague	الطاعون	page			y		…التطعيم ضد مرض الطاعون علمنا ان مجموع من تم تطعيمهم بالمصل الواقي لان ضد مرض الطعون بيا فاقد بلغ حتي حوالي ۸۰۰ شخص بينهم عدد كبير من المسافر بن الي الخارج…							
1947-07-18	falastin	falastin19470718-01.1.2	plague	الطاعون	window					…٢٤٠ جنيه لمكافحه الطاعون في حيفا…	0	0	0	absent			no-register-coverage
1947-07-18	falastin	falastin19470718-01.1.2	plague	طاعون	dateline	Haifa				…حيفا في ١٧ تموز - لمراسل فلسطين الخاص - رغما عن عدم وقوع حوادث طاعون جديده فان دواير الصحيه والبلديه…	0	0	0	absent			no-register-coverage
1947-07-22	falastin	falastin19470722-01.1.2	plague	الطاعون	paragraph			y		…التطعيم ضد الطاعون بيافا تلقت دايره الصحه بيافا امس كميه قليله من المصل الواقي ضد مرض الطاعوز وبالنظر اكثره الذين قدموا لتطعيم انفسهم بمناسبه سفرهم الي الاقطار الشقيقه …	0	0	0	absent			no-register-coverage
1947-07-23	falastin	falastin19470723-01.1.2	typhoid	التيفوييد	page		y	y		…ن - العمر ٦٥ سنه ملقي بشارع من يافا البالغ المحطه وبحاله شديده من المرض وقد نقل الي مستشفي الحكومه للمعالجه ولكنه لم يلبث ان توفي وتبين انه مصاب بمرض التيفوييد…							
1947-07-23	falastin	falastin19470723-01.1.2	diphtheria	الخناق	page				y	…لم تسفر ابحاث الجند وتفتيشه في ناثانيا منذ عشره ايام حتي اليوم عن شيء . . وقد بلغ عدد المقبوض عليهم ۲۱ شخصا و «الطوق ) العسكري ما يزال يضيق الخناق ولكن دون العثور علي الضابطين المخطوفين . ولما كانت ناناتيا « عزيزه ) علي الوكاله اليهوديه و علي الصناعيين اليهود و علي البلديات والمجالس المحليه اليه…							
1947-07-29	falastin	falastin19470729-01.1.2	plague	الطاعون	page			y		…والغاء شهادات التطعيم ضد الطاعون القدس في ٢٨ موز - لمراسل فلسطين الخاص- اعلمتنا القنصليه اللبنانيه العامه، انه اصبح لاحاجه بالراغبين في السفر الي لبنان ابراز شهاده تطعيم ضد الطاعون.…							
1947-07-29	falastin	falastin19470729-01.1.2	plague	الطاعون	page			y		…ات الخاصه بالحجاج ويطلب الي الذين يودون اداء فريضه الحج هذا العام ان يبادروا لتسجيل اسمايهم قام هو ظفو دايره الصحه بتطعيم الاهلي وطالبي السفير ضد مرض الطاعون…							
1947-07-29	falastin	falastin19470729-01.1.2	smallpox	وجدري	page					…طاعون وجدري بين المهربين وسفر موظفين…							
1947-07-29	falastin	falastin19470729-01.1.2	plague	طاعون	page					…طاعون وجدري بين المهربين وسفر موظفين…							
1947-07-29	falastin	falastin19470729-01.1.2	smallpox	الجدري	page			y		…تقول الملاحق اليهوديه ان مرض الجدري انتشر بين الابر بين الذين تقلهم واخر الاسطول الانكليزي الي الشواطيء الفرنسيه، وتقول المصادر الانكليزيه ومنها « لديلي تلغراف ) وظفي وزاره الخارجيه طار…							
1947-07-31	falastin	falastin19470731-01.1.2	plague	الطاعون	page					…ا علي دايره الصحه | پيافا من الراغبين في تسجيل انفسهم لحج في هذا العام وقد بلغ عدد الذين تم تسجيلهم حتي امس ١١٤ حاجا وحاجه اما الذين طعموا امس ضد مرض الطاعون فقد كان عددهم قليلا ولم يزد عن ٢٥ شخصا القدس في ٣٠ تموز - لمراسل فلسطين الخاص - سجلت دايره الصحه المركزيه حتي اليوم ٦٠ شخصا من الراغبين في اداء فريضه…							
1947-07-31	falastin	falastin19470731-01.1.2	plague	الطاعون	page			y		…للبنان القدس في ٣٠ تمور - المرسل فسطين الخاص - اقبل كثيرون علي القنصليه البنانيه العامه للحصول علي تاشيره الزياره لبنان بعد ان الغيت مساله التطعيم ضد الطاعون . المعتمد التجاري الاسترالي يصل يافا صباح اليوم (الخميس) المستر برين للمعتمد التجاري العام لحكومه استراليا ويزور غرفه حاره ياما الساعه العاشره صباحا …							
1947-08-01	falastin	falastin19470801-01.1.2	plague	الطاعون	page			y		… ٧٠ محامين جدد وزع قاضي القضاه صباح امس شهادات المحاماه علي سبعه من المحامين الحدد و بذلك صبح عدد المحامين المرخصين في فلسطين ١٢١٥ محاميا. التطعيم ضد الطاعون بيانا لم يتقدم للتطعيم ضد مرض الطاعون في دايره الصحه بيافا مس الا نحو ٢٠ شخصا وقد اصبح عدد المتقدم. بن النعيم يتناقص تدريجيا بعد ان خفت وطاه المرض والغيت شهاده التطعيم التي كان من الواجب ابرازها . قبل السماح بدخول ابنان و ظهر من الاحصاءات ان الذين طعموا ضد الطاعون بيافا بلغ عددهم ۲۱۰۰ شخص سلب فاطور في البصه بينما كان عوض المكاوي الحجاري وهو ناطور بالبصه في بيته هناك فاجاه حوالي الساعه الثانيه بعد منتصف ليله امس…							
1947-08-06	falastin	falastin19470806-01.1.2	plague	الطاعون	page			y		…اصابه الطاعون في الجماسين…							
1947-08-06	falastin	falastin19470806-01.1.2	plague	الطاعون	page		y	y		…كان لظهور اصابه بمرض الطاعون في قريه الحماسين اثر مهم لدي المسءولين عن دايره الصحه بيافا وقد حشدت الدايره جميع المسءولين الاطباء امس حيث ذهبوا الي القريه من وواصلوا تطعيم سكانها لوقايتهم جميعا ، اما الشخص الذي ظهر عليه المرض وهو علي عبد العزيز الشيخ حسن فلا يزال تحت المعالجه في مستشفي مني براك للامراض الساريه عدد المطعمين ضد الطاعون بلغ مجموع عدد الذين تم تطعيمهم ضد مرض الطاعون في دايره صحه يافا منذ بدء التطعيم ٢٦٢٥ شخصا وقد قل التطعيم نسبيا في الايام الاخيره بعد الغاء امر الحصول علي شهاده بالتطعيم الي سوريا ولبنان وشرق الار…							
1947-08-07	falastin	falastin19470807-01.1.2	plague	الطاعون	other:Jerusalem	Jerusalem				… ٦ ا ب لمراسل فلسطين الخاص بلغ عدد الذين سجلوا اسماءهم في دايره الصحه لتاديه فريضه الحج مايه شخص وقد دفع منهم الرسوم المطلوبه منهم وطعموا ٧٥ شخصيا ضد الطاعون استعدادا للسفر عدد و ينتظر ان يبلغ الحجاج من حيفا وقضاها حوالي الشنين صدقات جلاله الملكه الهاشميه عمان في ٦ ب - لمراسل فلسطين الخاص - اصدرت صاحبه الج…							
1947-08-07	falastin	falastin19470807-01.1.2	plague	الطاعون	paragraph		y	y		…د الله وعمره ٦٠ سنه وفياض عبد الرحمن وعمره ٥٠ سنه وقد اصيب الاول والثاني بجراح خطره والثالث بجراح بسيطه منذ يوم ٢٥ تموز الماضي لم تقم ايه اصابات بمرض الطاعون . وقد غادر جميع المصابين المستشفي ولم يبق سوي ثلاثه منهم ينتظر ان يغادروا المستشفي في هذا الاسبوع ما اصطد بعد ان تماثلوا للشفاء وبلغ من الجرذان من او…	0	0	0	absent			no-register-coverage
1947-08-08	falastin	falastin19470808-01.1.2	plague	الطاعون	page			y		…| الطاعون مناسبه ظهور اصابه بهذا الوباء في قضاء يافا وذلك بناء علي تعليمات تلقتاها من حكومتيهما .…							
1947-08-10	falastin	falastin19470810-01.1.2	plague	الطاعون	paragraph			y		…لسطينيين الذين يودون الالتحاق بالمعاهد المصريه، وعلي الطلبه الذين يرغبون في الالتحاق ان يسرعوا في تقديم طلباتهم الي اداره المعارف العامه . التطعيم ضد الطاعون تابعت دايره الصحه بينها امس تطعيم للمتقدمين اليها ضد مرض الطاعون للحصول علي شهادات تخولهم السفر الي الاقطار الشقيقه المجاوره وقد بلغ عدد الذين طعوا امس ۷۰ شخصا الي دو البضايع من استراليا ورد علي غرفه تجاره يافا كتا…	0	0	0	absent			no-register-coverage
1947-08-12	falastin	falastin19470812-01.1.1	measles	للحصبه	page			y		…الذين ولدوا علي ظهر السفن خمسه سيكسبون الجنسيه البريطانيه بسبب ولادتهم فوق السفن البريطانيه وتولت السلطات الفرنسيه تطعيم جميع المهاجرين بالمصل المضاد للحصبه…							
1947-08-12	falastin	falastin19470812-01.1.2	plague	الطاعون	other:Jerusalem	Jerusalem		y		…سابقه التطعيم والسفر الي لبنان القدس في ١٤ اب - لمراسل فلسطين الخاص - علمتنا القنصليه للبناييه العامه من قيود السفر الي لبنان بابرار شهاده تطعيم ضد . الطاعون لازالت قايمه و كان مكتب المطبوعات قد نشر بيانا صحفيا قبل يومين عن الغاء هذه القيود وتبين ان البيان تاخر في النشر وكان المقصود منه الغاء القيود في الم…							
1947-08-12	falastin	falastin19470812-01.1.2	plague	الطاعون	other:Jerusalem	Jerusalem		y		"…زوال خطر اصابه الطاعون زال الخطر الذي كان متوقعا من جراء حادث الطاعون الذي ظهر في قريه الجمامين منذ سنه يام"" بعد ان لم تظهر حادثه جديده بسبب الاجراءات التي قامت بها دايره الصحه بيافا من تنظيف وتطعيم ، اما المصاب فان حال…"							
1947-08-13	falastin	falastin19470813-01.1.2	plague	الطاعون	other:Jerusalem	Jerusalem		y		…دت و تلقت تعلمات جديده من حكومتها صباح اليوم بالغاء القيد الذي فرض موقتا علي الراغبين في السفر الي لبنان ، لا براز شهاده واصبح لا لزوم لابرا تطعيم ضد الطاعون ...…							
1947-08-13	falastin	falastin19470813-01.1.2	plague	الطاعون	page			y		…ر شمس المدعو عبد الله محمد سليمان خرسه من اهالي قريه صرف ، وكان في السجن المذكور يقضي المده التي حكمت عليه بها احدي المحاكم العسكريه . التطعيم ضد مرض الطاعون تم امس تطعيم ١٥٠ شخصا ضد مرض الطاعون في دايره الصحه بيافا وكان معظمهم من الذين يرغبون في السفر الي خارج فلسطين…							
1947-08-13	falastin	falastin19470813-01.1.2	typhus	التيفوس	other:Jerusalem	Jerusalem	y	y		…باس بها من القمح ناستورد لحساب الحكومه وكانت حركه نقلها تسير بنشاط وورد الي جمرك محطه پانا امس ثلاث سيارات محمله با البطاطا اللبنانيه اصابه اشخاص عرض التيفوس حيفا في ١٢ اب - لمراسل فلسطين الخاص - نصيب حوالي عشرين شخصا من قريه الكفر ين بقضاء حيفا عرض التيفوس وقد نقلوا الي مستشفي الحكومه . وتوجه الي هناك موظفو الصحه وقاموا بتطعيم الاهلين…							
1947-08-14	falastin	falastin19470814-01.1.2	plague	بالطاعون	other:Jerusalem	Jerusalem		y		…مراض الساريه في اسبوع - القدس في ١٣ اب لمراسل فلسطين الخاص - يشير تقرير الامراض الساريه الي وقوع ست اصابات في البلاد خلال الاسبوع نستان الماضي اثنتان بالطاعون 3…							
1947-08-14	falastin	falastin19470814-01.1.2	typhus	بالتيفوس	other:Jerusalem	Jerusalem				…بالتيفوس في قضاء بير السبع واستان بالحمي الراجعه واحده في نابلس والثانيه في بير السبع…							
1947-08-14	falastin	falastin19470814-01.1.2	plague	الطاعون	page			y		…تم حتي امس تسجيل ۲۳۲ حاجا و حاجه من يافا وقضاها في دايره الصحه بيافا و عناسبه الغاء القنصليه اللبنانيه لشهاده التطعيم ضد الطاعون فقد تناقص عدد المتقدين للتطعيم ولم يزد عددهم عن ۸۲ شخصا طيله…							
1947-08-14	falastin	falastin19470814-01.1.2	plague	الطاعون	dateline	Haifa		y		…السفر الي سوريا القدس في ١٣ اب - لمراسل فلسطين الخاص اعلمتنا القنصليه السوريه العامه | - ان لا حاجه بالراغبين في السفر الي سوريا ابراز شهاده تطعيم ضد الطاعون بناء علي تعليمات تلتها من حكومتها مشروع خمس سنوات » ليافا » لندن في ١٣ – وداع - صرح اليوم الدكتور يوسف هيكل رييس بلديه يافا الذي يزور لندن الان بدعوه…	0	0	0	absent			no-register-coverage
1947-08-14	falastin	falastin19470814-01.1.3	influenza	والزكام	page			y	y	…الام في الظهر وحاله عصبيه ورد ماترم الغذاء الرديء والمشروبات الروحيه الردييه والزكام المتكرر والارهاق في العمل كل هذا يرهق الكليتين ، وامراض الكليتين والمثانه في السبب الحقيقي في زياده الاملاح البوليه والارق ليلا وحرقان البول والام ال…							
1947-08-15	falastin	falastin19470815-01.1.2	plague	الطاعون	page			y		…س تسجيل ٢٣٦ حاجا وحاجه الذين انتو وا ناديه مريضه الحج في هذا العام في دايره الصيحه بياقا وهم جميعا من ياه من و قضاها وقد تم يوم امس تطعيم ه شخيرا هند الطاعون ومعظمهم من الذين يرغون في الحصول علي شهادات بالتطعيم السفر الي الافطار التي تطلب هذه الشهاده نقل حجاج سوريا بالطايرات…							
1947-08-16	falastin	falastin19470816-01.1.2	typhoid	بالتيفوييد	page		y	y		…علي اثرها المستشفي اكتشفت خمس اصابات جديده بالتيفوييد في قريه الكفرين وقد نقلوا الي مستشفي الحكومه للمعالجه وبلغ عدد المصابين الي بالتيفوييد والموجود بن في المستشقي حول…							
1947-08-21	falastin	falastin19470821-01.1.2	plague	الطاعون	page					…اولي و ٧٤ في الدرجه الثانيه و ۱۰۳۱ في الدرجه الثالثه - تم تسجيل ٢٤٧ شخصا في دايره یان هذا العام وقد سجل امس ثلاثه الصحه الحج | اشخاص فقط و طعم ضد مرض الطاعون امس عشره اشخص . امتیاز استغلال البحر الميت لندن في ٢٠ - و . ا . ع - علمت وكاله : الانباء العربيه من الستر ميتلاند ادواردز صاحب الامتياز السابق لاستغل…							
1947-08-23	falastin	falastin19470823-01.1.2	plague	الطاعون	page		y	y		…را. لوحظ هذين اليومين فله الاقبال علي - التطعيم ضد الطاعون وطلب شهادات التطعيم وذلك علي ان الغاء حكومه لبنان طلب شهادات التطعيم لمن يود السفر اليها . توفي في مستشفي الحكومه بيافا الطفلالياس سلامه ويبلغ من الع…							
1947-08-24	falastin	falastin19470824-01.1.2	plague	الطاعون	page			y		…يافا بلغ عدد الراغبين في الحج هذا العام و تم تسجيلهم في دايره الصحه بيانا ٢٤٩ في 10 اشخاص ضد مرد شخصا وقد تم تطعيم الطاعون امس بحثت جماعه لاخوان المسلمين في - اجتماعاتها الاخير ه عده مسايل ومشاريع متعلقه: بفرقتها الرياضيه ومشاريعها الخيريه التي سنقوم بها وقد وضم مشروع انشاء مستوصفها الخيري للتنفيذ خلال الايام المقبله -- لم تقم اصابات بالطاعون بعد حادثه الجماسين وتبذل دايره الصحه بيافا الجهود هذا علي المرض الوبيل. وقد اتخذت للقضاء جميع الاحتياطات اللازمه لذلك . قام مفتشو البوليس ودايره الصح…							
1947-08-27	falastin	falastin19470827-01.1.2	typhus	والتيفوس	window					…البلاد ۱۳ ما- منهم واحمد ، و اصيب با الطاعون في حيفا ١٤ وفي ساير البلاد ۳ ، و بالحمي الراجعه واحد في يافا وتل ابيب و واحد في حيفا وفي ساير البلاد ٧ ، والتيفوس ( اكز انتما كوس) اصيب واحد ، وبالتيفوس ( مورين ( اصيب ٣ في يافا وتل ابيب و ١٦ في حيفا و ١٤ في ساير البلدان…	0	5	0	absent			no-register-coverage
1947-08-27	falastin	falastin19470827-01.1.2	diphtheria	بالدفتريا	window					…| وبالدسنطاريا اصيب في يافا وتل ابيب ١١ وفي ساير البلاد ۳۲ ، و بالدفتريا صيب في يافا وتل ابيب ١٤ مان منهم واحد وفي حيفا ٣ مات منهم واحد وفي غزه ٤ مات منهم ٣ ولي ساير البلاد ۱۳ ما- منهم واحمد ، و اصيب با الطاعون في حيفا ١٤ …	0	33	0	absent	1947-09-15(peak 22/30d)	-19	no-register-coverage
1947-08-27	falastin	falastin19470827-01.1.2	plague	الطاعون	window					…اد ۳۲ ، و بالدفتريا صيب في يافا وتل ابيب ١٤ مان منهم واحد وفي حيفا ٣ مات منهم واحد وفي غزه ٤ مات منهم ٣ ولي ساير البلاد ۱۳ ما- منهم واحمد ، و اصيب با الطاعون في حيفا ١٤ وفي ساير البلاد ۳ ، و بالحمي الراجعه واحد في يافا وتل ابيب و واحد في حيفا وفي ساير البلاد ٧ ، والتيفوس ( اكز انتما كوس) اصيب واحد ، وبالتي…	0	0	0	absent			no-register-coverage
1947-08-27	falastin	falastin19470827-01.1.2	plague	الطاعون	page		y	y		…نجاح حمله مكافحه الطاعون تجحت ترتيبات دايره الصحه بيانا في مكافحه مرض الطاعون والجرذان التي تنقل المرض . وقد غادر للمستشفي الحكومي امس المصاب بمرض الطاعون من قريه الجاسين بعد ان تم شفاءه ومما يذكر انه الوحيد الذي اصيب بهذا المرض في اللواء…							
1947-08-27	falastin	falastin19470827-01.1.2	diphtheria	الدفتريا	window		y	y		…ات مساعد قايد منظمه الشباب العرب العام برقيتي احتجاج الي الحيات المختصه، علي تعطيل الزميله (الدفاع) حيفا نقل الي مستشفي الحكومه ثلاثه طفال مصابين عرض الدفتريا من عكا والطنطوره والناصره . وقد توفي الاخير . بلغ عدد الاشخاص الذين تم تسجيلاسمايهم الي د تره الصحه الناديه فريضه دايره الحج ۱۳۲ شخصا . وعدد الذين دف…	0	33	0	absent	1947-09-15(peak 22/30d)	-19	no-register-coverage
1947-08-28	falastin	falastin19470828-01.1.2	diphtheria	بالدفتيريا	window		y	y		…نقلت الي مستشفي الحكومه طفله من حيفا يافه الناصره مصابه بالدفتيريا وقد بلغ خمسه عدد الاطفال للما بين وهذين اليومين عده اما الذين اصبوا يه في اشهر الصيف فقد بلغ الاطفال عددهم ٣٥ شخصا معظمهم من زار فريق من الاخوان المس…	0	33	0	absent	1947-09-15(peak 22/30d)	-18	no-register-coverage
1947-08-28	falastin	falastin19470828-01.1.3	influenza	والزكام	other:Nablus	Nablus			y	…في ان ومك متمم احتلال في وظيفه كليبك رعان اليون و من الاء نقال بن علي ار والا قليلا والام الظهر والسباير والام السانين والاضطراب العصر والدور والصناع والزكام ونورم مفصل القدمين ووجود تواير تحت العينين ا وقيه النشاط والميه الخ الادويه للبلدها : ان عمال اخر في لا يمكن الي مساعد كثيرا في جرحتك التي تنت مرحله …							
1947-08-29	falastin	falastin19470829-01.1.2	diphtheria	الدفتريا	dateline	Haifa		y		…- حيفا في ٢٨ اب . لمراسل فلسطين الخاص - لا تزال حوادث الدفتريا تنتشر بين الاطفال. وينصح الاطباء عند وقوع اي مرض للاطفال مراجعه الطبيب حالا للنثبت من ان الاصابه بالدفتريا اولا لتتخذ الاحتياطات اللازمه بشانها.…	0	33	0	absent	1947-09-15(peak 22/30d)	-17	no-register-coverage
1947-09-03	falastin	falastin19470903-01.1.2	typhoid	التيفوييد	page			y		…ذاع النتايج في نفس الوقت من رديو القدس . الامراض في يافا ومنطقتها يءخد من الاحتماءات الرسميه انه وقعت خلال شهر اب الماضي في يافا ومنطقته ٧ اصابات عرض التيفوييد و ٤ اصابات بالبر اتيفوييد و ٣ اصابات بالتيفو من واصابه او الحده بالطاعون في يافا و اخري في قريه الجماسين الغربيه وتوفي بياما احمد نصابين يداء الكلب…							
1947-09-03	falastin	falastin19470903-01.1.2	plague	بالطاعون	page			y		…الاحتماءات الرسميه انه وقعت خلال شهر اب الماضي في يافا ومنطقته ٧ اصابات عرض التيفوييد و ٤ اصابات بالبر اتيفوييد و ٣ اصابات بالتيفو من واصابه او الحده بالطاعون في يافا و اخري في قريه الجماسين الغربيه وتوفي بياما احمد نصابين يداء الكلب…							
1947-09-09	falastin	falastin19470909-01.1.2	diphtheria	الخناق	page				y	…وصرح « ناطق » لها جناه للصحفيين الاجانب دان تضييق الخناق المالي علي الارغون وشترن قد اوقعهما في ازمه ماليه…							
1947-09-09	falastin	falastin19470909-01.1.2	plague	بالطاعون	page		y	y		… الرسميه وبيوت كبار الموظفين البريطانيين وفصلت في بعض هذه العقود خرجت من مستشفي الحكومه بيافا - المراه امن محاسن عمل حسين من يافا وهي نراه التي اصيبت بالطاعون منذ و شهر وذلك بعد ان تم شفاءها من هذا المرض - نظر حاكم الصلح امس قضيه سليم خليل الترثير من يافا للمتهم بجرح شخص اخر في مناسبه غير مشروعه وقد حكم علي…							
1947-09-10	falastin	falastin19470910-01.1.2	measles	الحصبه	paragraph			y		…بينما كان فوزي رشيد الدولي وعمره ١٦ سنه يحاول ركوب القطر بعد عودته من العمل زلت قدمه قدامها القطار وقد عمل الطبيب علي بترها .. انتشر في هذا البلد مرض الحصبه و يعان غزه جي. هذ : الفصل حمي والام لاطفال .…	0	1	0	open			register admitting, no surge
1947-09-13	falastin	falastin19470913-01.1.2	diphtheria	الخناق	other:Damascus	Damascus			y	…قيات اليهوديه امس تكرر الحديث عن القرار البري الذي اتخذه ر جالات رب في بلودان وهو اغراق فلسطين بهجره : عربيه جارفه تطغي علي الهجره اليهوديه ، و تضييق الخناق بالمقاطعه علي البضا ثم الصهيونيه. وتقول البرقيات ان رجالات العرب يعتقدون ان بريطانيا سوف لا تقاوم بالقوه الهجره العربيه للمتدفقه علي فلسطين !؟ شرعيون…							
1947-09-23	falastin	falastin19470923-01.1.2	influenza	والانفلونزا	page			y		…P 286 البرد والانفلونزا الهواء الطلوح - والطعام المغزي - والرياضه والملابس الدافيه .. هذه هي قواعد الصحه الاساسيه التي يتحتم عليك اتباعها ما استطعت الي ذلك سبيلا. ان اسبيرو في قليل من الماء الساض كفر غره لهو خير وقايه عند تفشي الادبيه . كما ان ملايين الناس تعرف قيمه ترصين من اسيرك مع شراب واقي عند اول علامات البرد او الانفلونزا وكثير يكتبون السبينا تحدوهم الرغبه في مساعده الاخرين عن طريق اختبارهم الشخصي فهم يودون ان تعرف مدي المساعده التي وجدرتها في اسيرو، وكيف انه لا بد ان يساعدك انت ايضا. فاذا مرت علي منوالهم فضي استطاعتك ان تظل بمناي عن البرد والانفلونزا هذا الشتاء . ابرو والانه قد اصبت بمرض الكره اثر برد شديد اصابني من قياده سيارتي واستعملت جمله ادويه قلم ينقذني الا ١١/قرص اسيرو . وهذا القرص الصغير ذ…							
1947-09-26	falastin	falastin19470926-01.1.2	cholera	الكوليرا	page			y		…نصايح للوقايه من الكوليرا لمناسبه ظهور بعض الاصابات في مصر…							
1947-09-26	falastin	falastin19470926-01.1.2	cholera	الكوليرا	page			y		…الدكتور منير مشعلان وباحثناه في موضوع انتشار وباء الكوليرا في القطر المصري الشقيق وسالناه عما اذا كانت السلطات في فلسطين ستتخذ اجراءات خاصه لوقايه البلاد من احتمال تسرب المرض اليها ، فاجابنا حضرته : ان اداره الصحه في فلسطين لا ينتظر ان تتخذ اجراءات فوق العاده في هذا السبيل اي انها لا ينتظر ان تواجه مشكله انتشار الكوليرا في البلاد ، لان جميع الاجراءات اللازمه لوقايه البلاد من احتمال تسرب وانتشار المرض فيها قد اتخذت بالفعل ولكن قد يحسن ان اذكر للجمهور…							
1947-09-27	falastin	falastin19470927-01.1.2	cholera	الكوليرا	page			y		…اجيل مءتمر الطبي العربي التاسع عشر لذي مما عقده بالقاهره فيها بين ٢٣ و ٢٧ الاول المقبل الي موعد يحدد فها بعد در بن ويرجع السبب في ذلك الي انتشار وباء الكوليرا…							
1947-09-27	falastin	falastin19470927-01.1.2	cholera	الكوليرا	other:Jerusalem	Jerusalem		y		…بب ضيق الوقت لوداع حجاج الفوج الثان سافرت صباح امس عده وفود من يافا وقضاها الي حيفا لوداع الحجاح حين سفرهم هناك مع الفوج الثاني من تطعيم المسافرين ضد الكوليرا غزه في ٢٦ ايلول - لمراسل فلسطين الخاص - قبل ظهر اليوم وصل قطار المسافرين الي المحطه قادما من حيفا وقد تلقي الموظفون امرا من المدير العام للسكك الحديد…							
1947-09-27	falastin	falastin19470927-01.1.2	cholera	الكوليرا	other:Jerusalem	Jerusalem		y		…واصله القطار السفر الي القطر المصري بل يبقي في المحطه الي ان يصل اليها طبيب خاص موفد من قبل دايره الصحه العامه لتطعيم المسافرين بالمصل الواقي من وباء الكوليرا . وفي الساعه الواحده بعد الظهر قدم الطبيب وركب القطار الذي استانف سفره واخذ الطبيب يباشر مهمته التي انتدب من اجلها…							
1947-09-28	falastin	falastin19470928-01.1.1	cholera	الكوليرا	page					…في لبنان القاهره في ٢٧ ، يمول - لمراسل فلسطين الخاص با اتلفون اجل اجتماع مجلس الجامعه العربيه عن موعده المقرر ونظرا لانتشار الكوليرا في مدر فمن المنتظر ان يعقد الاجتماع في لبنان ، اما الموعد الجديد فسيمين فيها بعد . اجتماع صوفر و علمت من مصدر عربي كبير ان الجنه السياسيه الجامعه الع…							
1947-09-28	falastin	falastin19470928-01.1.1	cholera	بالكوليرا	page			y		…ازدياد الاصابات بالكوليرا ووصول ٦ اطباء عالميين وامصال واقيه لمصر تعليمات مشدده الي دواير الصحه في فلسطين لوقايه الجمهور وتطعيم الراغبين منه…							
1947-09-28	falastin	falastin19470928-01.1.1	cholera	الكوليرا	page			y		…بسبب وباء الكوليرا ابتداء من اليوم تتوقف شركه مصر المطيران عن ارسال طاير انها لي فلسطين و بذلك يتوقف السفر جوا الي القطر الشقيق بسبب حوادث وباء الكوليرا هناك جميع المواصلات ) وقد علمنا ان جميع المواصلات البريه والبحريه و الجويه مع مصر ستتوقف الطايرات اللبنانيه وعلمنا ان الطايرات اللبنانيه التي تعمل بين بيروت والقاهره راسا قد توقفت عن ذلك موقنا نتيجه وجود وباء الكوليرا في ا مصر . وطرا تغيير علي الخط الذي تعمل…							
1947-09-28	falastin	falastin19470928-01.1.1	cholera	الكوليرا	other:Jerusalem	Jerusalem		y		…لسهر علي مساله تنفيذ اجراءات الحجر الصحي علي الاشخاص القادمين من مصر بالجو والبر والبحر خلال المده المحدده من قدومهم الي البلاد وذلك بسبب انتشار وباء الكوليرا في القطر الشقيق . و المفهوم اندو اثر الصحه قد زودت بالمصل الواقي من الكولير اوسيباشر غدا بتطعيم من يرغب من الجمهور و يحتمل ان تغلق الحدود الاصريه - الفلسطينيه قريبا و عنم للمسافرون من التنقل + بين البلدين عن طريق البر والبحر والجو درءا لخطر تسرب وباء الكوليرا المنتشر في مصر الي فلسطين ، الا في حالات استثناييه منع الفواكه والخضار المصريه ا وصدر عدد خاص من الجريده الرسميه | تضمن امرا يتم استيرادجم انواع الفو…							
1947-09-28	falastin	falastin19470928-01.1.1	cholera	الكوليرا	other:Jerusalem	Jerusalem	y	y		…ضار والفواكه المعلبه وجميع انواع السمك الطازج والملح من مصر في حيفا حيفا في ٢٧ ايلول لمراسل فلسطين فهم ان ديره الصحه اتخذت احتياطات واسعه لمكافحه مرض الكوليرا وقد - الخاص . علمنا من الدكتور اثيم مدير مستشفي ا لحكومه ان الترتيبات في المستشفي اتخذت ا صوره دقيقه حيث عد جناح خاص لاستعماله ا حين الحاجه كما وزعت …							
1947-09-28	falastin	falastin19470928-01.1.1	cholera	الكوليرا	other:Jerusalem	Jerusalem		y		…هور كما حدث م كميه وافره من ال د.د.نه لتظهر الاماكن العامه . قطار مصر | وجاء في بيان صحفي ما يلي : ذكر امس في القاهره ان صحراء سيناء ج ل قد عزلت بسبب الكوليرا ومنع السفر علي ان ا الدور الرسميه في القدس لا تعرف شييا عن اقفال الحدود ولم يطرا ان تعديل علي سير ا م قطار فلسطين الي مصر اطباء عالميين القاهره في ٢٧…							
1947-09-28	falastin	falastin19470928-01.1.1	cholera	الكوليرا	other:Jerusalem	Jerusalem		y		… فلسطين بالتلفون- وصلت الي القاهره | - الخاص اليوم طايره اميركيه قادمه من منطقه ا الاحتلال الاميركي في المانيا نقل سنه من ف الاطباء العالميين لمكافحه الكوليرا ض وقد ظهرت في القاهره اليوم اصابات جديده ل…							
1947-09-28	falastin	falastin19470928-01.1.1	cholera	الكوليرا	other:Jerusalem	Jerusalem	y	y		…اوقاف وقد وضعت قيود علي السفر الي سوريا و لبنان . الاصابات في ازدياد وكتبت جريده المقطم اليوم تقول ان وزاره الصحه علمت من معظم الجهات التي صيبت بوناء الكوليرا ان الاصابات في ازدياد كما ان نسبه الوفيات ارتفعت لا سيما في قريه اقر بن » وظهرت اليوم حالات لاثنين من موظفي وزاره الاوقاف نقلا علي اثرها الي المستشفي…							
1947-09-28	falastin	falastin19470928-01.1.1	cholera	الكوليرا	page			y		…القاهره في ٢٧ - ر - اعلن وزير الصحه ان اصابات الكوليرا قد بلغت خلال الاربع والعشرين ساعه الاخيره ۱۰۹ اصابات يقابل ذلك ٩٤ اصابه في اليوم السابق اما الوفيات فقد بلغت حتي الان ۲۷…							
1947-09-28	falastin	falastin19470928-01.1.1	cholera	الكوليرا	page					…امصال ضد الكوليرا من روسيا الي…							
1947-09-28	falastin	falastin19470928-01.1.1	cholera	الكوليرا	page					…ا - - القاهره في ٢٧ يونايتد برس صرح دوله النقراشي باشا ان روسيا عرضت ان ترسل الي مصر امصالا لمقاومه الكوليرا |…							
1947-09-28	falastin	falastin19470928-01.1.4	cholera	الكوليرا	dateline	Haifa		y		…فاره المصريه اليوم ان الكميه الاولي من الاصل الواقي من الكو ايرا قد خرجت من مطار 1 الندن صباح هذا اليوم بطريقها الي القاهره لتساعد في القضاء علي وباء الكوليرا للمنتشر الان في مصر. وقال ان شركه الطير ان البريطانيه لما وراء البحار قد خصصت لنا الامكنه اللازمه المقال هذه الامصال وستريلات كميات اخري غدا وفي يومي…	0	0	0	open			no register cases either side
1947-09-28	falastin	falastin19470928-01.1.4	cholera	الكوليرا	dateline	Haifa		y		…ل من هذه الامصال تقدر قيمتها بتسعه الاف دولار من الولايات المتحده ودلك استجابه للنداء الذي توجهت به الحكومه المصريه الي امريكا للقضاء علي انتشار وباء الكوليرا واذاعت وزاره الحربيه الامريكيه ليله مس ان الطايره الاولي ستنقل عشره الاف رطل من البلازما و المقاح ومخدرات السلفا (الكبريت) في ساعه مبكره من اليوم كما…	0	0	0	open			no register cases either side
1947-09-30	falastin	falastin19470930-01.1.2	cholera	الكوليرا	other:Gaza	Gaza				…وصل قطار مصر صباح اليوم و ليس فيه من المسافرين المدنيين غير السيد اسعد باكير احد تجار حيفا وقد سمح له بالسفر الي فلسطين بعد ان اثبت انه تطعم مرتين ضد الكوليرا وفهم ان باقي المسافر بن الي فلسطين قد احتجزوا في القنطره…							
1947-09-30	falastin	falastin19470930-01.1.2	cholera	الكوليرا	page					…التدابير ضد الكوليرا…							
1947-09-30	falastin	falastin19470930-01.1.2	cholera	الكوليرا	other:Nazareth	Nazareth		y		…الناصره في ۲۹ ايلول - امر اصل فلسطين الخاص - اتخذت دايره الصحه بالناصره الاحتياطات اللازمه علي اثر انتشار وباء الكوليرا في مصر وجاءنا من الدكتور زاهي حدد رييس اطباء لواء الجنيل ان الدايره استحضرت علي كميات من المصل الواقي لتطعيم من يرغب من الاهالي غزه في ۲۹ ايلول - لمراسل فلسطين اوفدت دايره الصحه العامه الخاص الدكتور كامل عبد الي القاهره ليوا فيها يوميا بتطورات وباء الكوليرا في انحاء القطر المصري…							
1947-09-30	falastin	falastin19470930-01.1.2	cholera	الكوليرا	other:Nazareth	Nazareth		y		… وقد عقد اليوم اجتماع في سراي الحكومه حضره المسءولون عن المحافظه علي الصحه في يجب . اللواء وكان البحث يجري حول ما اتخاذه من الاجراءات ليلا يتسرب وباء الكوليرا عن طريق صحرا اء سيناء الي فلسطين…							
1947-09-30	falastin	falastin19470930-01.1.2	cholera	الكوليرا	other:Nazareth	Nazareth		y		…الخاص جاء من القنصليه السوريه العامه انها تلقت تعليمات من حكومتها، مفادها ان لا تمنح اذا لم يكن سمه دخول من هو قادم من مصر السلطه حاملا شهاده لقاح ضد الكوليرا من الصحيه علي ان لا تزيد مدته عن شهر واحد.…							
1947-09-30	falastin	falastin19470930-01.1.2	cholera	الكوليرا	page			y		… من مصر انتهت جميع الترتيبات الخاصه باستيراد الجلود ٦٠ ولوازم الاحذيه من مصر وهي حوالي طنا ، وكان من المنتظر لاسراع باستيراد هذه الكميه ولكن تفشي مرض الكوليرا بمصر حال دون استيرادها في الوقت الحاضر…							
1947-09-30	falastin	falastin19470930-01.1.4	cholera	الكوليرا	page			y		…القاصد الرسولي في القاهره تفيد انه قد من اوند سكرتيره الي فلسطين ولديه التعليمات اللازمه الال قدومه تصدر بسبب انتشار وباء الكوليرا في القطر الشقيين وصدر امس عن دار الحكومه بيان جاء فيه ما يلي : مثل لليجور شيشستر اليوم فخامه القايم باعمال الحكومه السير هنري غيرني في حضور صلاه الجن…							
1947-09-30	falastin	falastin19470930-01.1.4	cholera	بالكوليرا	page			y		…٣٠٣ اصابات بالكوليرا في مصر! يمن روسيا تقدم مساعدات فعاله لمطابقه الوباء الفتاك - حصر وزير الصحه غير متشايم…							
1947-09-30	falastin	falastin19470930-01.1.4	cholera	الكوليرا	page			y		…القاهره في ٢٩ «فلسطين» - رويتر - يونايتد برس مازال وباء الكوليرا يزحف في المناطق الموبوءه التي اصبحت اليوم في معزل | نام عن باقي مناطق المملكه المصريه وقد نجحت وزاره الصحه نجاحا تاما الفصل مدير بتي الشر والقليوبيه …							
1947-09-30	falastin	falastin19470930-01.1.4	cholera	بالكوليرا	page			y		…رصدت السلطات مكافاه قدرها الف جنيه لكل من يرشد عن تجار الامصال في هذه السوق | و اعلنت وزاره الصحه عن تسجيل ١٠٩ اصابات جديده بالكوليرا في خلال الاربم والعشر بن ساعه الماضيه . وتدل الاحصاءات الرسميه التي اذيعت من الاصابات بانها قسد بلغت حتي الان ٣٠٣ اصابات كان من بينها ٥٣ اصابه مميته وعلم القايم باعمال المفوضيه الروسيه الحكومه المصريه بان الاتحاد السوفييتي مستعد من با صداه الوضع ٤٠٠ كيلو غرام الواقي من الكوليرا تحت تصرف مصر كما ان كميات من هذا الاصل بدات تصل اليوم قادمه من بريطانيا والولايات المتحده واصبح الان من المامول بعد ان وصلت كميات من الامصال الواقيه …							
1947-09-30	falastin	falastin19470930-01.1.4	cholera	الكوليرا	page					…فيه ما بلي - اصبح الان لزاما علي جميع موظفي السكك الحديد ونا الجمارك والمهاجره والصحه والعمال في الواي والمطارات في فلسطين ان يحقنوا بالمصل الواقي من الكوليرا كما يجب علي المسافرين الي مصر ان يحقنوا بهذا الاصل ويجب الحصول علي المصل من المختبرات ماركزيه للحكومه بالقدس مباشره، وتعطي حقنه منه حجبها نصف سنتمتر مكعب وتعطي الثانيه بعد ثمانيه ايام، وقدرها سنتمتر مكعب ولا ضروره الان لحقن جميع افراد الجمهور بالمجمل الواقي من الكوليرا الا اوليك الذين…							
1947-10-01	falastin	falastin19471001-01.1.3	cholera	الكوليرا	page					…دمشق في ٣٠ و . ا . ع - كثر لاقبال علي الحج بالطايرات بعد ظهور الكوليرا في مصر و خذت تغادر المدينه طايرات سوريه نقل عشرين حاجا الي جده لا كماليات بسوريا ولبنان دمشق في ٣٠ - و.ا.ع - تم الاتفاق بين الحكومتين السوريه و اللبن…							
1947-10-02	falastin	falastin19471002-01.1.2	cholera	الكوليرا	paragraph			y		…لباخره الروسيه « فردريك الحلز ) لنقل الارمن الي بلادهم يوم الاحد وكانت الباخره في طريقها الي الاسكندريه ولكنها غيرت الجاهها الي حينا بسبب انتشار وباء الكوليرا في مصر…	0	0	0	open			no register cases either side
1947-10-02	falastin	falastin19471002-01.1.2	cholera	الكوليرا	page			y		…اتلاف البلح المصري لمكافحه وباء الكوليرا…							
1947-10-02	falastin	falastin19471002-01.1.2	cholera	بالكوليرا	page					…استوردت مءخرا من مصر وهي تزن ٤٢ طنا و ٥۸۸ كيلو غراما بعد ان وافقت المحكمه بطلب من دايره الصحه العامه علي اتلاف هذه الكميه خشيه من ان يصاب الجمهور بالكوليرا…							
1947-10-04	falastin	falastin19471004-01.1.2	cholera	الكوليرا	page					…وسايل مكافحه الكوليرا علي حدود فلسطين…							
1947-10-04	falastin	falastin19471004-01.1.2	cholera	الكوليرا	page			y		…خانيونس في ١٣ لمراسل فلسطين | الخاص - لا تزال دايره الصحه تبذل جهودا جباره في توقيف المسافرين مادده نيام حرصا علي صحه الاهلين من الكوليرا وكذلك تحرق جميع الفواكه والخضار الاتيه من العريش فتشكر لدايره المذكوره ورييسها الحاج طاهر الخطيب ونامل منه تطعيم باقي عه وقد فتح مكتب مءخر الاهلين بر…							
1947-10-04	falastin	falastin19471004-01.1.2	cholera	الكوليرا	page					…بذل طبيب الصحه الدكتور عبد - الخاص الرحم بدر جهود مشكوره لاخذ الاحتياطات الضروريه الموقايه من مرض الكوليرا الفتاك وقد انشا ثلاثه مراكز للكرنتينا ، واحدا في مدينه بير السبع بجوار دايره الحمرك واخر في عوجا حفير وناثا في مركز بوليس العماره مزودين عمرضين مع ال…							
1947-10-04	falastin	falastin19471004-01.1.2	cholera	الكوليرا	page		y	y		…ي تصرف دايره الصحه العليا في القدس ناد خال بعض القادمين من مصر في مستشفي بير السبع وهم في طريقهم الي الحجاز بطريق السيارات و يحملون شهادات التطعيم ضد الكوليرا من وزاره الصحه عصر فلفت نظر وکیل رييس دايره الصحه بسرعه الافراج عنهم حتي يتمكنوا من اداء فريضه الحج .…							
1947-10-04	falastin	falastin19471004-01.1.2	cholera	الكوليرا	page			y		… اخذت الزوجات البريطانيات نار حلات بالعوده الي فلسطين للمسكني مع ازواجهن في المناطق المحصنه وتجري الترتيبات الان لتوفير ما كن اسكانين التطعيم ضد وباء الكوليرا بلغ مجموع من تم تطعيمهم في دايره الصحه بيافا ضد الكوليرا حتي امس ١٣٥ شخصا و جميعهم من المضطرين للسفر الي مصر او الواقدين منها ٦٠٠ طن من الاسمنت ورد الي يافا امس بالسكه الجديد ٦٠٠ طن الاضر من الاسمنت وقد بقي…							
1947-10-05	falastin	falastin19471005-01.1.4	cholera	الكوليرا	page			y		…٢٤٠ صابه القاهره في ٤ - فلسطين - - و . ا. ع - يو نايتد برس- اعلنت وزاره الصحه امس الارقام التاليه عن وباء الكوليرا : القاهره نظيفه تماما و يوجد اصابه مشتبه رویتر. بهاء الاسكندريه نظيفه عاما، القيلوبيه ٨ اصابات و ۲۷ اشتباه و ١٠ وفيات ، الشرقيه ٧٤ اصابه و ۳۹ اشتباه …							
1947-10-05	falastin	falastin19471005-01.1.4	cholera	الكوليرا	page			y		… الا اليوم مولوديه الولايه لان الحالات التي وقعت فيها قد جاءت كلها من الخارج بعثه حلب وقد سافرت الي مصر اليوم بعثه حلب الطبيه للمساهمه في مكافحه وباء الكوليرا... بعد ان تزودت بالعقاقير الطبيه والمعدات اللازمه وهي مءلفه من عشره طباء وممرضات وجاء في تب من دمشق ان وزاره الدفاع السوري قد شرعت اليوم بتلقيح رجال …							
1947-10-05	falastin	falastin19471005-01.1.4	cholera	بالكوليرا	page			y		…و يقول مراسل رويتر من وزاره الصحه اعلنت عن حدوث ٥٣ وفاه و ۹۲ اصابه بالكوليرا و ۹۲ اصابه مشتبها بها ، و اعلنت الوزاره ان القاهره مهدده بالوباء بصوره جديه ، وقد صدر بيان الوزاره هذا عقب طلب الحكومه المصريه من الولايات المتحده في…							
1947-10-05	falastin	falastin19471005-01.1.4	cholera	الكوليرا	page			y		"…الحجر الصحي امس الجمعه لمده خمسه يام ثني عشر راكبا قادما بطريق الجو من مطار اللد بفلسطين حين وصولهم الي مطار لاجارديا لانهم لا يحملون شهادات تطعيم ضد الكوليرا وكانت طاير ، ته قد هبطت في مطار القاهره وقد اخذ هءلاء الركاب حقنا من المصل الواقي ضد الكولير ""…"							
1947-10-05	falastin	falastin19471005-01.1.4	cholera	الكوليرا	page			y		…لبحري في جزيره ستاتن في طريق الافلات وقال الدكتور روي بودت المدير الطبي المحجر الصحي الامريكي في نيويورك انه ابلغ من واشنطن بان زمام السيطره علي وباء الكوليرا في الشرق الاوسط في طريق الافلات وستفرض قيود صحيه موحده في امريكا علي جميع الاشخاص القادمين من الناطق الموبوءه وسيختن بالمصل الواقي من السكوايرا جميع…							
1947-10-05	falastin	falastin19471005-01.1.4	cholera	الكوليرا	page			y		…ي في لندن ارسل الي وزير الخارجيه البريطانيه المستر ارنست بيفن كتاب شكر الي بريطانيا لتقدتها المساعده الي الحكومه المصريه اثناء كفاحها للقضاء علي وباء الكوليرا .…							
1947-10-07	falastin	falastin19471007-01.1.2	cholera	الكوليرا	page					…اجتماع في بير السبع للوقايه من الكوليرا…							
1947-10-07	falastin	falastin19471007-01.1.2	cholera	الكوليرا	page			y		…كتور عبد الرحيم بدر وجميع مشايخ العشاير الذين تقع مناطقهم جنوب خط بير السبع - غزه وكان البحث يدور حول الوقايه من الكولير او تولي الطبيب شرح اخطار مرض الكوليرا و احسن الطرق للوقايه كما حثهم التطعيم ضد هذا المرض ومساعده دايره…							
1947-10-07	falastin	falastin19471007-01.1.2	cholera	الكوليرا	page			y		…لي التطعيم ولا امول ان تزيد دايره الصحه من هذه الامصال بحيث تكفي انطعيم جميع السكان وقد وصل الي بير السبع الدكتور جريس منصور للمساهمه في اعمال مكافحه الكوليرا و يشرف علي مراكز الكرنتينا التي انشيت هذه الغايه في قضاء بير السبع .…							
1947-10-07	falastin	falastin19471007-01.1.2	cholera	بالكوليرا	dateline	Haifa	y	y		…رف اليوم حيفا في ٦ ت ١ لمراسل فلسطين - الخاص نقل الي مستشفي الحكومه علي عبد الكرمي من سكان وادي الصليب وعمره ٧٥ سنه مصابا بالاسهال و مشتبها بانه مصاب بالكوليرا ... وقد اتصلنا مدير مستشفي الحكومه الدكتور اتيم وسالناه عما اذا كان يعتقد ان الاصابه كو ايرا ؟ فقال ان نتيجه الفحص ستظهر غدا ح ان الاصابه ليست كوليرا ولكنه يرجح اذ وقعت اربع حوادث مثل هذه في لاسبوع الماضي وتبين من التحليل انها دیز و نظاريا وعلي كل فان اداره الصحه تتخذ الان الاحتياطات الواسعه حتي تت…	0	0	0	open			no register cases either side
1947-10-07	falastin	falastin19471007-01.1.2	cholera	الكوليرا	other:Gaza	Gaza		y		…الفه من الاطباء الساده : هاشم بركات ، محمد كاظم ، حسن وحله ، جورج اوما اوسي الحمداني هاشم نشات و احمد حميم الصفار ، وقد ارسلت هذه البعثه لمقاومه وباء الكوليرا في القطر المصري الشقيق . التطعيم ضد الكوليرا…							
1947-10-07	falastin	falastin19471007-01.1.2	cholera	الكوليرا	other:Gaza	Gaza		y		…واصلت دايره الصحه بيانا تطعيم للخضر بن للسفر الي الخارج وخصوصا الي القطر المجري وكذلك العايد بن من مصر ضد وباء الكوليرا وبلغ مجموع الذين جري تطميعهم حتي امس ۱۸۰ شخصا…							
1947-10-07	falastin	falastin19471007-01.1.2	cholera	الكوليرا	page			y		…مي . وقد وقع علي هذه العريضه ميات من السكان و اصحاب المتاجر . سافر الدكتور جريس منصور احد اطباء دايره الصحه ، الي الجنوب الاشراف علي مراكز التطعيم ضد الكوليرا هناك . افتتحت اليوم معظم المدارس الاهليهابوا بها بعد انتهاء العطله الصيفيه ، وتباشر غدا الكليه العربيه والكليه لرشيديه التدريس . نظرت المحكمه العسكري…							
1947-10-07	falastin	falastin19471007-01.1.2	cholera	الكوليرا	page					…ءنا من سياده الشيخ عبد 1 الخاص - العزيز الكحيمي القنصل العام للمملكه العربيه السعوديه مايلي : بناء علي الاجراءات الصحيه للمتخذه في جده للوقايه من مرض الكوليرا - لا سمح فقد طلبت اداره الصحه العامه في الله المملكه العربيه السعوديه من الحكومه ان يكون اخر موعد لوصول حجاج الطيارات يوم ۲ ذي الحجه ١٣٦٦ الموافق ١١٧…							
1947-10-07	falastin	falastin19471007-01.1.2	cholera	الكوليرا	page			y		…بحيث ينتظر ان يصل مجموع الحجاج حوالي خمسه واربعين الف حاج في حين ان المعدل في السنوات الماضيه لم يزد علي ستين الف حاج ولعل السبب يرجع الي انتشار وباء الكوليرا في مصر الشقيقه وقد اجريت اصلاحات مهمه في الطريق الممتده بين جده والمدينه المنوره واتخذت اداره شءون الحج ترتيبات واسعه في مكه والمدينه وجده وعرفات ومن…							
1947-10-07	falastin	falastin19471007-01.1.2	influenza	الانفلونزا	page					…فيك قلبا جديدا هذا هو ما يفعله فوسفارين بالضبط . عشر نقط هي بدايه العمل وكل جرعه اضافيه ترد اليك نشاطك وقونك .و . خضر فوسفارين لاجل الحكايه حصر الفكر الانفلونزا فقر الدم وجع الراس العصبي TAKE الوهن الارق PHOSFERINE THE GREATEST OF ALL TONICS Grads mark Parsona) Zi…							
1947-10-08	falastin	falastin19471008-01.1.2	cholera	الكوليرا	page					…فلسطين تشترك مع مصر في مطافحه الكوليرا تطوع ٤ اطباء من الجمعيه الطبيه العربيه…							
1947-10-08	falastin	falastin19471008-01.1.2	cholera	الكوليرا	window			y		…حيفا في ١٥٧ لمراسل فلسطين الخاص الجمعيه الطبيه العربيه الفلسطينيه التي اخر لها انتشار وباء الكوليرا في مصر الشقيقه رات من واجبها ان تتقدم للخدمه في اعمال مكافحه الوباء وقررت ان يقدم كل فرع من فروعها الاربعه في مدن القدس وحيفا ويافا و نا بلس طبيبا مت…	0	0	0	open			no register cases either side
1947-10-08	falastin	falastin19471008-01.1.2	cholera	كوليرا	dateline	Haifa		y		…حيفا في ٧ ت ١ - لمراسل فلسطين الخاص - ظهر للمسيولين في دايره الصحه ان الاصابه التي وقعت امس واشتبه بانها كوليرا نیست الا تسمها في الطعام وفهم ان الجمعيه الطبيه العربيه علي اتم استعداد للوقايه والتطعيم ضد الكوليرا وان الامصال لهذه الغايه متوفره…	0	0	0	open			no register cases either side
1947-10-08	falastin	falastin19471008-01.1.2	cholera	الكوليرا	dateline	Haifa		y		… المصريه تبلغهم فيها ان الدراسه في معاهدههم ستبدا في اليوم الخامس من شهر تشرين الثاني المقبل وقد شرع هءلاء الطلاب بتطعيم انفسهم بالمصل الواقي من وباء الكوليرا -…	0	0	0	open			no register cases either side
1947-10-08	falastin	falastin19471008-01.1.2	cholera	الكوليرا	page			y		…التطعيم ضد وباء الكوليرا قامت دايره الكرنتينا في ميناء يافا امس بتطعيم جميع الموظفين في الميناء والجمرك والبحاره والعتاله والعمال والمراجعين ضد وباء الكوليرا لوقايتهم ولمنع تسرب الكوليرا عن طريق لميناء وقد بلغ مجموع من جري تطعيمهم من الجهور في دايره الصحه بيانا ۲۰۰ شخص.…							
1947-10-08	falastin	falastin19471008-01.1.2	cholera	الكوليرا	page					…... مقاومه الكوليرا بحرا : غزه في ا ت ا لمراسل فلسطين الخاص - وضعت الحكومه لنشا خاصا تحت اشراف دايره الصحه وجهزته بما يلزم من الادوات الصحيه وعينت فيه موظف من قبل الداير…							
1947-10-08	falastin	falastin19471008-01.1.2	cholera	الكوليرا	page			y		…نفار بوليس وجعلته يتجول بين المجدل ورفح بقصد مقاومه تهريب الخضار والفواكه التي تشحن من القطر المصري الي فلسطين واتخذت هذه الاحتياطات خوفا من نقل وباء الكوليرا الي هذه البلاد عن طريق البحر .…							
1947-10-08	falastin	falastin19471008-01.1.2	cholera	وكوليرا	page					…زعماء يهود. ..وكوليرا ! روی مراسل «دافاري في نيويورك ان سبعه من زعماء يعود فلسطين قد وصلوا با من از السلطات والنمو بالطايره الي اميركا فاعتقداتهم السلطات خوفا من الكوليرا.…							
1947-10-08	falastin	falastin19471008-01.1.2	cholera	الكوليرا	window					…رشيديه في القدس لمده سنه ء تاخر سفر الارمن من حيفا حيفا في ٧ -١ - مراسل فلسطين الخاص بهمن سفر الارمن تاخر الي يوم ١٥ الجاري حتي يتم تعميم تسافر بن من الكوليرا ، وحتي مصل الباخره التي ستقلهم الي بلادهم.…	0	0	0	open			no register cases either side
1947-10-08	falastin	falastin19471008-01.1.2	diphtheria	الخناق	page				y	…لجزار في الطقس الرحمن الماده ولكن من المحرك التخلص من الفنيه : الالام لقد مرضت مرضا شديدا من جراء الصداع وقشعريره الخريف كيه امرار عبد ربه الشر والهم الخناق اقراص اسيره فكانت سيا في شفايي ؟ بفضل مفعون مدري السريع وحاز الاطباء في امري ونصح لي بعضهم بعمل اشعه . ان دريسيه من اسيره وانيق انتشار المجراتيجي . ك…							
1947-10-09	falastin	falastin19471009-01.1.2	cholera	الكوليرا	page			y		…صطفي عبد الشافي والممرضه الانسه لينا تماري الي القاهره لتكون محنت تصرف الهييه العربيه العليا وذلك لاصداء المساعده للهييات الصحيه المصريه لمكافحه وداء الكوليرا في القطر الشقيق ، و ذ نحن نشكر الساده الاطباء علي مجهودهم الانساب نساله تعالي ان يزيل هذا الوباء الخطير عن ارض الكنانه .…							
1947-10-09	falastin	falastin19471009-01.1.2	cholera	الكوليرا	paragraph			y		…زينه البلديه حول عمال البلديه الفنيه والماليه والتنظيميه وعلاقتها بالجمهور يتقدم في كل يوم عدد كبير من الاهلين غزه لدايره الصحه يلتمسون تطعيم ضد وباء الكوليرا فتردهم خايبين وقد طلب الينا ان تلفت انظار هذه الدايره الي المسارعه في تطعيم سكان هذه المنطقه قبل وصول الداء اليهم ولان منطقتهم ملاصقه للقطر المصري - …	0	0	0	open			no register cases either side
1947-10-09	falastin	falastin19471009-01.1.2	cholera	الكوليرا	page			y		…بسبب وناء الكوليرا المتفشي في مصر الجامعه العبريه والكوليرا بمصر تقول و البوستات الجامعه العبريه في القدس عرضت علي القنصليه المصريه العامه في الاسبوع الماضي ان تزود مصر بكميه من المصل الواقي من وباء الكوليرا ، و لكنها لم تتلق اي ردحتی الان…							
1947-10-10	falastin	falastin19471010-01.1.2	cholera	الكوليرا	page			y		…المستر ارثر كري لمدير العام لسكك حديد فلسطين و حضور مندوبي تركيا وفلسطين ولبنان وسوريا والعراق ولم يستطع مندوب مصر حضور هذا المءتمر نظرا لانتشار وباء الكوليرا في مصر و الهدف من هذا المءتمر تنسيق اجور السفر ومواعيده وكذلك بحث ما يحتمل من انشاء اتصال مباشر بسكك الحديد بين استانبول والقاهره وقد انهي المءتمر اع…							
1947-10-10	falastin	falastin19471010-01.1.2	cholera	الكوليرا	dateline	Haifa				…فر فوج الحجاج الاخير حيفا في ٩ ت ١ - لمراسل فلسطين الخاص - يسافر غدا فوج الحجاج الثالث الي الديار الحجازيه وعددهم ۱۱۵ حاجا وقد طعموا بالمصل الواقي ضد الكوليرا ووصل الي المدينه اليوم عدد كبير منهم ويرافق الحجاج الفلسطينيين عدد من حجاج تركيا والعراق لمراقبه السلوك في جهات ! تضمنت الجريده الرسميه لحكومه فلسطين…	0	0	0	open			no register cases either side
1947-10-10	falastin	falastin19471010-01.1.2	cholera	الكوليرا	page			y		…ظفي تواصل دايره الصحه تطعيم موض الدواير الذين يشماهم امر التطعيم اجباريا ضد وباء الكوليرا وقد زود بعض الاطباء الخصوصيين بالمصل الواقي واقبل السكان علي التطعيم علي سبيل الوقايه . غادرت البعثه الطبيه السوريه للدينه صباح اليوم الباكر متوجهه الي مصر المساهمه • في مكافحه وباء الكوليرا بالقطر الشقيق في تعميرات مسجد قريه عبدي مبلغ ٣٠ جنيها المجلس الاسلامي الاعلي المساهمه و سيصرف المبلغ الي للجنه القايمه علي قرر - التعميرات .…							
1947-10-10	falastin	falastin19471010-01.1.2	cholera	الكوليرا	page			y		…. باشرت دايره الصحه تطعيم موظفيها - ضد الكوليرا كما طعمت امس موظفي دايره الاهلين البريد وعددا من - . ارتفعت اسعار المواد الغذاييه وتفاعا فاحشا وهي الدقيق والصابون ومنتوجات الالبان والسكر والارز كما…							
1947-10-10	falastin	falastin19471010-01.1.2	cholera	الكوليرا	page			y		…توفي المراسل فلسطين الخاص- شخصيان في العريش قبل يومين واشتبه بانهما توفيا وباء الكوليرا وقد ظهرت امس نتيجه التحليل في وزاره الصحه وتبين ان الاصابتين ايجابيتان ، وجاء من الفنياره الغربيه ان عوارض البكوليرا ظهرت علي بعض الاهلين «فلسطين» الكوليرا في…							
1947-10-10	falastin	falastin19471010-01.1.2	cholera	الكوليرا	page					…لدرء الكوليرا في الجنوب…							
1947-10-10	falastin	falastin19471010-01.1.2	cholera	الكوليرا	window			y		… للواء الدكتور الحاج طاهر الخطيب في دايره الصحه ثم غادرا المدينه الي الحدود الجنوبيه للاطلاع علي الاعمال الجاريه في محطات | الكورنتينا لدره خيار وباء الكوليرا التطعيم ضد الكوليرا حيفا في ٩ ١٠ - ار اصل فلسطين الخاص قام امس عدد من موظفي دايره الصحه بتطعيم عمال ورشه سنكه الجديد بالمصل الواقي ضد الكوليرا لثلا يتسرب هذا الوباء اليهم عن طريق عمالي السكه الانين من مصر البدراوي ومكافحه الكوليرا القاهره في ٩ ت ا - لمراسل فلسطين الخاص - ارسل سعاده البدراوي باشا رساله الي وزير الصحه يبلغه بتبرجه عميله اربعين الف جنيه مساهمه منه في مكافحه الكوليرا وقد ارسل سعادته شيكا بالدم للذكور…	0	0	0	open			no register cases either side
1947-10-11	falastin	falastin19471011-01.1.2	cholera	الكوليرا	page					…منشورات بالحث علي النظافه وزعت بلديه يافا في المدينه امس منشورات تحض علي النظافه لانقاء الاوبيه والامراض الساريه وخصوصا الكوليرا حتي لا تتسرب الي المدينه . وسيقدم مخالفو تعليمات النظافه الي المحاكمه…							
1947-10-11	falastin	falastin19471011-01.1.2	typhoid	بالتيفوييد	page			y		"…الامراض الساريه انه وقعت في يافا خلال الشهر الماضي ثلاث اصابات بالنيفوييد واصابه راحده بالتيفوس ووقعت اصابتان بالتيفوييد في القضاء ""…"							
1947-10-11	falastin	falastin19471011-01.1.2	typhus	بالتيفوس	page			y		"…الامراض الساريه انه وقعت في يافا خلال الشهر الماضي ثلاث اصابات بالنيفوييد واصابه راحده بالتيفوس ووقعت اصابتان بالتيفوييد في القضاء ""…"							
1947-10-11	falastin	falastin19471011-01.1.2	cholera	الكوليرا	page			y		…التطعيم ضد وباء الكوليرا الناصره في ١٠ ١٥ - لمراسل فلسطين الخاص - باشرت دايره الصحه في الناصره يوم امس بتطعيم رجال البوليس وموظفي الحكومه ضد وباء الكوليرا وتبذل دايره الصحه هنا جهودا كبيره للمحافظه علي نظافه المدينه والمءسسات العامه بمناسبه انتشار الوباء في وهي ترجو من الاهالي مساعدتها . للمحافظه علي ال…							
1947-10-11	falastin	falastin19471011-01.1.2	cholera	الكوليرا	page			y		…حالتها .. ... يانا جري امس تطعيم نحو ٧٠ شخصا ضدوباء الكوليرا في دايره الصحه بيافا و بذلك يكون عدد الذين طعموا ضد هذا الوباء بيافا حوالي ٣٤٠ شخصا اغلبهم من العايدين او لمسافرين الي خارج فلسطين وخصوصا الي…							
1947-10-11	falastin	falastin19471011-01.1.2	cholera	الكوليرا	window			y		…الجمهور دايره الصحه ان من رجو - تباشر في تطعيم الجمهور ضد وباء الكوليرا لان حيفا تضم الكثير من العمال الذين ينتقلون بين حيفا و القطر المصري كما انها ملتقي او اصلات يعرس في جري امس احتفال طولكرم قريه زيتا و بينما كان الناس…	0	0	0	open			no register cases either side
1947-10-15	falastin	falastin19471015-01.1.2	cholera	الكوليرا	page			y		…لسطين في هذا العام بالطايرات وهم من المسجدين في السابق وقد وردت برقيه من جده ظهر امس تفيد وصولهم جميعا بالسلامه فحج مبرور وسعي مشكور تطعيم الاهالي ضد الكوليرا الناصره في ١٤ ت ١ – لمراسل فلسطين الخاص بلغ عدد الذين تم تطعيمهم ضد وباء الكوليرا من قبل دايره الصحه بالناصره ٤٥٠ شخصا وجميعهم من الموظفين ورجال البوليس وسيباشر في الاسبوع القادم بتطعيم…							
1947-10-15	falastin	falastin19471015-01.1.2	cholera	الكوليرا	page			y		…الاهالي . القدس في ١٤ : ١ - لمراسل فلسطين الخاص - نتيجه لاردياد انتشار وباء الكوليرا في القطر الشقيق مصر ، و احتمال تمر بها الي البلاد فقد اقبل افراد الشعب علي التطعيم ضد هذا الوباء ، وبلغ عدد الذين لقحوا اليوم بالمصل الواقي ١١٢ شخصا …							
1947-10-15	falastin	falastin19471015-01.1.2	cholera	الكوليرا	window			y		…حيفا في ١٤ ت ا لمراسل فلسطين - الخاص اتخذت دايره الصحه احتياطات جديده ضدوباء الكوليرا ، فقد اعدت في منطقه الكورتتينا مكانا لينزل فيه القادمون من مصر حيث يقضون خمسه ايام ريثما يتاكد المختصون من انهم لم ينقلوا الوباء الي فلسطين و يستغرب …	0	0	0	open			no register cases either side
1947-10-15	falastin	falastin19471015-01.1.2	cholera	الكوليرا	paragraph			y		…حدات التطعيم ضد هذا الوباء الترك الذي اصبح عدد البلاد تهديدا مباشرا غزه في ١٤ تا مراسل فلسطين الخاص . انت دايره الصحه تطعيم اهالي قري - عبسان ضد وباء الكوليرا وعددهم ١٥٠٠ شخصا و هالي بني سهيله وعددهم الف شخص و اهلي خزعه وعددهم الف شخص والبدو A.. الاجاور بن لموجه الحثير وعددهم شخص والبدو المجاور بن الخاصه و …	0	0	0	open			no register cases either side
1947-10-15	falastin	falastin19471015-01.1.2	cholera	الكوليرا	page			y		…ماذا بلغ عدد الاشخاص الذين جري تطعيمهم. ضد وباء الكوليرا في يافا حتي يوم امس ٦٠٠ شخصا و اما من طعموا امس فقد بلغ…							
1947-10-17	falastin	falastin19471017-01.1.4	cholera	الكوليرا	page			y		… لمساعد الحاكم يحتج بها علي بقاء مايتي بنت دون مدرسه مماتين في السن المناسب ثم طلب فتح صفوف لهن ٣- تقديم عريضه لرييس الاطباء الاسراع بتطعيم السكان ضد الكوليرا القادم ستعتدي منين عند الوفيات بين الاجتماع وستجتهم مندوبات يوم للمسير في عملين هذا سادت روح الاخوه والحماسه ثم خرج الجميع يثني علي المجنه الارثوذكسي…							
1947-10-17	falastin	falastin19471017-01.1.4	cholera	الكوليرا	window			y		…عض محطات الحنوب وافردت ثلاث عربات لنقل الركاب الفلسطينيين بين غزه وحيفا لتامين عدم اختلاطهم | با اقادمين من مصر كتد بير احتياطي للحيوله دون تسرب وباء الكوليرا من القطر الشقيق…	0	0	0	open			no register cases either side
1947-10-17	falastin	falastin19471017-01.1.4	cholera	الكوليرا	page			y		…] وعلمنا ان الجهات المختصه قد صدرت امر بوجوب تطعيم جميع افراد البوليس ضد وراء الكوليرا . وقد شرعت دايره الصحه المركزيه في تطعيم و ليس القدس | و بلغ عدد افراد الشعب الذ بن لتحو بالمصل الوقي من هذا الوباء ١٠٠٤ اشخاص. ** *…							
1947-10-17	falastin	falastin19471017-01.1.4	cholera	الكوليرا	page			y		…الخاصه وجاء في بلاغ وزاره الصحه من تطور سير وباء الكوليرا ان الوباء قد عم مديريات الشرقيه والاسماعيليه والدقهليه والمنوفيه والجيزه والبحيره والقليوبيه والسويس والقاهره والقتال والفيوم لطف الله بعباده…							
1947-10-17	falastin	falastin19471017-01.1.4	cholera	الكوليرا	page			y		…و. ف- نقل بعض | - القاهره في ١٦ البحاره الكوليرا الي الاسكندريه حيث سجلت بعض الاصابات فيها يوم امس . وقد الاجراءات الشديده في الحال وعزلت الاسكندريه باسرها من بقيه القطر المصري: - و يعيش المليون نسم…							
1947-10-18	falastin	falastin19471018-01.1.2	cholera	الكوليرا	page			y		…د دفاتر با قصر العامر او بالمحافظات والديريات ، حرصا من حلااته علي صحه شعبه المخلص الامين ، وذلك مناسبه الاخو ل الصحيه الحاضره ) تدابير واسعه لمكافحه الكوليرا القدس في ١٧ - ١ - لمر اصل فلسطين الخاص علمتان دايره الصحه مركزيه ستتوقف ابتداء عن تطعيم افراد الجمهور بالمصل . من يوم غد طمينا به، لو في من وباء الكو…							
1947-10-18	falastin	falastin19471018-01.1.2	cholera	الكوليرا	page			y		…كد لنا مصدر رسمي بان الحبات المختصه قد تخدت جميع الاحتياطات اللازمه هذا الخصوص ولدي الحكومه امصال كافيه التطعيم جميع المكان وفي حاله وقوع ايه صابه با الكوليرا في البلاد لا سمح الله ن فان ذلك سيعلن علي الجمهور حتي يحتاط الامر و صاف نفس الصدر لي دلك ، انه بالرغم من علان البلاد مهدده تهديدا خطر ا بتسرب هد لوبا…							
1947-10-18	falastin	falastin19471018-01.1.2	cholera	بالكوليرا	paragraph			y		…زار نا امس الشاب السيد، و ضر علي السري لذي يعمل في ميناء ياها و نفي لننما شرنه احدي الصحف المحليه مس من پشتبه باصابته نه بالكوليرا ، وهو نادي الصحه والمشاط والحمد لله و ليس به من اثر لاي مرض تطعيم السكان في غزه لمراسل فلسطين غره في ۱۷ ت ۱ - الخاص - فتحت اليوم دايره الصحه و ابها معلنه استعد دعا لمعاشره تطعيم جهيم السكان بالمصل الوفي من وباء الكوليرا امصال جديده ضد كوليرا ينتظر ان تصل لي البلاد قربها كميات جديده من مصال التصميم ضد وفاه الكوليرا وحري تصميم موظفي دايره حاكم اللواء و محكم مس المركزيه بيان و بلغ مجموع من طعم و بوم مس وقط مايه شخص و بذلك يصبح مجموع من حري ص تعميمهم في دايره الصحه…	0	0	0	open			no register cases either side
1947-10-18	falastin	falastin19471018-01.1.3	cholera	الكوليرا	page			y		…يافا الكبير و دوا فريضه الجمعه ثم عادوا الي البلاد التي حضروا منها بيت ساحور - يلقي الدكتور توما بنوره محاضره في قاع المدرسه الارثوذكسيه موضوعها وباء الكوليرا بدعوه من النادي الارثوذ كمي الساعه العاشره من صباح غد - الاحد و الدعوه السماع عامه الناصره - رقي السيد حاتم سليم سعد من موظفي دايره الماليه في الناصر…							
1947-10-19	falastin	falastin19471019-01.1.2	cholera	الكوليرا	page			y		…التطعيم ضد وباء الكوليرا…							
1947-10-19	falastin	falastin19471019-01.1.2	cholera	الكوليرا	page			y		…واصلت دايره الصحه بيانا مس تطعيم | القادمين من مصر او المسافرين اليها ضد وماء الكوليرا وكذلك الموظفين وقد بدسم عدد الذين جري تطعيهم حتي امس حولي الف شخص تطعيم الاهالي في غزه غرهي ١٨ تا - امر سل فلسطين الخاص قبل الاهلي اليوم بكثره علي دايره الصحه النظيم ضد وباء الكوليرا وتم تطعيم سته لاف شخص من اهالي خايو نس بالمصل الواقي من الوباء ويقوم باعمال التطعيم لدكتور هاء لد بن النمري و الانستان اليس كنز فتش | وروز کرالیان و تلفت دايره الصحه حموله سياره بن كبير يتين من الفواكه بين خان يونس و غره وهي مشحونه الي داخل البلاد لاشتباه دايره الصحه بان الفواكه ملوثه بوناء الكوليرا شكوي القادمين من مصر حدثنا كثيرون من القادمين من مصر متالمين يسبب المعامله القاسيه التي يلقونها من طيب دايره الصحه في جمرك بير السبع علي مصر بسبب انتشار وباء حدود المسطين. الكوليرا في القطر الشقيق و من ترجو ان يكون المشرفون علي مر قبه المسافرين كثر لينا وحسن معامله وهذا قل ما يطلب من الظروف مثالهم في مثل هذه استقاله الكولونل فرغ…							
1947-10-21	falastin	falastin19471021-01.1.2	cholera	الكوليرا	page			y		…تطعيم الموظفين ضد الكوليرا يجري اليوم تطعيم عمال بلديه يافا وخاصه عمال التنظيفات ضد وباء الكوليرا وقد جري مس تطعيم عمال وموظفي السكه الحديد في د ثره الصحه وبلغ مجموع من جري تطعيمهم…							
1947-10-21	falastin	falastin19471021-01.1.2	cholera	الكوليرا	paragraph			y		… امين نصر ونظرت قضيه صبحي لوزير التهم بقتل محمود سعد می ۱۳ نیسان ١٩٤٧ وقد اجلت اعطاء القرار الي الغد . جري امس تطعيم عدد كبير من رجال البوليس ضد وباء الكوليرا كما جري تطعيم عدد لموظفين عقد اتحاد الطلبه العرب اجتما جري - انتخاب هييه ادريه جديده من طالب فيه كل مدرسه ثانويه. عن عناسبه اقتراب فصل - الثناء ، يرج…	0	0	0	open			no register cases either side
1947-10-22	falastin	falastin19471022-01.1.2	cholera	الكوليرا	page					…الكوليرا…							
1947-10-22	falastin	falastin19471022-01.1.2	cholera	الكوليرا	paragraph			y		…سرعه انتشار الكوليرا في مصر ، والزياده التصاعديه في الوفيات ، تدعوان الي القلق ،لا في البلاد المجاوره فحسب ، ولكن فيها وفي كل بلد اخر يتصل بمصر بسبب من اسباب المواصلات ،و…	0	0	0	open			no register cases either side
1947-10-22	falastin	falastin19471022-01.1.2	cholera	والكوليرا	paragraph			y		…ه لمكافحه هذا الوباء لم تكن تعرف من قبل ، الا ان تقدم وسايل المواصلات زاد كذلك من اسباب انتشاره، وهذا الداء سريع الانتقال سرعه لا تعرف في اي وباء اخر والكوليرا تستوطن في العاده البلاد التي يشيع فيها الفقر ، والجهل وما يتبعيها من انعدام النظافه ،او قلتها ، وسوء التغذيه ولهذا كانت الهند والصين موطنها الاصلي الذي لا تكاد «تحل» عنه والادله متوفره علي ان سير الكوليرا في مصر يحتم علي كل بايد مجاور ان يحتاط اشد الحيطه لدفع كل احتمال لتسربه اليه ، فماذا ترانا فعلنا نحن في فلسطين في هذا السبيل ؟ ان دايره الصحه تطالعنا…	0	0	0	open			no register cases either side
1947-10-22	falastin	falastin19471022-01.1.2	cholera	الكوليرا	paragraph			y		…مطارات . وقل مثل هذا عن الحدود البريه في الجنوب ، وعن عمال المعسكرات وغيرهم ممن يتعرضون للعدوي ان قدر للداء ان يتسرب الينا ، لا سمح الله . وما دام ان الكوليرا قريبه منا مهدده البلاد احتمال الدخول اليها، فلماذا تنتظر وصولها ثم تشرع في حمله تطعيم عامه ، بدل ان نشرع في هذا منذ الان ؟ والبلديات عندنا لم تفعل شي…	0	0	0	open			no register cases either side
1947-10-22	falastin	falastin19471022-01.1.2	cholera	الكوليرا	page			y		…سير التطعيم ضد الكوليرا في مدينه غزه…							
1947-10-22	falastin	falastin19471022-01.1.2	cholera	الكوليرا	page			y		…لمراصل فلسطين - غزه في ٢١ ت ۱ ١٤. يعمل في مدن هذا اللو - الخاص موظفا في تطعيم السكان بالمصل الواقي من الكوليرا عدا عن عشره موظفين يعملون في الميجر الصحيه وقد اخذ اطباء مءسسه خلال الخيريه يقومون باعمال التطعيم ضد الكوليرا في منطقه ا…							
1947-10-22	falastin	falastin19471022-01.1.2	malaria	الملاريا	page					…غزه می ۲۱ ن ۱ - المرسل فلسطين الخاص . نجحت دايره الصحه في مكافحه الملاريا و ناده البعوض الدي كان يتوالد بكثره في مستنقعات و دي الشريعه الواقع بين غزه و بير السبع. وكانت الاراضي تنتشر كل سنه بين قبايل البدو | اللقيمين في تلك…							
1947-10-22	falastin	falastin19471022-01.1.2	malaria	الملاريا	page					…القبايل المجاوره تلو دي في امراض كانت تتسلط عليهم في كل عام فتبيد منهم خلقا كثيرا . وقد رافقت اليوم رييس اطباء اللواء الدكتور الحاج طاهر الخطيب ومفتش الملاريا السيد احمد بسيسو في من زياره الي تنك السدود وسمعت الثناء القبايل القيمه ، وانهوا الي انه لم يصهم اي مرض هذا العام…							
1947-10-22	falastin	falastin19471022-01.1.2	cholera	الكوليرا	page			y		…الانتشار وباء الكوليرا في مصر…							
1947-10-23	falastin	falastin19471023-01.1.2	cholera	الكوليرا	page					…لمكافحه الكوليرا في الجنوب بير السبع في ٢٢ ت ا - لمراسل فلسطين الخاص - قدم المدينه الدكتور عبد المجيد ابو حجله ليقوم بالاشراف علي مراكز الحجر الصحي التي انشيت لمكافحه…							
1947-10-23	falastin	falastin19471023-01.1.2	cholera	الكوليرا	dateline	Haifa		y		…الامطار ووباء الكوليرا - حيفا في ٢٢ ت ١ لمراسل فلسطين ا الخاص - عرف ان داره الصحه ستفتح ابواما لمن يريد التطعيم ضد وباء الكولير وسيكون هذا التطعيم اختياريا ، و يقول الاختصا…	0	0	0	open			no register cases either side
1947-10-28	falastin	falastin19471028-01.1.2	cholera	الكوليرا	page			y		…التلقيح ضد الكوليرا القدس في ٢٧ ت ا - لمراسل فلسطين الخاص . بلغ عدد الذين لقحوا بالمصل الواقي من وباء الكوليرا ، من الموظفين و الذين يرغون في السفر الي خارج البلاد ٢٠٧٥ شخصا وتوالي دايره الصحه المركزيه عمليه…							
1947-10-28	falastin	falastin19471028-01.1.2	cholera	الكوليرا	page			y		…مراقبه الذكيات خارج المسلخ نظر ، لتفشي مرض الكوليرا في مصر اهتم مفتشو للحوم ورجال البوليس عراقيه الذكيات خارج للسنح البلدي وقد عثروا علي احد اللحامين وهو يذبح راسي غنم في سوق اللحوم وعند مفاجاته قدم جن…							
1947-10-28	falastin	falastin19471028-01.1.2	cholera	الكوليرا	page			y		…بلغ مجموع الذين طعموا بالمصل الواقي من وباء الكوليرا في هذا اللواء ٤٠١٣٣ شخصا. بلغ عدد الاشخاص الذين تم الناصره في طعيمهم ضد وباء الكوليرا في مدينه الناصره من قبل دايره الصحه ١٧٠٠ شخص وكلهم من الموظفين ، وفي طبريا بلغم عددهم ۹۱۷ شخصا وقد استحضرت بلديتا الناصره وطبريا كبيات كبيره من مسحوق…							
1947-10-30	falastin	falastin19471030-01.1.2	cholera	الكوليرا	page					…ملك ايطاليا يكافح الكوليرا…							
1947-10-30	falastin	falastin19471030-01.1.2	cholera	الكوليرا	page			y		…القاهره في ۲۹ ت ۱ - لمراسل فلسطر الخاص - تفضل حلاله نايك عمنوييل الثالث فتبرع مبلغ ٢٥۰ جنبها باسم الكونت دي ه | بوليسينو لاعانه منكوي الكوليرا في - الاسكندريه وقد سلم هذا الليله الي محفظ) الاسكندريه فاض منه الي التبرعات التي تجمعها المحافظه لهذا الغرض ا مبره ه الكوليرا امصال واقيه من وصلت الي مطار لله من امريكا و من .. طايره نقل امر يكيه تحمل ۸۷۰۰ رطل مكليزي من المصل الوفي من الكوليرا و ٣٥٠٠ ر طال من مصل الدم لمكافحه وناء الكوليرا في مصر وقد نقلت هذه المحموله في الحل في طايرتير من طر ز د کوتاه سافر تا بها لي القاهره واعلن رسميا في القدس ان علي السافر من الي قبرص من مصر ان ينقحوا ضد الكوليرا قبل بدء رحلتهم ما الدين يصلون في قبرص من مصر ولا يستطيعون تقدم برهان علي انهم لقحوا ضد الكواير فسيوضعون تحت الحجر الصحي مده خمسه ايام بعد وصولهم التطعيم ضد الكوليرا القدس في ٢٩ ت ا - لمراسل فلسطين الخاص كانت كميه مفاصل لو في من الكولير قد نقد لدي دايره الصحه المركزيه ، وقد كميه استحضرت اليوم من تختبر الحكومي جديد…							
1947-10-30	falastin	falastin19471030-01.1.2	cholera	الكوليرا	other:Damascus	Damascus		y		…يله لرييس وتحدث الي حاكم اللواء عن ضروره صرف لهمه المخصصه للبلديه - اتمت د ثره الصحه تطعيم جميع موظفي الحكومه ورجال البوليس والسجناء بالمصل الوافي من الكوليرا توجه لي قريه العبيديه وفد من اهالي سماح و علي راسه رييس واعضای مجلس حد اعضاء منظمه الشباب ومدير مكتب لعلی فرع الخليل السيارات لذي قدم الباصات لنقل لو…							
1947-10-30	falastin	falastin19471030-01.1.2	cholera	الكوليرا	paragraph			y		…عامه في الاسوق والمطاعم، وقدر شو اقساما عد بده نابلس من الشوارع بحلول «د. د.ت اقامت د ثره الصحه بتطهير المياه عاده الكلور الاضافه الي حمله التطعيم ضد الكوليرا ، وقد بلغ مجموع لذين طعموا حتي مساء امس ٥٦٨٥ شخصا ويشرف علي هذه الاجراءات طبيب الصحه لدكتور صعي مين زار حاكم لواء القدس والسيد مترا مروم قايمقام قضاء…	0	0	0	open			no register cases either side
1947-10-30	falastin	falastin19471030-01.1.2	cholera	الكوليرا	page					…جمعيه مار منصور تفتتح قايمه التبرعات ارسلت الينا جمعيه مار منصور بيانا مبلغ خمسه جنيهات افتتحت قايمه تبرعات لمنكوني ضحايا الكوليرا في الفطر المصري الشقيق وان جريده فلسطين ليسرها ان تتقبل هذه التبرعات لاخواننا المنكوبين في القطر الشقيق وان تشرع في نشر قوايم كرام المتبرعين وان تستحث الهمم والعواطف النبيله في صدور الفلسطينيين ليجودوا بسخاء لضحايا الكوليرا . وسنقدم المبالغ المتجمعه الي سعاده قنصل المملكه المصريه العام ليتولي ايصالها الي المراجع المختصه وتوزيعها علي المنكو بين هناك وما نظن الا ان الفلسطي…							
1947-10-30	falastin	falastin19471030-01.1.4	cholera	والكوليرا	page					…الباصات العربيه - السفر الي مصر والكوليرا ل…							
1947-10-30	falastin	falastin19471030-01.1.4	cholera	الكوليرا	page			y		…صحفيه المهيجه التي تنشر في الصحف الاجنبيه ! س - هل تنوي الحكومه منع حركه السفر بين مصر و فلسطين بحر ا ورا وجوا وقطع اي اتصال نصر وذلك بسبب خطوره وباء الكوليرا في مصر ؟ ج ان السلطات الطبيه تفكر في اتخاذ مثل هذه الاجراء اذا دعت الحاجه لذلك . اما في الوقت الحاضر فانها لا تشعر بان هناك قايده يمكن جنيها من وراء …							
1947-10-30	falastin	falastin19471030-01.1.4	cholera	الكوليرا	page			y		…يها اخف من غيرها في الاماكن المصابه ادلي الدكتور ندا مدير فرع الحجر الصحي في مصلحه الطيران المدني يحديث الي جريده « الحور نال ديجبت ) قال فيه ان وناء الكوليرا سيختفي في عشرين او ثلاثين يوما علي الاكثر وتقول رساله وردت من فينا اليوم ان البروفيسور رويتر مدير دايره الصحه النمساويه قد اقترح ارسال عشره اطباء عساو بين الي مصر لمكافحه الكوليرا فيها و يقوم البروفيسور رويتر الان بجوله تفتيشيه في مقاطعتي کار نتنيا واستيريا النمساويتين التاكد ان جميع الاحتياطات قد اتخذت لمنع تسرب من وباء الكواي…							
1947-10-30	falastin	falastin19471030-01.1.4	cholera	الكوليرا	page			y		… في فرنسا وجاء في تقرير ورد من باريس اليوم ان موظفي الجمارك والموانيء ومكافحه حرق في ميناءي تاليه ود نكرك الفرنسيين الشماليين قد مرو بالتطعيم ضد وباء الكوليرا، وما يذكر في عده اصابات بهذا الوباء حدثت في ميناءي كاليه ودنكرك عام ۱۹۳۲ ۰…							
1947-10-31	falastin	falastin19471031-01.1.2	cholera	والكوليرا	page			y		…ون وتوضع كاليل الزهور علي قبر الهندي محمول. وقد عهد لي المستر بولوك حاكم اللواء توزيع البطاقات علي الدين يرغبون في حضور هذ لاحتل. الجنود الانكليز عصر والكوليرا - لندن. ماستر امانويل شنول مرح وزير الحربيه في مجلس العموم البريطاني انه بحري النظر في حتمال تطعيم جميم الجنود البريطانيين في مصر بالمصل الواقي من الكولير د رءي ان هذا لاحراء لوقايي ضروري الاحتياط ضد الكوليرا بلبنان بيرون في ٣٠ ت ا - لمرسل مسطين - الخاص كانت قد وصلت الي مطار بيروت طايره من مطار اللد تقل نعمانيه اشخاص رسلوا الي المحجر الصحي و اجريت للطايره …							
1947-10-31	falastin	falastin19471031-01.1.2	cholera	الكوليرا	page			y		…راجيه عدم السماح بسفر اي كر مصري الي ابنان جوا خوفا من انتقال ر وباء التكو ابر ، ١٢٠ الفا كل اسبوع فهم في سلطات الصحه في فلسطين تدقمح بالمصل لو في من الكوليرا ما بين ١٠٠٠، ١٢٠ الفا من سكان فلسطين كل اسبوع باخره لشحن كريب فروت حيه في ٣٠ - ١ - لمر سل فلسطين الخاص وصلت اليوم الاخره ( برجسون وستشحر ٤٨ الف صندوق…							
1947-10-31	falastin	falastin19471031-01.1.2	cholera	الكوليرا	other:Jerusalem	Jerusalem		y		…وم دايره الصحه المركزيه القدس بتطعيم حوالي ۲۰۰ شخص من لموظفين و الراغبين في السفر الي الخارج وبدك يكون عدد الاشخاص الذين جري تطعيمهم بالمصل الواقي من الكوليرا حتي اليوم حولي ٢٥٠٠ شخص جتمع اليوم مفتشو الزراعه في لواءالقدس في مكتبض بط زراعه اللواء وبحثها في مساله توزيع البذار والقروض للمزارعين ومسايل اخري . و…							
1947-10-31	falastin	falastin19471031-01.1.2	cholera	الكوليرا	paragraph		y	y		…م في القدس ونايبه وتفقدا مستشفي الحكومه وزارا هم الدكتور اتيم مدير مستشفي الحكومه دايره الكرنتينا وتفقد ا حركه تطعيم القادمين من مصر بالمصل الواقي من الكوليرا وعلمنا ان كل قادم من مصر يجب ان يبقي في الكرنتينه مده اربع وعشرين ساعه حيث يجري فحصه و بعدها يسمح له بالخروج من هناك وفهم انه لم يشتبه بايه اصابه بالكوليرا حتي الان ويجري في كل اسبوع تطعيم حوالي خمسه لاف شخص من للموظفين وافراد البوليس والمسافرين وبلغ عدد الذين طعموا الي الان حوالي اربعه عشر الف شخص وفهم …	0	0	0	open			no register cases either side
1947-11-02	falastin	falastin19471102-01.1.2	cholera	الكوليرا	page			y		…قداس مناسبه الكوليرا يقيم صاحب الياقه الخبر الخليل الانبا ياكووس مطران لاقباط الارثوذكس الفسطين والشرق لادي قداسا حفريا صباح لاحد ( اليوم ( بكنيسه البطريركيه القبطيه يافا يبتهل فيه لي الله ان يرفع الوباء عن شعب مصر اليونان والكوليرا في مصر اعلنت القنصليه اليونانيه العامه بالقدس رسميا من الحكومه اليونانيه قد حظرن علي جميع السفن والطايرات القادمه من مصر من عمر بالار في اليونانيه اب…							
1947-11-02	falastin	falastin19471102-01.1.2	cholera	الكوليرا	page			y		… يوم ٣٠ منه . و ينطبق هذا علم ايضا علي جميع السفر والطايرات الاجنبيه التي تكون قبل وصولها في اليونان قد هفت و رسبت في لارسي المصريه وذلك : لقاء المرض الكوليرا التطعيم ضد وباء الكوليرا كان عدد الاشخاص الذين تم تطعيمهم في ا دايره الصحه بياها ضد وباء الكوليرا يوم من مايه شخص و بذلك يصبح عدد من ثم تطعيمهم = في يافا ۲۲۰۰ شخص مجلس اداره شركه السينما عقدت الجمعيه العموميه الشركه السينما يانا الفلسطينيه امس اجت…							
1947-11-02	falastin	falastin19471102-01.1.2	cholera	الكوليرا	page					… ان يتبرعوا مما تجود به نفوسهم لدرء خطر هذا المرض عن الشعب المصري علي ان تودع حميع التبرعات في بنك الامه العربيه او البنك العربي في غزه باسم ( مكافحه الكوليرا في مصر » النرسل جميع المبالغ بعد جمعها الي سعاده قنصل المملكه المصريه في القدس كي يتولي ارسالها الي جمعيه الهلال الاحمر في القاهره لاستعمالها في مكافحه الكوليرا . والله في عون العبد مادام العبد محمد او رمضان في عون اخيه . رييس جمعيه الهلال الاحمر الخيريه غزه…							
1947-11-04	falastin	falastin19471104-01.1.2	cholera	الكوليرا	page			y		…غزه في ٣ ت ۲ - لمراسل فلسطين الخاصي تجاوز عدد الذين طعمتهم دايره الصحه من اللواء بالمصل الواقي من وباء الكوليرا شخص وقد صرح رييس البلديه ورييس اطباء اللواء في الاجتماع الصحي الذي عقد امس في مدرسه هاشم بن عبد مناف وحضره مساعد مفتش العارف ومعلمو ومدراء للدارس الاميريه والاهليه بان الوفيات بين اطفال هذا المراء تتجاوز ٥٠ بالمايه في كل عام وقال رييس الاطباء الن وباء الكوليرا لا يصل الي الجسم الا عن طريق الفم وقال رييس البلديه انا…							
1947-11-04	falastin	falastin19471104-01.1.2	cholera	كوليرا	paragraph			y		… الي الباخره اوسكار كوين و ينتظر ان تنتهي تعبيتها غدا ، وتصل غدا كذلك الباخره كارميديا ارسك لشحن ٩٠ الف صندوق من الاثمار الحمضيه الي بلاد الانكليز لا كوليرا في شرق الاردن -- القدس في ٣ ٢٥- لمراسل فلسطين - الخاص جاءنا من القنصليه الاردنيه الهاشميه العامه انها تنفي نفيا باتا ما نشر في الصحف عن وقوع اصابات بالكوليرا في شرق الاردن و ان الحاله الصحيه فيها بفضل جهود الحكومه الاردنيه علي احسن ما يرام وان تطعيم الاهالي من قبل دواير الصحه ماهو الا من قبيل الاختياط سفر …	0	0	0	absent			no-register-coverage
1947-11-04	falastin	falastin19471104-01.1.2	cholera	الكوليرا	window			y		…نا وقد انكر للتهم التهمه المسنده اليه وقضت المحكمه بسجنه لمده . سنتين عقد المجلس البلدي جلسه له اليوم و نظر حيفا في الاحتياطات الواجب اتخاذها ضد وباء الكوليرا وكث كتاب حاتم اللواء ورييس الاطباء اللذين يقترحان اقفال الانار و موارد المياه الخاصه ان كونها معرضه للتلوث و الجاد صنابير ها و تبين ان هذه العمليه مت…	0	0	0	absent			no-register-coverage
1947-11-04	falastin	falastin19471104-01.1.2	cholera	الكوليرا	paragraph			y		…دد لمده خمس سنوات بدون فايده زار وفد من عصبه التحرر الوطني - بعض اعضاء البلديه العرب وتحدثوا اليهم عن ضروره البدء في اتخاذ الاحتياطات الكافيه ضد وباء الكوليرا وقدم الوفد عده اقتراحات وسيزور الوفد غدا دايره الصحه الهذه الغايه يقوم وفد عن الجمعيتين الاسلاميه والمسيحيه غدا - الاربعاء - بزياره حاكم اللواء ومدير…	0	0	0	absent			no-register-coverage
1947-11-04	falastin	falastin19471104-01.1.2	cholera	الكوليرا	page					…الاحتياطات ضد الكوليرا…							
1947-11-04	falastin	falastin19471104-01.1.2	cholera	الكوليرا	dateline	Haifa				…حيفا في ٣ ت ٢ - لمو اصل فلسطين الخاص - تواصل دايره الصحه اتخاذ الاحتياطات المكافحه الكوليرا ويجري حجز جيم القادمين من مصر في الكورتتينا لمده ٢٤ ساعه قبل السماح لهم بدخول البلاد تعيين حاكمين جديد بن للصلح عينت الحكومه مءخرا حاكي صلح جديدين هم…	0	0	0	absent			no-register-coverage
1947-11-05	falastin	falastin19471105-01.1.2	cholera	الكوليرا	page			y		… التاليه : . ان احسن بلفور وارد بيقن ليس في ايديهما منم او منح الاستقلال للشعب اليهودي فان اي شعب لا ينال استقلاله الا الخاصه ) . بعثه فلسطين لمكافحه الكوليرا القاهره في ٤ ٢.٥- لمراسل : فلسطين الخاص - ابدي الدكتور حسين وصفي عضو البعثه الفلسطينيه لمكافحه الكوليرا رغبه في العوده الي فلسطين ، وقد نوه معالي وزير الصحه بشكره للدكتور وصفي علي ما اسداه من الخدمات في سبيل مكافحه الوباء موظف عصر حول استقاله القاهره في…							
1947-11-05	falastin	falastin19471105-01.1.2	cholera	كوليرا	page			y		…نمساقد اصدرت او امر مشدده هم بزياده المراقبه علي الحدود: النمسويه هم لمانيا وايطاليا في المنطقه الفرنسيه لمنم حركه تهريب اليهود من النيسا . ۱۰۰ اصابه كوليرا باليونان ? ? تقول «ها يوكر» في ملحقها امس ان من الراديو الالماني الواقديم تحت الرقابه الروسيه اذاع صباح امس نبا وقوع ١٠٠ ا اصابه بالكوليز في اليونان …							
1947-11-05	falastin	falastin19471105-01.1.2	cholera	الكوليرا	page			y		…اجراءات الوقايه من وباء الكوليرا في فلسطين…							
1947-11-05	falastin	falastin19471105-01.1.2	cholera	بالكوليرا	window					…حيفا - لمندوب فلسطين الخاص لم تقم والله الحمد ايه صابه بالكوليرا في فلسطين بفضل الاحتياطات الشديده التي الخدتها دواير الصحه في البلاد ومن الاجراءات التي اتبعتها الدواير المذكوره نقل جميع المسافرين القادمين من القطر…	0	0	0	absent			no-register-coverage
1947-11-05	falastin	falastin19471105-01.1.2	cholera	الكوليرا	paragraph					…طريق هكا و يقم علي شاطيء البحر وقد بلغ عدد المسافرين الدين دخله اهد للحجر منذ ظهور الوفاء في مصر ٨٣٤ شخص لم يكن بينهم اي شخص اشتبه الاطباء باصابته ما الكوليرا و يدخل المحجر المذكور كل يوم عدد من الله فرين يتراوح بين ٤٠ و ٥ مسافرا بين نساء ورجال من مختلف الجنسيات ويترتب علي المسافر ان يقضي مده اقلها ٢٤ ساعه …	0	0	0	absent			no-register-coverage
1947-11-05	falastin	falastin19471105-01.1.2	cholera	الكوليرا	page					…منع زول المسافرين في ايران بسبب الكوليرا…							
1947-11-05	falastin	falastin19471105-01.1.2	cholera	الكوليرا	page			y		…جاء امس في بيان صحفي ان دايره الطيران المدي في ايران قد صدرت تعليمات عناسبه انتشار وباء الكوليرا في مصر ا والباكستان و هند تمنم بموجبها ان ينزل في الارضي الايرانيه اي را کب و املاح طايره قادمه الي ايران من مصر والباكستان و هند و فلسطين ولبنان وسو…							
1947-11-05	falastin	falastin19471105-01.1.2	cholera	الكوليرا	page			y		…بحيازتهم شهادات تطعيم ضد الكوليرا ، کا تحظر النزول في ايران علي ركاب الطايرات الماره بطريق التر: نسيت في مصر وفلسطين والباكستان و هند و افغانستان ولو كان بحيازتهم شهادات تطعيم ضد الكوليرا و لكنها تسمح بالنزول في ايران لركاب الطايرات بشار بن بطريق الترانسيت بلبنان وسوريا وشرق لاردن والعراق…							
1947-11-07	falastin	falastin19471107-01.1.2	cholera	الكوليرا	other:Jerusalem	Jerusalem		y		…ه في توزيع لا يصالات والدعايه لهذا المشروع الوطي كا من مختاري للمدينه والقري المجاوره يقومول بجهود مشكوره لانجاح هذه الحمله و تعميمها التطعيم ضد وباء الكوليرا بلغ عدد تلوظفين و لاشخاص يرغبون في السفر الي الخارج و الدمن - القدس في ٦ ت ٢ - نظر اصل مستنظین الخاص جري تلقيحهم في دايره الصحه بمركزيه حتي نهايه شهر تشرين الاول للاضي ٥٩١٣ ش كما جري تقيم ٨ ٤٩ الجرعه الاولي ما المخرجه الثانيه . وسيفتحون في الوقت نشاء یان جری لمس تطعيم ۸۰ شخصا ضد وباء الكوليرا في دايره الصحه بيانا و عنهم من تلو فلان والمسافرين او العايدين من مصر وقد بلغ مجموع الذين تم تطعيمهم حتي مس ٢٥٨٠ شخصا التعميم قبل دخول سوريا القدس في…							
1947-11-07	falastin	falastin19471107-01.1.2	cholera	الكوليرا	other:Jerusalem	Jerusalem		y		…يرتحنون في الخوال سوريا ان بيور و شهاده تثبت تلقيحهم ضد وفاء الكونير : تكور مدتها سبعه ايام قادني حد. وذكر البرقيه انه ليس هناك بعد غرامات للوقايه من الكوليرا قضت محكمه بلديه تل ابيب بقر امات تتر نوح بين ۵۰۰ مل و ۱۰ جنيهات ضدد عدد من الاهالي اتهموا بارتكاب مخالفات صحيه ، وذلك عملا بالاجراءات للشدده التي تتخدها البلديه اللوقايه من الكوليرا ضباط بريطان في سوريا دمشق في ٦ - وا. ع - سمعت الحكومه السوريه العدد كبير من الضباط الذين قدمو مع حامله الطايرات البريطانيه وشن و حدي المدمرات بزياره دمشق جد ثل تاكدت انهم لم يمروا بميناء موجوه بالكوليرا فطافوا علي الاماكن الاثريه ونقلوا واجعين الي بيروت يرفضون السكني وراء الاسلاك : حيفا في ٦ - ٢ - لمراسل فلسطين الخاص - فهم ان بعض اليهود الذين خير تهم…							
1947-11-07	falastin	falastin19471107-01.1.2	cholera	الكوليرا	page					…عصاره بعد الاصحاء تحتل جراثيم الكوليرا…							
1947-11-07	falastin	falastin19471107-01.1.2	cholera	الكوليرا	paragraph			y		…القي الدكتور كريكوريان نايب مدير الخدمات الطبيه امس الاول حديثا في نادي لروتاري بالقدس اعلن فيه عن الخطوات التي اتخذتها حكومه فلسطين لمنع ترب وباء الكوليرا الي فلسطين و لاجراءات التي يجري اعدادها لمعالجه الوباء فيها لو وصل ، وقال ال خلال وباء الكوليرا قد غزا مصر مصر مر المايه سنه الاخيره ومن بين الخطوات التي اتخذتها الحكومه رش ماده (د.د.ت) في جميع القري الواقعه جنوي طريق القدس ياقا و الفحص البكتر ب…	0	0	0	absent			no-register-coverage
1947-11-07	falastin	falastin19471107-01.1.2	cholera	الكوليرا	page			y		…الرسميه يجب مضاعفتها مرتين او ثلاث مرات لاخذ صوره حقيقيه عن اوقف ، ولهذا فانه يعتقد ان عدد الوفيات من الكوليرا في مصر لا يقل عن ٣٠ الفا من بين ١٢٠ الف شخص اصيبوا بها. وصرح الدكتور انه قد ثبت لا الاشخاص اللذين يشقون من مرض الكوليرا يستطيعون نشر هذا المرض لمده عده اشهر بعد شفايهم ولهذا يكون من الضروري جدا مواصله فرض اشد الاجراءات الوقاييه لمده اشهر عديده بعد خمود الوباء وانتهي ال…							
1947-11-07	falastin	falastin19471107-01.1.2	cholera	الكوليرا	page			y		…، وذلك الان عصاره معد الاصحاء تقتل جميم جراثيم الكولير الي الظروف العاديه . وقال ان اكل الطعام المطبوخ ببطء ومضغه جيدا له نفس تاثير التطعيم بالمصل ضد الكوليرا…							
1947-11-09	falastin	falastin19471109-01.1.2	cholera	الكوليرا	paragraph					…ايا الحربين الاولي والثانيه في مقبره الجيش بجوار محطه السكه الحديد وقد دعي رييس واعضاء المجلس البلدي وعدد من الوجهاء والموظف من الحضورها عن تكذيب نبا الكوليرا القدس في ٢٨ - لمر اصل فلسطين الخاص جاءنا من القنصليه العامه للمملكه العربيه السعوديه البيان التالي: داعت محطه الشرق الادني الاذاعه العربيه - مساء يوم…	0	0	0	absent			no-register-coverage
1947-11-09	falastin	falastin19471109-01.1.2	cholera	الكوليرا	paragraph			y		…ربيه السعوديه. البعثه الطبيه العراقيه لمصر بغداد في ٨ - و . ا . ع - ينتظر ان تغادر البعثه الطبيه العراقيه الثانيه بعدد الي القاهره الاشتراك في مكافحه الكوليرا وهو خمسه اطباء وعدد من الموظفين الصحيين وخمسه عشر ممرضا. ونافهوم انه سيبد قريبا تنقيح سكان الالويه الجنوبيه بالمصل الواقي من الكوليرا ون مقادير اللقاح للوفوره الان في العرق كافيه لتطعيم جميع ا السكان . البعثات الجديده الغاء جميع القدر في ٢٨ - لمراسل فلسطين الخاص كانت الحكومه قد اصدر…	0	0	0	absent			no-register-coverage
1947-11-11	falastin	falastin19471111-01.1.2	cholera	الكوليرا	paragraph			y		…مه فيها وستجري تسفير هم باشراف منظمه اللاجيين الدوليه و يرجح ان يسافروا من طريق ميناء جيها وليس عن طريق مصر كما كان في السابق وقد طعموا جميعا ضد وباء الكوليرا. ونلفهوم في ساير اللاجيين البولونيين في فلسطين سيرحلون عنها في خلال الاشهر القليله . القادمه…	0	0	0	absent			no-register-coverage
1947-11-12	falastin	falastin19471112-01.1.2	cholera	الكوليرا	paragraph			y		…عبر فلسطين لاي شخص مهما كانت جنسيته الا اذا كان حايزا علي شهاده تطعيم ضد الكو ايرا لا يكون تاريخها اقل من ٠٦ ايام ولا اكثر من شهر واحد التبرع لمنكوني الكوليرا بمصر غزه في ١١ت ۲ - لمراسل فلسطين الخاص - باشرت اللجنه التي تا افت بناء علي نداب رييس مءسسه الهلال الخيريه بغزه السيد محمد ابو رمضان جمع التبرعات لمنكوبي الكوليرا في القطر المصري الشقيق واقبل اهل السير علي التبرع لها بسخاء حول « نخاله ، منكوبي الجفاف 1? غزه في ٢٠١١ - لمراسل فلسطين الخاص - جاء نا من احد اعضاء ال…	0	0	0	absent			no-register-coverage
1947-11-14	falastin	falastin19471114-01.1.4	cholera	الكوليرا	page			y		…وباء الكوليرا وتصرف دايره الصحه كتاب الاتحاد النسايي الي السكرتير العام…							
1947-11-14	falastin	falastin19471114-01.1.4	cholera	الكوليرا	page			y		…دكتور استر مدير الخدمات الصحيه ونايبه وممثل عن الفا دلتومي ومركز شتر اوس قد عقد في ٣-١١-٤٧ وانه قد . يحث في هذا الاجتماع التدابير الملايمه لتسرب وياء الكوليرا الي هذه البلاد وان الدكتور استر قصد اوضح ما اتخذ من اجراءات في اكر الدخول لتم دخول هذا الوباء وتسربه قالا تحاد النسايي العربي الفلسطيني بدوره ي الحكم…							
1947-11-15	falastin	falastin19471115-01.1.2	cholera	الكوليرا	page			y		…له ملتقي لحركه النقل الجوي بين وروبا و افريقيا والشرق الاوسط ، وقد سيل عما ذا كان مطار اللد قد سد الفرغ الدي احدثه تحول الطرق الجويه عن مصر بسبب وباء الكوليرا ، فقال ان الخدمه في مطار اللد ليست كما . ان تكون فقد فشل )…							
1947-11-15	falastin	falastin19471115-01.1.2	cholera	الكوليرا	page					… ول كورنياك من نوعه كونياك دوق دي فرنس : لا عهد لاخواننا العرب به مستخرج DUC UIT•DE•PRAKTIJ FRANCE من النبيذ العتق الصافي الخالي من فلو والمضره. هدو (الكوليرا) و خصم عليكروبات للعيد GENEVRE جنيفر و اول مشروب صحي ممتاز يعطي الجسم .. مناعه ضد ساير الامراض و تكسب شار به الصحه والنشوه والنشاط اطلبوا هذه الاصناف…							
1947-11-16	falastin	falastin19471116-01.1.2	cholera	الكوليرا	dateline	Haifa				…هودي لمحكمه مركزيه حيفا ايضا وعدد من الموظفين اليهود في دايره اجراء حيف او ستعرض نتيجه هذه القابله علي النقابه في اجتماعه الملقبل احتياطات اليونان ضد الكوليرا جاء في بيان صحفي امس ان وزاره الصحه في اثينا قد صرحت بان جميع القادمين من تركيا وايران والعراق وسوريا وفلسطين وشرق الاردن والمملكه العربيه السعوديه و…	0	0	0	absent			no-register-coverage
1947-11-16	falastin	falastin19471116-01.1.2	cholera	الكوليرا	dateline	Haifa		y		…نصلي واختياطات ... في موزامبيق جاء في بيان صحفي امس ان السلطات المحليه في لورانس ماركس في موزامبيق قد اصدرت او امر بانه يجب ان تكون شهادات التطعيم ضد الكوليرا بحيازه بحاره وركاب جميع السفن الواصله الي لورانس ماركس من مواني مصر وناملكه العربيه السعوديه والخليج الفارسي علي ان يكون قد مضي علي تاريخ هذه الشهادا…	0	0	0	absent			no-register-coverage
1947-11-16	falastin	falastin19471116-01.1.2	cholera	الكوليرا	other:Jerusalem	Jerusalem				… اسماء التجار الذير يتعاملون في تجاره الخطيه الزجاج وكتابا اخر من دايره البرق والبريد ذكرت فيه ان الخدمات البريديه قد توقفت بين فلسطين و بلغاريا بسبب الكوليرا في مصر وكتابا من مءسسه اقتصاديه يسيلان طلبت فيه معرفه اسماء مستوردي الشاي والعطاره وللطاط لتعيين وكلاء لها…							
1947-11-16	falastin	falastin19471116-01.1.2	typhoid	تيفوييد	paragraph		y	y		… الحاديه عشره - من ليله امس النار علي فءاد محمديه وعمره ١٥ سنه فاصيب بجرح في كتفه ونقل الي مستشفي الحكوماءوقعت اصابه دفتريا الطفل في بلد الشيخ واصابه تيفوييد في قريه قطاره فنقل المصابان الي مستشفي الحكومه…	11	1	2	absent			no-register-coverage
1947-11-16	falastin	falastin19471116-01.1.2	diphtheria	دفتريا	paragraph		y	y		…ل خيريه عديده. اطلقي مجهول الساعه الحاديه عشره - من ليله امس النار علي فءاد محمديه وعمره ١٥ سنه فاصيب بجرح في كتفه ونقل الي مستشفي الحكوماءوقعت اصابه دفتريا الطفل في بلد الشيخ واصابه تيفوييد في قريه قطاره فنقل المصابان الي مستشفي الحكومه…	23	1	6	absent	1947-09-15(peak 22/30d)	62	no-register-coverage
1947-11-16	falastin	falastin19471116-01.1.2	cholera	الكوليرا	page					…يتجول طبيب الصحه والمفتشان بومياعلي قري القضاء جانين الاهالي علي اتباع انظمه الصحه ويطعمونهم ضد الكوليرا ا تعددت جو ادث السرقات في هذا الاسبوع فقد سطا اللصوص مساء امس علي منزل مقبل السكر از واستولوا علي قمشه…							
1947-11-20	falastin	falastin19471120-01.1.2	cholera	الكوليرا	window			y		…المراصل فلسطين الخاص - اذاع سعاده لواء احمد ناشه باشارييس نادي العلميه ندء يستحث في الشباب علي نصره فلسطين والدفاع عن عروبتها بشتي الوسايل التطعيم ضد الكوليرا بحيفا حيفا في ٢٠١٩ - لمراسل فلسطين الخاص جاها من دايره الصحه البيان التالي : تبدا عمليه التطعيم الاجماعي مجانا ضد الكوليرا اعتبارا من يوم الاثنين ٢٤ تشرين الثاني الجاري يوميا من الساعه التاسعه صباحا حتي الراحه بعد الظهر في لمراكز الثلاثه الاتيه: 1 - العياده الخارجيه المست…	0	0	0	absent			no-register-coverage
1947-11-20	falastin	falastin19471120-01.1.2	plague	بالطاعون	window			y		…تعهدو بتقديم كشف باسماء الاشخاص الذين قامو في تعليمهم من تاريخ التنظيم .. والطبيب انا يته في مبلغا لا يزيد عن ٢٥٠ ملا الابره الواحده. حيفا غير موبوءه بالطاعون القاهره في ١٩ - ٢ - لمر اصل فلسطين الخاص - اكتشف للكتب الصحي العريق مصلحه الحجر الصحي بالاسكندريه في اثناء ق محسن التقارير الوارده من فلسطين عن الحرف ان في حيفا علي السلطات الصحيه هناك وجدت ٢٤ فارا مصابا بالطاعون. منذ شهر فاذاع المكتب في جميع انحاء العالم برقيات قال فيها ان حيفا موبوءه بالطاعون وقد تلقي المكتب مءخر احتجاجا من حكومه فلسطين علي هذا الام لان الطاعون لم يظهر بين الادميين طلب الالكتر تفصيلات وافيه حول الوضوع من حكومه فلسطين وفي الوقت نفسه اتخذت السلطات الصمجيه المصريه الاحتياطات الصحيه نحو للمصريه …	0	0	0	absent			no-register-coverage
1947-11-21	falastin	falastin19471121-01.1.2	smallpox	الجدري	page			y		…التلقيح ضد الجدري بالعراق…							
1947-11-21	falastin	falastin19471121-01.1.2	smallpox	الجدري	page			y		…حاء من بند دانه نظر الظهور بعض الاصابات عرض الخدري في بلده الكاظميه العراقي تقدر وجوب عليهم افراد الشرطه و الجيش وطلبه الدرس ضد مرض الجدري و نتوقم دو ثر الصحه العراقيه القضاء علي هذا…							
1947-11-21	falastin	falastin19471121-01.1.2	cholera	للكوليرا	window		y	y		…حيه في ٣٠ ٣- لمر اصل فلسطين الخاص | خذت دايره الصحه في القدس ترسل في كل سبوع الي مستشفي الحكومه حيفا ٥٠ الف جزءا من المصل الضاد للكوليرا تمهيد لتطعيم المجمور وهذه الكميه تكفي لتطعيم ٣٣ الف شخص و ينتظر ان يجري تطعيم سكان الدينه حلال ٤٥ يوما وهناك مشروع قرض تقدمت به البلديه المحكومه وقيم…	0	0	0	absent			no-register-coverage
1947-11-21	falastin	falastin19471121-01.1.2	plague	طاعون	page					…لفقر ، و عدت دايره الصحه كميه من ال د. (دت) لاجل تطهير الاحياء بها حين الحاجه وقدما انا دره الصحه عما ذا كانت هناك صابات او اشتباه ناصافات كو ايرا او طاعون دفت انبا او قوع شيء من ذلك…							
1947-11-22	falastin	falastin19471122-01.1.2	cholera	الكوليرا	paragraph					…عالي جنيه كما اعرب عطوه علمي باشا عن استعداده المتبرع قررت دايره الخدمات الاجتماعيه المباشره باطعام الطلبه الفقراء مجانا بدات البلديه اعمالها لمكافحه الكوليرا - برش الاسواق محلول ال «د.د.ت)…	0	0	0	absent			no-register-coverage
1947-11-23	falastin	falastin19471123-01.1.2	cholera	الكوليرا	other:Jerusalem	Jerusalem		y		…التطعيم عند وباء الكوليرا غزه في ٢٢-٢- لمراسل فلسطين الخص تجاوز عدد لا تخص لدي المصل…							
1947-11-23	falastin	falastin19471123-01.1.2	cholera	الكوليرا	other:Jerusalem	Jerusalem				…لو اقي من وفاء الكوليرا من سكان هذا الثواء الخمسين الف شخص هذا الخواء…							
1947-11-25	falastin	falastin19471125-01.1.2	cholera	الكوليرا	other:Jerusalem	Jerusalem		y		…يين ٤٠٠ هو الي البولونيين يبلغ عدد افراده . شخص الي انكلترا وقد جري تسفير هم باشراف منظمه اللاجيين الدوليه عن طريق ميناء حيفا وقد طعموا جميعا ضد وباء الكوليرا واتصل بنا ان ساير اللاجيين البولو نيين في فلسطين سيغادرونها قبل منتصف الشهر المقبل…							
1947-11-26	falastin	falastin19471126-01.1.2	cholera	الكوليرا	window					…ع اشراف الهييه العليا او من يمثنها علي اصدار هذه الشهادات و تعمل الهييه الان الارسال تعميم بذلك الي من يهمه الامر بفلسطين والخارج بعثه فلسطين لمكافحه الكوليرا حيفا في ٢٥ ت ۲ - لمراسل فلسطين وصل اليوم من القاهره الدكتور- الخاص. يوسف عبد الله حداد احد ر حال البعثه الطبيه التي اوقدتها الجمعيه الطبيه العربيه بعينها المكافحه الكوليرا في مصر بعد ان قضي في عمله هناك حوالي الشهر ونصف الشهر . كما عادت الانسه الي داري التي رافقت البعثه وعملت معها…	0	0	0	absent			no-register-coverage
1947-11-26	falastin	falastin19471126-01.1.2	cholera	الكوليرا	window		y	y		…التطعيم ضد الكوليرا بحيفا حيفا في ٢٥ ٢٥ - لمراسل فلسطين الخاص باشر مستشفي الحكومه تطعيم الاهالي بالمصل الواقي . من الكوليرا ، كما باشر الاطباء العرب تطعيم الجمهور في عياداتهم الخاصه حيث وزعت دايره الصحه كميه من هذا المصل عليهم…	0	0	0	absent			no-register-coverage
1947-11-27	falastin	falastin19471127-01.1.4	cholera	الكوليرا	other:Beirut	Beirut	y	y		…يكون الطقس اليوم - الخميس - نايما جزييا بصفه عامه ، مع اشتداد ارباح الجنوبيه الغربيه. ويطرا علي درجه الحراره تغير بسيط تطعيم الجمهور ضد الكوليرا جاء امس في بيان صحفي از د اثر دالصحه العامه تعلن باقي التطعيم ضد الكوليرا ميسور الان للجمهور مجانا بين الساعه التاسعه صباحا و الرابعه بعد الظهر من كل يوم في المراكثر التاليه بحيفا ( ١ ) مستشفي الحكومه ( ٢ ) مركز الشقون الاج…							
1947-11-28	falastin	falastin19471128-01.1.2	plague	بالطاعون	window			y		…ل بان يلتزموا جانب الحذر طریق خانيونس - رفع جاء في نشره للبوليس ان قسما من طريق د يونس سرفح لا يزال غير صالح الالمرور لسيارات ذات الاربع عجلات اشتباه بالطاعون فقط حيفا في ٢٧ ٠ ٢- لمراسل فلسطين الخاص شر امس ال اصابه بالطاعون قد ظهرت علي احد الموظفين اليهود في المحكمه وقد تبين ان التحقيق الصحي لم يءكدانها بالطاعون بعد العثور علي مخدرات جاء في نصره البوليس ان البوليس قام في الثالثه من صباح امس الاول بتفتيش منزل في قريه ميسان قضاء غه المطرب حشيش وزنها كيلوغر: ماد…	0	0	0	absent			no-register-coverage
1947-11-28	falastin	falastin19471128-01.1.2	cholera	الكوليرا	window		y	y		…ضروره التطعيم ضد الكوليرا حيفا في ٢٧ : ٢- لمراسل فلسطين الخاصر يبلغ عدد الذين يقبلون علي التطعيم ضد الكوليرا كل يوم حوالي خمسمايه شخص وقد يحدثنا الي الدكتور تيم مدير مستشفي الحكومه فقال انه ينصح الجميع بضروره الاقبال علي التطعيم في هذه الفرصه لمواتيه لان مرض الكوليرا وان خفت وطاته في مصر لسطين لان هذا الممرمر ر انه عرضه المظهور في فلسطين لان هذا الممر عده اشهر قبل ان يتلاشي.…	0	0	0	absent			no-register-coverage
1947-11-30	falastin	falastin19471130-01.1.4	cholera	الكوليرا	page					…مصر تلغي الاجراءات المتخذه لانتشار الكوليرا…							
1947-12-11	falastin	falastin19471211-01.1.3	typhoid	بالتيفوييد	page			y		… شخاص. اما مواليد قضاء بانا فكانت ١٤٦ مولودا وعدد الوفيات في القضاء ٣٢ وفاه الامراض الساريه في شهر وقعت في يافا خلال شهر تشرين الثاني الماضي ٦ اصابات بالتيفوييد و ۳ اصابات بالتيفوس واصابه واحده بالطاعول وقد تولي الذي اصيب بها…							
1947-12-11	falastin	falastin19471211-01.1.3	typhus	بالتيفوس	page			y		… بانا فكانت ١٤٦ مولودا وعدد الوفيات في القضاء ٣٢ وفاه الامراض الساريه في شهر وقعت في يافا خلال شهر تشرين الثاني الماضي ٦ اصابات بالتيفوييد و ۳ اصابات بالتيفوس واصابه واحده بالطاعول وقد تولي الذي اصيب بها…							
1947-12-11	falastin	falastin19471211-01.1.4	typhus	بالتيفوس	page					…اسبوع المنتهي في اليوم السادس من هذا الشهر ان الامراض الساريه والمعديه في فلسطين المقدم وفقا للمعاهده الصحيه الدوليه انه قد وقعت فيها اصابتان احداهما بالتيفوس والاخري بالتهاب السحايا الدمافيه…							
1947-12-13	falastin	falastin19471213-01.1.4	cholera	الكوليرا	page					…بعد انتهاء مرض الكوليرا في مصر وكيل مدير الصحه العام منشور علي المستعفيات والمراكز الصحيه يخبرهم فيه الي مده الخمسه الايام التي يقضيها المسافر في المحاجر الصحيه قد خفضت الي …							
1947-12-14	falastin	falastin19471214-01.1.4	cholera	الكوليرا	page			y		…كميه من لقاح الكوليرا للمملكه السعوديه…							
1947-12-14	falastin	falastin19471214-01.1.4	cholera	الكوليرا	page			y		…وصفت الي جده في ١٣- و ... ع. جده مقادير كبيره من لقاح الكوليرا تبلم مليونا و نصف مليون كهديه من حكومه الصين |…							
1947-12-20	falastin	falastin19471220-01.1.3	smallpox	وجديري	page					…ا لا نعرف سوي هذين الاثنين فقد قبض علينا الاول اثناء تهريب بعض الويسكي وحكم الثاني بتغريمنا ولم تعد حيلنا في الافلات منهما فمعرفنا انهما موظفين اكفاء وجديرين بمنصبيهما ! ولكن الله علم ... من القضايا الطريفه التي عرضت اخيرا علي المحاكم الاميركيه ان طفلا في الثالثه من عمره اطلق الرصاص علي امه وابيه ولولا ست…							
1947-12-21	falastin	falastin19471221-01.1.1	cholera	الكوليرا	page					…الكوليرا في سوريا…							
1947-12-21	falastin	falastin19471221-01.1.1	cholera	الكوليرا	other:Damascus	Damascus		y		…جمهوريه والوزراء والسكان جميعا منع الدخول والخروج في محافظه دمشق دمشق في ٢٠ ك ١ - لمراسل فلسطين الخاص - بالتلفون - ظهرت في بعض قري حوران اصابات بوباء الكوليرا ، وامتدت الي قري اخري ، وظهرت بعض الاصابات داشته بهالي قري مجاوره لدمشق، وقد اهتمت الحكومه اهتماما با النا بهذا الامر وعقد اجتماع في القصر الجمهوري ل…							
1947-12-21	falastin	falastin19471221-01.1.1	cholera	الكوليرا	other:Damascus	Damascus		y		…صحي الاعلي مساء اليوم السبت وقرر ضرب النطاق الصحي علي قربتي المحجه والفنيه في حوران و قربتي کر سوسه والقدم و اجراء تلقيح عام للسكان بالمتاح الواقي من الكوليرا علي ان يبدا من دمشق الي الجنوب حتي حدود فلسطين ومنع الدخول الي محافظه دمشق من حوران والخروج من محافظه دمشق الي ساير الانحاء الا ان يحمل شهاده تلقيح م…							
1947-12-23	falastin	falastin19471223-01.1.1	cholera	الكوليرا	other:Damascus	Damascus		y		…۱۰ اصابات ار اسل فلسطين - دمشق في ٢٢ ك ١ الخاص - لا تز الي الحكومه السوريه ماضيه في بذل اقصي جهدها لمكافحه الكوليرا والعمل علي حصر هذا الداء في المناطق التي ظهر فيها و اذاعت مديريه الصحه بعد ظهر امس بلانا…							
1947-12-23	falastin	falastin19471223-01.1.1	cholera	الكوليرا	other:Damascus	Damascus		y		…جاء فيه انه لم تحدث اصابات جديده في الكوليرا في الاربع والعشرين ساعه المنتهيه بصباح الحادي والعشرين من هذا الشهر و وقعت ثلاث وفيات من الاصابات السبعه السابقه التي حدثت الي قريتي المحجه والقنيه ا…							
1947-12-23	falastin	falastin19471223-01.1.1	cholera	الكوليرا	other:Damascus	Damascus		y		…عشرين ساعه المنتهيه في صباح يوم الاثنين ( اليوم 1 و نفي البلاغ وقوع اصابات في دمشق من العراق واصدرت مديريه الصحه العامه في العراق بيانا حول ظهور وباء الكوليرا بقري حوران في سوريا جاء فيه انه تقرر : اولا - قطع الواصلات الجويه مع سوريا و لبنان وشرق الاردن وفلسطين و منم مرور الطايرات من هذه البلدان او لماره به…							
1947-12-23	falastin	falastin19471223-01.1.2	cholera	الكوليرا	dateline	Haifa		y		…ويا كبيرا قد محم الانفجارهما عصابه الارغون تعترف اعترفت عصابه الارجون مس با ما هي التي طبقت النار علي الضابطين البريطانيين في القدس ! التطعيم ضد وباء الكوليرا گر اصل فلسطين - حيفا في ٢٢ ك ١ الخاص عن سبه ظهور الكوليرا في سوريا توجه كثيرون اليوم الي دايره الصحه طالبين تطعيمهم بالمصل الواقي حمضياتنا في انكلترا…	0	1	0	absent			no-register-coverage
1947-12-24	falastin	falastin19471224-01.1.1	cholera	الكوليرا	page			y		…لا اصابات الكوليرا في سورنا…							
1947-12-24	falastin	falastin19471224-01.1.1	cholera	بالكوليرا	other:Jerusalem	Jerusalem				"…تفيد انه لم تقم ايسه ""صابه جديده بالكوليرا وان جميع التدابير اللازمه قد تحدث اعدم…"							
1947-12-24	falastin	falastin19471224-01.1.2	cholera	الكوليرا	other:Ramallah	Ramallah				…الكوليرا لا تعرقل…							
1947-12-24	falastin	falastin19471224-01.1.2	cholera	الكوليرا	page			y		…دمشق في ١٢٣ لمراسل فلسطين الخاص - لان انا درد دور السيد جميل مردم بك رييس الوزراء بالنفي علي سءال وجه اليه عما اذا كان وباء الكوليرا يعرقل المجهود العربي في سبيل الدفاع عن فلسطين والوكاله مبسو « مبسوطه » ! ويقول ناطق بلسان الوكاله اليهوديه ان تعزيز التدابير المضاده للكوليرا في فلسطين من شانها ان. تعرقل حركات قوات العرب غير النظاميه التي تتسرب الي فلسطين من البلاد المجاوره !…							
1947-12-24	falastin	falastin19471224-01.1.4	cholera	الكوليرا	page			y		…بسبب انباء وباء الكوليرا في سوريا ! 9…							
1947-12-24	falastin	falastin19471224-01.1.4	cholera	الكوليرا	page			y		…اعتبرت الصحف اليهوديه ما قيل عن ظهور وباء الكوليرا في سوريا انه جاء الصاليح اليهود ونشرت تلك الصحف انباء الضخمه عن املها في ( ان تحول الكوليرافقي سوريا دون دخول للمقاتلين العرب الي فلسطين وصرح الناطق بلسان الوكاله اليهوديه معربا عن امله بقوله :…							
1947-12-24	falastin	falastin19471224-01.1.4	cholera	الكوليرا	page					…ولعل الحكومه في مكافحتها دخول | الكوليرا الي فلسطين تستطيم الام الي عليه دخول العرب الذين يريدون اثاره الاضطرابات فلسطين - اقرا تصريح دوله السيد جميل مردم بك رييس الوزاره السوريه في .. مكان …							
1947-12-25	falastin	falastin19471225-01.1.1	cholera	الكوليرا	page					…الي سوريا ولبنان وتسهيل ايواء اللاجيين منهم واعتقال اليهود الذين قديندسون بينهم قصد دخول البلدين خلسه القرارات السريه ولم تحل مكافحه الكوليرا في سوريا دون اهتمام الحكومه السوريه بانقاذ فلسطين ، فلقد عقد امس في وزاره الخارجيه اجتماع راسه دوله جميل مردم بك رييس الوزراء، حضره بعض القاده العرب …							
1947-12-25	falastin	falastin19471225-01.1.2	cholera	الكوليرا	page			y		…تقول البرقيات اليهوديه ان احد كبار موظفي وزاره الصحه المصريه صرح مجيدا علي سءال وجه اليه حول ظهور وباء الكوليرا في سوريا فقال : لا شك في ان هذه حرب میکروبات يشنها الصهيونيون لوضع سد بينهم وبين الحركه الوطنيه العربيه 11 )…							
1947-12-25	falastin	falastin19471225-01.1.2	cholera	الكوليرا	page			y		…مت السيد عبد ممثلا محميه اصلاح القريه العربيه في لو هنا بس اعلنت دايره الصحه انه لا علي السفر ما الي لبنان الا اذا كانت لدي طالب السفر شهاده تطعيم ضد الكوليرا و الدايره علي استعداد لتطعيم الاهالي لتسهيل سفرهم قدمت لجنه الاسعاف الحاليه طولكرم التابعه اللجنه القوميه طلبا الي البلديه لمنم وجود المصطات والباعه …							
1947-12-25	falastin	falastin19471225-01.1.4	cholera	الكوليرا	page					…- حراسه الطرق- الكوليرا بسوريا- واجبات الصحفيين…							
1947-12-25	falastin	falastin19471225-01.1.4	cholera	الكوليرا	page			y		…يسود البلاد سلام نسبي. وشرح | واجبات الصحافه تجاد سرد الحوادث من جهه تعليقاتها عليها و تناول مساله ظهور اصابات الكوليرا…							
1947-12-27	falastin	falastin19471227-01.1.4	cholera	الكوليرا	page					…الكوليرا في سوريا…							
1947-12-27	falastin	falastin19471227-01.1.4	cholera	بالكوليرا	page		y	y		…ت في سوريا خلال الاربع والعشرين ساعه التهيه عماء اليو. اصابتان اکسیدتان الكو اير! واصابه ثالثه مشتبه بها وجميعها الي الجنوب من دمشق ولم نقم ايه اصابه بالكوليرا حتي الان في دمشق نفسها تشييع مناضل في بيسان لمراسل فلسطين - بيسان في ٢٦ ك ١ . الخاص- توفي في المستشفي : الفرنسي في الناصره صباح امس ناضل فلرخوم يوسف …							
1947-12-28	falastin	falastin19471228-01.1.1	cholera	الكوليرا	page					…جباتهم وقد خرجوا في موكب من المدينه ملاء القلوب امنا واطمينانا 1 و تقول «حداشوت) معرض الصفحه ان ميات المتطوعين العرب من سوريا ولبنان يتسللون رغم قيود الكوليرا الي فلسطين…							
1947-12-28	falastin	falastin19471228-01.1.2	smallpox	الجدري	page			y		…و امع - قررت السلطات البنانيه تطعيم جيم سكان لبنان في خلال عشر من المينا التعليم وجيم الدول من يوما بالمصل الواقي من الكولير وكدلك نالملقاح الواقي من الجدري والطاعون لادمي بعثه طبيه عراقيه لليمن بغداد في ٢٧ و ١ ع - قررت الحكومه العراقيه ايفاد جشمه طبيه مءلفه من طبيبين وقابله العمل في اليمن ايدن يزور العرا…							
1947-12-28	falastin	falastin19471228-01.1.2	plague	والطاعون	page			y		… قررت السلطات البنانيه تطعيم جيم سكان لبنان في خلال عشر من المينا التعليم وجيم الدول من يوما بالمصل الواقي من الكولير وكدلك نالملقاح الواقي من الجدري والطاعون لادمي بعثه طبيه عراقيه لليمن بغداد في ٢٧ و ١ ع - قررت الحكومه العراقيه ايفاد جشمه طبيه مءلفه من طبيبين وقابله العمل في اليمن ايدن يزور العراق وايران…							
1947-12-30	falastin	falastin19471230-01.1.1	cholera	الكوليرا	page					…! للهرب !! ... باع بيته واعد جواز سفره بغداد في ٢٩ ر القت السلطات العراقيه اليوم القبض علي دحل اشتبه فيه بابه كان يحاول وضع انابيب تحتوي علي ميكروبات الكوليرا في جدول ماء في الرمادي بالقرب من قاعده صلاح الجو الملكي البريطاني في الحدانيه وقيل ان انابيب اخري مختلفه الاحجام وجدت في بيته وارسلت الي بغداد لفحصها…							
1947-12-30	falastin	falastin19471230-01.1.4	cholera	الكوليرا	page					…الكوليرا في سوريا…							
1947-12-30	falastin	falastin19471230-01.1.4	cholera	بالكوليرا	page			y		…دمشق في ۲۹ - و . ا . ع - يقول بلاغ وزاره الصحه السوريه الي اصابتين جديدتين بالكوليرا وقعتا في الاربع والمصر بن ساعه للمنتهيه صباح اليوم في احدي قري حوران ولم تحدث وفيات في اي مكان من انحاء البلاد التدابير الوقاييه التي اتخذت اليوم بعد…							
1947-12-30	falastin	falastin19471230-01.1.4	smallpox	والجدري	page					…طار العربيه مها تطلب المشروع من جهود و نفقات واعلن اليوم في بيروت انه سيشرع اعتبارا من صباح جميع عند تقيم فيم سكان العاصمه البنانيه ضد ومافي الكولير، والجدري وقد وصلت من والعراق كميات من الاصل الواقي من مصر الجدري تلبيه لطلب الحكومه اللبنانيه v…							
1947-12-30	falastin	falastin19471230-01.1.4	cholera	الكوليرا	page					…قيود علي الدخول الي فلسطين بسبب الكوليرا…							
1948-01-01	falastin	falastin19480101-01.1.2	cholera	الكوليرا	other:Beirut	Beirut		y		…يانا سيباشر قريبا تحليل دماء للمتطوعين انديه وجمعيات المدينه لاعداد مختلف من قايمه باسمايهم والرجوع اليها لاسعاف ناصا بين في حاله الطواريء التطعيم ضد الكوليرا و اصنت دايره الصحه ديانا تطعيم السكان ضد وباء الكوليرا وخصوصا المسافرين الي سوريا و لبنان والخارج كيف تسترد قروض الحمضيات : جو اصل مجلس الحضيت في الوقت الحاضر اتصالاته هم حكومه فلسطين وحكومه لندن شال قروض…							
1948-01-03	falastin	falastin19480103-01.1.2	cholera	كوليرا	page			y		"…هييه العربيه العليا كتابا الي ""هالي سكنه كل الريش بيانا تشكر هم فيه علي موفقهم الثابت في وجه الصهيونيين ورد اعتداء اتهم التي يقومون بها علي السكنه لا كوليرا في سوريا دمشق في ٢٢ - لمر اصل فلسطين الخاص ذكر بلاغ وزاره الصحه و الاسعاف السوريه الصادر اليوم في دمشق انه لم تقم ايه اصابه او وفاه بالكوليرا في جميع انحاء سوريا خلال الساعات الارج والمصرين المنتهيه صباح اليوم الجمعه المطالبه بحراسه ميناء يافا ارسلت جمعيه البحاره العرب بيانا مذكره الي المند…"							
1948-01-03	falastin	falastin19480103-01.1.4	cholera	الكوليرا	page					…د في ٢ - وداع - صرح الاستاذ درويش الحيدري مدير الزراعه العام في العراق بانه قد تاجل مءتر مكافحه الجراد الدول الشرق الاوسط الي اوايل شباط القادم لظهور الكوليرا في سوريا بعد ان كان مرهما عقده في ٣ الحالي…							
1948-01-04	falastin	falastin19480104-01.1.1	cholera	الكوليرا	page			y		…الكوليرا مره اخري في مصر ! | اصابه ايجابيه و ٣ مشتبه بها بالقصر العيني…							
1948-01-04	falastin	falastin19480104-01.1.1	cholera	بالكوليرا	page			y		…م مع عدم وقوع اصابات جديده بالكوليرا في سوريا وتوقع اعلان نظافه البلاد من الوباء قريبا…							
1948-01-04	falastin	falastin19480104-01.1.2	cholera	الكوليرا	other:Jerusalem	Jerusalem		y		…الكوليرا والسفر الي سوريا ال القدس في ٣ ك ٢ - لمراسل فلسطين - الخاص. ا بلغتها القنصليه السوريه العامه ان نتيجه القضاء علي وباء الكوليرا في القطر الشقيق فقد اصبحت تكتفي بان يبرز الراغبون في السفر الي سوريا شهاده تطعيم ضد الكوليرا واما شهاده فحص البراز فلا ضروره ها…							
1948-01-06	falastin	falastin19480106-01.1.2	cholera	بالكوليرا	other:Beirut	Beirut		y		…٦ ا اصابات بالكوليرا في سوريا خلال ايام…							
1948-01-06	falastin	falastin19480106-01.1.2	cholera	بالكوليرا	page			y		…دمشق فيه - وامع - لم نقم اصابات | بالكوليرا خلال الاريم والعشرين الساعه المنتهيه صباح اليوم فانقضت بذلك سته ايام دون ظهور اصابات ، وقد اعلمت للمفوضيه التركيه في دمشق |…							
1948-01-07	falastin	falastin19480107-01.1.2	cholera	بالكوليرا	paragraph			y		…نظافه سوريا من الكونيرا لندن في ٦ - و . ا . ع لم تحدث في سوريا ايه اصابه بالكوليرا خلال الاربيع والبشر بن ساعه المنتهيه صباح اليوم ، وسافر اعضاء البعثه الطبيه الامريكيه الي بيروت اليوم ، وصرح احد اعضايها الي وكاله الانباء العربيه با…	0	1	0	open			register admitting, no surge
1948-01-13	falastin	falastin19480113-01.1.3	cholera	الكوليرا	page					…سوريا نظيفه من الكوليرا…							
1948-01-13	falastin	falastin19480113-01.1.3	smallpox	الجدري	page			y		…را قاربت نهايتها في جميع المناطق وقد لا ينقضي الاسبوع القادم حتي تطن نظافه البلاد رسميا من هذا الوباء . وان التدابير اللازمه تتخذ لاجراء تلقيح عام ضد الجدري…							
1948-01-13	falastin	falastin19480113-01.1.3	cholera	بالكوليرا	page			y		…دمشق في ١٢ - و.ا.ع - لم تسجل اصابات جديده بالكوليرا في سوريا . وقد صرح الدكتور احمد قدري السكرتير العام الوزاره الصحه بان عمليات تلقيح السكان ضد الكوليرا قاربت نهايتها في جميع المناطق وقد لا ينقضي الاسبوع القادم حتي تطن نظافه البلاد رسميا من هذا الوباء . وان التدابير اللازمه تتخذ لاجراء تلقيح عام ضد ال…							
1948-01-17	falastin	falastin19480117-01.1.1	cholera	الكوليرا	other:Damascus	Damascus		y		…دمشق في ١٦ ك ٢ - او اسل فلسطين الخاص - تصدر الحكومه السوريه غدا بيانا تعلن فيه خلو سوريا من وباء الكوليرا…							
1948-01-20	falastin	falastin19480120-01.1.4	smallpox	الجدري	page			y		…القاهره في ١٩ - وامع - استقبل دوله النقراشي باشا امس وزير لبنان المفوض الذي رقم شكر لبنان لمصر علي المساعده التي قدمتها لمكافحه الجدري القاهره موبوءه بالكوليرا القاهره في ١٩ - و . امع - لم تكن القاهره من للدن للصريه الق اعلات اللجنه العليا للكوليرا خلوها من الوباء ، فقد نظافه مدل الا…							
1948-01-20	falastin	falastin19480120-01.1.4	cholera	بالكوليرا	page			y		…القاهره في ١٩ - وامع - استقبل دوله النقراشي باشا امس وزير لبنان المفوض الذي رقم شكر لبنان لمصر علي المساعده التي قدمتها لمكافحه الجدري القاهره موبوءه بالكوليرا القاهره في ١٩ - و . امع - لم تكن القاهره من للدن للصريه الق اعلات اللجنه العليا للكوليرا خلوها من الوباء ، فقد نظافه مدل الاسكندريه وبورسعيد والسويس وكذلك منطقه مصر العليا.…							
1948-01-21	falastin	falastin19480121-01.1.2	cholera	الكوليرا	other:Damascus	Damascus		y		…سوريا تستانف مواصلاتها دمشق في ٢٠ ك ٢ - و مامع. استونقت للو اصلات الجويه بين سورياو والهند وايران وتركيا بعد علي وباء الكوليرا.…							
1948-01-28	falastin	falastin19480128-01.1.1	smallpox	بالجدري	page			y		…اصابات بالجدري في يافا وجوب المبادره الي التطعيم ضد الوباء…							
1948-01-28	falastin	falastin19480128-01.1.1	smallpox	بالجدري	page		y	y		…وقعت اربع اصابات بالجدري مءخرا في حي العجمي بيانا وقد ادخل المصابون الي مستشفي الكرنتينا المعالجه وقد قامت دايره الصحه بتطعيم وظفي الدواير الرسميه وطلاب المدارس وطلب الينا ان…							
1948-01-28	falastin	falastin19480128-01.1.4	influenza	والانفلونزا	page					…طه P306 وقايه ب والانفلونزا والتهاب الزو يتحتم علي كل فرد ان يتخذ كل وسايل الحمايه ضد المرض لهذا الشتاء وابسط هذه الوسايل تهي الغرغره باسيرك كلما تعرضت للبرد وبكذا تا من الامانه…							
1948-01-29	falastin	falastin19480129-01.1.2	smallpox	الجدري	page			y		… لا يوالون يطالبون بالاسراع في اعاده فتح المحطه وتسيير القطارات اليها كالعاده ولمل للمسءولين يجنون الي هذا الطلب العادل ويطلبونه في القريب التطعيم ضد الجدري بيافا قام الدكتور ايوب مساعد دايره الصحه في اللواء بالتطعيم ضد الجدري في دايره الصحه الوقايه من المرض وهو ما تحض الجميع عليه ا حتي لا يستفحل امر هذا الوباء في المدينه | امطار غزيره في يافا مطلنداق يافا وضواحيها ليله امس…							
1948-01-30	falastin	falastin19480130-01.1.2	smallpox	بالجدري	page			y		…اصابات بالجدري في لبنان بيروت في ٢٩ - و . ع حدثت اليوم…							
1948-01-30	falastin	falastin19480130-01.1.2	smallpox	بالجدري	page			y		…ثلاث اسابات بالجدري في المحافظات اللبنانيه ولم تقيم ايه اصابه في بيوت…							
1948-01-30	falastin	falastin19480130-01.1.2	smallpox	بالجدري	page					…و نصف جنيه سجل وقوع اصابتين بالجدري في انا في الاسبوع الاخير من الشهر الحالي اصدر جلاله ملك بريطانيا مرسوما يخول حكام لستمرات البريطانيه والندوب السامي لفلسطين الحق بان يمدوا اذا حتي شا…							
1948-01-30	falastin	falastin19480130-01.1.2	smallpox	الجدري	other:Tulkarm	Tulkarm		y		…وقمر السيدات زور المناضلين في جبهات يافا ودعوه اطباء المدينه لتطعيمهم ضد الجدري…							
1948-01-30	falastin	falastin19480130-01.1.2	smallpox	الجدري	page			y		…في يانا كي يزوروا الجهات المحيطه بالمدينه ويقومو بتطعيم المناضلين والعايلات التي تقوم علي خدمتهم ضد الجدري الذي ظهر مءخرا في يافا و يتفقدر الحاله الصحيه…							
1948-02-01	falastin	falastin19480201-01.1.2	cholera	الكوليرا	page					…كيا دمشق فی ۳۱ ۲ - و ه ا . ع - ابلغت الحكومه التركيه السلطات السوريه انه لا مانع لديها اعاده فتح الحدود بين البلدين الان بعد ان ثبت ان سوريا خاليه من الكوليرا…							
1948-02-03	falastin	falastin19480203-01.1.2	cholera	الكوليرا	other:Jerusalem	Jerusalem				…الكوليرا والسفر الي سوريا القدس في ٢ شباط - المراسل فلسطين الخاص جانا من القنصليه السوريه العامه ) انه ان يطلب من الاشخاص الي الجبين في السفر الي سوريا من الا…							
1948-02-03	falastin	falastin19480203-01.1.2	smallpox	الجدري	other:Jerusalem	Jerusalem		y		… الكوابير - وجاءنا من القنصليه العامه للممدكه الاردنيه الهاشميه بان علي جميع الاشخاص الذين يرغبون في السفر الي شرق الاردن ان يبرزوا شهادات التطعيم ضد الجدري المواليد والوفيات والجدري بيافا بلغ مجموع للمواليد في مدينه يافا خلال شهر | كانون الثاني الماضي ٣٦٥ مولودا وبلغ عدد الوفيات فيها خلال الشهر الماضي ١٤٥ وفاه اما مواليد قضاء يانا فقد بلغت خلال شهر كانون الثاني الماضي ١٣٤ مولودا والوفيات ١٤ وفاه وتبين ان اصابات الجدري الاربع التي ظهرت منذ مده في يانا كانت بين عايله واحده حضرت الي فلسطين من لبنان قبل ظهور الاصابات بين افرادها. وتقوم دايره الصحه بيانا بجهود مشكوره ضد…							
1948-02-03	falastin	falastin19480203-01.1.4	diphtheria	الخناق	page				y	…خاص - ارسل الاتحاد النسايي العربي الي فخامه لمندوب السامي بالبرقيه التاليه . دان الاتحاد النسايي العربي يحتج بكل التعطيل جريدني الشعب والاتحاد وتضييق الخناق علي الصحافه العربيه التي تدفع عن حق البلاد وما تنشره لا يعد شييا مذكورا امام ما تنشره الصحافه اليهوديه فانا تطلب من الحكومه الغاء القرار واعاده حريته…							
1948-02-04	falastin	falastin19480204-01.1.2	smallpox	الجدري	page		y	y		…التطعيم ضد الجدري والكوليرا لوحظ ان اقبال الجمهور بيانا علي التطعيم ضد الجدري كبير جدا وقد بلغ عدد من طعموا في مستوصف دايره الصحه فقط ٦٨٠٠ شخص عدا عن الالوف الذين طعموا بواسطه ) وحدات الصحه السبع المتنقله في انحاء المدينه وعدا عن موظفي الحكومه وطلاب وطالبات تلدارس . وقد علمنا ان صحه للمصابين الاربعه بالجدري في تحسن مستمر و ينتظر ان يغادروا مستشفي الكورنتينا قريبا بعد شفايهم ولهذه المناسبه تذكر ان الذين تم تطعيمهم ضد وباء الكوليرا من يانا بلغوا حتي الان ا…							
1948-02-04	falastin	falastin19480204-01.1.2	cholera	والكوليرا	page			y		…التطعيم ضد الجدري والكوليرا لوحظ ان اقبال الجمهور بيانا علي التطعيم ضد الجدري كبير جدا وقد بلغ عدد من طعموا في مستوصف دايره الصحه فقط ٦٨٠٠ شخص عدا عن الالوف الذين طعموا بواسطه )…							
1948-02-04	falastin	falastin19480204-01.1.2	cholera	الكوليرا	page		y	y		…ا ان صحه للمصابين الاربعه بالجدري في تحسن مستمر و ينتظر ان يغادروا مستشفي الكورنتينا قريبا بعد شفايهم ولهذه المناسبه تذكر ان الذين تم تطعيمهم ضد وباء الكوليرا من يانا بلغوا حتي الان اكثر من مصره الاف شخص.…							
1948-02-05	falastin	falastin19480205-01.1.2	smallpox	جدري	other:Damascus	Damascus				…الفرنسي واخذت اسعار الذهب في الهبوط الي مستواها السابق وبيعت الليره الذهبيه الانجليزيه بخمسين ايره سوريه بينما كانت باثنتين وخمسين في اليوم السابق لا جدري في لبنان…							
1948-02-05	falastin	falastin19480205-01.1.2	smallpox	بالجدري	other:Beirut	Beirut				…بيروت في 1 شباط - و . ا. ع - ثم تحدث صابات بالجدري في لبنان خلال اليومين الاخيرين…							
1948-02-06	falastin	falastin19480206-01.1.2	smallpox	بالجدري	page			y		…سجل خلال الاسبوع الاخير من الشهر الماضي ونوع اصابه بالجدري في يانا…							
1948-02-06	falastin	falastin19480206-01.1.2	smallpox	الجدري	page					…الاردنيه العامه السيد ميخاييل هسه انه يطلب الي جميع الذين ارسلوا جوازات سفرهم الي لقنصليه بالبريد الناشير عليها يتوجب عليهم ان شهادات تثبت تطعيبهم ضد الجدري…							
1948-02-08	falastin	falastin19480208-01.1.1	diphtheria	الخناق	other:Jerusalem	Jerusalem			y	…ليهود فعلهم الدينيه هذه والجنود البريطانيون يراسلون في الحي اليهودي فاصح وجود الجنود لا يقصد نه الاحمايه هءلاء المجرمين اذا ضيق عليهم المناضلون العرب الخناق وليس للمحافظه علي الامن كما تدعي السلطات ان هذه الجريمه لن تغتفر لهم ابدا…							
1948-02-08	falastin	falastin19480208-01.1.2	smallpox	الجدري	other:Jerusalem	Jerusalem		y		…لسفر الي شرق الاردن. القدس في ٧ شباط المراصل فلسطين الخاص بالاشاره الي ما ذكر حول ضروره تقديم الي الجبين بالسفر الي شرق الاردل شهادات تثبت تطعيمهم ضد الجدري من اجل حصولهم علي التاشيره اللازمه من القنصليه العامه فقد طلب الينا ان نذكر انه يجب ان تكون هذه الشهادات شهادات دوليه معترف بها…							
1948-02-08	falastin	falastin19480208-01.1.3	smallpox	الجدري	page			y		…واصله دايره السمعه في الايام الاخيره تطعيم الجمهور ضد مرض الجدري والكوليرا واعطاء شهادات من هذا التطعيم عقدت محكه مركزيه بانا امس جلسه من عرب نظرت فيها قضيه عبد سالم عبد الله . الرميلات للمتهم يسلب شخص اخر وحمل سلا…							
1948-02-08	falastin	falastin19480208-01.1.3	cholera	والكوليرا	page			y		…واصله دايره السمعه في الايام الاخيره تطعيم الجمهور ضد مرض الجدري والكوليرا واعطاء شهادات من هذا التطعيم عقدت محكه مركزيه بانا امس جلسه من عرب نظرت فيها قضيه عبد سالم عبد الله . الرميلات للمتهم يسلب شخص اخر وحمل سلاح صوره غير…							
1948-02-12	falastin	falastin19480212-01.1.2	cholera	الكوليرا	other:Cairo	Cairo		y		…نظافه مصر من الكوليرا - القاهره في ١١ شباط المراصل فلسطين الخاص -- اصدر معالي وزير الصحه قرارا وزاريا اعلن فيه زوال خطر انتقال عدوي الكوليرا من القطر المصري وبذلك يكون قد علي نظافه القطر من هذا الوباء طايره لبنانيه مفقوده…							
1948-02-13	falastin	falastin19480213-01.1.2	smallpox	بالجدري	page					…بالجدري في مافا !…							
1948-02-13	falastin	falastin19480213-01.1.2	smallpox	الجدري	page		y	y		…ظهرت اصابه جديده الجدري في محله الجباليه نيافا امس وقد سارعت دايره الصحه الي اتخاذ كافه الاحتياطات لمنع انتشار المرض بين المجاورين فنقلت المصاب الي مستشفي الكرنتينا وعزلته ل…							
1948-02-14	falastin	falastin19480214-01.1.4	diphtheria	الخناق	page				y	…الشفاء وهكذا تشاهد اليوم د ايلا قاطعا علي كذب مزاعم الحكومه بشان الحياد الذي تردده دوما مجنودها هم الدين يضيقون الخناق علي العرب ويصادرون منهم اسلحتهم الداعيه في الوقت الذي يخصون فيه الطرف عن المجرمين اليهود و افعالهم الدنييه لقد ضاق العرب ذرها بتصرفات الجيش المتحيزه …							
1948-02-15	falastin	falastin19480215-01.1.4	cholera	الكوليرا	window			y		… الحكومه الفرنسيه وقد واصل سفره الي القاهره حيث اجتمع بالسيد رياض الصلح و اعضاء الوفد البناي وتباحثو في تطورات ازمه النقد بين سوريا ولبنان خلو مصر من الكوليرا ... القدس في ١٤ شباط - المراسل فلسطين جاءنا من القنصليه العامه للمملكه- الخاص . ناصريه ما لي : اعلنت وزاره الصحه امس وسميا خلو القطر المصبري من وفاء الكوليرا وقد المخدت هذه الوزاره الاجراءات الكفيله بعدم عوده هذا الوباء علي حساب خيز الجايعين : حيفا في ١٤ شباط - مراصل فلسطين يشكو سكان قريه ام الزينات من - ا…	1	0	0	open			register admitting, no surge
1948-02-15	falastin	falastin19480215-01.1.4	diphtheria	الخناق	page				y	…بداوا في ( الخناق ! » | الامن ذلك ان بعض اعضاء اللجنه يري الاكتفاء ببيان الوقايع وبسط الخطر الذي يتهدد الامن في الشرق الاوسط و احتمال فشل مشروع التقسيم وترك الحريه لمج…							
1948-02-18	falastin	falastin19480218-01.1.2	cholera	والكوليرا	page					…فلسطين والكوليرا ! التحذير من تسريبها اليها :…							
1948-02-18	falastin	falastin19480218-01.1.2	cholera	الكوليرا	page			y		…القاهره في ١٧ هياط - لمراسل فلسطين الخاص - حذر سماده الدكتور خليل عبد الخالق بك في كلمه نشرها في جريده «الكتله) من انتقال ميكروب وباء الكوليرا الي فلسطين وقال ان حاله فلسطين علي وجه الخصوص تستدعي عنايه خاصه مما يحتم فحص جميع المتطوعين الذين يقصدونها اذ او تسرب حامل عدوي لا نتشر الوباء في الص…							
1948-02-21	falastin	falastin19480221-01.1.1	diphtheria	الخناق	dateline	Haifa			y	… المجرمه ووجدوا الي سته منازل عربيه في الجهه العربيه عي الحدود بين العرب واليهود قد احتلتها العصابات اليهوديه و حصنتها و نصبت فيها المداق شددوا عليها الخناق وخدو يمطرول المجرمين بوابل من النار والقنابل ومدافع الهاون و البرز و تقدمو امن تلك المنازل |…	2	1	1	open			register admitting, no surge
1948-02-21	falastin	falastin19480221-01.1.2	smallpox	بالجدري	other:Jerusalem	Jerusalem		y		…دد وذلك لان مامور الامن قد صرح بان هذه المنطقه امينه لا خطر عليها ، وكان الموظفون اليهود قد امتنعوا عنا الحضور منذ يوم ۱۲ کانون الاول الماضي ! اصابات بالجدري في العراق بغداد فی ۲۰ - و.ا.ع - صرح الدكتور عبد الله برصوم مدير الصحه العام بان اصافات الجدري ظهرت في سبعه من الويه الجنوب وقد عرضت رقابه صحيه دقيقه علي القادمين من هذه…							
1948-02-22	falastin	falastin19480222-01.1.1	smallpox	بالجدري	other:Jerusalem	Jerusalem		y		…اصابات بالجدري في بالجدري في العراق وفرض قيود صحيه…							
1948-02-22	falastin	falastin19480222-01.1.1	smallpox	الجدري	page			y		…بند دي ۲۱ - و . ا . ع - فرضت | مديريه الصحه العامه القيود الصحيه. علي سبعه من الويسه العراق الجنوبيه بمناسبه ظهور عده اصابات الجدري فيها . كما قررت اجراء…							
1948-02-25	falastin	falastin19480225-01.1.2	cholera	الكوليرا	dateline	Haifa		y		…من او تر عصر او فلسطين او سوريا او ابنان - دخول قبرص الا من مينايي در او سوره في غوستا و ليماسول او من مطار نيقوسيا و الا ذا كان يحمل شهادات تطعيم ضد الكوليرا حسب النموذج الدولي والا تعرض لاخضاعه الحجر الصحي مده خمسه ايام عن البنزين والكاز اعتبارا من اليوم يحصل مبلغ خيه ملات عن كل جالون بزين ومبلغ عشره ملات…	1	0	0	open			register admitting, no surge
1948-02-25	falastin	falastin19480225-01.1.2	influenza	زكام	page				y	…دير اسير والاقبال عليه: عظم مامون الدرقيه الي اجدد اتقدم اليكم بوافر الشكر علي مفعول ا كتب اليكم هذا الجابا وتقديرا لاقراص اسيرو لانه كان قد حصل هندي زكام . المجيبه ، وهو ان اعتراني مرض شديد بمناسبه البرد الشديد بالاسكندريه ولازمت اخذت قرص واحد من الاسيرو فزال القاضي الفراش مده اسبوع وبعد تجربه عده اقرا…							
1948-02-25	falastin	falastin19480225-01.1.4	smallpox	جدري	page					…جدري في اغنام سوريا…							
1948-02-25	falastin	falastin19480225-01.1.4	smallpox	الجدري	page			y		…حلب في ٢٤ - وداع - ظهر وبه الجدري في بعض قطعال الافتام الموجوده في ضواحي تدمر وقد اتخدت الحكومه السوريه الوسايل الضروريه لحصر الوباء…							
1948-03-04	falastin	falastin19480304-01.1.2	smallpox	جدري	other:Baghdad	Baghdad		y		…يادله قبل مساء السبت المقبل . وفي مقدمه هذه المطالب المحافظه علي تسعيره الادويه المستورده من الماليه السلام تصبح هذه الادويه عرضه لتحكم المستوردين لا جدري في العراق بغداد في ٣ و ١٠ . ع اعلن رسميا انه لم تحدث اصابات جديده بالجدري في العراق خلال الاسبوع الماضي ، وقد تبين ان مجموع الاصابات التي وقعت مساء ظهور الوباء تبلغ ١٦٠ اصابه و ١٦ وفات…							
1948-03-13	falastin	falastin19480313-01.1.1	diphtheria	الخناق	page				y	…فسهم ، وطوقوا المستعمره من جميع جهاتها واخذوا يقذفونها بالقنابل اليدويه ورصاص الاسلحه الاليه المختلفه نسف حصون المستعمره وضيق المناضلون علي المستعمره الخناق ، وتحت وابل من رصاص التغطيه تقدم عدد كبير منهم الي حصون المستعمره وراحوا يزرعون حولها الالغام ، التي لم تلبث ان انفجرت فازالت كثيرا منها وقد انسحب ال…							
1948-03-13	falastin	falastin19480313-01.1.2	typhoid	بالتيفوييد	page			y		…شهر شباط الماضي ست وقعت في يافا خلال اصابات بالتيفوييد واصابه واحده بالجدري افا…							
1948-03-13	falastin	falastin19480313-01.1.2	smallpox	بالجدري	page			y		…شهر شباط الماضي ست وقعت في يافا خلال اصابات بالتيفوييد واصابه واحده بالجدري افا…							
