n	id	date	publication	title	snippet
1	pls19481112-01.1.16	12 November 1948	pls	Page 16	"<div class=""txtsearchsnippet"">CO . <b class=""highlightcolor"">HAIFA</b></div>"
2	pls19480111-01.1.3	11 January 1948	pls	Page 3	"<div class=""txtsearchsnippet"">... * i \ 7 _&amp; 1 Commercial Liner from <b class=""highlightcolor"">HAIFA</b> on JANUARY 18 , direct to</div>"
3	pls19440326-01.1.3	26 March 1944	pls	Page 3	"<div class=""txtsearchsnippet"">... A regular bus service has been . opened between <b class=""highlightcolor"">Haifa</b> a . nd Yi- ¦ arot Hacarmel V : ...</div>"
4	pls19470914-01.1.3	14 September 1947	pls	Page 3	"<div class=""txtsearchsnippet"">... : &lt; _- _&gt; _»«&gt; , ; _ y <b class=""highlightcolor"">Haifa</b> -O a . t , 9 _C 6 ¦ ...</div>"
5	pls19461230-01.1.3	30 December 1946	pls	Page 3	"<div class=""txtsearchsnippet"">TEL <b class=""highlightcolor"">HAIFA</b> AVIV : ; ¦ V 1 . - ft ...</div>"
6	pls19460303-01.1.3	3 March 1946	pls	Page 3	"<div class=""txtsearchsnippet"">23 Her / 1 St ., <b class=""highlightcolor"">Haifa</b></div>"
7	pls19440817-01.1.3	17 August 1944	pls	Page 3	"<div class=""txtsearchsnippet"">... barrier at the Palmer s Gate railway crossing in <b class=""highlightcolor"">Haifa</b> on July 7 , T . S . Silverton ...</div>"
8	pls19460626-01.1.3	26 June 1946	pls	Page 3	"<div class=""txtsearchsnippet"">... ry Egged : Hammerahet , 386 koma Bldg . <b class=""highlightcolor"">HAIFA</b> : Katz</div>"
9	pls19470815-01.1.3	15 August 1947	pls	Page 3	"<div class=""txtsearchsnippet"">... 21 . J 31 . 9 33 : A <b class=""highlightcolor"">Haifa</b> 22 . 0 29 . 3 S 3 77 ...</div>"
10	pls19460122-01.1.3	22 January 1946	pls	Page 3	"<div class=""txtsearchsnippet""><b class=""highlightcolor"">HAIFA</b> .</div>"
11	pls19480202-01.1.2	2 February 1948	pls	Page 2	"<div class=""txtsearchsnippet""><b class=""highlightcolor"">HAIFA</b> , Sunday . — The villages oi Kabri and ...</div>"
12	pls19410831-01.1.3	31 August 1941	pls	Page 3	"<div class=""txtsearchsnippet"">... , THi . , t 2 Herzl St . <b class=""highlightcolor"">Haifa</b> <b class=""highlightcolor"">Haifa</b> . . 33 ig ig selection selection of ...</div>"
13	pls19450807-01.1.3	7 August 1945	pls	Page 3	"<div class=""txtsearchsnippet"">48 Herzl St ., <b class=""highlightcolor"">Haifa</b> , Tel . 4- _d-vl l he leadingCafe &amp; ...</div>"
14	pls19460225-01.1.3	25 February 1946	pls	Page 3	"<div class=""txtsearchsnippet"">for wc / 11 known _lfoliel in <b class=""highlightcolor"">Haifa</b></div>"
15	pls19441109-01.1.1	9 November 1944	pls	Page 1	"<div class=""txtsearchsnippet""><b class=""highlightcolor"">HAIFA</b> Opposite Entrance to CENTRAL POST OFFICE</div>"
16	pls19460911-01.1.3	11 September 1946	pls	Page 3	"<div class=""txtsearchsnippet"">€ 0 . T _^ Jestine ) T TD <b class=""highlightcolor"">Haifa</b> — _Jerusalem</div>"
17	pls19460819-01.1.3	19 August 1946	pls	Page 3	"<div class=""txtsearchsnippet"">... , Arel Ali Abdul , died * in Jaffa <b class=""highlightcolor"">Government Hospital</b> the following morning . Hassan Deeb Ahmed , ...</div>"
18	pls19480114-01.1.3	14 January 1948	pls	Page 3	"<div class=""txtsearchsnippet"">... unknown while walkpersons ing near the . Beit _Satfafa <b class=""highlightcolor"">Government Hospital</b> . The secona man , Mohammed Atta , ...</div>"
19	pls19460929-01.1.3	29 September 1946	pls	Page 3	"<div class=""txtsearchsnippet"">Tel Aviv Grevf SPLIT OF <b class=""highlightcolor"">HAIFA</b> 33 Citizens TRAFFIC _IISGED Hy Soldier Guests * Port ...</div>"
20	pls19421108-01.1.3	8 November 1942	pls	Page 3	"<div class=""txtsearchsnippet"">... when tih e - Sup ply Council to the <b class=""highlightcolor"">Haifa</b> Municipality met the Assistant Food Controller , Mr , ...</div>"
21	pls19470430-01.1.2	30 April 1947	pls	Page 2	"<div class=""txtsearchsnippet"">... ST SPOT ON MOUNT CARMEL Tel . 3319 — <b class=""highlightcolor"">Haifa</b></div>"
22	pls19420127-01.1.3	27 January 1942	pls	Page 3	"<div class=""txtsearchsnippet"">... Hafad 1 Hassan Ehsim in Stanton up St ., <b class=""highlightcolor"">Haifa</b> , on Thursday evening , and took LP 1 ...</div>"
23	pls19410321-01.1.2	21 March 1941	pls	Page 2	"<div class=""txtsearchsnippet"">BEST J &lt; PPOTNTED PLACE IN <b class=""highlightcolor"">HAIFA</b> BAR - CABARET — RESTAURANT</div>"
24	pls19460616-01.1.3	16 June 1946	pls	Page 3	"<div class=""txtsearchsnippet"">... It can also be seen at the Jerusalem and <b class=""highlightcolor"">Haifa</b> offices of The Palestine Post , The first Polish ...</div>"
25	pls19451111-01.1.3	11 November 1945	pls	Page 3	"<div class=""txtsearchsnippet"">... first 150 refugees of the 787 who arrived in <b class=""highlightcolor"">Haifa</b> aboard the Prince Kathleen on were released from Thursday ...</div>"
26	pls19470901-01.1.3	1 September 1947	pls	Page 3	"<div class=""txtsearchsnippet"">... ar . d Tiberias , ar : Jerusalem and <b class=""highlightcolor"">Haifa</b> . » » » Tiree persons were injured . ...</div>"
27	pls19450708-01.1.3	8 July 1945	pls	Page 3	"<div class=""txtsearchsnippet"">... OF IMMOVABLE PROPERTY . In the District Court of <b class=""highlightcolor"">Haifa</b> . Execution File No . 2114 / 3 2 ...</div>"
28	pls19480118-01.1.1	18 January 1948	pls	Page 1	"<div class=""txtsearchsnippet"">... _TdJyiS . Jf , Jerusalem . Zion Hotel , <b class=""highlightcolor"">Haifa</b> . Inquiries : Tclym / 3 . Herzl St ...</div>"
29	pls19431221-01.1.3	21 December 1943	pls	Page 3	"<div class=""txtsearchsnippet"">: Store Drug 45 , Herzl St . 45 <b class=""highlightcolor"">HAIFA</b></div>"
30	pls19460828-01.1.3	28 August 1946	pls	Page 3	"<div class=""txtsearchsnippet"">... killed by troop . s during a demonstration in <b class=""highlightcolor"">Haifa</b> a fortnight ago agninst ; he deportation of refugees ...</div>"
31	pls19461028-01.1.3	28 October 1946	pls	Page 3	"<div class=""txtsearchsnippet"">... l \ mm ? m _&lt; i _h Palestine <b class=""highlightcolor"">HAIFA</b> I MCA VERA</div>"
32	pls19410401-01.1.3	1 April 1941	pls	Page 3	"<div class=""txtsearchsnippet"">regular weekly _services Ha if a-Trans-Jordan leaving <b class=""highlightcolor"">Haifa</b> every</div>"
33	pls19471230-01.1.3	30 December 1947	pls	Page 3	"<div class=""txtsearchsnippet"">AT 8 PJM . ENTERTAINMENT LTD BAT GALIM , <b class=""highlightcolor"">HAIFA</b> — TEL . 3222</div>"
34	pls19471221-01.1.3	21 December 1947	pls	Page 3	"<div class=""txtsearchsnippet"">... * * Thirty-seven passengers dds _&gt; - ombarked at <b class=""highlightcolor"">Haifa</b> ! _rc : n tire _« s . _Rossya ...</div>"
35	pls19470402-01.1.3	2 April 1947	pls	Page 3	"<div class=""txtsearchsnippet"">... a scaffolding at the Or . a Cinema in <b class=""highlightcolor"">Haifa</b> yesterday , 17-year-old Arthur Boxer of Kiryat Haim , ...</div>"
36	pls19470818-01.1.3	18 August 1947	pls	Page 3	"<div class=""txtsearchsnippet"">... s morning are 218 immigrants from Belsen The Bergen <b class=""highlightcolor"">Haifa</b> _Engineering Works have riot , undertaken to do an ...</div>"
37	pls19440601-01.1.2	1 June 1944	pls	Page 2	"<div class=""txtsearchsnippet"">... I GARDEN BAR ; . : Tel . 4983 <b class=""highlightcolor"">Haifa</b> fi &gt; J IJ</div>"
38	pls19461027-01.1.3	27 October 1946	pls	Page 3	"<div class=""txtsearchsnippet"">... . Cana _ ai . it ] i 41 <b class=""highlightcolor"">Haifa</b> 25 . 1 77 * Beisan 32 , 8 ...</div>"
39	pls19460617-01.1.3	17 June 1946	pls	Page 3	"<div class=""txtsearchsnippet"">27 Herzl St ., <b class=""highlightcolor"">Haifa</b></div>"
40	pls19440227-01.1.3	27 February 1944	pls	Page 3	"<div class=""txtsearchsnippet"">... bo able to ive its g usual services in <b class=""highlightcolor"">Haifa</b> from tomorrow at its _nefw offices : 61 Kingsway ...</div>"
41	pls19441102-01.1.2	2 November 1944	pls	Page 2	"<div class=""txtsearchsnippet"">... with sails . Good fishing equipment . l : <b class=""highlightcolor"">Haifa</b> 1944 P . O . B . Appy , ...</div>"
42	pls19440903-01.1.3	3 September 1944	pls	Page 3	"<div class=""txtsearchsnippet""><b class=""highlightcolor"">Haifa</b> s largest Photo Shop</div>"
43	pls19440606-01.1.3	6 June 1944	pls	Page 3	"<div class=""txtsearchsnippet"">... by overland route via Turkey and the Lebanon in <b class=""highlightcolor"">Haifa</b> on Sunday An exhibition and bazaar in aid of ...</div>"
44	pls19460211-01.1.3	11 February 1946	pls	Page 3	"<div class=""txtsearchsnippet"">... . ) P . O . B . 768 <b class=""highlightcolor"">Haifa</b> .</div>"
45	pls19471022-01.1.4	22 October 1947	pls	Page 4	"<div class=""txtsearchsnippet"">... _J _^^ CE _^ Mary , , \ ! <b class=""highlightcolor"">Haifa</b> : 41 Kingsway , \ _^ _fv Tl _^ ...</div>"
46	pls19471217-01.1.3	17 December 1947	pls	Page 3	"<div class=""txtsearchsnippet""><b class=""highlightcolor"">HAIFA</b> TCFH is mm ftaganah Foils Plans Ganq</div>"
47	pls19460813-01.1.2	13 August 1946	pls	Page 2	"<div class=""txtsearchsnippet""><b class=""highlightcolor"">HAIFA</b> : ARMON Tomorrow at 9 . m . p</div>"
48	pls19410325-01.1.3	25 March 1941	pls	Page 3	"<div class=""txtsearchsnippet"">... -cle along the Jerusalemoad yesterday . He was taken <b class=""highlightcolor"">Government Hospital</b> in</div>"
49	pls19440908-01.1.2	8 September 1944	pls	Page 2	"<div class=""txtsearchsnippet"">PflVW u UUiii <b class=""highlightcolor"">HAIFA</b> TWO PIG D ! FFEf ? EWT FLOOR SHOWS ...</div>"
50	pls19420203-01.1.3	3 February 1942	pls	Page 3	"<div class=""txtsearchsnippet"">... and engineering innovations , the Hebrew _Tecniiaai institute at <b class=""highlightcolor"">Haifa</b> will offer some surprises for the annual Students Ball ...</div>"
51	pls19441229-01.1.3	29 December 1944	pls	Page 3	"<div class=""txtsearchsnippet"">BAT-GALIM , <b class=""highlightcolor"">HAIFA</b> , TEL . 3222 _&lt;• SATURDAY and SUNDAY TEA ...</div>"
52	pls19421006-01.1.3	6 October 1942	pls	Page 3	"<div class=""txtsearchsnippet"">... is planned by the Palestine Arab Labour Society of <b class=""highlightcolor"">Haifa</b> , The Palestine Post learns The Society represents a ...</div>"
53	pls19460913-01.1.3	13 September 1946	pls	Page 3	"<div class=""txtsearchsnippet"">SALOMON , LEVIN &amp; ELSTEIN _, LTD JERUSALEM , <b class=""highlightcolor"">HAIFA</b> , TE _» L AVIV</div>"
54	pls19440306-01.1.3	6 March 1944	pls	Page 3	"<div class=""txtsearchsnippet"">Tel Aviv , Jerusalem , <b class=""highlightcolor"">Haifa</b></div>"
55	pls19451028-01.1.3	28 October 1945	pls	Page 3	"<div class=""txtsearchsnippet"">18-20 . Herzl St ., <b class=""highlightcolor"">Haifa</b> Technical School Bldg</div>"
56	pls19430823-01.1.3	23 August 1943	pls	Page 3	"<div class=""txtsearchsnippet"">... PRAFF .. &amp; _:-Co . Ltd . _. , <b class=""highlightcolor"">Haifa</b> Bay - ¦¦ . jFIRE P _^ TCKS FACTORY ...</div>"
57	pls19441212-01.1.3	12 December 1944	pls	Page 3	"<div class=""txtsearchsnippet"">* * » The Income Tax Office at <b class=""highlightcolor"">Haifa</b> is moving to its new premises at 39 Sahyoun ...</div>"
58	pls19480206-01.1.3	6 February 1948	pls	Page 3	"<div class=""txtsearchsnippet""><b class=""highlightcolor"">HAIFA</b> : Pardess Bldg . Tel . 2138 &amp; 4809 ...</div>"
59	pls19450819-01.1.3	19 August 1945	pls	Page 3	"<div class=""txtsearchsnippet"">... yesterday . A sub-acute ice shortage was felt in <b class=""highlightcolor"">Haifa</b> during the weekend , for the first time this ...</div>"
60	pls19471010-01.1.3	10 October 1947	pls	Page 3	"<div class=""txtsearchsnippet"">... _stn io i * 04 . 0 , vi <b class=""highlightcolor"">Haifa</b> _IH . 4 iM . _ft 77 o _B-is-ifi ...</div>"
61	pls19420219-01.1.3	19 February 1942	pls	Page 3	"<div class=""txtsearchsnippet"">... _between the Acre crossroads and the Shell Bridge in <b class=""highlightcolor"">Haifa</b> , Oudeh Ahmed ( 40 ) of Yitmah village ...</div>"
62	pls19451127-01.1.2	27 November 1945	pls	Page 2	"<div class=""txtsearchsnippet"">Armon Theatre , <b class=""highlightcolor"">Haifa</b> . Thursday , Nov . 29 , 9 p ...</div>"
63	pls19460610-01.1.3	10 June 1946	pls	Page 3	"<div class=""txtsearchsnippet"">PALESTINE RUBBER &amp; PLASTIC INDUSTRIES LTD . <b class=""highlightcolor"">HAIFA</b></div>"
64	pls19410527-01.1.3	27 May 1941	pls	Page 3	"<div class=""txtsearchsnippet"">... it doirn JW . 40 _PALESTINIAN CADETS COMPLETE COURSE <b class=""highlightcolor"">HAIFA</b> , Sunday . — Forty casts , including 32 ...</div>"
65	pls19430126-01.1.3	26 January 1943	pls	Page 3	"<div class=""txtsearchsnippet"">... _Tvtew bus stop 1 * in Herzl Street , <b class=""highlightcolor"">Haifa</b> have _-. Iees : i : ribuled , greay ...</div>"
66	pls19440102-01.1.3	2 January 1944	pls	Page 3	"<div class=""txtsearchsnippet"">12 Nordau St . <b class=""highlightcolor"">HAIFA</b> Also UTILITY wear</div>"
67	pls19441208-01.1.2	8 December 1944	pls	Page 2	"<div class=""txtsearchsnippet"">11 Balfour St ., <b class=""highlightcolor"">Haifa</b> NIGHTLY the</div>"
68	pls19450816-01.1.3	16 August 1945	pls	Page 3	"<div class=""txtsearchsnippet"">SEA O , LIGHT IN <b class=""highlightcolor"">HAIFA</b> ON V-J NIGHT</div>"
69	pls19420226-01.1.3	26 February 1942	pls	Page 3	"<div class=""txtsearchsnippet""><b class=""highlightcolor"">Haifa</b> Office : 47 Kingsway , Tel . 2002</div>"
70	pls19470922-01.1.3	22 September 1947	pls	Page 3	"<div class=""txtsearchsnippet"">3 . ia Arlosoroft St , <b class=""highlightcolor"">Haifa</b></div>"
71	pls19440924-01.1.3	24 September 1944	pls	Page 3	"<div class=""txtsearchsnippet"">... from [ Balkan countries and from Yemen arrived in <b class=""highlightcolor"">Haifa</b> on Friday Some 11 , 000 visitors saw the ...</div>"
72	pls19460123-01.1.3	23 January 1946	pls	Page 3	"<div class=""txtsearchsnippet""><b class=""highlightcolor"">HAIFA</b> T 0 M 6 OT</div>"
73	pls19480423-01.1.1	23 April 1948	pls	Page 1	"<div class=""txtsearchsnippet"">_nhoury s Report On <b class=""highlightcolor"">Haifa</b> LAKE SUCCESS , Thursday — Toward the close of ...</div>"
74	pls19460729-01.1.3	29 July 1946	pls	Page 3	"<div class=""txtsearchsnippet"">... . v . * * * Seven of the <b class=""highlightcolor"">Haifa</b> detainees rounded up last Friday , who were taken ...</div>"
75	pls19471112-01.1.3	12 November 1947	pls	Page 3	"<div class=""txtsearchsnippet"">... Cana an 7 . 1 14 . 4 66 <b class=""highlightcolor"">Haifa</b> 12 . 6 1 ^ *¦ 7 &lt; i ...</div>"
76	pls19410818-01.1.3	18 August 1941	pls	Page 3	"<div class=""txtsearchsnippet"">... Hanna Kassemj _Yus-Tf in the New Business Centre of <b class=""highlightcolor"">Haifa</b> on Saturday</div>"
77	pls19460812-01.1.3	12 August 1946	pls	Page 3	"<div class=""txtsearchsnippet"">... REMOVFRS ASSOCIATIONS _SilSERSTEINS LTD . IfcL-A . IV ItRUSALEM <b class=""highlightcolor"">HAIFA</b> I . O . e _rm VIA Til-AVIV P ...</div>"
78	pls19441115-01.1.2	15 November 1944	pls	Page 2	"<div class=""txtsearchsnippet""><b class=""highlightcolor"">Haifa</b></div>"
79	pls19441124-01.1.2	24 November 1944	pls	Page 2	"<div class=""txtsearchsnippet""><b class=""highlightcolor"">HAIFA</b></div>"
80	pls19450313-01.1.3	13 March 1945	pls	Page 3	"<div class=""txtsearchsnippet"">... _Kinaswav . . Police H . Q . f <b class=""highlightcolor"">Haifa</b> f 1 opp</div>"
81	pls19450212-01.1.3	12 February 1945	pls	Page 3	"<div class=""txtsearchsnippet"">TEL-AVIV • <b class=""highlightcolor"">HAIFA</b> • JERUSALEM</div>"
82	pls19460203-01.1.2	3 February 1946	pls	Page 2	"<div class=""txtsearchsnippet"">ST . <b class=""highlightcolor"">HAIFA</b></div>"
83	pls19460619-01.1.1	19 June 1946	pls	Page 1	"<div class=""txtsearchsnippet"">... searches in Ramat Gan and on the Jerusalem , <b class=""highlightcolor"">Haifa</b> and a number of other high- . A number ...</div>"
84	pls19460825-01.1.3	25 August 1946	pls	Page 3	"<div class=""txtsearchsnippet"">... and his son Ahmed US ) were admitted to <b class=""highlightcolor"">Government Hospital</b> in Jaffa . Shlomo Shirl ( 40 was ...</div>"
85	pls19471226-01.1.3	26 December 1947	pls	Page 3	"<div class=""txtsearchsnippet"">... 1 2 lo 5 , : _¦ _- ¦ <b class=""highlightcolor"">Haifa</b> 9 , 1 l . ao . la-, a ...</div>"
86	pls19411030-01.1.3	30 October 1941	pls	Page 3	"<div class=""txtsearchsnippet"">PALDAG — <b class=""highlightcolor"">HAIFA</b></div>"
87	pls19450808-01.1.3	8 August 1945	pls	Page 3	"<div class=""txtsearchsnippet"">17 Herzl St . , <b class=""highlightcolor"">Haifa</b></div>"
88	pls19451217-01.1.3	17 December 1945	pls	Page 3	"<div class=""txtsearchsnippet"">... _^ _oods &amp; gifts j NEW BUSINESS CHNTRE , <b class=""highlightcolor"">HAIFA</b></div>"
89	pls19431212-01.1.3	12 December 1943	pls	Page 3	"<div class=""txtsearchsnippet"">... of former students of the Hebrew Technical Institute of <b class=""highlightcolor"">Haifa</b> , at prefer , t with the Forces , ...</div>"
90	pls19441017-01.1.3	17 October 1944	pls	Page 3	"<div class=""txtsearchsnippet"">... new settlers from Bulgaria arrived by overland _rouee on <b class=""highlightcolor"">Haifa</b> yesterday .</div>"
91	pls19470131-01.1.3	31 January 1947	pls	Page 3	"<div class=""txtsearchsnippet"">5 II a kishon St ., Kiriat Hialik <b class=""highlightcolor"">HAIFA</b> , froin 10— ] . and »—5 , except ...</div>"
92	pls19460705-01.1.3	5 July 1946	pls	Page 3	"<div class=""txtsearchsnippet""><b class=""highlightcolor"">Haifa</b> s Largest Photo Shop</div>"
93	pls19471207-01.1.3	7 December 1947	pls	Page 3	"<div class=""txtsearchsnippet"">AARON FOSENFELD , <b class=""highlightcolor"">HAIFA</b></div>"
94	pls19470923-01.1.3	23 September 1947	pls	Page 3	"<div class=""txtsearchsnippet"">... . S : &gt; 1 . 0 To c <b class=""highlightcolor"">Haifa</b> 20 . 2 25 . 7 6 ? • ...</div>"
95	pls19470511-01.1.3	11 May 1947	pls	Page 3	"<div class=""txtsearchsnippet"">expected at <b class=""highlightcolor"">HAIFA</b></div>"
96	pls19430214-01.1.3	14 February 1943	pls	Page 3	"<div class=""txtsearchsnippet""><b class=""highlightcolor"">Haifa</b> s Largest _Photoshop</div>"
97	pls19471116-01.1.3	16 November 1947	pls	Page 3	"<div class=""txtsearchsnippet"">Announces Curlew For <b class=""highlightcolor"">Haifa</b></div>"
98	pls19441129-01.1.2	29 November 1944	pls	Page 2	"<div class=""txtsearchsnippet"">IS IN <b class=""highlightcolor"">HAIFA</b> AGAIN SINGING and PLAYING every night at the</div>"
99	pls19460102-01.1.3	2 January 1946	pls	Page 3	"<div class=""txtsearchsnippet"">... which are causing much damage to agriculture in the <b class=""highlightcolor"">Haifa</b> district , and the authorities are asked to provide ...</div>"
100	pls19430811-01.1.3	11 August 1943	pls	Page 3	"<div class=""txtsearchsnippet"">... , are being collected under the auspices of the <b class=""highlightcolor"">Haifa</b> Arab Labour Society , So far LP , 150 ...</div>"
101	pls19451107-01.1.3	7 November 1945	pls	Page 3	"<div class=""txtsearchsnippet""><b class=""highlightcolor"">HAIFA</b></div>"
102	pls19470703-01.1.3	3 July 1947	pls	Page 3	"<div class=""txtsearchsnippet"">... Post Offices in Jerusalem , Tel I Aviv and <b class=""highlightcolor"">Haifa</b> .</div>"
103	pls19480129-01.1.3	29 January 1948	pls	Page 3	"<div class=""txtsearchsnippet"">17 a Herzl St ., <b class=""highlightcolor"">Haifa</b></div>"
104	pls19441110-01.1.2	10 November 1944	pls	Page 2	"<div class=""txtsearchsnippet""><b class=""highlightcolor"">HAIFA</b> Table reservations by Tel . 4221</div>"
105	pls19460302-01.1.3	2 March 1946	pls	Page 3	"<div class=""txtsearchsnippet"">Beth Hasbaon 25 Bcrzl St ., <b class=""highlightcolor"">Haifa</b></div>"
106	pls19480126-01.1.3	26 January 1948	pls	Page 3	"<div class=""txtsearchsnippet"">... Seherr . ie for Villas in Kiryat Yam , <b class=""highlightcolor"">Haifa</b> Bay . _ne-ar the . seashore . Apply : ...</div>"
107	pls19451111-01.1.2	11 November 1945	pls	Page 2	"<div class=""txtsearchsnippet""><b class=""highlightcolor"">Haifa</b> Tel . 4221 Hot &amp; Cold Water _&lt; ¦ ...</div>"
108	pls19450910-01.1.3	10 September 1945	pls	Page 3	"<div class=""txtsearchsnippet"">From Oiir Own Correspondent <b class=""highlightcolor"">HAIFA</b> , Sunday . — Taking their arrival and disembarkation- ...</div>"
109	pls19460208-01.1.4	8 February 1946	pls	Page 4	"<div class=""txtsearchsnippet"">... . Yours , etc . M . L . <b class=""highlightcolor"">Haifa</b> _ Feb . 3 .</div>"
110	pls19470124-01.1.3	24 January 1947	pls	Page 3	"<div class=""txtsearchsnippet"">... Mt . _Cana an _S . l _7-S . <b class=""highlightcolor"">Haifa</b> 12 . 3 54 Beisan Hi . 5 4 ...</div>"
111	pls19440217-01.1.3	17 February 1944	pls	Page 3	"<div class=""txtsearchsnippet"">... FTKKN cases of typhus , in1 eluding six in <b class=""highlightcolor"">Haifa</b> and live in . _Jerusalem were notified from _various ...</div>"
112	pls19410608-01.1.2	8 June 1941	pls	Page 2	"<div class=""txtsearchsnippet""><b class=""highlightcolor"">HAIFA</b> CLUR WIN EASILY AGAINST POLICE XI</div>"
113	pls19450105-01.1.3	5 January 1945	pls	Page 3	"<div class=""txtsearchsnippet"">Bat Galim , <b class=""highlightcolor"">Haifa</b> Tel . 3222 NIGHTLY FROM 8 oclock OUR BIG ...</div>"
114	pls19440214-01.1.3	14 February 1944	pls	Page 3	"<div class=""txtsearchsnippet"">... : 34 Jaffa-Tel _Attv Rd ., TeL 5262 ( <b class=""highlightcolor"">Haifa</b> ; 47 _Harbour Street . .</div>"
115	pls19471229-01.1.4	29 December 1947	pls	Page 4	"<div class=""txtsearchsnippet"">... 3 \\ _\\ $ 1 j will sail from <b class=""highlightcolor"">Haifa</b> , on December 30 , 1947 for BEIRUT , ...</div>"
116	pls19460120-01.1.2	20 January 1946	pls	Page 2	"<div class=""txtsearchsnippet"">BAR — RESTAURANT _Wa-dir Hacarmel , <b class=""highlightcolor"">Haifa</b> TEL . 4465</div>"
117	pls19460414-01.1.3	14 April 1946	pls	Page 3	"<div class=""txtsearchsnippet"">... York an &lt; l io s : iil from <b class=""highlightcolor"">Haifa</b> about April IS , 1 JMC to</div>"
118	pls19470623-01.1.4	23 June 1947	pls	Page 4	"<div class=""txtsearchsnippet""><b class=""highlightcolor"">HAIFA</b></div>"
119	pls19460730-01.1.3	30 July 1946	pls	Page 3	"<div class=""txtsearchsnippet"">... Hantifrat / : Coopcrati \ e bus lines in <b class=""highlightcolor"">Haifa</b> . * * * The recently approved wage increases ...</div>"
120	pls19440717-01.1.3	17 July 1944	pls	Page 3	"<div class=""txtsearchsnippet"">for Jerusalem , <b class=""highlightcolor"">Haifa</b> and other large centres in _Palestine</div>"
121	pls19470429-01.1.3	29 April 1947	pls	Page 3	"<div class=""txtsearchsnippet"">... m . Mt . Canaan 20 . 6 26 <b class=""highlightcolor"">Haifa</b> 21 . 3 62 Beisan , 30 . 0 ...</div>"
122	pls19451230-01.1.3	30 December 1945	pls	Page 3	"<div class=""txtsearchsnippet"">... Industrial Exhibition which closed last night in Peitenu at <b class=""highlightcolor"">Haifa</b> . * * * A protest against recent deportation ...</div>"
123	pls19420322-01.1.3	22 March 1942	pls	Page 3	"<div class=""txtsearchsnippet"">... practice A parade of the Railway Auxiliary Police in <b class=""highlightcolor"">Haifa</b> was inspected by Mr . Jameson Friday morning The ...</div>"
124	pls19451209-01.1.2	9 December 1945	pls	Page 2	"<div class=""txtsearchsnippet"">... , P . O . B . 66 , <b class=""highlightcolor"">Haifa</b> .</div>"
125	pls19450912-01.1.2	12 September 1945	pls	Page 2	"<div class=""txtsearchsnippet"">... , and A Guy Named Joe ( Amphitheatre , <b class=""highlightcolor"">Haifa</b> ) introduces us to a celestiai Air Force whose ...</div>"
126	pls19460206-01.1.2	6 February 1946	pls	Page 2	"<div class=""txtsearchsnippet"">... , on February 4 , 1946 . at the <b class=""highlightcolor"">Government Hospital</b> , <b class=""highlightcolor"">Haifa</b> — a son , Bruce David ...</div>"
127	pls19450624-01.1.2	24 June 1945	pls	Page 2	"<div class=""txtsearchsnippet"">Ml _OaLIH , <b class=""highlightcolor"">HAIFA</b></div>"
128	pls19420424-01.1.2	24 April 1942	pls	Page 2	"<div class=""txtsearchsnippet"">_SAVOV HOTEL — <b class=""highlightcolor"">HAIFA—</b> ITS A NAME AND A PLACE</div>"
129	pls19470518-01.1.2	18 May 1947	pls	Page 2	"<div class=""txtsearchsnippet"">Tel . 44 ( 55 <b class=""highlightcolor"">Haifa</b></div>"
130	pls19470302-01.1.3	2 March 1947	pls	Page 3	"<div class=""txtsearchsnippet"">... _FOERTH trunk line has been / X installed between <b class=""highlightcolor"">Haifa</b> and h _-aghuad During J ,. nnary , 8- ...</div>"
131	pls19410302-01.1.2	2 March 1941	pls	Page 2	"<div class=""txtsearchsnippet"">... 4 . PO . B . f 5 , <b class=""highlightcolor"">Haifa</b> .</div>"
132	pls19441101-01.1.3	1 November 1944	pls	Page 3	"<div class=""txtsearchsnippet"">... ^^ Bar-Restaurant | ^ ^ ^^^ ^ . . <b class=""highlightcolor"">Haifa</b> [ \ j ^ N &amp; . Reserve table ...</div>"
133	pls19450109-01.1.3	9 January 1945	pls	Page 3	"<div class=""txtsearchsnippet"">Casino Bat Galirn <b class=""highlightcolor"">Haifa</b></div>"
134	pls19441112-01.1.3	12 November 1944	pls	Page 3	"<div class=""txtsearchsnippet""><b class=""highlightcolor"">Haifa</b></div>"
135	pls19440204-01.1.3	4 February 1944	pls	Page 3	"<div class=""txtsearchsnippet""><b class=""highlightcolor"">HAIFA</b></div>"
136	pls19440929-01.1.3	29 September 1944	pls	Page 3	"<div class=""txtsearchsnippet"">... shopping — the Talpiot Market in Hadar Hacarmel , <b class=""highlightcolor"">Haifa</b> , will be open _tornonow night from 7 . ...</div>"
137	pls19440825-01.1.3	25 August 1944	pls	Page 3	"<div class=""txtsearchsnippet"">... of Criminal Assize will be opened in Jaffa and <b class=""highlightcolor"">Haifa</b> on October 2 , and in Jerusalem . and ...</div>"
138	pls19440824-01.1.1	24 August 1944	pls	Page 1	"<div class=""txtsearchsnippet"">OTTOMAN j <b class=""highlightcolor"">HAIFA</b> , ) . Jl . I</div>"
139	pls19450706-01.1.3	6 July 1945	pls	Page 3	"<div class=""txtsearchsnippet"">AMPHITHEATRE , <b class=""highlightcolor"">Haifa</b> . EDWARD G . ROBINSON</div>"
140	pls19461020-01.1.3	20 October 1946	pls	Page 3	"<div class=""txtsearchsnippet"">19 Herzl St . <b class=""highlightcolor"">Haifa</b> Bus stop 4 a</div>"
141	pls19471012-01.1.3	12 October 1947	pls	Page 3	"<div class=""txtsearchsnippet"">AAFON _KOSENFHD , <b class=""highlightcolor"">HAIFA</b></div>"
142	pls19460909-01.1.3	9 September 1946	pls	Page 3	"<div class=""txtsearchsnippet""><b class=""highlightcolor"">HAIFA</b></div>"
143	pls19441227-01.1.2	27 December 1944	pls	Page 2	"<div class=""txtsearchsnippet"">FOR RADIO _RFJPATRS 17 Arlosoroff _£ t , <b class=""highlightcolor"">HAIFA</b></div>"
144	pls19450305-01.1.3	5 March 1945	pls	Page 3	"<div class=""txtsearchsnippet"">... ! ftv AY 1 ST . . FLOOR , <b class=""highlightcolor"">HAIFA</b> Manager : R . MAYER , Tel Tel . ...</div>"
145	pls19450717-01.1.3	17 July 1945	pls	Page 3	"<div class=""txtsearchsnippet"">... u r e : Nocturne . OLAM BEITEVU , <b class=""highlightcolor"">HAIFA</b> TONIGHT at 8 . 30</div>"
146	pls19471114-01.1.3	14 November 1947	pls	Page 3	"<div class=""txtsearchsnippet"">wiH arrive at <b class=""highlightcolor"">HAIFA</b> o _, n Mondayf November 17 ait dawn</div>"
147	pls19470721-01.1.3	21 July 1947	pls	Page 3	"<div class=""txtsearchsnippet"">... Mt . Cana _ _aii 30 . 5 36 <b class=""highlightcolor"">Haifa</b> 28 . 2 72 ¦ Beisan 38 . 2 ...</div>"
148	pls19441124-01.1.3	24 November 1944	pls	Page 3	"<div class=""txtsearchsnippet"">42 Herzl St ., <b class=""highlightcolor"">Haifa</b> Tel . 2815 I NIGHTLY a The Nov . ...</div>"
149	pls19431015-01.1.3	15 October 1943	pls	Page 3	"<div class=""txtsearchsnippet"">... construction of an anri- *¦• plague sewerage scheme in <b class=""highlightcolor"">Haifa</b> is the object of a loan of up to ...</div>"
150	pls19450121-01.1.3	21 January 1945	pls	Page 3	"<div class=""txtsearchsnippet"">... &amp; _DISTRIBUTORS for KADAR Ltd . Pottery Works ; <b class=""highlightcolor"">Haifa</b> . WEGSMANN Ltd . ( Renova . ) Linen ...</div>"
151	pls19460222-01.1.3	22 February 1946	pls	Page 3	"<div class=""txtsearchsnippet"">- i _. iti . 3 <b class=""highlightcolor"">Haifa</b> s _Largest Photo Shop</div>"
152	pls19470321-01.1.3	21 March 1947	pls	Page 3	"<div class=""txtsearchsnippet"">... When _several cases of goods fell on him at <b class=""highlightcolor"">Haifa</b> Port - yes terday , David Ring ( 2 ...</div>"
153	pls19460809-01.1.3	9 August 1946	pls	Page 3	"<div class=""txtsearchsnippet"">110 Kingsway opp . Central Railway Station , <b class=""highlightcolor"">Haifa</b></div>"
154	pls19410602-01.1.2	2 June 1941	pls	Page 2	"<div class=""txtsearchsnippet"">... . B . C . Engineer , arrived in <b class=""highlightcolor"">Haifa</b> during the week end . Other war correspondents who ...</div>"
155	pls19471007-01.1.3	7 October 1947	pls	Page 3	"<div class=""txtsearchsnippet"">... ai Oivatnim was laid y - ---- relay The <b class=""highlightcolor"">Haifa</b> Arab orphans Committee have r - i ¦ . ...</div>"
156	pls19431216-01.1.2	16 December 1943	pls	Page 2	"<div class=""txtsearchsnippet"">32 Herzlia Street , <b class=""highlightcolor"">Haifa</b> PHONE 3214 It s worth a visit</div>"
157	pls19431227-01.1.3	27 December 1943	pls	Page 3	"<div class=""txtsearchsnippet"">... Iddair of Beersheba died of his injuries at the <b class=""highlightcolor"">Government Hospital</b> there Run over by a lorry near Tei ...</div>"
158	pls19441005-01.1.4	5 October 1944	pls	Page 4	"<div class=""txtsearchsnippet"">Head Office : ARIEJH BMfc ., 53 Harbour Street <b class=""highlightcolor"">HAIFA</b> P . O . Box 1225 — Telephone 2817 ...</div>"
159	pls19420626-01.1.2	26 June 1942	pls	Page 2	"<div class=""txtsearchsnippet""><b class=""highlightcolor"">HAIFA</b></div>"
160	pls19480226-01.1.3	26 February 1948	pls	Page 3	"<div class=""txtsearchsnippet"">... a accident in the quarry ( _Jettiah tjuarter of <b class=""highlightcolor"">Haifa</b> yesterday , Yosid - Shivima 1 . ) , ...</div>"
161	pls19470721-01.1.1	21 July 1947	pls	Page 1	"<div class=""txtsearchsnippet"">... no worse than another , and the soldier on <b class=""highlightcolor"">Haifa</b> feels sick in his stomach quay 1 ; atidwhat ...</div>"
162	pls19450724-01.1.3	24 July 1945	pls	Page 3	"<div class=""txtsearchsnippet"">... ___________ s Organization _ DepartFOUR FATAL ROAD ACCIDENTS IN <b class=""highlightcolor"">HAIFA</b> <b class=""highlightcolor"">HAIFA</b> , Monday . — Five road accidents , ...</div>"
163	pls19451121-01.1.3	21 November 1945	pls	Page 3	"<div class=""txtsearchsnippet"">... Dresses 17 Herzl St ., 2 nd floor , <b class=""highlightcolor"">Haifa</b> .</div>"
164	pls19431017-01.1.3	17 October 1943	pls	Page 3	"<div class=""txtsearchsnippet"">... 2 , P . O . B . 66 <b class=""highlightcolor"">Haifa</b> .</div>"
165	pls19441217-01.1.2	17 December 1944	pls	Page 2	"<div class=""txtsearchsnippet"">BAT-GALTM , <b class=""highlightcolor"">HAIFA</b></div>"
166	pls19460920-01.1.2	20 September 1946	pls	Page 2	"<div class=""txtsearchsnippet"">... The Bezalel Exhibition of Applied Ar * . in <b class=""highlightcolor"">Haifa</b> is remaining open until Saturday . * The Sports ...</div>"
167	pls19440125-01.1.3	25 January 1944	pls	Page 3	"<div class=""txtsearchsnippet""><b class=""highlightcolor"">HAIFA</b> , Feb . 13 , 1944</div>"
168	pls19431228-01.1.3	28 December 1943	pls	Page 3	"<div class=""txtsearchsnippet"">Store Drug 45 , Herzl St . 45 <b class=""highlightcolor"">HAIFA</b></div>"
169	pls19470527-01.1.3	27 May 1947	pls	Page 3	"<div class=""txtsearchsnippet"">... , by the vessel space due to call at <b class=""highlightcolor"">Haifa</b> in two men who ran from a tent June ...</div>"
170	pls19450913-01.1.3	13 September 1945	pls	Page 3	"<div class=""txtsearchsnippet"">... of the Courts of Criminal _Assizes will open in <b class=""highlightcolor"">Haifa</b> and Jaffa on October 1 , and two w ...</div>"
171	pls19441026-01.1.3	26 October 1944	pls	Page 3	"<div class=""txtsearchsnippet"">2 — 4 rooms in <b class=""highlightcolor"">Haifa</b> , Tcl Aviv or Jerusalem . A p ply ...</div>"
172	pls19441112-01.1.2	12 November 1944	pls	Page 2	"<div class=""txtsearchsnippet"">... % * v ^ , - . J i <b class=""highlightcolor"">HAIFA</b> .... Reserve table in advance your</div>"
173	pls19420617-01.1.2	17 June 1942	pls	Page 2	"<div class=""txtsearchsnippet"">... , and Ankara . * Princess Halim Said left <b class=""highlightcolor"">Haifa</b> for Cairo yesterday _^ after a short stay at ...</div>"
174	pls19440716-01.1.3	16 July 1944	pls	Page 3	"<div class=""txtsearchsnippet"">... a handbag containing LpiO from a passerby in the <b class=""highlightcolor"">Haifa</b> Suk ¦ Quarter Knocked down by a Military lorry ...</div>"
175	pls19480106-01.1.3	6 January 1948	pls	Page 3	"<div class=""txtsearchsnippet"">... January and the Organization of Central European Immigrants in <b class=""highlightcolor"">Haifa</b> . Telegraphic orders will be taken until 25 . ...</div>"
176	pls19450821-01.1.3	21 August 1945	pls	Page 3	"<div class=""txtsearchsnippet"">HIGH BIDS AT <b class=""highlightcolor"">HAIFA</b> PORT AUCTION <b class=""highlightcolor"">HAIFA</b> , Monday . — There was ...</div>"
177	pls19470608-01.1.4	8 June 1947	pls	Page 4	"<div class=""txtsearchsnippet"">due at <b class=""highlightcolor"">HAIFA</b> on June 9 accepting cargo for</div>"
178	pls19470605-01.1.3	5 June 1947	pls	Page 3	"<div class=""txtsearchsnippet"">... ard in 6 private hospitals ir- Tel Aviv and <b class=""highlightcolor"">Haifa</b> __!_____</div>"
179	pls19451108-01.1.3	8 November 1945	pls	Page 3	"<div class=""txtsearchsnippet"">... , 25 Herzl St ., Tel . 3621 , <b class=""highlightcolor"">HAIFA</b></div>"
180	pls19441203-01.1.2	3 December 1944	pls	Page 2	"<div class=""txtsearchsnippet"">... . dare Centre by Miss Beville , and the <b class=""highlightcolor"">Government Hospital</b> by the Matron , Mis s L . ...</div>"
181	pls19440312-01.1.2	12 March 1944	pls	Page 2	"<div class=""txtsearchsnippet"">... YWii are Centre by Miss Beville , and the <b class=""highlightcolor"">Government Hospital</b> by the Matron , Mis s L . ...</div>"
182	pls19440201-01.1.2	1 February 1944	pls	Page 2	"<div class=""txtsearchsnippet"">... flat of at least five rooms in or near <b class=""highlightcolor"">Haifa</b> , for immediate occupation . Apply : No , ...</div>"
183	pls19451109-01.1.2	9 November 1945	pls	Page 2	"<div class=""txtsearchsnippet""><b class=""highlightcolor"">Haifa</b> Tel . 4221 Hot &amp; Cold Waiter Telephone in ...</div>"
184	pls19420403-01.1.3	3 April 1942	pls	Page 3	"<div class=""txtsearchsnippet""><b class=""highlightcolor"">HAIFA</b> GRAND STAGE</div>"
185	pls19420710-01.1.3	10 July 1942	pls	Page 3	"<div class=""txtsearchsnippet"">trt . Carmel , <b class=""highlightcolor"">Haifa</b> . PhoTie 48 !»</div>"
186	pls19440702-01.1.3	2 July 1944	pls	Page 3	"<div class=""txtsearchsnippet"">... cluding a youth group of seven , arrived in <b class=""highlightcolor"">Haifa</b> on Thursday from various Eastern European countries . They ...</div>"
187	pls19470324-01.1.2	24 March 1947	pls	Page 2	"<div class=""txtsearchsnippet"">... . - ., on Mlarth 18 , at the <b class=""highlightcolor"">Government Hospital</b> . Ha : fa a _daughter , Denise ...</div>"
188	pls19460915-01.1.2	15 September 1946	pls	Page 2	"<div class=""txtsearchsnippet""><b class=""highlightcolor"">HAIFA</b> Tel . 4465</div>"
189	pls19451021-01.1.2	21 October 1945	pls	Page 2	"<div class=""txtsearchsnippet"">... tickets available ir . Tel Av . v or <b class=""highlightcolor"">Haifa</b> . Tick--: _* tor 9 concerts-avail-able to PO A ...</div>"
190	pls19441119-01.1.2	19 November 1944	pls	Page 2	"<div class=""txtsearchsnippet""><b class=""highlightcolor"">Haifa</b></div>"
191	pls19421125-01.1.2	25 November 1942	pls	Page 2	"<div class=""txtsearchsnippet"">... . H . Ka-tzmaiiti , 7 _line Rd . <b class=""highlightcolor"">-Haifa</b> , offers f . i . neistt wire haired ...</div>"
192	pls19460804-01.1.3	4 August 1946	pls	Page 3	"<div class=""txtsearchsnippet"">... . THE two girls wounded in the attack on <b class=""highlightcolor"">Haifa</b> s railway workshops have been discharged from <b class=""highlightcolor"">Government Hospital</b> ...</div>"
193	pls19470718-01.1.3	18 July 1947	pls	Page 3	"<div class=""txtsearchsnippet"">... Mt . Cana _ an 33 , 4 23 <b class=""highlightcolor"">Haifa</b> 32 5 41 Beisan 42 . 9 19 Katanva ...</div>"
194	pls19470720-01.1.1	20 July 1947	pls	Page 1	"<div class=""txtsearchsnippet"">... Navy and a Hagana ship will be held in <b class=""highlightcolor"">Haifa</b> this afternoon .</div>"
195	pls19450823-01.1.3	23 August 1945	pls	Page 3	"<div class=""txtsearchsnippet"">... at Gin / _hurgs , 25 Herzl St ., <b class=""highlightcolor"">Haifa</b> . Tel . 3621</div>"
196	pls19470518-01.1.3	18 May 1947	pls	Page 3	"<div class=""txtsearchsnippet"">9 is due at <b class=""highlightcolor"">HAIFA</b> on or about 27 May to discharge cargo from</div>"
197	pls19460412-01.1.3	12 April 1946	pls	Page 3	"<div class=""txtsearchsnippet"">... Works ? by Beethoven — _Chopiin RFATKM HALL , <b class=""highlightcolor"">HAIFA</b> Wednesday , April 17 , _ at 8 . ...</div>"
198	pls19451231-01.1.3	31 December 1945	pls	Page 3	"<div class=""txtsearchsnippet"">... | _^ 37 . Mt « ZL _STBKT , <b class=""highlightcolor"">HAIFA</b> - HAOA _« X mJrV</div>"
199	pls19460620-01.1.3	20 June 1946	pls	Page 3	"<div class=""txtsearchsnippet"">... _dity Mt . Canaan _ 5 . S -HI <b class=""highlightcolor"">Haifa</b> Mt . Carmel 25 . 8 7 ,</div>"
200	pls19460514-01.1.3	14 May 1946	pls	Page 3	"<div class=""txtsearchsnippet"">PANORAMA HOTEL Mt . ! — <b class=""highlightcolor"">Haifa</b> _Carrnp — Tel . 3319 — Hot water &amp; ...</div>"
201	pls19470126-01.1.3	26 January 1947	pls	Page 3	"<div class=""txtsearchsnippet"">... . Cana ; n . lo . rj _ftvi <b class=""highlightcolor"">Haifa</b> 14 . 5 M Peisan 1 _^ . 2 ...</div>"
202	pls19460715-01.1.3	15 July 1946	pls	Page 3	"<div class=""txtsearchsnippet"">... x on Friday . . * * * The <b class=""highlightcolor"">Haifa</b> Municipality and Government arc . stili negotiating on the ...</div>"
203	pls19480213-01.1.3	13 February 1948	pls	Page 3	"<div class=""txtsearchsnippet"">... PHOTO BRENNER : i Ilechalut / . St . <b class=""highlightcolor"">Haifa</b> _; , , Tel . 4137</div>"
204	pls19460308-01.1.3	8 March 1946	pls	Page 3	"<div class=""txtsearchsnippet"">Turkish Uno _Delegates In <b class=""highlightcolor"">Haifa</b> HATFA . Thursday . — The Turkish Uno delegation ...</div>"
205	pls19460711-01.1.3	11 July 1946	pls	Page 3	"<div class=""txtsearchsnippet"">41 Kingsway , <b class=""highlightcolor"">Haifa</b> P . O . B . 1 J 55 ...</div>"
206	pls19460624-01.1.3	24 June 1946	pls	Page 3	"<div class=""txtsearchsnippet"">More than 50 Arab nurses of the Jerusalem <b class=""highlightcolor"">Government Hospital</b> have decided to . join the Second Divison ...</div>"
207	pls19410202-01.1.3	2 February 1941	pls	Page 3	"<div class=""txtsearchsnippet"">... be inspected at the Shell Company s premises in <b class=""highlightcolor"">Haifa</b> . Please apply to the</div>"
208	pls19441126-01.1.3	26 November 1944	pls	Page 3	"<div class=""txtsearchsnippet"">... per I ri Tel Aviv &amp; Jaffa— 160 In <b class=""highlightcolor"">Haifa</b> — 155</div>"
209	pls19470409-01.1.3	9 April 1947	pls	Page 3	"<div class=""txtsearchsnippet"">... * * One tank of the Shell installations at <b class=""highlightcolor"">Haifa</b> was still burning yesterday . <b class=""highlightcolor"">Haifa</b> Municipal and the ...</div>"
210	pls19451120-01.1.3	20 November 1945	pls	Page 3	"<div class=""txtsearchsnippet"">A flag day for the <b class=""highlightcolor"">Haifa</b> Jewish Caii ] . -nun ;! y . s ...</div>"
211	pls19450925-01.1.1	25 September 1945	pls	Page 1	"<div class=""txtsearchsnippet"">... _HevvA _Street , Tel . 3919 , 483 ) <b class=""highlightcolor"">HAIFA</b> : Harbour St ., _CPardess House , Tel . ...</div>"
212	pls19460407-01.1.3	7 April 1946	pls	Page 3	"<div class=""txtsearchsnippet"">... P _^? 55 THEM ALL TEL AV , V <b class=""highlightcolor"">HAIFA</b> _JERUSALEM</div>"
213	pls19460409-01.1.3	9 April 1946	pls	Page 3	"<div class=""txtsearchsnippet"">... . M . S . Sirius whieh is _leaving <b class=""highlightcolor"">Haifa</b> Port today . Other naval units in port are ...</div>"
214	pls19471103-01.1.3	3 November 1947	pls	Page 3	"<div class=""txtsearchsnippet"">... reasonable price . SHAKET , 26 Herzl St ., <b class=""highlightcolor"">Haifa</b> 4 — 6 . m . p</div>"
215	pls19480307-01.1.3	7 March 1948	pls	Page 3	"<div class=""txtsearchsnippet"">... that a military scout plane had flown over . <b class=""highlightcolor"">Haifa</b> , whore it was fired al . it did ...</div>"
216	pls19480208-01.1.3	8 February 1948	pls	Page 3	"<div class=""txtsearchsnippet"">... F and No . 6 on both doors left <b class=""highlightcolor"">Haifa</b> for 2 . S 0 Camp on Thursday , ...</div>"
217	pls19471229-01.1.3	29 December 1947	pls	Page 3	"<div class=""txtsearchsnippet"">10 Nordau St .. <b class=""highlightcolor"">HAIFA</b> , 1 st floor</div>"
218	pls19430708-01.1.2	8 July 1943	pls	Page 2	"<div class=""txtsearchsnippet"">32 Herzlia St ., <b class=""highlightcolor"">Haifa</b> , Phone 32 _U Nightly from 7 . 30</div>"
219	pls19451026-01.1.2	26 October 1945	pls	Page 2	"<div class=""txtsearchsnippet"">... , accompanied bv his wife and daughter passed through <b class=""highlightcolor"">Haifa</b> yesterdiy on his way to Cairo . at He ...</div>"
220	pls19420923-01.1.3	23 September 1942	pls	Page 3	"<div class=""txtsearchsnippet"">... . B . 1412 , Tel . 4618 , <b class=""highlightcolor"">HAIFA</b></div>"
221	pls19450729-01.1.3	29 July 1945	pls	Page 3	"<div class=""txtsearchsnippet"">i 26 Herzl Street , <b class=""highlightcolor"">Haifa</b></div>"
222	pls19471026-01.1.3	26 October 1947	pls	Page 3	"<div class=""txtsearchsnippet"">... 2119 , JERUSALEM : Loewenthal &amp; Lewisohn „ Tobacconists <b class=""highlightcolor"">HAIFA</b> : Hamorkaz Tobacconists Shop , 9 Bank St . ...</div>"
223	pls19470418-01.1.2	18 April 1947	pls	Page 2	"<div class=""txtsearchsnippet"">... E . J . Farsoun Su Allenby Road , <b class=""highlightcolor"">Haifa</b> Tel . 322 _* i</div>"
224	pls19420222-01.1.2	22 February 1942	pls	Page 2	"<div class=""txtsearchsnippet""><b class=""highlightcolor"">Haifa</b></div>"
225	pls19430117-01.1.3	17 January 1943	pls	Page 3	"<div class=""txtsearchsnippet""><b class=""highlightcolor"">HAIFA</b> <b class=""highlightcolor"">HAIFA</b></div>"
226	pls19440427-01.1.2	27 April 1944	pls	Page 2	"<div class=""txtsearchsnippet"">... elected Chairman of the Arab Chamber of Commerce in <b class=""highlightcolor"">Haifa</b> in _ducces . _uon to Rashid H . - ...</div>"
227	pls19460304-01.1.2	4 March 1946	pls	Page 2	"<div class=""txtsearchsnippet"">The <b class=""highlightcolor"">_Haifa</b> Chamber of Fhippirg at its annual General Met . ...</div>"
228	pls19430319-01.1.2	19 March 1943	pls	Page 2	"<div class=""txtsearchsnippet"">... Public Works De--erlment . p The _tRelgian Consul at <b class=""highlightcolor"">Haifa</b> a ltd Mrs . A . _Ros-enfeld a gave ...</div>"
229	pls19420419-01.1.3	19 April 1942	pls	Page 3	"<div class=""txtsearchsnippet"">... day last week Once again a primus exploded in <b class=""highlightcolor"">Haifa</b> on Tl . :. rsday . . seriously injuring ...</div>"
230	pls19460424-01.1.2	24 April 1946	pls	Page 2	"<div class=""txtsearchsnippet"">... . O ., has paid his first visit to <b class=""highlightcolor"">Haifa</b> this week . He inspected various Divisions and Stations ...</div>"
231	pls19431028-01.1.2	28 October 1943	pls	Page 2	"<div class=""txtsearchsnippet"">Chief Rabbi Ventura of Alex- . andria yesterday visited <b class=""highlightcolor"">Haifa</b> , where he was received by retatives of the ...</div>"
232	pls19431226-01.1.2	26 December 1943	pls	Page 2	"<div class=""txtsearchsnippet"">... Army Garrison Club , 5 Balfour S reet , <b class=""highlightcolor"">Haifa</b> . All members of the Forces are invited .</div>"
233	pls19441011-01.1.2	11 October 1944	pls	Page 2	"<div class=""txtsearchsnippet""><b class=""highlightcolor"">Haifa</b></div>"
234	pls19450831-01.1.2	31 August 1945	pls	Page 2	"<div class=""txtsearchsnippet"">... Tuesday , August 29 , 1945 , at the <b class=""highlightcolor"">Government Hospital</b> , Jerusalem — a son , _Christopher Ian ...</div>"
235	pls19460917-01.1.3	17 September 1946	pls	Page 3	"<div class=""txtsearchsnippet"">CO . Palestine ) LTD . <b class=""highlightcolor"">Haifa</b> — _Jenmlem</div>"
236	pls19450307-01.1.2	7 March 1945	pls	Page 2	"<div class=""txtsearchsnippet"">... . , &lt; ( Corner Hcrzl ii . ) <b class=""highlightcolor"">HAIFA</b> F » r First Class</div>"
237	pls19460623-01.1.3	23 June 1946	pls	Page 3	"<div class=""txtsearchsnippet"">... SIPIPf * FATA I _ITi- A _Safety Plans In <b class=""highlightcolor"">Haifa</b></div>"
238	pls19450701-01.1.3	1 July 1945	pls	Page 3	"<div class=""txtsearchsnippet"">... . DUENWIAS &amp; SON • 2 Nahlat Benyamin Street <b class=""highlightcolor"">HAIFA</b> : * FALKOVITZ , GOLPIN &amp; KIRPIGHNIKOV New Business ...</div>"
239	pls19450604-01.1.3	4 June 1945	pls	Page 3	"<div class=""txtsearchsnippet"">... ARMON THEATRE THEATRE f * ii ! f HA <b class=""highlightcolor"">HAIFA</b> IF A ; . _ . ; , , ...</div>"
240	pls19460120-01.1.3	20 January 1946	pls	Page 3	"<div class=""txtsearchsnippet"">... 900 15 Nordau St . HI / •«&lt; _U <b class=""highlightcolor"">Haifa</b></div>"
241	pls19410316-01.1.2	16 March 1941	pls	Page 2	"<div class=""txtsearchsnippet"">... , T ( . _) , Box pit , <b class=""highlightcolor"">Haifa</b> ,</div>"
242	pls19411204-01.1.3	4 December 1941	pls	Page 3	"<div class=""txtsearchsnippet"">... 05 D HAND DEALER i •&lt; Yeelnel _rireet , <b class=""highlightcolor"">Haifa</b> , | Visits ail over Uie country . AJI ...</div>"
243	pls19431208-01.1.3	8 December 1943	pls	Page 3	"<div class=""txtsearchsnippet"">... , one of the issues in this war . <b class=""highlightcolor"">Haifa</b> _etierineers discussed la- .. .</div>"
244	pls19440124-01.1.3	24 January 1944	pls	Page 3	"<div class=""txtsearchsnippet"">... . -0 U _pnmls of schools and kindergartens in <b class=""highlightcolor"">Haifa</b> by the Jewish Community Social Welfare Committee . A ...</div>"
245	pls19440827-01.1.3	27 August 1944	pls	Page 3	"<div class=""txtsearchsnippet"">... ) in the South , the Sharon up to <b class=""highlightcolor"">Haifa</b> . They should be covered on all sides . ...</div>"
246	pls19450304-01.1.3	4 March 1945	pls	Page 3	"<div class=""txtsearchsnippet"">... Cabana . -, opp . ^ ZionCinemaiS-T . In <b class=""highlightcolor"">HAIFA</b> : C ; . nzourgW - . • rl ...</div>"
247	pls19471124-01.1.2	24 November 1947	pls	Page 2	"<div class=""txtsearchsnippet"">... Deputy In-spector-General of Police , was admitted to the <b class=""highlightcolor"">Government Hospital</b> in Jerusalem during the week-end . * At ...</div>"
248	pls19471219-01.1.3	19 December 1947	pls	Page 3	"<div class=""txtsearchsnippet"">Z ( i lierzt St ., <b class=""highlightcolor"">Haifa</b></div>"
249	pls19470327-01.1.2	27 March 1947	pls	Page 2	"<div class=""txtsearchsnippet"">... _dif . t _* K _- &gt; om 411 <b class=""highlightcolor"">HAIFA</b> Mrs . H . MOELLKB I fl . 5 ...</div>"
250	pls19410224-01.1.2	24 February 1941	pls	Page 2	"<div class=""txtsearchsnippet"">... ~ rt ~ h , Su }&gt; scnption Concert <b class=""highlightcolor"">HAIFA</b> THURSDAY Armon</div>"
251	pls19440222-01.1.2	22 February 1944	pls	Page 2	"<div class=""txtsearchsnippet"">T E L A V I V JERUSALEM <b class=""highlightcolor"">HAIFA</b></div>"
252	pls19451230-01.1.2	30 December 1945	pls	Page 2	"<div class=""txtsearchsnippet"">PAP , _ RESTAURANT Tel . hh _^ - <b class=""highlightcolor"">Haifa</b></div>"
253	pls19460728-01.1.2	28 July 1946	pls	Page 2	"<div class=""txtsearchsnippet""><b class=""highlightcolor"">HAIFA</b> , _4 RMON Wednesday at 9 p . m</div>"
254	pls19461127-01.1.3	27 November 1946	pls	Page 3	"<div class=""txtsearchsnippet"">... . Mt . Cana _ an IS a 21 <b class=""highlightcolor"">Haifa</b> . 24 . S 22 Beisan 2 . _! ...</div>"
255	pls19410929-01.1.3	29 September 1941	pls	Page 3	"<div class=""txtsearchsnippet"">... injured by a military motorcycle in Nazareth Road in <b class=""highlightcolor"">Haifa</b> en Friday . Both were brought to the <b class=""highlightcolor"">Government ...</b></div>"
256	pls19410321-01.1.3	21 March 1941	pls	Page 3	"<div class=""txtsearchsnippet"">attached Apply : P . OB . 941 , <b class=""highlightcolor"">HAIFA</b></div>"
257	pls19441211-01.1.3	11 December 1944	pls	Page 3	"<div class=""txtsearchsnippet"">... Aviv Road . JERUSALEM : Julian s . Way <b class=""highlightcolor"">HAIFA</b> : 126 Kingsway .</div>"
258	pls19440621-01.1.4	21 June 1944	pls	Page 4	"<div class=""txtsearchsnippet"">... Aid Welfare will be moving from 54 Kingsiway , <b class=""highlightcolor"">Haifa</b> - To Torch House ( top floor ) Palmers ...</div>"
259	pls19460829-01.1.3	29 August 1946	pls	Page 3	"<div class=""txtsearchsnippet"">YOUTH in C 0 !!! tT Last of 93 <b class=""highlightcolor"">Haifa</b> Accused on Trial</div>"
260	pls19430617-01.1.2	17 June 1943	pls	Page 2	"<div class=""txtsearchsnippet"">... R SHOW ________ — AT THE _——^ _T — <b class=""highlightcolor"">-HAIFA</b></div>"
261	pls19440210-01.1.2	10 February 1944	pls	Page 2	"<div class=""txtsearchsnippet"">S _. pace sponsored by Savoy Hotel , <b class=""highlightcolor"">Haifa</b></div>"
262	pls19450928-01.1.2	28 September 1945	pls	Page 2	"<div class=""txtsearchsnippet"">_? _yoilNG REFUGEE PES <b class=""highlightcolor"">HAIFA</b> , Thursday . — An 18 year old refugee ...</div>"
263	pls19460414-01.1.2	14 April 1946	pls	Page 2	"<div class=""txtsearchsnippet"">... : Works toy Beethoven — Chopin BEITENU HALL , <b class=""highlightcolor"">HAIFA</b> Wednesday , April 17 , at 8 . 30 ...</div>"
264	pls19461129-01.1.3	29 November 1946	pls	Page 3	"<div class=""txtsearchsnippet"">1 _JiJ y ¦ f <b class=""highlightcolor"">_Haifa</b> s Largest Photo Shop</div>"
265	pls19450103-01.1.3	3 January 1945	pls	Page 3	"<div class=""txtsearchsnippet"">! JR Nordau St . <b class=""highlightcolor"">Haifa</b></div>"
266	pls19440228-01.1.3	28 February 1944	pls	Page 3	"<div class=""txtsearchsnippet""><b class=""highlightcolor"">HAIFA</b> SKPflBi _Ate « CY</div>"
267	pls19420929-01.1.3	29 September 1942	pls	Page 3	"<div class=""txtsearchsnippet"">... . green * * * Unregistered dogs found in <b class=""highlightcolor"">Haifa</b> after December 30 will be destroyed , according to ...</div>"
268	pls19450311-01.1.3	11 March 1945	pls	Page 3	"<div class=""txtsearchsnippet"">TeJ . 3887 <b class=""highlightcolor"">Haifa</b> ! j $ Special _reduced price ; \]} i ...</div>"
269	pls19450713-01.1.3	13 July 1945	pls	Page 3	"<div class=""txtsearchsnippet"">... theft of a cow , imposed yesterday by the <b class=""highlightcolor"">Haifa</b> District Cdurt , Judge Weldon . ... For wounding ...</div>"
270	pls19450828-01.1.3	28 August 1945	pls	Page 3	"<div class=""txtsearchsnippet"">Tickets at _Gtazbursf s , 25 Herzl St ., <b class=""highlightcolor"">Haifa</b> . Tel . 8 « 2 U</div>"
271	pls19450718-01.1.3	18 July 1945	pls	Page 3	"<div class=""txtsearchsnippet"">... SERVICE for A transmission of telegrams in Hebrew from <b class=""highlightcolor"">Haifa</b> began yesterday . SI * HI i Premium bonds ...</div>"
272	pls19450930-01.1.3	30 September 1945	pls	Page 3	"<div class=""txtsearchsnippet"">Tickets at _Glinzbni-y _* _--, 25 Herzl St ., <b class=""highlightcolor"">Haifa</b> . Tel . Sfl _3 i</div>"
273	pls19451007-01.1.3	7 October 1945	pls	Page 3	"<div class=""txtsearchsnippet"">... ital St .. ! - Hosp Oeiinan volonv , <b class=""highlightcolor"">Haifa</b> . Ge-n-j eroils H -ward .</div>"
274	pls19460725-01.1.3	25 July 1946	pls	Page 3	"<div class=""txtsearchsnippet"">... Broker Central Carmel ( c / o Taxi _Service- <b class=""highlightcolor"">Haifa</b> .</div>"
275	pls19471116-01.1.1	16 November 1947	pls	Page 1	"<div class=""txtsearchsnippet"">... on the security forces . A mystery shooting in <b class=""highlightcolor"">Haifa</b> on Friday night led to the death of a ...</div>"
276	pls19410820-01.1.2	20 August 1941	pls	Page 2	"<div class=""txtsearchsnippet"">PALESTINE FOLK OPERA <b class=""highlightcolor"">HAIFA</b> . THURSDAY , AUGUST 21 , 1 P 41 ...</div>"
277	pls19440220-01.1.3	20 February 1944	pls	Page 3	"<div class=""txtsearchsnippet"">... Nordau St . r i / i 1 1 <b class=""highlightcolor"">HAIFA</b> I ^ V . j FOR PRESENTS Rf , ...</div>"
278	pls19420802-01.1.3	2 August 1942	pls	Page 3	"<div class=""txtsearchsnippet"">... the Military . . MECANICA 16 Hehalutz St . <b class=""highlightcolor"">Haifa</b> . YOUR tobacconist , in <b class=""highlightcolor"">Haifa</b> , 49 Jaffa ...</div>"
279	pls19450621-01.1.2	21 June 1945	pls	Page 2	"<div class=""txtsearchsnippet"">... . 3 Sea Rd . Mt . Carine _! <b class=""highlightcolor"">Haifa</b> Tel . 38-65 . goa , , ,</div>"
280	pls19471205-01.1.2	5 December 1947	pls	Page 2	"<div class=""txtsearchsnippet"">In <b class=""highlightcolor"">HAIFA</b> : Sh . SOLONDS , Rubber House , 27 ...</div>"
281	pls19460827-01.1.2	27 August 1946	pls	Page 2	"<div class=""txtsearchsnippet"">... Folk Opera , at thc Armon _H- _U . <b class=""highlightcolor"">Haifa</b> , on Thursday \ ucust 29 , at 9 ...</div>"
282	pls19461124-01.1.3	24 November 1946	pls	Page 3	"<div class=""txtsearchsnippet"">_. MAAPAN <b class=""highlightcolor"">HAIFA</b> _ITD lc _«* _f _CofcS _$ &gt; $ ® ...</div>"
283	pls19431115-01.1.3	15 November 1943	pls	Page 3	"<div class=""txtsearchsnippet""><b class=""highlightcolor"">Haifa</b> , Jaffa , Herzl St ., Hadar Hacarmel Jaffa ...</div>"
284	pls19441012-01.1.2	12 October 1944	pls	Page 2	"<div class=""txtsearchsnippet"">... table bv » your El p voning 2866 , <b class=""highlightcolor"">Haifa</b> . *</div>"
285	pls19440816-01.1.3	16 August 1944	pls	Page 3	"<div class=""txtsearchsnippet"">... — P . O . B . 351 , <b class=""highlightcolor"">Haifa</b> Tel . 2743 .</div>"
286	pls19450614-01.1.3	14 June 1945	pls	Page 3	"<div class=""txtsearchsnippet"">Nordau St . <b class=""highlightcolor"">HAIFA</b> 1 &amp; ,</div>"
287	pls19451228-01.1.3	28 December 1945	pls	Page 3	"<div class=""txtsearchsnippet"">... * * A five-ton motor boat which foundered in <b class=""highlightcolor"">Haifa</b> Port on Monday , during a storm , was ...</div>"
288	pls19460512-01.1.3	12 May 1946	pls	Page 3	"<div class=""txtsearchsnippet"">TEL AVIV <b class=""highlightcolor"">HAIFA</b> JERUSALEM NATHANYA</div>"
289	pls19430122-01.1.2	22 January 1943	pls	Page 2	"<div class=""txtsearchsnippet"">... To Eva , wife of Mr Franz Levi of <b class=""highlightcolor"">Haifa</b> , on Jan 18 , 1943 , at the ...</div>"
290	pls19461117-01.1.3	17 November 1946	pls	Page 3	"<div class=""txtsearchsnippet"">... Mt . Cana an 2 A . H 82 <b class=""highlightcolor"">Haifa</b> Mt . _Curmel _Asi . S , cy B ...</div>"
291	pls19410808-01.1.3	8 August 1941	pls	Page 3	"<div class=""txtsearchsnippet""><b class=""highlightcolor"">HAIFA</b> , Thursday . — The s . s . ...</div>"
292	pls19441128-01.1.3	28 November 1944	pls	Page 3	"<div class=""txtsearchsnippet"">... a workman , Mordecai Rothstein ( 17 ) in <b class=""highlightcolor"">Haifa</b> Port yesterday afternoon , causing concussion . He was ...</div>"
293	pls19420918-01.1.3	18 September 1942	pls	Page 3	"<div class=""txtsearchsnippet""><b class=""highlightcolor"">HAIFA</b></div>"
294	pls19460203-01.1.3	3 February 1946	pls	Page 3	"<div class=""txtsearchsnippet"">... B . STERNBERG—R . MAYER 29 Herzl St . <b class=""highlightcolor"">HAIFA</b> 1 st FLOOR</div>"
295	pls19471222-01.1.3	22 December 1947	pls	Page 3	"<div class=""txtsearchsnippet"">... country wa . s begun tins week by the <b class=""highlightcolor"">Haifa</b> i ranch of the Palestine Jewish Medical Association . ...</div>"
296	pls19450309-01.1.3	9 March 1945	pls	Page 3	"<div class=""txtsearchsnippet"">... The sentence passed on V r-dne-day . by the <b class=""highlightcolor"">Haifa</b> : uagi &gt; : r . i : J ...</div>"
297	pls19450209-01.1.2	9 February 1945	pls	Page 2	"<div class=""txtsearchsnippet"">Technical College <b class=""highlightcolor"">Haifa</b> on</div>"
298	pls19460602-01.1.3	2 June 1946	pls	Page 3	"<div class=""txtsearchsnippet"">Due at <b class=""highlightcolor"">HAIFA</b> and BFI 1 _? UT towards beginning June Will ...</div>"
299	pls19460904-01.1.3	4 September 1946	pls	Page 3	"<div class=""txtsearchsnippet"">... Cana an :. _. - » . _» St <b class=""highlightcolor"">Haifa</b> 27 . 2 6 « . beisan : ; ...</div>"
300	pls19461021-01.1.3	21 October 1946	pls	Page 3	"<div class=""txtsearchsnippet"">... Rehov Herzl . ¦ t * * The former <b class=""highlightcolor"">Haifa</b> Garrison Club has been opened as a branch office ...</div>"
301	pls19470522-01.1.3	22 May 1947	pls	Page 3	"<div class=""txtsearchsnippet"">... . Mt . Cana an 25 . 9 27 <b class=""highlightcolor"">Haifa</b> 24 . 2 ? 0 Beisan 33 . 8 ...</div>"
302	pls19460728-01.1.3	28 July 1946	pls	Page 3	"<div class=""txtsearchsnippet"">will call at <b class=""highlightcolor"">HAIFA</b> beginning of August and will _accept passengers and cargo ...</div>"
303	pls19460929-01.1.1	29 September 1946	pls	Page 1	"<div class=""txtsearchsnippet"">KlHAYAT BEACH - <b class=""highlightcolor"">HAIFA</b> « FOR LOVELY BATHING</div>"
304	pls19460923-01.1.2	23 September 1946	pls	Page 2	"<div class=""txtsearchsnippet"">... . Yf . l , Mt . Carmel . <b class=""highlightcolor"">Haifa</b> . * Mr . H . Singer of Beatus ...</div>"
305	pls19460627-01.1.3	27 June 1946	pls	Page 3	"<div class=""txtsearchsnippet"">PERFUMERY 15 Herzl St . <b class=""highlightcolor"">HAIFA</b></div>"
306	pls19460813-01.1.3	13 August 1946	pls	Page 3	"<div class=""txtsearchsnippet"">... : 5234 JERUSALEM Daily Transport to TEL AVIV — <b class=""highlightcolor"">HAIFA</b></div>"
307	pls19420202-01.1.2	2 February 1942	pls	Page 2	"<div class=""txtsearchsnippet"">... _ _if * _R ! W TECHNICAL _WHTMTH — <b class=""highlightcolor"">HAIFA</b></div>"
308	pls19431003-01.1.2	3 October 1943	pls	Page 2	"<div class=""txtsearchsnippet""><b class=""highlightcolor"">Haifa</b></div>"
309	pls19431129-01.1.2	29 November 1943	pls	Page 2	"<div class=""txtsearchsnippet"">... WORKS P . O . B . 1002 , <b class=""highlightcolor"">Haifa</b> .</div>"
310	pls19440730-01.1.2	30 July 1944	pls	Page 2	"<div class=""txtsearchsnippet"">... AR — K KS T A L IIA NT <b class=""highlightcolor"">Haifa</b> Tel . _41 _R 5 THE COSIEST BAR — ...</div>"
311	pls19460327-01.1.2	27 March 1946	pls	Page 2	"<div class=""txtsearchsnippet"">... HAYDN , SCHUMANN , _DFRCSSY , VI _. _ADTCfROFF <b class=""highlightcolor"">HAIFA</b> En-Dor 8 . 4 . 46 Tickets : Saphir ...</div>"
312	pls19460904-01.1.2	4 September 1946	pls	Page 2	"<div class=""txtsearchsnippet"">TEL AVIV : <b class=""highlightcolor"">HAIFA</b> : JERUSALEM : 13 Montefiore Rt . Bovi . ...</div>"
313	pls19411010-01.1.2	10 October 1941	pls	Page 2	"<div class=""txtsearchsnippet"">... Mortal Storm , _starting at the Armon Theatre , <b class=""highlightcolor"">Haifa</b> , tomorrow , will commence at 6 . 45 ...</div>"
314	pls19430217-01.1.3	17 February 1943	pls	Page 3	"<div class=""txtsearchsnippet"">... , OHEL HALL SUNDAY at 8 -m . p <b class=""highlightcolor"">HAIFA</b> , ARMON TOMORROW at 9 ip . m . ...</div>"
315	pls19431209-01.1.2	9 December 1943	pls	Page 2	"<div class=""txtsearchsnippet"">_BAR-RESTAURANT , 12 , Bialik Street , <b class=""highlightcolor"">HAIFA</b></div>"
316	pls19420909-01.1.3	9 September 1942	pls	Page 3	"<div class=""txtsearchsnippet"">... furniture and material . OiBTAINABLE AT TEL , AVIV <b class=""highlightcolor"">HAIFA</b> _JERUSALEM _Ktkmanii Bender &amp; Schmidt Sehwarz _Hefsci-Bah Niedzwiedz ( ...</div>"
317	pls19460626-01.1.1	26 June 1946	pls	Page 1	"<div class=""txtsearchsnippet"">... * _« , _&gt; fc , Palestine Post Staff <b class=""highlightcolor"">HAIFA</b> , Tuesday . — The <b class=""highlightcolor"">Haifa</b> Naval known as ...</div>"
318	pls19460527-01.1.3	27 May 1946	pls	Page 3	"<div class=""txtsearchsnippet"">Gate , <b class=""highlightcolor"">Haifa</b></div>"
319	pls19451031-01.1.3	31 October 1945	pls	Page 3	"<div class=""txtsearchsnippet"">32 HERZLST ., <b class=""highlightcolor"">HAIFA</b></div>"
320	pls19460912-01.1.3	12 September 1946	pls	Page 3	"<div class=""txtsearchsnippet""><b class=""highlightcolor"">HAIFA</b></div>"
321	pls19460930-01.1.3	30 September 1946	pls	Page 3	"<div class=""txtsearchsnippet"">* * * Miss Else Seligmann of <b class=""highlightcolor"">Haifa</b> is looking for . Miss Else Paradies , with ...</div>"
322	pls19441212-01.1.2	12 December 1944	pls	Page 2	"<div class=""txtsearchsnippet"">... TEL-AVIV ( 4 BRANCHES ) • JAFFA JERUSALEM • <b class=""highlightcolor"">HAIFA</b> • HAOAR-HACARMEl SAFAD TIBERIAS • PETAH-TIKVAH • HEDERAH • ...</div>"
323	pls19431217-01.1.3	17 December 1943	pls	Page 3	"<div class=""txtsearchsnippet"">NEW HOUSES FOR <b class=""highlightcolor"">HAIFA</b> BAY</div>"
324	pls19440309-01.1.3	9 March 1944	pls	Page 3	"<div class=""txtsearchsnippet"">... , is to be established at Kfar Masaryk in <b class=""highlightcolor"">Haifa</b> Bay for Czech refugee children . This was announced ...</div>"
325	pls19450723-01.1.3	23 July 1945	pls	Page 3	"<div class=""txtsearchsnippet"">... / 10287 , PO . B . 66 , <b class=""highlightcolor"">Haifa</b></div>"
326	pls19451202-01.1.3	2 December 1945	pls	Page 3	"<div class=""txtsearchsnippet""><b class=""highlightcolor"">HAIFA</b> SHIPPING AGENCY LMTEn</div>"
327	pls19460823-01.1.3	23 August 1946	pls	Page 3	"<div class=""txtsearchsnippet"">... &lt; 1 ty Mt . Canaan 28 1 55 <b class=""highlightcolor"">Haifa-</b> , Mt Carmel 29 . 2 69 Beisan * ...</div>"
328	pls19460725-01.1.2	25 July 1946	pls	Page 2	"<div class=""txtsearchsnippet"">... : Hamlet : Habimah pm ; Habimah Theatre . <b class=""highlightcolor"">HAIFA</b> 5 p . m . : Recorded Concert ( ...</div>"
329	pls19440811-01.1.2	11 August 1944	pls	Page 2	"<div class=""txtsearchsnippet"">pijf ^ VV n - S / OAB <b class=""highlightcolor"">HAIFA</b> TWO P ? 0 DIFFERENT FLOOR SHOWS NIGHTLY at ...</div>"
330	pls19421116-01.1.2	16 November 1942	pls	Page 2	"<div class=""txtsearchsnippet"">... E L-A V I V : Throughout the Town <b class=""highlightcolor"">HAIFA</b> : 4 ? Herzl Street</div>"
331	pls19450411-01.1.3	11 April 1945	pls	Page 3	"<div class=""txtsearchsnippet"">... customer a receipt &lt; arned Jan Kebeis , of <b class=""highlightcolor"">Haifa</b> , a Lie ) t \ iio last week ...</div>"
332	pls19470418-01.1.3	18 April 1947	pls	Page 3	"<div class=""txtsearchsnippet"">will sail from <b class=""highlightcolor"">HAIFA</b> on _ or _abovit Aprili 24 for</div>"
333	pls19460905-01.1.3	5 September 1946	pls	Page 3	"<div class=""txtsearchsnippet""><b class=""highlightcolor"">HAIFA</b> : _Bovjs House _W Tel . 2877 . P ...</div>"
334	pls19461126-01.1.3	26 November 1946	pls	Page 3	"<div class=""txtsearchsnippet"">Telephone No . 21 it , <b class=""highlightcolor"">Haifa</b> _TVPKWRITERS</div>"
335	pls19480802-01.1.3	2 August 1948	pls	Page 3	"<div class=""txtsearchsnippet"">... , Joseph Monton , of 35 Bardia Street , <b class=""highlightcolor"">Haifa</b> , and his faaher were arrested for allegedly transmitting ...</div>"
336	pls19410918-01.1.3	18 September 1941	pls	Page 3	"<div class=""txtsearchsnippet""><b class=""highlightcolor"">HAIFA</b></div>"
337	pls19410817-01.1.3	17 August 1941	pls	Page 3	"<div class=""txtsearchsnippet"">... must have been in a hurry to get from <b class=""highlightcolor"">Haifa</b> to Khayat Beach last Thursday night when he borrowed ...</div>"
338	pls19410424-01.1.3	24 April 1941	pls	Page 3	"<div class=""txtsearchsnippet"">... _^ v v _» Jerusalem _% ,. _* _* <b class=""highlightcolor"">Haifa</b> , Rehovoth</div>"
339	pls19420116-01.1.3	16 January 1942	pls	Page 3	"<div class=""txtsearchsnippet"">ARMON THEATRE Tel . 1348 &amp; 421 <b class=""highlightcolor"">HAIFA</b> Commencin g Saturday , Jan . 17</div>"
340	pls19441226-01.1.3	26 December 1944	pls	Page 3	"<div class=""txtsearchsnippet""><b class=""highlightcolor"">Haifa</b> Tel . S _222 are pleased to inform their ...</div>"
341	pls19441231-01.1.3	31 December 1944	pls	Page 3	"<div class=""txtsearchsnippet"">ijl The Traders &amp; _Shippers Ltd ill <b class=""highlightcolor"">Haifa</b> .</div>"
342	pls19441123-01.1.3	23 November 1944	pls	Page 3	"<div class=""txtsearchsnippet"">... . B . 207 — Bovis Hous _© — <b class=""highlightcolor"">Haifa</b> .</div>"
343	pls19440406-01.1.3	6 April 1944	pls	Page 3	"<div class=""txtsearchsnippet"">... 3 Aviv Gumperz Rd ., Moun t Carmel , <b class=""highlightcolor"">Haifa</b></div>"
344	pls19421030-01.1.3	30 October 1942	pls	Page 3	"<div class=""txtsearchsnippet""><b class=""highlightcolor"">HAIFA</b> Mt . Carmel , Tel . 49 R 9 ...</div>"
345	pls19470414-01.1.3	14 April 1947	pls	Page 3	"<div class=""txtsearchsnippet"">at Tel Aviv , <b class=""highlightcolor"">Haifa</b> and Ja ff a .</div>"
346	pls19470507-01.1.3	7 May 1947	pls	Page 3	"<div class=""txtsearchsnippet"">Jerusalem &amp; <b class=""highlightcolor"">Haifa</b></div>"
347	pls19470523-01.1.3	23 May 1947	pls	Page 3	"<div class=""txtsearchsnippet"">... . Cana _an 2 * 1 . 2 M <b class=""highlightcolor"">Haifa</b> 2 ( 5 . 8 61 Reisan 38 . ...</div>"
348	pls19451118-01.1.3	18 November 1945	pls	Page 3	"<div class=""txtsearchsnippet""><b class=""highlightcolor"">Haifa</b> s largest Photo Shop</div>"
349	pls19460130-01.1.3	30 January 1946	pls	Page 3	"<div class=""txtsearchsnippet"">KARNAK 4 Bank St ., <b class=""highlightcolor"">Haifa</b> | _H ALFRED ROCH and Co . Ajanai St ...</div>"
350	pls19470110-01.1.3	10 January 1947	pls	Page 3	"<div class=""txtsearchsnippet"">P . O . R . 443 , <b class=""highlightcolor"">Haifa</b></div>"
351	pls19460816-01.1.3	16 August 1946	pls	Page 3	"<div class=""txtsearchsnippet"">11 Nordau Street <b class=""highlightcolor"">Haifa</b></div>"
352	pls19470930-01.1.3	30 September 1947	pls	Page 3	"<div class=""txtsearchsnippet"">TEN KILLED IN <b class=""highlightcolor"">HAIFA</b> EXPLOSION</div>"
353	pls19411017-01.1.2	17 October 1941	pls	Page 2	"<div class=""txtsearchsnippet"">w I ¦ _Wfw HOTEL * [ — <b class=""highlightcolor"">HAIFA</b> — j ITS A NAMT _1 AND \ PL ...</div>"
354	pls19411105-01.1.2	5 November 1941	pls	Page 2	"<div class=""txtsearchsnippet"">... in thefinal in the first round , Whelan of <b class=""highlightcolor"">Haifa</b> heat : Bales of _Pei . _o-an bv a ...</div>"
355	pls19430713-01.1.2	13 July 1943	pls	Page 2	"<div class=""txtsearchsnippet"">40 Herzl St ., <b class=""highlightcolor"">Haifa</b> Phone 4976 .</div>"
356	pls19440116-01.1.2	16 January 1944	pls	Page 2	"<div class=""txtsearchsnippet"">... I 1 / _ ¦ \ 59 Kingsway , <b class=""highlightcolor"">HAIFA</b> OJ &gt; _^!? _Ked Station p</div>"
357	pls19431230-01.1.2	30 December 1943	pls	Page 2	"<div class=""txtsearchsnippet""><b class=""highlightcolor"">HAIFA</b></div>"
358	pls19440921-01.1.2	21 September 1944	pls	Page 2	"<div class=""txtsearchsnippet"">... of the Jewish and Moslem holidays , the Acting <b class=""highlightcolor"">-Haifa</b> District Commissioner , Mr . W . V . ...</div>"
359	pls19440815-01.1.2	15 August 1944	pls	Page 2	"<div class=""txtsearchsnippet"">KURT HAAS , Ltd . 40 Herzl St . <b class=""highlightcolor"">Haifa</b> , ff Phone 4976 .</div>"
360	pls19460508-01.1.2	8 May 1946	pls	Page 2	"<div class=""txtsearchsnippet"">MACCABI HAIL , <b class=""highlightcolor"">HAIFA</b> Saturday , May I I . 8 , 30 ...</div>"
361	pls19460712-01.1.2	12 July 1946	pls	Page 2	"<div class=""txtsearchsnippet"">... intimation . OBITUARY The death took place at the <b class=""highlightcolor"">Government Hospital</b> , <b class=""highlightcolor"">Haifa</b> , on July 10 . 1946 ...</div>"
362	pls19460726-01.1.2	26 July 1946	pls	Page 2	"<div class=""txtsearchsnippet""><b class=""highlightcolor"">HAIFA</b> New Business Centre Hadar : 47 Herzl Street</div>"
363	pls19480112-01.1.1	12 January 1948	pls	Page 1	"<div class=""txtsearchsnippet"">... . _itJ ) , Tel Aviv • AGENTS IX <b class=""highlightcolor"">HAIFA</b> : Ocean limited Company , _Krefcbainn Building , !! ...</div>"
364	pls19440416-01.1.3	16 April 1944	pls	Page 3	"<div class=""txtsearchsnippet"">... ° r lthe ; AI ! White Eleven in <b class=""highlightcolor"">Haifa</b> re- iir &amp; t lime in a number of ...</div>"
365	pls19440107-01.1.3	7 January 1944	pls	Page 3	"<div class=""txtsearchsnippet"">32 Herzlia St ., <b class=""highlightcolor"">Haifa</b> _fmmmmSmmWm ¦ _¦&lt; _% - \ _^ ; , ...</div>"
366	pls19440830-01.1.3	30 August 1944	pls	Page 3	"<div class=""txtsearchsnippet"">... . O . Apteker , 9 Hechalutz St ., <b class=""highlightcolor"">Haifa</b> .</div>"
367	pls19450625-01.1.3	25 June 1945	pls	Page 3	"<div class=""txtsearchsnippet"">... Spring Retains on ( last at Herzl Street , <b class=""highlightcolor"">Haifa</b> ) that he was liberated from a concentration and ...</div>"
368	pls19471209-01.1.1	9 December 1947	pls	Page 1	"<div class=""txtsearchsnippet"">• Palestine Post Bureau <b class=""highlightcolor"">HAIFA</b> , Monday . — A battle was waged on ...</div>"
369	pls19471005-01.1.1	5 October 1947	pls	Page 1	"<div class=""txtsearchsnippet"">... . M . _Chamouft went on to claim that <b class=""highlightcolor"">Haifa</b> and Tiberias . Jaffa , Beersheba , Safad and ...</div>"
370	pls19420111-01.1.3	11 January 1942	pls	Page 3	"<div class=""txtsearchsnippet"">... Tepelier l A HoKi _** ec ! Ns Child <b class=""highlightcolor"">HAIFA</b> , Saturday . — Another death sentence was passed ...</div>"
371	pls19420716-01.1.3	16 July 1942	pls	Page 3	"<div class=""txtsearchsnippet"">WHEN ON LEAVE _D _* <b class=""highlightcolor"">HAIFA</b> STAY ONX , * A ! _T THUS</div>"
372	pls19430122-01.1.3	22 January 1943	pls	Page 3	"<div class=""txtsearchsnippet"">29 Herzl Street , <b class=""highlightcolor"">Haifa</b></div>"
373	pls19430926-01.1.3	26 September 1943	pls	Page 3	"<div class=""txtsearchsnippet""><b class=""highlightcolor"">Haifa</b> _a t Photosho Largesp</div>"
374	pls19420813-01.1.3	13 August 1942	pls	Page 3	"<div class=""txtsearchsnippet"">WHEN ON MCAVE TS <b class=""highlightcolor"">HAIFA</b> STAY ONLY AT ram</div>"
375	pls19420914-01.1.3	14 September 1942	pls	Page 3	"<div class=""txtsearchsnippet"">... , Ka _^ at _S O . iare , <b class=""highlightcolor"">Haifa</b> .</div>"
376	pls19421122-01.1.3	22 November 1942	pls	Page 3	"<div class=""txtsearchsnippet"">... :: 00 mils the rotl in the in suq <b class=""highlightcolor"">Haifa</b> on Friday A reduction on foodstuffs prices is _. ...</div>"
377	pls19450126-01.1.3	26 January 1945	pls	Page 3	"<div class=""txtsearchsnippet"">20 Nordau St ., <b class=""highlightcolor"">Haifa</b></div>"
378	pls19450531-01.1.2	31 May 1945	pls	Page 2	"<div class=""txtsearchsnippet"">Armon , <b class=""highlightcolor"">Haifa</b> Tedav . May SI , 11 a . m</div>"
379	pls19451214-01.1.3	14 December 1945	pls	Page 3	"<div class=""txtsearchsnippet"">... « G—B . MAW * 29 Herzl St . <b class=""highlightcolor"">HAIFA</b> 1 st . FXOOK .</div>"
380	pls19460213-01.1.3	13 February 1946	pls	Page 3	"<div class=""txtsearchsnippet"">SS Prophet St .. <b class=""highlightcolor"">Haifa</b></div>"
381	pls19470912-01.1.2	12 September 1947	pls	Page 2	"<div class=""txtsearchsnippet"">... f Dr . E . Kahan ( formerly at <b class=""highlightcolor"">Government Hospital</b> , Jerusalem ) has moved to Khoury House ...</div>"
382	pls19471008-01.1.3	8 October 1947	pls	Page 3	"<div class=""txtsearchsnippet"">P . O . B . 46 , <b class=""highlightcolor"">Haifa</b> Also at _Jatfa and Jerusalem</div>"
383	pls19430803-01.1.2	3 August 1943	pls	Page 2	"<div class=""txtsearchsnippet"">... , on August 1 , 1943 , at the <b class=""highlightcolor"">Government Hospital</b> , Jerusalem — a daughter , Beatrice May ...</div>"
384	pls19430711-01.1.2	11 July 1943	pls	Page 2	"<div class=""txtsearchsnippet"">82 Herzlia St ., <b class=""highlightcolor"">Haifa</b> Phone 32 _U Nightly from 7 . S 0</div>"
385	pls19450406-01.1.2	6 April 1945	pls	Page 2	"<div class=""txtsearchsnippet"">ministrator , arrived at <b class=""highlightcolor"">Haifa</b> last night after having visited Kfar Shmaryahu and other ...</div>"
386	pls19410819-01.1.1	19 August 1941	pls	Page 1	"<div class=""txtsearchsnippet"">Medical Appliances Hadassah and the <b class=""highlightcolor"">Government Hospital</b> at <b class=""highlightcolor"">Haifa</b> have nt medical appliances , and ...</div>"
387	pls19470408-01.1.3	8 April 1947	pls	Page 3	"<div class=""txtsearchsnippet"">... : . Rashid Cinema . Tel . 675 Opp <b class=""highlightcolor"">Haifa</b> : 41 Kingsway , Tell . 2116 . ¦ ...</div>"
388	pls19421118-01.1.2	18 November 1942	pls	Page 2	"<div class=""txtsearchsnippet"">... ¥ li V I _% _3 3 ii IN <b class=""highlightcolor"">HAIFA</b></div>"
389	pls19451030-01.1.2	30 October 1945	pls	Page 2	"<div class=""txtsearchsnippet"">TEL AVIV : 24 Montefiore St <b class=""highlightcolor"">HAIFA</b> : 16 Bank St</div>"
390	pls19460902-01.1.3	2 September 1946	pls	Page 3	"<div class=""txtsearchsnippet""><b class=""highlightcolor"">HAIFA</b> MACHINES AGENCY</div>"
391	pls19410815-01.1.3	15 August 1941	pls	Page 3	"<div class=""txtsearchsnippet"">... Damascus . Railwey . —A special rail tariff from <b class=""highlightcolor"">Haifa</b> Port to Amman , Zerka and Mafraq in Trans-Jordan ...</div>"
392	pls19440808-01.1.4	8 August 1944	pls	Page 4	"<div class=""txtsearchsnippet"">JHE ELECTRIC WIRE CO . OF PALESTIHE LIMITED <b class=""highlightcolor"">HAIFA</b></div>"
393	pls19470505-01.1.3	5 May 1947	pls	Page 3	"<div class=""txtsearchsnippet"">... \ 5005 . Tel Aviv Branches : JERUSALEM — <b class=""highlightcolor"">HAIFA</b> .</div>"
394	pls19470112-01.1.4	12 January 1947	pls	Page 4	"<div class=""txtsearchsnippet"">will sail from <b class=""highlightcolor"">HAIFA</b> on or about JANUARY 27 TO</div>"
395	pls19430817-01.1.2	17 August 1943	pls	Page 2	"<div class=""txtsearchsnippet"">... AVIV ( 4 BRANCHES ) • JAFFAl JERUSALEM • <b class=""highlightcolor"">HAIFA</b> • HADAR-HACARMEL • SAFADj TIBERIAS • PETAH-TIKVAH • HEDERAH ...</div>"
396	pls19440716-01.1.2	16 July 1944	pls	Page 2	"<div class=""txtsearchsnippet"">HAR — RESTAURANT <b class=""highlightcolor"">Haifa</b> Tel . 4465 THE COSIEST BAR — _—uPEN AIR ...</div>"
397	pls19471212-01.1.3	12 December 1947	pls	Page 3	"<div class=""txtsearchsnippet"">... a rifle , Mohammed _Shukii Hamed ofHedjaz Street , <b class=""highlightcolor"">Haifa</b> , v . . ; s _arrested on Wednesday ...</div>"
398	pls19471228-01.1.3	28 December 1947	pls	Page 3	"<div class=""txtsearchsnippet"">... . .. . ; 0 . 1 lo M <b class=""highlightcolor"">Haifa</b> e . _d I . i s 4 _» ...</div>"
399	pls19460625-01.1.3	25 June 1946	pls	Page 3	"<div class=""txtsearchsnippet"">... : 5234 JERUSALEM Daily _Transport to TEL AVIV — <b class=""highlightcolor"">HAIFA</b></div>"
400	pls19410119-01.1.3	19 January 1941	pls	Page 3	"<div class=""txtsearchsnippet"">... wish National Fund . _OUNDATION Fl ND CELEBRATION IN <b class=""highlightcolor"">HAIFA</b> Past and present activities of the wish National Fund ...</div>"
401	pls19431219-01.1.3	19 December 1943	pls	Page 3	"<div class=""txtsearchsnippet"">40 Heral Street <b class=""highlightcolor"">HAIFA</b></div>"
402	pls19431012-01.1.3	12 October 1943	pls	Page 3	"<div class=""txtsearchsnippet"">32 _Ilcrzlia Street , <b class=""highlightcolor"">Haifa</b> Phone 321 _l . t</div>"
403	pls19420924-01.1.3	24 September 1942	pls	Page 3	"<div class=""txtsearchsnippet"">_WHEtt ON IJB &amp; VE IN <b class=""highlightcolor"">HAIFA</b> STAY _CShX AI THB</div>"
404	pls19421018-01.1.3	18 October 1942	pls	Page 3	"<div class=""txtsearchsnippet"">... ied from 250 .. -ills to LPO by the <b class=""highlightcolor"">Haifa</b> Municipal Tribunal on Thursday afternoon Nine thousand eggs found ...</div>"
405	pls19450530-01.1.3	30 May 1945	pls	Page 3	"<div class=""txtsearchsnippet"">... lined 500 mils - , yes terday by the <b class=""highlightcolor"">Haifa</b> Chief Magistrate P . G . Dickinson Charged with ...</div>"
406	pls19460220-01.1.3	20 February 1946	pls	Page 3	"<div class=""txtsearchsnippet"">TEL AVIV <b class=""highlightcolor"">HAIFA</b> JERUSALEM NATHANYA</div>"
407	pls19451227-01.1.3	27 December 1945	pls	Page 3	"<div class=""txtsearchsnippet"">17 Herzl St ., <b class=""highlightcolor"">HAIFA</b></div>"
408	pls19460918-01.1.3	18 September 1946	pls	Page 3	"<div class=""txtsearchsnippet"">... Mt . Cana an 27 . 5 5 o <b class=""highlightcolor"">Haifa</b> 27 . 2 77 _Beesan ( 114 . 0 ...</div>"
409	pls19470908-01.1.3	8 September 1947	pls	Page 3	"<div class=""txtsearchsnippet"">... KK TO TO ALL ALL RESIDENTS RESIDENTS OF OF <b class=""highlightcolor"">HAIFA</b> <b class=""highlightcolor"">HAIFA</b> AND AND VICINITY VICINITY | | TOMORROW TOMORROW ...</div>"
410	pls19460730-01.1.2	30 July 1946	pls	Page 2	"<div class=""txtsearchsnippet"">... : 5234 JERUSALEM Daily Transport to TEL AVIV — <b class=""highlightcolor"">HAIFA</b></div>"
411	pls19440511-01.1.2	11 May 1944	pls	Page 2	"<div class=""txtsearchsnippet"">... Sea View Book your room by Tel 2866 , <b class=""highlightcolor"">Haifa</b> .</div>"
412	pls19440917-01.1.2	17 September 1944	pls	Page 2	"<div class=""txtsearchsnippet""><b class=""highlightcolor"">HAIFA</b></div>"
413	pls19451007-01.1.2	7 October 1945	pls	Page 2	"<div class=""txtsearchsnippet"">... SPOT f &gt; ON MOUNT CARMEL r % X <b class=""highlightcolor"">HAIFA</b> } f RTTSTAlBAVT—BAR f DANCING 7 X , T ...</div>"
414	pls19460403-01.1.2	3 April 1946	pls	Page 2	"<div class=""txtsearchsnippet"">... the Palestinian &gt; ncumentary 2 * Years fit rue <b class=""highlightcolor"">Haifa</b> Technical College a . : _:. o p . ...</div>"
415	pls19460530-01.1.2	30 May 1946	pls	Page 2	"<div class=""txtsearchsnippet"">... £ _^ 3 _-- _** _i Aiinon Theatre , <b class=""highlightcolor"">Haifa</b> _TOMOHT AT » i ft pmj _£ ? ip</div>"
416	pls19410407-01.1.2	7 April 1941	pls	Page 2	"<div class=""txtsearchsnippet"">10 th SUBSCRIPTION CONCERT <b class=""highlightcolor"">HAIFA</b> : Thu . 10 . 4 . Armon TEL ...</div>"
417	pls19420331-01.1.3	31 March 1942	pls	Page 3	"<div class=""txtsearchsnippet"">... St ., om the steps opp . Orah Cinema <b class=""highlightcolor"">Haifa</b> . We use first-class raw materials onlv . _Hig ...</div>"
418	pls19441107-01.1.3	7 November 1944	pls	Page 3	"<div class=""txtsearchsnippet"">S , S . Guine Leaves <b class=""highlightcolor"">Haifa</b> lor U . S . <b class=""highlightcolor"">HAIFA</b> , Monday . ...</div>"
419	pls19430927-01.1.3	27 September 1943	pls	Page 3	"<div class=""txtsearchsnippet"">... _* ! V Nordau _WJi and Herzl St ., <b class=""highlightcolor"">Haifa</b> On Sunday afternoon FREE BUS TICKET No . 180 ...</div>"
420	pls19440823-01.1.3	23 August 1944	pls	Page 3	"<div class=""txtsearchsnippet"">... Rose and Krumkin J . ) will sit in <b class=""highlightcolor"">Haifa</b> on Monday to hear cases relating to shins ...... ...</div>"
421	pls19441103-01.1.3	3 November 1944	pls	Page 3	"<div class=""txtsearchsnippet"">Tel 331 » <b class=""highlightcolor"">Haifa</b> ; ,</div>"
422	pls19420831-01.1.3	31 August 1942	pls	Page 3	"<div class=""txtsearchsnippet"">... bread during the week-end has again been reported from <b class=""highlightcolor"">Haifa</b> .</div>"
423	pls19451113-01.1.3	13 November 1945	pls	Page 3	"<div class=""txtsearchsnippet"">... * * 13 ft accidents were treated by the <b class=""highlightcolor"">Haifa</b> Ala David Adorn gen during October , 60 of ...</div>"
424	pls19460129-01.1.3	29 January 1946	pls	Page 3	"<div class=""txtsearchsnippet"">... ( Jenin sub-district ) was yesterday brought to the <b class=""highlightcolor"">Haifa</b> <b class=""highlightcolor"">Government Hospital</b> in a serious condition . A 16-yearold ...</div>"
425	pls19460108-01.1.3	8 January 1946	pls	Page 3	"<div class=""txtsearchsnippet"">... European refugees is leaving in a few days , <b class=""highlightcolor"">Haifa</b> arm northern region residents are reminded . Parcels should ...</div>"
426	pls19460315-01.1.3	15 March 1946	pls	Page 3	"<div class=""txtsearchsnippet"">... . - • r _&lt; » I I i <b class=""highlightcolor"">Haifa</b> s Largest PhotoShop irOffi IJ J _/^ A 10 ...</div>"
427	pls19460319-01.1.3	19 March 1946	pls	Page 3	"<div class=""txtsearchsnippet"">... Sunday by the workers of the Histad-rnt-i-ontrolled factories in <b class=""highlightcolor"">Haifa</b> Bay i . s expected to be called off ...</div>"
428	pls19471210-01.1.2	10 December 1947	pls	Page 2	"<div class=""txtsearchsnippet"">Referring to the battle in <b class=""highlightcolor"">Haifa</b> on Monday , Al Wahda clamed that the Haganah ...</div>"
429	pls19431111-01.1.3	11 November 1943	pls	Page 3	"<div class=""txtsearchsnippet"">40 HERZL ST ., <b class=""highlightcolor"">HAIFA</b> Skirts , Blouses , Utility dresses &amp; other models</div>"
430	pls19450209-01.1.3	9 February 1945	pls	Page 3	"<div class=""txtsearchsnippet"">... ; y Lir _ them in Kiryat Bialik , <b class=""highlightcolor"">Haifa</b> 7 ^ h houses have Kay ; b ¦ ...</div>"
431	pls19410701-01.1.3	1 July 1941	pls	Page 3	"<div class=""txtsearchsnippet"">... on the sunken | es . _Patria at the <b class=""highlightcolor"">Haifa</b> Port yester- ; lay _sfternoon . He was taken ...</div>"
432	pls19440131-01.1.3	31 January 1944	pls	Page 3	"<div class=""txtsearchsnippet"">... Both , 12 Maze St ., Tel Aviv IN <b class=""highlightcolor"">HAIFA</b> : On Feb . 2 , Pharmacy , 2 ...</div>"
433	pls19460214-01.1.3	14 February 1946	pls	Page 3	"<div class=""txtsearchsnippet"">K Jaffa Road , <b class=""highlightcolor"">Haifa</b></div>"
434	pls19460219-01.1.3	19 February 1946	pls	Page 3	"<div class=""txtsearchsnippet"">... recovered . • • * Seven new arrivals in <b class=""highlightcolor"">Haifa</b> yesterday . disembarked from the s . s . ...</div>"
435	pls19420222-01.1.3	22 February 1942	pls	Page 3	"<div class=""txtsearchsnippet"">... 44 Jaffa Road , Tel . 786 , - <b class=""highlightcolor"">HAIFA</b> -</div>"
436	pls19450727-01.1.2	27 July 1945	pls	Page 2	"<div class=""txtsearchsnippet"">| Central Carmel , <b class=""highlightcolor"">Haifa</b> t * En ranee free &gt; | G * ...</div>"
437	pls19470716-01.1.3	16 July 1947	pls	Page 3	"<div class=""txtsearchsnippet"">... . Mt . Canaa :. J -. o 27 <b class=""highlightcolor"">Haifa</b> 17 . 5 63 Beisar . 27 . 2 ...</div>"
438	pls19420427-01.1.3	27 April 1942	pls	Page 3	"<div class=""txtsearchsnippet"">JERUSALEM TEL AVTV • <b class=""highlightcolor"">HAIFA</b> REHOVOTH •</div>"
439	pls19440315-01.1.2	15 March 1944	pls	Page 2	"<div class=""txtsearchsnippet"">... &amp; Music Bayer Shop , 3 Yechiel Street , <b class=""highlightcolor"">HAIFA</b> .</div>"
440	pls19450419-01.1.3	19 April 1945	pls	Page 3	"<div class=""txtsearchsnippet"">... . at 36 Vine St ., German Colony , <b class=""highlightcolor"">Haifa</b> . \ [; - ; Inspection : Friday , ...</div>"
441	pls19450302-01.1.3	2 March 1945	pls	Page 3	"<div class=""txtsearchsnippet""><b class=""highlightcolor"">HAIFA</b></div>"
442	pls19450809-01.1.2	9 August 1945	pls	Page 2	"<div class=""txtsearchsnippet"">... _^ _A-fi _^ _kSolpl AS- — Armon Theatre , <b class=""highlightcolor"">Haifa</b> . Tonight at 9 .</div>"
443	pls19460602-01.1.2	2 June 1946	pls	Page 2	"<div class=""txtsearchsnippet""><b class=""highlightcolor"">HAIFA</b> Lunch-Dinner Danc : ing every night Tel . 4460</div>"
444	pls19420212-01.1.3	12 February 1942	pls	Page 3	"<div class=""txtsearchsnippet"">MAYORS CONFERENCE A - will meet at <b class=""highlightcolor"">Haifa</b> on Sunday to discuss supply problems ... THE ROTA ...</div>"
445	pls19431202-01.1.2	2 December 1943	pls	Page 2	"<div class=""txtsearchsnippet"">... of B / Sgt . H . AndersOn at <b class=""highlightcolor"">Government Hospital</b> , <b class=""highlightcolor"">Haifa</b> , on Nov . 30 , ...</div>"
446	pls19450304-01.1.2	4 March 1945	pls	Page 2	"<div class=""txtsearchsnippet"">... : B . ROCIUNOWSKI New Bus . Centre , <b class=""highlightcolor"">Haifa</b> Tel . 4392</div>"
447	pls19420205-01.1.3	5 February 1942	pls	Page 3	"<div class=""txtsearchsnippet"">... -44 Jaffa Road , Tel . 786 , , <b class=""highlightcolor"">—HAIFA—</b></div>"
448	pls19430228-01.1.3	28 February 1943	pls	Page 3	"<div class=""txtsearchsnippet"">12 nd . floor , 59 Herzl St ., <b class=""highlightcolor"">Haifa</b></div>"
449	pls19461029-01.1.3	29 October 1946	pls	Page 3	"<div class=""txtsearchsnippet"">... Mt . Can a an 18 . 1 31 <b class=""highlightcolor"">Haifa</b> 44 . 0 60 Boi . san 2 _^ ...</div>"
450	pls19470610-01.1.3	10 June 1947	pls	Page 3	"<div class=""txtsearchsnippet"">... Mt . Cana _ ai , . Oil -0 <b class=""highlightcolor"">Haifa</b> ; 0 . 2 ( _, K P _-I ...</div>"
451	pls19410904-01.1.3	4 September 1941	pls	Page 3	"<div class=""txtsearchsnippet"">... . M . G . Levin of ; j <b class=""highlightcolor"">Haifa</b> ; Mr . Baratz of _Degania ; Sheikh Ilrelh ...</div>"
452	pls19410303-01.1.2	3 March 1941	pls	Page 2	"<div class=""txtsearchsnippet"">... in the Air at the monthly meeting of the <b class=""highlightcolor"">Haifa</b> Busi</div>"
453	pls19410331-01.1.3	31 March 1941	pls	Page 3	"<div class=""txtsearchsnippet"">... Tel Aviv ; Mr . , Mayor labbetai of <b class=""highlightcolor"">Haifa</b> and Levy , Mayor rofessor Hermann Struck . Journists ...</div>"
454	pls19411007-01.1.3	7 October 1941	pls	Page 3	"<div class=""txtsearchsnippet"">... automatic was . found lying in Nazarem Street , <b class=""highlightcolor"">Haifa</b> , on Saturdafternoonand ay , _. --oized by the ...</div>"
455	pls19440502-01.1.3	2 May 1944	pls	Page 3	"<div class=""txtsearchsnippet"">Mount Carmel — <b class=""highlightcolor"">HAIFA</b> — Phone 4989 ENCHANTING GARDEN 2 performances daily at ...</div>"
456	pls19440508-01.1.3	8 May 1944	pls	Page 3	"<div class=""txtsearchsnippet"">... havia , _Jerusalem for similar fiat or hcuse in <b class=""highlightcolor"">Haifa</b> . Apply : Xo . 3628 , P . ...</div>"
457	pls19441008-01.1.3	8 October 1944	pls	Page 3	"<div class=""txtsearchsnippet"">... - daylight . NINE new settlers who arrived in <b class=""highlightcolor"">Haifa</b> on Friday were taken to the Settlers Hos : ...</div>"
458	pls19451129-01.1.3	29 November 1945	pls	Page 3	"<div class=""txtsearchsnippet"">... boundaries of Waldheim and Beit Lahm villages in the <b class=""highlightcolor"">Haifa</b> sub-district , both German Templar settlements , have been ...</div>"
459	pls19451106-01.1.3	6 November 1945	pls	Page 3	"<div class=""txtsearchsnippet"">. <b class=""highlightcolor"">Haifa</b> &amp; Tel Aviv</div>"
460	pls19451021-01.1.3	21 October 1945	pls	Page 3	"<div class=""txtsearchsnippet"">... the International Red Cross to send their addresses to <b class=""highlightcolor"">Haifa</b> office of The Palestine Post Heinrich Garfunkel ( Lemberg ...</div>"
461	pls19460107-01.1.3	7 January 1946	pls	Page 3	"<div class=""txtsearchsnippet""><b class=""highlightcolor"">Haifa</b> Barclays Bank Chambers King s w a v Tel ...</div>"
462	pls19470128-01.1.3	28 January 1947	pls	Page 3	"<div class=""txtsearchsnippet"">... Gan , on Sunday night Articles belonging to the <b class=""highlightcolor"">Haifa</b> Jewish Burial Society were taken on Saturday</div>"
463	pls19480211-01.1.2	11 February 1948	pls	Page 2	"<div class=""txtsearchsnippet"">... 1 lien Yehuda Street , Tel . 4310 ; <b class=""highlightcolor"">Haifa</b> : 71 Kingsway , Tel . 45 ( 13 ...</div>"
464	pls19470624-01.1.3	24 June 1947	pls	Page 3	"<div class=""txtsearchsnippet"">... 1 eide . The ; by buifnow in tlie <b class=""highlightcolor"">Haifa</b> Gov- , ; ernment Hospiiul . _Facing- into a ...</div>"
465	pls19480805-01.1.3	5 August 1948	pls	Page 3	"<div class=""txtsearchsnippet"">... J II \ . i M Ry JUDITH AVRUNIN <b class=""highlightcolor"">HAIFA</b> , Wednesday . — A valuable asset for a ...</div>"
466	pls19440113-01.1.3	13 January 1944	pls	Page 3	"<div class=""txtsearchsnippet"">... _^^^^ f _w AT THE _^ AVOY HOTEL _^ <b class=""highlightcolor"">HAIFA</b> FAMOUS BAR—BENOWNED CUISINE</div>"
467	pls19480426-01.1.1	26 April 1948	pls	Page 1	"<div class=""txtsearchsnippet"">... today . The Consular Truce Committee met yesterday . <b class=""highlightcolor"">Haifa</b> is in order and at but Jamal Mardam peace ...</div>"
468	pls19411002-01.1.3	2 October 1941	pls	Page 3	"<div class=""txtsearchsnippet"">... lor the _SerTices 25 L . EVONTIN STREET — <b class=""highlightcolor"">HAIFA</b> - • __*&amp; Opposite _English Hisrh Poaac . for ...</div>"
469	pls19431108-01.1.3	8 November 1943	pls	Page 3	"<div class=""txtsearchsnippet"">... Gat Rimon St ., TEL AVIV . Phone 52131 <b class=""highlightcolor"">Haifa</b> Agent : K . Druckman , 4 Palmers Gate ...</div>"
470	pls19431123-01.1.3	23 November 1943	pls	Page 3	"<div class=""txtsearchsnippet""><b class=""highlightcolor"">HAIFA</b> : ARMON , THURSDAY TEL AVIV : OHEL , ...</div>"
471	pls19450204-01.1.3	4 February 1945	pls	Page 3	"<div class=""txtsearchsnippet"">... ¦ brought Richard Kahla ( 17 ) to Jerusalem <b class=""highlightcolor"">Government Hospital</b> on Thursday . He said that trie night ...</div>"
472	pls19450815-01.1.1	15 August 1945	pls	Page 1	"<div class=""txtsearchsnippet"">4 Palmer s . Gate , <b class=""highlightcolor"">Haifa</b> P OB . 1485 — Tel . 4004</div>"
473	pls19471203-01.1.1	3 December 1947	pls	Page 1	"<div class=""txtsearchsnippet"">... _F S A I . * E &gt; r <b class=""highlightcolor"">HAIFA</b> TEI , AVIV</div>"
474	pls19471218-01.1.3	18 December 1947	pls	Page 3	"<div class=""txtsearchsnippet"">... , o . - 13 .. 1 84 Ol <b class=""highlightcolor"">Haifa</b> 10 . * 17 . 0 50 7 S ...</div>"
475	pls19470606-01.1.3	6 June 1947	pls	Page 3	"<div class=""txtsearchsnippet"">... ran a a ii 21 . 7 : &gt; <b class=""highlightcolor"">Haifa</b> 24 .. *! Tr . Beisan . , - ...</div>"
476	pls19410212-01.1.3	12 February 1941	pls	Page 3	"<div class=""txtsearchsnippet"">... . UFA . Tuesday . — Head Wardof the <b class=""highlightcolor"">Haifa</b> Jewish A . R . P _inization met Mr ...</div>"
477	pls19411003-01.1.3	3 October 1941	pls	Page 3	"<div class=""txtsearchsnippet"">... . S . \ V . Weldon , in <b class=""highlightcolor"">Haifa</b> yesterday . He paid the fine .</div>"
478	pls19420113-01.1.3	13 January 1942	pls	Page 3	"<div class=""txtsearchsnippet"">... S S _, 2 , BEN YEHUDA ST . <b class=""highlightcolor"">HAIFA</b> ! _DAAT- 45 . HERZL ST . el , ...</div>"
479	pls19420316-01.1.3	16 March 1942	pls	Page 3	"<div class=""txtsearchsnippet"">_imm Ml ! Li , <b class=""highlightcolor"">HAIFA</b></div>"
480	pls19430226-01.1.3	26 February 1943	pls	Page 3	"<div class=""txtsearchsnippet"">... _. nti Dr . M . _Koloweitdhik of . <b class=""highlightcolor"">Haifa</b> . lceqiiests for Govern men : loans fcr ay ...</div>"
481	pls19440731-01.1.2	31 July 1944	pls	Page 2	"<div class=""txtsearchsnippet"">... 2 t » _dav-s _, and died in the <b class=""highlightcolor"">Government Hospital</b> in . Jerusalem . She had mace a ...</div>"
482	pls19450225-01.1.3	25 February 1945	pls	Page 3	"<div class=""txtsearchsnippet"">17 . Herzl . Strer :. <b class=""highlightcolor"">HAIFA</b></div>"
483	pls19450713-01.1.6	13 July 1945	pls	Page 6	"<div class=""txtsearchsnippet"">... : A lf _. :. -iri , inii , <b class=""highlightcolor"">Haifa</b> : Nos . 2 7 , OS ipar . ...</div>"
484	pls19451223-01.1.2	23 December 1945	pls	Page 2	"<div class=""txtsearchsnippet"">BAR — RESTAURANT Hadar _Hncaivnel , <b class=""highlightcolor"">Haifa</b> TEL . 44 a 5</div>"
485	pls19480102-01.1.2	2 January 1948	pls	Page 2	"<div class=""txtsearchsnippet"">... , at the P P O . Offices . <b class=""highlightcolor"">HAIFA</b> , at Ginzburg s , 25 Herzl</div>"
486	pls19461013-01.1.2	13 October 1946	pls	Page 2	"<div class=""txtsearchsnippet""><b class=""highlightcolor"">HAIFA</b> Tei . 4465</div>"
487	pls19420422-01.1.2	22 April 1942	pls	Page 2	"<div class=""txtsearchsnippet"">Mt . Carmel , <b class=""highlightcolor"">Haifa</b> . Phone 480</div>"
488	pls19420611-01.1.2	11 June 1942	pls	Page 2	"<div class=""txtsearchsnippet""><b class=""highlightcolor"">HAIFA</b> : . _Abramovici TaIng bor St . ; Paula ...</div>"
489	pls19450521-01.1.2	21 May 1945	pls	Page 2	"<div class=""txtsearchsnippet"">... his way from England to the Soviet Union hft <b class=""highlightcolor"">Haifa</b> yesterday for Mo . - * - * UW ...</div>"
490	pls19470218-01.1.2	18 February 1947	pls	Page 2	"<div class=""txtsearchsnippet"">JERUSALEM ? <b class=""highlightcolor"">HAIFA</b></div>"
491	pls19461027-01.1.2	27 October 1946	pls	Page 2	"<div class=""txtsearchsnippet"">... \ s i * v M _** : J <b class=""highlightcolor"">HAIFA</b></div>"
492	pls19460816-01.1.2	16 August 1946	pls	Page 2	"<div class=""txtsearchsnippet"">... — 1 _hixhitjition of Applied Arts ; _Musf-um _, <b class=""highlightcolor"">HAIFA</b> 9—13--9 - Ait Exhibition of ; Union of Painters ...</div>"
493	pls19440131-01.1.2	31 January 1944	pls	Page 2	"<div class=""txtsearchsnippet""><b class=""highlightcolor"">Haifa</b> on Saturday . After spend</div>"
494	pls19440906-01.1.2	6 September 1944	pls	Page 2	"<div class=""txtsearchsnippet"">... ! N | ^ 17 A losoroff St ., <b class=""highlightcolor"">HAIFA</b></div>"
495	pls19480115-01.1.3	15 January 1948	pls	Page 3	"<div class=""txtsearchsnippet"">... the Jerusalem area _irorri Egypt , South Africa , <b class=""highlightcolor"">Haifa</b> , . inre , el Aviv and Tulkarm The ...</div>"
496	pls19440125-01.1.2	25 January 1944	pls	Page 2	"<div class=""txtsearchsnippet"">KURT HAAS LTD . fl 40 Herzl St ., <b class=""highlightcolor"">Haifa</b> j | I ¦ Tel . 4976 . ! ...</div>"
497	pls19440121-01.1.2	21 January 1944	pls	Page 2	"<div class=""txtsearchsnippet"">... W . Bigger , the _Senior _Medical Officer in <b class=""highlightcolor"">Haifa</b> on Wednesday , night . Medical Officers and Health ...</div>"
498	pls19420217-01.1.3	17 February 1942	pls	Page 3	"<div class=""txtsearchsnippet"">... , and Mr . S . Bouzaarlo . of <b class=""highlightcolor"">Haifa</b> , as Past Deputv Grand Masters-- Mr . M ...</div>"
499	pls19470815-01.1.2	15 August 1947	pls	Page 2	"<div class=""txtsearchsnippet"">... August 17 , 194 at the Werner Cafe , <b class=""highlightcolor"">Haifa</b> , between Mr . Ered Rosenmann of Tel Aviv ...</div>"
500	pls19480528-01.1.2	28 May 1948	pls	Page 2	"<div class=""txtsearchsnippet"">... writing less about Palestine- The Arab exodus from ( <b class=""highlightcolor"">Haifa</b> , Jaffa , Beisan , etc . has sed ...</div>"
501	pls19420426-01.1.2	26 April 1942	pls	Page 2	"<div class=""txtsearchsnippet""><b class=""highlightcolor"">HAIFA</b> , Armon Theatre Thursday , April 30 , 5 ...</div>"
502	pls19420426-01.1.3	26 April 1942	pls	Page 3	"<div class=""txtsearchsnippet"">. . Xordcu St ., <b class=""highlightcolor"">Haifa</b> ( opp . Cafe _Katzi . Repairs and snte ...</div>"
503	pls19420319-01.1.3	19 March 1942	pls	Page 3	"<div class=""txtsearchsnippet"">5 Nordau St ., Tel . 977 <b class=""highlightcolor"">HAIFA</b></div>"
504	pls19440104-01.1.3	4 January 1944	pls	Page 3	"<div class=""txtsearchsnippet"">... , P . O . B . 44 , <b class=""highlightcolor"">Haifa</b> .</div>"
505	pls19460812-01.1.2	12 August 1946	pls	Page 2	"<div class=""txtsearchsnippet""><b class=""highlightcolor"">HAIFA</b> : ARMON Wednesday at 9 p . m .</div>"
506	pls19470926-01.1.3	26 September 1947	pls	Page 3	"<div class=""txtsearchsnippet"">... _«^ _TIE 8 . 8 _Efflialia pected A n <b class=""highlightcolor"">Haifa</b> from Cypris today with 199 _imm- £ rin \&gt; ...</div>"
507	pls19410715-01.1.2	15 July 1941	pls	Page 2	"<div class=""txtsearchsnippet""><b class=""highlightcolor"">HAIFA</b> , Armon Theatre Thursday , July 117 , matir ...</div>"
508	pls19410420-01.1.2	20 April 1941	pls	Page 2	"<div class=""txtsearchsnippet"">near <b class=""highlightcolor"">Haifa</b> On . the beach</div>"
509	pls19421227-01.1.3	27 December 1942	pls	Page 3	"<div class=""txtsearchsnippet""><b class=""highlightcolor"">HAIFA</b> KE ! _BVT Palm ? _:-. . ¦ = ...</div>"
510	pls19450112-01.1.3	12 January 1945	pls	Page 3	"<div class=""txtsearchsnippet"">... Tahse _^ n was forced to take refuge in <b class=""highlightcolor"">Haifa</b> port where it is being repaired . It was ...</div>"
511	pls19441113-01.1.3	13 November 1944	pls	Page 3	"<div class=""txtsearchsnippet"">&amp; 00 LTD . MULFQPQ , JERUSALEM — <b class=""highlightcolor"">HAIFA</b> THE _MOOHRi LIBRARY</div>"
512	pls19421002-01.1.3	2 October 1942	pls	Page 3	"<div class=""txtsearchsnippet"">... and 17 Allenby Rd ., Tfel . 4553 . <b class=""highlightcolor"">Haifa</b> : ! J . 1 laut , Sahayoun t ...</div>"
513	pls19420824-01.1.3	24 August 1942	pls	Page 3	"<div class=""txtsearchsnippet"">... by artificial respiration ,, were two Jewish residents of <b class=""highlightcolor"">Haifa</b> and an Australian soldier . * * * / ...</div>"
514	pls19450615-01.1.3	15 June 1945	pls	Page 3	"<div class=""txtsearchsnippet"">... may be seen at their offices in Jerusalem , <b class=""highlightcolor"">Haifa</b> and Tel Aviv and at the Jerusalem office of ...</div>"
515	pls19450822-01.1.3	22 August 1945	pls	Page 3	"<div class=""txtsearchsnippet"">... , P . O . B . 66 , <b class=""highlightcolor"">Haifa</b></div>"
516	pls19450829-01.1.3	29 August 1945	pls	Page 3	"<div class=""txtsearchsnippet"">... wa . s gravely hurt and taken to the <b class=""highlightcolor"">Government Hospital</b> yesterday . , * * * A train ...</div>"
517	pls19450611-01.1.3	11 June 1945	pls	Page 3	"<div class=""txtsearchsnippet"">BATTERY WORKS , <b class=""highlightcolor"">HAIFA</b> P . OJB . 10 « 9 /— Tel ...</div>"
518	pls19470502-01.1.3	2 May 1947	pls	Page 3	"<div class=""txtsearchsnippet"">18 a Arlosoroff St . <b class=""highlightcolor"">Haifa</b></div>"
519	pls19460307-01.1.3	7 March 1946	pls	Page 3	"<div class=""txtsearchsnippet""><b class=""highlightcolor"">HAIFA</b> , Wednesday . -- During a quarrel at midnight ...</div>"
520	pls19460201-01.1.3	1 February 1946	pls	Page 3	"<div class=""txtsearchsnippet"">FIRE IN <b class=""highlightcolor"">HAIFA</b> RAF STORES</div>"
521	pls19460627-01.1.2	27 June 1946	pls	Page 2	"<div class=""txtsearchsnippet"">... , June 25 . 19 if * at the <b class=""highlightcolor"">Government _Hospital</b> , <b class=""highlightcolor"">Haifa</b> — a son , Timothy . ...</div>"
522	pls19471119-01.1.3	19 November 1947	pls	Page 3	"<div class=""txtsearchsnippet"">The s . s . Rossia is due in <b class=""highlightcolor"">Haifa</b> this morning with 187 passengers . _* * * ...</div>"
523	pls19440310-01.1.2	10 March 1944	pls	Page 2	"<div class=""txtsearchsnippet"">BY FIRST CLASS HOTEL IN <b class=""highlightcolor"">HAIFA</b></div>"
524	pls19450418-01.1.2	18 April 1945	pls	Page 2	"<div class=""txtsearchsnippet"">... \ UjL _^ ± i _\ J BAT GALIM <b class=""highlightcolor"">HAIFA</b> . TEL . 3223</div>"
525	pls19450718-01.1.2	18 July 1945	pls	Page 2	"<div class=""txtsearchsnippet"">... ment . A .,, _Swirtn : md Lebanese Lega- <b class=""highlightcolor"">HAIFA</b></div>"
526	pls19460324-01.1.2	24 March 1946	pls	Page 2	"<div class=""txtsearchsnippet"">UNION OV MUSICIANS-, <b class=""highlightcolor"">HAIFA</b></div>"
527	pls19460609-01.1.3	9 June 1946	pls	Page 3	"<div class=""txtsearchsnippet"">... Tel . 3888 TEL AVIV : 3 Huhashmal Street <b class=""highlightcolor"">HAIFA</b> : 4 S King George Ave ., Tel . ...</div>"
528	pls19461108-01.1.3	8 November 1946	pls	Page 3	"<div class=""txtsearchsnippet""><b class=""highlightcolor"">HAIFA</b> _CINEMAS</div>"
529	pls19470616-01.1.3	16 June 1947	pls	Page 3	"<div class=""txtsearchsnippet"">... , P . O . B . J 764 <b class=""highlightcolor"">Haifa</b> .</div>"
530	pls19470603-01.1.3	3 June 1947	pls	Page 3	"<div class=""txtsearchsnippet"">JERUSALEM - TEL AVIV - <b class=""highlightcolor"">HAIFA</b></div>"
531	pls19410806-01.1.3	6 August 1941	pls	Page 3	"<div class=""txtsearchsnippet"">... vehicles collided . Both were dead _before reaching the <b class=""highlightcolor"">Government Hospital</b> . , The funerals were held yesterday at ...</div>"
532	pls19431220-01.1.3	20 December 1943	pls	Page 3	"<div class=""txtsearchsnippet"">... Bank St . . Holland opp Bank Union , <b class=""highlightcolor"">HAIFA</b> .</div>"
533	pls19431222-01.1.3	22 December 1943	pls	Page 3	"<div class=""txtsearchsnippet"">21 a Nordau Street , <b class=""highlightcolor"">HAIFA</b></div>"
534	pls19441001-01.1.3	1 October 1944	pls	Page 3	"<div class=""txtsearchsnippet"">... , P . O . B . 66 , <b class=""highlightcolor"">Haifa</b></div>"
535	pls19440911-01.1.3	11 September 1944	pls	Page 3	"<div class=""txtsearchsnippet"">... O . B . 523 Tel . : 81931 <b class=""highlightcolor"">HAIFA</b> : P . O . B . 617 Tel ...</div>"
536	pls19420730-01.1.3	30 July 1942	pls	Page 3	"<div class=""txtsearchsnippet""><b class=""highlightcolor"">Haifa</b> , _Office : 47 Kinsrsway . Tel . _GOOZ</div>"
537	pls19450129-01.1.3	29 January 1945	pls	Page 3	"<div class=""txtsearchsnippet"">3 IBN-SINA ST . Hotel Beth Shalom Bldg . <b class=""highlightcolor"">HAIFA</b> MANUFACTURED FOR EXPORT</div>"
538	pls19450307-01.1.3	7 March 1945	pls	Page 3	"<div class=""txtsearchsnippet"">New Business Centre , <b class=""highlightcolor"">Haifa</b> near Carnul Oriental i . ldg .</div>"
539	pls19450710-01.1.3	10 July 1945	pls	Page 3	"<div class=""txtsearchsnippet"">... The Saturday morning train carried about 350 passengers from <b class=""highlightcolor"">Haifa</b> to the seaside resort , while the Sunday morning ...</div>"
540	pls19450705-01.1.3	5 July 1945	pls	Page 3	"<div class=""txtsearchsnippet"">... respectively , after a three day trial before the <b class=""highlightcolor"">Haifa</b> District Court ( Judge ^ Barady and Nasr ) ...</div>"
541	pls19470327-01.1.3	27 March 1947	pls	Page 3	"<div class=""txtsearchsnippet"">SALES OF STORES EX-NAVAL STORES OFFICE _MANMURA , NEAR <b class=""highlightcolor"">HAIFA</b> . The following Storesl will be sold by Public ...</div>"
542	pls19470413-01.1.3	13 April 1947	pls	Page 3	"<div class=""txtsearchsnippet"">... LIUBAriSKY | ] f j « Herzl St ., <b class=""highlightcolor"">Haifa</b></div>"
543	pls19451125-01.1.3	25 November 1945	pls	Page 3	"<div class=""txtsearchsnippet"">... M _6 _HZI . ST » £ tT , <b class=""highlightcolor"">HAIFA</b> - HAOAII</div>"
544	pls19460523-01.1.3	23 May 1946	pls	Page 3	"<div class=""txtsearchsnippet"">... . B . 508 , Tel . 7189 , <b class=""highlightcolor"">HAIFA</b> Offices : — <b class=""highlightcolor"">Haifa</b> Bay : At the factory ...</div>"
545	pls19460423-01.1.3	23 April 1946	pls	Page 3	"<div class=""txtsearchsnippet"">... SWISS _REMOVES ASSOCIATIONS _SIIBERSTEINS LTD . _ICL-AVlr / JERUSALEM <b class=""highlightcolor"">HAIfA</b> r l _ I . _. - &gt; I ...</div>"
546	pls19460418-01.1.3	18 April 1946	pls	Page 3	"<div class=""txtsearchsnippet"">... taxi on Saturday morning last in Suidan Street at <b class=""highlightcolor"">Haifa</b> . She died the same evening at her home ...</div>"
547	pls19460919-01.1.3	19 September 1946	pls	Page 3	"<div class=""txtsearchsnippet"">... Humileinpiature dity Mt , Cana an 28 6 RI <b class=""highlightcolor"">Haifa</b> 2 0 VI Beisan ( 36 0 ) 53 ...</div>"
548	pls19460916-01.1.3	16 September 1946	pls	Page 3	"<div class=""txtsearchsnippet"">... dlty Mt . Cana an 27 . 2 60 <b class=""highlightcolor"">Haifa</b> 28 . 4 61 _Beisan — 50 Nathanya 30 ...</div>"
549	pls19460709-01.1.3	9 July 1946	pls	Page 3	"<div class=""txtsearchsnippet"">3 Pevsner St ., <b class=""highlightcolor"">Haifa</b></div>"
550	pls19471126-01.1.3	26 November 1947	pls	Page 3	"<div class=""txtsearchsnippet"">... 8 a . m . . r . p <b class=""highlightcolor"">Haifa</b> . ;_&gt; 2 19 . 3 •? 7 M ...</div>"
551	pls19471125-01.1.3	25 November 1947	pls	Page 3	"<div class=""txtsearchsnippet"">... was evacuatCamp ed somtime . e ago CAMP EVACUATED <b class=""highlightcolor"">HAIFA</b> , Monday . — The military camp in Jalami ...</div>"
552	pls19430613-01.1.2	13 June 1943	pls	Page 2	"<div class=""txtsearchsnippet""><b class=""highlightcolor"">Haifa</b></div>"
553	pls19440430-01.1.2	30 April 1944	pls	Page 2	"<div class=""txtsearchsnippet"">Mt . Carmel — <b class=""highlightcolor"">Haifa</b></div>"
554	pls19470828-01.1.4	28 August 1947	pls	Page 4	"<div class=""txtsearchsnippet""><b class=""highlightcolor"">HAIFA</b> : I TELAVIV : ! JERUSALEM : j _^ ...</div>"
555	pls19460611-01.1.3	11 June 1946	pls	Page 3	"<div class=""txtsearchsnippet"">... i : r &gt; . !&lt; , y $ <b class=""highlightcolor"">Haifa</b> Mt . Carmel ll 5 72 P ¦ _-. ...</div>"
556	pls19431215-01.1.3	15 December 1943	pls	Page 3	"<div class=""txtsearchsnippet"">... Hecht ( 2 f- » died yesterday in the <b class=""highlightcolor"">Government Hospital</b> , Jerusalem . * * * Three assault ...</div>"
557	pls19460830-01.1.3	30 August 1946	pls	Page 3	"<div class=""txtsearchsnippet""><b class=""highlightcolor"">Haifa</b> s Largest Photo Shop</div>"
558	pls19460714-01.1.3	14 July 1946	pls	Page 3	"<div class=""txtsearchsnippet"">Palestine Post Bureau <b class=""highlightcolor"">HAIFA</b> , Saturday . — Benjamin Papanek , kidnapped nine ...</div>"
559	pls19480215-01.1.1	15 February 1948	pls	Page 1	"<div class=""txtsearchsnippet"">Haganah Mopping U p <b class=""highlightcolor"">Haifa</b> Sni Posts pers</div>"
560	pls19410113-01.1.2	13 January 1941	pls	Page 2	"<div class=""txtsearchsnippet"">... Chief Justice , Sir Harry Trusted , arrived at <b class=""highlightcolor"">Haifa</b> yesterday for the session of the Court of Criminal ...</div>"
561	pls19420202-01.1.3	2 February 1942	pls	Page 3	"<div class=""txtsearchsnippet"">... in establishing a person s age , testified a <b class=""highlightcolor"">Haifa</b> X-ray _specialist yesterday after such an examination was introduced ...</div>"
562	pls19460826-01.1.2	26 August 1946	pls	Page 2	"<div class=""txtsearchsnippet"">... Phone 2816 , Jordan Cafe Mordau St . — <b class=""highlightcolor"">HAIFA</b> .</div>"
563	pls19410718-01.1.2	18 July 1941	pls	Page 2	"<div class=""txtsearchsnippet"">_AHi-ZA <b class=""highlightcolor"">HAIFA</b> _Mydro for Cum</div>"
564	pls19420619-01.1.3	19 June 1942	pls	Page 3	"<div class=""txtsearchsnippet"">rti i lEiuui d ill ILL <b class=""highlightcolor"">HAIFA</b></div>"
565	pls19420614-01.1.3	14 June 1942	pls	Page 3	"<div class=""txtsearchsnippet"">... • feHOF . 12 Herz l : P . <b class=""highlightcolor"">Haifa</b> i , . Grir lS fcr tannly- and _fri-rninas ...</div>"
566	pls19430709-01.1.3	9 July 1943	pls	Page 3	"<div class=""txtsearchsnippet"">... totalling UP . 10 , 000 were imposed by <b class=""highlightcolor"">Haifa</b> Magistrates ami _District Courts during first half * of ...</div>"
567	pls19430927-01.1.2	27 September 1943	pls	Page 2	"<div class=""txtsearchsnippet"">... September 26 , 194 . 3 , at the <b class=""highlightcolor"">Government Hospital</b> , Jerusalem — a daughter . _OBTTUARY The ...</div>"
568	pls19440426-01.1.2	26 April 1944	pls	Page 2	"<div class=""txtsearchsnippet"">BMTI 3 H COUNCIL _SPfUNG LECTURES 1944 <b class=""highlightcolor"">HAIFA</b> , MrJOHN _STEHOMAN ;</div>"
569	pls19440229-01.1.2	29 February 1944	pls	Page 2	"<div class=""txtsearchsnippet"">... IkUPAT AM BANK LTD TEL AVIV • JERUSALEM • <b class=""highlightcolor"">HAIFA</b> ALL BANKING _TRANSACTIONS | Agents for the ¦ I ...</div>"
570	pls19440803-01.1.3	3 August 1944	pls	Page 3	"<div class=""txtsearchsnippet"">... . C . C . Ross in Mag , <b class=""highlightcolor"">Haifa</b> yesterday</div>"
571	pls19421027-01.1.3	27 October 1942	pls	Page 3	"<div class=""txtsearchsnippet"">Black Alsatian dog , . in <b class=""highlightcolor"">Haifa</b> . * ¦ R E W AR D . ...</div>"
572	pls19450406-01.1.6	6 April 1945	pls	Page 6	"<div class=""txtsearchsnippet"">... produced ! by PIOMF 1 NT WORKS . LTD <b class=""highlightcolor"">HAIFA</b> Sole nts for Palestine : Age JONAS &amp; CO ...</div>"
573	pls19470304-01.1.3	4 March 1947	pls	Page 3	"<div class=""txtsearchsnippet"">... DISKIN LTD . I _TI-X AVIV — . _IKRISALKM <b class=""highlightcolor"">HAIFA</b></div>"
574	pls19410109-01.1.3	9 January 1941	pls	Page 3	"<div class=""txtsearchsnippet"">... Rehavia , Jerusalem . Rabies are reported in the <b class=""highlightcolor"">Haifa</b> Municipal area , Kiryat Bialik , Kiryat Motzkin . ...</div>"
575	pls19450824-01.1.3	24 August 1945	pls	Page 3	"<div class=""txtsearchsnippet"">... a regular Saturday night Pigged- express service net ween <b class=""highlightcolor"">Haifa</b> and Tel Aviv at ol A J _iekets will ...</div>"
576	pls19460719-01.1.3	19 July 1946	pls	Page 3	"<div class=""txtsearchsnippet""><b class=""highlightcolor"">HAIFA</b> _CWNKMAS</div>"
577	pls19470930-01.1.1	30 September 1947	pls	Page 1	"<div class=""txtsearchsnippet"">Next sailing from <b class=""highlightcolor"">Haifa</b> October 8</div>"
578	pls19471215-01.1.1	15 December 1947	pls	Page 1	"<div class=""txtsearchsnippet"">_A _SHL _^^* : 20 _Herjt St , <b class=""highlightcolor"">Haifa</b></div>"
579	pls19460613-01.1.2	13 June 1946	pls	Page 2	"<div class=""txtsearchsnippet"">... CO ! EstablisSed 1905 I GENERAL AGENTS TEL-AVIV JAFFA <b class=""highlightcolor"">HAIFA</b> j JERUSALEM BEYROUTH</div>"
580	pls19470526-01.1.2	26 May 1947	pls	Page 2	"<div class=""txtsearchsnippet"">... : T e 1 A v i v : <b class=""highlightcolor"">Haifa</b> :, 33 Allenby Road , 104 Allenby Rd . ...</div>"
581	pls19480919-01.1.2	19 September 1948	pls	Page 2	"<div class=""txtsearchsnippet"">... 56 Allenby Rd . ( 10—1 , 4—7 ) <b class=""highlightcolor"">HAIFA</b> , I . P . O Office</div>"
582	pls19410402-01.1.3	2 April 1941	pls	Page 3	"<div class=""txtsearchsnippet"">... of Lady Downes and manager of Barclays Bank , <b class=""highlightcolor"">Haifa</b> . The High Commissioner was represented by the the ...</div>"
583	pls19410218-01.1.2	18 February 1941	pls	Page 2	"<div class=""txtsearchsnippet""><b class=""highlightcolor"">HAIFA</b> : Armon Thurs . 27 . 2 Cond . ...</div>"
584	pls19420227-01.1.3	27 February 1942	pls	Page 3	"<div class=""txtsearchsnippet"">NEW _BUSefNtfRR CENTRE <b class=""highlightcolor"">HAIFA</b></div>"
585	pls19420330-01.1.3	30 March 1942	pls	Page 3	"<div class=""txtsearchsnippet""><b class=""highlightcolor"">HAIFA</b></div>"
586	pls19420526-01.1.3	26 May 1942	pls	Page 3	"<div class=""txtsearchsnippet""><b class=""highlightcolor"">HAIFA</b> , Armon Theatre</div>"
587	pls19450118-01.1.3	18 January 1945	pls	Page 3	"<div class=""txtsearchsnippet"">... injuring Habayen . The latter is now at the <b class=""highlightcolor"">Haifa</b> <b class=""highlightcolor"">Government Hospital</b> . The same evening , Pte . ...</div>"
588	pls19441228-01.1.2	28 December 1944	pls	Page 2	"<div class=""txtsearchsnippet"">... transferee from Tiberias , assumed his a ities at <b class=""highlightcolor"">Haifa</b> yesterday in succession to Mr . Hareven , v ...</div>"
589	pls19430830-01.1.3	30 August 1943	pls	Page 3	"<div class=""txtsearchsnippet"">... tlie of relatives graves , the _rhairman of the <b class=""highlightcolor"">Haifa</b> Jewish Burial Board wid be available for callers at ...</div>"
590	pls19430726-01.1.3	26 July 1943	pls	Page 3	"<div class=""txtsearchsnippet"">... V . } _:-i . : s (? , <b class=""highlightcolor"">Haifa</b> . On road to Bat Galim .</div>"
591	pls19431231-01.1.3	31 December 1943	pls	Page 3	"<div class=""txtsearchsnippet"">_^ ELDORADO Mt . Carmel — <b class=""highlightcolor"">Haifa</b> — Tel .</div>"
592	pls19450402-01.1.3	2 April 1945	pls	Page 3	"<div class=""txtsearchsnippet"">... was taken by the same train to the Jenu-alsm <b class=""highlightcolor"">Government Hospital</b> . * * * Ten kilos 90 grams ...</div>"
593	pls19470420-01.1.3	20 April 1947	pls	Page 3	"<div class=""txtsearchsnippet"">is expected to arrive in <b class=""highlightcolor"">HAIFA</b> PORT on or about April 21 , 1947 , ...</div>"
594	pls19451123-01.1.3	23 November 1945	pls	Page 3	"<div class=""txtsearchsnippet"">... , it is report &lt; -. . ! in <b class=""highlightcolor"">Haifa</b> . where . ja * . black-market _potato price ...</div>"
595	pls19460517-01.1.3	17 May 1946	pls	Page 3	"<div class=""txtsearchsnippet"">... _^ _JAt f 4 i &amp; _U _^ 1 <b class=""highlightcolor"">Haifa</b> * largest Photo Shop</div>"
596	pls19460716-01.1.3	16 July 1946	pls	Page 3	"<div class=""txtsearchsnippet"">... : 5234 JERUSALEM Daily Transport to TEL AVIV — <b class=""highlightcolor"">HAIFA</b></div>"
597	pls19470709-01.1.3	9 July 1947	pls	Page 3	"<div class=""txtsearchsnippet"">... room available . Apply : EZRAH PRIVATE HOSPITAL , <b class=""highlightcolor"">HAIFA</b> .</div>"
598	pls19471024-01.1.3	24 October 1947	pls	Page 3	"<div class=""txtsearchsnippet"">... -I . i 7 . 1 71 . I <b class=""highlightcolor"">Haifa</b> ICO 21 . 4 S . S 02 H ...</div>"
599	pls19471028-01.1.3	28 October 1947	pls	Page 3	"<div class=""txtsearchsnippet"">uM umxl ; Palestine Post Staff <b class=""highlightcolor"">HAIFA</b> . Monday . — One more soldier , injured ...</div>"
600	pls19470627-01.1.3	27 June 1947	pls	Page 3	"<div class=""txtsearchsnippet"">... . _fana _ an 3 _* _i . l <b class=""highlightcolor"">Haifa</b> 2 S . 2 &lt; . _ . _i-iei ...</div>"
601	pls19460805-01.1.3	5 August 1946	pls	Page 3	"<div class=""txtsearchsnippet"">... . it . 1452 , Tel . 4839 , <b class=""highlightcolor"">HAIFA</b></div>"
602	pls19460826-01.1.3	26 August 1946	pls	Page 3	"<div class=""txtsearchsnippet"">... _&amp; ST € ! NS LTD . lEl-Avv JERUSALEM <b class=""highlightcolor"">HAIFA</b> _fOittl VIA t E L - A VIV P ...</div>"
603	pls19440328-01.1.3	28 March 1944	pls	Page 3	"<div class=""txtsearchsnippet"">... _ , y S It _, . _gTi-T _. <b class=""highlightcolor"">HAIFA</b></div>"
604	pls19440307-01.1.3	7 March 1944	pls	Page 3	"<div class=""txtsearchsnippet"">at !» . » nrr &lt; m p ARMOd <b class=""highlightcolor"">HAIFA</b> , . March 16 , at »</div>"
605	pls19440127-01.1.3	27 January 1944	pls	Page 3	"<div class=""txtsearchsnippet"">... Other witnesses includedi Dr . Nuseibi , of Gaza <b class=""highlightcolor"">Government Hospital</b> , who stated that he found 13 bullet ...</div>"
606	pls19441022-01.1.3	22 October 1944	pls	Page 3	"<div class=""txtsearchsnippet"">... ( corner House ) entrance 61 Allenby Road , <b class=""highlightcolor"">Haifa</b> . Inspection today from 9 a . m . ...</div>"
607	pls19421008-01.1.3	8 October 1942	pls	Page 3	"<div class=""txtsearchsnippet"">... 4 of JerusalemTel Aviv yors , . Juifu and <b class=""highlightcolor"">Haifa</b> are to meet the _Financial Secretary , Mr . ...</div>"
608	pls19421012-01.1.3	12 October 1942	pls	Page 3	"<div class=""txtsearchsnippet""><b class=""highlightcolor"">HAIFA</b> HADAR KA</div>"
609	pls19450214-01.1.3	14 February 1945	pls	Page 3	"<div class=""txtsearchsnippet"">iNew Business Centre , <b class=""highlightcolor"">Haifa</b> _enear Carmel Oriental Bldg .</div>"
610	pls19451211-01.1.3	11 December 1945	pls	Page 3	"<div class=""txtsearchsnippet"">THE CONSOLIDATED <b class=""highlightcolor"">HAIFA</b> — TEL , AVTV</div>"
611	pls19460812-01.1.1	12 August 1946	pls	Page 1	"<div class=""txtsearchsnippet"">... _^ W _^ f public that registrations for MT <b class=""highlightcolor"">Haifa</b> _ Banks Sfreei Jerusalem — * amillah Hoad</div>"
612	pls19480323-01.1.3	23 March 1948	pls	Page 3	"<div class=""txtsearchsnippet"">ACtJRNTS : NATHAN ZWY * CO . LTD .. <b class=""highlightcolor"">HAIFA</b></div>"
613	pls19420304-01.1.3	4 March 1942	pls	Page 3	"<div class=""txtsearchsnippet"">FIREFIGHTER Week continued in <b class=""highlightcolor"">Haifa</b> yesterday when the Volunteer Fire Brigade for half 001 ...</div>"
614	pls19440721-01.1.3	21 July 1944	pls	Page 3	"<div class=""txtsearchsnippet""><b class=""highlightcolor"">HAIFA</b></div>"
615	pls19480205-01.1.1	5 February 1948	pls	Page 1	"<div class=""txtsearchsnippet"">... Leah Rosenthal ., 20 , who died at the <b class=""highlightcolor"">Government Hospital</b> on Saturday as a result of bullets wounds ...</div>"
616	pls19450104-01.1.2	4 January 1945	pls	Page 2	"<div class=""txtsearchsnippet"">... by Reserve table your _^ _^ phoning 2868 , <b class=""highlightcolor"">Haifa</b> . J y _^ _¦¦ ij ¦ _^ _^¦¦¦¦¦¦¦¦¦ ...</div>"
617	pls19430714-01.1.2	14 July 1943	pls	Page 2	"<div class=""txtsearchsnippet"">... Sings at the SPLENDID BAR 32 HERZLIA STREET , <b class=""highlightcolor"">HAIFA</b> PHONE S 2 _U PROGRAMME NIGHTLY FROM 7 . ...</div>"
618	pls19431114-01.1.3	14 November 1943	pls	Page 3	"<div class=""txtsearchsnippet"">... , . L I K A _L . 11 <b class=""highlightcolor"">HAIFA</b> , ( next to Main Post Office )</div>"
619	pls19431122-01.1.2	22 November 1943	pls	Page 2	"<div class=""txtsearchsnippet"">... i li s fl -Tel . 3687 , - <b class=""highlightcolor"">Haifa</b> . « - _- ! - . Fj _U ...</div>"
620	pls19440614-01.1.2	14 June 1944	pls	Page 2	"<div class=""txtsearchsnippet"">B-iuth Institute S . _RESMANN 33 Arlosoroff St ., <b class=""highlightcolor"">Haifa</b></div>"
621	pls19440105-01.1.2	5 January 1944	pls	Page 2	"<div class=""txtsearchsnippet"">... . Eckstein ( Eng ) 44 Herzl St ., <b class=""highlightcolor"">Haifa</b> Tel . 20 J 3</div>"
622	pls19471226-01.1.1	26 December 1947	pls	Page 1	"<div class=""txtsearchsnippet""><b class=""highlightcolor"">HAIFA</b> : CAltMFT .. INVESTMENT TRUST I . TTJ ., ...</div>"
623	pls19430622-01.1.3	22 June 1943	pls	Page 3	"<div class=""txtsearchsnippet"">... and Ata Shederi , of Arab Taboun village near <b class=""highlightcolor"">Haifa</b> , were serioudy injured when it exploded . They ...</div>"
624	pls19430404-01.1.3	4 April 1943	pls	Page 3	"<div class=""txtsearchsnippet"">... Mikdad last night died of his injuries at the <b class=""highlightcolor"">Government Hospital</b> in Jaffa . A punitive police detachment is ...</div>"
625	pls19450130-01.1.3	30 January 1945	pls	Page 3	"<div class=""txtsearchsnippet"">... 76685 P . O . B . 66 , <b class=""highlightcolor"">Haifa</b> .</div>"
626	pls19450201-01.1.3	1 February 1945	pls	Page 3	"<div class=""txtsearchsnippet"">23 HERZL ST . * <b class=""highlightcolor"">HAIFA</b> , RRST FLOO ? ,</div>"
627	pls19460109-01.1.3	9 January 1946	pls	Page 3	"<div class=""txtsearchsnippet""><b class=""highlightcolor"">HAIFA</b></div>"
628	pls19460318-01.1.2	18 March 1946	pls	Page 2	"<div class=""txtsearchsnippet"">NORDAU Kt , <b class=""highlightcolor"">HAIFA</b> _^ _fahjp _reservations</div>"
629	pls19480123-01.1.3	23 January 1948	pls	Page 3	"<div class=""txtsearchsnippet"">... rear house | Hadar _Hiioarin * 1 _! , <b class=""highlightcolor"">Haifa</b></div>"
630	pls19480125-01.1.3	25 January 1948	pls	Page 3	"<div class=""txtsearchsnippet"">... . s . Providence i . s expected in <b class=""highlightcolor"">Haifa</b> Port tomorrow morning with about 200 passengers . A ...</div>"
631	pls19461024-01.1.3	24 October 1946	pls	Page 3	"<div class=""txtsearchsnippet"">Sixty passengers from Marseilles arrived in <b class=""highlightcolor"">Haifa</b> yesterday aboard the s . s . Komninos . ...</div>"
632	pls19440116-01.1.3	16 January 1944	pls	Page 3	"<div class=""txtsearchsnippet"">... the Jewish SetAgency tlers Hostel in Bat _Galrm , <b class=""highlightcolor"">Haifa</b> . » # * A worker at the Palestine ...</div>"
633	pls19460922-01.1.3	22 September 1946	pls	Page 3	"<div class=""txtsearchsnippet"">86 Kingsway , <b class=""highlightcolor"">Haifa</b> Tel . 204</div>"
634	pls19470116-01.1.3	16 January 1947	pls	Page 3	"<div class=""txtsearchsnippet"">Verdict of _OtherS To Be Announced Palestine Post Bureau <b class=""highlightcolor"">HAIFA</b> . Wednesday . — - A ver1 dict of ...</div>"
635	pls19450902-01.1.2	2 September 1945	pls	Page 2	"<div class=""txtsearchsnippet"">J at- Gal Lm <b class=""highlightcolor"">HAIFA</b></div>"
636	pls19460606-01.1.2	6 June 1946	pls	Page 2	"<div class=""txtsearchsnippet"">... SONS P . O . B . 46 , <b class=""highlightcolor"">Haifa</b> , Palestine</div>"
637	pls19410107-01.1.3	7 January 1941	pls	Page 3	"<div class=""txtsearchsnippet"">... . —The body of Issa Awadeh Kadoush , of <b class=""highlightcolor"">Haifa</b> , was found on the seashore near the <b class=""highlightcolor"">Government ...</b></div>"
638	pls19420421-01.1.3	21 April 1942	pls	Page 3	"<div class=""txtsearchsnippet"">... quantities of wheat and f . _our have reached <b class=""highlightcolor"">Haifa</b> port , according to _AdVDrfaaV * * * Jewish ...</div>"
639	pls19420129-01.1.2	29 January 1942	pls	Page 2	"<div class=""txtsearchsnippet"">Tel ATJT , Jerusalem , <b class=""highlightcolor"">Haifa</b> , BehoToth</div>"
640	pls19450111-01.1.3	11 January 1945	pls	Page 3	"<div class=""txtsearchsnippet"">New Business Centre , <b class=""highlightcolor"">Haifa</b> near Carmel Oriental Bldg .</div>"
641	pls19450114-01.1.3	14 January 1945	pls	Page 3	"<div class=""txtsearchsnippet"">PASTRY SHOP 14 Herzl St ., <b class=""highlightcolor"">Haifa</b></div>"
642	pls19450122-01.1.3	22 January 1945	pls	Page 3	"<div class=""txtsearchsnippet"">3 _I-BN-SINA ST . Hotel Beth Shalom Bldg . <b class=""highlightcolor"">HAIFA</b> _MiANUFACTURfEID FOR EXPORT</div>"
643	pls19441205-01.1.3	5 December 1944	pls	Page 3	"<div class=""txtsearchsnippet"">Tel . 3319 , <b class=""highlightcolor"">Haifa</b> COMPLETELY RKNOVATE . D !»&gt;¦» mowt exclusive P . ...</div>"
644	pls19441106-01.1.2	6 November 1944	pls	Page 2	"<div class=""txtsearchsnippet"">The <b class=""highlightcolor"">Haifa</b> Deputy District Commissioner , fffr . W . V ...</div>"
645	pls19430602-01.1.3	2 June 1943	pls	Page 3	"<div class=""txtsearchsnippet"">... . _T . O . B . 800 , <b class=""highlightcolor"">Haifa</b></div>"
646	pls19440621-01.1.3	21 June 1944	pls	Page 3	"<div class=""txtsearchsnippet"">... leg which was la . er amputated at the <b class=""highlightcolor"">_Government Hospital</b> . A sentence of . six months imprifi ...</div>"
647	pls19440327-01.1.3	27 March 1944	pls	Page 3	"<div class=""txtsearchsnippet""><b class=""highlightcolor"">_HAIFA</b> _mrm _AGWCY Limited * v SHIPPING—STE V WI &gt; ...</div>"
648	pls19440112-01.1.3	12 January 1944	pls	Page 3	"<div class=""txtsearchsnippet"">HOFFNtJNG _ S BANK LTD . <b class=""highlightcolor"">HAIFA</b> BALANCE SHEET AS AT SEP EMBER 30 , 1943 ...</div>"
649	pls19440822-01.1.3	22 August 1944	pls	Page 3	"<div class=""txtsearchsnippet""><b class=""highlightcolor"">HAIFA</b> _^\ y f i 1 Thursday , \ • ...</div>"
650	pls19420803-01.1.3	3 August 1942	pls	Page 3	"<div class=""txtsearchsnippet"">Safad - <b class=""highlightcolor"">Haifa</b> : 7 , 10 a . m ., 12 ...</div>"
651	pls19420828-01.1.3	28 August 1942	pls	Page 3	"<div class=""txtsearchsnippet"">_TEl-AVIV ( _w 2 _^ <b class=""highlightcolor"">HAiFA</b> _oiCIERUSAlEM _% _2</div>"
652	pls19450409-01.1.3	9 April 1945	pls	Page 3	"<div class=""txtsearchsnippet""><b class=""highlightcolor"">HAIFA</b> SHIPPING AGENCY LIMITEI )</div>"
653	pls19450319-01.1.3	19 March 1945	pls	Page 3	"<div class=""txtsearchsnippet""><b class=""highlightcolor"">HAIFA</b> SHI ?™ AGENCY LOTTED</div>"
654	pls19470220-01.1.3	20 February 1947	pls	Page 3	"<div class=""txtsearchsnippet"">TWO DEAD IN <b class=""highlightcolor"">HAIFA</b> _PARTLY FEU !)</div>"
655	pls19460424-01.1.3	24 April 1946	pls	Page 3	"<div class=""txtsearchsnippet"">... ( P . O . B . 66 ) <b class=""highlightcolor"">Haifa</b></div>"
656	pls19460726-01.1.3	26 July 1946	pls	Page 3	"<div class=""txtsearchsnippet"">HOTEL , RESTAURANT and TERRACE _OAFr Mount Carmel , <b class=""highlightcolor"">Haifa</b></div>"
657	pls19470707-01.1.3	7 July 1947	pls	Page 3	"<div class=""txtsearchsnippet"">Palestine Post Bureau <b class=""highlightcolor"">HAIFA</b> , Sunday . — The first of a series ...</div>"
658	pls19411118-01.1.3	18 November 1941	pls	Page 3	"<div class=""txtsearchsnippet"">Nazareth Pdreet , <b class=""highlightcolor"">_Haifa</b> , _-ar . u will from 20 . 114-1 ...</div>"
659	pls19450128-01.1.3	28 January 1945	pls	Page 3	"<div class=""txtsearchsnippet"">... the three-day e . &gt; n . cecnee at <b class=""highlightcolor"">Haifa</b> on Friday . The first recording * of a ...</div>"
660	pls19480113-01.1.1	13 January 1948	pls	Page 1	"<div class=""txtsearchsnippet"">... Arabs were later brought from the village to the <b class=""highlightcolor"">Government Hospital</b> , where their condition is said to be ...</div>"
661	pls19410824-01.1.2	24 August 1941	pls	Page 2	"<div class=""txtsearchsnippet"">... Friday , August 22 . 1941 , at the <b class=""highlightcolor"">Government Hospital</b> — twin daughters . OCONNER — To Winnifred ...</div>"
662	pls19411026-01.1.3	26 October 1941	pls	Page 3	"<div class=""txtsearchsnippet"">... Magistrate . Mr . i . Kassan . in <b class=""highlightcolor"">Haifa</b> on Arid ay .</div>"
663	pls19420104-01.1.3	4 January 1942	pls	Page 3	"<div class=""txtsearchsnippet"">... . ., . - ; : n _. --. <b class=""highlightcolor"">Haifa</b> , zt . e \ i : e , ...</div>"
664	pls19420216-01.1.3	16 February 1942	pls	Page 3	"<div class=""txtsearchsnippet""><b class=""highlightcolor"">HAIFA</b> , Sunday . — A three - hour discussion ...</div>"
665	pls19430223-01.1.2	23 February 1943	pls	Page 2	"<div class=""txtsearchsnippet"">... TEL-AVIV ( 4 BRANCHES ! • JAFFA JERUSALEM • <b class=""highlightcolor"">HAIFA</b> • HADAR-HACARMEL • SAFAD TIBERIAS • PETAH-T 1 KVAH ...</div>"
666	pls19440324-01.1.2	24 March 1944	pls	Page 2	"<div class=""txtsearchsnippet"">... , Dr . _Viekers , will shortly proceed to <b class=""highlightcolor"">Haifa</b> to replace Dr . Vv . K . Bigger ...</div>"
667	pls19450513-01.1.2	13 May 1945	pls	Page 2	"<div class=""txtsearchsnippet"">... . Judge Clive Curry , who was transferred from <b class=""highlightcolor"">Haifa</b> , sat for the first time as President of ...</div>"
668	pls19460804-01.1.1	4 August 1946	pls	Page 1	"<div class=""txtsearchsnippet"">Palestine Post Bureau <b class=""highlightcolor"">HAIFA</b> , Saturday . — Disembarkation of women over 50 ...</div>"
669	pls19461128-01.1.1	28 November 1946	pls	Page 1	"<div class=""txtsearchsnippet"">... have the soj-t of thing that is happening in <b class=""highlightcolor"">Haifa</b> harbour . I</div>"
670	pls19460910-01.1.1	10 September 1946	pls	Page 1	"<div class=""txtsearchsnippet"">NEW TEL AVIV <b class=""highlightcolor"">HAIFA</b></div>"
671	pls19461014-01.1.3	14 October 1946	pls	Page 3	"<div class=""txtsearchsnippet"">... . Mt . Cana an 24 . 4 M <b class=""highlightcolor"">Haifa</b> 21 . 2 _, r , 7 Heisan _W ...</div>"
672	pls19410225-01.1.3	25 February 1941	pls	Page 3	"<div class=""txtsearchsnippet"">... operating regular weekly services HaifaBaghdad vi a Trans-Jordan leaving <b class=""highlightcolor"">Haifa</b> every Wednesday . Foir information re passages and freight ...</div>"
673	pls19420129-01.1.3	29 January 1942	pls	Page 3	"<div class=""txtsearchsnippet"">ARMON <b class=""highlightcolor"">HAIFA</b></div>"
674	pls19441122-01.1.3	22 November 1944	pls	Page 3	"<div class=""txtsearchsnippet"">... : WEILL , KING GEORGE cor . JAFFA RD <b class=""highlightcolor"">HAIFA</b> : _IWRUB , 8 KHATIB ST .,</div>"
675	pls19440514-01.1.3	14 May 1944	pls	Page 3	"<div class=""txtsearchsnippet"">... w Twenty-seven new settlers arrived by overland route in <b class=""highlightcolor"">Haifa</b> on Friday . * * * A strike in ...</div>"
676	pls19450509-01.1.3	9 May 1945	pls	Page 3	"<div class=""txtsearchsnippet"">... a roof , and was taken to the Jerusalem <b class=""highlightcolor"">Government Hospital</b> A hit-and-run vehicle killed Mohammed Aii Eakir ( ...</div>"
677	pls19450716-01.1.3	16 July 1945	pls	Page 3	"<div class=""txtsearchsnippet"">... J 3 a Ari os or off St ., <b class=""highlightcolor"">Haifa</b> Special Fumigation chamber .</div>"
678	pls19450628-01.1.3	28 June 1945	pls	Page 3	"<div class=""txtsearchsnippet"">... claylig FOUR SHRUB and woodland fires , one in <b class=""highlightcolor"">Haifa</b> Bay , two on Mount Carmel , and one ...</div>"
679	pls19470330-01.1.3	30 March 1947	pls	Page 3	"<div class=""txtsearchsnippet"">&lt; IUP in <b class=""highlightcolor"">Haifa</b> at 7 a . m . on Tuesday . ...</div>"
680	pls19451112-01.1.3	12 November 1945	pls	Page 3	"<div class=""txtsearchsnippet"">... , Ben Yehuda St ., Tel . 2162 . <b class=""highlightcolor"">Haifa</b> : 39 , Kings way ; Tel . 2738 ...</div>"
681	pls19450918-01.1.3	18 September 1945	pls	Page 3	"<div class=""txtsearchsnippet"">A nursing sister at a private hospital in <b class=""highlightcolor"">Haifa</b> , Yael Miller ( 34 &gt; , yesterday morning ...</div>"
682	pls19460704-01.1.3	4 July 1946	pls	Page 3	"<div class=""txtsearchsnippet"">... bar ; been opened at 8 Menahem Street , <b class=""highlightcolor"">Haifa</b> , by the Palestine Medical Assotion . af the ...</div>"
683	pls19480229-01.1.3	29 February 1948	pls	Page 3	"<div class=""txtsearchsnippet"">... emergency operating • theatre of ihe Hadassah Hospital in <b class=""highlightcolor"">Haifa</b> , where she had heen _transferrer ! for an ...</div>"
684	pls19480119-01.1.4	19 January 1948	pls	Page 4	"<div class=""txtsearchsnippet"">arriving at <b class=""highlightcolor"">HAIFA</b> and / or TEL AVIV on or about Jam ...</div>"
685	pls19480329-01.1.3	29 March 1948	pls	Page 3	"<div class=""txtsearchsnippet"">... flown a well near *• Waldhoim iu I he <b class=""highlightcolor"">Haifa</b> area _, on Sat unlay morning . Tanius Saida ...</div>"
686	pls19430608-01.1.2	8 June 1943	pls	Page 2	"<div class=""txtsearchsnippet"">... Shiholet , at the Moluu . ah Hospital , <b class=""highlightcolor"">Haifa</b> , on June 3 , 1943 --a son The ...</div>"
687	pls19420729-01.1.3	29 July 1942	pls	Page 3	"<div class=""txtsearchsnippet"">... . Apply : _TVO . C 107 J , <b class=""highlightcolor"">Haifa</b></div>"
688	pls19450110-01.1.3	10 January 1945	pls	Page 3	"<div class=""txtsearchsnippet"">... . O . Apteker , 9 Hechalutz St ., <b class=""highlightcolor"">HAIFA</b> .</div>"
689	pls19430813-01.1.3	13 August 1943	pls	Page 3	"<div class=""txtsearchsnippet"">... injured • w aer _. knocked down in Eastern <b class=""highlightcolor"">Haifa</b> by a civilian truck on Wednesday arfternoon . * ...</div>"
690	pls19430815-01.1.3	15 August 1943	pls	Page 3	"<div class=""txtsearchsnippet"">... _ta- _, Wciids construction ci . zztervillage roads in <b class=""highlightcolor"">Haifa</b> _su 1 :-district is zo be made by th ...</div>"
691	pls19440310-01.1.3	10 March 1944	pls	Page 3	"<div class=""txtsearchsnippet"">... carpenter of 32 without whose undepartment Hagidem St .. <b class=""highlightcolor"">Haifa</b> , was ser- tiring efforts and positive genius iou-dy ...</div>"
692	pls19430917-01.1.3	17 September 1943	pls	Page 3	"<div class=""txtsearchsnippet"">... coll / led _wl . h a truck in <b class=""highlightcolor"">Haifa</b> _Pcv on Tuesday af . ernoon .</div>"
693	pls19421007-01.1.3	7 October 1942	pls	Page 3	"<div class=""txtsearchsnippet"">... surprised while stealing 18 sacks of potatoes from the <b class=""highlightcolor"">Haifa</b> E ustern _-Railway station on _Monday , but they ...</div>"
694	pls19450506-01.1.3	6 May 1945	pls	Page 3	"<div class=""txtsearchsnippet"">TEL AVIV JERUSALEM <b class=""highlightcolor"">HAIFA</b></div>"
695	pls19450821-01.1.2	21 August 1945	pls	Page 2	"<div class=""txtsearchsnippet"">JERUSALEM • TEL AVIV <b class=""highlightcolor"">HAIFA</b> •</div>"
696	pls19471212-01.1.1	12 December 1947	pls	Page 1	"<div class=""txtsearchsnippet"">... roads and water installations already laid . _INFORMATION : <b class=""highlightcolor"">HAIFA</b> : CARMTL IWTRTMEVT TRUST LTD ., 10 Shmaryahu Levin ...</div>"
697	pls19480116-01.1.1	16 January 1948	pls	Page 1	"<div class=""txtsearchsnippet""><b class=""highlightcolor"">HAIFA</b> , HZ , Kingsway J A FFA / TEL ...</div>"
698	pls19480120-01.1.3	20 January 1948	pls	Page 3	"<div class=""txtsearchsnippet"">... Cyprus The s . s . Marathon arrived at <b class=""highlightcolor"">Haifa</b> yesterday with 57 from Td . _ii-seilics . passengers ...</div>"
699	pls19480104-01.1.3	4 January 1948	pls	Page 3	"<div class=""txtsearchsnippet"">... . STABBED in the Kawbab Cafe in Kingsway , <b class=""highlightcolor"">Haifa</b> , on Thursday morning , Mohammed Abu Nazri wa ...</div>"
700	pls19450318-01.1.3	18 March 1945	pls	Page 3	"<div class=""txtsearchsnippet"">... 1 spent oy Mr . _Yehosh-ua Abramov , of <b class=""highlightcolor"">Haifa</b> , , vho wont to stay with a friend ...</div>"
701	pls19460324-01.1.3	24 March 1946	pls	Page 3	"<div class=""txtsearchsnippet"">... several times by unknown persons in Jaffa Rd ., <b class=""highlightcolor"">Haifa</b> , on Friday night , Ichitlar C rostnlaz TT ...</div>"
702	pls19460723-01.1.1	23 July 1946	pls	Page 1	"<div class=""txtsearchsnippet"">... government surcharge of LP . 80 SPINNEYS LTD . <b class=""highlightcolor"">HAIFA</b> T FL 4355 NB copy . Applications !\ the ...</div>"
703	pls19470801-01.1.3	1 August 1947	pls	Page 3	"<div class=""txtsearchsnippet"">... 0 29 . 1 . . JO &gt; i <b class=""highlightcolor"">Haifa</b> il . 2 28 . 0 ? 4 73 ...</div>"
704	pls19471208-01.1.1	8 December 1947	pls	Page 1	"<div class=""txtsearchsnippet"">Five _Setters Gef Lebanese Prison Terms <b class=""highlightcolor"">HAIFA</b> , Sunday . — Five Palestinians arrested by Lebanese ...</div>"
705	pls19480109-01.1.3	9 January 1948	pls	Page 3	"<div class=""txtsearchsnippet"">26 Herzl Si ., <b class=""highlightcolor"">Haifa</b> .</div>"
706	pls19480201-01.1.1	1 February 1948	pls	Page 1	"<div class=""txtsearchsnippet"">... in the German Colony on Wednesday died in the <b class=""highlightcolor"">Government Hospital</b> early on Friday morning . The murder was ...</div>"
707	pls19460901-01.1.2	1 September 1946	pls	Page 2	"<div class=""txtsearchsnippet"">... P . Q _. B _. 66 ; , <b class=""highlightcolor"">Haifa</b></div>"
708	pls19450306-01.1.2	6 March 1945	pls	Page 2	"<div class=""txtsearchsnippet"">Jaffa Rd ., 74 Jaffa ltd <b class=""highlightcolor"">Haifa</b> . Jerusalem</div>"
709	pls19440419-01.1.2	19 April 1944	pls	Page 2	"<div class=""txtsearchsnippet"">Over 173 members of a Royal Naval Depot . <b class=""highlightcolor"">Haifa</b> , and their guests including the District . Commissioner ...</div>"
710	pls19460818-01.1.2	18 August 1946	pls	Page 2	"<div class=""txtsearchsnippet""><b class=""highlightcolor"">HAIFA</b> 1 Tel . 4465 ) I Social &amp; Persona ...</div>"
711	pls19410612-01.1.3	12 June 1941	pls	Page 3	"<div class=""txtsearchsnippet"">... &amp; SONSH . M . V . HOUSE , <b class=""highlightcolor"">HAIFA</b></div>"
712	pls19430303-01.1.3	3 March 1943	pls	Page 3	"<div class=""txtsearchsnippet"">TEI . AVIV _« JERUSALEM <b class=""highlightcolor"">HAIFA</b></div>"
713	pls19450107-01.1.3	7 January 1945	pls	Page 3	"<div class=""txtsearchsnippet""><b class=""highlightcolor"">HAIFA</b> Tel . 4465 .</div>"
714	pls19441214-01.1.3	14 December 1944	pls	Page 3	"<div class=""txtsearchsnippet"">9 Hechalutz St ., <b class=""highlightcolor"">HAIFA</b></div>"
715	pls19431010-01.1.3	10 October 1943	pls	Page 3	"<div class=""txtsearchsnippet""><b class=""highlightcolor"">Haifa</b> s Largest _Phoifcoshop</div>"
716	pls19440719-01.1.3	19 July 1944	pls	Page 3	"<div class=""txtsearchsnippet"">... . O . Apteker , 9 Hechalutz St ? <b class=""highlightcolor"">Haifa</b> . . »</div>"
717	pls19440521-01.1.3	21 May 1944	pls	Page 3	"<div class=""txtsearchsnippet"">... of the Kupat Iloim DLspcnsary in Kiriat I-Iaim , <b class=""highlightcolor"">Haifa</b> Bay , were put into -service last week . ...</div>"
718	pls19420805-01.1.3	5 August 1942	pls	Page 3	"<div class=""txtsearchsnippet"">near <b class=""highlightcolor"">Haifa</b> Garrison Army Chil . Gold wrist watch of _gici ...</div>"
719	pls19421004-01.1.3	4 October 1942	pls	Page 3	"<div class=""txtsearchsnippet"">... year of Shavei Zion settlement was taken to the <b class=""highlightcolor"">Haifa</b> _ltoth _^ child _Kosjutal on Friday night with arms ...</div>"
720	pls19450220-01.1.3	20 February 1945	pls	Page 3	"<div class=""txtsearchsnippet"">Mt . Carmel Tel . 3319 <b class=""highlightcolor"">Haifa</b></div>"
721	pls19450624-01.1.3	24 June 1945	pls	Page 3	"<div class=""txtsearchsnippet"">... Tint * Rd ., first floor Central Carmel , <b class=""highlightcolor"">Haifa</b></div>"
722	pls19450928-01.1.3	28 September 1945	pls	Page 3	"<div class=""txtsearchsnippet"">THE FIRST ATOMIC ! AKE TO HIT <b class=""highlightcolor"">HAIFA</b> MIRTHQU</div>"
723	pls19460426-01.1.3	26 April 1946	pls	Page 3	"<div class=""txtsearchsnippet""><b class=""highlightcolor"">Haifa</b> s Largest Photo _Shor _»</div>"
724	pls19460502-01.1.2	2 May 1946	pls	Page 2	"<div class=""txtsearchsnippet"">... by Prof . Ratner at the Pevsner House , <b class=""highlightcolor"">Haifa</b> . It wJl be open for a fortniht g ...</div>"
725	pls19471210-01.1.1	10 December 1947	pls	Page 1	"<div class=""txtsearchsnippet"">... of large-scale troop withdrawals from all areas , save <b class=""highlightcolor"">Haifa</b> .</div>"
726	pls19470904-01.1.3	4 September 1947	pls	Page 3	"<div class=""txtsearchsnippet""><b class=""highlightcolor"">Haifa</b> Ex- _^ rvicemens M Nordau _street</div>"
727	pls19471223-01.1.3	23 December 1947	pls	Page 3	"<div class=""txtsearchsnippet"">... . ; _P . O . B . 759 <b class=""highlightcolor"">Haifa</b> , Valentine</div>"
728	pls19471229-01.1.2	29 December 1947	pls	Page 2	"<div class=""txtsearchsnippet"">... . / l )\ : The Rarber of Seville <b class=""highlightcolor"">HAIFA</b> ARMO _\ : The Return of Monte 0-. _VLO ...</div>"
729	pls19480128-01.1.3	28 January 1948	pls	Page 3	"<div class=""txtsearchsnippet"">... . ie for Villas _ngs in Kiryat Yam , <b class=""highlightcolor"">Haifa</b> Bay , n c . ar tbe seashore . ...</div>"
730	pls19410916-01.1.3	16 September 1941	pls	Page 3	"<div class=""txtsearchsnippet"">... Mussa Ali el Haj Ai-ad in Nazareth Road . <b class=""highlightcolor"">Haifa</b> , on Sunday afternoon . The victim was taken ...</div>"
731	pls19441122-01.1.4	22 November 1944	pls	Page 4	"<div class=""txtsearchsnippet""><b class=""highlightcolor"">HAIFA</b></div>"
732	pls19460228-01.1.3	28 February 1946	pls	Page 3	"<div class=""txtsearchsnippet"">... ! AM A _itinm , Mt . Carmel , <b class=""highlightcolor"">Haifa</b> Tel . 3319 Central heating</div>"
733	pls19460101-01.1.3	1 January 1946	pls	Page 3	"<div class=""txtsearchsnippet"">later to Tel Aviv and <b class=""highlightcolor"">Haifa</b> go An industrial dispute between the Nur Match Factory ...</div>"
734	pls19430706-01.1.2	6 July 1943	pls	Page 2	"<div class=""txtsearchsnippet"">... ) • JAFF _# | J 5 RUSAIEM • <b class=""highlightcolor"">HAIFA</b> • HADAR-HACARHEL • SAFAD _TIBlERiAS • PETAH-TtKVAH • H ...</div>"
735	pls19430720-01.1.2	20 July 1943	pls	Page 2	"<div class=""txtsearchsnippet"">... in Palestine . * The Greek Catholic Bishop of <b class=""highlightcolor"">Haifa</b> and Galilee area , Mgr . Hakimwas in JerusaGeorge ...</div>"
736	pls19460204-01.1.2	4 February 1946	pls	Page 2	"<div class=""txtsearchsnippet"">... and Mtre . Abdul Ghani Ayyad , Consul at <b class=""highlightcolor"">Haifa</b> , have been promoted to the rank of Secretaries ...</div>"
737	pls19461029-01.1.2	29 October 1946	pls	Page 2	"<div class=""txtsearchsnippet"">... . 360 , Tel . 4809 and 2138 , <b class=""highlightcolor"">Haifa</b></div>"
738	pls19410918-01.1.2	18 September 1941	pls	Page 2	"<div class=""txtsearchsnippet""><b class=""highlightcolor"">HAIFA</b></div>"
739	pls19410203-01.1.2	3 February 1941	pls	Page 2	"<div class=""txtsearchsnippet"">... reception on Friday evening at the Beitenu Hall , <b class=""highlightcolor"">Haifa</b> , to celebrate the amalgamation of Kosher and Hever ...</div>"
740	pls19420325-01.1.3	25 March 1942	pls	Page 3	"<div class=""txtsearchsnippet"">P . O . B . 787 <b class=""highlightcolor"">Haifa</b> Tel . 552</div>"
741	pls19420629-01.1.3	29 June 1942	pls	Page 3	"<div class=""txtsearchsnippet"">... witness some unofficial movin . &lt;? -days , although <b class=""highlightcolor"">Haifa</b> --- unlike JerusaXn —¦ has no _iPxed customary date ...</div>"
742	pls19420715-01.1.3	15 July 1942	pls	Page 3	"<div class=""txtsearchsnippet"">Hacarmel , <b class=""highlightcolor"">Haifa</b></div>"
743	pls19440828-01.1.3	28 August 1944	pls	Page 3	"<div class=""txtsearchsnippet"">... O . B . 523 Tel . : 81931 <b class=""highlightcolor"">HAIFA</b> : P . O . B . 617 TeL ...</div>"
744	pls19420806-01.1.3	6 August 1942	pls	Page 3	"<div class=""txtsearchsnippet""><b class=""highlightcolor"">HAIFA</b> JERUSALEM</div>"
745	pls19450206-01.1.3	6 February 1945	pls	Page 3	"<div class=""txtsearchsnippet"">... Canadian wheat-flour con ten . ; Budget proposals for <b class=""highlightcolor"">Haifa</b> Municipality during 1 SH 5-4 ) were discussed last ...</div>"
746	pls19470311-01.1.3	11 March 1947	pls	Page 3	"<div class=""txtsearchsnippet"">... , P . O . B . 46 . <b class=""highlightcolor"">HAIFA</b></div>"
747	pls19451102-01.1.1	2 November 1945	pls	Page 1	"<div class=""txtsearchsnippet"">Launches in <b class=""highlightcolor"">Haifa</b> and Jaffa Ports were blown and there up , ...</div>"
748	pls19460709-01.1.2	9 July 1946	pls	Page 2	"<div class=""txtsearchsnippet"">_W - <b class=""highlightcolor"">HAIFA</b> , ARMON</div>"
749	pls19480216-01.1.2	16 February 1948	pls	Page 2	"<div class=""txtsearchsnippet"">... Aviv . * UNNA—PONTKVER The marriarge took lace in <b class=""highlightcolor"">Haifa</b> p on Sunday , February 15 , between Mr ...</div>"
750	pls19460730-01.1.1	30 July 1946	pls	Page 1	"<div class=""txtsearchsnippet"">KHAYAT BEACH - <b class=""highlightcolor"">HAIFA</b> * FOR LOVELY BATHING -</div>"
751	pls19460910-01.1.3	10 September 1946	pls	Page 3	"<div class=""txtsearchsnippet""><b class=""highlightcolor"">HAIFA</b></div>"
752	pls19461118-01.1.3	18 November 1946	pls	Page 3	"<div class=""txtsearchsnippet"">... _ &gt; Ml . Canaan 27 ,. _G lo <b class=""highlightcolor"">Haifa</b> . ur , i .. : irm « -i ...</div>"
753	pls19410830-01.1.3	30 August 1941	pls	Page 3	"<div class=""txtsearchsnippet""><b class=""highlightcolor"">HAIFA</b></div>"
754	pls19410725-01.1.3	25 July 1941	pls	Page 3	"<div class=""txtsearchsnippet""><b class=""highlightcolor"">HAIFA</b></div>"
755	pls19420120-01.1.3	20 January 1942	pls	Page 3	"<div class=""txtsearchsnippet""><b class=""highlightcolor"">HAIFA</b> . TOO . TO HAVE DIAL _FHONI</div>"
756	pls19430621-01.1.4	21 June 1943	pls	Page 4	"<div class=""txtsearchsnippet"">VU <b class=""highlightcolor"">HAIFA</b></div>"
757	pls19441023-01.1.3	23 October 1944	pls	Page 3	"<div class=""txtsearchsnippet"">... . O . B . 523 Tel : 81931 <b class=""highlightcolor"">HAIFA</b> : P . O . B . 617 Tel ...</div>"
758	pls19441030-01.1.3	30 October 1944	pls	Page 3	"<div class=""txtsearchsnippet""><b class=""highlightcolor"">HAIFA</b></div>"
759	pls19440913-01.1.3	13 September 1944	pls	Page 3	"<div class=""txtsearchsnippet"">... , P . O . B . Cff , <b class=""highlightcolor"">Haifa</b></div>"
760	pls19440906-01.1.3	6 September 1944	pls	Page 3	"<div class=""txtsearchsnippet""><b class=""highlightcolor"">Haifa</b></div>"
761	pls19420922-01.1.3	22 September 1942	pls	Page 3	"<div class=""txtsearchsnippet"">... Water rates for residents of Hadar Hacarmel Quarter im <b class=""highlightcolor"">Haifa</b> were ili . scus . sed at the Annual ...</div>"
762	pls19450503-01.1.3	3 May 1945	pls	Page 3	"<div class=""txtsearchsnippet""><b class=""highlightcolor"">Haifa</b></div>"
763	pls19450904-01.1.3	4 September 1945	pls	Page 3	"<div class=""txtsearchsnippet""><b class=""highlightcolor"">HAIFA</b> : KINGSWAY . TEL . 2738 „ NORDAU STREET ...</div>"
764	pls19450608-01.1.4	8 June 1945	pls	Page 4	"<div class=""txtsearchsnippet"">26 Herzl Street , <b class=""highlightcolor"">Haifa</b> , Tel . 3150</div>"
765	pls19470406-01.1.3	6 April 1947	pls	Page 3	"<div class=""txtsearchsnippet"">... — P . O . B . 1254 — <b class=""highlightcolor"">HAIFA</b></div>"
766	pls19470225-01.1.3	25 February 1947	pls	Page 3	"<div class=""txtsearchsnippet""><b class=""highlightcolor"">HAIFA</b> PORT WILL ¦ rOT PE CLOSE !) TEL AVTV ...</div>"
767	pls19471123-01.1.3	23 November 1947	pls	Page 3	"<div class=""txtsearchsnippet"">... to MOMBASSA , PEIRA and _DURBAN via BEmUT and <b class=""highlightcolor"">HAIFA</b></div>"
768	pls19480107-01.1.4	7 January 1948	pls	Page 4	"<div class=""txtsearchsnippet"">... namely a Jewish doctor murdered by Arabs in a <b class=""highlightcolor"">Government hospital</b> ? Why has it never described the cemeteries ...</div>"
769	pls19470819-01.1.3	19 August 1947	pls	Page 3	"<div class=""txtsearchsnippet"">... passengers as . _tienei which arm ! in y <b class=""highlightcolor"">Haifa</b> yesterday were refugees from Belsen . Thi * s ...</div>"
770	pls19430509-01.1.2	9 May 1943	pls	Page 2	"<div class=""txtsearchsnippet"">... # f F * f «? ( NEW EOR <b class=""highlightcolor"">HAIFA</b> ) Th _^ start at _P-mf ° r y ...</div>"
771	pls19430214-01.1.2	14 February 1943	pls	Page 2	"<div class=""txtsearchsnippet"">Zion , Hotel <b class=""highlightcolor"">Haifa</b></div>"
772	pls19440321-01.1.2	21 March 1944	pls	Page 2	"<div class=""txtsearchsnippet"">... Leach , on March 2 \ _j-d-14 at the <b class=""highlightcolor"">Government Hospital</b> , Jerusalem — a daueiiter . RCSEL -- ...</div>"
773	pls19450516-01.1.2	16 May 1945	pls	Page 2	"<div class=""txtsearchsnippet"">... , mer Lebanese Foreign Mooter , has arrived in <b class=""highlightcolor"">Haifa</b> and j in staying at the NHS . ar ...</div>"
774	pls19410603-01.1.3	3 June 1941	pls	Page 3	"<div class=""txtsearchsnippet"">... ship Sophie at esent lying in the Port of <b class=""highlightcolor"">Haifa</b> . nsus . — A census of the Jewish ...</div>"
775	pls19420121-01.1.3	21 January 1942	pls	Page 3	"<div class=""txtsearchsnippet"">Mt . Carmel , <b class=""highlightcolor"">Haifa</b> . Thone 489 . ; Manager : Menjoo-Kertes * ...</div>"
776	pls19450520-01.1.3	20 May 1945	pls	Page 3	"<div class=""txtsearchsnippet"">... . so seriously injured r nd were removed to <b class=""highlightcolor"">Government Hospital</b> , <b class=""highlightcolor"">Haifa</b> . The three remaining members • ...</div>"
777	pls19450131-01.1.3	31 January 1945	pls	Page 3	"<div class=""txtsearchsnippet"">47 Her / 1 . si . <b class=""highlightcolor"">Haifa</b> Reliable Service</div>"
778	pls19470416-01.1.1	16 April 1947	pls	Page 1	"<div class=""txtsearchsnippet"">... . _* - _&lt;» • _^ _&gt; JERUSALEM . <b class=""highlightcolor"">HAIFA</b> J JERUSALEM J i \ J _^ _^ % ...</div>"
779	pls19451023-01.1.3	23 October 1945	pls	Page 3	"<div class=""txtsearchsnippet"">... _lordan Valley . The first fruit is expected in <b class=""highlightcolor"">Haifa</b> Port tomorrow for shipn ent on November 2 I ...</div>"
780	pls19460208-01.1.3	8 February 1946	pls	Page 3	"<div class=""txtsearchsnippet"">... t \ lLjir . &gt;( U . .... A <b class=""highlightcolor"">_Haifa</b> s Largest Photo Shop IromD _AHM ¦ wmsMmh _iTODJtrS ...</div>"
781	pls19460131-01.1.3	31 January 1946	pls	Page 3	"<div class=""txtsearchsnippet"">... , P . O . B . 66 , <b class=""highlightcolor"">Haifa</b> .</div>"
782	pls19460113-01.1.1	13 January 1946	pls	Page 1	"<div class=""txtsearchsnippet"">... ASCHNER , I Palestine Post Staff Correspondent . _^ <b class=""highlightcolor"">HAIFA</b> , Saturday . Vv _* , The train carrying ...</div>"
783	pls19470320-01.1.3	20 March 1947	pls	Page 3	"<div class=""txtsearchsnippet"">... MAYER !* _OOV . STORE yy PHONE 2621 ; <b class=""highlightcolor"">HAIFA</b> : BETH HASHAON HADAR HACARMEL PHONE 2 ii . ...</div>"
784	pls19470316-01.1.3	16 March 1947	pls	Page 3	"<div class=""txtsearchsnippet"">... Mt . Cana _ an ll . s 73 <b class=""highlightcolor"">Haifa</b> HJ . _2 &gt; p Beisan 20 , &gt; ...</div>"
785	pls19460821-01.1.3	21 August 1946	pls	Page 3	"<div class=""txtsearchsnippet"">... transfer of furniture from Jerusalem s Municipality \ csterday <b class=""highlightcolor"">Haifa</b> s Income Tax Office is being transferred lQ 28 ...</div>"
786	pls19471027-01.1.3	27 October 1947	pls	Page 3	"<div class=""txtsearchsnippet"">... s . s . Poboda , is expected at <b class=""highlightcolor"">Haifa</b> ¦ tonie-t , the Armenian P • triee en ...</div>"
787	pls19470925-01.1.3	25 September 1947	pls	Page 3	"<div class=""txtsearchsnippet"">... an 14 . ti 25 . 4 77 57 <b class=""highlightcolor"">Haifa</b> 20 . 0 26 . 4 70 66 Beisan ...</div>"
788	pls19480406-01.1.3	6 April 1948	pls	Page 3	"<div class=""txtsearchsnippet"">... An Arab driver was killed and a wonnded in <b class=""highlightcolor"">Haifa</b> _passenger Town ytst . rdn &gt; , mul one ...</div>"
789	pls19440723-01.1.2	23 July 1944	pls	Page 2	"<div class=""txtsearchsnippet""><b class=""highlightcolor"">HAIFA</b> , T » I . 4989</div>"
790	pls19411218-01.1.2	18 December 1941	pls	Page 2	"<div class=""txtsearchsnippet""><b class=""highlightcolor"">HAIFA</b> ; _[» Ntr _! rt Court : ( CA ...</div>"
791	pls19420720-01.1.3	20 July 1942	pls	Page 3	"<div class=""txtsearchsnippet"">... a prominent . Zionist who are now living in <b class=""highlightcolor"">Haifa</b> have transferred lo the Jewish National Fund a . ...</div>"
792	pls19430222-01.1.3	22 February 1943	pls	Page 3	"<div class=""txtsearchsnippet"">LARGF _. SFLBCTION—AI _^ OBARGAfXS—5 Xordau St . <b class=""highlightcolor"">Haifa</b> , Tel . Sft 77</div>"
793	pls19450315-01.1.2	15 March 1945	pls	Page 2	"<div class=""txtsearchsnippet"">... SONS 21 Jaffa Rd ., 74 Jaffa ltd ., <b class=""highlightcolor"">Haifa</b> . _Jerusalem .</div>"
794	pls19451025-01.1.2	25 October 1945	pls	Page 2	"<div class=""txtsearchsnippet"">... E . M . V . James , left <b class=""highlightcolor"">Haifa</b> lor Nazareth yesterday to resume _dutit-s as Superintendent in ...</div>"
795	pls19471102-01.1.3	2 November 1947	pls	Page 3	"<div class=""txtsearchsnippet"">... Cana ar . ¦ . r -. !• 36 <b class=""highlightcolor"">Haifa</b> ! - • _ . - - r ¦ ...</div>"
796	pls19471123-01.1.1	23 November 1947	pls	Page 1	"<div class=""txtsearchsnippet"">... was taken by a Rod Shield ambulance to the <b class=""highlightcolor"">Government Hospital</b> in Tel Aviv . Jt is believed that ...</div>"
797	pls19430531-01.1.3	31 May 1943	pls	Page 3	"<div class=""txtsearchsnippet"">... _66 t Dr . CBarrereV . p , In <b class=""highlightcolor"">Haifa</b> : On June 2 , at</div>"
798	pls19470807-01.1.3	7 August 1947	pls	Page 3	"<div class=""txtsearchsnippet"">_FMTFUGSFS MIP _81 FD IN TRftNSIT CAMP <b class=""highlightcolor"">HAIFA</b> , Wednesday . — Fourteen of the hundreds of ...</div>"
799	pls19471211-01.1.3	11 December 1947	pls	Page 3	"<div class=""txtsearchsnippet"">unteers . Action Speeded U ** <b class=""highlightcolor"">HAIFA</b> , Wednesday . — Although the hearing of the ...</div>"
800	pls19471222-01.1.1	22 December 1947	pls	Page 1	"<div class=""txtsearchsnippet"">... . The body of an Arab was found in <b class=""highlightcolor"">Haifa</b> . The other casualties were suffered in attacks on ...</div>"
801	pls19420317-01.1.2	17 March 1942	pls	Page 2	"<div class=""txtsearchsnippet""><b class=""highlightcolor"">HAIFA</b> MOUNTCAIRMBE</div>"
802	pls19430203-01.1.2	3 February 1943	pls	Page 2	"<div class=""txtsearchsnippet"">... Disu tiict Commissioner , who left ti e Jaffa <b class=""highlightcolor"">Government Hospital</b> a * ter a brief illness , arrived ...</div>"
803	pls19430913-01.1.2	13 September 1943	pls	Page 2	"<div class=""txtsearchsnippet"">... on Friday , September 10 , 1943 , at <b class=""highlightcolor"">Government Hospital</b> , Jerusalem — a son .</div>"
804	pls19451011-01.1.1	11 October 1945	pls	Page 1	"<div class=""txtsearchsnippet""><b class=""highlightcolor"">HAIFA</b> , Wednesday . — After overpowering the guard at ...</div>"
805	pls19440609-01.1.2	9 June 1944	pls	Page 2	"<div class=""txtsearchsnippet"">... ot the i almuciical Colleges Committee . Sneakers -included <b class=""highlightcolor"">Haifa</b> s Chief . Rabbi Marcus , and the Chairman ...</div>"
806	pls19470820-01.1.2	20 August 1947	pls	Page 2	"<div class=""txtsearchsnippet""><b class=""highlightcolor"">Haifa</b> , and is now ii ! operaiion .</div>"
807	pls19460612-01.1.3	12 June 1946	pls	Page 3	"<div class=""txtsearchsnippet"">... . A . O . s at the Jaffa <b class=""highlightcolor"">Government Hospital</b> and that of Socrates at the Tel George ...</div>"
808	pls19410117-01.1.3	17 January 1941	pls	Page 3	"<div class=""txtsearchsnippet"">FACTORY OF ELECTRICAL MATERIALS LTD . <b class=""highlightcolor"">HAIFA</b> , P . O . -B . 1345</div>"
809	pls19451214-01.1.4	14 December 1945	pls	Page 4	"<div class=""txtsearchsnippet"">... cwr offices Bovis House , New Business Centre , <b class=""highlightcolor"">Haifa</b> Tel . 2877 , P . O . B ...</div>"
810	pls19480312-01.1.1	12 March 1948	pls	Page 1	"<div class=""txtsearchsnippet"">... _^ porters Steel Brothers &amp; Co ., I 1 <b class=""highlightcolor"">HAIFA</b> .</div>"
811	pls19480220-01.1.1	20 February 1948	pls	Page 1	"<div class=""txtsearchsnippet"">... Brain Surgeon Comes From C yprus Palestine Post Correspondent <b class=""highlightcolor"">HAIFA</b> , Thursday . — The Koduiah arrived hore this ...</div>"
812	pls19480415-01.1.1	15 April 1948	pls	Page 1	"<div class=""txtsearchsnippet"">... refugees of the Tirath Zvi who were deported from <b class=""highlightcolor"">Haifa</b> , arrived at Famagusta this evening .</div>"
813	pls19480324-01.1.1	24 March 1948	pls	Page 1	"<div class=""txtsearchsnippet"">... The seriously injured , who were taken to the <b class=""highlightcolor"">Government Hospital</b> , were officially identified as Yusef Mustapha , ...</div>"
814	pls19430525-01.1.2	25 May 1943	pls	Page 2	"<div class=""txtsearchsnippet"">... HAAS , Ltd . ij 40 Herzl St ., <b class=""highlightcolor"">Haifa</b> _{ . _; Phone 4976 . !</div>"
815	pls19470221-01.1.2	21 February 1947	pls	Page 2	"<div class=""txtsearchsnippet"">... _fSCH V . O . B . M , <b class=""highlightcolor"">Haifa</b> .</div>"
816	pls19410812-01.1.3	12 August 1941	pls	Page 3	"<div class=""txtsearchsnippet"">/ <b class=""highlightcolor"">HAIFA</b> / -REHOVOTH</div>"
817	pls19441204-01.1.3	4 December 1944	pls	Page 3	"<div class=""txtsearchsnippet"">AGENCIES OF LOCAL FACTORIES FOR <b class=""highlightcolor"">HAIFA</b> AND OFFEIRS FOR EXPORT .</div>"
818	pls19441130-01.1.3	30 November 1944	pls	Page 3	"<div class=""txtsearchsnippet"">Another appeal to the Mayoi of <b class=""highlightcolor"">Haifa</b> lor the accommodation of the <b class=""highlightcolor"">Haifa</b> residents whoso huts ...</div>"
819	pls19421223-01.1.3	23 December 1942	pls	Page 3	"<div class=""txtsearchsnippet"">... 1 to LP 2 . ; were imposed by <b class=""highlightcolor"">Haifa</b> Municipal Tribunal yesterdayafternoon seven upon grocers and wholesalers who ...</div>"
820	pls19421222-01.1.3	22 December 1942	pls	Page 3	"<div class=""txtsearchsnippet"">_. _JKRIS-ALEM ! <b class=""highlightcolor"">HAIFA</b> ; f • : w - KI T T ...</div>"
821	pls19440525-01.1.3	25 May 1944	pls	Page 3	"<div class=""txtsearchsnippet"">... vuot Regatta is to be he _) d in <b class=""highlightcolor"">Haifa</b> on Sunday ( Feast of Pentecost ) by the ...</div>"
822	pls19431229-01.1.3	29 December 1943	pls	Page 3	"<div class=""txtsearchsnippet"">12 Nordau St . <b class=""highlightcolor"">HAIFA</b> Also _UTH-JTY wear</div>"
823	pls19431223-01.1.3	23 December 1943	pls	Page 3	"<div class=""txtsearchsnippet"">... the Jewish in Agency Jerusalem , Tel Aviv or <b class=""highlightcolor"">Haifa</b> .</div>"
824	pls19450806-01.1.4	6 August 1945	pls	Page 4	"<div class=""txtsearchsnippet"">... : 47 Kingsway ; Stores : Nazareth Road . <b class=""highlightcolor"">HAIFA</b></div>"
825	pls19470424-01.1.3	24 April 1947	pls	Page 3	"<div class=""txtsearchsnippet"">... ( clothing from a house in Allenby Road , <b class=""highlightcolor"">Haifa</b> , on Mondav .</div>"
826	pls19460224-01.1.3	24 February 1946	pls	Page 3	"<div class=""txtsearchsnippet""><b class=""highlightcolor"">HAIFA</b></div>"
827	pls19461025-01.1.3	25 October 1946	pls	Page 3	"<div class=""txtsearchsnippet"">... . m J at the - Armon Theatre , <b class=""highlightcolor"">Haifa</b> , and on Nov . 2 , 8 . ...</div>"
828	pls19460717-01.1.3	17 July 1946	pls	Page 3	"<div class=""txtsearchsnippet"">COURT MARTIAL FOR PTE . LONG <b class=""highlightcolor"">HAIFA</b> , Tuesday . — The G . O . ...</div>"
829	pls19460815-01.1.3	15 August 1946	pls	Page 3	"<div class=""txtsearchsnippet"">... * Mt . Cana an 30 . 6 53 <b class=""highlightcolor"">Haifa</b> 29 . 0 77 Beisan ( 371 54 Kathanya ...</div>"
830	pls19460816-01.1.1	16 August 1946	pls	Page 1	"<div class=""txtsearchsnippet"">KHAYAT BEACH - <b class=""highlightcolor"">HAIFA</b> * FOR LOVELY BATHING -</div>"
831	pls19460811-01.1.3	11 August 1946	pls	Page 3	"<div class=""txtsearchsnippet"">... injured and was taken to the Rothschild Hospital in <b class=""highlightcolor"">Haifa</b> In a brawl between a number of Arabs and ...</div>"
832	pls19471113-01.1.3	13 November 1947	pls	Page 3	"<div class=""txtsearchsnippet""><b class=""highlightcolor"">HAIFA</b> In French , English subtitles</div>"
833	pls19471124-01.1.3	24 November 1947	pls	Page 3	"<div class=""txtsearchsnippet"">... n l \ E O n E _*» S <b class=""highlightcolor"">HAIFA</b> , Sunday . — A drive tor LA 120 ...</div>"
834	pls19471127-01.1.3	27 November 1947	pls	Page 3	"<div class=""txtsearchsnippet"">You sail from <b class=""highlightcolor"">Haifa</b> — so book in <b class=""highlightcolor"">Haifa</b> with</div>"
835	pls19480319-01.1.3	19 March 1948	pls	Page 3	"<div class=""txtsearchsnippet"">... Sale - Exchange PHOTO PPFNNER 31 Herhalutz St ., <b class=""highlightcolor"">Haifa</b> , T _. -l . 4137</div>"
836	pls19480220-01.1.3	20 February 1948	pls	Page 3	"<div class=""txtsearchsnippet"">31 Herbal utz St ., <b class=""highlightcolor"">Haifa</b> Tel . 4137</div>"
837	pls19470731-01.1.3	31 July 1947	pls	Page 3	"<div class=""txtsearchsnippet"">... 2 . ! 1 . 2 2 C 33 <b class=""highlightcolor"">Haifa</b> 21 . 2 2 K . 2 _* 2 ...</div>"
838	pls19410828-01.1.2	28 August 1941	pls	Page 2	"<div class=""txtsearchsnippet"">... for the trophy . Against Bat Galim Hagibor , <b class=""highlightcolor"">Haifa</b> Maccabi succeeded in winning by five clear goals , ...</div>"
839	pls19410612-01.1.1	12 June 1941	pls	Page 1	"<div class=""txtsearchsnippet"">... . H . _AjrMiddTe East _PalpstinP i _aiesrine air <b class=""highlightcolor"">HAIFA</b> rai ( l bad alarms two on _Tuesday . ...</div>"
840	pls19420106-01.1.3	6 January 1942	pls	Page 3	"<div class=""txtsearchsnippet"">... f 2 fi &gt; died on Sunday in the <b class=""highlightcolor"">Government Hospital</b> of tt _tractured skull .</div>"
841	pls19411216-01.1.2	16 December 1941	pls	Page 2	"<div class=""txtsearchsnippet"">... _8 Herzl St . _^ r / / j <b class=""highlightcolor"">HAIFA</b> / / A _P * $ / j j ...</div>"
842	pls19430203-01.1.3	3 February 1943	pls	Page 3	"<div class=""txtsearchsnippet"">_Refugees Arrive In <b class=""highlightcolor"">Haifa</b></div>"
843	pls19440321-01.1.3	21 March 1944	pls	Page 3	"<div class=""txtsearchsnippet"">48 Hechaliit _^ St ., <b class=""highlightcolor"">Haifa</b> , Opp . Itnp . nt Cholim</div>"
844	pls19450617-01.1.3	17 June 1945	pls	Page 3	"<div class=""txtsearchsnippet"">... OF PALESTINE P . O . B . 639 <b class=""highlightcolor"">HAIFA</b></div>"
845	pls19451114-01.1.3	14 November 1945	pls	Page 3	"<div class=""txtsearchsnippet"">... . A Jenin notable , Haj Ibrahim in the <b class=""highlightcolor"">Haifa</b> Bay Area Massoud , was stabbed and where the ...</div>"
846	pls19451014-01.1.3	14 October 1945	pls	Page 3	"<div class=""txtsearchsnippet"">... the C . R . L . compound in <b class=""highlightcolor"">Haifa</b> Bay .</div>"
847	pls19460503-01.1.3	3 May 1946	pls	Page 3	"<div class=""txtsearchsnippet""><b class=""highlightcolor"">Haifa</b> s Largest Photo Shop</div>"
848	pls19460421-01.1.3	21 April 1946	pls	Page 3	"<div class=""txtsearchsnippet"">... courses of study at the Hebrew University and the <b class=""highlightcolor"">Haifa</b> Hebrew Technical Institute . These schools are included in ...</div>"
849	pls19460614-01.1.3	14 June 1946	pls	Page 3	"<div class=""txtsearchsnippet""><b class=""highlightcolor"">Haifa</b> s _Largest Photo Shop</div>"
850	pls19480121-01.1.3	21 January 1948	pls	Page 3	"<div class=""txtsearchsnippet"">Shot allegedly by Mustapha Abbas el Abbasof <b class=""highlightcolor"">Haifa</b> , who , i . s being sought , ...</div>"
851	pls19480104-01.1.1	4 January 1948	pls	Page 1	"<div class=""txtsearchsnippet"">Palestine Post Bureau <b class=""highlightcolor"">HAIFA</b> , Saturday . — In house-to-house searches in Nahariya ...</div>"
852	pls19470813-01.1.3	13 August 1947	pls	Page 3	"<div class=""txtsearchsnippet"">... Cana an HA . ¦ &lt; ~ : p <b class=""highlightcolor"">Haifa</b> 20 . H 27 1 7 s _* . ...</div>"
853	pls19470722-01.1.1	22 July 1947	pls	Page 1	"<div class=""txtsearchsnippet"">... and _Esrvpt * -vd _JUd , TEL AVIVJERUSALEM ; <b class=""highlightcolor"">HAIFA</b> , REHOVOT</div>"
854	pls19410721-01.1.2	21 July 1941	pls	Page 2	"<div class=""txtsearchsnippet"">demy , at the <b class=""highlightcolor"">Government Hospital</b> , | competed in the mile _r . ...</div>"
855	pls19420220-01.1.3	20 February 1942	pls	Page 3	"<div class=""txtsearchsnippet"">... Iraq by an Arab com-1 pany formed : n <b class=""highlightcolor"">Haifa</b> with the assistance of the _authorities . I according ...</div>"
856	pls19420625-01.1.3	25 June 1942	pls	Page 3	"<div class=""txtsearchsnippet"">WHEN ON OiAVE IN <b class=""highlightcolor"">HAIFA</b> STAY ONLY AT THK</div>"
857	pls19430708-01.1.3	8 July 1943	pls	Page 3	"<div class=""txtsearchsnippet"">... , No . 14 leaves _King- _^ _aay , <b class=""highlightcolor"">Haifa</b> at 9 . 15 a . m . oral ...</div>"
858	pls19431121-01.1.1	21 November 1943	pls	Page 1	"<div class=""txtsearchsnippet"">ARMON <b class=""highlightcolor"">HAIFA</b> Thursday Dec . 2 at 6 . 30 . ...</div>"
859	pls19440421-01.1.3	21 April 1944	pls	Page 3	"<div class=""txtsearchsnippet"">... . _Subhi-oh Wanna . ? in Alenby St ., <b class=""highlightcolor"">Haifa</b> , on April 13 , was _arrested yvvcrdav . ...</div>"
860	pls19470221-01.1.3	21 February 1947	pls	Page 3	"<div class=""txtsearchsnippet"">... ! i i 2 . r . &gt; , <b class=""highlightcolor"">Haifa</b> _lt . T _, _X . _Hei- . -:. ...</div>"
861	pls19430324-01.1.3	24 March 1943	pls	Page 3	"<div class=""txtsearchsnippet"">... Kibbutz Dahlia , near Ain Hi- . shophec in <b class=""highlightcolor"">Haifa</b> district , after . -tealing 200 _kgmsi . oi ...</div>"
862	pls19431109-01.1.3	9 November 1943	pls	Page 3	"<div class=""txtsearchsnippet"">sTimv in <b class=""highlightcolor"">Haifa</b></div>"
863	pls19420916-01.1.3	16 September 1942	pls	Page 3	"<div class=""txtsearchsnippet"">... the cattle could not be brought in time from <b class=""highlightcolor"">Haifa</b> . The also paper complains that the quotas of ...</div>"
864	pls19480704-01.1.3	4 July 1948	pls	Page 3	"<div class=""txtsearchsnippet"">... riding crashed into a pole in _flehalutz Street in <b class=""highlightcolor"">Haifa</b> . The driver ot the motorcycle who said he ...</div>"
865	pls19471230-01.1.1	30 December 1947	pls	Page 1	"<div class=""txtsearchsnippet"">... _*&gt; F _* fi _tff &gt; JUDITH AVElXIX By <b class=""highlightcolor"">HAIFA</b> , Monday . — For two hours early this ...</div>"
866	pls19460802-01.1.3	2 August 1946	pls	Page 3	"<div class=""txtsearchsnippet"">... Rd TEL AVIV : 63 NahJat Benyamin St . <b class=""highlightcolor"">HAIFA</b> : 3 Palmer s Gate</div>"
867	pls19420414-01.1.3	14 April 1942	pls	Page 3	"<div class=""txtsearchsnippet"">... TWO _WORU &gt; S ARMO _ V THEATRE , <b class=""highlightcolor"">Haifa</b> Thursday , April 16 , at 6 and 9 ...</div>"
868	pls19430603-01.1.3	3 June 1943	pls	Page 3	"<div class=""txtsearchsnippet"">... the child nor Shalom Kisseler , both at the <b class=""highlightcolor"">Government Hospital</b> for Contagious Diseases in _Bne-i Brak , are ...</div>"
869	pls19431103-01.1.3	3 November 1943	pls	Page 3	"<div class=""txtsearchsnippet"">... _* . on vegetables , the Chief trate at <b class=""highlightcolor"">Haifa</b> sent Fu _ e- rv . ! !! of ...</div>"
870	pls19431224-01.1.2	24 December 1943	pls	Page 2	"<div class=""txtsearchsnippet"">... • 3 ( Palmer s Gate Tel . 2975 <b class=""highlightcolor"">Haifa</b></div>"
871	pls19421001-01.1.3	1 October 1942	pls	Page 3	"<div class=""txtsearchsnippet""><b class=""highlightcolor"">Haifa</b></div>"
872	pls19450902-01.1.3	2 September 1945	pls	Page 3	"<div class=""txtsearchsnippet"">... *» light . THK DISTRICT RFCRUITTNG A orFlCKS in <b class=""highlightcolor"">Haifa</b> and . Jerusalem , closed as of yesterr ! ...</div>"
873	pls19470706-01.1.3	6 July 1947	pls	Page 3	"<div class=""txtsearchsnippet"">... _ so m / , V have for over <b class=""highlightcolor"">Haifa</b> _^ _^ for century maintained to ** their reutadon ...</div>"
874	pls19480102-01.1.3	2 January 1948	pls	Page 3	"<div class=""txtsearchsnippet"">... electrical motor _* - in fiS Jaffa St ., <b class=""highlightcolor"">Haifa</b> , to a safer spot at 8 o clock ...</div>"
875	pls19470723-01.1.1	23 July 1947	pls	Page 1	"<div class=""txtsearchsnippet"">... to the 4 . 500 Jews who landed in <b class=""highlightcolor"">Haifa</b> on Friday , he said : The t with ...</div>"
876	pls19410708-01.1.3	8 July 1941	pls	Page 3	"<div class=""txtsearchsnippet"">HIGH STANDARD OF FFFICIENCY <b class=""highlightcolor"">HAIFA</b> , Monday . — Tho Memt armpl volunteer _fir--. ...</div>"
877	pls19410124-01.1.3	24 January 1941	pls	Page 3	"<div class=""txtsearchsnippet"">... a e at her parents _hou-re in AMenStreet . <b class=""highlightcolor"">Haifa</b> . She w ¦ :, admi . tei he ...</div>"
878	pls19411110-01.1.3	10 November 1941	pls	Page 3	"<div class=""txtsearchsnippet"">... - to _; the _-o-iiperinterndrnt pi _tha Line , <b class=""highlightcolor"">Haifa</b> ,</div>"
879	pls19430127-01.1.1	27 January 1943	pls	Page 1	"<div class=""txtsearchsnippet"">... in East- « .. _, i , Quarter of <b class=""highlightcolor"">Haifa</b> . * * * Supplementary weekly allotrovv . _* ...</div>"
880	pls19430630-01.1.3	30 June 1943	pls	Page 3	"<div class=""txtsearchsnippet"">... , in cluding :. vo _younsrsters , arrived in <b class=""highlightcolor"">Haifa</b> via Aha el N . ikura from Tuikov on ...</div>"
881	pls19430623-01.1.3	23 June 1943	pls	Page 3	"<div class=""txtsearchsnippet"">... clients that we have opened a BRANCH STORE in <b class=""highlightcolor"">HAIFA</b> at 6 _PIALIX ST ., HADAR HACARMEL , Tel ...</div>"
882	pls19450507-01.1.3	7 May 1945	pls	Page 3	"<div class=""txtsearchsnippet"">... : i jf Q 32 HER 71 ST .. <b class=""highlightcolor"">HAIFA</b> 1</div>"
883	pls19450725-01.1.3	25 July 1945	pls	Page 3	"<div class=""txtsearchsnippet"">... Telegraph Censor at Tel Aviv . The funeral from <b class=""highlightcolor"">Government Hospital</b> took place on Monday when the coffin was ...</div>"
884	pls19450619-01.1.3	19 June 1945	pls	Page 3	"<div class=""txtsearchsnippet"">... , 3 -Sea Rd ., -Mt . Carmel , <b class=""highlightcolor"">Haifa</b> Tel . 3865 .</div>"
885	pls19460405-01.1.3	5 April 1946	pls	Page 3	"<div class=""txtsearchsnippet""><b class=""highlightcolor"">Haifa</b> s Largest Photo Shop</div>"
886	pls19460531-01.1.3	31 May 1946	pls	Page 3	"<div class=""txtsearchsnippet"">... _*^ _rf t _« i r ! 9 ; <b class=""highlightcolor"">Haifa</b> s Largest Photo Shop</div>"
887	pls19460628-01.1.3	28 June 1946	pls	Page 3	"<div class=""txtsearchsnippet"">... _&lt;« si - _h r f ! f i <b class=""highlightcolor"">Haifa</b> s Largest Photo Shop</div>"
888	pls19470811-01.1.3	11 August 1947	pls	Page 3	"<div class=""txtsearchsnippet"">... . &gt; 2 _&lt;? 2 y 4 . _1 <b class=""highlightcolor"">Haifa</b> 2 &lt; u ) 2 s . . 69 ...</div>"
889	pls19470918-01.1.3	18 September 1947	pls	Page 3	"<div class=""txtsearchsnippet"">... v &gt; _1 . 2 o . V , <b class=""highlightcolor"">Haifa</b> vi ., -, £ 7 . 2 M T ...</div>"
890	pls19471225-01.1.1	25 December 1947	pls	Page 1	"<div class=""txtsearchsnippet"">Tel Aviv , _Jerusalem <b class=""highlightcolor"">Haifa</b> , _Refiovot</div>"
891	pls19480109-01.1.1	9 January 1948	pls	Page 1	"<div class=""txtsearchsnippet"">... PART OF THE CARMEL YAAROTH _HACARMEL ( suburb of <b class=""highlightcolor"">Haifa</b> ) Plots for sale at the following addresses : ...</div>"
892	pls19420410-01.1.3	10 April 1942	pls	Page 3	"<div class=""txtsearchsnippet"">... to Jerusa . cm last nirht after several din <b class=""highlightcolor"">Haifa</b> on die ays business of the Palestine Elecic _Cornorat ...</div>"
893	pls19430101-01.1.3	1 January 1943	pls	Page 3	"<div class=""txtsearchsnippet"">... ( Ed : or ) among . speakers The <b class=""highlightcolor"">Haifa</b> WIZi ) _Plzazyr held recently . netted P . ...</div>"
894	pls19440710-01.1.2	10 July 1944	pls	Page 2	"<div class=""txtsearchsnippet"">... in South Africa , has resumed his _quires in <b class=""highlightcolor"">Haifa</b> . TV . Nathan Wolf has been put _iri ...</div>"
895	pls19440320-01.1.2	20 March 1944	pls	Page 2	"<div class=""txtsearchsnippet"">... 1 &gt; r . _Barnardo s Homes at the <b class=""highlightcolor"">Haifa</b> Technical Institute wa . again a great success with</div>"
896	pls19421117-01.1.2	17 November 1942	pls	Page 2	"<div class=""txtsearchsnippet"">... ( 4 BRANCHES ) . - JAffA JERUSALEM • <b class=""highlightcolor"">HAIFA</b> • HADAR-HACARMEl • SAFAD TIBERIAS • _PETAH-TIKVAH • HEDERAH ...</div>"
897	pls19460616-01.1.1	16 June 1946	pls	Page 1	"<div class=""txtsearchsnippet"">... was marked by processions and explosions in Jaffa and <b class=""highlightcolor"">Haifa</b> _, during which two persons were gravely injured . ...</div>"
898	pls19430222-01.1.4	22 February 1943	pls	Page 4	"<div class=""txtsearchsnippet""># JERUSALEM _» TEL AVIV _« <b class=""highlightcolor"">HAIFA</b> Authorized retailers for Utility Clothing</div>"
899	pls19450102-01.1.3	2 January 1945	pls	Page 3	"<div class=""txtsearchsnippet"">... furniture Highest prices . LOEWY 9 Bialik St ., <b class=""highlightcolor"">Haifa</b> .</div>"
900	pls19430818-01.1.2	18 August 1943	pls	Page 2	"<div class=""txtsearchsnippet"">... * Dr . D . Turner , of the <b class=""highlightcolor"">Government Hospital</b> in Jerusalem , has left the country on ...</div>"
901	pls19431129-01.1.3	29 November 1943	pls	Page 3	"<div class=""txtsearchsnippet"">... from the f _aMrte lakeside town was received in <b class=""highlightcolor"">Haifa</b> yesterday by Mr . Israel Amikam , pioneer</div>"
902	pls19440412-01.1.3	12 April 1944	pls	Page 3	"<div class=""txtsearchsnippet"">only at 9 Hechalutz St ., <b class=""highlightcolor"">Haifa</b></div>"
903	pls19450529-01.1.3	29 May 1945	pls	Page 3	"<div class=""txtsearchsnippet"">47 « _rNXtf _? WAY <b class=""highlightcolor"">HAIFA</b> P . O . B . 1343—Tel . 4615</div>"
904	pls19451024-01.1.3	24 October 1945	pls	Page 3	"<div class=""txtsearchsnippet"">THE CONSOLIDATED NEAR EAST CO . LTD <b class=""highlightcolor"">HAIFA</b> — TEL-AVIV - JAFFA - JERUSALEM _?</div>"
905	pls19450919-01.1.3	19 September 1945	pls	Page 3	"<div class=""txtsearchsnippet"">POLICE TAKE SPECIAL PRECAUTIONS <b class=""highlightcolor"">HAIFA</b> , Tuesday . — The biggest Military Court trial ...</div>"
906	pls19460124-01.1.3	24 January 1946	pls	Page 3	"<div class=""txtsearchsnippet"">... Tuesday evening , is making satisfactory progess at the <b class=""highlightcolor"">Government hospital</b> in Jerusalem . If no lications comp arise ...</div>"
907	pls19460707-01.1.3	7 July 1946	pls	Page 3	"<div class=""txtsearchsnippet"">... _afr , ; - _^ RO . BM 58 <b class=""highlightcolor"">HAIFA</b> / _/ _JF _^ PHONE : 3920 J }; ...</div>"
908	pls19460818-01.1.3	18 August 1946	pls	Page 3	"<div class=""txtsearchsnippet"">... three Jews killed by troops while breaking curfew in <b class=""highlightcolor"">Haifa</b> last Tuesday when immigrants were being deported 1 to ...</div>"
909	pls19471203-01.1.3	3 December 1947	pls	Page 3	"<div class=""txtsearchsnippet"">... 12 .. ; 1 w _&gt;&gt; - - • <b class=""highlightcolor"">Haifa</b> l &lt; _i-0 _Uiu . 1 . . V ...</div>"
910	pls19480302-01.1.3	2 March 1948	pls	Page 3	"<div class=""txtsearchsnippet"">... killed in the attempt on Magdiel . _Tracker Killed <b class=""highlightcolor"">HAIFA</b> , Monday . — An Arab police-tracker was killed ...</div>"
911	pls19480425-01.1.3	25 April 1948	pls	Page 3	"<div class=""txtsearchsnippet"">... , Mr . Shertok _de-clti _^ ledji Referring- to <b class=""highlightcolor"">Haifa</b> , he said he had no ground to differ ...</div>"
912	pls19470810-01.1.2	10 August 1947	pls	Page 2	"<div class=""txtsearchsnippet"">... first class connections . POB _, llu 6 , <b class=""highlightcolor"">HAIFA</b> .</div>"
913	pls19480604-01.1.1	4 June 1948	pls	Page 1	"<div class=""txtsearchsnippet"">... Foreign Minister , Mr . Shertok , met in <b class=""highlightcolor"">Haifa</b> last nieht . Mr . Shertok later told corj ...</div>"
914	pls19411224-01.1.3	24 December 1941	pls	Page 3	"<div class=""txtsearchsnippet""><b class=""highlightcolor"">Haifa</b> _Manariwsj Director : Tel . 1152</div>"
915	pls19420201-01.1.2	1 February 1942	pls	Page 2	"<div class=""txtsearchsnippet"">... — RESTAURANT ii _Pti 4 _fi Herzl St ., <b class=""highlightcolor"">Haifa</b> :</div>"
916	pls19411103-01.1.3	3 November 1941	pls	Page 3	"<div class=""txtsearchsnippet"">New Club for Jewish Soldiers in <b class=""highlightcolor"">Haifa</b></div>"
917	pls19431215-01.1.2	15 December 1943	pls	Page 2	"<div class=""txtsearchsnippet"">... Jerusalem Mary , Jaffa Rd ., Savoy Bldg ., <b class=""highlightcolor"">Haifa</b> Prices quoted on request .</div>"
918	pls19460610-01.1.2	10 June 1946	pls	Page 2	"<div class=""txtsearchsnippet"">... ght members of the IndCommission ian _Agricultural arrived in <b class=""highlightcolor"">Haifa</b> last night and arc staying at the Zion Hotel ...</div>"
919	pls19420326-01.1.3	26 March 1942	pls	Page 3	"<div class=""txtsearchsnippet"">... * Fair Trading _LeagTK * organized b &gt; the <b class=""highlightcolor"">Haifa</b> Reta . _iers Association wi / be . similar ...</div>"
920	pls19420317-01.1.3	17 March 1942	pls	Page 3	"<div class=""txtsearchsnippet"">... Eff . El Bitar , to Mayo the Jaffa <b class=""highlightcolor"">Government Hospital</b> , where a special ward will soon 3 ...</div>"
921	pls19430827-01.1.2	27 August 1943	pls	Page 2	"<div class=""txtsearchsnippet"">... who is under { reamer ,. : at the <b class=""highlightcolor"">Government Hospital</b> V Jerusalem ,, is progressing favourably . * ...</div>"
922	pls19430923-01.1.3	23 September 1943	pls	Page 3	"<div class=""txtsearchsnippet"">... el Falik village was fatally injured and died hi <b class=""highlightcolor"">Government Hospital</b> at Jaffa . * * * Charged With ...</div>"
923	pls19431104-01.1.3	4 November 1943	pls	Page 3	"<div class=""txtsearchsnippet"">... _IETJ _AVLV . Pc . ana l , _eai <b class=""highlightcolor"">Haifa</b> . nt : K . _Drci-kman 4 P-altraaa _C-nee ...</div>"
924	pls19450826-01.1.3	26 August 1945	pls	Page 3	"<div class=""txtsearchsnippet"">... dsiys . • » Five new settlers arrived in <b class=""highlightcolor"">Haifa</b> by overland route from Turkey on Thursday . • ...</div>"
925	pls19460125-01.1.3	25 January 1946	pls	Page 3	"<div class=""txtsearchsnippet"">... and caused serious injury to a Port worker in <b class=""highlightcolor"">Haifa</b> on Wednesday .</div>"
926	pls19470710-01.1.3	10 July 1947	pls	Page 3	"<div class=""txtsearchsnippet""><b class=""highlightcolor"">HAIFA</b></div>"
927	pls19480122-01.1.3	22 January 1948	pls	Page 3	"<div class=""txtsearchsnippet"">... ) Savings _Scheie for Villas in Kiryat Yam . <b class=""highlightcolor"">Haifa</b> Pay , near the seashore . Apply : BAYSTDE ...</div>"
928	pls19480119-01.1.3	19 January 1948	pls	Page 3	"<div class=""txtsearchsnippet"">... al TFL 1 0 jf \ \\ _\^ JKBrSALF <b class=""highlightcolor"">HAIFA</b> B _ Savoy J . I : Hotel 11 ...</div>"
929	pls19461114-01.1.1	14 November 1946	pls	Page 1	"<div class=""txtsearchsnippet"">... been suspended until further notice . The train leaving <b class=""highlightcolor"">Haifa</b> at 6 . 45 a . m . for ...</div>"
930	pls19470519-01.1.1	19 May 1947	pls	Page 1	"<div class=""txtsearchsnippet"">Bombs and Bush Fires <b class=""highlightcolor"">HAIFA</b> , Sunday . — Flares which fell to the ...</div>"
931	pls19410926-01.1.3	26 September 1941	pls	Page 3	"<div class=""txtsearchsnippet"">... seriously injured Patmah Khalil Abdallah in Nazareth Road , <b class=""highlightcolor"">Haifa</b> , _yesterday morning . The woman was taken bo ...</div>"
932	pls19410804-01.1.3	4 August 1941	pls	Page 3	"<div class=""txtsearchsnippet"">... leg of Mahmud Khalil Oud a worker at the <b class=""highlightcolor"">Haifa</b> Port , when it fell on him yesterday He ...</div>"
933	pls19420820-01.1.3	20 August 1942	pls	Page 3	"<div class=""txtsearchsnippet"">... Aviv per , 235 m Jaffa , 244 in <b class=""highlightcolor"">Haifa</b> and 241 in other Municipal or Local Council areas ...</div>"
934	pls19450523-01.1.1	23 May 1945	pls	Page 1	"<div class=""txtsearchsnippet"">ind judgment where their offices were closed . In <b class=""highlightcolor"">Haifa</b></div>"
935	pls19450427-01.1.1	27 April 1945	pls	Page 1	"<div class=""txtsearchsnippet"">TODAY OPENING OF THE SWIMMING POOL BAT-GALIM , <b class=""highlightcolor"">HAIFA</b></div>"
936	pls19450907-01.1.3	7 September 1945	pls	Page 3	"<div class=""txtsearchsnippet"">... . Carmel , Tel . 2758 FIRST PRESENTATION IN <b class=""highlightcolor"">HAIFA</b> ! The Honour Filrm of Soviet production</div>"
937	pls19450924-01.1.3	24 September 1945	pls	Page 3	"<div class=""txtsearchsnippet"">THE CONSOLIDATED NEAR EAST CO . LTD <b class=""highlightcolor"">HAIFA</b> — TIL-AVIV -JAFFA — JERUSALEM</div>"
938	pls19460509-01.1.3	9 May 1946	pls	Page 3	"<div class=""txtsearchsnippet"">... St ., Sansour . iei ¦ 45 ral Bldg <b class=""highlightcolor"">Haifa</b> : 3 Palmer s Gate , Near Main Port ...</div>"
939	pls19461023-01.1.1	23 October 1946	pls	Page 1	"<div class=""txtsearchsnippet"">48 Harbour Street , <b class=""highlightcolor"">Haifa</b> . All minerals are delivered free In I-destine</div>"
940	pls19460710-01.1.3	10 July 1946	pls	Page 3	"<div class=""txtsearchsnippet"">_° &gt;\ _P . _OBWJS <b class=""highlightcolor"">HAIFA</b> _Tp</div>"
941	pls19470704-01.1.3	4 July 1947	pls	Page 3	"<div class=""txtsearchsnippet"">... m , Mt . Canaan 28 . S 37 <b class=""highlightcolor"">Haifa</b> 26 . 7 40 Beisan 3 _i . O ...</div>"
942	pls19481228-01.1.3	28 December 1948	pls	Page 3	"<div class=""txtsearchsnippet""><b class=""highlightcolor"">HAIFA</b> . Monday . — _Nrewp * ap &lt; t ...</div>"
943	pls19480427-01.1.2	27 April 1948	pls	Page 2	"<div class=""txtsearchsnippet"">TEL AVTV JERUSALEM <b class=""highlightcolor"">HAIFA</b></div>"
944	pls19421228-01.1.3	28 December 1942	pls	Page 3	"<div class=""txtsearchsnippet"">New Winer for <b class=""highlightcolor"">Haifa</b> Fire _Rrieracfe <b class=""highlightcolor"">HAIFA</b> , Sunday . — The new ...</div>"
945	pls19461101-01.1.1	1 November 1946	pls	Page 1	"<div class=""txtsearchsnippet"">... the Prisoners Ward cf t ! _i &amp; Jerusalem <b class=""highlightcolor"">Government Hospital</b> following the explosion at the railway station on ...</div>"
946	pls19470415-01.1.1	15 April 1947	pls	Page 1	"<div class=""txtsearchsnippet"">... / 4 , f _^^ _t _&amp; j . <b class=""highlightcolor"">HAIFA</b> . 74 KIMG 5 _WAV . TEI . _-= ...</div>"
947	pls19470521-01.1.3	21 May 1947	pls	Page 3	"<div class=""txtsearchsnippet"">... . Cana _ an 27 . 2 r !* <b class=""highlightcolor"">Haifa</b> 2 n . 6 fv &gt; Beisan 3 _^ ...</div>"
948	pls19460515-01.1.3	15 May 1946	pls	Page 3	"<div class=""txtsearchsnippet""><b class=""highlightcolor"">HAIFA</b> programme TONIOHT , May 15 , FN-DOR , at ...</div>"
949	pls19460808-01.1.1	8 August 1946	pls	Page 1	"<div class=""txtsearchsnippet"">... F : _&lt; t * . Zl , W <b class=""highlightcolor"">Haifa</b> — Banks Street . Jerusalem — _Mamilan Road</div>"
950	pls19470708-01.1.1	8 July 1947	pls	Page 1	"<div class=""txtsearchsnippet""><b class=""highlightcolor"">HAIFA</b> _MOnilflE / _ir-S AGAIMS 7 PLA _&amp; m</div>"
951	pls19470625-01.1.3	25 June 1947	pls	Page 3	"<div class=""txtsearchsnippet"">... Oana an l . i . 4 _&lt;&gt; ; <b class=""highlightcolor"">Haifa</b> MA , 75 B _» i . san _, ...</div>"
952	pls19421020-01.1.2	20 October 1942	pls	Page 2	"<div class=""txtsearchsnippet"">... _TCI-AVIV ( 4 BRANCHES ) • JAFfA JERUSALEM • <b class=""highlightcolor"">HAIFA</b> • HADAR-HACARMEL • SAFAD _TJBERJAS • PETAH-TIKVAH • HEDERAH ...</div>"
953	pls19430809-01.1.2	9 August 1943	pls	Page 2	"<div class=""txtsearchsnippet"">Tel . 3384 <b class=""highlightcolor"">HAIFA</b></div>"
954	pls19471230-01.1.2	30 December 1947	pls	Page 2	"<div class=""txtsearchsnippet"">... Ave . Mary _LJOtflG MAYEft _SOOtCSrOBE PHONE _J _628 <b class=""highlightcolor"">HAIFA</b> : BETH HASHAON _HAQAR HACARMEL % PHONE J 94 ...</div>"
955	pls19410801-01.1.3	1 August 1941	pls	Page 3	"<div class=""txtsearchsnippet"">I Carmel _Avcaue * i <b class=""highlightcolor"">HAIFA</b> S | — : I U-to-date Comfort I p ...</div>"
956	pls19411215-01.1.3	15 December 1941	pls	Page 3	"<div class=""txtsearchsnippet"">... Ttrt ., near G . _T O . JERUSALEM <b class=""highlightcolor"">HAIFA</b></div>"
957	pls19460210-01.1.3	10 February 1946	pls	Page 3	"<div class=""txtsearchsnippet"">... pas this evening . Bitar was taken to the <b class=""highlightcolor"">Government Hospital</b> . Several arrests have been made .</div>"
958	pls19460915-01.1.1	15 September 1946	pls	Page 1	"<div class=""txtsearchsnippet"">... by Mr . M . Li ndau , the <b class=""highlightcolor"">Haifa</b> Magistrate , w ; s brought before a Military ...</div>"
959	pls19471224-01.1.1	24 December 1947	pls	Page 1	"<div class=""txtsearchsnippet"">... Tor , had succumbed to serious wounds in the <b class=""highlightcolor"">Government Hospital</b> . Firing began in the Old City after ...</div>"
960	pls19410702-01.1.3	2 July 1941	pls	Page 3	"<div class=""txtsearchsnippet"">... LTD . P . OBOX , , 534 , <b class=""highlightcolor"">HAIFA</b></div>"
961	pls19420708-01.1.3	8 July 1942	pls	Page 3	"<div class=""txtsearchsnippet"">59 , Kingsway , <b class=""highlightcolor"">Haifa</b></div>"
962	pls19430729-01.1.3	29 July 1943	pls	Page 3	"<div class=""txtsearchsnippet"">fit _^ AVOY HOTEL <b class=""highlightcolor"">HAIFA</b> * FAMOUS BAH — HfNOWNED CUISINE BIGGEST HOTEL IN ...</div>"
963	pls19430723-01.1.3	23 July 1943	pls	Page 3	"<div class=""txtsearchsnippet"">... was employed as a . Prosecuting Officer -im the <b class=""highlightcolor"">Haifa</b> Office of the Food Controller , was opened here ...</div>"
964	pls19440602-01.1.3	2 June 1944	pls	Page 3	"<div class=""txtsearchsnippet"">... reported missing from the Hamgaper Re treating Factorv in <b class=""highlightcolor"">Haifa</b> Uuliclot 11 valued at L . P 500 , ...</div>"
965	pls19470404-01.1.6	4 April 1947	pls	Page 6	"<div class=""txtsearchsnippet"">... had once been done : to another ship in <b class=""highlightcolor"">Haifa</b> Port . Military open-ions began ear _ y cn ...</div>"
966	pls19451005-01.1.3	5 October 1945	pls	Page 3	"<div class=""txtsearchsnippet"">... by Zalman Cohen , the shipwrights , sailed for <b class=""highlightcolor"">Haifa</b> yesterday to complete registration formalities before taking cargo . ...</div>"
967	pls19451212-01.1.3	12 December 1945	pls	Page 3	"<div class=""txtsearchsnippet"">Perfumery 15 Herzl Street , <b class=""highlightcolor"">Haifa</b></div>"
968	pls19470829-01.1.3	29 August 1947	pls	Page 3	"<div class=""txtsearchsnippet"">... an Y . u did ;; i . V <b class=""highlightcolor"">Haifa</b> _-l-. Vd 29 . 2 * * &gt; 7 ...</div>"
969	pls19471222-01.1.2	22 December 1947	pls	Page 2	"<div class=""txtsearchsnippet"">... School o . A r bitei ture of the <b class=""highlightcolor"">Haifa</b> i : e ( • . Tepmioal College as ...</div>"
970	pls19410715-01.1.3	15 July 1941	pls	Page 3	"<div class=""txtsearchsnippet"">HAIFAS NEW TOWN HALL PROGRESSING <b class=""highlightcolor"">HAIFA</b> , Monday . —The ground _loor of the new ...</div>"
971	pls19410108-01.1.3	8 January 1941	pls	Page 3	"<div class=""txtsearchsnippet"">... the I . P . C . Workshops , <b class=""highlightcolor"">Haifa</b> , yesterday afternoon . He was taken to the ...</div>"
972	pls19430310-01.1.3	10 March 1943	pls	Page 3	"<div class=""txtsearchsnippet""><b class=""highlightcolor"">HAIFA</b> , Tuesday . — Man bites Matt was ehe ...</div>"
973	pls19440216-01.1.1	16 February 1944	pls	Page 1	"<div class=""txtsearchsnippet"">... , Mrs . Zipora Makoff-Friedma . n , or <b class=""highlightcolor"">Haifa</b> , was born in Rehovoth and graduated the Had ...</div>"
974	pls19440910-01.1.3	10 September 1944	pls	Page 3	"<div class=""txtsearchsnippet"">From Our Own Correspondent <b class=""highlightcolor"">HAIFA</b> , Saturday . - v lU , tiyo . ...</div>"
975	pls19440731-01.1.3	31 July 1944	pls	Page 3	"<div class=""txtsearchsnippet"">... with the requisition of th-e Cafe Vienna premises in <b class=""highlightcolor"">Haifa</b> . The _premis- . s had been requisitioned in ...</div>"
976	pls19450911-01.1.3	11 September 1945	pls	Page 3	"<div class=""txtsearchsnippet"">... yesterday afternoon between a truck carrying Navy employees from <b class=""highlightcolor"">Haifa</b> to Acre and a No . 14 bus , ...</div>"
977	pls19470218-01.1.3	18 February 1947	pls	Page 3	"<div class=""txtsearchsnippet"">... I , SHIPPING , _FOHWARDTNG AND CLE APING AGENTS <b class=""highlightcolor"">HAIFA</b> A TEL AVIV PORT SAID A SUEZ</div>"
978	pls19470424-01.1.1	24 April 1947	pls	Page 1	"<div class=""txtsearchsnippet"">RIOUS AND COMFORTABLE FIE MEDITERRANEAN L FROM <b class=""highlightcolor"">HAIFA</b> lit 10 and will May and _ssengers cargo</div>"
979	pls19450923-01.1.3	23 September 1945	pls	Page 3	"<div class=""txtsearchsnippet"">... tanner , s . s . Evita , in <b class=""highlightcolor"">Haifa</b> Port causht fire , early yesterday morning . The ...</div>"
980	pls19460104-01.1.3	4 January 1946	pls	Page 3	"<div class=""txtsearchsnippet"">... i _TBIAVIVX Jerusalem : 11 a Ben Yehuda St <b class=""highlightcolor"">Haifa</b> : 25 Kingsway</div>"
981	pls19470318-01.1.3	18 March 1947	pls	Page 3	"<div class=""txtsearchsnippet"">... Ltd ., in Tel Aviv , Jerusalem , and <b class=""highlightcolor"">Haifa</b> , and at all wine shops and grocery shops ...</div>"
982	pls19460820-01.1.3	20 August 1946	pls	Page 3	"<div class=""txtsearchsnippet"">... &gt; n tho night of the attack on the <b class=""highlightcolor"">Haifa</b> . Railway Workshops , who had not sufficiently _lornvorod ...</div>"
983	pls19471003-01.1.1	3 October 1947	pls	Page 1	"<div class=""txtsearchsnippet"">... IMPORTERS RTEEL _MOTHERS A CO . LTD 43 Kingsway <b class=""highlightcolor"">HAIFA</b></div>"
984	pls19470914-01.1.1	14 September 1947	pls	Page 1	"<div class=""txtsearchsnippet"">paaff ff _^ | Wfj _» Palestine Post Bureau <b class=""highlightcolor"">HAIFA</b> , Saturday . — Sami eff . Taha , ...</div>"
985	pls19470903-01.1.3	3 September 1947	pls	Page 3	"<div class=""txtsearchsnippet"">30 Jaffa Road , <b class=""highlightcolor"">Haifa</b> , and at branches in Jaffa and Jerusalem .</div>"
986	pls19480118-01.1.3	18 January 1948	pls	Page 3	"<div class=""txtsearchsnippet"">Palestine Post Bureau <b class=""highlightcolor"">HAIFA</b> , Saturday . — The Consolidated _h-dhntries plant will ...</div>"
987	pls19471224-01.1.3	24 December 1947	pls	Page 3	"<div class=""txtsearchsnippet"">... Herzl S * . _; e , t , <b class=""highlightcolor"">Haifa</b> . * * * Owing to _heavif-r costs , ...</div>"
988	pls19471215-01.1.3	15 December 1947	pls	Page 3	"<div class=""txtsearchsnippet"">TEL AVIV — <b class=""highlightcolor"">HAIFA</b></div>"
989	pls19430323-01.1.2	23 March 1943	pls	Page 2	"<div class=""txtsearchsnippet"">... the Yarkon , _Ilcffpital of Tel Aviv and the <b class=""highlightcolor"">Government Hospital</b> in Jaffa . To maintain the present level ...</div>"
990	pls19430630-01.1.2	30 June 1943	pls	Page 2	"<div class=""txtsearchsnippet"">_BOITTAGY _# , SONS H iM V House , <b class=""highlightcolor"">Haifa</b> . Ted . SOS ?</div>"
991	pls19420803-01.1.2	3 August 1942	pls	Page 2	"<div class=""txtsearchsnippet"">... Lorenz s Palm Garden — Dinner Dancing nightly .. <b class=""highlightcolor"">HAIFA</b> hitheatre — Youll Never Amp Get Rich . Mat ...</div>"
992	pls19410704-01.1.1	4 July 1941	pls	Page 1	"<div class=""txtsearchsnippet"">... *¦ &gt; 111 - &lt; a a Correspondent i <b class=""highlightcolor"">HAIFA</b> , Thursday . — Another ! futile nisrht raid ...</div>"
993	pls19410728-01.1.2	28 July 1941	pls	Page 2	"<div class=""txtsearchsnippet"">... large number of friends . The bier left -the <b class=""highlightcolor"">Government Hospital</b> escorted by a party of British Police who ...</div>"
994	pls19410617-01.1.2	17 June 1941	pls	Page 2	"<div class=""txtsearchsnippet"">Guiltlessly Guilty ARMON Theatre , <b class=""highlightcolor"">HAIFA</b></div>"
995	pls19410814-01.1.3	14 August 1941	pls	Page 3	"<div class=""txtsearchsnippet"">/ <b class=""highlightcolor"">HAIFA</b> / REHOVOTH l authorisation for tourist genera</div>"
996	pls19410703-01.1.3	3 July 1941	pls	Page 3	"<div class=""txtsearchsnippet""><b class=""highlightcolor"">HAIFA</b> OFPI-fR</div>"
997	pls19421019-01.1.3	19 October 1942	pls	Page 3	"<div class=""txtsearchsnippet"">... thorn to the authorities ... The Ogen Bakery in <b class=""highlightcolor"">Haifa</b> was • _closed yesterday by the authorities for . ...</div>"
998	pls19450719-01.1.3	19 July 1945	pls	Page 3	"<div class=""txtsearchsnippet"">... M S . Arethusa is steaming from Jaffa towards <b class=""highlightcolor"">Haifa</b> with PLH . the Emir Abdullah of Trans-Jordan aboard ...</div>"
999	pls19460419-01.1.1	19 April 1946	pls	Page 1	"<div class=""txtsearchsnippet"">JAFFA ROAD , <b class=""highlightcolor"">HAIFA</b> — MAIN ROAD , GAZA</div>"
1000	pls19460906-01.1.1	6 September 1946	pls	Page 1	"<div class=""txtsearchsnippet"">PLOTS FOR SALE : <b class=""highlightcolor"">Haifa</b> : Carmel _Investment Trust Ltd , 16 Herzl St ...</div>"
1001	pls19460923-01.1.1	23 September 1946	pls	Page 1	"<div class=""txtsearchsnippet"">... above « e » level PLOTS FOB SALE : <b class=""highlightcolor"">Haifa</b> : Carmel _Investmei t Trust Ltd , 16 _Heral ...</div>"
1002	pls19471230-01.1.4	30 December 1947	pls	Page 4	"<div class=""txtsearchsnippet"">... who port _arrived hi _*«• in , •«¦ . <b class=""highlightcolor"">Haifa</b> . &lt;¦&gt;¦ in the last d week « _nf ...</div>"
1003	pls19480329-01.1.1	29 March 1948	pls	Page 1	"<div class=""txtsearchsnippet"">... made arrangements to have their blood taken at the <b class=""highlightcolor"">Government Hospital</b> in Nairobi . It will then be sent ...</div>"
1004	pls19470422-01.1.1	22 April 1947	pls	Page 1	"<div class=""txtsearchsnippet"">... the Red Shield Station , was taken to the <b class=""highlightcolor"">Government Hospital</b> . Two of the soldiers were grazed and ...</div>"
1005	pls19470228-01.1.1	28 February 1947	pls	Page 1	"<div class=""txtsearchsnippet"">... 500 m • -1 P L O T fr <b class=""highlightcolor"">Haifa</b> : Carmel Investmei tt Tel Aviv : Dr . ...</div>"
1006	pls19460916-01.1.1	16 September 1946	pls	Page 1	"<div class=""txtsearchsnippet""><b class=""highlightcolor"">Haifa</b> : Carmel ment Trust Ltd ., 16 Herzl St ...</div>"
1007	pls19410611-01.1.1	11 June 1941	pls	Page 1	"<div class=""txtsearchsnippet"">... _™ VV &gt; Q Only Two Casualties In Hospital <b class=""highlightcolor"">HAIFA</b> , _Tuesday . —Thanks to The The dafnage datnage ...</div>"
1008	pls19430304-01.1.3	4 March 1943	pls	Page 3	"<div class=""txtsearchsnippet"">... _»; _.. , opp . Municipality _Uathir Hacarmel , <b class=""highlightcolor"">Haifa</b> . TEL - 25 () l _COXTFOTITAHLE n _^ ...</div>"
1009	pls19430606-01.1.3	6 June 1943	pls	Page 3	"<div class=""txtsearchsnippet""><b class=""highlightcolor"">HAIFA</b></div>"
1010	pls19431117-01.1.3	17 November 1943	pls	Page 3	"<div class=""txtsearchsnippet"">... Court on Amin el A . jhab of ¦ <b class=""highlightcolor"">Haifa</b> who was found in possession cf 30 rounds of ...</div>"
1011	pls19470518-01.1.1	18 May 1947	pls	Page 1	"<div class=""txtsearchsnippet"">Palestine Post Bureau <b class=""highlightcolor"">HAIFA</b> , Satun _&amp; f . — From a small ...</div>"
1012	pls19460327-01.1.1	27 March 1946	pls	Page 1	"<div class=""txtsearchsnippet"">Palestine Post Correspondent . <b class=""highlightcolor"">HAIFA</b> , Tuesday . — Captured south of Tel Aviv ...</div>"
1013	pls19430511-01.1.3	11 May 1943	pls	Page 3	"<div class=""txtsearchsnippet"">THE NICEST SPOT ON MT . CARMEL _f <b class=""highlightcolor"">HAIFA</b></div>"
1014	pls19430805-01.1.2	5 August 1943	pls	Page 2	"<div class=""txtsearchsnippet"">... . Charles V . Boutagy and his family left <b class=""highlightcolor"">Haifa</b> yesterday for Egypt on holiday . , _,</div>"
1015	pls19430727-01.1.3	27 July 1943	pls	Page 3	"<div class=""txtsearchsnippet"">... : Three passers-toy were injured in road accidents in <b class=""highlightcolor"">Haifa</b> on Sunday : LMargot Cohen , Paris Halawi and ...</div>"
1016	pls19461202-01.1.1	2 December 1946	pls	Page 1	"<div class=""txtsearchsnippet"">... in David Yellin Street and waa taken to the <b class=""highlightcolor"">Government Hospital</b> under detention . The condition of both girls ...</div>"
1017	pls19480920-01.1.1	20 September 1948	pls	Page 1	"<div class=""txtsearchsnippet"">... the Jews in return would receive all Galilee . <b class=""highlightcolor"">Haifa</b> would be a free port serves : both the ...</div>"
1018	pls19410704-01.1.3	4 July 1941	pls	Page 3	"<div class=""txtsearchsnippet"">... . v Recommended by : Dr . Hiram , <b class=""highlightcolor"">Haifa</b> ; Profs . M . Ruber , G . ...</div>"
1019	pls19440202-01.1.3	2 February 1944	pls	Page 3	"<div class=""txtsearchsnippet"">... interestfive , years mortgage on first class house in <b class=""highlightcolor"">Haifa</b> . No intermediaries . Offers : _I . O ...</div>"
1020	pls19440214-01.1.1	14 February 1944	pls	Page 1	"<div class=""txtsearchsnippet"">... * the Government Department of Migration in Jerusalem , <b class=""highlightcolor"">Haifa</b> and Tel Aviv . The most serious damage was ...</div>"
1021	pls19430921-01.1.3	21 September 1943	pls	Page 3	"<div class=""txtsearchsnippet"">... serious injuries . The injured man was taken to <b class=""highlightcolor"">Government Hospital</b> in P _. eersheba in a serious condition ...</div>"
1022	pls19470521-01.1.1	21 May 1947	pls	Page 1	"<div class=""txtsearchsnippet"">... Bureau Cyprus . camp &gt; since April F 3 <b class=""highlightcolor"">HAIFA</b> , Tuesday . -The ground thig g the ! ...</div>"
1023	pls19470113-01.1.1	13 January 1947	pls	Page 1	"<div class=""txtsearchsnippet"">Palestine Post Reporter <b class=""highlightcolor"">HAIFA</b> , Sunday . — Two British and two Arab ...</div>"
1024	pls19471221-01.1.1	21 December 1947	pls	Page 1	"<div class=""txtsearchsnippet"">... held a up goods train on its way from <b class=""highlightcolor"">Haifa</b> to Lydd ; i just after noon yesterday an ...</div>"
1025	pls19480406-01.1.2	6 April 1948	pls	Page 2	"<div class=""txtsearchsnippet"">... Yehuda St , TH Aviv : 24 Mwntefiore St <b class=""highlightcolor"">Haifa</b> : 1 ft Bank St .</div>"
1026	pls19430106-01.1.7	6 January 1943	pls	Page 7	"<div class=""txtsearchsnippet"">... JN WINTER TIME F _** \ \ PANORAMA HOTEL <b class=""highlightcolor"">HAIFA</b> I _F » A K To ! . 319 ...</div>"
1027	pls19470730-01.1.3	30 July 1947	pls	Page 3	"<div class=""txtsearchsnippet"">... yesterday afternoon . They were taken to the Jerusalem <b class=""highlightcolor"">Government Hospital</b> .</div>"
1028	pls19430602-01.1.1	2 June 1943	pls	Page 1	"<div class=""txtsearchsnippet"">... . Naif Amin ; Hamzeh , Medical Officer , <b class=""highlightcolor"">Government Hospital</b> . <b class=""highlightcolor"">Haifa</b> ; Amihud Yehuda Goor , _Assistant ...</div>"
1029	pls19460213-01.1.1	13 February 1946	pls	Page 1	"<div class=""txtsearchsnippet"">... shooting . The six wounded have been taken to <b class=""highlightcolor"">Government Hospital</b> at Nablus . Two men have been arrested ...</div>"
1030	pls19410521-01.1.3	21 May 1941	pls	Page 3	"<div class=""txtsearchsnippet""><b class=""highlightcolor"">HAIFA</b> , Tuesday . — Moshe _Axelrod ( 34 ) ...</div>"
1031	pls19430706-01.1.3	6 July 1943	pls	Page 3	"<div class=""txtsearchsnippet"">tha Church of Scotland , who _ipassed away in <b class=""highlightcolor"">Haifa</b> ye ~ rerday at the age of 80 . ...</div>"
1032	pls19450223-01.1.3	23 February 1945	pls	Page 3	"<div class=""txtsearchsnippet"">... loan of A of LP 15 _. 000 to <b class=""highlightcolor"">Haifa</b> Municiplalty for anti-plague measures has been approved , sayt ...</div>"
1033	pls19451123-01.1.1	23 November 1945	pls	Page 1	"<div class=""txtsearchsnippet"">JAFFA ROAD , <b class=""highlightcolor"">HAIFA</b> — MAIN ROADGAZA</div>"
1034	pls19460802-01.1.1	2 August 1946	pls	Page 1	"<div class=""txtsearchsnippet"">... yf _jFJMkfa P . O . B . 577 <b class=""highlightcolor"">HAIFA</b> Phones 4181 , 7158 _A _^ _TT 1 P ...</div>"
1035	pls19410113-01.1.3	13 January 1941	pls	Page 3	"<div class=""txtsearchsnippet"">... aged 14 . The victim was taken to the <b class=""highlightcolor"">Government Hospital</b> , where his condition is described as critical ...</div>"
1036	pls19411008-01.1.3	8 October 1941	pls	Page 3	"<div class=""txtsearchsnippet"">_WORKER KILLED BY FALL OF EARTH <b class=""highlightcolor"">HAIFA</b> , Tuesday . — The funeral took lace at ...</div>"
1037	pls19460127-01.1.3	27 January 1946	pls	Page 3	"<div class=""txtsearchsnippet"">... B . _STERXBERO-R . MAYER 29 Herzl St . <b class=""highlightcolor"">HAIFA</b> 1 st FLOOR</div>"
1038	pls19460411-01.1.3	11 April 1946	pls	Page 3	"<div class=""txtsearchsnippet"">... the Services Clubs in _Jerusalem , Tel Aviv , <b class=""highlightcolor"">Haifa</b> ( Army Oarrison Cub ) , Rehovoth , Pardess ...</div>"
1039	pls19470210-01.1.1	10 February 1947	pls	Page 1	"<div class=""txtsearchsnippet"">Tear-Gas Used Palestine Post Staff <b class=""highlightcolor"">HAIFA</b> , Sunday . — An hour after she arrived ...</div>"
1040	pls19470928-01.1.1	28 September 1947	pls	Page 1	"<div class=""txtsearchsnippet"">Palestine Post _bureau <b class=""highlightcolor"">HAIFA</b> , _Ruurday . — One man _killed and at ...</div>"
1041	pls19480215-01.1.3	15 February 1948	pls	Page 3	"<div class=""txtsearchsnippet"">_iUp by Army <b class=""highlightcolor"">HAIFA</b> , Saturday . — Barzelai and Herzl Streets were ...</div>"
1042	pls19480212-01.1.3	12 February 1948	pls	Page 3	"<div class=""txtsearchsnippet"">IN <b class=""highlightcolor"">HAIFA</b> STREET <b class=""highlightcolor"">HAIFA</b> . Wednesday . — Two hours after ...</div>"
1043	pls19480210-01.1.3	10 February 1948	pls	Page 3	"<div class=""txtsearchsnippet"">... export of _hnitf standing sec AMBER Central Carmel , <b class=""highlightcolor"">HAIFA</b></div>"
1044	pls19470817-01.1.1	17 August 1947	pls	Page 1	"<div class=""txtsearchsnippet"">... a Brigade Headquarters in Pine P . oad in <b class=""highlightcolor"">Haifa</b> just after midnight on Thursway was detona * s ...</div>"
1045	pls19430705-01.1.3	5 July 1943	pls	Page 3	"<div class=""txtsearchsnippet"">... 20 ) , died shortlyafter admittance to the Jerusalem <b class=""highlightcolor"">Government Hospital</b> . Investigations by police wr &lt; -. employed ...</div>"
1046	pls19470513-01.1.1	13 May 1947	pls	Page 1	"<div class=""txtsearchsnippet"">... , _«•** ¦ _^^ t _^* P _* _*» <b class=""highlightcolor"">HAIFA</b> - _TEL AVIV - JERUSALEM _TUESDAYMAY 131917 W S ...</div>"
1047	pls19420702-01.1.3	2 July 1942	pls	Page 3	"<div class=""txtsearchsnippet"">... .. Baer from his flat on Mount Carmel m <b class=""highlightcolor"">Haifa</b> on- Tuesday . * * * _fThe hashish c ...</div>"
1048	pls19460801-01.1.3	1 August 1946	pls	Page 3	"<div class=""txtsearchsnippet"">... village in the Galilee District was taken to Safad <b class=""highlightcolor"">Government Hospital</b> in a serious condition after unknown men had ...</div>"
1049	pls19460908-01.1.1	8 September 1946	pls	Page 1	"<div class=""txtsearchsnippet"">BEACH - <b class=""highlightcolor"">HAIFA</b> * FOE LOVELY BATHING</div>"
1050	pls19430120-01.1.4	20 January 1943	pls	Page 4	"<div class=""txtsearchsnippet"">... the Anti-Profiteeri Municipal ng Tribunals in Tel Aviv and <b class=""highlightcolor"">Haifa</b> are frequent . In Jerusalem , the Anti-Profiteering Triotrna ...</div>"
1051	pls19440407-01.1.3	7 April 1944	pls	Page 3	"<div class=""txtsearchsnippet"">... short _urne after he was brougnt home from the <b class=""highlightcolor"">Government Hospital</b> . _, Mr . Hakmishwili was the head ...</div>"
1052	pls19440224-01.1.3	24 February 1944	pls	Page 3	"<div class=""txtsearchsnippet"">VICTOR 82 Kingsvray , <b class=""highlightcolor"">Haifa</b></div>"
1053	pls19450314-01.1.3	14 March 1945	pls	Page 3	"<div class=""txtsearchsnippet"">... day is the rate Jewish workamong ers in the <b class=""highlightcolor"">Haifa</b> District , according to the figures of Kupat no ...</div>"
1054	pls19450308-01.1.3	8 March 1945	pls	Page 3	"<div class=""txtsearchsnippet""><b class=""highlightcolor"">HAIFA</b> PHOTOGRAPHER 17 Nordau Street , Phone 2557 Pictures in ...</div>"
1055	pls19450803-01.1.3	3 August 1945	pls	Page 3	"<div class=""txtsearchsnippet"">... their ofmay fices in Jerusalem , Tel Aviv and <b class=""highlightcolor"">Haifa</b> , and in the Jerusalem _oi _-ee of this ...</div>"
1056	pls19470227-01.1.3	27 February 1947	pls	Page 3	"<div class=""txtsearchsnippet"">... WHS formally opened by the Mu } or ot <b class=""highlightcolor"">Haifa</b> , Mr . Shahet . _ii L &lt; * ...</div>"
1057	pls19460403-01.1.3	3 April 1946	pls	Page 3	"<div class=""txtsearchsnippet"">... Red Shield Station , Husseini was taken to Jaffa <b class=""highlightcolor"">Government Hospital</b> , where examination of his pockets revealed two ...</div>"
1058	pls19471231-01.1.1	31 December 1947	pls	Page 1	"<div class=""txtsearchsnippet"">... t ! h _Hu _X IJ PALESTINE POST BUREAU <b class=""highlightcolor"">HAIFA</b> , Tuesday . —Enraged by fhe killing of six ...</div>"
1059	pls19461009-01.1.1	9 October 1946	pls	Page 1	"<div class=""txtsearchsnippet"">... and suffered shock , and was taken to the <b class=""highlightcolor"">Government Hospital</b> . Shortly _afterwardsi two unexploded mines were discovered ...</div>"
1060	pls19410605-01.1.3	5 June 1941	pls	Page 3	"<div class=""txtsearchsnippet"">WATCHMANS STORY OF ALLEGED CONFESSION <b class=""highlightcolor"">HAIFA</b> , Wednesday . — Before ie Court of Criminal ...</div>"
1061	pls19410508-01.1.4	8 May 1941	pls	Page 4	"<div class=""txtsearchsnippet"">... SELASSIE ar- &lt; rived in Jerusalem , having reached <b class=""highlightcolor"">Haifa</b> , in the cruiser H . M S . ...</div>"
1062	pls19450406-01.1.3	6 April 1945	pls	Page 3	"<div class=""txtsearchsnippet"">... CAFE . wara j j 48 Herzl St ., <b class=""highlightcolor"">Haifa</b> , Tel . 4983</div>"
1063	pls19471231-01.1.3	31 December 1947	pls	Page 3	"<div class=""txtsearchsnippet"">... also leave their posts until further notice . Tne <b class=""highlightcolor"">Government Hospital</b> in Jerusalem has no Jewish employees following the ...</div>"
1064	pls19430514-01.1.4	14 May 1943	pls	Page 4	"<div class=""txtsearchsnippet"">... . ) P . O . R 66 . <b class=""highlightcolor"">Haifa</b></div>"
1065	pls19430526-01.1.3	26 May 1943	pls	Page 3	"<div class=""txtsearchsnippet"">... 45 ) oe Jafn wa . s brought to <b class=""highlightcolor"">Government Hospital</b> . A man later allegedly give h bn ...</div>"
1066	pls19460904-01.1.1	4 September 1946	pls	Page 1	"<div class=""txtsearchsnippet"">Palestine Post Reporter <b class=""highlightcolor"">HAIFA</b> , Tuesday . —The transfer to the Empire Heywood ...</div>"
1067	pls19410925-01.1.3	25 September 1941	pls	Page 3	"<div class=""txtsearchsnippet"">... Special terms lor the Services 25 LEVONTIN STREET — <b class=""highlightcolor"">HAIFA</b> — Opposite English _IJigh _School lor Glr s .</div>"
1068	pls19410120-01.1.1	20 January 1941	pls	Page 1	"<div class=""txtsearchsnippet"">... . This morning the body was taken to the <b class=""highlightcolor"">Government Hospital</b> in Jaffa where it was photographed and identified ...</div>"
1069	pls19470508-01.1.1	8 May 1947	pls	Page 1	"<div class=""txtsearchsnippet"">... the damage done to the Shell oil installations in <b class=""highlightcolor"">Haifa</b> , a Government spokesman said in Jerusalem yesterday . ...</div>"
1070	pls19470409-01.1.1	9 April 1947	pls	Page 1	"<div class=""txtsearchsnippet"">JAFFA R 04 P , <b class=""highlightcolor"">HAIFA</b></div>"
1071	pls19470131-01.1.1	31 January 1947	pls	Page 1	"<div class=""txtsearchsnippet"">... 600 metres above sea level PLOTS FOB SALE : <b class=""highlightcolor"">Haifa</b> : Carmel _Investment Trust Ltd ., 16 Herzl St ...</div>"
1072	pls19470803-01.1.1	3 August 1947	pls	Page 1	"<div class=""txtsearchsnippet"">... and contigents of Field Security Sections of Jerusalem , <b class=""highlightcolor"">Haifa</b> , Tel Litwinsky . Official representatives included Maj . ...</div>"
1073	pls19461121-01.1.1	21 November 1946	pls	Page 1	"<div class=""txtsearchsnippet"">_MISTAKEN IDENTITY j <b class=""highlightcolor"">HAIFA</b> , Wednesday . — Acting I on information supplied ...</div>"
1074	pls19440426-01.1.3	26 April 1944	pls	Page 3	"<div class=""txtsearchsnippet"">... liesinann , d 3 a Arlosoroff S _ lvct <b class=""highlightcolor"">Haifa</b> .</div>"
1075	pls19420826-01.1.1	26 August 1942	pls	Page 1	"<div class=""txtsearchsnippet"">... toy a military car in Hedjaz Street , Eastern <b class=""highlightcolor"">Haifa</b> . The mother was killed outright , the infant ...</div>"
1076	pls19421209-01.1.1	9 December 1942	pls	Page 1	"<div class=""txtsearchsnippet"">... to the Bethlehem Police Station and then to the <b class=""highlightcolor"">Government Hospital</b> in Jerusalem . About LP 23 in Solomon ...</div>"
1077	pls19470423-01.1.1	23 April 1947	pls	Page 1	"<div class=""txtsearchsnippet"">... folowirg the escape of Geulah Cohen from the Jerusalem <b class=""highlightcolor"">Government Hospital</b> had nothing to do with the escape , ...</div>"
1078	pls19470506-01.1.1	6 May 1947	pls	Page 1	"<div class=""txtsearchsnippet"">... the road . 7 Hen _PipfN Palestine Post Bureau <b class=""highlightcolor"">HAIFA</b> , Monday . — The quiet seashore village of ...</div>"
1079	pls19470501-01.1.1	1 May 1947	pls	Page 1	"<div class=""txtsearchsnippet"">... Roa \ d . The boy died in the <b class=""highlightcolor"">Haifa</b> _^ Military Hospital . Another W . D . ...</div>"
1080	pls19460919-01.1.1	19 September 1946	pls	Page 1	"<div class=""txtsearchsnippet"">... JAFFA , »™» ROAD n _^* r _, , <b class=""highlightcolor"">HAIFA</b> »™»</div>"
1081	pls19471028-01.1.1	28 October 1947	pls	Page 1	"<div class=""txtsearchsnippet"">... . The wounded man was later taken to the <b class=""highlightcolor"">Government Hospital</b> in Tel Aviv . In addition to his ...</div>"
1082	pls19470626-01.1.1	26 June 1947	pls	Page 1	"<div class=""txtsearchsnippet"">... ft w J 1 ! H JERUSALEM TEL AVIV <b class=""highlightcolor"">HAIFA</b> H j jj -General Agent for C . 8 ...</div>"
1083	pls19470623-01.1.1	23 June 1947	pls	Page 1	"<div class=""txtsearchsnippet"">... and factual evidence and concluded with intensive tours of <b class=""highlightcolor"">Haifa</b> , the Dead Sea , Gaza and Beersheba the ...</div>"
1084	pls19430120-01.1.3	20 January 1943	pls	Page 3	"<div class=""txtsearchsnippet"">... in 10 days was notified this morning by the <b class=""highlightcolor"">Government Hospital</b> for Contagious Diseases at Bnei Brak . The ...</div>"
1085	pls19471013-01.1.1	13 October 1947	pls	Page 1	"<div class=""txtsearchsnippet"">... wounded in the leg , and taken to the <b class=""highlightcolor"">Government Hospital</b> . The All-Clear sounded at 8 . 15 ...</div>"
