n	id	date	publication	title	snippet
1	tsohorayimhaifa19460430-01.1.2	30 April 1946	tsohorayimhaifa	Page 2	"<div class=""txtsearchsnippet"">היום מלאו ששים שנה לרופא ברוך ניסנבוים. הישוב העברי <b class=""highlightcolor"">בחיפה׳</b> ללא הבדל מעמד או מפלגה, משתתף בחגיגת המשפחה׳ ושולח ...</div>"
2	bustenai19320525-01.1.23	25 May 1932	bustenai	Page 23	"<div class=""txtsearchsnippet"">... העדות הנאמנה ביותר לתועלת שהחקלאי מפיק מהשמוש בכוספות מתוצרת <b class=""highlightcolor"">ביה״ח</b> ""שמן""׳ חיפה</div>"
3	haretz19450123-01.1.2	23 January 1945	haretz	Page 2	"<div class=""txtsearchsnippet"">... לינואר) את המאמר על. ו . גדעון בביה""ח רוטשילד <b class=""highlightcolor"">בחיפה,</b> שבו :יתנה הסברה כה חד־צדדית' ואף מסולפת, ו צאנו ...</div>"
4	hmf19460619-01.1.1	19 June 1946	hmf	Page 1	"<div class=""txtsearchsnippet"">... חבריו באש עליהם. בינתיים נודע כי למתקיפי סדנות הרכבת <b class=""highlightcolor"">בחיפה</b> - המשתייכים כנראה ל""קבוצת שטרן"" - נגרמו אבדות קשות ...</div>"
5	misharvetaasiyah19300615-01.1.7	15 June 1930	misharvetaasiyah	Page 7	"<div class=""txtsearchsnippet"">... עולים בחלק היהודים. גדול נמרץ של הישוב העברי נכר <b class=""highlightcolor"">בחיפה,</b> שבה מתרכזת התעשיה הגדולה: <b class=""highlightcolor"">ביה״ח</b> למלט «נשר», <b class=""highlightcolor"">ביה״ח</b> לשמנים ...</div>"
6	yomaneinharod19430813-01.1.2	13 August 1943	yomaneinharod	Page 2	"<div class=""txtsearchsnippet"">... מספר הלידות בחודש מסויים יעלה את מספר היולדות שהנהלת <b class=""highlightcolor"">ביה״ח</b> קבעה לאפשרי לקלוט — אזי על ’המשקים, אשר לפי ...</div>"
7	haretz19440220-01.1.3	20 February 1944	haretz	Page 3	"<div class=""txtsearchsnippet"">(מאת סופרנו <b class=""highlightcolor"">בחיפה)</b> !</div>"
8	haretz19430628-01.1.3	28 June 1943	haretz	Page 3	"<div class=""txtsearchsnippet"">... ג' ת. ד. ‭, 799 ‬ טלפון 7163 סוכנים <b class=""highlightcolor"">בחיפה:</b> בחדר, בית צימר, רח' חרצל ‭. 33‬ בעיר, רח' ...</div>"
9	haretz19360908-01.1.4	8 September 1936	haretz	Page 4	"<div class=""txtsearchsnippet"">... הגדול ביותר של קו״ח להו־ Iטת העזרה הרפואית הוא <b class=""highlightcolor"">ביה״ח</b> המר־ .זי בעמק יזרעאל. בשנת תרצ״ד היו -1 72 ...</div>"
10	mivrak19480615-01.1.5	15 June 1948	mivrak	Page 5	"<div class=""txtsearchsnippet"">... ®מובלעת חיפה» תפונה תוך שלושה ימים צבא הכיבוש הבריטי <b class=""highlightcolor"">בחיפה</b> ריכז כנופיות בכפר טירה</div>"
11	dav19391115-01.1.22	15 November 1939	dav	Page 22	"<div class=""txtsearchsnippet"">חנוכת בנין המחלבה של ""תנובה"" <b class=""highlightcolor"">בחיפה</b></div>"
12	kolisraeljlm19350416-01.1.1	16 April 1935	kolisraeljlm	Page 1	"<div class=""txtsearchsnippet"">... הרבנות הראשית דפה. באופן שכל אחב״י יכולים להשתמש בתוצרת <b class=""highlightcolor"">ביה״ח</b> ן Mt הנז׳ בחג הפסח דנא הבעל״ט בלי שום ...</div>"
13	dav19310213-01.1.4	13 February 1931	dav	Page 4	"<div class=""txtsearchsnippet"">... רק התרומה הקטנה של ת_""א, לקרולות — תרומה 2עוטה <b class=""highlightcolor"">בחיפה.</b> אי1 קשר בינן ובי!מפעל _הבריאיות. _^ביתם להשתתפות הממשלה כדאי ...</div>"
14	itonmeyuhad19470822-01.1.3	22 August 1947	itonmeyuhad	Page 3	"<div class=""txtsearchsnippet"">... משום מה התקררו ביניהם היחסים לחלוטין. נחמה השיגה משרה <b class=""highlightcolor"">בחיפה</b> ומאז שוב לא נפגשה הרביעיה. ניכר היה כי מר ...</div>"
15	haretz19340912-01.1.4	12 September 1934	haretz	Page 4	"<div class=""txtsearchsnippet"">... :; ירושלים בית וגן ואת סוכניהם הנכבוים פתחתקוה'ש. רוזבטאל <b class=""highlightcolor"">בחיפה,</b> קרוטהמר בשנה ט ובהומתוקה טבויה, מ. ל. צייבררט [ ...</div>"
16	dav19301106-01.1.4	6 November 1930	dav	Page 4	"<div class=""txtsearchsnippet"">... _י י. ל. זלוטניק במונטריאל. הפל)יריםז&gt;ה ־ ‭^&gt;‬עלים של <b class=""highlightcolor"">ביה""ח</b> לקרח "" גזעה"" ‭_'4:600 —‬לא""י, נ_1ס _־ ו‭""&gt;‬לתרומוו1יהמ _הדגימות, ...</div>"
17	tsohorayimhaifa19460502-01.1.1	2 May 1946	tsohorayimhaifa	Page 1	"<div class=""txtsearchsnippet"">... באפריל נרשמו בארץ 46 מקרי מגיפה חדשים, מהם 1 <b class=""highlightcolor"">בחיפה,</b> שהובא מחוץ לארץ. המגיפות כוללות: דבר, חולירע, אבעבועות, טיפוס.</div>"
18	dhy19350905-01.1.12	5 September 1935	dhy	Page 12	"<div class=""txtsearchsnippet"">... באופן ק‭. ?‬המשטרה אסרה כ־20 איש והחחי?ה בחקירה. ע""י <b class=""highlightcolor"">ביה""ח</b> ובסביבה עומדת הכן כ?הזמן פלוגה ש?שוטרים ארציישרא־ יים _ובו־יטיים. ...</div>"
19	bustenai19340613-01.1.10	13 June 1934	bustenai	Page 10	"<div class=""txtsearchsnippet"">... של מחלות פנימיות, ביחוד לאחר שנסגרה המחלקה הפנימית בביה*ח <b class=""highlightcolor"">בחיפה.</b> ביהיח בעמק ערכו גדול, אולם הוא משמש בעקר את ...</div>"
20	bemisholehinukh19370511-01.1.50	11 May 1937	bemisholehinukh	Page 50	"<div class=""txtsearchsnippet"">... ־ החולים, שיהיה המרכז הרפואי של ""הדסה׳' • בקרבת <b class=""highlightcolor"">ביה״ח</b> נבנה בי׳ס לאחיזת ובקייב יתחילו גם בהקמת המוסד הרפואי ...</div>"
21	hmf19450914-01.1.6	14 September 1945	hmf	Page 6	"<div class=""txtsearchsnippet"">מ""מ הנציב העליון ממשיך ' מ יורו <b class=""highlightcolor"">בחיפה</b></div>"
22	dhy19350804-01.1.5	4 August 1935	dhy	Page 5	"<div class=""txtsearchsnippet"">... 000‬ (שבע עשרה אלף) לא""י. ‭( . 2‬ בעד <b class=""highlightcolor"">ביה""ח</b> לקרח הנמצא בירושלים וכל אשר המכיל בו לפי הפרטים ...</div>"
23	haolam19380224-01.1.1	24 February 1938	haolam	Page 1	"<div class=""txtsearchsnippet"">... מוני בארץ—בערים ובשכונות; תכנית עבודה גדולה בת'יא; עבודות ציבוריות <b class=""highlightcolor"">בחיפה</b> וסביבותיה; צפת והדר הכרמל. —בכפר ובשדה : ישובינו בנגב; ...</div>"
24	kolisraeljlm19350328-01.1.1	28 March 1935	kolisraeljlm	Page 1	"<div class=""txtsearchsnippet"">... הרבנות הראשית דפה. באופן שכל אחב״י יכולים להשתמש בתוצרת <b class=""highlightcolor"">ביה״ח</b> ׳ ך Mt הנז׳ בחג הפסח דנא הבעל״ט בלי ...</div>"
25	hator19320803-01.1.8	3 August 1932	hator	Page 8	"<div class=""txtsearchsnippet"">בקשר עם סגירת <b class=""highlightcolor"">ביה״ח</b> המרכזי בעמק, מודיעה הסתדרות רופאים במכרחבה לממשלה את דאגתה ...</div>"
26	dhy19360326-01.1.5	26 March 1936	dhy	Page 5	"<div class=""txtsearchsnippet"">... לוקר' ד""ד ב. מוסינזון, מ. עוזיאלי , וי. ברנשטין, <b class=""highlightcolor"">בחיפה:</b> בשעה 10 בבקר באמפיתי-אטר-ון (במקרה של גשם בתיאטרון ""אד ...</div>"
27	hmf19440818-01.1.6	18 August 1944	hmf	Page 6	"<div class=""txtsearchsnippet"">... יותר את ב""כ ""הדסה"" בא""י לישיבות הועך הפועל של <b class=""highlightcolor"">ביה""ח</b> העירוני בת""א. במכתב מוךגש, כי באי־כח ""הרסה"" משתתפים כחברי ...</div>"
28	haretz19310118-01.1.4	18 January 1931	haretz	Page 4	"<div class=""txtsearchsnippet"">בהרו <b class=""highlightcolor"">בחיפה</b> מלון -הדר הכרמל"" טלפון ‭319 ‬</div>"
29	dav19420421-01.1.6	21 April 1942	dav	Page 6	"<div class=""txtsearchsnippet"">... בלוכיב א‭116 —. '‬ נקודו ת־ מקום שני — <b class=""highlightcolor"">ביה""ח</b> בשכונת בלוכוב ב‭, '‬מקום שלישי ‭. ?‬הצפון‭, ""‬ח‭''‬א, ואחריו ...</div>"
30	haolam19360604-01.1.21	4 June 1936	haolam	Page 21	"<div class=""txtsearchsnippet"">... המקומית ו־£ל‭30‬ נשלחות לחו""ל. מפעל הדש וגדול הוא גם <b class=""highlightcolor"">ביהח</b> ר ""מ ש י"" ברמת־גן. הוא נסגר לפני זמדמה ...</div>"
31	hmf19480101-01.1.1	1 January 1948	hmf	Page 1	"<div class=""txtsearchsnippet"">... ‭, 28‬נדצחה בנ־ סעד. יחד עם עובדים רפואיים מ־ <b class=""highlightcolor"">ביה""ח</b> ""הדסה"" בירושלים. _יופףז בבלי, בן ‭, 22‬מת מפצעיו שנפצע ...</div>"
32	dhy19350911-01.1.8	11 September 1935	dhy	Page 8	"<div class=""txtsearchsnippet"">... הבתל | במחירים ותנאים נוחים, כא* ותוכחו. | םוכננו <b class=""highlightcolor"">בחיפה:</b> 1 יוקש נולד, מרכז מםחת, וג ד‭, 169. ‬טלפון ...</div>"
33	dav19370221-01.1.28	21 February 1937	dav	Page 28	"<div class=""txtsearchsnippet"">... בוים בעמדה: ־ . פעולתנו הסוציאלית א. א, עובדות <b class=""highlightcolor"">בחיפה</b> חג -התוצרת החקלאית שושנה הראלית פועלות הלשכה _. מרים ...</div>"
34	khm19480523-01.1.4	23 May 1948	khm	Page 4	"<div class=""txtsearchsnippet"">... ‭MM -‬ לאיי. •ודעות גדולות וקבועות לוי _חסכט המערכת <b class=""highlightcolor"">בחיפה:</b> הרצל 59</div>"
35	dav19340416-01.1.3	16 April 1934	dav	Page 3	"<div class=""txtsearchsnippet"">... מציגה מאידך דרישה לקנות את התצרוכת המיריצי־ נית של <b class=""highlightcolor"">ביה""ח</b> העירוני ע""י סוכני הכתר _רוקא_, כלומר לגרום להוצאה פי ...</div>"
36	haretz19341010-01.1.1	10 October 1934	haretz	Page 1	"<div class=""txtsearchsnippet""><b class=""highlightcolor"">ביה""ח</b> האוניברסיטאי של הדסה ע""ש רוטשילד</div>"
37	mivrak19480423-01.1.8	23 April 1948	mivrak	Page 8	"<div class=""txtsearchsnippet"">בסיון בחיטי נוסך ל״תווך"" בין היהודי□ והערבי□ <b class=""highlightcolor"">בחיפה</b></div>"
38	ahr19471214-01.1.4	14 December 1947	ahr	Page 4	"<div class=""txtsearchsnippet"">... -'‬ ־דים ביהוד ב""יר ו‭::‬י־ה ביר‭_7u, ‬־u ובבית יי־־י־ים <b class=""highlightcolor"">בחיפה</b> גיום _בני־־נוער ביישוב נמעך ואי־פ• צעירים התייצבו עד־ כה ...</div>"
39	mar19480304-01.1.1	4 March 1948	mar	Page 1	"<div class=""txtsearchsnippet"">... בריטי אחד בהרגו וכמה יהודים נפצעו כאשר הפורעים הערביים <b class=""highlightcolor"">בחיפה</b> חידשו הבוקר את התקפותיהם על התחבורה היהודית ועל עמדות ...</div>"
40	mar19480905-01.1.3	5 September 1948	mar	Page 3	"<div class=""txtsearchsnippet"">... הד""ד מני. כן מנהל המשרד ארבעה בתי חולים ממשלתיים: <b class=""highlightcolor"">ביה""ח</b> ""הירקוף בתל אביב, <b class=""highlightcolor"">ביה""ח</b> למחלות מדבקות בפרדס כץ, <b class=""highlightcolor"">ביה''ח</b> ...</div>"
41	dav19310911-01.1.13	11 September 1931	dav	Page 13	"<div class=""txtsearchsnippet"">... _9‬ו‭1 * ???^‬ ו?ל‭?5‬דו ו _וז‭1 9 &lt;^?_71111 &gt;^‬ה7 <b class=""highlightcolor"">בחיפה</b> _^_ק‭1 *‬ וו‭7! * ?7‬_וו 1ת ‭?^ 9‬ו1 נ‭1_^ ...</div>"
42	hazmantlv19440929-01.1.6	29 September 1944	hazmantlv	Page 6	"<div class=""txtsearchsnippet"">... מד שא"", בקר ביום ג׳ בלוית המושל, מר פולר, <b class=""highlightcolor"">בחיפה־</b> תחתית והראה התענינות באמצעי המל־ 1 חמה נגד מגפת ...</div>"
43	khm19480126-01.1.4	26 January 1948	khm	Page 4	"<div class=""txtsearchsnippet"">נמשכים _החיפועוים אהד' ‭IMI _PIVJ‬ <b class=""highlightcolor"">בחיפה</b></div>"
44	dav19360223-01.1.5	23 February 1936	dav	Page 5	"<div class=""txtsearchsnippet"">... _5פרםפ ברביט - כי הגשנו בקשה ל‭\_$‬של מחוז הצפון <b class=""highlightcolor"">בחיפה</b> לש0 השנת רשיון _^טכירת _משלשות חריפים בבית האוכ?של‭):‬ בנחריה ...</div>"
45	hmf19450907-01.1.16	7 September 1945	hmf	Page 16	"<div class=""txtsearchsnippet"">י התקיף שוער של <b class=""highlightcolor"">ביה""ח</b> העירוני</div>"
46	hmf19470518-01.1.4	18 May 1947	hmf	Page 4	"<div class=""txtsearchsnippet"">התינוקת שנעלמה בשבת שעברה מחדר הילדים של <b class=""highlightcolor"">ביה""ח</b> הממשלתי <b class=""highlightcolor"">בחיפה</b> נמצאה אתמול בריאה והוחזרה להוריה. התינוקת, שנולדה ...</div>"
47	dav19321006-01.1.6	6 October 1932	dav	Page 6	"<div class=""txtsearchsnippet"">הועד המנהל של <b class=""highlightcolor"">ביה""ח</b></div>"
48	dav19340909-01.1.31	9 September 1934	dav	Page 31	"<div class=""txtsearchsnippet"">... ‭_^ ?‬ של קופת מלוה וחסכון קואופ‭1-‬ של העובדים <b class=""highlightcolor"">בחיפה</b> 1ע'מ : ‭? ? ?‬ _־ ‭_?. ‬מברכים את ...</div>"
49	khm19480504-01.1.4	4 May 1948	khm	Page 4	"<div class=""txtsearchsnippet"">... ""‬בהי־ !פה ההלו הקלגסיס בפיצוץ מהסוסים 'יהו - דים, <b class=""highlightcolor"">בחיפה</b> החלו יורים לכל עבר</div>"
50	hmf19460325-01.1.4	25 March 1946	hmf	Page 4	"<div class=""txtsearchsnippet"">... בסרט בצורה הנכונה וכן אין מראים, את התכניון העברי <b class=""highlightcolor"">בחיפה.</b> כן נמסר, כי החלק האחרון אשר בסרט, המראה כנוס ...</div>"
51	yomyom19480802-01.1.4	2 August 1948	yomyom	Page 4	"<div class=""txtsearchsnippet"">(על ""המשמר"") הסדר חדש בבתי• החולים <b class=""highlightcolor"">בחיפה</b></div>"
52	ytlv19440915-01.1.22	15 September 1944	ytlv	Page 22	"<div class=""txtsearchsnippet"">הועד המנהל של <b class=""highlightcolor"">ביה""ח</b> העידונ? תל־אביב (הכמה)</div>"
53	hegeh19450725-01.1.4	25 July 1945	hegeh	Page 4	"<div class=""txtsearchsnippet"">... ?שרת אלפ?ם לירה למשן B־lo שנים. ?ישם כסוי גדעון <b class=""highlightcolor"">בי״הח</b> ,רוטשילד"" tDeckung —י? 'Anleihe =ה&gt; (.DeflaM—ך?ו ן? ועידת ארצית ...</div>"
54	dav19340909-01.1.32	9 September 1934	dav	Page 32	"<div class=""txtsearchsnippet"">... ורכישת הספחת העברית קבוצת "" מניע"" קבוצה _לעבודת חשמל <b class=""highlightcolor"">בחיפה</b> והםביבה הדר הכרמל טיפין מס‭693. ‬ מברכת את ־ברי ...</div>"
55	kolisraeljlm19421105-01.1.2	5 November 1942	kolisraeljlm	Page 2	"<div class=""txtsearchsnippet"">השבוע גמלא שנה להוסד הארגון צעירי אגודת ישראל <b class=""highlightcolor"">בחיפה•</b> ראויה תנוע!"" זו שנקדיש לה כמה שורות ושניתן עליה ...</div>"
56	tsohorayimhaifa19460109-01.1.1	9 January 1946	tsohorayimhaifa	Page 1	"<div class=""txtsearchsnippet"">... יצאו לירושלים השיך נימר אל כטיב, יו״ר אגודת ""אעטסאם"" <b class=""highlightcolor"">בחיפה,</b> העו״ד יוסף סהיון, חבר הועד הערבי העליון מחיפה, עבדול ...</div>"
57	hmf19470716-01.1.4	16 July 1947	hmf	Page 4	"<div class=""txtsearchsnippet"">ל־4 חדשי מאסר נירון אתמול ע""י ביה""ד הצבאי <b class=""highlightcolor"">בחיפה</b> הצעיר יצחק בוזגלו־פדפרה, בן‭, 20. ‬באשמת נשיאת פצצתיכרוזים ב־20 ...</div>"
58	yalkutvohlin19451201-01.1.34	1 December 1945	yalkutvohlin	Page 34	"<div class=""txtsearchsnippet"">... החבילה שקבל, מן החבילות שנשלחו ע­י ארגון יוצאי רובנה <b class=""highlightcolor"">בחיפה.</b> הוא מוסר כי רוב היהודים שהתרכזו ברובנה בראשית 1945 ...</div>"
59	yalkutvohlin19451205-01.1.34	5 December 1945	yalkutvohlin	Page 34	"<div class=""txtsearchsnippet"">... החבילה שקבל, מן החבילות שנשלחו ע­י ארגון יוצאי רובנה <b class=""highlightcolor"">בחיפה.</b> הוא מוסר כי רוב היהודים שהתרכזו ברובנה בראשית 1945 ...</div>"
60	hmf19461204-01.1.4	4 December 1946	hmf	Page 4	"<div class=""txtsearchsnippet"">6 הולים חולה אחד הועבר לביה""ח <b class=""highlightcolor"">בחיפה.</b> חמשה חולים לירושלים, ואחד לעפולה. כולם זקוקים לניתוחים מידיים.</div>"
61	hzh19400204-01.1.4	4 February 1940	hzh	Page 4	"<div class=""txtsearchsnippet"">... ואצל העורך והמו""ל . אברהם וינברג מורה בביה""ס הריאלייבנה"" <b class=""highlightcolor"">בחיפה‭;.</b> .. ‬ ?•‭?;'?‬ ־־:־ ‭. "" ?‬ ;פרוספקטים נתנים ...</div>"
62	hazmantlv19430811-01.1.4	11 August 1943	hazmantlv	Page 4	"<div class=""txtsearchsnippet"">... גמורה. ת״א, רחוב מכבי 3, ת. ד. 4091. יבקר <b class=""highlightcolor"">בחיפה</b> במלון וקסלר רחוב שפירא, טלפון 3862, ביום ב׳ 16,8, ...</div>"
63	haolam19420326-01.1.3	26 March 1942	haolam	Page 3	"<div class=""txtsearchsnippet"">... ל. מגנס מורכבת מנציגי האוניברסיטה העברית בירושלים, התכניון העברי <b class=""highlightcolor"">בחיפה,</b> התחנה לחקר החקלאות ומכון דניאל זיו ברחובות. כל הצעה ...</div>"
64	dav19340521-01.1.6	21 May 1934	dav	Page 6	"<div class=""txtsearchsnippet"">הוער המנהל של <b class=""highlightcolor"">ביה""ח</b> העירוני הדפה כתל אביב מכרי!בזח על קונקורס למשרת רופא ...</div>"
65	haretz19350320-01.1.6	20 March 1935	haretz	Page 6	"<div class=""txtsearchsnippet"">... איי דחובאלנבי‭47‬ טל. ‭970 ‬ ? ‭14 \ I‬ <b class=""highlightcolor"">ביה""ח:</b> דרך ת""א פית ע* תחנת הרכבת ת""א ‭181. 970‬ ...</div>"
66	ahr19471103-01.1.4	3 November 1947	ahr	Page 4	"<div class=""txtsearchsnippet"">יה!ד8 נפצע קשה מיריות שודד <b class=""highlightcolor"">בחיפה</b></div>"
67	kolisraeljlm19330112-01.1.1	12 January 1933	kolisraeljlm	Page 1	"<div class=""txtsearchsnippet"">... יהי׳ מ״ם ה׳ יעקובם. &gt; גילוי בתי מלאכה לפצצות <b class=""highlightcolor"">בחיפה</b> המשטרה מצאה בבתי מ^אכדת של ערבים <b class=""highlightcolor"">בחיפה</b> חסרים חשודים ...</div>"
68	khm19470619-01.1.4	19 June 1947	khm	Page 4	"<div class=""txtsearchsnippet"">... ב""שערי־צדק"" ירושלים יום ד' — היום ישבתו י עובדי <b class=""highlightcolor"">ביה''ח</b> ""שערי צדק"" שביתת אזהרה של שעתיים ‭9-11)‬ לפנה""צ) כאות ...</div>"
69	dhy19301114-01.1.4	14 November 1930	dhy	Page 4	"<div class=""txtsearchsnippet"">... בדרך לארם :הרים, עם סיכוייה המזהירים הורות לנטל הגדול <b class=""highlightcolor"">בחיפה</b> ההואך ומתקדם בבנינו למרות כל המחאות, אשר כיום נשכהו ...</div>"
70	haolam19480226-01.1.10	26 February 1948	haolam	Page 10	"<div class=""txtsearchsnippet"">... נקבעה כיהודה ניימרק. גווייתו נמצאה על יד רח' הנביאים <b class=""highlightcolor"">בחיפה.</b> מכונית הלגיון העהבי הותקפה כבוקר ביריות. שנורו מאחד הבתים ...</div>"
71	dav19340105-01.1.9	5 January 1934	dav	Page 9	"<div class=""txtsearchsnippet"">... : י ‭_&lt;:‬_־: - י י ‭--‬ י _המשרד <b class=""highlightcolor"">בחיפה:</b> ‭. ?-??]?? ?‬ י ‭$₪₪1‬ !י ‭:1!‬ י י ...</div>"
72	ahr19480115-01.1.1	15 January 1948	ahr	Page 1	"<div class=""txtsearchsnippet"">שמונה הרוגים <b class=""highlightcolor"">בחיפה</b> מהתפוצצות במכונית</div>"
73	mar19480315-01.1.1	15 March 1948	mar	Page 1	"<div class=""txtsearchsnippet"">עובדי מוסדות מרכזיים שמגוריהס <b class=""highlightcolor"">בחיפה</b> (הגון: . סולל־גונה"" וכוו8ח) אשי קיבלו מתל־אביב את השוברות ...</div>"
74	haretz19351003-01.1.7	3 October 1935	haretz	Page 7	"<div class=""txtsearchsnippet"">ן מפז₪־1 ועד הקהלה <b class=""highlightcolor"">בחיפה</b> ן</div>"
75	ahr19480302-01.1.3	2 March 1948	ahr	Page 3	"<div class=""txtsearchsnippet"">‭""*_3a\H "" \‬ <b class=""highlightcolor"">בחיפה</b> _] ב יו פ חמישי ‭4. 3. 48‬ • ...</div>"
76	dav19310327-01.1.5	27 March 1931	dav	Page 5	"<div class=""txtsearchsnippet"">... 20‬־‭-1""‬־־_^־""־1 המכירה הראשית בתל-אביב בבית _מםחד האחים ‭_£_^3^^^^^^^^^‬ 1 <b class=""highlightcolor"">בחיפה:</b> בית מסחר האחים _ירושלמי,</div>"
77	dhy19350801-01.1.6	1 August 1935	dhy	Page 6	"<div class=""txtsearchsnippet"">... ע""ם ‭17. 000‬ (שבע עשרה אלף) לא'יי. ‭(2‬ בעד <b class=""highlightcolor"">ביה""ח</b> לקרח הנמצא בירושלים וכל אשר המכיל בו לפי הפרטים ...</div>"
78	haretz19450222-01.1.2	22 February 1945	haretz	Page 2	"<div class=""txtsearchsnippet"">פולי&amp;מ ו^יד הקהילה נחיפה ז3ל מ1וכת <b class=""highlightcolor"">ביה""ח</b> רוטשילד</div>"
79	misharvetaasiyah19300615-01.1.21	15 June 1930	misharvetaasiyah	Page 21	"<div class=""txtsearchsnippet"">... חולים של הממשלה (מספרם בס״ה 2: אחד בירושלים ואחד <b class=""highlightcolor"">בחיפה)</b> נתקבלו לטפול בשנת 1928 בס״ה 2,262 חולים, מהם 544 ...</div>"
80	dav19370506-01.1.5	6 May 1937	dav	Page 5	"<div class=""txtsearchsnippet"">... ‭18. 5‬ ע8ך """" בחדרה ?ום ד‭19. 5'‬ עמר <b class=""highlightcolor"">בחיפה</b> יום הי ‭20. 5‬ קשה להיות יהודי <b class=""highlightcolor"">בחיפה</b></div>"
81	hmf19470505-01.1.4	5 May 1947	hmf	Page 4	"<div class=""txtsearchsnippet"">כן דורשת העיריה השתתפות הממשלה בהחזקת <b class=""highlightcolor"">ביה""ח</b> או לקבלו לרשותה</div>"
82	dav19481022-01.1.5	22 October 1948	dav	Page 5	"<div class=""txtsearchsnippet"">... חריפים לשנת 1949 _בקמעונות מחוץ למקום בחנות הממתקיט שלי <b class=""highlightcolor"">בחיפה.</b> יחי סטנסון ‭. 17‬ אברהם וינטרוב</div>"
83	dav19371019-01.1.3	19 October 1937	dav	Page 3	"<div class=""txtsearchsnippet"">... רבד‭, ""‬ב""ה תשרי הר־, ־‭(;""‬ -ערכנו את מספד _ה־הודים <b class=""highlightcolor"">בחיפה</b> המורחבת, ז. א. נ:ל הנקודות הנכללות בקהילה, _ל־‭. 55. ...</div>"
84	hazmantlv19431208-01.1.4	8 December 1943	hazmantlv	Page 4	"<div class=""txtsearchsnippet"">... .של' 8 : 2 ביים ד׳. 1 לח״ז, היתה <b class=""highlightcolor"">בחיפה</b> הח־ חרות כתר רגל בין קב׳ ■של"" לבין קב׳ ...</div>"
85	ahr19471207-01.1.4	7 December 1947	ahr	Page 4	"<div class=""txtsearchsnippet"">'רות !הצתות בונוצ""ש <b class=""highlightcolor"">בחיפה</b></div>"
86	hmf19390529-01.1.4	29 May 1939	hmf	Page 4	"<div class=""txtsearchsnippet"">לתשומת לב הקהל הנהלת <b class=""highlightcolor"">ביה""ח</b> העיתני "" הדסה"" בת""א מודיעה מד"" כי <b class=""highlightcolor"">ביה''ח</b> לא ...</div>"
87	haolam19480108-01.1.12	8 January 1948	haolam	Page 12	"<div class=""txtsearchsnippet"">... והערבים שרפו את הבתים היהודים בסביבה. יום השבת עבר <b class=""highlightcolor"">בחיפה</b> בשקט יחסי. בשעות הבוקר נתקלו אנשי ההגנה בקבוצת ערבים ...</div>"
88	hbkr19400509-01.1.5	9 May 1940	hbkr	Page 5	"<div class=""txtsearchsnippet"">... 30‬ הצגת .. האם"" לפועלים ב""מוגרבי"" ת""א. ‭.. ‬הבימה <b class=""highlightcolor"">בחיפה</b> חצגת ., בנית הנפח"" שנדחתה בגלל מחלת משחקת תתקיים ...</div>"
89	dav19300922-01.1.13	22 September 1930	dav	Page 13	"<div class=""txtsearchsnippet"">... מ‭. 48‬פ ‭/ 528 485 33‬ ועד ההורים סל <b class=""highlightcolor"">ביה""ח</b> ‭_^. ‬ילדי _נשפם וקונצרטים‭(*‬ הפצת י די עות המו ...</div>"
90	ytlv19410216-01.1.11	16 February 1941	ytlv	Page 11	"<div class=""txtsearchsnippet"">... שונות. ראוי לציין עוד את העזרה במזונות הניתנת במרפאת <b class=""highlightcolor"">ביה""ח</b> בחדשי חקיץ. כן ראוי לחרחיב את הגשת העזרה במזונות ...</div>"
91	haretz19350616-01.1.5	16 June 1935	haretz	Page 5	"<div class=""txtsearchsnippet"">... בנין הארמנים החדש רחוב הנסיכה מרי טלפון 339 לסוכנות <b class=""highlightcolor"">בחיפה</b> וסביבותיה מרכז משהדי החדש בית בהדב טלפון מם' ‭160 ...</div>"
92	haretz19340125-01.1.4	25 January 1934	haretz	Page 4	"<div class=""txtsearchsnippet"">... אביב י• ‭. 9‬ לדרבדגז אלסר נדינבדגז האחים רבינוביץ• <b class=""highlightcolor"">בחיפה</b> ביום מיגץ ובגוז יוסף קוםאליז מ• אורוסשאס.</div>"
93	hmf19421101-01.1.4	1 November 1942	hmf	Page 4	"<div class=""txtsearchsnippet"">... "" פנקס• הנקודות שלו, אשר יוחזר לו בצאתו את <b class=""highlightcolor"">ביה""ח.</b> הרשות בידי הנהלת <b class=""highlightcolor"">ביה""ח</b> לסרב לקבל חולה שאינו מוסר ...</div>"
94	dav19330208-01.1.6	8 February 1933	dav	Page 6	"<div class=""txtsearchsnippet"">... י ‭"" _, ‬ צרןר חקלפים היתק"" מאת אביגדורוו?אס <b class=""highlightcolor"">בחיפה:</b> ביום -ששי י ‭24. 2. 33‬ בשעיר‭8. 30!‬ בערב ...</div>"
95	haretz19330703-01.1.3	3 July 1933	haretz	Page 3	"<div class=""txtsearchsnippet""><b class=""highlightcolor"">בחיפה</b></div>"
96	hmf19471212-01.1.8	12 December 1947	hmf	Page 8	"<div class=""txtsearchsnippet"">פעולת עונשין רבת היקף נגד הכנופיות <b class=""highlightcolor"">בחיפה</b> בוצעה אתמול <b class=""highlightcolor"">בחיפה,</b> וכפי שמוסרים כתבי־ חח היא הוצאה ...</div>"
97	hmf19461206-01.1.12	6 December 1946	hmf	Page 12	"<div class=""txtsearchsnippet"">להשיג <b class=""highlightcolor"">בחיפה</b> אצל: מרכז שרות חשמל בע""מ רה' הבנקים 17 , ...</div>"
98	hbkr19420624-01.1.4	24 June 1942	hbkr	Page 4	"<div class=""txtsearchsnippet"">... משנה ממשלתיים לקנית תבואות בהתאם למכתב שקבלני מהסיכנים הראשיים <b class=""highlightcolor"">בחיפה</b> נתנו כבד ה־ראית לקציני המחוז בני גע למילוי ההצהרית ...</div>"
99	hmf19440215-01.1.4	15 February 1944	hmf	Page 4	"<div class=""txtsearchsnippet"">... על הר הכרמל' - אלפי תלמידים, •מכל בתי הספר <b class=""highlightcolor"">בחיפה</b> והסביבה, בתוכם 30 תלמידים מעולי ""גיא ־ ‭, ""סה‬השתתפו ...</div>"
100	hbkr19400526-01.1.5	26 May 1940	hbkr	Page 5	"<div class=""txtsearchsnippet"">... בשיחות ללא צורך הכרחי שולל-. את האפשרות להתקשר עם <b class=""highlightcolor"">ביה''ח</b> בשיחה דחופה. שממנה תלויים לפעמים חיי אנשים. הצלצול התמידי ...</div>"
101	haolam19371223-01.1.9	23 December 1937	haolam	Page 9	"<div class=""txtsearchsnippet"">... ביילינסון שע""י פתה־תקוה, והביע את התפעלותו למראה המוסד ושכלוליו. <b class=""highlightcolor"">ביה""ח</b> הזה הוקם כידוע ע""י קופת חולים של הסתדרות העובדים ...</div>"
102	hayal19460407-01.1.2	7 April 1946	hayal	Page 2	"<div class=""txtsearchsnippet"">... (טט‭627|‬) החייל הולצברג א י יעקובוביץ יליד קרקוב והיה <b class=""highlightcolor"">בחיפה.</b> — התקשר עם שמואל זילדיער א*ל יודלבםקי , . ...</div>"
103	ytlv19390115-01.1.29	15 January 1939	ytlv	Page 29	"<div class=""txtsearchsnippet"">... לרכז את שחיטת הבקר המובא מעבד לים רק בבית־המטבחיט <b class=""highlightcolor"">בחיפה.</b> ולאחר שנמסרו פרטים — מפי מנהל מחלקת הכלילה של ...</div>"
104	haretz19350703-01.1.8	3 July 1935	haretz	Page 8	"<div class=""txtsearchsnippet"">לפני שבועות אחדים התברר בבית המשפט המחוזי <b class=""highlightcolor"">בחיפה</b> משפטו •צ4 מוסה עקל מכפר טורה, •שנתבע 4ד ין ...</div>"
105	hbkr19381227-01.1.1	27 December 1938	hbkr	Page 1	"<div class=""txtsearchsnippet"">שני עונים <b class=""highlightcolor"">בחיפה</b> זוהו כרוצחים</div>"
106	haolam19480219-01.1.12	19 February 1948	haolam	Page 12	"<div class=""txtsearchsnippet"">... מעפולה, חבר פעיל ב""הגנה?'. בדרג ואברהם זלוטמצקי נפצע קשד"" <b class=""highlightcolor"">בחיפה</b> הרגו ערבים שני חיילים בריטים ושרדו את נשקם. שורת ...</div>"
107	tsohorayimhaifa19460111-01.1.1	11 January 1946	tsohorayimhaifa	Page 1	"<div class=""txtsearchsnippet"">... כד־יי בישול, רתנורי המוט מנורורת וכו׳ מבחר הגדול ביותו <b class=""highlightcolor"">בחיפה</b></div>"
108	itonmeyuhad19340114-01.1.4	14 January 1934	itonmeyuhad	Page 4	"<div class=""txtsearchsnippet"">... גם בתור אסיסטנט במקרי נתוחים במחלקה החירור־ גיח של <b class=""highlightcolor"">ביה״ח</b> הממשלתי ביפו. כלומר: גם באיזמל הנתוח אחזה ידו של ...</div>"
109	ahr19480209-01.1.4	9 February 1948	ahr	Page 4	"<div class=""txtsearchsnippet"">3 פורעים נהרגו <b class=""highlightcolor"">בחיפה</b> בחילופי ידיות עם הח""לימ היפה, יום א‭—. '‬ אל ...</div>"
110	haretz19380726-01.1.4	26 July 1938	haretz	Page 4	"<div class=""txtsearchsnippet"">... לאחר שחחלימו מפצעיחם. "" כן החלימו מפצעיהם ועזבו את <b class=""highlightcolor"">ביה""ח</b> ־סר, "" — ח""ח א. חסון, וי. זילבד־ שטיין, ...</div>"
111	ahr19470416-01.1.1	16 April 1947	ahr	Page 1	"<div class=""txtsearchsnippet"">... היום אף-הם. בעוד נמשכת פעולת הגירוש ליוו המוני יהודים <b class=""highlightcolor"">בחיפה'</b> נרגשים ונסערים, את שני חללי ההעפלה שנפלו במאבק עם ...</div>"
112	hmf19471103-01.1.4	3 November 1947	hmf	Page 4	"<div class=""txtsearchsnippet"">... במסיבות דומות, עורר גל של זעם בקרב צבור הנהגים <b class=""highlightcolor"">בחיפה.</b> מיהו הנרצח הנרצח, יליד עירק, מותיקי הנהגים <b class=""highlightcolor"">בחיפה,</b> הניח ...</div>"
113	haretz19331229-01.1.4	29 December 1933	haretz	Page 4	"<div class=""txtsearchsnippet""><b class=""highlightcolor"">בחיפה</b></div>"
114	haretz19331225-01.1.3	25 December 1933	haretz	Page 3	"<div class=""txtsearchsnippet"">... של בית החולים העירוני בת״א, ידיעות ומספרים על מצב <b class=""highlightcolor"">ביה״ח</b> ועל התכניות להרחבתו. * אין כל התאמה כיום בי! ...</div>"
115	haolam19480923-01.1.12	23 September 1948	haolam	Page 12	"<div class=""txtsearchsnippet"">... משרד הבריאות הממשלתי נסתחו השבוע בית הספר לאחיות ליד <b class=""highlightcolor"">ביה־ח</b> הירקון בתל־אביב ובית הטםר לאחיות ליד <b class=""highlightcolor"">ביה""ח</b> הממשלתי <b class=""highlightcolor"">בחיפה.</b> ...</div>"
116	hazmantlv19430530-01.1.4	30 May 1943	hazmantlv	Page 4	"<div class=""txtsearchsnippet"">... ""הדסה"", בתל־אכיב. כקשות יש להגיש עד יום 20.6.43 למשרד <b class=""highlightcolor"">ביה״ח</b> (רחוב בלפוד). פרטים אפשר לקבל אצל האחות הראשית של ...</div>"
117	itonamami19480227-01.1.2	27 February 1948	itonamami	Page 2	"<div class=""txtsearchsnippet"">... השעהו מה שאירע אמש בחוצות תל-אביב עלול לקרות נתר <b class=""highlightcolor"">בחיפה</b> וםחש^ם ובכל מקום אחר. לבזית הזה יותן פרםום רב ...</div>"
118	hmf19470611-01.1.4	11 June 1947	hmf	Page 4	"<div class=""txtsearchsnippet"">... אחרי הצהרים נקרא להעיד הד""ר שמואל שור, הרנטגנולוג של <b class=""highlightcolor"">ביה""ח</b> ‭, ""הדסח""‬שכפר בעצם האפשרות לקבוע את גילו המדד ייק ...</div>"
119	hmf19480107-01.1.4	7 January 1948	hmf	Page 4	"<div class=""txtsearchsnippet"">... מאחוריו נפצע וחצליח לחמלט. • הנרצח התגורר בנהדיה ועבד <b class=""highlightcolor"">בחיפה.</b> הוא יצא אהה""צ מנהריה בדרכו להיפה. ' בדרךנלווה אליו ...</div>"
120	hzh19480210-01.1.4	10 February 1948	hzh	Page 4	"<div class=""txtsearchsnippet"">מחנה הלגיון <b class=""highlightcolor"">בחיפה</b> — לשימן פליטים</div>"
121	ahr19471106-01.1.4	6 November 1947	ahr	Page 4	"<div class=""txtsearchsnippet"">אשמה בבדה כלפי ב""ת־החולים ה‭»&gt;1‬שלתי מפי ש_1פט <b class=""highlightcolor"">בחיפה</b></div>"
122	hmf19471218-01.1.4	18 December 1947	hmf	Page 4	"<div class=""txtsearchsnippet"">... עקכ השימוש מהדש כרהוכ זה. השקט שהשתרר בימים האחרונים <b class=""highlightcolor"">בחיפה,</b> נמשד גם אתמול, פרט למקרה אחד שבו נודה ונפצע ...</div>"
123	hazmantlv19430903-01.1.3	3 September 1943	hazmantlv	Page 3	"<div class=""txtsearchsnippet"">... נייגר. לוינסון. בילוטולסקי. — הועד המאוחד לעזרת יהודי פולין <b class=""highlightcolor"">בחיפה.</b> הקראד. אמי גותית: קוטאי מהבימה. ..הזמן"" כעל פה השבת ...</div>"
124	hmf19460724-01.1.4	24 July 1946	hmf	Page 4	"<div class=""txtsearchsnippet"">... "" רח' _דיזנגוף ‭. 94 _&gt;‬ שכ' נוזה, ע""י <b class=""highlightcolor"">ביה""ח</b> דג'ני. רח' עירק ‭., ‬יאל . ןננ רוביו' קילה' ...</div>"
125	hmf19451024-01.1.4	24 October 1945	hmf	Page 4	"<div class=""txtsearchsnippet"">בפני ביה""ד הצבאי במושבו <b class=""highlightcolor"">בחיפה</b> יוסף מוראך, בן 22 מראשון לציון, הנאשם פצצים מותאמים ...</div>"
126	mivrak19480716-01.1.1	16 July 1948	mivrak	Page 1	"<div class=""txtsearchsnippet"">רומא (ש.מ.) - כעליון שפורסם חיום מטעם <b class=""highlightcolor"">ביה״ח</b> ברומא נאמר, כי מצבו של I פאלמירו טוליאטי, חמנחיג ...</div>"
127	dhy19340522-01.1.3	22 May 1934	dhy	Page 3	"<div class=""txtsearchsnippet"">... _להבגיב עשיר. _אהודם מדם' ההצעה לבנק "" הלואר. וחסכון <b class=""highlightcolor"">בחיפה</b> לזנות ההב־ה. הצעות הת ץ _נלנה לא 'אותי מאשר ...</div>"
128	dav19470225-01.1.4	25 February 1947	dav	Page 4	"<div class=""txtsearchsnippet"">גשעה ‭9. 30‬ בבוקר. ־ אוטובוסים יעמד, ־ ע""י <b class=""highlightcolor"">ביה""ח</b> לרשות הקהל מחולון משעה ‭8. 30‬ עד ‭. 8. ...</div>"
129	haretz19351229-01.1.3	29 December 1935	haretz	Page 3	"<div class=""txtsearchsnippet"">... חעתיד וכו י . אואם עא העזיבה הרבה, השוררת <b class=""highlightcolor"">בחיפה</b> העיר בשסח העבודה . התר־ בותית וחחנוכית אהשאטת העברית ...</div>"
130	hmf19480324-01.1.4	24 March 1948	hmf	Page 4	"<div class=""txtsearchsnippet"">9 יהודים ניצלו מידי כנופיה <b class=""highlightcolor"">בחיפה</b></div>"
131	kolisraeljlm19381208-01.1.4	8 December 1938	kolisraeljlm	Page 4	"<div class=""txtsearchsnippet"">... ערכים. — הצבא ערך חיפוש באחד מבתי־קפח כשוק. הערבי <b class=""highlightcolor"">בחיפה.</b> הומטר יריות על הצבא, הצבא ענה והרג 4 ערכים ...</div>"
132	haretz19330406-01.1.4	6 April 1933	haretz	Page 4	"<div class=""txtsearchsnippet"">... ה. מ. למינוי ה׳ אהרן רוז׳אנסקי לקונסול של יוגוסלביה <b class=""highlightcolor"">בחיפה</b> ובירושלים. בבנק לקרדיט גומלין בחלוקת ההלואות השמינית של בעלי ...</div>"
133	hmf19471111-01.1.4	11 November 1947	hmf	Page 4	"<div class=""txtsearchsnippet"">... שנתיים שנידון לו בצלאל גורדון משוני, ע""י בי""ד צבאי <b class=""highlightcolor"">בחיפה.</b></div>"
134	ahr19480116-01.1.1	16 January 1948	ahr	Page 1	"<div class=""txtsearchsnippet"">... _שך היום. כמות נשק הוחרמה. שיתוק חיי הכלכלה היהודיימ <b class=""highlightcolor"">בחיפה</b> תחתית גרר אחריו גם שיתוק בתיים הערביים. אוטובוס ערבי ...</div>"
135	hbkr19401212-01.1.4	12 December 1940	hbkr	Page 4	"<div class=""txtsearchsnippet"">... עלית מהירי המזון בתל־אביב הגיעה לכדי ‭, 40, 9‬ <b class=""highlightcolor"">בחיפה</b> ‭41, 9‬ ובירושלים — ‭'37, 6‬ ובממוצע — ‭. ...</div>"
136	kolisraeljlm19380407-01.1.1	7 April 1938	kolisraeljlm	Page 1	"<div class=""txtsearchsnippet"">... כל הנז׳ באוטו מיוחד שיחלק לכל הקיבוצים. לחקוק האגודה <b class=""highlightcolor"">בחיפה</b> עפ״י חזמגת עסקני אגדת ישראל ביקר הר׳ משה גליקמן־פרוש ...</div>"
137	haretz19390822-01.1.4	22 August 1939	haretz	Page 4	"<div class=""txtsearchsnippet"">... בחו""ל והרוצים להשתתף ?מממתמ להכות מכניתן לבנק בית התולים <b class=""highlightcolor"">בחיפה.</b> &gt;שת0קשי* *זח לחמגיא את צקשותיהפ מייוןו חו*ע1דו'ת חמתאימות לוקדת ...</div>"
138	hmf19421007-01.1.3	7 October 1942	hmf	Page 3	"<div class=""txtsearchsnippet"">עובדי <b class=""highlightcolor"">ביה""ח</b> ‭!,, ‬‭, ""שמן‬חיפה‭32, ‬ איש, מהנדסים, מנהלי עבודה, פקידים ...</div>"
139	hazmantlv19430812-01.1.4	12 August 1943	hazmantlv	Page 4	"<div class=""txtsearchsnippet"">... בין ה־B בינואר ו־2 4 בפברואר ש. ז. החזיקו <b class=""highlightcolor"">בחיפה</b> ,באופן בלתי חוקי 18000 כדורים גרמניים ואיטלקיים. בתאריך.. שבין ...</div>"
140	dav19360326-01.1.11	26 March 1936	dav	Page 11	"<div class=""txtsearchsnippet"">... _ארץ־יקזלאל וסוריה בת""א, טל‭, 1677. ‬בירושלים טל‭, 967. ‬ <b class=""highlightcolor"">בחיפה</b> טל‭;800. ‬בטבריה טלפון ‭. 80‬ כעפולת טלפון ‭. 15‬ ...</div>"
141	dhy19350903-01.1.16	3 September 1935	dhy	Page 16	"<div class=""txtsearchsnippet"">_אגיות־מלחנוה בריטיות <b class=""highlightcolor"">בחיפה</b></div>"
142	hmf19400128-01.1.3	28 January 1940	hmf	Page 3	"<div class=""txtsearchsnippet"">... נמצא כי לסוג זה שיכים בסך הכל 6 מוסדות: <b class=""highlightcolor"">ביה""ח</b> הד־</div>"
143	haretz19320509-01.1.1	9 May 1932	haretz	Page 1	"<div class=""txtsearchsnippet"">הועד המנהל של <b class=""highlightcolor"">ביה־ח</b> העירוני הדסה בתל־־אביב י מכריז על משרה פנויה של ...</div>"
144	dhy19350730-01.1.8	30 July 1935	dhy	Page 8	"<div class=""txtsearchsnippet"">... הנמצא:ביפו, שוכנת ייך ב . שבין יפו ותל־אביב, ע""י <b class=""highlightcolor"">ביה""ח</b> "" וגני'' והמכיל . א) איטה בה ‭1590. 60‬ ...</div>"
145	haretz19351001-01.1.8	1 October 1935	haretz	Page 8	"<div class=""txtsearchsnippet"">‭"" ^ ‬ ועדה לטפול בחולי רוח <b class=""highlightcolor"">בחיפה</b> מברכת את כל חבריה דדידיה בברכת שנת שלום וברכה ...</div>"
146	hazmantlv19440509-01.1.4	9 May 1944	hazmantlv	Page 4	"<div class=""txtsearchsnippet"">... הארצית ל־ עניני השקל בהשתתפות יl״ר הועד ה המקומיים <b class=""highlightcolor"">בחיפה,</b> ידוש• ים, ות״א וב״כ ההנה״צ,' במשרד ועד השקל וארצי ...</div>"
147	hmf19460812-01.1.4	12 August 1946	hmf	Page 4	"<div class=""txtsearchsnippet"">משווי הסוכנות <b class=""highlightcolor"">בחיפה</b> נצטוו ושמית לצאת</div>"
148	khm19480803-01.1.4	3 August 1948	khm	Page 4	"<div class=""txtsearchsnippet"">פועלי הרכבת <b class=""highlightcolor"">בחיפה</b></div>"
149	ahr19471203-01.1.5	3 December 1947	ahr	Page 5	"<div class=""txtsearchsnippet"">... ההכרזה על עצמאות הארץ הופסקו הלימודים בצהריים בטכניון העברי <b class=""highlightcolor"">בחיפה.</b> ש. קפלנםקי, מנהל המוסד, נשא דברו על ערך היום ...</div>"
150	haretz19440604-01.1.3	4 June 1944	haretz	Page 3	"<div class=""txtsearchsnippet""><b class=""highlightcolor"">בחיפה</b></div>"
151	hegeh19460620-01.1.1	20 June 1946	hegeh	Page 1	"<div class=""txtsearchsnippet"">... ע״ל חילהספר. #נים 3חךגר וששה נפקעו. החרוגים והפצועים הע?רו <b class=""highlightcolor"">?ביה״ח</b> שויקר ?ס3רלה. ההרוגים חם; קבי אשכנזי מיסוד-המקלה, ?ן 25, ...</div>"
152	kolisraeljlm19420101-01.1.2	1 January 1942	kolisraeljlm	Page 2	"<div class=""txtsearchsnippet"">היהדות החרדית <b class=""highlightcolor"">בחיפה</b></div>"
153	kolisraeljlm19390622-01.1.5	22 June 1939	kolisraeljlm	Page 5	"<div class=""txtsearchsnippet"">... השנה נתקיימה אספת אזכרה פומבית כאולם פועלי אגורת ישראל <b class=""highlightcolor"">בחיפה,</b> בהשתתפות חברי אגירת ישראל, פועלי אגו״י והנער האנידתי. הח׳ ...</div>"
154	hmf19471106-01.1.4	6 November 1947	hmf	Page 4	"<div class=""txtsearchsnippet"">... גנבים שחדרו אור ליום ד' למחסני מן וברמן, ליד <b class=""highlightcolor"">ביה""ח</b> ""שערי צדק"" בירושלים, גנבו חצי טון ברזלים, בשווי של ...</div>"
155	hbkr19380529-01.1.6	29 May 1938	hbkr	Page 6	"<div class=""txtsearchsnippet"">... בבית הספר בקרית פוצקיז? ירצה פנהל ביר. הספר הריאלי <b class=""highlightcolor"">בחיפה</b> הד־ר בירפ עי . 'סיד כתה ס• כהפשד בית ...</div>"
156	hmf19461227-01.1.8	27 December 1946	hmf	Page 8	"<div class=""txtsearchsnippet"">... לצורך I חקירה, יצאו מבית החולים היום יעזבו את <b class=""highlightcolor"">ביה""ח</b> מרדכי ואהובה פיסק, שנפצעו ביריות ע""י משמר צבאי ברחוב ...</div>"
157	haretz19480722-01.1.3	22 July 1948	haretz	Page 3	"<div class=""txtsearchsnippet"">... בזמן תוסר פועלים ואמצעי־הובלה של חמתם! תאריך זה נדחה <b class=""highlightcolor"">בחיפה</b> במודעות מיום ‭9. 7. 48‬ שנתפרסמו לא לפני ‭12. ...</div>"
158	tsohorayimhaifa19460213-01.1.1	13 February 1946	tsohorayimhaifa	Page 1	"<div class=""txtsearchsnippet"">4 איגוד סופרים דתיים <b class=""highlightcolor"">בחיפה</b> נוסד סניף ל״איגוד הסופרים הדתיים בארץ־ישראל״. האיגוד הוקם בארץ ...</div>"
159	dav19370407-01.1.5	7 April 1937	dav	Page 5	"<div class=""txtsearchsnippet"">הבימה <b class=""highlightcolor"">בחיפה</b> הערב ‭7. 4. 37‬ מחד ‭6. 4. 37 ‬</div>"
160	hbkr19351118-01.1.6	18 November 1935	hbkr	Page 6	"<div class=""txtsearchsnippet"">... ועדת ההרם בארגוני הנוער ועדת החרם של ארגוני הנוער <b class=""highlightcolor"">בחיפה</b> מודיעה בזה. כי לרגלי מחלתו של אחד מחברי חמזכיתת, ...</div>"
161	dav19311030-01.1.6	30 October 1931	dav	Page 6	"<div class=""txtsearchsnippet"">... ו. ‭|!‬ רופא למחלות פנימיות ! ;_ן עזב את <b class=""highlightcolor"">ביה''ח</b> ''הדסה* ירושלים ‭/;‬ ‭//‬ ומקבל חולים בדירתו הפרטית י: ...</div>"
162	haretz19390611-01.1.4	11 June 1939	haretz	Page 4	"<div class=""txtsearchsnippet"">... לבםוי החוב לפי פסק דין של בית משפט חשלום <b class=""highlightcolor"">בחיפה</b> בתיק אזרהי מספר ‭7875/38‬ על םך ‭27. 920‬ לא""י ...</div>"
163	hbkr19380209-01.1.4	9 February 1938	hbkr	Page 4	"<div class=""txtsearchsnippet"">... המפרח י מודיעים לני על החלטות התאהדוח הסוחרים הזעירים <b class=""highlightcolor"">בחיפה</b> בדבר המפדה: א) אנו נשתתף במפדה הכל?'' יחד עם ...</div>"
164	dav19301020-01.1.3	20 October 1930	dav	Page 3	"<div class=""txtsearchsnippet"">... העומחח לצאת לפועל בזמן -הקלוב — . יהבי-וי הגדול <b class=""highlightcolor"">בחיפה,</b> מסילת בגדל־חיפה . ועול‭.. ‬עלינו לפעול _יאופן נמלץ לפני ...</div>"
165	haretz19370425-01.1.4	25 April 1937	haretz	Page 4	"<div class=""txtsearchsnippet"">... הארץ השונים. נוסף לזה מחמיעוד יותר את שאלת הנמל <b class=""highlightcolor"">בחיפה</b> ההסכם בין ממשלת ארץ ישראל לבין ממשלת עיראק, הקובע ...</div>"
166	dav19340529-01.1.6	29 May 1934	dav	Page 6	"<div class=""txtsearchsnippet"">... רחוב ליינםקי ‭1/7_^07 1§|\‬ י ‭/_£/ 2_^‬ י _^ <b class=""highlightcolor"">בחיפה:</b> ‭_*_0‬ ל7ן1רחי1זמרה 1 ן ‭^//‬ עיי מללן *בן""נהוב‭§] _*_£‬ ...</div>"
167	hed19440630-01.1.6	30 June 1944	hed	Page 6	"<div class=""txtsearchsnippet"">... באיזמיר. בהתלהבות חגגו יהודי איזמיר את יובל העשרים של <b class=""highlightcolor"">ביה""ח</b> היהודי ‭"")‬הוספיטל די קארטאש‭(""‬ והזכירו לצבור, כי המוסד ממלא ...</div>"
168	itonmeyuhad19331206-01.1.4	6 December 1933	itonmeyuhad	Page 4	"<div class=""txtsearchsnippet"">בית החולים של ועד הההלה <b class=""highlightcolor"">בחיפה</b> זקוק לרופא עצבים בשביל... המנהל</div>"
169	mivrak19480207-01.1.1	7 February 1948	mivrak	Page 1	"<div class=""txtsearchsnippet"">... — שלמענה נתת את חייך"". המשפחה עזבה בדומיה את <b class=""highlightcolor"">ביה״ח.</b> אותה שעה עשו כמה ערבים נסיון להתקיף ברמוני יד ...</div>"
170	mivrak19480103-01.1.1	3 January 1948	mivrak	Page 1	"<div class=""txtsearchsnippet"">... יחידיה בשם רעיה שיתוק׳ כבת 45, לחדר המתים של <b class=""highlightcolor"">ביה״ח</b> ""דדסה"". היא נרצחה בדקירות סכינים והובאה כמעט ערומה על־ידי ...</div>"
171	haretz19460307-01.1.4	7 March 1946	haretz	Page 4	"<div class=""txtsearchsnippet"">... מספר ‭:7‬ בתל־אביב ‭— (1‬ רח' מונסיפיורי מספד ‭;13‬ <b class=""highlightcolor"">בחיפה</b> — מרכז ‭!!***83311 ‬ ?9 מסחרי חדש, בית כוכים. ...</div>"
172	khm19480102-01.1.6	2 January 1948	khm	Page 6	"<div class=""txtsearchsnippet"">... יהודי אהד נפצע קשה ואשה נפצעה קל. משמרות חיילים <b class=""highlightcolor"">בחיפה</b> היפה, יום ה' — אמש נראו כרהובות היפה משמרות ...</div>"
173	hazmantlv19431217-01.1.8	17 December 1943	hazmantlv	Page 8	"<div class=""txtsearchsnippet"">... האחרונה של ועד לשכת ה• . מסחר ורתעשיה העברית <b class=""highlightcolor"">בחיפה•</b> שבה ד־ I שתתף גם חבר המועצה הכלכלית ה.ז;- ...</div>"
174	dav19310626-01.1.6	26 June 1931	dav	Page 6	"<div class=""txtsearchsnippet"">... לירושלים: צ ב י ד ן' שכ' חדשת ע""י <b class=""highlightcolor"">ביה""ח</b> דר' וולך בשם קבי 'יקראו־‭- ""!‬ ג‭. -‬פריטג</div>"
175	haolam19410116-01.1.10	16 January 1941	haolam	Page 10	"<div class=""txtsearchsnippet"">ב) לעזרה קונסטרוקטיבית 1) בערים : לבנין בי""ח <b class=""highlightcolor"">בחיפה</b> — ‭2, 100, 514‬ לא""י; יישור חולות בתל-אביב — ...</div>"
176	haolam19390316-01.1.11	16 March 1939	haolam	Page 11	"<div class=""txtsearchsnippet"">... הצלב האדום בצפת, שבה נסע ד""ד ט. שטרנברג, ריפא <b class=""highlightcolor"">ביה""ח</b> הממשלתי בצפת בלויית אחות נוצריה ונהג ערבי. ד""ד שטדנבדג ...</div>"
177	haretz19301012-01.1.4	12 October 1930	haretz	Page 4	"<div class=""txtsearchsnippet"">... ההורים ‭!125‬ דבורה קלן ב ירושלם, רחוב החבשים ע""י <b class=""highlightcolor"">ביה""ח</b> האיטלהי שנה העשירית תכנית הלמודים היא של כייס עממי ...</div>"
178	haretz19450314-01.1.3	14 March 1945	haretz	Page 3	"<div class=""txtsearchsnippet"">... למשרת רופא־קונסולטנט במכון לרוטגן־רפוי , פרטים אפשר לקבל במשרד <b class=""highlightcolor"">ביה""ח</b> כל יום — פרט לשבת — בין ‭10‬ עד ...</div>"
179	haretz19470918-01.1.6	18 September 1947	haretz	Page 6	"<div class=""txtsearchsnippet"">אבד <b class=""highlightcolor"">בחיפה</b> ארנק עפ כסף ונידות שונים ו־4 שטרות, אחד ע""ס ...</div>"
180	dhy19341017-01.1.6	17 October 1934	dhy	Page 6	"<div class=""txtsearchsnippet""><b class=""highlightcolor"">בחיפה</b></div>"
181	haretz19360127-01.1.4	27 January 1936	haretz	Page 4	"<div class=""txtsearchsnippet"">... וסוריה בתל^אביב טל. ‭1677 ‬ בירושלים טל. ‭967 ‬ <b class=""highlightcolor"">בחיפה</b> - טל. ‭800 ‬ בטבריה טל. ‭80 ‬ בעפולה ...</div>"
182	haretz19331129-01.1.5	29 November 1933	haretz	Page 5	"<div class=""txtsearchsnippet"">... החקירה שע־כנו: ואלה הן העובדות: ברתל ריכהמר שבה מט-ולה <b class=""highlightcolor"">בחיפה</b> לקבוצת נע נה ביום הראש,׳ז לשבוע, 8 לספטמבר, בעין ...</div>"
183	haretz19390522-01.1.6	22 May 1939	haretz	Page 6	"<div class=""txtsearchsnippet"">הנהאת ביה""ה העירוגיהדסה"" בת""א "" מודיעח, כי <b class=""highlightcolor"">ביה""ח</b> אא יקבא שום חד־ אה מחוץ אתא־אביב, אם הרופא ...</div>"
184	haretz19450914-01.1.8	14 September 1945	haretz	Page 8	"<div class=""txtsearchsnippet"">... יעקב, שבי ציון, גבעת זייד, געתון, גורדיניה מעפילים) מתאספים <b class=""highlightcolor"">בחיפה</b> בשעה 7 בבוקר באותו המקום. הנוסעים; מזכרון־יעקב ובת שלמד, ...</div>"
185	hmf19451226-01.1.4	26 December 1945	hmf	Page 4	"<div class=""txtsearchsnippet"">... בדותה על 24 מעפילים ששומרת בערבות ע""י שופט השלום <b class=""highlightcolor"">בחיפה‭_^.</b> ‬ג־דיפאע"" הערבי העתיק ממנו י את ""הידיעה‭, ""‬־ ידיעות ...</div>"
186	haretz19350908-01.1.5	8 September 1935	haretz	Page 5	"<div class=""txtsearchsnippet"">... ? י י' י :: • V ;י . <b class=""highlightcolor"">בחיפה:</b> עין הקורא. רחוב הרצל 2</div>"
187	hmf19430419-01.1.6	19 April 1943	hmf	Page 6	"<div class=""txtsearchsnippet"">גם <b class=""highlightcolor"">בחיפה</b> היהודית יגעים עניני הבריאות</div>"
188	hmf19460918-01.1.4	18 September 1946	hmf	Page 4	"<div class=""txtsearchsnippet"">... את שם העצור, שם הקרוב השולח ד""ש וחתימת השולח. <b class=""highlightcolor"">בחיפה</b> מרכזת אחת המשפחות את דרישות השלום מכל משפחות העצורים ...</div>"
189	hazmantlv19430830-01.1.4	30 August 1943	hazmantlv	Page 4	"<div class=""txtsearchsnippet"">שלמה גדליה ורהפטיג ז-ד ביום השבת מת בביה״ח רוטשילד <b class=""highlightcolor"">בחיפה</b> לאחר יסורים בוראים שלמה גדליה ורהפטיג, נכדו של הרבי ...</div>"
190	dav19391023-01.1.5	23 October 1939	dav	Page 5	"<div class=""txtsearchsnippet"">... חריפים עם מבירה זעירה מחת לחנות בחנו-ת המכולת שלי <b class=""highlightcolor"">בחיפה,</b> רח'</div>"
191	dav19371109-01.1.6	9 November 1937	dav	Page 6	"<div class=""txtsearchsnippet"">וח‭""31‬ <b class=""highlightcolor"">ביה""ח</b> הדסה בצפת משתתפים בצערו הכבד. של י ד""ד א. ...</div>"
192	hazmantlv19431026-01.1.3	26 October 1943	hazmantlv	Page 3	"<div class=""txtsearchsnippet"">... 16 נאשם בהחזקת 3 כדורי אקדח השופט מר רוזנצוייג <b class=""highlightcolor"">בחיפה</b> הוציא ביום א׳ פקודת מעצר למשך 15 יום נגד ...</div>"
193	hmf19480303-01.1.4	3 March 1948	hmf	Page 4	"<div class=""txtsearchsnippet"">2 יהודים נפצעו בידי חיילים <b class=""highlightcolor"">בחיפה</b></div>"
194	haderechjlm19430107-01.1.1	7 January 1943	haderechjlm	Page 1	"<div class=""txtsearchsnippet"">... כ.) בגליון זה הננו מביאים דו״ח מאסיפת ארגוני אגו״י <b class=""highlightcolor"">בחיפה</b> בדבר הקמת מפעל ""עזרה הדדית* בהשתתפות כל חוגי אגו״י. ...</div>"
195	hegeh19470520-01.1.1	20 May 1947	hegeh	Page 1	"<div class=""txtsearchsnippet"">לפי בקשת ההנהלה של בית קתולים הצבאי <b class=""highlightcolor"">בחיפה</b> - הוךשה למספר עובדים לבוא לעבודה היום, כן ה^רה ...</div>"
196	haretz19330712-01.1.4	12 July 1933	haretz	Page 4	"<div class=""txtsearchsnippet""><b class=""highlightcolor"">בחיפה</b></div>"
197	dav19381120-01.1.7	20 November 1938	dav	Page 7	"<div class=""txtsearchsnippet"">... וסכום כסף קט‭. ;‬נדרך בין הכביש וחבורת _הפודים 5יד <b class=""highlightcolor"">ביה""ח</b> ע‭'""‬_ט יי_5_ינסון‭_?. ‬ח‭_^'‬־יב 5א_5ט3יג, _פרדם־חנה. — ביום ה' ?פנות ...</div>"
198	tsohorayimhaifa19460211-01.1.1	11 February 1946	tsohorayimhaifa	Page 1	"<div class=""txtsearchsnippet"">... שוטרים חזק ופקידי בולשת ליד הכניסה לבית משפט השלום <b class=""highlightcolor"">בחיפה,</b> כדי למנוע את הכניסה לסקרנים סתם. צדדים כמשפטים אחרים ...</div>"
199	tsohorayimhaifa19460430-01.1.1	30 April 1946	tsohorayimhaifa	Page 1	"<div class=""txtsearchsnippet"">... מהימן נודע לנו, כי הממשלה החליטה החליטה לכלול את <b class=""highlightcolor"">ביה״ח</b> של קופת חולים בעמק במוסדות הרפואיים הנתמכים על ידה, ...</div>"
200	hayesod19340809-01.1.4	9 August 1934	hayesod	Page 4	"<div class=""txtsearchsnippet"">■(קוים אופיניים לרמותו של ארגון הצעירים הדתיים (בלתי־טפלגתי) <b class=""highlightcolor"">בחיפה)</b> זוכרני. לפני' שנה והצי — זמן התיסדות הארגון — ...</div>"
201	dav19461030-01.1.4	30 October 1946	dav	Page 4	"<div class=""txtsearchsnippet"">נ. טש3יל לאית ; מת מיתה חטופה <b class=""highlightcolor"">בחיפה</b> בגיל ‭. 58‬יליד ורשה, בא לארץ לפני המלחמה השניה ...</div>"
202	hmf19480415-01.1.4	15 April 1948	hmf	Page 4	"<div class=""txtsearchsnippet"">... שני פצועים הובאו אתמול בשעות הבוקר לטיפול בביה''_ח רוטשילד <b class=""highlightcolor"">בחיפה.</b> הפצועים הם דוד חיים ושלמה קמינקה מנשר.</div>"
203	hmf19480622-01.1.3	22 June 1948	hmf	Page 3	"<div class=""txtsearchsnippet"">... הכרמל בשעה ‭6. 30‬ ובשעה ‭9. 30‬ הצנת בכורה <b class=""highlightcolor"">בחיפה</b> הוא הלד_*שדות&gt; "" בקרוב הצנת בכורה י . ‬ ...</div>"
204	hmf19471009-01.1.4	9 October 1947	hmf	Page 4	"<div class=""txtsearchsnippet"">... לי2000 לא""י נגרם להנוה ""בית החשמל"" ברחוב הרצל 57 <b class=""highlightcolor"">בחיפה</b> כהוצאה מדליקה שפרצה בחנות ושנגרמה, כפי שסבורים ע""י קצר ...</div>"
205	hbkr19391210-01.1.5	10 December 1939	hbkr	Page 5	"<div class=""txtsearchsnippet"">... היפן (ברחוב שינקין ‭. 22‬ פינת זדו־ בבל). — <b class=""highlightcolor"">בחיפה</b> פתוחיס הלילה בחי הפדקחת: ' . זוהר"" ו""חרצליה־• — ...</div>"
206	khm19480419-01.1.4	19 April 1948	khm	Page 4	"<div class=""txtsearchsnippet"">הובאו לקבורה היפה, יום א' — הי1ם הובא!לקמרה <b class=""highlightcolor"">בחיפה</b> נח לוין, בן ‭, 47‬_שנהינ בהתפוצצות בטתנות הגדולות ביוב ...</div>"
207	khm19480621-01.1.4	21 June 1948	khm	Page 4	"<div class=""txtsearchsnippet"">... לארץ. גציגים"" אמריקאיים מהפשים עבורם שיכון מת- "" אים <b class=""highlightcolor"">בחיפה</b> וסביבותיה.</div>"
208	hbkr19380728-01.1.1	28 July 1938	hbkr	Page 1	"<div class=""txtsearchsnippet"">הוצת ונשרף ביהכ""נ ""נח לת יעמד <b class=""highlightcolor"">בחיפה</b></div>"
209	dhy19321006-01.1.4	6 October 1932	dhy	Page 4	"<div class=""txtsearchsnippet"">... לה הליפין. נחומים נמצא רק בהגברת העבודה הק' לטובת <b class=""highlightcolor"">ביה""ח</b> "" בקור הולים"" שהמנוח עמד בראשה בחי 1ומוצאי החג- ...</div>"
210	haretz19400105-01.1.7	5 January 1940	haretz	Page 7	"<div class=""txtsearchsnippet"">סוחר בעל נטיון רב בארץ שגר <b class=""highlightcolor"">בחיפה</b> דוצה למדד ווסס""ם ן (תעשיה, איטפורט, סוכנות) ' מוכן ...</div>"
211	hazmantlv19431028-01.1.6	28 October 1943	hazmantlv	Page 6	"<div class=""txtsearchsnippet"">... לפנה״צ קבלת פגים בקונסוליה הכללית לאזרחי ה־ קהיליה וידידיה. <b class=""highlightcolor"">בחיפה</b> יוחג יום־העצמאות ב־ 31 לאוקטובר. תיחנך ככר על שם ...</div>"
212	haretz19461206-01.1.8	6 December 1946	haretz	Page 8	"<div class=""txtsearchsnippet"">... לפי ידיעות שקיבלה אתמול בצהרים לשכת־העליה של הסוכנות היהודית <b class=""highlightcolor"">בחיפה</b> מאה שלטונות הפיקוח על ההובלה הימי־־ "" שהאניות אשר ...</div>"
213	hmf19480504-01.1.3	4 May 1948	hmf	Page 3	"<div class=""txtsearchsnippet"">... בחלל־האויר: עמים נוצרים, מועצת־הבטחון, ממשלח ' בריטניה ‭המקומות""?*-‬ הקדושים"" <b class=""highlightcolor"">בחיפה</b> ובטבריה ובירושלים עלולים להתחלל, כבר _מתחללים, בידי היהודים, הצילו ...</div>"
214	hmf19480128-01.1.4	28 January 1948	hmf	Page 4	"<div class=""txtsearchsnippet"">... ברגלו. מצב שניהם אינו קשה. הם הועברו לטיפול ל־ <b class=""highlightcolor"">ביה""ח</b> הממשלתי. נקמה פרטית? מחוגים שונים. סבורים כי ההתנקשות בשני ...</div>"
215	haolam19460725-01.1.6	25 July 1946	haolam	Page 6	"<div class=""txtsearchsnippet"">... המכונות ואת דח־בר הגלמי הדרושים לייצור. להקמת נית־חולים נזול <b class=""highlightcolor"">בחיפה</b> נוסדה חברה -אלישע־ בהון יסוד של ‭100. 000‬ לירות. ...</div>"
216	mar19480331-01.1.3	31 March 1948	mar	Page 3	"<div class=""txtsearchsnippet"">המו&amp;ד ליבוא <b class=""highlightcolor"">בחיפה</b></div>"
217	dav19351216-01.1.3	16 December 1935	dav	Page 3	"<div class=""txtsearchsnippet"">... בהם מתאימים לצרבי החולה היהודי, כמו, למשל, ביהח""_ו הממשלתי <b class=""highlightcolor"">בחיפה,</b> השמוש במוסד מצד הקהל היהודי גדל במדת נכרת מאר. ...</div>"
218	dav19360514-01.1.5	14 May 1936	dav	Page 5	"<div class=""txtsearchsnippet"">... / / שבית מרקחת ""אסותא"" ן: 11 עומד להפחח <b class=""highlightcolor"">בחיפה</b> ‭||‬ !_רת־ הרצל דוקא 56 סנה ס‭1?‬ל1ב ן ק</div>"
219	dav19300725-01.1.6	25 July 1930	dav	Page 6	"<div class=""txtsearchsnippet"">לד־ר לונטי_? מנהל <b class=""highlightcolor"">ביה'ח</b> . הדסה' ולד'ר _כתאין הק _^ מה בעי _יטיי ...</div>"
220	haretz19310821-01.1.4	21 August 1931	haretz	Page 4	"<div class=""txtsearchsnippet"">... מודעה• מתקבלות בקשות כניסה לשנה הלמודים תרצ""ב התכנית תזכרי <b class=""highlightcolor"">בחיפה</b> על המועמדים לצרף לבקשתם : א) תעודת השכלה. (לקורס ...</div>"
221	haretz19370407-01.1.7	7 April 1937	haretz	Page 7	"<div class=""txtsearchsnippet"">... בירור תביעתו של מר ג. ניומן, מורה בתכניון העברי <b class=""highlightcolor"">בחיפה,</b> להנהלת הסוכנות היהודית לשלם כ־2 oo לא״י פיצויים. לפי ...</div>"
222	haretz19470209-01.1.3	9 February 1947	haretz	Page 3	"<div class=""txtsearchsnippet"">... י ק. נגד קבוצה מעורבת ""מכבי' וה""פועלרמת גן בעל <b class=""highlightcolor"">ביה""ח</b> . משל זקס"", מר סם זקס הקצה שטח של ...</div>"
223	haretz19330814-01.1.4	14 August 1933	haretz	Page 4	"<div class=""txtsearchsnippet""><b class=""highlightcolor"">בחיפה</b></div>"
224	haretz19330714-01.1.4	14 July 1933	haretz	Page 4	"<div class=""txtsearchsnippet"">... כ' תמוז. 7 מר מרדכי אסושקין ירצה בעניני דיומא. <b class=""highlightcolor"">בחיפה</b> למעלה מl 5OO איש נוכחו אתמול באמפיתיאטרון באזכרה הפומבית ...</div>"
225	khm19480917-01.1.6	17 September 1948	khm	Page 6	"<div class=""txtsearchsnippet"">... 2643. ‬ מולצידםקי היה בן יהודה 7 טל‭5570. ‬ <b class=""highlightcolor"">בחיפה</b> יום ו' — פבזנד, שבער 27 טל‭. 4073. ‬ ...</div>"
226	hbkr19380707-01.1.1	7 July 1938	hbkr	Page 1	"<div class=""txtsearchsnippet"">סיוט דמים איום <b class=""highlightcolor"">בחיפה:</b></div>"
227	hmf19460620-01.1.4	20 June 1946	hmf	Page 4	"<div class=""txtsearchsnippet"">ץ סופרנו מוסר: . מאז החליט הועד־המנהל של <b class=""highlightcolor"">ביה""ח</b> ""הדסה"" בתל אביב פה' אחד להציע לדייר קרפלום להתפטר ...</div>"
228	ahr19471221-01.1.4	21 December 1947	ahr	Page 4	"<div class=""txtsearchsnippet"">... לירושלים. צכי מזרחי, בי ‭, 20‬מטבריה, נהרג ביום ו' <b class=""highlightcolor"">בחיפה,</b> בלכתו לגבות חוב מערבי.</div>"
229	haolam19360430-01.1.7	30 April 1936	haolam	Page 7	"<div class=""txtsearchsnippet"">... אהדים שניסו להכריה את בעלי החנויות לסגור את חנויותיחם. <b class=""highlightcolor"">בחיפה</b> י המצב בנמל נורמלי. אבטובוםים נוסעיםבין היפה ועכו. היתד. ...</div>"
230	itonmeyuhad19410926-01.1.6	26 September 1941	itonmeyuhad	Page 6	"<div class=""txtsearchsnippet"">... והנה בשורה בפינו למעשני ""מטוסיאן"": אנא, תגידו בירושלים, תשמיעו <b class=""highlightcolor"">בחיפה</b> ותספרו בתל-אביב, ובארץ כולה, כי: התגברנו על כל הקשיים, ...</div>"
231	mivrak19480229-01.1.1	29 February 1948	mivrak	Page 1	"<div class=""txtsearchsnippet"">... חלק של תוצרת הנפט העיראקי העובר דרו צבור הנפט <b class=""highlightcolor"">בחיפה׳</b> לטריפולי הקושי הוא כזה שחיפה מסוגלת ככר כיוס לזקק ...</div>"
232	haretz19340918-01.1.7	18 September 1934	haretz	Page 7	"<div class=""txtsearchsnippet"">... גרוסמן ב‭"" 27‬ בצפת בית־ספר סקוטי ! ב‭"" 28‬ <b class=""highlightcolor"">בחיפה</b> מלון נסר ?‭?^1 ‬ ?!???ו*ו1 ו י ון וו ...</div>"
233	mivrak19480213-01.1.1	13 February 1948	mivrak	Page 1	"<div class=""txtsearchsnippet"">... הי״ד היום בשעה 10.30 בבוקר יצאה סמדר המתים של <b class=""highlightcolor"">ביה״ח</b> .הדמה"" הלוי־ תה של פני1ה פדרמן, שנהרגה בפגוץ המוקש ...</div>"
234	ahr19480504-01.1.3	4 May 1948	ahr	Page 3	"<div class=""txtsearchsnippet"">מנהלת העם מארגנת שירותי ממשלה <b class=""highlightcolor"">בחיפה</b></div>"
235	ahr19481010-01.1.3	10 October 1948	ahr	Page 3	"<div class=""txtsearchsnippet"">... כמכון למוזיקה מרת ג. דוניה־ווייצמן , מנהלת המכון למוזיקה <b class=""highlightcolor"">בחיפה,</b> יצאה לביקור לאנגליה. בזמן היעדרה ימלא את מקומה א. ...</div>"
236	hayomjlm19480321-01.1.2	21 March 1948	hayomjlm	Page 2	"<div class=""txtsearchsnippet"">... בא כתוצאה מגורמים אובייקטיבים וכי אין כוונה לחסל את <b class=""highlightcolor"">ביה״ח.</b> לא סיפסר מר נח אפשטין, סוחר דגים כמחנה יהודה, ...</div>"
237	hmf19431227-01.1.4	27 December 1943	hmf	Page 4	"<div class=""txtsearchsnippet"">... ?בחצר "" בית _תחרושת וסד־ דה מטבח עבור _פיועלי <b class=""highlightcolor"">ביה""ח.</b> כח־ גיגה מיוחדת _שסורהה על ידי. היהנ־ הלח •ובמעמד ...</div>"
238	hmf19440717-01.1.4	17 July 1944	hmf	Page 4	"<div class=""txtsearchsnippet"">... מתקיימת הערב בשעה 8 _במועדוך התנועה• כל חברי הצ""ה <b class=""highlightcolor"">בחיפה</b> מתבקשים להיכנס בימים אלה למשדך, • הצ""ח רחוב בן ...</div>"
239	hbkr19410801-01.1.8	1 August 1941	hbkr	Page 8	"<div class=""txtsearchsnippet"">תקציבו החדש של ועד הקהלה <b class=""highlightcolor"">בחיפה</b></div>"
240	dav19350512-01.1.6	12 May 1935	dav	Page 6	"<div class=""txtsearchsnippet"">... רי ‭15. 5‬ ל 5 י ז 1 ל <b class=""highlightcolor"">בחיפה,</b> עין דור ; . ביוב־ י‭... . _] 6. ...</div>"
241	haretz19301228-01.1.4	28 December 1930	haretz	Page 4	"<div class=""txtsearchsnippet"">... המישי וששי שצ השבוע שעבר נפסקה העבודה כבנין הנמצ <b class=""highlightcolor"">בחיפה</b> ובעתציט, בגצצ חג המוצר. משום כך ובשצ גזירת יום ...</div>"
242	haretz19340521-01.1.6	21 May 1934	haretz	Page 6	"<div class=""txtsearchsnippet"">הרעד המבהל של <b class=""highlightcolor"">ביה""ח</b> העיררני הדסה בתל-אביב מכריז בזה על ק ‭1 0 ...</div>"
243	haretz19330428-01.1.4	28 April 1933	haretz	Page 4	"<div class=""txtsearchsnippet"">... נניה״ח העירוני ""הדסה"" נודע לנו שהד״ר משולם ליבונטין, מנהל <b class=""highlightcolor"">ביה״ח</b> העירוני ""הדסה"" זה שנים רבות, עומד להתפטר מתפקידו כמנהל ...</div>"
244	khm19480212-01.1.4	12 February 1948	khm	Page 4	"<div class=""txtsearchsnippet"">... רחוב יוחנן הסנדלר מזא""ה כדי לעצור כל חנועד. לעבר <b class=""highlightcolor"">ביה""ח.</b> קחל רב התאסף כמקים ידבים באי להוודע על קריביחט. ...</div>"
245	hmf19470721-01.1.1	21 July 1947	hmf	Page 1	"<div class=""txtsearchsnippet"">קפריסין. עוד ביום השבת נפוצו שמועות <b class=""highlightcolor"">בחיפה</b> שאניות הגירוש יחזירו את המעפילים /נמל המוצא בצרפת. סופרו ...</div>"
246	hayomjlm19480222-01.1.4	22 February 1948	hayomjlm	Page 4	"<div class=""txtsearchsnippet"">... הצבא קולונל היקט, בכדי להביע את תמיהת הישוב היהודי <b class=""highlightcolor"">בחיפה</b> על כך שהמשטר והצבא לא הצליחו עד כה להבטיח ...</div>"
247	hmf19480318-01.1.4	18 March 1948	hmf	Page 4	"<div class=""txtsearchsnippet"">דים נפצעו והועברו לביה""ח רוטשילד <b class=""highlightcolor"">בחיפה.</b> נהרגו 3 אנשי כנופיה אנשי המגן ? שליוו את ...</div>"
248	hzh19390611-01.1.4	11 June 1939	hzh	Page 4	"<div class=""txtsearchsnippet"">... גזעים שונים של מתג 'הבו־ טוליסמוס. המרפאה הכירורגית של <b class=""highlightcolor"">ביה""ח</b> האוניברסיטאי תהא פתוחה בימים 'אי, ב‭', ‬ ד‭, '‬ר‭, ...</div>"
249	hmf19480419-01.1.4	19 April 1948	hmf	Page 4	"<div class=""txtsearchsnippet"">... ‬‭, ""‬ לרשותם של *עירית ת""א וחבר חמועצוח המקומיות;את <b class=""highlightcolor"">ביה""ח</b> בפרדם־כץ, שהוא מקום האישפוז היחידי בארץ למחלות־מיד־ בקות — ...</div>"
250	ahr19480102-01.1.4	2 January 1948	ahr	Page 4	"<div class=""txtsearchsnippet"">לא נשכח אותך י' ‭11 1 I‬ _דינגל חבריך <b class=""highlightcolor"">בחיפה</b> _ובקריות: ארנםט, בתיה, אנשי , רוזל, ארטור, אנה, וורנד, ...</div>"
251	hazmantlv19441011-01.1.4	11 October 1944	hazmantlv	Page 4	"<div class=""txtsearchsnippet"">אתמול גמשך בפני בית הדין הימי במושבו <b class=""highlightcolor"">בחיפה</b> - לאחר חודש של</div>"
252	dav19310907-01.1.4	7 September 1931	dav	Page 4	"<div class=""txtsearchsnippet"">הנני מתכבד להודיע כי <b class=""highlightcolor"">ביה'ח</b> שלי הקיים 7 שנים הצליח להוציא לשוק' הודות למכונותיו ...</div>"
253	dav19320105-01.1.4	5 January 1932	dav	Page 4	"<div class=""txtsearchsnippet"">משרד ההוצאה לפועל <b class=""highlightcolor"">בחיפה</b> הורעה ברבר מכירת מטלטלים: ביום החמישי ‭7. 1. 32‬ ...</div>"
254	dav19440918-01.1.3	18 September 1944	dav	Page 3	"<div class=""txtsearchsnippet"">... וכי בית . _. _ילמ_^יט ידון בכק‭-?-‬_יצוז בבית תמ־צפי!המחוזי <b class=""highlightcolor"">בחיפה</b> יי;ם 4 _להוריד אוקטובר ‭, 1944‬_ביש - עיה 9 ...</div>"
255	haretz19370507-01.1.6	7 May 1937	haretz	Page 6	"<div class=""txtsearchsnippet"">הומו המנהל של <b class=""highlightcolor"">ביה""ח</b> העירוני הרסה בת7 י ־ אביב מבריז על 3 ...</div>"
256	hbkr19431005-01.1.4	5 October 1943	hbkr	Page 4	"<div class=""txtsearchsnippet"">... בן-יהידד. 10 קונצרטים למנויים בעונת ‭1941/44 ‬ כל כרטיסי־המנוי <b class=""highlightcolor"">בחיפה</b> נמכ"" בתל-אביב ובידושליפ נמשכת מכירת כרטיםי־חמנוי רק לחבר אנודת ...</div>"
257	hmf19410502-01.1.8	2 May 1941	hmf	Page 8	"<div class=""txtsearchsnippet"">... ‬ בבתי המלאכה נמ־ שכיה כרגיל. הנםילן להשבית את <b class=""highlightcolor"">ביה""ח</b> ""פרימין"" לא הצליח, העיבדים הלאומיים המשיכי בעבידה. השמאל 1 ...</div>"
258	mar19480309-01.1.4	9 March 1948	mar	Page 4	"<div class=""txtsearchsnippet"">להיום נועדה פגישה בין הועדה הלאומית <b class=""highlightcolor"">בחיפה</b> עם מפקד , הכנופיות : במקום, מחמד חמד' שבה ...</div>"
259	haretz19470304-01.1.2	4 March 1947	haretz	Page 2	"<div class=""txtsearchsnippet"">... '‭. (11 ‬ טםלקח הבריאות הממשלתית (טל. מס' ‭;(13‬ <b class=""highlightcolor"">ביה""ח</b> הממשלתי ""הירקון"" (טל. מם' ‭:(15‬ מנהל <b class=""highlightcolor"">ביה""ח</b> ""הירקון"" ד""ר ...</div>"
260	haretz19390510-01.1.7	10 May 1939	haretz	Page 7	"<div class=""txtsearchsnippet"">... ‭1. 6. 39 ‬ ?רמים אפשר לקבל אצל מנהל: <b class=""highlightcolor"">ביה""ח</b> בכל יום משעה ‭10‬ עד ‭12 ‬ לפנדן""צ.</div>"
261	hbkr19381219-01.1.1	19 December 1938	hbkr	Page 1	"<div class=""txtsearchsnippet"">משדד1 . הבקר"" <b class=""highlightcolor"">בחיפה</b> ע 3 ד ו ל ‭? 3‬ ת ה ...</div>"
262	hazmantlv19430809-01.1.4	9 August 1943	hazmantlv	Page 4	"<div class=""txtsearchsnippet"">... 7 בערב עד 2 בלילה 4057)! בירושלים טלפון 2789! <b class=""highlightcolor"">בחיפה</b> — רח׳ חיים 7, טלפון 3970. דמי החתימה - ...</div>"
263	mar19480310-01.1.4	10 March 1948	mar	Page 4	"<div class=""txtsearchsnippet"">... נתמנה ערבי. דגים על , חיזוק ההגנה הערבית ' <b class=""highlightcolor"">בחיפה</b> וסביבתה אתמול נפגשה , הוועדה הל ־ אומית* <b class=""highlightcolor"">בחיפה</b> ...</div>"
264	dav19370621-01.1.3	21 June 1937	dav	Page 3	"<div class=""txtsearchsnippet"">... הנוגעים, אבל לא בקצב הדרוש. ציבור . הפועלים י <b class=""highlightcolor"">בחיפה,</b> וכן בל העוקבים אחרי המצב בשוק תעבורה, מתמרמרים על ...</div>"
265	haretz19470415-01.1.1	15 April 1947	haretz	Page 1	"<div class=""txtsearchsnippet"">בי""ס לאחיות ע""י <b class=""highlightcolor"">ביה""ח</b> רוטשילד <b class=""highlightcolor"">בחיפה</b> הרשמת תלמידות הנהלת בית הםפר לאחיות עיי ...</div>"
266	hmf19470722-01.1.4	22 July 1947	hmf	Page 4	"<div class=""txtsearchsnippet"">ליל העוצר הראשון שהוטל על שכונת הדר הכרמל <b class=""highlightcolor"">בחיפה</b> היה חמוד ביותר. ההיי־ לים עשו ברחובות כבשלהם;הדליקו מדו־ ...</div>"
267	hmf19470812-01.1.4	12 August 1947	hmf	Page 4	"<div class=""txtsearchsnippet"">... גיטל ווייס, בת ‭, 31‬מרחוב ה־ גפן שבמושבה הגרמנית <b class=""highlightcolor"">בחיפה.</b> כפי ש־ נמסד במקור רשמי עברה אותה שעה ב־ ...</div>"
268	hmf19470615-01.1.4	15 June 1947	hmf	Page 4	"<div class=""txtsearchsnippet"">... קיבלה ‭. :‬ייפול רפואי והועברה אח""כ לחדר הניתוחים של <b class=""highlightcolor"">ביה""ח</b> ‭. ""הדסה""‬ היכן היה השוטר הבריטי? העדה נחקרה ע""י ...</div>"
269	hmf19470527-01.1.4	27 May 1947	hmf	Page 4	"<div class=""txtsearchsnippet"">... אחד הנאשמים, יעקב וים, שהובא ל־ ביד‭*'?‬ באמבולנס ורופא <b class=""highlightcolor"">ביה""ח</b> הממשלתי הד""ר קאהאן מסר כי אינו מסוגל לעמוד למשפט. ...</div>"
270	hmf19480322-01.1.4	22 March 1948	hmf	Page 4	"<div class=""txtsearchsnippet"">השלטונות מוכנים למכור לעיריה את <b class=""highlightcolor"">ביה""ח</b> בתל־ליטווינסהי</div>"
271	hmf19471208-01.1.4	8 December 1947	hmf	Page 4	"<div class=""txtsearchsnippet"">פורעים ערבים המשיכו גם אתמול בפציעת יהודים ודקידות ויריות <b class=""highlightcolor"">בחיפה.</b> ידי _המגינים העברים כבולות ע""י הוד"" ערבותם והפרעתם הגלויה ...</div>"
272	hmf19470507-01.1.4	7 May 1947	hmf	Page 4	"<div class=""txtsearchsnippet"">... מיד עם קבלת הידיעה על שמות ההרוגים, עם השלטונות <b class=""highlightcolor"">בחיפה</b> והודיע? • ? על רצונם להשתתף בהלוויה, הם גם ...</div>"
273	dav19391217-01.1.3	17 December 1939	dav	Page 3	"<div class=""txtsearchsnippet"">... להודיע למשה צוקר, כפר עטה, ליד חיפה או לסניףדבר"" <b class=""highlightcolor"">בחיפה.</b></div>"
274	dhy19351213-01.1.10	13 December 1935	dhy	Page 10	"<div class=""txtsearchsnippet"">... תמיכה _הד־פעמית י־צ־בי השקעה בבכום ‭33, 600‬ יא־""י (להשי־מת <b class=""highlightcolor"">ביה""ח</b> של קופ‭_''‬ח _ייד פתח־תקו־;להשלמת '' ביה'יח ש- רופ ־ ...</div>"
275	hmf19430802-01.1.4	2 August 1943	hmf	Page 4	"<div class=""txtsearchsnippet"">... פורמליים ולעשות מעשה לתקון המצב. שמעתי שדר. גרושקה, מנהל <b class=""highlightcolor"">ביה""ח,</b> הודיע שהוא עומד להתפטר' ביון שאינו יבול עוד לשאת ...</div>"
276	ahr19470326-01.1.3	26 March 1947	ahr	Page 3	"<div class=""txtsearchsnippet"">... ששמותיהם מפורטים בזה, מתבקשים י־י- ־יבתפ לםוי?למשרדי וועד הקהלד, <b class=""highlightcolor"">בחיפה</b> ;רחוב ארלוזורוב ‭, 16‬ חור ‭:(4‬ משה ־זרוביץ, ישעיהו ...</div>"
277	hmf19480123-01.1.8	23 January 1948	hmf	Page 8	"<div class=""txtsearchsnippet"">3 ערבים הרוגים <b class=""highlightcolor"">בחיפה</b></div>"
278	hmf19470514-01.1.4	14 May 1947	hmf	Page 4	"<div class=""txtsearchsnippet"">... הפרס — גב' י ""י ד""ר לחמן. פרס קריביצקי <b class=""highlightcolor"">בחיפה</b> ביום הי, בשעה ‭' 6 '‬ _ב&gt;ירב, יערך באולם ...</div>"
279	khm19481119-01.1.6	19 November 1948	khm	Page 6	"<div class=""txtsearchsnippet"">... ;ביום ששי ‭19. 11. 48‬ ושבח ‭20:11. 48‬ יתקיים <b class=""highlightcolor"">בחיפה</b> בקלוב הפשלגה, רח' !‬ ‭J המרוניטים 16 ן כנוס ...</div>"
280	hazmantlv19440903-01.1.4	3 September 1944	hazmantlv	Page 4	"<div class=""txtsearchsnippet"">... ב) הבעיות הרס •איות של העליה העתידה. ג) תפקיד <b class=""highlightcolor"">ביה״ח</b> החדיש במסגרת ההיגיינה הצבורית. ד)׳ ארגון הרפואה הצבורית המו״עת ...</div>"
281	hmf19480426-01.1.4	26 April 1948	hmf	Page 4	"<div class=""txtsearchsnippet"">בריטים רצהו יהודי <b class=""highlightcolor"">בחיפה</b></div>"
282	hmf19480315-01.1.4	15 March 1948	hmf	Page 4	"<div class=""txtsearchsnippet"">עובדי פוסדות מרכזיים שמגוריהם <b class=""highlightcolor"">בחיפה</b></div>"
283	dav19480620-01.1.3	20 June 1948	dav	Page 3	"<div class=""txtsearchsnippet"">... י . פ ה י . בית החולים הממשלתי <b class=""highlightcolor"">בחיפה</b> מתארגז מחדש</div>"
284	dav19360415-01.1.9	15 April 1936	dav	Page 9	"<div class=""txtsearchsnippet"">... הנו) מכל הנתינות. יש לקוות שהשינוי לטובה נמצב העבודה <b class=""highlightcolor"">בחיפה</b> יימשך. עוטרים להט־ שין בסלילת הכביש הדר _הבדמלי — ...</div>"
285	dav19360318-01.1.9	18 March 1936	dav	Page 9	"<div class=""txtsearchsnippet"">לועידתהפו ‭"" ""??‬ בייפ י' שבת זת תיפהת <b class=""highlightcolor"">בחיפה</b> הועידה הארעית השניה שלהפועל ‭"" . ""‬ <b class=""highlightcolor"">בחיפה</b> אין ...</div>"
286	hmf19440209-01.1.4	9 February 1944	hmf	Page 4	"<div class=""txtsearchsnippet"">תחרויות פינגפונג <b class=""highlightcolor"">בחיפה</b> הערב בי‭7-30‬ _תתקייימנה במועדון הנועד הספרדי <b class=""highlightcolor"">בחיפה</b> התחדויות •_בפיגג־ ...</div>"
287	dav19400728-01.1.3	28 July 1940	dav	Page 3	"<div class=""txtsearchsnippet"">נית משפט _השלוט <b class=""highlightcolor"">בחיפה</b> תיק הוצאה לפוע?מס י ‭3298-40‬ . הנשפט לזכותו: אדיב ...</div>"
288	haretz19331218-01.1.3	18 December 1933	haretz	Page 3	"<div class=""txtsearchsnippet"">ולמלאת עשרים שגה ליסוד בית הספר הריאלי <b class=""highlightcolor"">בחיפה)</b> ׳</div>"
289	ahr19480115-01.1.3	15 January 1948	ahr	Page 3	"<div class=""txtsearchsnippet"">... ‭9. 30‬ בערב. כן תישאר פתוחה לשכת־יום. מרכז־המיפ־ קד <b class=""highlightcolor"">בחיפה</b> זקוק למתנדבים לעבודות־ משרד במשך שבועיים. דרושים גם כמה ...</div>"
290	hbkr19430802-01.1.2	2 August 1943	hbkr	Page 2	"<div class=""txtsearchsnippet"">... (ליד קולנוע ""רקס""). בתל־אביב: בית ""הדר"" (מול תחנת הרכבת). <b class=""highlightcolor"">בחיפה</b> : רחוב הרצל (מיל התיאטרון ,. ארמון""). המשרדים פתוחים ...</div>"
291	mivrak19480606-01.1.8	6 June 1948	mivrak	Page 8	"<div class=""txtsearchsnippet"">... בתל״אביב גלו את המומחה הצבאי ג׳ון קמחי. ואבא חושי <b class=""highlightcolor"">בחיפה</b> גלה איזה כומר בריטי ירא שמים׳ צלם־חובב, ונתן לו ...</div>"
292	khm19480423-01.1.8	23 April 1948	khm	Page 8	"<div class=""txtsearchsnippet"">... ••‭'&gt;. *‬ לאיי. •ודעות נמלות וקבועות לוי הסבמ. המערבת <b class=""highlightcolor"">בחיפה:</b> הרצי 59</div>"
293	dav19420111-01.1.3	11 January 1942	dav	Page 3	"<div class=""txtsearchsnippet"">... אבלנו _הטהנכת ותלמידי כיתה ה‭*'‬ על ביה""ס וליאלי העברי <b class=""highlightcolor"">בחיפה</b> למשפחת קפלן ?ידיתו י. _פקויוסקי _אתגם אנו _באבלבם על ...</div>"
294	haretz19460408-01.1.4	8 April 1946	haretz	Page 4	"<div class=""txtsearchsnippet"">... לקנות פר כזה להודיע מיד לתחנת המשטרה הקרובה ביותר. <b class=""highlightcolor"">ביה""ח</b> שערי צדק בירושלים. ה 1 ד ע ה מי ...</div>"
295	hmf19450320-01.1.4	20 March 1945	hmf	Page 4	"<div class=""txtsearchsnippet"">... זיו ־ ' לטי ובן אחיו — לנתן זיולטי <b class=""highlightcolor"">בחיפה;</b> אברהם: יצחק לב ‭—, ‬ לראובן ולאה לב ת""א&gt; ...</div>"
296	hmf19480109-01.1.8	9 January 1948	hmf	Page 8	"<div class=""txtsearchsnippet"">פועלי־ הצבא היהודיים <b class=""highlightcolor"">בחיפה</b> ובסביבה חוזרים היום לעבודתם. החלטה זו נתקבלה לאחר שמפקדת ...</div>"
297	hmf19480504-01.1.4	4 May 1948	hmf	Page 4	"<div class=""txtsearchsnippet"">הצבא תפס עמדות חדשות <b class=""highlightcolor"">בחיפה</b></div>"
298	hmf19480708-01.1.4	8 July 1948	hmf	Page 4	"<div class=""txtsearchsnippet"">... ‭?«???'‬ יפו‭:;. ‬ י הגוויה הועברה לחדר המתים של <b class=""highlightcolor"">ביה""ח</b> ""‭. ""הדסה ‬</div>"
299	hbkr19421027-01.1.4	27 October 1942	hbkr	Page 4	"<div class=""txtsearchsnippet"">... ביערות הלאים. עם כל נפש חדשה יתוסף עץ בארצנו. <b class=""highlightcolor"">ביה""ח</b> בילינסון •וביחיח המרכזי בעפולה חם הראשונים שחב־ טיח' את ...</div>"
300	haretz19340517-01.1.6	17 May 1934	haretz	Page 6	"<div class=""txtsearchsnippet"">למכירה <b class=""highlightcolor"">בחיפה</b> בית נחשת משוחרר ממכס . י דירות כ""א של ...</div>"
301	hador19481229-01.1.4	29 December 1948	hador	Page 4	"<div class=""txtsearchsnippet"">ביום ויייערך <b class=""highlightcolor"">בחיפה</b> יוםיעיון של אחיות ברפואה מונעת. מוקדש לזכרה של אחות ...</div>"
302	hbkr19381106-01.1.6	6 November 1938	hbkr	Page 6	"<div class=""txtsearchsnippet"">ן -- ?"" "" , התכניון העבד <b class=""highlightcolor"">בחיפה</b> \ מ ר ד י ע כ י י ...</div>"
303	hazmantlv19440125-01.1.4	25 January 1944	hazmantlv	Page 4	"<div class=""txtsearchsnippet"">היום פתיחת <b class=""highlightcolor"">ביה׳ח</b> ""הירקון""</div>"
304	haretz19480701-01.1.2	1 July 1948	haretz	Page 2	"<div class=""txtsearchsnippet"">... כי הרי היו גם או־ ;. ;מונה. ל למאודע־אתמול <b class=""highlightcolor"">בחיפה</b> יש — י ל-וחםמלי — גם ערד מעש י ...</div>"
305	hegeh19451224-01.1.2	24 December 1945	hegeh	Page 2	"<div class=""txtsearchsnippet"">תפעל <b class=""highlightcolor"">בחיפה</b> לצךכי שכונם על חילים משחררים. הודעה זו נתנה למשלחת ...</div>"
306	hegeh19460303-01.1.4	3 March 1946	hegeh	Page 4	"<div class=""txtsearchsnippet"">... תושבת רמת״גן׳ נקתה ?אבד עצמה לדעת, במצב קשה הזברה <b class=""highlightcolor"">?ביה״ח</b> □?ולן. - סגן־קינסול של ארצות □ברית נתמנה בירושלים.</div>"
307	hagalgal19460214-01.1.3	14 February 1946	hagalgal	Page 3	"<div class=""txtsearchsnippet"">... אחרות. כמו״כ דרושה הכשרתם היעילה יותר של הפועלים. ועל <b class=""highlightcolor"">ביה״ח</b> לאמן את הפועלים המומחים במידה רבה יותר, מכפי שנוהגים ...</div>"
308	dav19330210-01.1.6	10 February 1933	dav	Page 6	"<div class=""txtsearchsnippet"">... "" ‭. 1‬ הדר הכרמיד־' בירת ריינין' על יד <b class=""highlightcolor"">ביה""ח</b> _*הדסו ו_11ח‭?&lt;‬ווווווווו1_ווווווי וו _יוווווווווןוווווווו ו_^וווווווווווווו_*</div>"
309	dhy19350927-01.1.54	27 September 1935	dhy	Page 54	"<div class=""txtsearchsnippet"">... י . פ ש ירושלים, רח' הנביאים . מול <b class=""highlightcolor"">ביה""ח</b> הרסה, טל‭. . . 114. ‬ י מברכים את ...</div>"
310	hed19441001-01.1.23	1 October 1944	hed	Page 23	"<div class=""txtsearchsnippet"">... בארץ הקדיש למלחמה במלאריה, ועמד בראש המוסד למלחמה בה <b class=""highlightcolor"">בחיפה•</b> ב־1926 נתמנה לפרופסור באוניברסיטה העברית ולמנהל המחלקה להיגיינה. לפני ...</div>"
311	hzh19380925-01.1.16	25 September 1938	hzh	Page 16	"<div class=""txtsearchsnippet"">... העט ‭, 19?‬תיבת דואר 99 טלפון ‭I 4397‬ המשרד <b class=""highlightcolor"">בחיפה:</b> בגין כרמל'מזרחי "" מרכז מסחרי החדש, ן תיבת דואר ...</div>"
312	hbkr19351201-01.1.6	1 December 1935	hbkr	Page 6	"<div class=""txtsearchsnippet"">... הארצית למלחמח בשתפת החליטה לפתוח בית חולים לחולי שחפת. <b class=""highlightcolor"">ביה""ח</b> יוקם על אדמת חקחק""ל בסביבות קרית־עגבים. האגודה התקשרה עם ...</div>"
313	hmf19471026-01.1.4	26 October 1947	hmf	Page 4	"<div class=""txtsearchsnippet"">... נפצעו בהתנגשות שתיו מכ נ י ו ת צבאיות <b class=""highlightcolor"">בחיפה</b></div>"
314	hazmantlv19440914-01.1.2	14 September 1944	hazmantlv	Page 2	"<div class=""txtsearchsnippet"">... לאחר שנידונו ביום 27.8.43 למיתה בתליה ע״י ביה״ד המחוזי <b class=""highlightcolor"">בחיפה</b> בעוון רצח הדרוזי יוסוף צלאח מכפר אוסיפיה שבמורדות הכרמל ...</div>"
315	itonamami19480205-01.1.2	5 February 1948	itonamami	Page 2	"<div class=""txtsearchsnippet"">... החדש של הלגיון הערבי, החונה במחנהו ליד נוה שאנן <b class=""highlightcolor"">בחיפה,</b> חשף פעם גוספת את הסכגות המרובות, הצפויות לאנשים הפים ...</div>"
316	haretz19460811-01.1.3	11 August 1946	haretz	Page 3	"<div class=""txtsearchsnippet"">... ב־‭8. 30‬ בת""א ום ו' ‭16. 8‬ באולם ""אמפיתיאטרון"" <b class=""highlightcolor"">בחיפה</b> ""ערפ פל הפרי לי-לה-לו"" נ־וצ""ש ‭2 , 17. 8‬ ...</div>"
317	haretz19420809-01.1.4	9 August 1942	haretz	Page 4	"<div class=""txtsearchsnippet"">... בעואם!! ערובה, ד""ר בריר, ת""א, רח' מזא""ה ‭12 ‬ <b class=""highlightcolor"">בחיפה</b> המומחה יהיה בעצמו ב־2 בספטמבר בבית מרקחתנורדוי"" "" רח' ...</div>"
318	hbkr19430405-01.1.3	5 April 1943	hbkr	Page 3	"<div class=""txtsearchsnippet"">... ——. ^—- 'וש תפילה :לל י מפעפ היבנות ויאשית <b class=""highlightcolor"">בחיפה</b> העיד הייב• 'ים ב ־ בשעד. ‭5. 30‬ אח־־ע ...</div>"
319	dhy19350512-01.1.5	12 May 1935	dhy	Page 5	"<div class=""txtsearchsnippet"">... ?6 _, ‬ ן ‭?'??*!'!'‬ י ‭:1—""—*11 . ?‬ <b class=""highlightcolor"">בחיפה:</b> בהדר חכרמל, בית מרקחת ""הרצל"" בימים ‭13, 12‬ למאי ...</div>"
320	haretz19440712-01.1.4	12 July 1944	haretz	Page 4	"<div class=""txtsearchsnippet"">... בימים ‭18‬ ו־‭19‬ ליולי בשעות ‭5. 301 -3‬ אחה""צ. <b class=""highlightcolor"">בחיפה</b> במלון וינדזור—ביום 3 לאוגוסט בש' ‭12—10‬ לפנה""צ.</div>"
321	khm19480111-01.1.4	11 January 1948	khm	Page 4	"<div class=""txtsearchsnippet"">4 ?הודים נודו ונהרגו <b class=""highlightcolor"">בחיפה</b></div>"
322	haretz19361005-01.1.8	5 October 1936	haretz	Page 8	"<div class=""txtsearchsnippet"">... שמו אליה ברזילי והוא מחיפה. היה ן! בתחנת הרגבת <b class=""highlightcolor"">בחיפה,</b> ■נכנס לקרון אחד ויצא לדרך. בא לתל־אביב לדודתו. פנו ...</div>"
323	ahr19470406-01.1.4	6 April 1947	ahr	Page 4	"<div class=""txtsearchsnippet"">... לתימץ תוכנית המוסד. מקווים, שעוד הקייץ יוכלו להתחיל בבניית <b class=""highlightcolor"">ביה""ח.</b></div>"
324	haretz19390531-01.1.4	31 May 1939	haretz	Page 4	"<div class=""txtsearchsnippet"">... תחת פיקוח רופאי בית ההוצים. בפני חוצים הרשים נפתה <b class=""highlightcolor"">ביה""ח</b> עם קבצת היוצרת הראשונה אשר חניעח אא ביח""ח באוטובוס ...</div>"
325	hbkr19380118-01.1.1	18 January 1938	hbkr	Page 1	"<div class=""txtsearchsnippet"">... צפת ראש פנה יריות על אוטובוס הר . הכרמל <b class=""highlightcolor"">בחיפה</b></div>"
326	hmf19451225-01.1.4	25 December 1945	hmf	Page 4	"<div class=""txtsearchsnippet"">... של 24 מעפילים מהלבנון, ששוחררו בערבות ע""י שופט השלום <b class=""highlightcolor"">בחיפה.</b> כל כוונת ההתמד שית היתה - שאותו שלישי ישמע. ...</div>"
327	dav19390509-01.1.7	9 May 1939	dav	Page 7	"<div class=""txtsearchsnippet"">... יום ‭. 16. 39‬ פרטים אפשר לקבל אצל מנחל <b class=""highlightcolor"">ביה""ח</b> ננל-יום משעה 10 עד 12 לפנה""צ.</div>"
328	haretz19300928-01.1.4	28 September 1930	haretz	Page 4	"<div class=""txtsearchsnippet"">... : I המכירה הראשית בירושלים : I המכירה הראשית <b class=""highlightcolor"">בחיפה</b> : 2 ע דפו לתעשיות ארץ ישראל, דרך יפותל־אביב ...</div>"
329	haretz19360126-01.1.5	26 January 1936	haretz	Page 5	"<div class=""txtsearchsnippet"">... חחלק חיחודי ש? התושבים. נהדסה"" "" הד""ר וואליך, מנהל <b class=""highlightcolor"">ביה""ח</b> וואליר בירושלים, כקד בביה""ת ל חול-ריאיה</div>"
330	haretz19341021-01.1.5	21 October 1934	haretz	Page 5	"<div class=""txtsearchsnippet"">... התום: א. חטאר, מזכיר ראשי. | !בית המשפט 'המחוזי <b class=""highlightcolor"">בחיפה</b></div>"
331	hbkr19390822-01.1.5	22 August 1939	hbkr	Page 5	"<div class=""txtsearchsnippet"">... להשיג אצל האחים אליהו. ‭15‬ רחוב חרצל, תל־אביב ובן <b class=""highlightcolor"">בחיפה</b> ובפתח־תקוה.</div>"
332	hbkr19400403-01.1.5	3 April 1940	hbkr	Page 5	"<div class=""txtsearchsnippet"">... 15. 4. 40 ‬ פרטים אסשר לקבל אצל מנהל <b class=""highlightcolor"">ביה""ח</b> בכל יום מלבד שבת בשעות , ‭10‬ עד ‭12‬ ...</div>"
333	hbkr19410829-01.1.7	29 August 1941	hbkr	Page 7	"<div class=""txtsearchsnippet"">... ?*?‭????4X11141 מ1""3‬ תכנית הלמדים מתאמת לתכנית ביודס הריאלי העברי <b class=""highlightcolor"">בחיפה,</b> ^‭|]/1ג | £1#1 = I 3 1‬ אש־ א־. ...</div>"
334	hbkr19381226-01.1.1	26 December 1938	hbkr	Page 1	"<div class=""txtsearchsnippet"">... אופנוע וטקש' אמש אחרי שעה א התנגש ביחינ נודדוי <b class=""highlightcolor"">בחיפה</b> טכסי עם אופנוע. שעליו דננו יצחק דניאלי. כבן ‭. ...</div>"
335	hmf19460222-01.1.8	22 February 1946	hmf	Page 8	"<div class=""txtsearchsnippet"">... כינורות!מוצארט: םימפוניה סול־מי־ נור, מנרלסון: קונצרט לכינור. תיאטרון חדש <b class=""highlightcolor"">בחיפה</b> במוצאי שבת 2 הצגות ב־‭6. 30‬ וב־9 ב""מכבי"" חיפה ...</div>"
336	hmf19460714-01.1.4	14 July 1946	hmf	Page 4	"<div class=""txtsearchsnippet"">... בשנה אחת בסוף הישיבה נמסר כי בשנת ‭1945/46‬ אירעו <b class=""highlightcolor"">בחיפה</b> 738 תאונות־דרכים ‭67)‬ מקרי מות ו־1ד6 פצועים‭. (‬בדו""ח נאמר, ...</div>"
337	hmf19400105-01.1.8	5 January 1940	hmf	Page 8	"<div class=""txtsearchsnippet"">... העירית ה' ד. צ•. פנקס. נידונו, יהד עם בעלי <b class=""highlightcolor"">ביה""ח</b> למצות, עניני מס המצות, שיוק-</div>"
338	hazmantlv19431031-01.1.3	31 October 1943	hazmantlv	Page 3	"<div class=""txtsearchsnippet"">... רשיון בסביטת חדרה, הועמד לדין בפני השופט חליל שחאדה <b class=""highlightcolor"">בחיפה•</b> משפטי הועבר לבית הדיו הצבאי. מעשה כשליח טטיפן כורי, ...</div>"
339	hashaah19410612-01.1.1	12 June 1941	hashaah	Page 1	"<div class=""txtsearchsnippet"">""מ^נ51^פגעה"" בבית אינוואלידים בת״א-נהרגר 12, ונפצעו 25 <b class=""highlightcolor"">-בחיפה</b> נפגעו שנים</div>"
340	haretz19330822-01.1.4	22 August 1933	haretz	Page 4	"<div class=""txtsearchsnippet"">... ""גון לבורר"" — 80 נוסעים. יותר מחצי הנוסעים עלו <b class=""highlightcolor"">בחיפה.</b> לקוי החמה הלקוי עבר אתמול בחלקו הראשון בתנאים רעים. ...</div>"
341	haretz19370928-01.1.1	28 September 1937	haretz	Page 1	"<div class=""txtsearchsnippet"">... יפו, בית אמינוב. ת. ד. 273. טלפון: 463. הסניף <b class=""highlightcolor"">בחיפה:</b> מרכז מסחרי חדש, בית פלאפריק, ת. ד. 398. טלפון: ...</div>"
342	dav19360720-01.1.5	20 July 1936	dav	Page 5	"<div class=""txtsearchsnippet"">... ן ! ‭_^ 4‬ י ו 4 חבר עובדי <b class=""highlightcolor"">ביה‭_''‬ח</b> העירוני _&lt; _^_נ |</div>"
343	dhy19350819-01.1.7	19 August 1935	dhy	Page 7	"<div class=""txtsearchsnippet"">... עטא. בעוד זמן מה יפתחו בתי ספד כאלה גט <b class=""highlightcolor"">בחיפה,</b> הרצליה, ראשון. לציון, רחובות, וערד. כמו. כן סידרה דשת, ...</div>"
344	haretz19451128-01.1.4	28 November 1945	haretz	Page 4	"<div class=""txtsearchsnippet"">... במשרד בנק אנגלו־פלשתינה בע""מ בין השעות ‭12—9. 30‬ לפנה""צ. <b class=""highlightcolor"">בחיפה</b> — ביום ה' 6 בדצמבר ש""ז !משרדנו רחוב הרצל ...</div>"
345	hbkr19390907-01.1.5	7 September 1939	hbkr	Page 5	"<div class=""txtsearchsnippet"">בלךוב - ועידת כירורניט תון־ שקט מחלט בב־ה""ח נקט <b class=""highlightcolor"">ביה""ח</b> . הדסה' על הר הצוממ בכל אמצעי הזהירות נדי ...</div>"
346	hmf19440225-01.1.6	25 February 1944	hmf	Page 6	"<div class=""txtsearchsnippet"">... הנסיעה ' עד 7ד27 בפברואר שגה זו. אספת עם <b class=""highlightcolor"">בחיפה</b> מחד (שבת) בשעה 11 לפני הצהרים חעדד מטעם הצ""ח ...</div>"
347	hmf19460203-01.1.4	3 February 1946	hmf	Page 4	"<div class=""txtsearchsnippet"">... להתברר ביום ג' זה, בחקירה מוקדמת בפני שופט חוקר <b class=""highlightcolor"">בחיפה.</b> זהו בניגוד לניהג שמשפטים כ_^לה מתבררים בפני בית די ...</div>"
348	hmf19460623-01.1.4	23 June 1946	hmf	Page 4	"<div class=""txtsearchsnippet"">... בקבוצה בת 15 איש שניצלה. כל עולי ריקי הנמצאים <b class=""highlightcolor"">בחיפה</b> מתבקשים להשתתף בהלויה שתיערך הבוקר ב־‭8. 30‬ ממשרד החברה ...</div>"
349	hmf19460626-01.1.4	26 June 1946	hmf	Page 4	"<div class=""txtsearchsnippet"">... 20‬מת""א, מפצועות ההתקפה על בתי המלאכה של מסילות הברזל <b class=""highlightcolor"">בחיפה,</b> עזבה אתמול את <b class=""highlightcolor"">ביה""ח</b> הממשלתי והועברה לבית הסוהר הארעי</div>"
350	hmf19450530-01.1.4	30 May 1945	hmf	Page 4	"<div class=""txtsearchsnippet"">שומיים _חפםי מב בבית קפה <b class=""highlightcolor"">בחיפה</b></div>"
351	itonamami19471209-01.1.1	9 December 1947	itonamami	Page 1	"<div class=""txtsearchsnippet"">... ישעיהו קניג,א ליפר ומשה רובין מחיפה; בצלאל שווארצטוך מגפת. <b class=""highlightcolor"">בחיפה</b> התנהל ממש קרב בואדי רושמיה, מקום שם השתמשו הפורעים ...</div>"
352	ahr19471230-01.1.4	30 December 1947	ahr	Page 4	"<div class=""txtsearchsnippet"">... 4ג ערבים ונפצעו ‭. 30‬כן נהרגו 2 שוטרים בריטיים. <b class=""highlightcolor"">בחיפה</b> וכתל-אכיב שרר כדרך כלל שקט. בצפון הותקפה קבוצת ‭,, ...</div>"
353	hmf19460512-01.1.4	12 May 1946	hmf	Page 4	"<div class=""txtsearchsnippet"">... בהשתתפות מר אג־ רנוב, לפי הזמנת ‭החזית', ‬ הערבית"" <b class=""highlightcolor"">בחיפה,</b> נתבטלה.</div>"
354	hmf19460711-01.1.4	11 July 1946	hmf	Page 4	"<div class=""txtsearchsnippet"">... אמבולנס אל מד""א העביר את הגופה לחדר המתים של <b class=""highlightcolor"">ביה""ח</b> ""הדסה"" בת""א.</div>"
355	hazmantlv19440519-01.1.8	19 May 1944	hazmantlv	Page 8	"<div class=""txtsearchsnippet"">... האספקה מר פרניטש . פרטים על הסדרת חלוקת הבשר <b class=""highlightcolor"">בחיפה.</b> הוא אמר, שעד יום ג׳ נרשמו אצל הקצבים הערבים ...</div>"
356	hmf19480108-01.1.1	8 January 1948	hmf	Page 1	"<div class=""txtsearchsnippet"">... אחד הנמלטים שגופתו המנוקבת כדורים . נמצאה על הגדר. <b class=""highlightcolor"">_!ביה""ח</b> הממשלתי זוהה אמרי כן כנסים בן :חיים בן ‭. ...</div>"
357	haretz19340111-01.1.4	11 January 1934	haretz	Page 4	"<div class=""txtsearchsnippet"">... מגה^הפחלקה ־המoד*4***אlזר פג־י^ות אחדות עב מ5 רוקח, •ו״־ בפנה^שנ <b class=""highlightcolor"">ביה״ח</b> העירוני, נגמרו מסדודים האחרונים ,לריאורנניזציה של המחלקה. ב;^ השלישי..התחיל ...</div>"
358	haretz19330719-01.1.4	19 July 1933	haretz	Page 4	"<div class=""txtsearchsnippet"">... ""הלדי בעבר"" עם מים פשטרטון בתפקיד הראשי בפעם הראשונה <b class=""highlightcolor"">בחיפה,</b> לטובת מחלקת ההכשרה של ה. נ. צ. וגני הילדים ...</div>"
359	dav19370616-01.1.5	16 June 1937	dav	Page 5	"<div class=""txtsearchsnippet"">. נית מש2ט השלום <b class=""highlightcolor"">בחיפה</b> תיק אזרחי מס‭37. ‬־‭. 4047‬ למר ל. סרתורםקי, מקורם ...</div>"
360	dav19351118-01.1.4	18 November 1935	dav	Page 4	"<div class=""txtsearchsnippet"">... ידוע. עליך להופיע בפני _יו""ר החברה הי אריה לוברטן <b class=""highlightcolor"">בחיפה</b> דחי יפו בטשו שבועיפ מהיום בדי לקבל את הסכום ...</div>"
361	dav19371111-01.1.4	11 November 1937	dav	Page 4	"<div class=""txtsearchsnippet"">חפר העובדים של <b class=""highlightcolor"">ביה""ח</b></div>"
362	dhy19350327-01.1.6	27 March 1935	dhy	Page 6	"<div class=""txtsearchsnippet"">... ‭-""‬ הוא ז ‭"" "". . ... §‬ הסוכנות <b class=""highlightcolor"">בחיפה:</b> ‭66‬ _הםוכניט _ בירושלים: ‭1 - ___‬ ן ‭? ...</div>"
363	haretz19371217-01.1.14	17 December 1937	haretz	Page 14	"<div class=""txtsearchsnippet"">... הרכוש רשום בגוש מם' 1 הלקה ‭317‬ בני בדק. <b class=""highlightcolor"">ביה""ח</b> חוא ביום ריק ואי! בו כל דירים. הרכוש נעיר ...</div>"
364	hmf19460308-01.1.8	8 March 1946	hmf	Page 8	"<div class=""txtsearchsnippet"">... ? : ד' אדר ב' תש""ו ‭(7. 3. 46)‬ <b class=""highlightcolor"">ביה""ח</b> ""אסותא"" ת''א. !</div>"
365	hmf19441031-01.1.4	31 October 1944	hmf	Page 4	"<div class=""txtsearchsnippet"">... גוטמן, שנהרג ב־ ב!קוס. הגוויה' הועברה לבית החולים הממשלתי <b class=""highlightcolor"">בחיפה.</b></div>"
366	hmf19450614-01.1.4	14 June 1945	hmf	Page 4	"<div class=""txtsearchsnippet"">כיצד יאוזן תקציבו של <b class=""highlightcolor"">ביה""ח</b> רוטשילד <b class=""highlightcolor"">בחיפה</b></div>"
367	hzh19450328-01.1.9	28 March 1945	hzh	Page 9	"<div class=""txtsearchsnippet"">... י תעודת הכשר- המפורסמות על- ' ־ , ידי <b class=""highlightcolor"">ביה""ח</b> ' •הג""ל היא •מזויפת‭:. ‬ ' הקהל יזהר‭?X .. ...</div>"
368	hazmantlv19440327-01.1.4	27 March 1944	hazmantlv	Page 4	"<div class=""txtsearchsnippet"">... וביד תקיפה""• הדם שנשפך ""הדם שנשפך זה עת•“ בתל־אביב, <b class=""highlightcolor"">בחיפה</b> ובירושלים — על ראש סי יפול ?״ — שואל ...</div>"
369	itonmeyuhad19340523-01.1.1	23 May 1934	itonmeyuhad	Page 1	"<div class=""txtsearchsnippet"">... המצרי את הפרופיסור מא־ רקום, מנהל המחלקה החירוגית של <b class=""highlightcolor"">ביה״ח</b> העירוני ""הדסה"" בתל־אביב, שהפליג מיד באוירון לקהיר. הפרופיסור מארקום ...</div>"
370	haretz19331217-01.1.3	17 December 1933	haretz	Page 3	"<div class=""txtsearchsnippet"">... או בסביבה הקרובה לפנות ת. ד. 233 עבור ""פקידה"". <b class=""highlightcolor"">ביה״ח</b> ־2כ.ור חולים הוהפיטל• מודיע בזה להקהל הנכבד שהמחלקה והמרפאה ...</div>"
371	hbkr19400208-01.1.5	8 February 1940	hbkr	Page 5	"<div class=""txtsearchsnippet"">... המחוז מר פולוק הצעת התקציב של ועד הקהלה העברית <b class=""highlightcolor"">בחיפה</b> לשנת ת""ש בשעור ‭40. 224‬ לא""י לפי הצעת ועד ...</div>"
372	hmf19471210-01.1.1	10 December 1947	hmf	Page 1	"<div class=""txtsearchsnippet"">6 יהודים נאסרו <b class=""highlightcolor"">בחיפה</b></div>"
373	hmf19460304-01.1.4	4 March 1946	hmf	Page 4	"<div class=""txtsearchsnippet"">... ידי אחד מן הקהל בשעת ההצגה בקולנוע ""עין דור"" <b class=""highlightcolor"">בחיפה</b> גרמה לבהלה גדולה. הקהל הרב שהיה באולם התפרץ לעבר ...</div>"
374	haretz19330809-01.1.3	9 August 1933	haretz	Page 3	"<div class=""txtsearchsnippet"">... המיטעות של מר פרלסון בנוגע להחלטת רועד המנהל של <b class=""highlightcolor"">ביה״ח</b> העירוני הדסה בת. אביב ־,, ,הטין את מספר המטות ...</div>"
375	dhy19331128-01.1.3	28 November 1933	dhy	Page 3	"<div class=""txtsearchsnippet"">מפעולות <b class=""highlightcolor"">ביה""ח</b> "" הדפה"" ‭? !‬ <b class=""highlightcolor"">בחיפה</b> דין. וחשבון של ביודהחוליס ...</div>"
376	hmf19471203-01.1.4	3 December 1947	hmf	Page 4	"<div class=""txtsearchsnippet"">רגימות, הצתות ויריות <b class=""highlightcolor"">בחיפה</b></div>"
377	hmf19480211-01.1.4	11 February 1948	hmf	Page 4	"<div class=""txtsearchsnippet"">יהודי הרוג ו־5 פצועים <b class=""highlightcolor"">בחיפה</b> עם חידוש ההתקפות הערביות</div>"
378	hmf19480227-01.1.8	27 February 1948	hmf	Page 8	"<div class=""txtsearchsnippet"">... מצא מוקש גדול בשביל המוביל: לכיה""ח ופרקו. התחבורה עם <b class=""highlightcolor"">ביה""ח</b> חודשה במשך היום. החעד הערבי העליון פרסם הודעה לעתונאי ...</div>"
379	hmf19461230-01.1.4	30 December 1946	hmf	Page 4	"<div class=""txtsearchsnippet"">בידיעה שנתקבלה בלשכת הסוכנות <b class=""highlightcolor"">בחיפה</b> נאמר כי האניה ""אושן ויגור"" עם 750 מעפילים יצאה ...</div>"
380	dav19361030-01.1.7	30 October 1936	dav	Page 7	"<div class=""txtsearchsnippet"">... יוהונ הרצל — פנת רה' _פלגה‭\... ‬ חטי&amp;רר והמחסנים <b class=""highlightcolor"">בחיפה</b> תפ בבית ת. ח. מ‭). ‬לי‭_-‬ נט) _בןן''_מ , ...</div>"
381	dhy19360528-01.1.7	28 May 1936	dhy	Page 7	"<div class=""txtsearchsnippet"">... נשארו ללא להם. כפי ששמענו ניתנה גם סיבה לסגירת <b class=""highlightcolor"">ביה‭''‬ח</b> והיא: ""המש ביר הכלכלי"" סירב לקנות מתוצדתבית החרושת _י'זה ...</div>"
382	haolam19450726-01.1.5	26 July 1945	haolam	Page 5	"<div class=""txtsearchsnippet"">... קצנלסון מהנהלת הוועה""ל, ג. לווין, יו""ר ועד הקהלה העברית <b class=""highlightcolor"">בחיפה,</b> ש. לוי, יו""ר הועד המנהל של <b class=""highlightcolor"">ביה""ח</b> ""רוטשילד"" <b class=""highlightcolor"">בחיפה,</b> ...</div>"
383	mar19480917-01.1.1	17 September 1948	mar	Page 1	"<div class=""txtsearchsnippet"">... . ‭*''‬ ר ג'יימם _מקדינלד בציג ארה""ב בישראל ימיה <b class=""highlightcolor"">ביהח</b> הערב בתפילת קבלת שכת בבית מכנסת ביל""י שדרית רוטשילד ...</div>"
384	mar19480309-01.1.8	9 March 1948	mar	Page 8	"<div class=""txtsearchsnippet"">... די ־התעשייתי , הערב ב־ ‭* . 8. 30‬ <b class=""highlightcolor"">בחיפה</b> יוצאים מגויסי ""אגודת ישראל"" לשדות. הערב תהיה במועדון, רה' ...</div>"
385	hazmantlv19420715-01.1.1	15 July 1942	hazmantlv	Page 1	"<div class=""txtsearchsnippet"">... בונה שנת־! גייסה. מקיים; כי בעוד כודש יימים .■יוציא <b class=""highlightcolor"">ביה״ח</b> את תוצרתו ■לשוק. מליאת הועד הלאומי תכונם בקרוב. על ...</div>"
386	kolisraeljlm19380818-01.1.4	18 August 1938	kolisraeljlm	Page 4	"<div class=""txtsearchsnippet"">... לא״י על בית שאן, חיטין ונמרין. - הקצבים הערכים <b class=""highlightcolor"">בחיפה</b> דרשו מהעיריה לפדר זמנים מיוחדים לשחיטה עבור יהודים וערבים, ...</div>"
387	kolisraeljlm19390504-01.1.1	4 May 1939	kolisraeljlm	Page 1	"<div class=""txtsearchsnippet"">... ליום ה׳ חחקייפה אסטח של חוגי אבדת ישראל כחצר <b class=""highlightcolor"">ביה״ח</b> ""ביר־ז יעקב"" ברוחסח. ליו״ר האספה נכתר חר״ר יצחק דוד ...</div>"
388	kolisraeljlm19300921-01.1.4	21 September 1930	kolisraeljlm	Page 4	"<div class=""txtsearchsnippet"">... שנתעוררדה בין הנוצרים והמושלימים לרגלי רציחת עורך עתון נוצרי <b class=""highlightcolor"">בחיפה</b> בקשר עם הסכסוך עידl בית הקברות, לא שכבה עוד. ...</div>"
389	hmf19480428-01.1.4	28 April 1948	hmf	Page 4	"<div class=""txtsearchsnippet"">נסגוה לפתע הקונסוליה הלבנונית <b class=""highlightcolor"">בחיפה</b></div>"
390	hbkr19460426-01.1.8	26 April 1946	hbkr	Page 8	"<div class=""txtsearchsnippet"">בית הספד הריאל' העברי <b class=""highlightcolor"">בחיפה</b> הרשמת תלמידים לשנת תש""ז למכינות בהדר־הכרמל (פרט למכינה א־) ...</div>"
391	dav19331130-01.1.3	30 November 1933	dav	Page 3	"<div class=""txtsearchsnippet"">למסיבת העסקנים של קרן הימור <b class=""highlightcolor"">בחיפה</b> ביום. גי שענד באו מספר עסקנים מהפעילים ביותר, ב""כ ...</div>"
392	hbkr19460814-01.1.4	14 August 1946	hbkr	Page 4	"<div class=""txtsearchsnippet""><b class=""highlightcolor"">בחיפה</b> דרוש סוכן זריז להמריס טכניים יכול להיות צעיר וביתעות ...</div>"
393	hegeh19470519-01.1.1	19 May 1947	hegeh	Page 1	"<div class=""txtsearchsnippet"">... זמלחי ה?, קבריטי שעלו על קספינה, ןlןץבעו (קטעה בביהיחו <b class=""highlightcolor"">בחיפה.</b> משה קורץ, חולה לב. ואשתו. יוסף דוידוביץ׳ חלה בהצ^נוח. ...</div>"
394	haretz19331203-01.1.4	3 December 1933	haretz	Page 4	"<div class=""txtsearchsnippet"">ענניי חיפה נעו בחיזעת עדתיות סופרו של ה״פלשתין"" <b class=""highlightcolor"">בחיפה</b> כותב: בליל ששי נתכנסה בבית האגודה המושלימית אםפה,שבה היו ...</div>"
395	dav19320520-01.1.5	20 May 1932	dav	Page 5	"<div class=""txtsearchsnippet"">... זמן, עמל וכפה‭16_^81. ‬_וווווווו₪וווווווו_8 ‭?""??_""""‬דרשו ""קסם"" בכל החנויות תוצרת <b class=""highlightcolor"">ביהח'־</b> ר ‭[ 027 , ‬ חיפה</div>"
396	dav19310414-01.1.4	14 April 1931	dav	Page 4	"<div class=""txtsearchsnippet"">: ד''ר ברוך ניםנבוים מנהל בית החולים _. הדסהי <b class=""highlightcolor"">בחיפה</b> יקבל חולים במחלות פנימיות החל מ־20 לאפריל ש- ז- ...</div>"
397	dav19420611-01.1.6	11 June 1942	dav	Page 6	"<div class=""txtsearchsnippet"">... ‭2261)0‬ לירות בעין־. _£ו_9_ית וגטין במשך חודש פברואר :עיבו <b class=""highlightcolor"">בחיפה</b> 106 חופות‭29, ‬ גטין. היגון־. עזרו?_טוציאליי_* וגריאות _מהתוספת של ...</div>"
398	dhy19340807-01.1.4	7 August 1934	dhy	Page 4	"<div class=""txtsearchsnippet"">... בקוד חולים הוספיטל, משעות 9־""־12 צפנה""צ. כל האחיות של <b class=""highlightcolor"">ביה""ח</b> ביקור חוצים מתבקשות להופיע לעבודה עד יום הרביעי שבוע ...</div>"
399	haolam19411023-01.1.5	23 October 1941	haolam	Page 5	"<div class=""txtsearchsnippet"">... נועדו ‭120, 000‬ מםכות־גאז. תל־אביב תקבל ‭. 150, 000‬ <b class=""highlightcolor"">בחיפה</b> הוכנו עי'י פקחי ה. ג. א. אלפי מסכות־גאז עוד ...</div>"
400	yarden19350517-01.1.6	17 May 1935	yarden	Page 6	"<div class=""txtsearchsnippet"">... אותם : ] ‭§|‬ דע של "" ־ י <b class=""highlightcolor"">ביהח</b> שני ד"" חדרים ה ר ""עלית"" ברמת־גן^ 8 מטבח ...</div>"
401	itonamami19480301-01.1.1	1 March 1948	itonamami	Page 1	"<div class=""txtsearchsnippet"">... הצנורות שיוצאים מקירקוק שי עיראק לים התיכון ומסתיימים האחד <b class=""highlightcolor"">בחיפה</b> והשני בטריפולי אינם אלא צ׳ גור אחד המסתעף עם ...</div>"
402	haretz19420126-01.1.3	26 January 1942	haretz	Page 3	"<div class=""txtsearchsnippet"">... — אלנבי ‭. 62‬ פלפון ‭I . 9992 ‬ <b class=""highlightcolor"">בחיפה</b> : בימ""ס , פנת חס*ר"", אזוב 'החלוץ, טל^ ‭I! ...</div>"
403	haretz19450924-01.1.4	24 September 1945	haretz	Page 4	"<div class=""txtsearchsnippet"">... תל־אביב: אלנבי ‭, 62 ‬ טלפון ‭. 3992‬ הסוכן <b class=""highlightcolor"">בחיפה:</b> ""פנת הספר"" בנין ""אורה"".</div>"
404	hmf19471113-01.1.4	13 November 1947	hmf	Page 4	"<div class=""txtsearchsnippet"">... י נט־בולשת בריטי נהרג‭2, ‬ סתינטים ושוטר נפצעו בהתנקשות <b class=""highlightcolor"">בחיפה</b></div>"
405	hrt19481109-01.1.4	9 November 1948	hrt	Page 4	"<div class=""txtsearchsnippet"">... היריות. אור ליום אתמול הקי' פו שוטרים צבאיים את <b class=""highlightcolor"">ביה""ח</b> ""הדםה""1 שאליו הובא דן ברגמן ושהמכונית חנתה עוד בככר ...</div>"
406	ahr19460319-01.1.4	19 March 1946	ahr	Page 4	"<div class=""txtsearchsnippet"">... ויש לדאוג ייהבאר פועלים למקום זה מועצה־הפיעלים עבודה עם <b class=""highlightcolor"">_ביהח</b> עומדת ''ר "" לחתום גלעם‭, ""‬ על שלי חו־ ...</div>"
407	dav19480917-01.1.6	17 September 1948	dav	Page 6	"<div class=""txtsearchsnippet"">... ־ גנליל &gt;ט3וו ‭17. 9. 1946‬ י‭_^""‬ אלול תוט''ח <b class=""highlightcolor"">בחיפה</b> אולינן "" מאי ‭1 _^ _^""~ — _^ #####_-_*_-###### ...</div>"
408	hmf19471010-01.1.8	10 October 1947	hmf	Page 8	"<div class=""txtsearchsnippet"">שוד ערבי נועז <b class=""highlightcolor"">בחיפה</b></div>"
409	hmf19480206-01.1.8	6 February 1948	hmf	Page 8	"<div class=""txtsearchsnippet"">הלגיון הערבי החוגר"" בנוה שאנן ובתחומי mrab 'עבריות •אתח־ת <b class=""highlightcolor"">בחיפה</b> ייצא 'בימים הקרובים — הבטיח מפקד הצבא לומיחוז הצפון ...</div>"
410	dhy19330407-01.1.4	7 April 1933	dhy	Page 4	"<div class=""txtsearchsnippet"">... I :_*:‬ י לפי תעודת ההכשר של משרד הרבנות <b class=""highlightcolor"">בחיפה</b> ‭_^ :]:‬ _^_ע ‭??? _^_6_^ _^_14_^‬ כל התוצרת של ...</div>"
411	dhy19340112-01.1.8	12 January 1934	dhy	Page 8	"<div class=""txtsearchsnippet"">... הוספיטל מודיע בזה להקהל הנכבד שהמהלק ה והמרפאה של <b class=""highlightcolor"">ביה""ח</b> נפתחו ש וב תחת הנה ל ת' הכירורג והאורולוג• ...</div>"
412	haolam19390615-01.1.10	15 June 1939	haolam	Page 10	"<div class=""txtsearchsnippet"">... שעליה הוכרז ביום־הסקודה, הביעה ועדת המצב שליד ועד הקהלה <b class=""highlightcolor"">בחיפה.</b> המורכבת מכל המוסדות הישוביים ומב""כ המפלגות השונות שבעיר. בההלטה ...</div>"
413	haretz19350118-01.1.5	18 January 1935	haretz	Page 5	"<div class=""txtsearchsnippet"">... השריפה הגדולה 1 ביותר בתולדות תל-אביב. הרכוש הבשרף של <b class=""highlightcolor"">ביה""ח</b> האכגז, חברת ריאו, השרון המאוחד, החברה למביעים ומכוביות משא ...</div>"
414	mar19480309-01.1.5	9 March 1948	mar	Page 5	"<div class=""txtsearchsnippet"">... ערבי רצח אשתו נוטר ערבי , משומרי ביה""ד המחוזי <b class=""highlightcolor"">בחיפה</b> ירה הבוקר באשתו והרגה. . *ואלה שנים ערקו שגי ...</div>"
415	mar19480708-01.1.1	8 July 1948	mar	Page 1	"<div class=""txtsearchsnippet"">... כל המאמצים מצר הקונסול האמריקני וגם מצד נציגים יהודיים <b class=""highlightcolor"">בחיפה</b> לשהרורו וכפי שסבורים ישוחרר מר אט־ קם במשך היום.</div>"
416	yarden19371022-01.1.11	22 October 1937	yarden	Page 11	"<div class=""txtsearchsnippet"">... עקית . הבית ובה תלויים הסיכויים לפתוח התוצרת חנ""ל. <b class=""highlightcolor"">בחיפה</b> וירושלים כבשה התוצרת כמעט %‭90‬ של השוק, ברם בת""א ...</div>"
417	yarden19371112-01.1.11	12 November 1937	yarden	Page 11	"<div class=""txtsearchsnippet"">... ע""י חאחים מירזיקנדורף ושות' כיום ביה""ה השני בכל חארץ. <b class=""highlightcolor"">ביה""ח</b> נבנה לפי דרישות הטכניקה החדישה. צמר פלדה המשמש בעיקר ...</div>"
418	itonmeyuhad19340125-01.1.1	25 January 1934	itonmeyuhad	Page 1	"<div class=""txtsearchsnippet"">התאבדות טראגית <b class=""highlightcolor"">בחיפה</b> עולה מגרמניה מנתקת את פתיל חייה בתליה (עוד קרבו ...</div>"
419	misharhamakolet19480312-01.1.10	12 March 1948	misharhamakolet	Page 10	"<div class=""txtsearchsnippet"">... לציבוע, כגון ליטופון. את התפוקה השנתית של בתי הזיקוק <b class=""highlightcolor"">בחיפה</b> מעריכים בארבע מיליון טונות. כמות זו מתחלקת לפי</div>"
420	dav19390126-01.1.5	26 January 1939	dav	Page 5	"<div class=""txtsearchsnippet"">... אנו בצערך במות עליך אמך הנחמי * _חיפיז פדסונל <b class=""highlightcolor"">ביה""ח</b> ""הדסה ‭^^^^^^^^^*_I ^^^^^^^^^^^^^^‬_י ‭^^^^^^^^^**^^^^^_8_^_II‬_ו‭*^^‬_ו‭?^^_II‬_ו_8_ה_?_ו_I_וז_^_ווו וו ‭^^^1_^8^^_1111111 ‬</div>"
421	dav19450904-01.1.3	4 September 1945	dav	Page 3	"<div class=""txtsearchsnippet"">מטעם ארגון אמהות עונדות <b class=""highlightcolor"">בחיפה</b> _הולוג ברוב פאר‭45. ‬ ילדים, - _י _יבני הורים ...</div>"
422	hbkr19400408-01.1.5	8 April 1940	hbkr	Page 5	"<div class=""txtsearchsnippet"">... הניש (ה י עליה ‭, 33‬ עד חצות). - <b class=""highlightcolor"">בחיפה</b> פתוחים הלילה בתי המרקחת: ""הבריאות"" ו""ארמוך. י ? • ...</div>"
423	hbkr19451104-01.1.4	4 November 1945	hbkr	Page 4	"<div class=""txtsearchsnippet"">ניתוק <b class=""highlightcolor"">ביה''ח</b> על הד הצופים העוצר. שהוטל על צרכי הארץ. פגע ...</div>"
424	hbkr19410926-01.1.6	26 September 1941	hbkr	Page 6	"<div class=""txtsearchsnippet"">התכנ""ון העברי <b class=""highlightcolor"">בחיפה</b> מכין לא־נג'נרים בחינות המעבר. מועד ‭'3 ‬ יתחילו ביום ...</div>"
425	hazmantlv19440116-01.1.4	16 January 1944	hazmantlv	Page 4	"<div class=""txtsearchsnippet"">... חים רבים נפתח בליל שבת באולם .בי־ ! תנו* <b class=""highlightcolor"">בחיפה</b> הכעיס הארצי של נשי , החיילים. בין האורחים נראו ...</div>"
426	hador19481223-01.1.1	23 December 1948	hador	Page 1	"<div class=""txtsearchsnippet"">... הודיע לממשלה על השיחה שהיתה לו אתך אתמול בערב <b class=""highlightcolor"">בחיפה.</b> נצטוױתי, איפוא, בשם הממשלה להעביר לך את התשר בה ...</div>"
427	hashaah19400214-01.1.2	14 February 1940	hashaah	Page 2	"<div class=""txtsearchsnippet"">(להתחרות המהנדסים על תכנית בית־החולים של הקהלה העברית <b class=""highlightcolor"">בחיפה)</b></div>"
428	ahr19471005-01.1.8	5 October 1947	ahr	Page 8	"<div class=""txtsearchsnippet"">מאת דכ שלכל, כתבנו <b class=""highlightcolor"">בחיפה</b> חיפה, שכת. - כעוד ב‭700-‬ ממעפילי "" גאולה‭. ""‬מחכים ...</div>"
429	haretz19470331-01.1.4	31 March 1947	haretz	Page 4	"<div class=""txtsearchsnippet"">... ב־ח""ד לסמירס !חומצת פחמן . חברת תעשית , ממתקים"" <b class=""highlightcolor"">ביהח</b> . ר ;'גדא שכ, פאקא"" בת־ים. ' מוגםיפיורי קלית ...</div>"
430	hmf19480307-01.1.4	7 March 1948	hmf	Page 4	"<div class=""txtsearchsnippet"">יהודי הרוג <b class=""highlightcolor"">בחיפה</b></div>"
431	dhy19320229-01.1.4	29 February 1932	dhy	Page 4	"<div class=""txtsearchsnippet"">חנוכת בית ־החלוצות <b class=""highlightcolor"">בחיפה</b></div>"
432	haretz19390201-01.1.7	1 February 1939	haretz	Page 7	"<div class=""txtsearchsnippet"">... (שרות הנקמן) — למפקח הסניטרי העירוני; לגבי סעיף 2 <b class=""highlightcolor"">(ביה""ח</b> העירוני) — למשרד בית חחולים; לגבי סעיף ‭— 3‬ ...</div>"
433	haretz19370812-01.1.6	12 August 1937	haretz	Page 6	"<div class=""txtsearchsnippet"">... 3*1 13? 3‬ בית ירד• ' ^נ‭^^8 |1 ‬ <b class=""highlightcolor"">בחיפה</b> הדד הכדמל. דח כיאל־ 'יק ‭19‬ת החלו'ו ו י</div>"
434	hmf19460419-01.1.6	19 April 1946	hmf	Page 6	"<div class=""txtsearchsnippet"">... השוב־ תים. המו""מ עם עובדי הרכבת אתמול בבוקר נתקיימה <b class=""highlightcolor"">בחיפה</b> בנשיאותו של מד יוז, מנהל מחלקת העבודה של הממשלה, ...</div>"
435	hmf19460201-01.1.8	1 February 1946	hmf	Page 8	"<div class=""txtsearchsnippet"">... חיל התעופה י במחנה ""סטלה מריס"" על הכרמל הצרפתי <b class=""highlightcolor"">בחיפה.</b> נשרף צריף עם בנזין _וחמרים שונים אחרים. בכיבוי הדליקה ...</div>"
436	hmf19471228-01.1.1	28 December 1947	hmf	Page 1	"<div class=""txtsearchsnippet"">21 יהודים נפלו בכביש ירושלים, <b class=""highlightcolor"">בחיפה,</b> בנגב ובגבול תל אביב</div>"
437	hbkr19461201-01.1.3	1 December 1946	hbkr	Page 3	"<div class=""txtsearchsnippet"">תיאטרון קאמרי <b class=""highlightcolor"">בחיפה</b> כיום ג', ‭, 3. 12‬ צ הצגות דודתו של ...</div>"
438	hbkr19380417-01.1.1	17 April 1938	hbkr	Page 1	"<div class=""txtsearchsnippet"">... רעית־ ואמנו צימרמן מותחנהבתו־חנזד שנפטרה גליל י־ד ניסן תרצ־ח <b class=""highlightcolor"">בחיפה</b> 'ה־באד. לקבורות בייישל-ם. המתאבלים: נעלה. בניה. בנותיה. . כלותיה. ...</div>"
439	hmf19441017-01.1.4	17 October 1944	hmf	Page 4	"<div class=""txtsearchsnippet"">200 חיילים שחזרו מהשבי באיטליה - <b class=""highlightcolor"">בחיפה</b></div>"
440	hzh19461206-01.1.8	6 December 1946	hzh	Page 8	"<div class=""txtsearchsnippet"">... בינינו. והפירמה האנגלית המספקת את הציוד לבית החרושת החדש <b class=""highlightcolor"">בחיפה.</b> מתחילים משלוחי חלקי הציוד מחודש. דצמבר 1946•‭. ;‬ ג‭.. ...</div>"
441	itonamami19471002-01.1.2	2 October 1947	itonamami	Page 2	"<div class=""txtsearchsnippet"">בירור דינו של בצלאל גורדון נמשך אתמול בביה״ד הצבאי <b class=""highlightcolor"">בחיפה.</b> גשמעו שדי הקטעורלה. העיד שוב הקצין .הבריטי פלצ ר ...</div>"
442	ahr19471012-01.1.3	12 October 1947	ahr	Page 3	"<div class=""txtsearchsnippet"">... הביתה. נכוותח אור ליום ו' הובאה מאיוואי לביה''ח רוטשילד <b class=""highlightcolor"">בחיפה</b> שמחה ל ו־ שנכוותה מצבה אינו קשה. וועד חדש ...</div>"
443	hmf19471204-01.1.4	4 December 1947	hmf	Page 4	"<div class=""txtsearchsnippet"">... ארעי לפליטים כחיפה חלק מהדיירים היהודיים בשכונות ה־ ערביות <b class=""highlightcolor"">בחיפה</b> סודרו כבר בדירות ארעיות ואותן המשפחות שטרם נמצאו בשבילן ...</div>"
444	hmf19480224-01.1.4	24 February 1948	hmf	Page 4	"<div class=""txtsearchsnippet"">הנהגים היהודיים <b class=""highlightcolor"">בחיפה</b> . נתבעים להיעצר ליד המחסומים י מטעם שמתי הבטחון ...</div>"
445	hbkr19470630-01.1.1	30 June 1947	hbkr	Page 1	"<div class=""txtsearchsnippet"">... הקצין קאסאן, שמת אתמול לפנית בוקר בבית החולים הצבאי <b class=""highlightcolor"">בחיפה</b> הוא קפטן מהדיביזיה האנטי־טנקית• בבית־חולים זה נותח אתמול המיג'ור ...</div>"
446	hzh19400515-01.1.3	15 May 1940	hzh	Page 3	"<div class=""txtsearchsnippet"">... המרים . גלמיים‭. ;... ‬ מחלקת העבודות הציבוריות הממשלתית <b class=""highlightcolor"">בחיפה</b> הוציאה לפועל עבודות בסך 150 לא""י בערך שליש מזה-על ...</div>"
447	dhy19350911-01.1.5	11 September 1935	dhy	Page 5	"<div class=""txtsearchsnippet""><b class=""highlightcolor"">בחיפה,</b> תל־אביב רפו (רשמית‭. ( ‬</div>"
448	dhy19360205-01.1.4	5 February 1936	dhy	Page 4	"<div class=""txtsearchsnippet"">... 35 מטות. ואולם בטוחים אנו, כי כאשר נקים את <b class=""highlightcolor"">ביה""ח</b> שלנו ליד _קרית־עגביט, לא תוכל הממשלה להתעלם מחובתה וגס ...</div>"
449	hbkr19380401-01.1.1	1 April 1938	hbkr	Page 1	"<div class=""txtsearchsnippet"">... !!קדוש היבאה בשעה 6 בעוב לבית החודים .. הושה"" <b class=""highlightcolor"">בחיפה.</b> !!!*!ע 7י נ0נש‭""18‬ז נש*ד במחנה, ו־, י גח:ע ע""' ...</div>"
450	hmf19450122-01.1.2	22 January 1945	hmf	Page 2	"<div class=""txtsearchsnippet"">... האמבטיה שבדירתו בלי רוח חיים. גופתו נלקחה לביה""ח ‭;?‬ממשלתי <b class=""highlightcolor"">בחיפה,</b> במקום שנקבע כי ל, מוחת נגרם משבץ לב. המנוח ...</div>"
451	haretz19440807-01.1.2	7 August 1944	haretz	Page 2	"<div class=""txtsearchsnippet"">... שוכרט בראשון לציון יום ה' ‭17. 8‬ צלילי שובדט <b class=""highlightcolor"">בחיפה</b> ן יום ב' ‭21. 8‬ צלילי שוברט ברטת־גן י</div>"
452	hzh19470630-01.1.3	30 June 1947	hzh	Page 3	"<div class=""txtsearchsnippet"">... אך וירק תל־אביב, רח' בצלאל 3 ד₪ו ד ‭--‬ <b class=""highlightcolor"">בחיפה</b> ‭2 :‬ ביולי בבית מרקחת רחוב נורדוי 28 •בירושלים: ...</div>"
453	hazmantlv19431108-01.1.2	8 November 1943	hazmantlv	Page 2	"<div class=""txtsearchsnippet"">... ""הכה נתחכמה"" כדפי הגנכים י לרגל רבוי הגניבות שפשו <b class=""highlightcolor"">בחיפה</b> בזמן האחרון מזהירה המשטרה בהדר ‘ הכרמל את התושבים ...</div>"
454	ahr19461229-01.1.4	29 December 1946	ahr	Page 4	"<div class=""txtsearchsnippet"">... ב־6 מכוני הרנטגן של קופ""ח והם : בביה''ח בעמק, <b class=""highlightcolor"">ביה""ח</b> בילינסון, הכרמל, ביח־לוינשטיין וכן במרפאות המרכזיות כחל־אביב וחיפה. המיינוגרף ...</div>"
455	ahr19470507-01.1.4	7 May 1947	ahr	Page 4	"<div class=""txtsearchsnippet"">... ‬ שניהם במספרים מזוייפים, נמצאו עזו ‭- —‬ בות <b class=""highlightcolor"">בחיפה</b> את מול אחה""צ, האםירימ הפצועים שמות האסירים היהודים שנפצעו ...</div>"
456	dav19470506-01.1.3	6 May 1947	dav	Page 3	"<div class=""txtsearchsnippet"">... 15‬ בת""א יוט א' ‭11. 5‬ באולם . מכבי'' <b class=""highlightcolor"">בחיפה</b> 2 הצגות בכורה _ב־‭9—7‬ בערב יופ ב' ‭12. 5‬ ...</div>"
457	haretz19360220-01.1.5	20 February 1936	haretz	Page 5	"<div class=""txtsearchsnippet"">... אדץ־ ישדאל וסוריה בתי־אביב, טל. ‭, 1677‬ בירושליםטל‭967 ‬ <b class=""highlightcolor"">בחיפה</b> טל. ‭;800‬ בטבריה טלפון ‭80 ‬ הזמנים בעפולה טלפון ...</div>"
458	haretz19450813-01.1.1	13 August 1945	haretz	Page 1	"<div class=""txtsearchsnippet"">... ד אלול, תש""ה (‭16. 8. 45‬) בשעה 5 אחה''צ, <b class=""highlightcolor"">בחיפה,</b> בבית הרב קניאל. המען למבדקים: הפנר־סבציניק, כפר־עסה.</div>"
459	haretz19360906-01.1.7	6 September 1936	haretz	Page 7	"<div class=""txtsearchsnippet"">... סטיל, מנהל מחלקת המכס, עם באי כה עמילי המכס <b class=""highlightcolor"">בחיפה.</b> נוכח גם מר תשבי, מנהל מחלקת המסחר והתעשיה של ...</div>"
460	dav19350712-01.1.3	12 July 1935	dav	Page 3	"<div class=""txtsearchsnippet"">... ש־12 ילדים. מבידואי סעדה ובעבה, הובאו לפני שופט השלום <b class=""highlightcolor"">בחיפה</b> ב־3 _לחורש, על השחיתם יבול, וכל אהד טהם נידון ...</div>"
461	dav19410515-01.1.3	15 May 1941	dav	Page 3	"<div class=""txtsearchsnippet"">... י כ ם ‭&gt;413‬ח‭1*‬_תיכן 10וזור ג' ביה־ס יאחיות נםונ-י <b class=""highlightcolor"">_ביה־ח</b> _בי‭""1‬נס1ן</div>"
462	dhy19351209-01.1.6	9 December 1935	dhy	Page 6	"<div class=""txtsearchsnippet"">הרזמותה <b class=""highlightcolor"">בחיפה</b> בחורש חשון מתו <b class=""highlightcolor"">בחיפה</b> לפי הו־ דעת החברה־קדישא‭18, ‬ ...</div>"
463	haretz19320219-01.1.4	19 February 1932	haretz	Page 4	"<div class=""txtsearchsnippet"">... מתקבלות : בתל־אביב 1) במשרד ע'יי בית־חחרשת 2) במחסן <b class=""highlightcolor"">ביה''ח</b> ר' אלנבי' ע־י הדאר המרכזי וגם נמצא למבירח: קמח ...</div>"
464	haretz19470117-01.1.8	17 January 1947	haretz	Page 8	"<div class=""txtsearchsnippet"">... עברית: מ. קלכנפקי :תל אביב: יפוד בע""מ אלגבי ‭88‬ <b class=""highlightcolor"">בחיפה</b> : קרית פפר בע""מ הרצל ‭47 ‬</div>"
465	haam19310513-01.1.4	13 May 1931	haam	Page 4	"<div class=""txtsearchsnippet"">... 7701 ‬ הודעות פס •ן דין בית משפט השלום <b class=""highlightcolor"">בחיפה</b> התובע: ריינהולד אברלד, יחשליס הנתבע: ל. נ ר ד ...</div>"
466	haretz19431226-01.1.4	26 December 1943	haretz	Page 4	"<div class=""txtsearchsnippet"">... פסלו נערכו קידושי ועד הפקידים התדש של לשכתהכרמל"" "" <b class=""highlightcolor"">בחיפה</b> של בני ברית ע ל ידי הנשיא הגדול השופט ...</div>"
467	hbkr19390623-01.1.7	23 June 1939	hbkr	Page 7	"<div class=""txtsearchsnippet"">... הולכים העירה' בתכנית מיס ב. המסאטא"". קונצרט התזמורת הא""י <b class=""highlightcolor"">בחיפה</b> הכרטיסים יקונצדס <b class=""highlightcolor"">בחיפה.</b> שנועד ליוס ה' בערב ונדחה בפקודת ...</div>"
468	hmf19460204-01.1.4	4 February 1946	hmf	Page 4	"<div class=""txtsearchsnippet"">הדיונים על פתיחת חנויות עירוניות של ירקות <b class=""highlightcolor"">בחיפה</b> ובירושלים מתנהלים עתר, באופן פעיל על ירי השלטונות ומקוים ...</div>"
469	hmf19460217-01.1.4	17 February 1946	hmf	Page 4	"<div class=""txtsearchsnippet"">... רשמית אומרת: ביום ו' בבוקר בשעה ‭8, 20‬ בוצע <b class=""highlightcolor"">בחיפה</b> נסיון התנקשות בחייו של מר ר. קאפאראטה, מפקח משטרת ...</div>"
470	hzh19430530-01.1.3	30 May 1943	hzh	Page 3	"<div class=""txtsearchsnippet"">... בקשות יש 'להגיש עד יום ‭. 43‬_י‭20. 6‬ 'למשרד <b class=""highlightcolor"">ביה""ח</b> (רחוב . בלפור‭. (‬פרטים אפשר לקבל אצל האחיות הראשית ...</div>"
471	hazmantlv19430817-01.1.4	17 August 1943	hazmantlv	Page 4	"<div class=""txtsearchsnippet"">... על קברה של אם נשיא ההסתדרות הציונית בית העלמין <b class=""highlightcolor"">בחיפה</b> במעמד פל בני המשפחה וידידיה. בנה מר יחיאל ויעמן ...</div>"
472	dav19370126-01.1.4	26 January 1937	dav	Page 4	"<div class=""txtsearchsnippet"">""ביום ‭1. 2. 1937‬ מעכירו?את המשור והמחםן של מכיפת <b class=""highlightcolor"">בחיפה</b> אל י דירתו החדשה בבית האחים טברי. ברחוב הנמל ...</div>"
473	dav19350319-01.1.5	19 March 1935	dav	Page 5	"<div class=""txtsearchsnippet"">... ‭""$"". 47 . ‬ו‭11""1‬ו ן‭[1. """" -4‬ז ‭!3 ₪ <b class=""highlightcolor"">&gt;‬ביהח</b> : דרך תא פת ע י תחנת הרכבת כתל־אביב ...</div>"
474	dav19350825-01.1.5	25 August 1935	dav	Page 5	"<div class=""txtsearchsnippet"">... ‭)!, ‬על גבול שכי הפועלים ובנק לחקלאות ולבנין, בקרית <b class=""highlightcolor"">ביה""ח</b> י"" לודזיה החדש ‭_, . (‬ תנאים נוהים ובתשלומים ...</div>"
475	haretz19340709-01.1.6	9 July 1934	haretz	Page 6	"<div class=""txtsearchsnippet"">... 8 תדצה הנב' ד""ד ט. פברי&gt;^ט, מנהלת־מחלקת הילדים של <b class=""highlightcolor"">ביה""ח</b> העירוני. . ""הדסק"", על הנושא: היתרונות והחסכונות שבחזנת התינוק ...</div>"
476	hayomjlm19480308-01.1.2	8 March 1948	hayomjlm	Page 2	"<div class=""txtsearchsnippet"">... הקהל ביום האסון המחריד ברחוב בן־יהודה. האנשים, שהתאספו בחצר <b class=""highlightcolor"">ביה״ח,</b> היו עדים למחזה המזעזע וה־ מדכא, שעה שהכניסו לחדר ...</div>"
477	dhy19330920-01.1.1	20 September 1933	dhy	Page 1	"<div class=""txtsearchsnippet"">... משה עמרם לראשונה נדרש צחעיד פקיד ביה המסחר צימדמז <b class=""highlightcolor"">בחיפה,</b> משח עמרם' המדבר טורקית וספרדית. הועמדח עצ הפרק שאלת ...</div>"
478	hmf19480107-01.1.2	7 January 1948	hmf	Page 2	"<div class=""txtsearchsnippet"">... ואף במקרים אלד־ תלויה העברה באישור הרופא הראשי של <b class=""highlightcolor"">ביה""ח</b> בנאיירובי, שאינו נוטה לתתו לעתים ? קרובות.</div>"
479	hrt19481208-01.1.4	8 December 1948	hrt	Page 4	"<div class=""txtsearchsnippet"">תורנות בתי מוןקחת <b class=""highlightcolor"">בחיפה</b> מסדה — מסדה ‭. 30‬ טל. ‭. 2987 ‬ ...</div>"
480	haretz19470710-01.1.3	10 July 1947	haretz	Page 3	"<div class=""txtsearchsnippet"">... ‬ ה1דול הערב ‭10. 7‬ הצגת בכורה ב־9 בארמון <b class=""highlightcolor"">בחיפה</b> יום ו' ‭11. 7‬ ערב עם כל חבת *המטאטא"" ...</div>"
481	hmf19480120-01.1.4	20 January 1948	hmf	Page 4	"<div class=""txtsearchsnippet"">... ואורי שדמן שנפצעו ב־15 בדצמבר ?בנגב, הובאו אתמול ל־ <b class=""highlightcolor"">ביה""ח</b> העירוני בת""א. מצבם אינו מעורר דאגה.</div>"
482	hbkr19440329-01.1.4	29 March 1944	hbkr	Page 4	"<div class=""txtsearchsnippet"">תקציב <b class=""highlightcolor"">ביה""ח</b> העיווגיבת""א ‭115‬ אלף לא""י ""</div>"
483	dav19331130-01.1.1	30 November 1933	dav	Page 1	"<div class=""txtsearchsnippet"">... הערבים, נודע לנו- מספרים בטוחים על מצב ה&amp;_ועל הערבי <b class=""highlightcolor"">בחיפה.</b> עובדה־ היא ־שבימי השביתה הערבית, כשהו-כדחו הפועלים החורגים הלנים ...</div>"
484	haretz19311026-01.1.4	26 October 1931	haretz	Page 4	"<div class=""txtsearchsnippet"">... התעשיה, י והביע את שביעת רצונו, למפעל חהתפתחות של <b class=""highlightcolor"">ביה""ח.</b> לפני צאתו ר'טם את 'שמו בספר הבקורים. הערב ב""עדד ...</div>"
485	haretz19320705-01.1.4	5 July 1932	haretz	Page 4	"<div class=""txtsearchsnippet"">פטורי אופיצירימ נ&amp;שטרה צסופר , הנ'אסער. "" <b class=""highlightcolor"">בחיפה</b> נודע, בי הגהצת בטחון הצבור הודיעה צאחדים מן האופיצידים ...</div>"
486	haretz19380316-01.1.7	16 March 1938	haretz	Page 7	"<div class=""txtsearchsnippet"">... עמידים במקים י‭35‬ מיל רק ‭2 2 0‬ מיל <b class=""highlightcolor"">בחיפה:</b> כ-עץהקירא*</div>"
487	hmf19431010-01.1.3	10 October 1943	hmf	Page 3	"<div class=""txtsearchsnippet"">... מועצת עובדי העיריה, ועד שרות הנקיון‭!, ‬ועד . עובדי <b class=""highlightcolor"">ביה""ח</b> הדסה' ועד ההנדסה, ועד עובדי שרות בתי הספר וגני ...</div>"
488	hmf19440330-01.1.4	30 March 1944	hmf	Page 4	"<div class=""txtsearchsnippet"">י רבני חיפה מביעים צער <b class=""highlightcolor"">בחיפה</b> הרבנות הראשית <b class=""highlightcolor"">בחיפה</b> קינתה בפני מר מחוז את מעשי ...</div>"
489	hmf19440515-01.1.4	15 May 1944	hmf	Page 4	"<div class=""txtsearchsnippet"">... י על סד 12 אלף לא""י ומשיכתם בבנק הערבי <b class=""highlightcolor"">בחיפה,</b> תחל היום להתברר בפני השופט החוקר <b class=""highlightcolor"">בחיפה.</b> עבודות ביוב ...</div>"
490	hmf19460405-01.1.8	5 April 1946	hmf	Page 8	"<div class=""txtsearchsnippet"">לפי ידיעה טלגרפית שנתקבלה בסוכנות <b class=""highlightcolor"">בחיפה</b> תצא ב־9 באפריל ממארסייל אניד. עם אלף איש, בתוכם ...</div>"
491	hbkr19380510-01.1.6	10 May 1938	hbkr	Page 6	"<div class=""txtsearchsnippet"">לשאלת הפכפ עכורה בעבודות הובוריות <b class=""highlightcolor"">בחיפה</b> ביום א' 8 למאי ש. ז. בשעה ‭9. 00 ...</div>"
492	hmf19460614-01.1.7	14 June 1946	hmf	Page 7	"<div class=""txtsearchsnippet"">... משבץ לב ברחוב אהרן אלטשולר, בן ‭, 75‬מקרית אליהו <b class=""highlightcolor"">בחיפה,</b> מת אתמול משבץ לב בשעת לכתו ברחוב הרצל. גופתו ...</div>"
493	hzh19400726-01.1.4	26 July 1940	hzh	Page 4	"<div class=""txtsearchsnippet"">... וג'ורג' רפט ינוד5יחחוס ביצירה הקרימינאלית הגדלה . (בפעם הראשונה <b class=""highlightcolor"">בחיפה)</b> ב. דון אמטשה והאחים ריץ י במהדורה ההומוריסטי_^ ליצירתו ...</div>"
494	khm19480322-01.1.4	22 March 1948	khm	Page 4	"<div class=""txtsearchsnippet"">ן היום מתייצבים <b class=""highlightcolor"">בחיפה</b> I‬ ‭I הגברי?מבני I 35-26‬ ‭I בכית ""מכבי"" רחוב ...</div>"
495	dav19320414-01.1.3	14 April 1932	dav	Page 3	"<div class=""txtsearchsnippet"">... ‭"" — ., ‬ שחסרונו היה מודגש י י <b class=""highlightcolor"">(בחיפה</b> יש לו עובר מקודם‭, (‬ קורם. קרובה להסתדר הקבוצה ...</div>"
496	dhy19350514-01.1.6	14 May 1935	dhy	Page 6	"<div class=""txtsearchsnippet"">... לעזרת תולי תרות. מר שושני, הבר הועד המנחל של <b class=""highlightcolor"">ביה""ח</b> לחולי הרוח, נותן סקירה קצרה על הכנסותיו של המוסד ...</div>"
497	hmf19480418-01.1.3	18 April 1948	hmf	Page 3	"<div class=""txtsearchsnippet"">... &amp; • בבית החולים. פרטים אפשר לקבל אצל מנהל <b class=""highlightcolor"">ביה""ח</b> העירוני ""הדסה‭, ""‬בכל יום, פרט לשבת, בין השעות ‭10—12‬ ...</div>"
498	dav19370127-01.1.3	27 January 1937	dav	Page 3	"<div class=""txtsearchsnippet"">לפנות <b class=""highlightcolor"">בחיפה:</b> בנק חיפה בע""מ ‭?417‬ םרכז מסחרי. רח' הםערב 3</div>"
499	dav19330322-01.1.5	22 March 1933	dav	Page 5	"<div class=""txtsearchsnippet"">‭;;‬הנהלת <b class=""highlightcolor"">ביה""ח</b> העירוני ‭,, ‬הדםה"" ‭;;‬־ ‭//‬ ־ ? פתל-אביב י ...</div>"
500	dhy19330920-01.1.18	20 September 1933	dhy	Page 18	"<div class=""txtsearchsnippet"">... ‭,, ‬ואהב‭- , -‬ תם את חגר וכו"" בפרט <b class=""highlightcolor"">בחיפה</b> — עיר הנמל.</div>"
501	dhy19330915-01.1.3	15 September 1933	dhy	Page 3	"<div class=""txtsearchsnippet"">I ועד השכונה העממית ; די ארגה המעמד הבינוני, <b class=""highlightcolor"">בחיפה</b> ‭*. . _? _, | :‬ ן‭**‬ ־ ‭!* ...</div>"
502	haretz19350220-01.1.8	20 February 1935	haretz	Page 8	"<div class=""txtsearchsnippet"">הועו המנהל של <b class=""highlightcolor"">ביה""ח</b> העירוני הוסה בתל אנינ נו כרי ז על 3 ...</div>"
503	haretz19441015-01.1.3	15 October 1944	haretz	Page 3	"<div class=""txtsearchsnippet""><b class=""highlightcolor"">בחיפה</b></div>"
504	hmf19470626-01.1.4	26 June 1947	hmf	Page 4	"<div class=""txtsearchsnippet"">... על החברה לתעשיה חימית אי""ת, _בותביעה שהגישה נגדה הנהלת <b class=""highlightcolor"">ביה""ח</b> בילינ־ ון, על שהיא מפיצה ריחות המזיקים לבריאות , ...</div>"
505	hmf19481111-01.1.2	11 November 1948	hmf	Page 2	"<div class=""txtsearchsnippet"">... ראש העיריה בקבלת פ נים לויצמן שבא לבקור ראשון <b class=""highlightcolor"">בחיפה</b> מאז שחרורה</div>"
506	hmf19480119-01.1.4	19 January 1948	hmf	Page 4	"<div class=""txtsearchsnippet"">‭. 3‬ מתו מפצעיהם <b class=""highlightcolor"">בחיפה</b></div>"
507	haretz19470622-01.1.3	22 June 1947	haretz	Page 3	"<div class=""txtsearchsnippet"">רש בית הפפר התאלי <b class=""highlightcolor"">בחיפה</b> בהשתתפות קבוצות ""הכוח"", ""מכבי"", בית־ המפר המקצועי ובית המפר ...</div>"
508	hmf19471214-01.1.4	14 December 1947	hmf	Page 4	"<div class=""txtsearchsnippet"">עוד שבוע להשלמת לבטחו!העם"" "" הוצת גרז' <b class=""highlightcolor"">בחיפה</b> 'במוצאי שבת הוצת גת' של ""צמג"" ברחוב המלכים, הנזק ...</div>"
509	hmf19471228-01.1.4	28 December 1947	hmf	Page 4	"<div class=""txtsearchsnippet"">... ‭_^:‬בל עוד באותו הלילה הועברו הפצועים מ""הדםד‭"", ‬ ל־ <b class=""highlightcolor"">ביה""ח</b> הצבאי בסרפנד. עתה יחקרו שלטונות הצבא את שני החיילים ...</div>"
510	hbkr19420406-01.1.4	6 April 1942	hbkr	Page 4	"<div class=""txtsearchsnippet"">הודעה בדבר מכירת ;כשי דלא ניידי בית המשפט המחוזי <b class=""highlightcolor"">בחיפה</b> תיק ההוצאה לפועל מס' ‭280‬ משנת ‭. 1941‬ ניתנה ...</div>"
511	hzh19480423-01.1.1	23 April 1948	hzh	Page 1	"<div class=""txtsearchsnippet"">... רבים ניבי ‭/^_. ‬_שהש •_הזר‭:1‬והבטיחו;כי-הבוחות הבריטיים ‭:'‬_ישמולד ‭!;?'‬על- הסדר <b class=""highlightcolor"">בחיפה</b> . עד: הרא־ _שון‭.. ‬באוגו‭!_0‬ג‭? ? _? ? . ...</div>"
512	hashaah19390219-01.1.6	19 February 1939	hashaah	Page 6	"<div class=""txtsearchsnippet"">... מן האוניברסיטה ומכריו ומו־ קיריו של המנוח מחו׳׳ל. ליד <b class=""highlightcolor"">ביה״ח</b> ""בקור חולים"" הספידוהו הד״ר י. ברגמן, שלמד יחד עמו ...</div>"
513	haretz19480504-01.1.4	4 May 1948	haretz	Page 4	"<div class=""txtsearchsnippet"">... רשם בית המשפט המחוזי בתל אביב בבית משפט השלים <b class=""highlightcolor"">בחיפה</b> תיק ירושות מם' ‭90/48 ‬ בענין: המנוח פיבל שרגר, ...</div>"
514	ahr19470526-01.1.3	26 May 1947	ahr	Page 3	"<div class=""txtsearchsnippet"">... פגישת מזכירי הקיבוצים עהוזמנר בכתב למחר תתקיים במועדון המפלגה <b class=""highlightcolor"">בחיפה,</b> רח' שפירא ‭, 5‬_ב־11 לפני ־ הצר, דיי ם, ...</div>"
515	haretz19460513-01.1.3	13 May 1946	haretz	Page 3	"<div class=""txtsearchsnippet"">... צרפתית ורוסית כרטיסים להשיג: בירושלים — משרד ש. כהנא. <b class=""highlightcolor"">בחיפה</b> - משרד ק. גינצבורג. לחברי החוג עד יום ‭9. ...</div>"
516	haretz19380612-01.1.3	12 June 1938	haretz	Page 3	"<div class=""txtsearchsnippet"">... התקלאית. ר""ד א. בר — בשם ועה הקרן הקיימת <b class=""highlightcolor"">בחיפה;</b> ה' קובר—בשם קרן היסוד, ה' טיפגטל — בשם הת־ ...</div>"
517	haretz19390824-01.1.4	24 August 1939	haretz	Page 4	"<div class=""txtsearchsnippet"">""אהל"" <b class=""highlightcolor"">בחיפה]</b> א, י היום יום המישי ‭24. 8‬ ?שעה ‭. ...</div>"
518	hmf19480129-01.1.4	29 January 1948	hmf	Page 4	"<div class=""txtsearchsnippet"">... ‭11. 45‬ לפנה""צ הקיפה קבוצת צעירים מזמינים את בנין <b class=""highlightcolor"">ביה""ח</b> היר""‬‭- , ""קון כמה צעירים חדרו לביה""ח והצליחי להשתלט ...</div>"
519	hmf19480817-01.1.4	17 August 1948	hmf	Page 4	"<div class=""txtsearchsnippet"">... החייל יהושע לוי. מפלמ""ת, נפצע ברגלו הימנית והועבר לל <b class=""highlightcolor"">ביה""ח</b> העירוני. אסיפת הודי שבויים ביום שלישי 17 באוגוסט בשעה ...</div>"
520	hmf19480801-01.1.4	1 August 1948	hmf	Page 4	"<div class=""txtsearchsnippet"">280 פועלים יהודיים הפעילו את בתי־הזיקוה <b class=""highlightcolor"">בחיפה</b></div>"
521	hbkr19480810-01.1.1	10 August 1948	hbkr	Page 1	"<div class=""txtsearchsnippet"">... י*• !ו תודה והוקרה לדוצ. ד־ר ס. נורקום ולמנהלי <b class=""highlightcolor"">ביה־ח</b> . הדסה־ ת""א הר8 א. נייפלד ומשפחתו מביעים חווה, ...</div>"
522	hzh19480425-01.1.2	25 April 1948	hzh	Page 2	"<div class=""txtsearchsnippet"">... בקרבות אלה סלל . ?גת הדרך י ?לעצמאות עברית <b class=""highlightcolor"">בחיפה</b> ו י מקייב ־ מקדם את עצמאותנו העברית בארץ ...</div>"
523	itonamami19471016-01.1.2	16 October 1947	itonamami	Page 2	"<div class=""txtsearchsnippet"">... החולים של מחלקת ההסגר שנפתח ליד ביח״ר ״שי מן״ <b class=""highlightcolor"">בחיפה.</b> הם ישהו שם ימים אחדים. אלה הם הנוסעים הראשונים ...</div>"
524	dav19370609-01.1.8	9 June 1937	dav	Page 8	"<div class=""txtsearchsnippet"">לחברי קפת חולים <b class=""highlightcolor"">בחיפה</b></div>"
525	dav19340829-01.1.4	29 August 1934	dav	Page 4	"<div class=""txtsearchsnippet"">דיוקן פקיד מוכר בשביל בית חרושת המאי <b class=""highlightcolor"">בחיפה</b> •להפצת-סחורות בחנויות <b class=""highlightcolor"">בחיפה</b> : ומביניה. ח-וץ _קמשכודת קבועה יקבל ...</div>"
526	dhy19351103-01.1.8	3 November 1935	dhy	Page 8	"<div class=""txtsearchsnippet"">... אף קצין יהודי בכל משטרת חיפה. מבין 250 השוטרים <b class=""highlightcolor"">בחיפה</b> ישנם בסך הכל רק ‭2-5‬ יהודים. תמרונים מדרך שכם ...</div>"
527	dhy19320612-01.1.4	12 June 1932	dhy	Page 4	"<div class=""txtsearchsnippet"">... יצאנ מיד למקום ומצאו את גופת הנרצה שהובלה א_$ <b class=""highlightcolor"">ביה""ח</b> הממשלתי. ר גיגבים טרם נתפשו. נהרג מתוך שינה ביום ...</div>"
528	dhy19310301-01.1.4	1 March 1931	dhy	Page 4	"<div class=""txtsearchsnippet"">... מבתי המשפט ביום התמשי וביום הששי התנהל בביהמ""ש דנזחוזי <b class=""highlightcolor"">בחיפה</b> המיטד משפטם של שליטת הדרוזים ט""דליית אל כרמל"" שנאשמו ...</div>"
529	haretz19380812-01.1.1	12 August 1938	haretz	Page 1	"<div class=""txtsearchsnippet"">... (‭16. 8. 38‬) בשעה ‭3. 30 ‬ , אחה""צ <b class=""highlightcolor"">בחיפה</b> רה עקיבא 8 בדירת דרימר• ו</div>"
530	haretz19381223-01.1.1	23 December 1938	haretz	Page 1	"<div class=""txtsearchsnippet"">חנוכת בית־החולים הממשלתי <b class=""highlightcolor"">בחיפה</b></div>"
531	hmf19460114-01.1.4	14 January 1946	hmf	Page 4	"<div class=""txtsearchsnippet"">... לשם, קבע את המוות. הגוויה הועברה לחדר המתים של <b class=""highlightcolor"">ביה""ח</b> ""הדסה‭. "" ‬</div>"
532	hzh19410214-01.1.4	14 February 1941	hzh	Page 4	"<div class=""txtsearchsnippet"">... o ־* ‭, , ?‬• . . ם: וזססוךנס. <b class=""highlightcolor"">בחיפה</b> ‭%2? _! . ‬ _־ש7־- 1 _וזמםורת י ‭!. ...</div>"
533	kolisraeljlm19420312-01.1.3	12 March 1942	kolisraeljlm	Page 3	"<div class=""txtsearchsnippet"">... בהנהלתו של חרב כרסלואר מעולי גרטניא. עם התפתחותו של <b class=""highlightcolor"">ביה״ח</b> חזה הורגש צורך בתלמוד תורה מיוחדת• עבור הילדים שהוריהם ...</div>"
534	ahr19471219-01.1.6	19 December 1947	ahr	Page 6	"<div class=""txtsearchsnippet"">... לשווו מחנות בגוים בסוף רחוב הנאמנים במרכז המסחרי החדש <b class=""highlightcolor"">בחיפה.</b> שלושה מהערבים נשאו רובים. אחר שהשודדים ניסו לפרוץ חלון, ...</div>"
535	dav19371205-01.1.6	5 December 1937	dav	Page 6	"<div class=""txtsearchsnippet"">_דרנםו _חלבה מתוצרת <b class=""highlightcolor"">ביהח־</b> _^ ר‭}0‬ ""ע ל י- ת"" ‭/ _£ \‬ ...</div>"
536	haretz19350613-01.1.5	13 June 1935	haretz	Page 5	"<div class=""txtsearchsnippet"">... יתברר בסוף ־ודשז־ . במושב כיה?ד ל פשעים חמו-ם <b class=""highlightcolor"">בחיפה.</b> ו בית מלון גדול על הכרמל ביום ג' אחת""צ ...</div>"
537	haretz19380106-01.1.3	6 January 1938	haretz	Page 3	"<div class=""txtsearchsnippet"">... אהרי הצהרים ימירו בפומבי במרכז מסהרי הישן כרחוב המרכזי <b class=""highlightcolor"">בחיפה</b> החפצים הנ""ל לבםוי חוב. על המעונין בקניה להיות נוכח ...</div>"
538	haretz19441107-01.1.4	7 November 1944	haretz	Page 4	"<div class=""txtsearchsnippet"">... השחור, במקום שהמחירים מאמירים והולכים. ששה מקרי דבר חדשים <b class=""highlightcolor"">בחיפה</b> , בשבוע האחרון אירעו בהיפר, 6 מקרי דבר חדשים, ...</div>"
539	haretz19431008-01.1.5	8 October 1943	haretz	Page 5	"<div class=""txtsearchsnippet"">... מועצת עובדי העיריה, ועד שרות הנקיון, ועד * עובדי <b class=""highlightcolor"">ביה""ח</b> הדסה, ועד ההנד&amp;ה, ועד עובדי שרות בתי י הספר ...</div>"
540	hmf19470620-01.1.8	20 June 1947	hmf	Page 8	"<div class=""txtsearchsnippet"">... טיהור מחלקות הממשלה מעובדים יהודים קבלו השבוע שני רופאי <b class=""highlightcolor"">ביה""ח</b> הממשלתי בירושלים — הד""ר קא־ האן והד""ר אסטרייכר — ...</div>"
541	hmf19480104-01.1.4	4 January 1948	hmf	Page 4	"<div class=""txtsearchsnippet"">... את דברי־עדותו מד ח. כספי, חבר ועד הפועלים בבתי־חזיקוק <b class=""highlightcolor"">בחיפה,</b> שניצול מההרג הרב והופיע חבוש־ראש מעל במת אולם מוגדבי ...</div>"
542	dhy19360424-01.1.9	24 April 1936	dhy	Page 9	"<div class=""txtsearchsnippet"">נית הספר הראלי העברי <b class=""highlightcolor"">בחיפה</b> הרשמת תלמידים לשנת הלמוד תרצ""ז למכינות ולכתות כיה""ס בחדר ...</div>"
543	haretz19340518-01.1.5	18 May 1934	haretz	Page 5	"<div class=""txtsearchsnippet"">%וווווווווווווווו1וו!1וו;וו₪ווווווווו!וו!ווווו! וווווווווו!וו;ווו!ווווו!וווווווו!ווווווווווווווווווווווווווווו!ון‭^&gt;₪0‬ן 1 <b class=""highlightcolor"">בחיפה</b> ? 1 ביום ראשון 20 במאי ן I בשטח ...</div>"
544	hazmantlv19430120-01.1.1	20 January 1943	hazmantlv	Page 1	"<div class=""txtsearchsnippet"">... • חצי שנר- □שים ל□ למצבו המשקי של בעל <b class=""highlightcolor"">ביה״ח.</b> — שני מקרי דבר חדשים אירעו ביפו: אשה ממנשיה ...</div>"
545	hazmantlv19420802-01.1.1	2 August 1942	hazmantlv	Page 1	"<div class=""txtsearchsnippet"">... ן יכל הרוצה בזריקה יפני׳ למרפאה י הממשלתית בת״א, <b class=""highlightcolor"">בחיפה</b> — בבית החוליים הממשלתי, ״הדסה״׳ קופת. חולים, בירושלים — ...</div>"
546	haretz19330507-01.1.4	7 May 1933	haretz	Page 4	"<div class=""txtsearchsnippet""><b class=""highlightcolor"">בחיפה</b></div>"
547	dhy19351027-01.1.7	27 October 1935	dhy	Page 7	"<div class=""txtsearchsnippet"">... בשבלע חעבר אחח""צ כשעבר חאוטו של ""קרית חיים"" ע""י <b class=""highlightcolor"">ביה""ח</b> לסיגריות של קורמן ברחוב נצרת, זרקו בו נערים ערביים ...</div>"
548	haretz19400515-01.1.5	15 May 1940	haretz	Page 5	"<div class=""txtsearchsnippet"">... נוסעים, ביניהם כמה עואים מארצכם שונות. ש£י . וקול <b class=""highlightcolor"">בחיפה</b> בימים האהרונים הוהא ' בהנהת שקי ;:. - הואי ...</div>"
549	khm19480301-01.1.1	1 March 1948	khm	Page 1	"<div class=""txtsearchsnippet"">הצבאהחרים נ_^ק־מגן מפועלי <b class=""highlightcolor"">ביה""ח</b> ""היוצק"" בדרום ת""א והפקירם בידי פורעים _שרצחום נפש</div>"
550	mar19480625-01.1.8	25 June 1948	mar	Page 8	"<div class=""txtsearchsnippet"">... קצין העתונות במט־ הראשי של המפקח על שביתת הנשק <b class=""highlightcolor"">בחיפה.</b></div>"
551	mar19480330-01.1.3	30 March 1948	mar	Page 3	"<div class=""txtsearchsnippet"">... ככורה — במשק חקוק לרהד ודיר הרץ ביגוד -־ <b class=""highlightcolor"">ביה""ח</b> ""הדסה"" — בן.</div>"
552	itonmeyuhad19340705-01.1.4	5 July 1934	itonmeyuhad	Page 4	"<div class=""txtsearchsnippet"">לקראת הבחירות העירוניות <b class=""highlightcolor"">בחיפה</b></div>"
553	ahr19471218-01.1.4	18 December 1947	ahr	Page 4	"<div class=""txtsearchsnippet"">... כן ‭. 17‬ ממקומות אחרים בארץ הודיעו על ארגעה. <b class=""highlightcolor"">בחיפה</b> חזרו חלק מהערבים אל משכנותיהם באזורי הספר, בצפת בוטל ...</div>"
554	ahr19480123-01.1.8	23 January 1948	ahr	Page 8	"<div class=""txtsearchsnippet"">ערבים הרוגים ופצועים <b class=""highlightcolor"">בחיפה</b></div>"
555	dav19310513-01.1.3	13 May 1931	dav	Page 3	"<div class=""txtsearchsnippet"">... ואחרי מבירור המ‭- ?-‬ הברונ;ת דותשילד. והיא בנתה את <b class=""highlightcolor"">ביה""ח</b> על חשבונה קיף של מר יזידט_;בשיחתנו אתמול הנני מבטיחה ...</div>"
556	hbkr19400101-01.1.6	1 January 1940	hbkr	Page 6	"<div class=""txtsearchsnippet"">... ‭. 73. 3 ‬ במקום הרביעי בית החולים הדסה <b class=""highlightcolor"">בחיפה</b> ‭. 67. 5 ‬ אחרי זח באים <b class=""highlightcolor"">ביה""ח</b> של ...</div>"
557	hmf19480914-01.1.3	14 September 1948	hmf	Page 3	"<div class=""txtsearchsnippet"">ציוד כירורגי של <b class=""highlightcolor"">ביה""ח</b> ה:צוי ברמלה הוחזר ‭'""ע‬ מוסדותינו לאויב</div>"
558	hbkr19461203-01.1.4	3 December 1946	hbkr	Page 4	"<div class=""txtsearchsnippet"">... 3‬ ח. ד• ‭. 4091 ‬ השדכן ליבר יבקר <b class=""highlightcolor"">בחיפה</b> במלון וויס רה־ הסן שוקרי ‭. 10‬ טל• ‭. ...</div>"
559	hzh19400627-01.1.4	27 June 1940	hzh	Page 4	"<div class=""txtsearchsnippet""><b class=""highlightcolor"">ביה""ח</b> העירוני *הדסה"" הפנויות דלקמן בבית . החולים הילדים ‭. ...</div>"
560	haretz19330711-01.1.1	11 July 1933	haretz	Page 1	"<div class=""txtsearchsnippet"">... בית אמינוב. ת. ד. 273. טלפח 463 מעון הסניף <b class=""highlightcolor"">בחיפה</b> — פנת רחוב המזרח ורחוב הנמל בית ראובן מקובר, ...</div>"
561	dav19360506-01.1.9	6 May 1936	dav	Page 9	"<div class=""txtsearchsnippet"">הסתדרות בעלי הכהים <b class=""highlightcolor"">בחיפה</b> פנתה בתזכיר אל מוסדות _ישיביים שוניפ בעיר, ובתוכם להסתדרות ...</div>"
562	haretz19310227-01.1.4	27 February 1931	haretz	Page 4	"<div class=""txtsearchsnippet"">... ו&amp;פיצי&amp;יתאציות אפשריצהשינ על פי בלשד, מאת דימפסח על המחסנים <b class=""highlightcolor"">בחיפה.</b> את הצעות. כמעמפות וחתומות יש צה י ינזציא צועד ...</div>"
563	haretz19381006-01.1.6	6 October 1938	haretz	Page 6	"<div class=""txtsearchsnippet""><b class=""highlightcolor"">בחיפה</b></div>"
564	haretz19380830-01.1.1	30 August 1938	haretz	Page 1	"<div class=""txtsearchsnippet"">אגודת פקידי עוה""ד <b class=""highlightcolor"">בחיפה</b> מודה איחםו האדיב ואהתנהגותו הטובה שא מעאת כב י ...</div>"
565	haretz19430114-01.1.4	14 January 1943	haretz	Page 4	"<div class=""txtsearchsnippet"">הוטל מםיתיגוך <b class=""highlightcolor"">בחיפה</b></div>"
566	hbkr19400204-01.1.5	4 February 1940	hbkr	Page 5	"<div class=""txtsearchsnippet"">... הלבנים של ביה""ה העירוני! מסירת כביסת לבני הפרסונל. ־:•ל <b class=""highlightcolor"">ביה""ח</b> העירוני. ‭. 3‬ מפעל המים והמאור: - א. הזמנת ...</div>"
567	hbkr19391225-01.1.6	25 December 1939	hbkr	Page 6	"<div class=""txtsearchsnippet"">... פספורסים א""י, מתבקשים לפנות מיד למזכימת התאחדות עולי פולין <b class=""highlightcolor"">בחיפה</b> (רה' נורמי ‭'8‬ בכל עם בשעות ‭8-6‬ בעו י ...</div>"
568	hmf19471216-01.1.1	16 December 1947	hmf	Page 1	"<div class=""txtsearchsnippet"">... קלים, _כשהבקבוק מולוטוב"" הוטל על מכונית צבאית על יד <b class=""highlightcolor"">ביה""ח</b> ""שערי צדק‭)""‬_יואלאח ברח' יפו. האש אחזה במכונית, ששימשה משמר ...</div>"
569	hbkr19390301-01.1.5	1 March 1939	hbkr	Page 5	"<div class=""txtsearchsnippet"">... מאפית וקונדיטוריה י 238 , ימשלי* דה' הנביאים. מול <b class=""highlightcolor"">ביה""ח</b> -הדקה"". קל. ‭. ' ?114 ‬ הזמינו את דביכמ ...</div>"
570	hazmantlv19431118-01.1.4	18 November 1943	hazmantlv	Page 4	"<div class=""txtsearchsnippet"">משפטים נגד <b class=""highlightcolor"">ביה״ח</b> לחולי רוח</div>"
571	hayomjlm19480507-01.1.5	7 May 1948	hayomjlm	Page 5	"<div class=""txtsearchsnippet"">... הוא רק קצת מן הקצת. פעולת מגן היא. גם <b class=""highlightcolor"">בחיפה,</b> כמו בשאר המקומות, לא יצאנו לכבוש, לא תקפנו. דוקא ...</div>"
572	hmf19470831-01.1.4	31 August 1947	hmf	Page 4	"<div class=""txtsearchsnippet"">... 42‬ישב בליל שבת על מרפסת ביתי ברח' השומר• 15 <b class=""highlightcolor"">בחיפה‭',</b> ‬הרגיש לפתע צריבה חזקה בידי ומיד י אח""כ החל ...</div>"
573	hmf19471105-01.1.4	5 November 1947	hmf	Page 4	"<div class=""txtsearchsnippet"">ביה""ד לפשעים חמורים <b class=""highlightcolor"">בחיפה</b> דן אתמול את הסן עטייה, בן 50 מצפת, לתלייה ...</div>"
574	hmf19480709-01.1.6	9 July 1948	hmf	Page 6	"<div class=""txtsearchsnippet"">... ביום ד' אהד הצהרים ע""י יהודים. ההטיפה בוצעח ליד <b class=""highlightcolor"">ביה""ח</b> הגרמני, וההוטפים הכדיחראת האשד. באיומיםבנשק להכנס למכונית שהמתינה להם, ...</div>"
575	hbkr19450221-01.1.4	21 February 1945	hbkr	Page 4	"<div class=""txtsearchsnippet"">‭.. ‬ועידת קוס""ח עממית מציינת תיר סיםיק את הקנית <b class=""highlightcolor"">ביה־ח</b> . הירקץ־ לחייי המושבות ע""י הממשלה. כצעד ראשון לפתרון ...</div>"
576	hmf19470511-01.1.4	11 May 1947	hmf	Page 4	"<div class=""txtsearchsnippet"">... שנידונו למוות בעד השתתפות בהתקפה על בתי־המלאכה של הרכבת <b class=""highlightcolor"">בחיפה</b> ודינם הוחלף למאסר־ עולם ויתרם הם אנשי אצ""ל ולח‭, ...</div>"
577	dav19370510-01.1.6	10 May 1937	dav	Page 6	"<div class=""txtsearchsnippet"">... _| כרטיסים אצל געצבורג ד_9יות "" וחזיונות ביים יביעי <b class=""highlightcolor"">בחיפה</b> , מרים שחח 26 למאי ‭^^‬ ט9פוזז‭__107‬ _^א שהקאיב- ...</div>"
578	haretz19340822-01.1.1	22 August 1934	haretz	Page 1	"<div class=""txtsearchsnippet"">ל נפתח I האחוזה"" <b class=""highlightcolor"">בחיפה</b> בע""מ | בנק ‭""I 1‬ מנהל במדכז כל מםחדי, ...</div>"
579	hbkr19400226-01.1.3	26 February 1940	hbkr	Page 3	"<div class=""txtsearchsnippet"">... חלוקת חלב! סידור שירות סוציאלי ליד בתי החולים (דוגמת <b class=""highlightcolor"">ביה""ח</b> ""הדסה"" בירושלים. מקום שאחות סוציאלית מיוחדת משמשת מקשר בין ...</div>"
580	dav19340416-01.1.5	16 April 1934	dav	Page 5	"<div class=""txtsearchsnippet"">... קטנות 1 יותר ?פקידיט מדלגת מ‭. '‬המדובר הוא ע?פקידים. <b class=""highlightcolor"">בחיפה,</b> יפו, ירוש?ים ות_""א.</div>"
581	haretz19360423-01.1.8	23 April 1936	haretz	Page 8	"<div class=""txtsearchsnippet"">... בשעה 3 אהה""צ, בקר ה. מ. הנציב העליון את <b class=""highlightcolor"">ביה""ח</b> העירוני בלוית מושל המחוז, מר קרום־ בי, קצין חמחוז ...</div>"
582	haretz19351216-01.1.3	16 December 1935	haretz	Page 3	"<div class=""txtsearchsnippet"">להבטיח בביח""ח שלה <b class=""highlightcolor"">?בחיפה</b> את מם- | ; פר הממות הדרוש צהולי העמק, ...</div>"
583	hmf19470519-01.1.3	19 May 1947	hmf	Page 3	"<div class=""txtsearchsnippet"">... את רעיון כפר־דייגים עברי?הרעיון נולד בדרך מוזרה מאד‭עמדנו"". ‬ <b class=""highlightcolor"">בחיפה,</b> פלוגת תותחנים עבריים בשנות המלחמה האחרונה"" — כך מספר ...</div>"
584	ahr19480525-01.1.3	25 May 1948	ahr	Page 3	"<div class=""txtsearchsnippet"">... המרכזי לעמק הותקנה מכונת גנרטור (להספקת חשמל‭. (‬מעתה יובל <b class=""highlightcolor"">ביה""ח</b> לספק לעצמו את צרכיו בחשמל בלי תלות ברשת החשמל ...</div>"
585	dav19410504-01.1.6	4 May 1941	dav	Page 6	"<div class=""txtsearchsnippet"">... נשי ‭,, ‬־רםה"" כאמריקה, החוג מארגן עבודה מתנדבת סביב <b class=""highlightcolor"">ביה""ח</b> לטובת החולים. על ידי הועדת הסוציאלית של החוג נפתח ...</div>"
586	haretz19420615-01.1.4	15 June 1942	haretz	Page 4	"<div class=""txtsearchsnippet"">... הודעות אלה של המושל יוצא שפעם הוא חשב את <b class=""highlightcolor"">ביה""ח</b> למשבית ופעם את הפועלים לשובתים ובית הדין היה צריך ...</div>"
587	hbkr19400718-01.1.3	18 July 1940	hbkr	Page 3	"<div class=""txtsearchsnippet"">... תוצרת הארץ. נוסף לתוצרתנו אנו פטיציט גפ את תוצרת <b class=""highlightcolor"">ביה""ח</b> . דלפינר"" (משי—צמר גפן). אף פעם, במשך כל התקופה ...</div>"
588	ahr19480215-01.1.4	15 February 1948	ahr	Page 4	"<div class=""txtsearchsnippet"">חיפה, שבת! — פעולת ה""הגנה"" לביעור קני צלפים <b class=""highlightcolor"">בחיפה</b> וחיפושי הצבא אצל יהודים וערבים ציינו כאן את מוצאי ...</div>"
589	ahr19481128-01.1.3	28 November 1948	ahr	Page 3	"<div class=""txtsearchsnippet"">... _קופ''_ח בתל־אביב_, _רחי־ ‭nr]3‬•_־ ‭. 14‬ קורה למיידות ליד <b class=""highlightcolor"">ביה""ח</b> ליולדות בחדרה ייפתח קורם למילדות למשך שנד, ומחצה. _מתקנלות ...</div>"
590	haretz19381113-01.1.3	13 November 1938	haretz	Page 3	"<div class=""txtsearchsnippet"">... זו היתד, הגדו לת ביותר מכל עשרות הדליקות שפרצו <b class=""highlightcolor"">בחיפה</b> במשך השבועות האחרונים במקומות שונים בעיר. נזקיה של דליקה ...</div>"
591	haretz19470820-01.1.5	20 August 1947	haretz	Page 5	"<div class=""txtsearchsnippet"">... של שלשת אלפים בקבוקים בערך. פרסים אפשר לקבל במשרדי <b class=""highlightcolor"">ביה''ח</b> העירוני ""הדסה"", בתל־אביב, רח' בלפור 8 בשעות ‭12—10‬ לפני ...</div>"
592	hbkr19400707-01.1.3	7 July 1940	hbkr	Page 3	"<div class=""txtsearchsnippet"">בית משפט השלום <b class=""highlightcolor"">בחיפה</b> תיק •הוצאה לפועל מס' ‭1. 261/38 ‬ הנשפט לזכותו: ...</div>"
593	hbkr19410903-01.1.3	3 September 1941	hbkr	Page 3	"<div class=""txtsearchsnippet"">נפתה מ-רד מס ההכנסה <b class=""highlightcolor"">בחיפה</b> בימים אלה נפתח <b class=""highlightcolor"">בחיפה</b> משרד מיוחד לעניני מס ההכנסה, ...</div>"
594	hbkr19430607-01.1.3	7 June 1943	hbkr	Page 3	"<div class=""txtsearchsnippet"">נחג השבועית משחק נמזרת הובא המצד-מכגי ודא <b class=""highlightcolor"">בחיפה</b> זעדת הדעה תודות פניפ בנתניה</div>"
595	hbkr19390511-01.1.6	11 May 1939	hbkr	Page 6	"<div class=""txtsearchsnippet"">... יו קונצרט רמנוי־ם9 גווווו ך""ר הרמי שאדסא| הפיל־פטיכ • <b class=""highlightcolor"">בחיפה</b> היינריך האפצל (בנירו התבנית. נאד: פייטה ב־מיי. חיפה : ...</div>"
596	haretz19330730-01.1.4	30 July 1933	haretz	Page 4	"<div class=""txtsearchsnippet""><b class=""highlightcolor"">בחיפה</b></div>"
597	dav19340321-01.1.4	21 March 1934	dav	Page 4	"<div class=""txtsearchsnippet"">התורנים בעבודתם •לדרישת הנהלת יחמכם <b class=""highlightcolor"">בחיפה</b> המטינו _במוצ‭'""‬ט הסבלים 'הדודנים העסו - קים אצל י ...</div>"
598	dav19321107-01.1.8	7 November 1932	dav	Page 8	"<div class=""txtsearchsnippet"">... המירוץ התחיל ע_?יד האיצטדיון, נמ'טך על חוו_&gt; חים עד <b class=""highlightcolor"">ביהח</b> '' ר לבקוביץ ומשם דרך שכונת הפועלים חזרה _לאיצטדיון. ...</div>"
599	dhy19320110-01.1.4	10 January 1932	dhy	Page 4	"<div class=""txtsearchsnippet"">... ב. נםנבוים מנה* בית ההו*ים ""הרסה"" שצ הקה*ה העברית <b class=""highlightcolor"">בחיפה,</b> הגיש את התפטרותו הה* מראשון בפיג־יואר ‭. 1932‬ לזכרו ...</div>"
600	haretz19300912-01.1.1	12 September 1930	haretz	Page 1	"<div class=""txtsearchsnippet"">... החברה החנוכית^""־י, £8 דבורה הלן ירושלם' רחוב החבשים עיי <b class=""highlightcolor"">ביה'ח</b> האיטלהי שנה העשירית תכנית הלמודים היא של ביים עממ* ...</div>"
601	haretz19360626-01.1.6	26 June 1936	haretz	Page 6	"<div class=""txtsearchsnippet"">... של הםבנסקה אוריאנט לעין, פרקה את הסחורות המיועדות ליפו <b class=""highlightcolor"">בחיפה.</b> על הסוחרים לקבל #ת? הסחורות הנ""ל <b class=""highlightcolor"">בחיפה</b> הסוכנות הסקנדינבית ...</div>"
602	haretz19360610-01.1.6	10 June 1936	haretz	Page 6	"<div class=""txtsearchsnippet"">הועד ד. מ ג ה ל של <b class=""highlightcolor"">ביה""ח</b> העיווני הדסה נמ""א מכריז בזד, על קונקודם ?משות רופא-בית ...</div>"
603	haretz19400129-01.1.1	29 January 1940	haretz	Page 1	"<div class=""txtsearchsnippet"">... חיפה הפן כיי שוקיי מת אמש בשע־ י לעיר <b class=""highlightcolor"">בחיפה,</b> לאחר מחלה קשח וממושכת. ככן ‭65‬ היה. כמותו. ' ...</div>"
604	hmf19401031-01.1.3	31 October 1940	hmf	Page 3	"<div class=""txtsearchsnippet"">צו "" ניד"" לרושם הקרקעות <b class=""highlightcolor"">בחיפה</b> בית הדין העליון בהרכב מ. כ. השופטים קופלאנד, פרומקין ...</div>"
605	hmf19470521-01.1.1	21 May 1947	hmf	Page 1	"<div class=""txtsearchsnippet"">... עתונאי המושבות ‭"" ""‬ בירושלים 6‬ ‭"" "" X <b class=""highlightcolor"">בחיפה</b> $</div>"
606	hbkr19461231-01.1.4	31 December 1946	hbkr	Page 4	"<div class=""txtsearchsnippet"">... ‬ סודיות נפודה בההלס. * השדכן. ליכד יבקר שוב <b class=""highlightcolor"">בחיפה</b> בייש שלישי ‭31-12^6‬ יביים רביעי ‭1. 1. 47‬ במלון ...</div>"
607	hbkr19380802-01.1.1	2 August 1938	hbkr	Page 1	"<div class=""txtsearchsnippet"">... הועבר ע""י מכי- ' ניח הדואר שעברה במקום אל <b class=""highlightcolor"">ביה""ח</b> חממשלחי — ושני הפצועים האחרים נלקחו אל אותו בי""ח ...</div>"
608	hbkr19381202-01.1.1	2 December 1938	hbkr	Page 1	"<div class=""txtsearchsnippet"">צבא נווה <b class=""highlightcolor"">בחיפה</b> בשעת עוינת היפוש</div>"
609	hbkr19390315-01.1.5	15 March 1939	hbkr	Page 5	"<div class=""txtsearchsnippet"">‭04*0000*4*0ש*00000000900 ‬ בית ‭6ש8‬מ *‭680‬ <b class=""highlightcolor"">בחיפה</b> ן תיק ההוצאה לשועל מס' ‭. 6805, 38 ‬</div>"
610	hmf19450412-01.1.4	12 April 1945	hmf	Page 4	"<div class=""txtsearchsnippet"">ניח""ס לאחיות ע""י <b class=""highlightcolor"">ביה""_ח</b> העירוני ""הד0ה""</div>"
611	hzh19401216-01.1.4	16 December 1940	hzh	Page 4	"<div class=""txtsearchsnippet"">... _ח־שבת מנהל ביה""ס : • ? : לבנות ""מזרחי"" <b class=""highlightcolor"">בחיפה</b> : • ‭? « ‬</div>"
612	hzh19390110-01.1.4	10 January 1939	hzh	Page 4	"<div class=""txtsearchsnippet"">... של חברת י . גמילות:חסדים ן ‭, '$ 1‬ <b class=""highlightcolor"">בחיפה</b> _, ־ משתתפים באבלם ה‭-' :. ‬ ־ _־ ...</div>"
613	hzh19441127-01.1.4	27 November 1944	hzh	Page 4	"<div class=""txtsearchsnippet"">... '‬ • ‭""?‬ י יו ‭0&lt;K&gt;000&lt;&gt;&lt;X&gt;&lt;X&gt;&lt;&gt;&lt;&gt;&lt;&gt;00000&lt;X&gt;0&lt;&gt;&lt;&gt;&lt;&gt;_00&lt;&gt;0&lt;&gt;000&lt;&gt;0000&lt;&gt;00&lt;&gt;0&lt;X&gt;0‬ 5 למנהל סניפנו <b class=""highlightcolor"">בחיפה</b> 9 י •ר' פ‭"". ‬ ?ועשי‭|!‬ X ברכת מול־טוב ...</div>"
614	ahr19480527-01.1.2	27 May 1948	ahr	Page 2	"<div class=""txtsearchsnippet"">‭"" 4‬ קונצרטים <b class=""highlightcolor"">בחיפה</b> תיאטרון ""ארמון"" המנצח: איזלר סולומון הסוליםט: אריה הורכבדג(בגור) קונצרטים ...</div>"
615	hbkr19450319-01.1.3	19 March 1945	hbkr	Page 3	"<div class=""txtsearchsnippet"">... :־אה"":: הק־נצרטו הכפול! נט""ינ!: תשימפוניה ה־ד. הקונצרט ה־9 למנויים <b class=""highlightcolor"">בחיפה</b> ביום הרביעי ‭21. 3‬ בשעה &gt;' בא-יי ם ארמון־' ...</div>"
616	hzh19480316-01.1.1	16 March 1948	hzh	Page 1	"<div class=""txtsearchsnippet"">... באר שבע. ‭"";‬ י _פנחפ גורכיץ — מת מפצעיו <b class=""highlightcolor"">בחיפה</b> ן יי אלמוני שטךפ ' זוהה- י נהרג ליד ...</div>"
617	hbkr19450412-01.1.3	12 April 1945	hbkr	Page 3	"<div class=""txtsearchsnippet"">ן ביורם לאחיות ע""י <b class=""highlightcolor"">ביה""ח</b> העירוני ""הדסה"" : עירית תי־אביב מכריזה בזה | על ...</div>"
618	ahr19470105-01.1.4	5 January 1947	ahr	Page 4	"<div class=""txtsearchsnippet"">... בתי־החולים של קופ""ח וקרן-נכות, והר־ ביעי במוסדות המאשםזים יולוות <b class=""highlightcolor"">(ביה''ח</b> בעמק, ביה''ת בילינסון, וב־ה־ היולדות ברחובות‭. (‬הוא ישמש את ...</div>"
619	ahr19471228-01.1.1	28 December 1947	ahr	Page 1	"<div class=""txtsearchsnippet"">... שי י שני יהודים, שלא זוהו שנמצאו בשוק הערבי <b class=""highlightcolor"">בחיפה,</b> הובאו היום אחה""צ אי1 _ביח־החוי י ים הממשלתי. בשכונת ...</div>"
620	ahr19450314-01.1.3	14 March 1945	ahr	Page 3	"<div class=""txtsearchsnippet"">פועל, העץ <b class=""highlightcolor"">בחיפה</b> לשימי פנ• _אגודתם</div>"
621	ahr19450427-01.1.6	27 April 1945	ahr	Page 6	"<div class=""txtsearchsnippet"">... השיהרור באירופה ובאי־כוח סוציאליסטים ערבים. אסיפה דומה לזו מתקיימת <b class=""highlightcolor"">בחיפה</b> מטעם השומר הצעיר והליגה הסוציאליסטית בהשתתפות י . ברזילי. ...</div>"
622	dav19370616-01.1.6	16 June 1937	dav	Page 6	"<div class=""txtsearchsnippet"">היום _ב־8 יוצאים מאתיים תלמידי בהי הספר <b class=""highlightcolor"">בחיפה</b> לטיול ימי ליד- חופי הארץ באנית שלל1_יד ימי ארצישר־ ...</div>"
623	dav19481214-01.1.3	14 December 1948	dav	Page 3	"<div class=""txtsearchsnippet"">מנהל <b class=""highlightcolor"">ביהח</b> יל שלנו וחברנו היקר</div>"
624	dav19470331-01.1.3	31 March 1947	dav	Page 3	"<div class=""txtsearchsnippet"">... מיוצא־ ביאליסטוק. מת פתאום בנוה שאנן, היפה. הובא לקברות <b class=""highlightcolor"">בחיפה</b> ביום א‭. '‬בין המל־ וינ_) — יביט מפועלי בית ...</div>"
625	haretz19360608-01.1.7	8 June 1936	haretz	Page 7	"<div class=""txtsearchsnippet"">... ת וזו ד י \ : של עולי גרמניה <b class=""highlightcolor"">בחיפה</b> : ! מקבלים שני ילדים : מגיל של 5 ...</div>"
626	haretz19460920-01.1.6	20 September 1946	haretz	Page 6	"<div class=""txtsearchsnippet"">... הציוני לשם דיון על המצב המדיני. י בי""ם לאחיות <b class=""highlightcolor"">בחיפה</b> • אתמול נפתח <b class=""highlightcolor"">בחיפה</b> בית ספר לאחיות 'יליד כיה''ח ...</div>"
627	hmf19480503-01.1.4	3 May 1948	hmf	Page 4	"<div class=""txtsearchsnippet"">אתמול הובא לקברות <b class=""highlightcolor"">בחיפה</b> דודולף כצנשטיין, בן ‭, 37‬חשמלאי שנהרג ביום שישי יחד ...</div>"
628	hmf19471221-01.1.4	21 December 1947	hmf	Page 4	"<div class=""txtsearchsnippet"">זאב מזרחי נוצח ביום ף <b class=""highlightcolor"">בחיפה</b></div>"
629	hmf19460319-01.1.4	19 March 1946	hmf	Page 4	"<div class=""txtsearchsnippet"">סיור חברי הועדה <b class=""highlightcolor"">בחיפה</b></div>"
630	hbkr19421011-01.1.4	11 October 1942	hbkr	Page 4	"<div class=""txtsearchsnippet"">... חיפה: משרד התזמורת, הרצל ‭33 ‬ לתשומת לב הקהל <b class=""highlightcolor"">בחיפה:</b> כרסיסי המנוי נמכרים עדיין אך ורק לחברי אגודת התזמורת ...</div>"
631	hbkr19410307-01.1.8	7 March 1941	hbkr	Page 8	"<div class=""txtsearchsnippet"">... טלפון ‭2%3 ‬ נשו* אמנות' מסורתי האוטה באמנות לטובת <b class=""highlightcolor"">ביה""ח</b> לחולי רוח בחסותה האדיבה של הגב' אסתר רוקח באולם ...</div>"
632	hbkr19410407-01.1.3	7 April 1941	hbkr	Page 3	"<div class=""txtsearchsnippet"">... הקהק''ל הה' ב־ניש. בה נבחרו הצירים מטעם בתי הספר <b class=""highlightcolor"">בחיפה</b> והסביבה לכי - נוס המורים למען הקהק""ל בירושלים. בתי ...</div>"
633	hzh19410828-01.1.4	28 August 1941	hzh	Page 4	"<div class=""txtsearchsnippet"">... בטעות. ברשימתו של מר ד. ישראלי ""שוועת דיירי הצריפים <b class=""highlightcolor"">בחיפה""</b> (בגליון אתמול ־של ""הצופה‭(""‬ נפלה טעות. במקום ""סכנת הדבר ...</div>"
634	hzh19470130-01.1.3	30 January 1947	hzh	Page 3	"<div class=""txtsearchsnippet"">""אלף לילה ולילה"" י השופט חליל _שחאדה <b class=""highlightcolor"">בחיפה</b> קנם שני_. ערבים שברשותם נמצאו 648 קילו סוכר לבן ...</div>"
635	hzh19470416-01.1.4	16 April 1947	hzh	Page 4	"<div class=""txtsearchsnippet"">... לתורה, לחופה ולמע""ט. בית הספר לבנות ‭//‬מזרחי "" ומניפו <b class=""highlightcolor"">בחיפה</b></div>"
636	hegeh19461209-01.1.1	9 December 1946	hegeh	Page 1	"<div class=""txtsearchsnippet"">המעפיל עזריאל פרנקל שהועבר מאנית ""כנסת ישראל"" לבית-החולים הממשלתי <b class=""highlightcolor"">בחיפה</b> עומד לעזוב את <b class=""highlightcolor"">ביה״ח</b> ויועבר כנראה לעתלית.</div>"
637	haretz19361225-01.1.16	25 December 1936	haretz	Page 16	"<div class=""txtsearchsnippet"">... ■מאז עבדה כל הזמן כאחות מוסמכת אחראית במחלקה של <b class=""highlightcolor"">ביה״ח</b> בתל־אביב. לפני ימים אחדים חלתה בפלגמונה של הפנים, ■שכבה ...</div>"
638	dav19311007-01.1.4	7 October 1931	dav	Page 4	"<div class=""txtsearchsnippet"">... רהי פן ג'ורג' 18 (בדרך למאה שערים) : מול <b class=""highlightcolor"">ביה""ח</b> האיטלקי ‭~ ?‬ הש_9ות ‭12-9‬ _לפהיצ ‭3-6‬ אתה""צ / ...</div>"
639	dav19340320-01.1.4	20 March 1934	dav	Page 4	"<div class=""txtsearchsnippet"">... ‭/;, 22. 3. 24‬ כרטיסים;במחיר ‭35-150‬ מיל ‭\\ 81‬ <b class=""highlightcolor"">בחיפה</b> במשרד תיאטרו:י קצקה ‭.. : . ‬י ‭/ !(*‬ ...</div>"
640	dhy19320114-01.1.1	14 January 1932	dhy	Page 1	"<div class=""txtsearchsnippet"">... ה כשביל _חעא מנהל שצ ועד _ניןךמוןלים הקהצה חעברית <b class=""highlightcolor"">בחיפה</b> הוטה — המשרה היא הצקית ~ עצ המעונינים צפנות ...</div>"
641	dhy19350804-01.1.8	4 August 1935	dhy	Page 8	"<div class=""txtsearchsnippet"">... טלפון‭113, ‬ ת. ד‭. 624. ‬ ן § סוכנים <b class=""highlightcolor"">בחיפה</b> ותל אביב‭1 V. ‬</div>"
642	haretz19350226-01.1.7	26 February 1935	haretz	Page 7	"<div class=""txtsearchsnippet""><b class=""highlightcolor"">בחיפה</b></div>"
643	haretz19340105-01.1.4	5 January 1934	haretz	Page 4	"<div class=""txtsearchsnippet"">... •‭1. 2. 3 ‬ ע""ד תנאי העבודה לפנות להנהלת <b class=""highlightcolor"">ביה''ח</b> בכל יום' מלבד ששי ושבת משעה 4 עד ‭5. ...</div>"
644	hzh19460617-01.1.4	17 June 1946	hzh	Page 4	"<div class=""txtsearchsnippet"">... (נורה בשדה ע''י ערבי שנתפס) הבריא מפצעיו ועזב את <b class=""highlightcolor"">ביה""ח</b> רוטשילד. ־ מצבו של _ראיפק _ביידון ללא שינוי במצבל ...</div>"
645	mar19480311-01.1.2	11 March 1948	mar	Page 2	"<div class=""txtsearchsnippet"">מכונית ערבית ניסתה לפרוץ מחסום <b class=""highlightcolor"">בחיפה</b></div>"
646	itonmeyuhad19340906-01.1.4	6 September 1934	itonmeyuhad	Page 4	"<div class=""txtsearchsnippet"">... במטתה. ובו בלילה מתה הגברת נאסימה הי־ פה. הנהלת <b class=""highlightcolor"">ביה״ח</b> דנציגר הודיעה למש - טרה על דבר מותה של ...</div>"
647	hayesod19330504-01.1.4	4 May 1933	hayesod	Page 4	"<div class=""txtsearchsnippet"">מטבחי הפועלים <b class=""highlightcolor"">בחיפה</b> קונים בשר טרה</div>"
648	hayomjlm19480121-01.1.4	21 January 1948	hayomjlm	Page 4	"<div class=""txtsearchsnippet"">הפצועים הועברו לביה״ח הצבאי <b class=""highlightcolor"">בחיפה,</b> ואחד לבית החולים רוטשילד <b class=""highlightcolor"">בחיפה.</b> היום בשמונה בבוקר יצא ...</div>"
649	dav19441120-01.1.4	20 November 1944	dav	Page 4	"<div class=""txtsearchsnippet"">... של האם העונות למפעל השנה של א. א. ע. <b class=""highlightcolor"">בחיפה</b> ארגון ארגון‭--‬ שהוקם שהוקם במז במזל7 לגל לגל יצ ...</div>"
650	haretz19460618-01.1.3	18 June 1946	haretz	Page 3	"<div class=""txtsearchsnippet"">... ‭19. 6‬ ""הכלה המכוד^ בכפד־סבא יום ה' ‭2016‬ ""העטלף- <b class=""highlightcolor"">בחיפה</b> ב־9 ב""ארמון'' . יום' זר ‭23. 6‬ ""לה כלהפ• ...</div>"
651	hmf19480116-01.1.8	16 January 1948	hmf	Page 8	"<div class=""txtsearchsnippet"">... בכתלי הבית או יחדרו לתוכו. כמה פעמים פנתה הנהלת <b class=""highlightcolor"">ביה""ח</b> לשלטונות ולמוסדות בדרישה להעביר את המוסד העירה, אך עד ...</div>"
652	ahr19481121-01.1.1	21 November 1948	ahr	Page 1	"<div class=""txtsearchsnippet"">... מילוי ההוראות בנגב — אמר הערב דובר מטה או""ם <b class=""highlightcolor"">בחיפה.</b></div>"
653	haretz19470314-01.1.7	14 March 1947	haretz	Page 7	"<div class=""txtsearchsnippet""><b class=""highlightcolor"">בחיפה</b> ]</div>"
654	dav19330209-01.1.5	9 February 1933	dav	Page 5	"<div class=""txtsearchsnippet"">... _* _+&lt; , _#_* &lt;&gt;*&gt;&lt;0&gt;&gt;‬ ‭:;‬ הועד העירוני של <b class=""highlightcolor"">ביה""ח</b> העירוני הדסה בתל אב־ב ‭' :‬ מינוין על ‭\\‬ ...</div>"
655	dav19380119-01.1.5	19 January 1938	dav	Page 5	"<div class=""txtsearchsnippet"">... לפועל 110 נל עבודות הנגרות של בנין הברקליס בנק <b class=""highlightcolor"">בחיפה</b></div>"
656	dhy19341211-01.1.5	11 December 1934	dhy	Page 5	"<div class=""txtsearchsnippet"">... אשפאות"" אם אפקפק "" בצדקת ההסכם ובהתאמתו אהשקפות חברינו• <b class=""highlightcolor"">בחיפה.</b> בירושאם חיו שתי רשימות וחן קבאי"" מספר שוה שא ...</div>"
657	haretz19370510-01.1.7	10 May 1937	haretz	Page 7	"<div class=""txtsearchsnippet""><b class=""highlightcolor"">בחיפה</b></div>"
658	haretz19460505-01.1.2	5 May 1946	haretz	Page 2	"<div class=""txtsearchsnippet"">... לממשלת רוסיה סופרו של ""פלשתין"" מודיע שארגון החזית הערבית <b class=""highlightcolor"">בחיפה</b> החליט באשפתו להזמין את ציר רוסיה בבירות לבקר <b class=""highlightcolor"">בחיפה,</b> ...</div>"
659	haretz19330721-01.1.4	21 July 1933	haretz	Page 4	"<div class=""txtsearchsnippet""><b class=""highlightcolor"">בחיפה</b></div>"
660	ahr19470626-01.1.3	26 June 1947	ahr	Page 3	"<div class=""txtsearchsnippet"">... מ־‭1—11‬ ומי‭. 8—4‬ מוסד לבדיקת תלונות על תוצרת הארץ <b class=""highlightcolor"">בחיפה</b> הוקם מוסד לבדיקת חלונות על מוצרי תוצרת הארץ. המשרד ...</div>"
661	ahr19471015-01.1.3	15 October 1947	ahr	Page 3	"<div class=""txtsearchsnippet"">... מרפאה חדשה לחולי קדחת השגתן (רומטיזם) נפתהד, אתמול בנ_*רפאות <b class=""highlightcolor"">ביה""ח</b> האוניברסיטאי של הדסה עיש ל. ד. ברנדייס, ברחוב הסולל. ...</div>"
662	ahr19480118-01.1.1	18 January 1948	ahr	Page 1	"<div class=""txtsearchsnippet"">• ‭MIIHIIIIIIIIIIIIIIIIIII‬ לפי צו המוסדות העליונים והחלטת ועדת המצב <b class=""highlightcolor"">בחיפה</b> תחל גבית תו השעשועים של _כפד ה""שוב"" "" (ע""י ...</div>"
663	dav19350717-01.1.4	17 July 1935	dav	Page 4	"<div class=""txtsearchsnippet"">... והוצאת התקנתם הושקעו בברכ־8000 . לא""י. • י ? <b class=""highlightcolor"">ביהח</b> יי ר שייך לקבוצת "" אחים‭, ""‬ הרשומה בקואופרטיב, ...</div>"
664	haretz19471026-01.1.4	26 October 1947	haretz	Page 4	"<div class=""txtsearchsnippet"">... גערכה לו ממיבה בביתו של ד""ר קארל להניאו מנהל <b class=""highlightcolor"">ביה""ח</b> ""גשי"" בכימל המע־ י רב*. בתכנית מיוריו הממ: ביקוי ...</div>"
665	haretz19390607-01.1.4	7 June 1939	haretz	Page 4	"<div class=""txtsearchsnippet"">... יוםידי‭, 7. 6‬ . כתריאליפיב־ , 8 בערב באואפ*רמח"" <b class=""highlightcolor"">בחיפה</b> . "" , • יום ה ‭8. 6‬ , ...</div>"
666	hmf19391220-01.1.4	20 December 1939	hmf	Page 4	"<div class=""txtsearchsnippet"">... מפירמות שונות. ההגינה השאירה רושם נעים על הילדים. הנהלת <b class=""highlightcolor"">ביה""ח</b> מביעה את תודתה לבתי-המסחר שתרמו מתרומותיהם לסי־ דורה של ...</div>"
667	hmf19480222-01.1.1	22 February 1948	hmf	Page 1	"<div class=""txtsearchsnippet"">פעולות־תגמול נרחבות בלב האזור העובי <b class=""highlightcolor"">בחיפה</b></div>"
668	hbkr19421025-01.1.4	25 October 1942	hbkr	Page 4	"<div class=""txtsearchsnippet"">?ןומנו שוב ידו התאחדות התעשיה <b class=""highlightcolor"">בחיפה</b></div>"
669	hbkr19411024-01.1.5	24 October 1941	hbkr	Page 5	"<div class=""txtsearchsnippet"">... מכלל רכושו של המנוח, הוא ביתו של מ. איט־שקין <b class=""highlightcolor"">בחיפה.</b> עיד בחייו דאג או־ פישקין בעצמי ימדוד מתנתו לקרן ...</div>"
670	hmf19460502-01.1.4	2 May 1946	hmf	Page 4	"<div class=""txtsearchsnippet"">... סבורים שהורעלו בבשר או דגים מקולקלים. ד""ד אברמוביץ, מנהל <b class=""highlightcolor"">ביה""ח</b> ""הדסה"" בת""א‭' ', ‬ מסר בשיחה עם סופרנו שזו ...</div>"
671	hmf19460823-01.1.8	23 August 1946	hmf	Page 8	"<div class=""txtsearchsnippet"">אזהרת בהלה <b class=""highlightcolor"">בחיפה</b></div>"
672	hmf19460911-01.1.4	11 September 1946	hmf	Page 4	"<div class=""txtsearchsnippet"">... שינוי מכריע לרעד, ויש חשש לחייו. אתמול ניסו רופאי <b class=""highlightcolor"">ביה""ח</b> הממשלתי בירושלים להערות דם לעורק-ו, אך הוא התנגד בכל ...</div>"
673	hmf19461009-01.1.8	9 October 1946	hmf	Page 8	"<div class=""txtsearchsnippet"">... חודש זה. נודע כי ""הדסה"" מעיינת באפשרות של סגירת <b class=""highlightcolor"">ביה""ח</b> שלה בעתלית מאחר שלא יהין במחנה חולים הנזקקים לו.</div>"
674	hzh19480502-01.1.4	2 May 1948	hzh	Page 4	"<div class=""txtsearchsnippet"">עיי ‭J1I!!IU1_UI!1I!1_IIU!1IU11!IUIHII!I;!I11I1!1I!I!!1_HI1JS!I11_^‬ א ‭I '‬הרשמתתלמידותלשוה !_ביה־ס לאחיות <b class=""highlightcolor"">ביה""ח</b> רוטשילד <b class=""highlightcolor"">בחיפה</b> ‭. m '‬1 J‬ ־ — I ...</div>"
675	hazmantlv19431110-01.1.4	10 November 1943	hazmantlv	Page 4	"<div class=""txtsearchsnippet"">... הוסיין וסעיד עבדול קאצר נעצרו ע״י כבי השופט רוזנצווייג <b class=""highlightcolor"">בחיפה</b> למשך 15 יום באשמת רצח חג׳ מחמוד בתוך ב ...</div>"
676	hazmantlv19440208-01.1.4	8 February 1944	hazmantlv	Page 4	"<div class=""txtsearchsnippet"">... משפטו של פקיד המכס הנרי מאנצור בבית ׳־דין המחוזי <b class=""highlightcolor"">בחיפה,</b> העיד אתמול מר הדריל. פקיד גבות ממשרד המכס. הוא ...</div>"
677	itonamami19480129-01.1.2	29 January 1948	itonamami	Page 2	"<div class=""txtsearchsnippet"">... בגלל המצב בתחבורה בכבישים. כל אהך יודע, כי הנמל <b class=""highlightcolor"">בחיפה</b> עמוס למעלה מאפשרויותיו, ושם מחכות אגיות בתור זמן ממושך ...</div>"
678	hashaah19390221-01.1.5	21 February 1939	hashaah	Page 5	"<div class=""txtsearchsnippet"">... שני אנשים, שאחד מהם היה מזוין, ערבי אחד בשוק <b class=""highlightcolor"">בחיפה</b> ושדדו ממנו 1.500 לא״י. ילדים מהכלים שלשום בבוקר ננרם ...</div>"
679	haretz19430414-01.1.2	14 April 1943	haretz	Page 2	"<div class=""txtsearchsnippet""><b class=""highlightcolor"">בחיפה</b></div>"
680	dav19370723-01.1.4	23 July 1937	dav	Page 4	"<div class=""txtsearchsnippet"">... | ‭'7. 17. 7‬ ?הו?דת הבת 1 | עונד* <b class=""highlightcolor"">ביה""ח</b> העיריביהדסה"" ‭"" 1‬ ח‭| || || 7!! | || ...</div>"
681	dav19300624-01.1.4	24 June 1930	dav	Page 4	"<div class=""txtsearchsnippet"">... הד""ר מ+ בוי עמי ברחוב _בל _י&amp;ור וו מול <b class=""highlightcolor"">ביה'ח</b> 5ר1דםה‭&lt;! ‬</div>"
682	dav19340511-01.1.4	11 May 1934	dav	Page 4	"<div class=""txtsearchsnippet"">לרחוב _הנביאים בית ויניחם מול <b class=""highlightcolor"">ביה""ח</b> "" הדסה‭, ""‬ירושלים שעות: ‭5. 30—3. 30‬ אחת""צ. טלפון ...</div>"
683	dav19320930-01.1.21	30 September 1932	dav	Page 21	"<div class=""txtsearchsnippet"">רח י הנביאים, ירושלים, מול <b class=""highlightcolor"">ביה""ח</b> הדסה, טלפון 114</div>"
684	dav19330223-01.1.4	23 February 1933	dav	Page 4	"<div class=""txtsearchsnippet"">ן- אחיות <b class=""highlightcolor"">ביה''ח</b> ""הדסה"" ‭? ?‬ משתתפות באבלה של החי § צפורה ...</div>"
685	dav19330727-01.1.1	27 July 1933	dav	Page 1	"<div class=""txtsearchsnippet"">הממשלה נדרשת . למות <b class=""highlightcolor"">ביה‭""'‬ח</b> <b class=""highlightcolor"">בחיפה</b></div>"
686	dhy19330726-01.1.4	26 July 1933	dhy	Page 4	"<div class=""txtsearchsnippet"">... קאסאב ‭. ?‬ נתנה בזה מודעה, שבית המשפט המחוזי <b class=""highlightcolor"">בחיפה</b> מנה את הא' מחמר עלי תמימי, וחנה עספור וה ...</div>"
687	dhy19320117-01.1.4	17 January 1932	dhy	Page 4	"<div class=""txtsearchsnippet"">_ בית יימשפט השצום <b class=""highlightcolor"">בחיפה</b> הזמנה לנתבע אמר יוסף גואנד עפוצה, מקום םגודו הנוכחי ...</div>"
688	haretz19360821-01.1.11	21 August 1936	haretz	Page 11	"<div class=""txtsearchsnippet"">... (שכונתה גם פ. אלקה לופטיג) הנ""ל, שהיתה גרה באהרונת <b class=""highlightcolor"">בחיפה</b> ושנפטרה <b class=""highlightcolor"">בחיפה</b> ביום ‭10‬ באבגוםט ‭, 1935‬ וש־ היתה ...</div>"
689	haretz19350731-01.1.7	31 July 1935	haretz	Page 7	"<div class=""txtsearchsnippet"">I ו?‭""3ע*8‬ ישנו-בשותפות I בית משותף <b class=""highlightcolor"">בחיפה</b> I חדר חבדמל, רחוב חלל הנמזיות I ! דירות ...</div>"
690	haretz19390609-01.1.7	9 June 1939	haretz	Page 7	"<div class=""txtsearchsnippet"">... ""ע ‭1ל 1‬ שן‭|ש1‬ץ י \‭* /^1 ‬ של <b class=""highlightcolor"">ביה־ח</b> פשיםוסקר (ן // ן סגן המנהל הסכגי לוטטבר^^ ‭II ...</div>"
691	hbkr19400516-01.1.5	16 May 1940	hbkr	Page 5	"<div class=""txtsearchsnippet"">... היא באה בלוית הגב' ג'יקובס ונתקבלה ע""י חברי הנהלת <b class=""highlightcolor"">ביה""ח</b> ושוחחה אתם שעה ארוכה. בסוף הביקור הוגש לליידי מק־ ...</div>"
692	hbkr19461108-01.1.7	8 November 1946	hbkr	Page 7	"<div class=""txtsearchsnippet"">... * ** 07 ו1‬ •* ‭* * | 1‬ <b class=""highlightcolor"">בחיפה,</b> ביום א' ‭8. 11. 46‬ ויום ב' ‭10. 11. ...</div>"
693	hmf19451012-01.1.6	12 October 1945	hmf	Page 6	"<div class=""txtsearchsnippet"">... מסניף החקירות הפליליות ביפו&gt; והמפקה הבריטי הולם, מסניף החקירות <b class=""highlightcolor"">בחיפה.</b> העד הראשון סיפר על אשמה קודמת שהיתר, ליהודה למברגר ...</div>"
694	hmf19450502-01.1.4	2 May 1945	hmf	Page 4	"<div class=""txtsearchsnippet"">, בםעו מיגור לחגיגת א במאי <b class=""highlightcolor"">בחיפה</b></div>"
695	hzh19460612-01.1.4	12 June 1946	hzh	Page 4	"<div class=""txtsearchsnippet"">... נהל־רפואי ד""ד ה. וולשטין' והאחיות _הרחמניות ולכל המנגנון של <b class=""highlightcolor"">ביה""ח‭',</b> ‬שטיפלו בי במסירות כל כך נאמנה! ולחברי ההנהלה הנכבדה ...</div>"
696	hazmantlv19430822-01.1.4	22 August 1943	hazmantlv	Page 4	"<div class=""txtsearchsnippet"">... הכתבת פרדס חנה: המקצוע מהנדס ומודד: בית המשפט, המחוזי <b class=""highlightcolor"">בחיפה•</b> מס. התיק 52/43: יום אחרון לקבלת הוכחית חיב 11.8.43: ...</div>"
697	dhy19340806-01.1.4	6 August 1934	dhy	Page 4	"<div class=""txtsearchsnippet"">בית החולים ביסור־חולים האספיטאלירושלים ב נפתח למאי פתיהת <b class=""highlightcolor"">ביה""ח</b> _ביקור־חואים האספיטאא חנני מודיעה אאקוחותי הנכבדות כי אני שבה ...</div>"
698	haretz19421101-01.1.4	1 November 1942	haretz	Page 4	"<div class=""txtsearchsnippet"">... ביחס לתוספת יוקר. בהיפר. כתוצאה מהתערבותו על ועד הקהלה <b class=""highlightcolor"">בחיפה</b> לא יסגרו בתי הספר היום <b class=""highlightcolor"">בחיפה.</b> פרטים בעני ן ...</div>"
699	hmf19460722-01.1.4	22 July 1946	hmf	Page 4	"<div class=""txtsearchsnippet"">בית־חולים פרטי . גדול ומשוכלל יוקם <b class=""highlightcolor"">בחיפה</b></div>"
700	haretz19310419-01.1.3	19 April 1931	haretz	Page 3	"<div class=""txtsearchsnippet"">... בהשתתפות ב""כ רופאי הדסה, אישר את דעתנו, כי טנהא <b class=""highlightcolor"">ביה""ח</b> בטבריה, ! ד""ר זס, עמד על הנובה הרפואי, וטאא ...</div>"
701	haretz19480316-01.1.4	16 March 1948	haretz	Page 4	"<div class=""txtsearchsnippet"">... היהודיפ הצליהו ל־ המלט ולהגיע כשלופ. המקרה שפרטיו נודעו <b class=""highlightcolor"">בחיפה</b> העברית אתמיל עורר התמרמרות עצומה בקהל היהודי. שלסונות הצבא ...</div>"
702	hmf19471116-01.1.4	16 November 1947	hmf	Page 4	"<div class=""txtsearchsnippet"">יריות על אוטובוס יהודי <b class=""highlightcolor"">בחיפה</b> ־ נהרג צעיר</div>"
703	hmf19471109-01.1.4	9 November 1947	hmf	Page 4	"<div class=""txtsearchsnippet"">... לבקשה, כי ב־26 לאוגוסט נעצר בנו ע""י קבוצת חיילים <b class=""highlightcolor"">בחיפה,</b> והובא לבי""ד צבאי לשיפוט מהיר באשמת הדבקת כרוזי לח""י_, ...</div>"
704	hmf19481011-01.1.2	11 October 1948	hmf	Page 2	"<div class=""txtsearchsnippet"">בבית משפט חשלום <b class=""highlightcolor"">בחיפה.</b> תיק ההוצאה לפיעל מם' ‭7/48‬ט‭. 44‬הנשפט לזכותו: יצחק דיסקין. ...</div>"
705	hbkr19470512-01.1.3	12 May 1947	hbkr	Page 3	"<div class=""txtsearchsnippet"">... התזפירת. רחוב אלנב' ‭. 56 ‬ קונצרט 8 למנויים <b class=""highlightcolor"">בחיפה</b> התזמורת מנצחת עד עצמה יופ ד־ ‭14. 5‬ תיאטרון ...</div>"
706	hbkr19460530-01.1.3	30 May 1946	hbkr	Page 3	"<div class=""txtsearchsnippet"">‭5££1₪ ‬ ""*י?'?;??^'* שזמחזדי הערב ‭30. 5‬לה בוהם"" "" <b class=""highlightcolor"">בחיפה.</b> ארמון"". כי9 "" מוצ""ש, ‭1ט _ , 1. 6‬םקה"" ...</div>"
707	haretz19440525-01.1.2	25 May 1944	haretz	Page 2	"<div class=""txtsearchsnippet"">... הפ בודדיפ באניות אלו. אולם ארגון יש להם — <b class=""highlightcolor"">בחיפה,</b> וכדאי להתעניין בלבטיו והישגיו. שנת התחלה של העליה הגדולה, ...</div>"
708	haretz19460221-01.1.3	21 February 1946	haretz	Page 3	"<div class=""txtsearchsnippet"">... בקולנוע . אות יון"" הטרס . לינה ורסבינה"", לסוכת <b class=""highlightcolor"">ביה""ח</b> . עזרת נשים''. חיופ וחערכ — באוניברטיםה, כבנין רוזנבלום ...</div>"
709	hrt19481220-01.1.4	20 December 1948	hrt	Page 4	"<div class=""txtsearchsnippet"">הועדה לבירור הדיור והשיבה הצבאי <b class=""highlightcolor"">בחיפה</b> קובעת: הסיבוכים ותופעות ההפקא־ת בגרמו !</div>"
710	hbkr19391231-01.1.3	31 December 1939	hbkr	Page 3	"<div class=""txtsearchsnippet"">... העלאת העצמות השתתפו למעלה מ־100 אנשי הכת הבא־ 'תאית <b class=""highlightcolor"">בחיפה</b> ובתוכם אורהים שבאו להש־ תתף ?בטקס מהארצות השכנות. העצמות ...</div>"
711	hmf19470808-01.1.8	8 August 1947	hmf	Page 8	"<div class=""txtsearchsnippet"">... ממלון ""המלך דוד"" להר הצופים לבנין בו נמצא היום <b class=""highlightcolor"">ביה""ח</b> הצבאי מס‭. 16. ‬בית המלון יוחזר לבעליו. שינויים רבים ...</div>"
712	hmf19470522-01.1.4	22 May 1947	hmf	Page 4	"<div class=""txtsearchsnippet"">... ללטרון 3 צעירותי לבית־לחם 5 צעירים מבין ה""מתיצבים"" שנאסרו <b class=""highlightcolor"">בחיפה</b> בשבוע שעבר הועברו ללטרון. למעצר , בבית־לחמ נשלחו 3 ...</div>"
713	hmf19471021-01.1.4	21 October 1947	hmf	Page 4	"<div class=""txtsearchsnippet"">... פרטים אפשר לקבל: כתל־אכיכ - במשרד הבנק בשעות העבודה. <b class=""highlightcolor"">בחיפה</b> — היום חמישי‭23, ‬ באוקטובר 1947 בשעות 'י ‭12. ...</div>"
714	hmf19480917-01.1.6	17 September 1948	hmf	Page 6	"<div class=""txtsearchsnippet"">גניבה ב""קונםוליה"" הבריטית <b class=""highlightcolor"">בחיפה</b></div>"
715	hmf19480219-01.1.4	19 February 1948	hmf	Page 4	"<div class=""txtsearchsnippet"">יריות עד <b class=""highlightcolor"">ביה‭_^'‬ח</b> ""הדסה"" בירושלים אתמול ?לפנה""צ נורו יריות על ביה'יח ""הדסה"" ...</div>"
716	hbkr19450813-01.1.4	13 August 1945	hbkr	Page 4	"<div class=""txtsearchsnippet"">להחריף דידה של 2 או 3 חדרים <b class=""highlightcolor"">בחיפה</b> בדירה דומה בירישלים. לפנית: רוזנבלום, ת. ד. ‭283 ‬ ...</div>"
717	hmf19470513-01.1.4	13 May 1947	hmf	Page 4	"<div class=""txtsearchsnippet"">... יום ‭, ""הים‬מפגן סירות, הצגת סרט ימי. תהלוכת הנוער <b class=""highlightcolor"">בחיפה</b> תעבור ברחובות ארלוזורוב, הרצל, בלפור עד לבית הספר הריאלי. ...</div>"
718	haretz19330528-01.1.3	28 May 1933	haretz	Page 3	"<div class=""txtsearchsnippet"">... יזרעאל ולעמק הירדן, לפי תכנית בקורים זאת: ’בעפולה, מרחביה, <b class=""highlightcolor"">ביה״ח</b> המרכזי, בלפוריה, בפר גדעון, מזרע, תל־עדשים, נצרת, טבריה, דגניה ...</div>"
719	haretz19331006-01.1.4	6 October 1933	haretz	Page 4	"<div class=""txtsearchsnippet"">... נאלאיני אחמד גאלאיני עסק עד יום האסרו במלאכת המסגרות <b class=""highlightcolor"">בחיפה</b> והנאשם הליל עיסה עבד אצלו בשול--יה. בבית הדין הובאה ...</div>"
720	ahr19461227-01.1.10	27 December 1946	ahr	Page 10	"<div class=""txtsearchsnippet"">... מתאימה• מוקש כהיפה‭—. ‬ במוצאי יום ר נמצא מוקש <b class=""highlightcolor"">בחיפה</b> בפנת הרחובות אלנבי — שדרות הכרמל. המוקש ?סורק _על־יזי ...</div>"
721	ahr19471217-01.1.4	17 December 1947	ahr	Page 4	"<div class=""txtsearchsnippet"">... היה מפעילי הכטחון הניה אהות כק בוצת הצופיב והוריט <b class=""highlightcolor"">בחיפה</b> כאותה התקכה נפצעו עוד חברי רביבים יוסף אבנר ויואל ...</div>"
722	haretz19310809-01.1.1	9 August 1931	haretz	Page 1	"<div class=""txtsearchsnippet"">... ל חלות העור והמין ה ת י ש ב <b class=""highlightcolor"">בחיפה</b> מקבל חולים בקליניקה שלו - רחוב אלנבי מול מלון ...</div>"
723	haretz19381115-01.1.4	15 November 1938	haretz	Page 4	"<div class=""txtsearchsnippet"">... הבאה לכסוי ההוב לפי פסק דין מבית משפט השלום <b class=""highlightcolor"">בחיפה</b> במשפט מס' ‭8813/37‬ אזרהי ע""ס ‭40‬ לא""י בצרוף ההוצאות ...</div>"
724	haretz19470523-01.1.8	23 May 1947	haretz	Page 8	"<div class=""txtsearchsnippet"">... (לבית מםלנםקי) ואפרים הודנייק א' רון תשיז(‭20. 5. 47‬) <b class=""highlightcolor"">ביה""ח</b> ""אסותא"". פית הנוך עוריפ כירושלים. מגיש את ברכותיו לעובדי ...</div>"
725	hbkr19400319-01.1.6	19 March 1940	hbkr	Page 6	"<div class=""txtsearchsnippet"">... השיניט. ?אגב מסר כ־ במשך ‭14‬ שנות קיומו של <b class=""highlightcolor"">ביה""ח</b> לא ה־פסקה ב־ העבודה אפ־לו ליום אחד לדגל סכסוכים. ...</div>"
726	hmf19470801-01.1.7	1 August 1947	hmf	Page 7	"<div class=""txtsearchsnippet"">בבית המשפט , המחוזי <b class=""highlightcolor"">בחיפה</b></div>"
727	hmf19451030-01.1.4	30 October 1945	hmf	Page 4	"<div class=""txtsearchsnippet"">... בירושלים. _הנזמ! לפי דברי התביעה הכללית חוב הנביאים מול <b class=""highlightcolor"">ביה""ח</b> הגרמני חשוד בטרוריזמ שהמשטרה חיפשהו זה אותו אדם שמחפשים ...</div>"
728	hbkr19410214-01.1.6	14 February 1941	hbkr	Page 6	"<div class=""txtsearchsnippet"">... ‭10‬ לא""י לח־דש. פרטים אפשר לקבל במשרד ההנהלה של <b class=""highlightcolor"">ביה""ח</b> העירוני בשעות ‭10 ‬ עד ‭12‬ לפנה""צ. הצעות מועמדים ...</div>"
729	hbkr19410110-01.1.7	10 January 1941	hbkr	Page 7	"<div class=""txtsearchsnippet"">... בכית העש, ת י-אכיב ביום ד, ' !., &lt;! <b class=""highlightcolor"">בחיפה</b> 2 הצגות אחרונות ב־ד—‭9. 15 ‬ ימיצ""ש ‭!8, 1‬ ...</div>"
730	hbkr19380106-01.1.5	6 January 1938	hbkr	Page 5	"<div class=""txtsearchsnippet"">... ‬ :יש־ש אפשי ־יקבל אצ־' מזכי־1 בית־ החי־ים במשרד <b class=""highlightcolor"">ביה""ח</b> ברח־ב בלפיד בכל י־ש. מי י בד שנת• בשע-ת ...</div>"
731	hbkr19380624-01.1.8	24 June 1938	hbkr	Page 8	"<div class=""txtsearchsnippet"">... הקהל פתנקש לתרום ביר נייגזז. י- חנית . חבר"" <b class=""highlightcolor"">בחיפה</b> הסניסה לשמור בקפדנות על הפסקת חתנו!"" בקו מספר ‭, ...</div>"
732	hmf19450719-01.1.3	19 July 1945	hmf	Page 3	"<div class=""txtsearchsnippet""><b class=""highlightcolor"">בחיפה</b> 'קהל רב מילא ביום ב' בערב את אולם בית ...</div>"
733	hmf19450213-01.1.4	13 February 1945	hmf	Page 4	"<div class=""txtsearchsnippet"">... לא יאוחר מאשר ביום חמישי בשבוע בשעה 10 בבוקר. <b class=""highlightcolor"">בחיפה</b> עד יום ג' בערב, בתל אביב עד יום ד' ...</div>"
734	hmf19460118-01.1.8	18 January 1946	hmf	Page 8	"<div class=""txtsearchsnippet"">... היה נושא י ההויצאד_, והויכו־ _9ימ י באספו!בעלי אגרתדהצ""ח <b class=""highlightcolor"">בחיפה'</b> באו‭- : *-‬ מת פבזנר, שהיה מלא עזן אסם ...</div>"
735	hmf19391106-01.1.4	6 November 1939	hmf	Page 4	"<div class=""txtsearchsnippet"">... הםניטרים של ביה""ה ""הדסה‭, ""‬בעת רדתו להדר המתים שע""י <b class=""highlightcolor"">ביה""ח,</b> חבילה, ישבה היה עטוף תינוק בן יומו. הדבר נמסר ...</div>"
736	hzh19440614-01.1.4	14 June 1944	hzh	Page 4	"<div class=""txtsearchsnippet"">... צבי ? פרייליד בצבא יהודית בת »ליב מדחבקה . <b class=""highlightcolor"">ביה""ח</b> בילינסון ? יוסף בת אברהם רומני ת""א ‭&gt;?‬•&gt; &lt; ...</div>"
737	dav19480128-01.1.1	28 January 1948	dav	Page 1	"<div class=""txtsearchsnippet"">... העירוני בתל־אביב‭_8. ‬הד הפצועים, יהזק_&amp;_י! _וולפסנוון, מרחוב השילוח 4 <b class=""highlightcolor"">בחיפה,</b> _נפגוג קל מעל לעינו השמאלית, נחבש ונשלח לביתו. הפצוע ...</div>"
738	haretz19470320-01.1.3	20 March 1947	haretz	Page 3	"<div class=""txtsearchsnippet"">... אדם כי יעקב זוננברג ן פנה לבית המשפט המחוזי <b class=""highlightcolor"">בחיפה</b> בבקשה ! לתת צו המכריז על ירושת המנוחה רחלה ...</div>"
739	haretz19430629-01.1.3	29 June 1943	haretz	Page 3	"<div class=""txtsearchsnippet"">... תורים בקרית שמואל בעזרתו הארגונית והפדגוגית של ביה""ס התאלי <b class=""highlightcolor"">בחיפה.</b> בית ספר זה הגיע לאחר האבקית קשר. לידי מעמד ...</div>"
740	hbkr19430712-01.1.3	12 July 1943	hbkr	Page 3	"<div class=""txtsearchsnippet"">... 'ש שוק גדול לסחודתס, כי ימצאו יהידיג: רדפ בתל־אביב. <b class=""highlightcolor"">בחיפה</b> וכר אשר יוציאו לידות אחדית על העונג לראות את ...</div>"
741	dav19450709-01.1.2	9 July 1945	dav	Page 2	"<div class=""txtsearchsnippet"">... התכניות לגית־ הולים בצפון הארץ, שהיקף־קליטחו ישוה לזה !_רל <b class=""highlightcolor"">ביה""ח</b> בילעטון. יוקמו דית־יולדות נוסף למרפאה נחירה. _למרפאה ברחובות ת5_יחנ. ...</div>"
742	haretz19310721-01.1.3	21 July 1931	haretz	Page 3	"<div class=""txtsearchsnippet"">... ‭$| ן|| ‬ המו""ט עם עירית תא־אביב בדבר העברת <b class=""highlightcolor"">ביה""ח</b> י הדםה ארשותה — שנמשך קרוב אשנה, נגמר בתנאים ...</div>"
743	hbkr19470331-01.1.3	31 March 1947	hbkr	Page 3	"<div class=""txtsearchsnippet"">‭101*‬ ננועים בשחפת <b class=""highlightcolor"">בחיפה</b></div>"
744	hbkr19420920-01.1.5	20 September 1942	hbkr	Page 5	"<div class=""txtsearchsnippet"">... המכבי ‭. 3‬ ת. ד. ‭. 4091 ‬ יבקר <b class=""highlightcolor"">בחיפה</b> ביום שלישי. ‭. 22. 9‬ וביים רביעי' ‭, 23. ...</div>"
745	dav19351129-01.1.4	29 November 1935	dav	Page 4	"<div class=""txtsearchsnippet"">... לא נתקבלו פועלים יהודים לבתי המלאכה של מסילת הברזל <b class=""highlightcolor"">בחיפה.</b> ב) בין כל העובדים שנתקבלו בזמן האחרון למחלקת התנועה ...</div>"
746	dav19450625-01.1.2	25 June 1945	dav	Page 2	"<div class=""txtsearchsnippet"">... זה, והנה פתאום, ביום וי 22 בחודש, כשבאו עובדי <b class=""highlightcolor"">ביה""ח</b> לאולם הנ''ל, מצאו שמנעולי הדלתות הוסרו ככוח !י""י שליחי ...</div>"
747	haretz19441017-01.1.3	17 October 1944	haretz	Page 3	"<div class=""txtsearchsnippet"">... איש מסהר מוכן להשקעות במסחר בתנאי של סוכנות כללית <b class=""highlightcolor"">בחיפה.</b> לפנות: ב. ב. ק. ת. ד. ‭, 376‬ חיפה. ...</div>"
748	ahr19480621-01.1.3	21 June 1948	ahr	Page 3	"<div class=""txtsearchsnippet"">... הכניסה ואושרו 2י הלמידות למחזור החדש של ביה""פ ליד <b class=""highlightcolor"">ביה""ח</b> בילינסון ו־18 תלמידות לביה""ם ליד <b class=""highlightcolor"">ביה""ח</b> בעמק. עם תוספת ...</div>"
749	dav19470512-01.1.3	12 May 1947	dav	Page 3	"<div class=""txtsearchsnippet"">... לה‭6-‬יג במ'גדי התזמורת, אלנבי ‭. 56‬ קונצרט 8 למנויים <b class=""highlightcolor"">בחיפה</b> התזמורת מנצחת על עצמה יום ד' ‭14. 5‬ תיאטרון ...</div>"
750	dav19410928-01.1.4	28 September 1941	dav	Page 4	"<div class=""txtsearchsnippet"">... המקום — משמרה שקטה 'טק השובתים. אם כי לבעל <b class=""highlightcolor"">ביה""ח</b> הזמנות דחופות, ובמדח כזאת שיכולות הן להעסיק את הפועלים ...</div>"
751	hmf19480105-01.1.4	5 January 1948	hmf	Page 4	"<div class=""txtsearchsnippet"">בהוגי הערבים <b class=""highlightcolor"">בחיפה</b> הופרה אתמול סי־ פור על 200 יהודים שהתקיפו את ...</div>"
752	hmf19471124-01.1.4	24 November 1947	hmf	Page 4	"<div class=""txtsearchsnippet"">... שודדים ורוצחים כאסיפה פנימית של ב""כ העדות המוסלמיות והנוצריות <b class=""highlightcolor"">בחיפה</b> הוחלט לאחוז באמצעים נמרצים לביעור מקרי השוד והרצח שהתרבו ...</div>"
753	hmf19480212-01.1.4	12 February 1948	hmf	Page 4	"<div class=""txtsearchsnippet"">... שישמש כתחנה למשטרה. מושל המחוז הציע 'להפקיע את בנין <b class=""highlightcolor"">ביה""ח</b> . האנגלי י ברחוב הנביאים, אולם לבנין זה מבקש ...</div>"
754	hmf19471226-01.1.8	26 December 1947	hmf	Page 8	"<div class=""txtsearchsnippet"">... ההרוגים כרמי רבינוביץ ויעקב גרובר הועברו אתמול בצהרים ל־ <b class=""highlightcolor"">ביה""ח</b> ""הדסה"" מת""א. ההלויה תיערך היום בשעה 10 בבוקר.</div>"
755	hzh19480229-01.1.3	29 February 1948	hzh	Page 3	"<div class=""txtsearchsnippet"">... לועזית־ אהת. י ‭!?‬צד שגה זו הוסמכו בביה""ם' 'שליד <b class=""highlightcolor"">ביה''ח</b> בילינס־ן. תשעה•:מחזורים שכללו 170 אודות. השנה ' מסיימות ‭:32:‬ ...</div>"
756	ahr19480315-01.1.4	15 March 1948	ahr	Page 4	"<div class=""txtsearchsnippet"">... מהנשר שהוחרם ע""י ושבא לפני כ־3 _שבועור ?יצל פועלי <b class=""highlightcolor"">ביה""ח</b> ""היוצק"" — הוחזרו בימים אלה לגופים יהודיים. לפגי החורת ...</div>"
757	ahr19480521-01.1.6	21 May 1948	ahr	Page 6	"<div class=""txtsearchsnippet"">היפה, יום הי‭—. ‬ וועד הקהילה העברי <b class=""highlightcolor"">בחיפה</b> קיים אתמול ישיבה חגיגית לכבוד הקמת מדינת ישראל. באו־ ...</div>"
758	ahr19470520-01.1.4	20 May 1947	ahr	Page 4	"<div class=""txtsearchsnippet"">... והויתרה בהצלחה אסיפת _"" אלף וועדי שובתים הפועלים והפקידי <b class=""highlightcolor"">בחיפה</b> ם של עוםדי הצבא שנערכה היום באולם ""בי - ...</div>"
759	ahr19470711-01.1.11	11 July 1947	ahr	Page 11	"<div class=""txtsearchsnippet"">... _קריית־ענבים חדרה, חולון, _גבעת־ח־יפ ומקווה־ישראל כדורסל כתיפה מחר יבקרו <b class=""highlightcolor"">בחיפה</b> 3 קבוצות כדורסל של ""מכבי"" רמודגן (בוגרים נע־ ריס ...</div>"
760	ahr19470812-01.1.4	12 August 1947	ahr	Page 4	"<div class=""txtsearchsnippet"">... צבאי , שגרמו לפציעת אשר"" היו אמש ברח' הגפן <b class=""highlightcolor"">בחיפה,</b> לאתר שמהמבוגית נורו יריות אל הג'יפ — מוסרת הודעה ...</div>"
761	ahr19430825-01.1.3	25 August 1943	ahr	Page 3	"<div class=""txtsearchsnippet"">... בינה‭_:(‬ גלשטיין ‭(?)‬ בורים, בן־אננה, ברוסיה — ללייזר פקר <b class=""highlightcolor"">בחיפה,</b> יליד אוקראינה !גולדמן מותק בפרגאנה — לדודו ישראל בורנשטיין, ...</div>"
762	dav19370212-01.1.9	12 February 1937	dav	Page 9	"<div class=""txtsearchsnippet"">... פנה: י במכתב לסגן ראש העירית מד דב_4ה1ז _בענין <b class=""highlightcolor"">ביה""ח</b> העירוני בת""א‭:, ‬ ט_^בקש: לפנות למזכיר העיד‭). ‬חדר ‭;(42‬ ...</div>"
763	dav19470121-01.1.4	21 January 1947	dav	Page 4	"<div class=""txtsearchsnippet"">... בירושלים, גית מר חיים, רח' המלך ג'ולג' ‭:5‬ת בצלאל. <b class=""highlightcolor"">בחיפה,</b> ועד הקהילה, רח' _אר־ לוזוריב ‭, 16‬לידי מר ביייטפלי. ...</div>"
764	dav19480504-01.1.3	4 May 1948	dav	Page 3	"<div class=""txtsearchsnippet"">... תל־אביג בית־הס0ר לאחיות הרינו מתגבדיט להודיע שבביה""ט לאחיות שע*י <b class=""highlightcolor"">ביה""ח</b> העירוני בת""א נפתח קורס למילדות אשר יארד 6 חדשים. ...</div>"
765	dav19431203-01.1.7	3 December 1943	dav	Page 7	"<div class=""txtsearchsnippet"">... ל ט כ י ל ה _£_־נות: ברת י <b class=""highlightcolor"">בחיפה,</b> ח פי. ת1ח ‭^;‬_בינין ביע"" _^ , הדד הכרט_5 ...</div>"
766	dav19431130-01.1.5	30 November 1943	dav	Page 5	"<div class=""txtsearchsnippet"">... _לעזויב את מק־ם _עב־דתכ יש איפוא, לתבוע גם מבעלי <b class=""highlightcolor"">ביהח‭)""‬</b> לא לגרום לאבטלת פועלים. שליחי הפו! ע עיט טענו: ...</div>"
767	haretz19471105-01.1.6	5 November 1947	haretz	Page 6	"<div class=""txtsearchsnippet"">... שגב' לומד. וינבר מתל אביב פנתה למת המשסס המחוזי <b class=""highlightcolor"">בחיפה</b> בבקשה לתת צו המכריז על ירושת המנוח וולף וינבר ...</div>"
768	hmf19470622-01.1.4	22 June 1947	hmf	Page 4	"<div class=""txtsearchsnippet"">... אור ליום שבת פרצו גנבים למתפרה ברח' תבור 20 <b class=""highlightcolor"">בחיפה</b> וגנבו שתי מכונות תפירה. סבורים שהגניבה בוצעה ע""י אותה ...</div>"
769	hbkr19470610-01.1.4	10 June 1947	hbkr	Page 4	"<div class=""txtsearchsnippet"">... פסק־דיני במשפט הקרקעי שהניש השופט ב. רוזנבלט ננד רושם־הקרקעית <b class=""highlightcolor"">בחיפה</b> על שסירב להעביר שטח אדמה נדול על־ שם השוטס ...</div>"
770	hbkr19431215-01.1.4	15 December 1943	hbkr	Page 4	"<div class=""txtsearchsnippet"">... בסוד. י . רוקח דד ה, יעד המנהל דל <b class=""highlightcolor"">ביה""ח</b> העירוניהרפה"", ת""א "" השוכן המודרני יוסף ליבו מנהל המשרד ...</div>"
771	hbkr19380321-01.1.5	21 March 1938	hbkr	Page 5	"<div class=""txtsearchsnippet"">... מ־‭320‬ ל־‭00‬ד לא""י לשגה. ג) לפתיח מתדקת מיוחדת ליד <b class=""highlightcolor"">ביה־ח</b> העירני או להשתתף בפתיחת מקלט מיוחד לחולי שתפת קשים ...</div>"
772	hbkr19380117-01.1.3	17 January 1938	hbkr	Page 3	"<div class=""txtsearchsnippet"">... לא נמצא. ‭700‬ לא'"" קנם :נבה ברח' הכנסיות והשוק <b class=""highlightcolor"">בחיפה</b> הממשלה גבתה שבע מאית לאיי משכים הקנש הקביצי שהוטל ...</div>"
773	hbkr19381018-01.1.6	18 October 1938	hbkr	Page 6	"<div class=""txtsearchsnippet"">... חדרה. נפגע הנוטר בגו אתמול חובא לבש""ח .. חדםח"" <b class=""highlightcolor"">בחיפה</b> פצוע בכתסו מכדור, הנוסד מנחם בצר, 'שנפצע מכדור ליד ...</div>"
774	hmf19461203-01.1.4	3 December 1946	hmf	Page 4	"<div class=""txtsearchsnippet"">... בשעות הבוקר המוקדמות לנמל חיפה. בלשכת חעליה של המוכנות <b class=""highlightcolor"">בחיפה</b> התקבל אתמול מברק שלפיו עזבה ""אמפייר הייווד""</div>"
775	hmf19461127-01.1.4	27 November 1946	hmf	Page 4	"<div class=""txtsearchsnippet"">בפני ביה""ד הצבאי <b class=""highlightcolor"">בחיפה</b> התברר אתמול משפסו של ס. גריל, לשעבר קפסן בחי""ל. ...</div>"
776	hzh19480419-01.1.1	19 April 1948	hzh	Page 1	"<div class=""txtsearchsnippet"">... ""‬ _»לו _גחימד. ו _85ני אלטמאן - מתה מפצעיה <b class=""highlightcolor"">בחיפה.</b> ‭| I. "". . '‬ י ' מלפה פתד ...</div>"
777	hzh19460917-01.1.4	17 September 1946	hzh	Page 4	"<div class=""txtsearchsnippet"">הטכניון העברי <b class=""highlightcolor"">בחיפה</b> • מכון לאינג'נרים י ‭.. ''‬עונת‭3_?‬_ח_2ל־מ . וד "" ...</div>"
778	hazmantlv19431202-01.1.4	2 December 1943	hazmantlv	Page 4	"<div class=""txtsearchsnippet"">... בבקר בראשו מפגיעת מכונית משא ערבית. הפצוע נאסף אל <b class=""highlightcolor"">ביה״ח</b> רוטשילד <b class=""highlightcolor"">בחיפה.</b> תאונת דרכים אור ליום ד׳ בשעה 7.30 ...</div>"
779	hazmantlv19440119-01.1.4	19 January 1944	hazmantlv	Page 4	"<div class=""txtsearchsnippet"">... טיפלו בקבלתם עובדי לשכת הע* ליה של הסוכנות היהודית <b class=""highlightcolor"">בחיפה</b> בראשותו של א. דוסטרובסקי. לאחר הביקורת הרגילה יישלחו העולים ...</div>"
780	haretz19470714-01.1.3	14 July 1947	haretz	Page 3	"<div class=""txtsearchsnippet"">... כרטיסים: בתליאביב - במשרד התזמורת, אלנבי ‭6-3 ;1-9) 56‬) <b class=""highlightcolor"">בחיפה</b> - במשרד גינצבורג, הרצל ‭. 25 ‬</div>"
781	hbkr19480111-01.1.4	11 January 1948	hbkr	Page 4	"<div class=""txtsearchsnippet"">פצצה ליד <b class=""highlightcolor"">ביה־ח</b> בעיר העתיקה ב־רועורים השלטונות יורשים ?'‭11‬•</div>"
782	dav19330406-01.1.5	6 April 1933	dav	Page 5	"<div class=""txtsearchsnippet"">... _3‬טיזכר ;י_£ בזה בל האדריכלים, המהנךסיבו‭!, ‬_י יטכנאי בנין <b class=""highlightcolor"">בחיפה.</b></div>"
783	dav19320424-01.1.4	24 April 1932	dav	Page 4	"<div class=""txtsearchsnippet"">... ב. לויט | ‭. _{‬ לגשואיו ‭;;. ‬ רופאי <b class=""highlightcolor"">ביה''ח</b> המרכזי ־ ‭\ _; ;‬ ועובדיו ‭_3|‬־</div>"
784	dhy19340413-01.1.7	13 April 1934	dhy	Page 7	"<div class=""txtsearchsnippet"">... ה מ ערב מ'ס ‭, 10‬תצ‭I. 585. ‬ !ולסוככנו <b class=""highlightcolor"">בחיפה</b> י מ ראובן שיינפלד, ת. ד ‭_^ { . ...</div>"
785	dhy19300514-01.1.4	14 May 1930	dhy	Page 4	"<div class=""txtsearchsnippet"">... הכצצי ציפו יחד ‭!_?;, ‬ סגנו — הקינסואיי הפרסי <b class=""highlightcolor"">בחיפה,</b> הם קבצו מיד את ב""כ היהודים הפרסים לראיון בערן ...</div>"
786	haretz19340615-01.1.6	15 June 1934	haretz	Page 6	"<div class=""txtsearchsnippet"">... עבודח קבועח חחזמנות מתמלאות כדיי, נדת נא אבק דאת <b class=""highlightcolor"">ביה""ח</b> ואהוובח ריש מכונן טוחן י שעכד כארץ. ^ל אמיפ ...</div>"
787	mar19480411-01.1.3	11 April 1948	mar	Page 3	"<div class=""txtsearchsnippet"">... תרוו הערב בישיבתה על העלאת הנסיעות באוטובר םים. • <b class=""highlightcolor"">בחיפה</b> — יתחילו לגבות 5 אחוז מכל חמרי בנין — ...</div>"
788	mar19480721-01.1.5	21 July 1948	mar	Page 5	"<div class=""txtsearchsnippet"">שביתת אזהרה בביה""ח *רוטשילד• <b class=""highlightcolor"">בחיפה</b></div>"
789	hazmantlv19420122-01.1.1	22 January 1942	hazmantlv	Page 1	"<div class=""txtsearchsnippet"">... עדיין כל סימן להתפור־ דית כללית. למעשה מאז ה־ <b class=""highlightcolor"">ב“יהח</b> מדוכטוב ומגובת הבהלה מחזיתות ט:לה ו־ קאלינ*ן האגפים של ...</div>"
790	hazmantlv19410727-01.1.1	27 July 1941	hazmantlv	Page 1	"<div class=""txtsearchsnippet"">החל מהשבוע יהיו הבקורים בכל מחלקות <b class=""highlightcolor"">ביה״ח</b> העירוני בת״א פעמיים בשבוע: ביום השבת וביים הרביעי משעה ...</div>"
791	kolisraeljlm19390608-01.1.3	8 June 1939	kolisraeljlm	Page 3	"<div class=""txtsearchsnippet"">... קשח במכשור קחח ח* בלצן ב״כ .הבקר"" בירושלם. — <b class=""highlightcolor"">בחיפה:</b> בשעת חילופי יריות ברוצע ואדי רושמיח נפצע קל יהודי ...</div>"
792	kolisraeljlm19360430-01.1.3	30 April 1936	kolisraeljlm	Page 3	"<div class=""txtsearchsnippet"">... לממשלה בנוגע לבנות נמל גדול ורחב כתל אביב כמו <b class=""highlightcolor"">בחיפה,</b> שיעמוד לשרותו של חבל .הדרום. עד סידור הנמל המקוח ...</div>"
793	mivrak19480704-01.1.4	4 July 1948	mivrak	Page 4	"<div class=""txtsearchsnippet"">... ברנדוט העביר לחסות או״ם את ׳ ׳־מכללת בירושלים ואת <b class=""highlightcolor"">ביה״ח</b> ""הדסה"" ו״ויקטוריה או־ גיהטה"" על הר הצופים• כן הבטיח ...</div>"
794	dav19330118-01.1.4	18 January 1933	dav	Page 4	"<div class=""txtsearchsnippet"">... והירידה הגדול- בתרימות חיץ גרמה לסגירה המחלקה _הבבלית של <b class=""highlightcolor"">ביה""ח</b> ‭,, ‬חד0ה"" <b class=""highlightcolor"">בחיפה</b> ולהפחתה התמיגה בביה""ח"" "" הדסה"" בת‭/'‬א. ...</div>"
795	hashaah19390815-01.1.1	15 August 1939	hashaah	Page 1	"<div class=""txtsearchsnippet"">... עירית פ״ת החליטה אמש לאשר הצעת הסכם בינה ובין <b class=""highlightcolor"">ביה״ח</b> ""פתח־תקוה"" (של ד״ר רמן) שלפיו אחרי חקירות, שביה״ח ""פתח־תקוה"" ...</div>"
796	ahr19480323-01.1.4	23 March 1948	ahr	Page 4	"<div class=""txtsearchsnippet"">... מלשכות הגיוס שבמקום מגורם, כדי למנוע אי־נעימויוח ביקורת הנערכת <b class=""highlightcolor"">בחיפה</b> בקשר לחובת הגיוס,</div>"
797	dav19330530-01.1.7	30 May 1933	dav	Page 7	"<div class=""txtsearchsnippet"">... עתה לנוכח זרם העלית המתגבר ?החליט הועד חמנחל של <b class=""highlightcolor"">ביה""ח</b> העירוני להקטין את מספד המיטות בבית החולים וביחיד במחלקת ...</div>"
798	hbkr19391018-01.1.6	18 October 1939	hbkr	Page 6	"<div class=""txtsearchsnippet"">... בכפר־עטא. שמעון וואסרלאוף מבוכניא — להודיע ־1 שמואל מונדרר <b class=""highlightcolor"">בחיפה,</b> רח' מסדה ‭. 1 ‬ שמעון בארבר מאישווינצייס — ...</div>"
799	hmf19480209-01.1.4	9 February 1948	hmf	Page 4	"<div class=""txtsearchsnippet"">סובל נסיה כנופיה לפרוץ מחסום <b class=""highlightcolor"">בחיפה</b> 3 ערבים נהרגו כשצבא הגיב על יריותיהם</div>"
800	hzh19391211-01.1.3	11 December 1939	hzh	Page 3	"<div class=""txtsearchsnippet"">, נדודי‭"":‬בני. עקיבא"" זה• •שנים •שסניף ‭"":‬בני עקיבא"" <b class=""highlightcolor"">בחיפה</b> מתלבט: . קשה בשאלת הדירה. מאז פרוץ ' המאורעות ...</div>"
801	ahr19480705-01.1.3	5 July 1948	ahr	Page 3	"<div class=""txtsearchsnippet"">... בסידור ‭:;‬־יני הבריאות במדינה, ובמיוחד את עניין ביהו'ח הממשלתי <b class=""highlightcolor"">בחיפה.</b> יש חרדה שהרמה הרפואית של כיה""ח הגדול הזה תהיה ...</div>"
802	ahr19480104-01.1.1	4 January 1948	ahr	Page 1	"<div class=""txtsearchsnippet"">... הרוגים ביריות נמצאו במורח חיפה ביום ו' והובאו אל <b class=""highlightcolor"">ביה""ח</b> הממשלתי, מחסור בבנזין _כחיפח ביום ו' כבר נתן המחסור ...</div>"
803	ahr19481201-01.1.3	1 December 1948	ahr	Page 3	"<div class=""txtsearchsnippet"">... דוד ‭250 —‬ מיל, נ. םולומוביץ ‭200 —‬ ליל. <b class=""highlightcolor"">בחיפה</b> תרמו: שדמי צבי ושרת, עבת' גרשוני ‭1 —‬ ל""י ...</div>"
804	dav19351114-01.1.6	14 November 1935	dav	Page 6	"<div class=""txtsearchsnippet"">... נאמד בסך ‭38. 000‬ לא""י. בית התשת לקילוף אורז <b class=""highlightcolor"">בחיפה</b> הולך ומוקם ע""י בעל. י הון יהודים מאנגלית בשתוף ...</div>"
805	dav19480928-01.1.3	28 September 1948	dav	Page 3	"<div class=""txtsearchsnippet"">... קציני תשלומים - האחד מושבו בירושלים בבנין ג'נרלי; והשני <b class=""highlightcolor"">בחיפה</b> — בקונסוליה הבריטית. ‭. 3‬כל היושב נירושלים תשלומו בירושלים. ...</div>"
806	haretz19420412-01.1.4	12 April 1942	haretz	Page 4	"<div class=""txtsearchsnippet"">... בינתיים נתקבלה החלטח סופית בנידון זה. ביום ה' התקיימה <b class=""highlightcolor"">בחיפה</b> פני־ שח בין באי כוח כמה טוםדות כלכליים גבריים ...</div>"
807	haretz19450921-01.1.6	21 September 1945	haretz	Page 6	"<div class=""txtsearchsnippet"">... את עצמו בלתי־תלוי אני מציע: הנות יפה במקום מרכזי <b class=""highlightcolor"">בחיפה,</b> טלפון ובמקרה של צורך כסף. לפנית ת. ד. ‭396 ...</div>"
808	hmf19470601-01.1.4	1 June 1947	hmf	Page 4	"<div class=""txtsearchsnippet"">... של דוד סגל, לשעבר תובע מטעכ המפקח על המזוגות <b class=""highlightcolor"">בחיפה,</b> על החלטת המר עצה המשפטית לשלול ממנו את תעודז ...</div>"
809	hmf19480101-01.1.4	1 January 1948	hmf	Page 4	"<div class=""txtsearchsnippet"">על הפצצה <b class=""highlightcolor"">בחיפה</b> בענין הפצצה <b class=""highlightcolor"">בחיפה</b> אמר הדובר, כי מטיליח- פעלו בלי ...</div>"
810	hmf19471209-01.1.4	9 December 1947	hmf	Page 4	"<div class=""txtsearchsnippet"">... ששת הצעירים שנאסרו במוצ""ש ליד בית התעשיה ברחוב הדצל <b class=""highlightcolor"">בחיפה</b> ונאשמו בנשיאת נשק — שוחררו אתמול בערבות של 500 ...</div>"
811	hmf19471001-01.1.4	1 October 1947	hmf	Page 4	"<div class=""txtsearchsnippet"">... ‭4. 30‬ אחה""צ על המגרש בן 7 הדונמים, ליד <b class=""highlightcolor"">ביה""ח</b> ‭. ""רמת־מרפא""‬ מול הרהבה שבפנת הרחובות הרצל ו־ פלומר ...</div>"
812	hbkr19470508-01.1.3	8 May 1947	hbkr	Page 3	"<div class=""txtsearchsnippet"">... ו עדהקהלה , סולל בונה"" בית הספר וזמ&amp;צועי לבנאות <b class=""highlightcolor"">בחיפה</b> בן שדש שנות למוד ההרשמה לבתה א• לשנת הלמודים ...</div>"
813	haretz19370404-01.1.7	4 April 1937	haretz	Page 7	"<div class=""txtsearchsnippet"">... לא להם יבמה פלחים תפסו ביום ה' בבוקר, ליד <b class=""highlightcolor"">ביה״ח</b> של חולי עינים בקרבת תחנת הרכבת, חמור שברח מבעליו ...</div>"
814	haretz19361216-01.1.8	16 December 1936	haretz	Page 8	"<div class=""txtsearchsnippet"">של <b class=""highlightcolor"">•ביה״ח</b> העיירוני הדסה בת״א הצגות ילדים חולים ■ע״י: פרופ. ל. ...</div>"
815	haretz19361227-01.1.8	27 December 1936	haretz	Page 8	"<div class=""txtsearchsnippet"">הד ההתנפלות על חורגים <b class=""highlightcolor"">בחיפה</b> פרטים מעגיגים על סכת החתגפלות היום יתברר במשפט השלום ...</div>"
816	dav19370527-01.1.5	27 May 1937	dav	Page 5	"<div class=""txtsearchsnippet"">... וחר‭. _^‬ בהזמנות לפנות;אלי הארגון בכפר הטין ולמשביר המרכזי <b class=""highlightcolor"">בחיפה.</b> ‭^^^^^^^^^ . . ^^33 ‬</div>"
817	dhy19310929-01.1.4	29 September 1931	dhy	Page 4	"<div class=""txtsearchsnippet"">... הגב' אאאכזיר אפנים גב' קואומברס! דיתח חמנהאח הראשונה שא""־ <b class=""highlightcolor"">ביה""ח</b> ""הדסה"" ן בשנת ‭— . 1919—1918‬ כמו כן נמצא ...</div>"
818	dhy19300120-01.1.4	20 January 1930	dhy	Page 4	"<div class=""txtsearchsnippet"">משפטי צפת ח י ם ה. — היום !יתבדה <b class=""highlightcolor"">בחיפה</b> לפני בית ד' ן הפלילי בנשיאות השופט קורי משפטם ...</div>"
819	dhy19310308-01.1.4	8 March 1931	dhy	Page 4	"<div class=""txtsearchsnippet"">... 100 לא י' י לסלילת חלק מדר רהוב שע""י <b class=""highlightcolor"">ביה""ח</b> הממשלתי כפי דרישת הממ־ ש לה . ג)ל. מסור ...</div>"
820	haretz19310906-01.1.1	6 September 1931	haretz	Page 1	"<div class=""txtsearchsnippet"">תוצרת חדשה של מרצפות. מוזאיקה/ אי־־לק־י"") הנני|מתכבד להודיע כי <b class=""highlightcolor"">ביה""ח</b> שלי הקים ך שנים הצליח להוציא לשוק. הודות למכונותיו ...</div>"
821	haretz19320224-01.1.4	24 February 1932	haretz	Page 4	"<div class=""txtsearchsnippet"">... ת . ך ‭, 258‬ טל^ךן ‭2 655‬) במחסן <b class=""highlightcolor"">ביה""ח</b> ר' אלנבי ע־י חדאד הטרבזי ^‭I £* *51‬ לפ ...</div>"
822	haretz19320216-01.1.4	16 February 1932	haretz	Page 4	"<div class=""txtsearchsnippet"">המרכז המסחרי החדש <b class=""highlightcolor"">בחיפה</b> ועדהנאמנים מודיע | שהפדצלציה של המרכז המסחרי החדש <b class=""highlightcolor"">בחיפה</b> ...</div>"
823	haretz19320912-01.1.1	12 September 1932	haretz	Page 1	"<div class=""txtsearchsnippet""><b class=""highlightcolor"">בחיפה</b></div>"
824	haretz19360107-01.1.6	7 January 1936	haretz	Page 6	"<div class=""txtsearchsnippet"">... לבקר אותן בתחנת הכה הישנה • של מםלות הברזל <b class=""highlightcolor"">בחיפה.</b> 'המהנדס •המיבני תראשי יתן לפי דרישה מ את כל ...</div>"
825	haretz19380921-01.1.1	21 September 1938	haretz	Page 1	"<div class=""txtsearchsnippet"">... גם מטען של 150 טון אורז מתוצרת טהנת האורז <b class=""highlightcolor"">בחיפה.</b></div>"
826	haretz19470425-01.1.1	25 April 1947	haretz	Page 1	"<div class=""txtsearchsnippet"">... על קברו בשעה ‭11. 30‬ בבוקר בבית העלמין החדש <b class=""highlightcolor"">בחיפה.</b> (אומובוסינ בשעה ‭11‬ מתיאמרון ""ארמון-) המשפחה</div>"
827	haretz19470519-01.1.4	19 May 1947	haretz	Page 4	"<div class=""txtsearchsnippet"">... נמשכת השכיתה כהיפה שביתת הפועלים הערבים במחלקת העבודות הציבוריות <b class=""highlightcolor"">בחיפה</b> גמשכה גם אתמול זה היום השד. כא לכדוק כעית ...</div>"
828	haretz19450715-01.1.4	15 July 1945	haretz	Page 4	"<div class=""txtsearchsnippet"">... ביום ‭. 10. 8. 1945 ‬ פרסים לקבל במשרד <b class=""highlightcolor"">ביה""ח</b> . אסותא"" אישית או על ידי הדואר.</div>"
829	hbkr19351021-01.1.6	21 October 1935	hbkr	Page 6	"<div class=""txtsearchsnippet"">אברהם גולדברג <b class=""highlightcolor"">בחיפה</b> הסופר והעסקן מאמריקה, מר אברהם גולדברג, הרצה ביום השבת ...</div>"
830	hmf19431102-01.1.4	2 November 1943	hmf	Page 4	"<div class=""txtsearchsnippet"">... שגי ?ייצור _חמיק?יים כבדים משמשים בתי הזיקוק ?נפט ושמן <b class=""highlightcolor"">בחיפה.</b></div>"
831	hmf19390717-01.1.4	17 July 1939	hmf	Page 4	"<div class=""txtsearchsnippet"">... א משפט י באשמת החזקת ניירות של ""כופר הישוב"" <b class=""highlightcolor"">בחיפה</b> ' ושוחרר ע""י בית הדין המהוזי: בתאאביב, הועבר ביום ...</div>"
832	hmf19430811-01.1.4	11 August 1943	hmf	Page 4	"<div class=""txtsearchsnippet"">... לא קשה לבית חוליים רוטשילד. בית _הבראה לחולים עניים <b class=""highlightcolor"">בחיפה</b> והסביבה בימי שפע כלכלי בארץ ישנם גם כיום <b class=""highlightcolor"">בחיפה</b> ...</div>"
833	hmf19480314-01.1.1	14 March 1948	hmf	Page 1	"<div class=""txtsearchsnippet"">... ה""הגנה"" ואלפים מתושבי יתשלימ צעדו אחרי הארונות שעזבו את <b class=""highlightcolor"">ביה‭'''‬_ח</b> ""ביקור חולים"" ב־3 אדמד'צ. יתידה של ההגנה ירתה יריות ...</div>"
834	hmf19480423-01.1.7	23 April 1948	hmf	Page 7	"<div class=""txtsearchsnippet"">כר התחיל _מםע־הכיברצ <b class=""highlightcolor"">בחיפה</b></div>"
835	hbkr19380505-01.1.6	5 May 1938	hbkr	Page 6	"<div class=""txtsearchsnippet"">... מתמדת שהמחלה תפרוץ בבקר המובא לשחיטה בהגיעו לתתנת ההסגר <b class=""highlightcolor"">בחיפה.</b> תחנה זו גדושה מעל למידת לעתים תנופות בשממאים בקר ...</div>"
836	hmf19460517-01.1.8	17 May 1946	hmf	Page 8	"<div class=""txtsearchsnippet"">... ‭"")‬סמירני‭(_""‬ ו־19 מעובדי האניה הובאו אתמול לבית משפט השלום <b class=""highlightcolor"">בחיפה</b> בליווי משמד חזק. הוצאה נגדם פקודת מעצר לשבועיים ע""י ...</div>"
837	hzh19410224-01.1.4	24 February 1941	hzh	Page 4	"<div class=""txtsearchsnippet"">‭;...,, ‬ י לועד בנין <b class=""highlightcolor"">ביה""ח</b> רוטשילד , של הקהלת העברית <b class=""highlightcolor"">בחיפה</b> (_מיםוךה של הדסה) ...</div>"
838	hzh19450725-01.1.4	25 July 1945	hzh	Page 4	"<div class=""txtsearchsnippet"">... ?י מגבית 'ההתגייסות ‭-»‬ . ו והצלה ‭?... ‬ו <b class=""highlightcolor"">בחיפה</b> ‭X, I ., in ‬</div>"
839	khm19471105-01.1.3	5 November 1947	khm	Page 3	"<div class=""txtsearchsnippet"">... כחמישים כפאות נגנבו בזמן האחרון ממועדון מפא""י ברחוב החלוץ <b class=""highlightcolor"">בחיפה.</b> אחי רי חקירה גילתה משטרת הדר־הכרמל חבורת ילדיט, שהיתי, ...</div>"
840	khm19470724-01.1.4	24 July 1947	khm	Page 4	"<div class=""txtsearchsnippet"">... אבנים רבות בבתים המשותפים כדהוב ברזילי. נניבה בשעת העוצר <b class=""highlightcolor"">בחיפה</b> היפה יום ד' — גנבים פרצו הלילה בשעת העוצר ...</div>"
841	hazmantlv19430906-01.1.4	6 September 1943	hazmantlv	Page 4	"<div class=""txtsearchsnippet"">... הנהג הערבי הסיע את האשה, אולם במקום להורידה ליד <b class=""highlightcolor"">ביה״ח</b> הדסה, המשיך עמה דרכו עד לרמאלה. שם נוכח, כי ...</div>"
842	dav19330209-01.1.6	9 February 1933	dav	Page 6	"<div class=""txtsearchsnippet"">... _הדר־הכרמל חיפה • ‭50— ""‬ יהושע ירדני ' מפועלי <b class=""highlightcolor"">ביה‭''‬ח</b> ""שמן"" חיפה ‭"" 50— ? ""‬ בנימין ג ו ...</div>"
843	dav19380102-01.1.5	2 January 1938	dav	Page 5	"<div class=""txtsearchsnippet"">... 37-0‬ בי?יום גי בשבוע בת?־. אביכ וביום י' בשבוע <b class=""highlightcolor"">בחיפה,</b> במשרדי חט‭&amp;'‬ביר המרכזי בקעות- העבודה‭. ;‬־ במכתביט ובהזמנות בכתב ...</div>"
844	dhy19330713-01.1.1	13 July 1933	dhy	Page 1	"<div class=""txtsearchsnippet"">‭?*‬• ‭~*—#—9—8—*—*—*—-*?--‬־‭!8—©—^—_$—*‬ חדש <b class=""highlightcolor"">בחיפה</b> ‭-_""&gt;&gt;‬ ""־־""־ צ־‭\1\^‬ז _בחייבו! ע""י מר מ. _אולמל מו* ...</div>"
845	dhy19301105-01.1.4	5 November 1930	dhy	Page 4	"<div class=""txtsearchsnippet"">... ‭5. 11‬ בשעת 8 ורבע בערב, תתיר. באולם־חתרצאות שא <b class=""highlightcolor"">ביה_""ח</b> ""הדםה"" אםפררשנ־ תית של חברי הסניף. על טדר היום‭(!:‬ ...</div>"
846	dhy19300420-01.1.4	20 April 1930	dhy	Page 4	"<div class=""txtsearchsnippet"">... נ‭_''‬נרי־ . ־‭;"":‬אבה אטנה נהיית שי: נ גיעי הפרעות <b class=""highlightcolor"">בחיפה•</b> / כב!ו ו ן! !ג י""ד־ , הד;נקר _אתכיוצ ...</div>"
847	dhy19360110-01.1.10	10 January 1936	dhy	Page 10	"<div class=""txtsearchsnippet"">_ררושי9 סוכני משנה להברה אנגלית לביטוח עבור משרדיה <b class=""highlightcolor"">בחיפה</b> ובירושלים. לפנות רק בכתב <b class=""highlightcolor"">בחיפה</b> בירושלים ת. ד‭418. ‬ ...</div>"
848	dhy19360130-01.1.8	30 January 1936	dhy	Page 8	"<div class=""txtsearchsnippet"">... מהסניפים האלה היה אחראי כלפי המשרד הראשי של החברה <b class=""highlightcolor"">בחיפה.</b> מר י. מלמד, שהוא חבר ההנהלה של תעשיות הימיות ...</div>"
849	dhy19310318-01.1.6	18 March 1931	dhy	Page 6	"<div class=""txtsearchsnippet"">טלפון ‭"". 485‬ • <b class=""highlightcolor"">בחיפה:</b> לסוכנות אאויד ? טתיםטיגו, מרכז מסחרי, ת. ד‭, 461. ...</div>"
850	haretz19310128-01.1.4	28 January 1931	haretz	Page 4	"<div class=""txtsearchsnippet"">בהרו <b class=""highlightcolor"">בחיפה</b> מלון . הדר הכרמל"" טלפון ‭319 ‬</div>"
851	haretz19310814-01.1.4	14 August 1931	haretz	Page 4	"<div class=""txtsearchsnippet""><b class=""highlightcolor"">בחיפה</b></div>"
852	haretz19311023-01.1.4	23 October 1931	haretz	Page 4	"<div class=""txtsearchsnippet"">... לעבודה. על כל פנים הודיע לחפ שאפ תרצה הנהלת <b class=""highlightcolor"">ביה""ח</b> להזמין מתנדביפ לעבודה, תגן עליהם המטשלה. אתמול היה נם ...</div>"
853	haretz19311209-01.1.4	9 December 1931	haretz	Page 4	"<div class=""txtsearchsnippet"">... רפוי חשמלי, בהנהלתו של ד""ר א. דמנר. בשביל חר־־' <b class=""highlightcolor"">ביה""ח</b> והמדפאות. הבית"" מאת ז. י. אנכי "" נמשכות וחולכות ...</div>"
854	haretz19320701-01.1.3	1 July 1932	haretz	Page 3	"<div class=""txtsearchsnippet"">... I‬ בקשות כניסה לשנת הלמודים תרצ־נ I התכניון העברי <b class=""highlightcolor"">בחיפה</b> 1 יפרפיגג נא לפנות עפ''י הכתבת: התכנייז העברי <b class=""highlightcolor"">בחיפה־־</b> ...</div>"
855	haretz19321106-01.1.4	6 November 1932	haretz	Page 4	"<div class=""txtsearchsnippet"">... יום ‭. 15. 11. 32 ‬ פרטים אסבא במזכירות <b class=""highlightcolor"">ביה""ח</b> בשעות מ3 עד 6 אהרי הצהרים.</div>"
856	haretz19351201-01.1.8	1 December 1935	haretz	Page 8	"<div class=""txtsearchsnippet"">... הראשי: הסניפים: ירושלים: ןחןב ס""ט יןלי אי ע""י מק!!!""י <b class=""highlightcolor"">בחיפה:</b> חונ יפו, עיי ספינם מס' ‭31. 27 ‬ ־ ...</div>"
857	haretz19341213-01.1.5	13 December 1934	haretz	Page 5	"<div class=""txtsearchsnippet"">... המפעלים הרפואיים — הנתמכים מכספי הממש ל ה, (במו <b class=""highlightcolor"">ביה""ח</b> לחולי ריאות ומח ל קת היגיינה בבתי ספ־, תהנות ...</div>"
858	haretz19341002-01.1.6	2 October 1934	haretz	Page 6	"<div class=""txtsearchsnippet"">... אם תשתמשו לטיגון ואפיה נ^וקוזיד מתוצרת ""שמ חיפה ז"" <b class=""highlightcolor"">ביה""ח</b> הקופסה של ""ק ו קו ז י ן"" ץ ...</div>"
859	haretz19451214-01.1.8	14 December 1945	haretz	Page 8	"<div class=""txtsearchsnippet"">... מבקש הצעות לתפקיד אם־הבית לפנות בכתב או אישית למשרד <b class=""highlightcolor"">ביה""ח</b> ""אסותא"", בשעות ‭12—10‬ לפנה""צ ***?*!**•?י?! ?•••*</div>"
860	haretz19390517-01.1.4	17 May 1939	haretz	Page 4	"<div class=""txtsearchsnippet"">... ה. מ. הנציב העליון בקר י אתמול כבוקר כבנין <b class=""highlightcolor"">ביה""ח</b> האוניברםימאי הדסה"" ובבית הספר לאחיות שעל הר "" הצופים. ...</div>"
861	hbkr19351112-01.1.6	12 November 1935	hbkr	Page 6	"<div class=""txtsearchsnippet"">... טלוב־ לסקי) פרצה שרפה, הכבאים במד. מיד. הגזק קטן. <b class=""highlightcolor"">ביה""ח</b> היה מובטח בשתי חב־ תת בטוח.</div>"
862	hbkr19400131-01.1.5	31 January 1940	hbkr	Page 5	"<div class=""txtsearchsnippet"">בעוון נשיאת נשק ביה""ד הצבאי <b class=""highlightcolor"">בחיפה</b> דן אתמול למא סר 7 שנים ערבי מסביבות חיפה ...</div>"
863	hbkr19400621-01.1.7	21 June 1940	hbkr	Page 7	"<div class=""txtsearchsnippet"">... המאורעות המרתקת האובדים במצולות •:"". י הסרטים מוצגים לראשונה <b class=""highlightcolor"">בחיפה</b> רלן הצגה אחת בבל ערב משעה ‭7. 30 ‬ ...</div>"
864	hmf19450706-01.1.6	6 July 1945	hmf	Page 6	"<div class=""txtsearchsnippet"">... ‭- [‬ ש ל ‭I -‬ ן התכניון העברי <b class=""highlightcolor"">בחיפה</b> | | הרשמית . התלמידים לשנת הלימודים תש""ו (לכתות ...</div>"
865	hmf19420820-01.1.4	20 August 1942	hmf	Page 4	"<div class=""txtsearchsnippet"">נשיהם וילדיהם, יתיצבו באופן אישי במשרד חבקורת בת""א או <b class=""highlightcolor"">בחיפה</b> במשך חודש אחד מיום פיטורם מהצבא או במשך חודש ...</div>"
866	hzh19410921-01.1.4	21 September 1941	hzh	Page 4	"<div class=""txtsearchsnippet"">... 6. 45‬ הריסת _הצריפים של ישיבת י ""תפארת ישראל"" <b class=""highlightcolor"">בחיפה</b> בסוף השב י ע שעבר. נהרס' הצריפים, ששימשו מעונות ...</div>"
867	hzh19460627-01.1.4	27 June 1946	hzh	Page 4	"<div class=""txtsearchsnippet"">בין <b class=""highlightcolor"">ביה""ח</b> ""אתאי' והמועצה המקומית ביום ג' החחיל בבית משפט השלום ...</div>"
868	khm19480815-01.1.4	15 August 1948	khm	Page 4	"<div class=""txtsearchsnippet"">... הקונקורס. אשר הוכרז בשעתו למשרות מסו יימות בביה""ח הממשלתי <b class=""highlightcolor"">בחיפה.</b> אשר נמסר בעת חיסול השלטון המנדטורי לעיריה והועבר כעת ...</div>"
869	khm19480909-01.1.2	9 September 1948	khm	Page 2	"<div class=""txtsearchsnippet"">... 600 -‬ לא""י. מודעות גדולות וקבועות לפי הסכפ. המערכת <b class=""highlightcolor"">בחיפה:</b> הרצל 59</div>"
870	khm19470415-01.1.4	15 April 1947	khm	Page 4	"<div class=""txtsearchsnippet"">... 600 —‬ לא""י‭., ‬פורעות גמלות וקבועות לפי הפכם. המערכת <b class=""highlightcolor"">בחיפה:</b> הרצל 59</div>"
871	hazmantlv19440405-01.1.4	5 April 1944	hazmantlv	Page 4	"<div class=""txtsearchsnippet"">... חברה מיוחדת. לשכת המסחר ירושלים ולשכת המסחר והתעשיה העברית <b class=""highlightcolor"">בחיפה</b> תמכו בפעולת הלשכה התל אביבית.׳</div>"
872	hashaah19410120-01.1.1	20 January 1941	hashaah	Page 1	"<div class=""txtsearchsnippet"">... העליונות של הבנינים ובאופן מיוחר על הר הצופיס בכניני <b class=""highlightcolor"">ביה״ח</b> ""הדסה"" והאוניברסיטה.</div>"
873	haretz19331221-01.1.1	21 December 1933	haretz	Page 1	"<div class=""txtsearchsnippet"">... 233! הסלפון 612! ל«ל«רסוה-*הארץ' ""״* הסניף כירושלים - הפגין• <b class=""highlightcolor"">בחיפה</b> - יחוג יפו, כית אפינו□ רהוב הנמל בית □הוכר ...</div>"
874	haretz19370412-01.1.6	12 April 1937	haretz	Page 6	"<div class=""txtsearchsnippet"">... מנהלי העבודה •סל בתי־החדויסת: בית חרושת לספידט (רחוב הרצל), <b class=""highlightcolor"">ביה״ח</b> בבית וגן, ""המשקה"" ו״רביגוביץ"". *ns &gt; 21^11 - הערב, ...</div>"
875	ahr19470323-01.1.4	23 March 1947	ahr	Page 4	"<div class=""txtsearchsnippet"">... מרימים קול מחאה ומדוע לא באה ההתעוררות בהיוצח הנער <b class=""highlightcolor"">בחיפה</b> ן יש, איפוא, לשים קין לפירוד, _ולגילויייו השונים. ההעפלה ...</div>"
876	ahr19460306-01.1.4	6 March 1946	ahr	Page 4	"<div class=""txtsearchsnippet"">... ג‭-. '‬ להנהלת שירותי התתבורד. העירוניים, שמכר _ניותיהפ עוברות <b class=""highlightcolor"">בחיפה</b> התתתי1ז, נתנה היום היראה ע""י משטרת התחבורה, בשפ המיפקדה ...</div>"
877	ahr19471212-01.1.10	12 December 1947	ahr	Page 10	"<div class=""txtsearchsnippet"">... פחיפה ביריות זקיף מהלגיון הערבי נהרג בקרבת בית־החולים תצבאי <b class=""highlightcolor"">בחיפה</b> זיגמונד מאקס, בן ‭. 32‬ברחוב הנביאים גורת בכתפו בשעה ...</div>"
878	ahr19450509-01.1.4	9 May 1945	ahr	Page 4	"<div class=""txtsearchsnippet"">... ‭50 —‬ לא""י !מורי בית־זזססר ה עובדי תיכון "" <b class=""highlightcolor"">ביהח</b> חוגים ""ר "" ליהלומים <b class=""highlightcolor"">בחיפה</b> — שיי 10 ן ...</div>"
879	ahr19440725-01.1.3	25 July 1944	ahr	Page 3	"<div class=""txtsearchsnippet"">... חנות־ספרים וע'יי הסוכנים. סניף תל־אביב: אלנבי ‭. 62‬ הסוכן <b class=""highlightcolor"">בחיפה:</b> פנת הספר, בנין ""אורה‭. "" ‬</div>"
880	dav19360821-01.1.8	21 August 1936	dav	Page 8	"<div class=""txtsearchsnippet"">המכבס* ""תוצרת הארץ‭0 _^‬ ? <b class=""highlightcolor"">ביה""ח</b> "" מטלילף, י. לנדשטוק נוסד בשנת 1896 בורשה, וגבר ...</div>"
881	dav19370704-01.1.6	4 July 1937	dav	Page 6	"<div class=""txtsearchsnippet"">... לפני המושבה הגרמני ת ‭_&gt; _£_^ _^‬ ן_""ו‭5_*‬_י‭0&gt;‬ יי <b class=""highlightcolor"">ביה־ח</b> של האחים מחובר) • ‭_0/‬ו ‭\ 2152 _$/ €‬ ...</div>"
882	dav19310724-01.1.3	24 July 1931	dav	Page 3	"<div class=""txtsearchsnippet"">... המפעלים הקיימים. אחרת ייסגר מיד בית החולים בצפת או <b class=""highlightcolor"">בחיפה.</b></div>"
883	dav19310426-01.1.3	26 April 1931	dav	Page 3	"<div class=""txtsearchsnippet"">... לדאוג לרמה המקצועית. הריכוז יאפשר הקניית השכלית טכנית מקצועית. <b class=""highlightcolor"">בחיפה,</b> למשל, ישנה אפשרית טובה לכך בעזרת חתכניו‭. _[‬ יש ...</div>"
884	dav19400920-01.1.6	20 September 1940	dav	Page 6	"<div class=""txtsearchsnippet"">... ראות עיניו. מר ש. לוי הודיע, כי הישוב חעב־י <b class=""highlightcolor"">בחיפה</b> רשם את מר. לוין בספר הזהב של לקה""ק. יבמ ...</div>"
885	dhy19320620-01.1.4	20 June 1932	dhy	Page 4	"<div class=""txtsearchsnippet"">פעולות ל חברת , יהודה ‭"", ‬ <b class=""highlightcolor"">בחיפה</b> והסביבה י בימים אלה חולבים ונגמרים הבנינים בשכינת ""קרית ...</div>"
886	dhy19340726-01.1.3	26 July 1934	dhy	Page 3	"<div class=""txtsearchsnippet"">... היה ממיסדי שכונתאהל־משה'•' ושכונת ‭"" ""‬ עזרת ישראל‭. ""‬ממיםדי <b class=""highlightcolor"">ביה""ח</b> ‭,, ‬משגב לרך‭, ""‬ולקח חלק אקטיבי ובעבודת חעזרח בזמן ...</div>"
887	haretz19400826-01.1.4	26 August 1940	haretz	Page 4	"<div class=""txtsearchsnippet"">מתי יפתחו בתי הספר <b class=""highlightcolor"">בחיפה</b></div>"
888	haretz19431010-01.1.3	10 October 1943	haretz	Page 3	"<div class=""txtsearchsnippet"">... ? ‭11‬ ""י ו^ ? הקונצרטים 'עץ""־. מתקרבת ו <b class=""highlightcolor"">בחיפה</b> נמכרו כל כרטיסי־המנוי! בתל־אכיכ ובירושלים ' נמכרים-עדיין כרטיסי־מנוי רק ...</div>"
889	hbkr19400621-01.1.8	21 June 1940	hbkr	Page 8	"<div class=""txtsearchsnippet"">סגירת ביה""ד הצבאי <b class=""highlightcolor"">בחיפה</b></div>"
890	hbkr19440309-01.1.3	9 March 1944	hbkr	Page 3	"<div class=""txtsearchsnippet"">... של בית הד '""יש. פרטים אפשי? לקבל אצל מנהל <b class=""highlightcolor"">ביה""ח</b> בבל יים, פרט לשב־ ר. ית• בש־\ית ‭10‬ עד ...</div>"
891	hbkr19420626-01.1.6	26 June 1942	hbkr	Page 6	"<div class=""txtsearchsnippet"">ן מי יעמוד בואש ועד הקהלה <b class=""highlightcolor"">בחיפה?</b> !</div>"
892	hmf19441127-01.1.4	27 November 1944	hmf	Page 4	"<div class=""txtsearchsnippet"">מאסרים נוספים <b class=""highlightcolor"">בחיפה</b></div>"
893	hzh19400621-01.1.4	21 June 1940	hzh	Page 4	"<div class=""txtsearchsnippet"">בית משפט השלום <b class=""highlightcolor"">בחיפה</b></div>"
894	hzh19470609-01.1.4	9 June 1947	hzh	Page 4	"<div class=""txtsearchsnippet"">... בספסרות ובתי־דין עירוניים אחרים. מותו. הפתאומי השרה אבל כללי <b class=""highlightcolor"">בחיפה‭'.</b> ‬הניח אשד, ושני בנים. לוויתו הבוקר ב־11 מאולם ""מוריה‭. ...</div>"
895	hzh19470526-01.1.4	26 May 1947	hzh	Page 4	"<div class=""txtsearchsnippet"">... מםלנסקי) _ואברים מ1_רניק ת""א, א' סיון תש""ז‭(20. 5. 47)‬ <b class=""highlightcolor"">ביה""ח</b> ""אסותא‭, "" ‬</div>"
896	hzh19480521-01.1.6	21 May 1948	hzh	Page 6	"<div class=""txtsearchsnippet"">... כבר ובידיהם כרטיסים אפורים ‭'6‬ /צבא‭, /‬או כרטיסים כחולים <b class=""highlightcolor"">(בחיפה</b> ירוקים) או שלא התייצבו כלל עדיין; ‭» ' |‬ ...</div>"
897	itonamami19471126-01.1.2	26 November 1947	itonamami	Page 2	"<div class=""txtsearchsnippet"">... והסרטים של אנגלים, אשר נעשון בצלמגיה פוטױקלײן ברחוב פבזנר <b class=""highlightcolor"">בחיפה.</b> הצעירים אײמו על הצלם הי קלײן, אשתו ושליח מחנה ...</div>"
898	itonamami19480217-01.1.2	17 February 1948	itonamami	Page 2	"<div class=""txtsearchsnippet"">יצחק וויינכרג, בן 25, מרחי גלעד 14 <b class=""highlightcolor"">בחיפה,</b> נורה וגהרג אתמול ב~5 אחה״צ בגבול המזרחי של הדר ...</div>"
899	ahr19480504-01.1.4	4 May 1948	ahr	Page 4	"<div class=""txtsearchsnippet"">... _היהידיש הביא עמו רק תוצאה זו: השלטון האזרחי' והמשטרה, <b class=""highlightcolor"">בחיפה</b> עבר לירי היהוויס. אין זר. משנה את התוכנית הבריטית ...</div>"
900	ahr19480218-01.1.3	18 February 1948	ahr	Page 3	"<div class=""txtsearchsnippet"">תיאטרון _קאמרי <b class=""highlightcolor"">בחיפה</b> י יופ ה' ‭19. 2‬ באולם ""ארמון"" 2 חצגות ...</div>"
901	haretz19470508-01.1.3	8 May 1947	haretz	Page 3	"<div class=""txtsearchsnippet""><b class=""highlightcolor"">בחיפה</b></div>"
902	haretz19330725-01.1.3	25 July 1933	haretz	Page 3	"<div class=""txtsearchsnippet"">... הראשונה בארץ לבדיקת צרכי מזון. כמו כ; יצר את <b class=""highlightcolor"">ביה״ח</b> החימי לשמן־רסום ""הד־ רול"" ושאף ליצור כאן בתי־חרושת חימיים ...</div>"
903	ahr19460912-01.1.4	12 September 1946	ahr	Page 4	"<div class=""txtsearchsnippet"">חיפה, יום גי‭—. ‬ חברי הנהלת וועדת־הבחירות <b class=""highlightcolor"">בחיפה</b> לקונגרס הציוני הופתעו לשמוע בישיבה, כי לעבודה נתקבלו למעלה ...</div>"
904	ahr19480225-01.1.4	25 February 1948	ahr	Page 4	"<div class=""txtsearchsnippet"">... תת־מקל ־ עיס. הנשק מיועד לזיון המנהיגים והנכבדים הערבים <b class=""highlightcolor"">בחיפה</b> ובעכו, התומכים במדיניותו של עבדאללה, כדי שיוכלו להגן על ...</div>"
905	ahr19470210-01.1.3	10 February 1947	ahr	Page 3	"<div class=""txtsearchsnippet"">... ימים כל אחד לאנשי המשקים החקלאיים מצ פון הארץ' <b class=""highlightcolor"">בחיפה.</b> מובעת התקווה שמשתתפי הקורסים יקנו את ידיעותיהם בכיבוי לאנשי ...</div>"
906	dav19370531-01.1.6	31 May 1937	dav	Page 6	"<div class=""txtsearchsnippet"">ג־15 באפריל התקיים <b class=""highlightcolor"">בחיפה</b> מושב גלת הדין המיוחד של ההסתדרות. מועל *צת פועלי ...</div>"
907	dav19390212-01.1.7	12 February 1939	dav	Page 7	"<div class=""txtsearchsnippet"">ר ""הבימה"" <b class=""highlightcolor"">בחיפה</b> ז ‭******9***99************ _?‬ י &gt; ביום ד' ‭15. 2‬אבות ...</div>"
908	dav19470401-01.1.4	1 April 1947	dav	Page 4	"<div class=""txtsearchsnippet"">לפי הערכה ראשונה של חברת ""של"" <b class=""highlightcolor"">בחיפה</b> מגיעים הנזקים לרבע מיליון לירות.</div>"
909	dhy19320918-01.1.4	18 September 1932	dhy	Page 4	"<div class=""txtsearchsnippet"">בית משפט המחוזי <b class=""highlightcolor"">בחיפה</b> משרד ההוצאה לפועל }</div>"
910	haretz19460414-01.1.3	14 April 1946	haretz	Page 3	"<div class=""txtsearchsnippet"">... בית הפפד לאחיות (משרד , י האחות הראשית של <b class=""highlightcolor"">ביה""ח)</b> בכל יופ י ן^פרס לשבתות וחג, בין ‭7—4‬ אחה""צ. ...</div>"
911	hbkr19390629-01.1.3	29 June 1939	hbkr	Page 3	"<div class=""txtsearchsnippet"">... מנאשם עצמו היה מר טטאפירד. מנהל החלקת מעליה וההגיתז <b class=""highlightcolor"">בחיפה.</b> הוא נמקד עיי מסניגיר ופפר: אני עיזד מנחל סחלקת ...</div>"
912	hmf19470623-01.1.3	23 June 1947	hmf	Page 3	"<div class=""txtsearchsnippet"">... הספרדית בירושלים‭, (‬בטאט (מגלות בבל‭, (‬חלפון (יו""ר העדה הספרדית <b class=""highlightcolor"">בחיפה‭,</b> (‬אליהו לולו (מפא""י) דוד אבולאפיה.</div>"
913	hmf19480425-01.1.4	25 April 1948	hmf	Page 4	"<div class=""txtsearchsnippet"">כל אזור ואדי ניםנס <b class=""highlightcolor"">בחיפה</b> נכבש ע''י אצ""ל המבצר שחלש על הדר הכרמל נכבש ...</div>"
914	hmf19470907-01.1.4	7 September 1947	hmf	Page 4	"<div class=""txtsearchsnippet"">... בלתי חוקי בימנו אתמול ע""י שופט השלום אבו קאוד <b class=""highlightcolor"">בחיפה</b> לתקופת מאסר משבועיים עד חדשיים ולגירוש מן הארץ.</div>"
915	hmf19470918-01.1.4	18 September 1947	hmf	Page 4	"<div class=""txtsearchsnippet"">שלמה יוגגמן, מזכיר הצה""ר <b class=""highlightcolor"">בחיפה,</b> נע־ צר אתמול ע""י אנשי הבולשת. בשעות לפני הצהרים ...</div>"
916	hbkr19461201-01.1.4	1 December 1946	hbkr	Page 4	"<div class=""txtsearchsnippet"">... פרסים אפשר לקבל: בתל־אביב : במשרד הבנק בשעות העבודה. <b class=""highlightcolor"">בחיפה•</b> ביום נ' — 3 בדצמבר וביום ר — 4 ...</div>"
917	hzh19480927-01.1.2	27 September 1948	hzh	Page 2	"<div class=""txtsearchsnippet"">... את הבעיות המקומיות חמיוחדות וכן נתנו את ההוראות המתאימות. <b class=""highlightcolor"">בחיפה</b> נטלו עלי עצמם לנהל את מפעל הרישום ה""ה: אלי־ ...</div>"
918	hzh19450207-01.1.4	7 February 1945	hzh	Page 4	"<div class=""txtsearchsnippet"">... בגולת _אירוגגה, הועייגיולו !בגינום 'ההספד _מכץלס !_התואתדדת חניכי הישיבות <b class=""highlightcolor"">בחיפה</b> בהיכל !הייעויבד‭*., ‬תפארת ישראל* ביוס א' 'בערב. תחילה נאמרו ...</div>"
919	haretz19470821-01.1.3	21 August 1947	haretz	Page 3	"<div class=""txtsearchsnippet"">... הים סל. ‭36x1 ‬ הערב ‭1. 8‬ג באולם ""ארקון"" <b class=""highlightcolor"">בחיפה</b> הצגו־!' בכולה ויחידה ב־‭9. 00‬ בערב כרסיסים להשיג בקופת ...</div>"
920	haretz19450222-01.1.3	22 February 1945	haretz	Page 3	"<div class=""txtsearchsnippet"">... אחרון — קבוצת תלמידים ובוגרים של בית הספר. הריאלי <b class=""highlightcolor"">בחיפה.</b> הורים, רעיות, אחים ואחיות ומלוים י מהקיבוצים הצטופפו על ...</div>"
921	ahr19480227-01.1.12	27 February 1948	ahr	Page 12	"<div class=""txtsearchsnippet"">... בהודעה יותר מאוחרת מסופר, כי ""ערבימ רבים התקיפו את <b class=""highlightcolor"">ביה""ח</b> ""הוגה ‭"" '‬ אך נהדפו. בהתקפת־נגד נהרסו בתים, כנראה ...</div>"
922	hmf19480205-01.1.3	5 February 1948	hmf	Page 3	"<div class=""txtsearchsnippet"">... אם כי חמשה ימים עבריו מאז מתה מפצעיה ב־ <b class=""highlightcolor"">ביה""ח</b> הממשלתי. בגלל צלב שנמצא עליה נרשמה בשעתו כנוצריה, אולם ...</div>"
923	hmf19480204-01.1.2	4 February 1948	hmf	Page 2	"<div class=""txtsearchsnippet"">... מוסר: עוד 9 שוטרים מוספים ערבים ברחו מתחנת המשטרה <b class=""highlightcolor"">בחיפה</b> על נשקם לאחר שקיבלו את משכורתם _החד־ שית.</div>"
924	hbkr19430708-01.1.4	8 July 1943	hbkr	Page 4	"<div class=""txtsearchsnippet"">... בישיבת מועצת הע־ר־ה מדוע לא שתהה עיר המלשלד, את <b class=""highlightcolor"">ביה""ח</b> ""ה""רקיך לרשו• מהלית לדבק־ת. הרי עכשיו היא עונת המחלית ...</div>"
925	haretz19480928-01.1.3	28 September 1948	haretz	Page 3	"<div class=""txtsearchsnippet""><b class=""highlightcolor"">ביה""ח</b> העירוני 'הדסה' בתל-אביב לביה""ח העירוני ""הדסה"" בתל־אביב דדוש טבח ...</div>"
926	hegeh19431101-01.1.3	1 November 1943	hegeh	Page 3	"<div class=""txtsearchsnippet"">... בלפור 15, לשנת 1944. אמדה צרכנית שתופית של עובדי <b class=""highlightcolor"">ביה״ח</b> ■העירוני הרסה נת״א. בזה הנני להודיע ברבים׳ כי• הגשתי ...</div>"
927	hegeh19431102-01.1.3	2 November 1943	hegeh	Page 3	"<div class=""txtsearchsnippet"">... בלפור 15, לשנת 1944. #נודה צרכנית שתופית של עובדי <b class=""highlightcolor"">ביה״ח</b> העירוני הרסה כת״א. הנני להודיע ברבים כי הגשתי בקשה ...</div>"
928	dav19370507-01.1.3	7 May 1937	dav	Page 3	"<div class=""txtsearchsnippet"">... ‭. 20, 5. 37‬ פרטים אפשר לקבל אצל מנהל <b class=""highlightcolor"">ביה_""ח</b> בכל יום מלבד ששי ושבת בשעת מ־4 עד 5 ...</div>"
929	dav19310208-01.1.4	8 February 1931	dav	Page 4	"<div class=""txtsearchsnippet"">... ערבית, _למתחילים ולמתקדמים. מקוטם בהסתדרות הצעי־ רות העבריות, מול <b class=""highlightcolor"">ביה""ח</b> האיטלקי, וזמנם: יום בי ויום ה‭, '‬כ7־8 עד ‭9, ...</div>"
930	dhy19341213-01.1.5	13 December 1934	dhy	Page 5	"<div class=""txtsearchsnippet"">... הנופים עצ המפעצים הרפואיים — הנתמכים מכספי הממשצה (כמו <b class=""highlightcolor"">ביה""ח</b> צהוצי ריאות ומה' היגעה בבתי ספר, תחנות לטפול באם ...</div>"
931	dhy19351004-01.1.8	4 October 1935	dhy	Page 8	"<div class=""txtsearchsnippet""><b class=""highlightcolor"">בחיפה</b> מרגוע</div>"
932	dhy19351129-01.1.1	29 November 1935	dhy	Page 1	"<div class=""txtsearchsnippet"">... לטובת המשפחות לדברי ""א־םיראט"" אספו חברי אגודת הנוער חערבי <b class=""highlightcolor"">בחיפה</b> מאה לא""י לטובת משפחות הקדושים.</div>"
933	haretz19301128-01.1.4	28 November 1930	haretz	Page 4	"<div class=""txtsearchsnippet"">... את משרותיו הטובות בהו""ל בתור רופא לפקידי הרכבת ומנהל <b class=""highlightcolor"">ביה""ח.</b> המשלתי בעירך במשך עשרות שנתם, ולבא הנה להמשיך יהד ...</div>"
934	haretz19340327-01.1.4	27 March 1934	haretz	Page 4	"<div class=""txtsearchsnippet"">... לטיגון ואפיח 0 !ב, קוקוזיז""8 3 מתוצרת י£ 3 <b class=""highlightcolor"">ביה""ח</b> ' שמך חיפה § ' ‭| 3‬ הקופסה של ...</div>"
935	haretz19360131-01.1.13	31 January 1936	haretz	Page 13	"<div class=""txtsearchsnippet"">... *1ין כסף בטחםנים החדשים של מפעלי ל יה י? <b class=""highlightcolor"">בחיפה</b> ימצאו בעלי־מכוניות בארץ־ ישראל תנאי ־ שרות נוחים ביותר. ...</div>"
936	haretz19340102-01.1.4	2 January 1934	haretz	Page 4	"<div class=""txtsearchsnippet"">... ד ר וויללי הופמז מפדאנקפררט הוא עונה במרפאה של <b class=""highlightcolor"">ביה""ח</b> בכל יום ראשון, שלישי והמישי משעה ‭10. 30‬ עד ...</div>"
937	kolisraeljlm19300424-01.1.4	24 April 1930	kolisraeljlm	Page 4	"<div class=""txtsearchsnippet"">... שמעון גוזגה, עזרת ישראל. ד. "" גריגשטיין "" מול <b class=""highlightcolor"">ביה״ח</b> הדסה, ה. החנית תוצרת הארץ של יצחק כהן רחוב ...</div>"
938	dav19461206-01.1.1	6 December 1946	dav	Page 1	"<div class=""txtsearchsnippet"">... מפגיעת כדורים קובעים החוקרים הממשלתיים י‭. &gt;,. ‬אתמול פורסמה <b class=""highlightcolor"">בחיפה</b> תוצאת החקירה של החוקרים במקרי מות בעניו מותם של ...</div>"
939	haretz19440215-01.1.3	15 February 1944	haretz	Page 3	"<div class=""txtsearchsnippet"">... חדר עם מטבח וכל הנוחיות בתל־אביב נגד דירה דומה <b class=""highlightcolor"">בחיפה.</b> מאירי, רש""י ‭44‬ ת""א אצל גרין. להשכיר דירה מ־3 ...</div>"
940	ahr19480905-01.1.1	5 September 1948	ahr	Page 1	"<div class=""txtsearchsnippet"">... מרגמות לעבר צפון תלפיות, שני אנשים נפצעו קל. כתב__ו <b class=""highlightcolor"">בחיפה</b> מודיע, כי משקיפי או""ם בירושלים מוסרים למטה הראשי <b class=""highlightcolor"">בחיפה,</b> ...</div>"
941	hmf19461202-01.1.4	2 December 1946	hmf	Page 4	"<div class=""txtsearchsnippet"">... שרה ריינר, בת A תעזוב היום או מחר את <b class=""highlightcolor"">ביה""ח</b> ""הדסה‭. ""‬עליזה גולדשרפ יצאה אף היא מכלל סכנה, והיא ...</div>"
942	haretz19450408-01.1.3	8 April 1945	haretz	Page 3	"<div class=""txtsearchsnippet"">... ארצה לפני ‭11‬ חדשים. 6 חדשים היו בבית עולים <b class=""highlightcolor"">בחיפה.</b> ""רציתי לעבור לתל אביב. שמעתי, שבתל אביב יותר קל ...</div>"
943	haretz19330621-01.1.4	21 June 1933	haretz	Page 4	"<div class=""txtsearchsnippet"">... דיזי, הקונסול הכללי של צ׳יכוסלובקיה, סגן הקונסול הגרמני, הטכניון <b class=""highlightcolor"">בחיפה,</b> הרמl שטרוק, אגודת הסטודנטים בטכניון, ועד הקלה בצפת, ""נשר"" ...</div>"
944	dav19370322-01.1.6	22 March 1937	dav	Page 6	"<div class=""txtsearchsnippet"">... ושלטה בני יוסף באטקין (עלו מאוקראינה בשנת תרפ""ט, גרו- <b class=""highlightcolor"">בחיפה)</b> או כל מי שיודע כתבתם־ מתבקש להודיע למזכירות הכללית ...</div>"
945	dav19320617-01.1.3	17 June 1932	dav	Page 3	"<div class=""txtsearchsnippet"">חבר עובדי <b class=""highlightcolor"">ביה""ח</b> העירוני בת''א</div>"
946	dav19330125-01.1.3	25 January 1933	dav	Page 3	"<div class=""txtsearchsnippet"">... ,, -‬ אוניקום"" שייך לשני בעלינו, ולהם 13עלים אחדים. <b class=""highlightcolor"">ביהח</b> '' ר נמצא במבוא ־המושבה חדרה, בדרך תחנת הרכבת. ...</div>"
947	haretz19320515-01.1.1	15 May 1932	haretz	Page 1	"<div class=""txtsearchsnippet"">... בטצדיס או בארץ ישראא או בטשרד הרשום שא החברה <b class=""highlightcolor"">בחיפה.</b> בפקודת חבר ההנהאזז י ?• לסשין, טזביר. ‭15. 532 ...</div>"
948	haretz19320215-01.1.4	15 February 1932	haretz	Page 4	"<div class=""txtsearchsnippet"">משרד ההוצאה לפועל <b class=""highlightcolor"">בחיפה</b> הודעת מכירה התובע: יו^ אליוס נעמה חיפה. הנתבע: שמעון ...</div>"
949	haretz19360410-01.1.1	10 April 1936	haretz	Page 1	"<div class=""txtsearchsnippet"">חבר מורי המכון למוסיקה <b class=""highlightcolor"">בחיפה</b> מברך את המיסדת והמנהלת של חמכון וחלוצת הוראת ?הנגינה ...</div>"
950	haretz19350109-01.1.4	9 January 1935	haretz	Page 4	"<div class=""txtsearchsnippet"">... נאמד בין השאר, שחברי קופת הולים נהנים משרות "" <b class=""highlightcolor"">ביה""ח</b> הדסה בתיפה, ?שלפי ההסכם י בין שני הצדדים עומדים ...</div>"
951	haretz19390816-01.1.5	16 August 1939	haretz	Page 5	"<div class=""txtsearchsnippet"">... ן?אן. יהיה ז הכל ?ךא*תקד* יהודי שהוכה בידי שוטר <b class=""highlightcolor"">בחיפה</b> בליל ב' סטוך לחצות הובא לבית־ חחוליםהדסה"" ע""י םכונית ...</div>"
952	haretz19410616-01.1.4	16 June 1941	haretz	Page 4	"<div class=""txtsearchsnippet""><b class=""highlightcolor"">בחיפה</b></div>"
953	haretz19440621-01.1.4	21 June 1944	haretz	Page 4	"<div class=""txtsearchsnippet"">... ה' מירשקי על סדרת קונצרטים של תזמורת בבארי. הנהלת <b class=""highlightcolor"">ביה""ח</b> ""הדסה"" ערכה מבבה על כוס תה לכבוד חברות הוג ...</div>"
954	hmf19430616-01.1.4	16 June 1943	hmf	Page 4	"<div class=""txtsearchsnippet"">. ־ <b class=""highlightcolor"">בחיפה</b> ביום השפתון נתקיימו 3 אספות-עם בהשתתפות קהל עצום. בביהכנ""ס ...</div>"
955	haretz19331105-01.1.1	5 November 1933	haretz	Page 1	"<div class=""txtsearchsnippet"">... בשני־ c נורו יריות. הגופות הובאו לחדר המתים של <b class=""highlightcolor"">ביה״ח</b> ממשלתי. שניהם ירדו <b class=""highlightcolor"">בחיפה</b> מן האניה ״ווינה״ ביום 29 ...</div>"
956	ahr19461113-01.1.3	13 November 1946	ahr	Page 3	"<div class=""txtsearchsnippet"">... החדשים לקונצרט ד. ־3 למנויים כתל־אביכ, תבוא הודעה מיותרת. <b class=""highlightcolor"">בחיפה</b> ובירושלים, נשארים כל התאריכים בתוקפם. , אגד"" עמק*הירדך-ת""א מיום ...</div>"
957	ahr19470514-01.1.4	14 May 1947	ahr	Page 4	"<div class=""txtsearchsnippet"">... זכות למולדת"" — אמרה ג• מאירםרן במיסדו החגיגי שנערך <b class=""highlightcolor"">בחיפה</b> ביום הים עי־ מגרש ביה""ם הריאלי. הנראמת שיי חד. ...</div>"
958	ahr19460307-01.1.4	7 March 1946	ahr	Page 4	"<div class=""txtsearchsnippet"">... י ב ר ה י ם (ראש האגודה המוסלמית <b class=""highlightcolor"">בחיפה</b> וקופת האומה, ומנהל הניף באבק האומה הערבי <b class=""highlightcolor"">בחיפה)</b> יוה ...</div>"
959	ahr19480630-01.1.1	30 June 1948	ahr	Page 1	"<div class=""txtsearchsnippet"">... של כל כנם כתליאכיכ כשעה ‭03. 30‬ כדיוק. ב. <b class=""highlightcolor"">בחיפה</b> כאולפ התכניון — לאיזור הצפון, צפונד, לחדרה עם העמקים ...</div>"
960	ahr19471023-01.1.4	23 October 1947	ahr	Page 4	"<div class=""txtsearchsnippet"">... בניית מרפאות. מרפאה אזורית כרה גאולה בניין יפה בהדר־הכרמל <b class=""highlightcolor"">בחיפה</b> ייווסף לה לקופת־חולים עם הקמת המרפאה האזורית ברח' גאולה, ...</div>"
961	dav19320921-01.1.3	21 September 1932	dav	Page 3	"<div class=""txtsearchsnippet"">... ישבה־ ‭| |‬ ;תק‭^&gt;‬ולעיור ליזטת _הפועלים . העברים נם <b class=""highlightcolor"">בחיפה.</b> שי‭-¥-‬ר‭_20, _4_*‬א, , _ימלב שלם . ש_?י''כ הפועלים ר&amp;איךנניפ. ...</div>"
962	dav19380824-01.1.1	24 August 1938	dav	Page 1	"<div class=""txtsearchsnippet"">... נפצע לפני זמן מה, הוכנס לבית החולים, ובתוך כתלי <b class=""highlightcolor"">ביה""ח</b> ;עדבח התנקשות שנית י בחייו. כשנתרפא ועזב את בית ...</div>"
963	dav19400310-01.1.5	10 March 1940	dav	Page 5	"<div class=""txtsearchsnippet"">... את‭. -‬הנקניקים, לטובת הטוני הצרכנים. השופט קנט את בעל <b class=""highlightcolor"">ביה""ח</b> בחמש לוויות ואת פועלו בלירה, וציוו?להח־ זיל את. הבשר, ...</div>"
964	dav19461029-01.1.3	29 October 1946	dav	Page 3	"<div class=""txtsearchsnippet"">ת1צרה <b class=""highlightcolor"">_ביה־ח</b> _הטולם־</div>"
965	dav19461125-01.1.4	25 November 1946	dav	Page 4	"<div class=""txtsearchsnippet"">... לקהל הסוהרים והאיטי־ _פורטריט, המשקים והחקלאים, כי מפעלנו הגדול <b class=""highlightcolor"">בחיפה,</b> מפעל הקרור המודרני ביותר בארץ ובמזרח התיכון, נפתח היום ...</div>"
966	haretz19301118-01.1.4	18 November 1930	haretz	Page 4	"<div class=""txtsearchsnippet"">פסק דין מבית משפט השלום האזרחי <b class=""highlightcolor"">בחיפה</b> ־ מספר התיק ‭5334־30 ‬ התובע: הכרת אננליא פלשתינה ...</div>"
967	haretz19360809-01.1.7	9 August 1936	haretz	Page 7	"<div class=""txtsearchsnippet"">... מגו־ ה* ־ע""י רופא מומחה. סוג חו*ים נש־ *ק <b class=""highlightcolor"">*ביה""ח</b> הדסה בצפת. רבוי מם*י־ טיס בעיר שהוכרחו *עזוב את ...</div>"
968	haretz19470810-01.1.4	10 August 1947	haretz	Page 4	"<div class=""txtsearchsnippet"">... מיל שלא יוחזר למשלם, במשרד מזכיר העיר בבית העיריה <b class=""highlightcolor"">בחיפה'</b> בכל יום בין השעות 9 לפני הצהתם — ‭12‬ ...</div>"
969	haretz19431214-01.1.4	14 December 1943	haretz	Page 4	"<div class=""txtsearchsnippet"">... ז יל מיסדה ומטפחח של חתמנעה לילדים נגועי שחפת <b class=""highlightcolor"">בחיפה</b> ומביע את השתתפותו באיל המשפחה והליגה למלחמה בשחפת.</div>"
970	hbkr19400121-01.1.6	21 January 1940	hbkr	Page 6	"<div class=""txtsearchsnippet"">... העיר והגב' רוקה. ה""ה מ. עוזיאלי, מר גרושקא, מנהל <b class=""highlightcolor"">ביה""ח</b> ""הדסה"". מר ליבונטין, ד""ר איצקוביץ, מר י. ל. רוקח, ...</div>"
971	hbkr19400104-01.1.5	4 January 1940	hbkr	Page 5	"<div class=""txtsearchsnippet"">... יהמה (הוגו) הדמו שיצאה אתמול לפנה""צ בשעה ‭10‬ מחצר <b class=""highlightcolor"">ביה""ח</b> ביקור חוליפ. לפי בקשה שהשאיר המנוח לא היו שום ...</div>"
972	hbkr19391110-01.1.8	10 November 1939	hbkr	Page 8	"<div class=""txtsearchsnippet"">... חבר הקצינים עמדריכים של רכבי אש ת""א. יום הפ־נ <b class=""highlightcolor"">בחיפה</b> ביום חששי ובמוצאי שכת. ‭10‬ י־ ‭11 ‬ לנ־במבר ...</div>"
973	hmf19470521-01.1.4	21 May 1947	hmf	Page 4	"<div class=""txtsearchsnippet"">... יום ה' ‭"" 22. 5‬ יעקובובסקי והקולונל"" ב־9 ""ארמון"" <b class=""highlightcolor"">בחיפה</b></div>"
974	hmf19480513-01.1.4	13 May 1948	hmf	Page 4	"<div class=""txtsearchsnippet"">מקור צבאי רשמי <b class=""highlightcolor"">בחיפה</b> מוסר: שלשום נעצת 5 מכוניות משותינות ש_£ יהודם ליד ...</div>"
975	hmf19480223-01.1.1	23 February 1948	hmf	Page 1	"<div class=""txtsearchsnippet"">... על אמבולנס של מ. ד. א. בשעה שעבר לפני <b class=""highlightcolor"">ביה""ח</b> ""ביקור־חולים‭. ""‬ איש לא נפגע. בשעה 9 התחדשו היריות ...</div>"
976	hbkr19461013-01.1.3	13 October 1946	hbkr	Page 3	"<div class=""txtsearchsnippet"">... רחוב ב*9אלי‭, 9‬ מקודטיד&amp;ו ד""ד בריר — ו. רוט. <b class=""highlightcolor"">בחיפה,</b> . ‭, 3. 11‬ בית־מרקתת רחוב נורדאו ‭. 26 ...</div>"
977	hbkr19410325-01.1.3	25 March 1941	hbkr	Page 3	"<div class=""txtsearchsnippet"">... בו בב־ קיט נדרס. נתרסק וכת• גייחו נלקחה ל־ <b class=""highlightcolor"">ביה""ח</b> הממשלתי והמשטרה פתחה בהקירה. אתמול עד שעה מאיתרח נעשו ...</div>"
978	hbkr19381115-01.1.6	15 November 1938	hbkr	Page 6	"<div class=""txtsearchsnippet"">... עבירה על חוק העוצר היומי ביסו. התנקשו בקרני נוציי <b class=""highlightcolor"">בחיפה</b> ? אתמול םסוך ל־5 בערב ירו 3 ערבים אל ...</div>"
979	hzh19391018-01.1.4	18 October 1939	hzh	Page 4	"<div class=""txtsearchsnippet"">... יטפל בצד . המשקי שיל המוסד. המנהל הנוכחי של <b class=""highlightcolor"">ביה""ח</b> העירוני, ד‭_-'‬ר מ. לבונטין‭., ‬לא הסבים, מטעמים מובנים‭|, ‬</div>"
980	hzh19471229-01.1.4	29 December 1947	hzh	Page 4	"<div class=""txtsearchsnippet"">'ממ _י תמז-את בית ומעשיה <b class=""highlightcolor"">בחיפה</b> _הח_# י על מדי וושמייה</div>"
981	hazmantlv19440105-01.1.4	5 January 1944	hazmantlv	Page 4	"<div class=""txtsearchsnippet"">... בהדר הכרמל. היא הרה. במצב קשה הובאה לפנה״צ אל <b class=""highlightcolor"">ביה״ח</b> רוטשילד <b class=""highlightcolor"">בחיפה</b> במכונית טקסי. מצבם של פצועי התאונה הקטלנית ...</div>"
982	itonamami19480111-01.1.2	11 January 1948	itonamami	Page 2	"<div class=""txtsearchsnippet"">... בן 27 מת״א נהרג, יצהק קליינמן העובד בחבי ״של״ <b class=""highlightcolor"">בחיפה</b> נפצע. בשבת ב-3 .30 אחה״צ נורו יריות ע״י ערבי ...</div>"
983	dav19461025-01.1.9	25 October 1946	dav	Page 9	"<div class=""txtsearchsnippet"">... ן _המיניקה ודם | _הפריםדונה של-לה־סקלה־ ‭.. ‬ 1 <b class=""highlightcolor"">בחיפה,</b> יום חמישי ‭31. 10‬ נאומו!נ־‭_9 * *‬ נת‭""5‬אנינ, טוצ ...</div>"
984	dav19480527-01.1.2	27 May 1948	dav	Page 2	"<div class=""txtsearchsnippet""><b class=""highlightcolor"">ביה""ח</b> אסותא ת־א. י'ז ‭""//‬ד _ווש־ח ‭26. 5. 48 ‬</div>"
985	haretz19420720-01.1.4	20 July 1942	haretz	Page 4	"<div class=""txtsearchsnippet"">... ‬ בשעה ‭3. 00‬ אחרי הצהרים במרכז מסחרי הראשון <b class=""highlightcolor"">בחיפה.</b> רשימה: שלחן, כסאות, מכונת תפירה, ראדיו ומזנון. בדבר פרטים ...</div>"
986	haretz19430308-01.1.3	8 March 1943	haretz	Page 3	"<div class=""txtsearchsnippet""><b class=""highlightcolor"">בחיפה</b> כינזזפ</div>"
987	haretz19450316-01.1.3	16 March 1945	haretz	Page 3	"<div class=""txtsearchsnippet""><b class=""highlightcolor"">בחיפה</b></div>"
988	haretz19330714-01.1.1	14 July 1933	haretz	Page 1	"<div class=""txtsearchsnippet"">... בית אמינוב. ת. ד. 273. טלפון 463 מעון הפניה <b class=""highlightcolor"">בחיפה</b> — פנת רחוב המזרח ורחוב הנמל בית ראובן מקובר, ...</div>"
989	haretz19331023-01.1.4	23 October 1933	haretz	Page 4	"<div class=""txtsearchsnippet""><b class=""highlightcolor"">בחיפה</b></div>"
990	ahr19470209-01.1.4	9 February 1947	ahr	Page 4	"<div class=""txtsearchsnippet"">... הם ילדים — מוסרת לשכת המודיעין הממשלתית. _בית־החולים הממשלתי <b class=""highlightcolor"">בחיפה</b> מוסר על ארבע תאונות דרכים שאירעו היום, מהם אחד ...</div>"
991	ahr19480114-01.1.4	14 January 1948	ahr	Page 4	"<div class=""txtsearchsnippet"">... הדה, בן ‭, 15‬מיפו, נפצע קשה והובא לבית־החולים הממשלתי <b class=""highlightcolor"">בחיפה.</b></div>"
992	dav19350515-01.1.6	15 May 1935	dav	Page 6	"<div class=""txtsearchsnippet"">ע""י התכנית העברי <b class=""highlightcolor"">בחיפה</b></div>"
993	dav19470818-01.1.3	18 August 1947	dav	Page 3	"<div class=""txtsearchsnippet"">... _צפאיות _משובשות כמות של 5 שאסי נמצאים במחסני הבונדר <b class=""highlightcolor"">בחיפה,</b> גסות של 3 _שאקי נ0צאיפ ג8ח9ני ‭_!7‬בר13 -ר בחיטה, ...</div>"
994	dav19461101-01.1.6	1 November 1946	dav	Page 6	"<div class=""txtsearchsnippet"">... י ‭_*8 1 § 9_^ 5_^8.. ‬ המשרד הראשי <b class=""highlightcolor"">בחיפה</b> רח' הנמל 28 ‭? -3‬ ־?־ ־ י ־ ...</div>"
995	dhy19311230-01.1.4	30 December 1931	dhy	Page 4	"<div class=""txtsearchsnippet"">... תשובה לכרוז שהתפרסם ביום ו' החולף. I ע""י הנהלת <b class=""highlightcolor"">ביה""ח.</b> : הכרוז מצהיר שוב‭., ‬שהנהלת. I בית החוצים. היאהיא ...</div>"
996	haretz19300908-01.1.1	8 September 1930	haretz	Page 1	"<div class=""txtsearchsnippet"">... מביע־! את תודתנו העמוקה מ ן לד""ר פרויד ולאחיות <b class=""highlightcolor"">ביה""ח</b> )) /1 יעל עבודתם המסירה וטפולם הרב בלידתי "" ...</div>"
997	haretz19301201-01.1.4	1 December 1930	haretz	Page 4	"<div class=""txtsearchsnippet"">היפה •עובדי <b class=""highlightcolor"">ביה""ח</b> לקרח וחטצןטילר"" — יזם עבודה "" מחוץ לתרוטתם השנתית. ...</div>"
998	haretz19310729-01.1.4	29 July 1931	haretz	Page 4	"<div class=""txtsearchsnippet"">לא בירושלים ולא <b class=""highlightcolor"">בחיפה</b> אלא יק בתל""אביב בבית מסחר לעתונים וספרים צבי ס ...</div>"
999	haretz19350304-01.1.1	4 March 1935	haretz	Page 1	"<div class=""txtsearchsnippet"">... הדרושה יפנה מיד ללשכה המשפנדת ""על יד ועד היהלה <b class=""highlightcolor"">בחיפה.</b></div>"
1000	haretz19470225-01.1.4	25 February 1947	haretz	Page 4	"<div class=""txtsearchsnippet"">... ‭£1 ‬ ?V חנות . שק מרשם בית"" מאת <b class=""highlightcolor"">בחיפה</b> למיאן . קודנפלד *¥ ¥ ^</div>"
1001	haretz19400529-01.1.5	29 May 1940	haretz	Page 5	"<div class=""txtsearchsnippet""><b class=""highlightcolor"">בחיפה</b></div>"
1002	haretz19450831-01.1.8	31 August 1945	haretz	Page 8	"<div class=""txtsearchsnippet"">... מחזורים — ‭408 ‬ אהיות. פתה ד''ר יסקי, מנהל <b class=""highlightcolor"">ביה""ח</b> *הדפה"" בו־ושלים ' י , שהעלה על נם את ...</div>"
1003	hbkr19400610-01.1.6	10 June 1940	hbkr	Page 6	"<div class=""txtsearchsnippet""><b class=""highlightcolor"">ביה""ח</b> האיטלקי <b class=""highlightcolor"">בחיפה</b></div>"
1004	hmf19440103-01.1.4	3 January 1944	hmf	Page 4	"<div class=""txtsearchsnippet"">מרוע נסגר <b class=""highlightcolor"">ביה""ח</b> בפרדס מ בפני חולית""אן ד""ד מ. כיהן-עמד על העובדה ...</div>"
1005	hmf19471214-01.1.1	14 December 1947	hmf	Page 1	"<div class=""txtsearchsnippet"">... יהודים נהרגו ליד באר־שבע‭3, ‬ נרצחו בדרך ללוד ואחד <b class=""highlightcolor"">בחיפה</b></div>"
1006	hmf19451207-01.1.8	7 December 1945	hmf	Page 8	"<div class=""txtsearchsnippet"">דו. א. אלטמן <b class=""highlightcolor"">בחיפה</b></div>"
1007	hbkr19460510-01.1.7	10 May 1946	hbkr	Page 7	"<div class=""txtsearchsnippet"">... בנדיב־ו אודסזייה אייתי והשיב־ פ־נ־ה הבק־ט־ת'. ארגין ממעט־ הכינוני <b class=""highlightcolor"">בחיפה</b> עומד יה־ב - ב־בן הי־יב בת־ מלאכה בא־ז-דתעש-ה שבמפרץ ...</div>"
1008	hbkr19470204-01.1.4	4 February 1947	hbkr	Page 4	"<div class=""txtsearchsnippet"">... תליאביב ~ מם ה' ‭6. 2‬ב־9 לארמון"" בפעם האתרונה <b class=""highlightcolor"">בחיפה</b> ־ ' מם א• ‭9. 2‬ שדור פרקיםנבהרים ברדמ ...</div>"
1009	hbkr19461215-01.1.3	15 December 1946	hbkr	Page 3	"<div class=""txtsearchsnippet"">חיפה מכבי אש מתנדבים <b class=""highlightcolor"">בחיפה</b> עומדים לערוך שבוע מכבי אש בחנוכה לרגל יובל עשר ...</div>"
1010	hbkr19411019-01.1.4	19 October 1941	hbkr	Page 4	"<div class=""txtsearchsnippet"">... עמדה תהודת ד""שחיה על האליפות הארצית, שנערכה באצטדיון בת־גליב <b class=""highlightcolor"">בחיפה.</b> במקום ראשון זכתה קבוצה אוסטרל-ת, בשני — מסב־חיפה - ...</div>"
1011	hmf19450314-01.1.3	14 March 1945	hmf	Page 3	"<div class=""txtsearchsnippet"">... . רופא־קונסולטנט במכון לרנטגן־ רפוי. פרטים אפשר לקבל במשרד <b class=""highlightcolor"">ביה""ח</b> כל יום — פרט לשבת — יבין 10 עד ...</div>"
1012	hmf19460804-01.1.4	4 August 1946	hmf	Page 4	"<div class=""txtsearchsnippet"">... אשד ברחוב יפו 24־26 ובבניני חיאט מסביב למשטרה המרכזית <b class=""highlightcolor"">בחיפה,</b> קיבלו אתמול פקודת פינוי. בהודעה מטעם מושל המחוז נאמד ...</div>"
1013	hmf19460101-01.1.4	1 January 1946	hmf	Page 4	"<div class=""txtsearchsnippet"">... בשעות הבוקר במכונית המעביר מם' ‭. 4‬הנהג העבירה למרפאת <b class=""highlightcolor"">ביה""ח</b> ‭. ""הדסה""‬אחדי טיפול נש - לחה לביתה. נפגע בזרם ...</div>"
1014	hmf19460912-01.1.4	12 September 1946	hmf	Page 4	"<div class=""txtsearchsnippet"">ההתנקשות <b class=""highlightcolor"">בחיפה</b> וההתקפה בת""א - פעולת הלח""•</div>"
1015	hmf19391201-01.1.8	1 December 1939	hmf	Page 8	"<div class=""txtsearchsnippet"">... ב""הדםה"" חחל מיום 1 בדצמבר ש""ז תנתנה ע""י דופאי <b class=""highlightcolor"">ביה""ח</b> העירוני ""הדסה"" בת""א ידיעות על מצב החולים השוכבים בבית ...</div>"
1016	hzh19420407-01.1.4	7 April 1942	hzh	Page 4	"<div class=""txtsearchsnippet"">‭;'--‬־'לורר-עמואל <b class=""highlightcolor"">בחיפה.</b> ' 'אתמול""הגיוע. לסיעה י לורד הדברטיםמו "" אל-בעגיי י ...</div>"
1017	hzh19430117-01.1.4	17 January 1943	hzh	Page 4	"<div class=""txtsearchsnippet"">... את . השתלמותם המקצועיר"" ז3ת !הבקשות יש להגיש למשרד <b class=""highlightcolor"">ביה""ח</b> •העירוני •עד יום ‭. 25. 1. 1943‬ ט' שבט ...</div>"
1018	itonamami19471026-01.1.2	26 October 1947	itonamami	Page 2	"<div class=""txtsearchsnippet"">... וגשרפו. l Iהשרופים והפצועים הועברו לביה״ח הצןבאי מסי 42 <b class=""highlightcolor"">בחיפה.</b></div>"
1019	ahr19480301-01.1.3	1 March 1948	ahr	Page 3	"<div class=""txtsearchsnippet"">... א) בא־כח המשרד לחיסול מחסנים בריטיים ב־א""י במלון םבוי <b class=""highlightcolor"">בחיפה,</b> בין השעות ‭p . 10. 00 — 13. 00‬ ...</div>"
1020	haretz19461208-01.1.3	8 December 1946	haretz	Page 3	"<div class=""txtsearchsnippet"">... שעון כיפ ‭01ו 016101 ח 6‬ ־^‭0011 ‬ בירושלים, <b class=""highlightcolor"">בחיפה</b> או •בדרך לחיפה. מזכרת יקרה. המוצא יביא על שכרו ...</div>"
1021	haretz19461113-01.1.5	13 November 1946	haretz	Page 5	"<div class=""txtsearchsnippet"">... א. הרצוג ב־ום ב' נערכה מטעם ועד הקהלה העברית <b class=""highlightcolor"">בחיפה</b> ומגבית ההתגייסות קבלת; פנים לרב י. א. הרצוג לשובו ...</div>"
1022	haretz19430531-01.1.3	31 May 1943	haretz	Page 3	"<div class=""txtsearchsnippet"">... ביאליק לד""ר א. דויטש. המחזיר את הכלים לסניףהארץ"" "" <b class=""highlightcolor"">בחיפה</b> יבא על שכרו בעין יפה.</div>"
1023	haretz19441225-01.1.2	25 December 1944	haretz	Page 2	"<div class=""txtsearchsnippet"">... הדר-הכרמל להדליף בלי מתווכים בדירה דומה של 3 חדרים <b class=""highlightcolor"">בחיפה.</b> לפנות: חיפה, ת. ד. ‭, 337 ‬ עבור ""דירה""?</div>"
1024	hmf19470811-01.1.4	11 August 1947	hmf	Page 4	"<div class=""txtsearchsnippet"">נמצא צעיר פצוע קשה בהתפוצצות במכינית־טכםי חטופה <b class=""highlightcolor"">בחיפה</b></div>"
1025	hmf19470819-01.1.4	19 August 1947	hmf	Page 4	"<div class=""txtsearchsnippet"">ולקה _במחסן־עצימ של הסוכנות <b class=""highlightcolor"">בחיפה</b></div>"
1026	hmf19470616-01.1.4	16 June 1947	hmf	Page 4	"<div class=""txtsearchsnippet"">... באותה מכונית הועברה הגופה של הילד לתדר המתים של <b class=""highlightcolor"">ביה""ח</b> ‭. ""הדסה"" ‬</div>"
1027	hmf19471022-01.1.4	22 October 1947	hmf	Page 4	"<div class=""txtsearchsnippet"">... שנוי במהלך הרכבות בין חיפה וקנטרה המר, לת הרכבות <b class=""highlightcolor"">בחיפה</b> מודיעה כי לא חל כל שינוי במהלך הרכבות בין ...</div>"
1028	hmf19480225-01.1.4	25 February 1948	hmf	Page 4	"<div class=""txtsearchsnippet"">... ואמש בשעה ‭5. 30‬ עזב את העיר משוריין של <b class=""highlightcolor"">ביה""ח</b> הדסה ובתוכו 3 צעירים בכיוון להר הצופים. לאחר שעברו ...</div>"
1029	hmf19480115-01.1.4	15 January 1948	hmf	Page 4	"<div class=""txtsearchsnippet"">2 ההרוגים האלמונים <b class=""highlightcolor"">בחיפה</b> - זוהו כיהודים</div>"
1030	hmf19480628-01.1.4	28 June 1948	hmf	Page 4	"<div class=""txtsearchsnippet"">... של חיפה פרס רופין, הניתן מטעם ועד הקהילה העברית <b class=""highlightcolor"">בחיפה</b> וועד הדר־הכרמל, יחולק השנה כספרות יפה ובמדעי_^תברה. מחברים, מו""לים, ...</div>"
1031	hbkr19461014-01.1.3	14 October 1946	hbkr	Page 3	"<div class=""txtsearchsnippet"">... בן ‭?26‬ לבנוני. בעת שביקש לנסוע בטקסי מכבר חמרא <b class=""highlightcolor"">בחיפה,</b> הסבו־ פם, שישב במכונית? חתנפל עליו ופגע קשה בראשו. ...</div>"
1032	hbkr19420426-01.1.4	26 April 1942	hbkr	Page 4	"<div class=""txtsearchsnippet"">... ח--פר"" רחוב הרצל !ע. פנתה בבקשה לבית היין המחוזי <b class=""highlightcolor"">בחיפה</b> בדבר מתן צו המכריז־ כ היא הנה התלויה היחייה ...</div>"
1033	hbkr19410326-01.1.3	26 March 1941	hbkr	Page 3	"<div class=""txtsearchsnippet"">... ניבמבר, מת־ בקשיט לפנות ללשכת העליה של הסיננות היהודית <b class=""highlightcolor"">בחיפה,</b> רחוב פלמר, בית הסוכנות היהודית. לטובתם. י — ה' ...</div>"
1034	hbkr19410805-01.1.3	5 August 1941	hbkr	Page 3	"<div class=""txtsearchsnippet"">... ה:כ::ך ככיהה'־? :מואל עבר לפי הצעת התאחד-ת בעל• התעשיה <b class=""highlightcolor"">בחיפה</b> להחלטתה של מחיקת העב־דד, שעיהסוכנות היהודית. לפי שעה היסרו ...</div>"
1035	hbkr19430425-01.1.4	25 April 1943	hbkr	Page 4	"<div class=""txtsearchsnippet"">... נהיפה הצגת . הלינה "" ריפה־ בא-לפ . ארפץ• <b class=""highlightcolor"">בחיפה</b> בייל שש• בניצוח• של מרק לברי. הפכה למאירע אפנ־ח? ...</div>"
1036	hmf19461224-01.1.4	24 December 1946	hmf	Page 4	"<div class=""txtsearchsnippet"">... כדורים. המשטרה שהוזעקה למקום העבירה את הפצוע לביה""ח הממשלתי <b class=""highlightcolor"">בחיפה</b> במקום שמת מפצעיו כעבור כמה שעות. גם גופת ההרוג ...</div>"
1037	hzh19461128-01.1.1	28 November 1946	hzh	Page 1	"<div class=""txtsearchsnippet"">... באי‭. ""‬ משלחת ל ק בל , את פניו <b class=""highlightcolor"">בחיפה.</b> ייתכן שעוד היום יצאו אוטוב ־ סיים מיוחדים לקבל ...</div>"
1038	yarden19341230-01.1.3	30 December 1934	yarden	Page 3	"<div class=""txtsearchsnippet"">... 'בהזדמנות מגרשים למכיר!? "" , ע""י טקוה ישראל, בקרבת <b class=""highlightcolor"">ביה""ח-</b> החדש לודזיו‭&gt;7 ‬ ^"" ;, במרכז של שכונות הדרום. ...</div>"
1039	hashaharerev19410119-01.1.2	19 January 1941	hashaharerev	Page 2	"<div class=""txtsearchsnippet"">... נתערערה האחדות ב״הת־ אחדות"" ומשום :כך התארגנו ליגות נבדלות <b class=""highlightcolor"">בחיפה</b> וירושלים. מש־ם כך היה זה ■מחובת שלטונות ה״התאהדות"" לא ...</div>"
1040	dav19370910-01.1.9	10 September 1937	dav	Page 9	"<div class=""txtsearchsnippet"">... בזכרו;יעקב, נעז, שייך אבריק, ת? חי, מגדל ופלוגת הים <b class=""highlightcolor"">בחיפה,</b> נקודות אחיזה חשובות לבל התנועה. בערים ובמושבות נמשכת הפעולה ...</div>"
1041	haretz19470126-01.1.3	26 January 1947	haretz	Page 3	"<div class=""txtsearchsnippet"">... 45‬ בת""א ? יום ה' ‭30. 1‬ באולם ""ארמון"" <b class=""highlightcolor"">בחיפה</b> הצגת בכורה ויחידה ב־9 בערב. י מוצ""ש, ‭2 '1. ...</div>"
1042	haretz19471231-01.1.5	31 December 1947	haretz	Page 5	"<div class=""txtsearchsnippet""><b class=""highlightcolor"">בחיפה</b> רבטחון העם"""" * דבמחונך! נפצעו ערכיפ שני פצועים ערבים ...</div>"
1043	haretz19480220-01.1.4	20 February 1948	haretz	Page 4	"<div class=""txtsearchsnippet"">פגיעות בתחבורה <b class=""highlightcolor"">בחיפה</b></div>"
1044	hbkr19470309-01.1.3	9 March 1947	hbkr	Page 3	"<div class=""txtsearchsnippet"">... 30 ‬ בצהרים נאבד בסנת שדרות הכרמל ודהוב יפו <b class=""highlightcolor"">בחיפה</b> תיק המכיל ניירות שונים שיש להם ערד דק לבעליו. ...</div>"
1045	hbkr19470313-01.1.3	13 March 1947	hbkr	Page 3	"<div class=""txtsearchsnippet"">... ספורטיביות עטוח בתל־אביב ובמקומות אהרים בארץ. מדכז הפועל פתח <b class=""highlightcolor"">בחיפה</b> סניף שירכז את כל ההופעות בצפון הארץ. כפי שנודע ...</div>"
1046	hbkr19410220-01.1.3	20 February 1941	hbkr	Page 3	"<div class=""txtsearchsnippet"">... נ: ר""*, :ה; !•נס א. ויל*! דורשים למצד את <b class=""highlightcolor"">ביה""ח</b> העידוד לידי הממשלה נקודות־פגע בי( מאגפים במועצת עירית, ת""א ...</div>"
1047	hbkr19430810-01.1.3	10 August 1943	hbkr	Page 3	"<div class=""txtsearchsnippet"">... יוקר"" ארגון בע*י בתי המ ""לין. הססעדית ובתי הקפה <b class=""highlightcolor"">בחיפה</b> 'הסב־נח ר-אד, את חנרי' מקיפחיס על *ד' שמירת המחירים ...</div>"
1048	hrt19481024-01.1.6	24 October 1948	hrt	Page 6	"<div class=""txtsearchsnippet"">... מ־ ‭901‬ ומעלה !) חלוקת כרסיסי הדלק במשרד המחוזי <b class=""highlightcolor"">בחיפה:</b> 1 א. למכוניות משא כבדות וקלות (מכל המספרים ובצרוף ...</div>"
1049	hzh19481221-01.1.4	21 December 1948	hzh	Page 4	"<div class=""txtsearchsnippet"">... לישוב הערבי, מטעם המפקח על וזמזו־ נות ביישובים ערביים <b class=""highlightcolor"">בחיפה,</b> נצרת, יפו, רמלה, לוד וירושלים, הוחלט לספק לעדה הנוצרית ...</div>"
1050	haretz19330815-01.1.4	15 August 1933	haretz	Page 4	"<div class=""txtsearchsnippet""><b class=""highlightcolor"">בחיפה</b></div>"
1051	haretz19360916-01.1.8	16 September 1936	haretz	Page 8	"<div class=""txtsearchsnippet"">... היה כל רובה על ידו. הדייר וו. ?רייוהגיג, רופא <b class=""highlightcolor"">ביה״ח</b> הממשלתי, נקרא להעיד בדבר גילם של הנאשמים. הוא בדק ...</div>"
1052	haretz19361007-01.1.8	7 October 1936	haretz	Page 8	"<div class=""txtsearchsnippet"">... לפני ב. מ. השופט שרויל, אב בית הדין המחוזי <b class=""highlightcolor"">בחיפה,</b> נקראה עדותו של קורפורל בריטי, שערך תרשים ממקום המעשה ...</div>"
1053	haretz19331105-01.1.4	5 November 1933	haretz	Page 4	"<div class=""txtsearchsnippet""><b class=""highlightcolor"">בחיפה</b></div>"
1054	ahr19480119-01.1.3	19 January 1948	ahr	Page 3	"<div class=""txtsearchsnippet"">... המשפחה של נפטרים אלה מתבקשים לקבל את הבגדים במשרד <b class=""highlightcolor"">ביה""ח.</b> אפ הבגדים לא יילקחו עד ה־1 בפברואר עליידי בני ...</div>"
1055	dav19361008-01.1.3	8 October 1936	dav	Page 3	"<div class=""txtsearchsnippet"">... 10‬ _יילהלפ טל במונרבי ביום ד' ‭21. 10‬ וויניק <b class=""highlightcolor"">בחיפה</b> ייוט ה' ‭2 22. 10‬ הצגות היהודי הנצחי <b class=""highlightcolor"">בחיפה</b></div>"
1056	dav19340325-01.1.4	25 March 1934	dav	Page 4	"<div class=""txtsearchsnippet"">... איוקס, ץ""ר האגודה למען א""י, שבנתה את נית החליצות <b class=""highlightcolor"">בחיפה.</b> מרת איזקם מתאכסנת בבית החליצות. כפי _בשמענו יש בדעת ...</div>"
1057	dav19390303-01.1.3	3 March 1939	dav	Page 3	"<div class=""txtsearchsnippet"">הודעות — הגברת, ששבחה <b class=""highlightcolor"">בחיפה,</b> ב־‭27. 2‬ באוטו הפרטי, שהובילה מהדר הכרמל : ‭'. ...</div>"
1058	dav19470126-01.1.3	26 January 1947	dav	Page 3	"<div class=""txtsearchsnippet"">... _הקיוג ! וו1 _קטלוגיט אפשר להשיג אצל ה8וכ י <b class=""highlightcolor"">בחיפה,</b> 1 רחוב המלך ג'ורג' ‭64 &lt;/‬ (ת. ד ‭2 ...</div>"
1059	dhy19360423-01.1.1	23 April 1936	dhy	Page 1	"<div class=""txtsearchsnippet"">... בתל אביב: רחוב אלנבי ‭, 57‬טלפון ‭. 1700‬ המשרד <b class=""highlightcolor"">בחיפה</b> מרכז מסחרי, טלפון ‭. 690‬ מחיר החתימה ב א ...</div>"
1060	dhy19300423-01.1.4	23 April 1930	dhy	Page 4	"<div class=""txtsearchsnippet"">... ‭16. 000‬ טון — הבאהממארסיצ דרך אצכסנדריה ובירות, תהיה <b class=""highlightcolor"">בחיפה</b> I ב14 צמאי וביפו ב15 צמאי, ותפציג בו ביום ...</div>"
1061	haretz19300131-01.1.1	31 January 1930	haretz	Page 1	"<div class=""txtsearchsnippet"">... בענין השביתה בביח""ח מבתק של ה""ןז קאראמאן| דיס וסאלטי <b class=""highlightcolor"">בחיפה</b> נודעו לסופרנו הפרטים דלקמן: לפני פרסים הכרוז, שכבר ספרנו ...</div>"
1062	haretz19320301-01.1.4	1 March 1932	haretz	Page 4	"<div class=""txtsearchsnippet"">... ה^ ףר תל־אביב, ‭, 258‬ טלפון ^^ 2) במחסן <b class=""highlightcolor"">ביה""ח</b> ר' אלנבי ע־י' הדאר המרכזי ‭££ ^'^ 1‬ לפי ...</div>"
1063	haretz19351105-01.1.4	5 November 1935	haretz	Page 4	"<div class=""txtsearchsnippet"">... פדונמן, ; היפה. . י הנתבע: אלפדד טיטאד, מקודם <b class=""highlightcolor"">בחיפה</b> ועכשיו מקום מגוריו ב . אתי ידוע. פסק ־ ...</div>"
1064	haretz19360207-01.1.15	7 February 1936	haretz	Page 15	"<div class=""txtsearchsnippet"">... ה ר ו ‭"" 0 ד 1‬ ץ)' \\ <b class=""highlightcolor"">ביה""ח</b> לרהיטים מכופפים ב\ ( *( ‭// \4 ‬ "" ...</div>"
1065	haretz19340402-01.1.3	2 April 1934	haretz	Page 3	"<div class=""txtsearchsnippet""><b class=""highlightcolor"">בחיפה</b></div>"
1066	haretz19400607-01.1.5	7 June 1940	haretz	Page 5	"<div class=""txtsearchsnippet"">... המרכזית לשעת חירום. נתניה תשתתןז בסכום מסוים לשם ציוד <b class=""highlightcolor"">ביה""ח</b> במסות, מכשירים והמרים; ב) הקמת מספר תהנות לעזרה ראשונה; ...</div>"
1067	haretz19340814-01.1.5	14 August 1934	haretz	Page 5	"<div class=""txtsearchsnippet"">... - *ם' פד הנכללים ברשת החנוך לכנסת יש ר*ל <b class=""highlightcolor"">בחיפה,</b> והבעיות העוסדות־לפני ' הועד בשאלה זו. . פעולת ועד ...</div>"
1068	hbkr19380112-01.1.1	12 January 1938	hbkr	Page 1	"<div class=""txtsearchsnippet"">... בשעת !;. 2 מחדר המתים אשר במחלקה הבר־טית של <b class=""highlightcolor"">ביה־ח</b> הממשית' להצר ביה הקברית הסריטשטנט' על שם הבישוף גיבאט ...</div>"
1069	hbkr19400202-01.1.8	2 February 1940	hbkr	Page 8	"<div class=""txtsearchsnippet"">... בכל הנוחיות המודרנית עם הסקה מרכזית, ?במרכז העיר, מול <b class=""highlightcolor"">ביה""ח</b> ""הדסה"" לשעבד, ירושלים. בתנאים נוחים מאד לפנות: לבעל הבנין ...</div>"
1070	hmf19430630-01.1.4	30 June 1943	hmf	Page 4	"<div class=""txtsearchsnippet"">תרומה של 310 יא""י לעזרה סוציאלית. סניף רוטארי־קלוב <b class=""highlightcolor"">בחיפה</b> חלק בימים אלה את :הסך 310 לא""י למפעלי העזרה ...</div>"
1071	hmf19390802-01.1.4	2 August 1939	hmf	Page 4	"<div class=""txtsearchsnippet"">... 15 שנה. מותיקי התנועה הלאומית, היה הבר ?ועד הצה""ר <b class=""highlightcolor"">בחיפה.</b> נתלה , בעכו המתנקש ?בד""ר שטרנברג וטריביץ בצפת . ...</div>"
1072	hmf19411030-01.1.2	30 October 1941	hmf	Page 2	"<div class=""txtsearchsnippet"">יהודי הגר <b class=""highlightcolor"">בחיפה</b> קיבל בהתחלת השבוע מכתב מאחותו באודיםח. המכתב נכתב ב־18 ...</div>"
1073	hmf19440321-01.1.4	21 March 1944	hmf	Page 4	"<div class=""txtsearchsnippet"">_קונציט חגיגי <b class=""highlightcolor"">בחיפה</b> תזמרת הנדוד הא""י win ון ""א ר מ ו ...</div>"
1074	hmf19440131-01.1.4	31 January 1944	hmf	Page 4	"<div class=""txtsearchsnippet"">בא מת""א לגנוב <b class=""highlightcolor"">בחיפה</b> — צריר לנסות את מזלי <b class=""highlightcolor"">בחיפה</b> — י J ...</div>"
1075	hbkr19470425-01.1.1	25 April 1947	hbkr	Page 1	"<div class=""txtsearchsnippet"">עדה ויקיר וינשטיין חובקים בת <b class=""highlightcolor"">ביה־ח</b> . אסותא' ת־א. ‭24. 4. 47 ‬</div>"
1076	hbkr19410314-01.1.8	14 March 1941	hbkr	Page 8	"<div class=""txtsearchsnippet"">הודעת ה' וולש ברוטרי־קלוב <b class=""highlightcolor"">בחיפה</b></div>"
1077	hbkr19430709-01.1.1	9 July 1943	hbkr	Page 1	"<div class=""txtsearchsnippet"">... דינה . _ - . יפי? ה, תמוז תש""ג <b class=""highlightcolor"">ביה""ח</b> מילדה ? י • נחמה ויצחק חלפדין שמחים להימע ...</div>"
1078	hmf19450930-01.1.4	30 September 1945	hmf	Page 4	"<div class=""txtsearchsnippet"">... מכונית שהובילה פועלים ערביים מהר הכרמל ?העירה התהפכה ליד <b class=""highlightcolor"">ביה""ח</b> ""עזרה‭. ""‬ מכוח הנפילה התלקח הבנזין והמכונית החלה לבעור‭4. ...</div>"
1079	hmf19451026-01.1.6	26 October 1945	hmf	Page 6	"<div class=""txtsearchsnippet"">... לקיומו ע""י כנוס , הגיגי. שייערך, בימים ‭:9_rr7‬ בנובמבר <b class=""highlightcolor"">בחיפה.</b> באולם מוריד‭... ‬ישתתפו ' ?ם ר_^טגנולוגים י מתורכיה‭., ‬הלבנון_^ ...</div>"
1080	hmf19390613-01.1.4	13 June 1939	hmf	Page 4	"<div class=""txtsearchsnippet"">בית הדץ הצבאי <b class=""highlightcolor"">בחיפה</b> דן אתמול לתליה את מוהמד איבדתם נשאמי, מחיפה, בעוון ...</div>"
1081	hzh19460709-01.1.4	9 July 1946	hzh	Page 4	"<div class=""txtsearchsnippet"">... את חברו במקום• מושב 'ביה""ד לפשעים 'חמורים !פתח אתמול <b class=""highlightcolor"">בחיפה,</b> בהרכב השופטיש בורק, וולדון ובריידי, ראשון לברורים היה דינו ...</div>"
1082	hzh19440223-01.1.4	23 February 1944	hzh	Page 4	"<div class=""txtsearchsnippet"">... דייק — רחוב מיבטיפיודי ‭. 48‬ • _־&gt;ע""י, . <b class=""highlightcolor"">ביה""ח,</b> הממשלתי‭.. (‬• י• י ‭:, ‬ אירי לדרמו — ...</div>"
1083	khm19480525-01.1.4	25 May 1948	khm	Page 4	"<div class=""txtsearchsnippet"">... ‭94m -‬ לא""י. •ודעות גדולות וקבועות לשי _חסכם. הפערבח <b class=""highlightcolor"">בחיפה:</b> הרצל 59</div>"
1084	khm19480205-01.1.4	5 February 1948	khm	Page 4	"<div class=""txtsearchsnippet"">שוטרים בריטים רצחו פועל יהוד• <b class=""highlightcolor"">בחיפה</b></div>"
1085	khm19470509-01.1.8	9 May 1947	khm	Page 8	"<div class=""txtsearchsnippet"">... j ביד לוועד הפועלים ולמזכירות המיעצה על | סגירת <b class=""highlightcolor"">ביה""ח.</b> I</div>"
1086	khm19470616-01.1.4	16 June 1947	khm	Page 4	"<div class=""txtsearchsnippet"">... חמקצועים שי אגודת הפועלים הערבית הפלשתינאית חת־ 'אספה שלשום <b class=""highlightcolor"">בחיפה</b> והתליטה: להצטרף לחחלטת הועד הערבי חעליון בנוגע לחח־ רמת ...</div>"
1087	khm19480114-01.1.4	14 January 1948	khm	Page 4	"<div class=""txtsearchsnippet"">הרוג ושני פצועים1 הודים <b class=""highlightcolor"">בחיפה</b></div>"
1088	haderechjlm19470529-01.1.4	29 May 1947	haderechjlm	Page 4	"<div class=""txtsearchsnippet"">פועלים, בית הכרם, בית חלפוני. רובוז לסלו, (רוחני צבי), <b class=""highlightcolor"">ביה״ח</b> הצבאי בניקוסי-ה, מבקש את אגון שורץ <b class=""highlightcolor"">בחיפה,</b> הר הכרמל, ...</div>"
1089	hashaah19391004-01.1.1	4 October 1939	hashaah	Page 1	"<div class=""txtsearchsnippet"">... ש. קרן־צבי, בשם פועלי נתניה, הרב א. ורנר ובעל <b class=""highlightcolor"">ביה״ח</b> ם. מרגלית. בבנין בית החרושת ובציודו יושקעו 3000 לא״י. ...</div>"
1090	dav19450828-01.1.1	28 August 1945	dav	Page 1	"<div class=""txtsearchsnippet"">... ההוליט . הדסה"" בירושלים ‭, 7 —‬לב־ת־החולים . _דוט־&amp;ילד"" <b class=""highlightcolor"">בחיפה</b> ‭, 18 —‬ <b class=""highlightcolor"">ביה""ח</b> ""הכרמל"" של קופ''ח <b class=""highlightcolor"">בחיפה</b> ‭, ...</div>"
1091	dav19460929-01.1.2	29 September 1946	dav	Page 2	"<div class=""txtsearchsnippet"">... ה&amp;_טען _ן; זה השתתף הועד המןא!וו!ד לעורו: יהודי פולין <b class=""highlightcolor"">בחיפה.</b> ך_^_עונלניט לשלות _חבילות־עזדה, לנמי צאיווו ב&amp;חנות בקפריסין, יפני-אל הועד ...</div>"
1092	dav19360513-01.1.5	13 May 1936	dav	Page 5	"<div class=""txtsearchsnippet"">... מוץ ממותה ראשונה לשם פיקוח* על ?עבודות הבניז של <b class=""highlightcolor"">_ביה""ח</b> האוניברסיטאי של ‭,, ‬הדסה"" ע""ש מאיר רוטשילד. נחת _ינסיון ...</div>"
1093	dav19371117-01.1.5	17 November 1937	dav	Page 5	"<div class=""txtsearchsnippet"">מנהלת סולל _בוגה חברי!בבנין <b class=""highlightcolor"">ביה""ח</b> הממשלתי <b class=""highlightcolor"">בחיפה</b></div>"
1094	dav19330423-01.1.4	23 April 1933	dav	Page 4	"<div class=""txtsearchsnippet"">פקידי <b class=""highlightcolor"">_ביה־ח</b> _פיליי‭_£|‬ מביעים את רגשי השתתפותם בצערו הרב- של</div>"
1095	dav19310703-01.1.3	3 July 1931	dav	Page 3	"<div class=""txtsearchsnippet"">... טת ב־4 טם/_יים‭1. ‬ קרב ‭?.. 24‬ י ‭_*4‬_־ך <b class=""highlightcolor"">בחיפה</b> 26 בטאי ‭. 1931‬ שחוו־ קניאזיר \ לב;מרמו־וש 1 ...</div>"
1096	dhy19351018-01.1.12	18 October 1935	dhy	Page 12	"<div class=""txtsearchsnippet"">מי שמחפש <b class=""highlightcolor"">בחיפה</b> מרגוע</div>"
1097	haretz19350712-01.1.15	12 July 1935	haretz	Page 15	"<div class=""txtsearchsnippet"">... הרצל !; י ‭^? ?^8 *3 I‬ג"" ן תוצרת <b class=""highlightcolor"">ביה""ח</b> שלנו שמתקיים י ‭??? ?V??! II10 I‬ זה ‭14‬ ...</div>"
1098	haretz19380525-01.1.1	25 May 1938	haretz	Page 1	"<div class=""txtsearchsnippet"">... ? . אשד שמלא את מקום מנהל ורופא הראשי <b class=""highlightcolor"">ביה""ח</b> הדסה בצפת, למשך 7 חרשים חזר לירושלים ומקבל חולים ...</div>"
1099	yarden19381209-01.1.9	9 December 1938	yarden	Page 9	"<div class=""txtsearchsnippet"">י <b class=""highlightcolor"">ביה""ח</b> לשוקולדה ליבר, הקים זה ‭15‬ ענה בתל־אביב, שתוצרתו ידועה ...</div>"
1100	hazmantlv19420225-01.1.1	25 February 1942	hazmantlv	Page 1	"<div class=""txtsearchsnippet"">אות אזעקה ניתן <b class=""highlightcolor"">בחיפה</b> אתמול בשעה 8.05 בערב• כעבור חצי שעה ניתן אות ...</div>"
1101	ahr19481116-01.1.4	16 November 1948	ahr	Page 4	"<div class=""txtsearchsnippet"">הטכניון <b class=""highlightcolor"">בחיפה,</b> _ האגודה האמריקנית למען הסכגיון עומדת לג""מ מיליון דולאר ...</div>"
1102	haretz19420622-01.1.3	22 June 1942	haretz	Page 3	"<div class=""txtsearchsnippet""><b class=""highlightcolor"">בחיפה</b></div>"
1103	hbkr19351117-01.1.5	17 November 1935	hbkr	Page 5	"<div class=""txtsearchsnippet"">... דרך האווארייה, ליד השכונה הגרמנית, דרך דיר אבו־טור (מול <b class=""highlightcolor"">ביה""ח</b> למהלות עינים האנגלי) ולהכניס בתקציב השנה הבאה סכום של ...</div>"
1104	hmf19470820-01.1.4	20 August 1947	hmf	Page 4	"<div class=""txtsearchsnippet"">... ‭30:‬ האחיות החדשות שסיימו את הקורס ל־ אהיות של <b class=""highlightcolor"">ביה""ח</b> ""הדסה"" שעל הר הצופים. הטכס נפתח בקריאת פרקי תהלים ...</div>"
1105	hmf19471120-01.1.4	20 November 1947	hmf	Page 4	"<div class=""txtsearchsnippet"">... טרוק (קאמגארן) לעיבוד אריגים ולםריגת־ מכונות־ויד. מר גולדשטין‭., ‬מנהל <b class=""highlightcolor"">ביה""ח</b> וממייםדיו, מסר לעתונאים כי ביהח""ר ""מרינו"" מייצר כיום כ־5 ...</div>"
1106	hzh19390512-01.1.3	12 May 1939	hzh	Page 3	"<div class=""txtsearchsnippet"">... והלשכות‭;, ‬החל;מלשכת‭::‬ ?הרבנות ומועצת :השחיטהלמסים‭:;, ‬_חינוד‭!:, ‬ עזרה סוציאלית, <b class=""highlightcolor"">ביה""ח:</b> ""הדמה‭:, ""‬ (דו""ח‭!:‬ ־ ‭' '‬ כספי ?מלא: ־‭:. ...</div>"
1107	hzh19470325-01.1.3	25 March 1947	hzh	Page 3	"<div class=""txtsearchsnippet"">... . אגף הבית שיקרא ע""ש :דות; י :מהן 'ז""ל‭_v;‬_קפ_;_־יבכםפי_Dאישיאספו <b class=""highlightcolor"">בחיפה‭?_';:.</b> ‬ י הבית יקלוט ‭, 120'‬ילד ואולפן‭"". ‬ל ‭20:‬ ...</div>"
1108	hzh19480620-01.1.3	20 June 1948	hzh	Page 3	"<div class=""txtsearchsnippet"">המצב בבית החרלים הממשלתי <b class=""highlightcolor"">בחיפה</b></div>"
1109	haretz19441029-01.1.2	29 October 1944	haretz	Page 2	"<div class=""txtsearchsnippet"">... להיפיע ־פני הצבור. היא שרה בבר עב -חזכורת חא""ית <b class=""highlightcolor"">בחיפה</b> ותלאביב, וביו: ג' זה תופיע עם תזמורת !־־ארי . ...</div>"
1110	ahr19470521-01.1.4	21 May 1947	ahr	Page 4	"<div class=""txtsearchsnippet"">... ‭"" "" £ 5‬ בירושלים ‭"" "" _C 5‬ <b class=""highlightcolor"">בחיפה</b> ‭? 5‬ _םקצית עתונאי המושבות 5</div>"
1111	ahr19480914-01.1.3	14 September 1948	ahr	Page 3	"<div class=""txtsearchsnippet"">... בסרפנד' ־‭, 26. 5. 43‬שכ' נורדיד, צריפים, דורמן זלמן, <b class=""highlightcolor"">בחיפה,</b> ב־‭5. 4. 48‬נ רחוב גדרה ‭. 10‬ נפלו בקרב ...</div>"
1112	dav19460317-01.1.4	17 March 1946	dav	Page 4	"<div class=""txtsearchsnippet"">... 3הי_3ה 'לפי הוראות מסעם מוסדות מישוב, נפי סקר• העבודה <b class=""highlightcolor"">בחיפה</b> ביום וי, ס־10 עד ‭. 2‬לאות מחאה על הידיעות ...</div>"
1113	dav19450903-01.1.3	3 September 1945	dav	Page 3	"<div class=""txtsearchsnippet"">תל־אביב_, רחוב הרצל ‭, 16‬טלפון ‭. 2448‬ <b class=""highlightcolor"">בחיפה</b> לפנות רחוב המלכיט ‭, 35‬טל‭2705. ‬</div>"
1114	haretz19320629-01.1.3	29 June 1932	haretz	Page 3	"<div class=""txtsearchsnippet"">... תכוכיתו 64 . ארופה' לביתי הפרטי רה' הךצל סול <b class=""highlightcolor"">ביה־ח</b> , טריקו רוטלוי• הנני מכריז על הנחות גדולות במחירים ...</div>"
1115	haretz19460529-01.1.1	29 May 1946	haretz	Page 1	"<div class=""txtsearchsnippet"">... מודיעים בשמחה על הולדת בת ואחות ושמה בישראל סימה <b class=""highlightcolor"">ביה""ח</b> אברבוך. רמת־גן. ‭26. 5. 1946 ‬</div>"
1116	haretz19470721-01.1.4	21 July 1947	haretz	Page 4	"<div class=""txtsearchsnippet"">... ש. יהודה, עו""ד, חיפה, הגיש בקשה לבית המשפט המחוזי <b class=""highlightcolor"">בחיפה</b> לשם קביעת הירושה של המנוחה מניה שטור* (נולדה גוניק ...</div>"
1117	haretz19420507-01.1.3	7 May 1942	haretz	Page 3	"<div class=""txtsearchsnippet""><b class=""highlightcolor"">בחיפה</b></div>"
1118	haretz19430212-01.1.5	12 February 1943	haretz	Page 5	"<div class=""txtsearchsnippet"">... מוריס ‭. 2‬ הננגפטר כהופשה עם רוברט סטדאינג (לראשונה <b class=""highlightcolor"">בחיפה)</b> אמפיתיאטרון, היפה גלפ. ‭4017 ‬ ממוצ""ש ‭13. 2. 43 ...</div>"
1119	hbkr19400610-01.1.5	10 June 1940	hbkr	Page 5	"<div class=""txtsearchsnippet"">... טרם נפתח. כידוע נעשו מאמצים רבים מצד המוס־ דות <b class=""highlightcolor"">בחיפה</b> לפתיחת סניפי הדואר הללו •רק עתה, עם החמרת המצב ...</div>"
1120	hmf19480614-01.1.4	14 June 1948	hmf	Page 4	"<div class=""txtsearchsnippet"">... של הקולונל מרכוס ההבאה ביום ו' לחדר המתים של <b class=""highlightcolor"">ביה""ח</b> ""הדסה"" בת""א. משמר כבוד צבאי הוצב ליד מיטתו. לוויתו ...</div>"
1121	hmf19471017-01.1.8	17 October 1947	hmf	Page 8	"<div class=""txtsearchsnippet"">... כשעווה לעשות כן ע""י הזקיף. הוא הועבר ל ; <b class=""highlightcolor"">ביה""ח</b> הצבאי בכ5קום שמת מפצעיו.</div>"
1122	hmf19471012-01.1.4	12 October 1947	hmf	Page 4	"<div class=""txtsearchsnippet"">... הדש המועצה _המקומית פותחת בימים אלה דחוב חדש ליד <b class=""highlightcolor"">ביה""ח</b> ""דמת־מרפא"" ומגרש הכדורגל של ""בורדיה"" ר""ג. הרחוב הוא המשכו ...</div>"
1123	hmf19480102-01.1.8	2 January 1948	hmf	Page 8	"<div class=""txtsearchsnippet"">... ?בשפונת שיך ג'רח ובבתי •נאשאשיבי תסולק. במתים, רק עובדי <b class=""highlightcolor"">ביה""ח</b> ""הדסה‭. ""‬יוםעד;באוטובוס המשוריין. שקבעה הנהלת ""המקשר"" לקוזה י . ...</div>"
1124	hbkr19461008-01.1.4	8 October 1946	hbkr	Page 4	"<div class=""txtsearchsnippet"">... מריה הרליץ, חיפה. עיי בא־כחה ד־ר א. פרוינד. עורך־דץ <b class=""highlightcolor"">בחיפה.</b> להוי ידוע לכל שהגב' מריה היליז ע""י בא־בחד, דיר ...</div>"
1125	hbkr19470527-01.1.3	27 May 1947	hbkr	Page 3	"<div class=""txtsearchsnippet"">... בלומנשםוק, עיי רחוב המלך ג'ורג' ‭, 24‬ רחוב רפאלי. <b class=""highlightcolor"">בחיפה:</b> שמות ח־ט'ת לנכת־וח תנורואומ ‭"" I I ־1 111 ...</div>"
1126	hbkr19470430-01.1.3	30 April 1947	hbkr	Page 3	"<div class=""txtsearchsnippet"">... 5 במקום ופחם גלים מברזל צ־ל: כפית המשפט המחוזי <b class=""highlightcolor"">בחיפה</b> חיק ירושות מסי ‭. 109 47‬ בעניו העזבץ של ...</div>"
1127	hbkr19410403-01.1.4	3 April 1941	hbkr	Page 4	"<div class=""txtsearchsnippet"">... דוח בבני ברק עומדת להסתיים דיביקד. הועד המנהל של <b class=""highlightcolor"">ביה""ח</b> השיג לאחד מאמצים רבים םכופ כסף ניכר וישלם היום ...</div>"
1128	hbkr19430530-01.1.4	30 May 1943	hbkr	Page 4	"<div class=""txtsearchsnippet"">... בלפור). [ פרשים אפשר לקבל אצל האח""־. יראשית של <b class=""highlightcolor"">ביה""ח</b> בכל יום, פרס : : לשבת־ת ומ־עדים, ב־ו 5 ...</div>"
1129	hbkr19390426-01.1.6	26 April 1939	hbkr	Page 6	"<div class=""txtsearchsnippet"">יריות על אוטובוס <b class=""highlightcolor"">בחיפה-</b> הנהג נ9גע</div>"
1130	hzh19470715-01.1.4	15 July 1947	hzh	Page 4	"<div class=""txtsearchsnippet"">... ‭?3 I‬ "" י מזכיר • סניף הפועל המזרחי <b class=""highlightcolor"">בחיפה</b> ‭? ? \‬ ‭a ?‬ ג ברכת מזל טוב ...</div>"
1131	hazmantlv19440210-01.1.4	10 February 1944	hazmantlv	Page 4	"<div class=""txtsearchsnippet"">... יפי ואפילו הסוכנות? אל. פרלסון: הסוכנות דרשה. חלוקת הבשר <b class=""highlightcolor"">בחיפה</b> — המשיך הנואם - לא הצליחו לחלק אפילו 25 ...</div>"
1132	hazmantlv19440925-01.1.2	25 September 1944	hazmantlv	Page 2	"<div class=""txtsearchsnippet"">... והצליח. הם1ף היה שהעבירו את האשה I לבית־חולים לחולי־רוח <b class=""highlightcolor"">בחיפה.</b> האשה בורחת ומופיעה כת״א האשד.׳ בת 35׳ הצליחה לברוח ...</div>"
1133	ahr19470424-01.1.4	24 April 1947	ahr	Page 4	"<div class=""txtsearchsnippet"">... היה תושב חדרה. בנו, דוב שובל, הוא כתב ""משמר"" <b class=""highlightcolor"">בחיפה.</b> ההלווייה נתקיימה היום בחדרה.</div>"
1134	ahr19471102-01.1.4	2 November 1947	ahr	Page 4	"<div class=""txtsearchsnippet"">... כמה פצצות כרוזים של אצ""ל נת־ פוצצו ברחוב הרצל <b class=""highlightcolor"">בחיפה,</b> הערב בם־ _ניוך לשעה ‭. 6 30 ‬</div>"
1135	dhy19350520-01.1.6	20 May 1935	dhy	Page 6	"<div class=""txtsearchsnippet"">... ינוב ק , מוכר יותר למ י סיליקט של <b class=""highlightcolor"">ביה""ח</b> נתל־אבינ כא האסוחות שאנו, מתבקשים, ההא מ־20 אחדש מאי, ...</div>"
1136	dhy19331215-01.1.1	15 December 1933	dhy	Page 1	"<div class=""txtsearchsnippet"">... מ רד ע ה ‭. . . . ;‬ן; <b class=""highlightcolor"">ביה""ח</b> "" בקור חולים, הוספיטל‭_;""‬ מודיע בזה להקהל הנכבד, כי ...</div>"
1137	haretz19301119-01.1.4	19 November 1930	haretz	Page 4	"<div class=""txtsearchsnippet"">... קאך וחלק טחעובדים ‭2, 200‬ אא'יי, טזטינים את פועלי <b class=""highlightcolor"">ביה""ח</b> נורלםקי קריניצי. טשה שהם 5 אא""י נוסף לתרומתו חרנילח. ...</div>"
1138	haretz19320718-01.1.1	18 July 1932	haretz	Page 1	"<div class=""txtsearchsnippet"">... בצערה על מותו של הלורד שלומר. . העמק-לאדור סגירת <b class=""highlightcolor"">ביה""ח</b> ב־‭14‬ לח. 1 ביקרת משלחת ממשקי סביבת "" עפולה ...</div>"
1139	hbkr19390705-01.1.3	5 July 1939	hbkr	Page 3	"<div class=""txtsearchsnippet"">... גי? לטנה""צ. — חבוקר חחל משעה 10 ביטל העוצר <b class=""highlightcolor"">בחיפה</b> וימשד החל מ־‭12‬ בלילה עד 5 בבוקר' כרגיל. מכוניות ...</div>"
1140	hmf19430624-01.1.3	24 June 1943	hmf	Page 3	"<div class=""txtsearchsnippet"">""אוסטרי"" אחד <b class=""highlightcolor"">בחיפה</b> כותב: ""אבי מתכבד להודיע' שחנני נספח כחבר מן •המנץ. ...</div>"
1141	haretz19480209-01.1.3	9 February 1948	haretz	Page 3	"<div class=""txtsearchsnippet"">... של הגב' אפשטין חבית המזכיררת של נ. ח. ת. <b class=""highlightcolor"">בחיפה</b> הרגח היפרד להקמת חבר נ. ח. ת. בנתניה• נשי ...</div>"
1142	haretz19391214-01.1.3	14 December 1939	haretz	Page 3	"<div class=""txtsearchsnippet"">... נעשית באופן מיכאני. חמרי הנלם נמצאים משני הצדדים של <b class=""highlightcolor"">ביה""ח.</b> את הקרוניות מריקים בעבר! את מכונת הלעיסח. ביח""ח דאג ...</div>"
1143	hzh19480906-01.1.2	6 September 1948	hzh	Page 2	"<div class=""txtsearchsnippet"">... למחלות נשים לרופאים מכל מחוז הדרום. תפקיד מיוחד מילא <b class=""highlightcolor"">ביה""ח</b> בחדשי המלחמה, • . כשהתנועה עם תל־אביב שותקה ובמידה ...</div>"
1144	haretz19330611-01.1.1	11 June 1933	haretz	Page 1	"<div class=""txtsearchsnippet"">... בית אטיגוג J1 ד. J7B ®לפון 461 טעו! חסגייי <b class=""highlightcolor"">בחיפה</b> — פנת רחוב חטזרח ורחוב חנטל בית ראובן טעופ/ ...</div>"
1145	haretz19361030-01.1.1	30 October 1936	haretz	Page 1	"<div class=""txtsearchsnippet"">האוירון הפולני <b class=""highlightcolor"">בחיפה^)</b></div>"
1146	ahr19470516-01.1.10	16 May 1947	ahr	Page 10	"<div class=""txtsearchsnippet"">... שתי הערי ם, מ נ לווין, יו""ר יועד הקהילה <b class=""highlightcolor"">בחיפה,</b> חזר לתפקידו לאחר ביקור בורום אפריקה. , מ לדרמ‭, ...</div>"
1147	ahr19460213-01.1.4	13 February 1946	ahr	Page 4	"<div class=""txtsearchsnippet"">... התועפות הזורם מהיישוב לקופת הממשלה. דבר התקנת המס העירוני <b class=""highlightcolor"">בחיפה</b> ובירושלים, לצרכי החינוך, ראוי לציון. הכנסות המס הזה, שהוא ...</div>"
1148	dav19360529-01.1.8	29 May 1936	dav	Page 8	"<div class=""txtsearchsnippet"">... בשער‭6. 30. ‬ _אחרי הצהרים בבית הועד של האגודה <b class=""highlightcolor"">בחיפה</b> בשכונת סיר הרברט םטואל הר הכרמל ומזמינים את כל ...</div>"
1149	dav19360923-01.1.1	23 September 1936	dav	Page 1	"<div class=""txtsearchsnippet"">... השופט הבריטי, מר האבארר, כשופט חוקר, נמשיה ביום גי <b class=""highlightcolor"">בחיפה</b> חקירתו של מחמוד עבד אלפתאח 'מכפר טירה הנאשם ברצח ...</div>"
1150	dav19360723-01.1.5	23 July 1936	dav	Page 5	"<div class=""txtsearchsnippet"">... 0‬ ‭₪0‬מ‭3 0 0 0 1‬ לחלק נגר משכנתאות <b class=""highlightcolor"">בחיפה</b> גאורג הרץ‭_*_. ‬ ב‭_-&gt;‬ם ‭, , ‬</div>"
1151	dav19360107-01.1.6	7 January 1936	dav	Page 6	"<div class=""txtsearchsnippet"">... קופת חולים ?בחרת בד""ר ג. תופסן למשרת רופא *לדים <b class=""highlightcolor"">בחיפה,</b></div>"
1152	dav19300327-01.1.3	27 March 1930	dav	Page 3	"<div class=""txtsearchsnippet"">... את דברי הקצינים אל עםלי ואחטר שרו‭. *‬ רופא <b class=""highlightcolor"">ביה""ח</b> _הממשלתי ד""ר _קשיאן מעיד שב־24 _לאבניסט הובא לביה""ח הרונ ...</div>"
1153	dhy19301112-01.1.4	12 November 1930	dhy	Page 4	"<div class=""txtsearchsnippet"">את חחגמו!מתח ‭. 3‬ד סיצסת הקבצן שי ? _רהםתדיות <b class=""highlightcolor"">בחיפה""</b> מטעם ועד תפועצים המקימ י דבר _בן־אזתרן, מטעם חסתדרות ...</div>"
1154	haretz19310220-01.1.1	20 February 1931	haretz	Page 1	"<div class=""txtsearchsnippet"">... דנוניטץ, עיר העתיקה. כמשרד ש. כמא 216 עוטר למכירה <b class=""highlightcolor"">בחיפה</b> בית בן 3 הדריפ ומטבח. ומדש בן 2 דונמים ...</div>"
1155	haretz19311023-01.1.1	23 October 1931	haretz	Page 1	"<div class=""txtsearchsnippet"">! פסנתר רוצים לקנות משומש <b class=""highlightcolor"">בחיפה</b> ! בעל טק טוב פגות לסוכנות . הארץ' כחיפה ...</div>"
1156	haretz19320712-01.1.4	12 July 1932	haretz	Page 4	"<div class=""txtsearchsnippet""><b class=""highlightcolor"">בחיפה</b></div>"
1157	haretz19360702-01.1.6	2 July 1936	haretz	Page 6	"<div class=""txtsearchsnippet"">... השביתה ביפו, האניה הנ""ל של הםבנםקה אוריאנט לינץ, פרקה <b class=""highlightcolor"">בחיפה</b> את הסחורות המיועדות ליפו. על הסוחרים לקבל את הסחורות ...</div>"
1158	haretz19390731-01.1.4	31 July 1939	haretz	Page 4	"<div class=""txtsearchsnippet"">... נשיא המועצה המקומית החוקר"" משר דלהמצאת כתבות והקירות "" <b class=""highlightcolor"">בחיפה,</b> מחפש צעירים ז־יזים המכירים היטב את העיר בתור פוכניפ ...</div>"
1159	haretz19430103-01.1.3	3 January 1943	haretz	Page 3	"<div class=""txtsearchsnippet"">... ^ החנודיט דט‭0־31‬ ביותד ן? 1 מ^^^^^^^^] המכ ירה: <b class=""highlightcolor"">בחיפה:</b> אחים זילברשטין רחוב המלכים ? ^' ^'^^ע^^!^! ^% ₪ ...</div>"
1160	hbkr19400522-01.1.3	22 May 1940	hbkr	Page 3	"<div class=""txtsearchsnippet"">ההכנות <b class=""highlightcolor"">בחיפה</b></div>"
1161	hmf19430826-01.1.3	26 August 1943	hmf	Page 3	"<div class=""txtsearchsnippet"">... המעבדה לפיםיולוגיה _פתולוגית של האוניברסיטה ואת המע‭--‬בדה הכימית של <b class=""highlightcolor"">ביה""ח</b> ""הדסה"" בירו‭---‬שלים. עבודתו המדעית של בעל היובל מת־ רכזת ...</div>"
1162	hbkr19470415-01.1.1	15 April 1947	hbkr	Page 1	"<div class=""txtsearchsnippet"">... ת. ד. ‭. 501‬ תל־אביב. בי'יס לאחיות ע""יביה""ח רוטשילד <b class=""highlightcolor"">בחיפה</b> הרשמת תלמידות הנהית בית חסטר לאחיות ע""י בית ההויים ...</div>"
1163	hbkr19440208-01.1.4	8 February 1944	hbkr	Page 4	"<div class=""txtsearchsnippet"">בת *ו נמצאה המגה בנית הורה <b class=""highlightcolor"">בחיפה</b> נורתה בכדור כנראה די מקרה אסון</div>"
1164	hbkr19450320-01.1.1	20 March 1945	hbkr	Page 1	"<div class=""txtsearchsnippet"">... 8 בבקר. קבלת אורחים בביתם הפרטי. בבית המשותף (ליד <b class=""highlightcolor"">ביה""ח</b> וולך) ירישלים. משעח 3 אחחיצ. הזמנות פרטיות אינן נשלחות</div>"
1165	hbkr19410619-01.1.4	19 June 1941	hbkr	Page 4	"<div class=""txtsearchsnippet"">... המקרה ושכב פצוע קשה בביה""ה הממשלתי ובביהיח .. הדסה"" <b class=""highlightcolor"">בחיפה</b> כמה חהשים עד שהחלים מפצעיו. גזר הדין</div>"
1166	hbkr19390601-01.1.6	1 June 1939	hbkr	Page 6	"<div class=""txtsearchsnippet"">אהל• <b class=""highlightcolor"">בחיפה</b> ן I - ?'--—? *, *י I ‭0 . ...</div>"
1167	hmf19460513-01.1.4	13 May 1946	hmf	Page 4	"<div class=""txtsearchsnippet"">... בטכס חנוכת התהנה לחקר הדיג הימי, שנערד ביום ו' <b class=""highlightcolor"">בחיפה.</b> תצרוכת הדגים השנתית לנפש בחו""ל היא בממוצע 30 ק""ג ...</div>"
1168	hmf19451231-01.1.4	31 December 1945	hmf	Page 4	"<div class=""txtsearchsnippet"">... פנימה מצאו את מנחם שמש מוטל מת. מכונית של <b class=""highlightcolor"">ביה""ח</b> הממשלתי העבירה את הגופה לבית החולים ביפו לשם בדיקה. ...</div>"
1169	hmf19460814-01.1.4	14 August 1946	hmf	Page 4	"<div class=""txtsearchsnippet"">... מד""א שלחה מיד * כמה מאנשיה. עבודתם של עובדי <b class=""highlightcolor"">ביה""ח</b> היתד. מאומצת ביותר משום שרוב העובדים לא יכול לבוא ...</div>"
1170	hmf19460813-01.1.4	13 August 1946	hmf	Page 4	"<div class=""txtsearchsnippet"">... לשהדד את המכר נית שהמשטרה עצרה לאהד ההתבפלוח על <b class=""highlightcolor"">ביה""ח</b> ביפו.</div>"
1171	khm19470925-01.1.2	25 September 1947	khm	Page 2	"<div class=""txtsearchsnippet"">... והפלגנית אינה מוכשרת להגן על האינטרסים היומיומיים שלהם. אפילו <b class=""highlightcolor"">בחיפה</b> שהיא מרכזה של ה""אגודה"" החלה להתערער עמדתה עקב שיטותיה ...</div>"
1172	ahr19470214-01.1.8	14 February 1947	ahr	Page 8	"<div class=""txtsearchsnippet"">wwnn אלף נפש 3ה_0תדדות <b class=""highlightcolor"">בחיפה</b></div>"
1173	dav19351031-01.1.4	31 October 1935	dav	Page 4	"<div class=""txtsearchsnippet"">... טל&amp;_ון‭—. ‬ אחרי טיפול ממושך במשרדי הדואר המרכזי וגם <b class=""highlightcolor"">בחיפה</b> הותק: מון?פון* קו טלפון המקשר את עין־ שטר ־ ...</div>"
1174	dav19340410-01.1.5	10 April 1934	dav	Page 5	"<div class=""txtsearchsnippet"">... מקום מגו-ריו בלתי ידו-ע‭. (‬ י עליך לבו‭**‬ לבימשח""_ש <b class=""highlightcolor"">בחיפה</b> ביים ; לאיטי! ‭15;4. 34‬ _ב־‭8. 30‬ בבוקר, בעני) ...</div>"
1175	dav19340814-01.1.5	14 August 1934	dav	Page 5	"<div class=""txtsearchsnippet"">_התנהגה. הרופאים _ו־אחיוח_, העובדים קל <b class=""highlightcolor"">ביה""ח</b> ק‭_^_'‬יפ‭-, ‬- והאחיוח תחנת ה_3פי! י ביונקים בטגריה משתתפים ...</div>"
1176	dav19431031-01.1.3	31 October 1943	dav	Page 3	"<div class=""txtsearchsnippet"">... בצ־ בא ע""ש בנימין דומיניץ. להחזיר ללש־ כת המס <b class=""highlightcolor"">בחיפה‭_^-.</b> ‬_־־ אבד בדרך לגבעת _שאול בירושלים עט ועפרון גובעים. ...</div>"
1177	djs19340322-01.1.5	22 March 1934	djs	Page 5	"<div class=""txtsearchsnippet"">... ־חוליט. . בית החולים הרסה על הקהל ה העברית <b class=""highlightcolor"">בחיפה</b> ‭4. 3. 34 *‬ תעודה האדון א‭. ק. א. ...</div>"
1178	dhy19310423-01.1.4	23 April 1931	dhy	Page 4	"<div class=""txtsearchsnippet"">... . ביום ששי שעבר התראתר. משלחת בלשכת המסהר הערבית <b class=""highlightcolor"">בחיפה</b> עם מר קולוויל והביעה את צערה על התפטרותו פן ...</div>"
1179	dhy19311103-01.1.1	3 November 1931	dhy	Page 1	"<div class=""txtsearchsnippet"">... הזאת. י. רוקח . בשם הועד ? המנהל של <b class=""highlightcolor"">ביה""ח</b> העירוני ה ד ם ה ‭"" ""‬ י""ה השון ...</div>"
1180	dhy19350506-01.1.4	6 May 1935	dhy	Page 4	"<div class=""txtsearchsnippet"">... הגבביאים עד־ מגרש הרוסים לפר־ שת הדרכים שעל יד <b class=""highlightcolor"">ביה""ח</b> האיטלקי.</div>"
1181	dhy19351215-01.1.8	15 December 1935	dhy	Page 8	"<div class=""txtsearchsnippet"">מספר הנעצרים עולה על עשרים לםופרני <b class=""highlightcolor"">בחיפה</b> נורע כי מספר הנעצרים בהשתייכית צקבוצה הטרוריסטית הערבית עילה ...</div>"
1182	dhy19360117-01.1.1	17 January 1936	dhy	Page 1	"<div class=""txtsearchsnippet"">ד‭'''‬ר י. י. גולוב, מנהל <b class=""highlightcolor"">ביה""ח</b> למחלות פרקים בניריורק, דועץ כבוד לועדת הבנין המאוחדת של ...</div>"
1183	dhy19351029-01.1.8	29 October 1935	dhy	Page 8	"<div class=""txtsearchsnippet"">... חזקה, והאוטובוסים הוכרחו אבקש אעצמם מקום חניה אחר: בקרבת <b class=""highlightcolor"">ביה''ח</b> שא הד""ר טיכו. בינתים וכא השכונה רוגזת עא מעשהו ...</div>"
1184	haretz19351226-01.1.8	26 December 1935	haretz	Page 8	"<div class=""txtsearchsnippet"">מועמ התנחמדש! משטדת <b class=""highlightcolor"">בחיפה</b> • סשתתפת בצעדו של החבר משה מיורו במות עליו ...</div>"
1185	haretz19360221-01.1.10	21 February 1936	haretz	Page 10	"<div class=""txtsearchsnippet"">... שומרי אמונים כהיפה ־יום ה' ‭27. 2‬ שומרי אפונים <b class=""highlightcolor"">בחיפה</b> במוצ""ש ‭29. 2‬ שומרי אמונים בהדרה י־מוצ""ש ‭29. 2‬ ...</div>"
1186	haretz19360306-01.1.8	6 March 1936	haretz	Page 8	"<div class=""txtsearchsnippet"">... , *^ 1^. 11 1‬ • : לקובי החלב <b class=""highlightcolor"">בחיפה</b> "" כצ מחצקי החצב שצ תנופה עונדים עצ הזיהם ...</div>"
1187	haretz19350517-01.1.9	17 May 1935	haretz	Page 9	"<div class=""txtsearchsnippet"">... בנקרוקםי פלס"", בירות רפאל. — ₪ בנק אל "" <b class=""highlightcolor"">בחיפה:</b> סבוי, קומפניץ ת [I חנויות ובתי חרושת: א. ב. ...</div>"
1188	haretz19350617-01.1.6	17 June 1935	haretz	Page 6	"<div class=""txtsearchsnippet"">... 'הנמצא ביסו, שוכנת :דרך שבין יפו לתל אביב, ע""י <b class=""highlightcolor"">ביה""ח</b> גנר והמבילח א) אדמת בת . ‭1590. 60 ‬ ...</div>"
1189	haretz19370528-01.1.8	28 May 1937	haretz	Page 8	"<div class=""txtsearchsnippet"">... רחוב '‭. 3*1 13‬ בית וליו ' ^‭^^ |‬י <b class=""highlightcolor"">בחיפה</b> הדדהסדמל, רח' ביאדיס מגת החיו')</div>"
1190	hmf19430402-01.1.5	2 April 1943	hmf	Page 5	"<div class=""txtsearchsnippet"">... נתן הסברות על צורת חאפיד. והשכלולים המיוחדים שהוכנסו בביח""חחנ""ל. <b class=""highlightcolor"">ביה""ח</b> הוקם רק לפני שנח. המכונות חן מתוצרת הארץ ויש ...</div>"
1191	hmf19411017-01.1.5	17 October 1941	hmf	Page 5	"<div class=""txtsearchsnippet"">... בית : א. בוקסבוים רחובמקיח' רחיב יפו הממשלה) רמתיים <b class=""highlightcolor"">ביהח</b> והסביבה ""ר: אליהו אביב פודטנוי ‭. '‬ ישראל מחסן: ...</div>"
1192	hmf19400428-01.1.6	28 April 1940	hmf	Page 6	"<div class=""txtsearchsnippet"">... העוב־ דים הלאומית כסדר בלי כל הפרעות. על יד <b class=""highlightcolor"">ביה""ח</b> ממשיכה ""המשמרת"" הפ ־ עמדית לעמוד ומנסים גם לפגוע ...</div>"
1193	hmf19410131-01.1.7	31 January 1941	hmf	Page 7	"<div class=""txtsearchsnippet"">... כאמ־ -צעי בפלא בגד השילשול. כעת הוציא אותו . <b class=""highlightcolor"">ביה""ח</b> פריפרט שלישי מיוחד לתזובת הילד ‭— ?‬ י ת ...</div>"
1194	hzam19320315-01.1.3	15 March 1932	hzam	Page 3	"<div class=""txtsearchsnippet"">לפני זמן מה התפטר מנהל <b class=""highlightcolor"">ביה""ח</b> שלהדסה' <b class=""highlightcolor"">בחיפה,</b> והתעוררה השאלה "" על בחירת מנהל הדש ...</div>"
1195	hzh19441016-01.1.4	16 October 1944	hzh	Page 4	"<div class=""txtsearchsnippet"">... יי בין שלושת חולי הדבר שהובאו בימים אלה למבדדת <b class=""highlightcolor"">?ביה""ח</b> הממשלתי 2 ילדים ערבים 'מארר־אל־יהוד. השלישי — שומר יהודי ...</div>"
1196	hzh19450415-01.1.4	15 April 1945	hzh	Page 4	"<div class=""txtsearchsnippet"">... והאיחולים למלאות 5 שנים_5מפעל י י"" _^ נתניה הנהלת <b class=""highlightcolor"">ביה""ח</b> ""עליון</div>"
1197	haretz19330516-01.1.5	16 May 1933	haretz	Page 5	"<div class=""txtsearchsnippet"">מפעולות ופד הקהלה <b class=""highlightcolor"">בחיפה</b></div>"
1198	dav19470507-01.1.1	7 May 1947	dav	Page 1	"<div class=""txtsearchsnippet"">... ביכלתו לקבל את תביעת הפו־ עלים. על סיבות סגירת <b class=""highlightcolor"">ביה""ח</b> מוסרים לנו ההו‭- ;-‬ ראה על כך באה ממשפחת ...</div>"
1199	haretz19311223-01.1.3	23 December 1931	haretz	Page 3	"<div class=""txtsearchsnippet"">... היה סבל היושבים במושב. שבעתים קשה היה מצב המשפחות <b class=""highlightcolor"">בחיפה.</b> אלו מכרו כל חפץ מהבית, כל תכשיט, בל רהיט, ...</div>"
1200	haretz19450912-01.1.2	12 September 1945	haretz	Page 2	"<div class=""txtsearchsnippet"">! <b class=""highlightcolor"">בחיפה</b></div>"
1201	haretz19330811-01.1.4	11 August 1933	haretz	Page 4	"<div class=""txtsearchsnippet"">... על אדמת השותפות ""מולדת"" L 3 (בסביבת מקוה־ישראל, ע״י- <b class=""highlightcolor"">ביה״ח</b> לעורות) "" S חגיגת הנחת אבדהפנה ט 3 לממן ...</div>"
1202	haretz19331010-01.1.4	10 October 1933	haretz	Page 4	"<div class=""txtsearchsnippet"">... על ידם. הנפצע מת שעה קלה לאהר שהובא אל <b class=""highlightcolor"">ביה״ח</b> הממשלתי. החקירה הראתה כי באוטו היו 70 תיבות ירקות ...</div>"
1203	ahr19460724-01.1.3	24 July 1946	ahr	Page 3	"<div class=""txtsearchsnippet"">... המנוח !אבי אל הדיף דכי בית המשפט ידון בבקשה <b class=""highlightcolor"">בחיפה</b> ביום 19 לחדש ספטמבר 1946 בשעה 9 לכה""צ. על ...</div>"
1204	dav19360525-01.1.5	25 May 1936	dav	Page 5	"<div class=""txtsearchsnippet"">... ‭29. 5. 36, -‬ בשעה 10 בבוקר בבית המשפט <b class=""highlightcolor"">בחיפה.</b> כל הנושים והמעונינים יפשיטת הרגל הנ""ל שטרם הגישו את ...</div>"
1205	dav19300131-01.1.1	31 January 1930	dav	Page 1	"<div class=""txtsearchsnippet"">... ריגם _לשכונת אבו־כביר, כדי להוביל את גויות המתים אל <b class=""highlightcolor"">ביה""ח</b> הממשלתי. בבית אז!ד מצא ארבעה הרוגים, _יטני גברים ושתי ...</div>"
1206	dav19320523-01.1.4	23 May 1932	dav	Page 4	"<div class=""txtsearchsnippet"">... מחרה מטעמי מועצת 1 הנוער ; לגת!: הקה""ק י <b class=""highlightcolor"">בחיפה.</b> | כפ‭. 8, ‬ח. ‭. :‬טחר נ' כ־8 בערב ...</div>"
1207	dav19330723-01.1.5	23 July 1933	dav	Page 5	"<div class=""txtsearchsnippet"">... וכו י , השתתף גם , דייר הופמן, מנהל <b class=""highlightcolor"">ביה""ח</b> הגרמני <b class=""highlightcolor"">בחיפה.</b> ממקור מוסמך מודיעים לנו, כי ד""ר הופמן ...</div>"
1208	dav19331224-01.1.1	24 December 1933	dav	Page 1	"<div class=""txtsearchsnippet"">... כי ההצעה בדבי _, ים, יד בתי זיקוק לנפט, <b class=""highlightcolor"">בחיפה</b> הכריעה את ההצעה על יםודםיבאחד מנמלי. אנגליה, מטעמי קיטו‭, ...</div>"
1209	dav19340507-01.1.5	7 May 1934	dav	Page 5	"<div class=""txtsearchsnippet"">... בגדים מחולים שנפטרו‭, -‬או _טחו־ לים שתבריאי ועזבי את <b class=""highlightcolor"">ביה""ח</b> ולא קיבלו- את כל בגדייהם. הנהלת ביה""ה- מ. ודיעה ...</div>"
1210	dav19320930-01.1.1	30 September 1932	dav	Page 1	"<div class=""txtsearchsnippet"">וער הקהלה <b class=""highlightcolor"">בחיפה</b> ולשכת המסחר העברית‭? .. -‬ הגישו תזכיר לנציב הצפון ...</div>"
1211	dav19310329-01.1.3	29 March 1931	dav	Page 3	"<div class=""txtsearchsnippet"">... שהיה הבר בקואופרטיב ה-סנדלדים ‭,, ‬עמל"" בת''א, והנמצא ביום <b class=""highlightcolor"">בחיפה</b> — יודיע למערכתדבר ‭"" . "" ‬</div>"
1212	dav19310301-01.1.1	1 March 1931	dav	Page 1	"<div class=""txtsearchsnippet"">... להחלטת המועצה ע""י הנהלת העירית עלול להביא לידי סגירת <b class=""highlightcolor"">ביה""ח</b> וגם לידי הסתלקותה הגמורה שלהדסה‭""-‬ מכל העני. ‭; ""‬ ...</div>"
1213	dav19310129-01.1.4	29 January 1931	dav	Page 4	"<div class=""txtsearchsnippet"">וחסכון של העוברי‭"":‬ <b class=""highlightcolor"">בחיפה</b> מר י , _רביינובי_^</div>"
1214	dav19410211-01.1.3	11 February 1941	dav	Page 3	"<div class=""txtsearchsnippet"">... תוצרת השכונה. שנים מחברי השכונה צורפו להנהלת האגודה גנפר־סבא. <b class=""highlightcolor"">ביה""ח</b> ""עסיס"" להשלטת העברית _באסגת־פועלים בהשתתפות ד""ר ח. סבירוני מטעם ...</div>"
1215	dhy19310107-01.1.4	7 January 1931	dhy	Page 4	"<div class=""txtsearchsnippet"">... ד' בשעה ‭8. 30‬ בערב תהיה באולם ההרצאות של <b class=""highlightcolor"">ביה""ח</b> הדסה אספת חברי הסניף, על סדר היום ‭&lt;!. ‬ ...</div>"
1216	dhy19341009-01.1.6	9 October 1934	dhy	Page 6	"<div class=""txtsearchsnippet"">לבנין <b class=""highlightcolor"">ביה""ח</b> על הר הצופים הנהלת "" הדסה"" והאוניברסיטה _קדברית מסדרות ...</div>"
1217	dhy19350312-01.1.1	12 March 1935	dhy	Page 1	"<div class=""txtsearchsnippet"">... מפצעיו. חנאשם נאסר. — שלשום בערב חודיעו לתחנת המשטרה <b class=""highlightcolor"">בחיפה</b> שאחמד עברול רחמן אלשייך קאםם, מכפר איגזים מת בתוצאת ...</div>"
1218	dhy19350909-01.1.7	9 September 1935	dhy	Page 7	"<div class=""txtsearchsnippet"">... עבריים, רובם ככולם בשדההקבלח. _^ המחלקה לספרי רפואח סדרה <b class=""highlightcolor"">בחיפה</b> ובעפגלה סניפים. בעזרת הרופאים המ־ ק ומיים, דוגמת _הסניו* ...</div>"
1219	dhy19330306-01.1.4	6 March 1933	dhy	Page 4	"<div class=""txtsearchsnippet"">... V £ * _3 ^! !5 _13‬ תוצרת . <b class=""highlightcolor"">ביהח-</b> ר ‭"" , ""‬ שמן תפח 1 ‭8_^‬־—•‭~_#— _%. ...</div>"
1220	dhy19360420-01.1.7	20 April 1936	dhy	Page 7	"<div class=""txtsearchsnippet"">... יהודים הראשון עוד בסוף הדש מרץ ש. ז. התארגנה <b class=""highlightcolor"">בחיפה</b> ועדת הקונגרס המורכבת מה""ה: ד""ר איצקוביץ, ד""ר ליכטנשטיין, ד""ר ...</div>"
1221	dhy19310325-01.1.4	25 March 1931	dhy	Page 4	"<div class=""txtsearchsnippet"">... המשפט שני יהודים וארבעה ערבים נידונו ע""י שופט ־שצום <b class=""highlightcolor"">בחיפה</b> צתשצום קנס בסד צירה א""י אחת ב""א מפני שבגו ...</div>"
1222	dhy19300928-01.1.4	28 September 1930	dhy	Page 4	"<div class=""txtsearchsnippet"">... ההורים בהנחלת הגב' דבורה סלן ירושלים רחוב 'החבשים, ע""י <b class=""highlightcolor"">ביה""ח</b> האיטלקי הכתה המיוחדת מהבילה לכחה החמישית שא גמנסיה תפתה ...</div>"
1223	haretz19310421-01.1.4	21 April 1931	haretz	Page 4	"<div class=""txtsearchsnippet"">ן <b class=""highlightcolor"">בחיפה</b> ן</div>"
1224	haretz19320412-01.1.1	12 April 1932	haretz	Page 1	"<div class=""txtsearchsnippet"">... ב־1 באפריל את עבודתו, בתור מנהל המחלקה החיתרנית על <b class=""highlightcolor"">ביה'ח</b> העירוני , דדבה' ומקבל חולים בביתו, רה' ביאליק 3 ...</div>"
1225	haretz19320916-01.1.1	16 September 1932	haretz	Page 1	"<div class=""txtsearchsnippet"">‭3^ *0נ0*?)0א2&lt;*0****0:010^: ‬ לשבח הרבנות, ועד הקהלה <b class=""highlightcolor"">בחיפה</b> א £ £ וחבר העובדים ^ ן מברכים אה ...</div>"
1226	haretz19350506-01.1.7	6 May 1935	haretz	Page 7	"<div class=""txtsearchsnippet"">... משה כרי ניכן ד!רכ מכדדקי השו""ביב והמשנית ככית המטבהיה <b class=""highlightcolor"">בחיפה</b></div>"
1227	haretz19370216-01.1.8	16 February 1937	haretz	Page 8	"<div class=""txtsearchsnippet"">... *?זוי—— &gt;-ןן—!^-————""—י—-תז-ס7ו^ ביום ג' ‭16. 2‬ קשה להיות •הודי <b class=""highlightcolor"">בחיפה</b> ביום ד' ‭17. 2‬ הגולם לתלמידים <b class=""highlightcolor"">בחיפה</b> ביום ד' ...</div>"
1228	haretz19340819-01.1.5	19 August 1934	haretz	Page 5	"<div class=""txtsearchsnippet"">... חושב השותף מעקרי של בית החדשמ קדיםטל ומחסני קידוד <b class=""highlightcolor"">בחיפה</b> לטהור את הלקו הנותן רוח טוכ (%‭30‬) למעונץ. להסעונינים ...</div>"
1229	haretz19430716-01.1.5	16 July 1943	haretz	Page 5	"<div class=""txtsearchsnippet"">... מודיעים בזה שמסרנו לפירמה . הרך נית־הםסחד הראשיז לנעלי־ילדים <b class=""highlightcolor"">בחיפה.</b> דחי הד‭43 ?1 ‬ את המכירה היחידה של נעלי ...</div>"
1230	haretz19451227-01.1.1	27 December 1945	haretz	Page 1	"<div class=""txtsearchsnippet"">... חלוץ נולדה כת דאהות נילי ‭25. 12. 45‬ י <b class=""highlightcolor"">ביה""ח</b> שערי־צדק, ירושלים</div>"
1231	hmf19431220-01.1.4	20 December 1943	hmf	Page 4	"<div class=""txtsearchsnippet"">... החזקת אקדוח בלי כדורים. שו_!פט י השקום י הראשי <b class=""highlightcolor"">בחיפה</b> מר דייקינםון דן את מאסר• ?מניםור 'מעבר־ הירדן ‭&amp;?‬ ...</div>"
1232	hmf19410727-01.1.3	27 July 1941	hmf	Page 3	"<div class=""txtsearchsnippet"">הביקורים"" העירוני. החל מהשבוע יהיו הבקורים בכל מחלקות <b class=""highlightcolor"">ביה""ח</b> העירוני בת""א פעמיים בשבוע: ביום השבת וביום הרביעי משעה ...</div>"
1233	hmf19430413-01.1.4	13 April 1943	hmf	Page 4	"<div class=""txtsearchsnippet"">... כל הקומוניסטים ושאר האנטי־ציונים מבין הסטודנ"" טים, מאגודת הסטודנטים <b class=""highlightcolor"">בחיפה</b> ומ* ההתאחדות הארצית של הסטודנטים. בדברי כל המתוכחים באסיפה ...</div>"
1234	hmf19440223-01.1.4	23 February 1944	hmf	Page 4	"<div class=""txtsearchsnippet"">_איגמאיל אבו אל־חיי — י'אבאלייה. ע""י <b class=""highlightcolor"">ביה""ח</b> הממשלתי‭. (‬ מוהמד טולבה — רחוב בוזה• עבדול האםיק ...</div>"
1235	hmf19480625-01.1.1	25 June 1948	hmf	Page 1	"<div class=""txtsearchsnippet"">... התקרבו 4 משוריינים עם אנשי פלמ""ח ברחוב יהודה־הלוי לבנץ <b class=""highlightcolor"">ביה""ח</b> ""פרויד‭, ""‬בו מתאכסנת באורח זמני הנהלת תנועת ""חרות‭, ""‬מיסודו ...</div>"
1236	hbkr19461112-01.1.4	12 November 1946	hbkr	Page 4	"<div class=""txtsearchsnippet"">... כגועית הגנבים יפוטח. מועצה מורחבת של חתאחדות כעלי הבהיפ <b class=""highlightcolor"">בחיפה</b> מחכנס מחר ב־‭6. 30‬ בםשרד? ה. התאתדותי (רח' הרצל ...</div>"
1237	hbkr19460524-01.1.7	24 May 1946	hbkr	Page 7	"<div class=""txtsearchsnippet"">... בי. הי. אל א' אסף כשעות ‭1—2. 30‬ אההיצ. <b class=""highlightcolor"">בחיפה:</b> רה' הרצל ‭28‬ ""מסדה"" בימים אי, גי • ח' ...</div>"
1238	hbkr19440707-01.1.5	7 July 1944	hbkr	Page 5	"<div class=""txtsearchsnippet"">... ביה""ם | י ; לאה־ות (משרד האחית הראשית של <b class=""highlightcolor"">ביה""ח</b> העירוני, רחוב בייסור) ; י בשע-ח 5 עד 7 ...</div>"
1239	hbkr19400910-01.1.1	10 September 1940	hbkr	Page 1	"<div class=""txtsearchsnippet"">... היא עזרת הממשלה פי־כמה, מפני שסוף כל סיף האיכלוסיה <b class=""highlightcolor"">בחיפה</b> מפוזרת על פני שטח רב יותר מאשר תל־אביב. האכדית ...</div>"
1240	hbkr19380530-01.1.1	30 May 1938	hbkr	Page 1	"<div class=""txtsearchsnippet"">סופינ' <b class=""highlightcolor"">בחיפה</b> מידיע: אמש בשעה ‭7. 45‬ מיקה שצצה על , ...</div>"
1241	hbkr19381014-01.1.8	14 October 1938	hbkr	Page 8	"<div class=""txtsearchsnippet"">... ברמה נ; I : אט מודה לכבודו ולפרסונל של <b class=""highlightcolor"">ביה""ח</b> : : בעד הטיפול העדין שםסלו ב' בעת : ...</div>"
1242	hbkr19390511-01.1.3	11 May 1939	hbkr	Page 3	"<div class=""txtsearchsnippet"">... במקצת. ה' יבזרוב ע־מד לעזוב ה־ים או מחר את <b class=""highlightcolor"">ביה־ח.</b></div>"
1243	hmf19450209-01.1.8	9 February 1945	hmf	Page 8	"<div class=""txtsearchsnippet"">באסיפת מליאת ועד הקהלת <b class=""highlightcolor"">בחיפה</b> שנתקיימה שלשום בערב' הספיד היו""ר, מד ג. לווין את ...</div>"
1244	hmf19450422-01.1.4	22 April 1945	hmf	Page 4	"<div class=""txtsearchsnippet"">... מ. ד. א• ירושלים מוזמנים הערב להרצאה שתתקיים באולם <b class=""highlightcolor"">ביה""ח</b> ""בקור חולים"" בשעה 8 בערב• מודיעים בזה לפרדםניס ולחקל ...</div>"
1245	hzh19381107-01.1.1	7 November 1938	hzh	Page 1	"<div class=""txtsearchsnippet"">... למאסר עשר שנים שהוציא "" בית הדין הצבאי י <b class=""highlightcolor"">בחיפה</b> על מעירש עבד חליל‭.. ‬ 'י מהרבה איבתן בעוון ...</div>"
1246	hzh19460923-01.1.4	23 September 1946	hzh	Page 4	"<div class=""txtsearchsnippet"">... מתבקשים לדייק. המפעל ""לעם במצור"" בסיומו המפעל ""לעם במצור"" <b class=""highlightcolor"">בחיפה</b> מסתיים, כל אלה שטרם ?נענו או שלא בוקרו _מחבקשים ...</div>"
1247	hzh19460213-01.1.4	13 February 1946	hzh	Page 4	"<div class=""txtsearchsnippet"">... I הסמינריון ל ג נ נ ך ת י <b class=""highlightcolor"">בחיפה</b> j i המנהל' חבר המורים‭,, ‬תלמידות הסמינריון !</div>"
1248	khm19470629-01.1.4	29 June 1947	khm	Page 4	"<div class=""txtsearchsnippet"">... ני הרנטגן והמתלקות האהרות ירדו הברי הועדה, העתונאים ורופאי <b class=""highlightcolor"">ביה""ח</b> לחדר האוכל. בשעה ‭, 2. 15‬ לאהר הסעודה סקרה ...</div>"
1249	khm19480107-01.1.4	7 January 1948	khm	Page 4	"<div class=""txtsearchsnippet"">... לעץ הפפוץ. הועבו על יוי מ, ה. א. למ""ח <b class=""highlightcolor"">בחיפה.</b> שגי ערבים נהרגו ערבי נורה ונחרג בשעח 11 באזוד ...</div>"
1250	khm19470818-01.1.4	18 August 1947	khm	Page 4	"<div class=""txtsearchsnippet"">שביתת הרעב של אהיות <b class=""highlightcolor"">ביה""ח!</b> הממשלתי <b class=""highlightcolor"">בחיפה</b> הסתיימה</div>"
1251	hazmantlv19431010-01.1.4	10 October 1943	hazmantlv	Page 4	"<div class=""txtsearchsnippet"">מת עזיז כיאט אתמול בבוקר מת בבית החולים הממשלתי <b class=""highlightcolor"">בחיפה</b> מר עזיז כיאט, כבן 77 המנוח היה .ערבי נוצרי ...</div>"
1252	hazmantlv19431006-01.1.4	6 October 1943	hazmantlv	Page 4	"<div class=""txtsearchsnippet"">... וברגלו׳ והועבר במכונית מגן דוד אדום במצב אנוש אל <b class=""highlightcolor"">ביה״ח</b> רוטשילד, ומצבו מעורר דאגת.</div>"
1253	dav19461206-01.1.6	6 December 1946	dav	Page 6	"<div class=""txtsearchsnippet"">תכנית <b class=""highlightcolor"">ביה''ח</b> ביל-עטוו בטתיד</div>"
1254	dav19461007-01.1.4	7 October 1946	dav	Page 4	"<div class=""txtsearchsnippet"">... עגודח לפי הודעת המועצה הישונית לקליטת החיילים והנוטרים המשוחררים <b class=""highlightcolor"">בחיפה.</b> לא ;מצא על גד, מק01 _עבודד, ל־50 נכים־ ופועלים ...</div>"
1255	dav19480825-01.1.3	25 August 1948	dav	Page 3	"<div class=""txtsearchsnippet"">מחלקיו. _העגול־ח לנ_/שפהזר; ל_?מגויטי_3 <b class=""highlightcolor"">בחיפה</b> התמורות שנתחוללו בשדה העבודה עם המלחמה, חייבו גם את ...</div>"
1256	dav19450422-01.1.4	22 April 1945	dav	Page 4	"<div class=""txtsearchsnippet"">... שימליץ על כך בפני מנהל הדואר הכללי. שביתת שעתיים <b class=""highlightcolor"">בחיפה</b> <b class=""highlightcolor"">בחיפה</b> שבתו ביום וי במשך שעתיים _ב־150 עובדים, יהודים ...</div>"
1257	dav19450221-01.1.4	21 February 1945	dav	Page 4	"<div class=""txtsearchsnippet"">... - תתפות רק ילדות. לתלמידות ג'וכשרות מקציבה הבמד- סטיב-נייות. <b class=""highlightcolor"">בחיפה</b> קיימות גבר 7 _פטיפנדיות. 6_־~ות א&amp;נותייט השובים נתנו ידם ...</div>"
1258	dav19430923-01.1.4	23 September 1943	dav	Page 4	"<div class=""txtsearchsnippet"">... חוץ משני החיילים, על החזקת ד. יב־ 3ק והתחמושת <b class=""highlightcolor"">בחיפה</b> כפי שמפורט נלרב האשמה. עדי התביעה לא דהוי •‭""&gt;?*&gt;‬ ...</div>"
1259	haretz19320620-01.1.3	20 June 1932	haretz	Page 3	"<div class=""txtsearchsnippet"">... נמרץ ברפיפים• נמכרים: בתא־אביב ובירושאים — בכא טשרדיהאחיד"". "" <b class=""highlightcolor"">בחיפה</b> — טשרדהטהיר"" שוק חטרח ע""י תחנת "" אוטוטוביאים. טאפון ...</div>"
1260	haretz19470103-01.1.7	3 January 1947	haretz	Page 7	"<div class=""txtsearchsnippet"">... ב־‭9. &lt;5—7. 15‬ בת""א יום מ ‭6. 1‬ באולבמבכי"" <b class=""highlightcolor"">בחיפה</b> 2 הצ- "" גות בבורד. .. ככקש־ :שכת... "" ...</div>"
1261	haretz19470909-01.1.3	9 September 1947	haretz	Page 3	"<div class=""txtsearchsnippet"">... כפעם האחרונה ברחובות יום הי ‭11. 9‬ בפעם האחרונה <b class=""highlightcolor"">בחיפה</b> יום ג' ‭16. 9‬ מת העם, ת""א יום ה' ...</div>"
1262	haretz19460527-01.1.3	27 May 1946	haretz	Page 3	"<div class=""txtsearchsnippet"">... 45—7. 15‬ בת""א יום ד' ‭295‬ באולם . עין־דור"" <b class=""highlightcolor"">בחיפה</b> 2 מצגות בכורה ב־7 ו־9 מרב־ ^ יום מ' ...</div>"
1263	haretz19460514-01.1.3	14 May 1946	haretz	Page 3	"<div class=""txtsearchsnippet"">... ורוסית ?? כרסיסים להשיג: בירושלים — משרד ש. כהנא. <b class=""highlightcolor"">בחיפה</b> — משרד ק. גינצבורג. I</div>"
1264	haretz19430326-01.1.6	26 March 1943	haretz	Page 6	"<div class=""txtsearchsnippet"">שביתת אחיו""ת <b class=""highlightcolor"">ביה""ח-</b> בעירית ת""אן</div>"
1265	hbkr19470212-01.1.3	12 February 1947	hbkr	Page 3	"<div class=""txtsearchsnippet"">... בן ה־‭, 4 ‬ סעודי מחמוד. בבית ליד ""שמן"" <b class=""highlightcolor"">בחיפה.</b> הילד הועבר במצב קשה לבית החולים חממשלתי <b class=""highlightcolor"">בחיפה.</b> כפי ...</div>"
1266	hbkr19430408-01.1.3	8 April 1943	hbkr	Page 3	"<div class=""txtsearchsnippet"">... עקיבא ביקבבויפ רחינ 'פ־ ‭297 ‬ ^ /^1 \יג^^ <b class=""highlightcolor"">בחיפה:</b> אה-ב ז""יבדשסץ רה' המלב-פ ‭55 ‬ /? . יי ...</div>"
1267	hbkr19410825-01.1.3	25 August 1941	hbkr	Page 3	"<div class=""txtsearchsnippet"">חיפה מפע־יהקיטנותוהמועדוניש לילר־ש <b class=""highlightcolor"">בחיפה</b> כמפעל. שהזמן גרמו, נולדה בעית סדור קיטנות ומיעדונים על ...</div>"
1268	hzh19481010-01.1.3	10 October 1948	hzh	Page 3	"<div class=""txtsearchsnippet"">... לקבל מחזור נוסף של 20 תלמידות לבית־ הספר שליד <b class=""highlightcolor"">ביה""ח</b> בילינםון. ההרשמה כבר החלה ותמשך עד סוף 'אוקטובר, מתקבלות ...</div>"
1269	ahr19480425-01.1.4	25 April 1948	ahr	Page 4	"<div class=""txtsearchsnippet"">... לא נשארה הברירה לתושבי חיפה השקטים אלא להשאיר אותם <b class=""highlightcolor"">בחיפה</b> ולהסתלק בעצמם. הוחלט על פינוי הערבים מהיפה —־ ואילו ...</div>"
1270	ahr19480211-01.1.4	11 February 1948	ahr	Page 4	"<div class=""txtsearchsnippet"">‭1a1H1n[11i1B11!!!_1r11!:_B1111i1H!]1]1ffl]111iB!1!11a!_ra111!!!11‬ בהתאם להחלטת וערת־המצכ <b class=""highlightcolor"">בחיפה</b> הוטל מס כשעור ‭5%‬ ככתי-הקפה והמפעדות לטובת ח ‭_x ...</div>"
1271	ahr19471020-01.1.3	20 October 1947	ahr	Page 3	"<div class=""txtsearchsnippet"">... דיק וסא לטי שדד דקר והדכא לדין ‭"";‬י שופט־השיום <b class=""highlightcolor"">בחיפה</b> נעיצר יש בועיים חיים שעיון מזרחי הוא נאשם בהתפרצות ...</div>"
1272	ahr19480127-01.1.4	27 January 1948	ahr	Page 4	"<div class=""txtsearchsnippet"">... העליון בל_, אהיר, בדי להשיג את ה&amp;_במתו להפסקת האש <b class=""highlightcolor"">בחיפה,</b> חזרו היום לבנה""צ, בשילוה <b class=""highlightcolor"">בחיפה</b> אמרו חברי המשלחת, כי ...</div>"
1273	ahr19460108-01.1.4	8 January 1946	ahr	Page 4	"<div class=""txtsearchsnippet"">... יתר _בחי־התרושת במושבה קלטו ועובדים־עולים _שטרארס, ביחח : ""ר <b class=""highlightcolor"">ביהח</b> לשימורים ""ר לגבי וכוי נה , של בראש דאגותיה ...</div>"
1274	dav19370809-01.1.3	9 August 1937	dav	Page 3	"<div class=""txtsearchsnippet"">. לשאלת. האחות המעשית תשובתו של ד""ר ברגר, מנחל <b class=""highlightcolor"">ביה""ח</b> <b class=""highlightcolor"">בחיפה,</b> בה הוא מחפש שגיאות במכתבנו, במקום לחפש דרך ...</div>"
1275	dav19481121-01.1.3	21 November 1948	dav	Page 3	"<div class=""txtsearchsnippet"">... הראשונה - מדריכי רחובות גראש ביום ו' ובשבת נערך <b class=""highlightcolor"">בחיפה</b> הקורס הראשון למדריכי טיסנאות בגנ""ת לצפון הארץ, בהשתתפות מספר ...</div>"
1276	dav19461020-01.1.4	20 October 1946	dav	Page 4	"<div class=""txtsearchsnippet"">כינוס ארצי ל""אחים המוסלמים"" בארץ נתכנס <b class=""highlightcolor"">בחיפה</b> ביום ו' ב־10 בבוקר. בכינוסי השתתקו מכל סניפי הארץ ...</div>"
1277	dhy19350326-01.1.3	26 March 1935	dhy	Page 3	"<div class=""txtsearchsnippet"">( מידיעות לשכת המסחו והתעשיה העברת <b class=""highlightcolor"">בחיפה)</b></div>"
1278	haretz19340321-01.1.1	21 March 1934	haretz	Page 1	"<div class=""txtsearchsnippet"">... ביום ב' על ידי חברתלויד טריאם־ "" "" טיגו"" <b class=""highlightcolor"">בחיפה</b> לכבוד מםעה הראשון של האניה ?א־ ! רץ ישראל, ...</div>"
1279	haretz19460308-01.1.6	8 March 1946	haretz	Page 6	"<div class=""txtsearchsnippet"">... 34‬ דוד המלך, הקליד, ככר מלכי ישראל? פרישמן, ע""י <b class=""highlightcolor"">ביה""ח</b> . הירקון• וכוי. ^£ ‭I‬] הצעות עכודה םטג'ר: מקום ...</div>"
1280	haretz19470725-01.1.7	25 July 1947	haretz	Page 7	"<div class=""txtsearchsnippet"">... וחוק הנזיקין נקראת פגישה דחופה של בארכה נהגי הטקסי <b class=""highlightcolor"">•בחיפה,</b> ירושלים ־ והמושבות, אשר תתקיים ביום א' ‭27. 7‬ ...</div>"
1281	haretz19461018-01.1.6	18 October 1946	haretz	Page 6	"<div class=""txtsearchsnippet"">... ?השכיי ולשכור לההליף חדר יפה במרכז ירושלים תמורת חדר <b class=""highlightcolor"">בחיפה.</b> לפנות: קמלי הרצל ‭, 45 ‬ חיפה. 'חדר ופנםיון ...</div>"
1282	haretz19481105-01.1.5	5 November 1948	haretz	Page 5	"<div class=""txtsearchsnippet"">... היים. כית־מלון. שדרות' שדרות הכרמל 8 (מול . אגד• <b class=""highlightcolor"">בחיפה,</b> טלפון ‭4364‬ מלון ממדרגה ראשונה. דקורטור לוילונות מקשט, מחפש ...</div>"
1283	hmf19470606-01.1.2	6 June 1947	hmf	Page 2	"<div class=""txtsearchsnippet"">... השני לאחר מעשי־חבלה אלד, התקפה על בתי־המלאכה של הרכבות <b class=""highlightcolor"">בחיפה</b> ונגרם נזק עצום. למתקיפים — כפי שנתברר אח""כ אנשי ...</div>"
1284	hmf19470630-01.1.4	30 June 1947	hmf	Page 4	"<div class=""txtsearchsnippet"">... ונפצעו במוצאי שבת בשעה שישבו ליד הבאר בקפה ""אסטוריה"" <b class=""highlightcolor"">בחיפה,</b> מת אתמול בשעות הבוקר המוקדמות מפצעיו. ההרוג שהיה בדרגת ...</div>"
1285	hmf19471224-01.1.4	24 December 1947	hmf	Page 4	"<div class=""txtsearchsnippet"">... דינם של חיים אקהייזר ומשה כהן' שנידונו בבי""ד צבאי <b class=""highlightcolor"">בחיפה</b> ל־20 שנות מאסר על נשיאת נשק. העונש הופחת ל־15 ...</div>"
1286	hmf19471020-01.1.4	20 October 1947	hmf	Page 4	"<div class=""txtsearchsnippet"">... אייגר; מראשי ה. ע. ל. יעקב שובל_;מזכיר סניף הצה""ד <b class=""highlightcolor"">בחיפה</b> ש. יונגמן;מזכיר ה. ע. ל. בירושלים א. אכםלרוד;מזכיר ה. ...</div>"
1287	hmf19470917-01.1.4	17 September 1947	hmf	Page 4	"<div class=""txtsearchsnippet"">בשיחה עם סופרנו <b class=""highlightcolor"">בחיפה</b> מסר הדייר אברהם ווינשל, ששוחרר מלאטרון בי, על _הלך־הרוחות ...</div>"
1288	hmf19481020-01.1.4	20 October 1948	hmf	Page 4	"<div class=""txtsearchsnippet"">כי100 אלף יהודים יושבים <b class=""highlightcolor"">בחיפה</b></div>"
1289	hmf19480121-01.1.4	21 January 1948	hmf	Page 4	"<div class=""txtsearchsnippet"">... ניכרות של ביצים סוריות, שהובאו בקיץ ואויחםיט־ ?ביבתי־ קירור <b class=""highlightcolor"">?בחיפה.</b> הבאת ביצים ערביות לשווקים העבריים נפסקה ?לחלוטין. •אנשי המשקים ...</div>"
1290	hbkr19401106-01.1.3	6 November 1940	hbkr	Page 3	"<div class=""txtsearchsnippet"">... תש""א• מועצת מורים כהשתתפות שרתוק אתמול נערכה בבית הפועלים <b class=""highlightcolor"">בחיפה</b> מועצת מודים בהשתתפותו של ה' מ. שמ תוק. דנו ...</div>"
1291	hbkr19470428-01.1.3	28 April 1947	hbkr	Page 3	"<div class=""txtsearchsnippet"">קונצרט 10 למנויים <b class=""highlightcolor"">בחיפה</b> חמנצח והסוליטט: ליאונרד ברנעוט־ץ יום ד' ‭7. 5‬ . ...</div>"
1292	hbkr19470423-01.1.3	23 April 1947	hbkr	Page 3	"<div class=""txtsearchsnippet"">... רקום מגוריו ללתי ידוע. היאיל יה' זרובבל נולדשקין עו""ד <b class=""highlightcolor"">בחיפה</b> (חחינק) הגיק נגדך תניעה לנית משפק זה קיפ ‭136. ...</div>"
1293	hbkr19460210-01.1.3	10 February 1946	hbkr	Page 3	"<div class=""txtsearchsnippet"">... 3‬ ת. ד. ‭. 4091 ‬ השדכן ליכד יבקר <b class=""highlightcolor"">בחיפה</b> ביום שני ‭, 11. 2. 46‬ ביום שלישי ‭12. ...</div>"
1294	hbkr19460116-01.1.4	16 January 1946	hbkr	Page 4	"<div class=""txtsearchsnippet"">... וארגנטינה. לתת ?'צירסר האסי:נסי פירוש כשלהן. והוא הדין גס <b class=""highlightcolor"">ביהח</b> לעתונית. אם כי. לכאורה. ההצעה הפיליפינית נראית פשו־. סד, ...</div>"
1295	hmf19470512-01.1.4	12 May 1947	hmf	Page 4	"<div class=""txtsearchsnippet"">בה. ע. ל. המאוחדת <b class=""highlightcolor"">בחיפה</b> מיום אי ‭n, ‬ במאי נמצאים משרדי הסתדרות העובדים ...</div>"
1296	hmf19461220-01.1.8	20 December 1946	hmf	Page 8	"<div class=""txtsearchsnippet"">... שנה התגייס לנוטרות. את גופתו עומדים להעביר לחדר־המתים של <b class=""highlightcolor"">ביה""ח</b> ""הדסה"" בת""א.</div>"
1297	hzh19481019-01.1.4	19 October 1948	hzh	Page 4	"<div class=""txtsearchsnippet"">נגנבה מכונית של או""מ מטעם אומ''א <b class=""highlightcolor"">בחיפה</b> הודיעו: שבליל שבת נגנב ג'יפ של אומ""א מצויד במשדר ...</div>"
1298	omer19400308-01.1.5	8 March 1940	omer	Page 5	"<div class=""txtsearchsnippet"">... לבב יים ברכות משיא *זרנו אגגדת תעודה לגוגליו למנהל <b class=""highlightcolor"">ביה""ח..</b> הדסי. - צפת תריאגת באיזו ו לטולט מ טז ...</div>"
1299	haretz19450510-01.1.2	10 May 1945	haretz	Page 2	"<div class=""txtsearchsnippet"">מימי ההפצצות <b class=""highlightcolor"">בחיפה</b> ן ,</div>"
1300	haretz19360110-01.1.6	10 January 1936	haretz	Page 6	"<div class=""txtsearchsnippet"">... — אהתפרץ פנ־מה. ל ההה אינו רוצה אהב•;, ב• <b class=""highlightcolor"">ביה""ח</b> הוא אא רק מקום של שכיבה בשביל ההואה בי ...</div>"
1301	hbkr19430919-01.1.4	19 September 1943	hbkr	Page 4	"<div class=""txtsearchsnippet"">... רוט, ת""א, מזא""^ ‭. 12 ‬ ‭. . ‬ <b class=""highlightcolor"">בחיפה</b> ב־3 ?באוקטובר בבית המרקחת, דהו:, נזרחאו ‭. 28 ‬ ...</div>"
1302	haretz19361018-01.1.8	18 October 1936	haretz	Page 8	"<div class=""txtsearchsnippet"">... ד. ילין, בהצגת אחה״צ לתלמידים ולנוער — הד״ר בן־יהודה. <b class=""highlightcolor"">בחיפה</b> ביום ה' 22 לח. ז. בהצגת הערב — יוסף ...</div>"
1303	haretz19331218-01.1.4	18 December 1933	haretz	Page 4	"<div class=""txtsearchsnippet"">... ובתנועה בתל אביב ד״ר א אברמוביץ, ממלא מקום מנהל <b class=""highlightcolor"">ביה״ח</b> העירוני ״הרסה"" בת״א, במאמרו ""על מקרי האסון בבני! ובתנועה"" ...</div>"
1304	ahr19470415-01.1.4	15 April 1947	ahr	Page 4	"<div class=""txtsearchsnippet"">... g הנהלת בית הספר לאחיות ע""י בית החולים רוטשילד <b class=""highlightcolor"">בחיפה</b> מודיעה § 1 בזה, כי החלה הרשמה למחזור שני ...</div>"
1305	ahr19470914-01.1.20	14 September 1947	ahr	Page 20	"<div class=""txtsearchsnippet"">... 5־v עונים ‭""u‬• _3־‭4oo0‬ פועלים מאת דכ שוב?כתב ""משמר'' <b class=""highlightcolor"">בחיפה</b> ת י פ ה, יום וי. — על פגי ...</div>"
1306	ahr19470825-01.1.3	25 August 1947	ahr	Page 3	"<div class=""txtsearchsnippet"">... בעולים החרשים שליד מרכז קיפ""ח, נתמנה מנהל ופואי־אדטמיסטרטיבי של <b class=""highlightcolor"">ביה""ח</b> בילינסון. עם התרחבות בית החולים נתבעה קופ''ח, זד, מזמן, ...</div>"
1307	ahr19440628-01.1.4	28 June 1944	ahr	Page 4	"<div class=""txtsearchsnippet"">עדיין. הוא הציע שהגופה תועבר אל <b class=""highlightcolor"">ביה""ח</b> רוטשילד ושם תיבדק ע""י •שלושה ררפאים. הקהל לא הסכים ...</div>"
1308	ahr19480201-01.1.4	1 February 1948	ahr	Page 4	"<div class=""txtsearchsnippet"">... פ&gt;נד"" הנהג‭,, ‬שנפצע בעורפו, הצליח להמשיך את דרכו עד <b class=""highlightcolor"">ביה""ח</b> ""הדסה"" בצפת ושם קיבל טיפול רפואי. המכונית נפגעת ב־7 ...</div>"
1309	ahr19471230-01.1.1	30 December 1947	ahr	Page 1	"<div class=""txtsearchsnippet"">נהרג ראש בנוע יה <b class=""highlightcolor"">בחיפה</b></div>"
1310	ahr19480114-01.1.1	14 January 1948	ahr	Page 1	"<div class=""txtsearchsnippet"">... כ־2 ק""מ אחרי בית־לחם, כשהיא שרופה, מכונית משוריינת של <b class=""highlightcolor"">ביה""ח</b> ""הדסה‭, _""‬שנצ־ טרפד. לפלוגת המחפשים — נוטרים מזויינים — ...</div>"
1311	ahr19481017-01.1.1	17 October 1948	ahr	Page 1	"<div class=""txtsearchsnippet"">... השיירות יופסקו. עד שעת הימסר הידיעה ע""י מטה אדם <b class=""highlightcolor"">בחיפה</b> לא נתקבלה תשובת המצרים.</div>"
1312	dav19360729-01.1.6	29 July 1936	dav	Page 6	"<div class=""txtsearchsnippet"">"" הערב ‭29. 7‬ -הסוחר מונציה <b class=""highlightcolor"">בחיפה</b> _גי. _יט ח' ‭30. 7‬ הסוחר מונציה' לתלמידים ) ...</div>"
1313	dav19300730-01.1.3	30 July 1930	dav	Page 3	"<div class=""txtsearchsnippet"">הישוב: בית החולים בת""א — לעירית ת""א, <b class=""highlightcolor"">ביה""ח</b> <b class=""highlightcolor"">בחיפה</b> — לעדת חיפה וכו י‭.. ‬ מובן, שההעברה ...</div>"
1314	dav19301112-01.1.3	12 November 1930	dav	Page 3	"<div class=""txtsearchsnippet"">... הפועלים מתנגדים להורדה. ומה דבר ט. פ. ת""א לפועל <b class=""highlightcolor"">ביה""ח</b> הנדון?ואם דעה אחת לפועלי בית ההדר שת ואחרת לט. ...</div>"
1315	dav19330126-01.1.3	26 January 1933	dav	Page 3	"<div class=""txtsearchsnippet"">... ממוצע פצויים של 150 לא""י לב הבר. אבן פיר <b class=""highlightcolor"">בחיפה</b> פעולת אבן סיר השנה התפתתה בעיקר בעקב התגברות תנועת ...</div>"
1316	dav19400110-01.1.5	10 January 1940	dav	Page 5	"<div class=""txtsearchsnippet"">בפני השופט הבריטי מר הובארד <b class=""highlightcolor"">בחיפה</b> נתגלתה פרשה של טרגדיה מחיי היהודים כפולין. י. וט. ...</div>"
1317	dav19390630-01.1.1	30 June 1939	dav	Page 1	"<div class=""txtsearchsnippet"">... 8‬מעפילים _נפןיעו. הנה הצבאי נהרנ. הפצועים תובאו אל ; <b class=""highlightcolor"">ביה""ח</b> "" י!ד6וז'י , <b class=""highlightcolor"">בחיפה‭?.</b> ‬־ _המעלילים הם ברובם מגולי ...</div>"
1318	dav19470708-01.1.3	8 July 1947	dav	Page 3	"<div class=""txtsearchsnippet"">ש1ב מקרה לבר <b class=""highlightcolor"">בחיפה</b></div>"
1319	haretz19300529-01.1.1	29 May 1930	haretz	Page 1	"<div class=""txtsearchsnippet"">... הקרדיטורים שנוכחו באספה הכללית ; שהתקיימה בבית המ^פס המחוזי <b class=""highlightcolor"">בחיפה</b> ביום שני לאשהיל שנת:‭1930‬ שאדותיה פורסם בעמוןהארץ"" "" ושההרדיטורים ...</div>"
1320	haretz19310122-01.1.4	22 January 1931	haretz	Page 4	"<div class=""txtsearchsnippet"">בהרו <b class=""highlightcolor"">בחיפה</b> מלון . הדר הכרמל"" טלפון ‭319 ‬ רטיות "" ...</div>"
1321	haretz19390726-01.1.6	26 July 1939	haretz	Page 6	"<div class=""txtsearchsnippet"">לישוב העברי <b class=""highlightcolor"">בחיפה!</b></div>"
1322	haretz19390519-01.1.7	19 May 1939	haretz	Page 7	"<div class=""txtsearchsnippet"">*י <b class=""highlightcolor"">בחיפה</b> נמוד בשמות הבגקר הראשונות עמדה חיפח חעברית על רבבות ...</div>"
1323	haretz19411111-01.1.4	11 November 1941	haretz	Page 4	"<div class=""txtsearchsnippet""><b class=""highlightcolor"">בחיפה</b></div>"
1324	haretz19430712-01.1.3	12 July 1943	haretz	Page 3	"<div class=""txtsearchsnippet"">... '!' "" י י ארגון מל מלי מלונות, מסעדות <b class=""highlightcolor"">בחיפה</b> והסביבה ובתי קפה ‭... ‬ מתכבד להודיע אקהא שהעסקים ...</div>"
1325	hbkr19390713-01.1.6	13 July 1939	hbkr	Page 6	"<div class=""txtsearchsnippet"">אתמול בשעת הצהרים נסתיים בפני ביה""ד הצבאי <b class=""highlightcolor"">בחיפה</b> משפטו של מוחמד מחמוד עבדול נאג'יב צלאח מצפת. שנאשם ...</div>"
1326	hmf19480312-01.1.8	12 March 1948	hmf	Page 8	"<div class=""txtsearchsnippet"">הפורעים שוב ניסו להתנכל לתחבורה העברית <b class=""highlightcolor"">בחיפה</b> ובאו על ענשם</div>"
1327	hmf19481224-01.1.6	24 December 1948	hmf	Page 6	"<div class=""txtsearchsnippet"">... פייזק. הפצוע י הועבר ע""י אמבולנמ: . של;מד""אל ל' <b class=""highlightcolor"">ביה""ח</b> ‭rap"", ‬־ ‭. "", ‬מצבו קשה. מכונית צבאית. נהוגה ...</div>"
1328	hbkr19470725-01.1.1	25 July 1947	hbkr	Page 1	"<div class=""txtsearchsnippet"">... אץ להניח ששתי האניות יפליגו באותו יום. נעשו ההכנות <b class=""highlightcolor"">בחיפה</b> — ולשוא עוד בשעות הבוקר נעשו כל הדכנוח עיי ...</div>"
1329	hbkr19470119-01.1.3	19 January 1947	hbkr	Page 3	"<div class=""txtsearchsnippet"">... . המנון"" דיזנגוף , ‭. 141 ‬ תפילות שבת <b class=""highlightcolor"">בחיפה</b> באו־מוך יום ששי ‭24. 1‬ מ""‭5. 10‬ בערב ביום ...</div>"
1330	hbkr19440223-01.1.4	23 February 1944	hbkr	Page 4	"<div class=""txtsearchsnippet"">... אורי לדרמן — ירחיב אלנבי ‭. 79 ‬ (ע""י <b class=""highlightcolor"">ביה""ח</b> הממשלתי). אברהם אטינגד •- רחוב הם ‭, 20 ‬ ...</div>"
1331	hbkr19411207-01.1.4	7 December 1941	hbkr	Page 4	"<div class=""txtsearchsnippet"">... לא""י. לפיכך הנכס נדרשים' בזה להוסיע בבית משפט השלום <b class=""highlightcolor"">בחיפה,</b> כדי להשיב על התביעה הנ""ל ביום ‭'22. 12. 41‬ ...</div>"
1332	hbkr19380407-01.1.6	7 April 1938	hbkr	Page 6	"<div class=""txtsearchsnippet"">... צבאי ר132 כדורים זוכח את־ מול עיי מר חובארד <b class=""highlightcolor"">בחיפה</b> משום שמא עמד לעזוב את הארץ באיתו יו* טען ...</div>"
1333	hmf19461024-01.1.4	24 October 1946	hmf	Page 4	"<div class=""txtsearchsnippet"">... , הנואם: ד""ד ש. יוניצ'מן. אסיפת עם של הצה""ר <b class=""highlightcolor"">בחיפה</b> ביום השבת‭, 26. 10. 46, ‬בשעה 11 לפנה""צ תיערך ...</div>"
1334	hmf19461007-01.1.4	7 October 1946	hmf	Page 4	"<div class=""txtsearchsnippet"">... יעקב, נפל אתמול מעגלה ושבר רגלו. הועבר לביה""ח רוטשילד <b class=""highlightcolor"">בחיפה.</b> השבת אבידה אבד פספורט ארצישראלי ע""ש חיה פליש־ מן ...</div>"
1335	hzh19410115-01.1.4	15 January 1941	hzh	Page 4	"<div class=""txtsearchsnippet"">""ב מה לעפ"" <b class=""highlightcolor"">בחיפה</b> וויכוח על השאלה ""מדוע אין הסתדרות עובדים אחת"" ייערךבאסיפת‭"". ...</div>"
1336	hzh19480929-01.1.4	29 September 1948	hzh	Page 4	"<div class=""txtsearchsnippet"">... ערב ראש־השנה יהיו המשרדים והמחסן בבית־הרושת . ־ ‭""""‬שמן"" <b class=""highlightcolor"">בחיפה</b> ובסניף תל־אביב ‭_^_bho S_*M4 «, «&amp;4»‬ סגורים. ו!כרתשטן‭, ""‬וויפזז ...</div>"
1337	hzh19470213-01.1.4	13 February 1947	hzh	Page 4	"<div class=""txtsearchsnippet"">... ‬ לפני שופט השילום 'מר:אבוגזאלה ? בגניבת 20 :לוחות‭&amp;_""‬ח-מ־ <b class=""highlightcolor"">ביה""ח</b> הצבאי שעל? י הר: הצופים. : י י .</div>"
1338	yarden19340927-01.1.1	27 September 1934	yarden	Page 1	"<div class=""txtsearchsnippet"">טירור של עונד שלשת החצים <b class=""highlightcolor"">בחיפה</b></div>"
1339	hazmantlv19440501-01.1.2	1 May 1944	hazmantlv	Page 2	"<div class=""txtsearchsnippet"">... של מגד״א הועבר לקו״ח ולאחר עזרה ראשונה הועבר אל <b class=""highlightcolor"">ביה״ח</b> רוטשילד <b class=""highlightcolor"">בחיפה.</b> יצא לחופשה סגן מושל חיפה והמחוז מר ...</div>"
1340	hashaah19390725-01.1.2	25 July 1939	hashaah	Page 2	"<div class=""txtsearchsnippet"">לישוב העברי <b class=""highlightcolor"">בחיפה!</b></div>"
1341	ahr19470209-01.1.2	9 February 1947	ahr	Page 2	"<div class=""txtsearchsnippet"">... מועמדים. את רשות הדיבור מקבל, העובד הותיק ביותר, ממנהלי <b class=""highlightcolor"">ביה""ח,</b> המהנדס א. ג. צ'אלביאן בלתי־ מפלגתי. להלן — נאומו: ...</div>"
1342	dav19461120-01.1.5	20 November 1946	dav	Page 5	"<div class=""txtsearchsnippet"">... חסתי העובדים הלאומית, מורכבת בעיקי מפועלי _יהלוגיפ בת""א. בעלי <b class=""highlightcolor"">ביה""ח</b> השאירו בעבורה רק את העובדים בנקיון וכל היתר עזבו ...</div>"
1343	haretz19460709-01.1.3	9 July 1946	haretz	Page 3	"<div class=""txtsearchsnippet"">... תחנית הגביר. המאוחדת מ־‭—8 ‬ ‭10‬ לפנה""צ. ‭. 3‬ <b class=""highlightcolor"">ביה""ח</b> העירוני ובית הבריאות מ־‭2 — 12‬ אחה""צ. ‭. 4‬ ...</div>"
1344	hmf19470629-01.1.4	29 June 1947	hmf	Page 4	"<div class=""txtsearchsnippet"">... פצוץ אבנים ברח' החלוץ, מת ביום ו' בביה""ח ""רוטשילד"" <b class=""highlightcolor"">בחיפה.</b> נגד החינגה בדליה בהתאם להחלטת הרבנים הראשיים בא""י הוקרא ...</div>"
1345	hbkr19461125-01.1.3	25 November 1946	hbkr	Page 3	"<div class=""txtsearchsnippet"">... ^ יום די ‭4. 12‬ ב־9 ב""ארמוף הצנת בכורה <b class=""highlightcolor"">בחיפה</b> י‭5 '12 _!11 ?1‬ ברמתיים ' חתחלת ההצגות הרגילות ...</div>"
1346	hzh19480504-01.1.3	4 May 1948	hzh	Page 3	"<div class=""txtsearchsnippet"">... פי‭(. ‬ מקורות רשמיים אומדים את מספר הערבים שנותרו <b class=""highlightcolor"">בחיפה</b> ב־5 אלפים, מתוך האוכלוסיה של 70 אלף ערבים שהיו ...</div>"
1347	ahr19470815-01.1.5	15 August 1947	ahr	Page 5	"<div class=""txtsearchsnippet"">ה ש ‭[ a‬ ש ל ך <b class=""highlightcolor"">בחיפה</b> _זילביגר חיפה. _רח»ב ‭44 13?‬ ו י</div>"
1348	ahr19481010-01.1.2	10 October 1948	ahr	Page 2	"<div class=""txtsearchsnippet"">_בית־ספר לפקידות נ_0_חו1 <b class=""highlightcolor"">בחיפה</b> / מאת דב שובד</div>"
1349	haretz19480105-01.1.3	5 January 1948	haretz	Page 3	"<div class=""txtsearchsnippet"">... אוסיש־ קין — הקהק""ל — בבית הספר האגגלי לנערות. <b class=""highlightcolor"">בחיפה</b> אפ ניתנת לן ארכה—אל תחמיצנה ,, לבטדוו! העם "" ...</div>"
1350	ahr19470313-01.1.4	13 March 1947	ahr	Page 4	"<div class=""txtsearchsnippet"">... השומר הצעיר, המחלקה _לכיכלה ומשק וקרן השיה""צ יש לפנות: <b class=""highlightcolor"">בחיפה,</b> משרד הקוו רה' חנמל ‭, 55‬ טל‭, 2228. ‬ת. ...</div>"
1351	ahr19461216-01.1.3	16 December 1946	ahr	Page 3	"<div class=""txtsearchsnippet"">... הסוכנות ביררשלים: מ• םדגד רחוב אגריפם ‭, 165‬טל‭5651?‬ הסוכנות <b class=""highlightcolor"">בחיפה:</b> י . הלו י , רחוב הנפל ‭. 39‬טל‭83. ...</div>"
1352	ahr19470908-01.1.3	8 September 1947	ahr	Page 3	"<div class=""txtsearchsnippet"">... באגיה ""קדמה"" הם גרמרי ביה""ס הימי שליד הטכניון העברי <b class=""highlightcolor"">בחיפה.</b> הם מקבלים הכשרה מיו־ חדת _בקצינות, בהנדסה ימית ובמקצוע ...</div>"
1353	ahr19441019-01.1.3	19 October 1944	ahr	Page 3	"<div class=""txtsearchsnippet"">... שעה 12 בצהרים. י. רוקח יו""ר הועד המנהל של <b class=""highlightcolor"">בי'ה""ח</b> העירוני ""הדסה"" א' _חשון תש־'ה ‭18. 10. 44 ‬</div>"
1354	ahr19471225-01.1.3	25 December 1947	ahr	Page 3	"<div class=""txtsearchsnippet"">... 17‬טלפון ‭. 5655, 2126‬שעות הקבלה: ‭1—y‬ לפנה""צ‭30—x. ‬צ אהה''צ <b class=""highlightcolor"">בחיפה:</b> בכל יום ב' בתנובה, שוק תלפיות. טלפונים ‭71-3‬_צ4 כין ...</div>"
1355	ahr19471205-01.1.1	5 December 1947	ahr	Page 1	"<div class=""txtsearchsnippet"">... היחס לערביט. | דיון בענייגי בטחון יושב־ראש וועו הקהילה <b class=""highlightcolor"">בחיפה</b> ויו־ שב־ראש וועד הדר הכרנ?ל נפגשו היום עם מפקד ...</div>"
1356	ahr19450525-01.1.8	25 May 1945	ahr	Page 8	"<div class=""txtsearchsnippet"">... מאשתקד‭). ‬תוספת משפחתית, ביטול הגבייה באחוזים, העלאת שבר פועלות <b class=""highlightcolor"">ביה""ח,</b> דרגה מקצועית למהנדסים, מתן קביערת והסדר שעות העבודה של ...</div>"
1357	dav19370329-01.1.5	29 March 1937	dav	Page 5	"<div class=""txtsearchsnippet"">... קב9י תנחומינו באבלך ז על מות ‭1 8325‬ עובדי <b class=""highlightcolor"">ביה''ח</b> המרכזי בעמ ‭* ...... _... _? ‬</div>"
1358	dav19351117-01.1.3	17 November 1935	dav	Page 3	"<div class=""txtsearchsnippet"">... העבודות בבנינים אלה לא הוסיפן כבור י לצבוד היהודי <b class=""highlightcolor"">בחיפה,</b> כי אי: להעלים את _חכשלונות ואת המריבות. אבל תוצאת ...</div>"
1359	dav19350923-01.1.6	23 September 1935	dav	Page 6	"<div class=""txtsearchsnippet"">... א ר שימסר לא יאוחר מיום ג‭24, ‬ לספטמבר <b class=""highlightcolor"">בחיפה</b> עד שעה ‭1. 10‬ אחה""_ג בירושלים עד יטעה ‭7. ...</div>"
1360	dav19301119-01.1.4	19 November 1930	dav	Page 4	"<div class=""txtsearchsnippet"">... עדן"" יום עבודה ‭2. 490‬ לא""י, מזמינים יאה פועלי <b class=""highlightcolor"">ביה""ח</b> למרצפות _שיינזון והמומיות. ת ק ו ן טעויות;בפרסום של ...</div>"
1361	dav19310622-01.1.1	22 June 1931	dav	Page 1	"<div class=""txtsearchsnippet"">... את הפעולות שנעשו עד עתה באר-גו-ן הקחלות נערים העיקריות. <b class=""highlightcolor"">בחיפה</b> ובירושלים התחילו בבר בהבנות לבחירות ומקוים שבקרוב תצאנה לפועל. ...</div>"
1362	dav19321016-01.1.4	16 October 1932	dav	Page 4	"<div class=""txtsearchsnippet"">... הפעם ירד מספרם לעומת יוט ח' בדבע בעדך‭-. ‬על <b class=""highlightcolor"">ביהח</b> ''ד ־שטר _טשטר חזק ־של שוטרים _גדיטיים. טפירי השביחה ...</div>"
1363	dav19400320-01.1.5	20 March 1940	dav	Page 5	"<div class=""txtsearchsnippet"">‭. ?:‬••גית מש&amp;ט השלום <b class=""highlightcolor"">בחיפה</b> -י ;תיק אזרתי. טס י ‭? : ;: _, ...</div>"
1364	dav19390426-01.1.3	26 April 1939	dav	Page 3	"<div class=""txtsearchsnippet"">אחרי תה הנוטרים <b class=""highlightcolor"">בחיפה</b></div>"
1365	dav19400927-01.1.5	27 September 1940	dav	Page 5	"<div class=""txtsearchsnippet"">... נוחים. אד ורק אצל ‭\, ‬ ח ב‭, ""‬ <b class=""highlightcolor"">ביהח""</b> הראשח בא-יו לבגדי עבודה. דיך יפו-תל-אכינ 23</div>"
1366	dhy19310706-01.1.4	6 July 1931	dhy	Page 4	"<div class=""txtsearchsnippet"">... יהיה תלוי במספיקי הבהמות מהו""ל. המלחמה במחלות המדבקות הנהלת <b class=""highlightcolor"">ביה""ח</b> העירוני קבלה דרישה מאח משרד הבריאות הממשלתי להעביר לבית ...</div>"
1367	dhy19310422-01.1.4	22 April 1931	dhy	Page 4	"<div class=""txtsearchsnippet"">... 15‬ תתקיים אספת חברי הס־ כיף באוצם חחרצאות שצ <b class=""highlightcolor"">ביה""ח</b> ""הדסה‭. ""‬עצ סדר היום: א) •הרצאת הד יי ר ...</div>"
1368	dhy19310901-01.1.4	1 September 1931	dhy	Page 4	"<div class=""txtsearchsnippet"">... הדםה, ב""ב הועד הלאומי וב""כ קהלת חיפה שלפיו עובר <b class=""highlightcolor"">ביה""ח</b> לרשות ועד חקחאח מן חראשון לאוקטובר יחד עם המרפאה. ...</div>"
1369	dhy19350603-01.1.1	3 June 1935	dhy	Page 1	"<div class=""txtsearchsnippet"">התאחדות בעלי הבתים <b class=""highlightcolor"">בחיפה</b> ך 2 מברכת את חברה וחבר עירית חיפה 5 ...</div>"
1370	dhy19321127-01.1.4	27 November 1932	dhy	Page 4	"<div class=""txtsearchsnippet"">... הקהלה __ לנשיא נ . סוקולזב ועד הקהאה העירית <b class=""highlightcolor"">בחיפה</b> שאה ביום ששי צנשיא ההסדתרות הציונית — מר םוקואוב ...</div>"
1371	haretz19320513-01.1.1	13 May 1932	haretz	Page 1	"<div class=""txtsearchsnippet"">‭^^^^^^^^^^^^^^^^^ ‬ . הכרזה? למשרת רופא מנהל־ <b class=""highlightcolor"">ביה־ח</b> ומחלסה. כירורגית (רצוי גם סחלסה גנקולוגית) ו? המשרה דזיא ...</div>"
1372	haretz19350605-01.1.7	5 June 1935	haretz	Page 7	"<div class=""txtsearchsnippet"">(מאת סופרנו <b class=""highlightcolor"">בחיפה)</b> אחד ממפעאי החדושת ־;רואים והחשובים ביותר, שהוקמו בשנח האח־ ...</div>"
1373	haretz19340902-01.1.1	2 September 1934	haretz	Page 1	"<div class=""txtsearchsnippet"">בחזית העבודה העברית <b class=""highlightcolor"">בחיפה</b></div>"
1374	haretz19370512-01.1.7	12 May 1937	haretz	Page 7	"<div class=""txtsearchsnippet"">... חג חחכתרה מודיעה הנהלת ביח""חהרסה"" בתל אביב, "" שמרפאות <b class=""highlightcolor"">ביה""ח</b> ־היו סגורות במשך כי י היום. -*- היום ? ...</div>"
1375	haretz19400319-01.1.4	19 March 1940	haretz	Page 4	"<div class=""txtsearchsnippet"">... להודיע לקהל הנבגד שהיום נפחחת חנותי לםכירח שוקולד וסוכריות <b class=""highlightcolor"">בחיפה?</b> רה' המלכים ט־י הדואר הראשי ‭' - ... ‬ ...</div>"
1376	haretz19401001-01.1.4	1 October 1940	haretz	Page 4	"<div class=""txtsearchsnippet"">... ' . ‬ הצופים מטלאים תפקידים מקשרים מטעם היהלת <b class=""highlightcolor"">ביה""ח</b> העירוני , עוזרים לאחיות ולכנ י טרי ם, ?ומשתדלים ...</div>"
1377	haretz19420914-01.1.3	14 September 1942	haretz	Page 3	"<div class=""txtsearchsnippet"">... העי ""פות ‭I ד115ש^~ ‬ § לבת• החולים הדסה <b class=""highlightcolor"">!ביה""ח</b> האנגלי א|ן&gt; I ‭, |‬ קניה מכירה ותקרן ש? ...</div>"
1378	haretz19450703-01.1.4	3 July 1945	haretz	Page 4	"<div class=""txtsearchsnippet"">... ‬ תל־אביב, רחוב הרצל ‭, 16‬ סלפ. ‭2448 ‬ <b class=""highlightcolor"">בחיפה</b> אפשר לפנות: רח' יפו ק, כ — סוכנים דצוייס ...</div>"
1379	hbkr19351120-01.1.6	20 November 1935	hbkr	Page 6	"<div class=""txtsearchsnippet"">... ורשבסקי, טלפון ‭, 113‬ ת. ד. ‭624 ‬ סוכנים <b class=""highlightcolor"">בחיפה</b> ותל-אביב.</div>"
1380	hbkr19400707-01.1.4	7 July 1940	hbkr	Page 4	"<div class=""txtsearchsnippet"">נישפחת טופלזון. הגרה ברהוב הרצל <b class=""highlightcolor"">בחיפה,</b> הודיעה לתחנת ?המשטרה בהדר הכרמל על העלמה של קוססאת ...</div>"
1381	hmf19390720-01.1.4	20 July 1939	hmf	Page 4	"<div class=""txtsearchsnippet"">... מהמים בלי רוח חיים. הילדים תעבת ליית־התלים "" הדסה"" <b class=""highlightcolor"">בחיפה,</b> אולם כל. המאמצים להצילם עלו בתוהו. לכשתדיע הרופא לאם ...</div>"
1382	hmf19400225-01.1.4	25 February 1940	hmf	Page 4	"<div class=""txtsearchsnippet"">... טלפון ‭. 1838‬ י מסשנתי ‭:, ‬ בקרוב יתחיל <b class=""highlightcolor"">בחיפה</b> המפעל ‭_^ ?‬ הגדול 'של מם השנתי 1 ־כהשתתפ ...</div>"
1383	hmf19430408-01.1.3	8 April 1943	hmf	Page 3	"<div class=""txtsearchsnippet"">... ז""י. ביום ב' ‭(5. 4. 43)‬ היה בבית הקברות <b class=""highlightcolor"">בחיפה</b> גלוי מצבתו של ח. א. קרופניק ז""ל, מי שהיה ...</div>"
1384	hmf19451017-01.1.4	17 October 1945	hmf	Page 4	"<div class=""txtsearchsnippet"">... שנפלט מרובהו של נוטר אחר. הפצוע נלקח לביה""ח הממשלתי <b class=""highlightcolor"">בחיפה.</b> הפסיק שביתת־הרעב מד קארל הילב, שהכריז שביתת שבת ושביתת ...</div>"
1385	hmf19480102-01.1.7	2 January 1948	hmf	Page 7	"<div class=""txtsearchsnippet"">... קבוצת חיילים ערכה אתמול ב־3 אחה""צ חיפוש פתאומי ליד <b class=""highlightcolor"">ביה""ח</b> ""עלית‭. ""‬נעצרו כל המכוניות ונערך בהן חיפוש קפדני. באחת ...</div>"
1386	hmf19480120-01.1.1	20 January 1948	hmf	Page 1	"<div class=""txtsearchsnippet"">... בת ‭—56‬נהרגה מיריות צלפים בירושלים‭.. ‬ חנן פלאק, נרצח <b class=""highlightcolor"">בחיפה</b> ע""י חיילי הלגיון הערבי.</div>"
1387	hmf19481217-01.1.5	17 December 1948	hmf	Page 5	"<div class=""txtsearchsnippet"">... תיערך ברעננה אספת־עולים הדשים. המרצה: שלמה קור. פגישת חברים <b class=""highlightcolor"">בחיפה</b> ביזם ראשון תתקיים <b class=""highlightcolor"">בחיפה</b> פגישת חב־ רים בהשתתפות הח' ...</div>"
1388	hmf19481212-01.1.1	12 December 1948	hmf	Page 1	"<div class=""txtsearchsnippet"">... אפלבוים _לל _: סבוהים להודיע על הולדת הבכור ר""א, <b class=""highlightcolor"">ביה""ח</b> ""הדסה‭, ""‬ ט' בכסלו תשייט.</div>"
1389	hbkr19451031-01.1.1	31 October 1945	hbkr	Page 1	"<div class=""txtsearchsnippet"">... שולמית ואריה דיסנצ יק שפרה וד ר יהושע דרליץ־ <b class=""highlightcolor"">ביה־ח</b> .. עין גדי''• ת""א</div>"
1390	hbkr19380324-01.1.1	24 March 1938	hbkr	Page 1	"<div class=""txtsearchsnippet"">שייש־ ימיט עזב את <b class=""highlightcolor"">ביה''ח.</b> נתן ז""יבר־ שט־ין, שקבי' ש:־ רטיטי פצעה בבט:', צעק ...</div>"
1391	hbkr19380222-01.1.3	22 February 1938	hbkr	Page 3	"<div class=""txtsearchsnippet"">... ומר צ'יז'יק ורעיתו ואו־ ל־ש־נסקי מהנהלת הקולנוע ,. ארמץ"" <b class=""highlightcolor"">בחיפה</b> ומנהל מלץ . סן רימו"" בתל אביב. בשם העתונות ...</div>"
1392	hbkr19381024-01.1.5	24 October 1938	hbkr	Page 5	"<div class=""txtsearchsnippet"">... 1337 ‬ ! ביים ו' בשבוע. במשרד המשבר המרכזי <b class=""highlightcolor"">בחיפה.</b> רח' אלנבי? טלפון I ‭, 569 _ |‬ בשעות ...</div>"
1393	hmf19460515-01.1.4	15 May 1946	hmf	Page 4	"<div class=""txtsearchsnippet"">פרס רופין של חיפה מטעם ועד הקהלה <b class=""highlightcolor"">בחיפה</b> וועד הדר הכרמל יחולקו השנה שלושה פרסים על שם ...</div>"
1394	hmf19460612-01.1.4	12 June 1946	hmf	Page 4	"<div class=""txtsearchsnippet"">... רשמי. נדרם ומת ביום ב' בשעה 8 בבוקר נדרס <b class=""highlightcolor"">בחיפה</b> ונפצע קשה יעקב גורטוק. הוא הועבר לבית החולים ‭, ...</div>"
1395	hmf19460904-01.1.3	4 September 1946	hmf	Page 3	"<div class=""txtsearchsnippet"">... של * אנדרה ליבון‭, ""‬ אך המעשה כולו _דאמ_^ובר. <b class=""highlightcolor"">בחיפה</b> מודיעים עליהם שהם ' עולים בלתי ליגאאים, ולאחר חקירה ...</div>"
1396	hmf19390709-01.1.4	9 July 1939	hmf	Page 4	"<div class=""txtsearchsnippet"">... חיים נחמן תאאק ז""ל התקיים אתמול _בדמת־גן‭., ‬ ע""י <b class=""highlightcolor"">ביה""ח</b> ""החלמה‭/'‬ המקום החביב לטיולים של המשורר הגדול. נאמו יו""ר ...</div>"
1397	hmf19390716-01.1.4	16 July 1939	hmf	Page 4	"<div class=""txtsearchsnippet"">... בינתיים נמשך המשא ""המתן בין; המפא""י עם יתר 3 <b class=""highlightcolor"">ביה""ח</b> י לקארטינאז/ אנשי המפאי"" מנסים להשפיע עלי'הפ שיפסיקו לספק ...</div>"
1398	hmf19421013-01.1.3	13 October 1942	hmf	Page 3	"<div class=""txtsearchsnippet"">... ההצי־שנתי של הקהילה ב־1 באפריל ‭. 1943‬ הודות לבנין <b class=""highlightcolor"">ביה""ח</b> חחדש נמנעה התפשטות מניפת הטיפוס <b class=""highlightcolor"">בחיפה</b> ה' בוניאק הודיע ...</div>"
1399	hmf19410508-01.1.4	8 May 1941	hmf	Page 4	"<div class=""txtsearchsnippet"">... לרשותה את בנין ביה""ס ויצ""ו בסביבות העיר לשם פתיחת <b class=""highlightcolor"">ביה""ח</b> לשעת מרום. עם קבלת בית זה יעמ־ דו לרשות ...</div>"
1400	hzh19431010-01.1.2	10 October 1943	hzh	Page 2	"<div class=""txtsearchsnippet"">... העירייה , מועצת , וועד שרות הנקיון, וועד !עובדי <b class=""highlightcolor"">ביה""ח</b> הד־ 'סה, וועד ההנדסה, וועד 'עובדי ;שרות בתי הספר‭.. ...</div>"
1401	hzh19460221-01.1.4	21 February 1946	hzh	Page 4	"<div class=""txtsearchsnippet"">... ; הרודג ורובי ־ביד: משה בן צירן דל שנלב""ע <b class=""highlightcolor"">בחיפה</b> ביום י""ט אדר א' והובא למנוחת עולמים בהר. הזיתים ...</div>"
1402	hzh19440426-01.1.4	26 April 1944	hzh	Page 4	"<div class=""txtsearchsnippet"">... ירי _יצחל!טורץ שליט""א י רב דבודיג ילים ויחבר 'הרבנות <b class=""highlightcolor"">בחיפה</b> לאריושי בתי תחי' עם בי'ג העילוי תמםורםט הרה""ג אברהם ...</div>"
1403	omer19400318-01.1.5	18 March 1940	omer	Page 5	"<div class=""txtsearchsnippet"">... —קדית ספר"" רח חס?ד ג'ורג/ פנת "" רח' יפו; <b class=""highlightcolor"">בחיפה:</b> ""עיךחקורא'/ רח' חדצ? ‭, 22‬ חדר חברמ?.</div>"
1404	hazmantlv19431111-01.1.3	11 November 1943	hazmantlv	Page 3	"<div class=""txtsearchsnippet"">... הושמט מידם של אחינו הספרדים שלטונם על עניני הקהילה <b class=""highlightcolor"">בחיפה</b> בהדרגה טבעית שאין מסנה מנוס ומפלט. ברם, התקיפים לשעבר ...</div>"
1405	dav19450429-01.1.2	29 April 1945	dav	Page 2	"<div class=""txtsearchsnippet"">... הפעולה הרפואית בקופ""ח קיבלו את השתלמותם להכנתם בין כתלי <b class=""highlightcolor"">ביה""ח</b> ומסעייניו ינקו תורה עיונית ומעשיה. תכנית הביין היא פרי ...</div>"
1406	dav19420818-01.1.4	18 August 1942	dav	Page 4	"<div class=""txtsearchsnippet"">... לו. ראויה לציון התפתחותו העצומה של מפעל האחים ירושלמי. <b class=""highlightcolor"">ביה""ח</b> ""לוחי&lt;־"" יעבוד, אחרי הפסקת הקיץ הר־ גילה, בשלוש משמרות. ...</div>"
1407	haretz19470701-01.1.3	1 July 1947	haretz	Page 3	"<div class=""txtsearchsnippet"">... יופ ה' ‭10. 7‬ הצגת בכורה ב־9 ב. ארמון"" <b class=""highlightcolor"">בחיפה</b> התחלת ההצגות הרגילות ב־מ*8 בערב. ץקך ^ ו , ...</div>"
1408	ahr19480204-01.1.4	4 February 1948	ahr	Page 4	"<div class=""txtsearchsnippet"">ה "" הפוגה"" <b class=""highlightcolor"">בחיפה</b> לא האדיבה י_0_ים</div>"
1409	ahr19480521-01.1.5	21 May 1948	ahr	Page 5	"<div class=""txtsearchsnippet"">... נייניהם של הפקידים היומיים. בעיריית חיפה כל הפקידים היהודיים <b class=""highlightcolor"">בחיפה</b> נשארו במשרותיהם. כן י . ממשיכים בעבודתם 25 פקידים ...</div>"
1410	ahr19470505-01.1.4	5 May 1947	ahr	Page 4	"<div class=""txtsearchsnippet"">... המי טלפון ם והחשמל . סמוך . במרכז הדואר <b class=""highlightcolor"">בחיפה</b> ני תנה אזהרה שווא בשמונה בע רב, ביישך שעה ...</div>"
1411	ahr19460317-01.1.4	17 March 1946	ahr	Page 4	"<div class=""txtsearchsnippet"">... מד""א חיפה. מירושלים יצא אמבולאנס לטבריה עם חגבורת בשביל <b class=""highlightcolor"">ביה""ח</b> ע""ש שוויצר. מכפר גלעדי — י צא אמבולאנס לצפת. ...</div>"
1412	ahr19440802-01.1.4	2 August 1944	ahr	Page 4	"<div class=""txtsearchsnippet"">... —‬ בירושלים (חולקו ‭30. 000‬ כרטיסים‭— 50, 000, (‬ <b class=""highlightcolor"">בחיפה</b> ‭— 105, 000, (40, 000)‬ בתל־אביב ויפו ‭1, 500, ...</div>"
1413	dav19340914-01.1.8	14 September 1934	dav	Page 8	"<div class=""txtsearchsnippet"">... 1 גד?במעט או גדל דק במידה זע. טח מאוד. <b class=""highlightcolor"">בחיפה</b> ובבל צפון ח א ך ץ (חוץ ממספר מטות ...</div>"
1414	dav19400109-01.1.5	9 January 1940	dav	Page 5	"<div class=""txtsearchsnippet"">... ‬ נניה _טי!‭; ""‬ ר שעועי _ה־טחת ווי‭1 :""_^‬ <b class=""highlightcolor"">בחיפה</b> ‭""?‬ י‭: . ? . _? ??"" _- ""?‬ ...</div>"
1415	dav19480418-01.1.3	18 April 1948	dav	Page 3	"<div class=""txtsearchsnippet"">... להתיעצויות בעניני בנין, כבישים, מים, ביבו וכוי. המשרד נמצא <b class=""highlightcolor"">בחיפה.</b> ברחי _מלציט מס ‭, 14‬טלפ. מסי ‭. 3347‬ימ‭. (‬ ...</div>"
1416	haretz19311227-01.1.4	27 December 1931	haretz	Page 4	"<div class=""txtsearchsnippet"">I משרד ההוצאה לפועל <b class=""highlightcolor"">בחיפה</b> , תיק מס' ‭3993־31 ‬ ן התובע: מר אייזיק ...</div>"
1417	hmf19470826-01.1.4	26 August 1947	hmf	Page 4	"<div class=""txtsearchsnippet"">באסיפת המחאה <b class=""highlightcolor"">בחיפה:</b></div>"
1418	hmf19470520-01.1.3	20 May 1947	hmf	Page 3	"<div class=""txtsearchsnippet"">... יום ה' ‭"" 22. 5‬ יעקובובסקי והקולונל"" ב־9 ""ארמון"" <b class=""highlightcolor"">בחיפה</b></div>"
1419	hmf19480526-01.1.4	26 May 1948	hmf	Page 4	"<div class=""txtsearchsnippet"">... י על• החלפת כרטיםי־ההתיצבות של בני ה־17 ־- 25 <b class=""highlightcolor"">בחיפה</b> מודיעים בזה לתושבי היפה מבני ה־‭25--17‬ בעלי כדטיסי־ההתייצבות שמכל ...</div>"
1420	hmf19481031-01.1.4	31 October 1948	hmf	Page 4	"<div class=""txtsearchsnippet"">... של צלם או""מ נגנבה מבנין ; מטהאו""מ ברח' המלכים <b class=""highlightcolor"">בחיפה.</b> שווי המצלמה 150 ל""י. נפתתה , מסעדת היילים שניה ...</div>"
1421	hmf19480816-01.1.1	16 August 1948	hmf	Page 1	"<div class=""txtsearchsnippet"">... _מנחם־אב ‭(19. 8. 48)‬ בשעה 5 אחה""צ בבית הקברות <b class=""highlightcolor"">בחיפה</b> אוטובוסים מיוחדים יצאו בשעח ‭4. 45‬ אחר חצחרים מרחוב ...</div>"
1422	hbkr19401111-01.1.3	11 November 1940	hbkr	Page 3	"<div class=""txtsearchsnippet"">... רב של אנשים בכל חלקי האימפריה־. פתיחת עונת התזמורת <b class=""highlightcolor"">בחיפה</b> בטעות נדפס בעתוננו אתמול כי מות טולוק נובחה בקונצרט־הפתיהד, ...</div>"
1423	hbkr19451220-01.1.4	20 December 1945	hbkr	Page 4	"<div class=""txtsearchsnippet"">... לנריאוחו. , הפועל הערבי' עתון יומי ארגון הפועלים הערבי <b class=""highlightcolor"">בחיפה</b> קבל רשיון להוצאת עתין יומי בערבית בשס ‭.. ‬הפועל ...</div>"
1424	hbkr19451023-01.1.4	23 October 1945	hbkr	Page 4	"<div class=""txtsearchsnippet"">... המנוח שהיה בו ‭45‬ בכוהו היד מראשוני פועלי הבנץ <b class=""highlightcolor"">בחיפה</b> ועלה ארצה לפני ‭25‬ שנה. הניח אחריו אשד- בן ...</div>"
1425	hbkr19410911-01.1.3	11 September 1941	hbkr	Page 3	"<div class=""txtsearchsnippet"">... חפשית. על מה מברכים את סולל בונה שלשום נתכנסה <b class=""highlightcolor"">בחיפה</b> האספה הכללית של פועלי ""סולל בונה"" בהשתתפות באי־כח אגודת ...</div>"
1426	hbkr19380626-01.1.6	26 June 1938	hbkr	Page 6	"<div class=""txtsearchsnippet"">... הפרוש' דיר בנימין אקצין וכר צבי בונפלד שעפדד. להערך <b class=""highlightcolor"">בחיפה</b> נדחתה ליום השני ו־נ. ‭. 2ד. 6 ‬ שעד, ...</div>"
1427	hzh19480527-01.1.4	27 May 1948	hzh	Page 4	"<div class=""txtsearchsnippet"">... 5 וירודה מישקרבסקי הבןהבכור ‭S |‬ לאםולבןטלום ‭» %‬ <b class=""highlightcolor"">ביה""ח</b> אסותא ת""א י""ז אייר תש""ח ‭_S 26. 5. 48 ...</div>"
1428	ahr19470303-01.1.1	3 March 1947	ahr	Page 1	"<div class=""txtsearchsnippet"">... 6 קצינים, שני חיילים, 2 שוטרים‭6, ‬ עובדי נאפ""י. <b class=""highlightcolor"">בחיפה</b> נהרגו‭3;‬ שוטר‭! ,, ‬ צבאיים ו־2 אחרים נפצעו. בקריית־ ...</div>"
1429	dav19370426-01.1.3	26 April 1937	dav	Page 3	"<div class=""txtsearchsnippet"">... יופחת והבנדרולה תיקבע לפי מחיר הסערות ולא לפי משקלן. <b class=""highlightcolor"">ביה""ח</b> של האחים דא האז מעסיק כ־20 עובדים ועובדות, שלמדו ...</div>"
1430	haretz19360728-01.1.5	28 July 1936	haretz	Page 5	"<div class=""txtsearchsnippet"">... עד עתה רופא בבית־ החולים הממשלתי ביפו. עם פתיחת <b class=""highlightcolor"">ביה""ח</b> הנ""ל יועברו כל: ההו־־ם במדידות מדבקות, מתדםה"" ""</div>"
1431	yomyom19480725-01.1.3	25 July 1948	yomyom	Page 3	"<div class=""txtsearchsnippet"">... אחרי דיון עם הנהלת החברה בלונדון, להקציב לטכניון העברי <b class=""highlightcolor"">בחיפה</b> תרומה בסך 900 לא״י לתקופה של 3 שנים (3 ...</div>"
1432	yomyom19480725-01.1.7	25 July 1948	yomyom	Page 7	"<div class=""txtsearchsnippet"">... אחרי דיון עם הנהלת החברה בלונדון, להקציב לטכניון העברי <b class=""highlightcolor"">בחיפה</b> תרומה בסך 900 לא״י לתקופה של 3 שנים (3 ...</div>"
1433	baderech19331124-01.1.1	24 November 1933	baderech	Page 1	"<div class=""txtsearchsnippet"">... _ I ! — בבין, ״׳..!,1 ו!וושמ/ ש/ רימ״""-ג <b class=""highlightcolor"">בחיפה</b> פרצה בערה גדולה שגרמה לחיית!!, העולות לכדי 3.000 לא״י. ...</div>"
1434	ahr19440121-01.1.7	21 January 1944	ahr	Page 7	"<div class=""txtsearchsnippet"">... עמוקים הננו מברכים את הרופאים והאחיות ממחלקת הילדים של <b class=""highlightcolor"">ביה""ח</b> המרכזי בעפולה, להצלת חיי בתנו בתיה קיבוץ מזרע</div>"
1435	dav19350519-01.1.31	19 May 1935	dav	Page 31	"<div class=""txtsearchsnippet"">... הרכבת וב""כ הפועלים ממקומות העיורה השונים בארז שהתקיימה אמש <b class=""highlightcolor"">בחיפה</b> הוחלט בי] ה'עאר;־ לפנות _בנקשה לנציב העליז;שיקבל טשלחת של ...</div>"
1436	dav19350620-01.1.4	20 June 1935	dav	Page 4	"<div class=""txtsearchsnippet"">... כל החברים מתבקשים להודיע מיד את כתבותיהם המדויקות לחתוםמטה <b class=""highlightcolor"">בחיפה</b> תיבת־דואר 137 י‭!_£‬ו1 £ל1כ‭. _0‬גאל‭?_0‬ ק כפל־עםה, ט*ו פיון, ...</div>"
1437	dav19320808-01.1.4	8 August 1932	dav	Page 4	"<div class=""txtsearchsnippet"">... תודתי הנני מביע _לדופא קו""ח ד""ר ־ ‭0_^‬ר ולרופא <b class=""highlightcolor"">ביה""ח</b> הממשלתי ד""ר דבאח, ולאחיות לחמניות, בעד התמסריתם להצילני טצ8דיני ...</div>"
1438	dav19311016-01.1.6	16 October 1931	dav	Page 6	"<div class=""txtsearchsnippet"">... סן ג'ורגי 18 (בלרך למאה שערים) ‭|:‬ • מול <b class=""highlightcolor"">ביה""ח</b> האיטל קי ‭? //( . ‬ השעות ‭12-9‬ לפה""צ ...</div>"
1439	dav19330505-01.1.5	5 May 1933	dav	Page 5	"<div class=""txtsearchsnippet"">... ""‬ל י בו נ ט י 1 התפטר טהנ•הלת <b class=""highlightcolor"">ביהח‭/'‬־</b> העירוני ‭"",, ‬הדםח‭. ""‬הוא נשאר מנהל ז?מחלקה הפנימית ויקבל ...</div>"
1440	dav19340817-01.1.5	17 August 1934	dav	Page 5	"<div class=""txtsearchsnippet"">... י כ ם _• !הפועלים וההנהלה 1 ן של <b class=""highlightcolor"">ביה'ח</b> למרצפות ‭1 /‬ -הכרמל"" 3</div>"
1441	dav19301223-01.1.4	23 December 1930	dav	Page 4	"<div class=""txtsearchsnippet""><b class=""highlightcolor"">ביהח</b> ר למצות. — ב־9 בקלוב מ2א""י טטעם חברי הארגון ...</div>"
1442	dav19321028-01.1.5	28 October 1932	dav	Page 5	"<div class=""txtsearchsnippet"">... _^ _^ | ) |‬ •‭(!&gt;‬ בשעה ‭1_* 4‬_זהזי_* <b class=""highlightcolor"">בחיפה</b> במלון ‭_^ 1‬ מדר-הברמל'ז־1_דהקדקמ;_ק־י _בתיהטשפט ‭_^ _^1‬ הומנית _פרטנית ...</div>"
1443	dhy19360120-01.1.5	20 January 1936	dhy	Page 5	"<div class=""txtsearchsnippet"">... ה' ג מ. ברום פוטר ממשרתו בתור מנהל סגיפנו <b class=""highlightcolor"">בחיפה</b> ההל מיום 15 לינואר ‭. 1936‬ ואינו רשאי ליהיופיע ...</div>"
1444	dhy19320511-01.1.1	11 May 1932	dhy	Page 1	"<div class=""txtsearchsnippet"">... ציוני ‭, 1932‬עם הצעות במעטפח סגורה, צועד המנהצ שצ <b class=""highlightcolor"">ביה""ח</b> הדם־ שא הקהצה העברית <b class=""highlightcolor"">בחיפה</b> עפ""י הכתבת : הדר ...</div>"
1445	dhy19360520-01.1.7	20 May 1936	dhy	Page 7	"<div class=""txtsearchsnippet"">... ד""מיפהי בי השל־ ן טונות בקשי מבהיר. הצי העיגן <b class=""highlightcolor"">בחיפה</b> לשליה אנית מלחמדי כד* לשפוד *לל ההוף *־לל האגיד, ...</div>"
1446	dhy19360419-01.1.1	19 April 1936	dhy	Page 1	"<div class=""txtsearchsnippet"">... המשרד בתל אביב: רחוב אלנבי ‭, 57‬טלפון 700ו. המשרד <b class=""highlightcolor"">בחיפה</b> מרכז מסחרי, טלפון ‭, 690‬ מחיר החתימה ב א ...</div>"
1447	dhy19300425-01.1.1	25 April 1930	dhy	Page 1	"<div class=""txtsearchsnippet"">ארבה <b class=""highlightcolor"">בחיפה</b> ־</div>"
1448	dhy19300529-01.1.1	29 May 1930	dhy	Page 1	"<div class=""txtsearchsnippet"">... ן| ן ן% אבלי ציו!וירושלים. ן 1 . פקידי <b class=""highlightcolor"">ביהח</b> שערי צדק ‭* 8 3 ! % ' "" ...</div>"
1449	dhy19310521-01.1.11	21 May 1931	dhy	Page 11	"<div class=""txtsearchsnippet"">... ת. ד‭. 56. ‬ משפט השלום העברי. העירוני והמה'זי <b class=""highlightcolor"">בחיפה.</b> משפט השלום העברי המרכזי בגליל העליון, ר אש פנה. ...</div>"
1450	haretz19351227-01.1.7	27 December 1935	haretz	Page 7	"<div class=""txtsearchsnippet"">... העובדים בצפון. 7) פיהודה הלוי, מוא פרדס פורמאים (מנדש <b class=""highlightcolor"">ביה""ח</b> העירוני החדש). 8) פרה• פר־פופפא, ע""י בכר דיזננוף. י ...</div>"
1451	haretz19350510-01.1.5	10 May 1935	haretz	Page 5	"<div class=""txtsearchsnippet"">מפעולות ועד הקהלה <b class=""highlightcolor"">בחיפה</b></div>"
1452	haretz19340504-01.1.10	4 May 1934	haretz	Page 10	"<div class=""txtsearchsnippet"">... לתהילה בעולם לולו' "" "" האחים מחובר ושות' בסדור <b class=""highlightcolor"">ביהח""</b> רהחדש לגלידה - •השתמשו ב""קלויבטוד"" חאחים שוד בםווו ביהח""ו ...</div>"
1453	haretz19390331-01.1.7	31 March 1939	haretz	Page 7	"<div class=""txtsearchsnippet"">... יה; הפסה בעוד מועד. הכתבת: רד, ' הנביאים, מוי <b class=""highlightcolor"">ביה""ח</b> הדסה. טי. ‭3114 ‬ | נפתח מחדש לח* הפםח ...</div>"
1454	haretz19410404-01.1.8	4 April 1941	haretz	Page 8	"<div class=""txtsearchsnippet"">... מ. גתשפפקי, -בימ""סמדע"", רחוב אצנבי ‭64 ‬ י * <b class=""highlightcolor"">בחיפה:</b> עין הקורא, רהוב הרצל ‭"" 22 ‬</div>"
1455	hmf19390719-01.1.4	19 July 1939	hmf	Page 4	"<div class=""txtsearchsnippet"">משפט צבאי <b class=""highlightcolor"">בחיפה</b></div>"
1456	hmf19400903-01.1.3	3 September 1940	hmf	Page 3	"<div class=""txtsearchsnippet"">... מוות בתאונת־ ?עבודה אתמול בשעות אהה""צ. הובאה לחדר;המתים של <b class=""highlightcolor"">ביה""ח</b> ""הדסה"" גוי־ תו של דן וי לק ופול, שנפצע ...</div>"
1457	hmf19400922-01.1.4	22 September 1940	hmf	Page 4	"<div class=""txtsearchsnippet"">... אלה הוצא לעזרה םוציאליח וחלקם למפעלים קונסטרוקטיביים, כגון כבישים, <b class=""highlightcolor"">ביה""ח</b> <b class=""highlightcolor"">בחיפה</b> ‭. 'ווכ‬ כיושב ראש חדערח חכםסית מסר על ...</div>"
1458	hmf19401121-01.1.3	21 November 1940	hmf	Page 3	"<div class=""txtsearchsnippet"">... שנדקר לפני כמה זמן עומד לעזוב בימים הקרובים את <b class=""highlightcolor"">ביה""ח</b> ‭. ""הדסה""‬ _^פי שמוסרים יובא הדוקר זילבר* _^_טיץ_/בקרוב לדין ...</div>"
1459	hmf19430720-01.1.4	20 July 1943	hmf	Page 4	"<div class=""txtsearchsnippet"">... בביה""ח‭.. ‬לדברי אחת הא_!חיות פוגעת שיטה זו באוירה ובעבודת <b class=""highlightcolor"">ביה""ח.</b> אותה האחות הבחישה גם את הטענה כאןיילו כל האחיות ...</div>"
1460	hbkr19440906-01.1.1	6 September 1944	hbkr	Page 1	"<div class=""txtsearchsnippet"">... ויאתר , חימות םיקי נחמנזון הצי""ניס וראשוניה. !-ל נפטר <b class=""highlightcolor"">:ביה""ח</b> וולאך בירישלים ביום י""ד אלול תש""ד וה־בא לקבירה על ...</div>"
1461	hbkr19380607-01.1.6	7 June 1938	hbkr	Page 6	"<div class=""txtsearchsnippet"">... חאריבי בשעה ‭5. 30 ‬ 1בו£ר ברחוב הנביאי* ליד <b class=""highlightcolor"">ביה""ח</b> הי ד‭$36 ‬</div>"
1462	hmf19450715-01.1.4	15 July 1945	hmf	Page 4	"<div class=""txtsearchsnippet"">... מגג הבנק ""אנגלו פלשתינה"" בפתה תקוה• היא הועברה ל־ <b class=""highlightcolor"">ביה""ח</b> הירקון בת""א ומתה בו ביום.</div>"
1463	hzh19390728-01.1.4	28 July 1939	hzh	Page 4	"<div class=""txtsearchsnippet"">... יעמדו על הברכה כב' הר""ר ולאף שליט""א, מנהל , <b class=""highlightcolor"">ביה""ח</b> ""שערי צדק"" על כל פקידיו ואחיותיו עם רופאינו וידידינו• ...</div>"
1464	hzh19440912-01.1.4	12 September 1944	hzh	Page 4	"<div class=""txtsearchsnippet""><b class=""highlightcolor"">ביהח</b> ‭. _"" """"«.,.. ‬ ר ‭, ""‬ תמר ‭"""" ...</div>"
1465	hzh19450405-01.1.4	5 April 1945	hzh	Page 4	"<div class=""txtsearchsnippet"">... המטיילים במסדה, בד, נהרגה צילה כמן, עזב שלשום את <b class=""highlightcolor"">ביה""ח</b> ""הדסה‭, ""‬בו שכב מאז ה־25 י'למארס, יום ההתקפה. -תנובת ...</div>"
1466	khm19480518-01.1.4	18 May 1948	khm	Page 4	"<div class=""txtsearchsnippet"">... ‭94m —‬ לאיי‭?. ‬ודעות גדולות וקבועות לוי הפכם. _חםערכת <b class=""highlightcolor"">בחיפה:</b> הרצל «</div>"
1467	khm19480409-01.1.8	9 April 1948	khm	Page 8	"<div class=""txtsearchsnippet"">... ""אגו רוצים משטר של צדק ישייון סוציאלי"" _שבץתת עובדי <b class=""highlightcolor"">ביה""ח</b> גפ המתיחות בקהיר גביה שיב לאחר, ש־1500 עיברי מת ...</div>"
1468	khm19471026-01.1.4	26 October 1947	khm	Page 4	"<div class=""txtsearchsnippet"">... ‭0. 600 —‬ לאיי‭., ‬מודעות גדולות וקבועותלפי הסכם. המערכת <b class=""highlightcolor"">בחיפה:</b> הרצל 59</div>"
1469	hazmantlv19410722-01.1.2	22 July 1941	hazmantlv	Page 2	"<div class=""txtsearchsnippet"">... אשר הבאנו במלואם, באשר הם משקפים את המצב לאמתו. <b class=""highlightcolor"">ביה״ח</b> העירוני ""הדסה"" לשם זה יש קסם ■מיוחד. בשמוע איש ...</div>"
1470	kolisraeljlm19460124-01.1.3	24 January 1946	kolisraeljlm	Page 3	"<div class=""txtsearchsnippet"">... זי״ע והאדמה אשר סביבו, הנמצא בדרומה של צפת □אחורי <b class=""highlightcolor"">ביה״ח</b> הממשלתי בצורת של גל אבנים. *טענתו של הר׳ דוב ...</div>"
1471	ahr19480812-01.1.3	12 August 1948	ahr	Page 3	"<div class=""txtsearchsnippet"">... הניפו את נס המדד‭-. ‬ בדינר חרות זה בחר <b class=""highlightcolor"">ביהח</b> י דשמן"" _ביןת הוסרו כסמל י _לדנמו. "" כמו ...</div>"
1472	ahr19481121-01.1.3	21 November 1948	ahr	Page 3	"<div class=""txtsearchsnippet"">... סקי מגדרה ויעקב בהן מת' א, נפצעו והועברו אל <b class=""highlightcolor"">ביה""ח</b> הצבאי. מ»בם אינו מעורר דאגה. ""שומרי ההומות"" ב "" ...</div>"
1473	dav19410624-01.1.4	24 June 1941	dav	Page 4	"<div class=""txtsearchsnippet"">... מק;יטליור פליט: ועל . הסוכן. הירושלמי י -־ של <b class=""highlightcolor"">ביה""ח</b> י הצרפתי , שישמזויף־ _חשבון: לחמרים תמזגי יפי ם‭.. ...</div>"
1474	dav19470514-01.1.1	14 May 1947	dav	Page 1	"<div class=""txtsearchsnippet"">גולדה _מאירסון במפקד <b class=""highlightcolor"">בחיפה</b></div>"
1475	dav19460925-01.1.23	25 September 1946	dav	Page 23	"<div class=""txtsearchsnippet"">... גונריות, שוקולדה, 0ירות , ויי‭-1‬נשלהו ‭.. ‬על ידי הציבור <b class=""highlightcolor"">בחיפה</b> — ־ _יגלי _להעביר _גנתנת־חג ל־2500 _הזנגק־פ. הורחב השיכון ...</div>"
1476	dav19450402-01.1.2	2 April 1945	dav	Page 2	"<div class=""txtsearchsnippet"">ההלויד. תצא היום מדירתו <b class=""highlightcolor"">בחיפה,</b> רחוב הגלם 23 המתאגלים מר: אשתו, בנו ובתו</div>"
1477	dav19450718-01.1.4	18 July 1945	dav	Page 4	"<div class=""txtsearchsnippet"">... _חש־ו, תפסק ביום ‭10. 6. 1*45‬ פרסים לקבל במשרד <b class=""highlightcolor"">ביה'ח</b> , אםו1זאי אישית _0ו ךל ידי הדואר</div>"
1478	dav19450704-01.1.4	4 July 1945	dav	Page 4	"<div class=""txtsearchsnippet"">... חיפה ועובדי־ , הנהלת משסס החברים של הסתדרות ה7ובדים <b class=""highlightcolor"">בחיפה</b> _טו‭81, 1/3 11||^8‬ י3ר‭181‬ ג_^_־ת מלאכה לתפירה 33י‭0""‬ מקצועי ...</div>"
1479	haretz19430314-01.1.4	14 March 1943	haretz	Page 4	"<div class=""txtsearchsnippet"">... בבקשתם את חשתצמותם חמקצועית. או^נ הבסשות יש צהניש צמשרד <b class=""highlightcolor"">ביה""ח</b> העירוני עד יום ‭. 28. 3. 1943 ‬ ד' ...</div>"
1480	haretz19481126-01.1.5	26 November 1948	haretz	Page 5	"<div class=""txtsearchsnippet"">... המחיר. ביום ‭—16. 11‬ נאבד שעון־יד זהב של גברת <b class=""highlightcolor"">בחיפה</b> בין רח־ הרצל ומשרד . טיל• וביום ‭29. 9‬ ...</div>"
1481	hbkr19440112-01.1.3	12 January 1944	hbkr	Page 3	"<div class=""txtsearchsnippet"">... קצרות והצגוח ח-ליפ ע""י רופאי ?המחלקח רגיני־ קייוג־ת של <b class=""highlightcolor"">ביה""ח</b> האוננרשיטא־ - ""הדשה"" שירושלים (המנהל —פריפ. ג. צונדק*. בהסתדרות ...</div>"
1482	hbkr19450226-01.1.3	26 February 1945	hbkr	Page 3	"<div class=""txtsearchsnippet"">... נמשד באמצעות מחלקת הכלכלה העירונית. סיור מנהלי בת־ הספר <b class=""highlightcolor"">בחיפה</b> בבתי החרושת לק־טון ונייר היום מתקיים בחל-אב-ב סיור של ...</div>"
1483	hbkr19430921-01.1.2	21 September 1943	hbkr	Page 2	"<div class=""txtsearchsnippet"">משפט־הברחה החל <b class=""highlightcolor"">בחיפה</b></div>"
1484	haretz19461127-01.1.2	27 November 1946	haretz	Page 2	"<div class=""txtsearchsnippet"">... ?גתל-ליטווינפקי בהודעתכם (. האולז"". מיום כ""ח חשון) . על <b class=""highlightcolor"">ביה""ח</b> הנ""ל ההולך ונבנה כעת נפל אי• דיוק בפרט אחד ...</div>"
1485	haretz19480119-01.1.3	19 January 1948	haretz	Page 3	"<div class=""txtsearchsnippet""><b class=""highlightcolor"">בחיפה</b></div>"
1486	haretz19450503-01.1.2	3 May 1945	haretz	Page 2	"<div class=""txtsearchsnippet""><b class=""highlightcolor"">בחיפה</b> י יגור</div>"
1487	dav19450222-01.1.2	22 February 1945	dav	Page 2	"<div class=""txtsearchsnippet"">... ביח""ח ‭"". ‬רוטשילד"" של חקהלח העברית בחלפה ‭102—‬ מטות‭(*;‬ <b class=""highlightcolor"">ביה""ח</b> שויצר ש5 הועד _הלאומי בטבריה‭—;:, ‬ ;־ ‭-50. ‬ ...</div>"
1488	haretz19430728-01.1.2	28 July 1943	haretz	Page 2	"<div class=""txtsearchsnippet""><b class=""highlightcolor"">בחיפה</b></div>"
1489	ahr19470305-01.1.1	5 March 1947	ahr	Page 1	"<div class=""txtsearchsnippet"">חיפה. — בישיבת וועדת־המצב של־ יד וועד־הקהילר, <b class=""highlightcolor"">בחיפה,</b> הוחלט לשלוח ברכת־עידוד לעיריית ת""א, פ""ת, למוע ־ צות ...</div>"
1490	ahr19470724-01.1.3	24 July 1947	ahr	Page 3	"<div class=""txtsearchsnippet"">... - פאות אזוריות חדשות בערים ובמו־ ‭, 1945‬והיא גמשכת. <b class=""highlightcolor"">בחיפה,</b> ירושלים _ובנקווות רבות בארץ נבנות מרפאות נוספות. בשנת 1946 ...</div>"
1491	dav19370827-01.1.3	27 August 1937	dav	Page 3	"<div class=""txtsearchsnippet"">... עירי מודרי נית, יהיה מ‭&amp;'‬טדה אשר יהיה. חוס־ הביוב <b class=""highlightcolor"">בחיפה</b> מעכב, בצוע. תכניות רבות־ע-רך‭-. ‬אי1 להתעלם גם ־, מהעובדה, ...</div>"
1492	dav19380103-01.1.6	3 January 1938	dav	Page 6	"<div class=""txtsearchsnippet"">... על העברי בעבודת הקטיף בפרדסו. ועל מר _אפלבוים, כעל <b class=""highlightcolor"">ביה""ח</b> יקרה "" מעדן"" שותף בפרדסי בהריה, המוכר את תוצרתו ...</div>"
1493	dav19400627-01.1.3	27 June 1940	dav	Page 3	"<div class=""txtsearchsnippet"">... ‭.. ‬שבשומרון , המעונינים יואילו לפיות בע‭_5 6""‬טשרד החברה <b class=""highlightcolor"">בחיפה,</b> רח' הנטל, טס' ‭38—36‬ או בכתב עפ""י ת. ר‭, ...</div>"
1494	dav19410522-01.1.3	22 May 1941	dav	Page 3	"<div class=""txtsearchsnippet"">המשרדים: ת""א. פרישמן ‭. 53‬טל‭5259. ‬ <b class=""highlightcolor"">ביה""ח</b> בגבעת רםב""ם הסוכן הראשי: אוטו גלילןסמן. _תל־אביב</div>"
1495	dav19471104-01.1.4	4 November 1947	dav	Page 4	"<div class=""txtsearchsnippet"">... את אלף הלירות הראשונות, והשאר בא מתרומות חברי המפלגה <b class=""highlightcolor"">בחיפה.</b> בא""י, ובאמריקה. האולם מוקדש לזכרו של ח. נייגר — ...</div>"
1496	dav19470319-01.1.5	19 March 1947	dav	Page 5	"<div class=""txtsearchsnippet"">תל־אגיג הננו להודיע גי _סניפנו <b class=""highlightcolor"">בחיפה</b> עו&amp;ד לשרותם. נא להתקשר: ‭^^‬־‭*1110_^1‬ הי&amp;ה רחוב המלכים 41 ...</div>"
1497	dav19460424-01.1.4	24 April 1946	dav	Page 4	"<div class=""txtsearchsnippet"">... III בן ואח ‭?_1‬לד לנו 9ניו‭, !‬שלפה וון שלקים <b class=""highlightcolor"">ביה'ח</b> _ביליגטץ I כיב בניסן תשץ ‭\\\ 23. 4. 46 ...</div>"
1498	dav19480319-01.1.8	19 March 1948	dav	Page 8	"<div class=""txtsearchsnippet"">ועד המנהל והה5הלח המקומית של <b class=""highlightcolor"">ביה""ח</b> שויצר בטבריה</div>"
1499	dav19450503-01.1.4	3 May 1945	dav	Page 4	"<div class=""txtsearchsnippet"">... ברבת םזל-טוב ?ה‭_?1‬דה הבת וסד 0ניף הסתדרות ד‭3_, ‬_קידים <b class=""highlightcolor"">בחיפה</b></div>"
1500	haretz19350724-01.1.5	24 July 1935	haretz	Page 5	"<div class=""txtsearchsnippet"">זמן מועט לאחר שנחנך הנמ־ המשוכלל <b class=""highlightcolor"">בחיפה</b> ונתברר שאי; בית־קבו־ לו מספיק לקליטת תאניות המביאות נוסעים ...</div>"
1501	haretz19340104-01.1.1	4 January 1934	haretz	Page 1	"<div class=""txtsearchsnippet"">... ת""א החיך החתימה : הסניף כירושלים - """""""" הסניף <b class=""highlightcolor"">בחיפה</b> - כא ח ו כחק־לארץןו דןןןב יפו' ביה אמינוב ...</div>"
1502	haretz19380531-01.1.3	31 May 1938	haretz	Page 3	"<div class=""txtsearchsnippet"">... ופרומקין, ערעור היועץ המשפטי על פםק־דין של ביה""ד חמחוזי <b class=""highlightcolor"">בחיפה</b> שז־כה את ה' פישל בן אברהם מוסקוביץ מאשמת כניסה ...</div>"
1503	haretz19420705-01.1.4	5 July 1942	haretz	Page 4	"<div class=""txtsearchsnippet"">... ההוצאות וש""ט עו""ד לפי םס""ד שנתן מבית משפט המחוזי <b class=""highlightcolor"">בחיפה</b> ביום ‭14. 12. 39‬ בתיק אזרחי מם' ‭110/39‬ . ...</div>"
1504	haretz19450122-01.1.2	22 January 1945	haretz	Page 2	"<div class=""txtsearchsnippet"">... פולין ומשנת תדפ""ד י בארץ ישראל נפטר בשנת תש""ד <b class=""highlightcolor"">בחיפה.</b> הגן ניטע על ידי משפחתו במלאת שנה למותו.</div>"
1505	haretz19440820-01.1.3	20 August 1944	haretz	Page 3	"<div class=""txtsearchsnippet"">... — בלוית מ""מ מזכיר העיריה ד""ר קרוגליא־ קוב ומנהל <b class=""highlightcolor"">ביה""ח</b> העידוד הד""ר גרושקה — בבתי חולים (בהם גם בית ...</div>"
1506	hbkr19400627-01.1.2	27 June 1940	hbkr	Page 2	"<div class=""txtsearchsnippet"">... 45‬ שתי הצגות I ביום הי. ‭- 4. 7‬ <b class=""highlightcolor"">בחיפה</b> ו הצגות : ‭9. 311—7. 30—3. 3(1 ‬ אוסטר־ים ...</div>"
1507	hmf19470703-01.1.4	3 July 1947	hmf	Page 4	"<div class=""txtsearchsnippet"">מפקד הצבא <b class=""highlightcolor"">בחיפה</b> דן עמ ואשי הצנוו על המאורעות האחרונים</div>"
1508	hmf19470618-01.1.4	18 June 1947	hmf	Page 4	"<div class=""txtsearchsnippet"">סוכל בסיוךשוד של ערבים <b class=""highlightcolor"">בחיפה</b></div>"
1509	hmf19470604-01.1.4	4 June 1947	hmf	Page 4	"<div class=""txtsearchsnippet"">... ספינת המעפילים ""החייל העברי"" בפני נשיא ביה""ד ה־ מחוזי <b class=""highlightcolor"">בחיפה</b> — החל בירור תביעה דומה נגד ספינת המעפילים ‭. ...</div>"
1510	hmf19480520-01.1.3	20 May 1948	hmf	Page 3	"<div class=""txtsearchsnippet"">... הרובע היהודי, ישורת . עמדות אלה הגיעו עד לעורף <b class=""highlightcolor"">ביה""ח</b> ""הדסה‭. ""‬במשלטים אלה, שער־ פם מובטח, אפשר היה להחזיק ...</div>"
1511	hmf19470901-01.1.4	1 September 1947	hmf	Page 4	"<div class=""txtsearchsnippet"">... אופנוע והתנגש במכונית טקסי. אמבולנס מד''א העבירו לביה""ח ""רוטשילד"" <b class=""highlightcolor"">בחיפה.</b></div>"
1512	hmf19480907-01.1.4	7 September 1948	hmf	Page 4	"<div class=""txtsearchsnippet""><b class=""highlightcolor"">בחיפה:</b> למשרדנו, רחוב המלכים ‭. 61‬טלפון 2444 בתל־אביב: למר מ• ...</div>"
1513	hmf19480722-01.1.4	22 July 1948	hmf	Page 4	"<div class=""txtsearchsnippet"">... אליעזר בויאר, ממשרד העבודה, ומר בן־צור, מהוועדה לעניני ערבים <b class=""highlightcolor"">בחיפה,</b> נידונו בעיות הסדר חיים תקינים בנצרת. שליהי העיר גילו ...</div>"
1514	hmf19481221-01.1.4	21 December 1948	hmf	Page 4	"<div class=""txtsearchsnippet"">... משטרת חיפה, אולם קיבלו תשובה שאין כתו־ בת כזו <b class=""highlightcolor"">בחיפה.</b> באותו הלילה שמע העד שהקצין שיף התקשר בטלפון עם ...</div>"
1515	hbkr19410127-01.1.4	27 January 1941	hbkr	Page 4	"<div class=""txtsearchsnippet"">... לא""י ניתנת תמיכה של ‭180‬ לא""י ולבית הספר ?הריאלי <b class=""highlightcolor"">בחיפה</b> ניתנת תמיכח לא גדולה מזו. למרות זה הרי באופן ...</div>"
1516	hbkr19420208-01.1.4	8 February 1942	hbkr	Page 4	"<div class=""txtsearchsnippet"">... רוח חיים, וגיפתח נלקחה לביה''ח הממשלתי. הגבר הועבר־ ל <b class=""highlightcolor"">ביה""ח</b> , הדסה"" ושם השיבו אליו את רוהו. הבעל — ...</div>"
1517	hbkr19470707-01.1.3	7 July 1947	hbkr	Page 3	"<div class=""txtsearchsnippet"">... ""־' יום ו־‭11. 7‬ ערפ עפ כל חכרי המטאטא"" <b class=""highlightcolor"">בחיפה</b> ־־־־"" מוציש ‭12. 7‬ ג־‭6. 45‬ומ9 בעפולה יום א' ...</div>"
1518	hbkr19470316-01.1.3	16 March 1947	hbkr	Page 3	"<div class=""txtsearchsnippet"">... עומד לרשות הקהל בית המד־ קחת לשרות לילה שע""י <b class=""highlightcolor"">ביה־ח</b> העירוני . הדטה"". ‭10. 30‬ לפנהיצ: ב. ויצו"" — ...</div>"
1519	hbkr19470311-01.1.3	11 March 1947	hbkr	Page 3	"<div class=""txtsearchsnippet"">... יתן בית הדין את הצו המבוקש. בשם הרבנות הר&lt;יטית <b class=""highlightcolor"">בחיפה</b> המזכיר הראלזי י. נ. קפ""•</div>"
1520	hbkr19470305-01.1.3	5 March 1947	hbkr	Page 3	"<div class=""txtsearchsnippet"">חקירת ההתפוצצות במשרדי הימיה <b class=""highlightcolor"">בחיפה</b></div>"
1521	hbkr19460114-01.1.4	14 January 1946	hbkr	Page 4	"<div class=""txtsearchsnippet"">... אב-ב! וניתח את מדיניותו של נציג מינ-כ־ שריין ההובלה <b class=""highlightcolor"">בחיפה.</b> כן דיבר על רתכניות יש-תיח הנמל. על דרכי מימינן ...</div>"
1522	hbkr19401215-01.1.3	15 December 1940	hbkr	Page 3	"<div class=""txtsearchsnippet"">... זה נתפש ע""י השוטדים שנז־ דמנ• למהים. ביה""ד המחיזי <b class=""highlightcolor"">בחיפה</b> דנה• למאסר שנתיים.</div>"
1523	hbkr19401001-01.1.3	1 October 1940	hbkr	Page 3	"<div class=""txtsearchsnippet"">... בשעת עבודת• בבית מלאכה אשר בסימטאת . עין דור־ <b class=""highlightcolor"">בחיפה.</b> נתפחם •מת במקום. רעננה</div>"
1524	hbkr19380925-01.1.17	25 September 1938	hbkr	Page 17	"<div class=""txtsearchsnippet"">טבת בתחלת החודש התרכז הסידור בי - הוד <b class=""highlightcolor"">בחיפה.</b> פצצה בשוק ליד הדר הכר־ מל. נרצח נער יהודי ...</div>"
1525	hrt19481212-01.1.4	12 December 1948	hrt	Page 4	"<div class=""txtsearchsnippet"">... שאין בידם תעודות. בשבת לפנות ב|יקר הוקפו האזורים הערביים <b class=""highlightcolor"">בחיפה</b> ואדי ניסאנם, דת' עכאס וכן בתים בודזים ע''י כחות ...</div>"
1526	hrt19481219-01.1.4	19 December 1948	hrt	Page 4	"<div class=""txtsearchsnippet"">... במשך שעתיים, בחושך לאחר שמכונית טעונה דלק התנגשה עיי <b class=""highlightcolor"">ביה""ח</b> בילינסון בעמוד חשמל שנפל ונדם לקצר. לא ארעו כל ...</div>"
1527	hzh19470610-01.1.4	10 June 1947	hzh	Page 4	"<div class=""txtsearchsnippet"">... 30 מכפר טירה נורה מכדור אקמח בשעת חדווה ב""פנטזיה"" <b class=""highlightcolor"">בחיפה.</b> הובא לבית החולים הממשלתי. אסיפת המורשים של הדר הכרמ_$ ...</div>"
1528	hzh19471001-01.1.3	1 October 1947	hzh	Page 3	"<div class=""txtsearchsnippet"">... ופועלי ה־ ?עירייה, של עובדי הגמל, של השוטרים, של <b class=""highlightcolor"">ביה""ח</b> ""הדסה"" ועוד‭. (‬ 'בגלל כבלי הפיקוח והקשיים בהשגת _רשידנוית ...</div>"
1529	baderech19330629-01.1.5	29 June 1933	baderech	Page 5	"<div class=""txtsearchsnippet"">... הספר ועואה במדת מה עא ירושאים. הספר העברי הראשון <b class=""highlightcolor"">בחיפה</b></div>"
1530	haretz19330910-01.1.4	10 September 1933	haretz	Page 4	"<div class=""txtsearchsnippet""><b class=""highlightcolor"">בחיפה</b></div>"
1531	ahr19470420-01.1.4	20 April 1947	ahr	Page 4	"<div class=""txtsearchsnippet"">... במכונית. המכונית נמצאה מאוחר יותר בר־ תוב כתבנו יל""ג. <b class=""highlightcolor"">בחיפה</b> מודיע, כי המקרה הוא ־ שון קרה ברחוב שבתאי ...</div>"
1532	ahr19470813-01.1.4	13 August 1947	ahr	Page 4	"<div class=""txtsearchsnippet"">... מודיע מי העתון היד ‭""!‬מקרי המתקיפים טיתר . בכותרת <b class=""highlightcolor"">בחיפה</b> , חל־אביב _ובמחנה־צכא‭. _""‬ ההודעה הרשמית בהוועה שפורסמה היום'' ...</div>"
1533	ahr19471102-01.1.3	2 November 1947	ahr	Page 3	"<div class=""txtsearchsnippet"">... השוכבים בביה""ח העירוני ‭', ‬הדסה"" עוברים חטוי מהאים במטבח <b class=""highlightcolor"">ביה""ח</b> בהתאם לזה נאסר על בני המשפחה שי החולים ה• ...</div>"
1534	ahr19471214-01.1.3	14 December 1947	ahr	Page 3	"<div class=""txtsearchsnippet"">... — קריית !דגני חיי ה אי ם, , חולי <b class=""highlightcolor"">ביה""ח</b> הדסה בתל־אניב. כמרכז לז־ויטד ישיבת הוועדה לתנועת הנוער שליד ...</div>"
1535	ahr19450720-01.1.8	20 July 1945	ahr	Page 8	"<div class=""txtsearchsnippet"">... קצנלסון _מהנהלח הוועה''ל‭, 1, ‬לוין, יו""ר וועד הקהילה העברית <b class=""highlightcolor"">בחיפה,</b> ש. לוי , יו""ר הוועד־המנהל של <b class=""highlightcolor"">ביה""ח</b> ""רוטשילד"" <b class=""highlightcolor"">בחיפה,</b> ...</div>"
1536	dav19350219-01.1.5	19 February 1935	dav	Page 5	"<div class=""txtsearchsnippet"">... ‭\:. -. ‬בש0 . _טנזול טשחוצל""פ ‭-: ;‬נית־, _־_8ש8ט:־:השלום <b class=""highlightcolor"">בחיפה</b> סי_£ _הירגזי ‭. 723/35. 61_^‬ לצבי קל&amp;ן, _מקוףפ ‭\^^‬ז: ...</div>"
1537	dav19341228-01.1.10	28 December 1934	dav	Page 10	"<div class=""txtsearchsnippet"">... _וחתכניון לפתיחת השעורים האוניברסיטאיים בת""א ושעורי הערב למקצועות הטכניים <b class=""highlightcolor"">בחיפה</b> ומעודדת אותם להמשכת הפעולה של הפצת המרע וההשכלה במרכזים ...</div>"
1538	dav19390705-01.1.7	5 July 1939	dav	Page 7	"<div class=""txtsearchsnippet"">... לחברתמ רחל _לנשואיה עם בחיר לבה ‭1 ""‬ עובדי <b class=""highlightcolor"">ביהח</b> העידו‭""!‬הדסה""</div>"
1539	dav19470313-01.1.3	13 March 1947	dav	Page 3	"<div class=""txtsearchsnippet""><b class=""highlightcolor"">בחיפה</b></div>"
1540	dav19460523-01.1.3	23 May 1946	dav	Page 3	"<div class=""txtsearchsnippet"">... אדיסון ב‭9_~‬ יוב ה' ‭30. 5‬ . לה בוהמי <b class=""highlightcolor"">בחיפה</b> . ארמון* ב‭9~‬ התחלת ההצגות הרגילות ב־‭8. 30 ‬</div>"
1541	dav19450422-01.1.3	22 April 1945	dav	Page 3	"<div class=""txtsearchsnippet"">... בעולם ולהגביה־ , נוכח ההכרעות הפוליטיות החשובות. האסיפה בא&amp;_פיתי_&amp;_טףןן <b class=""highlightcolor"">בחיפה</b> בשבת לפני הצהריפ שבה מסרי שליחי ההסתר־ רות דו""ח ...</div>"
1542	dav19421225-01.1.5	25 December 1942	dav	Page 5	"<div class=""txtsearchsnippet"">... שטמ‭86‬ר 0סיגי רנינוביץ, שכטר. למסירה "" או למכירה _מספרור <b class=""highlightcolor"">בחיפה.</b> לפנות בכתב: . _פנת־הספר'' , חיפה, בשביל ג, ד. ...</div>"
1543	dhy19300114-01.1.4	14 January 1930	dhy	Page 4	"<div class=""txtsearchsnippet"">מחר בשער‭3, ‬ וחצי אחה""צ תתקיים במלון ""וינסרסור"" <b class=""highlightcolor"">בחיפה</b> האספה חשנתית חרגילח של האגודה ""העזרה לילדים הכללית"" מיסודח ...</div>"
1544	dhy19350213-01.1.6	13 February 1935	dhy	Page 6	"<div class=""txtsearchsnippet"">... הממשלתי ביפו, ישתתף כיועץ כועדה המיותרת להקמת בתי""ח. הנהלת <b class=""highlightcolor"">ביה""ח</b> של חקחלח העברית <b class=""highlightcolor"">בחיפה</b> הודיע לשתי קופות חחולים, שבעתיד ...</div>"
1545	dhy19330123-01.1.4	23 January 1933	dhy	Page 4	"<div class=""txtsearchsnippet"">מפעולות ועד הקהלת <b class=""highlightcolor"">בחיפה</b> בעניני התקציב לשנת תרצ""ג‭—. ‬ ב""כ המושל, מר י ...</div>"
1546	dhy19340212-01.1.4	12 February 1934	dhy	Page 4	"<div class=""txtsearchsnippet"">מגרש י ם על ?הר־הכרמל <b class=""highlightcolor"">בחיפה</b> ‭! I‬ י ־ המחיר ‭/^00‬ לא""י הדונם ו ...</div>"
1547	dhy19331208-01.1.1	8 December 1933	dhy	Page 1	"<div class=""txtsearchsnippet"">... 11%‬וווו וי ‭""0111?‬ו1י _נית־הםור חתלי העברי \ . ן <b class=""highlightcolor"">בחיפה</b> ‭1 _| 1 . ‬ חגיגה ן * למלאת ...</div>"
1548	dhy19330308-01.1.4	8 March 1933	dhy	Page 4	"<div class=""txtsearchsnippet"">... _^ ! . ‬ י־ I *־חוב הנביאים, מול <b class=""highlightcolor"">ביה""ח</b> הדפה, ט_5פ‭114. ‬ ך ‭* 1‬ שיצאו עדיה מוניטין ...</div>"
1549	haretz19310320-01.1.4	20 March 1931	haretz	Page 4	"<div class=""txtsearchsnippet"">... ישראל. — מחר בשלש ורבע תתקיים במרפאת העינים שא <b class=""highlightcolor"">ביה""ח</b> רוטשיצד ישיבת חאנודה שצ תפאי' עינים. סדר היום: ר""רצאת ...</div>"
1550	haretz19310825-01.1.1	25 August 1931	haretz	Page 1	"<div class=""txtsearchsnippet"">מגרשים עומדים למכירה <b class=""highlightcolor"">בחיפה'</b> הדר הכרמל ן ן במקום בריא ומרהיב עין ביפיג ...</div>"
1551	haretz19311115-01.1.4	15 November 1931	haretz	Page 4	"<div class=""txtsearchsnippet"">... כעין רעד עבד בקהל־ בשעה שהתקרב להדפה האוטו של <b class=""highlightcolor"">ביה""ח</b> תטפשלתי. ובו שני הארונות בלוית אהדים פהברה קדישא"" : ...</div>"
1552	haretz19320317-01.1.4	17 March 1932	haretz	Page 4	"<div class=""txtsearchsnippet"">... ואברהם נוטמן; מזרח — יורשי כ?י? א?־כ?די; מערב — <b class=""highlightcolor"">ביה""ח</b> הקדש היהודים. ?הוי ידוע ?קה?, כי מוצעות בזה ?מכירה ...</div>"
1553	haretz19320824-01.1.4	24 August 1932	haretz	Page 4	"<div class=""txtsearchsnippet"">! משוו ההוצאה לפועל <b class=""highlightcolor"">בחיפה</b> י תיק טס' ‭1893-32 ‬ הודעת טפירה התובע: דב ...</div>"
1554	haretz19360323-01.1.8	23 March 1936	haretz	Page 8	"<div class=""txtsearchsnippet"">... הוזרים ותיירים, בהורי יפו ירדו ‭, 340 ‬ השארירדו <b class=""highlightcolor"">בחיפה.</b> בל עיכובים לא נעשו. היום צריכה להגיע האניהירו- "" ...</div>"
1555	haretz19360329-01.1.1	29 March 1936	haretz	Page 1	"<div class=""txtsearchsnippet"">הבאח־ו רוטשילד <b class=""highlightcolor"">בחיפה</b></div>"
1556	haretz19350318-01.1.1	18 March 1935	haretz	Page 1	"<div class=""txtsearchsnippet"">... במקומות . אחדים קבלו אמנם מתנגדי ההסכם רוב גדול <b class=""highlightcolor"">(בחיפה</b> הצביעו בעדם ‭851‬ איש והם קבלו ‭. 17‬ ציר ...</div>"
1557	haretz19350721-01.1.1	21 July 1935	haretz	Page 1	"<div class=""txtsearchsnippet"">... ולמסחר בדד1ם תל־אביב הבית פונה לשלשה רחובות ראשיים מול <b class=""highlightcolor"">ביה""ח</b> &gt;ילודזיה*&lt;• מיה הקומה הואשמה אלף מ""מ נעוו א&amp;שו להתאים ...</div>"
1558	haretz19460827-01.1.1	27 August 1946	haretz	Page 1	"<div class=""txtsearchsnippet"">דרוש פקיד זדיז וכעל בסידן למשרד <b class=""highlightcolor"">בחיפה.</b> לפנות: ת. ד. ‭, 398‬ חיפה, ולצרף פרוט מלא ...</div>"
1559	haretz19391229-01.1.7	29 December 1939	haretz	Page 7	"<div class=""txtsearchsnippet"">בילה סתר ז""ל שלשום מתה """"""'* <b class=""highlightcolor"">בחיפה</b> בילה קרנר, עסקנית ציונית ותיקה מווינה. היא י6דה בשעתה ...</div>"
1560	haretz19400703-01.1.6	3 July 1940	haretz	Page 6	"<div class=""txtsearchsnippet"">... גן הילדים בתלפ-ות, קופת חולים ברח י בן יהודח, <b class=""highlightcolor"">ביה""ח</b> שערי</div>"
1561	haretz19410128-01.1.4	28 January 1941	haretz	Page 4	"<div class=""txtsearchsnippet"">... לפיכך הנך מוזמן בזה להופיע לפני בית משפט השלום <b class=""highlightcolor"">בחיפה</b> כדי להשיב על התביעה הנ""ל ביום ‭13‬ לפברואר ‭1941‬ ...</div>"
1562	haretz19450617-01.1.4	17 June 1945	haretz	Page 4	"<div class=""txtsearchsnippet"">... ‭400‬ עולי* נתעכבו־ , בדרך (בראפול) ולמ ממיעומ שנתקבלו <b class=""highlightcolor"">בחיפה,</b> היא תגיע מוח גי או וי של שבוע ז*</div>"
1563	haretz19400822-01.1.3	22 August 1940	haretz	Page 3	"<div class=""txtsearchsnippet""><b class=""highlightcolor"">בחיפה</b></div>"
1564	hbkr19391004-01.1.8	4 October 1939	hbkr	Page 8	"<div class=""txtsearchsnippet"">... נדני פתיחת הגיגי־ של סניף אניד שיה־י האיניברשיטה העברי-. <b class=""highlightcolor"">בחיפה.</b> פתה במיים קצדית כב' ש־פט ומליש <b class=""highlightcolor"">בחיפה</b> מ־ ש. ...</div>"
1565	hmf19470824-01.1.1	24 August 1947	hmf	Page 1	"<div class=""txtsearchsnippet"">ה""א, <b class=""highlightcolor"">ביה""ח</b> ""הדסה</div>"
1566	hmf19480527-01.1.3	27 May 1948	hmf	Page 3	"<div class=""txtsearchsnippet""><b class=""highlightcolor"">בחיפה</b> ‭&gt;?‬ כרטיסים ‭);‬לבני‭(2_^-18;;‬ מכל, הצבעים</div>"
1567	hmf19460404-01.1.4	4 April 1946	hmf	Page 4	"<div class=""txtsearchsnippet"">סופרנו מודיע: לקבלת ההחלטה במועצת מפא‭''‬י <b class=""highlightcolor"">בחיפה</b> על הופעת רשימת הפועלים הדוגלים במדינה עברית בבחירות לקונגרס, ...</div>"
1568	hbkr19461108-01.1.8	8 November 1946	hbkr	Page 8	"<div class=""txtsearchsnippet"">קבלת פנים לרב הראשי רי"" אהלוי הרצוג <b class=""highlightcolor"">בחיפה</b> ביזמת ועד הקהילה והועד המקומי של , מגבית ההתגימת ...</div>"
1569	hbkr19470209-01.1.3	9 February 1947	hbkr	Page 3	"<div class=""txtsearchsnippet"">... עופד לרשות הקהל בית המרקתת לשרות לילה שעי י <b class=""highlightcolor"">ביה""ח</b> העירוני . הדסה־. ‭8. 15‬ בערב: באגודת שיתרי האוניברסיטה ...</div>"
1570	hbkr19430117-01.1.4	17 January 1943	hbkr	Page 4	"<div class=""txtsearchsnippet"">... את השתלמיתם המקציעיח. את־ ,. בקשות יש להגיש למשרד <b class=""highlightcolor"">ביה""ח</b> העירוני עד יום ‭. 25. 1. 1943 ‬ עידית ...</div>"
1571	hbkr19380801-01.1.5	1 August 1938	hbkr	Page 5	"<div class=""txtsearchsnippet"">... [ את פרטי העבודה ותנאי ההכרזה אפשר לקבל במשרד <b class=""highlightcolor"">ביה""ח</b> העירוני (רתוב בלפור) בכל יום בין השעות ‭10‬ ו־‭12‬ ...</div>"
1572	hmf19451011-01.1.4	11 October 1945	hmf	Page 4	"<div class=""txtsearchsnippet"">... הרביעי למשפטם של ה־20 משיני בפני בית הדין הצבאי <b class=""highlightcolor"">בחיפה</b> הסתיימו עדויות הסניגוריה. בפתיחת מושב בית הדין אתמול הודיע ...</div>"
1573	hmf19460610-01.1.4	10 June 1946	hmf	Page 4	"<div class=""txtsearchsnippet"">... הוחרמו עשר אגרות בירושלים, שמונה — . בת""א ושמונה <b class=""highlightcolor"">בחיפה.</b> ייתכן שנתגלו עוד, אך המשטרה שומרת את הדבר בסוד ...</div>"
1574	hmf19460916-01.1.4	16 September 1946	hmf	Page 4	"<div class=""txtsearchsnippet"">23 רשמית: השתים בהשתייכות לאצ""ל נאסרו <b class=""highlightcolor"">בחיפה</b> ממקור רשמי מודיעים: כתוצאה משני זיפושים שנערכו <b class=""highlightcolor"">בחיפה</b> שלשום, ...</div>"
1575	hmf19450731-01.1.4	31 July 1945	hmf	Page 4	"<div class=""txtsearchsnippet"">... המ'משלותוי. , ‭תרומות'.. ‬ חברה קדישא ועד חברה קדישא: <b class=""highlightcolor"">בחיפה</b> תרם 500 לוא""י לטובת <b class=""highlightcolor"">ביה""ח</b> . רוטושילד ו־250 לא""י ...</div>"
1576	hmf19400410-01.1.4	10 April 1940	hmf	Page 4	"<div class=""txtsearchsnippet"">... כל גרטל. אהרי הנאומים סייר הקהל בשוק. מקרה השוטר <b class=""highlightcolor"">בחיפה</b> מוסרים' שבקשר ליריות על השוטר ב• וינפלד לפני ימים ...</div>"
1577	hrt19481230-01.1.1	30 December 1948	hrt	Page 1	"<div class=""txtsearchsnippet"">... האנגלי בגרמניה כדי לגייס קציני . וורמאכט* מומחים עבור <b class=""highlightcolor"">ביה""ח</b> החדש לנשק באלכסנדריה. .</div>"
1578	hzh19481224-01.1.1	24 December 1948	hzh	Page 1	"<div class=""txtsearchsnippet"">... גולה חבר הנהלת הסוכנות י חבר נשיאות ממצת המדינה <b class=""highlightcolor"">בחיפה</b> וקויותיד. וירצה בליל, שבת ־בשעה ‭7. 30‬ בבית הכנסת ...</div>"
1579	itonamami19471028-01.1.2	28 October 1947	itonamami	Page 2	"<div class=""txtsearchsnippet"">... בית-חולים בנין ״של״ באיזור הבטחון יהפך לאגף האנגלי של <b class=""highlightcolor"">ביה״ח</b> הממשלתי. דױן על תאריך הפהירות לקהילה ועד הקהילה בירושלים ...</div>"
1580	dhy19341025-01.1.5	25 October 1934	dhy	Page 5	"<div class=""txtsearchsnippet"">... ־־ ‭4 ~~‬ המערבת וההגהלח בירושלים: תסכיף בתל'אביב: תפניף <b class=""highlightcolor"">בחיפה:</b> ‭_^ 2‬ בנין _יוםפוף רח' _בךיהודה ת. ר‭255. ‬ ...</div>"
1581	haretz19341228-01.1.3	28 December 1934	haretz	Page 3	"<div class=""txtsearchsnippet"">... חשנה ‭11‬ מושלמים, ‭52‬ נוצרים ו־‭1301‬ יהודים. יביה""ח הגרמני <b class=""highlightcolor"">בחיפה</b> נתקבלו ‭242‬ יהודים ולביה""ח שי המיסיון הסקוטי בטבריח 298 ...</div>"
1582	haretz19381223-01.1.2	23 December 1938	haretz	Page 2	"<div class=""txtsearchsnippet"">... וציין, כי הבניז ויישן שבו נמצא ביח""ח עד כה <b class=""highlightcolor"">(ביה""ח</b> נפתח למעשח בתחלת אוקטובר — המודיע) לא התאים כלל ...</div>"
1583	hmf19470804-01.1.4	4 August 1947	hmf	Page 4	"<div class=""txtsearchsnippet"">... יהודיה. הלויה יצאה ב־11 וחצי לפנה""צ מחדר המתים של <b class=""highlightcolor"">ביה""ח</b> ‭', ‬הדסה‭. ""‬ליד ביה""כנ של מושב הזקנים ברחוב _אלגבי ...</div>"
1584	hbkr19460901-01.1.3	1 September 1946	hbkr	Page 3	"<div class=""txtsearchsnippet"">... יריות הצבא ביום העוצר השניפי בהיפה, עזב אתמול את <b class=""highlightcolor"">ביה""ח.</b> פקודת מעצר לשבועיים הוצאה נגד קברנימיהן ומלחיהן של אניות ...</div>"
1585	haretz19450315-01.1.2	15 March 1945	haretz	Page 2	"<div class=""txtsearchsnippet"">... את התחנה המרכזית אחרו קצת את מועד היציאה המותר. <b class=""highlightcolor"">בחיפה</b> יום האבל הלאומי עבר <b class=""highlightcolor"">בחיפה</b> מתוך השתתפות מלאה של ...</div>"
1586	dav19360706-01.1.7	6 July 1936	dav	Page 7	"<div class=""txtsearchsnippet""><b class=""highlightcolor"">בחיפה</b></div>"
1587	dav19361213-01.1.57	13 December 1936	dav	Page 57	"<div class=""txtsearchsnippet"">... שלא _נתפוגגה הובאה למשטרת פתח-תקוה, מטיפים במסגד‭... ‬ סופרנו- <b class=""highlightcolor"">בחיפה</b> מודיע: ביים וי נאטי המטיפים במסגד על הצורך להגיש ...</div>"
1588	dav19370521-01.1.10	21 May 1937	dav	Page 10	"<div class=""txtsearchsnippet"">... ראשונה ‭}^^8‬ מחירים זולים )_נ ‭1_^ _6_^_^ | 61‬ <b class=""highlightcolor"">ביה""ח</b> , קירור' יי _"" רח' כפר גלעדי 20 שלטי ...</div>"
1589	dav19320619-01.1.4	19 June 1932	dav	Page 4	"<div class=""txtsearchsnippet"">... בתל-אביב ובירושלים — בכל משרדיהמהיר ‭; "" . ""‬ <b class=""highlightcolor"">בחיפה</b> — משרד "" המהיר"" שוק חמרה ע""י תחנת ־אוטומובילים. ...</div>"
1590	dav19301201-01.1.4	1 December 1930	dav	Page 4	"<div class=""txtsearchsnippet"">... המועצה ימשיכו לדו;בשאלת החניך ‭.. ‬ השאל־ בדבר העברה <b class=""highlightcolor"">ביה""ח</b> העיתינ- ‭,, ‬חדסח"" לרשות העיריה, שנתעוררה ע""י החי קפלן, ...</div>"
1591	dhy19350825-01.1.5	25 August 1935	dhy	Page 5	"<div class=""txtsearchsnippet"">... הם מצים לגלות בדיוק מה תהיה י מתוצרת של <b class=""highlightcolor"">ביה""ח</b> שלהם.</div>"
1592	dhy19350918-01.1.5	18 September 1935	dhy	Page 5	"<div class=""txtsearchsnippet"">... _החנוך והתרבות. בהמשך הישיבה בבהרה ועדה שתטפל בדבר בנין <b class=""highlightcolor"">ביה""ח</b> לחולי רוח. לועדה נב־ חדו ה' י. שושני , ...</div>"
1593	dhy19351113-01.1.8	13 November 1935	dhy	Page 8	"<div class=""txtsearchsnippet"">... לא תורשה הכניסה לאולם עד ההפסקה. מתר ינגן האמן <b class=""highlightcolor"">בחיפה.</b> "" ביזנס‭!""‬ חיים דוד _הויזמן, סוחר יינות בעיר העתיקה, ...</div>"
1594	dhy19351022-01.1.4	22 October 1935	dhy	Page 4	"<div class=""txtsearchsnippet"">... ששדדו את 14 המכוניות בקרבת נקודה‭"". ‬שהיתי בימים ההם <b class=""highlightcolor"">בחיפה,</b> שתיתי קפה ושיהקתי ב־ טאוולה"" ‭"")‬טריק־טרק‭-""(""‬מצהיר השר דד בבטהון‭... ...</div>"
1595	dhy19320919-01.1.1	19 September 1932	dhy	Page 1	"<div class=""txtsearchsnippet"">... מודעה דרוש רופא בית לביה""חהדםה"" "" של הההלה העברית' <b class=""highlightcolor"">בחיפה</b> בהצעות עם צרוף התעודות הדרושות ?פנית "" עד 25 ...</div>"
1596	dhy19360611-01.1.8	11 June 1936	dhy	Page 8	"<div class=""txtsearchsnippet"">... הושחת בכרס בירנשטיין בזכרון יעקב. דלקה קטנה פרצה בשוק <b class=""highlightcolor"">בחיפה.</b> 10 ביוני , _לז‭. _193‬ הודעה רשמית מספ־* ‭!03/36‬ ...</div>"
1597	dhy19310113-01.1.4	13 January 1931	dhy	Page 4	"<div class=""txtsearchsnippet"">... ברוניסלב הוברמן שהכנסתו מוקדשת לטובת אגודת ידידי ביה""ס לנגינה <b class=""highlightcolor"">בחיפה</b> .</div>"
1598	dhy19310315-01.1.4	15 March 1931	dhy	Page 4	"<div class=""txtsearchsnippet"">... ‬ על ?חג הזםדם?ךד _מטממ־מנחל האזסטרמ!מינה ‭^*:_!1!~‬ ־־יי ־־־ <b class=""highlightcolor"">בחיפה‭.</b> :‬טגצממ, *פה 556 מחס םוסיסלץ. ספיר ‭0, * —‬_גתי: ...</div>"
1599	dhy19310605-01.1.11	5 June 1931	dhy	Page 11	"<div class=""txtsearchsnippet"">... בנק, _תלפון 79 ת. ת 21 קופות מלוה וחסכון <b class=""highlightcolor"">בחיפה</b> קופת מלוח וחסכון קואופרטיבית של חעובדים.</div>"
1600	haretz19320703-01.1.1	3 July 1932	haretz	Page 1	"<div class=""txtsearchsnippet"">־ 8 הנהלת בית משפט | השלום העברי <b class=""highlightcolor"">בחיפה</b> X * א סברכת את מזביד בית המשפט א ...</div>"
1601	haretz19321101-01.1.1	1 November 1932	haretz	Page 1	"<div class=""txtsearchsnippet"">... ן ס *0קפלז י ? הועד והסועצד! של המודח' <b class=""highlightcolor"">בחיפה</b> I 5 !י‭""|‬ב"" :י I | לנשאי בתו מרים ...</div>"
1602	haretz19350610-01.1.4	10 June 1935	haretz	Page 4	"<div class=""txtsearchsnippet"">... •הנמצא ביפו, שוכנת בדרך שבין יפו לתל אביב, ע""י <b class=""highlightcolor"">ביה""ח</b> וננר והמכיל א) אדמה בת ‭1590. 60 ‬ מ""מ? ...</div>"
1603	haretz19341118-01.1.6	18 November 1934	haretz	Page 6	"<div class=""txtsearchsnippet"">רוצים בהגבלת ש:־ החנויות שנים מסוחרי הערבים <b class=""highlightcolor"">בחיפה</b> שיתו ינציב העליון טלגרמה, שבה הם מבקשים מאותו בשם ...</div>"
1604	haretz19381107-01.1.1	7 November 1938	haretz	Page 1	"<div class=""txtsearchsnippet""><b class=""highlightcolor"">ביה""ח</b> לחולי רות בבני ברק - מוסד ארצי</div>"
1605	haretz19390113-01.1.1	13 January 1939	haretz	Page 1	"<div class=""txtsearchsnippet"">... ממונה לנהל לשכה מיוהדת של הכרתנו בהיפה משרדו נמצא <b class=""highlightcolor"">בחיפה</b> הדר הכרמל, רחוב הרצל מס. ‭21 ‬ טלפץ מפי ...</div>"
1606	haretz19390514-01.1.8	14 May 1939	haretz	Page 8	"<div class=""txtsearchsnippet"">... ליובל ה ־15 של ""ר ? ? ? חיפה <b class=""highlightcolor"">ביהח</b> ‭?V ‬ - . ?--־ . "". . . ...</div>"
1607	haretz19340815-01.1.1	15 August 1934	haretz	Page 1	"<div class=""txtsearchsnippet"">אתמול נתבררו לפני •השופט הבריטי <b class=""highlightcolor"">בחיפה</b> ־י קאדי. במה משפטים של עולים יהודים שנתבעו לדין ...</div>"
1608	haretz19430820-01.1.1	20 August 1943	haretz	Page 1	"<div class=""txtsearchsnippet"">... בשמחה שנולדה לחפ בת וסזמה משדאל אליגודלז תל אביב, <b class=""highlightcolor"">ביה""'ח</b> פרויד, *‭15. 8. 4 ‬</div>"
1609	haretz19430926-01.1.3	26 September 1943	haretz	Page 3	"<div class=""txtsearchsnippet"">... תרומותיהם בבנקים קו""ע ואפ""ב ע""ש:קרן "" לתקון ההרס של <b class=""highlightcolor"">ביה""ח</b> בקור־ חולים ירושלים"". ב) לצח* את כתובתיהם המלאות כדי ...</div>"
1610	hbkr19351111-01.1.5	11 November 1935	hbkr	Page 5	"<div class=""txtsearchsnippet"">... הפועלים ושל בעליו. אמש היתה ישיבת לשכת המםהד והתעשיה <b class=""highlightcolor"">בחיפה,</b> שבה דנו על השביתה. אנו מזכירים לקוראינו שהשביתה פרצה ...</div>"
1611	hmf19410616-01.1.4	16 June 1941	hmf	Page 4	"<div class=""txtsearchsnippet"">... םיירל חאלרחים את בית החרושת על מחלקותיו השונות ובעלי <b class=""highlightcolor"">ביה""ח</b> האחים קלוצמן נתנו •הסברות על התפתחות המפעל מז־ מן ...</div>"
1612	hmf19410617-01.1.3	17 June 1941	hmf	Page 3	"<div class=""txtsearchsnippet"">... קניגשטיין"" מתבקשת להודיע את כתבתה או ?סור לועד הקהלד, <b class=""highlightcolor"">בחיפה</b> (הדר מם' ‭(9‬ בקשר לד־ רישת שלום ע""י הצלב ...</div>"
1613	hmf19430804-01.1.4	4 August 1943	hmf	Page 4	"<div class=""txtsearchsnippet"">... בטעות במודעות. לחברי התנועה הלאומית כל הברי התנועה הלאומית <b class=""highlightcolor"">בחיפה</b> אשר קבלו הודעות ־מאת ועד הבהירות של ‭"". ‬ ...</div>"
1614	hmf19430530-01.1.4	30 May 1943	hmf	Page 4	"<div class=""txtsearchsnippet"">... קשות יש להגיש יעד יום ‭20. 6. 43‬ למשרד <b class=""highlightcolor"">ביה""ח</b> (רחוב בלפור‭. (‬ פדטי_^ אפשר לקבל אצל האתות הראשית ...</div>"
1615	hmf19421127-01.1.6	27 November 1942	hmf	Page 6	"<div class=""txtsearchsnippet"">קיסר. שנויים בהרכב הועד המנהל של <b class=""highlightcolor"">ביה""ח</b> רוטשילד בישיבת הועה""פ של הקהילה בהי־ פה אתמול הוכנסו ...</div>"
1616	hmf19460305-01.1.4	5 March 1946	hmf	Page 4	"<div class=""txtsearchsnippet"">... מחסן הסחורות הגנובות ברחוב גורה ‭, 4‬עזב אתמול את <b class=""highlightcolor"">ביה""ח</b> ‭. ""הירקון""‬נקכעו אצלו שני שברים באף ופצע קשה מתחת ...</div>"
1617	hbkr19460719-01.1.7	19 July 1946	hbkr	Page 7	"<div class=""txtsearchsnippet"">חיפה ההייליש המשוהרריש, המעונינים כשיכין בבת־גלים <b class=""highlightcolor"">בחיפה,</b> מתבקשים לפנות לועדת חשיכון בםועחן חחייל, רחוב חרצל ‭. ...</div>"
1618	hbkr19380408-01.1.6	8 April 1938	hbkr	Page 6	"<div class=""txtsearchsnippet"">... ‭10. 438 ‬ בשעה ‭1030‬ לםנה""צ. בבתי טאידוף, עיי <b class=""highlightcolor"">ביה""ח</b> וולד. ירושלים.</div>"
1619	hmf19460929-01.1.1	29 September 1946	hmf	Page 1	"<div class=""txtsearchsnippet"">... אינח שוכחת‭... ‬ ד""ר ווייזל אמר היום לעזוב את <b class=""highlightcolor"">ביה""ח</b> ""הדסה"" ולפי עצת הרופאים התכונן לבלות ימים אחדים בפנסיון ...</div>"
1620	hmf19451223-01.1.4	23 December 1945	hmf	Page 4	"<div class=""txtsearchsnippet"">... ו־5 עובדי האניה ""דימיטריוס"" זוכו אתמול ע""י ביה""ד המחוזי' <b class=""highlightcolor"">בחיפה‭-.</b> ‬ בפסק־דינו המנומק של כב' השופט דיקיגםון, שישב כדן ...</div>"
1621	hmf19460714-01.1.1	14 July 1946	hmf	Page 1	"<div class=""txtsearchsnippet""><b class=""highlightcolor"">ביה""ח</b> ""הדסה"" ת""א יום ה' י""ב תמוז תש""ו ‭11. 7. ...</div>"
1622	hmf19460602-01.1.4	2 June 1946	hmf	Page 4	"<div class=""txtsearchsnippet"">... — טען העו""ד י. שפירא בפגי נשיא ביה""ד המחוזי <b class=""highlightcolor"">בחיפה,</b> כב' השופט ולדון בתביעה שהוגשה</div>"
1623	hzh19440712-01.1.4	12 July 1944	hzh	Page 4	"<div class=""txtsearchsnippet"">... לו בעד הרצאתו המעניינת• ייפתחו מסעדות ארצישראליות בקרוב ייפתחו <b class=""highlightcolor"">בחיפה</b> מסעדות מט־ עם המפקח על האספקה כדוגמת אלה שנפתחו ...</div>"
1624	khm19470406-01.1.4	6 April 1947	khm	Page 4	"<div class=""txtsearchsnippet"">... ‭0. 600 —‬ לאיי מודעות גדולות _וקבועותלפי הסבם‭!. ‬אמרנה' <b class=""highlightcolor"">בחיפה:</b> הרצל 59‬ ‭""</div>"
1625	khm19470813-01.1.4	13 August 1947	khm	Page 4	"<div class=""txtsearchsnippet"">... עבודתם של עובדי חברת ""של"" בארץ. אירגון דומה קייס <b class=""highlightcolor"">בחיפה</b> ב""של"" וחב־ רוח נפט אחרות וגם שם עומד הוא ...</div>"
1626	kolisraeljlm19460214-01.1.3	14 February 1946	kolisraeljlm	Page 3	"<div class=""txtsearchsnippet"">... המסומית למוסדות החנוך מוסדות החנוך של היתרות החרדית (הת;ת <b class=""highlightcolor"">ביה״ח</b> ""בית יעקב• וגן הילדים) היו מקופחים עד כה בתמיכת ...</div>"
1627	itonamami19470928-01.1.1	28 September 1947	itonamami	Page 1	"<div class=""txtsearchsnippet"">... ױלגה״, הגיע ביום הי לארץ. הוא מתארח אצל אחיו <b class=""highlightcolor"">בחיפה.</b> הארכיבישוף של בירות כעד ארץ-ישראל יהודית בירות (סל״צ) — ...</div>"
1628	hayomjlm19480215-01.1.3	15 February 1948	hayomjlm	Page 3	"<div class=""txtsearchsnippet"">... לתת מחסה לאנשי הכנופיות. להפסיק את הקשר הועדה הלאומית <b class=""highlightcolor"">בחיפה,</b> דרשה מנכבדי הכפרים הערביים שבמחוז, להפסיק מיד את קשריהם ...</div>"
1629	hayomjlm19480524-01.1.2	24 May 1948	hayomjlm	Page 2	"<div class=""txtsearchsnippet"">... המצרים לו התכוונו כלל להפציץ את שדה התעופה הבריטי <b class=""highlightcolor"">בחיפה</b> אולם בגלל מזג האוויר הגרוע טעו הטייסים בדרכם. המצרים ...</div>"
1630	dav19480216-01.1.3	16 February 1948	dav	Page 3	"<div class=""txtsearchsnippet"">תיאמת!קמרי <b class=""highlightcolor"">בחיפה</b></div>"
1631	dav19440525-01.1.4	25 May 1944	dav	Page 4	"<div class=""txtsearchsnippet"">... _הסוכלוו!בחיפה. יזמה גאת ארגון בעלי המלונות, המסעדות ובתי־ הקפה <b class=""highlightcolor"">בחיפה</b> החליט להקדיש באחד הימים הקרובים ‭- 50_^0‬ מההכנסה ברוטו ...</div>"
1632	haretz19470603-01.1.3	3 June 1947	haretz	Page 3	"<div class=""txtsearchsnippet"">... ת""א יום ה' ‭5. 6‬ ב־9 בארמון בפעם האחרונה <b class=""highlightcolor"">בחיפה</b> מוצ""ש ‭7. 6‬ ב־9 בבית העם ת""א העוצר הגדול ...</div>"
1633	haretz19450619-01.1.3	19 June 1945	haretz	Page 3	"<div class=""txtsearchsnippet"">‭,, ‬המטאטא"" <b class=""highlightcolor"">בחיפה</b> ביום חמישי ‭21. 6. 45‬ באולם ""ארמון- בשעה 9 ...</div>"
1634	haretz19430811-01.1.2	11 August 1943	haretz	Page 2	"<div class=""txtsearchsnippet"">... ""בנ--מל"" מתואר יום אחד מחיי העובדים בנ- , מל <b class=""highlightcolor"">בחיפה:</b> ציפיתם לאדה שתביא מטע; לפריקה, בואה של אדה אחרת ...</div>"
1635	hbkr19480927-01.1.2	27 September 1948	hbkr	Page 2	"<div class=""txtsearchsnippet"">... "" 3689 ‬ ‭* 7. 500 "" 3689 ‬ <b class=""highlightcolor"">ביה־־ח</b> העירזו• הרסה־ . בתל־אביב לניה־ח העירוני ""הוסח• נתל־אנינ דד!ש ...</div>"
1636	hbkr19461209-01.1.3	9 December 1946	hbkr	Page 3	"<div class=""txtsearchsnippet"">... בראשודלציון יום ה' ‭12. 12‬ נ־י באולם . ארמוך <b class=""highlightcolor"">בחיפה</b> השבוע - ־ הילד המושחת""־ - ביגור "" יום ...</div>"
1637	haretz19470305-01.1.2	5 March 1947	haretz	Page 2	"<div class=""txtsearchsnippet"">... הפועלים ולשכות העבודה. נעשו סידורים שונים להבאת אספקה מ""וןמשביר"" <b class=""highlightcolor"">בחיפה.</b> ""אהל"" כרמת-גן הערב הצגת -המכשפה"" באולם ""רמה"" ב־‭. 8 ...</div>"
1638	haretz19331218-01.1.1	18 December 1933	haretz	Page 1	"<div class=""txtsearchsnippet"">... 233. הטלפון 12^ לפלגרמות—הארץ' ת״א הסניף בירושלים - הסניף <b class=""highlightcolor"">בחיפה</b> — רחוב יסי. בית אפינוב. רחוב הנמל בית משיבר ...</div>"
1639	ahr19460925-01.1.18	25 September 1946	ahr	Page 18	"<div class=""txtsearchsnippet"">... בל היום לא נמסרה גווייתו ן למוסדות הקהלר, היהודית <b class=""highlightcolor"">בחיפה</b> ‭I !‬ םתל־אביב‭i |‬ בשעה 12 בדיוק נסגרו בת""א ...</div>"
1640	ahr19461127-01.1.4	27 November 1946	ahr	Page 4	"<div class=""txtsearchsnippet"">... _כימיפ אדה הוועד הלאומי קורא היום לכי־ נוס יישובי <b class=""highlightcolor"">בחיפה</b> נוכח סכנת הגירוש של מעפילי ""כנסתיש ־־ ראל‭. ""‬כינוס ...</div>"
1641	ahr19431202-01.1.3	2 December 1943	ahr	Page 3	"<div class=""txtsearchsnippet"">... מגיע ל־‭25. 000‬ לא""י בערך. בית־הבראד, זה יחד עם <b class=""highlightcolor"">ביה""ח</b> הדסה בצפת הם המוסדות הציבוריים _היתידים שעלי ־ הם ...</div>"
1642	ahr19471024-01.1.9	24 October 1947	ahr	Page 9	"<div class=""txtsearchsnippet"">... בלילה . אור לי ום ה' הותקף גיורג' םאבאר <b class=""highlightcolor"">בחיפה</b> ונדקר בידו‭2. ‬ הפצועים נאספי אל בית־ההולים הממשלתי. נפצע ...</div>"
1643	ahr19481008-01.1.1	8 October 1948	ahr	Page 1	"<div class=""txtsearchsnippet"">... פרקליט־המד־ נה ה. כהן. ביום ב' ייפתח בית־דין דומה <b class=""highlightcolor"">בחיפה'</b> בו יכהן כיו""ר שופט בית־המשפט המחוזי, מ. ע צ ...</div>"
1644	dav19390723-01.1.5	23 July 1939	dav	Page 5	"<div class=""txtsearchsnippet"">... ל 1 מ חבילות לרוסיה מבמר_^דנלעלאויגיםא_^ל""ם 3גזתיריס _גוחיט סניף <b class=""highlightcolor"">בחיפה‭.</b> -‬גיוריה, ימ1ב יחיאל 4</div>"
1645	dav19470902-01.1.3	2 September 1947	dav	Page 3	"<div class=""txtsearchsnippet"">... •‭-. ‬ בנתניה_^ יום ה' ‭4. 9‬ ב־9 בארטוו <b class=""highlightcolor"">בחיפה</b> _גרג""ש ‭6. 9‬ בבית העם ת'יא •ום ד‭8. 9 ...</div>"
1646	dav19460724-01.1.3	24 July 1946	dav	Page 3	"<div class=""txtsearchsnippet"">... המשפט את הצו שימצא לנכון. רשכ בית המשפט המחוזי <b class=""highlightcolor"">בחיפה.</b> ‭20. 7. 46 ‬</div>"
1647	dav19480104-01.1.3	4 January 1948	dav	Page 3	"<div class=""txtsearchsnippet"">... בשעה 9 כרטיסים: בתל־אביב: במשרד התזמורת, אלנבי ‭. 56‬ <b class=""highlightcolor"">בחיפה</b> :במשרד ק. גינצבורג, הרצל ‭. 25‬ לחברי סניף הפועלים ...</div>"
1648	dav19421019-01.1.2	19 October 1942	dav	Page 2	"<div class=""txtsearchsnippet"">... מתבקשים להרשפ לסייר היום במרנז _החקלאי בת""א או בתכניון <b class=""highlightcolor"">בחיפה.</b> פרקי היום בתנץי _שופטים, _פרקיט י‭—&lt;‬ו. שמעו ברדיו _ת‭;_5‬ית ...</div>"
1649	dav19450902-01.1.3	2 September 1945	dav	Page 3	"<div class=""txtsearchsnippet"">פתח חנות לשעונים, כפף <b class=""highlightcolor"">בחיפה,</b> רחוב החלוץ</div>"
1650	dav19430617-01.1.3	17 June 1943	dav	Page 3	"<div class=""txtsearchsnippet"">... _קר*ת חייט פגישה של כל חברי ועדית אגודות שכון <b class=""highlightcolor"">בחיפה</b> והסביבה! י לשט בדור התקנון של הקרן לצזרה הדדית ...</div>"
1651	haretz19320428-01.1.3	28 April 1932	haretz	Page 3	"<div class=""txtsearchsnippet"">בית קופת חולים <b class=""highlightcolor"">בחיפה</b></div>"
1652	haretz19340916-01.1.1	16 September 1934	haretz	Page 1	"<div class=""txtsearchsnippet""><b class=""highlightcolor"">בחיפה</b></div>"
1653	haretz19340527-01.1.1	27 May 1934	haretz	Page 1	"<div class=""txtsearchsnippet"">... 1 ?ן מנהל וממומן ופועלי ‭II ‬ 5־ ^ <b class=""highlightcolor"">ביהח</b> !ןןו^ןוי ""^ רוו^ """"זטגה """"""ןןןןן • ""^ןמן 3 ^ ...</div>"
1654	haretz19460319-01.1.1	19 March 1946	haretz	Page 1	"<div class=""txtsearchsnippet"">... חובקים בת תל־אביב, י""ד אדר ב' ‭17. 3. 46‬ <b class=""highlightcolor"">ביה""ח</b> ""אסותא"".</div>"
1655	haretz19460809-01.1.1	9 August 1946	haretz	Page 1	"<div class=""txtsearchsnippet"">... להודיע על חולדת בנם מל־אביב, ח' אב תש""ו (‭5*46‬) <b class=""highlightcolor"">ביה""ח</b> אסותא רזד שלפה המלך ד9</div>"
1656	haretz19471121-01.1.8	21 November 1947	haretz	Page 8	"<div class=""txtsearchsnippet"">... פורהורט, ה""ה פוקפיתבין, רח' בךיהווח*"" נילמיז ‭. 2120 ‬ <b class=""highlightcolor"">בחיפה:</b> 1) ""הדר"" משרד למשלוח פת הדר, יחי הנמל, בגין ...</div>"
1657	haretz19390110-01.1.6	10 January 1939	haretz	Page 6	"<div class=""txtsearchsnippet"">... 1‬ בהדרה יחידה לשומרון קד וחם מחרתים ‭12. 1‬ <b class=""highlightcolor"">בחיפה</b> 3 הצגות עממיות ב־3 וב־9 קר וחם מוצ""ש ‭14. ...</div>"
1658	haretz19381228-01.1.5	28 December 1938	haretz	Page 5	"<div class=""txtsearchsnippet"">‭'?. '£, 11‬ <b class=""highlightcolor"">בחיפה</b> א8ב־0 ""אןרה' מחי ^ י יום חמישי ‭29. 12. ...</div>"
1659	haretz19410702-01.1.4	2 July 1941	haretz	Page 4	"<div class=""txtsearchsnippet""><b class=""highlightcolor"">בחיפה</b></div>"
1660	haretz19480607-01.1.1	7 June 1948	haretz	Page 1	"<div class=""txtsearchsnippet"">... משה שרתוק בפגי העתוגאים אחרי פגישה עם הרוזן ברנאדוט <b class=""highlightcolor"">בחיפה</b> מועד זמני לשביתת־הנשק - הוא יש ה' ‭10‬ ביוני</div>"
1661	haretz19440813-01.1.3	13 August 1944	haretz	Page 3	"<div class=""txtsearchsnippet"">... בראשון ?ציח . יום הי ‭17. 8‬ צלילי שופרמ <b class=""highlightcolor"">בחיפה</b> מוצ""ש ‭19. 8‬צלילי שובדפ "" מוגךבי יום א' ‭20. ...</div>"
1662	haretz19451224-01.1.3	24 December 1945	haretz	Page 3	"<div class=""txtsearchsnippet"">... קורצויל: מחזות שקפפיר (האמלט). ב־‭8. 15 ‬ 1 ובשיתוף <b class=""highlightcolor"">ביה""ח</b> רוטשילד) ד""ר י. זיידה:| התקדמויות ברפואה: תרופות סולפה ופגיצילין. ...</div>"
1663	hbkr19390823-01.1.6	23 August 1939	hbkr	Page 6	"<div class=""txtsearchsnippet"">ן "" אהל"" <b class=""highlightcolor"">בחיפה</b> I ‭-1‬ אודם , *ודד. "" I מ ח ...</div>"
1664	hmf19480611-01.1.8	11 June 1948	hmf	Page 8	"<div class=""txtsearchsnippet"">... החיילים שיפנו אזורים שונים בשטח המובלעת עם צמצומה, ירוכזו <b class=""highlightcolor"">בחיפה</b> ובסביבתה הקרובה.</div>"
1665	hmf19471201-01.1.1	1 December 1947	hmf	Page 1	"<div class=""txtsearchsnippet"">... קשה. - גויתה של הנרצחת נדיה כהן הוצאה מ־ <b class=""highlightcolor"">ביה""ח</b> בת""א והועברה לפנות ערב לכיה""ח ""הדסה"" בירושלים, ההרוגה עבדה ...</div>"
1666	hbkr19420710-01.1.6	10 July 1942	hbkr	Page 6	"<div class=""txtsearchsnippet"">... מזרע, תל־עדשים, נשר גדעון, נלשוריה, מחנה ישראל, כשר ילדים, <b class=""highlightcolor"">ביה־ח</b> המרנזי, הקבוץ מרחביה, מושב מד־ חביה, עשולה• משק השועלות ...</div>"
1667	hbkr19410817-01.1.4	17 August 1941	hbkr	Page 4	"<div class=""txtsearchsnippet"">ראשית בנית <b class=""highlightcolor"">ביה''ח</b> רוטשילד <b class=""highlightcolor"">בחיפה</b></div>"
1668	hbkr19430520-01.1.4	20 May 1943	hbkr	Page 4	"<div class=""txtsearchsnippet"">... את הטרגדיח בעין גדי אשתקד, ארע ביום ג' אחהיצ <b class=""highlightcolor"">בחיפה</b> של קיסריה -ד חדרון. ילדים מבית הפסד . רחביה• ...</div>"
1669	hbkr19380426-01.1.6	26 April 1938	hbkr	Page 6	"<div class=""txtsearchsnippet"">... הפזנירות פתוחה בשעות ‭10—8‬ פדי ערב נערב. — נפשרד <b class=""highlightcolor"">ביה־ח</b> העירוני . הדסה־ נת־א נצטברו חפצי־ערד שנתקניו פחויים שונים ...</div>"
1670	hbkr19381023-01.1.3	23 October 1938	hbkr	Page 3	"<div class=""txtsearchsnippet"">כמוצ""ש וביוכ א' - פרט לטובת מכבי אש המתנדביס <b class=""highlightcolor"">בחיפה</b></div>"
1671	hmf19460619-01.1.4	19 June 1946	hmf	Page 4	"<div class=""txtsearchsnippet"">אב""דות _למתקיכים <b class=""highlightcolor"">בחיפה</b></div>"
1672	hmf19460814-01.1.2	14 August 1946	hmf	Page 2	"<div class=""txtsearchsnippet"">... ! רצונה. כאן ההסבר לעובדה שנידונה בזמנה בעתונות בענין <b class=""highlightcolor"">ביה""ח</b> <b class=""highlightcolor"">בחיפה.</b> קים שם בית חולים של הקהלת ה־ עברית, ...</div>"
1673	hmf19460903-01.1.4	3 September 1946	hmf	Page 4	"<div class=""txtsearchsnippet"">... את מחזור א' של בית הספר לאחיות ""הדסה"" שע""י <b class=""highlightcolor"">ביה""ח</b> העירוני בת""א. לכבוד סיום המחזור נערך טכס הגמר והגב' ...</div>"
1674	hzh19420412-01.1.4	12 April 1942	hzh	Page 4	"<div class=""txtsearchsnippet"">... יסודרו מקומיות־ ליגה, כולן מתבקשות לבוא. !י הסגה . <b class=""highlightcolor"">בחיפה'</b> • בן י-ג עובדי הסנה <b class=""highlightcolor"">בחיפה</b> סידרו מסיבה למלאות ...</div>"
1675	hzh19390510-01.1.4	10 May 1939	hzh	Page 4	"<div class=""txtsearchsnippet"">... איש ו־153 מקרים הועברו לחדר •מקרי אסון העירוני• זדי <b class=""highlightcolor"">ביה""ח</b> ""הדסה‭? ) . ""‬ מלבד במקרי אסון יצאו האמיולאנ־ ...</div>"
1676	hzh19480119-01.1.4	19 January 1948	hzh	Page 4	"<div class=""txtsearchsnippet"">... או גינוי הרצח ' השפל של ד""ר להר, מנהל <b class=""highlightcolor"">ביה""ח</b> הממשלתי של ? ביתצפפה, בשעת_^עבודתו, היא י מצאה לנכון ...</div>"
1677	yarden19340604-01.1.4	4 June 1934	yarden	Page 4	"<div class=""txtsearchsnippet"">... המקרא. הכניסה 'חופשית לכל תמתענינים• ־ י ן לפתיחת <b class=""highlightcolor"">ביה""ח</b> בקוד חולים הוח?ט ?בוא ?ידי חםכמעס|עובח בקור תו?ים וכן ...</div>"
1678	dav19481130-01.1.3	30 November 1948	dav	Page 3	"<div class=""txtsearchsnippet"">... 30‬ סיור בוטני בהדרכת י. גלימצר נפגשיט עיי שער <b class=""highlightcolor"">ביה""ח</b> הירקון, תחנה סופית של מס' ‭. 13‬ ב‭,, ‬אהל-שם‭:-‬ ...</div>"
1679	dav19480218-01.1.3	18 February 1948	dav	Page 3	"<div class=""txtsearchsnippet"">הוטד המנהל של <b class=""highlightcolor"">ביה'ח</b> _האירוני הדסה בתל־אגיב מכריז בזח על ק _ונקורס למשרות ...</div>"
1680	dav19440623-01.1.6	23 June 1944	dav	Page 6	"<div class=""txtsearchsnippet"">... אח _םבזקשך ולספק לך כמה בקבזקיביררו. זיוחר מכולם היה <b class=""highlightcolor"">_ביה־ח</b> לבירה מאושר אילו היה _ביכלתו לשדה את השוק האזרחי ...</div>"
1681	dav19431226-01.1.4	26 December 1943	dav	Page 4	"<div class=""txtsearchsnippet"">לם1הל <b class=""highlightcolor"">_ביהח</b> -ך</div>"
1682	dav19450318-01.1.4	18 March 1945	dav	Page 4	"<div class=""txtsearchsnippet"">... לקבל בתללאביב: מרכז ""הפועל‭. ""‬יחי לילינבלוט 39 קומה ג'ז <b class=""highlightcolor"">בחיפה:</b> בב‭, , 0""‬העץ‭, ""‬ףח' הרצל, בית הקרנ ות־ בירושלים; ...</div>"
1683	haretz19460619-01.1.5	19 June 1946	haretz	Page 5	"<div class=""txtsearchsnippet"">... 6‬ ""חפלה המבורה' בבפר־םבא יופ ה' ‭20. 6‬ ""העמל^' <b class=""highlightcolor"">בחיפה</b> ב־9 ב""ארמון"" יום א' ‭23. 6‬ ""לה פוהב־ במוגרבי ...</div>"
1684	haretz19470106-01.1.4	6 January 1947	haretz	Page 4	"<div class=""txtsearchsnippet"">... של בר מיצר. שביתת קצבים בהיפה אתמול הפסיקו הקצבים <b class=""highlightcolor"">בחיפה</b> את שחי־ סת הבקר בגלל דרישת ועד הקהילה להעלות ...</div>"
1685	haretz19480227-01.1.7	27 February 1948	haretz	Page 7	"<div class=""txtsearchsnippet"">ב""ח הספד לאחיות על יד <b class=""highlightcolor"">ביה""ח</b> העידו!?הדסה'"" ת""* תלמידות "" הרשמת הנהלת בית הספר לאחיות ...</div>"
1686	haretz19480212-01.1.3	12 February 1948	haretz	Page 3	"<div class=""txtsearchsnippet""><b class=""highlightcolor"">בחיפה</b></div>"
1687	haretz19440623-01.1.6	23 June 1944	haretz	Page 6	"<div class=""txtsearchsnippet"">... לפנות: ת. ד. ‭398‬ חיפה עבור רופא. "" אבךה <b class=""highlightcolor"">בחיפה</b> בין ‭20. 5—15. 6. 44 ‬ תעודת זהות על ...</div>"
1688	haretz19440525-01.1.3	25 May 1944	haretz	Page 3	"<div class=""txtsearchsnippet"">... עזרה ראשונה דידדיס , מורעלי קיכה על־יד המרפאה שי <b class=""highlightcolor"">ביה""ח</b> העירוני בתל־אביב (רחוב מזא""ה ‭15‬ נפתחה תחנה לעזרה ראשינה ...</div>"
1689	hmf19481122-01.1.2	22 November 1948	hmf	Page 2	"<div class=""txtsearchsnippet"">לאחר שעזב את <b class=""highlightcolor"">ביה""ח</b> החל להתחקות על עברה של אשתו ואז נודע לו, ...</div>"
1690	hbkr19470709-01.1.3	9 July 1947	hbkr	Page 3	"<div class=""txtsearchsnippet"">... יום ו- ‭"". 7‬ ערב עם כל חכרי המטאטא"" <b class=""highlightcolor"">בחיפה</b> "" מוצ""ש ‭12. 7‬ ב־‭6. 45‬ וב־9 בעפולה יום ...</div>"
1691	hbkr19470730-01.1.3	30 July 1947	hbkr	Page 3	"<div class=""txtsearchsnippet"">... ידידת הגאונים. מהדורה בי. הוצאת בית חספר הריאלי העברי <b class=""highlightcolor"">בחיפה.</b> תש־ז. (‭88‬ עמי) בתוכן: זה הוא ספר למיד בתולדות ...</div>"
1692	hbkr19470515-01.1.3	15 May 1947	hbkr	Page 3	"<div class=""txtsearchsnippet"">... 8625 ‬ **&gt;***^‭**+ 4 0¥#*#*4*¥1^^1 ‬ קונצרט 6 למגו""ם <b class=""highlightcolor"">בחיפה</b> חתזמורת מנצחת על עצמה בתלנית: פרוקופ""ר. שטאמיץ־פדטוש וצייקיבסקי. הערב. ...</div>"
1693	hbkr19470619-01.1.3	19 June 1947	hbkr	Page 3	"<div class=""txtsearchsnippet"">... אש מתנדבים עבריים בארץ ישראל. שנערכה בתחנח מכבי־אש מתנדבים <b class=""highlightcolor"">בחיפה.</b> מליאת המרכז הדגישה שהציוד הממשלתי. שגמסר בזמנו לגדודי הכבאים. ...</div>"
1694	hbkr19470406-01.1.3	6 April 1947	hbkr	Page 3	"<div class=""txtsearchsnippet"">... בזמנו. יתקיים נ־‭15. 4. 47 ‬ ונ־‭16. 4. 47‬ <b class=""highlightcolor"">בחיפה</b> ונ־‭17. 4. 47‬ בעע־לה. הכינוס יפתח ב־ד‭15. 4. 4‬ ...</div>"
1695	hbkr19440807-01.1.2	7 August 1944	hbkr	Page 2	"<div class=""txtsearchsnippet"">... 44‬ במכתב הזה הודיעה :יעצת פועלי היסה, שאס הנהלת <b class=""highlightcolor"">ביה'''ח</b> לא תקבל את דרישתה של מועצת פועלי חיפה. יבריזו ...</div>"
1696	hador19481230-01.1.2	30 December 1948	hador	Page 2	"<div class=""txtsearchsnippet"">;לפתיחת <b class=""highlightcolor"">ביה״ח</b> המדכזי שלדלתהלמלחמה:שהפת שט״י כני-כרק)</div>"
1697	ahr19480109-01.1.3	9 January 1948	ahr	Page 3	"<div class=""txtsearchsnippet"">בוועידת־היסוד של מפלגת פועלים , שומר הצעיר, שנתכנסה <b class=""highlightcolor"">בחיפה</b> בימים ‭23—2:‬ בפברואר ‭, 1946‬חוחלט לפנות קריאה לתנועה לאחדות־העבודד, ...</div>"
1698	haretz19430916-01.1.4	16 September 1943	haretz	Page 4	"<div class=""txtsearchsnippet"">... פקוד הוליפ. ירושליפ הכרזה מתקבלות הצעות לתקון הגג שא <b class=""highlightcolor"">ביה""ח</b> בקור חואים שנתקלקל ארכאי השרפה. קבלני גנות־אספאט הטעגנינים בעבודה ...</div>"
1699	hbkr19410303-01.1.3	3 March 1941	hbkr	Page 3	"<div class=""txtsearchsnippet"">... אחרים יש צורך לקבל מקודם רשיון מיוחד. שיור במגרש <b class=""highlightcolor"">ביה""ח</b> רוטשי־ד ביום ה' אהה""צ נעדר בקור על מגרש <b class=""highlightcolor"">ביה""ח</b> ...</div>"
1700	baderech19350621-01.1.2	21 June 1935	baderech	Page 2	"<div class=""txtsearchsnippet"">החברה המפתחת את פעולתה <b class=""highlightcolor"">בחיפה</b> נוסדה בסוח יאנואר ש. ז., בחון של 45 אלח ...</div>"
1701	haretz19330718-01.1.4	18 July 1933	haretz	Page 4	"<div class=""txtsearchsnippet"">חדש <b class=""highlightcolor"">בחיפה</b> נפתח נית קפה מודרני ע-, סו מ■ א־יטר, 10? ...</div>"
1702	lakkarov19451004-01.1.7	4 October 1945	lakkarov	Page 7	"<div class=""txtsearchsnippet"">... יולי, אהרון, יאנצי בבית. רוצים לעלות. 9. מושקוביץ ליל, <b class=""highlightcolor"">ביה,״ח</b> בילינסון — סידי בבודאפסט; שלומה טוב; אבא בדרך אליה. ...</div>"
1703	ahr19440825-01.1.10	25 August 1944	ahr	Page 10	"<div class=""txtsearchsnippet"">סניף רמת־גן; כביש פתח־ תקוה, מולי <b class=""highlightcolor"">ביה""ח</b> »קשת‭, «‬טלפון 7157</div>"
1704	dav19370816-01.1.10	16 August 1937	dav	Page 10	"<div class=""txtsearchsnippet"">... חיפה. ? ידוע פןךד. כ'ממשלה את _, _מוןנצת העיריה <b class=""highlightcolor"">בחיפה</b> בימי _פורעות, ו‭??‬תה כמה מהבךיר, _ןוןנןה 3פוע_?ת במקו ים ...</div>"
1705	dav19351004-01.1.13	4 October 1935	dav	Page 13	"<div class=""txtsearchsnippet"">... ל71חל1ח עצבים ןךןח !ל3ידוטךפיה השתקע בירושלים רחוב הנביאים מול <b class=""highlightcolor"">ביה""ח</b> הגרמני השעות: ‭6—4, 12—9 ‬</div>"
1706	dav19350307-01.1.4	7 March 1935	dav	Page 4	"<div class=""txtsearchsnippet"">... מנדלי ובשובו אחרי בשעה ראה והנה אינם. תאור: מספר <b class=""highlightcolor"">ביה""ח</b> י684439 מם' יעירוני ‭.. 261/34‬ י בקורה היחידי של ...</div>"
1707	dav19350628-01.1.1	28 June 1935	dav	Page 1	"<div class=""txtsearchsnippet"">... בידו נמצא הכסף. דובר בינו לשוטקיז _להפגש כמלון אחד <b class=""highlightcolor"">בחיפה</b> ולא. מצאהו. נין חש-ניפ ר‭&lt;""‬ ־ פוסינזון, ומ. מךזיני ...</div>"
1708	dav19320620-01.1.1	20 June 1932	dav	Page 1	"<div class=""txtsearchsnippet"">... לצעדים שנעשו ע""י ג""ב חטשקים בעמק אצל שלטונות המחוז <b class=""highlightcolor"">בחיפה,</b> בקרו הד""ר א. _קצנל־ םון, חבר הנחלת הועד הלאומי‭-, ...</div>"
1709	dav19330205-01.1.4	5 February 1933	dav	Page 4	"<div class=""txtsearchsnippet"">, ההנהלה ופקידי <b class=""highlightcolor"">ביה''ח</b> ""שתן"" _₪ י י ?חיפה ₪ ‭?-‬משתתפים באבלו הכבר ...</div>"
1710	dav19340201-01.1.1	1 February 1934	dav	Page 1	"<div class=""txtsearchsnippet"">... | ועתה, בימים המעטים שנשארו לגמן הפעולה, נקראים החברים <b class=""highlightcolor"">בחיפה,</b> פת| תקוה ורמת־גן, השומרון והגליל ‭_$-‬ להכניס את "" ...</div>"
1711	dav19340531-01.1.5	31 May 1934	dav	Page 5	"<div class=""txtsearchsnippet"">... עודנה רחוקה. דאשי הפועלים ?דרשו בשעת המו""מ לסגור את <b class=""highlightcolor"">ביה""ח</b> "" אוטוליט‭, ""‬המכין _אי_^ שלדי המכוניות, אולם ייתכן _שבממשלה ...</div>"
1712	dav19301231-01.1.3	31 December 1930	dav	Page 3	"<div class=""txtsearchsnippet"">... א‭'£‬ק יפו, ת'ד‭, 61|‬טלפון ‭435 — 430‬ בירושלים . <b class=""highlightcolor"">בחיפה</b> למר ד* טוליפטן למר ש. רוקח ושותי ת. ד‭, ...</div>"
1713	dav19310417-01.1.3	17 April 1931	dav	Page 3	"<div class=""txtsearchsnippet"">... יחידים. לאחר שהודיעו _פרידמךאדלשטיין לפועלים, כני החליטי להעביר את <b class=""highlightcolor"">ביה""ח</b> לסוריה ועל כז עריהם</div>"
1714	dav19310624-01.1.4	24 June 1931	dav	Page 4	"<div class=""txtsearchsnippet"">... בשנת 1929 הסוכן לירושלים: צבי דן' שכ' חדשה ע‭''‬י <b class=""highlightcolor"">ביה""ח</b> דר' וול ך בשם קב' ""קרארת"" - גי פריטג</div>"
1715	dav19390421-01.1.4	21 April 1939	dav	Page 4	"<div class=""txtsearchsnippet"">רזפא* <b class=""highlightcolor"">ביה""ח</b> רזטשילד-הדסה משתתפים באבלו הכבד של מנהל ‭. "" ‬</div>"
1716	dhy19350517-01.1.6	17 May 1935	dhy	Page 6	"<div class=""txtsearchsnippet"">... ביום ‭23. 5. 35‬ בשעה 8 בערב במשרד -חאגודה' <b class=""highlightcolor"">בחיפה.</b> י "" ־־ םדר ־ היום: ; י ‭(1‬ ...</div>"
1717	dhy19340614-01.1.1	14 June 1934	dhy	Page 1	"<div class=""txtsearchsnippet"">... _3[ 30‬ _פ ‭13]‬ ו ‭@ @ @‬ של <b class=""highlightcolor"">ביה""ח</b> ה‭, ""_^‬_־ לתעשית אווו ל בע""מ תהיה ביום 26 ...</div>"
1718	haretz19321006-01.1.1	6 October 1932	haretz	Page 1	"<div class=""txtsearchsnippet"">... מתקבלות עד יוש ‭^5:10. 32 ‬ פרטים לקבל במזכירות <b class=""highlightcolor"">ביה""ח</b> בשעות מ3 עד 5 אחרי חצהרים.</div>"
1719	haretz19320606-01.1.4	6 June 1932	haretz	Page 4	"<div class=""txtsearchsnippet"">... למראות וזכוכיות ""ארו(£ה"" לביתי הפרטי רה' הרצל 4 מול <b class=""highlightcolor"">ביה'ח</b> , טריקו רוטלוי* הנני מכריז עי הנחות נדולות י ...</div>"
1720	haretz19351022-01.1.4	22 October 1935	haretz	Page 4	"<div class=""txtsearchsnippet"">... י והרבה כפריים מביאים את תו- - -לדתם למכירה <b class=""highlightcolor"">-בחיפה</b> ונם קונים שם את צרכיהם. התעש י ות תקטנות, ...</div>"
1721	haretz19360810-01.1.4	10 August 1936	haretz	Page 4	"<div class=""txtsearchsnippet"">... בנין שנלר (אבל דרך שנלר זיץ לעירוב) ומצד מזרח <b class=""highlightcolor"">ביה""ח</b> למל--ל- וילנצ'יק (אבל משם לעיר העתיקה מחוץ לעירוב). חדרך ...</div>"
1722	haretz19341228-01.1.12	28 December 1934	haretz	Page 12	"<div class=""txtsearchsnippet"">... הכביש מן הרחוב המרכזי — עד קרוב לחולות—שעייהם נכנה <b class=""highlightcolor"">ביה""ח,</b> — בתנאי שבית חחרושת ישתתף . בחמשיםכ־אה י בהוצאות. ...</div>"
1723	haretz19350326-01.1.6	26 March 1935	haretz	Page 6	"<div class=""txtsearchsnippet"">1 השוב לבוגים ולקבלגים ₪ ך'!""* **"" <b class=""highlightcolor"">ביה""ח</b> למדצםוח, ומרדנות מוזאיקה § ""*? ‭**11‬ ליפשיץ את הובדמן ...</div>"
1724	haretz19341029-01.1.6	29 October 1934	haretz	Page 6	"<div class=""txtsearchsnippet""><b class=""highlightcolor"">בחיפה</b></div>"
1725	haretz19461203-01.1.4	3 December 1946	haretz	Page 4	"<div class=""txtsearchsnippet"">... ?V‬ גח וידידיה - מוזמנים בזח לטקס חבניח של <b class=""highlightcolor"">ביה""ח</b> ן? ‭13‬ ?יי? ? ןןן ןף? ם^ ?* כתל-ליטוינפקי ...</div>"
1726	haretz19451007-01.1.4	7 October 1945	haretz	Page 4	"<div class=""txtsearchsnippet"">... המשפחה. ההלויה תתקיים היום, ב־‭10. 30‬ מ""הדםד, "" ב' <b class=""highlightcolor"">(ביה''ח</b> הירקון) תל־אביב פרטים במודעות. ההנהלה ועובדי בית-הרושת בומזח שלזינג, ...</div>"
1727	haretz19380626-01.1.6	26 June 1938	haretz	Page 6	"<div class=""txtsearchsnippet"">... -בנות בשביל הנחה זו למנהל חמסחרי של מםלות חברזל <b class=""highlightcolor"">בחיפה.</b> אסון לילדה בת 4 פטפריה בשבת קרה מקרה אסון ...</div>"
1728	haretz19390205-01.1.4	5 February 1939	haretz	Page 4	"<div class=""txtsearchsnippet""><b class=""highlightcolor"">בחיפה</b></div>"
1729	haretz19391124-01.1.7	24 November 1939	haretz	Page 7	"<div class=""txtsearchsnippet"">... אפנות בכתבאמר . דוד פקניוןש, דרך מאה שערים, ע""י <b class=""highlightcolor"">ביה""ח</b> תאיטאקי. __ ודמק""דנ! דידה פת 4 חדדיפ יפה •להפליא ...</div>"
1730	haretz19400414-01.1.4	14 April 1940	haretz	Page 4	"<div class=""txtsearchsnippet""><b class=""highlightcolor"">בחיפה</b></div>"
1731	haretz19430811-01.1.4	11 August 1943	haretz	Page 4	"<div class=""txtsearchsnippet"">... הכוחות בשעת הופעות חיצוניות חשובות (יעיד בץ השאר הבחירות <b class=""highlightcolor"">בחיפה)</b> בשעה שהכרחי דווקא איחוד למען כיבוש עמדות. המתכנסים נחחו ...</div>"
1732	hbkr19400115-01.1.6	15 January 1940	hbkr	Page 6	"<div class=""txtsearchsnippet"">... חולים םרטי. משוס כך חלה גם ירידה בהכנסה 'של <b class=""highlightcolor"">ביה""ח•</b> מ־‭180‬ מיל ממוצע ליום על כל מטה, הגענו ל־‭120 ...</div>"
1733	hbkr19391103-01.1.7	3 November 1939	hbkr	Page 7	"<div class=""txtsearchsnippet"">... הקומדיה סאת מוליד. . הרופא בעל כדחו"", באולם המכבי <b class=""highlightcolor"">בחיפה.</b></div>"
1734	hmf19390802-01.1.3	2 August 1939	hmf	Page 3	"<div class=""txtsearchsnippet"">... . את אנשיהם ויפסיקו את כל יחסי המסחר עם <b class=""highlightcolor"">ביה""ח.</b> י ‭אחוז-4‬ יהודים</div>"
1735	hmf19410708-01.1.2	8 July 1941	hmf	Page 2	"<div class=""txtsearchsnippet"">... ‭' ""‬ קולה, לקיל תשואות הנוכהים_; הד""ד באיר, מנהל <b class=""highlightcolor"">ביה""ח</b> הצדפ־ תי קרא את הניבהים להזימין את הם־ פר ...</div>"
1736	hmf19410613-01.1.2	13 June 1941	hmf	Page 2	"<div class=""txtsearchsnippet"">... והגוויות הועברו ‭6 —‬ _בקםפד — _לחדר־המ־ תים שע""י <b class=""highlightcolor"">ביה""ח</b> העירוני ""הדסה‭. ""‬ הפצצה שפגעה בבית האינוואלי־ דים היא ...</div>"
1737	hmf19421115-01.1.3	15 November 1942	hmf	Page 3	"<div class=""txtsearchsnippet"">בנוכחות כמד. אלפים איש התקיימה <b class=""highlightcolor"">בחיפה</b> על מגרש המכבי התחרות ידידו־ תית בכדורגל בין בית""ר ...</div>"
1738	hmf19440329-01.1.4	29 March 1944	hmf	Page 4	"<div class=""txtsearchsnippet"">... י. רוקח שהממשלה מוכנה להעביר את המחלקה הרזרבית של <b class=""highlightcolor"">ביה""ח</b> ""הירקון"" לבית־הםפד כשרונה!על ידי כד יפונה מקום ב ירקוך ...</div>"
1739	hmf19430824-01.1.4	24 August 1943	hmf	Page 4	"<div class=""txtsearchsnippet"">ב""כ ‭ח''הצ‬ <b class=""highlightcolor"">בחיפה,</b> שביקר ביום א' בערב . בשליחות ארגונית מטעם חתבועה ...</div>"
1740	hbkr19430926-01.1.4	26 September 1943	hbkr	Page 4	"<div class=""txtsearchsnippet"">... שנקבעו ע""י המפקח על ""מזינות. דוגמאות אפשר לראות במשרדינו <b class=""highlightcolor"">בחיפה</b> ובתל־אביב. נא לחתקשד עמנו: היפה: דח' חרנליח ‭, 26‬ ...</div>"
1741	hbkr19380127-01.1.1	27 January 1938	hbkr	Page 1	"<div class=""txtsearchsnippet""><b class=""highlightcolor"">ביה''ח</b> הממשלתי מטפל בהם. לפיק־ ב שתו יביא היום לצפת ...</div>"
1742	hbkr19380123-01.1.1	23 January 1938	hbkr	Page 1	"<div class=""txtsearchsnippet"">... לפני שנגשו ל-עבודתם"" נתקו •המציתים את הקי הטלפוני. שימר <b class=""highlightcolor"">ביה־ח</b> הרגיש סמוך לשעה ‭11. 30‬ באש העולה מצד מערבי ...</div>"
1743	hbkr19380510-01.1.5	10 May 1938	hbkr	Page 5	"<div class=""txtsearchsnippet"">... ן המעונינות במשרה זו מתבקשות לפנות I אל מנהל <b class=""highlightcolor"">ביה""ח</b> העלרוני 1 בשעות בין ‭10‬ ל־‭12‬ לפני הצהרים.</div>"
1744	hbkr19390324-01.1.8	24 March 1939	hbkr	Page 8	"<div class=""txtsearchsnippet"">... העתיקה ביפו נפצע עלי מהדי. :רא נלקזו י י <b class=""highlightcolor"">ביה""ח</b> הממשלתי• יריות אל ישובים יריות נודי אור ליום אתמול ...</div>"
1745	hmf19450617-01.1.4	17 June 1945	hmf	Page 4	"<div class=""txtsearchsnippet"">... פכנ־ תרים ב־‭8. 30‬ (תקליטים‭. (‬ תורנות בתי מרקחת <b class=""highlightcolor"">בחיפה</b> . ""נורדוי "" רח' נורדוי 28 טל ‭. 4039 ...</div>"
1746	hmf19460830-01.1.8	30 August 1946	hmf	Page 8	"<div class=""txtsearchsnippet"">... הגה מפיו. הוחזר לבית המשפט לאחר שנבדק ע""י רופאי <b class=""highlightcolor"">ביה""ח</b> הממשלתי הוחזר _מגחם אלקלעי ב־3 אחה""צ לבית המשפט בצירוף ...</div>"
1747	hzh19381102-01.1.1	2 November 1938	hzh	Page 1	"<div class=""txtsearchsnippet"">... הצבא והמשטרה ערכו אתמול חיפו - שים בשטח השוק <b class=""highlightcolor"">בחיפה.</b> נעצרו ‭"" 75‬ איש לשם חקירה. ההיפושיס נמשכו ללא ...</div>"
1748	hzh19390118-01.1.4	18 January 1939	hzh	Page 4	"<div class=""txtsearchsnippet"">... היישוב"" י יי . - ההל מאתמול הונהגה • <b class=""highlightcolor"">בחיפה</b> תרומת הנפט. גובה התרומה ‭11/2 —‬ מיל לכל י"" ...</div>"
1749	hzh19420116-01.1.4	16 January 1942	hzh	Page 4	"<div class=""txtsearchsnippet"">... בין פלוויו — הד""ר וואלאך, רופאים ופקידים רבים של <b class=""highlightcolor"">ביה""ח</b> ""שערי צדק‭. ""‬ פותו של, המנתח הראשון בארץ, אשר ...</div>"
1750	hzh19380511-01.1.4	11 May 1938	hzh	Page 4	"<div class=""txtsearchsnippet"">... פלדשטין ודיר "" האהן והאחיות• בנות ישראל נאמנות ועובדי <b class=""highlightcolor"">ביה""ח</b> העושים עבודתם במרץ ובהתמסרות יתדה. כדאי הוא המוסד הנעלה ...</div>"
1751	khm19480209-01.1.4	9 February 1948	khm	Page 4	"<div class=""txtsearchsnippet"">חילופי ?_די1ת <b class=""highlightcolor"">בחיפה</b></div>"
1752	khm19480706-01.1.3	6 July 1948	khm	Page 3	"<div class=""txtsearchsnippet"">... ו תר הפרטים שבה — כמו •הקמת נמל ""חיפש‭""'‬ <b class=""highlightcolor"">בחיפה</b> . ונמל אידרי בליד — אינס אלא מבהירים את ...</div>"
1753	khm19470624-01.1.3	24 June 1947	khm	Page 3	"<div class=""txtsearchsnippet"">... מחריף החליטו. מספר ועדים. לקרוא לפגישת , _געדי . <b class=""highlightcolor"">ביה''_ח</b> . לטקסטיל לדון כמצב. יזמה מבורכת . זו ?של. ...</div>"
1754	khm19470806-01.1.4	6 August 1947	khm	Page 4	"<div class=""txtsearchsnippet"">... כי אהד הסירות הראשונים של קריאה זאת נראתה אתמול <b class=""highlightcolor"">בחיפה</b> כאשר בוצע שוד בנק והקהל נקט באמצעים שיכול היה ...</div>"
1755	ahr19461006-01.1.4	6 October 1946	ahr	Page 4	"<div class=""txtsearchsnippet"">... ""‬המשרד המרכזי של תש־ רות יעבור לירושלים ויימצא כבניני <b class=""highlightcolor"">ביה""ח</b> האוניברסיטאי של ""הדסה"" על הר־הצופים.</div>"
1756	ahr19480413-01.1.4	13 April 1948	ahr	Page 4	"<div class=""txtsearchsnippet"">... א' אחה""צ, בבלאד אש-שייך, יחד אתו הובא לב־ה""ח הממשלתי <b class=""highlightcolor"">בחיפה</b> גס גער בן ‭, 14‬שסבורים, כי הוא בנו. הנער ...</div>"
1757	ahr19470603-01.1.4	3 June 1947	ahr	Page 4	"<div class=""txtsearchsnippet"">... ובאשדות־יעקב. הקיבוציס האלה עשו על חברי המשלחת _רושס, רב. <b class=""highlightcolor"">בחיפה</b> נפגשו עם נציגים ערביים של ברית פועלי א''י. גזיקה ...</div>"
1758	ahr19471117-01.1.4	17 November 1947	ahr	Page 4	"<div class=""txtsearchsnippet"">... פרטיים את רצועת האדמה 1 שבין רחוב המלכים והנמי <b class=""highlightcolor"">בחיפה.</b> יש בכך משום תקדים המבשר רעות. בתהליך המסובך של ...</div>"
1759	ahr19440821-01.1.4	21 August 1944	ahr	Page 4	"<div class=""txtsearchsnippet"">... את הפרי הראשון כבר אספני. ""עשרות חברים _רבוח הצטרפו <b class=""highlightcolor"">בחיפה</b> לליגה הסוציאליסטית עם מערכת י, בחירות. דרכנו אינה סוגה ...</div>"
1760	ahr19451111-01.1.4	11 November 1945	ahr	Page 4	"<div class=""txtsearchsnippet"">... הארצי הז' של הנוקדים העברים, שהתקיים בימים די והי <b class=""highlightcolor"">בחיפה,</b> עבד בסימן מלאות מחצית היובל להקמת העדר הראשוו כשרונה ...</div>"
1761	dav19380425-01.1.6	25 April 1938	dav	Page 6	"<div class=""txtsearchsnippet"">... ע* ן _הטיפול הנאמן אשר _טיפ_^י בי. _1י'_גנ_5 יוצאי <b class=""highlightcolor"">ביה""ח</b> ני5י:סח כן גם אני יוצאת ואתי דגשי הערצה _?מופר ...</div>"
1762	dav19481121-01.1.4	21 November 1948	dav	Page 4	"<div class=""txtsearchsnippet"">... _י י ‭1 ?:‬י ‭; &lt; 1[‬ ‭&lt;:‬ השלת <b class=""highlightcolor"">ביה""ח</b> בילי_01וז ועובדי‭&lt;'! ‬</div>"
1763	dav19391220-01.1.5	20 December 1939	dav	Page 5	"<div class=""txtsearchsnippet"">... לימליחמו‭. . :?‬ _היום י ום די ‭20. 12‬ <b class=""highlightcolor"">בחיפה</b> ג־3 הצגה יומית לנוער ולםביבה מחר‭21. 12, ‬ ברמת־גן ...</div>"
1764	dav19390411-01.1.4	11 April 1939	dav	Page 4	"<div class=""txtsearchsnippet"">התחרות לסמלי קופת-חולימ וביה""ס לאחיות ליו <b class=""highlightcolor"">ביה""ח</b> בילינסת</div>"
1765	dav19391224-01.1.4	24 December 1939	dav	Page 4	"<div class=""txtsearchsnippet"">שבוע הספורט <b class=""highlightcolor"">בחיפה</b></div>"
1766	dav19470204-01.1.3	4 February 1947	dav	Page 3	"<div class=""txtsearchsnippet"">... ‭_"". ; ;? 0‬_קרית ספר‭?; . ''‬ י _| <b class=""highlightcolor"">_;בחיפה</b> — בידי 8_ית מסחר ספרים ‭8,, ‬ינת הס8ד‭, *‬רחלב ...</div>"
1767	dav19461106-01.1.4	6 November 1946	dav	Page 4	"<div class=""txtsearchsnippet"">... מחיר התוצרת האחידה שלהם ימי8 מועטיפ לפני שקיבלו הודעת <b class=""highlightcolor"">ביה""ח</b> ‭,, ‬_אתא‭,. ""‬ עושים עתה מאמצים לקיים את המחיר ...</div>"
1768	dav19460610-01.1.3	10 June 1946	dav	Page 3	"<div class=""txtsearchsnippet"">אגודה שתופית <b class=""highlightcolor"">בחיפה</b> בע""מ</div>"
1769	dav19460308-01.1.7	8 March 1946	dav	Page 7	"<div class=""txtsearchsnippet"">יוהל בקרוב בתל־ליטוינםקי. <b class=""highlightcolor"">ביה""ח</b> שיכיל 64 מיטות ויעלה כ־35 אלף לירות ייפתח סמוך ...</div>"
1770	haretz19461029-01.1.4	29 October 1946	haretz	Page 4	"<div class=""txtsearchsnippet"">... בסכומים של ‭2000—3000‬ לא''י כתנאיפ גוהיס נתנות על בתים <b class=""highlightcolor"">בחיפה</b> הצעות ע''י מתווכים אינן מתקבלות לפנות: חיפה, סל. ‭, ...</div>"
1771	haretz19460905-01.1.1	5 September 1946	haretz	Page 1	"<div class=""txtsearchsnippet"">... ד' לפמאגוסטה בלוית אגית מלחמה בריטית מן הצי העוגן <b class=""highlightcolor"">בחיפה.</b> ‭*5‬ חוליפ נשארו כארץ מתברר, כי ‭45‬ חולים מבין ...</div>"
1772	haretz19460220-01.1.5	20 February 1946	haretz	Page 5	"<div class=""txtsearchsnippet"">... על פעולות חוג ידידי האופירה העממית יי = הא""יית <b class=""highlightcolor"">בחיפה,</b> שנוסד בתחלת דצמבר עם = בקורה של הזמרת אדים ...</div>"
1773	haretz19410610-01.1.4	10 June 1941	haretz	Page 4	"<div class=""txtsearchsnippet"">... הנוטר מ. אהםלרוד הבוקי יתחיל ־התברר בביה""ד לפשעים דמוייש <b class=""highlightcolor"">בחיפה</b> משפטו ש־ הנוטר מ. אקשירוד מנפי עטה, הנאשם ביצת ...</div>"
1774	haretz19421028-01.1.1	28 October 1942	haretz	Page 1	"<div class=""txtsearchsnippet"">... מ ק ס ד. אבוטבול בהזדמנות חנוכת כית־חולים. רוטשילד <b class=""highlightcolor"">בחיפה</b> על־ידי ח. מ. חנציב העליון יהי רצו! 'טיזכה לחזות ...</div>"
1775	haretz19440102-01.1.4	2 January 1944	haretz	Page 4	"<div class=""txtsearchsnippet"">©יעלי <b class=""highlightcolor"">ביה""ח</b> -אי ט וין!"" ירושלים משתתפים באבלו הכבד של אליהו ...</div>"
1776	hmf19470805-01.1.4	5 August 1947	hmf	Page 4	"<div class=""txtsearchsnippet"">שוד־דמיפ בבנק ""בוקלייס'' <b class=""highlightcolor"">בחיפה</b></div>"
1777	hmf19480531-01.1.4	31 May 1948	hmf	Page 4	"<div class=""txtsearchsnippet"">במתאר, נמרצת על מעשר, מצבא הבריטי <b class=""highlightcolor"">בחיפה</b> שהוציאו 12 עצורים ואמירים מעתלית והעבידום למחנה צבאי במובלעת ...</div>"
1778	hmf19471102-01.1.4	2 November 1947	hmf	Page 4	"<div class=""txtsearchsnippet"">... של ארגון האימפורטרים והסיטונאיפ לסחורות מכולת שהתקיימה ביום ו' <b class=""highlightcolor"">בחיפה.</b> בין ההחלטות האחרות שנתקבלו באותה האסיפה: שלילת השיטה של ...</div>"
1779	hmf19480222-01.1.4	22 February 1948	hmf	Page 4	"<div class=""txtsearchsnippet"">אליהו _וץרשמן, בן ‭, 30‬קורפורל הנוטרים ישל <b class=""highlightcolor"">ביה""ח</b> ""הדסה"" ושעל הר הצופים, נהרג אחמול ובשעה 5 ‭""""אחר‬צ ...</div>"
1780	hmf19480229-01.1.3	29 February 1948	hmf	Page 3	"<div class=""txtsearchsnippet"">בית הספר לאחיות על יד <b class=""highlightcolor"">ביה""ח</b> העירוני ""ה ד ם ה"" תל־אביב</div>"
1781	hmf19480330-01.1.4	30 March 1948	hmf	Page 4	"<div class=""txtsearchsnippet"">הצבא פוצץ בית ערבי <b class=""highlightcolor"">בחיפה</b></div>"
1782	hbkr19461006-01.1.4	6 October 1946	hbkr	Page 4	"<div class=""txtsearchsnippet"">... התגלית לפי ההויעה הישפיח. שבוע יפיפ הוחזקו הפועליפ בבית־הפיהי <b class=""highlightcolor"">בחיפה.</b></div>"
1783	hbkr19461113-01.1.3	13 November 1946	hbkr	Page 3	"<div class=""txtsearchsnippet"">... נאמד ב־‭20*0‬ לאיי. ערבי מעבר־הירדן נדרם אתמול ע""י מכונית־מ•^! <b class=""highlightcolor"">בחיפה.</b> מוחפד חנ' סלח (‭31‬) נפצע קשה והיעבד לבית־החולים הממשלתי ...</div>"
1784	hbkr19461020-01.1.3	20 October 1946	hbkr	Page 3	"<div class=""txtsearchsnippet"">... בבוקר עומד לרשות הקהל בית המרקחת לשרות לילה שליד <b class=""highlightcolor"">ביה־ח</b> העירוני . הדסה'. היפה: הלילה תורני בית מרקהת: . ...</div>"
1785	hbkr19470330-01.1.3	30 March 1947	hbkr	Page 3	"<div class=""txtsearchsnippet"">... בבוקר עומד ''רשות הקהל בית המרקחת לשרות לילה שע""י <b class=""highlightcolor"">ביה""ח</b> העירוני . הדסה"". ב־8 בערב: באגודת האיגג'ינרים והאר־ כיטקטים ...</div>"
1786	hbkr19470207-01.1.8	7 February 1947	hbkr	Page 8	"<div class=""txtsearchsnippet"">... פאוחרת יותר נמהר לנו פביח-ח שהשחקן לוי עזב את <b class=""highlightcolor"">ביה""ח?</b> יש חשש של שבר ברגל. מחר - משחק מ. ...</div>"
1787	hbkr19470226-01.1.3	26 February 1947	hbkr	Page 3	"<div class=""txtsearchsnippet"">... במקו־ עומד אשות חקהל מת המרקחה לשדות לילה שע""י <b class=""highlightcolor"">ביה""ח</b> העידוגי . הדסה"". ‭4. 30‬ אוזה""צ: ב""ויצו' סמטת מת ...</div>"
1788	hbkr19461219-01.1.3	19 December 1946	hbkr	Page 3	"<div class=""txtsearchsnippet"">... מגן דוד אדופ"" ממשטרת &gt;* עכו לבית החולים רוטשילד <b class=""highlightcolor"">בחיפה.</b> מסיבת ה;וכה לחברי מגן דוד אדום שני גנבים הצליחו ...</div>"
1789	hbkr19471201-01.1.4	1 December 1947	hbkr	Page 4	"<div class=""txtsearchsnippet"">... מלבורן. סידני. כריסכין. עביר פרסים נ־ססיס נא לפנות: הסכן <b class=""highlightcolor"">בחיפה</b> אהד! רוזנפלד הפוטש ביס־-תל־אביב ‭. 111‬ ח. ק1ק !שות'</div>"
1790	hbkr19440211-01.1.6	11 February 1944	hbkr	Page 6	"<div class=""txtsearchsnippet"">איכות: הבדיקה המשולשת של המחלקה המיוחדת לבקרת של <b class=""highlightcolor"">ביהח</b> י ר דלפינר מבטיחה ארך ימימי קביעות הצבע וגמישות ...</div>"
1791	hbkr19381129-01.1.6	29 November 1938	hbkr	Page 6	"<div class=""txtsearchsnippet"">... ממכי יחיאלי (מקודם ריזמן). נא להחזירה לסניף . הבקר' <b class=""highlightcolor"">בחיפה.</b> או לפי הכתובת:. ש. פינע'יק. חיפה, רח' הנידפ ‭. ...</div>"
1792	hmf19461209-01.1.4	9 December 1946	hmf	Page 4	"<div class=""txtsearchsnippet"">... • _יחזקאל רוזבברג, מפקידיו הותיקים של ועד הקהילה העברית <b class=""highlightcolor"">בחיפה,</b> בפטר אתמול בגיל ‭. 76‬ארובו הועבר אתמול אחה""צ לירושלים ...</div>"
1793	hzh19410708-01.1.4	8 July 1941	hzh	Page 4	"<div class=""txtsearchsnippet"">... 'ממשרדי מושל מחוז _חיופה מודיעים ; ?אתמול'לפני הצהרים היתד, <b class=""highlightcolor"">בחיפה</b> אזעקה שנמשכה •45 דקות. מטוסי האויב י התקרבו לפני:חיפה ...</div>"
1794	hzh19470908-01.1.3	8 September 1947	hzh	Page 3	"<div class=""txtsearchsnippet"">בבית •ה&amp;פר לאחיות ' שליד <b class=""highlightcolor"">ביה""ח</b> המרכזי בעמק י בשבוע ?שעבר החלו הלימודים של. המחזור ...</div>"
1795	hzh19480301-01.1.1	1 March 1948	hzh	Page 1	"<div class=""txtsearchsnippet"">... _י הצנורות 'שיוצאים מקירקוק שבעיראק לים־ התיכון• ומסיימים האחד <b class=""highlightcolor"">בחיפה</b> והשני בטריפולי י אינם אלא צנור אחד המסתעף עםעברו ...</div>"
1796	omer19391223-01.1.2	23 December 1939	omer	Page 2	"<div class=""txtsearchsnippet"">... אדצמבר הודע- "" תי עא נשר מוצאח אאתאטיקה בבדה <b class=""highlightcolor"">בחיפה.</b> העידותי, שבתהרויות החת־ אבקות השתתפו נפ יאדיפ בניא למטה ...</div>"
1797	ahr19480426-01.1.2	26 April 1948	ahr	Page 2	"<div class=""txtsearchsnippet"">... יחידותינו בפעולת הביעור בס־ בריה ובקרב הרחובות &gt;_זעז שהתחולל <b class=""highlightcolor"">בחיפה.</b> יש להעמיד הישגים טאקטייפ אלד, בשורה אחת עפ הישגינו ...</div>"
1798	dav19440329-01.1.4	29 March 1944	dav	Page 4	"<div class=""txtsearchsnippet"">... יהיו!_כי800 ט‭. **‬הממשלה _מוננה להעביר את החל? הרזרבי של <b class=""highlightcolor"">ביה""ח</b> ""הירקון'' לבנין בית הספר במושבה הגרמנית שרונה. באופן זה ...</div>"
1799	dav19431219-01.1.4	19 December 1943	dav	Page 4	"<div class=""txtsearchsnippet"">... של שרות במוסד. דרך אגב סיפרו על י התפתחות <b class=""highlightcolor"">ביה""ח</b> במשך זמן זה מחדר־חולים עם 2 מיטות על שפת ...</div>"
1800	dav19421007-01.1.4	7 October 1942	dav	Page 4	"<div class=""txtsearchsnippet"">... ולמכרן בשיק השחור — נתפס אתמול. המפקח על המזונות <b class=""highlightcolor"">בחיפה</b> חילק את הלחם לעניים, ומן האופה. לקח את הרשיון. ...</div>"
1801	dav19431111-01.1.4	11 November 1943	dav	Page 4	"<div class=""txtsearchsnippet"">... ‭13. 111}‬ ב־11 לפנה""צ, בקפה נלרדוי_, פגישה לבוגרי מ""י <b class=""highlightcolor"">בחיפה</b> וה - סביבה בהשתתפות הועה""פ שיל ההתא־</div>"
1802	haretz19330824-01.1.3	24 August 1933	haretz	Page 3	"<div class=""txtsearchsnippet"">... בענין זה.אחדי ווכוחים קצרים,שבהם השתתפו ד״ר פ. ווייל (מנהל <b class=""highlightcolor"">ביה״ח</b> הדסה), ה׳ בן־ארי (מנהל אליאנס),ה׳ שטרן (מ״מ מנהל אפ״ק),הרב ...</div>"
1803	ahr19480229-01.1.4	29 February 1948	ahr	Page 4	"<div class=""txtsearchsnippet"">רדים חדשים לחברה. <b class=""highlightcolor"">בחיפה</b> יישאר פניף לחברד"" כאן עבדו 700 איש — יהודים, ...</div>"
1804	ahr19480210-01.1.3	10 February 1948	ahr	Page 3	"<div class=""txtsearchsnippet"">תיאטרון קאמרי <b class=""highlightcolor"">בחיפה</b> ביוס ד' ‭11. 2‬ באולםאורה"" 2 הצגות "" בשעה ...</div>"
1805	ahr19460312-01.1.4	12 March 1946	ahr	Page 4	"<div class=""txtsearchsnippet"">... יום ב‭— , '‬ תוצאות הבחירות לאגורת פועלי המתכת <b class=""highlightcolor"">בחיפה</b> הן: 13 צירים לרשימת מפא""י‭— 6, ‬ הרשימה המאוחדת‭— ...</div>"
1806	ahr19480607-01.1.3	7 June 1948	ahr	Page 3	"<div class=""txtsearchsnippet"">... חריפות בין תינוקות וילדים בגיל הרך. התחנה פתוחה בבנ־ין <b class=""highlightcolor"">ביה""ח</b> העירוני (הכניסה מרה' מזאה, דרך המעבדה) בנל יום' בשעות ...</div>"
1807	dav19351126-01.1.4	26 November 1935	dav	Page 4	"<div class=""txtsearchsnippet"">... רביעי ‭, 27. 11. 35‬בשעה 11 לפתייצ בקליניקה של <b class=""highlightcolor"">ביה""ח</b> ‭,, ‬גלעד"" (של ד""ר פוחוכפקי) רה' לילינבלום. משה ומרים ...</div>"
1808	dav19481122-01.1.2	22 November 1948	dav	Page 2	"<div class=""txtsearchsnippet"">... _אל־שיל) הכביש הלאשי ‭. 48‬ _"" הצרכן"" אגולת שתופית <b class=""highlightcolor"">בחיפה,</b> בע""מ בזת הננו להוליע בלבים גי הגשנו בקשה לעילית ...</div>"
1809	dav19431013-01.1.7	13 October 1943	dav	Page 7	"<div class=""txtsearchsnippet"">... הדר לגהורה "" למסירה בתל אג־ב, נגד הצי חדר <b class=""highlightcolor"">בחיפה.</b> לפנות גן־ ילדים_, . כנרת 9 היפה. י‭""""‬י"" רווק, ...</div>"
1810	dav19421228-01.1.2	28 December 1942	dav	Page 2	"<div class=""txtsearchsnippet"">נפטר אתמול <b class=""highlightcolor"">בחיפה</b> בשנת השבעים</div>"
1811	dav19430409-01.1.6	9 April 1943	dav	Page 6	"<div class=""txtsearchsnippet"">רונייפ החדשים <b class=""highlightcolor"">בחיפה</b></div>"
1812	dhy19331004-01.1.1	4 October 1933	dhy	Page 1	"<div class=""txtsearchsnippet"">... ה י צלח מוחמד שיבל בשפרעם בפני השופט החוקר <b class=""highlightcolor"">בחיפה‭'.</b> ‬ נשמעו למעלה מעשרים עדים. י ־ היום המשך ...</div>"
1813	dhy19350226-01.1.3	26 February 1935	dhy	Page 3	"<div class=""txtsearchsnippet"">... ג (מחר‭, (‬בשעה 6• ורבע בערב, במכון תפתואוגי שא <b class=""highlightcolor"">ביה""ח</b> "" הרסה"" בירושלים. "" הדסה‭, ""‬האוניברסיטה העברית והסתדרות רפואית ...</div>"
1814	haretz19320528-01.1.3	28 May 1932	haretz	Page 3	"<div class=""txtsearchsnippet"">... היו צטרף וצעוצפ כבר צא יגיעו אצ חחוף! ובגמצ <b class=""highlightcolor"">בחיפה,</b> שם בשער, עצ יד הטנדצור משגיח השומר. מוז צו ...</div>"
1815	haretz19470214-01.1.7	14 February 1947	haretz	Page 7	"<div class=""txtsearchsnippet"">... לבדיקה. פהורות גרמניות ופוהדיפ ע דכיפ סופרו של ""א־דיפאע"" <b class=""highlightcolor"">בחיפה</b> מודיע, כי סוחרים ערבים שלחו טלגרמות לחברות גרמניות, שהם ...</div>"
1816	haretz19470218-01.1.4	18 February 1947	haretz	Page 4	"<div class=""txtsearchsnippet"">... הבוקר, כשיועץ תכתר מד וויקס ישיב על השגות הסניגורית. <b class=""highlightcolor"">ביה""ח</b> האנגלי מערער בענק השופט אור ערעור מת מהולים האגגלי ...</div>"
1817	haretz19470919-01.1.7	19 September 1947	haretz	Page 7	"<div class=""txtsearchsnippet"">... מ ־ . תושבי טירה כולם, נפצעו והועברו־ ל <b class=""highlightcolor"">ביה'־ח</b> הממשלתי בחיפי. . שנים מהם• ג'ומ' עה דאוד ודייב ...</div>"
1818	haretz19460925-01.1.7	25 September 1946	haretz	Page 7	"<div class=""txtsearchsnippet""><b class=""highlightcolor"">בחיפה</b></div>"
1819	haretz19470613-01.1.4	13 June 1947	haretz	Page 4	"<div class=""txtsearchsnippet"">... I חגיעו זח עתה! ן להשיג במחירים רשמייט של <b class=""highlightcolor"">ביה""ח</b> אצל ? נוימן, ת""א רה' אלנבי ‭I 17 ‬ ...</div>"
1820	haretz19371223-01.1.4	23 December 1937	haretz	Page 4	"<div class=""txtsearchsnippet"">... א. רוטנברג ־ —המפעל בהתגשמותו; •ט. —ן - לתולדות <b class=""highlightcolor"">ביה""ח</b> שמייצר בטבריה; •ט. א. — לגורלה של טבריה; ר""ד ...</div>"
1821	haretz19420723-01.1.4	23 July 1942	haretz	Page 4	"<div class=""txtsearchsnippet"">... "" מועצת פועלי חיפה לבעלי מקצוע של בתימלאכה ובתי-תרושת <b class=""highlightcolor"">בחיפה</b> שתתגייסו לצבא, בם""ה התגים ו ‭20‬ איש ובהם מר ...</div>"
1822	haretz19420524-01.1.3	24 May 1942	haretz	Page 3	"<div class=""txtsearchsnippet"">... י י"" ;^^‭I '11101 ‬ | לבז1־ החולים הדשד, <b class=""highlightcolor"">!ביה""ח</b> האנגי• I £*/ קניה מכירה ותקון של מכשירי מרידה ...</div>"
1823	haretz19420901-01.1.4	1 September 1942	haretz	Page 4	"<div class=""txtsearchsnippet"">... דרגומיגשטי, רומגיה. לפגות מיד ־לשבת העליה של השוכגות היהודית <b class=""highlightcolor"">בחיפה.</b> הגב' חנה אושלומוביץ מתבקשת לסור מיד למזכירות ועד הקהלד, ...</div>"
1824	haretz19441119-01.1.3	19 November 1944	haretz	Page 3	"<div class=""txtsearchsnippet"">... מספר מח - לות ועל תהליכן• המחלקה הכירורגית של <b class=""highlightcolor"">ביה""ח</b> האוניברסיטאי י הדסה של הפרופ' מנדל מסרה על 130 ...</div>"
1825	haretz19440707-01.1.6	7 July 1944	haretz	Page 6	"<div class=""txtsearchsnippet"">משרדינו <b class=""highlightcolor"">בחיפה</b> סגורים באופן ‭?1911 ‬ בענינים דחופים נא ?צלצל: למס' ...</div>"
1826	hbkr19391228-01.1.5	28 December 1939	hbkr	Page 5	"<div class=""txtsearchsnippet"">... הסיטונאים ב־רושלים נרשמו כהברים לסקציה זו. ־ עזב את <b class=""highlightcolor"">ביה""ח</b> קטוע דנל אתמול עזב את בית ההולים . הדסה"". ...</div>"
1827	haretz19480826-01.1.1	26 August 1948	haretz	Page 1	"<div class=""txtsearchsnippet"">טדדבי מוסמך ודקיתו מזר (לבית בהן) <b class=""highlightcolor"">ביה''ח</b> שויצר, טבריה שמ!ץיפ להודיע על הולדת בנם בכורפ יהונתן ...</div>"
1828	hmf19471117-01.1.4	17 November 1947	hmf	Page 4	"<div class=""txtsearchsnippet"">... חייל אחד שאיבד את הכרתו והועבר על־ילי מד""א ל־ <b class=""highlightcolor"">ביה""ח.</b></div>"
1829	hmf19481019-01.1.4	19 October 1948	hmf	Page 4	"<div class=""txtsearchsnippet"">... השוד בשיתוךז פעולה עפ הגרמניפ שני שוטרים מבית. הכלא <b class=""highlightcolor"">בחיפה</b> הכירו; אתמול בבית קפה בעיר התחתית אדם ש־! שיתף ...</div>"
1830	hmf19480915-01.1.4	15 September 1948	hmf	Page 4	"<div class=""txtsearchsnippet"">... שהממשלה תקה לידיה את ""הדסה‭"". ""‬למה היא קיבלה את <b class=""highlightcolor"">ביה""ח</b> <b class=""highlightcolor"">בחיפה</b> ואיבה עושה זאת ביהס לביד‭""""‬ה בתל־אביב"" — שאל ...</div>"
1831	hmf19481223-01.1.4	23 December 1948	hmf	Page 4	"<div class=""txtsearchsnippet"">... לאריזת תיבות תפוחי זהב אירעה אתמול בשעות. הצהרים ליד <b class=""highlightcolor"">ביה""ח•‭"".</b> ‬בילינ־ ‭. ""סון‬אחת ‭•*?‬־מכוניות המהפכה לגמרי בעוד ששאר השתים ...</div>"
1832	hbkr19470514-01.1.3	14 May 1947	hbkr	Page 3	"<div class=""txtsearchsnippet"">... הערב ב־‭8. 30‬ באגודה להשתלמות במדע ב. בית פבזנר"" <b class=""highlightcolor"">בחיפה.</b> הכיגום הארצי •צל גומר' הטכגיון העברי בהיפה נערך בבית־הקפה ...</div>"
1833	hbkr19470210-01.1.3	10 February 1947	hbkr	Page 3	"<div class=""txtsearchsnippet"">... לזרז את תשובת השלטונות. כן הוחלט לפנות לאגודת הקצבים <b class=""highlightcolor"">בחיפה</b> בדרישה להפסיק את השחיטה שחודשה ביום וי בהיות שחיטה ...</div>"
1834	hbkr19470112-01.1.3	12 January 1947	hbkr	Page 3	"<div class=""txtsearchsnippet"">... בתיא דושדכן וזמנפודםט דיי ר הוגו גולד, תיא. פתשפז7 <b class=""highlightcolor"">בחיפה</b> ביום א' ‭12. 1. 47‬ וביום ב' ‭13. 1. ...</div>"
1835	hbkr19470113-01.1.4	13 January 1947	hbkr	Page 4	"<div class=""txtsearchsnippet"">... יאוחר מ־‭14‬ לינואר בירושלים והסביבה לא יאוהר מ־15 לינואר <b class=""highlightcolor"">בחיפה</b> והסביבה לא יאוחר מ־16 לינואר אנו נזכה בהפרשי המהירים ...</div>"
1836	hbkr19470123-01.1.3	23 January 1947	hbkr	Page 3	"<div class=""txtsearchsnippet"">גדול חוו? הדור ל־י3 \לנץ תפילות שנת <b class=""highlightcolor"">בחיפה</b> בארמון"" יום ששי ‭24. 1‬ ב־""‭5. 10‬ בערפ ביום ...</div>"
1837	hbkr19461212-01.1.3	12 December 1946	hbkr	Page 3	"<div class=""txtsearchsnippet"">... ‭521‬ ו־‭522‬ בהר הכרמל, חיפה, הרשומים במשרד ספרי האחוזה <b class=""highlightcolor"">בחיפה</b> בסטר כס' ‭, 29‬ דפים מס' ‭133‬ ו־‭134‬ אשד ...</div>"
1838	hbkr19440405-01.1.3	5 April 1944	hbkr	Page 3	"<div class=""txtsearchsnippet"">... 4. 44 ‬ י. רוקח י-""ר היעד מנהל של <b class=""highlightcolor"">ביה""ח</b> העירי:' , חרס־"" י""א ניסן ת־ג""ד. ‭4. 4. 44 ...</div>"
1839	hbkr19420726-01.1.3	26 July 1942	hbkr	Page 3	"<div class=""txtsearchsnippet"">... ינתן פסק דן בהעדרך. טעה נחמני מזכיר שופט השלום <b class=""highlightcolor"">בחיפה</b></div>"
1840	hbkr19410313-01.1.3	13 March 1941	hbkr	Page 3	"<div class=""txtsearchsnippet"">... ‭8. 30-7. 30‬ בקליב הליגה. ירושלים. נית קנדיניף. עי""יד <b class=""highlightcolor"">ביה־ח</b> טיכו מאתרי . אגדי. :שהאו־ הוד־ מבער למאוור־ים כ־40 ...</div>"
1841	hbkr19430404-01.1.4	4 April 1943	hbkr	Page 4	"<div class=""txtsearchsnippet"">להראת תערוכת הבניה <b class=""highlightcolor"">בחיפה</b></div>"
1842	hbkr19421023-01.1.6	23 October 1942	hbkr	Page 6	"<div class=""txtsearchsnippet"">... ת""א. המשטרה באה למקום והעבירה את הגויה לחדר־המתים של <b class=""highlightcolor"">ביה""ח</b> העירוני. אינו עובד כקרן הקימת היעד חארצי שי חקחק־י ...</div>"
1843	hbkr19380816-01.1.6	16 August 1938	hbkr	Page 6	"<div class=""txtsearchsnippet"">... השבועות האחרונים היו כמה התנקשויות עיי פצצות! באחת מהן. <b class=""highlightcolor"">בחיפה.</b> נהרגו למעלה מאת בעים ערבים: התנפלות על מושבה יהודית ...</div>"
1844	hbkr19381230-01.1.6	30 December 1938	hbkr	Page 6	"<div class=""txtsearchsnippet"">אנחני הח""מ מאשרים בזה שמר אנס לב!, בעל <b class=""highlightcolor"">ביה''ח</b> לסכיני גלוח "" 'אל"" המציא לרשותינו את הקושן מספר ...</div>"
1845	mar19480708-01.1.6	8 July 1948	mar	Page 6	"<div class=""txtsearchsnippet"">... כל המאמצים מצד הקונסול האמריקני וגם מצד נציגים יהודיים <b class=""highlightcolor"">בחיפה</b> לשחרורו ובפי שסבורים ישוחרר מר אט־ הם במשר היום.</div>"
1846	hayesod19380630-01.1.4	30 June 1938	hayesod	Page 4	"<div class=""txtsearchsnippet"">... הנבנית ע״י ההסתדרות, הולכת בכוון זה ומחכה מעשה אחותיה <b class=""highlightcolor"">בחיפה.</b> בקרית עבודה זו מתקיים קולנוע מקומי — והפה שמענו ...</div>"
1847	dav19461021-01.1.4	21 October 1946	dav	Page 4	"<div class=""txtsearchsnippet"">... נדחה. סישח שני אלו&amp;יט ‭, ;‬ מועדון ע_&amp;נואל לאסקר <b class=""highlightcolor"">בחיפה</b> ערך פגישה גין אלוף ארץ־ישראל לשחמט י , אלוני ...</div>"
1848	dav19480321-01.1.2	21 March 1948	dav	Page 2	"<div class=""txtsearchsnippet"">המפקד שחיפש _8_ת -היהודי הפחדן* ־ועדה הלאומית הערבית <b class=""highlightcolor"">בחיפה</b> פיר־ £מה כרוז אזכרה למפקד הערבי של 1יסה ולחברי ...</div>"
1849	dav19440720-01.1.4	20 July 1944	dav	Page 4	"<div class=""txtsearchsnippet"">... המוסד. על הועך _לגאת למחחג, כי הוא המוסד היחיד <b class=""highlightcolor"">בחיפה.</b> שבאפשי רותו לפעולנענינים _מוניציפאליים בקנה פיח?גדול, ולהניע את מעיריה ...</div>"
1850	dav19450621-01.1.4	21 June 1945	dav	Page 4	"<div class=""txtsearchsnippet"">... ; ןן ‭| |‬ כברכת: מנח‭-?‬ה2בורה 7כ ‭75 7‬ע?י <b class=""highlightcolor"">ביהח</b> יר _* _, וכ‭?:‬_נאםך 1</div>"
1851	haretz19300608-01.1.3	8 June 1930	haretz	Page 3	"<div class=""txtsearchsnippet"">... רנטגן של! הדר מ• בךענך |רחוב בלפור ה מול <b class=""highlightcolor"">ביה""ח</b> ""1זדםה"" ‭-11- . V. . ‬ . נו . ...</div>"
1852	haretz19340212-01.1.3	12 February 1934	haretz	Page 3	"<div class=""txtsearchsnippet"">נח‭0ד1‬ זריזים <b class=""highlightcolor"">בחיפה</b> הרוצים ?הרוויה די כסף בעכודה לפני הצהרים. מתבקשים לפנות ...</div>"
1853	haretz19461105-01.1.3	5 November 1946	haretz	Page 3	"<div class=""txtsearchsnippet"">... דרוש חצ או שליש חדר לבחורה במחיר \ נוח <b class=""highlightcolor"">בחיפה.</b> לפנות: ת. ד. ‭398‬ חיפה מס. ‭. , . ...</div>"
1854	haretz19471230-01.1.3	30 December 1947	haretz	Page 3	"<div class=""txtsearchsnippet"">... 6 רופאים יהודים ו־‭27‬ אחיות עזבו את־ מול את <b class=""highlightcolor"">ביה""ח</b> הממשלתי בירושלים. כפי הנראה עשו את הדבר לאחר שהשמירה ...</div>"
1855	haretz19420722-01.1.2	22 July 1942	haretz	Page 2	"<div class=""txtsearchsnippet"">... חשבוע יכיל ‭60‬ מטות. בית-חחו-לים ימצא בדרך בית־לחמ ליד <b class=""highlightcolor"">ביה""ח</b> למחלות עינים. מועצת עירית ירושליפ אישרה בישיבתת אתמול חמלצות ...</div>"
1856	hbkr19481227-01.1.3	27 December 1948	hbkr	Page 3	"<div class=""txtsearchsnippet"">... היצל ‭. 27 ‬ בתוקף צו בית המשפט המחוו' <b class=""highlightcolor"">בחיפה</b> סתאייך של היום הנני מוסין בזה כל אדם להיפיע ...</div>"
1857	hbkr19461105-01.1.2	5 November 1946	hbkr	Page 2	"<div class=""txtsearchsnippet"">... בכסף מלא. הפשטרד, חיפשה אחריו זמן מה. עד שמצאוהו <b class=""highlightcolor"">בחיפה.</b> בבית המשפט טען שתוה• כי מכד את החפצים כיון ...</div>"
1858	hegeh19461113-01.1.2	13 November 1946	hegeh	Page 2	"<div class=""txtsearchsnippet"">... ודרישות העתיד. בדרך זו מקרבים את העבודה הנעשית ע""־ <b class=""highlightcolor"">ביה״ח</b> הדסה ובאמצעות מפעלינו ההיגייניים והסניטריים, את פעולו־</div>"
1859	haretz19370326-01.1.4	26 March 1937	haretz	Page 4	"<div class=""txtsearchsnippet"">... משת"". — בשבת, ב־3 אחה״צ, בביהכ״נ ישראל הצעיר (מול <b class=""highlightcolor"">ביה״ח</b> ""הדפה"") יתאספו חברי מועצת ארגוני הנוער הדתי להשלטת השבת, ...</div>"
1860	haretz19370413-01.1.8	13 April 1937	haretz	Page 8	"<div class=""txtsearchsnippet"">... מוצ״ש 17.4 אולם ישה חפץ, ת״א מכירת הכרטיסים כרגיל <b class=""highlightcolor"">בחיפה</b> ביום 13.5 ש. ז. באולם ""אורח"" מכירת הכרטיסים החלה ...</div>"
1861	ahr19470617-01.1.4	17 June 1947	ahr	Page 4	"<div class=""txtsearchsnippet"">... הצסרפו לשביתה, בשבתם שב-תת־רעב. ערבים ניסו לעצור _בוזזוב _המלכ־ם <b class=""highlightcolor"">בחיפה</b> בקרבת השוק הערבי בשעה ‭7. 45‬ בבוקר את מכ_!נית ...</div>"
1862	ahr19470314-01.1.14	14 March 1947	ahr	Page 14	"<div class=""txtsearchsnippet"">... מקלפי תסוחי אומר, וירקות. מכונות לייבוש יוים וכו' _חיצרת <b class=""highlightcolor"">ביה""ח</b> ‭CRYPTO LTD‬ התיעצות הנם לבל דורש. _,</div>"
1863	dav19350530-01.1.8	30 May 1935	dav	Page 8	"<div class=""txtsearchsnippet"">החברה המפתחת את פעולתה <b class=""highlightcolor"">בחיפה</b> נוסדה בסון?ינואר ש. ז‭,. ‬בהון של 46 אלן?ילא""י, המחולק ...</div>"
1864	dav19350213-01.1.1	13 February 1935	dav	Page 1	"<div class=""txtsearchsnippet"">... מזמן לזמן נותנת -הממשלה תמיכה מסוימת _&gt;ק1פ""ת, כגון לבניין <b class=""highlightcolor"">ביה""ח</b> לעמק, אבל היא לא הניעה עדיין לידי השתתפות בתקציבה ...</div>"
1865	dav19350307-01.1.6	7 March 1935	dav	Page 6	"<div class=""txtsearchsnippet"">... פקיר . בחברת הנפנ: ־?עיראקית ‭2 —‬ לא""י, פועלי <b class=""highlightcolor"">ביה""ח</b> ‭,, ‬שמ‭'';‬ תרומה א' ‭10. —‬ לא""י, חברי הנוער ...</div>"
1866	dav19340528-01.1.4	28 May 1934	dav	Page 4	"<div class=""txtsearchsnippet"">... במלון המלך . _רוד. הכניסה לחברי האגורה. לקראת פתיחת <b class=""highlightcolor"">ביה""ח</b> "" ביקור קולים'' בשטע שעבר נחתם יהסכם בין מ, ...</div>"
1867	dav19330713-01.1.4	13 July 1933	dav	Page 4	"<div class=""txtsearchsnippet"">... בח""י ישראל _צוקרטן בשם האחים צוקרמן לפקודת טשינצקי בעל <b class=""highlightcolor"">ביה""ח</b> "" שמש'י המוצא מתבקש להחזירו לסניף! "" דבר"" חיפה. ...</div>"
1868	dav19311103-01.1.3	3 November 1931	dav	Page 3	"<div class=""txtsearchsnippet"">... ההכרזה הזאתי. רוקח /־ _^ בשם הועד המנהל של <b class=""highlightcolor"">ביה""ח</b> _האירוני _""_דהדסר־_* ; י""ח חשון תרצ""ב- ‭: . -.. ...</div>"
1869	dav19311101-01.1.3	1 November 1931	dav	Page 3	"<div class=""txtsearchsnippet"">... עם ההכרח?הזאת- • י, רוקח בשפ הועד המנהל של <b class=""highlightcolor"">ביה‭''‬ח</b> העירוני *ו־!דסד־ז* י''ח חשון תרצ""בי ‭_^ ??????????????? 10-31 29-‬ ...</div>"
1870	dav19321012-01.1.1	12 October 1932	dav	Page 1	"<div class=""txtsearchsnippet"">... ‬ י ‭_^ -*‬ בערב יום -כפיר הודיעה _הנלןלת <b class=""highlightcolor"">ביהח</b> ''ר "" נ‭^^'‬ל* כי התחדשות העבודה וייצור המלט _^זהיתה ...</div>"
1871	dav19320221-01.1.3	21 February 1932	dav	Page 3	"<div class=""txtsearchsnippet"">... ארגון אמהות עובדות בעפולה _הר־_^ה / ןהר""ר הירשוביץ (מנחל <b class=""highlightcolor"">ביה""ח</b> המרכזי) על: "" תפקיד | ?ההורמונים בגוו?האדם‭. ""‬אותו . ...</div>"
1872	dav19400717-01.1.4	17 July 1940	dav	Page 4	"<div class=""txtsearchsnippet"">הנאמנות _לנשואיך עם טבריה הנהלה <b class=""highlightcolor"">ביה""ח</b> עיש ‭. 3‬שויצר וחכר העובדים</div>"
1873	dav19470418-01.1.8	18 April 1947	dav	Page 8	"<div class=""txtsearchsnippet"">יפה ושלימה בורנשטיין - חובקים 3ת חיפה, <b class=""highlightcolor"">_ביה־ח</b> . ם1לרה- , כ־ג _נ־סן י תש־ו להוה וישראל ...</div>"
1874	dav19480301-01.1.3	1 March 1948	dav	Page 3	"<div class=""txtsearchsnippet"">... שי ביה‭!""‬ליד ביה""ת _בילינסון _ובזהזול הראשון של ב־ה""ס ליד <b class=""highlightcolor"">_ביה־ח</b> בעמק. _השתלבות _כע‭. ?‬־ה _ראשונה לאריות קוגנ-ף! 5ירישלי8 ההנהלה ...</div>"
1875	dhy19300129-01.1.3	29 January 1930	dhy	Page 3	"<div class=""txtsearchsnippet"">... רוצח אפנות במאים מו־ _עטוי1 אא ועד העדה העברית <b class=""highlightcolor"">בחיפה</b> שחבריו נעשו בתאם עורים ותמימים _אענין החשוב הזה, _ואהעיי ...</div>"
1876	dhy19320218-01.1.3	18 February 1932	dhy	Page 3	"<div class=""txtsearchsnippet"">בזמן חאחרון הרהיב בית החרושתשמן"" "" <b class=""highlightcolor"">בחיפה</b> את תעשית הסבון והתחיל בתעשית סחו־ רות חדשות. י ...</div>"
1877	dhy19320314-01.1.4	14 March 1932	dhy	Page 4	"<div class=""txtsearchsnippet"">... העבודה זכו ‭I I 1 . (""‬ הודעה הנהלת <b class=""highlightcolor"">ביה""ח</b> העירוני הדסה מודיעה בזד. ‭| [‬ לקהל כי _לרנןלי ...</div>"
1878	dhy19350329-01.1.1	29 March 1935	dhy	Page 1	"<div class=""txtsearchsnippet""><b class=""highlightcolor"">ביהח""</b> ד המטה עבד לידי הפירמה המפורסמת בארץ שקבלה בתערוכות ...</div>"
1879	dhy19330425-01.1.4	25 April 1933	dhy	Page 4	"<div class=""txtsearchsnippet"">... אייר ‭(27. 4, 33)‬ באולם ביה""ס לבנים העברי (מול <b class=""highlightcolor"">ביה""ח</b> רוטשילד י , והקונסוליה האיטלקית) בירושלים. : על הפרק: ...</div>"
1880	haretz19310914-01.1.4	14 September 1931	haretz	Page 4	"<div class=""txtsearchsnippet"">... בבית־החולים רוטשילד. בדבר פרטים נא לפנות למהלקה הפנימית של <b class=""highlightcolor"">ביה""ח</b> רוטשילד בירושלים. בארנוןהנוער הציוני"" "" הערב בשמונה תתקיים פגישת ...</div>"
1881	haretz19320511-01.1.4	11 May 1932	haretz	Page 4	"<div class=""txtsearchsnippet"">... ואברהם גוטמן; מזרח — יורשי כליל אל־בלדי; מערב — <b class=""highlightcolor"">ביה""ח</b> ומדש היהודיס. הוצע מחיר החלקח א' במחיר ‭2500‬ לא""י ...</div>"
1882	haretz19320815-01.1.4	15 August 1932	haretz	Page 4	"<div class=""txtsearchsnippet"">... וזבוכ־הו ‭64 ‬ ^‭'1151‬ לבית• הפיסירה' הי־צל 1 מו־ <b class=""highlightcolor"">ביה'ח</b> . טריקו רוטלד• הנני מכריז על הנחות גדולות במחירים ...</div>"
1883	haretz19360120-01.1.1	20 January 1936	haretz	Page 1	"<div class=""txtsearchsnippet"">... אליהו ברלין , •!!ו ‭18 ‬ הועד, המנהל של <b class=""highlightcolor"">ביה'־ח</b> העירוני ב ת ל א ב י ב ד. ...</div>"
1884	haretz19340617-01.1.1	17 June 1934	haretz	Page 1	"<div class=""txtsearchsnippet"">... אותח שעח ליד שולחן וכתב. מיד הובא הפצוע אל <b class=""highlightcolor"">ביה""ח</b> הממשלתי וקרוב לשעח אחת ניתחוהו •הרופאים תומםון ולייטבודי. מיד ...</div>"
1885	haretz19351216-01.1.6	16 December 1935	haretz	Page 6	"<div class=""txtsearchsnippet""><b class=""highlightcolor"">בחיפה</b> באבוד לתוצרת הארץ"" "" כישיבת חאחרוגת שלמועצת המו- "" ...</div>"
1886	haretz19360823-01.1.1	23 August 1936	haretz	Page 1	"<div class=""txtsearchsnippet"">... נמלאה עד דוחק וקהל רב נתאסי* גם ברחוב ליד <b class=""highlightcolor"">ביה""ח.</b> בשתים בערר' הוצא הארון מחדר חמתים. ובתוך החצר נשמעו ...</div>"
1887	haretz19360814-01.1.7	14 August 1936	haretz	Page 7	"<div class=""txtsearchsnippet"">... ל הנוגע לכשרותכפי ' הוראת הבד""צ וגם בע ל <b class=""highlightcolor"">ביה""ח</b> הנז' הוא איש כשר ונאכו־ עד הישרות ודנן יכולים ...</div>"
1888	haretz19360211-01.1.4	11 February 1936	haretz	Page 4	"<div class=""txtsearchsnippet"">... אדץ־ישראל וסוריה בתצ־אכיכ, טצ. ‭, 1677‬ בידושצים טצ‭967 ‬ <b class=""highlightcolor"">בחיפה</b> טצ. ‭;800‬ בטבריח טצפון ‭80 ‬ בעפוצח טצפון 15 ...</div>"
1889	haretz19341231-01.1.5	31 December 1934	haretz	Page 5	"<div class=""txtsearchsnippet"">דד1וט ן בשביל בנין גדול <b class=""highlightcolor"">בחיפה</b> ל3לר בנין להכנס תיכן! ומיד. י. א לשלוח הצעות ...</div>"
1890	haretz19350123-01.1.1	23 January 1935	haretz	Page 1	"<div class=""txtsearchsnippet"">חנוכת צבור מפס העיואקי <b class=""highlightcolor"">בחיפה</b></div>"
1891	haretz19340920-01.1.1	20 September 1934	haretz	Page 1	"<div class=""txtsearchsnippet"">... לסוגי העבודה השוגים: מקצועיים, ?פשוטים, מתלמדים. כאן הציעה הנהלת <b class=""highlightcolor"">ביה""ח</b> עבודה קבלנית. ד) תשלום מם מקביל לקופ""ח של ההסתדרות. ...</div>"
1892	haretz19370502-01.1.8	2 May 1937	haretz	Page 8	"<div class=""txtsearchsnippet"">... לשמואל סלמון לרגלי אווסיו ?$ ם ב"" ל עובדי <b class=""highlightcolor"">ביה""ח</b> ""מגדל דוד"" ירושלים</div>"
1893	haretz19470826-01.1.4	26 August 1947	haretz	Page 4	"<div class=""txtsearchsnippet"">... יי. "", "", """"•""יי•* כתל־אביב: מקוד. ישראל ‭- 6‬ <b class=""highlightcolor"">בחיפה:</b> שער פלמד. בניני הסוכנות בירושלים : דה' המלך גיורג' ...</div>"
1894	haretz19460305-01.1.1	5 March 1946	haretz	Page 1	"<div class=""txtsearchsnippet"">עליזה ודב מלצמן חובקים בת ‭1. 3. 1946‬ <b class=""highlightcolor"">ביה""ח</b> . אסותא""</div>"
1895	haretz19380711-01.1.4	11 July 1938	haretz	Page 4	"<div class=""txtsearchsnippet"">הועד המנהל של <b class=""highlightcolor"">ביה""ח</b> 4 העירוני הדסה בת""א מפריז על משרת רופאבית^ במהלקת ...</div>"
1896	haretz19391004-01.1.8	4 October 1939	haretz	Page 8	"<div class=""txtsearchsnippet"">האמנם ייסגר <b class=""highlightcolor"">ביה""ח</b> ע""מ שווייצי?</div>"
1897	haretz19380809-01.1.6	9 August 1938	haretz	Page 6	"<div class=""txtsearchsnippet"">... ב־‭10‬ ליולי, ושהיה מוטל בביה""ח הדסה"", עזב אתמול את <b class=""highlightcolor"">ביה""ח.</b> "" הכלה בקרבת ירושלים ב־־י שלשום נשרפו על ידי ...</div>"
1898	haretz19340810-01.1.1	10 August 1934	haretz	Page 1	"<div class=""txtsearchsnippet"">... I ‬ ן וער הכרת ""לינת הצדק•' מ ? <b class=""highlightcolor"">בחיפה</b> §) I מברך את החברה הפעילה I) גב' בדםקי ...</div>"
1899	haretz19410314-01.1.8	14 March 1941	haretz	Page 8	"<div class=""txtsearchsnippet"">... ‭15‬ לא""י אהודש. פרטים אפשר אקבא במשרד חחנהאה שא <b class=""highlightcolor"">ביה""ח</b> העירוני בשעות ‭10‬ עד ‭12‬ אפנה""צ. חצעות מועמדים מתקבלות ...</div>"
1900	haretz19480530-01.1.1	30 May 1948	haretz	Page 1	"<div class=""txtsearchsnippet"">... יבנץ **""* ווהגהלח וחבר העוגדים ——??""""""^?י?????? ‭??1 ‬ לחברינו <b class=""highlightcolor"">ביהח</b> וימיד ומשה קיבקוביץ אנו אתכם ביגונכם חפנחל וחפר חעופדיפ ...</div>"
1901	haretz19450202-01.1.8	2 February 1945	haretz	Page 8	"<div class=""txtsearchsnippet"">... אקדח בביתו בקיבוץ ""הנוטע"". הוא הועבר לבית החולים ""הדסה"" <b class=""highlightcolor"">בחיפה</b> ושם נפטר בשעה ‭11‬ בלילה. המנוח הניח שני מכתבים, ...</div>"
1902	haretz19450612-01.1.1	12 June 1945	haretz	Page 1	"<div class=""txtsearchsnippet"">... לבדי הוכקיפ כן שבת כיח סיון תש-ה (‭9. 645‬) <b class=""highlightcolor"">ביה""ח</b> •אסותא- ת-א.</div>"
1903	hbkr19400320-01.1.7	20 March 1940	hbkr	Page 7	"<div class=""txtsearchsnippet"">... מאפית וקינדיטוריה י. פט ן ירושלים. רחוב הנביאים, מול <b class=""highlightcolor"">ביה""ח</b> "" הדסה'. טלפון ‭. 3114 ‬ הזמינו את גדביבש ...</div>"
1904	haretz19480518-01.1.1	18 May 1948	haretz	Page 1	"<div class=""txtsearchsnippet"">... רק לעולי קפריסין בלבד דרושים כ־‭4, 000‬ דירות. אמנם <b class=""highlightcolor"">בחיפה</b> נום־ פו לנו 1200 דירה אך אץ זה אלא ...</div>"
1905	hmf19440125-01.1.4	25 January 1944	hmf	Page 4	"<div class=""txtsearchsnippet"">... במשפטו של עו""ד ד. סגל, תובע• לשעבר במחלקת האספקה <b class=""highlightcolor"">בחיפה.</b> הגאשם בל- ' קיחת שוחד. בית המשפט מצא אותו ...</div>"
1906	hmf19470801-01.1.1	1 August 1947	hmf	Page 1	"<div class=""txtsearchsnippet"">עש'יק, ט""ו באב, תש""ז' ‭(1. 8. 47)‬ החדש <b class=""highlightcolor"">בחיפה.</b> מבית־החולים רוטשילד ותתעכב , המנוחה ברח הגפן ‭. 9 ...</div>"
1907	hmf19471221-01.1.1	21 December 1947	hmf	Page 1	"<div class=""txtsearchsnippet"">... בטבריה, בעבדו ליד מסגד ערבי‭3. ‬ ע רבים נפצעו <b class=""highlightcolor"">-בחיפה</b> ביריות. סרג'נט נוטרים עברי נרצה אמש בירושלים מיריות היילי ...</div>"
1908	hmf19471203-01.1.1	3 December 1947	hmf	Page 1	"<div class=""txtsearchsnippet"">מודיעים רשמית: בשער‭9, ‬ בערב שמע משמר שוטרים <b class=""highlightcolor"">בחיפה</b> יריות בקרבת ואדי תשמייה. אהד חיפוש נמצאה גופתו של ...</div>"
1909	hbkr19461115-01.1.7	15 November 1946	hbkr	Page 7	"<div class=""txtsearchsnippet"">... חיטה נפצע הפועל קשה בכל נופו והועבר לבית־החולים הממשלתי <b class=""highlightcolor"">בחיפה•</b> בהסתדרות הציונים הכלליים. בשבת :י בשעה ‭11‬ בבקר תתקיים ...</div>"
1910	hbkr19470828-01.1.3	28 August 1947	hbkr	Page 3	"<div class=""txtsearchsnippet"">... הפצוע היעבר אתמיל בבי־ קד ממרפאת נשר לבית־ההילים ריסשילד <b class=""highlightcolor"">בחיפה.</b> בשעת עבודתו בבנין. נפצע ברגל־. הפיעל סנהס פיירשטין. בן ...</div>"
1911	hbkr19461230-01.1.4	30 December 1946	hbkr	Page 4	"<div class=""txtsearchsnippet"">... תבנה עיי הליגה למלחמה בשחפת ויהיו בו 100 מיטות• <b class=""highlightcolor"">ביה־ח</b> מוקמ בתל־ליפדנפקי ולי* כרוז של עסקני הליגה יש *ורד ...</div>"
1912	hbkr19460308-01.1.8	8 March 1946	hbkr	Page 8	"<div class=""txtsearchsnippet"">I היום נפתח <b class=""highlightcolor"">ביהח</b> רספלנדיד""י "" [ לוקוי יבש ומצבננה , מחלקה מייחדה: ...</div>"
1913	hbkr19380106-01.1.7	6 January 1938	hbkr	Page 7	"<div class=""txtsearchsnippet"">... מ""כולל הונג־ דיה"" ו""הכוללים"" האחרים, באו הביקו ב־9 לחצר <b class=""highlightcolor"">ביה""ח</b> "";דכה"" בורושלים אמיל את החסד האחרון לקדוש חיים דוד ...</div>"
1914	hbkr19380617-01.1.3	17 June 1938	hbkr	Page 3	"<div class=""txtsearchsnippet"">רנו מסר רופא <b class=""highlightcolor"">ביה""ח.</b> כי מצבו של רייז־ לר רציני מאד. מצבו של ...</div>"
1915	hbkr19380810-01.1.3	10 August 1938	hbkr	Page 3	"<div class=""txtsearchsnippet"">... הערבי צ'רקס הולך וטוב. בעוד כמה ימים יעזוב את <b class=""highlightcolor"">ביה""ח</b> ‭.. ‬חדרה"". רחל מוצ'ניק מפצועי -אבוקח"" שליד פרדס חנח ...</div>"
1916	hbkr19381128-01.1.1	28 November 1938	hbkr	Page 1	"<div class=""txtsearchsnippet"">... . מכונית טכסי שעברה במקום אספה את הפצוע אל <b class=""highlightcolor"">ביה""ח</b> ,. הדסה""• למזלו הוברר. שהפצע אינו רציני. זוהי ההתנקשות ...</div>"
1917	hmf19441106-01.1.4	6 November 1944	hmf	Page 4	"<div class=""txtsearchsnippet"">... ה?םינקלד בברכה. -־ ביום ' חמישי שעבד נערכה באולם <b class=""highlightcolor"">ביה""ח</b> האוניב-סיטאי ש יל הדסה על הד הצופים מסיבת פרידה ...</div>"
1918	hmf19460925-01.1.1	25 September 1946	hmf	Page 1	"<div class=""txtsearchsnippet"">... המגורשים. המעפילים מודאגים לגורל חבריהם הפצועים שנשארו בבית חחולים <b class=""highlightcolor"">בחיפה.</b> הם מבקשים לשלוח להפ םפרים ועתונים עבריים. חם עוקבים ...</div>"
1919	hmf19461111-01.1.1	11 November 1946	hmf	Page 1	"<div class=""txtsearchsnippet"">... אלפי קולות נפסלו בסיטונות (בת""א — כשלשת אלפ ם, <b class=""highlightcolor"">בחיפה</b> — למעלה מאלפיים וכוי) מאחר שהועדה לא הספיקה לברר ...</div>"
1920	hmf19451211-01.1.4	11 December 1945	hmf	Page 4	"<div class=""txtsearchsnippet"">... במקום. רובה שני מתוצרת בית נמצא כעבור שעה בקרבת <b class=""highlightcolor"">ביה""ח</b> הממשלתי בבית־לחם.</div>"
1921	hmf19410810-01.1.2	10 August 1941	hmf	Page 2	"<div class=""txtsearchsnippet"">... הדי""םת ביתו של הורקין ברחובות' ""שביעי של ‭, ""פסח‬שבועות <b class=""highlightcolor"">בחיפה</b> (ההתנפלות על חברינו ד""ר לוייזל למאירוביץ‭, (‬קיץ ‭־""מקרה"", 1933‬ ...</div>"
1922	hzh19400509-01.1.4	9 May 1940	hzh	Page 4	"<div class=""txtsearchsnippet"">מרת ג'ייקובס ובנין <b class=""highlightcolor"">ביה""ח</b> רוטשילד משלחת מטעם וועדת בנין בית החולים רוטשילד של ...</div>"
1923	hzh19381223-01.1.4	23 December 1938	hzh	Page 4	"<div class=""txtsearchsnippet"">‭OOOOQOQQOQGOOOOtSOOOOOOOOOOOOOOO«?00&lt;_XXaKXXXXX_»‬ ועד עזרת נשים והנהלת <b class=""highlightcolor"">ביה""ח</b> להולי־רוח בירושלים • , מברכים את הנשיאה ויו""ר ההברה ...</div>"
1924	hzh19440824-01.1.4	24 August 1944	hzh	Page 4	"<div class=""txtsearchsnippet"">... מכונית משא של הדואר דרסת אתמול בר־ חוב יפי <b class=""highlightcolor"">בחיפה</b> נער ערבי בן‭. 12. ‬הוא נפצע כאופן קשה והועבר ...</div>"
1925	yarden19341016-01.1.4	16 October 1934	yarden	Page 4	"<div class=""txtsearchsnippet"">... משרד לעבודות טבו. שדרות רוטשילד^ : על הר הכרמל <b class=""highlightcolor"">בחיפה</b> מם. 2א. תל־אביב. "" . ‭|; ‬</div>"
1926	itonamami19480219-01.1.2	19 February 1948	itonamami	Page 2	"<div class=""txtsearchsnippet"">... ״הדסה״ בת״א, הלווײתו נתקײמה אתמול אחה״צ מחדר זמתים של <b class=""highlightcolor"">ביה״ח</b> וקהל רב בא לחלק לו ת הפבוד האחרון. ההרוג ...</div>"
1927	hashaah19400108-01.1.1	8 January 1940	hashaah	Page 1	"<div class=""txtsearchsnippet"">השבוע נתקיים ביקור של ב״כ הע־ תונים היומיים <b class=""highlightcolor"">בחיפה</b> בבית החרושת ""שמן"", שהיה מוקדש בעיקר למחלקה לייצור שמנים ...</div>"
1928	haretz19330530-01.1.10	30 May 1933	haretz	Page 10	"<div class=""txtsearchsnippet""><b class=""highlightcolor"">בחיפה</b></div>"
1929	hbkr19461230-01.1.2	30 December 1946	hbkr	Page 2	"<div class=""txtsearchsnippet"">... חולים כרונייפ אהרים. בשנות ה, זרום במזרח התיכון שימש <b class=""highlightcolor"">ביה""ח</b> מרכז יטציעים שהובאו מחזית המדבר המערבי ל חזית אל־עימץ. ...</div>"
1930	haretz19361027-01.1.1	27 October 1936	haretz	Page 1	"<div class=""txtsearchsnippet"">אתמול לפני הצהרים התברר בבית הדין לפשעים חמורים במושבו <b class=""highlightcolor"">בחיפה</b> משפטו של עלי אדם איברהים, צועני מסביבות ברבור, שנתבע ...</div>"
1931	ahr19460903-01.1.4	3 September 1946	ahr	Page 4	"<div class=""txtsearchsnippet"">... בהשתתפות המוסד. בחוכנית הקרובה — בניינים בעין־המפרץ, במשמר־העמק וביגוד. <b class=""highlightcolor"">בחיפה</b> הולכת ונבנית ברחי החלוץ 49 קומה בבניין, שנשכרה לכמה ...</div>"
1932	ahr19470513-01.1.4	13 May 1947	ahr	Page 4	"<div class=""txtsearchsnippet"">... ‬ בימים האחרונים •פוטרו כמה עשרות פועלים מעבודות הרכבת <b class=""highlightcolor"">בחיפה,</b> לוד וקנטרה. בישיבת הוועדה המפשרת, ביום 9 בח""ז, דרשו ...</div>"
1933	ahr19470417-01.1.1	17 April 1947	ahr	Page 1	"<div class=""txtsearchsnippet"">... רשיונות מצומצם הוצא לרום־ אים בעלי מכוניות פרטיות. עובדי <b class=""highlightcolor"">ביה''_ח</b> העירוני ""הדסה"" הועברו לעבודתם במכוניות ואמבולנסים צבאיים, בליווי משמר ...</div>"
1934	ahr19470909-01.1.4	9 September 1947	ahr	Page 4	"<div class=""txtsearchsnippet"">... בשעה 10 בערב בערך, התקרבו אל הנוטר, שעמר בקרבת <b class=""highlightcolor"">ביה""ח</b> של חיק־התעופה _שבתל־ליטבינפקי, ארבעה אנשים מזוינים, לנושים מדי־צבא, אשר ...</div>"
1935	ahr19450618-01.1.4	18 June 1945	ahr	Page 4	"<div class=""txtsearchsnippet"">... לדרישה והפועל הורחק. המקרה הסעיר את רוחם של פועלי <b class=""highlightcolor"">ביה""ח</b> והם תבעו בתוקף את החזרתו לעבודה‭'. ‬לאחר איום בשביחה ...</div>"
1936	ahr19451130-01.1.7	30 November 1945	ahr	Page 7	"<div class=""txtsearchsnippet"">... n. _'‬ יי _סיפודטאנ י _, _ןי עמנוא ' <b class=""highlightcolor"">_ביהח</b> ?יסקר םט ייעוד (רח ‭"" -‬ י _בניוי , ...</div>"
1937	dav19360601-01.1.2	1 June 1936	dav	Page 2	"<div class=""txtsearchsnippet""><b class=""highlightcolor"">ביה""ח</b> הצרפתי פונה לשלטונות</div>"
1938	dav19370122-01.1.1	22 January 1937	dav	Page 1	"<div class=""txtsearchsnippet"">... רא בראשון לציון. ילד נדרס לבית ליד הצבוריות מר <b class=""highlightcolor"">ביהח</b> החולים הורדוקוש , ""ו דרס הצרפתי . אתמול . ...</div>"
1939	dav19341021-01.1.8	21 October 1934	dav	Page 8	"<div class=""txtsearchsnippet"">הנחת אבן הפינה לבנין <b class=""highlightcolor"">ביה''ח</b> האוניברסיטאי</div>"
1940	dav19351222-01.1.33	22 December 1935	dav	Page 33	"<div class=""txtsearchsnippet"">... ? יע‭&gt;]‬ בעתונים, כי עבודות ההכנה להק - מת <b class=""highlightcolor"">ביהח""</b> י פ&amp;קו וכי הנחלת "" שם־ שו‭/'‬ רוצת לבטל ...</div>"
1941	dav19300430-01.1.3	30 April 1930	dav	Page 3	"<div class=""txtsearchsnippet"">... אח הידיעה שבאה ב "" דואר היום"" בדבר הפיכת <b class=""highlightcolor"">ביה‭_''‬ח</b> לבית זזולי ריאות;לדרוש בנין בית _הבראה לחולי ריאוח _ג_^זז""ו ...</div>"
1942	dav19330414-01.1.3	14 April 1933	dav	Page 3	"<div class=""txtsearchsnippet"">... עיבודה הונניס בש- _"" ביל פועלי בית החרושת. הנחלת <b class=""highlightcolor"">ביהח</b> '' ר מסרבת. חגאיט _טיותדיפ של _ביתח_""־ר מבחינת _טקוטו ...</div>"
1943	dav19320302-01.1.5	2 March 1932	dav	Page 5	"<div class=""txtsearchsnippet"">... בארץ;בהעברת בית החולים בת""אלךשות העילית ובעניני . בית החולים <b class=""highlightcolor"">בחיפה</b> טיפלה בענינ־ , :י ‭; ?‬ <b class=""highlightcolor"">ביה""ח</b> לחולי לוח:שלעזדת‭?-‬נשים‭''‬ ...</div>"
1944	dav19320413-01.1.3	13 April 1932	dav	Page 3	"<div class=""txtsearchsnippet"">... העוברים בעיר. משפחות עוסקות בחרושת ובתעשית זעירה והגדולות שבהן <b class=""highlightcolor"">ביה""ח</b> לכלי מתכת ‭,, ‬לגו‭_"" , ""‬ טו־יקורורר"" ונו י ...</div>"
1945	dav19380828-01.1.8	28 August 1938	dav	Page 8	"<div class=""txtsearchsnippet"">... ערכו!בשנת 1937 מאח קונצרטים, מהם בתל אביב ‭, 39 <b class=""highlightcolor"">—‬בחיפה</b> ‭, 24 —‬בירושלים ‭, 18‬ ברחובות ‭, 5 —‬ ...</div>"
1946	dav19410615-01.1.3	15 June 1941	dav	Page 3	"<div class=""txtsearchsnippet"">... _^‬_יי_^ לקרטון גלי המשרדים‭. -‬ת""א, פרישמן ‭, 53‬טל‭5259. ‬ <b class=""highlightcolor"">_ביה''ח</b> בגבעת רמב""ם הסוכן הראשי: אוטו גליקסבזן, תל־אביב תעשיה של ...</div>"
1947	dav19480618-01.1.6	18 June 1948	dav	Page 6	"<div class=""txtsearchsnippet"">... הקודר בנפול בנך ‭01 6337‬ בהגנת המולדת ‭_!_#‬בדי מעבדה, <b class=""highlightcolor"">_ביה''ח</b> כילינקון _ווווווו</div>"
1948	dav19430221-01.1.3	21 February 1943	dav	Page 3	"<div class=""txtsearchsnippet"">האסיפה הכללית השנתית להנף •הצרכנית ־שתופית של עובדי <b class=""highlightcolor"">ביה""ח</b> העירוני "" הדסה"" בת""א תתקיים ביום ‭, 2. 3. ...</div>"
1949	dhy19310903-01.1.3	3 September 1931	dhy	Page 3	"<div class=""txtsearchsnippet"">... את המודעות אפשר _להמציא ע""י: בערים : בירושלים • <b class=""highlightcolor"">בחיפה:</b> ‭., ‬ ה' _גוצרשטירט, מ שרד . נ&gt;וט ‭&gt; ...</div>"
1950	dhy19340810-01.1.1	10 August 1934	dhy	Page 1	"<div class=""txtsearchsnippet"">... דבר‭. ""‬על מאסר 24 ערבים שעבת "" במחצבת ממפנל <b class=""highlightcolor"">בחיפה</b> באשמת כניפח בלתי חו-קית לארץ, מודיע אותנו מר פנל ...</div>"
1951	dhy19350220-01.1.6	20 February 1935	dhy	Page 6	"<div class=""txtsearchsnippet"">... הצגת הפתיהה בתיאטרון תגרולאר- "" מון‭/'‬ שהוקם בשכינת הרצליה <b class=""highlightcolor"">בחיפה</b> ע""י מר גריידינגר ושות/ בהצגת חפתיחח נוכחו• רק מוזמנים. ...</div>"
1952	dhy19350224-01.1.1	24 February 1935	dhy	Page 1	"<div class=""txtsearchsnippet"">... ב*ו ם ו' פרצה שביתה במפעלי חב' הנפט העיראקית <b class=""highlightcolor"">בחיפה.</b> שובתים 130 פועלים יהודים וערבים, •ממהלק ת הנא־ ראג‭, ...</div>"
1953	dhy19350322-01.1.1	22 March 1935	dhy	Page 1	"<div class=""txtsearchsnippet"">בית הדין המהוזי <b class=""highlightcolor"">בחיפה</b> פסק שלשום שעל נעים אפנדי אבו• שאם, לשלם לחברת ...</div>"
1954	haretz19301107-01.1.4	7 November 1930	haretz	Page 4	"<div class=""txtsearchsnippet"">... חכרת ליבד 7 לא""י — מחוץ לתרומות השנתיות — <b class=""highlightcolor"">ביה""ח</b> לתעשיות רשתות של ה""ה נלדשטיין וחורנ שטיין(לוינםקי 2) מפרישים ...</div>"
1955	haretz19321023-01.1.4	23 October 1932	haretz	Page 4	"<div class=""txtsearchsnippet"">... 4 הם פועלי ביח""ר פרומין. הראשון לעדים — בעל <b class=""highlightcolor"">ביהח""</b> רה' פרומין, שמוסר כי בהווםד ביהח""ר קבל פועלים מכל ...</div>"
1956	haretz19320920-01.1.4	20 September 1932	haretz	Page 4	"<div class=""txtsearchsnippet""><b class=""highlightcolor"">בחיפה</b></div>"
1957	haretz19350524-01.1.1	24 May 1935	haretz	Page 1	"<div class=""txtsearchsnippet"">ן <b class=""highlightcolor"">ביהח</b> הגהלת ""ר ""עלית"" ן בדמת'גן מברבת את םוכנה <b class=""highlightcolor"">בחיפה</b> ...</div>"
1958	haretz19370503-01.1.1	3 May 1937	haretz	Page 1	"<div class=""txtsearchsnippet"">... כיהכ""נ חורבת ר' יהודה החסיד, כפת כיהכ""נ ;יס; בס, <b class=""highlightcolor"">ביה""ח</b> משגב ידך, כתי מחסה י ועוד. בעלי הבתים ביתר ...</div>"
1959	haretz19370528-01.1.4	28 May 1937	haretz	Page 4	"<div class=""txtsearchsnippet"">אגרדה הדדית לבנין בתים <b class=""highlightcolor"">בחיפה</b> בע""מ מתכבדת לחזמין את חבריח לאםפה כללית שתתקיים ביום ...</div>"
1960	haretz19460524-01.1.1	24 May 1946	haretz	Page 1	"<div class=""txtsearchsnippet"">... רב אנו מודיעים קל הולדת בתנו יהודית ומשולם דיקלים <b class=""highlightcolor"">ביה""ח</b> . עין גדי"" כ""א אייר התש""ו</div>"
1961	haretz19470926-01.1.1	26 September 1947	haretz	Page 1	"<div class=""txtsearchsnippet"">... חזדאל חזלןאל פודיעיפ כשמהה על הולדת נכדם, בנפ י <b class=""highlightcolor"">ביה""ח</b> סדובסקי , ירושלים.</div>"
1962	haretz19470713-01.1.1	13 July 1947	haretz	Page 1	"<div class=""txtsearchsnippet"">... (11. 7. 47 ‬ ההלויה תצא מחדר המתים של <b class=""highlightcolor"">ביה""ח</b> •הדסה"" * היום• יופ אי ‭, 13. 7. 47‬ ...</div>"
1963	haretz19390606-01.1.4	6 June 1939	haretz	Page 4	"<div class=""txtsearchsnippet"">... דרומית לעכו והוכנסו לביה""חהדפה"", החלימו 5 "" ועזבו את <b class=""highlightcolor"">ביה""ח.</b> . שלושת הנשארים צוידרר, איזבוניצקי ולבני מהלימים מפצעיהם ומצבם ...</div>"
1964	haretz19390518-01.1.6	18 May 1939	haretz	Page 6	"<div class=""txtsearchsnippet"">הבוקר בשעה 10 לערך נודו כמה יריות <b class=""highlightcolor"">בחיפה</b> על מכונית צבורית בקו מספר 6 (שרות הדר הכרמל ...</div>"
1965	haretz19450523-01.1.1	23 May 1945	haretz	Page 1	"<div class=""txtsearchsnippet"">... החנויות הערביות באיזורים המעורבים של העיר היו סגורים. כהיפה <b class=""highlightcolor"">בחיפה</b> הורגשה השביתה ביחוד בשוק</div>"
1966	hbkr19390627-01.1.5	27 June 1939	hbkr	Page 5	"<div class=""txtsearchsnippet"">... אנ""י ‭, 01 ‬ טלפון ‭. (2183 ‬ — <b class=""highlightcolor"">בחיפה</b> פחוחיפ הלילה בתי הפדקחת ,. ססדד, "" בדה' מסדה ...</div>"
1967	hbkr19390802-01.1.3	2 August 1939	hbkr	Page 3	"<div class=""txtsearchsnippet"">... חזרה את אנשיהם ויפסיקו את כל :־ המסחר עם <b class=""highlightcolor"">ביה""ח.</b></div>"
1968	hbkr19391109-01.1.3	9 November 1939	hbkr	Page 3	"<div class=""txtsearchsnippet"">... ביניהם נמצא הטיס הגרלני אשר ניצל לפני זמן לה <b class=""highlightcolor"">בחיפה</b> הדרומי של נורבגיה. צרכי עעת חירום דוחים את בכוד-הזקבה ...</div>"
1969	hbkr19400729-01.1.4	29 July 1940	hbkr	Page 4	"<div class=""txtsearchsnippet"">... לשעת־חירום אשר ליד ־ועה""ל. נתקכלו החלטות על התאמת בנין <b class=""highlightcolor"">ביה""ח</b> לצדני השעה, סידור תחנה והדרי־נתוח נוססים בעיר ובמט־ רץ, ...</div>"
1970	hmf19470820-01.1.3	20 August 1947	hmf	Page 3	"<div class=""txtsearchsnippet"">... של שלושת אלפים בקבוקים בערך. פרטים אפשר לקבל במשרדי <b class=""highlightcolor"">ביה""ח</b> העירוני ""‭, ""הדסה‬בתל־אביב, דח' בלפור 8 בשעות ‭10—12‬ לפני ...</div>"
1971	hmf19470612-01.1.1	12 June 1947	hmf	Page 1	"<div class=""txtsearchsnippet"">... ביהי'ד לק־ בל את חוות־הדעת של מומחה הרנטגן של <b class=""highlightcolor"">ביה""ח</b> ""זזדםה"" אשר אמר כי אין אפ־ שרות מדעית לקבוע ...</div>"
1972	hmf19480106-01.1.3	6 January 1948	hmf	Page 3	"<div class=""txtsearchsnippet"">... ביולי ל־ ‭18. 500‬ ממ""ר בספטמבר‭, (‬והקטנה ביותר — <b class=""highlightcolor"">בחיפה</b> ‭21. 000)‬ ממ""ר ביולי‭20. 000, ‬ ממ""ר בטפטמבר‭. (‬ביפו ...</div>"
1973	hmf19481216-01.1.4	16 December 1948	hmf	Page 4	"<div class=""txtsearchsnippet"">אתרי שהופקעו צריפי <b class=""highlightcolor"">ביה""ח</b> ‭, ""זיו""‬אשר שימשו . את סמינר ‭, ""דחיהמז""‬שנאלץ לעקה ...</div>"
1974	hbkr19460922-01.1.3	22 September 1946	hbkr	Page 3	"<div class=""txtsearchsnippet"">... םוד שברשותם נמצאו מכשירים לפריצת דלתות. לתא ־אםירות על <b class=""highlightcolor"">ביה""ח</b> הממשלתי הובאה ביום הששי צעירה בשפ מינה פיפלר, עצורה ...</div>"
1975	hbkr19470623-01.1.1	23 June 1947	hbkr	Page 1	"<div class=""txtsearchsnippet"">... וה""נץ פונפה מאושרים להודיע על הולדת בתם שתחיה ירושלים. <b class=""highlightcolor"">ביה""ח</b> הדפה. א' בתמיז תש־ז.</div>"
1976	hbkr19420320-01.1.5	20 March 1942	hbkr	Page 5	"<div class=""txtsearchsnippet"">... בדבר העמדת סבים ההקצבה חנלל• למי*דות בר-אית נתמכים (כלומר <b class=""highlightcolor"">ביה""ח</b> לחול־ריח -, קיזית חיל-ם? חיל? שחפת ונוי) למשך שנת ...</div>"
1977	hbkr19460523-01.1.3	23 May 1946	hbkr	Page 3	"<div class=""txtsearchsnippet"">... , 7. 15‬ בת""א יום ד' ‭295‬ באולםעין־דור ""* <b class=""highlightcolor"">בחיפה</b> 2 הצגות בכורה ב־7 ו־9 בערב יום ה' ‭30. ...</div>"
1978	hbkr19431227-01.1.1	27 December 1943	hbkr	Page 1	"<div class=""txtsearchsnippet"">... לנשיאי ט"" אסתר עם בח'ל יצחק שלוהה ברכת עובדי <b class=""highlightcolor"">ביה""ח</b> לחעשית עץ האחים נגד ת""א בדנפ, נולדמן. •ודיזל. 'וממיץ, ...</div>"
1979	hbkr19451216-01.1.4	16 December 1945	hbkr	Page 4	"<div class=""txtsearchsnippet"">... הראשי: ת־־א רח' הרצל אי טל. ‭3621‬ או לסוכנים <b class=""highlightcolor"">בחיפה:</b> ב. כרסנתי , מרכז מסחרי ישן ובבת־גליםו בטבריה: י. ...</div>"
1980	hbkr19460201-01.1.8	1 February 1946	hbkr	Page 8	"<div class=""txtsearchsnippet"">שתי אספות-עם <b class=""highlightcolor"">בחיפה</b> תפילת ""עם כיסוד קסן"" נערכה בבית הכנסת המרכזי בחישה ...</div>"
1981	hbkr19421011-01.1.1	11 October 1942	hbkr	Page 1	"<div class=""txtsearchsnippet"">... שפודדם לדוודמנ על י הולדת בתם כ''ט תשר? תש""ג. <b class=""highlightcolor"">ביה""ח</b> אסותא.</div>"
1982	hbkr19400912-01.1.4	12 September 1940	hbkr	Page 4	"<div class=""txtsearchsnippet"">... רח' *ה!!, , טלפון ‭I . 5138 ‬ \ <b class=""highlightcolor"">בחיפה:</b> ווזנרוש את וולך דח' ביאליק &gt;&lt;, טמון ‭I 1164 ...</div>"
1983	hbkr19380207-01.1.3	7 February 1938	hbkr	Page 3	"<div class=""txtsearchsnippet"">... הוא היה בן !)3 במותו ותמך בהוריו הזקנים הגרים <b class=""highlightcolor"">בחיפה.</b> גופתו הועברה להיפר, לקבורה. מעבם של יתר הפצועים, אשתו ...</div>"
1984	hbkr19380617-01.1.6	17 June 1938	hbkr	Page 6	"<div class=""txtsearchsnippet"">... ביותר של המלה. (המושל הוציא מהוד הרשימה אף את <b class=""highlightcolor"">ביה''ח</b> יי חיל• רוח של .. עזרת נשים''. את קמת? ...</div>"
1985	hbkr19380531-01.1.3	31 May 1938	hbkr	Page 3	"<div class=""txtsearchsnippet"">... בבית החולים הממשלתי בבית־לחם. מעצר בעל בית מלון ערבי <b class=""highlightcolor"">בחיפה</b> חיפה. (.. פ. ס. ""). — מודחת לאבאד' ו־א2 ...</div>"
1986	hbkr19381223-01.1.6	23 December 1938	hbkr	Page 6	"<div class=""txtsearchsnippet"">‭&lt;&gt;0&lt;&gt;&lt;&gt;0&lt;&gt;&lt;&gt;0""^&gt;&lt;&gt;0&lt;&gt;&lt;&gt;0&lt;&gt;000000‬ג&gt;&lt;‭0&lt;&gt;0 ‬ | חד עזרת נשים והנהלת <b class=""highlightcolor"">ביה""ח</b> לחולי רוח כירושלים | X מברכים את הנשיאה יירר ...</div>"
1987	hbkr19390619-01.1.3	19 June 1939	hbkr	Page 3	"<div class=""txtsearchsnippet"">... את ההתנהגות הרא""ה לסופת עיי זריקת פצןות על הערני: <b class=""highlightcolor"">בחיפה</b> ומרושלים נקיץ אשתקד. אלא שבזמן האמרת נטרפה דעתם (בתרגומ ...</div>"
1988	hmf19460805-01.1.4	5 August 1946	hmf	Page 4	"<div class=""txtsearchsnippet"">... עוד סטודנטים מארה‭ב'&lt;‬ כן הגיעו כמה עולים וסטודנטים לתכניון <b class=""highlightcolor"">בחיפה</b> ולאוניברסיטה בירושלים! <b class=""highlightcolor"">ביה""ח</b> של ""הדסה"" בעתלית נפתח מהדש הסתדרות ...</div>"
1989	hmf19460103-01.1.4	3 January 1946	hmf	Page 4	"<div class=""txtsearchsnippet"">... הגופות למחלקה הרפואית של האוניברסיטה בבירות בלי ידיעת הנהלת <b class=""highlightcolor"">ביה""ח</b> הדסה‭. "" ‬</div>"
1990	hmf19460812-01.1.3	12 August 1946	hmf	Page 3	"<div class=""txtsearchsnippet"">... חיפה, ובהשפעתם הפ־ סיק את השביתה. לאחר שעזב את <b class=""highlightcolor"">ביה""ח,</b> הועבר ביחד עם יתר העצורים. לרפיח. שם נודעה לו ...</div>"
1991	hmf19470516-01.1.1	16 May 1947	hmf	Page 1	"<div class=""txtsearchsnippet"">... אחרת נתגלתה בפתח מעונות חיל הפרשים. דביעית נמצאה לפני <b class=""highlightcolor"">ביה""ח</b> ־האיטלקי.</div>"
1992	hmf19420625-01.1.3	25 June 1942	hmf	Page 3	"<div class=""txtsearchsnippet"">המחלקות החירורגיות וילדים לבנין <b class=""highlightcolor"">ביה""ח</b> החדש מבית החוליםהדסה"" מודיעים לנו: "" החל מיום א' ...</div>"
1993	hmf19420610-01.1.3	10 June 1942	hmf	Page 3	"<div class=""txtsearchsnippet"">... נקנםו מ־250 מא""י עד לידה אחת. שופט בריטי ? <b class=""highlightcolor"">בחיפה</b> אתמול הגיע ' לחיטה 'כב, השופט הב־ ריטי מר ...</div>"
1994	hzh19400913-01.1.4	13 September 1940	hzh	Page 4	"<div class=""txtsearchsnippet"">הועד המנהל של <b class=""highlightcolor"">ביה""ח</b> העירוני ‭, /‬הדסה"" בתל אביב, מכריז •בזה על קונקורם ...</div>"
1995	hzh19420121-01.1.1	21 January 1942	hzh	Page 1	"<div class=""txtsearchsnippet"">מר י. ש—ץ שבא שלשום מיאסי, מסר לבא' כרתנו <b class=""highlightcolor"">בחיפה</b> פרטים מזעזעים על הפיגרום ביאסי. אזעסה - אות לפורעים ...</div>"
1996	hzh19451024-01.1.4	24 October 1945	hzh	Page 4	"<div class=""txtsearchsnippet"">... חוגי הדרכה ופעולת המחוז להבא. הישיבה. תתקיים במועדון הסניף <b class=""highlightcolor"">בחיפה.</b> מההנהלה , הארצית ישתחםו בה יעקב . ומרדכי. . ...</div>"
1997	hzh19470218-01.1.4	18 February 1947	hzh	Page 4	"<div class=""txtsearchsnippet"">... תיירה היום ב־‭3. 30‬ אחה""צ בשדרות קיטרוטש ‭.. ‬מול <b class=""highlightcolor"">ביה""ח</b> רוטשילד. • ‭'""'‬ י</div>"
1998	khm19480607-01.1.3	7 June 1948	khm	Page 3	"<div class=""txtsearchsnippet"">... ביילינ י טון ב' הוחל בהקמת אגף נוסף לבנץ <b class=""highlightcolor"">ביה""ח</b> החידורגי ביילינסון ב' בפתח חקוה. סופת</div>"
1999	khm19471230-01.1.2	30 December 1947	khm	Page 2	"<div class=""txtsearchsnippet"">המצב <b class=""highlightcolor"">בחיפה</b></div>"
2000	omer19400310-01.1.5	10 March 1940	omer	Page 5	"<div class=""txtsearchsnippet"">... ע""י פקיד מבית משפט זה במרכז מס־ חדי חישן <b class=""highlightcolor"">בחיפה,</b> ביום שלישי, ‭19 ‬ למארס ‭, 1940‬ ותתחיל ב־3 ...</div>"
2001	yarden19350506-01.1.1	6 May 1935	yarden	Page 1	"<div class=""txtsearchsnippet"">... הצטלבות רהוב הנביאים עד מגרש הרוסים לפרשת הדרכים שעליד <b class=""highlightcolor"">ביה""ח</b> האיטלקי. ‭9 . 30 — 10 . 15 6‬ ...</div>"
2002	yarden19341011-01.1.3	11 October 1934	yarden	Page 3	"<div class=""txtsearchsnippet"">... לעבודות טבו. שדרות רוטשילד? י על. הר . הכרמל <b class=""highlightcolor"">בחיפה</b> מם. 2א, תל-אכיב. ־ 11</div>"
2003	hador19481226-01.1.4	26 December 1948	hador	Page 4	"<div class=""txtsearchsnippet"">... הצבאײם, בתי ^• ונוער. את המטדר יקבל ראשי הישוב <b class=""highlightcolor"">בחיפה.</b> אחרי הטכם תע:ור ב,יר ;הלוכת אורים דרך הרחובות: :לטים, ...</div>"
2004	ahr19480329-01.1.2	29 March 1948	ahr	Page 2	"<div class=""txtsearchsnippet"">מאת דב שובל, כחבגו <b class=""highlightcolor"">בחיפה</b></div>"
2005	dav19440514-01.1.2	14 May 1944	dav	Page 2	"<div class=""txtsearchsnippet"">... הגותג יוצא נגי הפועלים העהבימ שהשתתפו בחגיגת אחד בםאי <b class=""highlightcolor"">בחיפה</b> ושלחו בשמם טלגרטת ברבה לםג' , לג-ת תע-בוחז, אולם ...</div>"
2006	hbkr19480126-01.1.3	26 January 1948	hbkr	Page 3	"<div class=""txtsearchsnippet"">... הדין בתת את הצו המבוקש. '!1 בשם הרבנות הראשית <b class=""highlightcolor"">בחיפה</b> המזכיר הראשי י. ‭, 5‬ קסלן נ , : ...</div>"
2007	haretz19330621-01.1.5	21 June 1933	haretz	Page 5	"<div class=""txtsearchsnippet"">... הזקוקים גם הם לקמח מהו״ל. בישיבה האחרונה בבית המכס <b class=""highlightcolor"">בחיפה,</b> שבה השתתפו באי כח כל לשכות המסחר בארץ (היהודיות ...</div>"
2008	ahr19480908-01.1.1	8 September 1948	ahr	Page 1	"<div class=""txtsearchsnippet"">... שני הצדדים וגש המשקיפים מרוצים מהמצב — _ציסר היום <b class=""highlightcolor"">בחיפה</b> דובר מטעם או""ם. ""במוצאי יום בי , בשעה ‭, ...</div>"
2009	ahr19451106-01.1.2	6 November 1945	ahr	Page 2	"<div class=""txtsearchsnippet"">חיפה‭—. ‬ נכונותם של פועלי התעשייה <b class=""highlightcolor"">בחיפה</b> להגיש אח העזרה הדרושה ולשתף עצמם במערכה המקצועית של ...</div>"
2010	dav19481111-01.1.2	11 November 1948	dav	Page 2	"<div class=""txtsearchsnippet"">... הנשק ב‭1918-‬ תיערך אזכרה בשם הקונסוליה הצלפתי‭*!‬ בת""א בכנסית <b class=""highlightcolor"">ביה""ח</b> הצרפתי ביפו ביום וזי 11 בנובמבר בשעה ‭, 10‬לזכל ...</div>"
2011	dav19400820-01.1.4	20 August 1940	dav	Page 4	"<div class=""txtsearchsnippet"">... והנה ערות נוספת ברבר- איזור אחד. ביולי לא גדל <b class=""highlightcolor"">בחיפה</b> מספר המוב - טלים, מציינת מועצת פועלי חיפה בגל־ ...</div>"
2012	dav19410115-01.1.4	15 January 1941	dav	Page 4	"<div class=""txtsearchsnippet"">הפעולה למעז תוספת היוקר <b class=""highlightcolor"">בחיפה</b></div>"
2013	dav19470604-01.1.1	4 June 1947	dav	Page 1	"<div class=""txtsearchsnippet"">... ם. שרתוק במסיבה שנערכה ע""י החברה האמריקאית למען הטכניון <b class=""highlightcolor"">בחיפה.</b> הוא הדגיש ני סי־ כו-־י היהודים להחלטה _רצוייה. עומדים ...</div>"
2014	dav19470611-01.1.6	11 June 1947	dav	Page 6	"<div class=""txtsearchsnippet"">... גס לתוך בתלי ביו! הדין. התפרצותו של השופט הבריטי <b class=""highlightcolor"">בחיפה</b> שלא מצא לשון אחרת לפנייתו אל עורך הדין, היהודי ...</div>"
2015	dav19431107-01.1.2	7 November 1943	dav	Page 2	"<div class=""txtsearchsnippet"">בתערוכת הספר העברי <b class=""highlightcolor"">בחיפה</b></div>"
2016	dav19440124-01.1.2	24 January 1944	dav	Page 2	"<div class=""txtsearchsnippet"">... מנדלברג, _יי''ר -ליגה א שחזר מטהראן, דרישת־ שלום מרופאי <b class=""highlightcolor"">ביה""ח</b> הסיואטי שם. לרופאים היהודימ בארץ. רופאים אלה, ובי־ חוד ...</div>"
2017	dav19420828-01.1.4	28 August 1942	dav	Page 4	"<div class=""txtsearchsnippet"">לפנות למשרד <b class=""highlightcolor"">ביה""ח</b> בשעות ‭12—10‬ לפנה""צ</div>"
2018	dav19451113-01.1.4	13 November 1945	dav	Page 4	"<div class=""txtsearchsnippet"">... של 4 דירות' שלושה חלריט- בכל לירה, אתמול נודע <b class=""highlightcolor"">בחיפה</b> שוזבית הזה . הופקע 5ל־ידי השלטונות לצרכיהם הם. הידיעה ...</div>"
2019	dav19421213-01.1.4	13 December 1942	dav	Page 4	"<div class=""txtsearchsnippet"">_לקו&amp;ת 8ולוה ויהסגון <b class=""highlightcolor"">בחיפה</b> - _ובגדיה</div>"
2020	dav19430521-01.1.6	21 May 1943	dav	Page 6	"<div class=""txtsearchsnippet"">... שליד הסתדרות המורים אללפלקולנו ' ל""ג בעומר. 1־‭8. 30‬ <b class=""highlightcolor"">בחיפה</b> יציג ביום א ‭,, ‬ בערנ את המזמול ירלני ...</div>"
2021	dav19430815-01.1.4	15 August 1943	dav	Page 4	"<div class=""txtsearchsnippet"">_גיאשיה _ספטמבר יהיה <b class=""highlightcolor"">בחיפה</b> כינוס ז!־-־ של ידרג _יליבח־ הבעיה הערנית ‭, ;‬ ...</div>"
2022	dhy19350218-01.1.4	18 February 1935	dhy	Page 4	"<div class=""txtsearchsnippet"">... לחילי שחפת הזקיקים, בעיקר, לרפיי כיד""דגי אקטי"" ?בי, _במסגרת <b class=""highlightcolor"">ביה""ח</b> _האיניבדסיטאי של ‭"". ‬דכה דע־מד לתבנית על הר חצופים. ...</div>"
2023	haretz19470831-01.1.3	31 August 1947	haretz	Page 3	"<div class=""txtsearchsnippet"">... נקבע טקט חלוקת התעודות למחזור ב' בביה""ם לאחיות שע""י <b class=""highlightcolor"">ביה""ח</b> העירוני ""הדסה"" בתקוה כי עד אז ישוחרר ראש העיר, ...</div>"
2024	haretz19440508-01.1.2	8 May 1944	haretz	Page 2	"<div class=""txtsearchsnippet"">... ו פרםום); ר. פומרנץ (יז""ר חוג גשי הדסה למען <b class=""highlightcolor"">ביה""ח</b> רוטשילד); . א. רייפנברג (יו""ר הועדה להספקת לב־ נים); ...</div>"
2025	haretz19430823-01.1.2	23 August 1943	haretz	Page 2	"<div class=""txtsearchsnippet""><b class=""highlightcolor"">בחיפה</b></div>"
2026	hmf19471103-01.1.3	3 November 1947	hmf	Page 3	"<div class=""txtsearchsnippet"">... בפנימיה‭. 12. ‬ארנונה בית גב' קליכמן‭. 13. ‬עיר העתיקה, <b class=""highlightcolor"">ביה""ח</b> משגב לדך‭. 14. ‬רח' דוד ילין, בית ד""ד שילובי, ...</div>"
2027	hbkr19460911-01.1.4	11 September 1946	hbkr	Page 4	"<div class=""txtsearchsnippet"">נכשל נםיון להתפרץ לביה""ח הממשלתי <b class=""highlightcolor"">בחיפה</b></div>"
2028	hbkr19420624-01.1.3	24 June 1942	hbkr	Page 3	"<div class=""txtsearchsnippet"">... א', ‭28‬ בייני , •תקבל קהל במרפאת החיר־רגית של <b class=""highlightcolor"">ביה""ח</b> ־עירוני ‭'.. ‬הדסה"" גם בכל עם א' בשעות 4 ...</div>"
2029	hbkr19440213-01.1.3	13 February 1944	hbkr	Page 3	"<div class=""txtsearchsnippet"">... החוליפ ה""ם בי‭3, 30‬ אתח""צ י6פי הבנץ החדש של <b class=""highlightcolor"">ביה'־ח</b> ""רוטשילל"" לישות הנהלת כי־ת החולים. יעלו ?טקס קיר !במקום. ...</div>"
2030	hbkr19450403-01.1.5	3 April 1945	hbkr	Page 5	"<div class=""txtsearchsnippet"">... ? ? ?|^# I I( |‬ מטעם הרבבות הראשית <b class=""highlightcolor"">בחיפה</b></div>"
2031	hbkr19410727-01.1.3	27 July 1941	hbkr	Page 3	"<div class=""txtsearchsnippet"">... יהראשון לאוגוסט. — ההל מהשביע יהיי הבקירים בכל מחלקות <b class=""highlightcolor"">ביה""ח</b> העירוני בת""א פעמיים בשבוע : ביים השבת יביים הרביעי ...</div>"
2032	hbkr19400901-01.1.3	1 September 1940	hbkr	Page 3	"<div class=""txtsearchsnippet"">... בסירת הלבנים שנאספו ונחפרו ע""י חבריה האגודה של ידידי <b class=""highlightcolor"">ביה""ח</b> העירוני לשעת חירום. בנשיאות גב- חנד, רוקח. ‭4. 30‬ ...</div>"
2033	hbkr19400826-01.1.3	26 August 1940	hbkr	Page 3	"<div class=""txtsearchsnippet"">... הש־מר משה אכפלר־ד מכפר עטא. המוטל בביה""ח . הדסה־ <b class=""highlightcolor"">בחיפה</b> מאז ביצע את רצח הצע- רהבלה צוקר בכפר עטא. ...</div>"
2034	hrt19481029-01.1.6	29 October 1948	hrt	Page 6	"<div class=""txtsearchsnippet"">... היו: ראש השרות הרפואי סגן אלוף ד""ר שיבר. מסקד <b class=""highlightcolor"">ביה""ח</b> דייר לנד־ טיס. ראש השרות רב־םרן נתן נדרי. הרב־ ...</div>"
2035	dav19470202-01.1.2	2 February 1947	dav	Page 2	"<div class=""txtsearchsnippet"">... י. פגי נ&amp;תחה ליד המרפאה המרכזית של קופת חולים <b class=""highlightcolor"">בחיפה.</b> תחנה שניה תי6תח נקריב בתל־אביב בהנהלת הד""ר ל. בלינד ...</div>"
2036	dav19461201-01.1.2	1 December 1946	dav	Page 2	"<div class=""txtsearchsnippet"">... ואפילו משטר פאשיסטי מקומי לא היה נברא בה. אפילו <b class=""highlightcolor"">בחיפה</b> לא זלזלו בנו ככה. ועתה ו סוף־סוף אין יותר ...</div>"
2037	haretz19461129-01.1.9	29 November 1946	haretz	Page 9	"<div class=""txtsearchsnippet"">... מקום מיוהד תופשים כאן תצלומי הארכי־ םקטורה, בעיקר של <b class=""highlightcolor"">ביה""ח</b> ""הדסה"" בירושלים ושל <b class=""highlightcolor"">ביה""ח</b> הממשלתי <b class=""highlightcolor"">בחיפה,</b> פרי כשרונו של ...</div>"
2038	haretz19331219-01.1.1	19 December 1933	haretz	Page 1	"<div class=""txtsearchsnippet"">... הסלפון יl^ לפלנרפות—ד.»יץ* ר-א הסניף בירושלים - י הסניף <b class=""highlightcolor"">בחיפה</b> - רחיד יסו. בית אמינוב. i רחוב הנשל בית ...</div>"
2039	ahr19480218-01.1.4	18 February 1948	ahr	Page 4	"<div class=""txtsearchsnippet"">יצהק וויינכדג, חבר ה""הגנר‭"", ‬ שנפל <b class=""highlightcolor"">בחיפה,</b> במזרח חדר־הכרמל, ביום ב' אחה""צ. אליהו אספו, בן ‭, ...</div>"
2040	ahr19480224-01.1.4	24 February 1948	ahr	Page 4	"<div class=""txtsearchsnippet"">... גדולה התקיפה בשעות הערב י ביריות וברימוני יד את <b class=""highlightcolor"">ביה""ח</b> »הד. סה"" ואת מגון רטנוף, שעל ד, ר־ הצופים. ...</div>"
2041	ahr19470305-01.1.3	5 March 1947	ahr	Page 3	"<div class=""txtsearchsnippet"">... מחיפה צפונה — מעבירים אח החומר שברשותם לסניף ""משמר"" <b class=""highlightcolor"">בחיפה,</b> טלפון: ‭. 2561‬ כל סופרי _העתון האחרים — לירושלים, ...</div>"
2042	ahr19480116-01.1.10	16 January 1948	ahr	Page 10	"<div class=""txtsearchsnippet"">... לתחנת מ. ד. א. וגופת הנרצח לחדר המתיפ של <b class=""highlightcolor"">ביה""ח</b> וולאך.</div>"
2043	ahr19430919-01.1.2	19 September 1943	ahr	Page 2	"<div class=""txtsearchsnippet"">... בוטל פםק־ד־ן של כב' קאדי בבית־ הדין המוסלמי הדתי <b class=""highlightcolor"">בחיפה,</b> שדן למאסר שלושה ימים את ע!רך הדין הדתי איברהים ...</div>"
2044	dav19360921-01.1.1	21 September 1936	dav	Page 1	"<div class=""txtsearchsnippet"">בבוקר נתכנסו- כמה עשרות מלווים :חצר <b class=""highlightcolor"">ביה""ח</b> שויצר, והניפה הו-צאה _£חדר המתים. הס_5ידי הרב שלאגודת ישראל"" ...</div>"
2045	dav19350312-01.1.6	12 March 1935	dav	Page 6	"<div class=""txtsearchsnippet"">... ההריון‭(2, ‬ הצגת חולים מן המחלקה הגי־ נוקולוגית של <b class=""highlightcolor"">ביה""ח</b> העירוני ע""י ד""ר ל11נשטיין וד""ר אברמוביץ‭(3, ‬ הצעת תעריפים. ...</div>"
2046	dav19341015-01.1.3	15 October 1934	dav	Page 3	"<div class=""txtsearchsnippet"">תחנת הכוח החדשה"" <b class=""highlightcolor"">בחיפה</b> ‭"" —‬ מקום עבודה •ל&amp;_אות פועלים. כרגיל בכל ציבור ...</div>"
2047	dav19360103-01.1.10	3 January 1936	dav	Page 10	"<div class=""txtsearchsnippet"">... ‬ _ולהכיר את:מחלות הארץ‭ -, ‬ החליטה . ה?הלת <b class=""highlightcolor"">ביה""ח</b> העירוני, י י באישור _העירית ‭?;‬לפת ודו קורס להשתלמות‭ ...</div>"
2048	dav19320504-01.1.3	4 May 1932	dav	Page 3	"<div class=""txtsearchsnippet"">... ‭7 *_4 72189 7‬ ן_0 ן) ר_^ ר‭66£‬ ט‭^*‬ <b class=""highlightcolor"">_ביהח</b> _^""ר* בצלא לנביל ‭1547‬ _י־ הכין לקראת העונה מבחר ...</div>"
2049	dav19400425-01.1.6	25 April 1940	dav	Page 6	"<div class=""txtsearchsnippet"">... י ‭"""""", ‬ ""־ ‭_*-‬ ההנהלה זשבדי לשבת המס <b class=""highlightcolor"">בחיפה</b> מבד כ ים א ת החי יה1שע 1_רךי 1רעיה1 ...</div>"
2050	dav19390418-01.1.6	18 April 1939	dav	Page 6	"<div class=""txtsearchsnippet"">הרופאים והאחיות ?טח‭??‬ת פוופי _צונדק <b class=""highlightcolor"">ביה־ח</b> ""ביקור ח1לי</div>"
2051	dav19470825-01.1.4	25 August 1947	dav	Page 4	"<div class=""txtsearchsnippet"">ן לרופאי <b class=""highlightcolor"">ביה""ח</b> _שויצר בטבריה, _^ 1 ולאחיות, על שהשיבוני לאיתני בטפולם ...</div>"
2052	dav19470109-01.1.4	9 January 1947	dav	Page 4	"<div class=""txtsearchsnippet"">... 1. 47, ‬י""ח בטבת תש‭1""‬ _ב־0ג‭11. ‬ לפה""צ בביה''חעזרה* <b class=""highlightcolor"">בחיפה.</b> קרובים _ויזידיס מוזמנים. "" י ?יי</div>"
2053	dav19480702-01.1.6	2 July 1948	dav	Page 6	"<div class=""txtsearchsnippet"">כםך כן _#ל. י םודה מקרב ?כ. י ?חנה_?ת <b class=""highlightcolor"">ביה""ח</b> בי?ינס‭, 77‬לחבר הרופאים _ולחבר האחיות ענ?ר ח‭?)30‬הםצרן בי בזמן ...</div>"
2054	dav19420716-01.1.4	16 July 1942	dav	Page 4	"<div class=""txtsearchsnippet"">... 000‬ זריקות נגד _טיפוק ברוטרי-קלוב הרצה ד""ר _מישילאני, רופא <b class=""highlightcolor"">ביה""ח</b> הממשלתי למחלות מידבקות, ע? ‭"" ""‬ י מחלת הטיפוס. ...</div>"
2055	dav19430114-01.1.4	14 January 1943	dav	Page 4	"<div class=""txtsearchsnippet"">... גם את רשת התניעה בקואופרטיב . המקשר* בירושלים ו""חבר"" <b class=""highlightcolor"">בחיפה,</b> היה ידוע _ומכיבד במשרדי מחלקת התנועה הממשלתית ורכש את ...</div>"
2056	dhy19340807-01.1.1	7 August 1934	dhy	Page 1	"<div class=""txtsearchsnippet"">... הבימה פרופיסור מנהיים , —ה, ‭9. 8, -8, 8‬ <b class=""highlightcolor"">בחיפה</b> ביום ד פרופיסור מנהיים</div>"
2057	dhy19321024-01.1.4	24 October 1932	dhy	Page 4	"<div class=""txtsearchsnippet"">מ""מ מושל המחוז—בשכונת העובדים <b class=""highlightcolor"">בחיפה</b> ביום ה' בקר מ""מ מושל מהוז הצפון, מר ביילי, ...</div>"
2058	dhy19330120-01.1.2	20 January 1933	dhy	Page 2	"<div class=""txtsearchsnippet"">... !‬ מרש המות‭... ""‬היות ו "" חדר המתים"" של <b class=""highlightcolor"">ביה""ח</b> !דרסה "" פונה אל רחוב בלפור, וצעקותיהם ובכו "" ...</div>"
2059	haretz19300626-01.1.1	26 June 1930	haretz	Page 1	"<div class=""txtsearchsnippet"">... חיים שניאות ו] )[ן מאוזן ברחוב החבשים החדש מול <b class=""highlightcolor"">ביה'ח</b> מ I חאימלקי. * 'ת I הודי החתן הות ...</div>"
2060	haretz19301111-01.1.4	11 November 1930	haretz	Page 4	"<div class=""txtsearchsnippet""><b class=""highlightcolor"">בחיפה</b></div>"
2061	haretz19301117-01.1.4	17 November 1930	haretz	Page 4	"<div class=""txtsearchsnippet""><b class=""highlightcolor"">בחיפה</b> אספה שנתית של חברי שכונתנוה שאנן"" "" באספה השנתית ...</div>"
2062	haretz19310623-01.1.4	23 June 1931	haretz	Page 4	"<div class=""txtsearchsnippet""><b class=""highlightcolor"">בחיפה</b></div>"
2063	haretz19311009-01.1.1	9 October 1931	haretz	Page 1	"<div class=""txtsearchsnippet"">... נ'ורנ' (בדרך למאה שערים) בית מס. ‭18 ‬ מול <b class=""highlightcolor"">ביה'ח</b> האיטלק־י טלפון 62</div>"
2064	haretz19321107-01.1.3	7 November 1932	haretz	Page 3	"<div class=""txtsearchsnippet"">... בית חולים בשביצ תישוב בעטק, מלבד בית ההולים הממשלתי <b class=""highlightcolor"">בחיפה</b> &gt;'!בלאו הכי הוא עמום יותר מדי. כמו כן אין ...</div>"
2065	haretz19320524-01.1.3	24 May 1932	haretz	Page 3	"<div class=""txtsearchsnippet"">... עברי, בכתב עברי? — כן, בביתי חמסחר שא ז. <b class=""highlightcolor"">בחיפה.</b> — נחדד. כשנעבור את חיפח תזכירני ואקנה שנ• שעונים ...</div>"
2066	haretz19330329-01.1.4	29 March 1933	haretz	Page 4	"<div class=""txtsearchsnippet"">... , תצמידי בית הספר צטלאכה שעצ יד התכגיון העברי <b class=""highlightcolor"">בחיפה.</b> ההציסו צהשפיע על מנהלי המוסד יכסו נן עצ סופדות ...</div>"
2067	haretz19351229-01.1.6	29 December 1935	haretz	Page 6	"<div class=""txtsearchsnippet"">... תמשיך את פעואתה בשדה הרפואה בארץ עא ידי הקמת <b class=""highlightcolor"">:ביה""ח</b> האוניברסיטאי שאה עא הר־ הצופים בעזרת הסתדרות הרופאים •העברים ...</div>"
2068	haretz19470408-01.1.4	8 April 1947	haretz	Page 4	"<div class=""txtsearchsnippet"">... המחבר את דרך פלומר עם כריש הרצליה ע""י ע""י <b class=""highlightcolor"">ביה""ח</b> . רמת מרפא''. רמת־גן ט""ז ניסן תש''ז ‭6. 4. ...</div>"
2069	haretz19471205-01.1.1	5 December 1947	haretz	Page 1	"<div class=""txtsearchsnippet"">... יהודים אם כי כמה יהודים נפצעו במשך היום בירושלים, <b class=""highlightcolor"">בחיפה</b> ובדרכים. נמסר על 3 ערבים שנפגעו ביריות ברמלה, על ...</div>"
2070	haretz19440818-01.1.7	18 August 1944	haretz	Page 7	"<div class=""txtsearchsnippet"">למוסד צמרי ידוע <b class=""highlightcolor"">בחיפה</b> דרוש מיד מת ד ים לעמדה בעיר ובמהוז בעל ...</div>"
2071	haretz19440604-01.1.1	4 June 1944	haretz	Page 1	"<div class=""txtsearchsnippet"">... כת ד פ נ ח ‭. 29. 5. 1944‬ <b class=""highlightcolor"">ביה""ח</b> ליולדות, רהובות.</div>"
2072	haretz19430824-01.1.4	24 August 1943	haretz	Page 4	"<div class=""txtsearchsnippet"">... חמעבדח לפיסי ולוגית ?פתולוגית של האוניברסיטה והמעבדה הכימית של <b class=""highlightcolor"">ביה""ח</b> ""הדסה"" בירושלים. עבודתו חמדעית של בעל חי ובל מופנה ...</div>"
2073	haretz19450916-01.1.1	16 September 1945	haretz	Page 1	"<div class=""txtsearchsnippet"">... מביה""ח ע""ש רוטשילד דיר כלנקנשמץ וד-ר רגולפקי ולאחיות של <b class=""highlightcolor"">ביה""ח</b> הנ""ל על טפולם המסור ויחסם האדיב בימי מחלתו הקשה ...</div>"
2074	hmf19480121-01.1.1	21 January 1948	hmf	Page 1	"<div class=""txtsearchsnippet"">... בן 19 דמטיאס וידנבוים בן ‭, 21‬הובערו' לביה""זז רוטשילד <b class=""highlightcolor"">בחיפה.</b> הפצועים הועברו באמבולנט צבאי מיחיעם לנהריה ומשם באמבולנס מגן ...</div>"
2075	hbkr19401230-01.1.3	30 December 1940	hbkr	Page 3	"<div class=""txtsearchsnippet"">... ניחיפ. כרטיסים לפתיחה במח-ר ו!5 מא־י להשיג עיי הכניסה• <b class=""highlightcolor"">ביה""ח</b> חעי־ו;' ה־זרביירקון"" !בבית העיליפ החדש בהל־אביב "") מידיע, כי ...</div>"
2076	hbkr19470617-01.1.4	17 June 1947	hbkr	Page 4	"<div class=""txtsearchsnippet"">... סוציאלית, חגב־ ר. כגן. במשרדלאםירנו"". רח? הרצל 2 "" <b class=""highlightcolor"">בחיפה.</b> יקבל עו־הד האוזנר קהל מעונינים מתר בשעות ‭12. 30 ...</div>"
2077	hbkr19470304-01.1.3	4 March 1947	hbkr	Page 3	"<div class=""txtsearchsnippet"">... האמבולנס של מגן דוד אדום חדרה לבית החולים הממשלתי <b class=""highlightcolor"">בחיפה.</b> שדות ק־נ-""ה לע. לא. כשעת חרוב הנחלת קופח חולים ...</div>"
2078	hbkr19410323-01.1.4	23 March 1941	hbkr	Page 4	"<div class=""txtsearchsnippet"">... (בשם ראש העידיה מר י. רוקח ובשם חבר רופאי <b class=""highlightcolor"">ביה''ח</b> ""הדסה"" בת''א), ד''ר יקד (בשם חםתדרוח חדוקחים). ברבות בכתב ...</div>"
2079	hbkr19411210-01.1.4	10 December 1941	hbkr	Page 4	"<div class=""txtsearchsnippet"">... אנוש הובא סמוך לצהרים ל""הדםד, '' בירושלים והוכנס־ ל <b class=""highlightcolor"">ביה''ח.</b> 3 נוסע-ם אחרים, — הגב' קראוזה. מר ד. צלודניק ...</div>"
2080	hbkr19380209-01.1.3	9 February 1938	hbkr	Page 3	"<div class=""txtsearchsnippet"">... עברות על חוקי בנין בפני מ. כ. השופט ציקרמן <b class=""highlightcolor"">בחיפה</b> התבררו אתמול 30 תביעות מטעם העי־ דיה בעד עבירות ...</div>"
2081	hbkr19380721-01.1.6	21 July 1938	hbkr	Page 6	"<div class=""txtsearchsnippet"">... 300 תיירים אמתקנים וגרמנים• וינקת ביתשלים. החלים ועזב את <b class=""highlightcolor"">ביה־ח</b> אתמיל עזב את ניה־ח . הרסה' חי - פה ...</div>"
2082	hbkr19380704-01.1.4	4 July 1938	hbkr	Page 4	"<div class=""txtsearchsnippet"">... לב המועצח מכתבו של המושל בדבר הסכמתו לכלול את <b class=""highlightcolor"">ביה""ח</b> לחולי ריח . עזרת נשים"" בין המוסדות הזכאים ליהנית ...</div>"
2083	hbkr19380523-01.1.1	23 May 1938	hbkr	Page 1	"<div class=""txtsearchsnippet"">... ודד אד־ם"" מחיפה. שבה ד־עבר הפציע נ־ה־ח ' ""הדנה- <b class=""highlightcolor"">בחיפה</b> בליית . מכינית משירינת של המשטרה. נדרך נ־־, חניתה ...</div>"
2084	hzh19421216-01.1.4	16 December 1942	hzh	Page 4	"<div class=""txtsearchsnippet"">... הצהרים. ביסידר ה י ום: שאלת הביקורת;תקציב ‭. !1942/43‬הרחבת <b class=""highlightcolor"">ביה""ח</b> העירוני;שואלת לאספקה, • 'הודעת • נציב _הןגהזז בשאלת •חינוכם ...</div>"
2085	hzh19470310-01.1.2	10 March 1947	hzh	Page 2	"<div class=""txtsearchsnippet"">... טוב לבבית למזכיךנז ? המכובך . של• סניף ""מפעליהתורה"" <b class=""highlightcolor"">בחיפה</b> ה"" י ה » ה י ו ע ! ...</div>"
2086	hzh19431025-01.1.3	25 October 1943	hzh	Page 3	"<div class=""txtsearchsnippet"">... עצמם פאות צעירים לימקצועות-ים בביח חם"" פר הימ י <b class=""highlightcolor"">בחיפה,</b> באגודות הימיות , זבולוד' ""הפ0על"" ו""ציופי ים"" ובכמה בתי ...</div>"
2087	hazmantlv19440324-01.1.8	24 March 1944	hazmantlv	Page 8	"<div class=""txtsearchsnippet"">... דיא יודעת על תעלוליו הנ״ל. בין העדים הופיע מנהל <b class=""highlightcolor"">ביה״ח</b> הממשלתי בירושלים הד״ר שטרנברג, אשר טפל בפצועה ה"" נ״ל ...</div>"
2088	hazmantlv19440112-01.1.2	12 January 1944	hazmantlv	Page 2	"<div class=""txtsearchsnippet"">בשיחת סופרנו <b class=""highlightcolor"">בחיפה</b> עם הד״ר י. וייצמן, מנהל <b class=""highlightcolor"">ביה״ח</b> לגפרורים .נור"" בעכו, ...</div>"
2089	hazmantlv19440816-01.1.4	16 August 1944	hazmantlv	Page 4	"<div class=""txtsearchsnippet"">... מסידרות בתנאים סניטריים רעים מאד. משי מוכרח פקידי המכס <b class=""highlightcolor"">בחיפה</b> תפסו אצל סוחר ערבי, הידר שביב, כמות גדולה של ...</div>"
2090	dav19470427-01.1.2	27 April 1947	dav	Page 2	"<div class=""txtsearchsnippet"">... אף הוא ע""י _קארגני המפעל, איסור לקיים _תחרויות־בוכס משותפות <b class=""highlightcolor"">בחיפה</b> לטובת מוסד ישובי חשוב, _אי־רצון מצד המכבי לחזק את ...</div>"
2091	haretz19420729-01.1.2	29 July 1942	haretz	Page 2	"<div class=""txtsearchsnippet"">... אחמול לביה""ח הממשלתי . החדש לשעת חירום בירושלים, כמנהל <b class=""highlightcolor"">ביה""ח</b> הזה נתמנה רופא ממשלתי יהודי ועל ידו עוזרות שתי ...</div>"
2092	haretz19480526-01.1.2	26 May 1948	haretz	Page 2	"<div class=""txtsearchsnippet"">... המוראל בקרב האוכלוסיה ולהר ברת המאמץ המלתמתי. ראשית שומעים <b class=""highlightcolor"">בחיפה</b> את הש־דוריפ מתל־ארב בקושי רב ורק במכשירים משוכללים. ביום ...</div>"
2093	dav19480809-01.1.2	9 August 1948	dav	Page 2	"<div class=""txtsearchsnippet"">... לחולי־ריאח ונפש. חולים ל&amp;חלות מידבקות וגתי־הוליס מיו־ אך בכללו <b class=""highlightcolor"">ביה""ח</b> ליולדות. בתי־החולים בארץ-ישראל מדינה יהודית: מדינה ערביח: _איזור ירושליט;סך ...</div>"
2094	dav19390608-01.1.4	8 June 1939	dav	Page 4	"<div class=""txtsearchsnippet"">גטל <b class=""highlightcolor"">ביה־'ח</b> _פשיסוסקד קנן המנהל ה8_כנ־ נ־ט""בר בתעשית בירה רל""צ</div>"
2095	dav19410306-01.1.4	6 March 1941	dav	Page 4	"<div class=""txtsearchsnippet"">... שהגיש עזרה ראשונה לנרצח. העד השני ד''ר כהן מנתח <b class=""highlightcolor"">ביה""ח</b> שויצר בטבריה שניתח את הפצוע, תיאר זנת הפצעים ואישר, ...</div>"
2096	dav19410120-01.1.4	20 January 1941	dav	Page 4	"<div class=""txtsearchsnippet"">... סדים. הנאשט טען שמדים אלד, מסר לידו אחד מחבריו <b class=""highlightcolor"">בחיפה.</b> הוא נידון למאסר חדשיים או לקנס של שש לירות. ...</div>"
2097	dav19470815-01.1.9	15 August 1947	dav	Page 9	"<div class=""txtsearchsnippet"">... ישראל‭, ""‬בין אלה — גם החוליט שהורדו בשעתם מהאגיד, <b class=""highlightcolor"">בחיפה</b> ולא היו עפ חבריח8 בעתלית.</div>"
2098	dav19461121-01.1.1	21 November 1946	dav	Page 1	"<div class=""txtsearchsnippet"">... בעונת החורף תש''ז. המהנה בעתלית מתרוקן לפי שעה אין <b class=""highlightcolor"">בחיפה</b> אישור לשמועה שאנית מעפילים נתפסה במרחק מה מחופי הארץ. ...</div>"
2099	dav19440505-01.1.6	5 May 1944	dav	Page 6	"<div class=""txtsearchsnippet"">... ביר‭'. ‬יח. בפעם הראשונה הובטוז תשלוט •מי מחלה: ד&amp;הלת <b class=""highlightcolor"">ביה""ח</b> תשלם לקרן מיוהדת ‭1_&gt;_0‬ ג‭_-_'‬שכ-ר העבודה, ימקו3ה זי ישולם ...</div>"
2100	haretz19410113-01.1.2	13 January 1941	haretz	Page 2	"<div class=""txtsearchsnippet"">התמ&amp;מ, שרהזי, הת8מהז <b class=""highlightcolor"">בחיפה</b> והסיבה -</div>"
2101	hbkr19470909-01.1.2	9 September 1947	hbkr	Page 2	"<div class=""txtsearchsnippet"">... ח לל• . יציאת אירופה תשיז'. שחוגאי לק־"" בידה <b class=""highlightcolor"">בחיפה.</b> ואת התמיק ששבק *ת ודיו בסלסילי האניד- הנואפיפ היז ...</div>"
2102	hbkr19470505-01.1.3	5 May 1947	hbkr	Page 3	"<div class=""txtsearchsnippet"">... 15‬ בת""א יום ‭5'V‬ ־ . באולם . שכבי' <b class=""highlightcolor"">בחיפה</b> 2 ה "" צגות בכורה ב־‭9-7‬ בערב כרטיסים להשיג ...</div>"
2103	hbkr19440120-01.1.3	20 January 1944	hbkr	Page 3	"<div class=""txtsearchsnippet"">... ? יעדה •שוכית, אגודה לר""שתלמית במדע/ ספ־־ד, צבי־ דית, <b class=""highlightcolor"">ביה""ח</b> וכוי).</div>"
2104	hbkr19450911-01.1.2	11 September 1945	hbkr	Page 2	"<div class=""txtsearchsnippet"">... — גפ נגד תשיופ — מתנקשיפ יפנית ימשדמ תפיננות <b class=""highlightcolor"">בחיפה</b> א• נתי־אביב בהקדפ האפשרי.</div>"
2105	hbkr19440103-01.1.2	3 January 1944	hbkr	Page 2	"<div class=""txtsearchsnippet"">במיצא' :זבח מת <b class=""highlightcolor"">בחיפה</b> בשנת ה־‭66 ‬ יהייו נתן גריגיזעיין, חימזר בעל שם ...</div>"
2106	hbkr19421110-01.1.2	10 November 1942	hbkr	Page 2	"<div class=""txtsearchsnippet"">... . :־;; ־:""זג:־־ ההזגי':•;"" בייט רשייש• ‭17‬ ננינמנר 'יעיד <b class=""highlightcolor"">בחיפה</b> נאילפ רתכנייו כנ : י-פגנית מהתג""כיתנהשחתפית חברי נשיאות ממפע'. ...</div>"
2107	haretz19361007-01.1.11	7 October 1936	haretz	Page 11	"<div class=""txtsearchsnippet"">סופרו של ""א־דיפאע"" <b class=""highlightcolor"">בחיפה</b> 'מודיע, שרכבת משורינת נסעה בקו' הצר והמוז־ חיפה—נ׳נין, כדי ...</div>"
2108	haretz19331214-01.1.3	14 December 1933	haretz	Page 3	"<div class=""txtsearchsnippet"">... בסכום קרוב ל־1 35.000 לא״י ^ובזח כ־s o אחוזים <b class=""highlightcolor"">בחיפה</b> וכ־4 s אחוזים בירושלים) ואדמה חקלאית בסכום קרוב ל2 ...</div>"
2109	ahr19470327-01.1.4	27 March 1947	ahr	Page 4	"<div class=""txtsearchsnippet"">... היישוב כולו ""בצל הגר־ דום""ו!והרי היהודים, אשר ברצ־ חו <b class=""highlightcolor"">בחיפה,</b> ברחובות •בפתודתקווה, לא הועמדו בצל הגרדום. הס הור־ דו ...</div>"
2110	ahr19450822-01.1.3	22 August 1945	ahr	Page 3	"<div class=""txtsearchsnippet"">... שאושרו למפעל הבניה המידית _כקריוכ־זזיים לפנות למשרד הלשכה שלנו <b class=""highlightcolor"">בחיפה,</b> דירת קסת מלוה וחסכון, החל מיום ג' 28 באוגוסט ...</div>"
2111	ahr19450802-01.1.4	2 August 1945	ahr	Page 4	"<div class=""txtsearchsnippet"">... מיספר ""חג"" מודר. לכבוד כניסת שני שותפים לעסק (בעלי <b class=""highlightcolor"">ביה''_ח</b> למרגרינה ""מטע"" ו "" בויקנשטיין‭(""‬ נשלתו הפועלים הביתה ליום ...</div>"
2112	ahr19430915-01.1.3	15 September 1943	ahr	Page 3	"<div class=""txtsearchsnippet"">... בית סנסור, חדר ‭, 241‬טל‭, 2500. ‬ח. ד‭1216. ‬ <b class=""highlightcolor"">בחיפה:</b> דחי הרצל ‭, 40‬ מיפון י 2709 לא יא!תר ...</div>"
2113	dav19350212-01.1.3	12 February 1935	dav	Page 3	"<div class=""txtsearchsnippet"">... -בתקופה שבה חשבו לה _לקו""ח את החזקת ן . <b class=""highlightcolor"">ביה""ח</b> הזה לחטא, כי הדבר הוא י ן מתפקידם של ...</div>"
2114	dav19321020-01.1.4	20 October 1932	dav	Page 4	"<div class=""txtsearchsnippet"">א בעלות ותחזקה בבית החולים "" הדסה"" <b class=""highlightcolor"">בחיפה,</b> חלו סידורים חרשים, הקובעים תקופה חדשה למוסד;תקופה שיש עטה ...</div>"
2115	dav19470910-01.1.6	10 September 1947	dav	Page 6	"<div class=""txtsearchsnippet"">... נפצעו / קשה והועברו אל בית החולים הצי באי <b class=""highlightcolor"">בחיפה.</b> אחת החיילות מתה מפצעיה. י מצב השאר — קשה. ...</div>"
2116	dav19460226-01.1.4	26 February 1946	dav	Page 4	"<div class=""txtsearchsnippet"">... _53ית‭. -‬תתולי_8 תצ_3אי י הפולני ליד _33־רגניל""ו למחסן בשטח <b class=""highlightcolor"">ביה""ח</b> הצבאי הפולני שע""י כפר־ביל""ו הדרו במוצ""ש גנבים וגנבי שקים ...</div>"
2117	dav19451214-01.1.7	14 December 1945	dav	Page 7	"<div class=""txtsearchsnippet"">... מבקש הצעות לת&amp;_קיל וונ_&amp;־הבית. לפנות: בכתב או אישית למשרד <b class=""highlightcolor"">ביה'ח</b> אסותא ב‭12—10'‬ לפנה‭£""‬י י ‭&gt;}‬• ‭1}-==‬ ‭=== ‬</div>"
2118	dhy19340108-01.1.1	8 January 1934	dhy	Page 1	"<div class=""txtsearchsnippet"">... — מ־200עד 300 לא""י ; לפנות־ ביום:השני 'למלון מגדל <b class=""highlightcolor"">בחיפה,</b> הדר הכרמל, ־ בראו ן וטאכפ</div>"
2119	dhy19330305-01.1.4	5 March 1933	dhy	Page 4	"<div class=""txtsearchsnippet"">בקולנוע - השבוע ן חשבוע יוצגו בבתי חקו*נוע <b class=""highlightcolor"">בחיפה</b> הסרטים‭;|‬ ן הגאים ; ו ב""עין דור"" —טרזן איש ...</div>"
2120	haretz19310828-01.1.2	28 August 1931	haretz	Page 2	"<div class=""txtsearchsnippet"">מגרשים עומדים למכירה <b class=""highlightcolor"">בחיפה'</b> הדר הכרמל במקום בריא ומרהיב עין ביפיו. במרכז השכונה ...</div>"
2121	haretz19460529-01.1.6	29 May 1946	haretz	Page 6	"<div class=""txtsearchsnippet"">... למוטד טוציאלי. יו""ר הועד "". דו המנהל סח של <b class=""highlightcolor"">ביה""ח</b> העירוני ""הדסה"" בתל־אביב ‭. 1‬ גרינבום שושנה! ‭. 2‬ ...</div>"
2122	haretz19470203-01.1.1	3 February 1947	haretz	Page 1	"<div class=""txtsearchsnippet"">... להודיע לקרובינו וידידינו כי בן ונבר נולד לנו חיפה, <b class=""highlightcolor"">ביה''ח</b> ""עזרה"" ‭. 31. 1. 1947 ‬ ריטה ודכ מדזיני ...</div>"
2123	haretz19391010-01.1.4	10 October 1939	haretz	Page 4	"<div class=""txtsearchsnippet""><b class=""highlightcolor"">בחיפה</b></div>"
2124	haretz19390710-01.1.6	10 July 1939	haretz	Page 6	"<div class=""txtsearchsnippet""><b class=""highlightcolor"">בחיפה</b></div>"
2125	haretz19421113-01.1.6	13 November 1942	haretz	Page 6	"<div class=""txtsearchsnippet"">... לרגל ההתיקרות וחוסר כל אפשרות לסדר את ההרחבה של <b class=""highlightcolor"">ביה""ח</b> בעזרה התמיכה הזעומה שהממשלה נבונת לתת לשם הרחבה זו. ...</div>"
2126	haretz19441019-01.1.4	19 October 1944	haretz	Page 4	"<div class=""txtsearchsnippet"">... שעה ‭12‬ בצהרים. י. רוקח יו""ר הועד המנהלי של <b class=""highlightcolor"">ביה""ח</b> העירוני . הדסה"" א' חשון תש""ה, ‭18. 10. 44 ...</div>"
2127	haretz19450625-01.1.2	25 June 1945	haretz	Page 2	"<div class=""txtsearchsnippet"">... גב' ר. פומתץ — יו""ד חוג נשי הדפה למען <b class=""highlightcolor"">ביה""ח</b> הדסה; גב' פ. יפקי — יו""ר הועדה לתיירות; גב' ...</div>"
2128	hbkr19391020-01.1.6	20 October 1939	hbkr	Page 6	"<div class=""txtsearchsnippet"">... מיוחדת נוסח לנסיון בן הרבה שניס 11ש לחבר עובדי <b class=""highlightcolor"">ביה""ח</b></div>"
2129	hmf19480607-01.1.4	7 June 1948	hmf	Page 4	"<div class=""txtsearchsnippet"">... בעיר העתיקה בירושלים. תפילה בהיפה לשלום ירושלים היום תיערך <b class=""highlightcolor"">בחיפה</b> כביהכ""ג המרכזי תפלד• לשלום ירושלים ומחאה על חורבן מקדשיה. ...</div>"
2130	hmf19480524-01.1.2	24 May 1948	hmf	Page 2	"<div class=""txtsearchsnippet"">... 30 נערות מיחידות ה""הגנה_* ?וממשקי גוש _עציון. לאחר כיבוש <b class=""highlightcolor"">ביה""ח</b> האוסטרי בעיר הזך תיקה . ע""י כוחות ‭, ""הגנה""ה‬ ...</div>"
2131	hmf19480115-01.1.3	15 January 1948	hmf	Page 3	"<div class=""txtsearchsnippet"">... בא־כוח המשרד לחיסול מחסנים בריטיים בא""י, במלון ""סבר. ־"" <b class=""highlightcolor"">בחיפה,</b> בין השעות ‭10. 00‬ עד ‭. 13. 00‬ ב) ...</div>"
2132	hbkr19481123-01.1.1	23 November 1948	hbkr	Page 1	"<div class=""txtsearchsnippet"">... : משקיפי אונ""א שבחזית הנגב שלחו ו/ו• דעות למטה <b class=""highlightcolor"">בחיפה</b> אמש, שלפיהן מופיפיט המשקיטים לחקור בתלונות שהוגשו למניח אונ-א ...</div>"
2133	hbkr19460913-01.1.7	13 September 1946	hbkr	Page 7	"<div class=""txtsearchsnippet"">... בפ־לניה. •'פרסים: ייסף שרגא ת־א דתי גכעת עליה (מיל <b class=""highlightcolor"">ביה־ח</b> בומוייל). ע"" ‭'. ‬פיד־ '</div>"
2134	hbkr19420412-01.1.4	12 April 1942	hbkr	Page 4	"<div class=""txtsearchsnippet"">־רגל .. המצב נדחה מפעי הקמת <b class=""highlightcolor"">ביה""ח</b> רוטש־לד של ועד הקללה בת פה בהתאם לתכנית המקורית ...</div>"
2135	hbkr19470225-01.1.4	25 February 1947	hbkr	Page 4	"<div class=""txtsearchsnippet"">‭£^63‬מ* יום ה' ‭27. 2‬הנסיכה מאדיצה"" "" <b class=""highlightcolor"">בחיפה</b> ב. ארמון"" ב־9 סוציש ‭1. 3‬הנסיכה מאריצה"" ־ "" ...</div>"
2136	hbkr19421217-01.1.3	17 December 1942	hbkr	Page 3	"<div class=""txtsearchsnippet"">... מתבקש להחזיר את ד'ספתחיח לשמד גייב־נ הלינזי מי פינקל <b class=""highlightcolor"">בחיפה.</b></div>"
2137	hbkr19380428-01.1.6	28 April 1938	hbkr	Page 6	"<div class=""txtsearchsnippet"">... בלונדון במקום סיר תומס ביצים החולה. הוא הודיע לעתונאים <b class=""highlightcolor"">בחיפה</b> כי ישמח להשתמש בימים הראשונים לשהותו בארץ למען הנפש ...</div>"
2138	hbkr19380726-01.1.6	26 July 1938	hbkr	Page 6	"<div class=""txtsearchsnippet"">... תמוז דנא בנ־ צרת' וביום ד' כיח תמוז דנא <b class=""highlightcolor"">בחיפה.</b> נדהו עד להודעה חדשה. י</div>"
2139	hzh19480813-01.1.6	13 August 1948	hzh	Page 6	"<div class=""txtsearchsnippet"">... אשר הוכרז י בשעתו למשרות מפוילמות בביה""ח | הממשלה־ <b class=""highlightcolor"">בחיפה,</b> אשר נמסר בעת היפול השלטון _־מאנדאפורי ליליריה והועבר כעת ...</div>"
2140	hzh19421209-01.1.4	9 December 1942	hzh	Page 4	"<div class=""txtsearchsnippet"">... הבריכה. אגב פיתוח הקשרים עם 'יורדי ים עבריים הוקם <b class=""highlightcolor"">בחיפה</b> קלוב שייפתח בימים הקרובים ביותר. הפעולה געשיתמתי 'י ך ...</div>"
2141	hzh19470224-01.1.3	24 February 1947	hzh	Page 3	"<div class=""txtsearchsnippet"">... למרפאה המחוזית _בזזדדה החצר ה""היסטודית""־ בחדרה, ‭'' :‬ מקום: <b class=""highlightcolor"">ביה""ח</b> _^מלריד‭', ‬בתקופת העליה השלישית‭_"", ‬ואח""כ -של; ־, מרפאה־־השנה לקופ""ח‭, ...</div>"
2142	hzh19480128-01.1.1	28 January 1948	hzh	Page 1	"<div class=""txtsearchsnippet"">... שיירה נפגע _יחוקאל וולפסטל, בן ‭, 19‬מרחוב השלוח 4 <b class=""highlightcolor"">בחיפה.</b> אף הוא הועבר ל""הדסה"" לתל־אביב, אולם לאחר הטפול נשלח ...</div>"
2143	hzh19480429-01.1.7	29 April 1948	hzh	Page 7	"<div class=""txtsearchsnippet"">... ‭I I‬ _ביה י ""ם ?לאחיזת הרשמת ע""י תלמידות <b class=""highlightcolor"">ביה""ח</b> לשנה רוטשילד א' <b class=""highlightcolor"">?בחיפה</b> ‭2 —| !‬ | הנהלת ...</div>"
2144	yarden19341211-01.1.1	11 December 1934	yarden	Page 1	"<div class=""txtsearchsnippet"">... מומה־ למחלות פנימיות, י ; יתהיל? לענות בפוליקל-יניקה של <b class=""highlightcolor"">ביה""ח</b> הנ""ל, ביום ד' הבא 1 ן ‭12/12 I‬ ו', ...</div>"
2145	yarden19340823-01.1.3	23 August 1934	yarden	Page 3	"<div class=""txtsearchsnippet"">... אנאידה- השתמשו ב. סלוינטורי האחים יש 1־ ר בסדור <b class=""highlightcolor"">ביהח''</b> ר ההדש מאהם •אנאידה — ?:שתמשו ב""קל וינטור־ י ...</div>"
2146	yarden19341021-01.1.4	21 October 1934	yarden	Page 4	"<div class=""txtsearchsnippet"">הפוגרום האדום <b class=""highlightcolor"">בחיפה</b></div>"
2147	hazmantlv19440704-01.1.4	4 July 1944	hazmantlv	Page 4	"<div class=""txtsearchsnippet"">... אתמול החל להתברר בפני בית הדין לפשעים חמורים במושבו <b class=""highlightcolor"">בחי.פה</b> דינו של החייל מוחמד מוגרבי מיפו שנאשם ברצח אחותו, ...</div>"
2148	haretz19461203-01.1.2	3 December 1946	haretz	Page 2	"<div class=""txtsearchsnippet"">... לעזרה מוציאן ו לית — ‭, 16719‬ למיםדוה בריאות <b class=""highlightcolor"">(ביה""ח</b> רוטשילד והמרפאה) ‭. 11143‬ לגבית מס הק־ הלה — ...</div>"
2149	haretz19470813-01.1.2	13 August 1947	haretz	Page 2	"<div class=""txtsearchsnippet"">... שלא ציפו להם מראש"" — מסרו לכיפרנו מנהלי ""קדם"" <b class=""highlightcolor"">בחיפה,</b> ד"" רה. וידרא ומר ד• אוסםין. י על אף ...</div>"
2150	dav19480525-01.1.2	25 May 1948	dav	Page 2	"<div class=""txtsearchsnippet"">... בנו _כלגל ובוגל, אך כלום מן הנמנע הוא, שבעיר <b class=""highlightcolor"">בחיפה</b> או אפילי בהל־אביב, יבוא בקהלנו ערבי שאינו נבדל בפלאהו ...</div>"
2151	ahr19480215-01.1.1	15 February 1948	ahr	Page 1	"<div class=""txtsearchsnippet"">... שה ו טל ה בש עתו על מפקדת המשטרה <b class=""highlightcolor"">בחיפה.</b></div>"
2152	ahr19480308-01.1.4	8 March 1948	ahr	Page 4	"<div class=""txtsearchsnippet"">הצבא <b class=""highlightcolor"">בחיפה</b> נרתע מפני איומי הערבים ונמנע מפיצוץ בית</div>"
2153	ahr19481119-01.1.1	19 November 1948	ahr	Page 1	"<div class=""txtsearchsnippet"">... ה‭. '‬ -־ בין עובדי מוסדות ה&amp;_משלד, ומפעלים בינלאומיים <b class=""highlightcolor"">בחיפה</b> גוברת בזמן מאחרון התסיסה לשיפור תנאי העבודה, לאחר שנות־סבל ...</div>"
2154	dav19390317-01.1.10	17 March 1939	dav	Page 10	"<div class=""txtsearchsnippet"">... מ?ןריט ‭??‬יריות ?יהוךיפ ‭?3 '‬ביש נצרת-טבך_^ה, ברחוב $ב3י לוי <b class=""highlightcolor"">בחיפה‭?,</b> ‬כביש . חי?ה‭3-‬ר‭?-‬ _קכי_^ל. ב_^ביש לדישללפץ‭_^-‬פו . בכל _קפיןןריפ ...</div>"
2155	dav19400827-01.1.4	27 August 1940	dav	Page 4	"<div class=""txtsearchsnippet"">... ברכות ל ך ולבתך הד_0ה _לגשואיה / 4 הנהלת <b class=""highlightcolor"">_ביה־ח</b> המרכזי _בעםלףזו־עאל / עוברי בית־החולים $ י; הנהלת _קופ־ח ...</div>"
2156	dav19470925-01.1.3	25 September 1947	dav	Page 3	"<div class=""txtsearchsnippet"">בבתי הכנסת <b class=""highlightcolor"">בחיפה</b> ובשנונותיה רבו המתפללים _ביוק הגפורים. ביחוד נמשךקהל רב לבית ...</div>"
2157	dav19480423-01.1.12	23 April 1948	dav	Page 12	"<div class=""txtsearchsnippet"">... ת ־ ג ן ‭1 . ‬ך_^ ‭1^^^^^‬ י'יי <b class=""highlightcolor"">ביהח</b> ־ו ""ולנר. ' ד • ר ו ת ‭* ...</div>"
2158	dav19480714-01.1.4	14 July 1948	dav	Page 4	"<div class=""txtsearchsnippet"">&lt; <b class=""highlightcolor"">ביה""ח</b> _בייינסןן, אוי ליום גי. וי _תנזוז _חשיזז ן</div>"
2159	dav19450315-01.1.3	15 March 1945	dav	Page 3	"<div class=""txtsearchsnippet"">... (2)‬רגינה בור־ שטיין — לברון הורוביץ בעל בית דפוס <b class=""highlightcolor"">בחיפה,</b> ל8נח5 רועברג מביס־ . לוי וליוסף לינדרברגר מפרנקפורט‭-. ‬- ...</div>"
2160	dav19430510-01.1.2	10 May 1943	dav	Page 2	"<div class=""txtsearchsnippet"">... המורים ביום סיימנו את חוק לימודינו _בבי־ס לאחיות ליי <b class=""highlightcolor"">ביה'ח</b> בילינסץ קלוחד, לכם ברכתנו. _לאןח. חגלה אנו תורמות 4 ...</div>"
2161	dhy19331129-01.1.3	29 November 1933	dhy	Page 3	"<div class=""txtsearchsnippet"">... ‬ו‭?'.. -?*?‬•‭—*—?—""‬י~• ‭?""—‬־־ ‭| '. ‬ ה_&amp;ניף בתא־אביב הסניף <b class=""highlightcolor"">בחיפה:</b> ן ?_מערכת וההנהאהבידישאיפ: י ן ‭. !\‬ך‭, 255. ‬_לול9ו\ ...</div>"
2162	haretz19320208-01.1.3	8 February 1932	haretz	Page 3	"<div class=""txtsearchsnippet"">... בשגת תרפ""ד פתחה קופ""ח, מהלקה ליולדות על ; יל <b class=""highlightcolor"">ביה""ח</b> בעין חדור, המשמשת את נקודות העמק. בערים (ירושלים, תל־אביב ...</div>"
2163	haretz19321023-01.1.3	23 October 1932	haretz	Page 3	"<div class=""txtsearchsnippet"">... ת ד""ר מד' ד. צ ל־צ י י! מיל <b class=""highlightcolor"">ביה""ח,</b> הדם־"" טלפי! ‭, 815‬ בשעית ‭. 6 — 4 ...</div>"
2164	haretz19360811-01.1.4	11 August 1936	haretz	Page 4	"<div class=""txtsearchsnippet"">... לכל המעונינים בדבר שאספת הנושים שנועדה בבית המשפט המחוזי <b class=""highlightcolor"">בחיפה</b> בין־ם ‭30‬ ליולי ש""ז, בשעה 3 אחה""צ, -נבהר מר ...</div>"
2165	haretz19370509-01.1.4	9 May 1937	haretz	Page 4	"<div class=""txtsearchsnippet"">... 20. 5. 37 ‬ פרטים אפשר לקבל אצל מנהל <b class=""highlightcolor"">ביה""ח</b> בבל יום מלבד ששי ושבת בשעת מ־4 ער 5 ...</div>"
2166	haretz19460324-01.1.1	24 March 1946	haretz	Page 1	"<div class=""txtsearchsnippet"">בת נולדה לנו רחל ומשה שמיר ירושלים, <b class=""highlightcolor"">ביה""ח</b> הדסה היי אדר ב' תש""ו(‭21. 3. 46‬)</div>"
2167	haretz19470217-01.1.3	17 February 1947	haretz	Page 3	"<div class=""txtsearchsnippet"">... חיידיפ מחר־ ב‭3. 30‬ אחה""צ תוחג על מגרש שע""י <b class=""highlightcolor"">ביה""ח</b> ""רוטשילד"" הנחת אבן הפנה למעון לילדי חיילים משוחררים וניטרי* ...</div>"
2168	haretz19470606-01.1.6	6 June 1947	haretz	Page 6	"<div class=""txtsearchsnippet"">... ונוחיות בהדר הכרמל היפה. למות למ־לוי שכ' הפועלים שע""י <b class=""highlightcolor"">ביה""ח</b> . הירקון"" ת""א. •</div>"
2169	haretz19380202-01.1.3	2 February 1938	haretz	Page 3	"<div class=""txtsearchsnippet"">... בשיאה. בחדשים האחרונים של השנה פהתו תכניות הבניח ביותר <b class=""highlightcolor"">בחיפה</b> וביפו, בה בשעה שבתל אביב וןימשלים שטתם נשאר בשנויים ...</div>"
2170	haretz19420730-01.1.4	30 July 1942	haretz	Page 4	"<div class=""txtsearchsnippet"">... פר השופט ובת"" . יו. ? המלאכה ס בגין <b class=""highlightcolor"">ביה""ח</b> הדסה הישן, רזזזב הנביאים, ידושלים כית־ספר עממי וכתת־מעכר א? ...</div>"
2171	haretz19410908-01.1.4	8 September 1941	haretz	Page 4	"<div class=""txtsearchsnippet""><b class=""highlightcolor"">בחיפה</b></div>"
2172	haretz19481121-01.1.4	21 November 1948	haretz	Page 4	"<div class=""txtsearchsnippet"">... סלקי* הונגרית' בולגרית ומעתה גם באנגלית. למחלקה מחנה מיוחד <b class=""highlightcolor"">בחיפה</b> שבו נערכים קורסים לאנשי גח""ל לפי תלשו־ נו* ‭100‬ ...</div>"
2173	haretz19450220-01.1.1	20 February 1945	haretz	Page 1	"<div class=""txtsearchsnippet"">... ""הדסה"", המקיימת את בית החולים על הד הצופים, את <b class=""highlightcolor"">ביה""ח</b> לחולי שחפת בצפת, ואת שירותי הרפואה המר נעת; תקציבה ...</div>"
2174	haretz19440615-01.1.3	15 June 1944	haretz	Page 3	"<div class=""txtsearchsnippet"">... ועדת רפוי בעבודה, שעל יד חוג נשי הדסה למען <b class=""highlightcolor"">ביה""ח</b> רוטשילד. חברות הועדה, הגב' קצנלבוגן' הגב' לוי, הגב' אפשטין ...</div>"
2175	hbkr19400319-01.1.3	19 March 1940	hbkr	Page 3	"<div class=""txtsearchsnippet"">... להערד בשבוע שעבר, נדחי בגלל חמצב לחודש ימים. :דור-יד <b class=""highlightcolor"">בחיפה</b> לינה א' ‭.. ‬בר־כוכבא א' חיקה — ""מכבי"" ב' ...</div>"
2176	haretz19481110-01.1.4	10 November 1948	haretz	Page 4	"<div class=""txtsearchsnippet"">... גדול כאתיות. הממשלה פתחה שגי בתי ספר לאחיות ליד <b class=""highlightcolor"">ביה""ח</b> . הירקון' בתל־אביב ובית החולים הממשלתי <b class=""highlightcolor"">בחיפה.</b> עם גמר ...</div>"
2177	hmf19470806-01.1.4	6 August 1947	hmf	Page 4	"<div class=""txtsearchsnippet"">... את צדוק ליםבונה ז""ל שנהרג בשעת השוד בבנק ברקלס <b class=""highlightcolor"">בחיפה.</b> ליד <b class=""highlightcolor"">ביה""ח</b> --רו‬‭טשילד הספידו יו""ר קהלת חיפה מד ג. ...</div>"
2178	hmf19470810-01.1.4	10 August 1947	hmf	Page 4	"<div class=""txtsearchsnippet"">— הםרג'נט ה. זקס, ממחלקת החקירות <b class=""highlightcolor"">בחיפה,</b> הועלה לדרגת ק_$ין החל מ־1 באוגוטט. — ד""ד אברמוביץ, ...</div>"
2179	hmf19470813-01.1.4	13 August 1947	hmf	Page 4	"<div class=""txtsearchsnippet"">... חרדה עברו אמש על מרכז ירושלים כאשר המשמר שילד <b class=""highlightcolor"">ביה""ח</b> האי־ טלקי , ברחוב מליםנדה, בגבול אזון הבט־ חון, ...</div>"
2180	hmf19471121-01.1.2	21 November 1947	hmf	Page 2	"<div class=""txtsearchsnippet"">... ועירית תל־אביב נדרשים לעזור בוגיומ? האמצעים הדרוושים להקמתו של <b class=""highlightcolor"">ביה""ח</b> בתלליטווינסקי, שבהתאם לתפנית הוא יהיה המו‭--‬-סד המודרני הראשון לאישפוז ...</div>"
2181	hmf19470928-01.1.8	28 September 1947	hmf	Page 8	"<div class=""txtsearchsnippet"">... אירעה בשבת בשעה ‭7. 45‬ בבוקר ליד חוף חיאט <b class=""highlightcolor"">בחיפה,</b> בשעה ששני חברים מקבוצת ההוקי של מכבי בת־גלים, שמואל ...</div>"
2182	hmf19481028-01.1.2	28 October 1948	hmf	Page 2	"<div class=""txtsearchsnippet"">... בתל־אביב: משרדי מנהל המחוז, רח' אחד העם ‭. 13‬ <b class=""highlightcolor"">בחיפה:</b> משרדי רישום התושבים, רח' ההר ‭. 29‬ בירושלים: משדד ...</div>"
2183	hmf19480119-01.1.3	19 January 1948	hmf	Page 3	"<div class=""txtsearchsnippet"">... בירושלים ותור הפועלים, שעמדו לבקש עבודה ליד בתי הזיקוק <b class=""highlightcolor"">בחיפה,</b> היו בלי ספק מקומות ־ ""תורפה"" של אויבינו; ושלש ...</div>"
2184	hbkr19410604-01.1.4	4 June 1941	hbkr	Page 4	"<div class=""txtsearchsnippet"">... טובה לזריעה ולבניה — פלאה סלעים ואבנים נמצאת בין <b class=""highlightcolor"">ביה""ח</b> . הדסה' והםפריה הלאומית בהר הצופים. רחוקה מהעיר 2 ...</div>"
2185	hbkr19470612-01.1.4	12 June 1947	hbkr	Page 4	"<div class=""txtsearchsnippet"">... יום למשסרה ובםקים זה מסר אותם לקצץ הממונה עליו <b class=""highlightcolor"">בחיפה•</b> מסקנות המומחים לקביעת גיל עויד לויצקי עמד במיוחד על ...</div>"
2186	hbkr19470618-01.1.3	18 June 1947	hbkr	Page 3	"<div class=""txtsearchsnippet"">... גמליאלית וסרטים מהיי הארץ? . תו הים"", שהופץ ביום־הים <b class=""highlightcolor"">בחיפה</b> . ה^ניס _. ‭15 . 0‬ לא 1י ;י ...</div>"
2187	hbkr19470213-01.1.3	13 February 1947	hbkr	Page 3	"<div class=""txtsearchsnippet"">... כדלקמן: כירושלים ‭74‬ מא""י בעד ליטר הלב כתל־אביכ 72 <b class=""highlightcolor"">בחיפה</b> 70 בכל מקרה כשהצרכנים ייתבעו לשלם מהיר יותר גבוה, ...</div>"
2188	hbkr19430813-01.1.4	13 August 1943	hbkr	Page 4	"<div class=""txtsearchsnippet"">... בודה. נסבריאר שנה זו נפצע אחד העיב־ דים באיתי <b class=""highlightcolor"">ביה""ח</b> ימחיקת העבודה הממשלתית שחקרה בדבר טוענת שחחיק במנו• נה ...</div>"
2189	hbkr19450401-01.1.3	1 April 1945	hbkr	Page 3	"<div class=""txtsearchsnippet"">... וגס הס־ זץ שהיה בטח• עלו באש. שנועון משחרי-ערני <b class=""highlightcolor"">בחיפה</b> לשכת המסחר הערבית בחישה קבלה רשיון להוציא לאור שבועץ ...</div>"
2190	hbkr19450326-01.1.3	26 March 1945	hbkr	Page 3	"<div class=""txtsearchsnippet"">... 'באי כח מיסדות שינים. כל חייל יהודי הנמצא בחופש <b class=""highlightcolor"">בחיפה</b> בימי חג הפטה רשאי למקבל מנה שי ‭211x1‬ גדאפ ...</div>"
2191	hbkr19410113-01.1.4	13 January 1941	hbkr	Page 4	"<div class=""txtsearchsnippet"">‭IV‬)אן6 על פי"" - <b class=""highlightcolor"">בחיפה</b> "" ן מחר, יום שלישי ‭^ I‬ •ש/ ‭14‬ ...</div>"
2192	hbkr19380206-01.1.6	6 February 1938	hbkr	Page 6	"<div class=""txtsearchsnippet"">... הדסה־ (ירושלים! בענין המרכז הכסחרי שעומדים להקים על מגרש <b class=""highlightcolor"">ביה־ח</b> . הדסה־ בירושלים לאחר שביה־ח יעבור עוד השנה יהר־הצופים ...</div>"
2193	hbkr19380601-01.1.4	1 June 1938	hbkr	Page 4	"<div class=""txtsearchsnippet"">... להקל במשהו את סבל החילה. להשתדל להמציא ספרים לספרית <b class=""highlightcolor"">ביה""ח</b> שלנו: ביחוד ספרים חדישים בעברית (מקוריים או תרגומים). בפולנית, ...</div>"
2194	hbkr19380511-01.1.6	11 May 1938	hbkr	Page 6	"<div class=""txtsearchsnippet"">... נערך כנוס הספורם של מחוז השומרון בהדרה ותתהיל הכנוס <b class=""highlightcolor"">בחיפה.</b> כנופ חפפורס של מחיז חדרש ברחובות מתחיל היום אחה""צ ...</div>"
2195	hbkr19390407-01.1.9	7 April 1939	hbkr	Page 9	"<div class=""txtsearchsnippet"">... כנסת מיו' תד ;נוסף י י ביהכ־נ הכללי של <b class=""highlightcolor"">ביה""ח</b> הנמצא בפנים חמין) יתדדי טהרד, לפי דת ישראל יכן ...</div>"
2196	hbkr19390608-01.1.4	8 June 1939	hbkr	Page 4	"<div class=""txtsearchsnippet"">לפני זמן קצר התאחדו שני הקלובים ו לטיס <b class=""highlightcolor"">בחיפה.</b> חברי ""קלוב חובבי הטיסה"" עם כל רכושם נצנסו ל""סועדון ...</div>"
2197	hzh19470615-01.1.3	15 June 1947	hzh	Page 3	"<div class=""txtsearchsnippet"">... ולגמור' את ההכנות לבי צוע ?עבודות ציבוריות‭'. ‬כגון הקמת <b class=""highlightcolor"">ביה""ח</b> ליולדות, סלילת כבישים פנימיים וכן עזרה בגמר בנין בית ...</div>"
2198	hzh19470907-01.1.4	7 September 1947	hzh	Page 4	"<div class=""txtsearchsnippet"">... מי מצא? אבד שעון זהב עם שרשרת של גבר, <b class=""highlightcolor"">בחיפה.</b> המוצא הישר מתבקש להחזירו. למר ברוך פרידמן, היפה, רח' ...</div>"
2199	dav19470908-01.1.2	8 September 1947	dav	Page 2	"<div class=""txtsearchsnippet"">... — תוא נפטר והתנגדו לקבל את המצאתו. רק לאחר <b class=""highlightcolor"">בחיפה</b> עם סוף המלחמה. הוריו של שאנ - נ2ותו נתפרסמה ...</div>"
2200	dav19480416-01.1.5	16 April 1948	dav	Page 5	"<div class=""txtsearchsnippet"">... היו זמנים שהעסיקו 50 ואף ‭. 80‬במאורעות 1936 בשרף <b class=""highlightcolor"">ביה""ח</b> ע""י פורעים ערביים וניטל קיומם של התושבים, לאחר שהוקם ...</div>"
2201	dav19480422-01.1.2	22 April 1948	dav	Page 2	"<div class=""txtsearchsnippet"">נהרג <b class=""highlightcolor"">בחיפה</b> סרג'נט משטרה בריטי נהרג את3ול בחיקה ע""י צל&amp;יט אלמונים ...</div>"
2202	dav19480323-01.1.3	23 March 1948	dav	Page 3	"<div class=""txtsearchsnippet"">... שאין בקרבו יאשים _נגועי מהלוח. נסיין רב לנו _בקרנטיגות <b class=""highlightcolor"">בחיפה</b> ובצמח. בזמנו נאלז ראש עירית _תל־ אביב לדבר גלויוו!כעל ...</div>"
2203	dav19440423-01.1.4	23 April 1944	dav	Page 4	"<div class=""txtsearchsnippet"">עם המשכורת של אחיות <b class=""highlightcolor"">ביה_'ח</b> , הדמה י בירושלים? זה חדשיים _שאחיות ""הדסי'' בתל־ ...</div>"
2204	dav19430907-01.1.4	7 September 1943	dav	Page 4	"<div class=""txtsearchsnippet"">... ‬ ש: האם סירקין היה מוכשר במיוחד לעבודה הזאת <b class=""highlightcolor"">בחיפה?</b> — ת: כן: — ש: הן י_#א לא ידע ...</div>"
2205	haretz19471203-01.1.4	3 December 1947	haretz	Page 4	"<div class=""txtsearchsnippet"">תכנית ההרחבה של בתי־הזיקוק <b class=""highlightcolor"">בחיפה</b> בשתי השנים הבאות נערכה תחילה בשעור 5 מיליון לא""י, ...</div>"
2206	hbkr19480917-01.1.2	17 September 1948	hbkr	Page 2	"<div class=""txtsearchsnippet"">... ע-י מה דוק* ממשלת ישראל קבלה ליוה את ביה-ח <b class=""highlightcolor"">בחיפה</b> (שהיה, אגב, ממשלתי נם בימי הפנ־ דפ), ובו בזמן ...</div>"
2207	dav19460410-01.1.2	10 April 1946	dav	Page 2	"<div class=""txtsearchsnippet"">... ""דליה‭, ""‬למשל, דרש לא מככר 85 תנורים קטנים מתוצרת <b class=""highlightcolor"">ביה""ח</b> סטנדרט, לאהר שניסה אותם והם . הניחו את דעת ...</div>"
2208	haretz19460815-01.1.2	15 August 1946	haretz	Page 2	"<div class=""txtsearchsnippet"">... משתי' ספינות' המהגרים הבלתי חוקיות העלובותיגור"" ו""הנרייםה "" סולד"" <b class=""highlightcolor"">בחיפה</b> היום. כמה מהזקנים שבי־ *יחם חלמו זה ‭25‬ שנה ...</div>"
2209	haretz19440405-01.1.2	5 April 1944	haretz	Page 2	"<div class=""txtsearchsnippet""><b class=""highlightcolor"">בחיפה</b></div>"
2210	haretz19480419-01.1.2	19 April 1948	haretz	Page 2	"<div class=""txtsearchsnippet"">... פתחו גם הצלפים הער־ ביים ביריות מואדי ג'וז על <b class=""highlightcolor"">ביה""ח</b> ""הדסה"" בהר־הצופימ. הערביש ממוסררה פתחו =־ אש לעבר מאה־שערים. ...</div>"
2211	hbkr19480914-01.1.2	14 September 1948	hbkr	Page 2	"<div class=""txtsearchsnippet"">... דוחק 'שתפשו נפסות הרזרביות שבו לאש־ פוז טזועיפ פהעבא. <b class=""highlightcolor"">ביה־ח</b> הממשלתי — הותקנו בו לפי שעה ‭00‬נ מטות. ישנה ...</div>"
2212	dav19470416-01.1.6	16 April 1947	dav	Page 6	"<div class=""txtsearchsnippet"">... ת1ו‭*!‬ז ־ ‭=? ? ? 1‬ כביהכינ מושב זקניק <b class=""highlightcolor"">בחיפה‭?(,</b> ‬ת הטן ן 0 לאיי לנונביוז ההצלה ‭. —‬בנןקונ!נחזיבה ...</div>"
2213	dav19461204-01.1.4	4 December 1946	dav	Page 4	"<div class=""txtsearchsnippet"">... לעבודתה של ד""ר הלנה בנן כמנהלת מחלקת הילדים של <b class=""highlightcolor"">ביה''ח.</b> ברנו ד""ר ה. וול־ ; שטין, ד""ר יעקב לוי ...</div>"
2214	dav19440606-01.1.2	6 June 1944	dav	Page 2	"<div class=""txtsearchsnippet"">... ? ואלי: במערכות ל. םל1ן5ה. - י נניך עובדי <b class=""highlightcolor"">ביהח‭'&gt;‬־</b> . _סוליגןט‭. '‬ הי1ט ב־‭_4. 30‬אחה‭1""‬ בבית 0רנר אסיפת ...</div>"
2215	dav19420713-01.1.2	13 July 1942	dav	Page 2	"<div class=""txtsearchsnippet"">... פבזנר ‭, 44‬בשעות 9־1 ו־7־‭. 4‬ _מזהיריפ את הציבור <b class=""highlightcolor"">בחיפה</b> לשמיר בקפדנות על ההאפלה. בהתחשב עם המצב נצטוו ה&amp;_קתיט ...</div>"
2216	dav19450423-01.1.2	23 April 1945	dav	Page 2	"<div class=""txtsearchsnippet"">... ד''ש פאת בילה "" מבוקארשט לשמואל מלמד ח""א;לצפורה גורביץ <b class=""highlightcolor"">בחיפה</b> מאת יצחק;לשייגדיל וגדליה קאץ ת""א מאת משר, בן ישראל ...</div>"
2217	haretz19460419-01.1.7	19 April 1946	haretz	Page 7	"<div class=""txtsearchsnippet"">... לתרבות של הועד הלאומי וארגון נשי חיילים בשכונת הצריפים <b class=""highlightcolor"">ביה""ח</b> . הירקון"") מ‭:8‬ מסיבת חג למשפ־ חות המגויםיב. ערבי ...</div>"
2218	haretz19470210-01.1.3	10 February 1947	haretz	Page 3	"<div class=""txtsearchsnippet"">ן <b class=""highlightcolor"">בחיפה</b> ]</div>"
2219	haretz19460821-01.1.3	21 August 1946	haretz	Page 3	"<div class=""txtsearchsnippet"">... פתחה מפעל חדש 'למוצרי חלב פיסו, ולשכת המסחר הערביפ <b class=""highlightcolor"">בחיפה</b> פנתה־ למומיות הממשלה כדרישה לספק להיחמת־גלם, יהידושיט""לפתחזת בתי הזד ...</div>"
2220	haretz19480418-01.1.3	18 April 1948	haretz	Page 3	"<div class=""txtsearchsnippet"">... רופא אורולוג בבית החולים. טרמיס אפשר לקבל אצל מנהל <b class=""highlightcolor"">ביה""ח</b> העירוני ""הדסה"", בכל יום, טרט לשבת, בין השעות ‭12—10‬ ...</div>"
2221	hmf19471228-01.1.3	28 December 1947	hmf	Page 3	"<div class=""txtsearchsnippet"">... ק, אדריכל ומהנדס' רח' החשמל ‭, 11‬טל‭, 4064. ‬ <b class=""highlightcolor"">בחיפה:</b> ?אצל ש. ס ו ל ו נ ד ס, ...</div>"
2222	hbkr19470413-01.1.3	13 April 1947	hbkr	Page 3	"<div class=""txtsearchsnippet"">... כפי שהיה גמג בשגות המלהסה. לרגל הצתת פיכלי הנפט <b class=""highlightcolor"">בחיפה.</b> מחפני הנפט כתד־אכיכ נשמריפ ע""י הצכא צבא תפס בערב ...</div>"
2223	hbkr19470216-01.1.4	16 February 1947	hbkr	Page 4	"<div class=""txtsearchsnippet"">... נאשר חיילים חסמו שני ־חומת — הנביאים ופנט־טאול ליד <b class=""highlightcolor"">ביה""ח</b> האיטלקי. טרם ידוע ניצר יעשה את דרנו קו פסי</div>"
2224	hbkr19471229-01.1.3	29 December 1947	hbkr	Page 3	"<div class=""txtsearchsnippet"">... ג במשרד התזמורת. במשרד התז-ורת, רח• אלנב, ‭, 56‬ <b class=""highlightcolor"">בחיפה:</b> במשרד ק. נעצבורג הרצל ‭25 ‬ קימר ¥ י ...</div>"
2225	hbkr19440823-01.1.4	23 August 1944	hbkr	Page 4	"<div class=""txtsearchsnippet"">... הכביש הנקשר את ־:בינת שלביה ושכונת נמרי והעיבר ע''• <b class=""highlightcolor"">ביה""ח</b> למצורעים. ירושלים, גיש מס' ‭. 1 ‬ חלקות מם' ...</div>"
2226	hbkr19430209-01.1.2	9 February 1943	hbkr	Page 2	"<div class=""txtsearchsnippet"">נוסד <b class=""highlightcolor"">בחיפה</b> נפצע במילוי תפקידו</div>"
2227	hbkr19421029-01.1.2	29 October 1942	hbkr	Page 2	"<div class=""txtsearchsnippet"">בית־החולימ החושי בצירוף <b class=""highlightcolor"">ביה""ח</b> הממשלתי, פתרו לגמר מצוקת האישפוז</div>"
2228	hzh19480809-01.1.3	9 August 1948	hzh	Page 3	"<div class=""txtsearchsnippet"">... את נס המדד‭-. ‬ בדינר חרות זה II בחד <b class=""highlightcolor"">ביהח</b> י רשמן"" בעת הוסרו בסמל לעצמו. "" י ן ...</div>"
2229	hzh19480708-01.1.2	8 July 1948	hzh	Page 2	"<div class=""txtsearchsnippet"">... בארץ־ישראל תפרוץ מחדש. הדרישה החדשה למשלוח 1000 שומרים שישרתו <b class=""highlightcolor"">בחיפה</b> ובירושלים, בוודאי תעורר את הרו־ פים לחדש את דרישתם ...</div>"
2230	haretz19460722-01.1.2	22 July 1946	haretz	Page 2	"<div class=""txtsearchsnippet"">... 080‬ לא""י. ברבע מהסכום הכללי ישתתפו רופאים ממקצועות שינים <b class=""highlightcolor"">בחיפה,</b> אך ןם זה נקבע ע""י המייסדים שכ־%‭50 ‬ מסמכות ...</div>"
2231	haretz19450328-01.1.2	28 March 1945	haretz	Page 2	"<div class=""txtsearchsnippet"">... כמה שיז^ע משלמת קופת ' חולים בבתי חולים פרטיים <b class=""highlightcolor"">בחיפה</b> לכל ז יולדת במשך ש*וע-מ־^'עד ‭17‬ לא""י"". (ב""האדץ"" מיום. ...</div>"
2232	haretz19480509-01.1.2	9 May 1948	haretz	Page 2	"<div class=""txtsearchsnippet"">... אל המדינות שמעבר לים. והרי היו ימ־ם, שהנמל הגדול <b class=""highlightcolor"">בחיפה</b> לא נהנינו ממנו מחמתסכנת הדרכים. הגנראל וואקופ הוא שעזר ...</div>"
2233	dav19481201-01.1.1	1 December 1948	dav	Page 1	"<div class=""txtsearchsnippet"">... ובנוגע לתוצאות ההחלטות שעלולות להתקבל במליאת או""מ. באנץ' ישהה <b class=""highlightcolor"">בחיפה</b> רק זמן קצר ויחזור לפאריס בהקדם. נתקבלה אגלה. ההכל‭?1‬ ...</div>"
2234	dav19460319-01.1.4	19 March 1946	dav	Page 4	"<div class=""txtsearchsnippet"">... לפני 10 שנים, בית־הספר לאחיות של קופת חולים ‭''_#‬י <b class=""highlightcolor"">ביה‭''‬ח</b> בילינסון. מאז סיימו בו לימודיהן ב־30נ אח י ות, ...</div>"
2235	dav19480322-01.1.2	22 March 1948	dav	Page 2	"<div class=""txtsearchsnippet"">... חוליס בל_^־ח היו בשנת 1947 לעומת 3982 בל‭. 1946‬ <b class=""highlightcolor"">ביה""ח</b> ליולדות בחדרה שנפתח במחציתה השניה של 1947 הוא שאי0שר ...</div>"
2236	dav19421002-01.1.6	2 October 1942	dav	Page 6	"<div class=""txtsearchsnippet"">מועד _התאחדות עולי גרמני‭?!‬יאוסטריה <b class=""highlightcolor"">בחיפה,</b> על מומדגתיי השוגים _התפטרה א. נלוך, ש. וינייגוצ. קני ...</div>"
2237	dav19451008-01.1.4	8 October 1945	dav	Page 4	"<div class=""txtsearchsnippet"">... א ע ס פ ו ר ואחריםהעתון מודיע‭., ‬כי <b class=""highlightcolor"">בחיפה</b> נעשות, לפי השמועה, הגנות. להוצאת עתון של המפלגה החדשה. ...</div>"
2238	haretz19470806-01.1.4	6 August 1947	haretz	Page 4	"<div class=""txtsearchsnippet"">... כה לא נמצאה כל לשון משותפת עם בעלי בתי־הקירור <b class=""highlightcolor"">בחיפה.</b> הלבנר גיים מתאימים כעת אה גני הפרי שלהם,</div>"
2239	haretz19421216-01.1.2	16 December 1942	haretz	Page 2	"<div class=""txtsearchsnippet"">... אשור חוזים והעברות קרקע: שאלה הבקורת; תקציב ‭:1942/43‬ הרחבת <b class=""highlightcolor"">ביה""ח</b> העירוני; אשור החלטות ועדת הכספים; אשור החלטות הועדה לע""ס: ...</div>"
2240	hbkr19480620-01.1.3	20 June 1948	hbkr	Page 3	"<div class=""txtsearchsnippet"">... החזקחט בנכר — סיס מר ונן־זחר. לגורל 12 העצירים <b class=""highlightcolor"">בחיפה</b> מר יגהק ילין. שניקר מסעם . לאסירינו• אגל 12 ...</div>"
2241	hbkr19470513-01.1.2	13 May 1947	hbkr	Page 2	"<div class=""txtsearchsnippet"">שוב הוכו צעירים <b class=""highlightcolor"">בחיפה</b></div>"
2242	hbkr19451009-01.1.2	9 October 1945	hbkr	Page 2	"<div class=""txtsearchsnippet"">עצרת <b class=""highlightcolor"">בחיפה</b></div>"
2243	hbkr19430329-01.1.4	29 March 1943	hbkr	Page 4	"<div class=""txtsearchsnippet"">... העיליל. להקמנ שניפ שי ‭400-300 ‬ "" ' מנהל <b class=""highlightcolor"">ביה""ח</b> הדבל ע• המוב מי ת. נ יי שק ה. ...</div>"
2244	ahr19480322-01.1.2	22 March 1948	ahr	Page 2	"<div class=""txtsearchsnippet"">ף* , לקט סיפורים המוצאים מהלכים _^ כלבנון. ־ <b class=""highlightcolor"">בחיפה</b> השתמשו הערביס בפעם הראי שלנה בפצצוח־רקיטות נגד התקפת ה""הגנה"" ...</div>"
2245	dav19460210-01.1.2	10 February 1946	dav	Page 2	"<div class=""txtsearchsnippet"">... שירותי בתי־החוליב לישוב היהודי ורק בתקופה מאוחרת ייתר נפתח <b class=""highlightcolor"">ביה""ח</b> ""הירקון"" -תי י י ־אביב‭. (‬לא יכולנו להעלים עין ...</div>"
2246	dav19421109-01.1.2	9 November 1942	dav	Page 2	"<div class=""txtsearchsnippet"">... מתוצרת ז""ר ע‭_3. ‬א_0ט. מי שוויה נ!חל ראשי של <b class=""highlightcolor"">ביה""ח</b> הנודע ; שוארצהובר"" ב1י1ה. תוצרתו נקלטה גפ בבתי ‭,, ...</div>"
2247	haretz19451231-01.1.2	31 December 1945	haretz	Page 2	"<div class=""txtsearchsnippet"">... קרן, שממנה תנתן האפשרות לרופאים־עולים לשהות שנה אחת בכתלי <b class=""highlightcolor"">ביה""ח</b> האוניברסיטאי של הדסה ולרכוש נםיון מעשי ברפואה מודרנית ומ־ ...</div>"
2248	haretz19421231-01.1.2	31 December 1942	haretz	Page 2	"<div class=""txtsearchsnippet"">... לו השפעה על הוצאת הכספים המוקדשים למוטד זה. לדוגמא <b class=""highlightcolor"">ביה""ח</b> רוטשילד של הקהלה. מנאומו של ח. ;ייגר (מברית הציונים ...</div>"
2249	haretz19441025-01.1.2	25 October 1944	haretz	Page 2	"<div class=""txtsearchsnippet"">... פוציאלי בזמן הקרוב עומדת לחתרחב המתיקה הממשלתית לשירות •הסוציאלי <b class=""highlightcolor"">בחיפה.</b> נוסף על פקידי המבחן היהודי והערבי העובדים שם, זה ...</div>"
2250	hbkr19471116-01.1.2	16 November 1947	hbkr	Page 2	"<div class=""txtsearchsnippet"">... רצח. למן המקרה ליד מוגרבי בתיא ועד למקרה חאתיון <b class=""highlightcolor"">בחיפה.</b> אינו יכול להביא. בתנאים של היום. לידי עונש משפטי ...</div>"
2251	dav19471109-01.1.2	9 November 1947	dav	Page 2	"<div class=""txtsearchsnippet"">... ‭. 2‬התאריך ‭2840. 47‬ שעה ‭7. 30‬ בבוקר ע""י <b class=""highlightcolor"">ביה""ח</b> ""ארגמן"" (החדש) בדרך פ_*ת — ת""א כשאופנוע שבא מפ""ת ...</div>"
2252	dav19460719-01.1.8	19 July 1946	dav	Page 8	"<div class=""txtsearchsnippet"">‭_^ ^^‬ ‭!!*‬גת בכורה <b class=""highlightcolor"">בחיפה</b> ;</div>"
2253	dav19480510-01.1.2	10 May 1948	dav	Page 2	"<div class=""txtsearchsnippet"">... _גתותוןים אל מתקיסיט _קרגייפ ל6י ידיעון מלשלת המודיעין הממשלתית <b class=""highlightcolor"">בחיפה</b> פתחה כנופיה ערבית באקו על טחנה העבודה של המסירים ...</div>"
2254	dav19450527-01.1.2	27 May 1945	dav	Page 2	"<div class=""txtsearchsnippet"">פתיחת בית החולים החדש <b class=""highlightcolor"">בחיפה</b> גידול האונלוסיה של קופ""ח והמחסור במיטות בבתי־החוליט מבריח את ...</div>"
2255	haretz19460514-01.1.2	14 May 1946	haretz	Page 2	"<div class=""txtsearchsnippet"">... שאני רואים צורך להעיר עליהן. גם אנחנו — בעלי <b class=""highlightcolor"">ביה""ח</b> . כפיה'' <b class=""highlightcolor"">בחיפה</b> המוציא תוצרת חימית לשוק זה שנים ...</div>"
2256	dav19481219-01.1.2	19 December 1948	dav	Page 2	"<div class=""txtsearchsnippet"">... במעט ליד כל לשכה והיא קיימת בל. שנת העבודה <b class=""highlightcolor"">בחיפה.</b> ‭. 2‬בועדות הערעורים מיוצגים י כל אלגוני הפועלים המקיימים ...</div>"
2257	dav19481121-01.1.2	21 November 1948	dav	Page 2	"<div class=""txtsearchsnippet"">... ההתישגות החל־ ; שה- 2 מרפאות אזוריות גדולות יוקמו <b class=""highlightcolor"">בחיפה</b> ובתל-אכיב בבתים שבניינם כנר נשלם. ישנם סיכויים שתוך השנה ...</div>"
2258	haretz19470504-01.1.2	4 May 1947	haretz	Page 2	"<div class=""txtsearchsnippet"">... בקשירת מרד על ידי בית־דין צבאי בחודש מארס השנה <b class=""highlightcolor"">בחיפה,</b> נידונו למאסר מ־‭14 ‬ חידש עד שנתיים. מפקד הדיביזיה ...</div>"
