n	id	date	publication	title	snippet	forms
1	ahr19430817-01.2.31	17 August 1943	ahr	ןנננל &#8237;3 !&#8236; נ _ח_^רץ	"<div class=""txtsearchsnippet"">... שי פישט־ יד ערבי. זהותו לא נקבעה הועבר אל <b class=""highlightcolor"">בית־החולים הממשלתי.</b> בסביבות עכי פגעה מכונית צבאית בחםן אחמד _שהאדה, ...</div>"	maqaf
2	ahr19430903-01.2.53	3 September 1943	ahr	1_ע&#8237;_3 _^1&#8236;ל ה_^רץ |	"<div class=""txtsearchsnippet"">... , ירו בו ופצעוהו. הפצוע ד. ־ בל אד <b class=""highlightcolor"">בית־החולים הממשלתי.</b></div>"	maqaf
3	ahr19430919-01.2.9	19 September 1943	ahr	1מס3 ד_^רץ1	"<div class=""txtsearchsnippet"">... לפני _כחדשיים ע""י חיים זאלסקי , ןות ביום ד' <b class=""highlightcolor"">ביה""ח הממשלתי.</b> קנס _ודכרי־מושר לקצב עבריין זאב אםאטאנוביץ‭, _'‬שברשותו נמצא ...</div>"	abbreviated
4	ahr19431011-01.2.32	11 October 1943	ahr	נ_5ד_3_נדח_^_רץ	"<div class=""txtsearchsnippet"">התנגשות והפלה אמבולנס של <b class=""highlightcolor"">_בית־החולים הממשלתי</b> נתחלק והתנגש במכונית טאקסי. בהו־ רה שעמדה לשכור ...</div>"	maqaf
5	ahr19440406-01.2.69	6 April 1944	ahr	_אדכסנדד &#8237;\?&#8236;ו_>_ידבד_\ד	"<div class=""txtsearchsnippet"">... היום (יום די) הפועל אלכסנדר גולדברגר. גופתו הועברה אל <b class=""highlightcolor"">בית־החולים הממשלתי.</b> תופפת כעד שעות נופפות — הוועד הפועל החליט ...</div>"	maqaf
6	ahr19440606-01.2.75	6 June 1944	ahr	שוטר אנגלי נדהר בחיפה	"<div class=""txtsearchsnippet"">... השוטר הפ־ צוע הגיע _לתחנת־משטרה ומשם נא־ סף זיל <b class=""highlightcolor"">_בית־החולים הממשלתי.</b></div>"	maqaf
7	ahr19440627-01.2.62	27 June 1944	ahr	שלום ליהורי רודוס חיפהום במכתב	"<div class=""txtsearchsnippet"">... חיים, לאחר שהמשטרה הגיעה למקום, הועברה הגופה לבדיקה אל <b class=""highlightcolor"">בית־החולים הממשלתי.</b> משערים כי הצעירה איבדה את עצמה לדעת בבליעת ...</div>"	maqaf
8	ahr19440920-01.2.53	20 September 1944	ahr	"&#8237;_0 2&#8236;גת' ד_3ר בח""פד."	"<div class=""txtsearchsnippet"">... _זורבעה חד לי דבר הובאו בימים תץ. הרוניפ אל <b class=""highlightcolor"">בית־החולים הממשלתי</b> בחיפה. 2 מהם מתו. מיםפו מתי הדבר עד ...</div>"	maqaf
9	ahr19441003-01.2.53	3 October 1944	ahr	משבחה בת 4 !נשות נוגעה בדבר	"<div class=""txtsearchsnippet"">... עוד חולה דבר, ערבי הובא _ביוס א' אי י <b class=""highlightcolor"">בית־החולים ' הממשלתי</b> בחיפה.</div>"	maqaf
10	ahr19441013-01.2.75	13 October 1944	ahr	_Ttetun בב'ת־המלאכה של >ד.ד_03־_2	"<div class=""txtsearchsnippet"">... העשן, רק בעבור חצי שעד, הוצא משם וגשלח אל <b class=""highlightcolor"">בית־החולים הממשלתי</b> יתד עם שאר חמשת הנפגעים. שנייס מהם נשלחו ...</div>"	maqaf
11	ahr19450105-01.2.93	5 January 1945	ahr	"מה&#8237;11;_'&#8236;_־ם עזרה ל""המועל"""	"<div class=""txtsearchsnippet"">... 2 ערבים מתושבי חיפה במחלת הדבר והו־ באו אל <b class=""highlightcolor"">_בית־החולים הממשלתי.</b> מיספר האנשים שהלו עד כה בדבר בחיפה מגיע ...</div>"	maqaf
12	ahr19450527-01.2.59	27 May 1945	ahr	_אבדהם &#8237;7r»&#8236;•	"<div class=""txtsearchsnippet"">... לא הועיל והמתאבד מת. המשטרה אספה"" את גופתו אל <b class=""highlightcolor"">_בית־החולים הממשלתי.</b> עלה ארצה מהונגריה. דייר בקריית־ חיים. עבד בחברת ...</div>"	maqaf
13	ahr19450812-01.2.61	12 August 1945	ahr	_עויכו&#8237;1»1!&#8236;שלתי בספרים ערבים	"<div class=""txtsearchsnippet"">... ליו משמר־הים מאוטובוס ציבורי שנסע לנהריה. גופתו נאספה אל <b class=""highlightcolor"">בית־החולים הממשלתי.</b> בן ‭. 50‬ שכתי לוי, ראש עירייה חיפה, ...</div>"	maqaf
14	ahr19451102-01.2.71	2 November 1945	ahr	חבלות \דולות בכל ק ! ו ' מס ילות הבלול &#8237;w*3&#8236;־p	"<div class=""txtsearchsnippet"">... הוא : יעקב גולדברג (גרינברג ‭, (?‬הגרפה נאספה אל <b class=""highlightcolor"">בית־החולים הממשלתי</b> בחיפד‭., ‬ עפולה ורהוכות על־יו עפולה פוצצו הלילה ...</div>"	maqaf
15	ahr19451202-01.2.48	2 December 1945	ahr	התנגשות בין מ כ זנית וקטר בנמל חיפה חי פה שבת מכונית ובה חיילים	"<div class=""txtsearchsnippet"">... ו' בקטר בשטח הנמל. ד חיילים שנפצעו, נאספו אל <b class=""highlightcolor"">_בית־החולים הממשלתי.</b> הנהג, יתודי , שנפצע אף הוא, נעצר לצורכי ...</div>"	maqaf
16	ahr19460227-01.2.22	27 February 1946	ahr	_מםדדוב• _הצדק _זשחודינ &#8237;_ £1 &#8236;	"<div class=""txtsearchsnippet"">... "" מיגרש הרובים‭, ""‬ אין עליו לטרות כלל, שהרי <b class=""highlightcolor"">_בית־החולים הממשלתי</b> אף הוא כאן, לשמאלו של בניין המשפט. — ...</div>"	maqaf
17	ahr19460307-01.2.45	7 March 1946	ahr	המאבק בגולה הטרגית בארץ	"<div class=""txtsearchsnippet"">... בבנו אור ליום ד‭. '‬הבו נפצע קל ובאסף אל <b class=""highlightcolor"">ביה""ח הממשלתי.</b> כפי שמוסרים אירע הסיכסוך לרגל _חביעח הבן מהאב ...</div>"	abbreviated
18	ahr19460310-01.2.29	10 March 1946	ahr	נרצח •הוד־ היד _הידק! _8 ב ב שבת פנחס	"<div class=""txtsearchsnippet"">... ביום א' (היום) תועבר גוויית הנרצח לצורך _בדיקת־דמוות, אל <b class=""highlightcolor"">בית־החולים . הממשלתי</b> בפרדם כ""ץ.</div>"	maqaf
19	ahr19460609-01.2.61	9 June 1946	ahr	ואסרה הב1_יםה הראשית רמגרע!הרוסים	"<div class=""txtsearchsnippet"">... הרוסים בדרך השער הראשי מרח' יפו. התנועה לבתי המשפט, <b class=""highlightcolor"">_בית־החולים הממשלתי</b> ובית־הסוהר המרכזי, הנמצאים בולם על מגרש הרוסים, הופנתה ...</div>"	maqaf
20	ahr19460616-01.2.50	16 June 1946	ahr	התנקשות בקצין מחוז חיפה שבת אלמוני ניסר להתנ	"<div class=""txtsearchsnippet"">... _ברחרב טבריה. קצין המחוז נפצע בירייה בצווארו ונאסף אל <b class=""highlightcolor"">_בית־החולים הממשלתי.</b> מצבו אינו קשר, ליד _מקוס ההתנקשות נמצא אקווה.</div>"	maqaf
21	ahr19460619-01.2.9	19 June 1946	ahr	_הלוניח 11 ההרוגים | בהתקפת חיפה במוצאירם ב בליל על	"<div class=""txtsearchsnippet"">י‭, '‬ההתקפה בתי־המלאבר, של הרכבת, הרכאו אל <b class=""highlightcolor"">בית ; החולים הממשלתי</b> בחיפה 10 גופות של מתקיפים שנהרגו ...</div>"	spelled
22	ahr19460726-01.2.88	26 July 1946	ahr	משפחות וקרובים 1 ליד גופות החללים &#8237;. . . &#8236;	"<div class=""txtsearchsnippet"">וקרובים צפופים ליו <b class=""highlightcolor"">בית־החולים הממשלתי,</b> שהנר מהוד המטרד. לחללים המובאים במכוניות _הצלב־האדופ. הקבובים ...</div>"	maqaf
23	ahr19460910-01.2.8	10 September 1946	ahr	סרג'אנט בולשת בריטי נודה _ונהרג בחינת סה ב־15	"<div class=""txtsearchsnippet"">... בחיפה ונפצע. הוא נפגע _ב־ד מקומות בגופו. נאסף אל <b class=""highlightcolor"">בית החולים הממשלתי</b> ושם מת. הניח אשר"" ממקור רשמי מוסרים, ...</div>"	spelled
24	ahr19460912-01.2.51	12 September 1946	ahr	לאתר חודגם אין תחיה _בים־המלח	"<div class=""txtsearchsnippet"">... בנכי־ רובין לחזור ליפו. שכיתת א היות• — אחיות <b class=""highlightcolor"">_בית־ החולים הממשלתי</b> ביפי הכריזו שלשום שביתת־רעב על שהנחלח בית־ ...</div>"	spelled
25	ahr19461011-01.2.79	11 October 1946	ahr	mm	"<div class=""txtsearchsnippet"">... ג'אואו!בן 45 ועבד אל עזיז, בן ‭. 40‬נאספו אל <b class=""highlightcolor"">בית־החולים הממשלתי</b> בחיפה.</div>"	maqaf
26	ahr19461018-01.2.49	18 October 1946	ahr	&#8237;_ftrranaa 551 &#8236;	"<div class=""txtsearchsnippet"">... נפצע, בנפול עליו אבנים בעבדי במחצבה. הוא נאסף אל <b class=""highlightcolor"">בית־החולים הממשלתי</b> בחיפה ושם מת. _פגיעותיהן של מכוניות צבאיות ביום ...</div>"	maqaf
27	ahr19461023-01.2.36	23 October 1946	ahr	"מעולתצלצל"" בחשכת הלילה נגד &#8237;"" _at9&#8236; מוופ""ל"" ""ברכה קול ? ?־"""	"<div class=""txtsearchsnippet"">... בו עד שהצליחו להשיב רוחו אליו. הובאו לבית־החולים אל <b class=""highlightcolor"">בית־החולים הממשלתי</b> בחיפה הובאו 3 מעפיי י ים חולים: יואכים ...</div>"	maqaf
28	ahr19461101-01.2.64	1 November 1946	ahr	בכמה שוחת	"<div class=""txtsearchsnippet"">... בן ‭, 22‬מערב מישאאת נפת חיפה. הוא נאסף אל <b class=""highlightcolor"">בית־החולים הממשלתי</b> בהיפה ומת שעה לאחו שהובא לשם. נכגע _טנזכדנית ...</div>"	maqaf
29	ahr19461124-01.2.82	24 November 1946	ahr	"הרוג _ופןגוע בתא11ות דרפ""ס בחיפה"	"<div class=""txtsearchsnippet"">... המכוניות. הפצוע וכן- גופת ההרוג, שלא זוהתה, נאספו אל <b class=""highlightcolor"">_בית־החולים הממשלתי.</b> גסמנע _כןןכודה בגמל עלי זן 8ורה, בן M ...</div>"	maqaf
30	ahr19461128-01.2.70	28 November 1946	ahr	ן באישו!לילה | לקבו־ •_שדאל: | ן I א._דמנבאום I ומעפיל _אלמג1ני I די בוז־	"<div class=""txtsearchsnippet"">... ""הברא קדיש‭""*‬ בחי ־ פה ודרשו מהם ללכת אל <b class=""highlightcolor"">בית־החולים הממשלתי</b> , כדי לקבור את שני החללים מבין המעפילים. ...</div>"	maqaf
31	ahr19470105-01.2.68	5 January 1947	ahr	מגא' ר 3ד_8מ3_ד_&	"<div class=""txtsearchsnippet"">... אור ליום ר במלון ברחוב הרצל. גוסתו נאספה אל <b class=""highlightcolor"">בית־החולים הממשלתי.</b> מוסרים, כי את מעשהו הנואש ביצע על רקע ...</div>"	maqaf
32	ahr19470121-01.2.32	21 January 1947	ahr	_5כ&#8237;2>&#8236;נר_,ח_^_ךץ]	"<div class=""txtsearchsnippet"">... רגלו בין 2 קרונות בתחנת חורה. הוא נאסף אל <b class=""highlightcolor"">בית־ החולים הממשלתי.</b></div>"	spelled
33	ahr19470122-01.2.25	22 January 1947	ahr	Untitled	"<div class=""txtsearchsnippet"">... נפל ובגום לו שבר ברגלו השמאלית ובמרפקחו נאסף אל <b class=""highlightcolor"">_בית־החולים הממשלתי.</b> נוטר נדרס עבדאללה מוחמר עבואללה, נוטר, נדרם על־ידי ...</div>"	maqaf
34	ahr19470122-01.2.61	22 January 1947	ahr	בנש!שדת	"<div class=""txtsearchsnippet"">ד""ר שמעון כמש מנהל <b class=""highlightcolor"">בית־החולים הממשלתי</b> ""הירקון"" _בתל־אביב הועלה בדרגה ונשלח לאנגליה להשתלם במקצוע ...</div>"	maqaf
35	ahr19470123-01.2.50	23 January 1947	ahr	&#8237;_jiiiiKJn _14&#8236; ביום אחד	"<div class=""txtsearchsnippet"">... נאסף אל _בית־החולים רוטשילד ועמין מוסטפה _אבו־שחב — אל <b class=""highlightcolor"">_בית־החולים הממשלתי</b> בחיפה.</div>"	maqaf
36	ahr19470127-01.2.48	27 January 1947	ahr	בכמהשוחת	"<div class=""txtsearchsnippet"">... _אמאלין איל־פ""חפ' שנדקר במסיבות בלחי ידועות. הגופה נאספה אל <b class=""highlightcolor"">בית־החולים הממשלתי.</b></div>"	maqaf
37	ahr19470202-01.2.64	2 February 1947	ahr	&#8237;nniisi _0a_31&#8236; כנמל היפה האונייה הצרפתית	"<div class=""txtsearchsnippet"">... בבעל הביון (בן ‭(30‬ ופצעו בכליוח, הפצוע נאסף !אל <b class=""highlightcolor"">בית החולים הממשלתי</b> בתיפת• _תאוגות דרכים _כחיפיה. — ערף עבוול ...</div>"	spelled
38	ahr19470209-01.2.47	9 February 1947	ahr	"3 נהרגו 3־ &#8237;rmmn 27&#8236; דרכינו תוך 3 ""מים"	"<div class=""txtsearchsnippet"">... ‬ מהנפגעים הם ילדים — מוסרת לשכת המודיעין הממשלתית. <b class=""highlightcolor"">_בית־החולים הממשלתי</b> בחיפה מוסר על ארבע תאונות דרכים שאירעו היום, ...</div>"	maqaf
39	ahr19470214-01.2.153	14 February 1947	ahr	Untitled	"<div class=""txtsearchsnippet"">... על אי־תנועח j במושבה הגרמנית. הפצוע נאסף אל י <b class=""highlightcolor"">?ביה""ח הממשלתי.</b> I בתערוכת ""העת• !תערוכת ההסתדרות ב""ביחבו"" פתוחה מ־9 ...</div>"	abbreviated
40	ahr19470214-01.2.61	14 February 1947	ahr	&#8237;5_|&#8236;_ט_^־_08ב ־ _האדץ|	"<div class=""txtsearchsnippet"">... כנען נדרס ביום ד' בכביש חיפה־טירה. הו;ג נאסף אל <b class=""highlightcolor"">בית החולים הממשלתי</b> ושם נקבע כי נגרם לו זעזוע מוח. ...</div>"	spelled
41	ahr19470216-01.2.31	16 February 1947	ahr	1 &#8237;yiNnqa ^] &#8236;	"<div class=""txtsearchsnippet"">... אחסר מוחמר' בן ‭. 18‬ במצב רציני הובאו אל <b class=""highlightcolor"">בית־החולים הממשלתי.</b></div>"	maqaf
42	ahr19470216-01.2.50	16 February 1947	ahr	"_לסונשרים אין הנחות ב"" _מבצרי 'השליה"""	"<div class=""txtsearchsnippet"">... המשםור, את המשמרות שנהגו עו־כה ללוות את האמבולנסים של <b class=""highlightcolor"">_בית־החולים הממשלתי</b> בתחומי העיר. להבא ימשיכו משמרות משטרה ללוות אח ...</div>"	maqaf
43	ahr19470318-01.2.31	18 March 1947	ahr	&#8237;331333]&#8236; ה_^דץ _}	"<div class=""txtsearchsnippet"">... מכונית־משא אזרחית. נג־ רם לה שבר בשוק־רגלד, ונאספה אל <b class=""highlightcolor"">_בית־החולים הממשלתי</b> בחיפה. לאקדמיה בפאריז י. מוטולד, וא. קרוכמאלניק, תלמידי ...</div>"	maqaf
44	ahr19470320-01.2.47	20 March 1947	ahr	ירושלים	"<div class=""txtsearchsnippet"">... ‬ כדורים התפוצצו והוא נפצע בשחי ידיו. נאסף אל <b class=""highlightcolor"">בית־החולים הממשלתי.</b> • תייליפ מתנפליפ ושודדימ ברחוב שדרות הכרמל, התנפלו ...</div>"	maqaf
45	ahr19470321-01.2.115	21 March 1947	ahr	בכמה שווות	"<div class=""txtsearchsnippet"">... יצאו חברי _, _חברא קדישא"" מרחובות ותל־ אביב אל <b class=""highlightcolor"">_בית־החולים הממשלתי</b> בעזה לוהות את הגופה שנפלטה בחוף אשדוד. אחרי ...</div>"	maqaf
46	ahr19470321-01.2.88	21 March 1947	ahr	_חתנ!ו!_נצ1_ת	"<div class=""txtsearchsnippet"">... בידי יהודי שנפצע ונאסף אל בית־חולים צבאי ומשם אל <b class=""highlightcolor"">בית־החולים הממשלתי.</b> המקרה קרר, ברח' םירקין. הפצצה התפוצצה בידי בחור ...</div>"	maqaf
47	ahr19470323-01.2.32	23 March 1947	ahr	&#8237;yronafla5| &#8236;	"<div class=""txtsearchsnippet"">... שגנב את כספו הכהו בראשו בעל־הדירר, הפצוע נאסף אל <b class=""highlightcolor"">_בית־החולים _הממשלתי</b></div>"	maqaf
48	ahr19470324-01.2.38	24 March 1947	ahr	&#8237;5 I*1&#8236;־_BS	"<div class=""txtsearchsnippet"">... נורה במוצאי־שבת ע""י אלמוני. פצוע בירו השמאלית הובא אל <b class=""highlightcolor"">בית־החולים הממשלתי.</b> בוועדת התרכות שליד מ. ש. ח. בחוג לבעיות ...</div>"	maqaf
49	ahr19470326-01.2.25	26 March 1947	ahr	&#8237;yuan?_31B_31 &#8236;	"<div class=""txtsearchsnippet"">... סטאגטרן על־ידי מבינית־מניא‭. -‬גגרם לו שבר בזרוע וגאסף אל <b class=""highlightcolor"">ביה""ח הממשלתי.</b> נחש הכישו בווץריו אי סרים (מחוז חיכה) הכיש ...</div>"	abbreviated
50	ahr19470327-01.2.37	27 March 1947	ahr	331נל_33ה_^_תו	"<div class=""txtsearchsnippet"">... אל אווי ליד כורדאני. בעל־הדירה נפצע בירך ונאסף אל <b class=""highlightcolor"">בית־ החולים הממשלתי</b> בחיפה.</div>"	spelled
51	ahr19470327-01.2.68	27 March 1947	ahr	UNKNOWN	"<div class=""txtsearchsnippet"">... מוחמד _אחמד מוסד. נמצא ב־23 במארס, סמוך לכניסה של <b class=""highlightcolor"">ביה""ח הממשלתי,</b> כשהוא פצוע באופן רציני. הוא הוכנס לנית""החולים ושם ...</div>"	abbreviated
52	ahr19470330-01.2.40	30 March 1947	ahr	&#8237;I|rw1.:3a1_bfii &#8236;	"<div class=""txtsearchsnippet"">... פגעה בידו — ופצעה. כל הנפגעים הנ""ל נאספו »ל <b class=""highlightcolor"">בית־ החולים הממשלתי.</b> נפצעו כתאונת""דרכיפ סדר עבד אבו חסן, בן ...</div>"	spelled
53	ahr19470330-01.2.70	30 March 1947	ahr	&#8237;I10_K_3 s'£s!_£se Ann&#8236; דרכים ליד !הדיה חיפה שבת בהתנגשות שאיר	"<div class=""txtsearchsnippet"">... שרייבר (בת ‭. (3i‬ מלבד הפועל שמת נאסף אל <b class=""highlightcolor"">בית־ החולים הממשלתי</b> גם נהג המכונית הצבאית. התנקשות. — אלמוני ...</div>"	spelled
54	ahr19470406-01.2.64	6 April 1947	ahr	ננ₪ שורות	"<div class=""txtsearchsnippet"">... ימונים כתגובה על פיצוץ הבאר בקרית־חיים — נאסף אל <b class=""highlightcolor"">ביה""ח הממשלתי</b> בתיפה. נגרם לו שבר בעצמות ר‭', ‬־די0 _ופצע־פ ...</div>"	abbreviated
55	ahr19470415-01.2.49	15 April 1947	ahr	נדקר ז	"<div class=""txtsearchsnippet"">... ברהם אסעו, בן ‭, 27‬כתוצאה מקטטה. הוא נאסף אל <b class=""highlightcolor"">_בית־החולים הממשלתי,</b> דליקה בדירה ברחוב הגלעד 38 פרצה דליקה, בהתלקח ...</div>"	maqaf
56	ahr19470416-01.2.29	16 April 1947	ahr	Untitled	"<div class=""txtsearchsnippet"">... פפח לשלוח י ד בנפשה בצורה דומה. גווייחה הועברה <b class=""highlightcolor"">?_בית־החולים הממשלתי</b> בפרדס בייץ י יבדיקה. הרעילו קיבותיהם בגבינה 5 ...</div>"	maqaf
57	ahr19470416-01.2.3	16 April 1947	ahr	&#8237;8 ct'ii aran ,&#8236; אהדו!דוב קרבנ_1ת הר » ע 3 לה 1	"<div class=""txtsearchsnippet"">קהל, ביניהם _מבתי־החרושת, נהרו אל <b class=""highlightcolor"">בית־החולים הממשלתי'</b> שמשם יצאה ההלווייה. הגי ודיית, שהיו עטופות דגלי ...</div>"	maqaf
58	ahr19470420-01.2.36	20 April 1947	ahr	Untitled	"<div class=""txtsearchsnippet"">... שבר ביד ופי . גלים כפנים ובראש. נאסף אל <b class=""highlightcolor"">בית־ החולים הממשלתי.</b> בוועדת התרבות שליד מ. פ. ח. ח- ...</div>"	spelled
59	ahr19470421-01.2.34	21 April 1947	ahr	Untitled	"<div class=""txtsearchsnippet"">... עכו, נורה _במוצאי־שבת בגבו ע""י אלמוניכ. הוא נאסף אל <b class=""highlightcolor"">בית־ החולים הממשלתי</b> בחיפה. כתערוכת ההפתדרדת תערוכת ההסתדרות ב""ביתנו"" פתוחה ...</div>"	spelled
60	ahr19470422-01.2.50	22 April 1947	ahr	Untitled	"<div class=""txtsearchsnippet"">... מחה""צ• נגרם דו שבר בגולגו־ יי ת ונאסף אל <b class=""highlightcolor"">בית־החולים הממשלתי.</b> קרנות מיוהדות בהדודאה וחסכון' "" בשנת 1946 הופעלו ...</div>"	maqaf
61	ahr19470507-01.2.79	7 May 1947	ahr	ברה נהג מכונית גנובה ת אז	"<div class=""txtsearchsnippet"">... ראובן בן יקותיאל סטאן מתי'א — נפצע ונאסף אל <b class=""highlightcolor"">ביה""ח הממשלתי</b> בחיפה, מצבו אינר קשה. הפצוע נעצר לצורכי חקירה. ...</div>"	abbreviated
62	ahr19470512-01.2.38	12 May 1947	ahr	"&#8237;^^&#8236;נ&#8237;^^&#8236;מ&#8237;?_5""""^^^ &#8236;"	"<div class=""txtsearchsnippet"">... נדרסה בשבת ע""י מכונית־משא אזרחית. במצב קשה הובאה אל <b class=""highlightcolor"">בית־החולים הממשלתי</b> בחיפה? ילד מת בנפילה לבדר עוואו _אחמו ו1מרי ...</div>"	maqaf
63	ahr19470516-01.2.86	16 May 1947	ahr	2 קצינים הוגו &#8237;3,!&#8236; גשרים שבלו הותקפה רבבת שהסיעה נועלים	"<div class=""txtsearchsnippet"">... ג י ט ה — נחבלו. _כולס הועברו אל <b class=""highlightcolor"">ביה""ח הממשלתי</b> ביפו ע""י מכונית מ. ד, א. רחובות. _ב־9 ...</div>"	abbreviated
64	ahr19470518-01.2.56	18 May 1947	ahr	win אחד ה_4 פצועים בהדר־הכרמל	"<div class=""txtsearchsnippet"">... הנוסעים‭2, ‬ הפצועים האנגלים נאספו ע""י ""מגן־דוד אוום"" אל <b class=""highlightcolor"">בית־החולים הממשלתי,</b> מנד""א הגיש עזרה גם לאשתו שד ד""ר י. ...</div>"	maqaf
65	ahr19470526-01.2.29	26 May 1947	ahr	Untitled	"<div class=""txtsearchsnippet"">... מחמוד אברהם הובא מת במרצאי י רם הי אל <b class=""highlightcolor"">_בית־החולים הממשלתי</b> בחיפה. נדום ע""י מכונית. הוא כנראה מג'נין כבן ...</div>"	maqaf
66	ahr19470528-01.2.33	28 May 1947	ahr	Untitled	"<div class=""txtsearchsnippet"">... בהר הכרמל, נגרם פצע מיריד, כירך. הוא נאסף אל <b class=""highlightcolor"">בית־החולים הממשלתי</b> בחיפה ומת למחרת בבוקר. פקיד דואר נאשם במעילה ...</div>"	maqaf
67	ahr19470608-01.2.48	8 June 1947	ahr	3 פצועי קטטדת _אחמד _מותמד אברהים בן 35 הרכה	"<div class=""txtsearchsnippet"">... בכית־קפה, נגרם שבר ברגל בשעת קטטה. הפצועים נאםפי אל <b class=""highlightcolor"">בית־החולים הממשלתי.</b> _םכסדך כין _מלהימ פצעים קשים נגרמו למוצטפה אחמו ...</div>"	maqaf
68	ahr19470624-01.2.31	24 June 1947	ahr	&#8237;?^^_3&#8236; _*ך תפאודות	"<div class=""txtsearchsnippet"">... החויי , זה ם ' ""הרסה _ דהו ‭(""‬ <b class=""highlightcolor"">בית חולים ממשלתי</b> , שאלה: — מהם בניינים מפוארים איה ...</div>"	indefinite
69	ahr19470713-01.2.35	13 July 1947	ahr	Untitled	"<div class=""txtsearchsnippet"">... בהתפוצצה ברמה לו המציאה פצעים קשים והוא נאסף אל <b class=""highlightcolor"">בית־ החולים הממשלתי</b> בחיפה• מצב העבודה מספר מבקשי־העבודה גול מחודש ...</div>"	spelled
70	ahr19470715-01.2.29	15 July 1947	ahr	Untitled	"<div class=""txtsearchsnippet"">... חיפה—עכו. 3 _נוםעי הטאכסי הערבים נפצעו. הם נאספו אל <b class=""highlightcolor"">_בית־החולים הממשלתי</b> בחיפה.</div>"	maqaf
71	ahr19470716-01.2.18	16 July 1947	ahr	Untitled	"<div class=""txtsearchsnippet"">... השמאלית, וי ש חשש לשבר בגולגולת. הפצועים נאספו אל <b class=""highlightcolor"">בית־ החולים הממשלתי.</b> זו בקומקום, וזו _בפדימוס ? ילדה בת ...</div>"	spelled
72	ahr19470720-01.2.11	20 July 1947	ahr	"מעפילייציאת אירופה"" גודש!לקפה•™ """	"<div class=""txtsearchsnippet"">... 1832 גברים‭1602, ‬ נשים‭955, ‬ ילדים. החולים שנשלחו אל <b class=""highlightcolor"">בית־החולים הממשלתי</b> הם ל1 גברים' 0נ נשים וילד אחד‭22. ‬ ...</div>"	maqaf
73	ahr19470722-01.2.47	22 July 1947	ahr	, התקפות על מתק! הראדאר _בהר־הכרמל	"<div class=""txtsearchsnippet"">... מוחמד, בן ‭, 23‬נפצע ביריד. בירך. הס הובאו אל <b class=""highlightcolor"">_בית־החולים הממשלתי</b> ומצבם משי חפר. בםטלדי מאריס נהרםר בניינים. לשני ...</div>"	maqaf
74	ahr19470723-01.2.47	23 July 1947	ahr	חיפה _מכבדת את! זכו ש י אל?_א וק י &#8237;™ ! &#8236;	"<div class=""txtsearchsnippet"">... האחרונה בהלרויחו השתתפו מאות אנשים, שבאו באוטובוסים מהדר־הכרמל אל <b class=""highlightcolor"">בית־ החולים הממשלתי.</b> בין. המשתתפים — נציגי וועד הקהילה. בין ...</div>"	spelled
75	ahr19470725-01.2.70	25 July 1947	ahr	Untitled	"<div class=""txtsearchsnippet"">... לםאויקה סלים בא־ וואן, בת ‭. 18‬הפצועות נאספו אל <b class=""highlightcolor"">בית־ החולים הממשלתי</b> בחיפה. מכונית פוגעת מכונית אזרחית פגעה ביום ...</div>"	maqaf,spelled
76	ahr19470801-01.2.63	1 August 1947	ahr	Untitled	"<div class=""txtsearchsnippet"">... עבודה ביום ד' מגדבה 5 מ. הוא נאסף אל <b class=""highlightcolor"">בית־ החולים הממשלתי.</b> אלמוני נדרם ומת בהתנגשות מכוניות נפצע אור ...</div>"	spelled
77	ahr19470807-01.2.60	7 August 1947	ahr	ה!צא&#8237;J_1131_&!&#8236; השוטרים מחרפות הבניין םרם די לאחר עבו־	"<div class=""txtsearchsnippet"">... אחרים שנמצאד על גבות _וכחצררת בסביכה הקרובה רהועברו אל <b class=""highlightcolor"">_בית־החולים הממשלתי.</b> מצבו של השוטר הערבי _שגפצע אתמול בשעת עבודת ...</div>"	maqaf
78	ahr19470815-01.2.8	15 August 1947	ahr	בבמה שוחח	"<div class=""txtsearchsnippet"">... הרצלי וביאליק, בשעת ההתפוצצות במכונית הטאכםיהועבר _מביתיהחולים רוטשילד אל <b class=""highlightcolor"">בית־החולים הממשלתי.</b> _שוהררו‭—. ‬ שניים מבין שלושת עצורי ליל היריות ...</div>"	maqaf
79	ahr19470901-01.2.35	1 September 1947	ahr	Untitled	"<div class=""txtsearchsnippet"">... הצבאית פגעה בא. הורוביץ שנהרג במקום. גופתו נאספה אל <b class=""highlightcolor"">בית החולים הממשלתי.</b> תורנות כתי המדקהת _הח_/וץ, וזו' החמץ 2ז</div>"	spelled
80	ahr19470918-01.2.38	18 September 1947	ahr	Untitled	"<div class=""txtsearchsnippet"">... דקרו 3 דקירות בגבו‭2. ‬ הפצועים נאספו אל ו <b class=""highlightcolor"">בית־החולים הממשלתי</b> בחיפה. מצבם I אינו מסוכן. כוועדת התרבות שליד ...</div>"	maqaf
81	ahr19470918-01.2.70	18 September 1947	ahr	כלב?שומרים לעזרת | בעליהם _המותקפים	"<div class=""txtsearchsnippet"">... על־ידי כלבי שומרים. הרו־ | עים הפצועים נאספו אל <b class=""highlightcolor"">בית־החולים הממשלתי</b> בחיפה‭!. ‬ שלושת הרועים סירבו לרדת מעל האדמה, ...</div>"	maqaf
82	ahr19470930-01.2.66	30 September 1947	ahr	עשרה הרוגים ד52 פצועים _אנגלים.יהודים וערבים	"<div class=""txtsearchsnippet"">... מיותרים. רכים מהפצועים הם מרסיסי זכוכית. הם נאספו אל <b class=""highlightcolor"">בית־החולים הממשלתי</b> וקיבלו שם עזרה‭"", ‬מד. א‭"". ‬ טיפל בזז ...</div>"	maqaf
83	ahr19471005-01.2.77	5 October 1947	ahr	"&#8237;_1€1!_3 _imsns&#8236;_זרפ &#8237;nnigo&#8236; ש &#8237;11!&#8236; ת &#8237;:_!&#8236; וונ פ &#8237;i8_p_18D=""ra_3 &#8236;"	"<div class=""txtsearchsnippet"">... ‭-'‬לא ראו ולא שמעו ובר. גופות הנרצחים הועברו _י <b class=""highlightcolor"">ביה'ח הממשלתי</b> בפרדס כץ. הנח הנס ליבנברג, חייל משוחרר, אשד, ...</div>"	abbreviated
84	ahr19471007-01.2.25	7 October 1947	ahr	Untitled	"<div class=""txtsearchsnippet"">... 28‬הוא נורה ע""י אלמוני בכפרו וואסה _ח, נאסף אל <b class=""highlightcolor"">_בית־החולים הממשלתי</b> בהיפר, ושם מת למחרת בבוקר. גניבה כלי בית ...</div>"	maqaf
85	ahr19471007-01.2.62	7 October 1947	ahr	קטנות דמים בין שני _ערב־ם ברפת ברחובות רחובותום בי מחמוד אבו	"<div class=""txtsearchsnippet"">... נפצע. המת והפציע הועברו על יוי משטרת רחובות אל <b class=""highlightcolor"">בית החולים הממשלתי</b> ביפו.</div>"	spelled
86	ahr19471019-01.2.20	19 October 1947	ahr	Untitled	"<div class=""txtsearchsnippet"">... בחיפה שיושר, כדורים כגעו בגופו במצב קשה נאסף אל <b class=""highlightcolor"">בית־ החולים הממשלתי.</b> במקום נמצאו אחו־ :ך ארבעה תרמילי אקדח ...</div>"	spelled
87	ahr19471020-01.2.32	20 October 1947	ahr	Untitled	"<div class=""txtsearchsnippet"">... נעצר ונורה ברגלי ע""י השוטר הפצוע נאסף במוצ''_ש אל <b class=""highlightcolor"">ביה""ח הממשלתי</b> _בח־פה זריקות חיסרן נגד חולירע הנהית ־וכת־חולים בחיפה ...</div>"	abbreviated
88	ahr19471024-01.2.48	24 October 1947	ahr	Untitled	"<div class=""txtsearchsnippet"">... גימאל אם־ לאן, כן ‭, 12‬נפצע ברגלו ונאסף אל <b class=""highlightcolor"">ביה""ח הממשלתי</b> בחיפה. השבת בוועדת התרבות קונצרט זמרה של סידור ...</div>"	abbreviated
89	ahr19471028-01.2.63	28 October 1947	ahr	_אגך _נוםך רביהי'וו הממשלתי ב-רושרימ ם פועלי מחי	"<div class=""txtsearchsnippet"">... _בחחומי איזור הבטחון, שישמשו אגף נוסף למחלקה הבריטית של <b class=""highlightcolor"">_בית־החולים הממשלתי</b> הסמוך. כזכור, הועברו משרדי חברת ""של"" לרחוב ממילא ...</div>"	maqaf
90	ahr19471102-01.2.56	2 November 1947	ahr	"חי""ליט ""ור""ט על _תגלה־כדזות"	"<div class=""txtsearchsnippet"">... הועבר במכונית משטרה מלווה משמר חזק ומכונית משוריינת אי־ <b class=""highlightcolor"">ביה""ח הממשלתי</b> ריפו.</div>"	abbreviated
91	ahr19471103-01.2.51	3 November 1947	ahr	&#8237;ni mil &#8236;	"<div class=""txtsearchsnippet"">... י לדת בת ד, וגרם למותה. גונתה נאספה אל <b class=""highlightcolor"">_ביה''ח הממשלתי.</b> פצ יי ‭:- _^‬ ה קשים התפוצצה ברגל ...</div>"	abbreviated
92	ahr19471106-01.2.41	6 November 1947	ahr	Untitled	"<div class=""txtsearchsnippet"">... 2 ערבים, שנדקרו בסכינים בקטטות, הובאו ביום ג' אל <b class=""highlightcolor"">בית־החולים הממשלתי</b> בחיפה. שכד דל‭. _/, ‬גנב ונעצר פקודת־מעצר לשבועיים ...</div>"	maqaf
93	ahr19471106-01.2.61	6 November 1947	ahr	"אשמה בבדה כלפי ב""ת־החולים ה&#8237;»>1&#8236;שלתי מפי ש_1פט בחיפה"	"<div class=""txtsearchsnippet"">... השבועות האתרוגים, שפצועים מאבדים את חייהם בגלל רשלנות מצד <b class=""highlightcolor"">ביה""ח הממשלתי""</b> — אמר היום בביה""ד המחוזי השופט חליל שיחאדה‭"". ...</div>"	abbreviated
94	ahr19471107-01.2.92	7 November 1947	ahr	בכמה שרות	"<div class=""txtsearchsnippet"">... אשד, לבושה שמלה ירוקה, בלי נעליים. הגופה הובאה אל <b class=""highlightcolor"">_בית־החולים הממשלתי.</b> דנים על הפינוי‭—. ‬ הקולונל ג ר י ...</div>"	maqaf
95	ahr19471111-01.2.74	11 November 1947	ahr	ננ₪ שווון!	"<div class=""txtsearchsnippet"">... והרגה הנאשם הוביל את אשתי הפצועה במכונית טאכסי אל <b class=""highlightcolor"">בית־ החולים הממשלתי,</b> מקום שם מתה למחרת.</div>"	spelled
96	ahr19471117-01.2.43	17 November 1947	ahr	""" פרצה א ת _ixDnn־ "" עלייה"	"<div class=""txtsearchsnippet"">... —‬ילדים ‭. 121‬במיםפר זה אינם כלולים חמישה שנשלחו אל <b class=""highlightcolor"">ביה""ח הממשלתי</b> ושמונה אנשים שנלוו אליהם. ס""ה הגיעו, איפוא, ב""קדי ...</div>"	abbreviated
97	ahr19471120-01.2.52	20 November 1947	ahr	בנמר!שוחת	"<div class=""txtsearchsnippet"">... מטר, נטול הכרה נאסף ע""י ט. ד. א. אל <b class=""highlightcolor"">ביה""ח הממשלתי.</b></div>"	abbreviated
98	ahr19471207-01.2.46	7 December 1947	ahr	"'רות !הצתות בונוצ""ש בחיפה"	"<div class=""txtsearchsnippet"">... פצעים בבטנו ובידיו. במצב קשה נאספו ל1ני הפצועים אל <b class=""highlightcolor"">ביה""ח הממשלתי.</b></div>"	abbreviated
99	ahr19471207-01.2.47	7 December 1947	ahr	נמשכת ההסתה בירושלים	"<div class=""txtsearchsnippet"">... אותה שעה בבטנו, כשהיה במשרד הקופה. גופתו הובאה אל <b class=""highlightcolor"">ביה""ח הממשלתי.</b> משה ווייסברוד הוא חייל משוחרר הניח אשד. ובת. ...</div>"	abbreviated
100	ahr19471210-01.2.49	10 December 1947	ahr	&#8237;1h&#8236;־&#8237;t_3&#8236; _ההתקננוז ב1_ו&#8237;^@&#8236;ה &#8237;roe _srri&#8236; _נו1 ל &#8237;_1bjjh _mraa &#8236;	"<div class=""txtsearchsnippet"">... טאכםי ברי , הערבי ט־ הובל באמבולנס צבאי אל <b class=""highlightcolor"">בית החולים הממשלתי</b> רמת מבצעיו. המק רה עורר ברחוב בהי־ ...</div>"	maqaf,spelled
101	ahr19471212-01.2.68	12 December 1947	ahr	_בח־_3_ה _13_צצו ,בתי? והועלה _באש &#8237;1am &#8236;	"<div class=""txtsearchsnippet"">... כולם נפצעו פצעים קשים בכמה מקומות בגוף והובאו אל <b class=""highlightcolor"">ביה'ח הממשלתי.</b> ערבי רביעי נהרג. ממקור רשמי מוסרים, כי הפצצה ...</div>"	abbreviated
102	ahr19471214-01.2.54	14 December 1947	ahr	13 ערבים נהרגו _בםידח	"<div class=""txtsearchsnippet"">... ע""י אחד מארגוני הפירור. ערבים מהככר החזירו אש אל <b class=""highlightcolor"">ביה""ח הממשלתי</b> הובאו חמישה הרוגים, מהם שני ילדים בני שנתיים ...</div>"	abbreviated
103	ahr19471217-01.2.50	17 December 1947	ahr	"שודד ערבי נפצע ע""י ה""הגנה"""	"<div class=""txtsearchsnippet"">... בן ‭, 32‬הנו ברת' המלכים, במצב מסוכן הובא אל <b class=""highlightcolor"">ביה""ח הממשלתי.</b> בכביש נשארה שלולית־דם. לפני כן ירח הצבא אל ...</div>"	abbreviated
104	ahr19471221-01.2.55	21 December 1947	ahr	נורה יהודיבחיפה כשהלך לגבות חוב בוערבי	"<div class=""txtsearchsnippet"">... בן ‭. 19‬ מצבו קשה. כול אלה נאספו אל <b class=""highlightcolor"">ביה""ח הממשלתי.</b> *לד ששיחק בכדור תחמושת י לד בן ד, ...</div>"	abbreviated
105	ahr19471221-01.2.59	21 December 1947	ahr	בנמר !שוחת	"<div class=""txtsearchsnippet"">... י ו ס, בן ‭, 32‬מרמת־גן, גופתו נאספה אל <b class=""highlightcolor"">בית־ החולים הממשלתי.</b></div>"	spelled
106	ahr19471224-01.2.51	24 December 1947	ahr	שני החגים בהתקנה שניה עלבונם&#8237;3.&#8236; נ!צו11_ים	"<div class=""txtsearchsnippet"">... את השרות ת אבת ים. המכוניות נסעו רק עד <b class=""highlightcolor"">בית־ החולים הממשלתי</b> שליד חולון. ומכאן הלכו הנוסעים ברג ‭1, ...</div>"	spelled
107	ahr19471224-01.2.52	24 December 1947	ahr	"""ום ""ו""ינת &#8237;_n3TQ &#8236;"	"<div class=""txtsearchsnippet"">... 8. 15‬ ילד ערבי בן ‭. 10‬הוא נאסף אל <b class=""highlightcolor"">בית־ החולים הממשלתי.</b> הברקר ב־5 נורד יריות ממכונית _טאכסי ליד ...</div>"	spelled
108	ahr19471225-01.2.20	25 December 1947	ahr	רפתה _המת־הות בירושלים	"<div class=""txtsearchsnippet"">... וירו בו שחי יריות שפגעו במותניו. הוא הועבר אל <b class=""highlightcolor"">בית־החולים הממשלתי.</b> לדברי הערבים, שהיו באותו מעמר, הטילו הצעירים גם ...</div>"	maqaf
109	ahr19471228-01.2.7	28 December 1947	ahr	"קציר הץודם &#8237;?a&#8236;ו""ו ו י&#8237;?""1?&#8236; &#8237;_IIJ IIJ &#8236;"	"<div class=""txtsearchsnippet"">... גרצת ייייית, ין 21 מנסר _אח_א דיופד, נאספה איל <b class=""highlightcolor"">_ביה''_ח הממשלתי</b> בחיפה</div>"	abbreviated,maqaf
110	ahr19480102-01.2.57	2 January 1948	ahr	"עשרות _הדוגים ופצועים ב פ עו ל ו ת ש י ן עונ ד""ד ח י פ ה"	"<div class=""txtsearchsnippet"">... ליק. הוא נהרג ומכוניתו נתגלגלה במדרון. הגופה נאספה אל <b class=""highlightcolor"">ביה""ח הממשלתי‭""</b> _XllmlU. ‬ פצצות ויריות פצצה נזרקה בשעה ‭10. ...</div>"	abbreviated
111	ahr19480104-01.2.11	4 January 1948	ahr	שניים מתו מפצע י הם בחיבה	"<div class=""txtsearchsnippet"">... הרוגים ביריות נמצאו במורח חיפה ביום ו' והובאו אל <b class=""highlightcolor"">ביה""ח הממשלתי,</b> מחסור בבנזין _כחיפח ביום ו' כבר נתן המחסור ...</div>"	abbreviated
112	ahr19480105-01.2.59	5 January 1948	ahr	"העובדים היהודים בביה""ח הממשלתי ק הפסיו עבודתם"	"<div class=""txtsearchsnippet"">... — עדיין נמשכת השביתה של 76 עוברים יהודיפ, ב־ <b class=""highlightcolor"">בית־החולים הממשלתי</b> באן, ביניהם 6 רופאים ו־ד4 אהיות, שהוכרז?ביום ד' ...</div>"	maqaf
113	ahr19480111-01.2.52	11 January 1948	ahr	"יריות אל מכוניות "" נהרגו ארבעה ומתוך מכוניות בחיפה"	"<div class=""txtsearchsnippet"">... בצווארו, חזאיין מוחמד צלח, בן ‭, 25‬ממצריים, נאסף אל <b class=""highlightcolor"">בית־ החולים הממשלתי.</b> ברח' יפו' ליד תחנת ""של"" נפצע ביריות ...</div>"	spelled
114	ahr19480112-01.2.15	12 January 1948	ahr	"שת1 !שים !פצעו מיריות בת""א"	"<div class=""txtsearchsnippet"">... תהיה אחראית לתוצאות אם תושבי יפו ישתלטו בכוח על <b class=""highlightcolor"">בית־ החולים הממשלתי</b> לחולי רוח ""בר־ רום _יסו‭. _""‬הטענה היא ...</div>"	spelled
115	ahr19480114-01.2.63	14 January 1948	ahr	נהרנ יהודי בתל־אביב !שניים מתו מפצעיהם	"<div class=""txtsearchsnippet"">... 1 בצהריים, מ""הדסה‭. ""‬ הערב התקיפו ערבים ביריות את <b class=""highlightcolor"">_בית־החולים הממשלתי</b> לחולי־רוח בחולון. ההתקפה ארכה זמן ממושר.</div>"	maqaf
116	ahr19480115-01.2.52	15 January 1948	ahr	"מי ירה קל ביה""ה I להולי־רוה ליד כת־ים"	"<div class=""txtsearchsnippet"">... (‬כי ן ""צלפים יהודים"" ירו על רופאים ואחיות של <b class=""highlightcolor"">_בית־החולים הממשלתי</b> להולי־רות ע""י בת־ים, וכי הפניות לרשויות המוסמכות בדבר ...</div>"	maqaf
117	ahr19480115-01.2.64	15 January 1948	ahr	"אתמול חודש!בירושלים וסביבתה מעש"" הרצח"	"<div class=""txtsearchsnippet"">... לא הוצאו לפועל. אחד ממקומות הרעד. באזור זה הוא <b class=""highlightcolor"">בית־החולים הממשלתי</b> שלשם מגיעים סצועי הכנופיות ו""סתם"" מכירים הבאים לבקרם. ...</div>"	maqaf
118	ahr19480116-01.2.10	16 January 1948	ahr	"התקפה מד 1נ &#8237;1 :&#8236; ת על תחבורת ""הודי חיפה"	"<div class=""txtsearchsnippet"">... ונפצעו קשה בוואדי רושמיה. הגווייה ושלושת הפצועים הובאו אל <b class=""highlightcolor"">ביה""ח הממשלתי.</b> ממקומות שונים בעיר הובאו לשם עוד שלוש גתיות ...</div>"	abbreviated
119	ahr19480123-01.2.9	23 January 1948	ahr	ה_23 _ודעיט ת קו 9 במק1ט שה1חדם גשוק=מ_&_ן	"<div class=""txtsearchsnippet"">... עורר התרגשות רבה ורבים חששו לגורלה. לכתבנו, שהתקשר עם <b class=""highlightcolor"">ביה""ח הממשלתי</b> נאמר, כי האשד, נח־ בשד ונשלחה לביתה</div>"	abbreviated
120	ahr19480123-01.2.92	23 January 1948	ahr	ידיות ע ל עובד• המטע _ביד־מדדכי י ד ־ מ ר ד כ י יום הי על אנשי	"<div class=""txtsearchsnippet"">... בביה""ח האוסטרי שבעיר העתיקה בירושלים, נפתח אתמול סניף של <b class=""highlightcolor"">ביה""ח הממשלתי.</b> _HHBBiHMBi</div>"	abbreviated
121	ahr19480202-01.2.57	2 February 1948	ahr	"""_םתח שדות ימי בץ חיפה לעכו"	"<div class=""txtsearchsnippet"">... בבטנו, י בקרבת עכו, ונאסף ' הבוקר ב־5 אל, <b class=""highlightcolor"">_בית־החולים הממשלתי</b> בחיפה,</div>"	maqaf
122	ahr19480208-01.2.58	8 February 1948	ahr	"_תנח &#8237;TIOJI&#8236;־ _3קד_8 את &#8237;aim IS _nH H Mr I tm ^^_Tll m??_T H ?JF? ? *»U 9 HI II&#8236; י"" &#8237;H? 9 ? lm Is B? 1 BUM IB!?H 1&#8236; &#8237;fiMEr _riMP W IWM?HHfiK' B I nmkwdMrB 1 lHIB I? nW.WBm lfa> #P""nI«°1 » H n?f UHU?? Wined la I?HI &#8236;"	"<div class=""txtsearchsnippet"">... ב־‭11_, 30‬ לפה""צ ברחי עיראק בחיפה. היא נאספה אל <b class=""highlightcolor"">בית־החולים הממשלתי</b> ושם מתה. וואדי רושמיה בליל שבת נורו יריות ...</div>"	maqaf
123	ahr19480209-01.2.80	9 February 1948	ahr	"ע_0ד _מחסונעים ה1קמ1 ב""רושל""מ"	"<div class=""txtsearchsnippet"">... סיירה בתחנת מ. ד. א. ובבתי החולים רוטשילד, בית־בורוכוב, <b class=""highlightcolor"">ביה""ח הממשלתי‭"",</b> ‬אל־אמין"" וכן במרכז ""הצלב האדום‭. ""‬חברי המשלחת מעדו ...</div>"	abbreviated
124	ahr19480225-01.2.22	25 February 1948	ahr	"_היחמיד ""השקט"" ב א _ווד ה &#8237;*!&#8236;ב?"	"<div class=""txtsearchsnippet"">... בכפר עציון השפיע את השפעתו הרבה גם בבאר־שבע _ובנפתה. <b class=""highlightcolor"">בית־החולים הממשלתי</b> מלא עד אפס מקום מפצועי _כפד־עציון, עד שהממשלה ...</div>"	maqaf
125	ahr19480227-01.2.134	27 February 1948	ahr	"פעולות־גמול &#8237;! !&#8236; של""הגנה"" _בחי&#8237;_*3&#8236;ה לאחר שפגש _םזחבודה"	"<div class=""txtsearchsnippet"">... שיחדרי היים. נתברר, בי הגופה, שהובאה ביום' ד אל <b class=""highlightcolor"">ביה""ח הממשלתי</b> היא אותה גופה, שנמצאה בביידהקברות המוסלמי. הה־ מג ...</div>"	abbreviated
126	ahr19480301-01.2.46	1 March 1948	ahr	"_מכזנית־תופת ערבית בחיפה פוצצה על־יד' יחידות ה""הגנה"""	"<div class=""txtsearchsnippet"">... בחוף חייגו גופת יהודי, שנורה בראשו. הגופה הובאה אל <b class=""highlightcolor"">ביה""ח הממשלתי.</b> אנשי כנופיה מתנקשיפ המרכז המסחרי הישן הותקף ביום ...</div>"	abbreviated
127	ahr19480310-01.2.96	10 March 1948	ahr	&#8237;wmm 2&#8236; mm ששדדו	"<div class=""txtsearchsnippet"">... גופות — גבר ואשד"" שלא זוהו. הן נאספו אל <b class=""highlightcolor"">בית־החולים הממשלתי.</b> משם הובאו, יחד עם גופה שלישית, שהיתר, שם ...</div>"	maqaf
128	ahr19480317-01.2.113	17 March 1948	ahr	"&#8237;&' _m a_'_juxa wm _srwro 01"" &#8236;"	"<div class=""txtsearchsnippet"">... ערבי נפצע קל חיום אחה""צ בשדרות הכרמל והובא אל <b class=""highlightcolor"">בית־החולים הממשלתי.</b> רוכב אופניים יחודי, מנחם פ ל ץ, הוכל ...</div>"	maqaf
129	ahr19480322-01.2.72	22 March 1948	ahr	"שאחת &#8237;,_rpsdn&#8236; mwn והרחבת ma במועצת! ו י ו""ת ת' א"	"<div class=""txtsearchsnippet"">בעיות ? האישפוז רוקח מסר כ• ב־1 באפריל יעביר <b class=""highlightcolor"">בית־החולים הממשלתי</b> ""הירקון"" לרשות העירייה- הממשלה הודיעה שהיא מלכנה לשאת ...</div>"	maqaf
130	ahr19480504-01.2.34	4 May 1948	ahr	מנהלת העם מארגנת שירותי ממשלה בחיפה	"<div class=""txtsearchsnippet"">... המדינה היהודית, חידוש ואירגון בשירותי הדואר, הטלפון והרכבת, העברת <b class=""highlightcolor"">בית־החולים הממשלתי</b> לרשות עיריית חיפה.</div>"	maqaf
131	ahr19480504-01.2.75	4 May 1948	ahr	"מה יהיה גורל ביה""ח הממשלתי בודפה? חפה יום ב דר א!"	"<div class=""txtsearchsnippet"">מה יהיה גורל <b class=""highlightcolor"">ביה""ח הממשלתי</b> בודפה? חפה יום ב דר א!</div>"	abbreviated
132	ahr19480521-01.2.43	21 May 1948	ahr	במשמתהפקיוים	"<div class=""txtsearchsnippet"">... שירותים י נוס־ םים במסגרת הסמכויות של עיריית חיפה <b class=""highlightcolor"">(ביה""ח הממשלתי,</b> המחלקה לפיקוח על המזונות, מוסדות ""יורקו"" והמחלקה לעבו""צ ...</div>"	abbreviated
133	ahr19480606-01.2.31	6 June 1948	ahr	לגורלו של ביה ח הממשלתי בחיפה	"<div class=""txtsearchsnippet"">... מיסות ציבוריות. לאוד עובדה זאת גדול מאוד ערכו של <b class=""highlightcolor"">_בית־החולים הממשלתי</b> אשר הוחזק ע""י השלטון הבריטי בשפל המדרגה, משום ...</div>"	maqaf
134	ahr19480827-01.2.56.3	27 August 1948	ahr	Page 5 Advertisements Column 3	"<div class=""txtsearchsnippet"">... הממשלתי , היפה ‭j |‬ כית־חפפר לאחיות : j <b class=""highlightcolor"">בית החולים הממשלתי</b> בחיפה מכריז בזה על הרשמת מועפ-ות! !לבית-הםפר ...</div>"	spelled
135	ahr19481119-01.2.8	19 November 1948	ahr	בקרב עובדי חיפה גוברת התסיסה לשיפור תנאיהם	"<div class=""txtsearchsnippet"">... באמצעים, ער כדי הפסקת ה ע בודה. מספר עובדי <b class=""highlightcolor"">ביה''_ח הממשלתי</b> הוא למעלה מ־‭— 200‬ רובם מגויימים. יהודה י ...</div>"	abbreviated
136	ahr19481121-01.2.14	21 November 1948	ahr	22 ערבים עברו לעיר־העתיקה ירושלים יום וי היום בצה	"<div class=""txtsearchsnippet"">‭'— ., ‬ ריים עברו 22 ערביפ וערביות, עובדי <b class=""highlightcolor"">ביה""ח הממשלתי,</b> מהאיזור היהודי , דרך בתי מנדלבוים, לעיר־העתיקה. עם ...</div>"	abbreviated
137	ahr19481124-01.2.42	24 November 1948	ahr	_bnimi	"<div class=""txtsearchsnippet"">... ברטר, _מיידאנק, בת 13 ברח/ המלכים. היא נאספה אל <b class=""highlightcolor"">בית־החולים הממשלתי.</b> הנהג שוחרר בערבות. ‭;:‬־*א גשק ע""י שוטרים, שסיידו ...</div>"	maqaf
138	ahr19481203-01.2.47	3 December 1948	ahr	&#8237;?? ^^ ;&#8236; •?&#8237;:t? -- &#8236;	"<div class=""txtsearchsnippet"">... לבת־ גלים. לילו נגרם מבר ברגל, הוא נאסף *ל <b class=""highlightcolor"">_בית־החולים הממשלתי.</b> כמשרד, שרכות כו התלונות‭... ‬ _רניט הם הפונים ...</div>"	maqaf
139	amudimaliya19441229-01.2.17	29 December 1944	amudimaliya	ידיעות הארץ	"<div class=""txtsearchsnippet"">... ביניהם שתי נשים, הודיעו על רצונם להתגייס לחי״ל. — <b class=""highlightcolor"">בית החולים הממשלתי</b> לחולי רוח בכת־ים נפתח בימים אלה. למוסד ...</div>"	spelled
140	amudimaliya19450824-01.2.22	24 August 1945	amudimaliya	ידיעות הארץ	"<div class=""txtsearchsnippet"">... עין ורד קבלו 53 ילדים פליטים מיון באפוטרופסות. — <b class=""highlightcolor"">בית החולים הממשלתי</b> למושבות בתל־אביב יורחב בקרוב. —מספר העדות בירושלים ...</div>"	spelled
141	bustenai19320420-01.2.3	20 April 1932	bustenai	השבוע של ארץ־ ישראל	"<div class=""txtsearchsnippet"">... מבני ישראל גסתה את מזלה והלכה לדפוק על דלתי <b class=""highlightcolor"">בית־החולים הממשלתי</b> בירושלים במחלקת היולדות. ראשית כל דרשו ממנה לא״י ...</div>"	maqaf
142	dav19300117-01.2.27	17 January 1930	dav	1 י &#8237;5 / _^_'&#8236;קג_^	"<div class=""txtsearchsnippet"">... את עתתו איברחים חדדיז. אחריו העיר הד""ד _קששואן. רופא <b class=""highlightcolor"">בית החולים הממשלתי,</b> אשר בדק את הערבי שנהרג על יד ...</div>"	spelled
143	dav19300131-01.2.1	31 January 1930	dav	Untitled	"<div class=""txtsearchsnippet"">... ריגם _לשכונת אבו־כביר, כדי להוביל את גויות המתים אל <b class=""highlightcolor"">ביה""ח הממשלתי.</b> בבית אז!ד מצא ארבעה הרוגים, _יטני גברים ושתי ...</div>"	abbreviated
144	dav19300306-01.2.40	6 March 1930	dav	Untitled	"<div class=""txtsearchsnippet"">... טתהת 5זרוע. לאחר הגשת -עזרה הראשונה הועבר הנשוך אל <b class=""highlightcolor"">בית החולים הממשלתי</b> ביפו. הודעות — מכתב עבור אייזיק אייטין ...</div>"	spelled
145	dav19300327-01.2.25	27 March 1930	dav	גמר משפטם של נאשמי מאה שערים	"<div class=""txtsearchsnippet"">... את דברי הקצינים אל עםלי ואחטר שרו‭. *‬ רופא <b class=""highlightcolor"">ביה""ח _הממשלתי</b> ד""ר _קשיאן מעיד שב־24 _לאבניסט הובא לביה""ח הרונ ...</div>"	abbreviated
146	dav19300724-01.2.33	24 July 1930	dav	עזרת חולי רוח בתל אביב	"<div class=""txtsearchsnippet"">... הוא גלוי לעין. עשרות נצרכים מתדפקים הדיר על פתחי <b class=""highlightcolor"">בית החולים הממשלתי</b> ובית החוקים של "" עזרה נשים"" בירושלים. ...</div>"	spelled
147	dav19310121-01.2.5	21 January 1931	dav	םערה נורמת נוסי&#8237;::&#8236; בחיפה.ובתל־אביב	"<div class=""txtsearchsnippet"">... ממקום למקום. בהרבה _מקוטוית ינותקו חוטי הטלפח והחשמל. במצר <b class=""highlightcolor"">בית החולים הממשלתי</b> נהרג הפועל עבד אללה טוסטפה ע""י פגיעת ...</div>"	spelled
148	dav19310423-01.2.34	23 April 1931	dav	ירושלים	"<div class=""txtsearchsnippet"">... _האבטומוביל של _טשדד הבריאות לקח , את. הגיפה אל <b class=""highlightcolor"">בי""ח הממשלתי</b> ביפו. ""</div>"	abbrev_short
149	dav19310909-01.2.8	9 September 1931	dav	הודעה רשמית על מאורעות שכם ברבים את המסמכים הבאים28 _באוגוסט 1931	"<div class=""txtsearchsnippet"">... -‬ רה המחוזית קיילמ נתן את עדותו באחד מחדרי <b class=""highlightcolor"">בית־ החולים הממשלתי</b> ביר1שלים, לפי שטר קיילם אינו (סו‭_*1‬ בעטור ...</div>"	spelled
150	dav19311008-01.2.37	8 October 1931	dav	חי_©ח	"<div class=""txtsearchsnippet"">... בסידור הטרט: שונות — הרופא ד""ר מלחי הועבר משבריהי <b class=""highlightcolor"">_£בית־ החולים הממשלתי</b> . בחיפה. — מחנה האסירים ממ&amp;ר 2 ...</div>"	spelled
151	dav19320525-01.2.36	25 May 1932	dav	_^_תגים _למעלעת	"<div class=""txtsearchsnippet"">... הדבר? י 1 _, כפר מל""ל. ש. אשכנזי על. <b class=""highlightcolor"">בית החולים הממשלתי</b> _בגליונכם מ' 2092 -בכרוניקה מירושלים תחת כותית ...</div>"	spelled
152	dav19320622-01.2.32	22 June 1932	dav	_מכתבימ לם?ול*כת	"<div class=""txtsearchsnippet"">... החולים הממשלתיים מכתבה הקצר של ההברה פ. ג‭,,. ‬על <b class=""highlightcolor"">בי""ח הממשלתי""</b> ראוי לתשומת לב מיוחדת. כולנו יודעים לדבר על ...</div>"	abbrev_short
153	dav19320714-01.2.22	14 July 1932	dav	בעוד טוען	"<div class=""txtsearchsnippet"">... חדור. מקרה שני במשק עין חרוד, עשרות מקרים: בטבריה. <b class=""highlightcolor"">בית החולים הממשלתי</b> בחיפה- אינו יכול לקבל את י י ...</div>"	spelled
154	dav19320808-01.2.42.3	8 August 1932	dav	Page 4 Advertisements Column 3	"<div class=""txtsearchsnippet"">... תודתי הנני מביע _לדופא קו""ח ד""ר ־ ‭0_^‬ר ולרופא <b class=""highlightcolor"">ביה""ח הממשלתי</b> ד""ר דבאח, ולאחיות לחמניות, בעד התמסריתם להצילני טצ8דיני ...</div>"	abbreviated
155	dav19320812-01.2.17	12 August 1932	dav	&#8237;?3_*&#8236;שתיך מאיץ בוהי3 הערבי	"<div class=""txtsearchsnippet"">... המועצה. טיפוס בשכם בשכם פשתה יזמן -האחרון מחלת הטיפים. <b class=""highlightcolor"">בית החולים הממשלתי</b> היעמד לרש_?ת חולי טיפים בלבד.</div>"	spelled
156	dav19321208-01.2.29	8 December 1932	dav	מעבר מזה	"<div class=""txtsearchsnippet"">... ופסלים נוצריים של 1 ־? ? האם הקרושה עד <b class=""highlightcolor"">בית החולים הממשלתי.</b> באן התחנה 'האחרונה של ?הא-בטובום, המשמש את ...</div>"	spelled
157	dav19321216-01.2.41	16 December 1932	dav	_מגתבים לםעלכת	"<div class=""txtsearchsnippet"">... מתבוננים להשלים את המלאכה בהקדם. ; יצחק גוד-ארי עזרת <b class=""highlightcolor"">בית החולים הממשלתי</b> . לאחר שלא נמצא מקום בהדסה לאשתי ...</div>"	spelled
158	dav19330118-01.2.43	18 January 1933	dav	מחלקת הבריאות מם3רת	"<div class=""txtsearchsnippet"">... ץי ‭§_-‬ אשר לחיפה תו'חלט. להגדיל את. יבולו?ק. יב4_י‭||‬ <b class=""highlightcolor"">ביה""ח הממשלתי</b> _ב־50 מיטה‭., ‬לסגור את _ביה""ה _בעי§ י כו ...</div>"	abbreviated
159	dav19330313-01.2.30.1	13 March 1933	dav	Page 3 Advertisements Column 1	"<div class=""txtsearchsnippet"">... _רופ8 בי""ל_1 -בממשלתי ד""ר מלכי ‭_^ ;;‬ ן; _נתקפ <b class=""highlightcolor"">בי""ח הממשלתי</b> ;ן י _^לה _וידלר ‭/ ;; / /‬ ...</div>"	abbrev_short
160	dav19330512-01.2.29	12 May 1933	dav	ו_^_ננה לחולי _תל־אביב וסביבותיה	"<div class=""txtsearchsnippet"">... שאר סוגי התושבים חוש‭ - . -‬שים לפנות אל <b class=""highlightcolor"">בית־החולים הממשלתי‭,</b> (‬ ובינתים הולך ?ורב בישוב, טםפר: ד‭&gt;'‬מ_?רים של ...</div>"	maqaf
161	dav19330720-01.2.26	20 July 1933	dav	הא_^ה?	"<div class=""txtsearchsnippet"">... 000‬ נפשות) ישנם ב־220 מיטות‭), ‬בבית החולים הדסה עם <b class=""highlightcolor"">בית־ חולים ממשלתי</b> ומוסדות פרטיים‭, (‬ז. א. שתי מיטות על ...</div>"	indefinite
162	dav19331020-01.2.33	20 October 1933	dav	בי ערבי האח	"<div class=""txtsearchsnippet"">... תעיר חוטים מארב. ב־1 אהה""צ סודר זבח על יד <b class=""highlightcolor"">בית־ החולים הממשלתי.</b> אחרי הסעודה החלו הנאומים. המופתי הצפתי הבטית ...</div>"	spelled
163	dav19340214-01.2.27	14 February 1934	dav	&#8237;0 ~* &#8236;	"<div class=""txtsearchsnippet"">... ד""ר חסן שוקרי חלידי, שחיה כאותו יום ממונה על <b class=""highlightcolor"">בית החולים הממשלתי.</b> הדו""ח כולל או;כל המקרים של <b class=""highlightcolor"">בית החולים ...</b></div>"	spelled
164	dav19340321-01.2.52	21 March 1934	dav	&#8237;\?*8_? 1 ( &#8236;	"<div class=""txtsearchsnippet"">... ו של אחד הפועלים. הרגל נשברה. הפועל לוק-ח אל <b class=""highlightcolor"">ביה""ח הממשלתי.</b> הזזורנים באו בתלונה על . החברה, כי לרגל ...</div>"	abbreviated
165	dav19340509-01.2.24	9 May 1934	dav	&#8237;_^_9&#8236; _אמק	"<div class=""txtsearchsnippet"">... ב י התרחצו. שלושה חיילים אנגלים ביט יפו ליד <b class=""highlightcolor"">בית החולים הממשלתי.</b> _כש־תרחקו מהחוף!התחילו טובעים. אחד מהם הצליח לחזור ...</div>"	spelled
166	dav19340618-01.2.57	18 June 1934	dav	חי_3ח	"<div class=""txtsearchsnippet"">... בשעת עבודתו) לא הובא שום רופא למקום. במכונית של <b class=""highlightcolor"">בית החולים הממשלתי</b> בא רק הנהג בעצמו והוא הודיע כי ...</div>"	spelled
167	dav19340711-01.2.25	11 July 1934	dav	מצב הבריאות בארץ	"<div class=""txtsearchsnippet"">... פרינציפ ללכת לבתי החולים של ן!כ1טשלח?לא ולא. ישנו בחיפה <b class=""highlightcolor"">בית־ חולים ממשלתי</b> שחיהו-דים משתמשים ; בו- במידה . רחביה ...</div>"	indefinite
168	dav19340812-01.2.33	12 August 1934	dav	מה יהיה גורל החולים?	"<div class=""txtsearchsnippet"">... ואנו אין לנץ דרך אחרת — עלינו לנצל את <b class=""highlightcolor"">בית החולים הממשלתי,</b> לשכן בו כטרת האפשרות את כל חולי ...</div>"	spelled
169	dav19340819-01.2.12	19 August 1934	dav	_^חרי המקרה בנתניה מצב ה9צוע הולך וטוב	"<div class=""txtsearchsnippet"">... שיחת הפצוע ענן כתב "" פלשתין‭. ""‬למדות איסור רופא <b class=""highlightcolor"">בית החולים הממשלתי</b> בשים חדר הכתב השכמי עם מצלם אל ...</div>"	spelled
170	dav19340821-01.2.23	21 August 1934	dav	&#8237;₪!1!:!!1!1₪!1!1₪!!1₪₪1!!₪&#8236; למגב ביורהחןלם קעיחני בתי*	"<div class=""txtsearchsnippet"">... העירוני ישנן רק 20 מטה למחלו־ח אלת. נשאר רק <b class=""highlightcolor"">בית החולים הממשלתי</b> ביפו. אמנם, סופקו בטח וכמה דרישות מצר ...</div>"	spelled
171	dav19340903-01.2.32	3 September 1934	dav	על ה_3ר&#8237;-2&#8236;בני1 בית חולים לקופת חולים ביהודה	"<div class=""txtsearchsnippet"">... זהט בבתי ; התולים הפרטיים — היא רק ‭!2‬ <b class=""highlightcolor"">בית החולים הממשלתי</b> ביפו אינו בא כמנין לישוב העכר-י מפאת ...</div>"	spelled
172	dav19341107-01.2.28	7 November 1934	dav	11 העמלה בבתי החולים הציבוריים	"<div class=""txtsearchsnippet"">... ימצא . שם ‭——‬ או ללכת לםתלקה פנימית של <b class=""highlightcolor"">בית החולים הממשלתי</b> או יואיל לש-בב בבית, אם 'אינו מעדיו* ...</div>"	spelled
173	dav19341124-01.2.44	24 November 1934	dav	ספורדי	"<div class=""txtsearchsnippet"">... 22‬מחמד _רשיר, _נתרםק ביום ן' אחח""צ וחובא גוםס אל <b class=""highlightcolor"">ביה""ח הממשלתי</b> ביפו. רשיד עמד במרכז מסחרי, ברח י !השוק ...</div>"	abbreviated
174	dav19350114-01.2.35	14 January 1935	dav	מנא ומנא &#8237;;; &#8236;	"<div class=""txtsearchsnippet"">... ארם אחד במדינת _קונטיקוט, באמריקה, אב לילד, פנה אל <b class=""highlightcolor"">בית חולים ממשלתי</b> בבקשה שיעקרוהו‭-. ‬הנימוק לרצונו: במצב בשעה זו, ...</div>"	indefinite
175	dav19350206-01.2.35	6 February 1935	dav	הממשלה תבנה בית חולים לחולי-חח	"<div class=""txtsearchsnippet"">... השנה ותמשך שנתיים. עם הקמת בית חולים זה, ייסגר <b class=""highlightcolor"">בית החולים הממשלתי</b> לחולי רוח בבית־ לחם, כולו או בחלקו, ...</div>"	spelled
176	dav19350211-01.2.48	11 February 1935	dav	_תל־_&ביב	"<div class=""txtsearchsnippet"">... נהרג בדרך יפו פתח תקוה בדואי מכא־-טבע. על יד <b class=""highlightcolor"">בית החולים הממשלתי</b> ביפו נהרג שלשום ילד בן תשע. י ...</div>"	spelled
177	dav19350307-01.2.30	7 March 1935	dav	מחלקת הבריאות הממשלתית מצרה _ות־הפעולה למעז הנראות	"<div class=""txtsearchsnippet"">... יא פעם, כי היינו מקבלים סדר זה, לו- היה <b class=""highlightcolor"">בית־ החולים הממשלתי</b> מו-האם לצרכי חישוב ־יהירי, לו- היו אחיות ...</div>"	spelled
178	dav19350417-01.2.18.2	17 April 1935	dav	Page 4 Advertisements Column 2	"<div class=""txtsearchsnippet"">... נוסע אוטובוס _עוןר דרך יפו, יבית החולים הצרפתי, נמל, <b class=""highlightcolor"">בית החולים הממשלתי</b> ביפו, בית ההסגר י(חקרנטין) ? התחנה הראשית. ...</div>"	spelled
179	dav19350421-01.2.52.1	21 April 1935	dav	Page 6 Advertisements Column 1	"<div class=""txtsearchsnippet"">... אוטובוס _$בו דרך יפו, בית החולים . הצרפתי, נמל, <b class=""highlightcolor"">בית החולים הממשלתי</b> ביפו, |י, י ‭""""- -‬ בית ההסגר ...</div>"	spelled
180	dav19350812-01.2.43	12 August 1935	dav	חיפה	"<div class=""txtsearchsnippet"">... עד 30 יום תשלום של מחצית המשכורת חוץ מהוצאות <b class=""highlightcolor"">בית החולים הממשלתי</b> או בית הולים אחר אשר החולה ישו־ ...</div>"	spelled
181	dav19350818-01.2.70	18 August 1935	dav	תל אביב	"<div class=""txtsearchsnippet"">... ה' אחת""צ על אליאש פאל־ס מירושלים, שהובא פצוע אל <b class=""highlightcolor"">בית־החולים הממשלתי‭..</b> ‬הנהג ועוזרו י הערבי מונים נאסרו והוצאו בערבז-ת. ...</div>"	maqaf
182	dav19350926-01.2.70	26 September 1935	dav	"ד""י 1ז._פיפ&#8237;!7&#8236;ו"	"<div class=""txtsearchsnippet"">... . י וכירורניח מי שהית מנהל במשך הרבה שניט <b class=""highlightcolor"">בית חולים ממשלתי</b> ברומניה</div>"	indefinite
183	dav19351110-01.2.18	10 November 1935	dav	UNKNOWN	"<div class=""txtsearchsnippet"">... קונ־ _ייטרת (סורית‭. (‬מיד יצא לשם ד""ר שטרנברג, מנהל <b class=""highlightcolor"">בית החולים הממשלתי</b> בצפת והושיט עזרת רפיאית לפצועים. יצאו לשם ...</div>"	spelled
184	dav19351113-01.2.35	13 November 1935	dav	UNKNOWN	"<div class=""txtsearchsnippet"">... אסירים מבית הכלא בירושלים, הובאו _אהמו _7 למרפאה של <b class=""highlightcolor"">בית החולים הממשלתי</b> בירושלים, במרכז המשטרה. אחד -אמידים, חיגר, שהלך ...</div>"	spelled
185	dav19351114-01.2.10	14 November 1935	dav	Untitled	"<div class=""txtsearchsnippet"">... "" יחי הופה תחי הקונסטיטוציה, הלאה חות‭. ""‬ בסביבת <b class=""highlightcolor"">בית החולים הממשלתי</b> ""קסר אל עיני"" היתה התנגשות בין 3000 ...</div>"	spelled
186	dav19351216-01.2.47	16 December 1935	dav	ת _ל־אביב	"<div class=""txtsearchsnippet"">... הכה באכזריות את הנער אז/מד _הוריר (בן ‭, (13‬ליד <b class=""highlightcolor"">בית החולים: הממשלתי</b> ביפו. מצבו של הנער, אנוש. הפושע נאסר. ...</div>"	spelled
187	dav19351226-01.2.73	26 December 1935	dav	נציגות פוליסית-כלכ_^ת ליהווי 3ולל?	"<div class=""txtsearchsnippet"">... להשיג הערב במזכירות קלוב פועלי הדפוס ב־6־‭. 7‬ ? <b class=""highlightcolor"">בית חולים ממשלתי</b> למוכי שחפת ליפי "" א־ליווא‭, ""‬החליטה _הממשלה ...</div>"	indefinite
188	dav19360119-01.2.79	19 January 1936	dav	האם כה יתיחסו לשובתי-רעב?	"<div class=""txtsearchsnippet"">מודיעים לנו: בשבת בבוקר ציוה רופא <b class=""highlightcolor"">בית החולים הממשלתי</b> בירושלים ד""ר נשארת להעביר את חמשת אסירי ...</div>"	spelled
189	dav19360120-01.2.91	20 January 1936	dav	א ר ץ	"<div class=""txtsearchsnippet"">... ועב זה יותר ב'שבוע ימים. בשבת בבקר צוה רופא <b class=""highlightcolor"">בית החולים _הממשלתי</b> להעכיר _את האסירים לבית החולים ושב השקו ...</div>"	spelled
190	dav19360217-01.2.9	17 February 1936	dav	רגוז בקרבת חיפה עולה מגרמניה ובנה הותקפו ונפגעו קשה האשה מתה&#8237;-.&#8236;אחל הרוצחים נאסר	"<div class=""txtsearchsnippet"">נת המשטרה בערטוף, האשת הועברה באוטו של <b class=""highlightcolor"">בית החולים הממשלתי</b> בחיפה. בבית החולים הוגש־ לה העזרה הראשונה. ...</div>"	spelled
191	dav19360224-01.2.77	24 February 1936	dav	ההמתה סביב בניני המשרד הקבלני ביפו	"<div class=""txtsearchsnippet"">... המשמרת הערבית על יד הבנין בחוטםי (עג'טי — ע""י <b class=""highlightcolor"">בית החולים הממשלתי</b> ביפו‭, (‬בט־ קום שעוברים!פועליט _יהוריט, פרצ! את ...</div>"	spelled
192	dav19360421-01.2.90	21 April 1936	dav	היום ביפו ובתל־אביב	"<div class=""txtsearchsnippet"">... ;‬ץ שנהר: אף הוא. _־_^ני אלה נהרגו כיריוה. מהנהלת <b class=""highlightcolor"">בית החולים הממשלתי</b> בי_5ו מודיעים _לקרוכים של החולים היהודים הנמצאים ...</div>"	spelled
193	dav19360520-01.2.44	20 May 1936	dav	בחי פה	"<div class=""txtsearchsnippet"">... הרשיון לאקדוח ""יוחזר לו. רוגמים‭.. ‬ בואדי נסנאס, בקרבת <b class=""highlightcolor"">בית החולים ?הממשלתי,</b> נרגם בא‭;:‬_ים שלום גרינברג ונפצע בצוארו. הועבר ...</div>"	spelled
194	dav19360615-01.2.14	15 June 1936	dav	לפי רויטר	"<div class=""txtsearchsnippet"">... גםאנה, המשטרה הקיפה את הכפר וא&amp;ר-ח אותו. הועבר אל <b class=""highlightcolor"">בית החולים הממשלתי</b> בשכם.</div>"	spelled
195	dav19360616-01.2.41	16 June 1936	dav	"אגדת ""הנישול"" לאור העובדות"	"<div class=""txtsearchsnippet"">... עזרה ראשונה ע""י שוטר מאומן לכך ובמכונית הובל אל <b class=""highlightcolor"">_בית־החולים הממשלתי</b> לחיפה, אבל בדרך מת‭.. ‬ בדיקת ‭"". '‬נעשתה ...</div>"	maqaf
196	dav19360621-01.2.76	21 June 1936	dav	ב צפת	"<div class=""txtsearchsnippet"">... נורו יריות ?רבות על בית י המשטרה בצפת שבקרבת <b class=""highlightcolor"">בית: החולים הממשלתי.</b> המשטרה והצבא ענו באש. נשמעו בסך הכל ...</div>"	spelled
197	dav19360705-01.2.77	5 July 1936	dav	נצצה בפועלים יהודים בירושלים 3 פועלים נפצעו&#8237;-.&#8236; זורק הפצצה נתפס	"<div class=""txtsearchsnippet"">... להכניסו למכונית ‭,, ‬ם. ד. א‭, "". ‬קפץ ממכונית <b class=""highlightcolor"">בית החולים הממשלתי</b> קצי!משטרה ערבי וציו־ להכניסו למכונית הממשלתית, גפ ...</div>"	spelled
198	dav19360708-01.2.90	8 July 1936	dav	"1 נ&#8237;1_^&#8236;ם ה_^_וניב העלינו ?_י _י&#8237;--.&#8236;י. / ־&#8237;""?(??&#8236; ז &#8237;? 1 "" &#8236;"	"<div class=""txtsearchsnippet"">... תךרושה ובני ה?פר החולים אינם לבולים י לבוא העירה‭3.. <b class=""highlightcolor"">‬בית החולים _הממשלתי</b> 3ירוש_?ים היו ‭&gt;?‬לןגןלים בכל י1ם _עןךח -פואית ...</div>"	spelled
199	dav19360726-01.2.11	26 July 1936	dav	דבר היום	"<div class=""txtsearchsnippet"">... משפטיות, ביפו זו. עוד מחלקת מבריאות הממשלתית מחזיקה את <b class=""highlightcolor"">בית החולים הממשלתי</b> , בשלמותו, ביפו, והוא ריק למחצה או ...</div>"	spelled
200	dav19360727-01.2.117	27 July 1936	dav	בית חולים ממשלתי ליהודים	"<div class=""txtsearchsnippet""><b class=""highlightcolor"">בית חולים ממשלתי</b> ליהודים</div>"	indefinite
201	dav19360802-01.2.44	2 August 1936	dav	על שלשה קברים	"<div class=""txtsearchsnippet"">... ‭? ?‬ י שבים אנו מהקבר -הרענן ופוגשים באוטו, <b class=""highlightcolor"">בית החולים הממשלתי,</b> המוביל ועוד ועוד חברים מאתנו ליפו, משתמטים ...</div>"	spelled
202	dav19360818-01.2.69	18 August 1936	dav	מכשירים את הרצח מבפנים ומצטערים לאחר מעשה כלפי חח	"<div class=""txtsearchsnippet"">... ‭"" "" ?!:‬ כי בשעה ששתי צעירות עמדו :צער <b class=""highlightcolor"">בית־החולים הממשלתי</b> ביפו נפי. ע_$ ביריות. אחת נהרגה ואחת נפצעה ...</div>"	maqaf
203	dav19360819-01.2.60	19 August 1936	dav	UNKNOWN	"<div class=""txtsearchsnippet"">... גדול של צבא פשט מת־ הילת רחוב עאשוד ער <b class=""highlightcolor"">בית החולים הממשלתי</b> וגם ברחובות הםטובים.</div>"	spelled
204	dav19360820-01.2.25.1	20 August 1936	dav	Page 3 Advertisements Column 1	"<div class=""txtsearchsnippet"">... הורי _האחיות _שנרצחו ומביעות את תנחומיהן לאחיות היהודיות של <b class=""highlightcolor"">בית החולים הממשלתי</b> בירושלים _8</div>"	spelled
205	dav19360821-01.2.111.1	21 August 1936	dav	Page 18 Advertisements Column 1	"<div class=""txtsearchsnippet"">... הורי האחיות שנרצחו ומביעות את תנחומיה? לאחיות היהודיות של <b class=""highlightcolor"">בית החולים הממשלתי</b> ביפו</div>"	spelled
206	dav19360821-01.2.54.1	21 August 1936	dav	Page 7 Advertisements Column 1	"<div class=""txtsearchsnippet"">... הורי _האחיות שנ‭*_1‬נו'ו1 ומביעות את תנחומיהן לאחיות היהודיות של <b class=""highlightcolor"">בית החולים הממשלתי</b> בירושלים _ן</div>"	spelled
207	dav19360821-01.2.56	21 August 1936	dav	ל_₪ר רגח האחיות	"<div class=""txtsearchsnippet"">... הטיפול הרפואי באחות נהמה צד‭, ?‬_שניצחה כ־17 _באבגוםט ליד <b class=""highlightcolor"">בית החולים הממשלתי</b> ביפן , ועל הע־ר־ה, י. רוקה, ד""ר ...</div>"	spelled
208	dav19360823-01.2.72	23 August 1936	dav	בחיפה	"<div class=""txtsearchsnippet"">... תושבים אחדים מבני הכפר. פרטים מחיפוש זה אי!א־דיפאע"" מספר. <b class=""highlightcolor"">בית. החולים הממשלתי</b> "" צר מהכיל חולים א-דיפאע"" מודיע, כי ...</div>"	spelled
209	dav19360824-01.2.133	24 August 1936	dav	תביעות תל־אביב בזו הממשלה : ־? • 7 • • 1 -•_- &#8237;7 7 :., &#8236;	"<div class=""txtsearchsnippet"">רי8ליסטי1ת י1תר מדאי. המישל הבטיח לעץ בךרישה להרחיב את <b class=""highlightcolor"">_בית־החולים _הממשלתי</b> החן_^ש קזהול: מ בדיך _ןתח־תקוה ולהעביר ?שם את ...</div>"	maqaf
210	dav19360826-01.2.113	26 August 1936	dav	מדוע נדחה בנינו של בית־החולים הממשלתי ליד נזקוד-חיימ?	"<div class=""txtsearchsnippet"">מדוע נדחה בנינו של <b class=""highlightcolor"">בית־החולים הממשלתי</b> ליד נזקוד-חיימ?</div>"	maqaf
211	dav19360905-01.2.30	5 September 1936	dav	ידיעות שונות	"<div class=""txtsearchsnippet"">... ממלא למעשה תפקידי משרד מהווי, ובתחומי עבודתו נכנם גם <b class=""highlightcolor"">_בית־החולים הממשלתי</b> בפרדס כץ. על העקירה בבפר גלעדי</div>"	maqaf
212	dav19360912-01.2.7	12 September 1936	dav	םעשה־זוזה	"<div class=""txtsearchsnippet"">... היו אקדו־יפ. הם ירו עליהם. ההרוגה והפצועים הועברו את <b class=""highlightcolor"">בית החולים הממשלתי</b> ביפו.</div>"	spelled
213	dav19360923-01.2.10	23 September 1936	dav	לאנס_5זרפזרל מארי 1	"<div class=""txtsearchsnippet"">... בערך. ב־‭8. 30‬ הו-בא ע""י מכונית משו-דיינת _חלאנפ־ קירפורא?מ$ךי <b class=""highlightcolor"">?ביה""ח הממשלתי</b> בצפת כשהוא פצוע ק‭2'‬ה בצוארו, נטו-ל הכרח. העזרה ...</div>"	abbreviated
214	dav19360925-01.2.33	25 September 1936	dav	"""וכול"" ישראל את חלליו,קדושי תרצ""ו בארק-ישראל"	"<div class=""txtsearchsnippet"">... בכ""ט באב ‭71 —‬ באבנוסט ב־‭6. 30‬ בערב בתחומי <b class=""highlightcolor"">בית החולים הממשלתי</b> ביפו. מדתה פינק מתה בו במקום. נחמה ...</div>"	spelled
215	dav19361005-01.2.77	5 October 1936	dav	מבקורי הנציב	"<div class=""txtsearchsnippet"">... העתונות הממשלתית מודיעה: הנציב העליון ביקר אתמול בבוקר את <b class=""highlightcolor"">בית החולים הממשלתי.</b> הד""ר טוטסון יוהטנהלת הראו לנציב את תבני! ...</div>"	spelled
216	dav19361015-01.2.7	15 October 1936	dav	מאורעות הדמים בחלב 15 נהוגו ומאה נפצעו	"<div class=""txtsearchsnippet"">... מהם פצועים קשה. כין הפצועים יהודי אחד, שנפצע במצחו. <b class=""highlightcolor"">בית החולים הממשלתי.</b> מלא. סחורות רבות. נשדדו. השוטרים שהובהלו- ואבו ...</div>"	spelled
217	dav19361112-01.2.46	12 November 1936	dav	חליפת מכתבים בלונדון	"<div class=""txtsearchsnippet"">... ;‬ האחיות היהודיות מרתת צדק ונהמה פינק ליד שער <b class=""highlightcolor"">בית החולים הממשלתי</b> _תל־פת _מכתב־ם זו באת ל8חר שהאגודה רנ""ל ...</div>"	spelled
218	dav19370307-01.2.11	7 March 1937	dav	התפוצצות בבית מ&#8237;_8?&#8236;כה לפצצות	"<div class=""txtsearchsnippet"">... החומר וארבעתם נפצעו, מתם שנים קשה. כולם הועברו . <b class=""highlightcolor"">בית החולים הממשלתי.</b> הכית נמצא כ. ־, רחק מטרים אחדים ...</div>"	spelled
219	dav19370330-01.2.3	30 March 1937	dav	פצצות בשכם וסביבתה	"<div class=""txtsearchsnippet"">... לנו, כי מחלת , י הטיפוס נתפשטה בשכם וכפריה. <b class=""highlightcolor"">בית החולים הממשלתי</b> מלא _נגו י עי מחלה זו.</div>"	spelled
220	dav19370412-01.2.55.4	12 April 1937	dav	Page 5 Advertisements Column 4	"<div class=""txtsearchsnippet"">תורת. <b class=""highlightcolor"">בית החולים הממשלתי</b> למוסד •בית תבשיל אליאך והכנסת אורחים בירושליםו‭'_^‬ו. ...</div>"	spelled
221	dav19370609-01.2.16	9 June 1937	dav	רו ופצעו שוטר סמור לירושלים	"<div class=""txtsearchsnippet"">... מיוזמי א. _בן פ'ידאלי נפצע בחזהו יתובא אל ־ <b class=""highlightcolor"">בית החולים"" הממשלתי.</b> נעשה ל? _^ ניתוח. מצבו ־קשה.</div>"	spelled
222	dav19370618-01.2.93	18 June 1937	dav	התחלת עבודה	"<div class=""txtsearchsnippet"">סופרנו בחיפה מודיע: התחילו העבודות בבנין <b class=""highlightcolor"">בית־החולים הממשלתי</b> בבת גלים. העבודה ־ נמסרה, כידוע, ל "" ...</div>"	maqaf
223	dav19370621-01.2.36	21 June 1937	dav	חי פ ה - ע י ר ה מ ם ר ?	"<div class=""txtsearchsnippet"">... ובבר התחילו- בבניית 20 . הבתים הראשונים. גם בנין <b class=""highlightcolor"">בית החולים הממשלתי.</b> שנמסר י לםולל בוי"" י נה"" יעסיק ...</div>"	spelled
224	dav19370625-01.2.25	25 June 1937	dav	ן התווה הממשלה הבריטית בקני ?חבה'ל ע7 המאורעות39 הערבים תרח נענו מיד _לכריזי	"<div class=""txtsearchsnippet"">... נשארה בהמון האמונה בשמועות ובאי סדר די הלכו אל <b class=""highlightcolor"">בית החולים הממשלתי</b> להמשיך בחקירותיהם. בדרך ביצעו שורת התנפלויות עלי ...</div>"	spelled
225	dav19370729-01.2.76	29 July 1937	dav	מוחים	"<div class=""txtsearchsnippet"">... אגו. דת -הפועלים הערבית בחי-פח מחתה על מסירת בנין <b class=""highlightcolor"">בית־החולים _הממשלתי</b> י ?בחיפה ל?בלן יהודי (סולל בונה‭, (‬האגודה מיעצת ...</div>"	maqaf
226	dav19370905-01.2.129	5 September 1937	dav	מתור העתונות הערבית הורעה חושה על פוס 500 לא''י נרפא	"<div class=""txtsearchsnippet"">... העליון. שביתה ?העתונות הערבית מודיעה, שהערים הערבים העוברים בבנין <b class=""highlightcolor"">בית החולים הממשלתי</b> בחיפה הבריזו שביתה. משלחת מהשובתים ביקרה אצל ...</div>"	spelled
227	dav19370905-01.2.71	5 September 1937	dav	"ה ה סתדרותבשנת תר צ"" ז"	"<div class=""txtsearchsnippet"">... חבר. ב־90 פועלים ערבים העובדים אצל המשרד הקבלני בבניני <b class=""highlightcolor"">בית החולים הממשלתי</b> בבת נלים נתקבלו באמצעות הסניף הזה, והם ...</div>"	spelled
228	dav19370910-01.2.77	10 September 1937	dav	"ההסתדרות בשנת תרצ""ז"	"<div class=""txtsearchsnippet"">... והגיע- _ל־‭300‬ ; ?אלף לא""י. . מך העבירות הגדולות: <b class=""highlightcolor"">בית החולים הממשלתי</b> . _בחיטה, - תחנת הכוין בדרום ועבודות ...</div>"	spelled
229	dav19370930-01.2.91	30 September 1937	dav	ח י פ ה	"<div class=""txtsearchsnippet"">... _ב־8 בבית הפועלים חדר 31 אסיפת פועליחרות"" העובדים בבניו <b class=""highlightcolor"">בית החולים הממשלתי</b> ‭. ""‬ במפלגת פועלי ארץ . ישראל ...</div>"	spelled
230	dav19371003-01.2.42	3 October 1937	dav	על דוכי הביקורת מבפנים	"<div class=""txtsearchsnippet"">... מט־ ; פיקות לחלוטין. אשר לשלילת זכותם של פועלי <b class=""highlightcolor"">בית החולים הממשלתי</b> מלהשתתף כאספת: כידוע, נ ל ק ח ...</div>"	spelled
231	dav19371019-01.2.47	19 October 1937	dav	חיפה בשנת תוג'ז	"<div class=""txtsearchsnippet"">... בית חטטבחיים של ?עידית חיפה ‭13. 000 —‬ לירות, <b class=""highlightcolor"">_בית־ _החולים הממשלתי</b> בבת גלים ‭100 _‬ ז&amp;לף לירות, טחנות ...</div>"	spelled
232	dav19371117-01.2.67.2	17 November 1937	dav	Page 5 Advertisements Column 2	"<div class=""txtsearchsnippet"">מנהלת סולל _בוגה חברי!בבנין <b class=""highlightcolor"">ביה""ח הממשלתי</b> בחיפה</div>"	abbreviated
233	dav19371130-01.2.8	30 November 1937	dav	שוב נפצעו 3 יהודים בווו ענתפת	"<div class=""txtsearchsnippet"">... לאשר פודהורצר, _ולאחר התיעצו-ת ־ עם ד""ר שטרנבךג, מנהל <b class=""highlightcolor"">בית החולים הממשלתי</b> הוחלט להעביר את הפצוע _?חיפח, יכן את ...</div>"	spelled
234	dav19380202-01.2.49	2 February 1938	dav	תביעת קופת-חולם מממשלת האח	"<div class=""txtsearchsnippet"">... בהם תיקונים _ולםגלם לשימוש חולים מתוך הישוב העברי, ואבן <b class=""highlightcolor"">בית־החולים הממשלתי</b> למחלות מידבקות ביני-ירק תיקן ימידת־מה את המצב. אולם ...</div>"	maqaf
235	dav19380203-01.2.55	3 February 1938	dav	"נו,עשה ,סולל בונה"""	"<div class=""txtsearchsnippet"">... ארגון ה י בקל־ ית־חיים שנמסרו כו?_ן ?טחוסרי עבודה, <b class=""highlightcolor"">בית החולים הממשלתי</b> _ב־‭_75_%‬ וכעת _בבנין "" תנובה"" ב- ‭. ...</div>"	spelled
236	dav19380203-01.2.57	3 February 1938	dav	וברי סיכום &#8237;7 0&#8236; ב.ופטור	"<div class=""txtsearchsnippet"">... של _בני־‭§§‬ נים גדולים, כבנין תחנת _ריר־ננ בת‭§|?‬ אביב, <b class=""highlightcolor"">בית החולים הממשלתי</b> בחיפה‭|||‬ בנין ברקליס בנק בחיפה. לו כל, ...</div>"	spelled
237	dav19380209-01.2.82	9 February 1938	dav	למשפט .רוצח אמו בגית'הדז לערעורים	"<div class=""txtsearchsnippet"">... על פיבת מותח. הגופה נבדקה ע""י ד""ר מלחי רופא <b class=""highlightcolor"">בית החולים הממשלתי</b> בחיפה \ד""ר ג‭.. ‬_עביאד‭—. ‬ מודיעים ל:ו, ...</div>"	spelled
238	dav19380220-01.2.71	20 February 1938	dav	ענודות ממשלתיות חושות	"<div class=""txtsearchsnippet"">... ש:בר נדתי!בפה פעמים לרגל המצב. העבודה הראשונה היא הקמןנ <b class=""highlightcolor"">בית־ חולים ממשלתי</b> חדש בירושלים, כנראה בית חולים מיוחד למחלות ...</div>"	indefinite
239	dav19380221-01.2.46	21 February 1938	dav	באיגוד המקצועי	"<div class=""txtsearchsnippet"">... ועבודה /י קלטה עשרות מחוקרי עבוד־ זמן רב. בני] <b class=""highlightcolor"">בית החולים הממשלתי</b> שימש מקור עבוד־ גם למסגדים. בזמן האחרון ...</div>"	spelled
240	dav19380323-01.2.117	23 March 1938	dav	להקמת נית-החוליס &#8237;_$_88_$_18₪£&#8236;ר	"<div class=""txtsearchsnippet"">השבוע הוכרזה כבר התחרות מקבלנים לשם מסירי!עבודת בנינו של <b class=""highlightcolor"">בית החולים הממשלתי</b> החדש בירושלים, על נבעה נישאת בי!מקור חיים ...</div>"	spelled
241	dav19380327-01.2.110	27 March 1938	dav	בכפ ר	"<div class=""txtsearchsnippet"">... ג, שנרצחהביפוכמאורעות ‭, : . ‬ י ‭_&gt;1936‬־ בחצר <b class=""highlightcolor"">בית החולים הממשלתי‭;;?</b> :. ‬־ ‭; ! : . -?‬ ...</div>"	spelled
242	dav19380329-01.2.2	29 March 1938	dav	שוב הציף גל טרור את הארץ	"<div class=""txtsearchsnippet"">... ןאת ‭. 1‬הלר. את ההרוגים הובילו במכונית שנתקפה אל <b class=""highlightcolor"">בית החולים הממשלתי</b> -יעבו. הנה־ ? דוד טידז?י שנסע במכונית ...</div>"	spelled
243	dav19380329-01.2.71	29 March 1938	dav	לאחר הזוועה בלול עכו - צפת הנעלמים עוד לא נמגאו&#8237;-.&#8236; גויות ארבעת ההרוגים הובאו לגפת	"<div class=""txtsearchsnippet"">... הבכיות עלי ער לב השמים. ד""ר ט. שטרנברנ, מנהל <b class=""highlightcolor"">בית החולים הממשלתי,</b> בדק את חנויות ־מצא, כי צבי סגל ...</div>"	spelled
244	dav19380413-01.2.45	13 April 1938	dav	חינה בשנת 1937	"<div class=""txtsearchsnippet"">... מיליון לירח. מן העבודות החשובות ־ש להזכיר את הקמת <b class=""highlightcolor"">בית החולים הממשלתי</b> בדרך לבת _גל־ם ואת</div>"	spelled
245	dav19380417-01.2.7	17 April 1938	dav	ההתעללות בוינה וינה פוסקת ג&#8237;180917.&#8236; במאסר&#8237;-.&#8236; נשי&#8237;,, 8&#8236;נני בתר מת בבית האסורים	"<div class=""txtsearchsnippet"">... זלדריש, בעצתי של המומחה הגדול למחלות ילדים, שעמד בראש <b class=""highlightcolor"">בית חולים ממשלתי</b> במשך עשרות ש:ים (עשת בשנה שעברה כמה-שבועות ...</div>"	indefinite
246	dav19380607-01.2.5	7 June 1938	dav	ועזת־קחלוקה בעבורי	"<div class=""txtsearchsnippet"">... ־צא מבית החולים ‭—.. ‬ אתמול עזב ו את <b class=""highlightcolor"">בית החולים הממשלתי</b> כירושלים הקצין הבריטי מר אדאמס, שנפצע עקב ...</div>"	spelled
247	dav19380627-01.2.7	27 June 1938	dav	הטרור 20 שעות	"<div class=""txtsearchsnippet"">... בשעה מאותרת ירו שני אנשים מזוינים והרגו -ערבי בשטח <b class=""highlightcolor"">בית החולים הממשלתי</b> בחיפה. — הבוקר בשעות המקודמות ;דקר יהודי ...</div>"	spelled
248	dav19380704-01.2.13	4 July 1938	dav	פצצת אל מכונית הדר הכרט?	"<div class=""txtsearchsnippet"">ירחיב ההר בשכונת הרצליה ליד <b class=""highlightcolor"">בית החולים הממשלתי</b> בחיפה נזרקת אמש ב־‭6. 45‬ פצצת אל ...</div>"	spelled
249	dav19380808-01.2.56	8 August 1938	dav	משפטו של חיים קנדל	"<div class=""txtsearchsnippet"">... והוכיח זאת ל&amp;י תעודת 5ז0_ע, מטעם הקטי-גורית העיד פקיר <b class=""highlightcolor"">בית ?החולים הממשלתי</b> והרופא ד""ר _תומפ־ _םון, | שנא לפי ...</div>"	spelled
250	dav19380812-01.2.149	12 August 1938	dav	כנופיה משתוללת בסביבת ירושלים	"<div class=""txtsearchsnippet"">הקיפו המקום _^בנ ת\ז‭***‬_ג, <b class=""highlightcolor"">בית החולים הממשלתי</b> החדש, ־י־‭_5'‬_אלו את השומר אם יש לו ...</div>"	spelled
251	dav19380814-01.2.100	14 August 1938	dav	מידיעות המשטרה	"<div class=""txtsearchsnippet"">... המתקיפים נאסרו‭.. ‬מ — בלילה. נורו ‭. 3‬יריות אל <b class=""highlightcolor"">בית החולים הממשלתי</b> ביפו, ואחר החוליפ הערבים נפצע באופן רציני.</div>"	spelled
252	dav19380814-01.2.102	14 August 1938	dav	הודעות רשמיות	"<div class=""txtsearchsnippet"">... נאסרו 5 חשודים. — אמש ירו 3 יריות אל <b class=""highlightcolor"">בית החולים הממשלתי</b> ביפו. אחד החולים הערבים נפצע קשה. — ...</div>"	spelled
253	dav19380830-01.2.97	30 August 1938	dav	ח י 3 ה	"<div class=""txtsearchsnippet"">... עד ‭. 1‬ נפצע קשה בתאונת ענודה ליד בנין <b class=""highlightcolor"">בית החולים הממשלתי</b> _בכת־נלים אירעה אתמול תאונת־עבודה קשה: מהקומה החמישית ...</div>"	spelled
254	dav19380908-01.2.10	8 September 1938	dav	ארונו של מ._אלייניקוב בחיפה	"<div class=""txtsearchsnippet"">... במגרש הרוסים. בירושלים- כידוע, מרוב־ ־ זים במגרש זח‭.. <b class=""highlightcolor"">:‬בית החולים הממשלתי,</b> בית הכלא, בתי ־ המשפט, ־ מרבן- ...</div>"	spelled
255	dav19380925-01.2.85	25 September 1938	dav	"ה ה קתדרות בשנת תר&ג&#8237;_-_""&#8236;ח"	"<div class=""txtsearchsnippet"">... ניתנה לברית פא""י, סניף חיפה, כמחצבת ‭:,, ‬_שר"" יבבנין <b class=""highlightcolor"">בית החולים הממשלתי</b> ע""יסולל בונה"" יוכנמל. "" הפעילה הזו מתרכזת ...</div>"	spelled
256	dav19381007-01.2.39	7 October 1938	dav	Untitled	"<div class=""txtsearchsnippet"">... "" הה‭;?‬ץ _""י ב־תהחולע!_הה־ע נ_!תה בלי טקפ רשמי כפתח <b class=""highlightcolor"">בית החולים הממשלתי</b> תחדש בבת גלים- לפני ימה ימים נפתחה ...</div>"	spelled
257	dav19381101-01.2.100	1 November 1938	dav	דיני מות	"<div class=""txtsearchsnippet"">... ומימיה. הנאשמים נמסרו באותו ערב לתחנת המשטרה בשכם. צלם <b class=""highlightcolor"">בית החולים הממשלתי</b> העיד, כי עשה תצלומי רנטגן משני הנאשמים ...</div>"	spelled
258	dav19381116-01.2.14	16 November 1938	dav	UNKNOWN	"<div class=""txtsearchsnippet"">... ? לפתח _ג: ‭-:‬ תעשית כבדהיי ־ מ. זינגר <b class=""highlightcolor"">בית החולים הממשלתי</b> . ב תיפחט. זינר • די'ר ה. ...</div>"	spelled
259	dav19381116-01.2.35.2	16 November 1938	dav	Page 3 Advertisements Column 2	"<div class=""txtsearchsnippet"">הוציאה לפועל כל עבודות הנגרות בבנין <b class=""highlightcolor"">בית החולים הממשלתי</b> בחיפה</div>"	spelled
260	dav19381208-01.2.32	8 December 1938	dav	&#8237;^^^&#8236; .מן*	"<div class=""txtsearchsnippet"">... עושים זאת במרץ היאה לדבר בזה. אחרי גמר בנין <b class=""highlightcolor"">בית החולים הממשלתי</b> בבת _נליפ , יובלטו עור יותר הליקויים ...</div>"	spelled
261	dav19381208-01.2.33	8 December 1938	dav	Untitled	"<div class=""txtsearchsnippet"">... גדולים שנבנו, או שבגינם נמשך השנה, יש להזכיר: כנין <b class=""highlightcolor"">בית החולים הממשלתי</b> בבת גלים, שהעסיק לפי הסכם למעלה ממאתיים ...</div>"	spelled
262	dav19381220-01.2.77	20 December 1938	dav	חיפה	"<div class=""txtsearchsnippet"">... העליון בחיפה ביום ח י תיערך הפתיחה הרשמית של <b class=""highlightcolor"">בית החולים הממשלתי</b> החדש _בבת־ גלים, חיפה. בפתיחה יחיה נוכח ...</div>"	spelled
263	dav19381222-01.2.83	22 December 1938	dav	הנציב העליון בחיפה	"<div class=""txtsearchsnippet"">אתמול אחה""צ הגיע הנציב העליון לחיפה. הבוקר ישתתף בפתיחת <b class=""highlightcolor"">בית־ החולים הממשלתי</b> החדש בבת גלים.</div>"	spelled
264	dav19381223-01.2.66	23 December 1938	dav	נפתח נית־החולים הממשלתי החוש בחיפה	"<div class=""txtsearchsnippet"">... מודיעים רשמית: הוד מעלתו הנציב העליון פתח אתמול את <b class=""highlightcolor"">בית החולים הממשלתי</b> החדש בחיפה. _תכנית בית החולים , היכנה ...</div>"	spelled
265	dav19381225-01.2.114	25 December 1938	dav	711אביב	"<div class=""txtsearchsnippet"">... ‭. (25. 12. 38)‬ החולים ""עושים פוליטיקת‭''‬ לרגל פתיחת <b class=""highlightcolor"">בית החולים הממשלתי</b> בה יפת מסרו שלושה חולים משכם, עזה ...</div>"	spelled
266	dav19381226-01.2.11	26 December 1938	dav	שוב ופצועים בחיפה	"<div class=""txtsearchsnippet"">מכונית צבאית העבירה את הפצועים י <b class=""highlightcolor"">בית החולים הממשלתי</b> בבת גלים !טשם העבירום‭.. ‬להדםה‭. ""‬הצעירה נחבשה ...</div>"	spelled
267	dav19381227-01.2.16	27 December 1938	dav	מחאת הועד הלאומ	"<div class=""txtsearchsnippet"">... ממשלת ארץ ישראל את מחאתה על המקרה שהיה בפתיחת <b class=""highlightcolor"">בית החולים הממשלתי</b> החדש בהיפה- — _שנאומים הרשמיים אשר הושמעו ...</div>"	spelled
268	dav19381228-01.2.2	28 December 1938	dav	שוב באחר _הנשאשיבים	"<div class=""txtsearchsnippet"">... עצרו אתמול חנוני ערבי בשם קוסטה סלימת רלאל, ברחוב <b class=""highlightcolor"">בית החולים הממשלתי</b> ביפו, הכריחו אותו לחזור לחנותו ושדדו שם ...</div>"	spelled
269	dav19390106-01.2.65	6 January 1939	dav	במשפט ארבעת השוטרים הבריטיים	"<div class=""txtsearchsnippet"">... המקרה כעדי ראיה. אה""כ העיד ד""ר יאסם אלהיירי, רופא <b class=""highlightcolor"">בית החולים הממשלתי</b> ביפו. ב־24 באוקטובר ב־10 לפנה""צ הובא מוחמר ...</div>"	spelled
270	dav19390307-01.2.3	7 March 1939	dav	מדרכי המלחמה של הערבים ד.חיהת לאומית' יה בצפת למכונית הצלב _האזום ופצעו אה נונזזל ביהח'ץ דו שטונבוג	"<div class=""txtsearchsnippet"">ד""ר ט. עטוננוג, רופא <b class=""highlightcolor"">בית החולים הממשלתי.</b> בצפת, נסע ממשרד הבריאות לבית החולים במכונית ...</div>"	spelled
271	dav19390620-01.2.4	20 June 1939	dav	למאורעות הדמים בחיפה	"<div class=""txtsearchsnippet"">... נכנס יהודי בשפ אלפדד כהן לתוך הדר המתים של <b class=""highlightcolor"">בית החולים הממשלתי</b> ? בחיפה שבו שכבו קרבנות, ההתפוצצות. סבורים, ...</div>"	spelled
272	dav19390620-01.2.44	20 June 1939	dav	נפגעו עשרות ערבים עוצר בחיפה ובהןר־דגרםל	"<div class=""txtsearchsnippet"">... "" ה ‭!5‬ן, בן ‭, 27‬פצוע ימיות ובאבנים ליד <b class=""highlightcolor"">בית החולים הממשלתי.</b> אלפרד תאן הוא המעפיל שנשבה עם אשתו ...</div>"	spelled
273	dav19390630-01.2.46	30 June 1939	dav	זוהה	"<div class=""txtsearchsnippet"">דייר ט. שטרנברג, מי שהית. מנחל <b class=""highlightcolor"">בית־החולים הממשלתי</b> בצפת, נקרא אתמול ע''י המשטרה לבית הסוהר לנצרת ...</div>"	maqaf
274	dav19390711-01.2.85	11 July 1939	dav	חיפה	"<div class=""txtsearchsnippet"">... של הנהלת הדואר? זכור לנו, כי בזמן שבנו את <b class=""highlightcolor"">בית החולים הממשלתי</b> בחיפה שמרו בקפדנות :של‭1&lt;‬ תקיפה זכות . ...</div>"	spelled
275	dav19390901-01.2.31	1 September 1939	dav	חיפה	"<div class=""txtsearchsnippet"">... ראשונה לקול במקרה התקפות אויר על חיפה במיומות דלקמן: <b class=""highlightcolor"">בית החולים הממשלתי</b> יחדש, משדד חברי־ אות הישן, מרבו מגן ...</div>"	spelled
276	dav19400602-01.2.75	2 June 1940	dav	אחרי ארונו של ידו שמהה מ	"<div class=""txtsearchsnippet"">... קודרת _התאסו* קהל של קרוב . למאתיים איש בחצר <b class=""highlightcolor"">בית החולים הממשלתי</b> בירושלים ללוות את ד""ר ? שמחה -כץ ...</div>"	spelled
277	dav19401008-01.2.48	8 October 1940	dav	"־ &#8237;11|&#8236;ול &#8237;_1_^""&#8236;רהם&#8237;|^ &#8236;"	"<div class=""txtsearchsnippet"">... הגויה הועברה לבית ־הולים המ משלתי לבדיקה. הרהבה ליד <b class=""highlightcolor"">בית החולים הממשלתי</b> י _שבטגדש הרוסי נתמלאת לשעת תלויה קהל ...</div>"	spelled
278	dav19410113-01.2.59	13 January 1941	dav	ת ל ־אב יב	"<div class=""txtsearchsnippet"">... הביקור במרכז. יפו ה-אי־ רופית"" . יבעיר העתיקה. ליד <b class=""highlightcolor"">בית החולים הממשלתי</b> קידמו _רביט את פני המטיילים נ""שלום"" בעברית. ...</div>"	spelled
279	dav19410220-01.2.46	20 February 1941	dav	תקציב ההכנסה של עירית ת&#8237;8'&#8236; נתקבל בעיקרו _563 לירות בלי השתתפות הממשלה ושכונות י9ו _^	"<div class=""txtsearchsnippet"">... את בית־ החולים העירוני לרשות _המסילה. _נדדלש מבנה הקמת <b class=""highlightcolor"">בית חולים _ממשלתי</b> ית""א וגם השתתפות בהחזקת בית~חולים העירוני. אגב, ...</div>"	indefinite
280	dav19410223-01.2.50	23 February 1941	dav	רטש הקהילה העברית בקובנה למפלגה הקומוניסטית	"<div class=""txtsearchsnippet"">... המיניסטר לבריאות בממשלת ליטא הזמנית התפטר ממשרתו ונתמנה לראש <b class=""highlightcolor"">בית החולים הממשלתי</b> לשחפת בקובני.</div>"	spelled
281	dav19410306-01.2.28	6 March 1941	dav	בריאות הציבור ועירית תל־אביב	"<div class=""txtsearchsnippet"">... לציין שבתי החולים הממשלתיים התקדמו ברמתם הרפואית בשנים האחרונות. <b class=""highlightcolor"">בית החולים הממשלתי</b> למחלות מידבקות בפרדס כץ עומד על גובד, ...</div>"	spelled
282	dav19410914-01.2.38	14 September 1941	dav	קורס למנצחי מקהלות	"<div class=""txtsearchsnippet"">... פגעת בשתי. אחיות רחמניות שהלכו בכביש ‭-, ‬ בקרבת- <b class=""highlightcolor"">בית החולים הממשלתי</b> בפרדם כץ, ביום די‭_9, ‬ בספטמבר בין ...</div>"	spelled
283	dav19410915-01.2.50	15 September 1941	dav	במועצת עירית _תל־אבינ	"<div class=""txtsearchsnippet"">... הספיק. לפי דרישת העירית, הבטיחה _הממולח לחי־ חיב את <b class=""highlightcolor"">בית החולים הממשלתי</b> בפרדס כ ""'ו וביפו, ער שיהיו לרשות ...</div>"	spelled
284	dav19420118-01.2.54	18 January 1942	dav	מושל מה יו שליט־ לחופש	"<div class=""txtsearchsnippet"">... ?סוחרים. עשירים ביפו לבנין בית־חולים ליולדות, שיוקם כאגף ליד <b class=""highlightcolor"">_בית־החולים הממשלתי</b> בדרופה של העיר על שפת הים, בקרבת בת־ים ...</div>"	maqaf
285	dav19420414-01.2.22	14 April 1942	dav	ן משה נ&#8237;/(7/1/ &#8236;	"<div class=""txtsearchsnippet"">... ‭. 17‬ קחל חברים התאסף אתמול _ב־3 אחה""צ ליד <b class=""highlightcolor"">בית החולים הממשלתי</b> להלוית משה עזרא. השתתפו ב""כ מועצת פועלי ...</div>"	spelled
286	dav19420608-01.2.23	8 June 1942	dav	Untitled	"<div class=""txtsearchsnippet"">... ד""ר _מ. כהו הסתמך על ידיעת ""דבריי על הגדלת <b class=""highlightcolor"">בית החולים הממשלתי</b> בסביבת ירושלים ותבע, כי קודם כל _יוקט ...</div>"	spelled
287	dav19420716-01.2.54	16 July 1942	dav	חינה	"<div class=""txtsearchsnippet"">... 000‬ זריקות נגד _טיפוק ברוטרי-קלוב הרצה ד""ר _מישילאני, רופא <b class=""highlightcolor"">ביה""ח הממשלתי</b> למחלות מידבקות, ע? ‭"" ""‬ י מחלת הטיפוס. ...</div>"	abbreviated
288	dav19420717-01.2.69	17 July 1942	dav	1ך להזהר מקני-טיפוס?	"<div class=""txtsearchsnippet"">קופוז־זוו'ליט. בוזי‭?*‬ווו&amp;א <b class=""highlightcolor"">בית החולים הממשלתי</b> בחיטה, ד""ל מישילני (בהוצאתו בקליג _. ווטרי‭(""‬ ...</div>"	spelled
289	dav19420807-01.2.43	7 August 1942	dav	מכתבים מאתרת ה_^ויב נתקבלו	"<div class=""txtsearchsnippet"">... י_/ראשוך לציץ!רוברט _ניפוס בית _בניפין רח'יברכוכבא, פתח-תקוה;אס תר ברקוביצי, <b class=""highlightcolor"">בית חולים ממשלתי</b> צפת לאוני בלוט!שלומית ‭;, ‬ פרידה ברףוה, ...</div>"	indefinite
290	dav19420807-01.2.44	7 August 1942	dav	ירווטליט	"<div class=""txtsearchsnippet"">... לבית וווליט זה הם יהודים;הודות -לתיקונים יוועיט שנעשו:בו. כידוע;קיים <b class=""highlightcolor"">בית ? חולים־ ממשלתי.</b> קבוע למחלות . טובקות ניוושליט, בבית ...</div>"	indefinite
291	dav19421218-01.2.50	18 December 1942	dav	תר בתל-אביב	"<div class=""txtsearchsnippet"">... קוסמן, מנהל הבמה של האופרה הארצישראלית הועבר ונמצא בטיס1ל <b class=""highlightcolor"">בית החולים הממשלתי</b> למחלות מדבקות. מקרי הדבר שנתגלו עכשיו, בתלד ...</div>"	spelled
292	dav19430107-01.2.47	7 January 1943	dav	"&#8237;""_1333 859&#8236;־ם ס_^ &#8237;""*0 8_^8&#8236; &#8237;?*_£ 1*4£€ _^ 1 9 &#8236;"	"<div class=""txtsearchsnippet"">עוד מקרח חשש לדבר אל <b class=""highlightcolor"">בית החולים הממשלתי</b> הועבר אתמול ערבי הוי־, הגר בהמשך רחוב ...</div>"	spelled
293	dav19430310-01.2.62	10 March 1943	dav	במשפט הרצח _בשבונת	"<div class=""txtsearchsnippet"">... גילו 'טל הנאשם ן . ד""ר -בישראל‭,. ‬רופא ומנהל <b class=""highlightcolor"">בית החולים הממשלתי</b> ביפו סבור, כי _הנאיגם יכול להיות</div>"	spelled
294	dav19430512-01.2.61	12 May 1943	dav	שרפת קיוסקים ?א תשליט עברית	"<div class=""txtsearchsnippet"">... ועדת המצב קידמה בברכה י החלטת הממשלה על הקמת <b class=""highlightcolor"">בית חולים ממשלתי</b> לבני מושבות בביה""ח היר־ קח. בת''א, ועתי' ...</div>"	indefinite
295	dav19430601-01.2.51	1 June 1943	dav	מקרה לבר ברענגה	"<div class=""txtsearchsnippet"">... אתמיל אצל נ_&amp;ל בן 15 ברעננה. הוא נאסף אל <b class=""highlightcolor"">בית החולים הממשלתי.</b> ילל שביקל בגן הילדים הנמצא באותו בית. ...</div>"	spelled
296	dav19430913-01.2.19	13 September 1943	dav	3ית הו_^_ולימ _למושגות י_&ווו_?בקרוב	"<div class=""txtsearchsnippet""><b class=""highlightcolor"">בית החולים הממשלתי</b> הראשון בישוב היהודי ייפתח _סוף־סוף בשבועות י. ...</div>"	spelled
297	dav19440427-01.2.40	27 April 1944	dav	UNKNOWN	"<div class=""txtsearchsnippet"">... 55. ‬ הלשות. ‭8. 00‬ תכנית ""כבק'גחד* מיוחדת לאחיות <b class=""highlightcolor"">בית החולים הממשלתי</b> בחיפה‭8, 15. ‬ ז/ד־ שור‭8. 25.. ‬ ...</div>"	spelled
298	dav19440504-01.2.47	4 May 1944	dav	_תל־אביב	"<div class=""txtsearchsnippet"">... המורה י. שייב מנית החולים , הדט. ה"" אל <b class=""highlightcolor"">בית החולים הממשלתי.</b> עתה התברר בי הלא נפגע בשתי חוליות, ...</div>"	spelled
299	dav19440630-01.2.69	30 June 1944	dav	תל-אביג	"<div class=""txtsearchsnippet"">... בשל קלקול _בחוס _זושמל אירעה שליפה באתר התאים של <b class=""highlightcolor"">בית. החולים הממשלתי.</b> ה־אש כונתה מיד. לא הגנב אשס אלא ...</div>"	spelled
300	dav19440820-01.2.50.2	20 August 1944	dav	Page 7 Advertisements Column 2	"<div class=""txtsearchsnippet"">... קונסולים, ח""ה מ. שלוש, יעקב שפירא;ד""ר _גניגיורק, _שנתמנה למנהל <b class=""highlightcolor"">בית החולים הממשלתי</b> באליסיאבי־ בה -יאחרים, פרקי היום בתנ‭''‬ך דני ...</div>"	spelled
301	dav19450102-01.2.20	2 January 1945	dav	"י יי מ ד&#8237;/ /&#8236; י בסבך ""דוי""יי של &#8237;)>>&#8236;רי אגדות *_י&#8237;7 _""1&#8236;ייח - ליה &#8237;—1&#8236; לרעד י 1 י&#8237;. -!>""&#8236; של &#8237;1-&#8236; י הישוב &#8237;....."".-&#8236; היהודי &#8237;—--&#8236;י&#8237;...1 &#8236;"	"<div class=""txtsearchsnippet"">... יפו את החובה לספק חלק גדול מתק - ציב <b class=""highlightcolor"">בית החולים הממשלתי</b> _וגתקציבמ של בתי הטפר הממשלתיים שבעיר — ...</div>"	spelled
302	dav19450104-01.2.43	4 January 1945	dav	"גף&#8237;=3 3_^ _^.9 - _^ *?&#8236; &#8237;"":**&#8236; יי* &#8237;*!&#8236;ל&#8237;:?&#8236;ר&#8237;_?? 1""&#8236;־1_ר7 _^י&#8237;'"":*?&#8236; ""י&#8237;.*&#8236;י&#8237;1_?&#8236;_־"	"<div class=""txtsearchsnippet"">... — משחייני . הפועל"" בתל אביב. הלויה היום ב־10 <b class=""highlightcolor"">:־בית החולים הממשלתי</b> ליד הידקוז. _ל־גר זירי""ו?דגרג _; היום ב־ ...</div>"	spelled
303	dav19450130-01.2.24	30 January 1945	dav	_קואופרטיב לחמר־בנץ נו _עשרימ	"<div class=""txtsearchsnippet"">... רוב מהפרים _תחנת־הכזח של חב־ ; י ףת החשמל, <b class=""highlightcolor"">בית־החולים הממשלתי.</b> בית מעיליה' ""ב יתנו‭, ""‬בתי־הזיקוק, נמל היפי‭,, ‬בניני ...</div>"	maqaf
304	dav19450225-01.2.55	25 February 1945	dav	מהחלטות קופת חולים עממית	"<div class=""txtsearchsnippet"">הועידה קידמה בברכה את הקמת <b class=""highlightcolor"">בית החולים הממשלתי</b> ""הירקון‭, ""‬אולם היא מדגישה כי 80 מטות ...</div>"	spelled
305	dav19450429-01.2.51	29 April 1945	dav	24 נפגעו _בתאונת _דרנים	"<div class=""txtsearchsnippet"">... על רופאיהם. במכונית הצלב האדום הועברו 11 פצועים אל <b class=""highlightcolor"">בית־ החולים הממשלתי</b> למושבו. נ בתל־אביב. שתים מן הפצועים: ד""ר ...</div>"	spelled
306	dav19450626-01.2.44	26 June 1945	dav	ת ל ־אביב	"<div class=""txtsearchsnippet"">... של . היסה‭, ''‬ולאחר שצולמה הועברה לחדר־ המתים של <b class=""highlightcolor"">בית החולים הממשלתי</b> בבני־ ברק. כבת ‭. 55‬שעוות שיבה, אולם ...</div>"	spelled
307	dav19450817-01.2.71	17 August 1945	dav	UNKNOWN	"<div class=""txtsearchsnippet"">יורחג _גית־הדווליט נודע לנו, כי לאחר שאושר התקציב להרחבת <b class=""highlightcolor"">בית החולים הממשלתי</b> למוש־ בות בתל־אביב, יוקמו בקרוב שני בנינים</div>"	spelled
308	dav19450911-01.2.9	11 September 1945	dav	לקר5ות בהירות _נהונגריה	"<div class=""txtsearchsnippet"">... _ו־17 מבין הפועלים נפצעו. _הפצו־ עיפ קשה נאטפו אל <b class=""highlightcolor"">בית החולים הממשלתי</b> בחיפה. _חמר3ז החקלאי מודיע: ישיבת הועדה לקליטת ...</div>"	spelled
309	dav19451028-01.2.47	28 October 1945	dav	Untitled	"<div class=""txtsearchsnippet"">... אבי ג'בץ בן 23 מיפו שנפצעו קשה _היעברו אל <b class=""highlightcolor"">בית החולים הממשלתי</b> ביכו, החייל _וילסון בן 29 שנגרם לו ...</div>"	spelled
310	dav19460122-01.2.39	22 January 1946	dav	Untitled	"<div class=""txtsearchsnippet"">נפלטה גוית מלוז ליד החוף בקרבת <b class=""highlightcolor"">בית־החולים הממשלתי</b> נפלטה גוית מל י ח. הרופאים קבע_^ בבדיקתם ...</div>"	maqaf
311	dav19460123-01.2.44	23 January 1946	dav	Untitled	"<div class=""txtsearchsnippet"">... בן־יהודר, בתל־אביב. המשטרה העבירה את הגופה לחדד המתים של <b class=""highlightcolor"">בית החולים הממשלתי</b> בפרדס־כץ. לזכר. ישעיהו בורמן מחר יום ה' ...</div>"	spelled
312	dav19460127-01.2.47	27 January 1946	dav	Untitled	"<div class=""txtsearchsnippet"">... בינואר, עדיין לא הובאה לקבורה, המצאת בחדר המתים של <b class=""highlightcolor"">בית החולים הממשלתי</b> בירושלים. סיבת העכוב היא שהבולשת עדיין אינה ...</div>"	spelled
313	dav19460128-01.2.54	28 January 1946	dav	מת י יוסרנ העו ד ב י ו _וע ממ _ז	"<div class=""txtsearchsnippet"">... החולים ""הדסה'' במוצאי. שבת לפני שבוע ושהיתד• מונחת בבנין <b class=""highlightcolor"">בית החולים הממשלתי,</b> הובאה פוף סוף לקבורה. על רשיון הקבורה ...</div>"	spelled
314	dav19460207-01.2.14	7 February 1946	dav	תגרה על &#8237;111_^ 1_^&#8236; _^_ד־ווורין! שני ילדים נפצעו	"<div class=""txtsearchsnippet"">אל <b class=""highlightcolor"">בית החולים הממשלתי</b> למושבות בתל־אביב. הובאו אתמול אהה""צ בסנדר של ...</div>"	spelled
315	dav19460210-01.2.38	10 February 1946	dav	Untitled	"<div class=""txtsearchsnippet"">... זכרון אחים, נחלת ציון' רה' יפו(משער יפו עד. הדאר‭, <b class=""highlightcolor"">(‬בית החולים _הממשלתי,</b> ־ דה' הנסיכה מרי (נעיין פצפה עד ...</div>"	spelled
316	dav19460220-01.2.36	20 February 1946	dav	&#8237;[11!!!1!111111!111!11!!911!! 1111111111111111!11111!11111111111!&#8236;ח&#8237;>1111!1111;11!!11111!1 &#8236;	"<div class=""txtsearchsnippet"">... בלד־אשיך פגעה במכוניתו מכונית צבאית. הוא נפצע קשר, ומועבר <b class=""highlightcolor"">'־בית החולים הממשלתי.</b></div>"	spelled
317	dav19460310-01.2.30	10 March 1946	dav	"&#8237;$_13_£&#8236;ט _^_י_^ _^ד נ11ח _?יד מ""א"	"<div class=""txtsearchsnippet"">... את הפצוע ונשאוהו על קרש 'במשך שלוש שעות אל <b class=""highlightcolor"">בית החולים הממשלתי</b> ""הירקון‭, ""‬ובדרך יצאה נשמתו. הקצין קליד !ממשטרת ...</div>"	spelled
318	dav19460424-01.2.5	24 April 1946	dav	ההתק&_ז&#8237;3!&#8236;תל־&#8237;_3_^&#8236;י3	"<div class=""txtsearchsnippet"">... ד. א‭'. ‬ םפתח-תקוה העביד את עזרא לוי אל <b class=""highlightcolor"">בית החולים הממשלתי</b> בצפון תל־אביב, הוא נפצע קשה בבטנו. בשעות ...</div>"	spelled
319	dav19460428-01.2.6	28 April 1946	dav	הלאומי ודד על	"<div class=""txtsearchsnippet"">... גויתו על ידי שני . קצינים מהדיויזה המוטסת אל <b class=""highlightcolor"">בית . החולים. הממשלתי</b> בצדיפין‭. ?‬ י כרב התימניפל באעה ...</div>"	spelled
320	dav19460609-01.2.39	9 June 1946	dav	"תל־_^ב""ג"	"<div class=""txtsearchsnippet"">... הממשלתי בפי שנודע לנו, עומדים להעביר מבית־ החולים ""הדסה?אל <b class=""highlightcolor"">בית החולים הממשלתי</b> את _ניוטיל ברינג, שנדקר בגב־ בקרבת כפר ...</div>"	spelled
321	dav19460703-01.2.6	3 July 1946	dav	"""בירה' בנמל חיפה,המעפילים בהסגר רפואי"	"<div class=""txtsearchsnippet"">... בריאותם. יש חשש לדבי, _ו־2 החשודים במחלה, הועברו אל <b class=""highlightcolor"">בית החולים הממשלתי</b> בבת _גליפ, למחלקה המיוחדת ולמחלות מידבקות. את ...</div>"	spelled
322	dav19460813-01.2.33	13 August 1946	dav	תל־אביב ראש העיריה מתנגד ל,פלישות'	"<div class=""txtsearchsnippet"">... לשחרר מיד את המכונית שהשתמשו בה שלשום בהתקפה על <b class=""highlightcolor"">בית החולים הממשלתי</b> בי6ו. _ ‭_*':‬רד על ידי חיילי הדיויזיה ...</div>"	spelled
323	dav19460815-01.2.53	15 August 1946	dav	גיקורת חמורה _על _מרגזי הטלפון	"<div class=""txtsearchsnippet"">... הממשלתי _ביגו לפי ""אידיפאע'י, מת אחד מהמשתתפים בהתקפה על <b class=""highlightcolor"">בית החולים הממשלתי</b> ביפן. ""פלשתין"" מודיע, כי יינתן פרס של ...</div>"	spelled
324	dav19460818-01.2.45	18 August 1946	dav	מר83ת ר_0רי	"<div class=""txtsearchsnippet"">... :פש. בלןיוב ייפתחו סניפים חדשים באזור ־. צפון, ליד <b class=""highlightcolor"">בית־החולים הממשלתי,</b> ובשבו, ־ ת זאבלאוי. ; _גגחוז תל־אביב מקיף ...</div>"	maqaf
325	dav19460917-01.2.24	17 September 1946	dav	התנפלות חיילים על בהורות יהודיות ־	"<div class=""txtsearchsnippet"">... ‭. 16‬מכונית המשטרה י אספת אותם והעבירה אותפ אל <b class=""highlightcolor"">בית־החולים הממשלתי.</b></div>"	maqaf
326	dav19461016-01.2.50	16 October 1946	dav	_תל־אבינ	"<div class=""txtsearchsnippet"">... י ברקתו. יהימני ת. בשעת העברת הגויה- לחדר המתים-של <b class=""highlightcolor"">בית החולים הממשלתי</b> למושבות, נמצאו שני תרמילי הכדור המתאימים לאקדו? ...</div>"	spelled
327	dav19461023-01.2.19	23 October 1946	dav	עול _התנקשויות _בוורץ	"<div class=""txtsearchsnippet"">... י מפירי עוצר. ‭_^ ;‬ סודות בייח‭'_-'‬ח -תממ'טלת־!י_^ אחיות <b class=""highlightcolor"">בי""ח הממשלתי</b> _בירושלים וזתטו 11 על התחייבות "" -שלא לגלות ...</div>"	abbrev_short
328	dav19461105-01.2.15	5 November 1946	dav	_בי11רי&#8237;/7 _8&#8236;דש &#8237;_,9 _$_*&#8236;נוצורו2 ירושלי&#8237;>0&#8236; סופרנו בירושלים מודיע : והליכה ברגל עד _למגכש _הרוסיב	"<div class=""txtsearchsnippet"">... של 7 ו־3 תתיה בראש רחוב הנסיכה מרי. ליד <b class=""highlightcolor"">בית החולים הממשלתי</b> *עומד מעמר חזק של -שוטרים בריטיינ!_וארציט־ יאליים ...</div>"	spelled
329	dav19461117-01.2.68	17 November 1946	dav	ת ל ־ א בי ב	"<div class=""txtsearchsnippet"">... המשטרה ‭0_*‬ הפצוע, שהיה בבית החולים _העירזני , אל <b class=""highlightcolor"">בית החולים הממשלתי</b> ביפו. גין 'ט‭;_5‬ימ ודיירימ בטשד השבת קיבלו ...</div>"	spelled
330	dav19461119-01.2.65	19 November 1946	dav	UNKNOWN	"<div class=""txtsearchsnippet"">... שנסעו בה — נחרנו. הפצועים וחהרוג הועברו תהילה אל <b class=""highlightcolor"">בית החולים הממשלתי</b> ברמלה ומשם, ל. הד־ _סהי_^בתל־אביב. ייי""י ואלה ...</div>"	spelled
331	dav19461120-01.2.23	20 November 1946	dav	נקש הממשלה בירושלים העברית	"<div class=""txtsearchsnippet"">... נעקרו כליל מן השטח שהוחרם. ואילו בהי המשפט הממשלתיים, <b class=""highlightcolor"">בית החולים הממשלתי</b> שאלפי אזרחים מוברחים לבוא אתם במגע _בלתי־ ...</div>"	spelled
332	dav19461211-01.2.81	11 December 1946	dav	נ&#8237;^^&#8236;_עו 3	"<div class=""txtsearchsnippet"">... על החזקת נשק לפצועים הוגשה עזרה ראשונה ע''_י רופאי <b class=""highlightcolor"">בית החולים הממשלתי.</b> מועצת המשנה לפועלי המושבות תהי ־ ביום ...</div>"	spelled
333	dav19461225-01.2.63	25 December 1946	dav	"_8יש 7ח""י _נר_1ח עיי חבריו ישראל 25 מבני ברק נמצאבאריגת טכסטיל בת""א — אולם"	"<div class=""txtsearchsnippet"">... קשה לסני הידצחו. גויתו הועברה ? לחדר המתים של <b class=""highlightcolor"">בית החולים הממשלתי</b> בפרדס כ""ץ. חיפוש גגית הנרצח במוצאי שבת ...</div>"	spelled
334	dav19470101-01.2.32	1 January 1947	dav	Untitled	"<div class=""txtsearchsnippet"">... השודדים. ו‭^&gt;&lt;‬ו את עוזרו, דאוד מעירי, הביא הרופא אל <b class=""highlightcolor"">בית־החולים הממשלתי.</b> השודד עצמו י ברח מידי השנים, לאחר _שפגיע ...</div>"	maqaf
335	dav19470130-01.2.6	30 January 1947	dav	שוחרר ה.ג קולינס הועבר ־ לבית־ח1לים&#8237;?.—_.&#8236;א שניתי יחסי האוהד יישוב* אומר השופט וינדהאם	"<div class=""txtsearchsnippet"">... בשתי מכוניות משוריינות. קוליגס הועבר מיד במכונית מד''א אל <b class=""highlightcolor"">בית החולים הממשלתי.</b> עוד בטרנ!זזה המכונית הספיקו עתונאים מהבתים השכנים ...</div>"	spelled
336	dav19470212-01.2.6	12 February 1947	dav	המעפיל האלמוני הובא לקברות	"<div class=""txtsearchsnippet"">... הצבור . להשתתף בהלויה. _בי10 לפני הצהרים נתאספו לפני <b class=""highlightcolor"">בית־החולים : הממשלתי</b> בבת־גלים משלחות מטעם הסוכנות היהודית, הקהילה ־עברית ...</div>"	maqaf
337	dav19470214-01.2.91	14 February 1947	dav	ירושלים גורמים גורמים צבוריים צבוריים מצדיקים מצדיקים את את	"<div class=""txtsearchsnippet"">... גויהז של עלי:אכו זיי* בן ‭, 14‬הובאה אתמול בבוקר <b class=""highlightcolor"">&gt;בית החולים _הממשלתי</b> בירושלים. הנער מצא פצצה בשדה, קי‭7?‬ק בה ...</div>"	spelled
338	dav19470219-01.2.69	19 February 1947	dav	נש38י 1_נוי &#8237;; _5 &#8236;	"<div class=""txtsearchsnippet"">... ‭_8 , ‬ל ו. ר. פאק-ג'יק, _השוגב כאגף הבריטי‭&gt;*‬ <b class=""highlightcolor"">בית החולים _הממשלתי</b> בירושלי‭. 6‬ י -</div>"	spelled
339	dav19470330-01.2.38	30 March 1947	dav	משנס ה&#8237;4-&#8236; בירושלים	"<div class=""txtsearchsnippet"">... _ק_&amp;שטרה, אקר נ* הסיעי אחרי כן את _האסירים אל <b class=""highlightcolor"">בית החולים הממשלתי.</b> כל . אותו זמן, אגר העד, ראה ...</div>"	spelled
340	dav19470519-01.2.81	19 May 1947	dav	Untitled	"<div class=""txtsearchsnippet"">... עשרה ימים נדוטף תייוק של ערביה ממחלקת היולדות של <b class=""highlightcolor"">בית־החולים הממשלתי</b> בחיפה. לפי מכתב אנונימי שנתקבל במשטרה נמצא התינוק ...</div>"	maqaf
341	dav19470603-01.2.21	3 June 1947	dav	_תת־מקלע בחטף מידי שוטר יהודי_9צע._גיריה ;	"<div class=""txtsearchsnippet"">... הדסה‭. ""‬ סרג'נט המשטרה דרש להעביר את הפצוע אל <b class=""highlightcolor"">בית החולים הממשלתי</b> ביפו. אולם הרופא סירב בטענת שהפצוע טעון ...</div>"	spelled
342	dav19470611-01.2.73	11 June 1947	dav	UNKNOWN	"<div class=""txtsearchsnippet"">... בשנות . המלחמה בצבא הבריטי, נתמנ* . סגן מנהל <b class=""highlightcolor"">ביה''ח הממשלתי</b> בחיפה. יצהלן _גליכטון, מזכיר י משטרת אזור רחובות, ...</div>"	abbreviated
343	dav19470731-01.2.30	31 July 1947	dav	ההסכם עם המאפיות	"<div class=""txtsearchsnippet"">... _אשל נאסר בליל ה־23 ביולי והוחזק בתא האסורים של <b class=""highlightcolor"">בית־ החולים הממשלתי</b> בירושלים, שוחרר אתמול ממאסרו, בהשתדלות עורן־־ה־ין ג. ...</div>"	spelled
344	dav19470801-01.2.63	1 August 1947	dav	־ &#8237;_£1 3!1&#8236; חיילים התגרו במאות בעלים שנעצרו	"<div class=""txtsearchsnippet"">... זו בתה. הקצין ערך חיפוש ומצא את החיתולים של <b class=""highlightcolor"">בית החולים הממשלתי.</b> הרופא ד""ר נמר טוקן בדק את חיכמאת ...</div>"	spelled
345	dav19470812-01.2.6	12 August 1947	dav	11777 הרד ג7 _*וגז הו11ו&#8237;~_2 &#8236;	"<div class=""txtsearchsnippet"">... המלון שאלה ? לאטד, ולק אחר בן פנתה אל. <b class=""highlightcolor"">בית החולים הממשלתי</b> וזיהתה אותה. . - חלויה עירית תל־אביב ...</div>"	spelled
346	dav19470813-01.2.123	13 August 1947	dav	Untitled	"<div class=""txtsearchsnippet"">... המתנדבים והעובדים של מ. ד. א. להעביר פצועים אל <b class=""highlightcolor"">בית החולים הממשלתי</b> ביפו. הוגשה עזרה לכל הפצועים הנזקקים, בלי ...</div>"	spelled
347	dav19470813-01.2.43	13 August 1947	dav	"&#8237;""^^ &#8236;"	"<div class=""txtsearchsnippet"">... מגפת טיפוס‭25. ‬ מאנשי הכפר הועברו למחלקה מיוחדת של <b class=""highlightcolor"">בית החולים הממשלתי</b> בחיפה. על הכפר הוטל הסגר. זכר""ן־יעקב. הערב ...</div>"	spelled
348	dav19470813-01.2.44	13 August 1947	dav	"&#8237;_^5 1_13 1 """"^ 8&#8236; _ט 13"	"<div class=""txtsearchsnippet"">... נשק ומחופש בבגדימי ערגייט — הובא אתמול בבוקר אל <b class=""highlightcolor"">בית־החולים. הממשלתי</b> בירושלים לריפוי‭.. ‬מצב גופו לקוי. הוכנס לחדר־ האטיו'ים ...</div>"	maqaf
349	dav19470813-01.2.77	13 August 1947	dav	"יושם .קץ _לגל־הדמוימ מיד! הרוגים ופצועים "" בגבולות תל־אביב ויפו עו_&ף־לילו?_בגבוקיווו ר,_ערימ&#8237;-,&#8236; _קריאות _איריות _לתושבים 'לשמור על ד&#8237;0,&#8236;דד וה_^קט"	"<div class=""txtsearchsnippet"">... לעיר שיירה גדולה של צבא והעבירה את הגויה אל <b class=""highlightcolor"">בית החולים הממשלתי</b> ביפו.</div>"	spelled
350	dav19470815-01.2.63	15 August 1947	dav	Untitled	"<div class=""txtsearchsnippet"">... חדר נוח, ס. שחסר. שכ' רסקו, בלוק 78 (ע‭_-'‬י <b class=""highlightcolor"">בי""ח הממשלתי</b> ‭_^ . (‬ _מק‭_£_"". ‬ ליבה עם פנסיון. ...</div>"	abbrev_short
351	dav19470817-01.2.34	17 August 1947	dav	_^_ביתת־ר&#8237;55 _^ 3_^&#8236; חוזיות	"<div class=""txtsearchsnippet"">... ביום ו' שופט חשלום . הראשי ד""ר דל""צויו. אל <b class=""highlightcolor"">בית החולים הממשלתי</b> בחיפה כדי להוציא פקודת מאטד ל־15 יום ...</div>"	spelled
352	dav19470819-01.2.41	19 August 1947	dav	&#8237;.?&#8236;ההסתדרות!	"<div class=""txtsearchsnippet"">... שה על ידי הרכבת בק''מ ‭19. 350‬ והועברה אל <b class=""highlightcolor"">בית החולים הממשלתי</b> בחיפה. משהגיעה הרכבת אל התחנה הקרובה בטנשיה, ...</div>"	spelled
353	dav19470827-01.2.67	27 August 1947	dav	Untitled	"<div class=""txtsearchsnippet"">... מנצרת ז8ט8נטורה הל-יא י השבר! ילדים _חולי־אסכריי (דיפטרי־) אל <b class=""highlightcolor"">בית־ החולים הממשלתי</b> בחיפה. אחד מהם תינוק בן 6 חדשים, ...</div>"	spelled
354	dav19470902-01.2.33	2 September 1947	dav	"קונוו"""	"<div class=""txtsearchsnippet"">... לפנות: וק5מן, ון""א, שיכון _ראסקו 10 ע""י _הירקון טול <b class=""highlightcolor"">ביה""ח הממשלתי.</b></div>"	abbreviated
355	dav19470904-01.2.18	4 September 1947	dav	נגד &#8237;?!&#8236;_מק&#8237;_^_3&#8236;י &#8237;_4*3_^_3&#8236;ח	"<div class=""txtsearchsnippet"">... מפירי השביתה‭4. ‬ נפצעו קשה _בפגינימ ובמקלות והועברו אל <b class=""highlightcolor"">ביתהחולים הממשלתי‭??......</b> ‬• _^</div>"	maqaf
356	dav19470910-01.2.63	10 September 1947	dav	ש_&ףןיוייו_* הגשר _83יגז&#8237;_£!&#8236;וטדת	"<div class=""txtsearchsnippet"">... השאר — קשה. גט נח;המכונית העל'נית נפצע והועבר אל <b class=""highlightcolor"">בית החולים \ הממשלתי</b> • משטית חדלה חוקרת.</div>"	spelled
357	dav19470911-01.2.16	11 September 1947	dav	Untitled	"<div class=""txtsearchsnippet"">... תצא הבוקר ב־9 מבית סמינר הקיבוצים בשב' הירקון (ליד <b class=""highlightcolor"">בית החולים הממשלתי</b> למושבות‭!(‬י. מרגולין יובא לקבורה — כבקשתו בצוואה ...</div>"	spelled
358	dav19471014-01.2.14	14 October 1947	dav	&#8237;11_^&#8236;ה _*קת10ליו?ה_&_מריל_&יונ	"<div class=""txtsearchsnippet"">... לבית החולים ־על ידי מגן דוד אדום, לאחר שמכונית <b class=""highlightcolor"">בית החולים הממשלתי</b> התמהמהה לבוא. היתה שמירי! , מיום שבת ...</div>"	spelled
359	dav19471017-01.2.114	17 October 1947	dav	מפנקס הזמו	"<div class=""txtsearchsnippet"">... יום וחבורות אבלים מוכי האסון עמדו קודרים ואומללים ליד <b class=""highlightcolor"">בית־החולים הממשלתי</b> בחיפה, שעות מעטות לאחר שקול הנפץ העז הרעיש ...</div>"	maqaf
360	dav19471017-01.2.92	17 October 1947	dav	צרור _^ _^י_0	"<div class=""txtsearchsnippet"">... אזעקה לאחד שנפלט כדור מנשקי של חייל ששמד על <b class=""highlightcolor"">בית החולים הממשלתי‭—.</b> ‬ בעיד העתיקה בילושלים התפוצץ, אול ליום ...</div>"	spelled
361	dav19471023-01.2.6	23 October 1947	dav	_טצועימ ונזקים בםמטמית חרט _3י&#8237;!3&#8236;ו	"<div class=""txtsearchsnippet"">... דרך, בתוכם שוטר ערבי , נפצעו ק57ה _והועברי אל <b class=""highlightcolor"">בית החולים הממשלתי</b> ביפו. הפצצה השניה נזרקה _ב־8 אל חנות ...</div>"	spelled
362	dav19471124-01.2.31	24 November 1947	dav	ת ל־אב י ב	"<div class=""txtsearchsnippet"">... על הירקון ונפגע בשני כדורים בידו, עזב אתמול את <b class=""highlightcolor"">בית החולים הממשלתי</b> ""הירקון‭. ""‬ איגוד לוצאי . וילנא‭.. ‬קבלת ...</div>"	spelled
363	dav19471209-01.2.35	9 December 1947	dav	"סולד בונה ה""ם תכניו&#8237;!! &#8236;"	"<div class=""txtsearchsnippet"">... עבודות שיכון נרחבות בת''א, קרית ~ עבודה, קרית חיים, <b class=""highlightcolor"">בית החולים הממשלתי</b> בחיפה. הקמת נ8ל ת""א בשיתוף המש־ רד ...</div>"	spelled
364	dav19471215-01.2.20	15 December 1947	dav	&#8237;*8&#8236;יר.יהודי נמצא הנוק בקרגת פ י ת	"<div class=""txtsearchsnippet"">... נגיע במחלת עצבים. גויתו הועברה אל חדר המתים של <b class=""highlightcolor"">בית החולים הממשלתי</b> _בפרדט בץ. ? עוצר הלילה‭5, ‬צ_5ה נמשך ...</div>"	spelled
365	dav19471217-01.2.65	17 December 1947	dav	מד.בין הערבים	"<div class=""txtsearchsnippet"">... צע בראשו ע""י ערבי אחר. במצב קשה הובא אל <b class=""highlightcolor"">בית החולים הממשלתי.</b> _העתילות -הערבית קובלת על התקפות _העתונת הערבית ...</div>"	spelled
366	dav19471229-01.2.26	29 December 1947	dav	UNKNOWN	"<div class=""txtsearchsnippet"">קרבנות ירושלים אתמול הם: ד""ר הוגו לארס, רופא <b class=""highlightcolor"">בית־החולים הממשלתי</b> בבית־ צפא3ה, כין ‭. 40‬דוד נוימרק, בן 16 ...</div>"	maqaf
367	dav19480101-01.2.11	1 January 1948	dav	_ליחי _יה1די !_זי_^ה _ונת _לרבנות _בתי־הזיקוק	"<div class=""txtsearchsnippet"">... הצהריים הועברו הרופאים היהודים, ;אהיות והמתלמדות, כ־40 איש בסך־חכל, <b class=""highlightcolor"">!בית החולים הממשלתי</b> בבת־גלים. המגב _ובית־ההולים ללא נשוא. ערבים מן ...</div>"	spelled
368	dav19480107-01.2.16	7 January 1948	dav	ב_&יוית בטחון בחיננה	"<div class=""txtsearchsnippet"">... הבריאות בהדר הכרמל (עד עתה נמצאת מחלקת הבריאות בתוך <b class=""highlightcolor"">בית החולים הממשלתי</b> בבת־גליב, ויהודים אינם יכולים ליהנות _סתירותיה‭. (‬ ...</div>"	spelled
369	dav19480109-01.2.13	9 January 1948	dav	Untitled	"<div class=""txtsearchsnippet"">... לא הביע כל רגשות זוועה. נרצח רופא יחידי בתוך <b class=""highlightcolor"">בית חולים ממשלתי</b> בשעת עבודתו — השלטון לא הביע כל ...</div>"	indefinite
370	dav19480114-01.2.15	14 January 1948	dav	כברנ1ית מרצחים התקיפה ש&#8237;_#1&#8236;ר*ם בשדות משמר הים	"<div class=""txtsearchsnippet"">... גויות שלא זוהו בביה""ה הממשלתי כהיפה בחדר המתים של <b class=""highlightcolor"">בית החולים הממשלתי</b> בחיפה מוטלות שתי גויות, האחת נמצאה ביום ...</div>"	spelled
371	dav19480119-01.2.34	19 January 1948	dav	הממשלה הודיעה על יריות - שלא נורו ועל רופאים - שאי1ם קיימים	"<div class=""txtsearchsnippet"">... אי גינוי על הרצה השפל של ד""ר לארס. מנהל <b class=""highlightcolor"">בית החולים הממשלתי</b> בבית־צפפה, היא מצאה לנכון לפרסם ידיעות על ...</div>"	spelled
372	dav19480120-01.2.57	20 January 1948	dav	Untitled	"<div class=""txtsearchsnippet"">... שקרנים. עכשיו גם מסתבר, מדוע שתקה המחלקה לאחר שרופא <b class=""highlightcolor"">בית החולים הממשלתי</b> בבית _צפפה ד""ר לארס נר-</div>"	spelled
373	dav19480122-01.2.10	22 January 1948	dav	הטון ש_^טימ _בערביפ מזוינים _3_ירושלימ	"<div class=""txtsearchsnippet"">... ששה ‭;, ‬ ימים. מחברה קדישא התקשרו טלפונית עם <b class=""highlightcolor"">בית־החולים הממשלתי,</b> כדי לברר, מאין _הובאה הגרה והיכן נמצאה, אך ...</div>"	maqaf
374	dav19480125-01.2.55	25 January 1948	dav	בבית החולים _הטפשלתי בחיפה _מתהלננים פור9ים חמושים כבתוך ש?ר.מ	"<div class=""txtsearchsnippet"">לפני -שלינה שטעית עזבו גל העלב־ דים _הימורים את <b class=""highlightcolor"">בית־החולים הממשלתי</b> בחיפה ועד עתה לא נעשו שם כל סידורי ...</div>"	maqaf
375	dav19480128-01.2.27	28 January 1948	dav	UNKNOWN	"<div class=""txtsearchsnippet"">... _8נימ‭3~. ‬ת ‭-, 50‬ _פצעיה קלים;שני הפצועים נלקחו אל <b class=""highlightcolor"">ביה""ח הממשלתי</b> ‭--. ‬רקרג_*ה. בת 60 נפצעה־ ביום ב'־ *ד ...</div>"	abbreviated
376	dav19480205-01.2.9	5 February 1948	dav	שוטר בריטי רצח יהודי _3ג_3נ&#8237;5*&#8236;י הי_3ה	"<div class=""txtsearchsnippet"">... בן ‭. 19‬גופתו הועברה ע''י המשטרה _ב־2 בלילה אל <b class=""highlightcolor"">בית החולים הממשלתי</b> _גבת־גלים. נאסרו 8 עובדי נטל יהודים.</div>"	spelled
377	dav19480212-01.2.40	12 February 1948	dav	250 אמירים יהודיפ בטקים _גגלא ירושלים	"<div class=""txtsearchsnippet"">מצג הבריאות בעקב המאורעות האחרונים נשאר <b class=""highlightcolor"">בית־ החולים הממשלתי</b> — הסמוך לבית הסוהר — בלי ייופא ...</div>"	spelled
378	dav19480215-01.2.25	15 February 1948	dav	הה&#8237;1111 6 _911&#8236; ה &#8237;^!/&#8236;ו&#8237;33 13&#8236; יר	"<div class=""txtsearchsnippet"">... הלק מן הפצועים במכוניות ה""צלב האלום"" של הצבא, אל <b class=""highlightcolor"">בית החולים הממשלתי</b> ברמלה. . _כריגאדח בינלאומית"" - נגד כוחות ...</div>"	spelled
379	dav19480216-01.2.51	16 February 1948	dav	יש ל.שים ס?למעשי שרד והפקרות עירית ת&#8237;_8_*&#8236; דורשת _מקבלני הבניז להפסיק	"<div class=""txtsearchsnippet"">... בפברואר _מארצות־הברית בדרכו לארץ. לתשומת לב קרובי חולי-הרוח של <b class=""highlightcolor"">בית החולים הממשלתי</b> ? בבת-יפ אינפורמציה על מצבם של החולים ...</div>"	spelled
380	dav19480225-01.2.22	25 February 1948	dav	הרעשה בריטית וקרבות עם ערבים בירושלים	"<div class=""txtsearchsnippet"">... גי. פגז אהד נפל ליד מחלקת היולדות של י <b class=""highlightcolor"">בית החולים הממשלתי,</b> אחד על גג בית הדואר ואחד ברחוב ...</div>"	spelled
381	dav19480302-01.2.67	2 March 1948	dav	בית החולים בפרדס כץ	"<div class=""txtsearchsnippet"">לידי י הודים <b class=""highlightcolor"">_בית־החולים הממשלתי</b> למחלות מדבקות שבפרדס־כ""ץ עבר לידי היהודים, לאיור שהמנהלת ...</div>"	maqaf
382	dav19480309-01.2.64	9 March 1948	dav	ציוד צ_83י להגבה	"<div class=""txtsearchsnippet"">... האחות הותיקה חיה פורמן . גתמנתה *חית אהיאית -של <b class=""highlightcolor"">בית החולים הממשלתי</b> למושבות‭-. ‬כידוע‭-'‬ שימשה בתפקיד זה, 0_אז פתיחת ...</div>"	spelled
383	dav19480325-01.2.28	25 March 1948	dav	אש הכנופיות אל שכונות ירושלים	"<div class=""txtsearchsnippet"">... ההוליפ הממשלתי ל8וש3ות - לעירית תל־אכיב גודע לנו כי <b class=""highlightcolor"">בית החולים הממשלתי</b> למושבות _גתל־אנינ יעבור לרשות הע יביה- ‭-,, ...</div>"	spelled
384	dav19480401-01.2.49	1 April 1948	dav	הצב_8 עומד לעזוב את העיר העתיקה בירושלים	"<div class=""txtsearchsnippet"">... אתו1 בענינים הנוגעים לעיר: שמירת נמל יפו והנהלתו, ספירת <b class=""highlightcolor"">בית החולים הממשלתי</b> לעירית, הגברת ""התגוננותה"" של יפו והגדלת מספר ...</div>"	spelled
385	dav19480408-01.2.6	8 April 1948	dav	ההגנה כבשה את חולדה הערבית ודיר־מורדיסיו	"<div class=""txtsearchsnippet"">... שנפצעו קל שלשום בד־ רך לירושלים, הובאו אהטול אל <b class=""highlightcolor"">בית החולים הממשלתי</b> למושבות בתל־אביב. ש_^ו תיהה: חייפ בוזליל מרחוב ...</div>"	spelled
386	dav19480414-01.2.25	14 April 1948	dav	ההגנה פוצצה עוד גשר־כנופיות	"<div class=""txtsearchsnippet"">... הפצוע, אולם יריות אנשי המגן מנעו זאת מהם. אל <b class=""highlightcolor"">בית החולים הממשלתי</b> . הירקון* הובא אתמול, פצוע בכדור ברגל, ...</div>"	spelled
387	dav19480421-01.2.44	21 April 1948	dav	&#8237;>< &#8236;	"<div class=""txtsearchsnippet"">... ובה של הקובה עמלה למען ההר לה העדבי, אזרח <b class=""highlightcolor"">בית החולים הממשלתי.</b> עם פרוץ המאוועות הועברה ליוושלים. לא הובה ...</div>"	spelled
388	dav19480516-01.2.19	16 May 1948	dav	נאום ב ן ־ ג 1 ר י ו ן	"<div class=""txtsearchsnippet"">... הכהויט מישלםים השוגים נעיר. בין היתר השתלטו היהירים על <b class=""highlightcolor"">בית החולים הממשלתי</b> ועל בית־החולים האיטלקי. , ה5ימה"" עם הי'טוכ ...</div>"	spelled
389	dav19480620-01.2.42	20 June 1948	dav	ת י .פ ה י . בית החולים הממשלתי בחיפה מתארגז מחדש	"<div class=""txtsearchsnippet"">ת י . פ ה י . <b class=""highlightcolor"">בית החולים הממשלתי</b> בחיפה מתארגז מחדש</div>"	abbreviated,spelled
390	dav19480621-01.2.48	21 June 1948	dav	&#8237;8 6 53383 1 8 &#8236;	"<div class=""txtsearchsnippet"">... את כל עניני האישפוז בחיפה רבתי , להעביר אל <b class=""highlightcolor"">בית החולים הממשלתי</b> את רוב המחלקות של שאר בתי החולים, ...</div>"	spelled
391	dav19480809-01.2.37	9 August 1948	dav	_חיפה 1נית ההולימ _הוזמנתי _בחי_&ה _לר'_עוות י_^_רונל	"<div class=""txtsearchsnippet"">... נציגי הממשלה, באיכות עירית היפה יועד קהילת חיפה יועבר <b class=""highlightcolor"">בית החולים הממשלתי</b> בחיפה -אשר באופן זמני היה בהנהלת העירית ...</div>"	spelled
392	dav19480831-01.2.46	31 August 1948	dav	ח * ־ק ן&#8237; -!-&#8236;_י!_־ש&#8237;5 _0 &#8236;	"<div class=""txtsearchsnippet"">... סקיי-ה על מצב _האישסוז בבתי _החוליפ בחיקה עם העברת <b class=""highlightcolor"">בית החולים הממשלתי</b> לידי מדינו!ישראל ובית החוליםרו&amp;שילד"" לידי העי־ דיה. ...</div>"	spelled
393	dav19480917-01.2.35	17 September 1948	dav	משהו ממעשה בראשית	"<div class=""txtsearchsnippet"">... ‭"". ‬תנו ובצאתם חזיר;למקום אשר משם באו. על מרפסת <b class=""highlightcolor"">-בית_""החולים הממשלתי</b> הקשבתי לדברי _£מו של אחד החיילים הפצועים בשיחתה ...</div>"	maqaf
394	dav19480917-01.2.67	17 September 1948	dav	שר־הפנים לא אישר הצעת המופלגות והארגון להרחבת יועדה העירונית בחיפה	"<div class=""txtsearchsnippet"">... לאחיות ליד ביה""ח הירקון בתל־אביב ובית הספר לאחיות ליד <b class=""highlightcolor"">ביה""ח הממשלתי</b> בחיפה. מסט־ התלמידות בשני בתי־הספו הוא ‭. 70‬ ...</div>"	abbreviated
395	dav19480928-01.2.58	28 September 1948	dav	ההכנות לרישום התושבים	"<div class=""txtsearchsnippet"">... נמצא בג'בליד‭), ‬יפו) לח' ב' מס' 141_־12 ל יד <b class=""highlightcolor"">בית החולים הממשלתי.</b> האוטובוס (של דרום יהודה) לג'בליה יוצא מהתחנ ...</div>"	spelled
396	dav19481003-01.2.74	3 October 1948	dav	ח פה	"<div class=""txtsearchsnippet"">. החופי* המצ3 בנין העובדים בבית-החלןים הממשלתי עובדי <b class=""highlightcolor"">בית־החולים הממשלתי</b> בחיפה סירבי לקבל את טשטרתט בעד חודש ספטמבר. ...</div>"	maqaf
397	dhy19300417-01.2.6	17 April 1930	dhy	משפט הנאשמים 'ברצח משפחת גרשון	"<div class=""txtsearchsnippet"">... פאיז חדאד• המשפט נפסק צשבועים _מכיון שר""ר אוריוניג הפא <b class=""highlightcolor"">בית החולים הממשלתי</b> בחבהן שיצריך היד, ‭_. _#‬עיד במשפט זה ...</div>"	spelled
398	dhy19310301-01.2.41	1 March 1931	dhy	מאסר קומוניסט;	"<div class=""txtsearchsnippet"">... עדויותיהם של מפקח המשטרה מר עבוד"" אחות ופקיד ‭2'‬ל <b class=""highlightcolor"">_ביה""ח הממשלתי</b> שטפלו באשה הפצועה, ‭:.. ""‬שפט ימשך עוד כמר. ...</div>"	abbreviated
399	dhy19310308-01.2.33	8 March 1931	dhy	חיפה	"<div class=""txtsearchsnippet"">... 100 לא י' י לסלילת חלק מדר רהוב שע""י <b class=""highlightcolor"">ביה""ח הממשלתי</b> כפי דרישת הממ־ ש לה . ג)ל. מסור ...</div>"	abbreviated
400	dhy19310417-01.2.11	17 April 1931	dhy	"•.... - - - - ......,, . ,,..&#8236; &#8237;9^1 ת ך^ףןן^ןף ן' &#8237;^ף?&#8236;ךךן־ &#8237;. :&#8236; ?•&#8237;|4. 41 ר¥^ 1^^ ? # V > ־!? ^ מ*??^&#8236; •• . £^&#8236; ־1־1/?* •II 41^111111 ~ 1115^7 0?""^^1""•1 11. &#8237;.. .. \ \ ־"	"<div class=""txtsearchsnippet"">... ‭!ל הל רב, ביניהם ' גם לןךובי""ההרוגה הלכו: עד <b class=""highlightcolor"">בית החולים הממשלתי,</b> ו ?ריאות ימנם הרעישו את חלל ארה ...</div>"	spelled
401	dhy19320606-01.2.35	6 June 1932	dhy	"מדז""חד־מז בבירתבו?"	"<div class=""txtsearchsnippet"">... הספר, סירסבהאיד, סגנו של פיק פשה, גברת רוגן, מנהלת <b class=""highlightcolor"">בית החולים הממשלתי</b> בירושלים, גבי' טשאנל מנהלת ובית חולות הרוח ...</div>"	spelled
402	dhy19320612-01.2.31	12 June 1932	dhy	Untitled	"<div class=""txtsearchsnippet"">... יצאנ מיד למקום ומצאו את גופת הנרצה שהובלה א_$ <b class=""highlightcolor"">ביה""ח הממשלתי.</b> ר גיגבים טרם נתפשו. נהרג מתוך שינה ביום ...</div>"	abbreviated
403	dhy19320623-01.2.33	23 June 1932	dhy	_בחרוזות חיריח	"<div class=""txtsearchsnippet"">... 18 כיוצי וצא יוני , כפי שהודענו בטעות. מסדרי <b class=""highlightcolor"">בית החולים הממשלתי</b> כמה מקרובי ההוצים שמזצם גרם צהם אשכב ...</div>"	spelled
404	dhy19320725-01.2.8	25 July 1932	dhy	ה י פנ י םי מפוצצ ם	"<div class=""txtsearchsnippet"">... גבית הכנסת "" שירת ישראל"" בשכונת רוהמת על יד <b class=""highlightcolor"">בית החולים הממשלתי</b> במהנת יהודה. על הפרק : א. אשור ...</div>"	spelled
405	dhy19321016-01.2.5	16 October 1932	dhy	Untitled	"<div class=""txtsearchsnippet"">... 'מעמקי הבאר הקטלנית. _גופותיהם של שאשת הקרבנות הובא!הבדיקה אל <b class=""highlightcolor"">ביה""ח הממשלתי.</b> העבודה בקרירה הבאר• הופסקה ע""י־ תמשמ־־ה אזמן בלתי־מוגבל. ...</div>"	abbreviated
406	dhy19330623-01.2.2	23 June 1933	dhy	Untitled	"<div class=""txtsearchsnippet"">... יום אתמול ?ביקרו אנשים רבים את הדר המתים של <b class=""highlightcolor"">בית החולים הממשלתי</b> כדי לדעה מיהו המת. "" ממועצת פועלי ...</div>"	spelled
407	dhy19330808-01.2.35	8 August 1933	dhy	Untitled	"<div class=""txtsearchsnippet"">... הדרוש, הן מבחינה רפואית והן מבהינה הגוכית וסדורית. נפתה <b class=""highlightcolor"">בית החולים הממשלתי.</b> — בית־התולים הממשלתי נפתה כבר. הוא מתנהל ...</div>"	spelled
408	dhy19341018-01.2.51	18 October 1934	dhy	הערנית	"<div class=""txtsearchsnippet"">... מחלת המלריה התפשטה בזמן האחרון במדד , נוראה ברמלה. <b class=""highlightcolor"">בית החולים הממשלתי</b> נתמלאו הולים. העתון מציין, כי רחובות רמלה ...</div>"	spelled
409	dhy19341023-01.2.16	23 October 1934	dhy	משפט ענדו?מניד ואחיו	"<div class=""txtsearchsnippet"">ראשון לעדים מופיע הד""ר רייטלר, רופא <b class=""highlightcolor"">בית החולים הממשלתי</b> ביפו שבדק את גופת לוטפי יום אהרי ...</div>"	spelled
410	dhy19350308-01.2.49	8 March 1935	dhy	רצח?	"<div class=""txtsearchsnippet"">... קולוניה (מוצא) נמצאח גופת פלחיה מכפר םויריק. הגופה _הועבידי <b class=""highlightcolor"">_^בית־ החולים הממשלתי</b> בירושלים לשם הקירח. הסתה בכל הדרכים "" ...</div>"	spelled
411	dhy19350322-01.2.52	22 March 1935	dhy	בכף ובשלח	"<div class=""txtsearchsnippet"">... הנתקף, ומד האריםון הובל ע""י איציק באפנוע שלי אל <b class=""highlightcolor"">'בית החולים הממשלתי.</b> ‭_?::‬ *</div>"	spelled
412	dhy19350404-01.2.49	4 April 1935	dhy	תל־אביב	"<div class=""txtsearchsnippet"">... 3 ימים בימה של ת""א. בא־כחנו נתקשר מיד עם <b class=""highlightcolor"">ביה""ח הממשלתי</b> ביפו' אך מפני השעה המאוחרת לא רצו לאשר ...</div>"	abbreviated
413	dhy19350509-01.2.73	9 May 1935	dhy	ירושלים	"<div class=""txtsearchsnippet"">... חכתחו. :י י _*בךר מיד שהילד חיה הולה, והובל <b class=""highlightcolor"">;בית החולים הממשלתי.</b> אתמול בבוקר _£ז_^ח&gt;וירה _ רפואית הוכיחה‭', ‬מחי_*ד ...</div>"	spelled
414	dhy19350912-01.2.71	12 September 1935	dhy	חיפה	"<div class=""txtsearchsnippet"">ייבנה <b class=""highlightcolor"">בית חולים ממשלתי</b> ""מוקטם"" מודיע שהממשלה עומדת לבנות בית־חולים ממשלתי ...</div>"	indefinite
415	dhy19351008-01.2.48	8 October 1935	dhy	ף&#8237;** _^8£8(_£| *_0&#8236;י 46 ,ף*	"<div class=""txtsearchsnippet"">... רפין, סוריקוב, סיירוב, סטיפנוב, צ'כונין, אייבזובסקי, ארביפוב, נויגוגרוב, ועוד. <b class=""highlightcolor"">בית חולים ממשלתי</b> בכפר פלשטין"" מודיע כי הממשלח חפ־ "" ...</div>"	indefinite
416	dhy19351021-01.2.36	21 October 1935	dhy	ירושלים של מטה _.האללו! מגן דוד ודום* ?	"<div class=""txtsearchsnippet"">... לאהר שטלפנו חצי שעה למגד""א — הוכרהו להתקשר עם <b class=""highlightcolor"">ביה""ח הממשלתי</b> וכעבור 3 רגעים מגיעה המכונית הממשלתית של העזרה ...</div>"	abbreviated
417	dhy19360415-01.2.104	15 April 1936	dhy	UNKNOWN	"<div class=""txtsearchsnippet"">תודת <b class=""highlightcolor"">בית החולים הממשלתי</b> בירושלים למנהל בית | התבשיל והכנסת אורהים ...</div>"	spelled
418	dhy19360614-01.2.47	14 June 1936	dhy	Untitled	"<div class=""txtsearchsnippet"">... בום ובליית שנ* חיילים מהרי כחץ מ־יבת העירה, ל <b class=""highlightcolor"">בית החולים הממשלתי.</b> הנזזג רדב־ב־ץ עזר לריפאים ־־:־־' את בגדי ...</div>"	spelled
419	haam19310605-01.2.1	5 June 1931	haam	המלך חוסיין מת	"<div class=""txtsearchsnippet"">... בשעה 2 וחצי אחה־צ הניע האוטו לשער הפרחים אל <b class=""highlightcolor"">בית החולים הממשלתי</b> שבו הונח ארון המת• הארון הורד ונשא ...</div>"	spelled
420	hadashott19400115-01.2.26	15 January 1940	hadashott	סכנת הסגירה מאיימת על בית הזזוליט לחולי הרוה בבני־בוק	"<div class=""txtsearchsnippet"">... החולם 26 חולים בלתי מסוכנים כביכול... — הקיים בארץ <b class=""highlightcolor"">בית חולים ממשלתי</b> לחולי רוחז — קיים <b class=""highlightcolor"">בית חולים ממשלתי</b> ...</div>"	indefinite
421	hadoar19360911-01.2.8	11 September 1936	hadoar	ב^רנודהדמם	"<div class=""txtsearchsnippet"">... — מרתה פינק מווינה ונחמה צדק מארץ־ישראל — במבוא <b class=""highlightcolor"">בית־החולים הממשלתי</b> ביפו, במקום שהן עובדות זה ימים רבים, ביחס ...</div>"	maqaf
422	hadoar19460906-01.2.10	6 September 1946	hadoar	"מ״שלב"" ל,,שלב"""	"<div class=""txtsearchsnippet"">... אחרים המשמשים מאז הכיבוש הבריטי לבתי־המשפט הממשלתיים, בית־הסוהר המרכזי, <b class=""highlightcolor"">בית־החולים הממשלתי</b> ועוד, וסביבתו, בהיקף 150 דונאם). תחילה ניתן צו ...</div>"	maqaf
423	hadoar19470509-01.2.6	9 May 1947	hadoar	בצל עץ־התליה	"<div class=""txtsearchsnippet"">... של אצ״ל, שנדונה למאסר שבע שנים והצליחה לברוח מתוך <b class=""highlightcolor"">בית־החולים הממשלתי</b> שבתוך ""מצודת ירושלים"", המוקפת שערי־ תייל וגדרי־תייל ומכוניות ...</div>"	maqaf
424	hador19481123-01.2.6	23 November 1948	hador	משאלה צנועה בפי עתוגאים ערביים: להעמיר את בה״ח ״הדסה״ לרשות הלגיווהערביבירושלם	"<div class=""txtsearchsnippet"">... על הצלב האדום, שהוציא את אגשיו ואת ציודו מבניני <b class=""highlightcolor"">ביה״ח הממשלתי</b> לשע ברבמגרשם הרוסי בירושלים ו״הפקיר״ את המקום בידי ...</div>"	abbreviated
425	hador19481216-01.2.56	16 December 1948	hador	no ןעד באר-שבע	"<div class=""txtsearchsnippet"">... בכיתהחוליש הממשלתי ביפו בקשר לתלונות על הסדרים הלקוײם ב• <b class=""highlightcolor"">בית החולים הממשלתי</b> ביפו, הוחלט למ• נות ועות חקירה מיוחות ...</div>"	spelled
426	hador19481227-01.2.60	27 December 1948	hador	חיפה	"<div class=""txtsearchsnippet"">... קבועים ו°ס2 ל»י לעובדים יומײם. באספה הכללית של עובדי <b class=""highlightcolor"">בית החולים |הממשלתי</b> הוחלט לבקש ממועצת פועלי 1 חיפה להכריז ...</div>"	spelled
427	haolam19360820-01.2.5	20 August 1936	haolam	,באידיסזראל	"<div class=""txtsearchsnippet"">... דרך ת""א תחת שמירה מעולה). ימי דמים. — ליד <b class=""highlightcolor"">בית־החולים הממשלתי</b> ביפו נרצהו ביריות מן המארב, האחיות חרחמניות מרתה ...</div>"	maqaf
428	haolam19370617-01.2.10	17 June 1937	haolam	.באדךיסזדאל	"<div class=""txtsearchsnippet"">... הבריאות של הממשלה חתמה על חוזה עם""""סולל־בונה"" בדבד בנין <b class=""highlightcolor"">בית־החולים הממשלתי</b> בחיפה. הבנין יעלה כתשעים אלף לא""י, עבודת האינסטלציה ...</div>"	maqaf
429	haolam19370715-01.2.12	15 July 1937	haolam	המצב הכלכלי וענייני העבודה	"<div class=""txtsearchsnippet"">... העבודה בתל־אביב. ב ה י פ ה: הוהל בבנין <b class=""highlightcolor"">בית־החולים הממשלתי,</b> שנמסר ל""סולל־בונה"". היקף העבודה הזאת הוא — ‭90. ...</div>"	maqaf
430	haolam19371111-01.2.6	11 November 1937	haolam	באדךיסזדאל	"<div class=""txtsearchsnippet"">... קיבל שטח של דונם וחצי. בחיפה. — העבודה בבנין <b class=""highlightcolor"">בית־החולים הממשלתי</b> מתקדמת בקצב מהיד. העבודה הנערכת ב־‭100. 000‬ לא""י ...</div>"	maqaf
431	haolam19380210-01.2.8	10 February 1938	haolam	"באר""ך־יטזראל"	"<div class=""txtsearchsnippet"">... נתנו ‭140. 000‬ ימי עבודה, ובהן בנין בנק באדקלייס, <b class=""highlightcolor"">בית החולים הממשלתי,</b> עבודות הצבא ואחרות. ‭100. 000‬ ימי עבודה ...</div>"	spelled
432	haolam19390105-01.2.4	5 January 1939	haolam	בשולי הזמן	"<div class=""txtsearchsnippet"">... שלטון אנגלי־ערבי בלא שיתוף־יהודים כל שהוא. בהיפר, תונך עתה <b class=""highlightcolor"">בית החולים הממשלתי</b> תחדש. עלונים עם פרשת־ההנוכה חולקו למשתתפים בחגיגה, ...</div>"	spelled
433	haolam19390316-01.2.9	16 March 1939	haolam	"באד""ךיעזדאל"	"<div class=""txtsearchsnippet"">... הצלב האדום בצפת, שבה נסע ד""ד ט. שטרנברג, ריפא <b class=""highlightcolor"">ביה""ח הממשלתי</b> בצפת בלויית אחות נוצריה ונהג ערבי. ד""ד שטדנבדג ...</div>"	abbreviated
434	haolam19420319-01.2.6	19 March 1942	haolam	על השרות הסוציאלי	"<div class=""txtsearchsnippet"">... מופרז והממשלה עוסקת זה עשר שנים בתכנית של הקמת <b class=""highlightcolor"">בית חולים ממשלתי.</b> הקימונו כפר עבוד־, . לנערים בגבת. ויש ...</div>"	indefinite
435	haolam19420917-01.2.2	17 September 1942	haolam	שבועת־אב ביום הכפורים	"<div class=""txtsearchsnippet"">... עצם הדבר נגע עד לבנין ובאותו ערב התקשרנו עם <b class=""highlightcolor"">בית־ החולים הממשלתי</b> , והתברר שלפני כמה שבועות הבי*' שוטרי ...</div>"	spelled
436	haolam19471016-01.2.60	16 October 1947	haolam	"""עבודה!"""	"<div class=""txtsearchsnippet"">... מטפלות, כל החנויות — בתורות מוכרות. . עבודה !"" <b class=""highlightcolor"">בית החולים הממשלתי</b> ביפו מחנך אחיות לחולים. לשוא. שלש שגים ...</div>"	spelled
437	haolam19480108-01.2.14	8 January 1948	haolam	מאורעות הדמים בארץ	"<div class=""txtsearchsnippet"">... מלוך, שנהרג מן היריות בשיך נ'ראח. במו כן נמצאת <b class=""highlightcolor"">בית־החולים הממשלתי</b> גופת ערבי שלא זוהתה וערבי כשם ג'אבר סלימן ...</div>"	maqaf
438	haolam19480115-01.2.12	15 January 1948	haolam	שבוע הימים בארץ	"<div class=""txtsearchsnippet"">... אחד הועד הלאומי קיבל הודעת פתאום מאת השלטונות, כי <b class=""highlightcolor"">בית־החולים הממשלתי</b> לחולי רוח בבת־ים. שבו נמצאים ‭175‬ חולים יהודיה ...</div>"	maqaf
439	haolam19480122-01.2.1	22 January 1948	haolam	התוכן:	"<div class=""txtsearchsnippet"">... מכון לחקר הקהלות: המתקת מים מלוחים: שוד לעיני שוטרים: <b class=""highlightcolor"">בית חולים ממשלתי</b> לערבים: משלהת רפואית סורית לארץ: ‭24‬ מטוסי ...</div>"	indefinite
440	haolam19480122-01.2.11	22 January 1948	haolam	שבוע הימים בארץ	"<div class=""txtsearchsnippet"">בית חולים ממשלתי — לערבים <b class=""highlightcolor"">בית החולים הממשלתי</b> כביתיצפםה נפטר לערבים. הממשלה מטרה אוחו ל""חברה ...</div>"	indefinite,spelled
441	haolam19480219-01.2.16	19 February 1948	haolam	מאורעות הדמים בארץ	"<div class=""txtsearchsnippet"">... גהרגו. וגם מספר ערבים נפצעו. ערבים מזמינים התקיפו את <b class=""highlightcolor"">ביה""ח הממשלתי</b> בצפח והוציאו משם מפקד כנופיה פצוע אמיר. חיפה ...</div>"	abbreviated
442	haolam19480923-01.2.15	23 September 1948	haolam	שבוע הימים בארץ	"<div class=""txtsearchsnippet"">... לאחיות ליד ביה־ח הירקון בתל־אביב ובית הטםר לאחיות ליד <b class=""highlightcolor"">ביה""ח הממשלתי</b> בחיפה. מסםר התלמידות בשני בתי־הסםר הוא ‭. 70 ...</div>"	abbreviated
443	haretz19310407-01.2.11	7 April 1931	haretz	הזנד־ודז	"<div class=""txtsearchsnippet"">... בית החולים המיוחד בשבילם. וכך נוצרההסקציה "" הבריטית של <b class=""highlightcolor"">בית החולים הממשלתי"",</b> המשמשת לא רק את הפקידים תבריטים ואת ...</div>"	spelled
444	haretz19311206-01.2.19	6 December 1931	haretz	>שמוצים;.לשם בזבוז	"<div class=""txtsearchsnippet"">... בוטלה, • או נדחתה לזמן רב, :גם התכנית לבות <b class=""highlightcolor"">בית חולים ממשלתי</b> לחולי רו־ בירושלים, שבנחיצותו ודאי שאין הממשלה ...</div>"	indefinite
445	haretz19330504-01.2.38	4 May 1933	haretz	נסגר בית זזחן?ים הממשלתי בעכו	"<div class=""txtsearchsnippet""><b class=""highlightcolor"">בית החולים הממשלתי</b> בעכו נסגר לרגלי םירוב תעידיה המקומית לש ...</div>"	spelled
446	haretz19330621-01.2.40	21 June 1933	haretz	בירושלם	"<div class=""txtsearchsnippet"">... זרעין, מתוך האוטו אל מעבר לגשר. הפצוע הועבר אל <b class=""highlightcolor"">ביה״ח הממשלתי</b> ושם מת. הנהג נאסר. תשונה על ""עבודה זרה ...</div>"	abbreviated
447	haretz19330623-01.2.7	23 June 1933	haretz	שאלות על רצח ארלוזורוב בפרלמנט הבריטי	"<div class=""txtsearchsnippet"">... משתית הרעל (שתה ליזול). הובא מקוביבה להדר המתים של <b class=""highlightcolor"">בית 'החולים הממשלתי</b> בירושלים במשך כל היום בקרו מאות אנשים ...</div>"	spelled
448	haretz19330703-01.2.12	3 July 1933	haretz	מצסצויאוח בא׳, בשנת !185	"<div class=""txtsearchsnippet"">... כלליות מספיק לצרבי תושבי ירושלים והאזור הדרומי. מפני שהרחבת <b class=""highlightcolor"">בית החולים הממשלתי</b> בחיפה נדחתה, נעשה שם המצב קשה בעונת ...</div>"	spelled
449	haretz19330711-01.2.3	11 July 1933	haretz	בירושלים	"<div class=""txtsearchsnippet"">... מוג׳יב בעבר הירדן. גופתו הוצאה מ! הנהר והובאה אל <b class=""highlightcolor"">ביה״ח הממשלתי</b> בירושלים. ""מדינת היהודיש"" יצאה חוברת ""מדינת היהודים"" מאת ...</div>"	abbreviated
450	haretz19330802-01.2.52	2 August 1933	haretz	בחיפה	"<div class=""txtsearchsnippet"">... ובחירת צירים לועידת ""מגן"". חזו מחופשתו ד״ר מלחי, מנהל <b class=""highlightcolor"">בית החולים הממשלתי</b> למחלות מדבקות, הזר מחופשתו והחל בעבודתו. ביקור ...</div>"	spelled
451	haretz19331010-01.2.37	10 October 1933	haretz	כחיפה	"<div class=""txtsearchsnippet"">... על ידם. הנפצע מת שעה קלה לאהר שהובא אל <b class=""highlightcolor"">ביה״ח הממשלתי.</b> החקירה הראתה כי באוטו היו 70 תיבות ירקות ...</div>"	abbreviated
452	haretz19331029-01.2.24	29 October 1933	haretz	מאורעות שלשום ואתמול בארץ	"<div class=""txtsearchsnippet"">... מובנות. אבטומובילים של ""מגן דוד אתם"" תל אביב, של <b class=""highlightcolor"">בית החולים הממשלתי</b> וכן גם פלוגות עזרה ראשונה של הצופים ...</div>"	spelled
453	haretz19331030-01.2.7	30 October 1933	haretz	יום אתמול בירושלים	"<div class=""txtsearchsnippet"">... מכוניו תהעזרה של מחלקת הבייאות והחלו להעביר פצועים אל <b class=""highlightcolor"">בית החולים הממשלתי.</b> בבית. החולים הממשלויר נמצאים 17 פצועים ובהם ...</div>"	spelled
454	haretz19331101-01.2.12	1 November 1933	haretz	צנזורה על כל דבר שבדפוס	"<div class=""txtsearchsnippet"">... העיר עובדים טספר בתי מלאכה וחנויות פתוחות שם. אצל <b class=""highlightcolor"">בית החולים הממשלתי</b> שרר שקט, רק כמה נשים ישבו שם ...</div>"	spelled
455	haretz19331122-01.2.49	22 November 1933	haretz	שאלה אל הצמר	"<div class=""txtsearchsnippet"">... הממשלתי. ביום ה', במאוחד קצת, הודיענו הר״ר ריטלר ראש <b class=""highlightcolor"">בית החולים הממשלתי</b> ע״י הטלפון, שאלמלא קבעו את הדיאגנוזה לפני ...</div>"	spelled
456	haretz19331129-01.2.36	29 November 1933	haretz	חשונה אל הצבור	"<div class=""txtsearchsnippet"">לאחד שהועברה החולה אל <b class=""highlightcolor"">ביה״ח הממשלתי,</b> לא פסקה ההתעניגות, ועל זו יכולים להעיד חבריה ...</div>"	abbreviated
457	haretz19331217-01.2.23	17 December 1933	haretz	הכדיב לשעבר יבקר בעבר הירדן	"<div class=""txtsearchsnippet"">... חדשה כאן. היא קנתה מאת ממשלה עבר הירדן את <b class=""highlightcolor"">בית החולים הממשלתי</b> בקיר מואב, בית חולים זה נבנה על ...</div>"	spelled
458	haretz19331219-01.2.12	19 December 1933	haretz	הלרית אליוט	"<div class=""txtsearchsnippet"">... י. אולש! בשם עוה״ד היהודים. ההלויה היתה אחה״צ. אל <b class=""highlightcolor"">ביה״ח הממשלתי</b> במגרש הרוסים באו שלישו של הנציב העלמין וסננו ...</div>"	abbreviated
459	haretz19340125-01.2.53.1	25 January 1934	haretz	Page 4 Advertisements Column 1	"<div class=""txtsearchsnippet"">... 26. 1. 34‬ בשעה 9 לפנה""צ. רחוב ההר, ע""י <b class=""highlightcolor"">ביה""ח הממשלתי.</b></div>"	abbreviated
460	haretz19340212-01.2.38	12 February 1934	haretz	3רשת הפגנות אוקטובר	"<div class=""txtsearchsnippet"">... שוקרי כאלד', שביום ‭27‬ באוקטובר ואה""כ היה ממונה ע' <b class=""highlightcolor"">ביה""ח הממשלתי,</b> הכולל אה כי ההרוגים והפצועים שנשלהו לבה""ה הממשלתי ...</div>"	abbreviated
461	haretz19340304-01.2.22	4 March 1934	haretz	עיסה דרוויש בחקירת רצח ארלוזורוב	"<div class=""txtsearchsnippet"">... שאד השכונות. אחריו נקדא ד""ד האלי , הממונה על <b class=""highlightcolor"">בית החולים הממשלתי</b> ביפו. להעיד בענין גויתו של לוטפי. אבל ...</div>"	spelled
462	haretz19340617-01.2.8	17 June 1934	haretz	שוטר יהודי בירושלים נהוג במקרה אסון	"<div class=""txtsearchsnippet"">... אותח שעח ליד שולחן וכתב. מיד הובא הפצוע אל <b class=""highlightcolor"">ביה""ח הממשלתי</b> וקרוב לשעח אחת ניתחוהו •הרופאים תומםון ולייטבודי. מיד ...</div>"	abbreviated
463	haretz19341003-01.2.32	3 October 1934	haretz	"מצב הבריאות בא""י בשנת &#8237;1933 &#8236;"	"<div class=""txtsearchsnippet"">... הילדים בבתי הטם' היהודיים. נתי תולים בגליל בצפת נוסד <b class=""highlightcolor"">בית חולים ממשלתי</b> למלהמה במחלות שונות כאזור זה הכולל גם ...</div>"	indefinite
464	haretz19350312-01.2.1	12 March 1935	haretz	מי1ם ליום	"<div class=""txtsearchsnippet"">... שתתי היהודים. מבתי־הולים יהודיים יש לדרוש• מלוי תגאים, ששום <b class=""highlightcolor"">בית חולים ממשלתי</b> לא יבול היח לעמוד : בהם. בקשות ...</div>"	indefinite
465	haretz19350419-01.2.71.2	19 April 1935	haretz	Page 9 Advertisements Column 2	"<div class=""txtsearchsnippet"">... אוטובוס ; ? עובר דרך יפו, בית החולים הצרפתי, <b class=""highlightcolor"">בית החולים \ ־"" הממשלתי</b> ביפו, בית ההסנר (הקרנט-ן). )? ...</div>"	spelled
466	haretz19350613-01.2.56	13 June 1935	haretz	בתל־אביב וביפו	"<div class=""txtsearchsnippet"">... יום ל! שם, כשהוא חולה, אתר בך פנה ל <b class=""highlightcolor"">בית החולים הממשלתי•</b> ושהה שם ביומים. שלשום לפנות ערב סולק ...</div>"	spelled
467	haretz19351002-01.2.100.1	2 October 1935	haretz	Page 8 Advertisements Column 1	"<div class=""txtsearchsnippet"">... נשים יולדות וכירורגיה מי שהיה מנהל כמשך הרבה שנים <b class=""highlightcolor"">בית חולים ממשלתי</b> ב ומגיה השתקע בתל־אבינ ומקבל חולים ברח' ...</div>"	indefinite
468	haretz19351213-01.2.45	13 December 1935	haretz	בידושלים	"<div class=""txtsearchsnippet"">... של סטימצקי. ה' קיטרוטש הבריא ה' קיטרוטש עזב את <b class=""highlightcolor"">בית החולים הממשלתי</b> בירושלים ומתאכסן עתה בב־ת ד""ר םטרטהר! בירושלים. ...</div>"	spelled
469	haretz19360420-01.2.39	20 April 1936	haretz	עוד שגי התגים יהודים	"<div class=""txtsearchsnippet"">... עלה בידנו לברר את חדבר בחחלט. המערכת נתקשרה עם <b class=""highlightcolor"">בית החולים הממשלתי</b> ביפו ועם משרד הבריאות של •הממשלה, אבל ...</div>"	spelled
470	haretz19360514-01.2.79	14 May 1936	haretz	מצב מתוח ביוזשלים	"<div class=""txtsearchsnippet"">... הלך לביתו. נהלה מאז הבוקר נתקהלו הרבה ערבים ליד <b class=""highlightcolor"">בית החולים הממשלתי</b> במגרש הרוסים, במקום שהיה מוטל ההרוג. רבים ...</div>"	spelled
471	haretz19360608-01.2.83	8 June 1936	haretz	חקירת הנאשמים ברצח דוק.פלדבת בחיפה *	"<div class=""txtsearchsnippet"">... ר ס. פאדברג כשעת ההפגנה ברחוב חמאבים. ערות רופאי <b class=""highlightcolor"">ביה""ח הממשלתי</b> העידור""ד חדאד וד יי ר נ. חמזה, רופאים ...</div>"	abbreviated
472	haretz19360705-01.2.46	5 July 1936	haretz	שלשה בפצעו, ₪ד קשה-נאסו ערבי	"<div class=""txtsearchsnippet"">... בזמ! אחד האוטו של מ. ד. א. והאוטו של <b class=""highlightcolor"">בית החולים הממשלתי.</b> קצי! ערבי שהיה במקום דרש מאת הנהג ...</div>"	spelled
473	haretz19360729-01.2.50	29 July 1936	haretz	"בת""א ובסביבה"	"<div class=""txtsearchsnippet"">... יומים שבכה במצב רציני בהדםת"" והלילה מתה. "" נפתח <b class=""highlightcolor"">בית החולים הממשלתי</b> למחלות מדבקות הבוקר נפתה בדרך תל־אביב — ...</div>"	spelled
474	haretz19360916-01.2.40	16 September 1936	haretz	הלסטים הראשונים שגדתו למות	"<div class=""txtsearchsnippet"">... היה כל רובה על ידו. הדייר וו. ?רייוהגיג, רופא <b class=""highlightcolor"">ביה״ח הממשלתי,</b> נקרא להעיד בדבר גילם של הנאשמים. הוא בדק ...</div>"	abbreviated
475	haretz19360923-01.2.18	23 September 1936	haretz	"מאשש ברצח יהי־ סולר לני־""־ לsשעיפ חמורים"	"<div class=""txtsearchsnippet"">... ב־l s בפרואר ש. ז. העיד ד״ר מלבי, רופא <b class=""highlightcolor"">בית החולים הממשלתי</b> בחיפה, שבדק את גוית הנרצחת למחרת הרצח. ...</div>"	spelled
476	haretz19360925-01.2.5	25 September 1936	haretz	רקטור וווייק ז״ל	"<div class=""txtsearchsnippet"">... הערב עבר זמן רב מאד עד שבא האוטו של <b class=""highlightcolor"">בית החולים הממשלתי,</b> שהוזמן מתחנת המשטרה בשער יפו. גם השוטרים ...</div>"	spelled
477	haretz19361006-01.2.8	6 October 1936	haretz	יריות, פצצות	"<div class=""txtsearchsnippet"">... כוכב־אל־הואה. — אמש, בשעה 10, ירו מאקדח ומרובה על <b class=""highlightcolor"">בית החולים הממשלתי,</b> שנמצא בפרדם כץ. 5 רגעים לפני זה ...</div>"	spelled
478	haretz19361009-01.2.100	9 October 1936	haretz	בתל־אביב	"<div class=""txtsearchsnippet"">חילופים בהנהלת ביה״ת למחלות מדבקות מנהל <b class=""highlightcolor"">בית החולים הממשלתי</b> למחלות מדבקות בבני ברק, הד״ר רייטלר, הועבר ...</div>"	spelled
479	haretz19361016-01.2.59.3	16 October 1936	haretz	Page 8 Advertisements Column 3	"<div class=""txtsearchsnippet"">... מביעים את דגשי תודתנו הלבבית לד״ר א. מלחי רופא <b class=""highlightcolor"">בית החולים הממשלתי</b> בחיפה על הטפול המסור במחלת בתנו ואחו־ ...</div>"	spelled
480	haretz19361018-01.2.26	18 October 1936	haretz	סבל היהודים בעיראק העצמאית	"<div class=""txtsearchsnippet"">... נוסד קלוב ""מוטאנה"", שנשיאו הוא הד״ר סתיב שוקיט, מנהל <b class=""highlightcolor"">בית החולים הממשלתי</b> היחידי בעיר. מזכיר הקלוב הוא סעיד טאביט ...</div>"	spelled
481	haretz19361018-01.2.36	18 October 1936	haretz	הארץ	"<div class=""txtsearchsnippet"">... נשה ולא על יריות על צבא. , הנציב העליון <b class=""highlightcolor"">:בית החולים ■הממשלתי</b> ה. מ• הנציב העליון ביקר ביום הששי ...</div>"	spelled
482	haretz19361021-01.2.4	21 October 1936	haretz	שוב יריות	"<div class=""txtsearchsnippet"">... תקוה — תל־־ אביב ליד .תחנת אבטובוסים מזרחי, מול <b class=""highlightcolor"">בית החולים הממשלתי.</b> ■היו כ־2 o יריות מצד הפרדסים הערכים, ...</div>"	spelled
483	haretz19361023-01.2.53	23 October 1936	haretz	בתי־פה	"<div class=""txtsearchsnippet"">... על ידי טירוריסט ערבי, שהתנקש כחייו, עזב אתמול את <b class=""highlightcolor"">בית החולים הממשלתי,</b> שבו נמצא כשבועיים. בימים הקרובים עומד הקצין ...</div>"	spelled
484	haretz19361029-01.2.13	29 October 1936	haretz	בגלות עיראה	"<div class=""txtsearchsnippet"">... להציל את חייו. הרופאים מסדו את גוית הנרצח למנהל <b class=""highlightcolor"">בית החולים הממשלתי</b> ד״ר ■סאיב שאוכת, שהוא גם נשיא קלוב ...</div>"	spelled
485	haretz19370108-01.2.54	8 January 1937	haretz	ביתשלימ	"<div class=""txtsearchsnippet"">... יפו, הפיל ו מתזזת ל־;;-•־. • היל ד הובא <b class=""highlightcolor"">־בית החולים הממשלתי</b> ומשם הועבר להדסה במקום שנותח מיד. הוא ...</div>"	spelled
486	haretz19370214-01.2.17	14 February 1937	haretz	רצח ושוד בכל הארץ	"<div class=""txtsearchsnippet"">... מידית טירוריסט ערבי ורק לפני ימים מספר עזב את <b class=""highlightcolor"">בית־החולים הממשלתי,</b> • ירד ממטתו כשידו חבושה, אך הוא לא ...</div>"	maqaf
487	haretz19370225-01.2.66	25 February 1937	haretz	רוצח אליה קולר - ל-&#8237;15&#8236; שנה מאסר	"<div class=""txtsearchsnippet"">... רפואית בעני; :י ל ו •צל הנידו;• העיד רופא <b class=""highlightcolor"">בית החולים הממשלתי</b> ד""ד קל""נהוזן. הוא אמד, •ציפי בדיקה . ...</div>"	spelled
488	haretz19370302-01.2.64	2 March 1937	haretz	מחאת הרופאיסיחיהודם	"<div class=""txtsearchsnippet"">... ידם. הרצח האכזרי הזה, כמו גם רצח חאסיות־הרחמניות של <b class=""highlightcolor"">בית־החולים הממשלתי</b> ביפו וכמו זריקת פצצות ויריות על ילדים ותינוקות, ...</div>"	maqaf
489	haretz19370318-01.2.62	18 March 1937	haretz	שוב פצצה בירושלים	"<div class=""txtsearchsnippet"">... מראשי השבאב בליפתא, כבן 23. הלויתו תתקיים הבוקר. ליד <b class=""highlightcolor"">בית החולים הממשלתי</b> נתאסף קהל גדול, בעיקר מאנשי ליפתא, ביניהם ...</div>"	spelled
490	haretz19370404-01.2.6	4 April 1937	haretz	פקיד ערבי ממשלתי בצפת פוצע יהודיה	"<div class=""txtsearchsnippet"">... מצאו אותה שותתת דם. מיד נקרא הד״ר שטרנברג, מנהל <b class=""highlightcolor"">בית החולים הממשלתי</b> וטיפל בפצועה. הופיעו גם שוטרים "".^^!ילו בחקירה ...</div>"	spelled
491	haretz19370408-01.2.84	8 April 1937	haretz	בירושלים	"<div class=""txtsearchsnippet"">... 17 למארס לבית הקפה ""שאוקאת"" ברחוב ממילא, —עזב את <b class=""highlightcolor"">בית החולים הממשלתי,</b> לאחר שנתרפא מפצעיו. בית פועלים בנתניה ביום ...</div>"	spelled
492	haretz19370425-01.2.52	25 April 1937	haretz	בחיפה	"<div class=""txtsearchsnippet"">... והיגייניות במפעלי התעשיה"". הפותח בשיחה ,ר״ר י. שפירא, רופא <b class=""highlightcolor"">ביה״ח הממשלתי</b> בחיפה. - הערב בשעה 8 ירצה ד״ר שטיג־ ...</div>"	abbreviated
493	haretz19370804-01.2.105	4 August 1937	haretz	לאחר רצח הערבי בירושלם	"<div class=""txtsearchsnippet"">... גופתו של עוםמאן מוםטפה והיא נשארה בחדר המתים של <b class=""highlightcolor"">בית החולים הממשלתי</b> בירושלים.</div>"	spelled
494	haretz19370830-01.2.54	30 August 1937	haretz	ערבי הרוג בירושלים	"<div class=""txtsearchsnippet"">... ראה בהוד צעיר במכנסים קצרות בורח. ההרוג נלקה אל <b class=""highlightcolor"">בית החולים הממשלתי.</b> ליד מקום הרצח היתה במשך זמן מה ...</div>"	spelled
495	haretz19370916-01.2.6	16 September 1937	haretz	שתי התנקשויות דמים בצפון	"<div class=""txtsearchsnippet"">... "" שונה מידי הד""ר צפרוני והד""ר שטרנ־ בדג' מנהל <b class=""highlightcolor"">בית החולים הממשלתי</b> בצפת. הפצוע יועבר להיפה לשפ נתוח.</div>"	spelled
496	haretz19380120-01.2.72.1	20 January 1938	haretz	Page 10 Advertisements Column 1	"<div class=""txtsearchsnippet"">... 30‬ לפנח־זנ, בדירתם ברחוב . ‭. 0‬ק. ג דיי <b class=""highlightcolor"">בית החולים הממשלתי</b> בית פדםון חיפה</div>"	spelled
497	haretz19380329-01.2.55	29 March 1938	haretz	&#8237;..^,? .&#8236;ונ!?.^^??^^?^?^^^?^^!^)!!!!?! !????! ו !!^^^??'*^*^^; ^^^^,^^^^^ ^^מ^	"<div class=""txtsearchsnippet"">... ו?ני המשפחה התפלשי ב^פר. הגיע למקום הד""רצט־נב־ג ', מנהל <b class=""highlightcolor"">בית החולים הממשלתי,</b> 'אבדק את הנו: פות וברר, 'אצלי ם;ל ...</div>"	spelled
498	haretz19380508-01.2.25	8 May 1938	haretz	המסחר והתעשיה בחיפה בשי 1937	"<div class=""txtsearchsnippet"">... מעבדות הבניה החשופות ביותר שנמסרו יתב־־ יש לציין את <b class=""highlightcolor"">בית החולים הממשלתי</b> סמוך לבת ניים ואת כני; החברה קבלה ...</div>"	spelled
499	haretz19380627-01.2.1	27 June 1938	haretz	רצחו ערבי חולה בחיפה	"<div class=""txtsearchsnippet"">... שבת, סכ־וך ?חצות, חדרו עני ערבים מזוינים באקדחים למסדרון <b class=""highlightcolor"">בית־החולים הממשלתי</b> הסמוך ?רחוב ההר, וירו דרך אחד החיצונות ?תוך ...</div>"	maqaf
500	haretz19380717-01.2.5	17 July 1938	haretz	&#8237;10&#8236; ערבים נהרגו, &#8237;31&#8236; נפצעו	"<div class=""txtsearchsnippet"">... מיד מיהרו, . למקום שוטרים והיילים ואמבו־ ?אנסים של <b class=""highlightcolor"">בית החולים הממשלתי.</b> העברת ההרוגים והפצועים נמשכה בלי ־רף עד ...</div>"	spelled
501	haretz19380719-01.2.18	19 July 1938	haretz	התנהשות כנהג יהודי בצפת	"<div class=""txtsearchsnippet"">... רובין אשה חולה באוטו 'י1לו מהרובע היהודי בצפת אל <b class=""highlightcolor"">בית החולים הממשלתי,</b> הנמצא בקצה הרובע ה;רבי. כשהנהג יצא מהצד ...</div>"	spelled
502	haretz19380803-01.2.4	3 August 1938	haretz	פצצה למכובית־משא יהודית בחיפה	"<div class=""txtsearchsnippet"">... אםטדאחן, בה חזרו לבתיהם כמה פועלים יהודים העובדים בבגין <b class=""highlightcolor"">בית־ החולים הממשלתי</b> על יד בת גלים. הפצצה נזרקה בשעה ...</div>"	spelled
503	haretz19380822-01.2.71	22 August 1938	haretz	בירושלים	"<div class=""txtsearchsnippet"">... העירוני. ערפיפ פצועי כנופיות שהבריאו ביום הששי עזבו את <b class=""highlightcolor"">בית החולים הממשלתי</b> בירושלים פאוזי איםמעין אל כאטיב ומחמד ג ...</div>"	spelled
504	haretz19381003-01.2.75	3 October 1938	haretz	הלויתו של הלצין בירטש בירושלים	"<div class=""txtsearchsnippet"">... אהה""צ הועבר ארונו עטוף דגל בריטי מחדר המתים '8ל <b class=""highlightcolor"">ביה""ח הממשלתי</b> לבית־הקב־ות שעל הד־ציון, במקום שחיכו להיו־ה פיוגת שוב—ם ...</div>"	abbreviated
505	haretz19381009-01.2.57	9 October 1938	haretz	בחיפה	"<div class=""txtsearchsnippet"">... תל־אביב. נפתה ביה"" ח הממשלתי בימים חאחרונים הוהל בהעברת <b class=""highlightcolor"">בית החולים הממשלתי</b> מבנינו ברחוב ההר י לבנינו המפואר והגדול, ...</div>"	spelled
506	haretz19381108-01.2.1	8 November 1938	haretz	הודעות רשמיות על המתרחש בארץ	"<div class=""txtsearchsnippet"">... הולים בעזה אתמול בשעה אחת אחה""צ נכנסו מזוינים א־' <b class=""highlightcolor"">בית החולים הממשלתי</b> בעזה והרגו ביריות את עבר איםמע־ איל ...</div>"	spelled
507	haretz19381116-01.2.37	16 November 1938	haretz	"&#8237;?""""?&#8236;יי יי ־"""" ' >*"" בנין בית החולים החדש וציודו"	"<div class=""txtsearchsnippet"">? <b class=""highlightcolor"">בית־החולים הממשלתי</b> החדש בהיפה ?נמצא על המגרש של מנזר הכרמליתים ...</div>"	maqaf
508	haretz19381116-01.2.38.1	16 November 1938	haretz	Page 6 Advertisements Column 1	"<div class=""txtsearchsnippet"">... של העובדים העבדים באדץ •שדאל # הקבלן של בנין <b class=""highlightcolor"">בית החולים הממשלתי</b> החדש בחיבה * המשדד הראשי: חיפה רחוב ...</div>"	spelled
509	haretz19381222-01.2.61	22 December 1938	haretz	ה.מ.הנציבר,עליוןן	"<div class=""txtsearchsnippet"">... בדרכו. הבוקר בשעה ‭10‬ יחנוך ה. מ. את בנין <b class=""highlightcolor"">בית החולים הממשלתי</b> חחדש על יד בת נלים. מכון להדרכה ...</div>"	spelled
510	haretz19381223-01.2.19	23 December 1938	haretz	UNKNOWN	"<div class=""txtsearchsnippet"">חנוכת <b class=""highlightcolor"">בית החולים הממשלתי</b></div>"	spelled
511	haretz19381223-01.2.5	23 December 1938	haretz	חנוכת בית־החולים הממשלתי בחיפה	"<div class=""txtsearchsnippet"">חנוכת <b class=""highlightcolor"">בית־החולים הממשלתי</b> בחיפה</div>"	maqaf
512	haretz19390106-01.2.33	6 January 1939	haretz	ומשפט ארבעת השוטרים הבריטיים	"<div class=""txtsearchsnippet"">... ארבעת השוטרים הבריטיים, שרצהו ערכי"". דייר קאמל עייד רופא <b class=""highlightcolor"">בית החולים הממשלתי</b> ביפו הגיש את תעודת המות של האסיר ...</div>"	spelled
513	haretz19390115-01.2.32	15 January 1939	haretz	לתקנת שרות הגריאות שלקהילת חיפה!	"<div class=""txtsearchsnippet"">... חלק . מן החולים הפוני . ם למוסד אל <b class=""highlightcolor"">בית החולים הממשלתי</b> הזד דש בבת נלים. וג) לבנות בנין ...</div>"	spelled
514	haretz19390209-01.2.14	9 February 1939	haretz	מיום ל *ו ם	"<div class=""txtsearchsnippet"">... ובין שהן רק מתרקמות במשרדים (למשל, בפתיחה הרשמית של <b class=""highlightcolor"">בית־החולים הממשלתי</b> י כ$£$, שהנשומים הושמעו רק באנגלית ובערבית, מעשה ...</div>"	maqaf
515	haretz19390620-01.2.48	20 June 1939	haretz	יום דמים בחיפה ו	"<div class=""txtsearchsnippet"">... מךגימת ^נים ןאלות על ודי עךבים, ^התנפלו עליו בסביבות <b class=""highlightcolor"">בית החולים הממשלתי</b> במ^רב העיר. הוא נפצע במצחו ובפניו, ?^עיו ...</div>"	spelled
516	haretz19390705-01.2.68	5 July 1939	haretz	נזרקה פצצה בירושלים על אוטו ערבי	"<div class=""txtsearchsnippet"">... בקרבת המקום הניע מיד, ולקה שנים מן הפצועים אל <b class=""highlightcolor"">בית החולים הממשלתי.</b> כעבור זמן מה באו למקום שוטרים ופתחו ...</div>"	spelled
517	haretz19390912-01.2.26	12 September 1939	haretz	םש9טי ה8קצו1 שערים בירושלים	"<div class=""txtsearchsnippet"">... ומכונות הכיבוי של העיריה. עברו בר־ הובות מכוניות של <b class=""highlightcolor"">בית־החולים הממשלתי</b> ופג ד. א. , בדי לתת עזרה לנפגעים• ...</div>"	maqaf
518	haretz19391116-01.2.26.1	16 November 1939	haretz	Page 1 Advertisements Column 1	"<div class=""txtsearchsnippet"">ד""ר טוביה ויהודית סזסדנבת רופא <b class=""highlightcolor"">בית החולים הממשלתי</b> בירושלים מודיעים סזנזלד להם בן למז""ס טכס ...</div>"	spelled
519	haretz19400102-01.2.84	2 January 1940	haretz	הכלל והפרט	"<div class=""txtsearchsnippet"">... במשך שנים רבות ברופא ממשלתי במחוז חיפה, נתמנה כמנהל <b class=""highlightcolor"">בית החולים הממשלתי</b> למחלות מדבקות בבני-ברק ליד תל אביב. לרגל ...</div>"	spelled
520	haretz19410613-01.2.75	13 June 1941	haretz	בירושלים	"<div class=""txtsearchsnippet"">... ג'ורג' ביום ‭20‬ במאי, החלימה מפצעיה ואתמול עזבה את <b class=""highlightcolor"">בית החולים הממשלתי.</b> אושידזאן, שמיד לאהר היריות שירת בגב' שטר""ברג, ...</div>"	spelled
521	haretz19410902-01.2.51	2 September 1941	haretz	ן 3יר1שלים	"<div class=""txtsearchsnippet"">... ופצעו י ' את מעיו. הפצוע הועבר במצב אנוש <b class=""highlightcolor"">?בית החולים הממשלתי</b> במקום שנותת. מאפר לדוכןד רעהו שופט השלום ...</div>"	spelled
522	haretz19420521-01.2.66	21 May 1942	haretz	תאונה קטלנית על הקאס&ל	"<div class=""txtsearchsnippet"">... מצבו של אחד מהם קשה. ההרוג והפצועים נאספו אל <b class=""highlightcolor"">בית החולים הממשלתי</b> בירושלים.</div>"	spelled
523	haretz19420626-01.2.60	26 June 1942	haretz	החלה חקירת הנאשמים במכירת פרדס לא להם	"<div class=""txtsearchsnippet"">... באשמה. יחזקאל ביליג שהוא חולה הובא מבית החולים בבגדי <b class=""highlightcolor"">בית־החולים הממשלתי.</b> הוא היחידי, שהופיע בלי עורך־דין. על הנאשמים מלמדים ...</div>"	maqaf
524	haretz19420701-01.2.34	1 July 1942	haretz	בירושלים	"<div class=""txtsearchsnippet"">... בית רבן אמרו תחלים במגינים. כית הודיפ לשעת הירופ <b class=""highlightcolor"">בית־החולים הממשלתי</b> הולך והופך לבית־חו־ לים של שעת־חירופ. החל מאתמול ...</div>"	maqaf
525	haretz19420709-01.2.29	9 July 1942	haretz	מכתבים מארצות האויב	"<div class=""txtsearchsnippet"">... מפום מת בנימין רחוב בר־כוכבזי ק־ תקוה: אסתר ברקומצי <b class=""highlightcolor"">בית חולים ממשלתי</b> צפת: אלקס ברגר? רחוב י' ‭55‬ קרית ...</div>"	indefinite
526	haretz19420719-01.2.49	19 July 1942	haretz	מרכז הטלפונים האבטומאטי נפתח בחיפה	"<div class=""txtsearchsnippet"">... ליד בית־חחולים לעינים, והתאימה אותו לבית־חולים לשעת־חידום, למחלות מדבקות. <b class=""highlightcolor"">בית־החולים הממשלתי</b> לשעת־חירום ישמש בעיקר את האוכלוסיד, הערבית, בסביבות ירושלים, ...</div>"	indefinite,maqaf
527	haretz19430527-01.2.21	27 May 1943	haretz	לזכרה של איטה ילין	"<div class=""txtsearchsnippet"">... וריפוי כל הולי־הרוח שבארץ, בכללם לא יהודים, עד שהוקם <b class=""highlightcolor"">בית החולים הממשלתי</b> לחולי רוח. אין גם לשכוח, שמוסד זה ...</div>"	spelled
528	haretz19430604-01.2.56	4 June 1943	haretz	מיליונים יושמעו בבניה אחר המלחמה	"<div class=""txtsearchsnippet"">... השרון, בית חולים חדש ברמלה, יהיח צורך להרחיב את <b class=""highlightcolor"">בית החולים הממשלתי</b> בחיפה ולדאוג להטבת התנאים בבתי הסוהר. לפי ...</div>"	spelled
529	haretz19430708-01.2.10	8 July 1943	haretz	"בהירות לעירית ת""א- באוקטובר &#8237;1944 &#8236;"	"<div class=""txtsearchsnippet"">מתי יוקם <b class=""highlightcolor"">בית־החולים הממשלתי</b> בתל־־אביב ?-הועלה מחיר החלב בעיר</div>"	maqaf
530	haretz19430708-01.2.42	8 July 1943	haretz	בעירית תל אביב	"<div class=""txtsearchsnippet"">... ולמה אין הממשלה פו־ I תחת כבר כעת את <b class=""highlightcolor"">בית־החולים הממשלתי</b> י בתל־אביב (הכוונה לביה""ח ""הירקון"") — כפ־ שהובטח ...</div>"	maqaf
531	haretz19430729-01.2.31	29 July 1943	haretz	בירונפליס	"<div class=""txtsearchsnippet"">... הממשלתי תאונה קשה איר עהאתמול אחרי הצהרים באמבולנס של <b class=""highlightcolor"">בית החולים הממשלתי</b> בירושלים. נפצעו קשה אחות יהודיה (יונה לדרברג) ...</div>"	spelled
532	haretz19430820-01.2.35	20 August 1943	haretz	בחיפה	"<div class=""txtsearchsnippet"">... צבורית ע רבית מקו מס' 5 (חיפה המזרחית — <b class=""highlightcolor"">בית־החולים הממשלתי)</b> ברחוב יפו. היה בן ‭, 68‬ מיוצאי באר ...</div>"	maqaf
533	haretz19430901-01.2.22	1 September 1943	haretz	&#8237;*1&#8236; פנקס ש / *•; ו יא רושלמי •	"<div class=""txtsearchsnippet"">... שערי־צדק, בקור־חולים, משגב לדך, בית־החולים הממשלתי למחלות מדבקות בבית־צפפא, <b class=""highlightcolor"">בית החולים הממשלתי</b> לשעת חרום, שנפתח באופן מיוחד בשביל מקרי ...</div>"	maqaf,spelled
534	haretz19430913-01.2.33	13 September 1943	haretz	UNKNOWN	"<div class=""txtsearchsnippet""><b class=""highlightcolor"">בית־החולים הממשלתי</b> למושבות השרון</div>"	maqaf
535	haretz19431012-01.2.32	12 October 1943	haretz	בירושלים	"<div class=""txtsearchsnippet"">... לוי, בת ‭, 17‬ שנפגעה על ידי האמבולאנס של <b class=""highlightcolor"">בית החולים הממשלתי,</b> הועברה באמבולאנס לבית החולים הממשלתי. יש לה ...</div>"	spelled
536	haretz19431028-01.2.49	28 October 1943	haretz	בית החולים הממשלתי למושבות בתל אביב ייפתח בדצמבר	"<div class=""txtsearchsnippet""><b class=""highlightcolor"">בית החולים הממשלתי</b> למושבות בתל אביב ייפתח בדצמבר</div>"	spelled
537	haretz19431117-01.2.20	17 November 1943	haretz	בתריאנ*ב1	"<div class=""txtsearchsnippet"">פית ההוליפ ־ הממשלתי ייפתה פהודש הפאי <b class=""highlightcolor"">בית החולים הממשלתי</b> החדש בתל אביב ייפתח לצבור כנראה בראשית ...</div>"	spelled
538	haretz19431209-01.2.25	9 December 1943	haretz	יחם הממשלה לתקציב פתח תקוה	"<div class=""txtsearchsnippet"">... מוחמד עיד :הרג ו־6 אחרים נפצעו והובאו במצב קשה <b class=""highlightcolor"">'בית החולים הממשלתי</b> בירושלים.</div>"	spelled
539	haretz19431226-01.2.33	26 December 1943	haretz	אסון מחריד בירושלים!	"<div class=""txtsearchsnippet"">... גופותיהם של שלשת הרוגי התאי-נה הועברו לחדר המתים של <b class=""highlightcolor"">ביה""ח הממשלתי.</b> המשטרה פתחה בחקירה. הנפגעים הם בני משפחה אחת ...</div>"	abbreviated
540	haretz19440104-01.2.68	4 January 1944	haretz	"תושב א""י לשעבר רצח את אשתו בניו-יורק"	"<div class=""txtsearchsnippet"">... למאסר ' עולם נ אתמול מדלקת־ריאות בחצר האסיר של <b class=""highlightcolor"">בית החולים הממשלתי</b> בירושלי הרוצח השני, אל־פאדאקי יית' ביום שלישי ...</div>"	spelled
541	haretz19440117-01.2.20	17 January 1944	haretz	השלטונות על מצב העבודה	"<div class=""txtsearchsnippet"">... לגבי הבטחה לקבל עובדים מאורגנים בבית החולים ""הירקון"", בבנין <b class=""highlightcolor"">בית החולים הממשלתי</b> לחולי רוח המוקם בבת־ים, וכן בעבודות צבוריות ...</div>"	spelled
542	haretz19440322-01.2.40	22 March 1944	haretz	הכלל והפרט ו	"<div class=""txtsearchsnippet"">... מיום א' עד אתמול לפנות ערב בחדר המתים של <b class=""highlightcolor"">בית החולים הממשלתי</b> ביפו לא ; לוהתה על ידי . ...</div>"	spelled
543	haretz19440327-01.2.18	27 March 1944	haretz	"תל־אביב תובעת מהממשלה הקצבה בסך &#8237;160.000&#8236; לא""י"	"<div class=""txtsearchsnippet"">... סוציאלית — ‭25‬ אלף לא""י. הממשלה נתבעת לפתוח בתל־אביב <b class=""highlightcolor"">בית־ חולים ממשלתי</b> כשם שהיא מקיימת בתי־ הולים ממשלתיים בערים ...</div>"	indefinite
544	haretz19440416-01.2.69	16 April 1944	haretz	הכלל והפרט	"<div class=""txtsearchsnippet"">ה. מ. הנציב חעליון ביקר אתמול בחלק חבריטי של <b class=""highlightcolor"">בית החולים . הממשלתי</b> בירושלים. ביום ח' נערכה בביתו של ...</div>"	spelled
545	haretz19440421-01.2.12	21 April 1944	haretz	המסר אבטליון איוב את הודעתו במשטרה תחת לחץ עינוייס?	"<div class=""txtsearchsnippet"">... 'רופא יפואי על סצע והבורות לראשונה נקרא להעיד רופא <b class=""highlightcolor"">בית־ החולים הממשלתי</b> ביפו מר בישארה. הוא סיפר, כי הנאשם ...</div>"	spelled
546	haretz19440515-01.2.10	15 May 1944	haretz	עירית תל־אביב לעזרת הפליטים	"<div class=""txtsearchsnippet"">... 100 מטות בשביל תל אביב בשנה זו, להפוך את <b class=""highlightcolor"">בית החולים הממשלתי</b> ""הירקון"" לבית חולים בשביל תל אביב עצמה ...</div>"	indefinite,spelled
547	haretz19440521-01.2.46.3	21 May 1944	haretz	Page 4 Advertisements Column 3	"<div class=""txtsearchsnippet"">... של פל ההפציפ שנמצאיפ פדידה פ. שךידן יפו, ממול <b class=""highlightcolor"">בית חולים ממשלתי</b> ^ חע, 1ר ו ות ""מ ""‭^^?1 ...</div>"	indefinite
548	haretz19440623-01.2.47.4	23 June 1944	haretz	Page 6 Advertisements Column 4	"<div class=""txtsearchsnippet"">... ונוחיות, גינה יפה, דמי שכירות חדשי 4 לירות, בסביבת <b class=""highlightcolor"">ביה""ח הממשלתי,</b> להחליף בדירה דומה במרכז מסחרי. בונופולםקי . בן-יחודח ...</div>"	abbreviated
549	haretz19440711-01.2.41	11 July 1944	haretz	צפורה ווייס נידונה בבית־הד^ין הצבאי למאסר ארבע שנים	"<div class=""txtsearchsnippet"">... הנזכרים. ן ראשון לעדים היה המומחה לרנםגן מ־ ן <b class=""highlightcolor"">בית־החולים הממשלתי</b> , שהביא ל י בית הדין הצלום פרקי ...</div>"	maqaf
550	haretz19440807-01.2.19	7 August 1944	haretz	הכלל והפרט ן	"<div class=""txtsearchsnippet"">ד""ר א. מיהי, מנהל <b class=""highlightcolor"">ביה""ח הממשלתי</b> בפרדם כץ, חזר מחופשתו והתחיל בעבודתו• ה;ב' הודה ...</div>"	abbreviated
551	haretz19440913-01.2.21	13 September 1944	haretz	בחיפה	"<div class=""txtsearchsnippet"">... ביום השבת (‭9. 9. 44‬) למחלקת המחלות המידבקות של <b class=""highlightcolor"">בית החולים הממשלתי,</b> אחר הלותו במחלת הדבר, מת . אתמול. ...</div>"	spelled
552	haretz19441003-01.2.34	3 October 1944	haretz	בחיקה 0	"<div class=""txtsearchsnippet"">... מקרה דבר שלשום הוכנס למחלק־? של מחלות מדבקות של <b class=""highlightcolor"">בית החולים הממשלתי</b> ערבי ממזרח העיר שחלה בדבר. בוטלה התביעה ...</div>"	spelled
553	haretz19441105-01.2.31	5 November 1944	haretz	במושבות	"<div class=""txtsearchsnippet"">... מוחמד ג'אג'ה, סוחר ברהיטים משומשים ביפג בלכתו לביתו בקרבת <b class=""highlightcolor"">בית־החולים הממשלתי.</b> הם ירו בו שתי יריות שפגעו בפניו וברגלו. ...</div>"	maqaf
554	haretz19441107-01.2.41	7 November 1944	haretz	"1 וחצי מיליון תיבות הדרים קונה מיניסטריון האספקה בא""י ."	"<div class=""txtsearchsnippet"">... יהודים), ‭32‬ הבריאו, ו־‭11‬ נמצאים במחלקה ילמחלות מידבקות שע""י <b class=""highlightcolor"">ביה""ח הממשלתי</b> לטיפול. מספר הזריקות שנעשו עד עתה לחיסון נגד ...</div>"	abbreviated
555	haretz19441108-01.2.19	8 November 1944	haretz	ן תל־אביב	"<div class=""txtsearchsnippet"">... בכביש פתח־ תקוה. העגלה ניזוקה, הערבי ניצל. אמבולנס של <b class=""highlightcolor"">בית־החולים הממשלתי</b> ביפו, פגע אתמול בבוקר ברחוב שבזי בשומר תל־אביבי ...</div>"	maqaf
556	haretz19441117-01.2.59	17 November 1944	haretz	"הממשלה מקציבה לעירית חיפה ()&#8237;30.00&#8236; לא""י למלחמה בדבר ו"	"<div class=""txtsearchsnippet"">... שניהם, גבר ואשה, הוכנסו למחלקה למחלות מידבקות שעל יד <b class=""highlightcolor"">בית־ החולים הממשלתי</b> בחיפה. עם המקרים הג""ל מגיע מספר מקרי ...</div>"	spelled
557	haretz19450123-01.2.35	23 January 1945	haretz	בחיפה	"<div class=""txtsearchsnippet"">... . והתסשמל. , נוויתו I הועברה לחדר המתים שליד <b class=""highlightcolor"">בית החולים. הממשלתי.</b> זהותו טרם הובררה. נאסר. על. ההזקתאקדה. . ...</div>"	spelled
558	haretz19450205-01.2.22.1	5 February 1945	haretz	Page 1 Advertisements Column 1	"<div class=""txtsearchsnippet"">לדג? הולדת הפת המודה למנהל * <b class=""highlightcolor"">בית החולים הממשלתי</b> בבת־ים הד""ד ז. זדיינסחי^מד מברכים אותו ואת ...</div>"	spelled
559	haretz19450219-01.2.23	19 February 1945	haretz	מזכיר הכספים י בפתח־תקוה	"<div class=""txtsearchsnippet"">... כן דיבר בעגין ההצעות שהוגשו מאת המועצות המקומיות להרחבת <b class=""highlightcolor"">בית־החולים הממשלתי</b> ""הירקון"" בתל־ אביב• כמרכז התאחדות האכריפ אתמול בבוקר ...</div>"	maqaf
560	haretz19450220-01.2.10	20 February 1945	haretz	"כ־2 מיליון לא""י-תקציבי החיבור והבריאות של כנסת ישראל"	"<div class=""txtsearchsnippet"">... של המי־ ן םיון. שינוי־מה לטובה חל עם פתיחת <b class=""highlightcolor"">בית , החולים הממשלתי</b> -""הירקון"" לבני המושבות, בבתי־החולים היהודיים השונים ...</div>"	spelled
561	haretz19450315-01.2.32	15 March 1945	haretz	הכלל והפרט	"<div class=""txtsearchsnippet"">... חשובה במיניםטו*ו$ התו? העיראקי. * ד""ר א. מלחי, מנהל <b class=""highlightcolor"">בית־החולים הממשלתי</b> בטריס־כץ (בני־ברק) ירד היום (יום ה') מצרימה בשליחות ...</div>"	maqaf
562	haretz19450401-01.2.32	1 April 1945	haretz	הכלל והפרט	"<div class=""txtsearchsnippet"">... ארדשםיין וכרכום לכבוד החג. הד""ר א. מ'*חי , מנהל <b class=""highlightcolor"">בית החולים הממשלתי,</b> שב מנסיעתו למצרים מטעם מחלקת הבריאות ונכנס ...</div>"	spelled
563	haretz19450401-01.2.35	1 April 1945	haretz	רצח בגבול יפו-תל אביב	"<div class=""txtsearchsnippet"">... במחנות הצ־ בא בת''א וביפו, הוזמנו לחדר המתים של <b class=""highlightcolor"">בית החולים הממשלתי</b> ביפו לשם • זהוי ההרוג. הם הצליחו ...</div>"	spelled
564	haretz19450510-01.2.26	10 May 1945	haretz	מימי ההפצצות בחיפה ן ,	"<div class=""txtsearchsnippet"">... באותו יום הצטיינו אנשי מד""א, אשר עז־ רו לעובדי <b class=""highlightcolor"">ביה""ח הממשלתי</b> ' שידיהם היו . מלאות עבודה. נשלחו גם ...</div>"	abbreviated
565	haretz19450523-01.2.8	23 May 1945	haretz	, ,השביתה הערבית עברה בשקט	"<div class=""txtsearchsnippet"">... כי המכוניות הצבוריות מקו מספר 5 (התחנה המזרחית — <b class=""highlightcolor"">ביה""ח הממשלתי)</b> השייכות לחברה ערבית הלכו כרגיל. כעכר הירדן גס ...</div>"	abbreviated
566	haretz19450626-01.2.37	26 June 1945	haretz	בתל־אביב ן	"<div class=""txtsearchsnippet"">... ולאחר שאיש לא בא לזהותה הועברה לחדר המתים של <b class=""highlightcolor"">בית החולים ' הממשלתי</b> בפרדס כץ. האשד. היא בגיל ‭60—50‬ ...</div>"	spelled
567	haretz19450627-01.2.18	27 June 1945	haretz	ארץ אחת, והיא איי...	"<div class=""txtsearchsnippet"">... שסגן מןהל:;מיזל^ז. הבריאות הממשלתית, ד""ר מישאלאני, מסיפד"" נתמנה מנהל. <b class=""highlightcolor"">בית החולים הממשלתי</b> בשכם.</div>"	spelled
568	haretz19450710-01.2.24	10 July 1945	haretz	עבודות צבוריות שבוצעו בזמן המלחמה לשמוש בתקופת השלום	"<div class=""txtsearchsnippet"">... ונם־ סר למחלקת התעופה האזרחית• בשנה זו נבנה •גם <b class=""highlightcolor"">בית החולים הממשלתי</b> למחלות מידבקות בדרך מת לח* הושלם מץ ...</div>"	spelled
569	haretz19450716-01.2.24	16 July 1945	haretz	בירושלים	"<div class=""txtsearchsnippet"">... הראשונים שפורקו: המקלס בבנין סנסור שברחוב בן־יהודה, המקלם שליד <b class=""highlightcolor"">בית החולים הממשלתי,</b> וכן קירות מגן ליד בנינים ממשלתיים. פירוק ...</div>"	spelled
570	haretz19450718-01.2.54	18 July 1945	haretz	"חיפושים בסביבת פרדס כ""ץ ובית החולים בילינםון"	"<div class=""txtsearchsnippet"">... לאחד שהופר העוצר. מפקדת הכוחות שערכו היפושים נקבעה ליד <b class=""highlightcolor"">בית . החולים הממשלתי</b> בפרדס כץ. רמקוליפ שעברו בכבישיפ הכריזו ...</div>"	spelled
571	haretz19450813-01.2.16.2	13 August 1945	haretz	Page 1 Advertisements Column 2	"<div class=""txtsearchsnippet"">... פםירת הגב' דבורה ליפשיץ זיל הרופאיפ, הפקידיפ והעופדיפ של <b class=""highlightcolor"">בית־החולים הממשלתי</b> בבת־ים היום כשלשים לפטירת ראש משפחתנו די ברוך ...</div>"	maqaf
572	haretz19450819-01.2.56	19 August 1945	haretz	ברכת הועד הלאומי למעצמות המנצחות	"<div class=""txtsearchsnippet"">... הועד הלאומי: אליהו בדלץ. צריפי צבא-לחיילים משוחררים בת""א בקרבת <b class=""highlightcolor"">בית החולים הממשלתי</b> . הירקון"" בצפון תל־אביב, מוקמים כעת צתפי־צבא, ...</div>"	spelled
573	haretz19450826-01.2.26	26 August 1945	haretz	כתל־אביב	"<div class=""txtsearchsnippet"">... ישוכנו בצריפי הצבא שהובאו לתל אביב ומוקמים •והולכים בקרבת <b class=""highlightcolor"">בית החולים הממשלתי</b> ""הירקוףי שבצפון העיר.</div>"	spelled
574	haretz19450827-01.2.1	27 August 1945	haretz	חזרו מעפילינו מגלות מאוריציוס	"<div class=""txtsearchsnippet"">... סה"", . רוטשילד"", בית חולים ""כרמלי של קופת חולים, <b class=""highlightcolor"">בית־החולים הממשלתי</b> ועוד. הערב הוכנסו של ששה חולי רוח ועצבים ...</div>"	maqaf
575	haretz19450829-01.2.25	29 August 1945	haretz	רשימות ירוש&ןיות	"<div class=""txtsearchsnippet"">... לבית חולים זה. הוא הרופא האחראי למחלקה הבריטית של <b class=""highlightcolor"">בית החולים הממשלתי,</b> שהוא בבנין מיוחד, עם אדמיניסטראציה מיוחדת כמעט. ...</div>"	spelled
576	haretz19450906-01.2.46	6 September 1945	haretz	"מ""מ הנציב העליוןבתל־אביב -"	"<div class=""txtsearchsnippet"">... עם תמונות מהקיימנות. אחר כך ביקר מר שאו בסביבת <b class=""highlightcolor"">בית החולים הממשלתי</b> הירקון שם מקימים צריפים צבאיים לחיילים משוחררים. ...</div>"	spelled
577	haretz19451023-01.2.20	23 October 1945	haretz	הבקיון בשכונות על חשבון הועד	"<div class=""txtsearchsnippet"">... המכוניות של מספר 7 . מהלכות מבת־ גלים דרך <b class=""highlightcolor"">בית־החולים הממשלתי</b> לתחנת הרכבת המזרחית, וכן מתחנת הרכבת ' לקצה ...</div>"	maqaf
578	haretz19451102-01.2.1	2 November 1945	haretz	ן חבלה תחבורת הארץ	"<div class=""txtsearchsnippet"">... ערב הובאה על ידי פלוגת חיילים, לחדר המתים של <b class=""highlightcolor"">בית־החולים הממשלתי</b> ברמלה, גופתו של צעיר יהודי, ן הרוג ביריות. ...</div>"	maqaf
579	haretz19451118-01.2.31	18 November 1945	haretz	בחיפה	"<div class=""txtsearchsnippet"">... דבר ב־4 השבועות האחרונים הובאו למחלקה למחלות מדבקות של <b class=""highlightcolor"">בית החולים הממשלתי</b> בחיפה 5 ערבים ' נגועי דבר. אחד ...</div>"	spelled
580	haretz19451130-01.2.52	30 November 1945	haretz	כתערובת בחיפה	"<div class=""txtsearchsnippet"">... לטיפול על ידי מד""א, והשני הוכנס ' ל י <b class=""highlightcolor"">בית החולים הממשלתי</b> בהיפר. , במצב י יותר רציני. היופ ...</div>"	spelled
581	haretz19451211-01.2.55	11 December 1945	haretz	הכלל והפרט	"<div class=""txtsearchsnippet"">תר איבראהים איטאים משכם נתמנה לסגן מנהל <b class=""highlightcolor"">בית־החולים הממשלתי</b> בחיפה, במקומו של ד-ר מישלאני, שנתמנה מנהל <b class=""highlightcolor"">בית־החולים ...</b></div>"	maqaf
582	haretz19451217-01.2.61	17 December 1945	haretz	?ן I הודעה חשוגה	"<div class=""txtsearchsnippet"">... יפו, משער יפו עד בנין הח&amp;ד, דרום בנק אנגלו־פלישתינא, <b class=""highlightcolor"">בית החולים הממשלתי,</b> הצד המזרחי של רחוב בצלא'5 הצד המערבי ...</div>"	spelled
583	haretz19451219-01.2.31	19 December 1945	haretz	בחיפה	"<div class=""txtsearchsnippet"">... פוטינגר, מנהל בית־החו' לים הממשלתי בחיפה, יועבר ליפו כמנהל <b class=""highlightcolor"">בית החולים הממשלתי</b> שם. בתערוכת התעשיה של ה""הפתדרות"" בקרו ביום ...</div>"	spelled
584	haretz19451225-01.2.44	25 December 1945	haretz	מתנכלים לתחבורה יהודית	"<div class=""txtsearchsnippet"">... הקו מפפר ‭— , 7‬ הנמשך כידוע מבת־גלים, דרך <b class=""highlightcolor"">בית־החולים הממשלתי</b> עד תחנת הרכבת המזרחית — קובלים על כך ...</div>"	maqaf
585	haretz19460110-01.2.30	10 January 1946	haretz	*ד ד _מתונות ו	"<div class=""txtsearchsnippet"">... נחום איש גם זו, הנמצא בדרומה של צפת, בקרבת <b class=""highlightcolor"">בית־החולים הממשלתי,</b> ומסומן בגל אבנים גדול, כדרך ציוני המקומות הקדושים ...</div>"	maqaf
586	haretz19460121-01.2.1	21 January 1946	haretz	חיפושים ומעצרים , בירושלים	"<div class=""txtsearchsnippet"">... נהרג הלייסננט קלארק, מחיל השירות ההודי. גופתו הועברה ל־ <b class=""highlightcolor"">בית־החולים הממשלתי.</b> הכרזת חעוצר רחובות ירושלים נתרוקנו מיד, ואותם !אנשים ...</div>"	maqaf
587	haretz19460121-01.2.32	21 January 1946	haretz	במושבות	"<div class=""txtsearchsnippet"">... אתמול אחה""צ בשעה שהלך בכביש ע""י בני־ברק• אמבולאנם שי <b class=""highlightcolor"">בית־החולים הממשלתי</b> שעבר במקום במקרה העבירו לבית החולים . הדסה"" ...</div>"	maqaf
588	haretz19460127-01.2.39	27 January 1946	haretz	העוצר בירושלים ללא שינוי	"<div class=""txtsearchsnippet"">... מרט הובאה לקבדד* הגופה מוטלת עדיין בחוד המתימ של <b class=""highlightcolor"">בית החולים הממשלתי,</b> מאמי</div>"	spelled
589	haretz19460208-01.2.57	8 February 1946	haretz	בחולון, אחדי ליל הבלהות	"<div class=""txtsearchsnippet"">... אושרה אמנם עובדה זו. מפתו הועברה לחדר המתים של <b class=""highlightcolor"">בית החולים הממשלתי</b> . הירקון- בתל־אבי* חוגי המשטרה מוסרים כי ...</div>"	spelled
590	haretz19460211-01.2.56	11 February 1946	haretz	"הודעה חשובה חברת החשמל והשירות הצבור' לירושלים בע""ם םו.!?!!? * £1ווז&#8237;>*1?!* ?!?0&#8236;וווו>&#8237;XII? 4 &#8236; &#8237;0א !.XII.&#8236;וזמוו0יומ0ש ££•¥*?*"	"<div class=""txtsearchsnippet"">... אחיפ, גחלת־ ציון, רה' יפו (משער יפו עד הואר), <b class=""highlightcolor"">בית החולים הממשלתי,</b> רה' הנסיכה מרי (מבני! מצפה עד ליד ...</div>"	spelled
591	haretz19460213-01.2.45	13 February 1946	haretz	ן חצעת מכירח I	"<div class=""txtsearchsnippet"">... לשמוש מספר ‭6019‬ מסוג . ^)‭0-1‬ הנמצאת עתה בגרג' <b class=""highlightcolor"">בית החולים הממשלתי.</b> בירושלים. הצעות! תתקבלנה רק בכתב על שם ...</div>"	spelled
592	haretz19460221-01.2.33	21 February 1946	haretz	בעתונות	"<div class=""txtsearchsnippet"">... מה נמצאו מוטלים פצועים ברגליהם ביריות ונאספו ל י <b class=""highlightcolor"">בית החולים הממשלתי.</b> נפג־ כי ת קפה כטכריה השבוע נסגר ...</div>"	spelled
593	haretz19460314-01.2.40	14 March 1946	haretz	"על הממשלה להחזיר לתל־אביב "" חלק מהמסים הנגבים מתושביה"""	"<div class=""txtsearchsnippet"">... אשפת העיתה לא דאגה לכך, שהממשלה תקים בתל אמב <b class=""highlightcolor"">בית חולים ממשלתי</b> עם 300 מסות, לפחות. בבית החולים למחלות ...</div>"	indefinite
594	haretz19460324-01.2.31	24 March 1946	haretz	גוטהלף ווגנר נרצח בתל־אביב	"<div class=""txtsearchsnippet"">... אדום"" העביר את גופתו של וואגנר לחדר המתים של <b class=""highlightcolor"">בית החולים הממשלתי</b> ביפו. שוטרים העבי־ רו את המכונית של ...</div>"	spelled
595	haretz19460426-01.2.72	26 April 1946	haretz	נאסר חשוד בהתקפה על כחנה נתניה	"<div class=""txtsearchsnippet"">... זוהה' הועברה בשעה 9 בבוקר מחדר המתים של ! <b class=""highlightcolor"">בית החולים הממשלתי</b> ביפו, לבית הקב־ } רות במכוגית ח. ...</div>"	spelled
596	haretz19460527-01.2.67	27 May 1946	haretz	רצח והתאבדות במחנה המשטרה בשרובה פרג'נט פריטי הרג את ידיד תו היהודיה והתאפד פיריה	"<div class=""txtsearchsnippet"">... הפסיקה לעביד. גופתה של הנרצחת היעברה לחדר־ המתים של <b class=""highlightcolor"">בית־החולים הממשלתי</b> ביפו.</div>"	maqaf
597	haretz19460718-01.2.33	18 July 1946	haretz	בתל־אביב היופ אזכדה!	"<div class=""txtsearchsnippet"">... קרפן פדיטופ ; קאתג'י באראק* בת ‭, 45‬ מעובדות <b class=""highlightcolor"">בית ' החולים? הממשלתי</b> בשכפ, גכוותה קשה באש ־פת‭0ו8‬ שהתלקח ...</div>"	spelled
598	haretz19460723-01.2.2	23 July 1946	haretz	הרג רב בהתקפת־זועה על משרדי הממשלה והצבא בירושלים	"<div class=""txtsearchsnippet"">... ואלה שזוהו — הותר לקרובים להוציאם מחדד המתים של <b class=""highlightcolor"">בית החולים הממשלתי</b> ולהובילם לקבור* ההרוגים הערבים והנוצרים הוצאו בארונות* ...</div>"	spelled
599	haretz19460812-01.2.44	12 August 1946	haretz	סוכלה התנפלות מזויינת על בית־החולים הממשלתי ביפו	"<div class=""txtsearchsnippet"">סוכלה התנפלות מזויינת על <b class=""highlightcolor"">בית־החולים הממשלתי</b> ביפו</div>"	maqaf
600	haretz19460813-01.2.37	13 August 1946	haretz	"כל הישוב - ל""עם במצור"""	"<div class=""txtsearchsnippet"">... סופרנו ביפו מודיע כי בליל שלשום פרצה בהלה בסביבת <b class=""highlightcolor"">בית החולים הממשלתי</b> ביפו, כשהתקרבו אליו 2 פולנים שנראו בעיני ...</div>"	spelled
601	haretz19460814-01.2.78	14 August 1946	haretz	"ממשפטי ה־&#8237;29&#8236; ביוני בת""א ?"	"<div class=""txtsearchsnippet"">... ביפו נתפשסה שמועה, שאחד משני הסארוריסםים היהודים שתקפו את <b class=""highlightcolor"">בית החולים הממשלתי</b> מפו ונפצעו, מת.</div>"	spelled
602	haretz19460815-01.2.65	15 August 1946	haretz	"פםק־הדין במשפט אנשי לח""י יקרא בנוכחותם"	"<div class=""txtsearchsnippet"">... פלשתץ• מודיע, כי 3 מ־5 הטארוריס־ כים שהתקיפו את <b class=""highlightcolor"">בית החולים הממשלתי</b> ביפו הם תימנים, והשנים משאר עדות המזרח• ...</div>"	spelled
603	haretz19460905-01.2.21	5 September 1946	haretz	!מעפילי >>4 חרויות<< בדרך לקפריסין	"<div class=""txtsearchsnippet"">... הקרובים לביה""ח שבעתליס. ואלה שמותיהם של ששת החולים שב־ <b class=""highlightcolor"">ביה""ח הממשלתי:</b> 1) צפורה מוסקוביץ, בת 2) לאה קלינג, בת ...</div>"	abbreviated
604	haretz19460911-01.2.25	11 September 1946	haretz	ו נ:חח*ח	"<div class=""txtsearchsnippet"">... במחנה עת־ ליס, הועברו אאתמול למחלק*־ , 'הפגימית של <b class=""highlightcolor"">בית־החולים הממשלתי</b> בחיפה. שתיהן יוצאות פולין. מהזור כ""ז של כיה""ס ...</div>"	maqaf
605	haretz19460919-01.2.49	19 September 1946	haretz	"ד""ד ו. פון וייזל שוחרר"	"<div class=""txtsearchsnippet"">... לאור הסכנה שהיתר. צפו־ יה לחייו. לסני עזבו את <b class=""highlightcolor"">בית החולים הממשלתי,</b> מקום שם שכב בתאיהאסירי* נבדק ד""ר פון ...</div>"	spelled
606	haretz19460925-01.2.60	25 September 1946	haretz	נרצח יהודי בטבריה ביריות אקדח	"<div class=""txtsearchsnippet"">... נתן כהן בן ‭, 20‬ נשאר במחלקה הכירורגית של <b class=""highlightcolor"">בית־החולים הממשלתי</b> בחיפה. יש מקווים, כי ל־4 המעפילים האלו יורשה ...</div>"	maqaf
607	haretz19461101-01.2.45	1 November 1946	haretz	מעצרים וחיפושים אהרי ההתק -פה על תחנת־הרכבת בירושלים	"<div class=""txtsearchsnippet"">... שונים בעיר. ביהוד הוגברה השמירה על מגרש־הרוסים בו נמצא <b class=""highlightcolor"">בית־החולים הממשלתי.</b> נערכו חיפושים ונבדקו תעו־ מת הזהות אצל כל ...</div>"	maqaf
608	haretz19461110-01.2.9	10 November 1946	haretz	31 שוטרים בריטים נהרגו בירושלים	"<div class=""txtsearchsnippet"">... כדי להסתכל במקום ההתפוצצות. קטעי הגופות נאספו באמבולאנםים של <b class=""highlightcolor"">בית החולים הממשלתי.</b> לפ ניכן צולמו על ידי צלמי קולנוע ...</div>"	spelled
609	haretz19461126-01.2.51	26 November 1946	haretz	עצבים דרוכים גרמו לאזעקה	"<div class=""txtsearchsnippet"">... שהניח איזה חפץ על יד הכניסה למחלקה הבריטית של <b class=""highlightcolor"">בית החולים הממשלתי.</b> השוטר ירה שתי יריות לעבר האיש שנכנס ...</div>"	spelled
610	haretz19461129-01.2.84	29 November 1946	haretz	מראה עינים והלך נפש	"<div class=""txtsearchsnippet"">... תצלומי הארכי־ םקטורה, בעיקר של ביה""ח ""הדסה"" בירושלים ושל <b class=""highlightcolor"">ביה""ח הממשלתי</b> בחיפה, פרי כשרונו של אריך מנדלסון, האדריכל המהולל. ...</div>"	abbreviated
611	haretz19461202-01.2.62	2 December 1946	haretz	חיפושים ומעצרים בירושלים	"<div class=""txtsearchsnippet"">... ""לוחמי חירות ישראל"". נעצר פצוע השוד בתא העצורים של <b class=""highlightcolor"">בית־החולים הממשלתי</b> בירושלים נמצא חיים צוקרווסר בן ‭, 20‬ שנפצע ...</div>"	maqaf
612	haretz19461206-01.2.74	6 December 1946	haretz	", ""2 מעפילי,כבםת ישראל מתו מיריות""-החוקר"	"<div class=""txtsearchsnippet"">... לאניות־הגירוש. על סמך עדויות שונות, ובהן גם עדות רופא <b class=""highlightcolor"">בית־ החולים הממשלתי,</b> שבדק את גוויות ההרוגים וניתחן, באו החוקרים ...</div>"	spelled
613	haretz19461220-01.2.65	20 December 1946	haretz	מזכירי הרשויות בכינוסם	"<div class=""txtsearchsnippet"">... משמרתו ליד גדר המחה. גוויתו הועברה לחדר המתים של <b class=""highlightcolor"">בית־ החולים הממשלתי</b> ברמלה, ותועבר הבוקר ו לתל אביב. הלויתו ...</div>"	spelled
614	haretz19470119-01.2.56	19 January 1947	haretz	"כוו""פה ו"	"<div class=""txtsearchsnippet"">... ?ופקידיו. עזב• את פית החוליפ' ביום ו' עזבו את <b class=""highlightcolor"">בית החולים הממשלתי</b> בחיפה עת 2 נוטרים ערבים, שנפצעו בהתפוצצות ...</div>"	spelled
615	haretz19470122-01.2.62	22 January 1947	haretz	Untitled	"<div class=""txtsearchsnippet"">... תצלום בערך של ‭80‬ לא""י. נמצא תינוק מת בשטח <b class=""highlightcolor"">בית החולים הממשלתי</b> בבת־גלים נמצא אתמול תינןק זכר מת. המשטרה ...</div>"	spelled
616	haretz19470202-01.2.36	2 February 1947	haretz	בחיפה	"<div class=""txtsearchsnippet"">... המשטרה בחיפה 'לפני 3 'שבועות עזב ביום ו' את <b class=""highlightcolor"">בית־החולים הממשלתי.</b> בבית־החולים נשארו רק כמה שוסרים בריטיים מנפגעי ההתפוצצות. ...</div>"	maqaf
617	haretz19470213-01.2.25	13 February 1947	haretz	מפת ,אזורי הבטחוף של ירושלים	"<div class=""txtsearchsnippet"">... םולקמאן ליד כנסית נוסר ־ דאפ* ברחוב יפו ליד <b class=""highlightcolor"">בית החולים הממשלתי</b> וליד הממקלה הרזמ^ת של הפשסד* בנק ברקלייס ...</div>"	spelled
618	haretz19470214-01.2.98	14 February 1947	haretz	ירושלים החדשה	"<div class=""txtsearchsnippet"">... ‭:83‬ בית הולים העינים על הר אבו תור אינו <b class=""highlightcolor"">בית חולים ממשלתי</b> כי אש של חברת צדקה אנגלית. בית ...</div>"	indefinite
619	haretz19470219-01.2.81	19 February 1947	haretz	הכלל והפרט !	"<div class=""txtsearchsnippet"">... . לות. מר ו. ר. מק־ד, :אגף הבתסי של <b class=""highlightcolor"">בית־החולים הממשלתי</b> :ירושלי*</div>"	maqaf
620	haretz19470304-01.2.16	4 March 1947	haretz	שבתה תנועה המכוניות בעיר	"<div class=""txtsearchsnippet"">... '‭. (11 ‬ טםלקח הבריאות הממשלתית (טל. מס' ‭;(13‬ <b class=""highlightcolor"">ביה""ח הממשלתי</b> ""הירקון"" (טל. מם' ‭:(15‬ מנהל ביה""ח ""הירקון"" ד""ר ...</div>"	abbreviated
621	haretz19470326-01.2.64	26 March 1947	haretz	שכסוך או לא־שכשוך?	"<div class=""txtsearchsnippet"">... גייס מכונה גייפ שי הצבא התהפכה שישים אחה""צ ליד <b class=""highlightcolor"">בית החולים הממשלתי.</b> שני קצינים, שנסעו בה נפצעו. קפטן האתראל ...</div>"	spelled
622	haretz19470326-01.2.75.1	26 March 1947	haretz	Page 6 Advertisements Column 1	"<div class=""txtsearchsnippet"">... חיריה, תל־אפדים. סוגו: מירי. תאורו: פנ־ רש בנין בקרבת <b class=""highlightcolor"">בית החולים הממשלתי.</b> הלקים: בשלמות. השםח: '‭487‬ מבדר. פרסי הרשום: ...</div>"	spelled
623	haretz19470414-01.2.50	14 April 1947	haretz	גאולה כהן ברהה מכלאה	"<div class=""txtsearchsnippet"">... נאפרו ו־2 נעצרו שני הערבים, שבשעת הקטטה ביניהם במסדרון <b class=""highlightcolor"">בית־החולים הממשלתי</b> ברחה גאולה כהן. נאסרו על ידי המשטרה. שני־ ...</div>"	maqaf
624	haretz19470422-01.2.10	22 April 1947	haretz	פיבשטין וברזבי התאבדו בבית־הכלא	"<div class=""txtsearchsnippet"">... לא נודעו. הגופות עדיין לא הועברו לחדר המתים של <b class=""highlightcolor"">בית החולים הממשלתי</b> הסמוך למקום. נראה הדבר כי השניים השיגו ...</div>"	spelled
625	haretz19470423-01.2.69	23 April 1947	haretz	הלוית מזרחי , ברזני ופיינשטיין ,	"<div class=""txtsearchsnippet"">... של קדושי תרצ""ו—תרצ""ם. הלוית השלושה יצאה מחדר המתים של <b class=""highlightcolor"">בית־החולים הממשלתי</b> בירושלים תחת משמר חזק ביותר של צבא ומשטרה, ...</div>"	maqaf
626	haretz19470425-01.2.69	25 April 1947	haretz	גער באשם בהטלת פצצה על מכונית	"<div class=""txtsearchsnippet"">... היליכ כקסטינה ונתפס '. ""א־דיפאע"" מודיע, שטארוריסט ניסה לפוצץ <b class=""highlightcolor"">בית חולים ממשלתי</b> בקטטינה. הצבא תפס אותו ומנע בעד ההתפוצצות. ...</div>"	indefinite
627	haretz19470508-01.2.43	8 May 1947	haretz	בחיפה	"<div class=""txtsearchsnippet"">... 40‬ נפצע קשה וגגרם לו שבר בגולגולת. הועבר־ ל <b class=""highlightcolor"">ביה""ח הממשלתי</b> בחיפה ומשם לביה""ח רוטשילד. נכוותה כהתפוצצות פדימופ וואפיקה ...</div>"	abbreviated
628	haretz19470519-01.2.60.1	19 May 1947	haretz	Page 4 Advertisements Column 1	"<div class=""txtsearchsnippet"">... חיריה, תל אפרי* פודז מירי. תאורו: מגרש לבנין ליד <b class=""highlightcolor"">בית החולים הממשלתי.</b> חלקימ: בשלמו* השמח: ‭307 ‬ מפ""ר. פרסי ...</div>"	spelled
629	haretz19470521-01.2.54.1	21 May 1947	haretz	Page 5 Advertisements Column 1	"<div class=""txtsearchsnippet"">... חיריה, תל אפרים. סוגו: מירי. תאורו: מגרש לבגין ליד <b class=""highlightcolor"">בית החולים הממשלתי.</b> חלקים: בשלמות. השטח: ‭307 ‬ ממ""ר. פרטי ...</div>"	spelled
630	haretz19470528-01.2.1	28 May 1947	haretz	"הוחרבה תחבתןהרכבת ברמלה 3 התקפות אצ""ל על קווי מסילת הברזל.-!ערביה נפצעה באופן קל"	"<div class=""txtsearchsnippet"">... במטבה באותה שעה, נפצעה פצעים קלים ברגלה והועברה ' <b class=""highlightcolor"">בית החולים הממשלתי</b> ביפו. מנהל התחנה, איברהים חכים' לא חיה ...</div>"	spelled
631	haretz19470612-01.2.39	12 June 1947	haretz	הכלל והפרט	"<div class=""txtsearchsnippet"">... לאופר, לשעבר מנתח ראשי בחבש' נתמנה לרופא מנתח וסגךמנהל <b class=""highlightcolor"">בית־ החולים הממשלתי</b> בחיפה. הגיע לארץ ה' נימן דזניק, אחד ...</div>"	spelled
632	haretz19470619-01.2.44	19 June 1947	haretz	בחיפה	"<div class=""txtsearchsnippet"">... בבוקר ליד קלוב הסירות בנמל. ניצל ונאסף ל י <b class=""highlightcolor"">בית החולים הממשלתי</b> בחיפה. מת מפצעיו הפועל יצחק עומר, בן ...</div>"	spelled
633	haretz19470625-01.2.72	25 June 1947	haretz	מכל הארץ	"<div class=""txtsearchsnippet"">... בכית הוליפ 12 שעות שבתו האחיות ושאר העובדים של <b class=""highlightcolor"">בית החולים הממשלתי</b> בפרדס־כ""ץ לאות מחאה על האוכל הדל שהם ...</div>"	spelled
634	haretz19470701-01.2.45	1 July 1947	haretz	' בחיפה 1	"<div class=""txtsearchsnippet"">... אשה ושני ילדם. מי נפגע ביריות ההייליפ לפי הודעת <b class=""highlightcolor"">ביה""ח הממשלתי</b> בהיפר. נפגעו ע""י יריות החיילים ביופ א' בערב ...</div>"	abbreviated
635	haretz19470713-01.2.37	13 July 1947	haretz	בירושלים	"<div class=""txtsearchsnippet"">... נשאר רק מעבר צר צביב הגן להולכים לבתי־ המשפט, <b class=""highlightcolor"">בית־החולים הממשלתי</b> וביתיהםהר המרכזי. הכניסה לפקידי הצמשלה, •היתד. מוצרת למגרש ...</div>"	maqaf
636	haretz19470714-01.2.33	14 July 1947	haretz	ן פ3ל הארץ ן	"<div class=""txtsearchsnippet"">... פצעי מוות פועל מצרי, שמת אחר כך־ ב . <b class=""highlightcolor"">בית־החולים הממשלתי</b> ביפו — הותעה ' המשטרה שלשום. במקום ההתקפה ...</div>"	maqaf
637	haretz19470807-01.2.69	7 August 1947	haretz	מקרה דבר בקרבת יפו	"<div class=""txtsearchsnippet"">... ההלימו הולי הדפד פהיפה כל הוא הדבר יצאו את <b class=""highlightcolor"">בית החולים הממשלתי</b> בחיפה פרס ל־3 חולים שהועב־ ת לפני ...</div>"	spelled
638	haretz19470814-01.2.38	14 August 1947	haretz	מהתגקשויות בגבולות יפו - תל־אביב	"<div class=""txtsearchsnippet"">... מחדר המתים של בית החולים העירוני לחדר המתים של <b class=""highlightcolor"">בית החולים הממשלתי</b> ביפו, לאחר שותיק מוהלי תל־ אביב קבע ...</div>"	spelled
639	haretz19470817-01.2.12	17 August 1947	haretz	2 ערבים הרוגים במצאו בקרבת שבובת עזרא	"<div class=""txtsearchsnippet"">... בולאנס של ""הצלב האדום"", שהעביר את ההרוגים לחדר־המתים של <b class=""highlightcolor"">בית־החולים הממשלתי</b> ביפו. דקות מספר לאחר העברת הגויות הגיעי' למקום ...</div>"	maqaf
640	haretz19470818-01.2.36	18 August 1947	haretz	נרצוז ערבי נתל־8ניב	"<div class=""txtsearchsnippet"">... אביב והמחלקה ליולדות ע""י בית החולים העירוני הסךש וע-י <b class=""highlightcolor"">בית החולים הממשלתי</b> ""היחקון'/ ראתה ההסתדרות הרפואית העכמ* בתל אגדב ...</div>"	spelled
641	haretz19470919-01.2.59	19 September 1947	haretz	Untitled	"<div class=""txtsearchsnippet"">... מ ־ . תושבי טירה כולם, נפצעו והועברו־ ל <b class=""highlightcolor"">ביה'־ח הממשלתי</b> בחיפי. . שנים מהם• ג'ומ' עה דאוד ודייב ...</div>"	abbreviated
642	haretz19471022-01.2.65.3	22 October 1947	haretz	Page 5 Advertisements Column 3	"<div class=""txtsearchsnippet"">... הצעות אפשר לקבל לפי בקשה מאת מנהל המשק של <b class=""highlightcolor"">בית החולים הממשלתי</b> "" בתל־אביב י בין השעות ‭14. 00—8. ...</div>"	spelled
643	haretz19471125-01.2.27	25 November 1947	haretz	בחיפה	"<div class=""txtsearchsnippet"">... קפה -האז"" בחיפה־ ב‭12‬ בנו־ בכבד, החלים ויצא את <b class=""highlightcolor"">בית החולים הממשלתי</b> בחיפה. גדרות התיל פרה' המלביפ - נזק ...</div>"	spelled
644	haretz19471216-01.2.20	16 December 1947	haretz	הפוגה יחסית בארץ אתמול	"<div class=""txtsearchsnippet"">... מאתמול. * י ‭3 . ‬ נטומ ערבים אל <b class=""highlightcolor"">בית החולים הממשלתי</b> ביפו הועברו אתמול 3 גופות של אחמד ...</div>"	spelled
645	haretz19471219-01.2.21	19 December 1947	haretz	בעיות תל־אביב בימים אלה	"<div class=""txtsearchsnippet"">... הדרוש* צר המקום בטח החולים העירו־ גי וגם בעזרת <b class=""highlightcolor"">בית החולים הממשלתי</b> •הירקון"" שגיתגה אמגם בימים האחרר נים אין ...</div>"	spelled
646	haretz19471222-01.2.22	22 December 1947	haretz	"&#8237;30&#8236; מיליון דולאר - הון חברה ציונית בארה""ב להשקעות מדי"	"<div class=""txtsearchsnippet"">... של שומריה מומםיב ערבים והקהל הערבי במגרש הדומם למ <b class=""highlightcolor"">בית החולים הממשלתי</b> למ בית הסהר ולמ מת המשפס מהווה ...</div>"	spelled
647	haretz19471230-01.2.28.3	30 December 1947	haretz	Page 3 Advertisements Column 3	"<div class=""txtsearchsnippet"">... 6 רופאים יהודים ו־‭27‬ אחיות עזבו את־ מול את <b class=""highlightcolor"">ביה""ח הממשלתי</b> בירושלים. כפי הנראה עשו את הדבר לאחר שהשמירה ...</div>"	abbreviated
648	haretz19471231-01.2.68.3	31 December 1947	haretz	Page 5 Advertisements Column 3	"<div class=""txtsearchsnippet"">... דבמחונך! נפצעו ערכיפ שני פצועים ערבים מיתות הובאו ל־ <b class=""highlightcolor"">ביה""ח הממשלתי</b> בחיפה אתמול בבוקר. חמד רחאם אמד, בן ‭, ...</div>"	abbreviated
649	haretz19480101-01.2.67	1 January 1948	haretz	נסגרו מחלקות ממשלה	"<div class=""txtsearchsnippet"">... על מכו־ ניות להכנס למגרש הרוסים ( מלבדהמכוניות של <b class=""highlightcolor"">בית החולים הממשלתי),</b> לסגור את דלתות בתי המשפט־ ב1 ורבע ...</div>"	spelled
650	haretz19480106-01.2.46	6 January 1948	haretz	םרג'נט בריטי נהרג ביריות .המשמר הלאומי'הערבי בחיפה	"<div class=""txtsearchsnippet"">... חיפה נצרת. כל ;פגיעים, בהט נהג אחת המכוניות, הובאו <b class=""highlightcolor"">בית החולים הממשלתי</b> בחיפה. מוכרים, כי היריות על האומובוםים ערבים ...</div>"	spelled
651	haretz19480116-01.2.69	16 January 1948	haretz	פית ההוליפ הממשלתי פכית צפפה - לערכיפ	"<div class=""txtsearchsnippet"">מקור ערבי מוסמך בירושלים הודיע אתמול לסופרנו כי <b class=""highlightcolor"">בית החולים הממשלתי</b> בבית צפפה נממר לערבימ. אתמול נודע, שהממשלה ...</div>"	spelled
652	haretz19480122-01.2.85	22 January 1948	haretz	2 ערבים נהרגו	"<div class=""txtsearchsnippet"">... נורו ביריות אקדח. שני הערבים מתו וגופותיהם הועברו־ ל <b class=""highlightcolor"">בית־החולים הממשלתי.</b> הפולני הועבר גם הוא לבית־החולים הממשלתי כשהוא פצוע ...</div>"	maqaf
653	haretz19480123-01.2.61	23 January 1948	haretz	ערבי נורה ונהרג בחיפה	"<div class=""txtsearchsnippet"">... בביה""ח הממשלתי בחיטה. נמצאה גוויה ערופה בחדר המתים של <b class=""highlightcolor"">בית החולים הממשלתי</b> בחיפה מוגחת זה כמה ימים גוויה בלי ...</div>"	spelled
654	haretz19480205-01.2.35	5 February 1948	haretz	נתפס בשר מוברח לתל־אביב	"<div class=""txtsearchsnippet"">... בינתיים מונחת הגופה זה היום ה־6 בחדר המתים של <b class=""highlightcolor"">בית החולים הממשלתי.</b> רכילות לעתליט מרכז ""לאסירינו"" מודיע: חבילות למחנה ...</div>"	spelled
655	haretz19480206-01.2.59	6 February 1948	haretz	נמצאה גווית יהודה אריה לוי	"<div class=""txtsearchsnippet"">... הגופה נמצאת ליד ר&amp;ה־ הדר הגוויה הועברה לחדר־המתים של <b class=""highlightcolor"">בית החולים הממשלתי</b> בפרדס כ""ץ. מסיבות מותו הטראגי של לוי ...</div>"	spelled
656	haretz19480209-01.2.44	9 February 1948	haretz	משלחת הצלב האדום מסיירת בחיפה	"<div class=""txtsearchsnippet"">... רוטשילד, בית החולים בורוכוב, מרכז הצי לב האדום בחיפה, <b class=""highlightcolor"">בית החולים הממשלתי</b> ובית החולים הערבי •אל אמץ"". אחרי הצהרים ...</div>"	abbreviated,spelled
657	haretz19480212-01.2.15	12 February 1948	haretz	הקרב בימיז־משה	"<div class=""txtsearchsnippet"">... שאר ההתקפות הערביות המאורגנות, עובדה תכנית צבאית מסודרת: מאגף <b class=""highlightcolor"">בית החולים הממשלתי</b> והכנסיה הסקוטית ניתנה אש חיפד למתקיפים מצד ...</div>"	spelled
658	haretz19480224-01.2.69	24 February 1948	haretz	נהרגו 4 ערבים	"<div class=""txtsearchsnippet"">... ביניהמ אשה אחת, ו־9 ערבים נפצעו. כולם •הועברו לש <b class=""highlightcolor"">בית החולים הממשלתי</b> בעזה.</div>"	spelled
659	haretz19480331-01.2.72	31 March 1948	haretz	פקידה אנגליה נהרגה בבית צפפה	"<div class=""txtsearchsnippet"">... ביריות אתמול אחר־ הצהרים בעמדה ליד מכוניתה סמוך לבנין <b class=""highlightcolor"">בית־החולים הממשלתי</b> בבית־צפפה, הכפר הערבי דרומית לירושלי* הערבים סוענים כי ...</div>"	maqaf
660	haretz19480402-01.2.28	2 April 1948	haretz	בתל־אביב	"<div class=""txtsearchsnippet"">... עירית תל• אביב והמועצות י המקומיות נעשות המוח להעברת <b class=""highlightcolor"">בית החולים הממשלתי</b> *הירקון' לרשות העיריה והמועצות המקומיות. *עתון העתונאיפ"" ...</div>"	spelled
661	haretz19480408-01.2.3	8 April 1948	haretz	פרצו שוב מהומות בלואהיר	"<div class=""txtsearchsnippet"">... ה ד (סי""צ). לאחר ש־‭! 1, 500 ‬ עובדי <b class=""highlightcolor"">בית החולים הממשלתי</b> המרכז' ב־ קאסר־אל־עיני פתחו היום בשביתה, הובאה ...</div>"	spelled
662	haretz19480426-01.2.41	26 April 1948	haretz	5 בניינים בירושלים בחסות/הצלב האדונ	"<div class=""txtsearchsnippet"">... האדום, והאגדה המדיצינית האמריקאית. נודע כי המינים הם: בנין <b class=""highlightcolor"">בית החולים הממשלתי</b> במגרש הרוסים, הבנין ליולדות . שהיה פעם ...</div>"	spelled
663	haretz19480427-01.2.48	27 April 1948	haretz	"התקפת אצ""ל ביפו נמשכת"	"<div class=""txtsearchsnippet"">... ההרוגים וכן גופת ההרוג מאתמול הועברו לתדר המתים של <b class=""highlightcolor"">בית החולים הממשלתי</b> ביפו. אתמול אחה-צ הועברו שתי הגוויות על ...</div>"	spelled
664	haretz19480428-01.2.48	28 April 1948	haretz	ההגנה קוראת לתושבי חיפה הערבים לחזור לבתיהם	"<div class=""txtsearchsnippet"">... מקלין מנהל משרד הבריאות הממשלתי וד""ר חמזי , מגהל <b class=""highlightcolor"">בית החולים הממשלתי,</b> הודיע ד''ר קצנלסון על החלסת המוסדות להבטיח ...</div>"	spelled
665	haretz19480503-01.2.39	3 May 1948	haretz	"גיה""ח הממשלתי בחיפה-לעיריה"	"<div class=""txtsearchsnippet""><b class=""highlightcolor"">בית החולים הממשלתי</b> נחיפד, הועבר אתמול לרשות עירית חיפה וישמש ...</div>"	spelled
666	haretz19480504-01.2.42	4 May 1948	haretz	השלטון הצבאי העברי בחיפה הוחלה במשטר עברי אזרחי	"<div class=""txtsearchsnippet"">... ביקר בחיפה ודן עם העיריה והשלטונות בדבר גורלו של <b class=""highlightcolor"">בית החולים הממשלתי</b> העומד להיות מועבר לעירית חיפה. הועד הלאומי ...</div>"	spelled
667	haretz19480507-01.2.59	7 May 1948	haretz	הריאה לערבים לחזור לחיפה ללא חשש	"<div class=""txtsearchsnippet"">... חיפה, מר שבתאי לוי, פנה לכל העובדים הערבים של <b class=""highlightcolor"">בית־החולים הממשלתי</b> ולעובדי מחלקת רישום־הקרקעות, שישובו לעבודתם וכי הוא אחראי ...</div>"	maqaf
668	haretz19480518-01.2.38	18 May 1948	haretz	בחיפה	"<div class=""txtsearchsnippet"">... זריקות לישוב העח בי ע""י מחלקת הבריאות הממשלתיח־ ב <b class=""highlightcolor"">בית־החולים הממשלתי</b> ובמקומות שודמ בעיר. תורנוה בתי־מרקהה הלילה — מת־מרקחת ...</div>"	maqaf
669	haretz19480611-01.2.34	11 June 1948	haretz	יפו - עיר בלי רוח חיים	"<div class=""txtsearchsnippet"">... ע רביים שנשארו - במקום — ושוב בפיקוח. 1 <b class=""highlightcolor"">בית החולים הממשלתי</b> לשעבר והצר • פתישמש־ י את חולי ...</div>"	spelled
670	haretz19480827-01.2.41.3	27 August 1948	haretz	Page 4 Advertisements Column 3	"<div class=""txtsearchsnippet"">מדינת 1 שואל <b class=""highlightcolor"">בית החולים הממשלתי</b> חיםח בית הספד לאחיות פית ההוליפ הממשלתי ...</div>"	spelled
671	haretz19480928-01.2.50	28 September 1948	haretz	בתל־אביב I	"<div class=""txtsearchsnippet"">בג'בליה (יפו) רח' בי מס. ‭12—141‬ ליד <b class=""highlightcolor"">בית־החולים הממשלתי.</b> האוסובוס (של דרום יהודה) לג'בליה יוצא מהתחנה המרכזית ...</div>"	maqaf
672	haretz19481029-01.2.40	29 October 1948	haretz	בתר־אביב	"<div class=""txtsearchsnippet"">... ה־ מחלקה לתרבות של הועד הלאומי, בבית הספר מול <b class=""highlightcolor"">בית החולים הממשלתי,</b> בהשתתפות :משה ראם, חנה זמיר. צדוק קוגל.</div>"	spelled
673	haretz19481105-01.2.39	5 November 1948	haretz	םזר־אביב	"<div class=""txtsearchsnippet"">... המחלקה לתרבות של היעהיל: ־‭530‬ בב""ה""ס בג'בליד. (ימו"" סול <b class=""highlightcolor"">ביה""ח הממשלתי)</b> מטיבה עם פ. רפפודס (עינה ושירה בצבור). ככתי-הכנפת ...</div>"	abbreviated
674	haretz19481121-01.2.43	21 November 1948	haretz	"ד""ר ה. הרמן דל"	"<div class=""txtsearchsnippet"">... חו־ לים ""הדסה"" (מיסיון) ברחוב הנביאים ?ירושלי* הועברו *ובדי <b class=""highlightcolor"">ביה""ח הממשלתי</b> לשעבר 38 עובדים שבבית החולים הממשלתי לשעבר הוצאו ...</div>"	abbreviated
675	haretz19481126-01.2.45	26 November 1948	haretz	בתל־אביב	"<div class=""txtsearchsnippet"">... שבת־ ב3 א""היצ עט מרדכי דוס. בביה""ס בנ'יביליה (מול <b class=""highlightcolor"">ביה""ח הממשלתי)־</b> ב‭5. 30‬ מס־בת מיצ""ש ללומדימ בשעורי הערב: מ. ...</div>"	abbreviated
676	haretz19481220-01.2.28	20 December 1948	haretz	Untitled	"<div class=""txtsearchsnippet"">שעות חכיקור ככית חחולים חממשלתי הנהלת <b class=""highlightcolor"">בית־החולים הממשלתי</b> בחיפה מודיעה, שמיום א' הבא יהיו שעות־הביקור בבית ...</div>"	maqaf
677	hashaah19381112-01.2.26	12 November 1938	hashaah	לשיפור מצב העבודה בחיפה	"<div class=""txtsearchsnippet"">... מאות פועלים העובדים בבני־ נים, בעיקר סהר הכרמל. הקמת <b class=""highlightcolor"">בית־ החולים הממשלתי</b> הגדול, שנמסרה לסולל בונה העסיקה 150—200 פועלים ...</div>"	spelled
678	hashaah19390704-01.2.3	4 July 1939	hashaah	נזרקה פצצה בירושלים על אוטו ערבי	"<div class=""txtsearchsnippet"">... בקרבת המקום הניע מיד, ולקח שנים מן הפצועים אל <b class=""highlightcolor"">בית החולים הממשלתי.</b> כעבור זמן מה באו למקום שוטרים ופתחו ...</div>"	spelled
679	hashaah19400304-01.2.45	4 March 1940	hashaah	כעבר הירדן	"<div class=""txtsearchsnippet"">... בתוצאה מזה נמנעו הסוחרים בתבואות מלשלוח חטה לסועודייה. — <b class=""highlightcolor"">בית החולים הממשלתי</b> הועבר מרבת עמון לבנין מתאים בכביש רבת ...</div>"	spelled
680	hashaah19400923-01.2.15	23 September 1940	hashaah	איך הופצצה חיפה	"<div class=""txtsearchsnippet"">... ושוטר בריטי חש אל ההגה והסיע את האוטו אל <b class=""highlightcolor"">בית החולים הממשלתי.</b> 13 מקרבנות ההפצצה לא נקברו מיד משום ...</div>"	spelled
681	hashaharerev19401227-01.2.11	27 December 1940	hashaharerev	"רופאים ניסו להפריד את ""תאומי סיאס"""	"<div class=""txtsearchsnippet"">... הפלאים ־המתרחשים רק לעתים רחוקות, נלקחו למחלקת היולדות של <b class=""highlightcolor"">בית־החולים הממשלתי</b> בחיפה. לשניהם גוסית שלמים ושום אבר אינו נעדר ...</div>"	maqaf
682	hayal19450110-01.2.24	10 January 1945	hayal	"""פ יל י ש ה"" ל ב נ י = ב ר ס"	"<div class=""txtsearchsnippet"">... של האגודה לעזרת הולי הרוח בבנו ברק, הועברו אל <b class=""highlightcolor"">בית החולים הממשלתי,</b> הנמצא בשטח ההפקר בין יפו ובת־ים. בית ...</div>"	spelled
683	hayomjlm19480119-01.2.21	19 January 1948	hayomjlm	"""דייקנותו"" שר ההודעות הרשויות"	"<div class=""txtsearchsnippet"">... או גינוי על הרצח השפל של ד״ר להרס, מנהל <b class=""highlightcolor"">בית החולים הממשלתי</b> בבית־צפפה, בשעת עבודתו, היא מצאה לנכון לפרסם ...</div>"	spelled
684	hayomjlm19480226-01.2.31	26 February 1948	hayomjlm	03*03	"<div class=""txtsearchsnippet"">... יד הקברות המושלימי. הגוויה הובאה על ידי המשטרה אל <b class=""highlightcolor"">בית החולים הממשלתי.</b> •אתמול בשער, 5 אחה״צ נורה ונהרג ע״י ...</div>"	spelled
685	hayomjlm19480304-01.2.42	4 March 1948	hayomjlm	פצצה קטלנית 11 דעת מות והרס בחיפה	"<div class=""txtsearchsnippet"">... מפקדי כנופיות ערבים שהיו פעילים באותו בנין. אמבולנסים של <b class=""highlightcolor"">בית החולים הממשלתי</b> ושל הצלב האדום, חשו למקום והעבירו את ...</div>"	spelled
686	hayomjlm19480321-01.2.22	21 March 1948	hayomjlm	ערבים שודדים נשק משומרי מחסומיהם	"<div class=""txtsearchsnippet"">... את נשקו של שוטר ערבי שעמד על המשמר לפני <b class=""highlightcolor"">בית החולים הממשלתי■</b></div>"	spelled
687	hayomjlm19480419-01.2.17	19 April 1948	hayomjlm	הוקס מיניסטריון הבריאות העברי	"<div class=""txtsearchsnippet"">... בפיקוח הצלב האדום. היהודים מציעים כמו כן את העברת <b class=""highlightcolor"">בית החולים הממשלתי</b> בחיפה לידי העיריה ומנהלים משא ומתן על ...</div>"	spelled
688	hayomjlm19480426-01.2.8	26 April 1948	hayomjlm	רירי הערבים	"<div class=""txtsearchsnippet"">דגל הצלב האדום הונף אתמול מעל לחמשת הבניינים של <b class=""highlightcolor"">בית־החולים הממשלתי</b> (שבמגרש הרוסים) בירושלים. הנהלת בית־החולים נימסרה להסתדרות הרופאים ...</div>"	maqaf
689	hayomjlm19480903-01.2.37	3 September 1948	hayomjlm	משדד הבריאות ושירותיו	"<div class=""txtsearchsnippet"">... השירות הרפואי לשעבר, ביניהם קצין הרפואה הראשי, ומנהלים את <b class=""highlightcolor"">בית־החולים הממשלתי</b> ביפו המשמש בעיקר את שבויי המלחמה הערביים. המו״מ ...</div>"	maqaf
690	hayomjlm19481031-01.2.8	31 October 1948	hayomjlm	ת nxiarrnnan בירושלים	"<div class=""txtsearchsnippet"">... בית לחם. בשלושה מקרים כיונו הערבים אש תותחים מכיוון <b class=""highlightcolor"">בית־החולים הממשלתי</b> לשעבר בבית צפאפת וכן ממר אלאיס. במשך השבוע ...</div>"	maqaf
691	hayomjlm19481121-01.2.6	21 November 1948	hayomjlm	הועברו העובדים	"<div class=""txtsearchsnippet"">של בית החולי□ הממשלתי המנגנון של <b class=""highlightcolor"">בית החולים הממשלתי</b> לשעבר, בירושלים, אשר כלל 22 עובדים, הוצא ...</div>"	spelled
692	hayomjlm19481122-01.2.33	22 November 1948	hayomjlm	□•ת־התול־ם הממשלתי	"<div class=""txtsearchsnippet"">... לא להעברת ציודו. הנימוק של השלטונות היהודים הוא כי <b class=""highlightcolor"">בית־החולים הממשלתי</b> חייב להשאר במצבו הקודם כדי למסור אותו, בבוא ...</div>"	maqaf
693	hayomjlm19481220-01.2.8	20 December 1948	hayomjlm	אין סכנה	"<div class=""txtsearchsnippet"">... נסיוב. כן נודע כי מדינת ישראל עורכת תכנית לפתיחת <b class=""highlightcolor"">בית חולים ממשלתי</b> מרכזי בירושלים, אולם עדיין אין מגלים את ...</div>"	indefinite
694	hazmantlv19430812-01.2.52	12 August 1943	hazmantlv	wras	"<div class=""txtsearchsnippet"">... בגב לוסיה מראד מחיפה, שנפצעה קשה והר עברה אל <b class=""highlightcolor"">ביה״ח הממשלתי</b> בחיפה. בו ביום פגעה מכונית צבאית באשה אחרת ...</div>"	abbreviated
695	hazmantlv19430817-01.2.42	17 August 1943	hazmantlv	יsבחיפח<	"<div class=""txtsearchsnippet"">... בליל ■׳ גויתו של ערבי שלא זוהה ושהועברת ל־ <b class=""highlightcolor"">ביה״ח הממשלתי.</b> לפי חצוניותו סבורי■ שזה היה פושט יד, אשר ...</div>"	abbreviated
696	hazmantlv19430830-01.2.40	30 August 1943	hazmantlv	?בחיהה	"<div class=""txtsearchsnippet"">... המים כל עוד ר־ח באפוהעבירוהו במצב של חוסר־הכרה ל־ <b class=""highlightcolor"">(ביה״ח הממשלתי</b> בחיפה.</div>"	abbreviated
697	hazmantlv19430903-01.2.20	3 September 1943	hazmantlv	*A ‘WAV' Tinw	"<div class=""txtsearchsnippet"">... בצווארו. המתנקשים הצליחו להמלט. הפצוע הועבר במצב אנוש אל <b class=""highlightcolor"">ביה״ח הממשלתי</b> בחיפה ועדיין לא חזרה אליו הכרת־. הפריע למפקחים ...</div>"	abbreviated
698	hazmantlv19431028-01.2.55	28 October 1943	hazmantlv	עירית ת״א מתריעה נגד האימתנות והאלמות	"<div class=""txtsearchsnippet"">... החולים למושבות מר רוקח הודיע בהמשך הישיבה, שיתכן כי <b class=""highlightcolor"">ביה״ח הממשלתי</b> למושבות יפתח בתל־אביב בדצמבר.</div>"	abbreviated
699	hazmantlv19431118-01.2.43	18 November 1943	hazmantlv	Untitled	"<div class=""txtsearchsnippet"">... ביד,""ס האנגלי לבנות, נפצע בנפלו על הכביש והועבר אל <b class=""highlightcolor"">בית החולים. הממשלתי</b> בחיפה. סימטאות חיפה נהירות לגנבים ערביה הגרה ...</div>"	spelled
700	hazmantlv19431208-01.2.44	8 December 1943	hazmantlv	KlamsB	"<div class=""txtsearchsnippet"">... הספיקו להגיש לו עזרה ראשונה. גייתו הועברה לבדיקה אל <b class=""highlightcolor"">ביה״ח הממשלתי</b> בחיפה. היא נדת ע-י מכונית משמרה, ובו ברגע ...</div>"	abbreviated
701	hazmantlv19431229-01.2.45	29 December 1943	hazmantlv	Untitled	"<div class=""txtsearchsnippet"">... על פני אחד הנצים, אשר נפצע קשה ונאסף אל <b class=""highlightcolor"">בית החולים הממשלתי</b> בחיפה. ..משכין דשלום"" נאסר ויועמד לדין. תאונה ...</div>"	spelled
702	hazmantlv19440116-01.2.59	16 January 1944	hazmantlv	031011!	"<div class=""txtsearchsnippet"">... הדוקר נאסר וה־ ' גויה של הנרצח נאספת אל <b class=""highlightcolor"">ביה״ח הממשלתי</b> בחיפד"" רוצח נידון למוות אתמול ב־9 בבוקר נתן ...</div>"	abbreviated
703	hazmantlv19440119-01.2.60	19 January 1944	hazmantlv	;n3’n3t	"<div class=""txtsearchsnippet"">... משא ברחוב המלכים בחיפה וידו נשברה הוא ה־עבר אל <b class=""highlightcolor"">ביה״ח הממשלתי</b> וה־ . נהג ארנסט שטרנברג נעצר ושוחרר בערבות.</div>"	abbreviated
704	hazmantlv19440124-01.2.41	24 January 1944	hazmantlv	.fflama® Mnmmxp mn ת	"<div class=""txtsearchsnippet"">... ובתיכם גם דוהג אחמד יוסף עבת. הפצועים ואספי אל <b class=""highlightcolor"">ביה״ח הממשלתי</b> ב-</div>"	abbreviated
705	hazmantlv19440125-01.2.52	25 January 1944	hazmantlv	"היום פתיחת ביה׳ח ""הירקון"""	"<div class=""txtsearchsnippet"">היום ייפתח <b class=""highlightcolor"">בית החולים הממשלתי</b> ״הירקון״ ע״י קבלת 40 חולים. כעבור זמן ...</div>"	spelled
706	hazmantlv19440131-01.2.34	31 January 1944	hazmantlv	Bnmnai	"<div class=""txtsearchsnippet"">... המלכים גוויתו של שלמה יעקב חלבי. הגוויה באספה אל <b class=""highlightcolor"">בית החולים הממשלתי</b> בחיפה ולפי הסימנים סבורים, כי בדרם למות ...</div>"	spelled
707	hazmantlv19440214-01.2.49	14 February 1944	hazmantlv	yaaaasia anama®	"<div class=""txtsearchsnippet"">... בידי מחמוד קרמאן. הוא נפצע קשה י ונאסף אל <b class=""highlightcolor"">בי־,""ח הממשלתי</b> בחיפה . ילד הפלא ס. ויסנכרג הפסנתרן הקטן ...</div>"	abbrev_short
708	hazmantlv19440324-01.2.37	24 March 1944	hazmantlv	||| שבת פ׳ החדש-שבה בית היתומות הכללי בירושלים	"<div class=""txtsearchsnippet"">... דיא יודעת על תעלוליו הנ״ל. בין העדים הופיע מנהל <b class=""highlightcolor"">ביה״ח הממשלתי</b> בירושלים הד״ר שטרנברג, אשר טפל בפצועה ה"" נ״ל ...</div>"	abbreviated
709	hazmantlv19440327-01.2.36	27 March 1944	hazmantlv	Untitled	"<div class=""txtsearchsnippet"">... את עצמו בדירתו שברחוב אבן־עזרא 6• גופתו הועברה ל־ <b class=""highlightcolor"">ביה״ח הממשלתי.</b> מקר■*. זה עורר בהלה נוספת לאחר ההתפוצצויות והרציחות ...</div>"	abbreviated
710	hazmantlv19440427-01.2.34	27 April 1944	hazmantlv	^;7־^0	"<div class=""txtsearchsnippet"">... 9 — שומן (תקליטים)! 8 תכנית ""כבקשתך"" מיוחדת לאחיות <b class=""highlightcolor"">בית החולים הממשלתי</b> בחיפה: 8.25 שיחה על מאורעות היום! 8.30 ...</div>"	spelled
711	hazmantlv19440515-01.2.16	15 May 1944	hazmantlv	עירת ודא על מדוכת האישפח לחולים והאיבסוז לעולים	"<div class=""txtsearchsnippet"">... מטות השנה לבית החולים העירוני, לפתוח לחולי ת״א את <b class=""highlightcolor"">בית החולים הממשלתי</b> ""ירקון"" שיוחזק על חשבון הממשלה, להקים בית ...</div>"	indefinite,spelled
712	hazmantlv19440525-01.2.20	25 May 1944	hazmantlv	למרגלות הכרמל	"<div class=""txtsearchsnippet"">כית החולים של חקהלח קיים בחיפה <b class=""highlightcolor"">בית חולים ממשלתי</b> גדול■ ורחב־ידים, אשר היישוב העברי אינו נזקק ...</div>"	indefinite
713	hazmantlv19440816-01.2.45	16 August 1944	hazmantlv	^גחיפה!	"<div class=""txtsearchsnippet"">... פצעים רציניים. המשטרה שבאה למקום העבירה את הפצועים ל־ <b class=""highlightcolor"">בי״הח הממשלתי</b> ואסרה 30 מדנצים. השופט אחמד בק הוציא פקודת ...</div>"	abbreviated
714	hazmantlv19440914-01.2.26	14 September 1944	hazmantlv	iisinii	"<div class=""txtsearchsnippet"">... ע״י שוטרים שמצאוה בצד הרחוב עטופת סחבות והכניסוה ל־ <b class=""highlightcolor"">ביה״ח הממשלתי</b> ואילו האם נאסרה והועמדה אתמול לדין. היא טענה, ...</div>"	abbreviated
715	hazmantlv19440929-01.2.30	29 September 1944	hazmantlv	'^ה?3ה<	"<div class=""txtsearchsnippet"">... בחיפה ב־6 לאוקטובר 43״1, בשלה שתעביר את הגויה אל <b class=""highlightcolor"">ביה״ח הממשלתי</b> בחיפה. נקנס כ־סססו לא״י עד החזקת י קמח ...</div>"	abbreviated
716	hbkr19351021-01.2.85	21 October 1935	hbkr	בפליליפ	"<div class=""txtsearchsnippet"">... איש ואשה משני הצדדים. נפצעו 8 מהנצים, שנאספו אל <b class=""highlightcolor"">ביה""ח הממשלתי</b> בהיפה. מצבם של שנים מן הפצועים קשה. שאר ...</div>"	abbreviated
717	hbkr19351105-01.2.23	5 November 1935	hbkr	"על סף תןןמ &#8237;1936-37&#8236; של ממשלת א""י"	"<div class=""txtsearchsnippet"">... מחולי הרוה. העזרה בבית־להם אינה אלא נטפה מן הים. <b class=""highlightcolor"">בית־החולים הממשלתי</b> שם מכיל כ־‭75‬ מקומות, ויש שהוא סגור בפני ...</div>"	maqaf
718	hbkr19351105-01.2.51	5 November 1935	hbkr	תל־אביב	"<div class=""txtsearchsnippet"">... שימר הברת הנפט העיראקית בהיפה. הגופה נלקהה לבדיקה אל <b class=""highlightcolor"">בית־החולים הממשלתי</b> בחיפה.</div>"	maqaf
719	hbkr19351119-01.2.79	19 November 1935	hbkr	חיפה	"<div class=""txtsearchsnippet"">... חלה מישל מהוז הצפון ה' קיתרוטש, יצא שלשום אל <b class=""highlightcolor"">בית החולים הממשלתי</b> בירי־ שלים לשם רפוי עיגו המלה. . ...</div>"	spelled
720	hbkr19380127-01.2.13	27 January 1938	hbkr	עוד שני ילדים, מבין אסירי העליה בצפת חלו באדמת נזרשת פעולה מהירה לה&לת סבלס של נרדפי וגווי	"<div class=""txtsearchsnippet""><b class=""highlightcolor"">ביה''ח הממשלתי</b> מטפל בהם. לפיק־ ב שתו יביא היום לצפת ...</div>"	abbreviated
721	hbkr19380225-01.2.40	25 February 1938	hbkr	ה. מ. נפרד מחיפה	"<div class=""txtsearchsnippet"">... האלה הם מוסדות חשובים מאד. אני מציין בשמהה כי <b class=""highlightcolor"">בית החולים הממשלתי</b> החדש יפתח בעוד זמן קצר ומק ת ...</div>"	spelled
722	hbkr19380227-01.2.85	27 February 1938	hbkr	&#8237;^^&#8236;ןן	"<div class=""txtsearchsnippet"">... הגנב .. חג'נטלמן* אי-. -' שניידר עזב אתמיל את <b class=""highlightcolor"">בית החולים הממשלתי</b> כחי- :־, , והיכנס לבית הטוהר. ן ...</div>"	spelled
723	hbkr19380315-01.2.22	15 March 1938	hbkr	תקציב העיויה בחיפה(&#8237;39&#8236;־$&#8237;193&#8236;)	"<div class=""txtsearchsnippet"">... - קרית אליהו — (‭5500‬ לא־י) והכביש שיסלל אל <b class=""highlightcolor"">בית החולים הממשלתי</b> החדש בקרבת כת גלים לאורך התוף — ...</div>"	spelled
724	hbkr19380419-01.2.69	19 April 1938	hbkr	תגרה נכפר	"<div class=""txtsearchsnippet"">... אתת את אחד הפציעים — פצוע קשה, והובילתהו אל <b class=""highlightcolor"">בית־החולים הממשלתי</b> אשר ביפו. מעכו קשר- כמה סהמתקישטיפ !אפרו.</div>"	maqaf
725	hbkr19380425-01.2.75	25 April 1938	hbkr	&#8237;**5 25 55!53&#8236;ד	"<div class=""txtsearchsnippet"">... צבירית גדולה בייתר. חילים מסוג זת אינש מתקבלים־ ב <b class=""highlightcolor"">בית החולים הממשלתי</b> גם לא בבית ה־ ה־לים העיריני. ,. ...</div>"	spelled
726	hbkr19380511-01.2.71	11 May 1938	hbkr	&#8237;$*#2* &#8236;	"<div class=""txtsearchsnippet"">... . פר-דנשל"". לבסיף הה־ לט לסלול את הכביש אל <b class=""highlightcolor"">ביה""ח הממשלתי</b> החדש הסמיך לבת־גאס בסכום של 800 לאיי שעבודה ...</div>"	abbreviated
727	hbkr19380816-01.2.92	16 August 1938	hbkr	פצצה מסוננת הוטמנה ליד בקדח הממשלתי הנבנה בירושלים	"<div class=""txtsearchsnippet"">... נתגלתה אתמול ליד גדר המגרש שבו מקימים את בניני <b class=""highlightcolor"">ביה""ח הממשלתי</b> החזש לאחורי מקור חיים בירושלים — מקום שעובדים ...</div>"	abbreviated
728	hbkr19381018-01.2.10	18 October 1938	hbkr	| המהנדס אהרן כרמי |	"<div class=""txtsearchsnippet"">לבנין <b class=""highlightcolor"">בית החולים הממשלתי</b> בירושלים (הקבלנים מיטשל ורולן). א־ש משכיל. שלט ...</div>"	spelled
729	hbkr19381018-01.2.75	18 October 1938	hbkr	פמוז ויריות בירושלים העתי2ה ובשכזנותיה נפצעו 6 ערבים' 3 יהודים ושוטר	"<div class=""txtsearchsnippet"">... השוט־ ריס חשיבו אש. בשעח יותר מאוחרת הובאה אל <b class=""highlightcolor"">בית החולים הממשלתי</b> גוית הרוג וכן ד\בא שמה ערבי פצוע. ...</div>"	spelled
730	hbkr19381104-01.2.55	4 November 1938	hbkr	עובי משא פצצה	"<div class=""txtsearchsnippet"">... לפקופ אספה את הערבי הפתביסס בדפי יפתשתל פפנאוביו אל <b class=""highlightcolor"">בית־החולים הממשלתי</b> בחיפה ורסיסי הפצצה הובאו למשסיד. .</div>"	maqaf
731	hbkr19381118-01.2.28	18 November 1938	hbkr	בית החולים הממשלתי בחיפה ן י	"<div class=""txtsearchsnippet""><b class=""highlightcolor"">בית החולים הממשלתי</b> בחיפה ן י</div>"	spelled
732	hbkr19381223-01.2.57	23 December 1938	hbkr	! טכס הנוכת בית החולים הממשלתי בחיפה ו	"<div class=""txtsearchsnippet"">! טכס הנוכת <b class=""highlightcolor"">בית החולים הממשלתי</b> בחיפה ו</div>"	spelled
733	hbkr19381227-01.2.17	27 December 1938	hbkr	הועד הלאומי מזוזה	"<div class=""txtsearchsnippet"">... עירית חיפה ביזם ה' ‭22‬ ח""ז בפתיחה החגיגית של <b class=""highlightcolor"">ביה""ח הממשלתי</b> לא תורגמו לעברית. . העובדה יעיל — נאמר ...</div>"	abbreviated
734	hbkr19381228-01.2.20	28 December 1938	hbkr	כיצד נפצע ש. מזרחי	"<div class=""txtsearchsnippet"">... עצרו שלשום חנווני ערבי בשם בוססה סלימד. בליל ברחוב <b class=""highlightcolor"">בית החולים הממשלתי</b> ביפו' הכריחו אותו לתזור לחניתו ושדדו שם ...</div>"	spelled
735	hbkr19390307-01.2.8	7 March 1939	hbkr	"נפצע דד שטרנברג, מנהל ביה""ח בצפת התנקשות מתועבת ברופא שנסע באמבולנס למילוי תפקידו האנושי"	"<div class=""txtsearchsnippet"">... קשה. סיפרנו מ־סיף: הדבר קדה בשעה העשירית בבוקר. מכונית <b class=""highlightcolor"">בית החולים הממשלתי</b> נסעה אל בית־החולים ובה ד""ר ששרנבדג. המנהל• ...</div>"	spelled
736	hbkr19390324-01.2.45	24 March 1939	hbkr	, זוהה עובי חשוד	"<div class=""txtsearchsnippet"">... העתיקה ביפו נפצע עלי מהדי. :רא נלקזו י י <b class=""highlightcolor"">ביה""ח הממשלתי•</b> יריות אל ישובים יריות נודי אור ליום אתמול ...</div>"	abbreviated
737	hbkr19390511-01.2.98	11 May 1939	hbkr	"נתאשו פסזדד של מעפילי ""אדםמיזזד"	"<div class=""txtsearchsnippet"">... כידוע הועבר לפני ימים מספר אחד המעפילים הנ־ל אל <b class=""highlightcolor"">ביה""ח הממשלתי</b> לרגל כחלת' שחלה בה. שאר ""1 המעפילים• שמועד ...</div>"	abbreviated
738	hbkr19390526-01.2.66	26 May 1939	hbkr	פרידת מנועו ממתי מדר שטינברג	"<div class=""txtsearchsnippet"">... תר שטרננרנ. תר שטרנגרג חש גמשך גמח שנש מנהל <b class=""highlightcolor"">בית החולים הממשלתי</b> ננפח ומ אזשיוווו חנאנלח חנליח לרמש את ...</div>"	spelled
739	hbkr19390620-01.2.18	20 June 1939	hbkr	בוטל העוצר בחיפה והחיים שבו למסלולם	"<div class=""txtsearchsnippet"">... נכנס יהודי בשם אלפרד כהן לתיד חדר המתים על <b class=""highlightcolor"">בית החולים הממשלתי</b> בהיפר. שבו שכבו קרבנות ההתפוצצ־ת. סבורים. כי ...</div>"	spelled
740	hbkr19390622-01.2.85	22 June 1939	hbkr	"בי""ח ממשלתי חדש למחלות מדבקות"	"<div class=""txtsearchsnippet""><b class=""highlightcolor"">בית החולים הממשלתי</b> החדש בירוש־ לים למתלית מתדבקות שנבנה ע""י ...</div>"	spelled
741	hbkr19390713-01.2.71	13 July 1939	hbkr	נידו! לתליה	"<div class=""txtsearchsnippet"">... נאג'יב צלאח מצפת. שנאשם א) ביריות אל האמבילנס של <b class=""highlightcolor"">ביה""ח הממשלתי</b> בצפת ופציעת המר שטרנברג שנסע במכונית. נ) ביריות ...</div>"	abbreviated
742	hbkr19390814-01.2.45	14 August 1939	hbkr	הנסיעות להתגוננות אויוית בחיפה	"<div class=""txtsearchsnippet"">... חברת ההשמל. בעיר הוקצו 4 תחנות ראשיות להחזקת הפצועים <b class=""highlightcolor"">(בית החולים הממשלתי</b> החדש והישן. ,. הדפה"" וקופת חולים). כן ...</div>"	spelled
743	hbkr19390823-01.2.49	23 August 1939	hbkr	&#8237;^£00 &#8236;	"<div class=""txtsearchsnippet"">... קל בזרועו השמאלית. הוא נתקבל לרפוי במחלקה הבריטית של <b class=""highlightcolor"">ביה""ח הממשלתי,</b> מקום שהכדור שנתקע בבשר ולא פגע בעצם — ...</div>"	abbreviated
744	hbkr19390925-01.2.32	25 September 1939	hbkr	רצחה תינו&#8237;!7&#8236; ונידונה בידי שמיס	"<div class=""txtsearchsnippet"">... - ישבה אף היא במכונית. נפצעה קשה והובאה אל <b class=""highlightcolor"">בית־החולים הממשלתי</b> בבית־ .</div>"	maqaf
745	hbkr19391012-01.2.51.1	12 October 1939	hbkr	Page 5 Advertisements Column 1	"<div class=""txtsearchsnippet"">... וכל הייחיות 6 0 בבית חדש שבפרדס־כץ (תל־אפדיםז מאחר־ <b class=""highlightcolor"">בית־החולים הממשלתי,</b> % 6 בשכר של 2 לא""י לחודש X ...</div>"	maqaf
746	hbkr19391015-01.2.46.2	15 October 1939	hbkr	Page 4 Advertisements Column 2	"<div class=""txtsearchsnippet"">... גדול וכ^הניחיות * $ בבית חדש שבפרדס־כץ (תל־אפרים) מאחרי <b class=""highlightcolor"">בית־החולים הממשלתי</b> ‭. | ‬ * בשכר של 2 לא""י ...</div>"	maqaf
747	hbkr19391018-01.2.56.1	18 October 1939	hbkr	Page 5 Advertisements Column 1	"<div class=""txtsearchsnippet"">... פמזדור גדול וכל הניחיות בבית חדש שבפרדס־כץ (תל־אסרים) מאחרי <b class=""highlightcolor"">בית החולים הממשלתי</b> בשכר של 2 לא""י לחודש. :זמנים הנוכחים ...</div>"	spelled
748	hbkr19391025-01.2.78.2	25 October 1939	hbkr	Page 5 Advertisements Column 2	"<div class=""txtsearchsnippet"">... פמזדור גדול וכל הנוחעת בבית חדש שבסרדס־כץ (תל־אםרים) מאחרי <b class=""highlightcolor"">בית החולים הממשלתי</b> בשכר של 2 לא""י לחודש. ‭'. ‬זמנים ...</div>"	spelled
749	hbkr19391027-01.2.29.1	27 October 1939	hbkr	Page 4 Advertisements Column 1	"<div class=""txtsearchsnippet"">... פמזמר גמל וכל הנומות ביית חדש שבפרדם־כץתל־אפדיפ () מאחמ <b class=""highlightcolor"">בית החולים הממשלתי</b> בשפר של 2 לא""י לחודש. ‭'. ‬זמנים ...</div>"	spelled
750	hbkr19391116-01.2.25.2	16 November 1939	hbkr	Page 1 Advertisements Column 2	"<div class=""txtsearchsnippet"">ד"" ר טוביה ויהודית סמזרנבמ רופא <b class=""highlightcolor"">בית החולים הממשלתי</b> בירושלים י מודיעים 5ז:. ""ד יי: ב: ...</div>"	spelled
751	hbkr19400101-01.2.81	1 January 1940	hbkr	דרה מחלקת הבריאות הממשלתית־ ל$&#8237;193 &#8236;	"<div class=""txtsearchsnippet"">... בית התולים העירוני בתל־אביב בלבד תופס ‭. 290, 5‬ <b class=""highlightcolor"">בית החולים הממשלתי</b> בהיסה — ‭. 133. 5‬ ביה""ה בירושלים ...</div>"	spelled
752	hbkr19400110-01.2.22	10 January 1940	hbkr	"הדו""ח של מחלקת הבריאות"	"<div class=""txtsearchsnippet"">... יבוש חביצה בבייכת ימת ‭1300‬ ליתת, •ייחוט *ציוד של <b class=""highlightcolor"">בית החולים הממשלתי</b> בחיפה ‭4913‬ •ל. המשתמש הישוב ואפוי במיפאות ...</div>"	spelled
753	hbkr19400528-01.2.95	28 May 1940	hbkr	יובלו של רופא בז האח	"<div class=""txtsearchsnippet"">... תושבי צפת. במקום שם שמש וזד""ר ט. ש. מנהל <b class=""highlightcolor"">ביה''ח הממשלתי.</b> יודעים לספר רבות על פעולותיו בעזרה 'לנל נצרך. ...</div>"	abbreviated
754	hbkr19400707-01.2.40	7 July 1940	hbkr	ירושלים	"<div class=""txtsearchsnippet"">... אם ב""הדסה"", היות יבבית־ החולים של בית־הסוהר (והוא סניף <b class=""highlightcolor"">ביה""ח הממשלתי)</b> אין המכשירים הדרושים. מר לנדסברג שוחרר, איסוא, על ...</div>"	abbreviated
755	hbkr19400807-01.2.14	7 August 1940	hbkr	נהרג אחו ונפצעו שבעה	"<div class=""txtsearchsnippet"">... חסן, וואדיח אל שוקרי, סולם פועלים. בולם הועברו *ל <b class=""highlightcolor"">בית החולים הממשלתי.</b> עלי מצרי פצוע קשה.</div>"	spelled
756	hbkr19400820-01.2.36	20 August 1940	hbkr	מבוקד עד בוקר בעדים ובמושבות	"<div class=""txtsearchsnippet"">... מכוניותיהם ביום ;שבת. מבריאים והולכים. חם עזבו אתמול ;ת <b class=""highlightcolor"">בית־החולים הממשלתי</b> בחיפה, במקום והוגשה להם העזרה הרפואית הדרושה.</div>"	maqaf
757	hbkr19400922-01.2.39	22 September 1940	hbkr	ההתקפה האדרת על חיפה	"<div class=""txtsearchsnippet"">... מ""מגן דוד אדום"" נשלחו כמה , מנתחים ורופאים אל <b class=""highlightcolor"">בית החולים הממשלתי.</b> כעבור זמן קצר ניתן אות ההרגעה. בין ...</div>"	spelled
758	hbkr19401127-01.2.21	27 November 1940	hbkr	הקומות הובאו לקנו ישוא?	"<div class=""txtsearchsnippet"">... להע־ . ביד משפ גם את אלה הנמצא-ס ב־ <b class=""highlightcolor"">'ביה''ח הממשלתי.</b> שאר תשעה הקרבבות נ 'סף לכך מוסרים לנו: ...</div>"	abbreviated
759	hbkr19401203-01.2.46	3 December 1940	hbkr	עוד גופת גבר	"<div class=""txtsearchsnippet"">... במרץ. חדר הגויות' ^ול הקרבנות האלח הועבדו אל ד'מו*י^ו^ל, <b class=""highlightcolor"">בית החולים הממשלתי</b> וישאףו שם ע1 הבוקר בשעה ‭. 10‬ ...</div>"	spelled
760	hbkr19401229-01.2.54	29 December 1940	hbkr	תאומי־סיאם מחיפה מתו	"<div class=""txtsearchsnippet"">... ב; פלא זה. לראות את התאומים. הרופא הראשי של <b class=""highlightcolor"">בית החולים הממשלתי־</b> ב, ־־ '־ ־ ז</div>"	spelled
761	hbkr19410220-01.2.28	20 February 1941	hbkr	ויי! נוחו ומ	"<div class=""txtsearchsnippet"">... בית חולים טוב והטיפול בו מצויין. אין לפחד מהמונח <b class=""highlightcolor"">בית חולים ממשלתי.</b> בית חחויליט י צייד לעבור לרשות הממשלה ...</div>"	indefinite
762	hbkr19410325-01.2.30	25 March 1941	hbkr	ן מבוקר עד בוקר בערים ובמושבות	"<div class=""txtsearchsnippet"">... בו בב־ קיט נדרס. נתרסק וכת• גייחו נלקחה ל־ <b class=""highlightcolor"">ביה""ח הממשלתי</b> והמשטרה פתחה בהקירה. אתמול עד שעה מאיתרח נעשו ...</div>"	abbreviated
763	hbkr19410509-01.2.52	9 May 1941	hbkr	מת באוטו משבץ הלב	"<div class=""txtsearchsnippet"">... בתוהו. אמבולנס צבאי העביר את הגדה לחדר המתים של <b class=""highlightcolor"">בית החולים הממשלתי.</b> נידונה על החזקת בית בושת לידיה רונדשטיין, ...</div>"	spelled
764	hbkr19410620-01.2.60	20 June 1941	hbkr	אסון מחריד בבת־ים	"<div class=""txtsearchsnippet"">... המאמצים להצילו עלו בתוהו והגויה הועברה לחדר המתים של <b class=""highlightcolor"">בית החולים הממשלתי</b> ביפו. אתמול I נערכה הבדיקה הרפואית של ...</div>"	spelled
765	hbkr19410805-01.2.21	5 August 1941	hbkr	מבוקר עד בוקר בערים ובמושבות	"<div class=""txtsearchsnippet"">... נפצע קשה ביר:• •הובא במכינית מ. ד. א. אל <b class=""highlightcolor"">ביה""ח הממשלתי.</b> ב-ום השבת נהרג ערב־ בשעת ע:דר־ - :סביבית ...</div>"	abbreviated
766	hbkr19410825-01.2.28	25 August 1941	hbkr	! מבוקר עד בוקר בערים ובמושבות	"<div class=""txtsearchsnippet"">... ליד חוף חיאט בחיפה 'היעבר פצוע קש ־ אל <b class=""highlightcolor"">ביה""ח הממשלתי.</b> קטניש שחשקו כשפריש הילדים יעקב מזרח־ ושמעון נחמני. ...</div>"	abbreviated
767	hbkr19410829-01.2.47	29 August 1941	hbkr	הערב - עתון העתובאים י	"<div class=""txtsearchsnippet"">... והובאו לבתיהם. ה: שלישי. שנפצע יותר קשה. ה-עבר אל <b class=""highlightcolor"">ביה""ח הממשלתי</b> בחיפה. תאונת עבודה בנמל היפה גוש של ביטון ...</div>"	abbreviated
768	hbkr19410903-01.2.31	3 September 1941	hbkr	מבוקר עד &#8237;?0&#8236;ד בערים ובמושבות י — ?ווו	"<div class=""txtsearchsnippet"">... כשזי חצתה את רח־ב המלכים בהיפה. הפציעה ־ובאה אל <b class=""highlightcolor"">ביה""ח הממשלתי</b> למר יו* קנדל נתקנל מנתנ ע""י הצלנ האדום ...</div>"	abbreviated
769	hbkr19410911-01.2.23	11 September 1941	hbkr	מבוקר עד בוקר בערים ובמושבות	"<div class=""txtsearchsnippet"">... ליום ד' בנפלו באניתו שעגנה בנמל היפה, הועבר אל <b class=""highlightcolor"">ביה""ח הממשלתי</b> בהיפה. תזוזת מ::""־: כא־טובו:־:! איבנהו סטאקלס נאסר איר ...</div>"	abbreviated
770	hbkr19410926-01.2.58	26 September 1941	hbkr	היום אחדרצ המית הקצין וויקם	"<div class=""txtsearchsnippet"">... והקצין ג'ון וו-קפ נפצע בבטנו. הוא הועבר מיד אל <b class=""highlightcolor"">בית החולים הממשלתי</b> ושם נותח' אבל | את חייו לא ...</div>"	spelled
771	hbkr19411019-01.2.53	19 October 1941	hbkr	גער מת באוטובוס	"<div class=""txtsearchsnippet"">... נת הרכבת המזדהית בהיסה. גויתו הוע־ בדד. לבדיקה אל <b class=""highlightcolor"">ביה""ח הממשלתי.</b></div>"	abbreviated
772	hbkr19411103-01.2.31	3 November 1941	hbkr	מבוקר *&#8237;11&#8236; בוקר בערים ו0גועו3ות !	"<div class=""txtsearchsnippet"">... לסהונתו מ. ב. השופט העליון אלן רוז עזב את <b class=""highlightcolor"">בית החולים הממשלתי</b> . משחחלים מחולי של כמח ימים. בקשר ...</div>"	spelled
773	hbkr19420624-01.2.52	24 June 1942	hbkr	ממשלת פלשתינה הרי) מחלקת הבריאות	"<div class=""txtsearchsnippet"">... בכללה. ב) כל האת בכללה. חוץ מחיפה, ג) בשב-ל <b class=""highlightcolor"">בית החולים הממשלתי</b> בחיפה בלבד. ההצעות לא תגענה לעיון. אלא ...</div>"	spelled
774	hbkr19420625-01.2.66	25 June 1942	hbkr	החל משפט מוכרי הפרדס בראשר'צ	"<div class=""txtsearchsnippet"">ביליג. שהוא חוליה קשה. 'הובא לביה""ד בבגדי <b class=""highlightcolor"">ביה''ח הממשלתי.</b> היא היחידי מבין הבאשמים שהופיע בלי עמד. העד ...</div>"	abbreviated
775	hbkr19420626-01.2.56	26 June 1942	hbkr	החלה חקירת הנאשמים במכירת פרדס	"<div class=""txtsearchsnippet"">בא לביה'־ד בבגדי <b class=""highlightcolor"">ביה''ח הממשלתי.</b> סמוך לשעת הצהרים הדגיש עצמו ברע י י-צא ...</div>"	abbreviated
776	hbkr19420730-01.2.45	30 July 1942	hbkr	סיר פלינווס פטר נקנו נהו ויו!	"<div class=""txtsearchsnippet"">... ‭88‬ ובמשך 8 החדשיפ האחרונים שכב במחלקה הבריטית של <b class=""highlightcolor"">בית החולים הממשלתי</b> בירושלים וליד מיטתו ישבה יומם ולילה רעיתי• ...</div>"	spelled
777	hbkr19421023-01.2.75	23 October 1942	hbkr	נהג שדרס פועל נרגם	"<div class=""txtsearchsnippet"">... ראשינר, נרגם והיעבר עיי מ. ד. א. ל ־ <b class=""highlightcolor"">בית־החולים הממשלתי</b> בירושלים. המקרה אירע כאשד המכוגית ירדד, מהקסטל והפועל ...</div>"	maqaf
778	hbkr19421029-01.2.19	29 October 1942	hbkr	"בית־החולימ החושי בצירוף ביה""ח הממשלתי, פתרו לגמר מצוקת האישפוז"	"<div class=""txtsearchsnippet"">בית־החולימ החושי בצירוף <b class=""highlightcolor"">ביה""ח הממשלתי,</b> פתרו לגמר מצוקת האישפוז</div>"	abbreviated
779	hbkr19430405-01.2.33	5 April 1943	hbkr	המונו םותט יהוד בחיפה	"<div class=""txtsearchsnippet"">... היר־ה מצא־הי בל־ מח חיים יחעבירוהי לחדר המתים של <b class=""highlightcolor"">בית־החולים הממשלתי.</b> ה־ה רוק מראשוני הנוטרים מימי ה־ מאורעות •הגיע ...</div>"	maqaf
780	hbkr19430405-01.2.36	5 April 1943	hbkr	רצח מסתורי בחיפה	"<div class=""txtsearchsnippet"">... ואת בני המשסתה וממוך לשעה 9 הועברה הגויה אל <b class=""highlightcolor"">בית• החולים הממשלתי.</b> תק־רת המשטרה נמשכת יסוקדם עדיין לעסוק יכל ...</div>"	spelled
781	hbkr19430929-01.2.44	29 September 1943	hbkr	תל־אביב של יום מחר	"<div class=""txtsearchsnippet"">... •חיל' ריח. שבעצםית־ י, הפס־ שלה צריכה לדאיג לחש. <b class=""highlightcolor"">בית החולים הממשלתי</b> לחילי רוח ננת־ים. שיפתח ננראד, נחדשים הקרובים. ...</div>"	spelled
782	hbkr19431028-01.2.56	28 October 1943	hbkr	"ביה""ח הממשלתי למושבות יפתח בת''א בדצמבר"	"<div class=""txtsearchsnippet""><b class=""highlightcolor"">ביה""ח הממשלתי</b> למושבות יפתח בת''א בדצמבר</div>"	abbreviated
783	hbkr19440125-01.2.70	25 January 1944	hbkr	"בית החולים למושבות יפתח השבוע בת""א"	"<div class=""txtsearchsnippet"">! <b class=""highlightcolor"">בית החולים הממשלתי</b> לחולי המזש־ ! בות (תמכונה עתה ""הירקון"") ...</div>"	spelled
784	hbkr19440126-01.2.48	26 January 1944	hbkr	"םפינת־הדיג החדשה של ""נחשון"""	"<div class=""txtsearchsnippet"">... ‭3ח3‬רה ו‭3ש&gt;3‬חו5 — אתמול נצהד-ם עזב הנציב העליין את <b class=""highlightcolor"">בית החולים הממשלתי</b> אחר שנעשה לו ניתוח קל בעינו. חנציב ...</div>"	spelled
785	hbkr19440127-01.2.58	27 January 1944	hbkr	"נפתח בית החולים למושבות - ירקו!"""	"<div class=""txtsearchsnippet"">שלשום נפתח בת""א <b class=""highlightcolor"">בית החולים הממשלתי</b> ""ה־רקיד לאישפוז חולי המושבות, לעת עתה מכיל ...</div>"	spelled
786	hbkr19440223-01.2.51.4	23 February 1944	hbkr	Page 4 Advertisements Column 4	"<div class=""txtsearchsnippet"">... אורי לדרמן — ירחיב אלנבי ‭. 79 ‬ (ע""י <b class=""highlightcolor"">ביה""ח הממשלתי).</b> אברהם אטינגד •- רחוב הם ‭, 20 ‬ ...</div>"	abbreviated
787	hbkr19440301-01.2.42	1 March 1944	hbkr	^־^1 שחהים - על בסיס טריטוריאלי	"<div class=""txtsearchsnippet"">... בית חולים ?פפשלתי בעל ‭300‬ מטות לפחות. פווע יש <b class=""highlightcolor"">בית חולים ממשלתי</b> לחיפה . יפו, שכפ •מקיפוח אחוים ואייו ...</div>"	indefinite
788	hbkr19440512-01.2.55	12 May 1944	hbkr	תייאניב I	"<div class=""txtsearchsnippet"">... את רגל;• דושמאלית, הלויתו יצאה אתמול מחדד המתים של <b class=""highlightcolor"">בית החולים הממשלתי</b> ""הירקון* כת""א לבית הקברות בנהלת־יצחק. יגלה ' ...</div>"	spelled
789	hbkr19440601-01.2.37	1 June 1944	hbkr	מגונזי עד 3ו?ד גוודים ובמושבות	"<div class=""txtsearchsnippet"">... מת השוו במחלת אבעבועות אתמול מת בבית ההסגר ליד <b class=""highlightcolor"">בית החולים הממשלתי</b> בחיפה אליעזר ''כשהאח. בן ‭. 32‬ חוששים ...</div>"	spelled
790	hbkr19441127-01.2.23	27 November 1944	hbkr	אישפוו חולי רוח והמצב בבתי הסוהר	"<div class=""txtsearchsnippet"">... חינוכנו. כן שאל הד""ר כהן מתי יפתח םוף סוף <b class=""highlightcolor"">בית־החולים הממשלתי</b> לחולי־רוח בבת־ים בציינו, כי פתיחת ביח־חולים זה נדחית ...</div>"	maqaf
791	hbkr19441224-01.2.9	24 December 1944	hbkr	במינסק לא היה אפילו.מנין ביום כפור	"<div class=""txtsearchsnippet"">... הזה. השבוע יפתח ' ביה""ח לחולי רוח בבת ים <b class=""highlightcolor"">ביה־ח הממשלתי</b> לחולי־רוח בבת־יפ יפתח ביום ה' יקריב ‭27‬ לה""ז. ...</div>"	abbreviated
792	hbkr19450214-01.2.38	14 February 1945	hbkr	מצוקת החולה המושבתי	"<div class=""txtsearchsnippet"">... בשלש עשמת ספות. מתנחל מו-פ עם הממשלח על פתיחת <b class=""highlightcolor"">בית חולים ממשלתי</b> גדול למושבות בקרבת תל־אביב. . המשלה מגובת ...</div>"	indefinite
793	hbkr19450425-01.2.35	25 April 1945	hbkr	, מבוקר עד מקד בערים ובמושבות י	"<div class=""txtsearchsnippet"">... ‭28— ‬ המשפחות. םתח""תסוה עירית פתה-תטה מוחה גגד סדור <b class=""highlightcolor"">בית החולים הממשלתי</b> לחולי-רוח עירית פתח־תקיה הביעה אח :חאחה על ...</div>"	spelled
794	hbkr19450618-01.2.55	18 June 1945	hbkr	דחיקת רנלי הרופא היהודי ממופדות הבריאות הממשלתייפ - שיטה ולא מקרה	"<div class=""txtsearchsnippet"">... ויותר נימים אלה. נמחוז ירושלים, ונעיקר נעיד ירושלים, אשר <b class=""highlightcolor"">בית החולים הממשלתי</b> ממלא נד. תפקיד חשוב גם לגבי חולים ...</div>"	spelled
795	hbkr19450819-01.2.55	19 August 1945	hbkr	הגיעו צריפי-הצבא לשיכון החיילים	"<div class=""txtsearchsnippet"">... הצריפים. ‭35 ‬ במספר, יועמדו על אדמת וים בקרבת <b class=""highlightcolor"">בית־החולים הממשלתי</b> ""הירקון'.</div>"	maqaf
796	hbkr19450831-01.2.38	31 August 1945	hbkr	"מחוזלוד"" בלי מושלים """	"<div class=""txtsearchsnippet"">... מחוז . לוד• ה־ד מסגי""ב וסמ""ת הי• והועברו מ""ביע <b class=""highlightcolor"">'בית החולים הממשלתי</b> . ד־דקץי. יא וזר. ־ שבישל ממהיז ...</div>"	spelled
797	hbkr19451003-01.2.49	3 October 1945	hbkr	"המלוה לעירמ ת""א בסו מילית וחצי יושג בקרוב"	"<div class=""txtsearchsnippet"">... הצריסים (שנמסרו לעיריה עיי הצבא) על אדמת וייס שבקרבת <b class=""highlightcolor"">בית־החולים הממשלתי</b> ‭.. ‬הירקון"". בצריפים אלה ישוכנו היילים משוחררים, בעלי ...</div>"	maqaf
798	hbkr19451217-01.2.56	17 December 1945	hbkr	חקירת הנאשם ברצח מנחם ברגמן	"<div class=""txtsearchsnippet"">... ובהחזקת רובה ציד ביי רשיון. נשמעה עדותם של רוסא <b class=""highlightcolor"">בית־ החולים הממשלתי.</b> מוכתר הכרס דחניה. מוכתר רמ־. השופט ועדותם ...</div>"	spelled
799	hbkr19460101-01.2.61	1 January 1946	hbkr	תלאביב	"<div class=""txtsearchsnippet""><b class=""highlightcolor"">:בית החולים הממשלתי</b> ביפו מת אתמול צעיר ערב• בשם אבמאדני ...</div>"	spelled
800	hbkr19460217-01.2.22	17 February 1946	hbkr	ג'מאל חוםייני בירושלים	"<div class=""txtsearchsnippet"">... שנה מסיימות בהורות א""י את השיודים לאחיות, הקיימים ליד <b class=""highlightcolor"">בית החולים הממשלתי</b> בירושלים, והעובדות הללו הוכיחו שהן ראויות לתפקידן. ...</div>"	spelled
801	hbkr19460314-01.2.22	14 March 1946	hbkr	"חמזכיר חראשי בת""א מבקר בשנון החיילים"	"<div class=""txtsearchsnippet"">... 8י""2 דירית לחיילים משוחררים. וכן על אדמת ווייס? בקרבת <b class=""highlightcolor"">בית־החולים הממשלתי</b> למישבות. במקים שהוקמו ‭!5‬ צריפים (הידועים בשם .. ...</div>"	maqaf
802	hbkr19460331-01.2.5	31 March 1946	hbkr	ועדת החקירה בלוזאן	"<div class=""txtsearchsnippet"">... היה כבר ללא רוח חיים. הוא הועבר לחדר־המתים של <b class=""highlightcolor"">ביה־ח הממשלתי.</b></div>"	abbreviated
803	hbkr19460411-01.2.52	11 April 1946	hbkr	מכונית מ. ד. א. העבירה שייך בדואי מבאר-שבע	"<div class=""txtsearchsnippet"">... שבסיב. העברת* של הח־לה היתה בלתי אפשרית באמבולנס של <b class=""highlightcolor"">בית החולים הממשלתי.</b> שאינו פתאים להעברת חילים במצב מסוכן. במשך ...</div>"	spelled
804	hbkr19460606-01.2.38	6 June 1946	hbkr	נפצעו 6 בתאונה	"<div class=""txtsearchsnippet"">... באה מאחר שמצבו של הפצוע הוסיף להיות קשה, ורופאי <b class=""highlightcolor"">בית החולים הממשלתי</b> אמדו גואש• הדיר גיוזף אמר, לאחד שבדק ...</div>"	spelled
805	hbkr19460619-01.2.9	19 June 1946	hbkr	הלוית 11 ההרוגים בחיפה	"<div class=""txtsearchsnippet"">... העלמין עוד בצהרים וחלבורה נת־ עכבה בםקזדת הבולשת. ליד <b class=""highlightcolor"">בית החולים הממשלתי</b> בחיפה, בו נמצאים תשעה פצועים, הופקד משמר ...</div>"	spelled
806	hbkr19460703-01.2.4	3 July 1946	hbkr	"מעפילי.ניויוד הועברו למנס מדחי""' """	"<div class=""txtsearchsnippet"">... ששלשה התולים החשודים נפקרי דבר הועברו למחלקה מיוחדת של <b class=""highlightcolor"">בית החולים הממשלתי</b> בחיפה, החלה העברת העולים בסיחת ל. פקפ ...</div>"	spelled
807	hbkr19460714-01.2.7	14 July 1946	hbkr	פפניה ברח אתמול ממעצרו	"<div class=""txtsearchsnippet"">הועבר למתלקה הבריטית של <b class=""highlightcolor"">בית־החולים הממשלתי</b> ?</div>"	maqaf
808	hbkr19460726-01.2.106	26 July 1946	hbkr	יום של לדירת בירושלים	"<div class=""txtsearchsnippet"">... מגרש החפים ממקום שהוצאו הנוטות מתוך הדר הפתים של <b class=""highlightcolor"">בית החולים הממשלתי</b> לקבורה. ראשונה הובלה לקבורה נופתח של הכתב־ ...</div>"	spelled
809	hbkr19460812-01.2.44	12 August 1946	hbkr	נכשל נםיון לשחרר עצורים בבית החולים הממשלתי , ביפו	"<div class=""txtsearchsnippet"">התקפה !ועזה ביצעו אתפול צעירים יהודים מזוינים על <b class=""highlightcolor"">בית החולים הממשלתי</b> ביפו. הםתקיפיס? שהיו בנראה מאנשי ד""ארגת צבאי ...</div>"	spelled
810	hbkr19460814-01.2.51	14 August 1946	hbkr	"העיר תל־אביב: ""כתם בל ימחק"""	"<div class=""txtsearchsnippet"">... תא הועבר לביה-ה הירקץ בת""א ופשפ לפהלקה הברימית של <b class=""highlightcolor"">ביה־ח הממשלתי</b> ניטו.</div>"	abbreviated
811	hbkr19460815-01.2.72	15 August 1946	hbkr	"מת אחד מן המשתתפים כחתקפה על כיה""ה כיפו"	"<div class=""txtsearchsnippet"">... — מת אהד משני קאנשים, שנפצעו נשעת ההתקפה על <b class=""highlightcolor"">בית החולים הממשלתי</b> ביפו• כדי לחטוף את חברי . אצ""ל־ ...</div>"	spelled
812	hbkr19460901-01.2.33	1 September 1946	hbkr	"כל בית־אב - להשלמת לו* ם במצור"" """	"<div class=""txtsearchsnippet"">... וינשטיין הועברה אתמול ממחנה המעפיליפ בעתלית למחלקת האיזולציה של <b class=""highlightcolor"">ביה""ח הממשלתי</b> בחיפה.</div>"	abbreviated
813	hbkr19460902-01.2.39	2 September 1946	hbkr	*מצודת ירושלים* הביאה לבידוד בין הרובעים הערבי ויהודי	"<div class=""txtsearchsnippet"">... יש כ? שיבוא לגור בנין, והן — האחיות של <b class=""highlightcolor"">בית החולים הממשלתי,</b> אשר מעונן נמצא עד כה בשטנת פוצררה.</div>"	spelled
814	hbkr19460911-01.2.51	11 September 1946	hbkr	"נכשל נםיון להתפרץ לביה""ח הממשלתי בחיפה"	"<div class=""txtsearchsnippet"">... של הסוכנות בעתלית לרגל מתלתן, הועברו למהלקה הפנימית של <b class=""highlightcolor"">ביה־ח הממשלתי</b> אתמול. שמותיהן: פגיה ןןדצברג, בת ‭, 21‬ ורווה ...</div>"	abbreviated
815	hbkr19460916-01.2.42	16 September 1946	hbkr	"היום ה־&#8237;16&#8236; לצום ד""ר פון ויזל"	"<div class=""txtsearchsnippet"">... ה־‭, 16‬ הולך ונחלש. למתת הסיפול הפסור של רופאי <b class=""highlightcolor"">בית־ החולים הממשלתי</b> בירושלים. ־ הד־י פץ־ויזל קיבל אתמול בתא־האפירים ...</div>"	spelled
816	hbkr19460919-01.2.50	19 September 1946	hbkr	"ד""ר פון ויזל שוחרר וממשיך בשביתת הרעב בביתו"	"<div class=""txtsearchsnippet"">... מבית־חחולים בירושלים והוהזר לביתו בגדרה במכונית הצלב האדום של <b class=""highlightcolor"">בית־החולים הממשלתי</b> בירושלים. לדבריו' זוהי . תופשה זמנית מלטדוך. הוא ...</div>"	maqaf
817	hbkr19460922-01.2.28	22 September 1946	hbkr	מבושי־ עד בוהר בעירלבלפר	"<div class=""txtsearchsnippet"">... םוד שברשותם נמצאו מכשירים לפריצת דלתות. לתא ־אםירות על <b class=""highlightcolor"">ביה""ח הממשלתי</b> הובאה ביום הששי צעירה בשפ מינה פיפלר, עצורה ...</div>"	abbreviated
818	hbkr19461018-01.2.51	18 October 1946	hbkr	נסבות מות משה ימיני לפגי החוקר למה התאבד הצעיר והאס התאבובכלל?	"<div class=""txtsearchsnippet"">... לאחר שחטט נגיפי מבנטיו, של ימיני בחדר המתים של <b class=""highlightcolor"">בית החולים הממשלתי.</b> -את הכתוב בפתק - . מסטר המוריד ...</div>"	spelled
819	hbkr19461225-01.2.66	25 December 1946	hbkr	מבית־חחולי מחממשלתי לבית־חחוליפ בבית־חפוחר	"<div class=""txtsearchsnippet"">... שהם ביתי־רציניים — באה מטעמי בסחון וחסכון בשמירת על <b class=""highlightcolor"">בית־החולים הממשלתי•</b> בית־החולים בבית־ הכלא יורחב בימים אלה ויוכשר לקליטת ...</div>"	maqaf
820	hbkr19470117-01.2.30	17 January 1947	hbkr	"הרחבת ""מצודת ירושלים*"	"<div class=""txtsearchsnippet"">... ערביות ברחוב טנקריד. הבנין המוחרם יסופוז לאגף ־בריטי •טל <b class=""highlightcolor"">בית החולים הממשלתי</b> הסמוך. הברת. של"" וובן בעלי החנויות שמתחת ...</div>"	spelled
821	hbkr19470122-01.2.38	22 January 1947	hbkr	מבוקר עד בוקר בעיר ובכפר	"<div class=""txtsearchsnippet"">... מ""מ אשתקד. תינוק בן יומו נמצא מת ליד שער <b class=""highlightcolor"">בית־החולים הממשלתי</b> בחיפה אתמ־ל בבוקר• ־משטרה פתחח בחקירה. משפמ שלוס ...</div>"	maqaf
822	hbkr19470122-01.2.53	22 January 1947	hbkr	בחברה ובמשפחה	"<div class=""txtsearchsnippet"">... לבלוח חופשתו בארצות־ הברית. — דיר שמעון בטש. מנהל <b class=""highlightcolor"">בית החולים הממשלתי</b> ־הירקון'' בתל־אביב. הועלה בדד־ גה על ידי ...</div>"	spelled
823	hbkr19470131-01.2.73	31 January 1947	hbkr	חיץ דוקרני בבית הכלא בירושלים	"<div class=""txtsearchsnippet"">... בריטיים. שנפצעו אף הם בשעת חמריבה, עזבו אתמול את <b class=""highlightcolor"">בית־ החולים הממשלתי.</b> לאסירים לא הירשה עדיין לצאת מתאיהם ואף ...</div>"	spelled
824	hbkr19470202-01.2.32.3	2 February 1947	hbkr	Page 3 Advertisements Column 3	"<div class=""txtsearchsnippet"">... 41‬ מל. ‭2116 ‬ ע ז ח : מול <b class=""highlightcolor"">בית החולים הממשלתי?</b> מל? ‭243 ‬ נתנת בזה הודעה שמכירה ...</div>"	spelled
825	hbkr19470224-01.2.58	24 February 1947	hbkr	קולינם הנחסף החלים ומסרב לצאת מאיי	"<div class=""txtsearchsnippet"">... קולינס. שהיה לפן ה־30 בינואר שוכב מגף הבריסו של <b class=""highlightcolor"">בית החולים הממשלתי</b> בירושלים פצוע מהבאת שנגרמו לו עקכ חסי־ ...</div>"	spelled
826	hbkr19470320-01.2.65	20 March 1947	hbkr	גוית אדם נפלדה ליד אשדוד	"<div class=""txtsearchsnippet"">... זיהתה, נפלטה אתמול נהוף אשחד. היא הועברה לחדר־המתים של <b class=""highlightcolor"">בית־החולים הממשלתי</b> בעזה. סבורים, כיהגופה היתד, במים ימים אחדים ייש ...</div>"	maqaf
827	hbkr19470508-01.2.56	8 May 1947	hbkr	הוגברה השמידה על ביהיח הממשלתי בחיפה	"<div class=""txtsearchsnippet"">*טלשתיך מודיע. ני השלםונות הגבירו את השמירה על <b class=""highlightcolor"">בית החולים הממשלתי</b> בהיפה בו שונביפ האטיריט שנטצעו בשעת הבריחה ...</div>"	spelled
828	hbkr19470508-01.2.62	8 May 1947	hbkr	"תביעות המועצות בפגישה עם מושל מחוז,לוד"""	"<div class=""txtsearchsnippet"">... זו בהקדם הכי אפשרי. בשאלת בית החולים ליולחת ליד <b class=""highlightcolor"">בית־ החולים הממשלתי</b> . הירקון"" נידון עם המושל דבר טתיחח ...</div>"	spelled
829	hbkr19470518-01.2.48	18 May 1947	hbkr	התינוקת הגנובה מחיפה נמצאה בחיק אשר? צועניה גנבה אותה ומכרה בשתי לאיי לעקרה	"<div class=""txtsearchsnippet"">... כי האשד, אינח חאם. בחםוש נתנלו נם החיתולים של <b class=""highlightcolor"">בית החולים הממשלתי.</b> מול הוכחות חותכות</div>"	spelled
830	hbkr19470528-01.2.20	28 May 1947	hbkr	"3205 חברים ב""קרדיט למלאכה' כת""א|"	"<div class=""txtsearchsnippet"">... הפצועים הערבים בהתקפה על פגיה, ההליפ מפצעיו יעזב את <b class=""highlightcolor"">בית החולים הממשלתי</b> ביפו — פיחע . אל־וחדה"".</div>"	spelled
831	hbkr19470615-01.2.25	15 June 1947	hbkr	שעה וחצי היה מוטל עבוד מזרחי הי־ד על רצפת מכונית צבאית, שותת דם, בלי כל טפול	"<div class=""txtsearchsnippet"">דייר ר. נששיבי, רופא <b class=""highlightcolor"">בית החולים הממשלתי</b> אמר כי בדק את הפצוע שהובא, לדעתו ...</div>"	spelled
832	hbkr19470724-01.2.49	24 July 1947	hbkr	בית החולים הבריטי יהיה עצמאי	"<div class=""txtsearchsnippet"">ההכנות להרהבת האגף הבריטי של <b class=""highlightcolor"">בית החולים הממשלתי</b> בירושלים הולנות ונש־ למות. אגף זח. שעד ...</div>"	spelled
833	hbkr19471130-01.2.33	30 November 1947	hbkr	בנמל תל-אביב	"<div class=""txtsearchsnippet"">... לאנ:ליה. חיא שבב ימים אחדים חולה במחלקה הבריטית של <b class=""highlightcolor"">בית החולים הממשלתי</b> בירושלים.</div>"	spelled
834	hbkr19471218-01.2.50	18 December 1947	hbkr	תשובתה של מנהלת בית חולים ממשלתי	"<div class=""txtsearchsnippet"">תשובתה של מנהלת <b class=""highlightcolor"">בית חולים ממשלתי</b></div>"	indefinite
835	hbkr19480106-01.2.28	6 January 1948	hbkr	"הלל 'צהקי. מאסירי שנוי מת כשנותח בבי""ח הממשלתי"	"<div class=""txtsearchsnippet"">... 1א הערבי ואז הוענר יצחקי לניתוח באגף הבריטי של <b class=""highlightcolor"">בית החולים הממשלתי.</b> יצחקי פת תחת איזפל המנתתיפ מיד כשנגשו ...</div>"	spelled
836	hbkr19480107-01.2.86	7 January 1948	hbkr	גופת ברנדווץ הועברה לת־א	"<div class=""txtsearchsnippet"">... יזונו, לניתוח עיי רופא דיבי ואגגלי באגף הבייט' של <b class=""highlightcolor"">בית החולים הממשלתי</b> ושם פת נשעת הניתוח. הוא יצי. להתגתח ...</div>"	spelled
837	hbkr19480109-01.2.7	9 January 1948	hbkr	שני יהודים נרצחו בירושלים	"<div class=""txtsearchsnippet"">... לא ביותר קשה. מ. מנן רד אדופ־ התקשרו עפ <b class=""highlightcolor"">ביתהחולים הממשלתי</b> ושאלי על אופן העברת הפצוע. שהוא יהויי, לבית־חוליפ ...</div>"	maqaf
838	hbkr19480112-01.2.74	12 January 1948	hbkr	צלפים יורים על מקור־חיים	"<div class=""txtsearchsnippet"">... את הפצועה. זוהי עלילה כפובן• עיביפ מופתי* חיכו ליי <b class=""highlightcolor"">בית־ החולים הממשלתי</b> לבוא הפצועה — שעליה ירעו מלמפרע מהמרפאה ...</div>"	spelled
839	hbkr19480113-01.2.27	13 January 1948	hbkr	"היהודיםכבשר את ביה""ח לחולי "" -רוח בבת-ים"	"<div class=""txtsearchsnippet"">... ביפי. יבראשם עירית •פי, מחי בחריפית ננד . כבוש- <b class=""highlightcolor"">בית החולים הממשלתי</b> לחילי־רוח הנמצא בין בתי מ ייפו. לפי ...</div>"	spelled
840	hbkr19480114-01.2.19	14 January 1948	hbkr	התקפות &#8237;3ג13 &#8236; ללא אבידות למותקפים	"<div class=""txtsearchsnippet"">... ערכית על כית חולים אמש התקיפו ערבים ביריות את <b class=""highlightcolor"">בית־ החולים הממשלתי</b> לחולי רוח בחולון. ההתקפה ארנה זמן ממישר. ...</div>"	spelled
841	hbkr19480126-01.2.5	26 January 1948	hbkr	ערבי נהרג וחמשה נפצעו ליד יפו	"<div class=""txtsearchsnippet"">... יריות מכלי נשק אוטומטיים &gt;ענר האוטובוס. ההרוג והפצועים הובאו <b class=""highlightcolor"">&gt;בית החולים הממשלתי</b> ביפו. לנית החולם' ביפו הובאו במשך בוקר ...</div>"	spelled
842	hbkr19480128-01.2.7	28 January 1948	hbkr	אנשי חברון מאייםים להחרים בכוח בניני הממשלה	"<div class=""txtsearchsnippet"">... למושל מחוז חברון. מר ספרוויל, ותבעה למסור ליוד. את <b class=""highlightcolor"">בית החולים הממשלתי</b> במקום וכן בנינים אחרים. אשר הממשלה מחזיקה ...</div>"	spelled
843	hbkr19480129-01.2.90	29 January 1948	hbkr	"בית־החולים הממשלתי בחיפה נעזב ע""י היהודים תחת לחץ"	"<div class=""txtsearchsnippet"">... תעיכדים והחיליש — הראו מגמה בתרו;: לסניר את שעת <b class=""highlightcolor"">בית' החולים הממשלתי</b> נפנ• האוכלוס-ה היומת. ועדה מיוחדת, שנתמנתה על־ידי ...</div>"	maqaf,spelled
844	hbkr19480130-01.2.93	30 January 1948	hbkr	נכשל נסיון הערבים להתקרב לעמדות־המגן בגבול תל־אביב	"<div class=""txtsearchsnippet"">... ביריות מנשק אוטומטי מפאת הכפו העיב• נידתה נענוו או <b class=""highlightcolor"">בית החולים הממשלתי</b> לחולי רוח. אחת הנוסעות, שרקה מאיויביץ, בר. ...</div>"	spelled
845	hbkr19480215-01.2.10	15 February 1948	hbkr	ראש כנופיה נהרג וביתו פוצץ בהתקפה על בית צפפה	"<div class=""txtsearchsnippet"">... הוצאה מרוסקת מתחת לעיי חירבות והועברה לחדר המתים של <b class=""highlightcolor"">בית החולים הממשלתי.</b> במקומות אחרים בכפר נמצאו על גגות בתים ...</div>"	spelled
846	hbkr19480216-01.2.40	16 February 1948	hbkr	?דאגו...	"<div class=""txtsearchsnippet"">... לדבו• המתלות בין האסירים היהודי* בעקב המאור עיתהאתרונים נשאר <b class=""highlightcolor"">בית החולים הממשלתי</b> — הסמוך לבית הסוהר — בלי רופא ...</div>"	spelled
847	hbkr19480222-01.2.64	22 February 1948	hbkr	מפקד הסוהר מגרש כורתים	"<div class=""txtsearchsnippet"">... •צאו דום־ר־ם "" דרך שער ו. א־וור המוגן מצו <b class=""highlightcolor"">בית החולים הממשלתי.</b></div>"	spelled
848	hbkr19480304-01.2.88	4 March 1948	hbkr	זוכה ערבי נושא כרוזי... ,הגנה-	"<div class=""txtsearchsnippet"">... ןכאי בדין כן דכה ביה־ו הזה נהג אמבולנס של <b class=""highlightcolor"">בית החולים הממשלתי</b> ביהושלים מאשמת נשיאח אקוח שנמצא בושותו אתמול ...</div>"	spelled
849	hbkr19480310-01.2.85	10 March 1948	hbkr	הגנה פוצצה את מסילת הברזל והכבישים במבואות תל־אביב	"<div class=""txtsearchsnippet"">... מרכז הבולשת היפואית ונית חרושת . חילזון• הותקף מנדן <b class=""highlightcolor"">בית החולים הממשלתי</b> לנהמות. נהתקפת יריית על תל־אניב אתמול בצ־ ...</div>"	spelled
850	hbkr19480428-01.2.44	28 April 1948	hbkr	אורגן השרות הרפואי בחיפה וסביבתה	"<div class=""txtsearchsnippet"">... הו""ר םקליו, מנהל פשרו הבויאיח הממשלתי, וו־ר חפזי, מנהל <b class=""highlightcolor"">בית החולים הממשלתי,</b> הודע הו־ר קצנלפין על החלטת המוסדות להבטיח ...</div>"	maqaf,spelled
851	hbkr19480514-01.2.49	14 May 1948	hbkr	פרשת שייך ג'ראה דורשת הסבר	"<div class=""txtsearchsnippet"">... בו בתי־משפט. מוסדות מש־ טרד, ואחרים. ואילו מחר ז <b class=""highlightcolor"">בית־ החולים הממשלתי</b> ואגפיו הועברו לידי הערבים. והם כמובן לא ...</div>"	spelled
852	hbkr19480609-01.2.28	9 June 1948	hbkr	סדאנו.-&#8237; -*101&#8236; חברים	"<div class=""txtsearchsnippet"">... פקדה על הנהג הערבי להמשיך בנסיעה בניוון לירושלים. אל <b class=""highlightcolor"">בית החולים הממשלתי.</b> חחילד, הרב* האמבולנס לשער יסו וסיד התנפלו ...</div>"	spelled
853	hbkr19480914-01.2.23	14 September 1948	hbkr	האישפוז לשעת חרום בחיפה-למופת	"<div class=""txtsearchsnippet"">... דוחק 'שתפשו נפסות הרזרביות שבו לאש־ פוז טזועיפ פהעבא. <b class=""highlightcolor"">ביה־ח הממשלתי</b> — הותקנו בו לפי שעה ‭00‬נ מטות. ישנה ...</div>"	abbreviated
854	hbkr19480928-01.2.7	28 September 1948	hbkr	5 היחסים עם הצלב האדום בירושלים הולכים ורעים	"<div class=""txtsearchsnippet"">... שא^ השנו^ ממחלוקת ביניוו למין הפלג האדום. היא גודל <b class=""highlightcolor"">בית־החולים הממשלתי</b> לשעבר, הנםנא באזור הכיבוש שלוי. זפוחוו על בימ־חולים ...</div>"	maqaf
855	hbkr19481029-01.2.59	29 October 1948	hbkr	דוח היום פרשת השב! נראשית	"<div class=""txtsearchsnippet"">... חנינית של שעויי הערב לעברית בנ""ביליה (־פו! בביה-ס :מול <b class=""highlightcolor"">בית החולים הממשלתי)</b> כהשתתפות: משר, ראפ, חנה ומיד, ציוק קונל. ...</div>"	spelled
856	hbkr19481115-01.2.3	15 November 1948	hbkr	"הלגיון תובע ציוד ביד""""ח הממשלתי"	"<div class=""txtsearchsnippet"">... ה*(יון תביעה •שבח עליה. הוא דורש אי* הציוד ש? <b class=""highlightcolor"">בית החולים הממשלתי</b> בירושלים שהיה במשך 1ל הזמן תחי! חסוי! ...</div>"	spelled
857	hbkr19481121-01.2.19	21 November 1948	hbkr	"פונה ביה""ת הממשלתי בירושלם"	"<div class=""txtsearchsnippet"">... הצלב האדום הבינלאומי כירושלים חוסל. ‭22‬ אחרוני עובדי מנגנון <b class=""highlightcolor"">בית החולים הממשלתי</b> לשעבר בחסות הצלב האדום הועברו ביום ששי ...</div>"	spelled
858	hbkr19481123-01.2.11	23 November 1948	hbkr	"הערבים זוממים להחרים ביה""ה ""הדסה"""	"<div class=""txtsearchsnippet"">כתגובה למסירת <b class=""highlightcolor"">ביה־'ח הממשלתי</b> לש עברבירושלים ל ידי היהודים</div>"	abbreviated
859	hbkr19481128-01.2.53	28 November 1948	hbkr	הקשיים הכספיים של קהלת ירושלים	"<div class=""txtsearchsnippet"">... זה? שלנוכח פעולת העיריה אין לו כל זכות קיו* <b class=""highlightcolor"">בית החולים הממשלתי</b> בירושלים לממשלת ישראל ביח החולים הממשלתי בירישלים ...</div>"	spelled
860	hed19460215-01.2.18	15 February 1946	hed	תל אביב	"<div class=""txtsearchsnippet"">יוגדל בית התולים למושבות הממשלה החליטה להרחיב את <b class=""highlightcolor"">בית החולים הממשלתי</b> למושבות ""הירקון"" בתל-אביב על ידי הוספת מספר ...</div>"	spelled
861	hed19481217-01.2.18	17 December 1948	hed	כך חיים במחנה הפליטים בעדן	"<div class=""txtsearchsnippet"">... סקוטי , חובב יהודים, שממלא תפקידים אחראיים, הוא מנהל <b class=""highlightcolor"">ביה""ח הממשלתי</b> ואחראי לדיור. הוא עזר לי בפתיחת בית החולים. ...</div>"	abbreviated
862	hegeh19430419-01.2.21	19 April 1943	hegeh	ד״ר מבס בירק	"<div class=""txtsearchsnippet"">... ״E x emptar אחד אל האךכיון של תנועת העבודה. <b class=""highlightcolor"">בית חולים ממשלתי</b> למושבות מוסרים, שדגוךמים המסמכים דגים בשאלת פתיסת ...</div>"	indefinite
863	hegeh19440427-01.2.17	27 April 1944	hegeh	רדיו ירושלים	"<div class=""txtsearchsnippet"">... יוג׳ין גוסנס. 5.55 חדשית. 8.00 תכנית ""כבקשתך"" מיוחדת לאחיות <b class=""highlightcolor"">בית החולים הממשלתי</b> בחיפה. 8.15 חדשות. 8.25 שיחה 'על מאירעות ...</div>"	spelled
864	hegeh19440906-01.2.23	6 September 1944	hegeh	P תה!	"<div class=""txtsearchsnippet"">... ערבי הנר ברח׳ אלנבי בחיעה חלה במחלת הדבר והעכר <b class=""highlightcolor"">?בית החולים הממשלתי</b> 3מןחד. זה המקרה ה־2 2 רחיפה (8 ...</div>"	spelled
865	hegeh19450516-01.2.14	16 May 1945	hegeh	קפות הי הודים כמןגגזן השלטון	"<div class=""txtsearchsnippet"">... הסהר בארץ מכון לאסיר הערלי. המדור Abteiiung הארךשרא^י של <b class=""highlightcolor"">בית החולים הממשלתי</b> מכון גם הוא כלו לחולה הערבי. מחלקת ...</div>"	spelled
866	hegeh19450817-01.2.32	17 August 1945	hegeh	נער מת מך3ר	"<div class=""txtsearchsnippet"">... ב ע כנת מונטיפיירי הובא Iליל ג׳ בחצות אל <b class=""highlightcolor"">בית־החולים הממשלתי</b> ומת ץם אתמול בצקר. ןנק3ע כי י"" מותו ...</div>"	maqaf
867	hegeh19460812-01.2.2	12 August 1946	hegeh	"סכל נסיין לשחרר 3 אעיריח עצורי"""	"<div class=""txtsearchsnippet"">... ממשלתי ואחריו טכסי באו אתמדל ב־9 .45 אל שער <b class=""highlightcolor"">בית־ החולים הממשלתי</b> בשב׳ עג׳מי (בו שוכבים שלושה צעירים יהודים ...</div>"	spelled
868	hegeh19460813-01.2.8	13 August 1946	hegeh	כיצד הסדירה עירית תל־אביב את שוק הקרח בעיר?	"<div class=""txtsearchsnippet"">... לירו#ללם: ,א־דיפעא"" מוסר, כי לאחך במיון ההתנפלות אתמול על <b class=""highlightcolor"">בית החולים הממשלתי</b> ב;פו, העברו שלשת הפצועים דרהודים לבית החולים ...</div>"	spelled
869	hegeh19460819-01.2.12	19 August 1946	hegeh	ליאון קלמריט	"<div class=""txtsearchsnippet"">... וי. ארדשטיין, ידוע רק שהיה בבן 40, ולפי הודעת <b class=""highlightcolor"">בית החולים הממשלתי</b> מת מדלקת הריאות• שוחררו בערבות ■נח פרובר, ...</div>"	spelled
870	hegeh19460823-01.2.19	23 August 1946	hegeh	נמצא נשק	"<div class=""txtsearchsnippet"">... למקום ומצאה 33 כדורים של נשק אוטומטי. מעפילות חולות <b class=""highlightcolor"">:בית החולים הממשלתי</b> אדית ריניץ, בת 13 ואליאונורה לוי, בת ...</div>"	spelled
871	hegeh19460916-01.2.16	16 September 1946	hegeh	משמד על בית החולים הממשלתי	"<div class=""txtsearchsnippet"">משמד על <b class=""highlightcolor"">בית החולים הממשלתי</b></div>"	maqaf,spelled
872	hegeh19461101-01.2.11	1 November 1946	hegeh	משמרות על בית החולים הממשלתי בירושלים	"<div class=""txtsearchsnippet"">משמרות על <b class=""highlightcolor"">בית החולים הממשלתי</b> בירושלים</div>"	spelled
873	hegeh19461212-01.2.23	12 December 1946	hegeh	חדשות הארץ	"<div class=""txtsearchsnippet"">... על החזקת נשק. לפצועים הוגשה עזרה ראשונה ע״י רופאי <b class=""highlightcolor"">בית החולים הממשלתי.</b> תערוכת השמורים תערוכת השימורים פתוחה עכשיו בבית ...</div>"	spelled
874	hegeh19470212-01.2.8	12 February 1947	hegeh	המעפיל האלמוני הובא לקברות	"<div class=""txtsearchsnippet"">... הצבור ?השתתף בהלויה. ב־l o לפני הצהרים נתאספו לפני <b class=""highlightcolor"">בית־החולים הממשלתי</b> בבת־גלים משלחות מטעם הסוכנות היהודית, הקהילה העברית בחיפה, ...</div>"	maqaf
875	hegeh19470218-01.2.3	18 February 1947	hegeh	"עודי ""המעפיל האדמוני"" הועברו אחרי היאבקות ל״אמפיו חוור וגוושו לקפריסין ההודעה הרשמית על גירוש עולי ""המעפיל האלמוני"""	"<div class=""txtsearchsnippet"">... הממשלתי וכמה אן־ שים חולים נלקחו לעתלית לאחר שנבךקו <b class=""highlightcolor"">?בית החולים הממשלתי.</b> סבורים כי האנ!ה</div>"	spelled
876	hegeh19470318-01.2.2	18 March 1947	hegeh	תת בתי הזיקוק מסתימת היום?	"<div class=""txtsearchsnippet"">... פרשת המרגרינה וימסר אינפורמציה ב?׳־ גישה הבאה. מזל טובי <b class=""highlightcolor"">?בית החולים הממשלתי</b> ?חיפה נולדה אתמול בת למעפילה טובה לוי ...</div>"	spelled
877	hegeh19481009-01.2.18	9 October 1948	hegeh	חולשות הגברים בגי; העמידה	"<div class=""txtsearchsnippet"">שני פסיכיאטרים של <b class=""highlightcolor"">בית החולים הממשלתי</b> במונטריאל, קנדה, מ. פראדום וב. רודריק, מצאו ...</div>"	spelled
878	hmf19390227-01.2.2	27 February 1939	hmf	_למזרח י . ראובן _^פלן ופנחסביר_^ . ח	"<div class=""txtsearchsnippet"">... ?והנהג ועוזרו ראובן _קןפלן נהרגו מיד. _גופותיהם גלקתו לי <b class=""highlightcolor"">בית החולים הממשלתי</b> ומשם להןדםה ‭"" . ""‬ *_זםף גמרחי ...</div>"	spelled
879	hmf19390323-01.2.12	23 March 1939	hmf	הועלה מס המים	"<div class=""txtsearchsnippet"">... שהמועצה תקבל פה אחד הח־ למה, הדורשת להקים בתאאביב <b class=""highlightcolor"">בית־ חולים ממשלתי</b> , כי תל־אביב אינה גרועה יותר מהיפה ...</div>"	indefinite
880	hmf19390417-01.2.22	17 April 1939	hmf	בע קבות- קה הברונ. &#8237;. . &#8236;	"<div class=""txtsearchsnippet"">... ממשלתי 4 בצפת‭... ‬ ד""ר א, ט. שטרגבדג, מנהל <b class=""highlightcolor"">בית החולים הממשלתי</b> בצפה הועבר לבית החולים הממשלתי בירושלים. צפת ...</div>"	spelled
881	hmf19390423-01.2.36	23 April 1939	hmf	Untitled	"<div class=""txtsearchsnippet"">אסופי בליל ששי נמצא ליד <b class=""highlightcolor"">בית־החולים הממשלתי</b> ילד בן 3 חדשים. זהותו טרם נקבעה‭-. ‬- ...</div>"	maqaf
882	hmf19400115-01.2.41	15 January 1940	hmf	ו בעירית תל־אביב	"<div class=""txtsearchsnippet"">... בחיפה יש בית חולים של הקהלה ויש שם גם <b class=""highlightcolor"">בית חולים ממשלתי</b> שעלה הוו רב בבנינו</div>"	indefinite
883	hmf19401205-01.2.9	5 December 1940	hmf	אתמול נמשו עוד &#8237;. 4&#8236; מלובנות &#8237;»?&#8236;_פטויה»	"<div class=""txtsearchsnippet"">... גופות ' של גברים שהועברו יישר לחדר המתים של <b class=""highlightcolor"">בית החולים הממשלתי.</b></div>"	spelled
884	hmf19411007-01.2.51	7 October 1941	hmf	בחך פויךלנוו	"<div class=""txtsearchsnippet"">... חתנדב לצבא. משפחתו בהונגריה. גויתו הובאה לשם בדיקה אל <b class=""highlightcolor"">בית־ החולים הממשלתי</b> בחיפה ומשם — לכפר המכבי. במוצ""ש הובא ...</div>"	spelled
885	hmf19411028-01.2.19	28 October 1941	hmf	הדיון על שינויי הממשלה בתקציב עירית ודא	"<div class=""txtsearchsnippet"">... כל מטה. או שנציע פתרון אחר: תפתח נא הממשלה <b class=""highlightcolor"">בית חולים ממשלתי</b> בת""א ותחזיקו כולו על חשבונה ואז נוכל ...</div>"	indefinite
886	hmf19411106-01.2.28	6 November 1941	hmf	"רועור""ם"	"<div class=""txtsearchsnippet"">... בבית החולים ""שערי־ צדק‭. ""‬של הד""ד וואלאך ר2 ב־ <b class=""highlightcolor"">בית החולים הממשלתי.</b></div>"	spelled
887	hmf19420127-01.2.39	27 January 1942	hmf	"670 אלף לא""י הכנסות&#8237;700,&#8236; אלף לא""י הוצאות -המת""התסציב"	"<div class=""txtsearchsnippet"">... תושבים (אם לקחת בחשבון את בית החולים ביילינסון ואת <b class=""highlightcolor"">בית החולים הממשלתי</b> בפרדס־ כ""ץ‭, (‬אבל ידוע שבאנגליה קיים מי־ ...</div>"	indefinite,spelled
888	hmf19420608-01.2.49	8 June 1942	hmf	מצב _ההוספיטליזציה - ממירי נשר חרשים - שאילתה בענין הוער המנהל למערכת _החנוך	"<div class=""txtsearchsnippet"">... שהופיעה בעתובות, כי הממשלה עומדת להוסיף אגף חדש ל־ <b class=""highlightcolor"">בית החולים הממשלתי</b> למחלות מידבקות בירושלים, ביקש ד""ר מ. כ ...</div>"	spelled
889	hmf19420616-01.2.22	16 June 1942	hmf	ועד ההלת היפה התעלם מצרכי בריאות האוכלוסיה	"<div class=""txtsearchsnippet"">... מצומצמים ושבגלל השקפיתיחם או מקצועם אינם חברים בקופות־חחולים הקימות. <b class=""highlightcolor"">בית החולים הממשלתי</b> , כתוצאה משיטתם הנפסדת והכושלת של חסידי ...</div>"	spelled
890	hmf19420623-01.2.38	23 June 1942	hmf	"תכנ י ת להקמת ב _ית־זזול ים בפ""ת"	"<div class=""txtsearchsnippet"">... ידונו בשאלת חחוםפטליזציח בפתח תקוח. יש כמד, תכניות: חקמת <b class=""highlightcolor"">בית חולים ממשלתי</b> , עירר ני;או בשתוף עם כמה גורמים ...</div>"	indefinite
891	hmf19420802-01.2.59	2 August 1942	hmf	200 _$לף זרל!ות נגד טיפוס	"<div class=""txtsearchsnippet"">... הזריקות תעשינה תיבם אין כסף. במקומות דלהלן : בירושלים: <b class=""highlightcolor"">בית החולים הממשלתי</b> , הקליניקה לגברים בכל שעות יום ד. ...</div>"	spelled
892	hmf19420805-01.2.26	5 August 1942	hmf	"""_דושרים"	"<div class=""txtsearchsnippet"">... הטיפוס בשביל הקהל במרכזי הבריאות של הממשלה בירושלים הן: <b class=""highlightcolor"">בית חולים ממשלתי</b> , מחלקת גברים בכל יום שני וחמישי ...</div>"	indefinite
893	hmf19421228-01.2.41	28 December 1942	hmf	"&#8237;"" & 21_£1111 &#8236;"	"<div class=""txtsearchsnippet"">... ‭L_ —‬ . כ‭1. !‬ הגב' מ־סקטנבליט מתה אתמול <b class=""highlightcolor"">‭::‬בית החולים הממשלתי</b> ממחלת הטיפוס. נותר, טפצעיה * , ביום ...</div>"	spelled
894	hmf19430507-01.2.55	7 May 1943	hmf	הממשלה וחתה תביעת &#8237;r!\&#8236; להקצבה של 11 אלף לא'י	"<div class=""txtsearchsnippet"">... להג"" דלה ניכרת. הם הביעו רק גכוטיתט לדר קים <b class=""highlightcolor"">בית חולים ממשלתי</b> בתל־אביב שישרת את הסביבה הסמוכה. השתלשלות־ענינים זז ...</div>"	indefinite
895	hmf19430616-01.2.48	16 June 1943	hmf	ביה'ח הממשלתי _בבני־בול.יוגדל פ י ארבעה	"<div class=""txtsearchsnippet""><b class=""highlightcolor"">ביה'ח הממשלתי</b> _בבני־בול. יוגדל פ י ארבעה</div>"	abbreviated
896	hmf19431029-01.2.53	29 October 1943	hmf	"בדצמבר ייפתח ביה""ח הממשלתי לחולי המושבות"	"<div class=""txtsearchsnippet"">בדצמבר ייפתח <b class=""highlightcolor"">ביה""ח הממשלתי</b> לחולי המושבות</div>"	abbreviated
897	hmf19431114-01.2.20	14 November 1943	hmf	־י י ־ י &#8237;_^ ? /.. ?&#8236; ־י ־&#8237;??'&#8236;י? _־ &#8237;'. _y - '? ^; _'&#8236;־ י י &#8237;V V W. V__ _^&#8236; י י &#8237;v__&#8236; י &#8237;_™ — ? _^ _^ _? 1 _i _^&#8236; א ._י שצ א י	"<div class=""txtsearchsnippet"">... טרדן, אלא הדורש סדורים _חמריים. מר פרל לא נשלח <b class=""highlightcolor"">?בית החולים הממשלתי</b> יאשר בבית לחם‭'. ‬סוף -סוף, כאן ישנו ...</div>"	spelled
898	hmf19431118-01.2.32	18 November 1943	hmf	מיפה	"<div class=""txtsearchsnippet"">... בשעת נסיעתו ברח' שבתי לוי, נפצע &gt;שה והועבר ל־ <b class=""highlightcolor"">ביה""ח הממשלתי.</b> נוו0 באוטו אתמול דרס אוטו אלמוני, ערבי שעבר ...</div>"	abbreviated
899	hmf19431210-01.2.55	10 December 1943	hmf	ירושלים	"<div class=""txtsearchsnippet"">... מקומו ימ?א ח. ו. קוק. , רצח ליד רמאללה <b class=""highlightcolor"">?בית החולים הממשלתי</b> בידוש* לים הובא פצוע _חוםיין עיסא מליד ...</div>"	spelled
900	hmf19431223-01.2.57	23 December 1943	hmf	בית־החולים הממשלתי למושבות יופעל באמצע יבואר	"<div class=""txtsearchsnippet""><b class=""highlightcolor"">בית־החולים הממשלתי</b> למושבות יופעל באמצע יבואר</div>"	maqaf
901	hmf19440220-01.2.53	20 February 1944	hmf	_חי3ו_>	"<div class=""txtsearchsnippet"">... המשטדה המרכזית ברחוב המלכים‭'. ‬הערבי נפצע קשה והועבר לי <b class=""highlightcolor"">בית החולים הממשלתי.</b> נעצרי _בממ ערבים _התשודיס בהתנקשות.</div>"	spelled
902	hmf19440223-01.2.65.1	23 February 1944	hmf	Page 4 Advertisements Column 1	"<div class=""txtsearchsnippet"">_איגמאיל אבו אל־חיי — י'אבאלייה. ע""י <b class=""highlightcolor"">ביה""ח הממשלתי‭.</b> (‬ מוהמד טולבה — רחוב בוזה• עבדול האםיק ...</div>"	abbreviated
903	hmf19440717-01.2.57	17 July 1944	hmf	ונל-אביב	"<div class=""txtsearchsnippet"">... אחה""צ הוציאו פועל אחד נטול הכרה. הוא הועבר ל־ <b class=""highlightcolor"">ביה""ח הממשלתי</b> ביפו‭,. ‬בערך לפני * 6 הוצא הפועל השני ...</div>"	abbreviated
904	hmf19450123-01.2.42	23 January 1945	hmf	1_י3ד*	"<div class=""txtsearchsnippet"">... מכונית מגן דוד אדום חעבידח לחדד המתים ' של <b class=""highlightcolor"">בית החולים הממשלתי</b> ערבי שנתחשמל בזרם חשמלי ברחוב המלכים ונהרג ...</div>"	spelled
905	hmf19450213-01.2.47	13 February 1945	hmf	דןיר &#8237;_) 55 &#8236;	"<div class=""txtsearchsnippet"">... שמו אוסקר הרץ, מרח' אחד־ העם ‭. 11‬אמבולנס של <b class=""highlightcolor"">ביה""ח הממשלתי</b> העבירו במצב של חוסר הכרה לביה""ה. באגודה להשתלמות ...</div>"	abbreviated
906	hmf19450719-01.2.33	19 July 1945	hmf	&#8237;_ .. &#8236;	"<div class=""txtsearchsnippet"">... וחתך את צוארו בסכין. הפצוע הועבר במצב קשה ?ל' <b class=""highlightcolor"">ביה""ח הממשלתי</b> בחיפה. המתנקש ‭???? ? ??‬ נעל ם־</div>"	abbreviated
907	hmf19450821-01.2.43	21 August 1945	hmf	תכנית להקפת ווונ _־ דוומ _־ לעוליט,חיילים _ולוותויפימ	"<div class=""txtsearchsnippet"">... _זןביב 35 הצריפים יוקמו על אדמת ווייס בקרי בת <b class=""highlightcolor"">בית החולים הממשלתי</b> ""הירקון""</div>"	spelled
908	hmf19451211-01.2.38	11 December 1945	hmf	mi ונהרג ערבי שביקש לקנות נשק במחנה צבאי	"<div class=""txtsearchsnippet"">... במקום. רובה שני מתוצרת בית נמצא כעבור שעה בקרבת <b class=""highlightcolor"">ביה""ח הממשלתי</b> בבית־לחם.</div>"	abbreviated
909	hmf19451225-01.2.49	25 December 1945	hmf	נהגים ערביים מתנכלים לשוות תחבווה עבר	"<div class=""txtsearchsnippet"">... ובין בת גלים והעיר, עד לתחנת הרכבת המזרחית ורחבת <b class=""highlightcolor"">ביה""ח הממשלתי.</b> שיפורים אלה היו כצננים בעיני שרות האוטובוסים הערבי ...</div>"	abbreviated
910	hmf19451231-01.2.56	31 December 1945	hmf	&#8237;zn 3*_311 » * &#8236;	"<div class=""txtsearchsnippet"">... פנימה מצאו את מנחם שמש מוטל מת. מכונית של <b class=""highlightcolor"">ביה""ח הממשלתי</b> העבירה את הגופה לבית החולים ביפו לשם בדיקה. ...</div>"	abbreviated
911	hmf19460201-01.2.65	1 February 1946	hmf	"יוקם בי""ח ממשלתי בת '_י א לישובי הדרום"	"<div class=""txtsearchsnippet"">שלטונות הבריאות. החליטו להקים בתל־ אביב <b class=""highlightcolor"">'בית חולים ממשלתי</b> לישובי הדרום. כקשר לזה סיירו אתמול ד""ר ...</div>"	indefinite
912	hmf19460213-01.2.36	13 February 1946	hmf	"יריות על משמר שוטרים בת""א"	"<div class=""txtsearchsnippet"">... בשעה' 7 בערך הרגישו שני שוטרים בריטיים שסיידו ליד <b class=""highlightcolor"">בית החולים הממשלתי</b> ""הירקון‭""""‬ במכונית קטנה נוסעת בכביש ואחריה מכונית ...</div>"	spelled
913	hmf19460222-01.2.68	22 February 1946	hmf	"מם&נת &#8237;""עגן-""'&#8236; בחיפה עלתה באש"	"<div class=""txtsearchsnippet"">... של ""סולל ‭, ""בונה‬ _הכמצאח בשטח הנמל המערבי, ליד <b class=""highlightcolor"">ביה""ח הממשלתי</b> בחיפה, עלתה באש ביוב ד' ב־‭10. 30‬ בערב. ...</div>"	abbreviated
914	hmf19460409-01.2.60	9 April 1946	hmf	UNKNOWN	"<div class=""txtsearchsnippet"">... מיד טילפנו למשטרה על מקרה המוות וזו התקשרה עם <b class=""highlightcolor"">בית החולים הממשלתי</b> שישלחו אמבולנס למאפיה כדי להעביר את גופת ...</div>"	spelled
915	hmf19460426-01.2.12	26 April 1946	hmf	"5 ח יי ל י ם _מהדביזיה המוטסתו ושוט _י נרט ו נהרג בהתקפה ע ? מג ו ש ־ חנ י _י ה צבא י בת""א"	"<div class=""txtsearchsnippet"">... למקום ההתקפה העבירו 4 חיילים הרוגים להדר המתים של <b class=""highlightcolor"">ביה""ח הממשלתי</b> ביפו. כשהובאו ההרוגים מצאו נהגי האמבולנסים ביפו שני ...</div>"	abbreviated
916	hmf19460515-01.2.59	15 May 1946	hmf	תל-אביכ	"<div class=""txtsearchsnippet"">... להזדרז לקבל את הזריקות. לפי שמוסר הד""ר מלחי, מנהל <b class=""highlightcolor"">ביה""ח הממשלתי</b> למחלות מדבקות, הופיע הטיפוס השנה מוקדם וכבר בחדשי ...</div>"	abbreviated
917	hmf19460619-01.2.12	19 June 1946	hmf	&#8237;mrm rim &#8236;	"<div class=""txtsearchsnippet"">... המשתתפים הוסעו בשעה ‭5. 30‬ אהה""צ מחדר המתים של <b class=""highlightcolor"">ביה""ח הממשלתי</b> בחיפה גופותיהם של 11 ההרוגים (שנפלו בהתקפות על ...</div>"	abbreviated
918	hmf19460626-01.2.53	26 June 1946	hmf	_ידושליס	"<div class=""txtsearchsnippet"">... בתי המלאכה של מסילות הברזל בחיפה, עזבה אתמול את <b class=""highlightcolor"">ביה""ח הממשלתי</b> והועברה לבית הסוהר הארעי</div>"	abbreviated
919	hmf19460701-01.2.45	1 July 1946	hmf	מצב האסירים בעכו ופצועי ההתקפה בחיפה	"<div class=""txtsearchsnippet"">... והולך וטוב. הפצועים מקבלים את הטיפול הרפואי הרגיל של <b class=""highlightcolor"">בית החולים הממשלתי.</b></div>"	spelled
920	hmf19460716-01.2.58	16 July 1946	hmf	"פפנק נרשם בביה""ח ' הממשלתי כב.ג'וזף"	"<div class=""txtsearchsnippet"">... לו יסוד לשער, כי פפנק, שהובא למחלקה הבריטית של <b class=""highlightcolor"">בית החולים הממשלתי</b> בחיפה בשבת בבוקר, הוא שנרשם שם תחת ...</div>"	spelled
921	hmf19460804-01.2.53	4 August 1946	hmf	עבודת ההצלה	"<div class=""txtsearchsnippet"">... — בריטים, הודים וסיני — הועברו לביה""ח הצבאי ול־ <b class=""highlightcolor"">ביה""ח הממשלתי</b> 35 איש, כולם פצועים בצורות שונות‭21. ‬ אחרים ...</div>"	abbreviated
922	hmf19460812-01.2.66	12 August 1946	hmf	"סוכל נסק.לשחור פצו ניס מביה""ח ביפו"	"<div class=""txtsearchsnippet"">... בי""ח ממשלתי כפי שנודע לנו השתמשו הצעירים באמבולנס של <b class=""highlightcolor"">בית . החולים הממשלתי</b> ""הירקון"" בת""א. שנמצא עזוב ברחוב מזרחי ...</div>"	spelled
923	hmf19460814-01.2.53	14 August 1946	hmf	הל-אביב	"<div class=""txtsearchsnippet"">הוחזרה המכונית . המכונית בה השתמשו להתקפה על <b class=""highlightcolor"">בית החולים הממשלתי</b> ביפו, ושהוחזקה ע""י המשטרה, הוחזרה אתמול לבעליה. ...</div>"	spelled
924	hmf19460823-01.2.86	23 August 1946	hmf	"יובלה ב""אמפ""ר ד""וול"""	"<div class=""txtsearchsnippet"">... מאנית הגירוש ""אמפייר הייווד"" והועברו למחלקח למחלות מידבקות של <b class=""highlightcolor"">ביה""ח הממשלתי</b> בחיפה‭,. ‬ האניה שוקעת</div>"	abbreviated
925	hmf19460830-01.2.58	30 August 1946	hmf	"משפטו שר אלקלעי בביה""ד הצבאי הופסק כשהרגיש ברע"	"<div class=""txtsearchsnippet"">... הגה מפיו. הוחזר לבית המשפט לאחר שנבדק ע""י רופאי <b class=""highlightcolor"">ביה""ח הממשלתי</b> הוחזר _מגחם אלקלעי ב־3 אחה""צ לבית המשפט בצירוף ...</div>"	abbreviated
926	hmf19460911-01.2.38	11 September 1946	hmf	חשש לחיי הועיד השובת זה היום ה־12	"<div class=""txtsearchsnippet"">... שינוי מכריע לרעד, ויש חשש לחייו. אתמול ניסו רופאי <b class=""highlightcolor"">ביה""ח הממשלתי</b> בירושלים להערות דם לעורק-ו, אך הוא התנגד בכל ...</div>"	abbreviated
927	hmf19460916-01.2.66	16 September 1946	hmf	14 יהודים נעצרו במאורעות יפו	"<div class=""txtsearchsnippet"">... ברמלה ו־6 ביפו. אמצעי זהירות ליד ביה""ח הממשלתי ביפו <b class=""highlightcolor"">בית החולים הממשלתי</b> ביפו, שבו נמצאיב שלושת היהודים שנפצעו ביום ...</div>"	abbreviated,spelled
928	hmf19460919-01.2.1	19 September 1946	hmf	דה פון ויזל ממשיך בשביתת־הרעב ־ בגדרה	"<div class=""txtsearchsnippet"">... כך מסר ד""ר פוןווייזל אתמול בשעה 9 בבוקר למנהל <b class=""highlightcolor"">ביה""ח הממשלתי</b> הדייר בישארה כאשר בא להודיעו על שחרורו. דייר ...</div>"	abbreviated
929	hmf19461003-01.2.57	3 October 1946	hmf	_מל־אביב	"<div class=""txtsearchsnippet"">... הראשל מהרי""ם סולידאנו בלוית הרב כ. פ. סכורש את <b class=""highlightcolor"">בית החולים הממשלתי</b> הירקון. שם קיבלו את פניהם מ""מ המנהל ...</div>"	spelled
930	hmf19461114-01.2.46	14 November 1946	hmf	ידד ע ו ל יה	"<div class=""txtsearchsnippet"">... רב וכוחות משטרה שהגיעו למקום הזעיקו את האמבולנס של <b class=""highlightcolor"">בית החולים הממשלתי</b> ובעזרת מספר שוטרים הועבר הערבי לביה""ח הממשלתי, ...</div>"	spelled
931	hmf19461124-01.2.16	24 November 1946	hmf	"נשדדה מכונית ביפו ע""י צעירים מזויינים"	"<div class=""txtsearchsnippet"">... הצעירים והצעירה למשרד הנ""ל ביפו והזמינו מכונית לאגרו־בנק. ע""י <b class=""highlightcolor"">ביה""ח הממשלתי</b> ביפו שלפו הצעירים אקדו־ חים. שנים מהם כפתו ...</div>"	abbreviated
932	hmf19461219-01.2.32	19 December 1946	hmf	&#8237;^^_sur_^₪m m mm \_mt/A1Mf A Ma \^B m m _m M*^_. _mSEMAk &#8236;	"<div class=""txtsearchsnippet"">... בעינים מתות ועצומות: עד שהגענו ל""מגרש הרוסים‭, ""‬שבמערבו עומד <b class=""highlightcolor"">בית החולים הממשלתי</b> ובמזרחו — בית הסוהר המרכזי. הטאנק והמכונית ...</div>"	spelled
933	hmf19461220-01.2.39	20 December 1946	hmf	"&#8237;_^S£3S:_&33_*₪M M ₪_JM ""_^a MM **ML ^^ _B: M : .0MMuU^^Kat &#8236;"	"<div class=""txtsearchsnippet"">... נפרד הרב לוין מאתנו והלך. היום בתא בית־הםוהר של <b class=""highlightcolor"">בית־החולים הממשלתי</b> חולף לאט יותר מאשר בכל מקום אחר. לאחר ...</div>"	maqaf
934	hmf19461225-01.2.55	25 December 1946	hmf	הצעיר ישראל לוין מבני־ברק נוצח - בת'יא	"<div class=""txtsearchsnippet"">... כך נקבעה זהותו. גווית הנרצה הועברה לחדר המתים של <b class=""highlightcolor"">בית החולים הממשלתי</b> בפרדס כ""ץ. קודם לכן נלקחה טביעת אצבעות. ...</div>"	spelled
935	hmf19470505-01.2.51	5 May 1947	hmf	מליאביב	"<div class=""txtsearchsnippet"">'־""•חשש שוא , צבי פינס, חבר הסמינריון שבקירבת <b class=""highlightcolor"">בית החולים הממשלתי</b> ""הירקון"" בת""א, הודיע אתמול ב־8 בבוקר למשטרה ...</div>"	spelled
936	hmf19470508-01.2.54	8 May 1947	hmf	אריאב אצל המושל	"<div class=""txtsearchsnippet"">... אריאב את תביעת המועצות המקומיות לפתוח מחלקת יולדות ליד <b class=""highlightcolor"">בית־החולים הממשלתי</b> ""הירקון"" בת""א. מחלקה זו עלולה לפתור במידת מה ...</div>"	maqaf
937	hmf19470511-01.2.80	11 May 1947	hmf	2 נפצעו קשה בתאונת־ דרכים ליד רעננה	"<div class=""txtsearchsnippet"">... — לכיה""ד הצכאי יצחק בוזגלו, בן ‭, 29‬עזב את <b class=""highlightcolor"">ביה""ח הממשלתי</b> בחיפה והובא בשבת לפני השופט דאוד יוסף כששתי ...</div>"	abbreviated
938	hmf19470511-01.2.85	11 May 1947	hmf	רקדניות - יהודיה וערביה - נוצחו ביפו	"<div class=""txtsearchsnippet"">... הגיעו מיד למקום ופתחו בחקירה. את. הפצועים העבירו ל־ <b class=""highlightcolor"">ביה""ח הממשלתי</b> ביפו ובדרך מתה הרק־ דנית הערביה מפצעיה. הפצועה ...</div>"	abbreviated
939	hmf19470512-01.2.64	12 May 1947	hmf	"תינוקת נעלמה מביג""ח הממשלתי בחיפה"	"<div class=""txtsearchsnippet"">... בת כמה שעות נעלמה באורח מסתורי מחדר הילדים של <b class=""highlightcolor"">ביה""ח הממשלתי</b> בחיפה. התינוקת נולדה לערביה נוצריה נעמי מוניה חאג' ...</div>"	abbreviated
940	hmf19470514-01.2.74	14 May 1947	hmf	_חלקי־גופה של חווני נמצאו בחיפה	"<div class=""txtsearchsnippet"">... המזרחי של _חיפח. חלקי הגוף הועברו להדר המתים של <b class=""highlightcolor"">ביה""ח הממשלתי</b> ושם קבעו כי החלקים האלה הורדו מגופה לפני ...</div>"	abbreviated
941	hmf19470516-01.2.52	16 May 1947	hmf	היוויד וו_&נבוד	"<div class=""txtsearchsnippet"">... מן המושבות הסמוכות לתל אביב תיפתח בעוד שבועיים ב־ <b class=""highlightcolor"">_בית־החולים הממשלתי</b> ""הירקון"" בת""א. מטרת המחלקה החדשה היא להקל על ...</div>"	maqaf
942	hmf19470518-01.2.54	18 May 1947	hmf	פושה מסתורית של חפיפת תינוקת ערביה	"<div class=""txtsearchsnippet"">התינוקת שנעלמה בשבת שעברה מחדר הילדים של <b class=""highlightcolor"">ביה""ח הממשלתי</b> בחיפה נמצאה אתמול בריאה והוחזרה להוריה. התינוקת, שנולדה ...</div>"	abbreviated
943	hmf19470526-01.2.65	26 May 1947	hmf	חומרות בלתי־וגילות בבתי הכלא בחג השבועות	"<div class=""txtsearchsnippet"">... ודר, שנפצעו בשעת ההתקפה על בית־הסוהר. הם הועברו מ־ <b class=""highlightcolor"">_בית־החולים הממשלתי</b> בחיפה לבית הסוהר בעכו, במקום שהם נמצאים ללא ...</div>"	maqaf
944	hmf19470527-01.2.63	27 May 1947	hmf	משפט 5 נאשמי ההתקפה על כלא עכו נדחה ליום ד	"<div class=""txtsearchsnippet"">... אחד הנאשמים, יעקב וים, שהובא ל־ ביד‭*'?‬ באמבולנס ורופא <b class=""highlightcolor"">ביה""ח הממשלתי</b> הד""ר קאהאן מסר כי אינו מסוגל לעמוד למשפט. ...</div>"	abbreviated
945	hmf19470601-01.2.73	1 June 1947	hmf	חילופי יריות בין מבריחים ושוטרים בנגב	"<div class=""txtsearchsnippet"">... הפצצה הראשונה התפוצצה בשעה ‭8. 21‬ במגרש ריק ליד <b class=""highlightcolor"">ביה''ח הממשלתי</b> והשניה ליד בית, אשר סבורים כי הוא בית ...</div>"	abbreviated
946	hmf19470606-01.2.24	6 June 1947	hmf	ה&#8237;14_=&#8236; שנפלו בימ• המאבק	"<div class=""txtsearchsnippet"">... ההלוויה בת רבבות המש־ תתפים הוסעו מחדר המתים של <b class=""highlightcolor"">ביה""ח הממשלתי</b> בחיפה גופותיהם של 11 הרוגים מההתקפה על סדנות ...</div>"	abbreviated
947	hmf19470611-01.2.74	11 June 1947	hmf	_ח!חיד _וחצבוד	"<div class=""txtsearchsnippet"">... ששירת בשעת המלחמה בצבא הבריטי , נתמנה כמגן מנהל <b class=""highlightcolor"">ביה""ח הממשלתי</b> בחיפה. — לרגל יום הולדת המלד ב־12 ביוני ...</div>"	abbreviated
948	hmf19470618-01.2.66	18 June 1947	hmf	נוהר עובי נהוג ו־&#8237;1«&#8236; בריטים נפצעו בתאונה	"<div class=""txtsearchsnippet"">דרך _ירושלים־יריחו. הפצועים הועבדו ל־ <b class=""highlightcolor"">ביה""ח הממשלתי</b> בירושלים.</div>"	abbreviated
949	hmf19470620-01.2.77	20 June 1947	hmf	פוטרו הרופאים היהודים &#8237;ח''בביה&#8236; הממשלתי	"<div class=""txtsearchsnippet"">... טיהור מחלקות הממשלה מעובדים יהודים קבלו השבוע שני רופאי <b class=""highlightcolor"">ביה""ח הממשלתי</b> בירושלים — הד""ר קא־ האן והד""ר אסטרייכר — ...</div>"	abbreviated
950	hmf19470716-01.2.49	16 July 1947	hmf	דין צעיר שהחזיק פצצת־כרוזים	"<div class=""txtsearchsnippet"">... מפקח משטרת הדר־הכרמל, י שגבה עדות מפי הנאשם ב־ <b class=""highlightcolor"">ביה""ח הממשלתי,</b> עדותי שלא נחתמה ע""י הנאשם מאחר שהוא לא ...</div>"	abbreviated
951	hmf19470716-01.2.68	16 July 1947	hmf	•_דץעזליה	"<div class=""txtsearchsnippet"">... מזויינים המתוארים כיהודים עצרו בליל שלשום 3 ערבים ליד <b class=""highlightcolor"">ביה""ח הממשלתי</b> לחולי־רוח בירושלים ושדדו מהם כחמשים לא""י. הערבים מסרו ...</div>"	abbreviated
952	hmf19470721-01.2.4	21 July 1947	hmf	", ייחם שמעפילייציאת אירופה' מוחזרים לצופה"""	"<div class=""txtsearchsnippet"">... בה נקבע מועד ההלויה — נתאסף קהל רב ליד <b class=""highlightcolor"">ביה""ח הממשלתי</b> בחיפה. שלוש הגופות הוצאו מחדר המתים כשהן עטופות. ...</div>"	abbreviated
953	hmf19470801-01.2.53	1 August 1947	hmf	ערבי נורה ליד רמת-יוחנן	"<div class=""txtsearchsnippet"">' בהודעה שנתפרסמה אתמול ע""י. <b class=""highlightcolor"">ביה""ח הממשלתי</b> בחיפה נמסר כי מחמוד מוחמד ?שחאדי בן 21 ...</div>"	abbreviated
954	hmf19470812-01.2.64	12 August 1947	hmf	הורע מצב הצעיו שנפצע בהתפוצצות בחיפה	"<div class=""txtsearchsnippet"">... על בית־ הסוהר — עדיין נמצאים באגף האסירים של <b class=""highlightcolor"">ביה""ח הממשלתי</b> בחיפה.</div>"	abbreviated
955	hmf19470928-01.2.74	28 September 1947	hmf	המעפילים לקפריסין	"<div class=""txtsearchsnippet"">... בכדור. היו היחידים שזכו להישאר ב־ ארץ בין כתלי <b class=""highlightcolor"">ביה""ח הממשלתי.</b> נשאר עוד גבר אחד שהמעפילים קראו לו בשם ...</div>"	abbreviated
956	hmf19471008-01.2.86	8 October 1947	hmf	הערבי החיפאי אינו נגוע בחולירע	"<div class=""txtsearchsnippet"">בבדיקה הסופית במעבדת <b class=""highlightcolor"">בית החולים הממשלתי</b> בחיפה נקבע כי הערבי הזקן שהו בא ...</div>"	spelled
957	hmf19471009-01.2.27	9 October 1947	hmf	"בקופת _ח1_לים לע1_בד־ם לא1מ""ם"	"<div class=""txtsearchsnippet"">... המחלקה הרפואית של המרב! השתתף בהתיעצות כללית של הנהלת <b class=""highlightcolor"">בית החולים הממשלתי</b> בענין הסדר האישפוז עבור המושבות. בהתיעצות וו ...</div>"	spelled
958	hmf19471020-01.2.67	20 October 1947	hmf	אסירים ערביים שוחררו בכוח מידי המשטרה	"<div class=""txtsearchsnippet"">... מחמוד עלי אסאווה, בן ‭, 66‬שהועבר במצב קל ל־ <b class=""highlightcolor"">ביה""ח הממשלתי</b> בחיפה.</div>"	abbreviated
959	hmf19471026-01.2.57	26 October 1947	hmf	15 עצורים הועברו מלטרון ג' ללטרון א	"<div class=""txtsearchsnippet"">... מלכה גרנ""ייץ ושולמית שי?יר עודן נמצאות במחלק־ לנשים של <b class=""highlightcolor"">ביה""ח הממשלתי.</b> מביקורי הרב אריה לוין הרב אריה לוין ביקר ...</div>"	abbreviated
960	hmf19471103-01.2.67	3 November 1947	hmf	"נהג יהודי נרצח ע""י ערבים בסביבת חיפה"	"<div class=""txtsearchsnippet"">... הגופה הועלתה על מכונית משטרה והועברה לחדר המתים של <b class=""highlightcolor"">ביה""ח הממשלתי.</b> הבדיקה הראשונה הוכיחה כי הוא מת מיריה ביום ...</div>"	abbreviated
961	hmf19471113-01.2.2	13 November 1947	hmf	שתי נעוות בגיל 16־15 ושני נערים בגיל 17 נורו למות בידי חיילים בברחם מבית בקרבת רעננה שהוקף צבא ומשטרה	"<div class=""txtsearchsnippet"">... בנין ביה""ח הממשלתי ביפו שמירה מעולה הוטלה על בנץ <b class=""highlightcolor"">בית החולים הממשלתי</b> ביפו כאשר הובאו לשם הגוויות והפצועים. שני ...</div>"	abbreviated,spelled
962	hmf19471116-01.2.52	16 November 1947	hmf	אסירי רעננה הועברו לבית־הםוהר בירושלים	"<div class=""txtsearchsnippet"">... ושיתק את _זרועור־נמצא תחת משמר כבד באגף האסירים של <b class=""highlightcolor"">ביה""ח הממשלתי</b> במגרש הרוסים.</div>"	abbreviated
963	hmf19471210-01.2.11	10 December 1947	hmf	לג־ונר ערב־ נתח באש המהומות בחינה	"<div class=""txtsearchsnippet"">... חמדצחים וכ־20 נפצעו. הרוגים ופצועים אלו לא הובאו ל־ <b class=""highlightcolor"">ביה""ח הממשלתי</b> מאחד שהערבים החליטו לקבור את קרבנותיחם בחשאי ואותו ...</div>"	abbreviated
964	hmf19471210-01.2.5	10 December 1947	hmf	זוהו 3 הרוגים יהודיים מיפו	"<div class=""txtsearchsnippet"">... בגיל עמידה, שנהרגו שלשום ביפו והובאו ל""הדםה"" תל־אביב מ־ <b class=""highlightcolor"">בית־החולים הממשלתי</b> ביפו, זוהו אתמול. ואלה שמותיהם: צכי ליכד, בן ...</div>"	maqaf
965	hmf19471212-01.2.83	12 December 1947	hmf	הותקפו כפרים עוביים ליד ירושלים	"<div class=""txtsearchsnippet"">... דוממה וליפתא. שני ערבים פצועים הובאו מן הכפד ל־ <b class=""highlightcolor"">ביה""ח הממשלתי</b> בירושלים אמש בשעה מאותרת. כפי שנמסר, נכנסה קבוצה ...</div>"	abbreviated
966	hmf19471226-01.2.95	26 December 1947	hmf	הלוית א.ל.פיליקנסקי	"<div class=""txtsearchsnippet"">... ערך אתמול ביקור של חג־ המולד במדור הבריטי של <b class=""highlightcolor"">ביה""ח הממשלתי</b> בירושלים וחילק מתנות לשוטרים החולים והפצועים שם. ערקו ...</div>"	abbreviated
967	hmf19471228-01.2.5	28 December 1947	hmf	גופת יהודי אלמוני בירושלים	"<div class=""txtsearchsnippet"">גופתו של אדם כבן 40 הובאה אתמול ל־ <b class=""highlightcolor"">ביה""ח הממשלתי</b> בירושלים. היא נמצאו;מחוץ לביה'יח לבעלי חיים שבברכת השולטאן. ...</div>"	abbreviated
968	hmf19480108-01.2.1	8 January 1948	hmf	Untitled	"<div class=""txtsearchsnippet"">... אחד הנמלטים שגופתו המנוקבת כדורים . נמצאה על הגדר. <b class=""highlightcolor"">_!ביה""ח הממשלתי</b> זוהה אמרי כן כנסים בן :חיים בן ‭. ...</div>"	abbreviated
969	hmf19480112-01.2.70	12 January 1948	hmf	פצצה ליד _אוטובוס יהודי משוריין בירושלם |	"<div class=""txtsearchsnippet"">... נמםר כי במקום נמצאו חוטי חשמל שנםתיימו במור חצר <b class=""highlightcolor"">בית החולים הממשלתי</b> למחלות עינימ. מאיזיד, נהג האד טובום _ממפר ...</div>"	spelled
970	hmf19480119-01.2.66	19 January 1948	hmf	7 ערבים: נהרגו בפעולת־עונשין	"<div class=""txtsearchsnippet"">... שסבורים כי היו _יהה־יס. הערבים * הפצועים הועברו. ל־ <b class=""highlightcolor"">ביה""ח . הממשלתי</b> ביפו.</div>"	abbreviated
971	hmf19480123-01.2.89	23 January 1948	hmf	ron הנוטרים ליד כפר 'ע1וד	"<div class=""txtsearchsnippet"">... הצליח להגיע ליעזור במקום שחיילים העבירו את הפצועים ל־ <b class=""highlightcolor"">ביה""ח הממשלתי</b> ביפו. 'בשעות הצהרים אירע מקרה נוסף באזור זה ...</div>"	abbreviated
972	hmf19480126-01.2.34	26 January 1948	hmf	_בית־החוליפ הממשלתי בחיפה הפך למוסד ערבי טהור	"<div class=""txtsearchsnippet"">... היהודי לט־ מוך על השוטרים הערבים הממונים על שמירת <b class=""highlightcolor"">בית החולים הממשלתי.</b> דרישות ואזהרות של באי־כוח הישוב לא נשאו ...</div>"	spelled
973	hmf19480128-01.2.64	28 January 1948	hmf	2 קציני־משטוה ערביים נפצעו בהתנקשות	"<div class=""txtsearchsnippet"">... ברגלו. מצב שניהם אינו קשה. הם הועברו לטיפול ל־ <b class=""highlightcolor"">ביה""ח הממשלתי.</b> נקמה פרטית? מחוגים שונים. סבורים כי ההתנקשות בשני ...</div>"	abbreviated
974	hmf19480205-01.2.23	5 February 1948	hmf	"נסים בן־ח""ם ה'""ד"	"<div class=""txtsearchsnippet"">... מעשה . הזוועה שנעשה אתו ע""י הרופאים והאחיות של <b class=""highlightcolor"">בית־החולים הממשלתי</b> בירושלים שרצ־ _חוהו נפש בדם קר על שולחן ...</div>"	indefinite,maqaf
975	hmf19480205-01.2.30	5 February 1948	hmf	ןןןןןן ירושלים !וו וווו	"<div class=""txtsearchsnippet"">... אם כי חמשה ימים עבריו מאז מתה מפצעיה ב־ <b class=""highlightcolor"">ביה""ח הממשלתי.</b> בגלל צלב שנמצא עליה נרשמה בשעתו כנוצריה, אולם ...</div>"	abbreviated
976	hmf19480205-01.2.52	5 February 1948	hmf	_Eas מבעיות &#8237;_mmsms&_.^^^&#8236; העזרה &#8237;mm_£_iSaMi_^&#8236; הראשונה &#8237;. ?,?_, -:.^&&#8236; בתקופת הצלפים _	"<div class=""txtsearchsnippet"">... נרצח בידי ערבים מזוינים דר. ה. •לארם, מנהל _: <b class=""highlightcolor"">ביה""ח הממשלתי</b> למחלות מידבקות בבית צפפה . שליד ירושלים. הוא ...</div>"	abbreviated
977	hmf19480206-01.2.106	6 February 1948	hmf	הממשלה מוסרת את שרותיה הרפואיים לעונים	"<div class=""txtsearchsnippet"">... הרפואה הממשלתיים בארץ, לרבות האמבולנסים וכל הציוד הרפואי. גם <b class=""highlightcolor"">ביה""ח הממשלתי</b> בבית י צפפה נמציא כיום למעשה תחת י ...</div>"	abbreviated
978	hmf19480210-01.2.21	10 February 1948	hmf	ד _מ ב ב _ל הל ז ב	"<div class=""txtsearchsnippet"">... שהנהלת בית החולים ""ה דסה"" בירושלים נענתה לבקשה הנהלת <b class=""highlightcolor"">בית החולים הממשלתי</b> בנידון תרומת דב. השאלה היא: האם * ...</div>"	spelled
979	hmf19480218-01.2.57	18 February 1948	hmf	ערבי טוען שהכריחוהו לנהוג ן :מכונית עם נשק שדוד	"<div class=""txtsearchsnippet"">... נהג בריטי ושוטר ערבי שנסעו במכינית משטרה ליד ' <b class=""highlightcolor"">ביה""ח הממשלתי</b> בצפת, חטפי את המכונית ונעלמו בה. יש לציין, ...</div>"	abbreviated
980	hmf19480227-01.2.90	27 February 1948	hmf	ערבים שודדים מכוניות של הממשלה	"<div class=""txtsearchsnippet"">... שאחד מהם "" היד. מזויין ב־ אקדח, כשחנתה ליד <b class=""highlightcolor"">ביה""ח הממשלתי</b> בצפת. נהג ערבי של מכונית של מח' העבודות ...</div>"	abbreviated
981	hmf19480318-01.2.71	18 March 1948	hmf	"עבדול האדר: רצוני לפוצץ את ביה_""ה»הדםה» והאוניברסיטה"	"<div class=""txtsearchsnippet"">... 11 בבוקר בשכונת קטמון ע""י כדור. הוא נלקח 'ל־ <b class=""highlightcolor"">ביה""ח הממשלתי.</b> מצבו אינו רציני. יריות אל משוריין'משטרה מכונית משוריינת ...</div>"	abbreviated
982	hmf19480322-01.2.53	22 March 1948	hmf	ביהי 'ח * הירקון* - דרשות ע יר ית ודא	"<div class=""txtsearchsnippet""><b class=""highlightcolor"">בית החולים הממשלתי</b> ""הירקון"" בצפון תל־אביב עובר החל מ־1 באפריל ...</div>"	spelled
983	hmf19480419-01.2.76	19 April 1948	hmf	המוסדות מהימים שרות ־־ בראות עבר מרכזי	"<div class=""txtsearchsnippet"">... את יתד _בתי־החולים בעיר. כן מתנהל מו""מ על העברת <b class=""highlightcolor"">ביה""ח הממשלתי</b> בצפת לידי הועה""ל. משרדי הבריאות המרכז הארצי לשרות ...</div>"	abbreviated
984	hmf19480425-01.2.70	25 April 1948	hmf	2 יהודים נהרגו ביום ר בירושלים	"<div class=""txtsearchsnippet"">... ירו מבשק קל ותותחים על ""צלפים יהודיים"" באזור שייך־ג'ירח. <b class=""highlightcolor"">בית החולים הממשלתי</b> בירושלים - לידי הצלב האדום ההל מהיום ...</div>"	spelled
985	hmf19480428-01.2.57	28 April 1948	hmf	"ביה""ח הממשלתי בחיפה לרשות העיריה"	"<div class=""txtsearchsnippet"">... קצינלםון על החלטת המוסדות להבטיח את קיומו הסדיר של <b class=""highlightcolor"">בית החולים הממשלתי</b> •לטובת האוכלוסיה בבלל והערבית בפרט, ההוא ביקש ...</div>"	abbreviated,spelled
986	hmf19480504-01.2.48	4 May 1948	hmf	הצבא תפס עמדות חדשות בחיפה	"<div class=""txtsearchsnippet"">... לב מיוחדת הוקדשה לבעיות מדואר. דיון על גורלו של <b class=""highlightcolor"">בית החולים הממשלתי</b> בחיפה ד""ר א. כצנלםון מטעם מחלקת הבריאות ...</div>"	spelled
987	hmf19480509-01.2.79	9 May 1948	hmf	"""חברה קדישא"" של ת""אהביאה לקבורה 2ערבים בסלמה,מאחר שביפו&#8237;',&#8236;אין מוסד המטפל.בקבורה/"	"<div class=""txtsearchsnippet"">... שיובל לטפל 'בקבורתם‭,. ‬כמו כן נמסר למשטרה כי גם <b class=""highlightcolor"">בית החולים הממשלתי</b> סגור.</div>"	spelled
988	hmf19480810-01.2.35	10 August 1948	hmf	_הובטחה הכשרות בבתי חולים _ובבתי־עולימ	"<div class=""txtsearchsnippet"">... הלאה לעזרה לרבנות הראשית בסידור עניני הכשרות ועניני הדת. <b class=""highlightcolor"">בית החולים הממשלתי</b> למחלות מידבקות בפרדם כץ הוכשר כדין, ועכשיו ...</div>"	spelled
989	hmf19480830-01.2.43	30 August 1948	hmf	UNKNOWN	"<div class=""txtsearchsnippet"">_, תקון טעות במועצת <b class=""highlightcolor"">בית החולים הממשלתי,</b> בית הטפר• לאחיות, במקום מועמדות שאינן בגיל ...</div>"	spelled
990	hmf19480922-01.2.58	22 September 1948	hmf	מ ונו 9 מפקחים אזוריים לבצוע הרישום	"<div class=""txtsearchsnippet"">... התושבים נמצא בג'בליה (יפו) רח' •ב' מס' ‭, 12-141‬ליד <b class=""highlightcolor"">בית החולים 'הממשלתי.</b> האוטובוס (של דרום־יהודה) לג'בליה יוצא מהתחנה המרכזית, ...</div>"	spelled
991	hmf19480927-01.2.30	27 September 1948	hmf	הכנות מזורזות לרישום התושבים	"<div class=""txtsearchsnippet"">... התושבים נמצא בג'בליה (יפו) דת' ב' מס' 141־12 ליד <b class=""highlightcolor"">בית החולים הממשלתי.</b> האוטובוס (של דרום יהודה) לג'בליה יוצא מהתהנה ...</div>"	spelled
992	hmf19481123-01.2.45	23 November 1948	hmf	הצ?ב האדוםמתבצל בפני הערבים&#8237;.,. &#8236;	"<div class=""txtsearchsnippet"">... אמש בראדיו רמאללה, על השתלשלות הענינים שהביאה לידי מסירת <b class=""highlightcolor"">בית החולים הממשלתי</b> בירושלים ליד היהודים. בית חולים זה נמסר ...</div>"	spelled
993	hmf19481201-01.2.77	1 December 1948	hmf	"ביה""ה הממשלתי בירושלים ־־ נמסר לישראל"	"<div class=""txtsearchsnippet""><b class=""highlightcolor"">בית החולים הממשלתי</b> בירושלים נמצא עתה בידי היהודים. בהסכם שנחתם ...</div>"	spelled
994	hmf19481220-01.2.57	20 December 1948	hmf	2 נפצעו קעד, בהתנגשות _קרונ*ת במכוגית	"<div class=""txtsearchsnippet"">... דרכים אירעה אתמול בצהרים ליד הצטלבות פסי הרכבת בקירבת <b class=""highlightcolor"">בית החולים הממשלתי</b> בחיפה. קרונית קטנה התנגשה במכונית צבאית וכתוצאה ...</div>"	spelled
995	hrt19481128-01.2.49	28 November 1948	hrt	"רבים החוזרים מתל""אביב לירושלים בעיר קיימת נטיק לחזור לשכונות שנעזבו"	"<div class=""txtsearchsnippet"">... את י-אןושרות לחוג *ת חגם לשובע־ — אמר המושל. <b class=""highlightcolor"">בית החולים הממשלתי</b> בחסות הצלב האדום ""ביחס לבית החולים הממשלתי ...</div>"	spelled
996	hrt19481220-01.2.94	20 December 1948	hrt	התנגשות בין קרונית ! ומכונית ו ו	"<div class=""txtsearchsnippet"">... דרכים אירעה ב־‭12. 30‬ אתמול, ליד מעבר! הרכבת שעי"" <b class=""highlightcolor"">ביה""ח הממשלתי.</b> , קרינ'־. ־:נינד התנגשה במכונית צכאיי;, ובדיצאר. מבן־ ...</div>"	abbreviated
997	hrte19480130-01.2.11	30 January 1948	hrte	מוחו שד סגן •פחח אחינו סג יפתח נפל	"<div class=""txtsearchsnippet"">... העיר העתיקה בירושלים. הוא הובא אל מערת הפריצים הנקראת <b class=""highlightcolor"">""בית חולים ממשלתי""</b> בירושלים ונמסר לטיפולם של אוכלי־ אדם הקוראים ...</div>"	indefinite
998	hzh19380128-01.2.13	28 January 1938	hzh	תאונה או ודו&#8237;?! &#8236;	"<div class=""txtsearchsnippet"">... לעזרה מרמלה הסמוכה ואחרי רגעים אחדים הגיע האמבולאנס: של <b class=""highlightcolor"">בית החולים . הממשלתי</b> אל מקום התאונה והעביר את שני: ...</div>"	spelled
999	hzh19380511-01.2.43	11 May 1938	hzh	ח1 ־ פ ה	"<div class=""txtsearchsnippet"">... הוחלט על ביטוח פועלי העיריה וסלילת כביש שיוביל אל <b class=""highlightcolor"">בית החולים הממשלתי</b> החדש בקרבת בת גלים‭_}. ‬זכביש הזה יעלה ...</div>"	spelled
1000	hzh19380614-01.2.44	14 June 1938	hzh	ירושלים	"<div class=""txtsearchsnippet"">... _הםרגינט נפתלי גריבוב, את הקונצרטים השנתיים שלה בגן של <b class=""highlightcolor"">בית־ החולים הממשלתי</b> בכל יום חמישי בשעות ‭5. 30—4‬ אהת ...</div>"	spelled
1001	hzh19380808-01.2.45	8 August 1938	hzh	צ 13 ת	"<div class=""txtsearchsnippet"">... בלי מחלקה כירורגית הנחוצה במקרה אסון בימים טרופים אלה. <b class=""highlightcolor"">בית החולים הממשלתי</b> הנמצא בקצה הרובע הערבי המופקר לשלטונם הגמור ...</div>"	spelled
1002	hzh19380819-01.2.5	19 August 1938	hzh	"_מוומר&#8237;^""&#8236;לדי &#8237;7t? _^t\\&#8236; י _ןיי _ל_911_יל _ףןףף_^ _^ף"	"<div class=""txtsearchsnippet"">ושוטר ערבי שהעבירו את ההרוג אל <b class=""highlightcolor"">בית החולים הממשלתי.</b> עם רציחת השוטר נחטפו גם הנהג והמבקר. ...</div>"	spelled
1003	hzh19381012-01.2.30	12 October 1938	hzh	_^נשימדנ_^_לטינוימניהנמווכיח	"<div class=""txtsearchsnippet"">... אוגוסט לאקוויר, המנהל כיום. את המכון הפי־ זי־טיראפי של <b class=""highlightcolor"">בית החולים הממשלתי</b> באנקארד‭—. ‬ לתלמידו הד""ר באלאשה, הרופא המנהל. ...</div>"	spelled
1004	hzh19381025-01.2.10	25 October 1938	hzh	נתלו שלושה ערביים	"<div class=""txtsearchsnippet"">... משפחותיהם ?ומכריהם של. הנתלים. הגוויות הועברו לכפרם במכונית של <b class=""highlightcolor"">_בית־החולים הממשלתי‭:.</b> ‬</div>"	maqaf
1005	hzh19381030-01.2.17	30 October 1938	hzh	""" בבית _הדץ הצבאי בירושלים"	"<div class=""txtsearchsnippet"">... סל‭*;‬וז. _שריפח בבין!_וחזולמז ; בבית־צפפהי אמש פרצה שריפה ;בבנין <b class=""highlightcolor"">בית־ החולים הממשלתי</b> , שטרם נגמר, בבית בבית צפפה ליד ...</div>"	spelled
1006	hzh19381113-01.2.50	13 November 1938	hzh	בית החולים הממשל_^תי החדש	"<div class=""txtsearchsnippet""><b class=""highlightcolor"">בית החולים הממשל_^תי</b> החדש</div>"	spelled
1007	hzh19381219-01.2.10	19 December 1938	hzh	&#8237;?' ' ?&#8236; תציב בחיפה יפתח אתבית ? החולים &#8237;. ? ? . '? ?&#8236; •? 'בבת־גלים	"<div class=""txtsearchsnippet"">... ה. ־ מ. מק־מיכאל שישתתף בטכס •הפתיחה הרשמית של <b class=""highlightcolor"">בית?החולים הממשלתי</b> . בבת גלים, אשריתק . יים באותו ־ ...</div>"	maqaf
1008	hzh19381227-01.2.17	27 December 1938	hzh	מדוע לא תורגמו הנאומים בחיפה לעברית &#8237;.? &#8236;	"<div class=""txtsearchsnippet"">... הנציב העליון, מנהל שירותי הרפואה וראש עירית היפה בפתיחת <b class=""highlightcolor"">בית החולים הממשלתי</b> . בחיפה, שכידוע לא תורגמו לעברית. ו</div>"	spelled
1009	hzh19381228-01.2.14	28 December 1938	hzh	השתוללות המרצחים נירושלים י	"<div class=""txtsearchsnippet"">... ביום ב' חנווני ערבי בשם קום־ _טדרםלימה בליל ברחוב <b class=""highlightcolor"">בית החולים הממשלתי</b> ביפו, הכריחו ' אותו לתזור יי •להנותו ...</div>"	spelled
1010	hzh19390102-01.2.51	2 January 1939	hzh	Untitled	"<div class=""txtsearchsnippet"">... בשער‭2. 30, ‬ הוצא הארון מחדר המתים . של <b class=""highlightcolor"">בית החולים . הממשלתי</b> והונח במכונית משא פתוחה ""של המשטרה. ...</div>"	spelled
1011	hzh19390124-01.2.58	24 January 1939	hzh	"־במועצת עירית ת""א. &#8237;.. &#8236;"	"<div class=""txtsearchsnippet"">... ! תוצא לעבודות ציבוריות. גם המצב בנוגע;להשתתפות הממשלה בתקציב <b class=""highlightcolor"">בית־ ! החולים הממשלתי</b> ־ איננו מעודד ביותר. הוועד המנהל ...</div>"	spelled
1012	hzh19390219-01.2.24	19 February 1939	hzh	Untitled	"<div class=""txtsearchsnippet"">... נמסרה ־ לקבלן‭.. ‬נמשכת. רק העבודה: בבנין ־‭:. ‬ <b class=""highlightcolor"">בית החולים הממשלתי</b> _בשכתתי_, מקור חיים־. וחלק הפועל העברי הובטח-בה. ...</div>"	spelled
1013	hzh19390313-01.2.2	13 March 1939	hzh	&#8237;,,..,, ^™.^™_.^^^^^ &#8236;	"<div class=""txtsearchsnippet"">... הנמל על יד השער מס - פר 12 בקרבת <b class=""highlightcolor"">בית החולים הממשלתי.</b> נורו אליו כשמונה יריות _שפגעו בו והר־ ...</div>"	spelled
1014	hzh19390323-01.2.10	23 March 1939	hzh	&#8237;464 .565&#8236; ם י&#8237;—*&#8236;תקציב יה הכנסות של תל־אביב	"<div class=""txtsearchsnippet"">... תובעת השתתפות מספיקה בתקציב בית החולים ־ וגם הקמת <b class=""highlightcolor"">בית חולים ממשלתי</b> בעיר. ה' שושני הציע לפנות בפטיציה לממשלה ...</div>"	indefinite
1015	hzh19390620-01.2.12	20 June 1939	hzh	Untitled	"<div class=""txtsearchsnippet"">... גרמו לבהלה רבה. מכוניות משא הועברו בערימות הגופות אל <b class=""highlightcolor"">בית החולים הממשלתי.</b> אהרי העברת הקדמות הותקף בבית החולים הרוכל ...</div>"	spelled
1016	hzh19390901-01.2.37	1 September 1939	hzh	Untitled	"<div class=""txtsearchsnippet"">... במקרה י התקפות אוויר על י חיפה במקומות דלקמן: <b class=""highlightcolor"">בית החולים הממשלתי</b> החדש'משרד הבריאות- הישן, מרכז ‭""?‬מגן דוד‭, ""‬ ...</div>"	spelled
1017	hzh19391123-01.2.46	23 November 1939	hzh	Untitled	"<div class=""txtsearchsnippet"">... זו בדברים המים מאת מנהל מחלקת 'הבריאות 'בחיפה ומנהל <b class=""highlightcolor"">בית החולים הממשלתי</b> התר מק־טווין העוזב את חיפה לרגל העברתו ...</div>"	spelled
1018	hzh19400124-01.2.28	24 January 1940	hzh	"מפעולות העזרה שללינת מדק"" בחיפה """	"<div class=""txtsearchsnippet"">... לא""י. אחריה מילא ' הד""ר איצקוביץ והד""ר גתנזון. אין <b class=""highlightcolor"">בית החולים הממשלתי</b> נותן בכלל עזרה רפואית־אמבולאנטורית אלא במקרי־תאונות, כמו ...</div>"	spelled
1019	hzh19400625-01.2.51	25 June 1940	hzh	פ י רור י _פ ' למורה ראשונה בירושלים	"<div class=""txtsearchsnippet"">... ""‬ ומרפאת ""הדסה‭:""‬ הישנה‭;. "" ;. ‬ . גם <b class=""highlightcolor"">;בית ? החולים הממשלתי,</b> הרוסי, _*הדסה‭.. ""‬ . החדש‭, (‬ ...</div>"	spelled
1020	hzh19410223-01.2.13	23 February 1941	hzh	מחיסת נל זכר לתרבות.יהודית כליפה	"<div class=""txtsearchsnippet"">... לבריאות בממשלת ליטה הזמניית התפטר ממשרתו ו_^מנה לראש י <b class=""highlightcolor"">בית החולים הממשלתי</b> לשחפת בקובנה.</div>"	spelled
1021	hzh19410608-01.2.28	8 June 1941	hzh	"לפתיחת עונת הרחצה בברת""־גלים"	"<div class=""txtsearchsnippet"">... שני שטחים נרחבים על שפת הים, האחד על יד <b class=""highlightcolor"">בית החולים הממשלתי</b> והשני בין תחנת הכוה של הברת החשמל ...</div>"	spelled
1022	hzh19420108-01.2.19	8 January 1942	hzh	"י &#8237;eass_. *» \&#8236;• &#8237;"". s ea&#8236;־ &#8237;y*&#8236; _»־ &#8237;IS J/ill 8 ""9 _gass _tn!sag! &#8236;"	"<div class=""txtsearchsnippet"">י נפצע במדיה בבית מול <b class=""highlightcolor"">בית החולים הממשלתי</b> . ביה' * שלים פרצה מריבהבין ־ ...</div>"	spelled
1023	hzh19420112-01.2.50	12 January 1942	hzh	.נדבות לביה''ח הממשלתי ביפו	"<div class=""txtsearchsnippet"">... ביפו, תרם אלף לא‭''‬י לשם בגין אגף יולדות ליד <b class=""highlightcolor"">בית החולים הממשלתי</b> ביפו. מוצטאפא אבו זייד תרם למטרד, זו ...</div>"	spelled
1024	hzh19420216-01.2.34	16 February 1942	hzh	י י %_י &#8237;.;&#8236;ת ?פ.ה	"<div class=""txtsearchsnippet"">... . 'בת? ‭9. ‬ י זחצי , :שהועברה אל. <b class=""highlightcolor"">בית־ החולים _הממשלתי</b> :ומתה. י ;י נשבחה לו תיל . ...</div>"	spelled
1025	hzh19420317-01.2.24	17 March 1942	hzh	"&#8237;*""_""_^_TOhi_^_Sw_^_P^^ &#8237;_*_""&#8236; ־ &#8237;! ?&#8236; &#8237;:' v&#8236;לי: &#8237;,1.:? .t ]_#BvJ i I. : >_e _^1:1 - w am? >&#8236;ו &#8237;.' ? -?:? 1&#8236;ו &#8237;;i., 9 fay _^ em 1 1 w: WI 1&#8236; ־ _. ?"	"<div class=""txtsearchsnippet"">... זד, עשר י שנים עושקת בתכנית של י הקמת <b class=""highlightcolor"">בית 'חולים ממשלתי‭',</b> ‬והענין אינו חישוב: ' בתכנית המרי ־ ...</div>"	indefinite
1026	hzh19420805-01.2.10	5 August 1942	hzh	זריקות נגד טיפוס בירושלים	"<div class=""txtsearchsnippet"">... —;'‬ בבוקר עד ‭, 1‬ו־‭6—3‬ אתריהצהרים!מחלקת הנשים : של <b class=""highlightcolor"">בית החולים הממשלתי,</b> בימים ב' !ות' ‭6—3‬ ־ אתרי הצהרים, ...</div>"	spelled
1027	hzh19420925-01.2.51	25 September 1942	hzh	מהוו יכוח במועצת ע י ר י ת תל־־אלב	"<div class=""txtsearchsnippet"">... מוכן לבדוק את הענין. בקשר להרחבת בית החולים העירוני, <b class=""highlightcolor"">בית‭,, ‬החולים הממשלתי</b> למחלות מידבקות והסיכוי• לפתרון קרוב של בית ...</div>"	spelled
1028	hzh19430330-01.2.45	30 March 1943	hzh	וקם ב יתי חול ם ממ ש ל ת יח ? ול י רוח יהו ד ים	"<div class=""txtsearchsnippet"">... כסעיף"" ‭&amp;?‬שנה בתקציב. הסוציאלי. לפי דעתו, גם אחרי הקמת <b class=""highlightcolor"">בית החולים ?הממשלתי</b> החדש יהיה צורך לפחות ב ־ 50 ...</div>"	spelled
1029	hzh19430624-01.2.38	24 June 1943	hzh	חה ירת רוצח י ט ו ל יפמא ן	"<div class=""txtsearchsnippet"">... פאטה הקריא את עדותם של _הנאשמים בחקירה הראשוונה. רופא <b class=""highlightcolor"">בית החו_!לים הממשלתי</b> ביפו ד""ר •בי־ שארה מוסר את _עדחתו ...</div>"	spelled
1030	hzh19430713-01.2.56	13 July 1943	hzh	עובמקוידברנתלאביב	"<div class=""txtsearchsnippet"">, אל <b class=""highlightcolor"">בית החולים . הממשלתי</b> למחלות 'מדבקות הועבר :במוצאי שבת אדם. ...</div>"	spelled
1031	hzh19430921-01.2.23	21 September 1943	hzh	היש להגדיל m מסי העירייה ?	"<div class=""txtsearchsnippet"">... וגם לעי ריית• מדוע אין תל אביב זכאית לקיבל <b class=""highlightcolor"">בית חולים ממשלתי</b> לפחיות כמו חייפר‭', ‬• ןעליונ לר י ...</div>"	indefinite
1032	hzh19431107-01.2.25	7 November 1943	hzh	ב 11 ו ר ה	"<div class=""txtsearchsnippet"">... מ למושבות להלן מסר היושב ראש פרטים על פתיחת <b class=""highlightcolor"">בית־־החולים הממשלתי</b> שיוקם בתל־אביב בשביל המושבות העבריות. בזה כלולה גם ...</div>"	maqaf
1033	hzh19440223-01.2.46.2	23 February 1944	hzh	Page 4 Advertisements Column 2	"<div class=""txtsearchsnippet"">... דייק — רחוב מיבטיפיודי ‭. 48‬ • _־&gt;ע""י, . <b class=""highlightcolor"">ביה""ח, הממשלתי‭..</b> (‬• י• י ‭:, ‬ אירי לדרמו — ...</div>"	abbreviated
1034	hzh19440427-01.2.55	27 April 1944	hzh	"_3ראזר&#8237;_8_"" &#8236;"	"<div class=""txtsearchsnippet"">... בניצוחו• של יוג'ין גוםנסז 8 תכנית ""כבקשתל"" מיוחדת לאחיות <b class=""highlightcolor"">בית 'החולים הממשלתי</b> 'בהיפהז ‭8. 25‬ שיחל. על 'מאורעות היום‭8. ...</div>"	spelled
1035	hzh19440507-01.2.34	7 May 1944	hzh	נגע ההווחרות גפ &#8237;!_uro&#8236;ל&#8237;. ._*&#8236; ן ! ולי הח	"<div class=""txtsearchsnippet"">... חולד, בבית הולים _ו־9 לא""י כל ""חוםה"" םכתי המחסה. <b class=""highlightcolor"">בית החולים הממשלתי</b> בבית לחם הוא תמיד גדוש ער אפס ...</div>"	spelled
1036	hzh19440804-01.2.54	4 August 1944	hzh	י בעיית _האכסון לחולי הרוח בארץ	"<div class=""txtsearchsnippet"">... אין לקוות מסיכה וו - או אחרת, להרחבתם. הנה <b class=""highlightcolor"">ביה""ח הממשלתי</b> בבית _לח_^ המכיל כ־150 מטות ובכלל זה בערך ...</div>"	abbreviated
1037	hzh19440821-01.2.48	21 August 1944	hzh	מהברית העברית לעולמית	"<div class=""txtsearchsnippet"">... •מעלה שלוש, יעקב שיפי־ רא, ד""ר שיטרוק, שנתמנה למנהל <b class=""highlightcolor"">בית החולים הממשלתי</b> באדים־אבבה ואחרים. מתבקש בבאנק אפ""ק בת""א נתקבלה ...</div>"	spelled
1038	hzh19440829-01.2.43	29 August 1944	hzh	קור רוחו של נהג הציל רבים מאסון הועבר דאוב	"<div class=""txtsearchsnippet"">... מקיבוץ אילון הובא במצב רציני לבית החולים רוטשילד. אל <b class=""highlightcolor"">בית החולים הממשלתי</b></div>"	spelled
1039	hzh19441016-01.2.55	16 October 1944	hzh	"&#8237;a "" n&#8236; ה"	"<div class=""txtsearchsnippet"">... יי בין שלושת חולי הדבר שהובאו בימים אלה למבדדת <b class=""highlightcolor"">?ביה""ח הממשלתי</b> 2 ילדים ערבים 'מארר־אל־יהוד. השלישי — שומר יהודי ...</div>"	abbreviated
1040	hzh19441026-01.2.26	26 October 1944	hzh	מההווה בעיר העתיד	"<div class=""txtsearchsnippet"">... שלא יובאו בו חולה או חולים חדשים למיבדדה של <b class=""highlightcolor"">בית החולים הממשלתי.</b> עשרות קרבנות נפלו בחי־ פה מבין כל ...</div>"	spelled
1041	hzh19450227-01.2.29	27 February 1945	hzh	"הוויכוח על התקציב בעירית ת""א"	"<div class=""txtsearchsnippet"">... בולטות של קיפוח תל אביב מצד הממשלה!•אין בתל אביב <b class=""highlightcolor"">בית חולים ממשלתי</b> , אין משטרה בתל אביב!העי־ דיה, עשתה ...</div>"	indefinite
1042	hzh19450330-01.2.47	30 March 1945	hzh	תעלומת .השלד שנמצא ,_ברהויב רש&#8237;'/&#8236;י	"<div class=""txtsearchsnippet"">... ‬ומשערים, שהשלד !הוא, ‭!. ‬של0 !מהרבנות ?הראשית מודיעים לנו: <b class=""highlightcolor"">בית החולים הממשלתי,</b> הירקון הוכשר כדין . לפסח. משחת שגימ ...</div>"	spelled
1043	hzh19450417-01.2.42	17 April 1945	hzh	תל-אביב	"<div class=""txtsearchsnippet"">... החדש לפיקוח , על מבוגרים — לעמוד תחת _סיקוח <b class=""highlightcolor"">בית החולים הממשלתי</b> לחולי רות במשך שנתיים ועליו להופיע לבדיקה ...</div>"	spelled
1044	hzh19451111-01.2.52	11 November 1945	hzh	חי 2 ה	"<div class=""txtsearchsnippet"">... באחד מעובדי בית חרושת ""קרמן‭. ""‬ הועבר ל י <b class=""highlightcolor"">בית החולים הממשלתי.</b> לחיילים ותיילות הערב בי8 במועדון החייל רח' ...</div>"	spelled
1045	hzh19460122-01.2.8	22 January 1946	hzh	־ בפרועת mi ונוס nm הומסו &#8237;8151&#8236; _יהוו י ירושלים ב » צו&#8237;!raw_&&#8236;בקור	"<div class=""txtsearchsnippet"">... מככר-אלנבי לאורך מזרחם של הגנים העירוניים ודרך השער של <b class=""highlightcolor"">בית החולים הממשלתי.</b></div>"	spelled
1046	hzh19460515-01.2.33	15 May 1946	hzh	תל-אגינ	"<div class=""txtsearchsnippet"">... לקכל את הזריקות. לפי שמוסר הדיר מלחי ' מנהל <b class=""highlightcolor"">ביה""ח הממשלתי</b> לי - _ית־ לות מדקות' הופיע הטיפוס השנה ...</div>"	abbreviated
1047	hzh19460701-01.2.35	1 July 1946	hzh	משוד _הגיוינפ נפרס מתחסל	"<div class=""txtsearchsnippet"">... והולך וטוב. הפצועים מקבלים את הטיפול הרפואי הרגיל של <b class=""highlightcolor"">בית החולים הממשלתי.</b></div>"	spelled
1048	hzh19460705-01.2.4	5 July 1946	hzh	י ן חולי ונו ומעפילי בירה יועלו על החוף היש	"<div class=""txtsearchsnippet"">... הודיעו שלושה מעולי ""בי־ ־ייה"" למשלחת הרפואית שביקרה אצלם <b class=""highlightcolor"">:בית החולים הממשלתי</b> בחיפה. בדיקה יסודית הוכיחה כי אין זד, ...</div>"	spelled
1049	hzh19460811-01.2.37	11 August 1946	hzh	בית החולים _הפפשלתי מות_08 לצרכי שנת החיוופ	"<div class=""txtsearchsnippet"">... בית הספר לאהיות יופנה' בית החולים לאחיות , של <b class=""highlightcolor"">בית החולים הממשלתי:</b> יפונה בקרוב • ומעבד J לבנין הבולשת ...</div>"	spelled
1050	hzh19460812-01.2.40	12 August 1946	hzh	י &#8237;§! j iu \\wVi\\&#8236; וו &#8237;!y j &#8236;	"<div class=""txtsearchsnippet"">... רשמית אומרת, כי אתמול נ‭9. 25-‬ בבוקר הופיעה ליד <b class=""highlightcolor"">בית החולים הממשלתי</b> ביפו מכונית, שנראית כאמבו־ לאנס ממחלקת י ...</div>"	spelled
1051	hzh19460815-01.2.13	15 August 1946	hzh	"נמשכות הפעולות לביצור ""מצוות"" ירושלים"	"<div class=""txtsearchsnippet"">... משרדי השל־ טון, כמו בתי הדין הנמצאים-בתוך דחבת הרוסים, <b class=""highlightcolor"">בית החולים הממשלתי</b> ועוד. בדעת השלטונות להעביד את• המשרדים ואת ...</div>"	spelled
1052	hzh19460815-01.2.53	15 August 1946	hzh	&#8237;'?&#8236; .ירושלים ?	"<div class=""txtsearchsnippet"">... והועבר !בראשית השבוע מטעמי בטחון(ל־ אחר נסיון ההתקפה על <b class=""highlightcolor"">בית •החולים הממשלתי</b> ביפו על ידי אצ‭''‬ל) לבית החולים הממשלתי ...</div>"	spelled
1053	hzh19460823-01.2.67	23 August 1946	hzh	אמקמ שוא בב_8נק נאמליע. בחיפה	"<div class=""txtsearchsnippet"">... של •בעל בית מרקחת ידוע בחיפה, הובאה. אתמול אל <b class=""highlightcolor"">בית ?החולים . הממשלתי</b> לאחר שיריה מרוגהו פגעה 'בו 'בתחנת ...</div>"	spelled
1054	hzh19460904-01.2.46	4 September 1946	hzh	_ירושתם	"<div class=""txtsearchsnippet"">... שהשתתפו בהוצאת הגוויות מתחת להריסות וכן גם ?הרופא •של <b class=""highlightcolor"">בית החולים _הממשלתי</b> בירושלימ. ?• • מאת קרן 'היסוד עם ...</div>"	spelled
1055	hzh19460919-01.2.15	19 September 1946	hzh	Untitled	"<div class=""txtsearchsnippet"">... מה לפני השעה 1 בצהרים נכנס• הרופא הראשי של <b class=""highlightcolor"">בית החולים 'הממשלתי</b> בירושלים והודיע לד""ר פון ווייזל על ההחלטה ...</div>"	spelled
1056	hzh19461003-01.2.43	3 October 1946	hzh	_. תלאביב .	"<div class=""txtsearchsnippet"">... הראשי מהרי""ם טולידאנו בלוויית הרב כ. פ. טכורש את <b class=""highlightcolor"">בית החולים הממשלתי</b> היד־ -קון. שם. קיבלו את פניהם מ""מ ...</div>"	spelled
1057	hzh19461115-01.2.82	15 November 1946	hzh	נתגלו 3 מוקשים בקו רכבת	"<div class=""txtsearchsnippet"">... בבוקר בשעת פיצוץ הרכבת בקרבת שכ' התקווה מת ?מפצעיו <b class=""highlightcolor"">בית החולים הממשלתי</b> ביפו, הוא היה מוחמד איברהים נורי מלוד.</div>"	spelled
1058	hzh19461121-01.2.58	21 November 1946	hzh	?ירושלים	"<div class=""txtsearchsnippet"">... טומיגאן שוטר בריטי ישב במגרש הרוסים בירושלים, מול דלת <b class=""highlightcolor"">בית החולים הממשלתי</b> ""וטיפל"" ב-טומ־ גאן שלי• • . ופלטה ...</div>"	spelled
1059	hzh19461126-01.2.52	26 November 1946	hzh	ידועטפ אזעקת שוו בירושלים	"<div class=""txtsearchsnippet"">... מצודת ירושלים לעברמכונית י שעברה ליד המדור הבריטי של <b class=""highlightcolor"">בית־החולים הממשלתי.</b> עם האזעקה נפסקה התנועה בעיר, והשמירה על המצודה ...</div>"	maqaf
1060	hzh19461127-01.2.1	27 November 1946	hzh	Untitled	"<div class=""txtsearchsnippet"">... וויגור‭.. 5. ""‬הולים הועברו לבית החולים ביעטלית וחמשה 'אל <b class=""highlightcolor"">בית החולים הממשלתי.</b> לדגרי :_אזןד ‭?*‬נןעפיל""ם שאתו הצלחתי י לקשור ...</div>"	spelled
1061	hzh19470117-01.2.85	17 January 1947	hzh	"•נהתם חוזה לבנין 200 דירות לחיילים משוחררים;ע""י"	"<div class=""txtsearchsnippet"">... מגן־ דוד אדום 'לבית החולים רוטשילד בחיפה. עזבו את <b class=""highlightcolor"">בית ?החולים הממשלתי</b> עור 2 ערבים מפצועי ההתקפה' על מרכז ...</div>"	spelled
1062	hzh19470119-01.2.41	19 January 1947	hzh	"נאשמים בהחזקת חותמות : &#8237;':''&#8236; שלאצ""ק י' י"	"<div class=""txtsearchsnippet"">... הניידת ‭, :‬ערביות. הבניין _יסופח למחלקה הבריטית י של <b class=""highlightcolor"">בית החולים הממשלתי</b> ?הסמוך למגרש הרוסים‭.. ‬• אגף זה שיחובר ...</div>"	spelled
1063	hzh19470119-01.2.42	19 January 1947	hzh	־:חיפה	"<div class=""txtsearchsnippet"">... התקפת v המשטרה , נהיפה, ‭?:‬ . יעזבו ?את• <b class=""highlightcolor"">בית, החולים הממשלתי‭'-.,</b> ;‬ י י‭; , "";,.. ‬ • ...</div>"	spelled
1064	hzh19470210-01.2.30	10 February 1947	hzh	י א יזור י ;_מבטחוז&#8237;*_3?_.&#8236;_ךוש? ימ	"<div class=""txtsearchsnippet"">... . מול נוטר דאב! ברחוב _ג סוילימן, ב) מול <b class=""highlightcolor"">בית החולים הממשלתי,</b> רחוב יפו. ג) מול מפקדת המשטרה, רחוב ...</div>"	spelled
1065	hzh19470212-01.2.15	12 February 1947	hzh	"לוויין המעפיל האלמוני הי""ד"	"<div class=""txtsearchsnippet"">... והוא *גינו מכירו אלא . על פי תצלום. רופא <b class=""highlightcolor"">בית החולים _הממשלתי</b> אומר""־שברגעיו האחרונים הע־ לד' אתי שם אשתו ...</div>"	spelled
1066	hzh19470305-01.2.23	5 March 1947	hzh	UNKNOWN	"<div class=""txtsearchsnippet"">... ‭. ;(16‬ מנהל?־מחלקת?•הבריאות- הממשלתית• בתל־אביב ד""ר' חך (מס' ‭;(18‬י <b class=""highlightcolor"">בית ? החולים ' הממשלתי</b> בפרדס כץ (מס‭"" ::. (!9_^‬ ...</div>"	spelled
1067	hzh19470501-01.2.61	1 May 1947	hzh	השתוללות החיילים בירושלים _ננשבת	"<div class=""txtsearchsnippet"">... המכיל את מפקדת המשטרה, בית הטוהר הפרכזי, הדואר הראשי‭', <b class=""highlightcolor"">‬בית החולים הממשלתי‭(,</b> ‬יעוד. כפי שמשערים הוקמו גציבי המלט‭), ‬המכונים ...</div>"	spelled
1068	hzh19470514-01.2.55	14 May 1947	hzh	חיפוש ממה _מ ול ן	"<div class=""txtsearchsnippet"">... המקרה. שוטר הופקד על המקום. הגופה הובאה ל י <b class=""highlightcolor"">בית החולים הממשלתי.</b> מורה הותקף על ידי אלמונים ב־12 למאי ...</div>"	spelled
1069	hzh19470516-01.2.3	16 May 1947	hzh	שניו הציוות הרוסית נניוות נ§גש as נציגי הסוכנות	"<div class=""txtsearchsnippet"">... את מגרש הרוסים בלב ירושלים, שבו מאוכסנים מפקדת המשטרה, <b class=""highlightcolor"">בית החולים הממשלתי</b> , בית הסוהר המרכזי, משרדי ההגי-</div>"	spelled
1070	hzh19470610-01.2.64	10 June 1947	hzh	.וזיינו?	"<div class=""txtsearchsnippet"">... של הלגיון הערבי בבת . גלים, בקרבת הסיבוב אל <b class=""highlightcolor"">ביה""ח הממשלתי.</b> הבניינים פונו מיד. משמרות חיילים מהדיוויזיה השישית המוטסת ...</div>"	abbreviated
1071	hzh19470720-01.2.2	20 July 1947	hzh	&#8237;... _, _, ,,,,, .&#8236; יי־- - &#8237;? ?&#8236; י יי	"<div class=""txtsearchsnippet"">... פצועים וחולים בהם גם נטולי הכר‭, :!‬ הועברו אל <b class=""highlightcolor"">בית החולים הממשלתי</b> 17• גברים, 10 נשים וילד אחד. יחד ...</div>"	spelled
1072	hzh19470724-01.2.66	24 July 1947	hzh	יריות ברחובות י ו ושל י _0	"<div class=""txtsearchsnippet"">... של אברהם !בן־ייוסף לבקר אותו במחלקת תא־ סירים של <b class=""highlightcolor"">בית החולים הממשלתי.</b> המש־ טרה הודיעה עליו שלשום בלילה שהוא ...</div>"	spelled
1073	hzh19470921-01.2.66	21 September 1947	hzh	תל אכ*כ	"<div class=""txtsearchsnippet"">... אונטרמאן והר""מ טולידאנו •בלווית הרב כ. פ. טכורש את <b class=""highlightcolor"">בית . החולים הממשלתי</b> ""הירקון‭. ""‬קבלו אותם המנהל דיר פטש ...</div>"	spelled
1074	hzh19471002-01.2.26	2 October 1947	hzh	Untitled	"<div class=""txtsearchsnippet"">... 'בבית החולים ""אסותא"" מפקח מיוחד. אנו מטפלים עכשיו בהכשרת <b class=""highlightcolor"">•בית החולים הממשלתי</b> בפרדס כץ‭. . ‬</div>"	spelled
1075	hzh19471029-01.2.113	29 October 1947	hzh	י י דוש ריס	"<div class=""txtsearchsnippet"">... בתחומי איזור _הבטחון, שישמשו אגף נוסף למהלקד‭, ?‬הבריטית של <b class=""highlightcolor"">בית . החולים הממשלתי</b> הסמוך. כזכור, הועברו משרדי חברת ""של"" ...</div>"	spelled
1076	hzh19471103-01.2.11	3 November 1947	hzh	סוב יריות ע0 שודדים ערבים נהוו הכימל	"<div class=""txtsearchsnippet"">... מכדורים ככברה בכל גופו הועבר תתת משמר חזק אל <b class=""highlightcolor"">בית החולים הממשלתי</b> המ־לכ של גסיסה. בקרבת מקום נעצרה מכונית ...</div>"	spelled
1077	hzh19471116-01.2.53	16 November 1947	hzh	שני שוטרים בריטים נרצחו _בירושלים	"<div class=""txtsearchsnippet"">... בשכבו מתבוסס בדמו. השוטר השלישי הובא למחלקה הבריטית של <b class=""highlightcolor"">בית החולים הממשלתי</b> . מצבו אנוש. סבורים שהיריות נורו מפתה ...</div>"	spelled
1078	hzh19471126-01.2.60	26 November 1947	hzh	חיוה	"<div class=""txtsearchsnippet"">... שוסרימ בקפה האז ב־12 לת. ו, הבריא ועוב את <b class=""highlightcolor"">בית החולים הממשלתי.</b> כעבור כמה שעות לפנות בוקר הוזעקו הנ""ל ...</div>"	spelled
1079	hzh19471207-01.2.14	7 December 1947	hzh	&#8237;_naa _ro &#8236;	"<div class=""txtsearchsnippet"">... לו פצעים קשים והועבר יחד עם הערני 'הנדרס אל <b class=""highlightcolor"">בית החולים הממשלתי.</b> ערבים הציתו מחסן בחיפה ברחוב ספאנטון 36 ...</div>"	spelled
1080	hzh19471214-01.2.1	14 December 1947	hzh	Untitled	"<div class=""txtsearchsnippet"">... ושברי זכוכית ושברי בנין. מיד הוזעקו למקום אמבולאנפים של <b class=""highlightcolor"">בית החולים הממשלתי</b> ביפו ומכוניות שהחלו בהעברת הפצועים הרבים. נהרגו ...</div>"	spelled
1081	hzh19471215-01.2.11	15 December 1947	hzh	&#8237;14 11 - ,&#8236; י ה ו SSI ד י I ם נ &#8237;Maid M&#8236; פל ו & בהתקפה _llrflrdlMB ק i טל M נ i י A ת &#8237;§1&#8236; ש ל tmנ IJ הל י &#8237;_rii f&#8236; ת ו I מ ( ר \ ד &#8237;\$&#8236; י eb ל ו יד I ב י &#8237;e£&#8236; ת &#8237;i i&#8236; נ _יאל &#8237;im_^d&#8236; ה II	"<div class=""txtsearchsnippet"">... '20‬גו&gt; במחלת עצבים' גווייתו הועברה אל הדר המתיםישל ? <b class=""highlightcolor"">בית החולים הממשלתי</b> בפרדס כץ. אה־ כך :ודע כי שמו ...</div>"	spelled
1082	hzh19471219-01.2.4	19 December 1947	hzh	2 ערבים נתיסקו _נבואס ?פוצץ אוטובוס יהוד _ביוושימ	"<div class=""txtsearchsnippet"">... ורק ‭, '‬ ־פצוע עלי שאקר ‭15 p‬ הועבר <b class=""highlightcolor"">/בית החולים הממשלתי</b> והנוטר הערבי שהעבירו לשם הודיע כי הוא ...</div>"	spelled
1083	hzh19471223-01.2.19	23 December 1947	hzh	גופתו של מ.מזרהי לא הובאה לקבורה	"<div class=""txtsearchsnippet"">... שעברה נשרפה על ידי ערבים במוצאי שבת במגרש שמאחורי <b class=""highlightcolor"">בית החולים הממשלתי</b> בצפת. עובדה זו הגבי י -ה את ...</div>"	spelled
1084	hzh19480101-01.2.58	1 January 1948	hzh	_קחילת ירושלים מוחה על שיתוק תנועת הטכסי י	"<div class=""txtsearchsnippet"">... מכוניות טקסי ציבוריות, 8 ו V ו ‭_1&lt;‬ת»ול _6ו1ד. <b class=""highlightcolor"">בית החולים הממשלתי</b> כמישה מכל היהודים שנמצאו שפ. ‭, ( ...</div>"	spelled
1085	hzh19480106-01.2.7	6 January 1948	hzh	&#8237;E_^7_/_Sfl&#8236;־&#8237;np_^rara- .^^_fcTt: _s_#_^_Brt_^_to_^_0_^_13e&^._^_BC &#8236;	"<div class=""txtsearchsnippet"">הערבים עזבו את <b class=""highlightcolor"">בית החולים ‭'. :?. ‬הממשלתי</b> ‭.. ‬ הפקידים הערביים של ...</div>"	spelled
1086	hzh19480108-01.2.35	8 January 1948	hzh	גל של פלישות לאחר הגשמים _נחיוה	"<div class=""txtsearchsnippet"">מצג עובדי כית _החוליפ הממשלתי כידוע מובטלים עובדי <b class=""highlightcolor"">בית החולים הממשלתי</b> היהודים, אתיות ורופאים‭3, ‬ג־ לל מצב הבטחון ...</div>"	spelled
1087	hzh19480114-01.2.10	14 January 1948	hzh	_יהזי נהוג ביריות צלפים _נתל־אביב	"<div class=""txtsearchsnippet"">... על בית חולים בלילה הקודם התקיפו ערבים ביריות את <b class=""highlightcolor"">בית החולים הממשלתי</b> לחולי רוח בחולון, שבו שוכנים, בידוע, חולים ...</div>"	spelled
1088	hzh19480114-01.2.3	14 January 1948	hzh	התקפה על משמר הים שבמפד_?_חיפדץ	"<div class=""txtsearchsnippet"">... 'שתי גוויות יהודים ‭(?)‬ שלא זוהו בחדר המתים של <b class=""highlightcolor"">בית החולים הממשלתי</b> בחי - פה מוטלות . שתי גוויות ...</div>"	spelled
1089	hzh19480115-01.2.3	15 January 1948	hzh	התנמשות ערבית נמבונת תופת&#8237;r\2m.&#8236; ־ &#8237;!win &#8236;	"<div class=""txtsearchsnippet"">... י 5 פצועיפ עדביפ 5 פצועים ערבים •הוכאו אל <b class=""highlightcolor"">בית החולים הממשלתי‭</b> -. ‬מההתפוצצות במרכז המסחרי החדש ז־4 נפצעו, ...</div>"	spelled
1090	hzh19480119-01.2.51	19 January 1948	hzh	", ערבים של_» ה י ו ול1 נבראו מעשה: נהפאים ובהודעת הממשלה גורו ע""י יהורם"	"<div class=""txtsearchsnippet"">... או גינוי הרצח ' השפל של ד""ר להר, מנהל <b class=""highlightcolor"">ביה""ח הממשלתי</b> של ? ביתצפפה, בשעת_^עבודתו, היא י מצאה לנכון ...</div>"	abbreviated
1091	hzh19480130-01.2.14	30 January 1948	hzh	יהוד 7 י ם ע נפצ ו בתל־־אבינ	"<div class=""txtsearchsnippet"">... כביש חולון בדךמ לתל אבי_^ בהגיעו להצ־ טלבות שליד <b class=""highlightcolor"">בית החולים הממשלתי</b> לו_^לי־רוח ניתכו עליו יריות. אחת הנוסעות נפגעה ...</div>"	spelled
1092	hzh19480209-01.2.11	9 February 1948	hzh	שלשה ערבים נהרגו בידי _הצבא _גחי_^ה	"<div class=""txtsearchsnippet"">... לבלר א־שייך (פרבר בחיפה) והשניה למחנה . הנאפ""י שע""י <b class=""highlightcolor"">בית •החולים הממשלתי.</b> מופרנו. מודיע: במחנה הלגיון הערבי שפונה בשבת, ...</div>"	spelled
1093	hzh19480209-01.2.58	9 February 1948	hzh	"&#8237;111m nrmn&#8236; &#8237;1a D""_1ag _mmm &#8236;"	"<div class=""txtsearchsnippet"">... כשלושת הערבית ששדדו משני שוטרים בריטיים את רוביהם ע""י <b class=""highlightcolor"">בית־ החולים הממשלתי</b> ביפו' שעליהם להחזיר את י י הרובים. ...</div>"	spelled
1094	hzh19480210-01.2.64	10 February 1948	hzh	_־ירומ_^מ	"<div class=""txtsearchsnippet"">... הברי־ אות של הממשלה, גב' חברוני האחות הראשית של <b class=""highlightcolor"">'ביה""ח. הממשלתי</b> וה־'יר וולשטין מנהלו הרפואי של ביה""ח ‭,. ‬בקור ...</div>"	abbreviated
1095	hzh19480419-01.2.6	19 April 1948	hzh	&#8237;3_¥ _1#_iiiffiSiffi _$S&&#8236;ו־!זתחיל לפעול	"<div class=""txtsearchsnippet"">... מינינגעים רעים. ‭-::::, . . : :. ‬ י: <b class=""highlightcolor"">בית ‭-'‬החולים ‭;'‬ הממשלתי</b> בחיפה_^הגךול במוזה, יועבר, לפי הצעת: הוועד;ה_^_ומי_? ...</div>"	spelled
1096	hzh19480423-01.2.18	23 April 1948	hzh	Untitled	"<div class=""txtsearchsnippet"">... וון עכו‭. '.. ‬יי: לפהות מאה ערבים נפגעו והועברויל־ <b class=""highlightcolor"">ביה""ח הממשלתי.</b> שוחררו האסירים . האסירים שהיו כלואים בבית הסוהר ...</div>"	abbreviated
1097	hzh19480425-01.2.26	25 April 1948	hzh	"מחלקת עליה _בדושלינ נכבשה ע""י ההגנה"	"<div class=""txtsearchsnippet"">... י&gt;מים — על כך הודיע אתמול ""אםושיאטד פרם‭. ""‬ <b class=""highlightcolor"">ביה""ח הממשלתי</b> בירושלים _ לצלב האדום הצלב האדום הבינלאומי מודיע, ...</div>"	abbreviated
1098	hzh19480428-01.2.24	28 April 1948	hzh	ההגנה קוראת ו לע נ יי חיפה לשוב לבתיהם	"<div class=""txtsearchsnippet"">היישוב מעוניין בהמשכת קיומו של <b class=""highlightcolor"">בית החולים הממשלתי</b> בחיפה מנהל מחלקת הבריאות של הוועד הלאומי, ...</div>"	spelled
1099	hzh19480509-01.2.53	9 May 1948	hzh	הבריטים ת03ו עמדות בכל _מבואות יפו	"<div class=""txtsearchsnippet"">... לאחר פניית משטרת תל אביב, הוסבר מיפו כי גם <b class=""highlightcolor"">בית החולים הממשלתי</b> סגור ואין מי שיטפל בקבורת המתים. הערבים ...</div>"	spelled
1100	hzh19480517-01.2.48	17 May 1948	hzh	_מחלאות הממשלה _בחי8ה הועברו ליד העירה	"<div class=""txtsearchsnippet"">בביה""ח הממשלתי בחיפה <b class=""highlightcolor"">בית־החולים. הממשלתי</b> לשעבר. בחיפה הועבר י כולו לרשות עירית חיפד""ונעשה ...</div>"	maqaf
1101	hzh19480607-01.2.49	7 June 1948	hzh	מגילת גפת המשוחדות	"<div class=""txtsearchsnippet"">... תמונה הפוכה לחלוטין מן האזור היהודי, יקבל המבקר באיזוד <b class=""highlightcolor"">בית החולים הממשלתי.</b></div>"	spelled
1102	hzh19480620-01.2.35	20 June 1948	hzh	המצב בבית החרלים הממשלתי בחיפה	"<div class=""txtsearchsnippet"">... בקשר לידיעות בלתי מדויקות, שפורסמו בעתונות על גורלו של <b class=""highlightcolor"">בית החולים הממשלתי</b> בהיפה, מביאה בזה מהלקת הבריאות לידיעת הצבור ...</div>"	spelled
1103	hzh19480808-01.2.45	8 August 1948	hzh	אין מחלות _אפידמיות ביפו	"<div class=""txtsearchsnippet"">... א. _קצנלםון וד""ר שטרנברג ביקרו בלוויית המושל הצבאי את <b class=""highlightcolor"">בית־החולים הממשלתי</b> ביפו שבו נמצאים הולים ופצועים מהצבא המצרי והסודאני ...</div>"	maqaf
1104	hzh19480809-01.2.73	9 August 1948	hzh	כשרות בבתי החולים הממשלתיים ובבת יי העול ם	"<div class=""txtsearchsnippet"">... לרבנות‭/, ‬ ־ראשית בסידור ענייני הכשרות . וענייני הדת <b class=""highlightcolor"">בית החולים הממשלתי</b> למחלות מדבקות בפר־ דס כץ, הוכשר כדין, ...</div>"	spelled
1105	hzh19480829-01.2.71	29 August 1948	hzh	חיפה	"<div class=""txtsearchsnippet"">... ההודים על הדאגה לעבודה הרפואית ותיאום הפער לות של <b class=""highlightcolor"">בית החולים הממשלתי</b> והעירוני והבטחת בעלות העיריה על בית _חחולים ...</div>"	spelled
1106	hzh19480831-01.2.29	31 August 1948	hzh	משרד הבר יאות במד ינת ישראל	"<div class=""txtsearchsnippet"">... הרפואי לשעבר, ביניהם קצין הרפואה הראשי , ומנהלים את <b class=""highlightcolor"">בית החולים הממשלתי</b> ביפו המשמש בעיקר את שבויי המלחמה הערביים. ...</div>"	spelled
1107	hzh19480917-01.2.74	17 September 1948	hzh	"אזעקות נסיון בת""א"	"<div class=""txtsearchsnippet"">... בית החולים הירקון בתל אביב ובית הספר לאחיות ליד <b class=""highlightcolor"">בית החולים הממשלתי</b> בחיפה‭_4. ‬ןספר התלמידות בשני בתי הספד הוא ...</div>"	spelled
1108	hzh19480924-01.2.57	24 September 1948	hzh	על חוקי החירום	"<div class=""txtsearchsnippet"">... . נמצא בג'ב_^יה (יפו) רה' ב' מס‭12—141. ‬ ליד <b class=""highlightcolor"">בית החולים הממשלתי.</b> האוטובוס (של דרום יהודה) לג'בליה יוצא מהתחנה ...</div>"	spelled
1109	hzh19480927-01.2.21	27 September 1948	hzh	המיפהד - ב־10 באוקטובר	"<div class=""txtsearchsnippet"">... התושבים נמצא בג'בליה (יפו) דחי ב' מס‭12—141. ‬ ליד <b class=""highlightcolor"">בית החולים הממשלתי.</b> האוטובוס (של דרום יהו־ דה) לג'בליה יוצא ...</div>"	spelled
1110	hzh19481128-01.2.61	28 November 1948	hzh	ה קונסול י ם ערד לא הש י בו על ו רל הדובע ה יהוד י בע י ר העת יקה	"<div class=""txtsearchsnippet"">... שבשטח ירושלים העברית יקבלו לחג המולד תוספת מזון. — <b class=""highlightcolor"">בית החולים ' הממשלתי</b> ו:מסד לידינו. הממשלה הסכימה שיתנוסס עליו ...</div>"	spelled
1111	hzh19481216-01.2.62	16 December 1948	hzh	8 ־פו.	"<div class=""txtsearchsnippet"">... ועדת בי־ קורת שתפקידה לחקור בכל העניינים הנוגעים בהנהלת. <b class=""highlightcolor"">_בית־החולים הממשלתי</b> ביפו, מנות יוהדלת להגי. הנוצדים . המושל הצבאי ...</div>"	maqaf
1112	itim19470109-01.2.4	9 January 1947	itim	התרבות-קניין האדם א. שלווסק1 עם אנשי=ווח בשוויץ	"<div class=""txtsearchsnippet"">... פרופיסור יונג; ד״ר אלכסנדר צימרמן, מנהל המחלקה הפסיכית של <b class=""highlightcolor"">בית־החולים הממשלתי</b> בריאלטה; ד״ר קארל היינמאן, רופא-עצבים מפורסם, מחסידי אומות ...</div>"	maqaf
1113	itonamami19470928-01.2.11	28 September 1947	itonamami	שופר מצבה של שולמית שמיר	"<div class=""txtsearchsnippet"">נה הטוב ומקבלת מזון מהמטבח הדיאטי של <b class=""highlightcolor"">ביה״ח .הממשלתי</b> בירושלים.</div>"	abbreviated
1114	itonamami19471028-01.2.29	28 October 1947	itonamami	בירושרים	"<div class=""txtsearchsnippet"">... בית-חולים בנין ״של״ באיזור הבטחון יהפך לאגף האנגלי של <b class=""highlightcolor"">ביה״ח הממשלתי.</b> דױן על תאריך הפהירות לקהילה ועד הקהילה בירושלים ...</div>"	abbreviated
1115	itonamami19471226-01.2.10	26 December 1947	itonamami	יסתלקו עוד לפגי בואן של הכנופיות הגוולות	"<div class=""txtsearchsnippet"">... ביקר אתמול את הפצועים הבריטײם השוכבים באגף הבריטי של <b class=""highlightcolor"">בית החולים הממשלתי.</b></div>"	spelled
1116	itonamami19471226-01.2.2	26 December 1947	itonamami	20 פורעיםערביפנהוגור^נפצעונחיפה	"<div class=""txtsearchsnippet"">... אנשי ה״הגנה״ וגרמו להם אבידות קשות. חדר המתים של <b class=""highlightcolor"">בית החולים הממשלתי</b> היה מלא חלליש ערבים. עד הצהרים הגיע ...</div>"	spelled
1117	itonamami19471229-01.2.31	29 December 1947	itonamami	בחיפ ה	"<div class=""txtsearchsnippet"">... שרר שקט יחסי בחיפה ובסביבותיה. ממקור ערבי מוסײם, כי <b class=""highlightcolor"">בית החולים הממשלתי</b> בחיפה מלא על גדותיו מפצועים ערבים. 5 ...</div>"	spelled
1118	itonamami19471231-01.2.20	31 December 1947	itonamami	״חוט השני״ בתוך התוהו ובוהו	"<div class=""txtsearchsnippet"">... המתועב הזה ? לא. היהודים הם שנאלצו לפנות את <b class=""highlightcolor"">בית| החולים הממשלתי,</b> שהפך בחוסר התנגדות של השלטון לקן מרצחים!</div>"	spelled
1119	itonamami19480109-01.2.19	9 January 1948	itonamami	^שולי היום התמונה	"<div class=""txtsearchsnippet"">... יפה לבכות ילך ואשה (ערבײם)... אך כשיורים ברופא בכותלי <b class=""highlightcolor"">בית חולים ממשלתי,</b> או כשיורים באחיות של בית חולים יהוךי ...</div>"	indefinite
1120	itonamami19480114-01.2.11	14 January 1948	itonamami	יהודיבן so נפצע ביויות nto fill	"<div class=""txtsearchsnippet"">... ערכית על בית חולים שלשום התקיפו ערבים ביריות את <b class=""highlightcolor"">בית החולים הממשלתי</b> לחולי רוח בחולון .ה--התקפה ארכה זמן ממושך.</div>"	spelled
1121	itonmeyuhad19340114-01.2.3	14 January 1934	itonmeyuhad	שורת נכלים של שען תורסי בת״א בשם מזויף ד״ר ארנסט שמיכן	"<div class=""txtsearchsnippet"">... גם בתור אסיסטנט במקרי נתוחים במחלקה החירור־ גיח של <b class=""highlightcolor"">ביה״ח הממשלתי</b> ביפו. כלומר: גם באיזמל הנתוח אחזה ידו של ...</div>"	abbreviated
1122	itonmeyuhad19340412-01.2.5	12 April 1934	itonmeyuhad	רופא עולה מגרמניה, גואל	"<div class=""txtsearchsnippet"">... הדלת. במטתו שכב הרופא בלי ניע וזיע. הובהלה מרכבת <b class=""highlightcolor"">ביה״ח הממשלתי</b> והובילה את הד״ר מאיר להתם. כל הנסיו־ נות ...</div>"	abbreviated
1123	itonmeyuhad19340728-01.2.18	28 July 1934	itonmeyuhad	ש. בן־ישראל פילנטרופיה	"<div class=""txtsearchsnippet"">... מות -אין ביה״ח ""הדסה"" מקבל את החולה הזה ואפילו <b class=""highlightcolor"">בית־החולים הממשלתי</b> מסרב לקבל את החולה, שכן שחפני הנהי. ומה ...</div>"	maqaf
1124	itonmeyuhad19340814-01.2.10	14 August 1934	itonmeyuhad	"מוראות בית■ החולים הממשלתי ביפו ילד חולה עבר גדי בקפיצה להמלט מפני אכזריות האחות הרחמניה ש״טיפולה"" קירב את מותו אנו דורשים חקירה נמרצת"	"<div class=""txtsearchsnippet"">מוראות <b class=""highlightcolor"">בית■ החולים הממשלתי</b> ביפו</div>"	maqaf,spelled
1125	itonmeyuhad19340922-01.2.7	22 September 1934	itonmeyuhad	נעוץ מותו של הנער עודר בבית החולים ביפן	"<div class=""txtsearchsnippet"">... 14 לאב גוסס ש.ז• פרסמנו רשימה תחת הכותרת ""מוראות <b class=""highlightcolor"">בית החולים הממשלתי</b> ביפו"". ברשימה זו מסרנו מה שסח לנו ...</div>"	spelled
1126	itonmeyuhad19370627-01.2.7	27 June 1937	itonmeyuhad	התעללות באב שילוו מפרפר בגסיסה	"<div class=""txtsearchsnippet"">... אך הכל היה לשוא. והן אחיות הערביות, הפלחים ועובדי <b class=""highlightcolor"">בית החולים הממשלתי,</b> אך היו רואים אותי מהרו לקראתי והיו ...</div>"	spelled
1127	itonmeyuhad19390430-01.2.13	30 April 1939	itonmeyuhad	נשיכות נעים ב^ום שכר עבודה גמול פועל מסכן שעבד בבית עובד מדעי מהר הצופים ׳כות־אצילים שניתנה גם למלומד יהודי בבית״הכרם	"<div class=""txtsearchsnippet"">... המקרה, עדיין לא הובאו הכלבים לבדיקה. ימו הרופא של <b class=""highlightcolor"">בית החולים הממשלתי</b> קבלתי תעודת רפוי על פצעי, ואם יהיה ...</div>"	spelled
1128	itonmeyuhad19440630-01.2.21	30 June 1944	itonmeyuhad	שכונת תראפרים מנציחה שם בנה הגבוו	"<div class=""txtsearchsnippet"">תל־אפר-ים המכונה פרדס כ״ץ ידועה בקרב הצבור הרחב בגלל <b class=""highlightcolor"">בית החולים הממשלתי</b> הנמצא במקום. אבל מעטים יודעים, כי תל־אפרים ...</div>"	spelled
1129	itonmeyuhad19470627-01.2.16	27 June 1947	itonmeyuhad	מנחית הממממת כלניה ומועיבה אחיות וחמניות	"<div class=""txtsearchsnippet"">... כץ׳/ בדרך בואכה י1תח־ תקוה, קיים מאז שנת 1937 <b class=""highlightcolor"">בית החולים הממשלתי</b> למחלות מידבקות. על תנאי עבודתם של פקידי ...</div>"	abbreviated,spelled
1130	itonmeyuhad19470822-01.2.8	22 August 1947	itonmeyuhad	חכמים, הזהרו בדבריכם ובמילותיכם...	"<div class=""txtsearchsnippet"">... מסרו חוות־ דעתם האחידה הועבר הבר־מינן לחדר המתים של <b class=""highlightcolor"">ביה״ח הממשלתי</b> ביפו. מה שמפליא בכל הענין אינה טעותו של ...</div>"	abbreviated
1131	itonmeyuhad19471010-01.2.6	10 October 1947	itonmeyuhad	רווק עשיר מחבש נחומים בזוועות המוות	"<div class=""txtsearchsnippet"">... של ""הדסה"": — מצטער, אבל אין לנו מיטות פנויות. <b class=""highlightcolor"">בית החולים הממשלתי</b> נתן אותה תשובה. — מה נעשה, לעזעזל? ...</div>"	spelled
1132	itonmeyuhad19480213-01.2.4	13 February 1948	itonmeyuhad	היספקו דם יהודי לריפוי רוצחי עמנו	"<div class=""txtsearchsnippet"">... גונבה שמועה שהבהלת בית החולים ""הדסה"" בירושלים בענתה לבקשת <b class=""highlightcolor"">בית החולים הממשלתי</b> בנידון תרומת דם. השאלה היא: האם ■הנהלת ...</div>"	spelled
1133	khm19470625-01.2.46	25 June 1947	khm	מוסד שאין בו הפליה _גזעירת	"<div class=""txtsearchsnippet"">... שהאגר־ דה עומדת למעשה תחת חסותו, נותן עזרה רבה. <b class=""highlightcolor"">בית החולים הממשלתי</b> נותן אפ־ שרוח להוספיטליזציה של חחולים הנזקקים ...</div>"	spelled
1134	khm19470813-01.2.62	13 August 1947	khm	"בי""ח ממשלתי נעזר על ידי מנן דוד אדום"	"<div class=""txtsearchsnippet"">... מכפר ערבי שבקרבת קבוץ עין השופט, היות שהאמבולנס של <b class=""highlightcolor"">ביה""ח הממשלתי</b> תתקלקל.</div>"	abbreviated
1135	khm19470818-01.2.53	18 August 1947	khm	"שביתת הרעב של אהיות ביה""ח! הממשלתי בחיפה הסתיימה"	"<div class=""txtsearchsnippet"">שביתת הרעב של אהיות <b class=""highlightcolor"">ביה""ח! הממשלתי</b> בחיפה הסתיימה</div>"	abbreviated
1136	khm19471105-01.2.25	5 November 1947	khm	_ףערים _ובמושבי _חן	"<div class=""txtsearchsnippet"">... אוטו־ בו ערבי. 5 נוטעים נפצעו קל ונאםפו אל <b class=""highlightcolor"">ביה""ח הממשלתי</b> בחיפה. תורנות בתי מרקחת קריינקיו• חרצל ‭, 10‬טל‭!!223. ...</div>"	abbreviated
1137	khm19471230-01.2.55	30 December 1947	khm	רופא ערב־ נהרג בירושלים	"<div class=""txtsearchsnippet"">... המתוארים כיהודים בלבוש 1 ערבי — ירו בו ליד <b class=""highlightcolor"">בית החולים הממשלתי</b> בירושלים.</div>"	spelled
1138	khm19480102-01.2.41	2 January 1948	khm	בועלי הנבט ?חזרו לעבודה לאהד מילוי תביעותיהם	"<div class=""txtsearchsnippet"">... אחה""צ מחד (היום) באותו מקומ. _ה_^דים היהודים עזבו את <b class=""highlightcolor"">ביה''ח הממשלתי</b></div>"	abbreviated
1139	khm19480114-01.2.56	14 January 1948	khm	26 בתים גיזוהנ רבים נהרסו בפעולות _והגנוז,בשייך _גיראח	"<div class=""txtsearchsnippet"">... ‭, 3K‬משכ' בקעה- העליונה, נפצע קל שעה שעבר לי'ף- <b class=""highlightcolor"">ביה""ח. הממשלתי</b> בבית צ&amp;אפה הבוקר. ? אמבולנ_© יהודי מעביר _פצועיע ...</div>"	abbreviated
1140	khm19480126-01.2.57	26 January 1948	khm	"עובדי ביה""ח הממשלתי בחיפה עזבו ™ העמדה באשמת הממשלה"	"<div class=""txtsearchsnippet"">עובדי <b class=""highlightcolor"">ביה""ח הממשלתי</b> בחיפה עזבו ™ העמדה באשמת הממשלה</div>"	abbreviated
1141	khm19480322-01.2.38	22 March 1948	khm	"בעיות האספהה וחלוקת המצרכים בדיוז מועצת עירית ת""א"	"<div class=""txtsearchsnippet"">... המומ־ חים הדרושים הוזמנו ויגיעו בהקדם האפ שרי—ציין רוקח. <b class=""highlightcolor"">ביה""ח הממשלתי</b> ""הירקון"" יועבר לפיקוחם של באי כוה העיריה חבר ...</div>"	abbreviated
1142	khm19480504-01.2.49	4 May 1948	khm	"פעולה להעברת ביה""וו הממשלתי בחיפה לרשות יהודית"	"<div class=""txtsearchsnippet"">... בקר בהיסח ודן עם העיוידי והשלטונות :דבר גורלו של <b class=""highlightcolor"">בית החולים הממשלתי</b> העומד להיות מועבר לעירית חיפה. הועד הלאומי ...</div>"	spelled
1143	khm19480923-01.2.24	23 September 1948	khm	נקבע סדר מפעל הרישום	"<div class=""txtsearchsnippet"">... נמצא בג _י _יבליה (יפו!רח' בי מם‭12—141. ‬ ליד <b class=""highlightcolor"">בית החולים הממשלתי.</b> האיטובוט (של דרום •הודה!לג_'בליד, יוצא מהתחנה המר־ ...</div>"	spelled
1144	kolisraeljlm19330504-01.2.17	4 May 1933	kolisraeljlm	בארץ	"<div class=""txtsearchsnippet"">... ים. הממשלה סנרה כיח חולים בעכו. המכשלה סגרה זית <b class=""highlightcolor"">בית החולים הממשלתי</b> בעכו לרגלי מיריב חעיויוז י'ש ים תמ'כה ...</div>"	spelled
1145	kolisraeljlm19370411-01.2.6	11 April 1937	kolisraeljlm	החלטות אספת •מזהירי שבת־	"<div class=""txtsearchsnippet"">... הנהלת בית התבשיל של הרב שלמה אליאך )נתאחר תודת <b class=""highlightcolor"">,בית החולים הממשלתי</b> למוסד בית תבשיל אליאך והכנסת אורחים ‘כנד ...</div>"	spelled
1146	kolisraeljlm19380818-01.2.15	18 August 1938	kolisraeljlm	לא נכון!	"<div class=""txtsearchsnippet"">... ע״י תל אביב נפצעו שני יהודים. — ע״י בנין <b class=""highlightcolor"">ביה״ח הממשלתי</b> החרש נמצאה פצצה טורקית בארך 40 מ״ט. — ...</div>"	abbreviated
1147	kolisraeljlm19421105-01.2.8	5 November 1942	kolisraeljlm	הרב י. עוזר, היפה כמתוקניט שבהט	"<div class=""txtsearchsnippet"">... ""כל שומר נפשו ירחק"". העולם כמנהגו נוהג והמטבח של <b class=""highlightcolor"">בית החולים הממשלתי</b> הנהו טרף בהחלט♦ מאידך: יש יסוד להאמין ...</div>"	spelled
1148	kolisraeljlm19460124-01.2.21	24 January 1946	kolisraeljlm	גאולת אדמתו וקברו .. של נחום איש גם זו זצ״ל דיע.	"<div class=""txtsearchsnippet"">... זי״ע והאדמה אשר סביבו, הנמצא בדרומה של צפת □אחורי <b class=""highlightcolor"">ביה״ח הממשלתי</b> בצורת של גל אבנים. *טענתו של הר׳ דוב ...</div>"	abbreviated
1149	mar19480309-01.2.30	9 March 1948	mar	ערביי חיפה מטכסים עצות נגד הנדחות ההמוניות	"<div class=""txtsearchsnippet"">של יהודים. הגויות הועבדו מ־ <b class=""highlightcolor"">בית החולים הממשלתי</b> : לחדר המתים של ביה""ח רוטשילד או-</div>"	spelled
1150	mar19480310-01.2.37	10 March 1948	mar	מענד _למחסם	"<div class=""txtsearchsnippet""><b class=""highlightcolor"">ביה""ח הממשלתי</b> ביפו - לידי הערבים ז ד""ר יוסוף הייכל ...</div>"	abbreviated
1151	mar19480322-01.2.23	22 March 1948	mar	*חוח	"<div class=""txtsearchsnippet"">(ד•?ג‭(. ‬ בחיפה הועמד <b class=""highlightcolor"">בית החולים הממשלתי</b> לרשות הע־ רבים, ביפו משתמשים בו דק ...</div>"	spelled
1152	mar19480418-01.2.82	18 April 1948	mar	"מ י נ יסטר י ו ן הבריאות יתחיל לפעול בת""א ב־15 במאי"	"<div class=""txtsearchsnippet"">במחוזות אחרים לגבי חיפה, הדרישה היא, שהממשלה תעביר את <b class=""highlightcolor"">בית החולים הממשלתי</b> , המשמש כיום את הערבים בלבד, לבעלות ...</div>"	spelled
1153	mar19480504-01.2.7	4 May 1948	mar	ביהי'ח הממשלתי בחיפה - לרשות _דייריה	"<div class=""txtsearchsnippet""><b class=""highlightcolor"">בית החולים הממשלתי</b> בחיפה עבר לרשות עידית חיפה — בחסות ...</div>"	spelled
1154	mar19480816-01.2.22	16 August 1948	mar	13 באב &#8237;1 : ! !&#8236;שלט י ם ,מעל ש_02 א י ! לו	"<div class=""txtsearchsnippet"">... דון בי, הכפר לטרון, תחנת המש־ טרה, _מגזד השתקנים, <b class=""highlightcolor"">בית החולים הממשלתי.</b> אין צורך במשקפת. דד אים אותם במבט ...</div>"	spelled
1155	mar19480907-01.2.6	7 September 1948	mar	תחנת משטרה בגיבליה	"<div class=""txtsearchsnippet"">... ים וחולון. בנין המשטרה נמצא בג'בליה שבקצה יפו' ליד <b class=""highlightcolor"">בית החולים הממשלתי.</b> מפקח המשטרה לנפת ת""א דן על חיסול ...</div>"	spelled
1156	medina19480806-01.2.37	6 August 1948	medina	ידיעות בקיצור	"<div class=""txtsearchsnippet"">... מדבקות ביפו וכי מצב הבריאות בעיר משביע רצון. מנהל <b class=""highlightcolor"">בית החולים הממשלתי</b> , ד""ר מוסא, נתבקש להעביר את בקשתו ...</div>"	spelled
1157	mivrak19471228-01.2.10.2	28 December 1947	mivrak	Page 1 Advertisements Column 2	"<div class=""txtsearchsnippet"">... בבית פצצה .הרופא הערבי נפצע אף הו^ בבית־צפפה נמצא <b class=""highlightcolor"">בית־החולים הממשלתי</b> לחולי שחפת.</div>"	maqaf
1158	mivrak19471229-01.2.2	29 December 1947	mivrak	40 ערבים נפגעו בהתקפה עבוית בירוש7ים	"<div class=""txtsearchsnippet"">... — המתוארים ביהודים בלבוש ערבי — ירו בו ליד <b class=""highlightcolor"">בית החולים הממשלתי</b> בירושלים. הותקפו עובדי הכנה ""כדקליס"" ופקידי העיריה ...</div>"	spelled
1159	mivrak19480425-01.2.20	25 April 1948	mivrak	הוועדה לשביתת־נשק בא״י נתכנסה היום	"<div class=""txtsearchsnippet"">... בירושלים, הדגל של הצלב הבינלאומי יונף על בנינים אלה: <b class=""highlightcolor"">בית החולים הממשלתי,</b> בית החו־</div>"	spelled
1160	mivrak19480425-01.2.8	25 April 1948	mivrak	הוועדה לשביתת־נשק בא״י נתכנסה היום	"<div class=""txtsearchsnippet"">... בירושלים, הדגל של הצלב הבינלאומי יונף על בנינים אלה: <b class=""highlightcolor"">בית החולים הממשלתי,</b> בית החולים לתולדות, (בנין הקונסוליה הרוסית לשעבר) ...</div>"	spelled
1161	omer19390625-01.2.9	25 June 1939	omer	בית החולים הממשלתי למחלות מידבקות ניחעליס	"<div class=""txtsearchsnippet""><b class=""highlightcolor"">בית החולים הממשלתי</b> למחלות מידבקות ניחעליס</div>"	spelled
1162	tsohorayimhaifa19460101-01.2.24.1	1 January 1946	tsohorayimhaifa	"רחובות א מרכז מסחרי חדש. ו רחוב ארלחורו□ ב מרכז מסחרי ישן. ז רחוב בלפור. ג דרך המלכים. ח דרך ההר. ד דרך יפו. ט רחוב המורידה רחוב הרצל. י דרך הים. 13 ביח״ר וולקן. 14 "" פניציד-15 "" כור. 16 "" המגפר. 17 "" אתא. 18 "" נשר. 7 קזינו בת־גלים. 8 בית־הממשלד-9 מגדל המים. 10 אולם ""מוריה"". 11 ביח״ר ""שמן"" ־-""בלו בנד""• 12 חברת החשמל.' 1 התכניון העברי. 2 עירית חיפד-3 בית־ הכנסת המרכזי. 4 שוק תלפיות. 5 בית־החולים ""רוטשילד*. 6 בית־החולים הממשלתי."	"<div class=""txtsearchsnippet"">... הכנסת המרכזי. 4 שוק תלפיות. 5 בית־החולים ""רוטשילד*. 6 <b class=""highlightcolor"">בית־החולים הממשלתי.</b></div>"	maqaf
1163	tsohorayimhaifa19460109-01.2.15	9 January 1946	tsohorayimhaifa	בעולם הערבי	"<div class=""txtsearchsnippet"">... אניס אלחורי ועלי אל כליל׳ הד״ר אברהים עיטאיים, מנהל <b class=""highlightcolor"">ביה״ח הממשלתי,</b> נג׳יב מנסור, מוכתר הדרוזים בעוספיה, מכאל תומה, חג׳ ...</div>"	abbreviated
1164	tsohorayimhaifa19460212-01.2.17	12 February 1946	tsohorayimhaifa	170דונאםיין ב ש ו באיזור הנמל רד ״ , • Ba ס V	"<div class=""txtsearchsnippet"">... כך כבר ניגשו השלטונות לרכישת קרקע למטרה זו ליד <b class=""highlightcolor"">בית החולים הממשלתי.</b> כאשר יסתיים השלב השני של ביצוע תכנית ...</div>"	spelled
1165	tsohorayimhaifa19460221-01.2.2	21 February 1946	tsohorayimhaifa	מספlת שגן עלתה בלהבות	"<div class=""txtsearchsnippet"">... וחצי בערב פרצה דליקה במספנת ""עוגן"" שבאיזור הנמל ליד <b class=""highlightcolor"">בית החולים הממשלתי</b> אשר בקרבת בת גלים. תוך שעה וחצי ...</div>"	spelled
1166	tsohorayimhaifa19460502-01.2.14	2 May 1946	tsohorayimhaifa	.ס!■®■?•	"<div class=""txtsearchsnippet"">... שרוב תושביה עצורים מאז פרוץ המלחמה האחרונה. כשנשאלה הנהלת <b class=""highlightcolor"">ביה״ח הממשלתי</b> אם ידוע לה הדבר, ניתנה תשובה, כי מה ...</div>"	abbreviated,maqaf
1167	yarden19340830-01.2.36	30 August 1934	yarden	י ר ו ש ל ים	"<div class=""txtsearchsnippet"">... תיכף ימקום הובילו . את הפצוע באותו אוט• אלי <b class=""highlightcolor"">בית החולים הממשלתי.</b> הגהנ נלקח למשטרה. — אחר הצמדים עלה ...</div>"	spelled
1168	yarden19350208-01.2.32	8 February 1935	yarden	תל־אביב	"<div class=""txtsearchsnippet"">... בתול־כרם' העוזר לנהג מחמר י&lt;1סי! מתול־כרם נהרג, הנהג נאסר. <b class=""highlightcolor"">בית חולים ממשלתי</b> בתול-כרם כפי שמודיעים מתוליכרם' אומרת חממשלח להקים ...</div>"	indefinite
1169	yarden19350304-01.2.7	4 March 1935	yarden	ישיבת מועצת עירית תל־אביב	"<div class=""txtsearchsnippet"">... חממשלתי ביפו. מר רוקח אומר שכל זמן שלא יסודר <b class=""highlightcolor"">בית חולים ממשלתי</b> בסביבה עברית ועם פרסונל עברי אין אפשרות ...</div>"	indefinite
1170	yarden19350926-01.2.35	26 September 1935	yarden	תל אביב	"<div class=""txtsearchsnippet"">... עיד משמר שיטריפ הללי וראי בראשו מגבעת עם אותיות <b class=""highlightcolor"">בית החולים הממשלתי</b> על ראשו, חשבוהו לחולה נגוע שברח ועצרו ...</div>"	spelled
1171	yarden19351028-01.2.41	28 October 1935	yarden	תל-אביב	"<div class=""txtsearchsnippet"">... של בית חספר, ראש חעיר מר מ . דיונגוףי <b class=""highlightcolor"">בית חולים ממשלתי</b> לרמלה בימים אלד. יגשו לבנין בית חולים ...</div>"	indefinite
1172	yomyom19480802-01.2.41	2 August 1948	yomyom	"(על ""המשמר"") הסדר חדש בבתי• החולים בחיפה"	"<div class=""txtsearchsnippet"">... על במי החולים בחיפה — נודע לנו שביה״ח העירוני <b class=""highlightcolor"">(ביה״ח הממשלתי</b> לשעבר, שהועבר לעירית חיפה) יועבר לממשלת ישראל, פרט ...</div>"	abbreviated
1173	yomyom19480805-01.2.55	5 August 1948	yomyom	אין מחלות מדבהרת ביפר	"<div class=""txtsearchsnippet"">... א. קצנלסון וד״ר שטרנברג, ביקרו בלווית המושל הצבאי את <b class=""highlightcolor"">בית החולים הממשלתי</b> ביפו שבו נמצאים חולים ופצועים מהצבא המצרי ...</div>"	spelled
1174	yomyom19480810-01.2.18	10 August 1948	yomyom	\D5׳nf7yn W	"<div class=""txtsearchsnippet"">... נכון. — עלינו להעביר את הגופה לח־ דר־המתים של <b class=""highlightcolor"">בית החולים הממשלתי.</b> — הגופה כבר הועברה — ענה השוער. ...</div>"	spelled
1175	yomyom19480810-01.2.58	10 August 1948	yomyom	^ז־ןן ®3^© חער'/חs'o\	"<div class=""txtsearchsnippet"">... נכון. — עלינו להעביר את הגופה לח־ דר־המתים של <b class=""highlightcolor"">בית החולים הממשלתי.</b> — הגופה כבר הועברה — ענה השוער. ...</div>"	spelled
1176	yomyom19480818-01.2.24	18 August 1948	yomyom	הרופא העברי ניצח במערכה על בריאות האדם בחזית ובעורף	"<div class=""txtsearchsnippet"">... נוספו למוסדות הרפואה בית חולים ""הירקון"", וזה בפרדם כץ, <b class=""highlightcolor"">בית החולים הממשלתי</b> ביפו ועוד. בימים אלד נגשי גם להקמת ...</div>"	spelled
1177	yomyom19480818-01.2.59	18 August 1948	yomyom	הרופא העברי ניצח במערכה על בריאות האדם בחזית ובעורף	"<div class=""txtsearchsnippet"">... נוספו למוסדות הרפואה בית חולים ""הירקון"", וזה בפרדם כץ, <b class=""highlightcolor"">בית החולים הממשלתי</b> ביפו ועוד. בימים אלה נגשו גם להקמת ...</div>"	spelled
1178	yomyom19481124-01.2.14	24 November 1948	yomyom	נספח ימי ואווירי לנציגות ארה״ב	"<div class=""txtsearchsnippet"">... ד־ ידי קפיצה מקומה ב׳. במצב קשה הועברה ל־' <b class=""highlightcolor"">בית החולים הממשלתי</b> בחיפה. ברק הרגו יוסף דניאל מנשה, בן ...</div>"	spelled
1179	yomyom19481221-01.2.11	21 December 1948	yomyom	הקומוניסטים בפרלמנט ההולנדי דרשו להפסיק את האש באינדונזיה	"<div class=""txtsearchsnippet"">... לקוים הערבים לא רק חולים אלא גם פרסונל של <b class=""highlightcolor"">בית החולים הממשלתי</b> שנמצא באיזור היהודי בירושלים, אולם אינם מראים ...</div>"	spelled
1180	ytlv19360615-01.2.22	15 June 1936	ytlv	ת&#8237;-5&#8236;אם&#8237;0ו1&#8236;גוחתיה	"<div class=""txtsearchsnippet"">... אחיות יהודיות. לאחד רצח שתי האחיות הרחמניות יהודיות של <b class=""highlightcolor"">בית החולים הממשלתי</b> ביפו ביום ‭. 17. 8. 36‬ בבוא? ...</div>"	abbreviated,maqaf,spelled
1181	ytlv19371115-01.2.42	15 November 1937	ytlv	א. בית־החולים העירוני בשנת &#8237;1936/37 &#8236;	"<div class=""txtsearchsnippet"">... בני־ברק, הוקל במדת־מה המצב בבית־ החולים העירוני בשטה זה. <b class=""highlightcolor"">ביה""ח הממשלתי</b> התרחב במשך הזמן' מספר המטות שלו הוגדל עד ...</div>"	abbreviated
1182	ytlv19380915-01.2.4	15 September 1938	ytlv	UNKNOWN	"<div class=""txtsearchsnippet"">... 163, 76‬ היפה — ס. חש. ‭: 172‬ פתיחת <b class=""highlightcolor"">בית החולים הממשלתי</b> החדש בהיפה — ‭:110 , 5‬ טבריה ...</div>"	spelled
1183	ytlv19390115-01.2.10	15 January 1939	ytlv	במשק המדינה הארצישראלית	"<div class=""txtsearchsnippet"">... 12. 38‬ נפתח רשמית. על־ידי ה. מ. הנציב העליון, <b class=""highlightcolor"">בית החולים הממשלתי</b> החדש בחיפה. לפתיחת בית ההולים באו מוזמנים ...</div>"	spelled
1184	ytlv19391115-01.2.46	15 November 1939	ytlv	"א. בית התולים העירוני ""הדסה"" בתל־אביב"	"<div class=""txtsearchsnippet"">... וכולם נקלטו בביה""ח. כמה מן החולים במחלות מדבקות קולט <b class=""highlightcolor"">ביה""ח הממשלתי</b> בבני־ ברק. לעומת זה גדל בהרבה מספר החולים ...</div>"	abbreviated
1185	ytlv19411215-01.2.1	15 December 1941	ytlv	יראש. י חע * יריה ?.1 עם הצעת התקציב I העירוני לשנת הכספים &#8237;1942/43 &#8236;		indefinite
1186	ytlv19430315-01.2.21	15 March 1943	ytlv	תקציבה של עידית תל־א&#8237;3י3&#8236; לשנת &#8237;1943/44 &#8236;	"<div class=""txtsearchsnippet"">על סדודם — <b class=""highlightcolor"">בית החולים הממשלתי</b> למהלות מדבקות' בית החולים לחולי דוח, וכן ...</div>"	spelled
1187	ytlv19430516-01.2.8	16 May 1943	ytlv	"&#8237;11191&#8236; .בווו! המועצה ך־וו""דונ""וז."	"<div class=""txtsearchsnippet"">... הרחבת בית המ?אכה הקיים, ?שם טפו? בפחי־האשפה ותקונם. לפתיחת <b class=""highlightcolor"">בית החולים הממשלתי</b> לחולי המושבות ‭. 7. 7. 43‬ ראש ...</div>"	spelled
1188	ytlv19440416-01.2.11	16 April 1944	ytlv	על עניני הבריאות	"<div class=""txtsearchsnippet"">ברכה למוסדות רפואיים. -י? עלינו לברד בהזדמנות זו את <b class=""highlightcolor"">בית־ החולים הממשלתי</b> לחולים מהמושבות, הנקרא ""הירקון"", כי בסידוריו גילתה ...</div>"	spelled
1189	ytlv19440416-01.2.18	16 April 1944	ytlv	1 מער.במת המועצה העידו!!!	"<div class=""txtsearchsnippet"">... בית ההולים הזה לקבל לרפוי הולי־טיפוס, משום שלמעשה אין <b class=""highlightcolor"">בית־ החולים הממשלתי</b> בפרדם כץ (שכונה בסביבת תל־אביב) מקבל חולים, ...</div>"	spelled
1190	ytlv19440915-01.2.7	15 September 1944	ytlv	"תל־אביב בתש""ד"	"<div class=""txtsearchsnippet"">... קשה מאד, באה בשנה האחרונה הקלה פורתא עם פתיחת <b class=""highlightcolor"">בית־ חולים ממשלתי,</b> המכיל שמונים מיטות, . בשביל תושבי המושבות ...</div>"	indefinite
1191	ytlv19450515-01.2.29	15 May 1945	ytlv	לוח המעשימ והמאורעות בתל־אביב. נובמבר &#8237;1944&#8236; ־־ •&#8237;1945 '11 &#8236;	"<div class=""txtsearchsnippet"">... ""שוק הצפון"", ברחוב באזל. ‭. 27. 12. 44‬ נפתח <b class=""highlightcolor"">בית־החולים הממשלתי</b> לחולי</div>"	maqaf
1192	ytlv19450916-01.2.3	16 September 1945	ytlv	דיוניה והחלטותיה של מועצת העיר תל־אביב	"<div class=""txtsearchsnippet"">... גי ת תולי־הרות, תשובה: העידיה מאיצה במתלקת-הבדיאות הממשלתית לפתוח <b class=""highlightcolor"">בית־החולים הממשלתי</b> בבת־ים, אולם שאלת האישפוז של הולי־הרוח בעיר לא ...</div>"	maqaf
1193	ytlv19451115-01.2.31	15 November 1945	ytlv	מה אירע? /	"<div class=""txtsearchsnippet"">... אדמת זאכלאוי, בשכונת מתלול, בקייטנות של ועדההורים המרכזי, ובקרבת <b class=""highlightcolor"">בית־החולים הממשלתי</b> . הירקון"", במקום שנועד להקמת צריפי הסח בשביל ...</div>"	maqaf
1194	ytlv19480516-01.2.16	16 May 1948	ytlv	יפו בחסות תל־אביב ו	"<div class=""txtsearchsnippet"">... ולמטרות אחרות. בתי החולים ביפו משמשים לצרכי התושבים הערבים <b class=""highlightcolor"">(בית־החולים הממשלתי</b> מגיש הנם לכל דורשכל העזרה הרפואית הדרושה לתושבי ...</div>"	maqaf
