n	id	date	publication	title	snippet
1	hbkr19400610-01.2.69	10 June 1940	hbkr	"ביה""ח האיטלקי בחיפה"	"<div class=""txtsearchsnippet""><b class=""highlightcolor"">ביה""ח</b> האיטלקי <b class=""highlightcolor"">בחיפה</b></div>"
2	hbkr19410817-01.2.43	17 August 1941	hbkr	ראשית בנית ביה''ח רוטשילד בחיפה	"<div class=""txtsearchsnippet"">ראשית בנית <b class=""highlightcolor"">ביה''ח</b> רוטשילד <b class=""highlightcolor"">בחיפה</b></div>"
3	khm19480126-01.2.57	26 January 1948	khm	"עובדי ביה""ח הממשלתי בחיפה עזבו ™ העמדה באשמת הממשלה"	"<div class=""txtsearchsnippet"">עובדי <b class=""highlightcolor"">ביה""ח</b> הממשלתי <b class=""highlightcolor"">בחיפה</b> עזבו ™ העמדה באשמת הממשלה</div>"
4	hmf19480428-01.2.57	28 April 1948	hmf	"ביה""ח הממשלתי בחיפה לרשות העיריה"	"<div class=""txtsearchsnippet""><b class=""highlightcolor"">ביה""ח</b> הממשלתי <b class=""highlightcolor"">בחיפה</b> לרשות העיריה</div>"
5	haretz19450617-01.2.54	17 June 1945	haretz	"בעית הנרעון של ביה""ח רוטשילד בחיפה"	"<div class=""txtsearchsnippet"">בעית הנרעון של <b class=""highlightcolor"">ביה""ח</b> רוטשילד <b class=""highlightcolor"">בחיפה</b></div>"
6	hmf19450614-01.2.56	14 June 1945	hmf	"כיצד יאוזן תקציבו של ביה""ח רוטשילד בחיפה"	"<div class=""txtsearchsnippet"">כיצד יאוזן תקציבו של <b class=""highlightcolor"">ביה""ח</b> רוטשילד <b class=""highlightcolor"">בחיפה</b></div>"
7	khm19470818-01.2.53	18 August 1947	khm	"שביתת הרעב של אהיות ביה""ח! הממשלתי בחיפה הסתיימה"	"<div class=""txtsearchsnippet"">שביתת הרעב של אהיות <b class=""highlightcolor"">ביה""ח!</b> הממשלתי <b class=""highlightcolor"">בחיפה</b> הסתיימה</div>"
8	hbkr19421027-01.2.56	27 October 1942	hbkr	"קנ1ינ העליון יחנוך את ביה""ח רוטשילד בחיפה"	"<div class=""txtsearchsnippet"">קנ1ינ העליון יחנוך את <b class=""highlightcolor"">ביה""ח</b> רוטשילד <b class=""highlightcolor"">בחיפה</b></div>"
9	haretz19450123-01.2.18	23 January 1945	haretz	הגרעוןבביודה בחיפה-מגין? ן	"<div class=""txtsearchsnippet"">... לינואר) את המאמר על. ו . גדעון בביה""ח רוטשילד <b class=""highlightcolor"">בחיפה,</b> שבו :יתנה הסברה כה חד־צדדית' ואף מסולפת, ו צאנו ...</div>"
10	yomyom19480802-01.2.41	2 August 1948	yomyom	"(על ""המשמר"") הסדר חדש בבתי• החולים בחיפה"	"<div class=""txtsearchsnippet"">(על ""המשמר"") הסדר חדש בבתי• החולים <b class=""highlightcolor"">בחיפה</b></div>"
11	hmf19460619-01.2.12	19 June 1946	hmf	&#8237;mrm rim &#8236;	"<div class=""txtsearchsnippet"">אתמול בבוקר יצאו חמשה אנשים מחברה קדישא <b class=""highlightcolor"">בחיפה,</b> בראשותו של היו""ר מר תורן היבלר, לאזור עזיב, במקום ...</div>"
12	tsohorayimhaifa19460430-01.2.19	30 April 1946	tsohorayimhaifa	יובל ה־6o לדר ברוך ניסגבוים	"<div class=""txtsearchsnippet"">היום מלאו ששים שנה לרופא ברוך ניסנבוים. הישוב העברי <b class=""highlightcolor"">בחיפה׳</b> ללא הבדל מעמד או מפלגה, משתתף בחגיגת המשפחה׳ ושולח ...</div>"
13	haretz19460505-01.2.25	5 May 1946	haretz	דיר ב.ניםנבוים—בן &#8237;60 &#8236;	"<div class=""txtsearchsnippet"">לרופא דייר ברוך נ־כנבוים מלאו ‭60‬ שנה. הישוב העברי <b class=""highlightcolor"">בחיפה</b> ללא הבדל של מעמד או מפלגה שולח לו את ...</div>"
14	hmf19450914-01.2.57	14 September 1945	hmf	"מ""מ הנציב העליון ממשיך ' מ יורו בחיפה"	"<div class=""txtsearchsnippet"">מ""מ הנציב העליון ממשיך ' מ יורו <b class=""highlightcolor"">בחיפה</b></div>"
15	hmf19480622-01.2.43	22 June 1948	hmf	הסידורים בבית החולים הממשלתי בחיפה	"<div class=""txtsearchsnippet"">הסידורים בבית החולים הממשלתי <b class=""highlightcolor"">בחיפה</b></div>"
16	haretz19480722-01.2.52	22 July 1948	haretz	שביתת־שבת בבית חולים	"<div class=""txtsearchsnippet"">כ־‭80‬ עובדים סבועיס של <b class=""highlightcolor"">ביה""ח</b> י רוטשילד <b class=""highlightcolor"">בחיפה,</b> מיסודה של הקהילה, ערכו אתמול שביתת ...</div>"
17	ahr19471106-01.2.61	6 November 1947	ahr	"אשמה בבדה כלפי ב""ת־החולים ה&#8237;»>1&#8236;שלתי מפי ש_1פט בחיפה"	"<div class=""txtsearchsnippet"">אשמה בבדה כלפי ב""ת־החולים ה‭»&gt;1‬שלתי מפי ש_1פט <b class=""highlightcolor"">בחיפה</b></div>"
18	hmf19470518-01.2.54	18 May 1947	hmf	פושה מסתורית של חפיפת תינוקת ערביה	"<div class=""txtsearchsnippet"">התינוקת שנעלמה בשבת שעברה מחדר הילדים של <b class=""highlightcolor"">ביה""ח</b> הממשלתי <b class=""highlightcolor"">בחיפה</b> נמצאה אתמול בריאה והוחזרה להוריה. התינוקת, שנולדה ...</div>"
19	hmf19440215-01.2.54	15 February 1944	hmf	חיפה	"<div class=""txtsearchsnippet"">... על הר הכרמל' - אלפי תלמידים, •מכל בתי הספר <b class=""highlightcolor"">בחיפה</b> והסביבה, בתוכם 30 תלמידים מעולי ""גיא ־ ‭, ""סה‬השתתפו ...</div>"
20	dhy19340522-01.2.31	22 May 1934	dhy	בחיפה	"<div class=""txtsearchsnippet""><b class=""highlightcolor"">בחיפה</b></div>"
21	hbkr19460901-01.2.33	1 September 1946	hbkr	"כל בית־אב - להשלמת לו* ם במצור"" """	"<div class=""txtsearchsnippet"">... יריות הצבא ביום העוצר השניפי בהיפה, עזב אתמול את <b class=""highlightcolor"">ביה""ח.</b> פקודת מעצר לשבועיים הוצאה נגד קברנימיהן ומלחיהן של אניות ...</div>"
22	hazmantlv19430811-01.2.44	11 August 1943	hazmantlv	JUD1I13I!	"<div class=""txtsearchsnippet"">... השוטר זאאל מוחמר סולימאן ומת בדרך אי כיד,""ח הממשלתי <b class=""highlightcolor"">בחיפה.</b> השוטר ה/׳¥י נפצע קל. ממכונית הצי, אשר ניזוקה לא ...</div>"
23	ahr19480209-01.2.63	9 February 1948	ahr	"&#8237;I_03Q nnB iT'SIO&#8236; מכותל1 ב""ת־־ווולים"	"<div class=""txtsearchsnippet"">3 פורעים נהרגו <b class=""highlightcolor"">בחיפה</b> בחילופי ידיות עם הח""לימ היפה, יום א‭—. '‬ אל ...</div>"
24	ahr19471103-01.2.51	3 November 1947	ahr	&#8237;ni mil &#8236;	"<div class=""txtsearchsnippet"">... הורג ילדה. — קיר בשבת בית, אחה שהתמוטט ""צ <b class=""highlightcolor"">בחיפה</b> ברחוב , פגע _צלח־א־דין במסעו דאוואר, י לדת בת ...</div>"
25	hbkr19410801-01.2.60	1 August 1941	hbkr	תקציבו החדש של ועד הקהלה בחיפה	"<div class=""txtsearchsnippet"">תקציבו החדש של ועד הקהלה <b class=""highlightcolor"">בחיפה</b></div>"
26	haretz19430414-01.2.32	14 April 1943	haretz	בחיפה	"<div class=""txtsearchsnippet""><b class=""highlightcolor"">בחיפה</b></div>"
27	dhy19331128-01.2.35	28 November 1933	dhy	Untitled	"<div class=""txtsearchsnippet"">מפעולות <b class=""highlightcolor"">ביה""ח</b> "" הדפה"" ‭? !‬ <b class=""highlightcolor"">בחיפה</b> דין. וחשבון של ביודהחוליס ...</div>"
28	hbkr19401212-01.2.49	12 December 1940	hbkr	השרות הרפואי לשעת חיררם	"<div class=""txtsearchsnippet"">... ד. א. . מזה ‭15‬ בת""א. !ו בירושלים ו־5 <b class=""highlightcolor"">בחיפה.</b> קרוב ל־(א‭10. 01‬ לא""י הושקעו בביצוע הסדורים הרפואיים האלה ...</div>"
29	hmf19470907-01.2.59	7 September 1947	hmf	חיפה	"<div class=""txtsearchsnippet"">השופט ארי קאול <b class=""highlightcolor"">בחיפה</b> הוציא אתמול פקודה למשטרה לאםור בכל מקום שיימצא את. ...</div>"
30	dhy19350903-01.2.84	3 September 1935	dhy	שביתת דמנימ בחיפה	"<div class=""txtsearchsnippet"">שביתת דמנימ <b class=""highlightcolor"">בחיפה</b></div>"
31	hmf19450719-01.2.33	19 July 1945	hmf	&#8237;_ .. &#8236;	"<div class=""txtsearchsnippet"">אלת המלחמהאריטוזה"" <b class=""highlightcolor"">בחיפה</b> אנית המלחמהאריטלזה ‭""""‬ הגיעה אתמול "" לנמל היפה, נסע ...</div>"
32	haretz19350703-01.2.88	3 July 1935	haretz	שאלת ההוספיטליזציה בישוב	"<div class=""txtsearchsnippet"">... התכנית מסכמת את ההצעות השונות להרחבת ההוס־ פיטליזציה בישוב: <b class=""highlightcolor"">ביה״ח</b> העירוני וביה״ח הממשלתי למחלות מדבקות בתל אביב, <b class=""highlightcolor"">ביה״ח</b> של ...</div>"
33	hmf19460722-01.2.63	22 July 1946	hmf	בית־חולים פרטי . גדול ומשוכלל יוקם בחיפה	"<div class=""txtsearchsnippet"">בית־חולים פרטי . גדול ומשוכלל יוקם <b class=""highlightcolor"">בחיפה</b></div>"
34	hmf19451226-01.2.47	26 December 1945	hmf	הממשלה דחתה תביעת הועה''ל	"<div class=""txtsearchsnippet"">... כלומר תוספת של 11 אלף לא""י. כן ר"" יכד <b class=""highlightcolor"">ביה""ח</b> בעמק, ו_^קבל 8000 לא""י . בית החולים ""הדסה"" _בירושלים, ...</div>"
35	hrt19481212-01.2.76	12 December 1948	hrt	&#8237;1^810811 &#8236;	"<div class=""txtsearchsnippet"">V תורנות בית מרקחת <b class=""highlightcolor"">בחיפה</b> המזרח — הרצי' ‭. 87‬ טל. ‭. 3511 ‬ ...</div>"
36	khm19481119-01.2.57	19 November 1948	khm	העלאת השכד תובע 0 עובדי ביהת' ר _miunnn בחיפה	"<div class=""txtsearchsnippet"">העלאת השכד תובע 0 עובדי ביהת' ר _miunnn <b class=""highlightcolor"">בחיפה</b></div>"
37	dhy19350905-01.2.100	5 September 1935	dhy	חיפה	"<div class=""txtsearchsnippet"">... באופן ק‭. ?‬המשטרה אסרה כ־20 איש והחחי?ה בחקירה. ע""י <b class=""highlightcolor"">ביה""ח</b> ובסביבה עומדת הכן כ?הזמן פלוגה ש?שוטרים ארציישרא־ יים _ובו־יטיים. ...</div>"
38	hmf19411030-01.2.22	30 October 1941	hmf	"ד""ש מאודיםה לפני כיבושה"	"<div class=""txtsearchsnippet"">יהודי הגר <b class=""highlightcolor"">בחיפה</b> קיבל בהתחלת השבוע מכתב מאחותו באודיםח. המכתב נכתב ב־18 ...</div>"
39	itonamami19480129-01.2.32	29 January 1948	itonamami	בחיפה	"<div class=""txtsearchsnippet""><b class=""highlightcolor"">בחיפה</b></div>"
40	hmf19450502-01.2.53	2 May 1945	hmf	zs פצועים בהתנגשות מכוניות ליד חיפה	"<div class=""txtsearchsnippet"">, בםעו מיגור לחגיגת א במאי <b class=""highlightcolor"">בחיפה</b></div>"
41	ahr19471207-01.2.46	7 December 1947	ahr	"'רות !הצתות בונוצ""ש בחיפה"	"<div class=""txtsearchsnippet"">'רות !הצתות בונוצ""ש <b class=""highlightcolor"">בחיפה</b></div>"
42	hmf19480101-01.2.22.1	1 January 1948	hmf	Page 1 Advertisements Column 1	"<div class=""txtsearchsnippet"">... ‭, 28‬נדצחה בנ־ סעד. יחד עם עובדים רפואיים מ־ <b class=""highlightcolor"">ביה""ח</b> ""הדסה"" בירושלים. _יופףז בבלי, בן ‭, 22‬מת מפצעיו שנפצע ...</div>"
43	haretz19440220-01.2.24	20 February 1944	haretz	לבטי אישפוז החולים היהודים י	"<div class=""txtsearchsnippet"">(מאת סופרנו <b class=""highlightcolor"">בחיפה)</b> !</div>"
44	hmf19470512-01.2.64	12 May 1947	hmf	"תינוקת נעלמה מביג""ח הממשלתי בחיפה"	"<div class=""txtsearchsnippet"">תינוקת נעלמה מביג""ח הממשלתי <b class=""highlightcolor"">בחיפה</b></div>"
45	hbkr19400509-01.2.66	9 May 1940	hbkr	Untitled	"<div class=""txtsearchsnippet"">גב' נ'יקובם מעיינת בפרטי כנץ <b class=""highlightcolor"">ביה""ח</b> רוטשילד בשהותה <b class=""highlightcolor"">בחיפה</b> קבלה הגב' רוזה ג'יקובס, סגן נשיאת ...</div>"
46	hegeh19461209-01.2.12	9 December 1946	hegeh	הוטב מצבו	"<div class=""txtsearchsnippet"">המעפיל עזריאל פרנקל שהועבר מאנית ""כנסת ישראל"" לבית-החולים הממשלתי <b class=""highlightcolor"">בחיפה</b> עומד לעזוב את <b class=""highlightcolor"">ביה״ח</b> ויועבר כנראה לעתלית.</div>"
47	hmf19461227-01.2.75	27 December 1946	hmf	"הלוואה לביה""ח רוטשילד בחיפה לאיזון התקציב"	"<div class=""txtsearchsnippet"">הלוואה לביה""ח רוטשילד <b class=""highlightcolor"">בחיפה</b> לאיזון התקציב</div>"
48	hmf19451225-01.2.49	25 December 1945	hmf	נהגים ערביים מתנכלים לשוות תחבווה עבר	"<div class=""txtsearchsnippet"">כידוע נתאחדו <b class=""highlightcolor"">בחיפה</b> שרויות האוטובו־ םים ""בת גלים"" עם ""חבר"" — כתוצאה ...</div>"
49	dav19371117-01.2.67.2	17 November 1937	dav	Page 5 Advertisements Column 2	"<div class=""txtsearchsnippet"">מנהלת סולל _בוגה חברי!בבנין <b class=""highlightcolor"">ביה""ח</b> הממשלתי <b class=""highlightcolor"">בחיפה</b></div>"
50	dav19480917-01.2.67	17 September 1948	dav	שר־הפנים לא אישר הצעת המופלגות והארגון להרחבת יועדה העירונית בחיפה	"<div class=""txtsearchsnippet"">שר־הפנים לא אישר הצעת המופלגות והארגון להרחבת יועדה העירונית <b class=""highlightcolor"">בחיפה</b></div>"
51	haretz19480209-01.2.44	9 February 1948	haretz	משלחת הצלב האדום מסיירת בחיפה	"<div class=""txtsearchsnippet"">משלחת הצלב האדום מסיירת <b class=""highlightcolor"">בחיפה</b></div>"
52	hmf19401031-01.2.42	31 October 1940	hmf	חיפה	"<div class=""txtsearchsnippet"">... רחוב נצרת. שניהם נפצעו קשה ומתו בביתי החולים' הממשלתי. <b class=""highlightcolor"">בחיפה.</b> עזבו את <b class=""highlightcolor"">ביה""ח</b> הדסה"" "" כל הפצועים, מלבד שנים, ...</div>"
53	hmf19430419-01.2.36	19 April 1943	hmf	גם בחיפה היהודית יגעים עניני הבריאות	"<div class=""txtsearchsnippet"">גם <b class=""highlightcolor"">בחיפה</b> היהודית יגעים עניני הבריאות</div>"
54	hzh19480620-01.2.35	20 June 1948	hzh	המצב בבית החרלים הממשלתי בחיפה	"<div class=""txtsearchsnippet"">המצב בבית החרלים הממשלתי <b class=""highlightcolor"">בחיפה</b></div>"
55	hmf19470810-01.2.74	10 August 1947	hmf	&#8237;_an11'fvn==&#8236;_־_113־&#8237;_^_s &#8236;	"<div class=""txtsearchsnippet"">— הםרג'נט ה. זקס, ממחלקת החקירות <b class=""highlightcolor"">בחיפה,</b> הועלה לדרגת ק_$ין החל מ־1 באוגוטט. — ד""ד אברמוביץ, ...</div>"
56	hzh19461206-01.2.71	6 December 1946	hzh	"ביה""ח במושבה הגרמנית"	"<div class=""txtsearchsnippet""><b class=""highlightcolor"">ביה""ח</b> במושבה הגרמנית</div>"
57	hmf19460918-01.2.59	18 September 1946	hmf	חיפה	"<div class=""txtsearchsnippet"">... לאחיות מחר ב־‭5. 30‬ אחה""צ יתקיים בבנינו הישן של <b class=""highlightcolor"">ביה""ח</b> ""הדסה"" , ברח' שמריהו לדן, טפס פתיחת מחזור א' ...</div>"
58	hmf19480722-01.2.68	22 July 1948	hmf	"_שביתת־אזהרה בביה""מ רוטשילד בחיפה"	"<div class=""txtsearchsnippet"">_שביתת־אזהרה בביה""מ רוטשילד <b class=""highlightcolor"">בחיפה</b></div>"
59	mar19480311-01.2.13	11 March 1948	mar	מכונית ערבית ניסתה לפרוץ מחסום בחיפה	"<div class=""txtsearchsnippet"">מכונית ערבית ניסתה לפרוץ מחסום <b class=""highlightcolor"">בחיפה</b></div>"
60	hmf19480101-01.2.90	1 January 1948	hmf	יהודי נרצח ליד + כנסיה בחיפה	"<div class=""txtsearchsnippet"">יהודי נרצח ליד + כנסיה <b class=""highlightcolor"">בחיפה</b></div>"
61	hbkr19390629-01.2.45	29 June 1939	hbkr	"להקמת בית החולים ע""ש רוטשילד בחיפה"	"<div class=""txtsearchsnippet"">להקמת בית החולים ע""ש רוטשילד <b class=""highlightcolor"">בחיפה</b></div>"
62	hazmantlv19430812-01.2.52	12 August 1943	hazmantlv	wras	"<div class=""txtsearchsnippet"">... בגב לוסיה מראד מחיפה, שנפצעה קשה והר עברה אל <b class=""highlightcolor"">ביה״ח</b> הממשלתי <b class=""highlightcolor"">בחיפה.</b> בו ביום פגעה מכונית צבאית באשה אחרת ...</div>"
63	hmf19480115-01.2.48	15 January 1948	hmf	2 ההרוגים האלמונים בחיפה - זוהו כיהודים	"<div class=""txtsearchsnippet"">2 ההרוגים האלמונים <b class=""highlightcolor"">בחיפה</b> - זוהו כיהודים</div>"
64	hmf19470801-01.2.53	1 August 1947	hmf	ערבי נורה ליד רמת-יוחנן	"<div class=""txtsearchsnippet"">' בהודעה שנתפרסמה אתמול ע""י. <b class=""highlightcolor"">ביה""ח</b> הממשלתי <b class=""highlightcolor"">בחיפה</b> נמסר כי מחמוד מוחמד ?שחאדי בן 21 ...</div>"
65	dhy19300420-01.2.33	20 April 1930	dhy	Untitled	"<div class=""txtsearchsnippet"">... נ‭_''‬נרי־ . ־‭;"":‬אבה אטנה נהיית שי: נ גיעי הפרעות <b class=""highlightcolor"">בחיפה•</b> / כב!ו ו ן! !ג י""ד־ , הד;נקר _אתכיוצ ...</div>"
66	hmf19470507-01.2.52	7 May 1947	hmf	מכוניות שנשדדו	"<div class=""txtsearchsnippet"">... שלוש מכוניות צבאיות, בהן ג'יפ אחד, נמצאו אתמול עזובות <b class=""highlightcolor"">בחיפה</b> כשהן נושאות מספרים מזויפים. הנהג מאכס פרסט מתל־אביב מסר ...</div>"
67	haretz19450914-01.2.73	14 September 1945	haretz	"מביקורי מ""מ הנציב העליון"	"<div class=""txtsearchsnippet"">... מ. הנציב העליון ד. ' שאו בבית החולים רוטשילד <b class=""highlightcolor"">בחיפה,</b> בלוית מושל המחוז ה' לאו ופקיד המחוז ה' א. ...</div>"
68	ahr19471221-01.2.55	21 December 1947	ahr	נורה יהודיבחיפה כשהלך לגבות חוב בוערבי	"<div class=""txtsearchsnippet"">... בעברה ביום ו' ב־‭1. 40‬ אחה""צ כפינת הוהוברת הבורג'־םטאנטון <b class=""highlightcolor"">בחיפה.</b> שמירת ה""הגבה"" הרגברד, שם. הצתות בכיבוי חמש דליקות עסקו ...</div>"
69	dav19370506-01.2.56.4	6 May 1937	dav	Page 5 Advertisements Column 4	"<div class=""txtsearchsnippet"">הועד המנהל של <b class=""highlightcolor"">ביה""ח</b> העירוני הדסה"" בת""א "" מכריז על 3 משלות של ...</div>"
70	hmf19460614-01.2.68	14 June 1946	hmf	1_זי_5י>	"<div class=""txtsearchsnippet"">... משבץ לב ברחוב אהרן אלטשולר, בן ‭, 75‬מקרית אליהו <b class=""highlightcolor"">בחיפה,</b> מת אתמול משבץ לב בשעת לכתו ברחוב הרצל. גופתו ...</div>"
71	haretz19400129-01.2.18	29 January 1940	haretz	הכנות לבנץ בית־-החולים של קהלת חיפה	"<div class=""txtsearchsnippet"">... אגודת המהנדסים והאדריכאים אועד הבנין שא ביה""ה שא הקחאח <b class=""highlightcolor"">בחיפה</b> הסכים הועד אהכריז עא התחרות פומבית שא אדריכאים אתכנית ...</div>"
72	dav19331130-01.2.7	30 November 1933	dav	_*םתעל_*חוםר ענווה' בץ ערני א'	"<div class=""txtsearchsnippet"">... הערבים, נודע לנו- מספרים בטוחים על מצב ה&amp;_ועל הערבי <b class=""highlightcolor"">בחיפה.</b> עובדה־ היא ־שבימי השביתה הערבית, כשהו-כדחו הפועלים החורגים הלנים ...</div>"
73	mar19480309-01.2.30	9 March 1948	mar	ערביי חיפה מטכסים עצות נגד הנדחות ההמוניות	"<div class=""txtsearchsnippet"">להיום נועדה פגישה בין הועדה הלאומית <b class=""highlightcolor"">בחיפה</b> עם מפקד , הכנופיות : במקום, מחמד חמד' שבה ...</div>"
74	haretz19430628-01.2.38	28 June 1943	haretz	עוד מעט ^־ והעת היא לבנות! ו	"<div class=""txtsearchsnippet"">בתערובתהבנץ <b class=""highlightcolor"">בחיפה</b></div>"
75	ahr19480115-01.2.11	15 January 1948	ahr	שמונה הרוגים בחיפה מהתפוצצות במכונית	"<div class=""txtsearchsnippet"">שמונה הרוגים <b class=""highlightcolor"">בחיפה</b> מהתפוצצות במכונית</div>"
76	hmf19470812-01.2.64	12 August 1947	hmf	הורע מצב הצעיו שנפצע בהתפוצצות בחיפה	"<div class=""txtsearchsnippet"">הורע מצב הצעיו שנפצע בהתפוצצות <b class=""highlightcolor"">בחיפה</b></div>"
77	hmf19460203-01.2.51	3 February 1946	hmf	אם התאבדה לאחר שתינוקה נפל מזרועה וןהרג	"<div class=""txtsearchsnippet"">טרגדיה מחרידה <b class=""highlightcolor"">בחיפה</b></div>"
78	hmf19480212-01.2.70	12 February 1948	hmf	הודי הרוג בחיפה	"<div class=""txtsearchsnippet"">הודי הרוג <b class=""highlightcolor"">בחיפה</b></div>"
79	dav19320414-01.2.38	14 April 1932	dav	&#8237;/ 1 | 111. &#8236;	"<div class=""txtsearchsnippet"">... טיל פחות םזה של חו""ל ואפ כי ! ן <b class=""highlightcolor"">ביה""ח</b> אחראי לו למשך תקופח מסוימת. התכניו! 1 ? ־! ...</div>"
80	hmf19450731-01.2.54	31 July 1945	hmf	דויפה	"<div class=""txtsearchsnippet"">... המ'משלותוי. , ‭תרומות'.. ‬ חברה קדישא ועד חברה קדישא: <b class=""highlightcolor"">בחיפה</b> תרם 500 לוא""י לטובת <b class=""highlightcolor"">ביה""ח</b> . רוטושילד ו־250 לא""י ...</div>"
81	haretz19330703-01.2.26	3 July 1933	haretz	בחיפה	"<div class=""txtsearchsnippet""><b class=""highlightcolor"">בחיפה</b></div>"
82	itonamami19471126-01.2.26	26 November 1947	itonamami	□nי□ה	"<div class=""txtsearchsnippet"">... משרות הר-הכרמל ב-1 4 לח. ז., החלים ועזב את <b class=""highlightcolor"">ביה״ח</b> ״רוטשילד״ <b class=""highlightcolor"">בחיפה.</b> חוזרים ממפה שײרה שלישית של עולײרגל ממכה ...</div>"
83	dav19320620-01.2.11	20 June 1932	dav	אצל קו?הירח עלבהזחמטק	"<div class=""txtsearchsnippet"">... לצעדים שנעשו ע""י ג""ב חטשקים בעמק אצל שלטונות המחוז <b class=""highlightcolor"">בחיפה,</b> בקרו הד""ר א. _קצנל־ םון, חבר הנחלת הועד הלאומי‭-, ...</div>"
84	haretz19471231-01.2.68.3	31 December 1947	haretz	Page 5 Advertisements Column 3	"<div class=""txtsearchsnippet""><b class=""highlightcolor"">בחיפה</b> רבטחון העם"""" * דבמחונך! נפצעו ערכיפ שני פצועים ערבים ...</div>"
85	mar19480315-01.2.6	15 March 1948	mar	' הוד ' בכב י ש נ י ו - ח י פ ה גופת נמצאה ג	"<div class=""txtsearchsnippet"">לחדר המתים של <b class=""highlightcolor"">ביה''ח</b> רוטשילד הובאו הבוקר שתי גוויות של יהודים. אחד גבי ...</div>"
86	dhy19360326-01.2.40	26 March 1936	dhy	"העברת מפעלי ""הדסה* מעןן""ל"	"<div class=""txtsearchsnippet"">מצוקת בית החולים <b class=""highlightcolor"">בחיפה</b> (מישיבת ועד הבריאות לכנסת ישראל)</div>"
87	hmf19460626-01.2.53	26 June 1946	hmf	_ידושליס	"<div class=""txtsearchsnippet"">... 20‬מת""א, מפצועות ההתקפה על בתי המלאכה של מסילות הברזל <b class=""highlightcolor"">בחיפה,</b> עזבה אתמול את <b class=""highlightcolor"">ביה""ח</b> הממשלתי והועברה לבית הסוהר הארעי</div>"
88	hmf19471214-01.2.21	14 December 1947	hmf	"נורה ע""י&#8237;...&#8236;השומר שלו"	"<div class=""txtsearchsnippet"">... שדד ממנו 70 לא""י וברח. הנהג הובא אח""ב ל־ <b class=""highlightcolor"">ביה""ח</b> הצבאי <b class=""highlightcolor"">בחיפה</b> במצב קשה.</div>"
89	haretz19470810-01.2.44	10 August 1947	haretz	הכלל והפרט	"<div class=""txtsearchsnippet"">... לאחר קבלת רשיון כניסה פיוחד למחנות. בשבוע שעבר ביקר <b class=""highlightcolor"">בחיפה</b> סר י. פ. ברין, הנציג הפטחת של אוטסראליה בפזרח ...</div>"
90	haretz19390726-01.2.86	26 July 1939	haretz	לישוב העברי בחיפה!	"<div class=""txtsearchsnippet"">לישוב העברי <b class=""highlightcolor"">בחיפה!</b></div>"
91	hbkr19380802-01.2.12	2 August 1938	hbkr	שתי פצצות בהיפה	"<div class=""txtsearchsnippet"">... הועבר ע""י מכי- ' ניח הדואר שעברה במקום אל <b class=""highlightcolor"">ביה""ח</b> חממשלחי — ושני הפצועים האחרים נלקחו אל אותו בי""ח ...</div>"
92	hashaah19390725-01.2.46	25 July 1939	hashaah	לישוב העברי בחיפה!	"<div class=""txtsearchsnippet"">לישוב העברי <b class=""highlightcolor"">בחיפה!</b></div>"
93	haretz19421028-01.2.29.1	28 October 1942	haretz	Page 1 Advertisements Column 1	"<div class=""txtsearchsnippet"">... מ י טב ברכות י הם לועד הקהלה העברית <b class=""highlightcolor"">בחיפה</b> לחנוכת <b class=""highlightcolor"">ביה־ח</b> רוטשילד ע""י ה. מ. הנציב העליון !מב ...</div>"
94	haretz19450924-01.2.69	24 September 1945	haretz	הכלל והפרט	"<div class=""txtsearchsnippet"">... ללונדון בעניני החברה ונכנס לעבודתו במשרד הנהלת . פיק""א <b class=""highlightcolor"">בחיפה.</b> ר""ר באלה גאלו, תלמידו של פרופ' פראנקו מ""הדסה* נתמנה ...</div>"
95	haretz19450222-01.2.25	22 February 1945	haretz	"פולי&מ ו^יד הקהילה נחיפה ז3ל מ1וכת ביה""ח רוטשילד"	"<div class=""txtsearchsnippet"">פולי&amp;מ ו^יד הקהילה נחיפה ז3ל מ1וכת <b class=""highlightcolor"">ביה""ח</b> רוטשילד</div>"
96	hbkr19381227-01.2.16	27 December 1938	hbkr	שני עונים בחיפה זוהו כרוצחים	"<div class=""txtsearchsnippet"">שני עונים <b class=""highlightcolor"">בחיפה</b> זוהו כרוצחים</div>"
97	hmf19471020-01.2.67	20 October 1947	hmf	אסירים ערביים שוחררו בכוח מידי המשטרה	"<div class=""txtsearchsnippet"">... מחמוד עלי אסאווה, בן ‭, 66‬שהועבר במצב קל ל־ <b class=""highlightcolor"">ביה""ח</b> הממשלתי <b class=""highlightcolor"">בחיפה.</b></div>"
98	dav19370616-01.2.65	16 June 1937	dav	UNKNOWN	"<div class=""txtsearchsnippet"">... _"" תח""מ-רו* שטרנהל- מצהיי-בזה ששכרתי ביחד עם מר אמסטרדם <b class=""highlightcolor"">ביה""ח</b> 1 לאטריות וצנימים של האחים ביינל־ הנמצא _בחליםה, <b class=""highlightcolor"">בחיפה,</b> ...</div>"
99	haretz19310809-01.2.15	9 August 1931	haretz	אסון נורא בשפיר־;	"<div class=""txtsearchsnippet"">... דבקת פרנס ותהניכה הביבה יצתקי תובאו מיד באוטו ?הדסה"" <b class=""highlightcolor"">בחיפה</b> והשלישית הועברה <b class=""highlightcolor"">?ביה""ח</b> "" בזכרו! יעקב. הגב' פרנס מתה ...</div>"
100	hmf19471106-01.2.71	6 November 1947	hmf	"שופט ערבי מותח בקורת על אופן הטפול בחולים עניים בביה""ח הממשלתי"	"<div class=""txtsearchsnippet"">... — דברים אלה נאמרי אתמול ע""י השופט חליל שחדר, <b class=""highlightcolor"">בחיפה</b> בשעת בירור משפט של ערבי שנאשם בהריגת חברו. הערבי ...</div>"
101	hbkr19390511-01.2.98	11 May 1939	hbkr	"נתאשו פסזדד של מעפילי ""אדםמיזזד"	"<div class=""txtsearchsnippet"">בית־ד המחיזי <b class=""highlightcolor"">בחיפה.</b> עישר בשמכית בית דין לערע־רים בנשיאות מ. כ השו־ ...</div>"
102	haretz19331217-01.2.31.3	17 December 1933	haretz	Page 3 Advertisements Column 3	"<div class=""txtsearchsnippet"">... או בסביבה הקרובה לפנות ת. ד. 233 עבור ""פקידה"". <b class=""highlightcolor"">ביה״ח</b> ־2כ.ור חולים הוהפיטל• מודיע בזה להקהל הנכבד שהמחלקה והמרפאה ...</div>"
103	dav19480620-01.2.42	20 June 1948	dav	ת י .פ ה י . בית החולים הממשלתי בחיפה מתארגז מחדש	"<div class=""txtsearchsnippet"">... י . פ ה י . בית החולים הממשלתי <b class=""highlightcolor"">בחיפה</b> מתארגז מחדש</div>"
104	hbkr19391210-01.2.59	10 December 1939	hbkr	&#8237;4^019 &#8236;	"<div class=""txtsearchsnippet"">... חיפה קרוב ל־‭600. 000‬ תי-ב-ת הדי. הובטח תקציבי של <b class=""highlightcolor"">ביה""ח</b> עריצי ד""ר פ. אפרתי נתמנה למנהל מחלקת הבריאות של ...</div>"
105	ahr19470812-01.2.59	12 August 1947	ahr	אשר&#8237;!.&#8236;פצעה בחילופי יריות בין _מכון־ת וג'י_3 חיפהום בי חילופי יריות	"<div class=""txtsearchsnippet"">... צבאי , שגרמו לפציעת אשר"" היו אמש ברח' הגפן <b class=""highlightcolor"">בחיפה,</b> לאתר שמהמבוגית נורו יריות אל הג'יפ — מוסרת הודעה ...</div>"
106	dhy19300928-01.2.44.3	28 September 1930	dhy	Page 4 Advertisements Column 3	"<div class=""txtsearchsnippet"">... 2 9. 9 5 0 | :‬ ן _ממימיאפוה <b class=""highlightcolor"">בחיפה</b> ‭_*_55_^3‬_א‭*^*^***‬א_*א-א-א‭^*‬_י‭**^*^‬_א*_א‭***‬_א‭*^*‬ן‭*^*^*^*&gt;‬_א_* (</div>"
107	hmf19470514-01.2.74	14 May 1947	hmf	_חלקי־גופה של חווני נמצאו בחיפה	"<div class=""txtsearchsnippet"">_חלקי־גופה של חווני נמצאו <b class=""highlightcolor"">בחיפה</b></div>"
108	haretz19330721-01.2.22	21 July 1933	haretz	בחיפה	"<div class=""txtsearchsnippet""><b class=""highlightcolor"">בחיפה</b></div>"
109	dhy19310301-01.2.41	1 March 1931	dhy	מאסר קומוניסט;	"<div class=""txtsearchsnippet"">... מבתי המשפט ביום התמשי וביום הששי התנהל בביהמ""ש דנזחוזי <b class=""highlightcolor"">בחיפה</b> המיטד משפטם של שליטת הדרוזים ט""דליית אל כרמל"" שנאשמו ...</div>"
110	hazmantlv19431208-01.2.44	8 December 1943	hazmantlv	KlamsB	"<div class=""txtsearchsnippet"">... חדר הכרמל בימים אלה הוצאה לפועל ונרשמה במחלקת הטאבו <b class=""highlightcolor"">בחיפה</b> ההלואה בסכום 20 אלף לא׳י, שניתנה לועד הדר הכרמל ...</div>"
111	dav19360326-01.2.113	26 March 1936	dav	"עיכובים בהעברת מפעליהדסה"" אל הועד הלאומי &#8237;'"" &#8236;"	"<div class=""txtsearchsnippet"">... על עצמת בתקופת -אחרונה ךתהייבו-יות כספיות נדולית לגבי מפעל <b class=""highlightcolor"">_ביה""ח</b> האוניברסיטאי ולגבי על-ת הני‭-^-‬ד מגרמניה. אינה מסכימה _בשזם _2_נים</div>"
112	hmf19470806-01.2.65	6 August 1947	hmf	"_הלוית צ?_ליננונה ז""ל"	"<div class=""txtsearchsnippet"">... את צדוק ליםבונה ז""ל שנהרג בשעת השוד בבנק ברקלס <b class=""highlightcolor"">בחיפה.</b> ליד <b class=""highlightcolor"">ביה""ח</b> --רו‬‭טשילד הספידו יו""ר קהלת חיפה מד ג. ...</div>"
113	itonamami19480301-01.2.10	1 March 1948	itonamami	חללינו	"<div class=""txtsearchsnippet"">8 קרבנות <b class=""highlightcolor"">ביה״ח</b> ״היוצק״, שנרצחו % הפורעים, לאחר שהופקרו ע״י הצבא, וטרם ...</div>"
114	dhy19320114-01.2.13.1	14 January 1932	dhy	Page 1 Advertisements Column 1	"<div class=""txtsearchsnippet"">... ה כשביל _חעא מנהל שצ ועד _ניןךמוןלים הקהצה חעברית <b class=""highlightcolor"">בחיפה</b> הוטה — המשרה היא הצקית ~ עצ המעונינים צפנות ...</div>"
115	haretz19450813-01.2.16.3	13 August 1945	haretz	Page 1 Advertisements Column 3	"<div class=""txtsearchsnippet"">... (11. 8. 45 ‬ ? ההלויה תצא מביתיחולים *רוטשילד"" <b class=""highlightcolor"">בחיפה.</b> היום יום שני, א ' $ ־£ ד אלול, ...</div>"
116	hmf19430408-01.2.26	8 April 1943	hmf	חיבה	"<div class=""txtsearchsnippet"">... ז""י. ביום ב' ‭(5. 4. 43)‬ היה בבית הקברות <b class=""highlightcolor"">בחיפה</b> גלוי מצבתו של ח. א. קרופניק ז""ל, מי שהיה ...</div>"
117	hbkr19480917-01.2.22	17 September 1948	hbkr	משרד הבריאות הממשלתי מגיב *ל דברי י. רוקח	"<div class=""txtsearchsnippet"">... ע-י מה דוק* ממשלת ישראל קבלה ליוה את ביה-ח <b class=""highlightcolor"">בחיפה</b> (שהיה, אגב, ממשלתי נם בימי הפנ־ דפ), ובו בזמן ...</div>"
118	hbkr19460911-01.2.51	11 September 1946	hbkr	"נכשל נםיון להתפרץ לביה""ח הממשלתי בחיפה"	"<div class=""txtsearchsnippet"">נכשל נםיון להתפרץ לביה""ח הממשלתי <b class=""highlightcolor"">בחיפה</b></div>"
119	hmf19421013-01.2.35	13 October 1942	hmf	חיבה	"<div class=""txtsearchsnippet"">... ההצי־שנתי של הקהילה ב־1 באפריל ‭. 1943‬ הודות לבנין <b class=""highlightcolor"">ביה""ח</b> חחדש נמנעה התפשטות מניפת הטיפוס <b class=""highlightcolor"">בחיפה</b> ה' בוניאק הודיע ...</div>"
120	hzh19480929-01.2.76	29 September 1948	hzh	חיפה	"<div class=""txtsearchsnippet"">אזעקה <b class=""highlightcolor"">בחיפה</b> לאחד הפסקה הופעלו אתמול ב־‭11. 35‬ צופרות האזעקה <b class=""highlightcolor"">בחיפה</b> ...</div>"
121	khm19480917-01.2.53	17 September 1948	khm	"אין יסוד _לםענת ההפלייה בין ת""א לחיפה בשטה האישפוז"	"<div class=""txtsearchsnippet"">... עי"" מי רוקח. ממשלת ישראל קבלה לידי. את ני־''ח <b class=""highlightcolor"">בחיפה</b> (שהיי, אגב, ממשלתי גם בימי המנדט) ובי בזמן הטילה ...</div>"
122	ahr19470507-01.2.79	7 May 1947	ahr	ברה נהג מכונית גנובה ת אז	"<div class=""txtsearchsnippet"">... ראובן בן יקותיאל סטאן מתי'א — נפצע ונאסף אל <b class=""highlightcolor"">ביה""ח</b> הממשלתי <b class=""highlightcolor"">בחיפה,</b> מצבו אינר קשה. הפצוע נעצר לצורכי חקירה. ...</div>"
123	dav19440720-01.2.56	20 July 1944	dav	UNKNOWN	"<div class=""txtsearchsnippet"">... בקשר למכתב שפורסם ב""דבי* בחתימתי ובחתימת עיר חברים מעובדי <b class=""highlightcolor"">ביה""ח</b> ""עורה"" <b class=""highlightcolor"">בחיפה</b> על _חתימותינו תחת הצהרת החברים הבלתי־מפלגתיים, הנני ...</div>"
124	haretz19320718-01.2.11	18 July 1932	haretz	אבל פיומר	"<div class=""txtsearchsnippet"">... בצערה על מותו של הלורד שלומר. . העמק-לאדור סגירת <b class=""highlightcolor"">ביה""ח</b> ב־‭14‬ לח. 1 ביקרת משלחת ממשקי סביבת "" עפולה ...</div>"
125	hmf19460222-01.2.68	22 February 1946	hmf	"מם&נת &#8237;""עגן-""'&#8236; בחיפה עלתה באש"	"<div class=""txtsearchsnippet"">מם&amp;נת ‭""עגן-""'‬ <b class=""highlightcolor"">בחיפה</b> עלתה באש</div>"
126	hzh19450725-01.2.56	25 July 1945	hzh	. חי פ ח ?	"<div class=""txtsearchsnippet"">... אלפים לא""י למשך ‭10—8‬ שנים לשם כיסוי הגרעון של <b class=""highlightcolor"">ביה""ח</b> ‭,, ‬רוט' שילד"" של הקהילה. ' בתורים בתור לקבלת ...</div>"
127	hbkr19381219-01.2.12	19 December 1938	hbkr	יהושע גנזל נרצח ליד עתלית	"<div class=""txtsearchsnippet"">... השיב אש מאקדח שיש לו ברשיון 'המשיך בדרכו. סופרנו <b class=""highlightcolor"">בחיפה</b> מוסר: הנרצח יהושע גנזל הובא אמש בשעה 8 אל ...</div>"
128	mar19480310-01.2.37	10 March 1948	mar	מענד _למחסם	"<div class=""txtsearchsnippet"">... נתמנה ערבי. דגים על , חיזוק ההגנה הערבית ' <b class=""highlightcolor"">בחיפה</b> וסביבתה אתמול נפגשה , הוועדה הל ־ אומית* <b class=""highlightcolor"">בחיפה</b> ...</div>"
129	haretz19450703-01.2.51	3 July 1945	haretz	תאובת־דרכים - בחיפה: 11 צעירות נפצעו	"<div class=""txtsearchsnippet"">תאובת־דרכים - <b class=""highlightcolor"">בחיפה:</b> 11 צעירות נפצעו</div>"
130	hmf19471022-01.2.81	22 October 1947	hmf	ןןןןןןןןןןןן חיפה &#8237;!Hill &#8236;	"<div class=""txtsearchsnippet"">... בשעות הבוקר ע""י מכונית שעבוד. ברח' יל""ג. הוא הועבר <b class=""highlightcolor"">ביה""ח</b> רוטשילד. חוששים לשבי־ בעמוד השדרה. גנבו רכושן האתרון של ...</div>"
131	hbkr19430209-01.2.30	9 February 1943	hbkr	נוסד בחיפה נפצע במילוי תפקידו	"<div class=""txtsearchsnippet"">נוסד <b class=""highlightcolor"">בחיפה</b> נפצע במילוי תפקידו</div>"
132	haretz19461208-01.2.38	8 December 1946	haretz	בחיפה	"<div class=""txtsearchsnippet""><b class=""highlightcolor"">בחיפה</b></div>"
133	haretz19400105-01.2.63.5	5 January 1940	haretz	Page 7 Advertisements Column 5	"<div class=""txtsearchsnippet"">לרגלי החמש הראשון לקיום <b class=""highlightcolor"">ביה־ח</b> נטלנו % אנו מודים צכצ צקוהותינו הנכבדים <b class=""highlightcolor"">בחיפה,</b> תצ ...</div>"
134	dav19330727-01.2.7	27 July 1933	dav	"הממשלה נדרשת .למות ביה&#8237;""'&#8236;ח בחיפה"	"<div class=""txtsearchsnippet"">הממשלה נדרשת . למות <b class=""highlightcolor"">ביה‭""'‬ח</b> <b class=""highlightcolor"">בחיפה</b></div>"
135	hmf19390802-01.2.61	2 August 1939	hmf	חיפה	"<div class=""txtsearchsnippet"">... 15 שנה. מותיקי התנועה הלאומית, היה הבר ?ועד הצה""ר <b class=""highlightcolor"">בחיפה.</b> נתלה , בעכו המתנקש ?בד""ר שטרנברג וטריביץ בצפת . ...</div>"
136	hbkr19380505-01.2.81	5 May 1938	hbkr	Untitled	"<div class=""txtsearchsnippet"">... מתוצרת הארז בימים אלה נחתם הסכם עפ מעבדי השיש <b class=""highlightcolor"">בחיפה</b> בו הם מתחייבים לעבד לוחית שיש למטבחים ילצפיי קירית ...</div>"
137	dav19370621-01.2.37	21 June 1937	dav	שאלת האחות המעשית	"<div class=""txtsearchsnippet"">... ולאחיות המוסמכות. - בית""ח "" הרסת"" של הקהלת העברית <b class=""highlightcolor"">בחיפה</b> קבל י את תחוקה הנ""ל בשביל עובדיו.</div>"
138	haretz19440525-01.2.21	25 May 1944	haretz	!רש^מ1 הממן מחיפו?	"<div class=""txtsearchsnippet"">מפעולות ל^י^ול במולי־דוח הטיפול במללי רוח <b class=""highlightcolor"">בחיפה</b> ממיבנ האחרונות מימש משא ?למסיבה, שנערכה מטע3נ הועדה הצבורית ...</div>"
139	dav19470514-01.2.22	14 May 1947	dav	UNKNOWN	"<div class=""txtsearchsnippet"">חלקי גויה גט3או <b class=""highlightcolor"">בחיפה</b> שתי ידים ישתי רגלים נט, צאו שלשום ע""י פועלי ...</div>"
140	hmf19470917-01.2.56	17 September 1947	hmf	הרוגים ופצועים בתאונות דרכים	"<div class=""txtsearchsnippet"">... אריץ קורנ־ פלמן, חוסיין דגלול ודוד סבאג הובאו ל־ <b class=""highlightcolor"">ביה""ח</b> <b class=""highlightcolor"">בחיפה.</b> הזוג טיופיק ולאביב חורי . מתו כעבור זמן־מה ...</div>"
141	hmf19470511-01.2.80	11 May 1947	hmf	2 נפצעו קשה בתאונת־ דרכים ליד רעננה	"<div class=""txtsearchsnippet"">... — לכיה""ד הצכאי יצחק בוזגלו, בן ‭, 29‬עזב את <b class=""highlightcolor"">ביה""ח</b> הממשלתי <b class=""highlightcolor"">בחיפה</b> והובא בשבת לפני השופט דאוד יוסף כששתי ...</div>"
142	mar19480721-01.2.45	21 July 1948	mar	"שביתת אזהרה בביה""ח *רוטשילד• בחיפה"	"<div class=""txtsearchsnippet"">שביתת אזהרה בביה""ח *רוטשילד• <b class=""highlightcolor"">בחיפה</b></div>"
143	haretz19441017-01.2.33	17 October 1944	haretz	בחיפה	"<div class=""txtsearchsnippet""><b class=""highlightcolor"">בחיפה</b></div>"
144	haretz19360908-01.2.37	8 September 1936	haretz	קופת הולים והתפתחותה	"<div class=""txtsearchsnippet"">... הגדול ביותר של קו״ח להו־ Iטת העזרה הרפואית הוא <b class=""highlightcolor"">ביה״ח</b> המר־ .זי בעמק יזרעאל. בשנת תרצ״ד היו -1 72 ...</div>"
145	haretz19460920-01.2.46	20 September 1946	haretz	כינוס הציונים הכלליים	"<div class=""txtsearchsnippet"">... הציוני לשם דיון על המצב המדיני. י בי""ם לאחיות <b class=""highlightcolor"">בחיפה</b> • אתמול נפתח <b class=""highlightcolor"">בחיפה</b> בית ספר לאחיות 'יליד כיה''ח ...</div>"
146	mar19480905-01.2.26	5 September 1948	mar	משו1 הבריאות מרחיב את בשלותיו	"<div class=""txtsearchsnippet"">... הד""ד מני. כן מנהל המשרד ארבעה בתי חולים ממשלתיים: <b class=""highlightcolor"">ביה""ח</b> ""הירקוף בתל אביב, <b class=""highlightcolor"">ביה""ח</b> למחלות מדבקות בפרדס כץ, <b class=""highlightcolor"">ביה''ח</b> ...</div>"
147	hmf19470611-01.2.74	11 June 1947	hmf	_ח!חיד _וחצבוד	"<div class=""txtsearchsnippet"">... ששירת בשעת המלחמה בצבא הבריטי , נתמנה כמגן מנהל <b class=""highlightcolor"">ביה""ח</b> הממשלתי <b class=""highlightcolor"">בחיפה.</b> — לרגל יום הולדת המלד ב־12 ביוני ...</div>"
148	hmf19460714-01.2.54	14 July 1946	hmf	n בורוזי _אויתויאה הצליחו להגיע לסודן	"<div class=""txtsearchsnippet"">... יונגמן, בן ‭, 35‬טבע אתמול בשעה שהתרחץ בחוף חיאט <b class=""highlightcolor"">בחיפה.</b> גופתו נלקחה לביה""ח הממשלתי ואחה""צ הועברה לחדר המתים של ...</div>"
149	hazmantlv19440119-01.2.60	19 January 1944	hazmantlv	;n3’n3t	"<div class=""txtsearchsnippet"">... שפורסמה בכמה עתו־ ji נים על איחוד שירותי התחבורה <b class=""highlightcolor"">בחיפה</b> י נ מוקדמת עדיין, באשר טרם דגיעי לידי । ...</div>"
150	haretz19420622-01.2.54	22 June 1942	haretz	בחיפה	"<div class=""txtsearchsnippet""><b class=""highlightcolor"">בחיפה</b></div>"
151	ahr19481201-01.2.30	1 December 1948	ahr	_BISiSSSIlllf	"<div class=""txtsearchsnippet"">... ‬העוגנת _בננ־ז היפה. מאיר _ליכטנ־ שטיין מרח' הל־הי 14 <b class=""highlightcolor"">בחיפה</b> נכוו־ בכ""יו ־נאסף אל <b class=""highlightcolor"">ביה""ח</b> הממשירי. מכוניות שנמצאו שלוש ...</div>"
152	ahr19450720-01.2.92	20 July 1945	ahr	"תבעת עזרת הממשלה לשירות הרפואי של ""ישוב"	"<div class=""txtsearchsnippet"">... קצנלסון _מהנהלח הוועה''ל‭, 1, ‬לוין, יו""ר וועד הקהילה העברית <b class=""highlightcolor"">בחיפה,</b> ש. לוי , יו""ר הוועד־המנהל של <b class=""highlightcolor"">ביה""ח</b> ""רוטשילד"" <b class=""highlightcolor"">בחיפה,</b> ...</div>"
153	haretz19470725-01.2.60	25 July 1947	haretz	ו כוזיפפ I	"<div class=""txtsearchsnippet"">... יערך תמרון עזרה ראשונה לכל חברי מ. ד. א. <b class=""highlightcolor"">בחיפה.</b> מתאםםיסע""י <b class=""highlightcolor"">ביה""ח</b> רוטשילד־ ב‭7. 45‬ בבוקר בתלבושת נוחה. י ...</div>"
154	hzh19460923-01.2.52	23 September 1946	hzh	_חי_&ה	"<div class=""txtsearchsnippet"">... מתבקשים לדייק. המפעל ""לעם במצור"" בסיומו המפעל ""לעם במצור"" <b class=""highlightcolor"">בחיפה</b> מסתיים, כל אלה שטרם ?נענו או שלא בוקרו _מחבקשים ...</div>"
155	hmf19480104-01.2.59	4 January 1948	hmf	4 יהורם נוצחו מיריות ערבים בחיפה	"<div class=""txtsearchsnippet"">4 יהורם נוצחו מיריות ערבים <b class=""highlightcolor"">בחיפה</b></div>"
156	hmf19480120-01.2.71	20 January 1948	hmf	"נהג יהוו' נהרג ע""י לגיונרים ערבים בחיפה"	"<div class=""txtsearchsnippet"">נהג יהוו' נהרג ע""י לגיונרים ערבים <b class=""highlightcolor"">בחיפה</b></div>"
157	hbkr19451104-01.2.52	4 November 1945	hbkr	העוצר בדרכי הארץ	"<div class=""txtsearchsnippet"">ניתוק <b class=""highlightcolor"">ביה''ח</b> על הד הצופים העוצר. שהוטל על צרכי הארץ. פגע ...</div>"
158	hmf19450122-01.2.29	22 January 1945	hmf	הייפד>	"<div class=""txtsearchsnippet"">... האמבטיה שבדירתו בלי רוח חיים. גופתו נלקחה לביה""ח ‭;?‬ממשלתי <b class=""highlightcolor"">בחיפה,</b> במקום שנקבע כי ל, מוחת נגרם משבץ לב. המנוח ...</div>"
159	hmf19460805-01.2.50	5 August 1946	hmf	n יפויי	"<div class=""txtsearchsnippet"">... עוד סטודנטים מארה‭ב'&lt;‬ כן הגיעו כמה עולים וסטודנטים לתכניון <b class=""highlightcolor"">בחיפה</b> ולאוניברסיטה בירושלים! <b class=""highlightcolor"">ביה""ח</b> של ""הדסה"" בעתלית נפתח מהדש הסתדרות ...</div>"
160	hazmantlv19431110-01.2.35	10 November 1943	hazmantlv	®גחיעוזן	"<div class=""txtsearchsnippet"">... הוסיין וסעיד עבדול קאצר נעצרו ע״י כבי השופט רוזנצווייג <b class=""highlightcolor"">בחיפה</b> למשך 15 יום באשמת רצח חג׳ מחמוד בתוך ב ...</div>"
161	ahr19481008-01.2.12	8 October 1948	ahr	_שומוימ ועובד,_האוניברסיטה בהד-הצוכים 'וחרט	"<div class=""txtsearchsnippet"">... לשל. טונות היהודיים כל ידיעה בק־ שר להודעת או""ם <b class=""highlightcolor"">בחיפה</b> שלפיה הושג הסכם ביח6 להעברת אמבולנסיפ ערביים דרך _הו־הצופיש ...</div>"
162	dav19320930-01.2.15	30 September 1932	dav	"ננוס ימי ראשון ל""הנועל"	"<div class=""txtsearchsnippet"">גשבת וביום א' ייערך <b class=""highlightcolor"">בחיפה</b> הכי-נום הארצי , של הימי הראשון _^פיעל‭, ""‬שוהוא חלק ...</div>"
163	khm19480209-01.2.46	9 February 1948	khm	חילופי ?_די1ת בחיפה	"<div class=""txtsearchsnippet"">חילופי ?_די1ת <b class=""highlightcolor"">בחיפה</b></div>"
164	kolisraeljlm19380407-01.2.4	7 April 1938	kolisraeljlm	הקדוש מר מרדכי בער ז״ל	"<div class=""txtsearchsnippet"">... על המשמר בעבודת הכבישים ביערורת הכרמל על הר הכרמל <b class=""highlightcolor"">בחיפה.</b> הרצח קרוח באמצע היום. הקדוש עלוה לאיי בשנים האחרונות ...</div>"
165	ahr19471228-01.2.7	28 December 1947	ahr	"קציר הץודם &#8237;?a&#8236;ו""ו ו י&#8237;?""1?&#8236; &#8237;_IIJ IIJ &#8236;"	"<div class=""txtsearchsnippet"">... שי י שני יהודים, שלא זוהו שנמצאו בשוק הערבי <b class=""highlightcolor"">בחיפה,</b> הובאו היום אחה""צ אי1 _ביח־החוי י ים הממשלתי. בשכונת ...</div>"
166	hmf19471214-01.2.77	14 December 1947	hmf	אריה וולפיש היד	"<div class=""txtsearchsnippet"">נרצח ע""י ערבים <b class=""highlightcolor"">בחיפה</b> ביום ו' בשעה ‭3. 30‬ אחה""צ נרצח <b class=""highlightcolor"">בחיפה</b> באופן ...</div>"
167	ahr19461229-01.2.45	29 December 1946	ahr	"&#8237;2d&#8236; אלף לא""־ תעלה התוכנית להרחבה _המסני ם וחידוש הבלאי"	"<div class=""txtsearchsnippet"">... ב־6 מכוני הרנטגן של קופ""ח והם : בביה''ח בעמק, <b class=""highlightcolor"">ביה""ח</b> בילינסון, הכרמל, ביח־לוינשטיין וכן במרפאות המרכזיות כחל־אביב וחיפה. המיינוגרף ...</div>"
168	kolisraeljlm19421105-01.2.8	5 November 1942	kolisraeljlm	הרב י. עוזר, היפה כמתוקניט שבהט	"<div class=""txtsearchsnippet"">... עובדים יהודי, עבור הנזקקים היהודיים• החסרון היסודי הוא, שמטבח <b class=""highlightcolor"">ביה״ח</b> הוא טרף בהחלט• משרד הרבנות <b class=""highlightcolor"">בחיפה</b> טפל אמנם בשעתו ...</div>"
169	itonamami19480205-01.2.28	5 February 1948	itonamami	בnיפה	"<div class=""txtsearchsnippet"">לוית הקדושים פחיפה המונים השתתפו אתמול בהלווית חמשת הקדושים <b class=""highlightcolor"">בחיפה,</b> שנרצחו ע״י חײלי הלגיון הערבי. ההלוויה י צאה מביה״ח ...</div>"
170	haretz19460905-01.2.21	5 September 1946	haretz	!מעפילי >>4 חרויות<< בדרך לקפריסין	"<div class=""txtsearchsnippet"">... ד' לפמאגוסטה בלוית אגית מלחמה בריטית מן הצי העוגן <b class=""highlightcolor"">בחיפה.</b> ‭*5‬ חוליפ נשארו כארץ מתברר, כי ‭45‬ חולים מבין ...</div>"
171	haretz19390731-01.2.49	31 July 1939	haretz	בחיפה	"<div class=""txtsearchsnippet""><b class=""highlightcolor"">בחיפה</b></div>"
172	hmf19460118-01.2.69	18 January 1946	hmf	&#8237;/_1&#8236; י&#8237;_1 1/&#8236;_א&#8237;li 1&#8236; _rurm	"<div class=""txtsearchsnippet"">... קצר אחר שהובא לקופת חולים בקרית חיים. ט""ו בשבט <b class=""highlightcolor"">בחיפה</b> מאות תלמידים מכל בתי הספר <b class=""highlightcolor"">בחיפה</b> השתתפו אתמול בחגיגת ...</div>"
173	hzh19480502-01.2.70.2	2 May 1948	hzh	Page 4 Advertisements Column 2	"<div class=""txtsearchsnippet"">עיי ‭J1I!!IU1_UI!1I!1_IIU!1IU11!IUIHII!I;!I11I1!1I!I!!1_HI1JS!I11_^‬ א ‭I '‬הרשמתתלמידותלשוה !_ביה־ס לאחיות <b class=""highlightcolor"">ביה""ח</b> רוטשילד <b class=""highlightcolor"">בחיפה</b> ‭. m '‬1 J‬ ־ — I ...</div>"
174	hazmantlv19440501-01.2.52	1 May 1944	hazmantlv	sißnsi®	"<div class=""txtsearchsnippet"">... של מגד״א הועבר לקו״ח ולאחר עזרה ראשונה הועבר אל <b class=""highlightcolor"">ביה״ח</b> רוטשילד <b class=""highlightcolor"">בחיפה.</b> יצא לחופשה סגן מושל חיפה והמחוז מר ...</div>"
175	tsohorayimhaifa19460502-01.2.14	2 May 1946	tsohorayimhaifa	.ס!■®■?•	"<div class=""txtsearchsnippet"">... היהודי נודע לנו, כי הספק לחלב של בית־החולים הממשלתי <b class=""highlightcolor"">בחיפה</b> — הסוחר מר בוטג׳י, ממציא לבית חולים זה חלב ...</div>"
176	ahr19480209-01.2.80	9 February 1948	ahr	"ע_0ד _מחסונעים ה1קמ1 ב""רושל""מ"	"<div class=""txtsearchsnippet"">... יום א‭—. '‬ משלתת ""הצלב האדום"" הבינלאומי ביקרה היום <b class=""highlightcolor"">בחיפה.</b> המשלחת סיירה בתחנת מ. ד. א. ובבתי החולים רוטשילד, ...</div>"
177	ahr19470626-01.2.35	26 June 1947	ahr	&#8237;f _rmx_&m &#8236;	"<div class=""txtsearchsnippet"">... ‭!1‬לוחמן למבגורין, תל־אביב, רחוב ברנר 111 ובלה _למבגוריךרוזנמן, ירושלים, <b class=""highlightcolor"">ביה""ח</b> ""הדסה‭. ""‬פרטים אצל משה גלור, קי־ בוץ גל־און, נט־צימה. ...</div>"
178	hbkr19390713-01.2.71	13 July 1939	hbkr	נידו! לתליה	"<div class=""txtsearchsnippet"">אתמול בשעת הצהרים נסתיים בפני ביה""ד הצבאי <b class=""highlightcolor"">בחיפה</b> משפטו של מוחמד מחמוד עבדול נאג'יב צלאח מצפת. שנאשם ...</div>"
179	hbkr19390301-01.2.58.2	1 March 1939	hbkr	Page 5 Advertisements Column 2	"<div class=""txtsearchsnippet"">... מאפית וקונדיטוריה י 238 , ימשלי* דה' הנביאים. מול <b class=""highlightcolor"">ביה""ח</b> -הדקה"". קל. ‭. ' ?114 ‬ הזמינו את דביכמ ...</div>"
180	ahr19480104-01.2.11	4 January 1948	ahr	שניים מתו מפצע י הם בחיבה	"<div class=""txtsearchsnippet"">... הרוגים ביריות נמצאו במורח חיפה ביום ו' והובאו אל <b class=""highlightcolor"">ביה""ח</b> הממשלתי, מחסור בבנזין _כחיפח ביום ו' כבר נתן המחסור ...</div>"
181	hbkr19400408-01.2.57	8 April 1940	hbkr	&#8237;£-^1^ &#8236;	"<div class=""txtsearchsnippet"">האדריכל : ־ ויעדר זצה' בפה בהתחרות לבנין <b class=""highlightcolor"">ביה''ח</b> רוטשילד בהתחרות לתכו־ת בנין בית החולים רוטשילד <b class=""highlightcolor"">בחיפה.</b> אשר ...</div>"
182	khm19480803-01.2.54	3 August 1948	khm	מתוך העתון הרשמי	"<div class=""txtsearchsnippet""><b class=""highlightcolor"">בחיפה</b> היפה, יום כ' — כישיכר, משיתפת של היען} הפועל ...</div>"
183	ahr19480127-01.2.66	27 January 1948	ahr	30 ערבים בחיפה פורקו מנשקם	"<div class=""txtsearchsnippet"">30 ערבים <b class=""highlightcolor"">בחיפה</b> פורקו מנשקם</div>"
184	haretz19310814-01.2.40	14 August 1931	haretz	בחיפה	"<div class=""txtsearchsnippet""><b class=""highlightcolor"">בחיפה</b></div>"
185	haretz19380830-01.2.2	30 August 1938	haretz	רוצח מיערות הכרמל	"<div class=""txtsearchsnippet"">... עא פ""ד שא מיתה שהוצא ע""י בית חדין חצבאי <b class=""highlightcolor"">בחיפה</b> עא מחמוד זזםיין חםאן, ברואי מסביבות ח-פה, ענתפס ע""י ...</div>"
186	haretz19470425-01.2.21.1	25 April 1947	haretz	Page 1 Advertisements Column 1	"<div class=""txtsearchsnippet"">בולד לבו בן דינהצבי־ ו לייבובי־ד <b class=""highlightcolor"">ביה""ח</b> אסותה תל אביב ‭24. 4. 47 ‬</div>"
187	haretz19470415-01.2.25.5	15 April 1947	haretz	Page 1 Advertisements Column 5	"<div class=""txtsearchsnippet"">בי""ס לאחיות ע""י <b class=""highlightcolor"">ביה""ח</b> רוטשילד <b class=""highlightcolor"">בחיפה</b> הרשמת תלמידות הנהלת בית הםפר לאחיות עיי ...</div>"
188	hazmantlv19420715-01.2.7	15 July 1942	hazmantlv	מז המתרחש בישוב	"<div class=""txtsearchsnippet"">... בונה שנת־! גייסה. מקיים; כי בעוד כודש יימים .■יוציא <b class=""highlightcolor"">ביה״ח</b> את תוצרתו ■לשוק. מליאת הועד הלאומי תכונם בקרוב. על ...</div>"
189	mivrak19480103-01.2.4	3 January 1948	mivrak	התקפה עברית על כפרז יתוני 3 אדות ■הוד■□ ותארו בארץ	"<div class=""txtsearchsnippet"">... יחידיה בשם רעיה שיתוק׳ כבת 45, לחדר המתים של <b class=""highlightcolor"">ביה״ח</b> ""דדסה"". היא נרצחה בדקירות סכינים והובאה כמעט ערומה על־ידי ...</div>"
190	hzh19401216-01.2.50	16 December 1940	hzh	Untitled	"<div class=""txtsearchsnippet"">... הבוקר. ‭- -‬ אתמול בשעות הבוקר הובאו לקבו ר"" <b class=""highlightcolor"">בחיפה</b> המעפילה מריטה היגאמאן. בת ‭'20‬ מברין בצ'יכוםלובאקיה, שמ - ...</div>"
191	dav19301223-01.2.25	23 December 1930	dav	חיפה	"<div class=""txtsearchsnippet""><b class=""highlightcolor"">ביהח</b> ר למצות. — ב־9 בקלוב מ2א""י טטעם חברי הארגון ...</div>"
192	dav19391224-01.2.70	24 December 1939	dav	שבוע הספורט בחיפה	"<div class=""txtsearchsnippet"">שבוע הספורט <b class=""highlightcolor"">בחיפה</b></div>"
193	dhy19331208-01.2.25.4	8 December 1933	dhy	Page 1 Advertisements Column 4	"<div class=""txtsearchsnippet"">... 'יי ־‭* * *—‬ *־ * ?_ממיוע_^_וי. ‭''‬ י <b class=""highlightcolor"">בחיפה</b> ‭; ... ‬ ־ י מו דיע ה כי ...</div>"
194	haretz19380921-01.2.11	21 September 1938	haretz	הלוית נח רייגורודססי דל	"<div class=""txtsearchsnippet"">... שנרצת אתמול בבוקר בהיפה, נתקיימה בשעה ‭2. 30‬ אחח""צ <b class=""highlightcolor"">בחיפה</b> בהשתתפות כמה מאות איש, בהם רבים מפועלי הרכבת היהודים ...</div>"
195	hmf19471103-01.2.76	3 November 1947	hmf	שמעו?קרונברג |	"<div class=""txtsearchsnippet"">לא נמצא בשבילו מקום בבי""ח <b class=""highlightcolor"">בחיפה</b> נפטר אתמול בגיל 56 המדריך לזמרה שמעון קרונברג, מיוצאי ...</div>"
196	hbkr19421011-01.2.63	11 October 1942	hbkr	ניורח וחש 1חיפה סייע לחיסול וטיפוס	"<div class=""txtsearchsnippet"">... בחפ- אח תרומה הפמ""שלה בפנים ‭5000‬ לא-י להשלמת בנין <b class=""highlightcolor"">ביה""ח</b> ד־טשילד—בישר סגן ••""ו הקהלה. מד בר־רב־האי. באשפה המליאה של ...</div>"
197	hzh19460617-01.2.52	17 June 1946	hzh	חיוה	"<div class=""txtsearchsnippet"">... (נורה בשדה ע''י ערבי שנתפס) הבריא מפצעיו ועזב את <b class=""highlightcolor"">ביה""ח</b> רוטשילד. ־ מצבו של _ראיפק _ביידון ללא שינוי במצבל ...</div>"
198	omer19391223-01.2.34	23 December 1939	omer	שבוע הספורט בחיפה	"<div class=""txtsearchsnippet"">שבוע הספורט <b class=""highlightcolor"">בחיפה</b></div>"
199	dhy19350730-01.2.84	30 July 1935	dhy	UNKNOWN	"<div class=""txtsearchsnippet"">... הנמצא:ביפו, שוכנת ייך ב . שבין יפו ותל־אביב, ע""י <b class=""highlightcolor"">ביה""ח</b> "" וגני'' והמכיל . א) איטה בה ‭1590. 60‬ ...</div>"
200	dhy19350801-01.2.44	1 August 1935	dhy	".הודעה בעבץ מכירת &#8237;"".&#8236; רכוש ובית' חרשת?לסהז וטחנוו_!לסמן! י"	"<div class=""txtsearchsnippet"">... ע""ם ‭17. 000‬ (שבע עשרה אלף) לא'יי. ‭(2‬ בעד <b class=""highlightcolor"">ביה""ח</b> לקרח הנמצא בירושלים וכל אשר המכיל בו לפי הפרטים ...</div>"
201	dhy19350804-01.2.43	4 August 1935	dhy	הודעה בענין מבירת רכוש ובית* חרשת לקרח וטחנות לקמח.	"<div class=""txtsearchsnippet"">... 000‬ (שבע עשרה אלף) לא""י. ‭( . 2‬ בעד <b class=""highlightcolor"">ביה""ח</b> לקרח הנמצא בירושלים וכל אשר המכיל בו לפי הפרטים ...</div>"
202	hmf19470716-01.2.49	16 July 1947	hmf	דין צעיר שהחזיק פצצת־כרוזים	"<div class=""txtsearchsnippet"">ל־4 חדשי מאסר נירון אתמול ע""י ביה""ד הצבאי <b class=""highlightcolor"">בחיפה</b> הצעיר יצחק בוזגלו־פדפרה, בן‭, 20. ‬באשמת נשיאת פצצתיכרוזים ב־20 ...</div>"
203	dav19370221-01.2.94	21 February 1937	dav	111	"<div class=""txtsearchsnippet"">... בוים בעמדה: ־ . פעולתנו הסוציאלית א. א, עובדות <b class=""highlightcolor"">בחיפה</b> חג -התוצרת החקלאית שושנה הראלית פועלות הלשכה _. מרים ...</div>"
204	hmf19480128-01.2.64	28 January 1948	hmf	2 קציני־משטוה ערביים נפצעו בהתנקשות	"<div class=""txtsearchsnippet"">... ברגלו. מצב שניהם אינו קשה. הם הועברו לטיפול ל־ <b class=""highlightcolor"">ביה""ח</b> הממשלתי. נקמה פרטית? מחוגים שונים. סבורים כי ההתנקשות בשני ...</div>"
205	hmf19450209-01.2.63	9 February 1945	hmf	השמאל בקהלת חיפה _צעכב הצעה לגינוי החטיפות	"<div class=""txtsearchsnippet"">באסיפת מליאת ועד הקהלת <b class=""highlightcolor"">בחיפה</b> שנתקיימה שלשום בערב' הספיד היו""ר, מד ג. לווין את ...</div>"
206	hmf19461230-01.2.60	30 December 1946	hmf	חיפה	"<div class=""txtsearchsnippet"">... במקום הסכים להעבירם לחיפה תמורת תשלום של לירה אחת. <b class=""highlightcolor"">בחיפה</b> הועברו ע""י אמבולנס של מ. ד. א. לביה""ח רוטשילד ...</div>"
207	hmf19400410-01.2.44	10 April 1940	hmf	חיפה	"<div class=""txtsearchsnippet"">... כל גרטל. אהרי הנאומים סייר הקהל בשוק. מקרה השוטר <b class=""highlightcolor"">בחיפה</b> מוסרים' שבקשר ליריות על השוטר ב• וינפלד לפני ימים ...</div>"
208	hator19341026-01.2.12	26 October 1934	hator	משבוע לשבוע	"<div class=""txtsearchsnippet"">התנפלות פראית על אספת ריביזיוניסטים <b class=""highlightcolor"">בחיפה</b> ביום החמישי העבר סודרדה ע׳י הרביזיוניססים <b class=""highlightcolor"">בחיפה</b> אספה פומביר־ן ...</div>"
209	haretz19460514-01.2.53	14 May 1946	haretz	בחיפה	"<div class=""txtsearchsnippet""><b class=""highlightcolor"">בחיפה</b></div>"
210	hmf19440225-01.2.65	25 February 1944	hmf	התפוצצו מוקשים בחיפה	"<div class=""txtsearchsnippet"">התפוצצו מוקשים <b class=""highlightcolor"">בחיפה</b></div>"
211	khm19480504-01.2.47	4 May 1948	khm	הצבא תפס עמדות בחיפה	"<div class=""txtsearchsnippet"">הצבא תפס עמדות <b class=""highlightcolor"">בחיפה</b></div>"
212	haretz19430629-01.2.47	29 June 1943	haretz	בחיפה	"<div class=""txtsearchsnippet""><b class=""highlightcolor"">בחיפה</b></div>"
213	dav19381120-01.2.83	20 November 1938	dav	למי אבו,מי מצא?	"<div class=""txtsearchsnippet"">... וסכום כסף קט‭. ;‬נדרך בין הכביש וחבורת _הפודים 5יד <b class=""highlightcolor"">ביה""ח</b> ע‭'""‬_ט יי_5_ינסון‭_?. ‬ח‭_^'‬־יב 5א_5ט3יג, _פרדם־חנה. — ביום ה' ?פנות ...</div>"
214	hmf19460419-01.2.78	19 April 1946	hmf	לפנ י שביתה בבתי הזיקוק בחיפה	"<div class=""txtsearchsnippet"">לפנ י שביתה בבתי הזיקוק <b class=""highlightcolor"">בחיפה</b></div>"
215	hzh19420407-01.2.42	7 April 1942	hzh	&#8237;0 ' &#8236;	"<div class=""txtsearchsnippet"">‭;'--‬־'לורר-עמואל <b class=""highlightcolor"">בחיפה.</b> ' 'אתמול""הגיוע. לסיעה י לורד הדברטיםמו "" אל-בעגיי י ...</div>"
216	haretz19351003-01.2.92	3 October 1935	haretz	ן מפז₪־1 ועד הקהלה בחיפה ן	"<div class=""txtsearchsnippet"">ן מפז₪־1 ועד הקהלה <b class=""highlightcolor"">בחיפה</b> ן</div>"
217	hbkr19400101-01.2.81	1 January 1940	hbkr	דרה מחלקת הבריאות הממשלתית־ ל$&#8237;193 &#8236;	"<div class=""txtsearchsnippet"">... ‭. 73. 3 ‬ במקום הרביעי בית החולים הדסה <b class=""highlightcolor"">בחיפה</b> ‭. 67. 5 ‬ אחרי זח באים <b class=""highlightcolor"">ביה""ח</b> של ...</div>"
218	hbkr19380401-01.2.11	1 April 1938	hbkr	הלוית' אליגרה מוסרי ובכור שחרור	"<div class=""txtsearchsnippet""><b class=""highlightcolor"">בחיפה</b> עוד בי-ם ד' בערב הודבקו מודעות אבל משעם וערה ...</div>"
219	ahr19461227-01.2.91	27 December 1946	ahr	"הלוואה ע_*ל &#8237;10.000&#8236; ל3יה""ח,רוטשילד' בחיפה"	"<div class=""txtsearchsnippet"">הלוואה ע_*ל ‭10. 000‬ ל3יה""ח, רוטשילד' <b class=""highlightcolor"">בחיפה</b></div>"
220	dhy19320511-01.2.15.2	11 May 1932	dhy	Page 1 Advertisements Column 2	"<div class=""txtsearchsnippet"">... ציוני ‭, 1932‬עם הצעות במעטפח סגורה, צועד המנהצ שצ <b class=""highlightcolor"">ביה""ח</b> הדם־ שא הקהצה העברית <b class=""highlightcolor"">בחיפה</b> עפ""י הכתבת : הדר ...</div>"
221	haretz19300131-01.2.3	31 January 1930	haretz	&#8237;? ' &#8236; האחדות ולאומיו! והכוס.הפרטי!?. ז	"<div class=""txtsearchsnippet"">... בענין השביתה בביח""ח מבתק של ה""ןז קאראמאן| דיס וסאלטי <b class=""highlightcolor"">בחיפה</b> נודעו לסופרנו הפרטים דלקמן: לפני פרסים הכרוז, שכבר ספרנו ...</div>"
222	hbkr19440906-01.2.23.3	6 September 1944	hbkr	Page 1 Advertisements Column 3	"<div class=""txtsearchsnippet"">... ויאתר , חימות םיקי נחמנזון הצי""ניס וראשוניה. !-ל נפטר <b class=""highlightcolor"">:ביה""ח</b> וולאך בירישלים ביום י""ד אלול תש""ד וה־בא לקבירה על ...</div>"
223	hbkr19381115-01.2.70	15 November 1938	hbkr	הקנו ה־54 נשווה קדמות המאורעות חיים שפו הובא ל2בווה בחיפה	"<div class=""txtsearchsnippet"">הקנו ה־54 נשווה קדמות המאורעות חיים שפו הובא ל2בווה <b class=""highlightcolor"">בחיפה</b></div>"
224	hmf19420625-01.2.31	25 June 1942	hmf	ח •a ה	"<div class=""txtsearchsnippet"">המחלקות החירורגיות וילדים לבנין <b class=""highlightcolor"">ביה""ח</b> החדש מבית החוליםהדסה"" מודיעים לנו: "" החל מיום א' ...</div>"
225	hzam19320315-01.2.22	15 March 1932	hzam	*חוץ מרביזיוניסטים* ב<הדסה>	"<div class=""txtsearchsnippet"">לפני זמן מה התפטר מנהל <b class=""highlightcolor"">ביה""ח</b> שלהדסה' <b class=""highlightcolor"">בחיפה,</b> והתעוררה השאלה "" על בחירת מנהל הדש ...</div>"
226	khm19480607-01.2.32	7 June 1948	khm	מן הנעשה בסופת תולים	"<div class=""txtsearchsnippet"">... ביילינ י טון ב' הוחל בהקמת אגף נוסף לבנץ <b class=""highlightcolor"">ביה""ח</b> החידורגי ביילינסון ב' בפתח חקוה. סופת</div>"
227	hmf19470623-01.2.47	23 June 1947	hmf	בחיפה - עיר העתיד	"<div class=""txtsearchsnippet""><b class=""highlightcolor"">בחיפה</b> - עיר העתיד</div>"
228	tsohorayimhaifa19460213-01.2.15	13 February 1946	tsohorayimhaifa	Eilhiiliij^lg]^^	"<div class=""txtsearchsnippet"">4 איגוד סופרים דתיים <b class=""highlightcolor"">בחיפה</b> נוסד סניף ל״איגוד הסופרים הדתיים בארץ־ישראל״. האיגוד הוקם בארץ ...</div>"
229	hashaah19400214-01.2.27	14 February 1940	hashaah	נצחונו של עיקרון אחד	"<div class=""txtsearchsnippet"">(להתחרות המהנדסים על תכנית בית־החולים של הקהלה העברית <b class=""highlightcolor"">בחיפה)</b></div>"
230	haretz19330406-01.2.34.3	6 April 1933	haretz	Page 4 Advertisements Column 3	"<div class=""txtsearchsnippet"">... ■מנהל משרד ההוצאה לפועל 418 ארנון האורנלים המהנדסים ופננאיננין <b class=""highlightcolor"">בחיפה</b> לפי החלטת האסיפה המיסדת מיום 30.3.33 מוזמנים בזה כל ...</div>"
231	hmf19441017-01.2.56	17 October 1944	hmf	ה י _פ ה _י י	"<div class=""txtsearchsnippet"">ועד ־ הפהלה <b class=""highlightcolor"">בחיפה</b> דן ' בדבר קבלת _פקידיפ מהסתדרות העובדים הלאומית • ...</div>"
232	hazmantlv19431031-01.2.21	31 October 1943	hazmantlv	י מבחיפה,	"<div class=""txtsearchsnippet"">... רשיון בסביטת חדרה, הועמד לדין בפני השופט חליל שחאדה <b class=""highlightcolor"">בחיפה•</b> משפטי הועבר לבית הדיו הצבאי. מעשה כשליח טטיפן כורי, ...</div>"
233	tsohorayimhaifa19460111-01.2.10	11 January 1946	tsohorayimhaifa	בעולם הערכי	"<div class=""txtsearchsnippet"">לקראת הבחירות לעיריה נתקיימה התיעצות בין האגודות המושלמ־ יות <b class=""highlightcolor"">בחיפה</b> בקשר עם ההצעה לסדר רשימה אחת של המועמדים הערבים ...</div>"
234	ahr19481010-01.2.30	10 October 1948	ahr	מז הנעשה בקופת־חולים	"<div class=""txtsearchsnippet"">... _זלקרל מהזור נוסף של 20 תלמיוות _לבית־הס־ פר שליד <b class=""highlightcolor"">ביה""ח</b> גיליגסון. ההרשמה ננר החלה ותימשך עד טוף אוקטובר. מתקבלות ...</div>"
235	dav19340829-01.2.40.3	29 August 1934	dav	Page 4 Advertisements Column 3	"<div class=""txtsearchsnippet"">דיוקן פקיד מוכר בשביל בית חרושת המאי <b class=""highlightcolor"">בחיפה</b> •להפצת-סחורות בחנויות <b class=""highlightcolor"">בחיפה</b> : ומביניה. ח-וץ _קמשכודת קבועה יקבל ...</div>"
236	haretz19400515-01.2.58	15 May 1940	haretz	בודפה	"<div class=""txtsearchsnippet"">... נוסעים, ביניהם כמה עואים מארצכם שונות. ש£י . וקול <b class=""highlightcolor"">בחיפה</b> בימים האהרונים הוהא ' בהנהת שקי ;:. - הואי ...</div>"
237	hmf19430630-01.2.55	30 June 1943	hmf	Untitled	"<div class=""txtsearchsnippet"">תרומה של 310 יא""י לעזרה סוציאלית. סניף רוטארי־קלוב <b class=""highlightcolor"">בחיפה</b> חלק בימים אלה את :הסך 310 לא""י למפעלי העזרה ...</div>"
238	hmf19480209-01.2.64	9 February 1948	hmf	סובל נסיה כנופיה לפרוץ מחסום בחיפה 3 ערבים נהרגו כשצבא הגיב על יריותיהם	"<div class=""txtsearchsnippet"">סובל נסיה כנופיה לפרוץ מחסום <b class=""highlightcolor"">בחיפה</b> 3 ערבים נהרגו כשצבא הגיב על יריותיהם</div>"
239	hmf19470507-01.2.64	7 May 1947	hmf	החג אלמוני הובא לקנווה בחיפה—מת האסיר נסים בן־עבדיה	"<div class=""txtsearchsnippet"">... האלמונית שהובאה ע''י הצבא ביום א' לבית החולים הממשלתי <b class=""highlightcolor"">בחיפה</b> אחרי ההתקפה בעכו זוהתה אתמול סופית כגופת יהודי ומניחים ...</div>"
240	hzh19390110-01.2.46	10 January 1939	hzh	"j ־&#8237;""g'*!'r_111iHfTT1Tr'1r""""""-ir""&#8236;•&#8237;Spjp _Et_^qjir"" _""?1 ?^"" '"" &#8236;"	"<div class=""txtsearchsnippet"">... ‬־ה' גדליהו‭'?‬לבינ י זון ‭.. ‬ שהיה גר פעם <b class=""highlightcolor"">בחיפה'</b> רח' כברת מם' ‭, 9‬ מתבקש לסור למשרד הרבנות ...</div>"
241	hashaah19410120-01.2.11	20 January 1941	hashaah	רעש בארץ ישראל הבוקר ב־6.40	"<div class=""txtsearchsnippet"">... העליונות של הבנינים ובאופן מיוחר על הר הצופיס בכניני <b class=""highlightcolor"">ביה״ח</b> ""הדסה"" והאוניברסיטה.</div>"
242	ahr19470813-01.2.55	13 August 1947	ahr	בכמה שוחת	"<div class=""txtsearchsnippet"">... פגעה באופנוע אתמול אחר־הצ־ הריים, ליד גשר ‭"", ‬של"" <b class=""highlightcolor"">בחיפה.</b> רוכב האופנוע, יחיאל קופרמאן, בן ‭, 23‬נפצע קל בשתי ...</div>"
243	dav19360706-01.2.71	6 July 1936	dav	בחיפה	"<div class=""txtsearchsnippet""><b class=""highlightcolor"">בחיפה</b></div>"
244	haretz19480526-01.2.29	26 May 1948	haretz	מכל הארץ	"<div class=""txtsearchsnippet"">... מחדש את המחלקה למחלות מדבקות בבית־החולים העירוני (קודם הממשלתי) <b class=""highlightcolor"">בחיפה.</b> בית החולימ למחלות מדבקות בפרדרכץ (ע""י בני ברק) ממשיך ...</div>"
245	hbkr19450911-01.2.26	11 September 1945	hbkr	סוכר מוציאים עד ה•??	"<div class=""txtsearchsnippet"">... עי המזון — אפ יוכלו יהראות סיבה מספקת יאיחורפ. <b class=""highlightcolor"">ביה""ח</b> ""רוטשילד"" בסבך — פאת סופרנו — עד בה לא ...</div>"
246	hazmantlv19430903-01.2.20	3 September 1943	hazmantlv	*A ‘WAV' Tinw	"<div class=""txtsearchsnippet"">... כבן 80 ומעלה. היה חבר ועד הקהלת I העברית <b class=""highlightcolor"">בחיפה</b> מלפני 20 שנה, לערך, ועסק בעגיני צדקה וחסד. נ־לד ...</div>"
247	hazmantlv19431108-01.2.40	8 November 1943	hazmantlv	®Bn®	"<div class=""txtsearchsnippet"">... ""הכה נתחכמה"" כדפי הגנכים י לרגל רבוי הגניבות שפשו <b class=""highlightcolor"">בחיפה</b> בזמן האחרון מזהירה המשטרה בהדר ‘ הכרמל את התושבים ...</div>"
248	haretz19330712-01.2.45.3	12 July 1933	haretz	Page 4 Advertisements Column 3	"<div class=""txtsearchsnippet"">וחשים פחחים מומחים לבי׳ח ,המומחה׳ תעשית אוטובוסים. לפנות למשרד <b class=""highlightcolor"">ביה״ח</b> דרך פתח־תקוה ע”י שרונה. ■ בצער וביגין הננו מודיעים ...</div>"
249	ahr19470406-01.2.64	6 April 1947	ahr	ננ₪ שורות	"<div class=""txtsearchsnippet"">... בונה"" נגנבה "" ביום ו' במגרש חנייה ברחוב _תל־חי <b class=""highlightcolor"">בחיפה.</b> מיספרה מ' ‭. 481‬ ""קללתו של עזרא—נודע, כי בסוף ...</div>"
250	ahr19440825-01.2.51.1	25 August 1944	ahr	Page 10 Advertisements Column 1	"<div class=""txtsearchsnippet"">סניף רמת־גן; כביש פתח־ תקוה, מולי <b class=""highlightcolor"">ביה""ח</b> »קשת‭, «‬טלפון 7157</div>"
251	dav19420713-01.2.30	13 July 1942	dav	תינה	"<div class=""txtsearchsnippet"">... פבזנר ‭, 44‬בשעות 9־1 ו־7־‭. 4‬ _מזהיריפ את הציבור <b class=""highlightcolor"">בחיפה</b> לשמיר בקפדנות על ההאפלה. בהתחשב עם המצב נצטוו ה&amp;_קתיט ...</div>"
252	dhy19330726-01.2.32	26 July 1933	dhy	Untitled	"<div class=""txtsearchsnippet"">־ : בשעת הדיון בתקציב ועד הקהלה ‭. '‬ <b class=""highlightcolor"">בחיפה</b> ה ו ברר , שהסתדרות וה דסה ‭''‬ לא ...</div>"
253	dhy19350224-01.2.13	24 February 1935	dhy	Untitled	"<div class=""txtsearchsnippet"">... ב*ו ם ו' פרצה שביתה במפעלי חב' הנפט העיראקית <b class=""highlightcolor"">בחיפה.</b> שובתים 130 פועלים יהודים וערבים, •ממהלק ת הנא־ ראג‭, ...</div>"
254	dhy19340807-01.2.35.1	7 August 1934	dhy	Page 1 Advertisements Column 1	"<div class=""txtsearchsnippet"">... הבימה פרופיסור מנהיים , —ה, ‭9. 8, -8, 8‬ <b class=""highlightcolor"">בחיפה</b> ביום ד פרופיסור מנהיים</div>"
255	dhy19320919-01.2.11.1	19 September 1932	dhy	Page 1 Advertisements Column 1	"<div class=""txtsearchsnippet"">... מודעה דרוש רופא בית לביה""חהדםה"" "" של הההלה העברית' <b class=""highlightcolor"">בחיפה</b> בהצעות עם צרוף התעודות הדרושות ?פנית "" עד 25 ...</div>"
256	hmf19431102-01.2.58	2 November 1943	hmf	_חיפד	"<div class=""txtsearchsnippet"">... חוף גיאט, ע_""י מכ-־יניות משא. הפצועים !הועברו במצב קשה <b class=""highlightcolor"">?_ביה""ח</b> דיון יעל קיצוצים בתקציב הקהילה ביום החמישי ב־5 _אחה""צ ...</div>"
257	hbkr19380207-01.2.44	7 February 1938	hbkr	אליהו חבקי; דל קרבז תאונת הדרכים	"<div class=""txtsearchsnippet"">... הוא היה בן !)3 במותו ותמך בהוריו הזקנים הגרים <b class=""highlightcolor"">בחיפה.</b> גופתו הועברה להיפר, לקבורה. מעבם של יתר הפצועים, אשתו ...</div>"
258	hmf19460517-01.2.69	17 May 1946	hmf	Untitled	"<div class=""txtsearchsnippet"">... הגלים וטבע. גופתו נמשתה שלשום והועברה לחדר המתים של <b class=""highlightcolor"">ביה''ח</b> רוטשילד <b class=""highlightcolor"">בחיפה.</b> מסיבה לטובת מוסדות צבוריים ע""י מועדון ""רוטארי"" ...</div>"
259	hazmantlv19440405-01.2.43.3	5 April 1944	hazmantlv	Page 4 Advertisements Column 3	"<div class=""txtsearchsnippet"">... ב׳). 81911191 חזרו לעכודה הסכסוך בחברה הארצישראלית לחוטי חשמל <b class=""highlightcolor"">בחיפה</b> נסתיים אחר שהושג הסכם בין התאחדות בעלי התעשיה ובין ...</div>"
260	ahr19480116-01.2.10	16 January 1948	ahr	"התקפה מד 1נ &#8237;1 :&#8236; ת על תחבורת ""הודי חיפה"	"<div class=""txtsearchsnippet"">... _שך היום. כמות נשק הוחרמה. שיתוק חיי הכלכלה היהודיימ <b class=""highlightcolor"">בחיפה</b> תחתית גרר אחריו גם שיתוק בתיים הערביים. אוטובוס ערבי ...</div>"
261	dav19340325-01.2.32	25 March 1934	dav	_רר3ח &#8237;,—>? -1 &#8236;	"<div class=""txtsearchsnippet"">... איוקס, ץ""ר האגודה למען א""י, שבנתה את נית החליצות <b class=""highlightcolor"">בחיפה.</b> מרת איזקם מתאכסנת בבית החליצות. כפי _בשמענו יש בדעת ...</div>"
262	haretz19340402-01.2.48	2 April 1934	haretz	בחיפה	"<div class=""txtsearchsnippet""><b class=""highlightcolor"">בחיפה</b></div>"
263	haretz19381006-01.2.72	6 October 1938	haretz	בחיפה	"<div class=""txtsearchsnippet""><b class=""highlightcolor"">בחיפה</b></div>"
264	haretz19380812-01.2.13	12 August 1938	haretz	התנקשות בעגלון יהודי בחיפה	"<div class=""txtsearchsnippet"">התנקשות בעגלון יהודי <b class=""highlightcolor"">בחיפה</b></div>"
265	itonamami19471002-01.2.24	2 October 1947	itonamami	□nיפה	"<div class=""txtsearchsnippet"">... ודירסיה ממרסיל. מפקדת המשטרה כאזור הצפאי מפקרת המשטרה המחוזית <b class=""highlightcolor"">בחיפה</b> תועבר לאזור צבאי — מודיע ״א־דיפאע״. לפי התכנית החדשה ...</div>"
266	hbkr19410829-01.2.47	29 August 1941	hbkr	הערב - עתון העתובאים י	"<div class=""txtsearchsnippet"">... בקבוצת ילדים ערבים קטנים ששיחקו בפנת הרחיב בואדי רושמיה <b class=""highlightcolor"">בחיפה</b> ושלשה מן הילדים נפצעו. שנים מהם נפצעו קל והובאו ...</div>"
267	hmf19450907-01.2.54	7 September 1945	hmf	"שלשו!קיפחו וז""וזם בדליקה בחיפה"	"<div class=""txtsearchsnippet"">שלשו!קיפחו וז""וזם בדליקה <b class=""highlightcolor"">בחיפה</b></div>"
268	haretz19441107-01.2.41	7 November 1944	haretz	"1 וחצי מיליון תיבות הדרים קונה מיניסטריון האספקה בא""י ."	"<div class=""txtsearchsnippet"">... השחור, במקום שהמחירים מאמירים והולכים. ששה מקרי דבר חדשים <b class=""highlightcolor"">בחיפה</b> , בשבוע האחרון אירעו בהיפר, 6 מקרי דבר חדשים, ...</div>"
269	hashaah19390221-01.2.36	21 February 1939	hashaah	בבתי הדין הצבאיים	"<div class=""txtsearchsnippet"">... ומזרחי אתמול לפגי הצהרים התחיל להתברר בפני בית־הרין הצבאי <b class=""highlightcolor"">בחיפה</b> משפטם של אמין בישארה דרוויש וסובחי נאבדה עבוד, שנתבעו ...</div>"
270	haretz19420126-01.2.41	26 January 1942	haretz	"&#8237;"" 1&#8236; ליגה למלזזמה ב&חפת בחיפה"	"<div class=""txtsearchsnippet"">‭"" 1‬ ליגה למלזזמה ב&amp;חפת <b class=""highlightcolor"">בחיפה</b></div>"
271	ahr19471225-01.2.47	25 December 1947	ahr	יי&#8237;'71&#8236; ר&#8237;'''.&#8236;־&#8237;*!_i:'&#8236;־&#8237;*^/w!_f_^at f_£_'*?' &#8236;	"<div class=""txtsearchsnippet"">... לא יכניסו, יכסיוו את דכותם לשיכון. מהלך הגיוס הגיוס <b class=""highlightcolor"">בחיפה</b> מתנהל בסדרו. לפי המ־ הלך יש לרמר, כי חיפה ...</div>"
272	ahr19471205-01.2.14	5 December 1947	ahr	_וצתות !וזטז	"<div class=""txtsearchsnippet"">... _חניתו של יצחק לוקאץ' ברח' יפו בקרבת כיכר חמרה <b class=""highlightcolor"">בחיפה</b> נכנס הנוקר ב‭6'‬ ערבי וביקש ובר מר, כאשר י. ...</div>"
273	dav19470611-01.2.73	11 June 1947	dav	UNKNOWN	"<div class=""txtsearchsnippet"">... בשנות . המלחמה בצבא הבריטי, נתמנ* . סגן מנהל <b class=""highlightcolor"">ביה''ח</b> הממשלתי <b class=""highlightcolor"">בחיפה.</b> יצהלן _גליכטון, מזכיר י משטרת אזור רחובות, ...</div>"
274	dhy19351018-01.2.70.1	18 October 1935	dhy	Page 12 Advertisements Column 1	"<div class=""txtsearchsnippet"">להשכיר איד <b class=""highlightcolor"">ביה""ח</b> שא טיכו ד י רה שא</div>"
275	dhy19360130-01.2.67	30 January 1936	dhy	חיפה	"<div class=""txtsearchsnippet"">להורדת מהיר הבשר גהארגנה <b class=""highlightcolor"">בחיפה</b> קבו צח של םוחרי בשר, שהורידה את מתיר חאוקיה ...</div>"
276	haretz19350517-01.2.76.1	17 May 1935	haretz	Page 9 Advertisements Column 1	"<div class=""txtsearchsnippet"">... בנקרוקםי פלס"", בירות רפאל. — ₪ בנק אל "" <b class=""highlightcolor"">בחיפה:</b> סבוי, קומפניץ ת [I חנויות ובתי חרושת: א. ב. ...</div>"
277	hmf19471010-01.2.82	10 October 1947	hmf	מעשח באשח עקדה ותינוק	"<div class=""txtsearchsnippet"">... בפני כב' השופט יעקב אזולאי. התיבוקת שבולדה בביה""ח הממשלתי <b class=""highlightcolor"">בחיפה</b> ב־10 במאי ש. ז. לערביה בעמי עלית ח'ג, בעלמה ...</div>"
278	khm19480815-01.2.47.1	15 August 1948	khm	Page 4 Advertisements Column 1	"<div class=""txtsearchsnippet"">... הקונקורס. אשר הוכרז בשעתו למשרות מסו יימות בביה""ח הממשלתי <b class=""highlightcolor"">בחיפה.</b> אשר נמסר בעת חיסול השלטון המנדטורי לעיריה והועבר כעת ...</div>"
279	ahr19460912-01.2.38	12 September 1946	ahr	&#8237;irai mm &#8236;	"<div class=""txtsearchsnippet"">... בנזין מגפרור שנדלק במוסך כיאיר, בקרבח תחנת־ המשטרה האזרחית <b class=""highlightcolor"">בחיפה.</b> הפצוע מום־ טפה חדיר, בן ‭, 25‬נאסף לבית־החול־ם הממשלתי• ...</div>"
280	ahr19471103-01.2.49	3 November 1947	ahr	יה!ד8 נפצע קשה מיריות שודד בחיפה	"<div class=""txtsearchsnippet"">יה!ד8 נפצע קשה מיריות שודד <b class=""highlightcolor"">בחיפה</b></div>"
281	haretz19310821-01.2.31	21 August 1931	haretz	; • בחיפה	"<div class=""txtsearchsnippet"">; • <b class=""highlightcolor"">בחיפה</b></div>"
282	hmf19471111-01.2.61	11 November 1947	hmf	"1 הצעירים שנאסרו אחר התפוצצות המכונית בחיפה בביה""ד הצנאי"	"<div class=""txtsearchsnippet"">1 הצעירים שנאסרו אחר התפוצצות המכונית <b class=""highlightcolor"">בחיפה</b> בביה""ד הצנאי</div>"
283	hazmantlv19430817-01.2.42	17 August 1943	hazmantlv	יsבחיפח<	"<div class=""txtsearchsnippet"">... על קברה של אם נשיא ההסתדרות הציונית בית העלמין <b class=""highlightcolor"">בחיפה</b> במעמד פל בני המשפחה וידידיה. בנה מר יחיאל ויעמן ...</div>"
284	haretz19450316-01.2.34	16 March 1945	haretz	בחיפה	"<div class=""txtsearchsnippet""><b class=""highlightcolor"">בחיפה</b></div>"
285	yomaneinharod19430813-01.2.4	13 August 1943	yomaneinharod	בעיית הלידות בביה״ח עפולה	"<div class=""txtsearchsnippet"">... מספר הלידות בחודש מסויים יעלה את מספר היולדות שהנהלת <b class=""highlightcolor"">ביה״ח</b> קבעה לאפשרי לקלוט — אזי על ’המשקים, אשר לפי ...</div>"
286	haretz19391214-01.2.43	14 December 1939	haretz	בתעשית חיפה	"<div class=""txtsearchsnippet"">... נעשית באופן מיכאני. חמרי הנלם נמצאים משני הצדדים של <b class=""highlightcolor"">ביה""ח.</b> את הקרוניות מריקים בעבר! את מכונת הלעיסח. ביח""ח דאג ...</div>"
287	dav19481022-01.2.35	22 October 1948	dav	UNKNOWN	"<div class=""txtsearchsnippet"">... רחוכ י. ל‭6. ‬רץ ‭. _* . 10‬חנות להשכיר <b class=""highlightcolor"">בחיפה,</b> הרצל ‭, 105‬פינת יל*ג. לפנות למזנון בבית התעשיה. ‭**‬ ...</div>"
288	hazmantlv19430830-01.2.40	30 August 1943	hazmantlv	?בחיהה	"<div class=""txtsearchsnippet"">שלמה גדליה ורהפטיג ז-ד ביום השבת מת בביה״ח רוטשילד <b class=""highlightcolor"">בחיפה</b> לאחר יסורים בוראים שלמה גדליה ורהפטיג, נכדו של הרבי ...</div>"
289	ahr19471219-01.2.90	19 December 1947	ahr	&#8237;_n1e_1s&#8236; בודדות &#8237;na8n_1 &#8236;	"<div class=""txtsearchsnippet"">... לשווו מחנות בגוים בסוף רחוב הנאמנים במרכז המסחרי החדש <b class=""highlightcolor"">בחיפה.</b> שלושה מהערבים נשאו רובים. אחר שהשודדים ניסו לפרוץ חלון, ...</div>"
290	ahr19471217-01.2.50	17 December 1947	ahr	"שודד ערבי נפצע ע""י ה""הגנה"""	"<div class=""txtsearchsnippet"">ההתפרעות הכללית <b class=""highlightcolor"">בחיפה</b> שככה חיפה, יום גי‭—. ‬ _ההתקנות המרוכזות, שנמשכו כאן ...</div>"
291	dhy19310901-01.2.30	1 September 1931	dhy	אחרונות חיננה	"<div class=""txtsearchsnippet"">... הדםה, ב""ב הועד הלאומי וב""כ קהלת חיפה שלפיו עובר <b class=""highlightcolor"">ביה""ח</b> לרשות ועד חקחאח מן חראשון לאוקטובר יחד עם המרפאה. ...</div>"
292	haretz19390607-01.2.46	7 June 1939	haretz	בחיפה	"<div class=""txtsearchsnippet""><b class=""highlightcolor"">בחיפה</b></div>"
293	hbkr19400621-01.2.65	21 June 1940	hbkr	"סגירת ביה""ד הצבאי בחיפה"	"<div class=""txtsearchsnippet"">סגירת ביה""ד הצבאי <b class=""highlightcolor"">בחיפה</b></div>"
294	hmf19460619-01.2.65	19 June 1946	hmf	"אב""דות _למתקיכים בחיפה"	"<div class=""txtsearchsnippet"">אב""דות _למתקיכים <b class=""highlightcolor"">בחיפה</b></div>"
295	hzh19460627-01.2.50	27 June 1946	hzh	חיפה	"<div class=""txtsearchsnippet"">בין <b class=""highlightcolor"">ביה""ח</b> ""אתאי' והמועצה המקומית ביום ג' החחיל בבית משפט השלום ...</div>"
296	hazmantlv19440210-01.2.51	10 February 1944	hazmantlv	nans	"<div class=""txtsearchsnippet"">... החודים רוטשילד | בליל ד׳ כשחזרו 2 אחיות של <b class=""highlightcolor"">ביה״ח</b> רוטשילד <b class=""highlightcolor"">בחיפה</b> לבתיהן בהדר הכרמל י י בשעה 7.30 ...</div>"
297	ahr19470406-01.2.53	6 April 1947	ahr	"&#8237;n""aa&#8236; _\דו_>ד ל0_ולפ &#8237;_1 n""31p nw_&n n1fa1&#8236;כ&#8237;""_3&#8236;_ס"	"<div class=""txtsearchsnippet"">... לתימץ תוכנית המוסד. מקווים, שעוד הקייץ יוכלו להתחיל בבניית <b class=""highlightcolor"">ביה""ח.</b></div>"
298	ahr19431202-01.2.30	2 December 1943	ahr	שבווו הליגה למלחמה בע1_חנית	"<div class=""txtsearchsnippet"">... מגיע ל־‭25. 000‬ לא""י בערך. בית־הבראד, זה יחד עם <b class=""highlightcolor"">ביה""ח</b> הדסה בצפת הם המוסדות הציבוריים _היתידים שעלי ־ הם ...</div>"
299	ahr19481119-01.2.8	19 November 1948	ahr	בקרב עובדי חיפה גוברת התסיסה לשיפור תנאיהם	"<div class=""txtsearchsnippet"">... ה‭. '‬ -־ בין עובדי מוסדות ה&amp;_משלד, ומפעלים בינלאומיים <b class=""highlightcolor"">בחיפה</b> גוברת בזמן מאחרון התסיסה לשיפור תנאי העבודה, לאחר שנות־סבל ...</div>"
300	dav19431111-01.2.65	11 November 1943	dav	UNKNOWN	"<div class=""txtsearchsnippet"">... ירה בו כמה יריות ולבסוף הוכרע התאו המשתולל־ א' <b class=""highlightcolor"">ביה''ח</b> ""הדסה"" הובא גם יעקב מזרחי בן ‭29‬ מבניי ברק. ...</div>"
301	haretz19340918-01.2.39	18 September 1934	haretz	בחיפה	"<div class=""txtsearchsnippet""><b class=""highlightcolor"">בחיפה</b></div>"
302	haretz19400319-01.2.43	19 March 1940	haretz	בחיפה	"<div class=""txtsearchsnippet""><b class=""highlightcolor"">בחיפה</b></div>"
303	haretz19450523-01.2.8	23 May 1945	haretz	, ,השביתה הערבית עברה בשקט	"<div class=""txtsearchsnippet"">... החנויות הערביות באיזורים המעורבים של העיר היו סגורים. כהיפה <b class=""highlightcolor"">בחיפה</b> הורגשה השביתה ביחוד בשוק</div>"
304	hrt19481029-01.2.80	29 October 1948	hrt	Untitled	"<div class=""txtsearchsnippet"">... היו: ראש השרות הרפואי סגן אלוף ד""ר שיבר. מסקד <b class=""highlightcolor"">ביה""ח</b> דייר לנד־ טיס. ראש השרות רב־םרן נתן נדרי. הרב־ ...</div>"
305	khm19480419-01.2.31	19 April 1948	khm	המוסדות מהבלים לידם את רשת הבריאות הממשלתית	"<div class=""txtsearchsnippet"">... הישוב את ביה""ה ""הירקון"" וביה""ח בפרדס כ""ץ• כן יועברו <b class=""highlightcolor"">ביה""ח</b> לחולי דיה בבת יס לידי המוסדות היהודיים תחת פיקוחו ...</div>"
306	hazmantlv19440929-01.2.30	29 September 1944	hazmantlv	'^ה?3ה<	"<div class=""txtsearchsnippet"">| 3 נגועי דבר נוספים <b class=""highlightcolor"">בחיפה</b> ן בימים האחרונים הובאו עוד שלושה נגועי דבר אל ...</div>"
307	hmf19471212-01.2.74	12 December 1947	hmf	נעולות תגמול שר ה הגנה ואציל בחינה	"<div class=""txtsearchsnippet"">פעולת עונשין רבת היקף נגד הכנופיות <b class=""highlightcolor"">בחיפה</b> בוצעה אתמול <b class=""highlightcolor"">בחיפה,</b> וכפי שמוסרים כתבי־ חח היא הוצאה ...</div>"
308	hazmantlv19440914-01.2.26	14 September 1944	hazmantlv	iisinii	"<div class=""txtsearchsnippet"">מת. כתאונת דרכים אתמול מת <b class=""highlightcolor"">בחיפה</b> החייל י. ל. לנגה שנפצע קשה בתאונת דרכים בסביבות ...</div>"
309	haretz19461113-01.2.66	13 November 1946	haretz	Untitled	"<div class=""txtsearchsnippet"">... א. הרצוג ב־ום ב' נערכה מטעם ועד הקהלה העברית <b class=""highlightcolor"">בחיפה</b> ומגבית ההתגייסות קבלת; פנים לרב י. א. הרצוג לשובו ...</div>"
310	hmf19480222-01.2.3	22 February 1948	hmf	פעולות־תגמול נרחבות בלב האזור העובי בחיפה	"<div class=""txtsearchsnippet"">פעולות־תגמול נרחבות בלב האזור העובי <b class=""highlightcolor"">בחיפה</b></div>"
311	hbkr19381226-01.2.17	26 December 1938	hbkr	צעיר וצעירה נפצעו בשעת טיולם בכרסל הצרפתי	"<div class=""txtsearchsnippet"">סוחר נפצע בשבתו בפתח חנותו בגבול המרכז המסחרי הישן <b class=""highlightcolor"">בחיפה</b></div>"
312	hazmantlv19440208-01.2.52	8 February 1944	hazmantlv	9u9lmi	"<div class=""txtsearchsnippet"">... משפטו של פקיד המכס הנרי מאנצור בבית ׳־דין המחוזי <b class=""highlightcolor"">בחיפה,</b> העיד אתמול מר הדריל. פקיד גבות ממשרד המכס. הוא ...</div>"
313	haretz19350616-01.2.53	16 June 1935	haretz	הודעה בדבר מכירת האקטיב של בית חררשת לקרח וטחנת קמח	"<div class=""txtsearchsnippet"">... הנמצא ביפו, שוכנת בדרך שבין יפו לתל אביב, ע""י <b class=""highlightcolor"">ביה""ח</b> וגני והמבילה א) אדמה בת 60‬. ‭1590 מ""מ, לצד ...</div>"
314	haretz19480220-01.2.32	20 February 1948	haretz	פגיעות בתחבורה בחיפה	"<div class=""txtsearchsnippet"">פגיעות בתחבורה <b class=""highlightcolor"">בחיפה</b></div>"
315	hegeh19431101-01.2.18.1	1 November 1943	hegeh	Page 3 Advertisements Column 1	"<div class=""txtsearchsnippet"">... בלפור 15, לשנת 1944. אמדה צרכנית שתופית של עובדי <b class=""highlightcolor"">ביה״ח</b> ■העירוני הרסה נת״א. בזה הנני להודיע ברבים׳ כי• הגשתי ...</div>"
316	dav19330723-01.2.44	23 July 1933	dav	תרורות-אופנוע על גביע יריד המזרח	"<div class=""txtsearchsnippet"">... וכו י , השתתף גם , דייר הופמן, מנהל <b class=""highlightcolor"">ביה""ח</b> הגרמני <b class=""highlightcolor"">בחיפה.</b> ממקור מוסמך מודיעים לנו, כי ד""ר הופמן ...</div>"
317	dav19451113-01.2.50	13 November 1945	dav	פעולת _קופת־הוליפ _לשנגלול _העזרו?הר&ואית	"<div class=""txtsearchsnippet"">... את האיש־ נורז. נוספו מיטות בביה""ת המרכזי בענזק ונפתח <b class=""highlightcolor"">ביה""ח</b> ""הכרמל"" <b class=""highlightcolor"">בחיפה.</b> כן הוגלל מספר המיטות בבתי ההבראה וחברים ...</div>"
318	haretz19341029-01.2.52	29 October 1934	haretz	בחיפה	"<div class=""txtsearchsnippet""><b class=""highlightcolor"">בחיפה</b></div>"
319	haretz19400703-01.2.76	3 July 1940	haretz	תחנות לעזרה ראשונה	"<div class=""txtsearchsnippet"">... גן הילדים בתלפ-ות, קופת חולים ברח י בן יהודח, <b class=""highlightcolor"">ביה""ח</b> שערי</div>"
320	hzh19400509-01.2.41	9 May 1940	hzh	Untitled	"<div class=""txtsearchsnippet"">מרת ג'ייקובס ובנין <b class=""highlightcolor"">ביה""ח</b> רוטשילד משלחת מטעם וועדת בנין בית החולים רוטשילד של ...</div>"
321	hazmantlv19420802-01.2.13	2 August 1942	hazmantlv	מז המתרחש בישוב	"<div class=""txtsearchsnippet"">... ן יכל הרוצה בזריקה יפני׳ למרפאה י הממשלתית בת״א, <b class=""highlightcolor"">בחיפה</b> — בבית החוליים הממשלתי, ״הדסה״׳ קופת. חולים, בירושלים — ...</div>"
322	itonmeyuhad19340906-01.2.38	6 September 1934	itonmeyuhad	חיה סנית־חוליס אחווסהה בשני	"<div class=""txtsearchsnippet"">... במטתה. ובו בלילה מתה הגברת נאסימה הי־ פה. הנהלת <b class=""highlightcolor"">ביה״ח</b> דנציגר הודיעה למש - טרה על דבר מותה של ...</div>"
323	hbkr19351118-01.2.82	18 November 1935	hbkr	חיפה	"<div class=""txtsearchsnippet"">... ועדת ההרם בארגוני הנוער ועדת החרם של ארגוני הנוער <b class=""highlightcolor"">בחיפה</b> מודיעה בזה. כי לרגלי מחלתו של אחד מחברי חמזכיתת, ...</div>"
324	haretz19470508-01.2.43	8 May 1947	haretz	בחיפה	"<div class=""txtsearchsnippet""><b class=""highlightcolor"">בחיפה</b></div>"
325	haretz19330719-01.2.41.2	19 July 1933	haretz	Page 4 Advertisements Column 2	"<div class=""txtsearchsnippet"">... לא יקבלו את הפרסים הוצאת מצפה בע־מ חל־אכיכ חדש <b class=""highlightcolor"">בחיפה</b> נפתח ביה קפה מודתי s־י נו מ■ אולמר, מול ...</div>"
326	dav19391115-01.2.92	15 November 1939	dav	"חנוכת בנין המחלבה של ""תנובה"" בחיפה"	"<div class=""txtsearchsnippet"">חנוכת בנין המחלבה של ""תנובה"" <b class=""highlightcolor"">בחיפה</b></div>"
327	haretz19381223-01.2.5	23 December 1938	haretz	חנוכת בית־החולים הממשלתי בחיפה	"<div class=""txtsearchsnippet"">חנוכת בית־החולים הממשלתי <b class=""highlightcolor"">בחיפה</b></div>"
328	hzh19481019-01.2.65	19 October 1948	hzh	חיפה	"<div class=""txtsearchsnippet"">נגנבה מכונית של או""מ מטעם אומ''א <b class=""highlightcolor"">בחיפה</b> הודיעו: שבליל שבת נגנב ג'יפ של אומ""א מצויד במשדר ...</div>"
329	ahr19471020-01.2.32	20 October 1947	ahr	Untitled	"<div class=""txtsearchsnippet"">... דיק וסא לטי שדד דקר והדכא לדין ‭"";‬י שופט־השיום <b class=""highlightcolor"">בחיפה</b> נעיצר יש בועיים חיים שעיון מזרחי הוא נאשם בהתפרצות ...</div>"
330	haretz19460722-01.2.32	22 July 1946	haretz	מוסד רפואי מודרני יוקם על הר הכרמל	"<div class=""txtsearchsnippet"">... 080‬ לא""י. ברבע מהסכום הכללי ישתתפו רופאים ממקצועות שינים <b class=""highlightcolor"">בחיפה,</b> אך ןם זה נקבע ע""י המייסדים שכ־%‭50 ‬ מסמכות ...</div>"
331	haretz19470919-01.2.59	19 September 1947	haretz	Untitled	"<div class=""txtsearchsnippet"">... מ ־ . תושבי טירה כולם, נפצעו והועברו־ ל <b class=""highlightcolor"">ביה'־ח</b> הממשלתי בחיפי. . שנים מהם• ג'ומ' עה דאוד ודייב ...</div>"
332	hazmantlv19441011-01.2.41	11 October 1944	hazmantlv	5151031^	"<div class=""txtsearchsnippet"">... ועדת בנין בית החולים, בחירת ועדת בנין ושאלת החזקת <b class=""highlightcolor"">ביה״ח.</b> ׳ נסיוב לסוסים הנגועים כמחלה האמריקאנית</div>"
333	hzh19400204-01.2.59.1	4 February 1940	hzh	Page 4 Advertisements Column 1	"<div class=""txtsearchsnippet"">... ואצל העורך והמו""ל . אברהם וינברג מורה בביה""ס הריאלייבנה"" <b class=""highlightcolor"">בחיפה‭;.</b> .. ‬ ?•‭?;'?‬ ־־:־ ‭. "" ?‬ ;פרוספקטים נתנים ...</div>"
334	ahr19480215-01.2.72	15 February 1948	ahr	_nwinn !ו3_לפ־ &#8237;jiraio 'mmi 0&#8236; נהד_& _ו &#8237;_na 5_na &#8236;	"<div class=""txtsearchsnippet"">חיפה, שבת! — פעולת ה""הגנה"" לביעור קני צלפים <b class=""highlightcolor"">בחיפה</b> וחיפושי הצבא אצל יהודים וערבים ציינו כאן את מוצאי ...</div>"
335	haretz19470701-01.2.45	1 July 1947	haretz	' בחיפה 1	"<div class=""txtsearchsnippet"">' <b class=""highlightcolor"">בחיפה</b> 1</div>"
336	hazmantlv19440105-01.2.54	5 January 1944	hazmantlv	Untitled	"<div class=""txtsearchsnippet"">... בהדר הכרמל. היא הרה. במצב קשה הובאה לפנה״צ אל <b class=""highlightcolor"">ביה״ח</b> רוטשילד <b class=""highlightcolor"">בחיפה</b> במכונית טקסי. מצבם של פצועי התאונה הקטלנית ...</div>"
337	hegeh19431102-01.2.16.1	2 November 1943	hegeh	Page 3 Advertisements Column 1	"<div class=""txtsearchsnippet"">... בלפור 15, לשנת 1944. #נודה צרכנית שתופית של עובדי <b class=""highlightcolor"">ביה״ח</b> העירוני הרסה כת״א. הנני להודיע ברבים כי הגשתי בקשה ...</div>"
338	ahr19450509-01.2.44	9 May 1945	ahr	"&#8237;iB13*o roa_1n&#8236;־ &#8237;_363 s3""&#8236;_י&#8237;""22_""&#8236;נ£"	"<div class=""txtsearchsnippet"">... ‭50 —‬ לא""י !מורי בית־זזססר ה עובדי תיכון "" <b class=""highlightcolor"">ביהח</b> חוגים ""ר "" ליהלומים <b class=""highlightcolor"">בחיפה</b> — שיי 10 ן ...</div>"
339	dav19340529-01.2.39.2	29 May 1934	dav	Page 6 Advertisements Column 2	"<div class=""txtsearchsnippet"">/ תודה גלויה אנו מביעות את תודתנו העמוקה ‭5?‬ריפאי <b class=""highlightcolor"">ביה""ח</b> המרכזי בעמק — ד""ר בהן וד""ר ברמן ‭)_'‬_יי&amp;א י_^_יי ...</div>"
340	dhy19350909-01.2.46	9 September 1935	dhy	Untitled	"<div class=""txtsearchsnippet"">... השביתה בביחח""ר לטבל ו אחרי שכמה עסקנים ערבים השובים <b class=""highlightcolor"">בחיפה</b> התערבו בםכסוך של בעלי ביח""ח "" _קרמן, ריק וסלטי"" ...</div>"
341	dhy19300514-01.2.38	14 May 1930	dhy	Untitled	"<div class=""txtsearchsnippet"">... הכצצי ציפו יחד ‭!_?;, ‬ סגנו — הקינסואיי הפרסי <b class=""highlightcolor"">בחיפה,</b> הם קבצו מיד את ב""כ היהודים הפרסים לראיון בערן ...</div>"
342	haretz19301012-01.2.49.2	12 October 1930	haretz	Page 4 Advertisements Column 2	"<div class=""txtsearchsnippet"">... ההורים ‭!125‬ דבורה קלן ב ירושלם, רחוב החבשים ע""י <b class=""highlightcolor"">ביה""ח</b> האיטלהי שנה העשירית תכנית הלמודים היא של כייס עממי ...</div>"
343	haretz19470721-01.2.58	21 July 1947	haretz	.פעולה נגד הדבר בעפולה	"<div class=""txtsearchsnippet"">... חשדו שהם חולימ מבר. בשבת בצהרים הועברו למה־החוליב הממשלתי <b class=""highlightcolor"">בחיפה</b> והחשד נתאשר. מוקד נתקיימה במשרדי קופת־חולימ אמפת־התיעצו* בה השתתפו ...</div>"
344	haretz19460514-01.2.24	14 May 1946	haretz	א0ת>*י ^&#8237;80&#8236;רכ^%£^	"<div class=""txtsearchsnippet"">... שאני רואים צורך להעיר עליהן. גם אנחנו — בעלי <b class=""highlightcolor"">ביה""ח</b> . כפיה'' <b class=""highlightcolor"">בחיפה</b> המוציא תוצרת חימית לשוק זה שנים ...</div>"
345	hmf19440209-01.2.50	9 February 1944	hmf	_תיצנמ	"<div class=""txtsearchsnippet"">... ?נ£יי_^_ביץ‭., ‬בת ‭, 10:‬בתו של מפקח משרדי _nwrji הרכבות <b class=""highlightcolor"">בחיפה</b> ‭, '‬ ש־ _גמעאה ‭nam ""‬ ביריות אקדח בבית ...</div>"
346	hbkr19431215-01.2.48.2	15 December 1943	hbkr	Page 4 Advertisements Column 2	"<div class=""txtsearchsnippet"">... בסוד. י . רוקח דד ה, יעד המנהל דל <b class=""highlightcolor"">ביה""ח</b> העירוניהרפה"", ת""א "" השוכן המודרני יוסף ליבו מנהל המשרד ...</div>"
347	hzh19410921-01.2.33	21 September 1941	hzh	"&#8237;^^ _^_Tn»^^_""^^.,_T_._M_^, _M_~_mTmr»^mr1;1|a[fir|TM _m&#8236; ! התפילה באוהל שם"	"<div class=""txtsearchsnippet"">... 6. 45‬ הריסת _הצריפים של ישיבת י ""תפארת ישראל"" <b class=""highlightcolor"">בחיפה</b> בסוף השב י ע שעבר. נהרס' הצריפים, ששימשו מעונות ...</div>"
348	hazmantlv19430120-01.2.10	20 January 1943	hazmantlv	מז המתרחש בישוב	"<div class=""txtsearchsnippet"">... • חצי שנר- □שים ל□ למצבו המשקי של בעל <b class=""highlightcolor"">ביה״ח.</b> — שני מקרי דבר חדשים אירעו ביפו: אשה ממנשיה ...</div>"
349	hazmantlv19420225-01.2.9	25 February 1942	hazmantlv	מז המתרחש בישוב	"<div class=""txtsearchsnippet"">אות אזעקה ניתן <b class=""highlightcolor"">בחיפה</b> אתמול בשעה 8.05 בערב• כעבור חצי שעה ניתן אות ...</div>"
350	haretz19440604-01.2.26	4 June 1944	haretz	רשימות מהיפה	"<div class=""txtsearchsnippet"">... ‭20‬ בפברואר). ימדתי בפרטות על ""לבטי אישפוז החולים ;יהודים <b class=""highlightcolor"">בחיפה""</b> ועל הצורך בהרחבת מת ־. חולים רוטשילד של הקהילה ...</div>"
351	hegeh19450725-01.2.17	25 July 1945	hegeh	"הנחה אבן הפנה לבית הכבאים בוז""׳ א"	"<div class=""txtsearchsnippet"">... ?שרת אלפ?ם לירה למשן B־lo שנים. ?ישם כסוי גדעון <b class=""highlightcolor"">בי״הח</b> ,רוטשילד"" tDeckung —י? 'Anleihe =ה&gt; (.DeflaM—ך?ו ן? ועידת ארצית ...</div>"
352	haretz19320912-01.2.4	12 September 1932	haretz	בחיפה	"<div class=""txtsearchsnippet""><b class=""highlightcolor"">בחיפה</b></div>"
353	haretz19470314-01.2.53	14 March 1947	haretz	בחיפה ]	"<div class=""txtsearchsnippet""><b class=""highlightcolor"">בחיפה</b> ]</div>"
354	haretz19400529-01.2.63	29 May 1940	haretz	בחיפה	"<div class=""txtsearchsnippet""><b class=""highlightcolor"">בחיפה</b></div>"
355	hbkr19390426-01.2.57	26 April 1939	hbkr	יריות על אוטובוס בחיפה- הנהג נ9גע	"<div class=""txtsearchsnippet"">יריות על אוטובוס <b class=""highlightcolor"">בחיפה-</b> הנהג נ9גע</div>"
356	dhy19351209-01.2.54	9 December 1935	dhy	חיפה	"<div class=""txtsearchsnippet"">הרזמותה <b class=""highlightcolor"">בחיפה</b> בחורש חשון מתו <b class=""highlightcolor"">בחיפה</b> לפי הו־ דעת החברה־קדישא‭18, ‬ ...</div>"
357	haretz19390824-01.2.34	24 August 1939	haretz	בחיפה	"<div class=""txtsearchsnippet""><b class=""highlightcolor"">בחיפה</b></div>"
358	haretz19470714-01.2.30	14 July 1947	haretz	Untitled	"<div class=""txtsearchsnippet"">... נכווה כאשר חדר המכונות בקולנוע ""עין דור"" החורפי (הישן) <b class=""highlightcolor"">בחיפה</b> עלה ־באש אתמול אחה""צ. נגרם נזק ניכר. הקולנוע היה ...</div>"
359	ahr19451106-01.2.34	6 November 1945	ahr	"פועל־ התעשייה בחיבה במערכה ל""מ־ו שובת- ""ק לוזוו"""	"<div class=""txtsearchsnippet"">חיפה‭—. ‬ נכונותם של פועלי התעשייה <b class=""highlightcolor"">בחיפה</b> להגיש אח העזרה הדרושה ולשתף עצמם במערכה המקצועית של ...</div>"
360	haretz19340125-01.2.53.1	25 January 1934	haretz	Page 4 Advertisements Column 1	"<div class=""txtsearchsnippet"">מחלהת הבריאות <b class=""highlightcolor"">בחיפה</b> מודיעה לכל המעונינים על מכירה פומבית של לןרון, ופרד ...</div>"
361	hbkr19470630-01.2.3	30 June 1947	hbkr	חיפושים בהיפה אחו המתקיפים נפצע	"<div class=""txtsearchsnippet"">... הקצין קאסאן, שמת אתמול לפנית בוקר בבית החולים הצבאי <b class=""highlightcolor"">בחיפה</b> הוא קפטן מהדיביזיה האנטי־טנקית• בבית־חולים זה נותח אתמול המיג'ור ...</div>"
362	haretz19331105-01.2.8	5 November 1933	haretz	צני sירים, הורי ואמריהאית, נרצחו בירושלם	"<div class=""txtsearchsnippet"">... בשני־ c נורו יריות. הגופות הובאו לחדר המתים של <b class=""highlightcolor"">ביה״ח</b> ממשלתי. שניהם ירדו <b class=""highlightcolor"">בחיפה</b> מן האניה ״ווינה״ ביום 29 ...</div>"
363	haretz19301201-01.2.36	1 December 1930	haretz	שרשררת הזהב לטובת ההרן ההימת לישראל	"<div class=""txtsearchsnippet"">היפה •עובדי <b class=""highlightcolor"">ביה""ח</b> לקרח וחטצןטילר"" — יזם עבודה "" מחוץ לתרוטתם השנתית. ...</div>"
364	haretz19470217-01.2.37	17 February 1947	haretz	Untitled	"<div class=""txtsearchsnippet"">... חיידיפ מחר־ ב‭3. 30‬ אחה""צ תוחג על מגרש שע""י <b class=""highlightcolor"">ביה""ח</b> ""רוטשילד"" הנחת אבן הפנה למעון לילדי חיילים משוחררים וניטרי* ...</div>"
365	haretz19450813-01.2.16.1	13 August 1945	haretz	Page 1 Advertisements Column 1	"<div class=""txtsearchsnippet"">... ד אלול, תש""ה (‭16. 8. 45‬) בשעה 5 אחה''צ, <b class=""highlightcolor"">בחיפה,</b> בבית הרב קניאל. המען למבדקים: הפנר־סבציניק, כפר־עסה.</div>"
366	hbkr19401001-01.2.26	1 October 1940	hbkr	גוש הצופים הקשישים	"<div class=""txtsearchsnippet"">... דומה בשנות המאורע־ת. הצופים ממלאים תפקידי מקשרים מטעם הנהלת <b class=""highlightcolor"">ביה""ח</b> העירוני. עיזדיס לאחיות ולס־ ניטרים, ומשתדלים להנעים על הפציעים ...</div>"
367	hzh19410828-01.2.45	28 August 1941	hzh	'_ד_1_דדדדדדדדדדדדדדדדדדדדד_1 י 'יום יהדות פולין'	"<div class=""txtsearchsnippet"">... ד""ר דודזון הפותה. בחלק האמנותי: א. קוטאי ‭"")‬הבימה‭. (""‬ <b class=""highlightcolor"">בחיפה:</b> בשבת אםיפת־ עם בהשתתפות מר אינדלמאן' גרינברג, נייגר, גרודנאי ...</div>"
368	hmf19470811-01.2.43	11 August 1947	hmf	נמצא צעיר פצוע קשה בהתפוצצות במכינית־טכםי חטופה בחיפה	"<div class=""txtsearchsnippet"">נמצא צעיר פצוע קשה בהתפוצצות במכינית־טכםי חטופה <b class=""highlightcolor"">בחיפה</b></div>"
369	dav19310213-01.2.20	13 February 1931	dav	""" י"	"<div class=""txtsearchsnippet"">... רק התרומה הקטנה של ת_""א, לקרולות — תרומה 2עוטה <b class=""highlightcolor"">בחיפה.</b> אי1 קשר בינן ובי!מפעל _הבריאיות. _^ביתם להשתתפות הממשלה כדאי ...</div>"
370	ahr19470214-01.2.153	14 February 1947	ahr	Untitled	"<div class=""txtsearchsnippet"">... של פרופ' ה. ברוך _בפסיכיאטריה (בצרפתית) באולם ההרצאות של <b class=""highlightcolor"">ביה""ח</b> ""ביקור־חולים‭, ""‬הציבור מוזמן. כמות רםייזאל יחיד עיל הרקדנית פולה ...</div>"
371	haretz19440621-01.2.46	21 June 1944	haretz	הכלל והפרט	"<div class=""txtsearchsnippet"">... ה' מירשקי על סדרת קונצרטים של תזמורת בבארי. הנהלת <b class=""highlightcolor"">ביה""ח</b> ""הדסה"" ערכה מבבה על כוס תה לכבוד חברות הוג ...</div>"
372	ahr19470526-01.2.29	26 May 1947	ahr	Untitled	"<div class=""txtsearchsnippet"">... החליט לחדש את החגיגות העממיות של ""זכרון בכו־ רים"" <b class=""highlightcolor"">בחיפה</b> אולם לרגל צוק העתים הוחלט לקיים השנה חגיגות לכת־ ...</div>"
373	haretz19380316-01.2.64	16 March 1938	haretz	בחיפה	"<div class=""txtsearchsnippet""><b class=""highlightcolor"">בחיפה</b></div>"
374	haretz19430212-01.2.38	12 February 1943	haretz	בחיפה	"<div class=""txtsearchsnippet""><b class=""highlightcolor"">בחיפה</b></div>"
375	hbkr19391231-01.2.45	31 December 1939	hbkr	(&#8237;£2320} &#8236;	"<div class=""txtsearchsnippet"">... נלד מצבה לחללי ""רה!:"" ב""ס הששי נערכה בבית הקברות <b class=""highlightcolor"">בחיפה</b> אזכרה ליורדי הים האמיצ־ם גד-ע-ו רוזנטל• בן ‭. 16‬ ...</div>"
376	ahr19451111-01.2.65	11 November 1945	ahr	rrip _וי51קדת _ע&#8237;_=5&#8236; הרחבת דשת המרפאות mmnm _האישון!	"<div class=""txtsearchsnippet"">... את האיש־ פוז, נוספו מיטות בביה""ח המרכזי בעמק ונפתח <b class=""highlightcolor"">ביה""ח</b> ""הכרמל"" <b class=""highlightcolor"">בחיפה.</b> כן הגדילו את מיספר המיטות בבתי ההבראה ...</div>"
377	haretz19320824-01.2.39.2	24 August 1932	haretz	Page 4 Advertisements Column 2	"<div class=""txtsearchsnippet"">! משוו ההוצאה לפועל <b class=""highlightcolor"">בחיפה</b> י תיק טס' ‭1893-32 ‬ הודעת טפירה התובע: דב ...</div>"
378	haretz19470214-01.2.64	14 February 1947	haretz	בחיפה	"<div class=""txtsearchsnippet""><b class=""highlightcolor"">בחיפה</b></div>"
379	haretz19470210-01.2.32	10 February 1947	haretz	ן בחיפה ]	"<div class=""txtsearchsnippet"">ן <b class=""highlightcolor"">בחיפה</b> ]</div>"
380	haretz19451128-01.2.61	28 November 1945	haretz	הכלל והפרט ן	"<div class=""txtsearchsnippet"">... של 14 שנים התפטר סר־ ג'נט י. נפשי מהמשטרה <b class=""highlightcolor"">בחיפה,</b> הקצין גסר מתחנת המשטרה בקרית־חיים הועבר לזכרון־יעקב.</div>"
381	hbkr19351021-01.2.85	21 October 1935	hbkr	בפליליפ	"<div class=""txtsearchsnippet"">... איש ואשה משני הצדדים. נפצעו 8 מהנצים, שנאספו אל <b class=""highlightcolor"">ביה""ח</b> הממשלתי בהיפה. מצבם של שנים מן הפצועים קשה. שאר ...</div>"
382	hbkr19391225-01.2.96	25 December 1939	hbkr	אחד נהוג ושנים: נפצעו באסון דרכים	"<div class=""txtsearchsnippet"">... קשה במקום המועד לאס;נות שבסיבוב מרחוב ההד לרהוב מסדה <b class=""highlightcolor"">בחיפה,</b> בו קופח* חיי אדם ושנים נפצעו. מכונית קסני? של ...</div>"
383	hmf19480917-01.2.78	17 September 1948	hmf	דר.ז._שטילץ דל	"<div class=""txtsearchsnippet"">... נפתחי ביום ד' ‭15. 9‬ בית הפפר לאחיות ליד <b class=""highlightcolor"">ביה""ח</b> הירקון בתל-אביב וכרת הספר לאחיות ליד ביח""ח הממשלתי <b class=""highlightcolor"">בחיפה.</b> ...</div>"
384	hbkr19470610-01.2.67	10 June 1947	hbkr	דוח ו%*0	"<div class=""txtsearchsnippet"">... בב-קר עימד לרשות הקהל בית המרקחת לשרות לילה שע־י <b class=""highlightcolor"">ביה־ח</b> העירוני הדטח. 5 אחה־צ: בחבר נאמנות העברית - מסי־ ...</div>"
385	hbkr19380407-01.2.108	7 April 1938	hbkr	לא? נתקיימה ישינת העירית — פחוסו סוזדוס	"<div class=""txtsearchsnippet"">... לימת של חאחיס זליבנסקי, חל־אביב. ביח""ח , מצח זו- <b class=""highlightcolor"">בחיפה,</b> <b class=""highlightcolor"">ביה''ח</b> לסמח •:צמת. • התלבושת וההנעלה של תלשיד' ירושלים ...</div>"
386	hbkr19380530-01.2.13	30 May 1938	hbkr	יריות על עמק זבולרן' כפר חסידים, כפר ארשא וכפר יוחנן	"<div class=""txtsearchsnippet"">... בן 21 מקביץ שמיד נפצע קל בדר־ע' ונלקח ל <b class=""highlightcolor"">ביה""ח</b> .. הדכה"" <b class=""highlightcolor"">בחיפה.</b> שם ניתח יאין כל סבנה נשקפת ...</div>"
387	ahr19471024-01.2.48	24 October 1947	ahr	Untitled	"<div class=""txtsearchsnippet"">... בלילה . אור לי ום ה' הותקף גיורג' םאבאר <b class=""highlightcolor"">בחיפה</b> ונדקר בידו‭2. ‬ הפצועים נאספי אל בית־ההולים הממשלתי. נפצע ...</div>"
388	dhy19320612-01.2.31	12 June 1932	dhy	Untitled	"<div class=""txtsearchsnippet"">... יצאנ מיד למקום ומצאו את גופת הנרצה שהובלה א_$ <b class=""highlightcolor"">ביה""ח</b> הממשלתי. ר גיגבים טרם נתפשו. נהרג מתוך שינה ביום ...</div>"
389	haretz19320712-01.2.37	12 July 1932	haretz	בחיפה	"<div class=""txtsearchsnippet""><b class=""highlightcolor"">בחיפה</b></div>"
390	khm19471105-01.2.25	5 November 1947	khm	_ףערים _ובמושבי _חן	"<div class=""txtsearchsnippet"">... כחמישים כפאות נגנבו בזמן האחרון ממועדון מפא""י ברחוב החלוץ <b class=""highlightcolor"">בחיפה.</b> אחי רי חקירה גילתה משטרת הדר־הכרמל חבורת ילדיט, שהיתי, ...</div>"
391	dav19301106-01.2.33	6 November 1930	dav	"""שרשרת הזהב'י למר?הקיימת"	"<div class=""txtsearchsnippet"">... _י י. ל. זלוטניק במונטריאל. הפל)יריםז&gt;ה ־ ‭^&gt;‬עלים של <b class=""highlightcolor"">ביה""ח</b> לקרח "" גזעה"" ‭_'4:600 —‬לא""י, נ_1ס _־ ו‭""&gt;‬לתרומוו1יהמ _הדגימות, ...</div>"
392	ahr19460312-01.2.34	12 March 1946	ahr	_נבנזדה הנהלה למרכז הרגת לקשרי ידידת עם ס,ס.ם.ר	"<div class=""txtsearchsnippet"">... שאיי ת המסים וצורת גבייתם. זזזמנת כי""ח פוכייטי הנהלת <b class=""highlightcolor"">ביה''ח</b> הסובייטי בטהראן פנתה למרכז הליגה בבקשה לקנות בשבילה כמות ...</div>"
393	dav19350512-01.2.49	12 May 1935	dav	תעשית פיטת-הסיח _נמגול צוק	"<div class=""txtsearchsnippet"">... מבית . החרושת החדש של השותפים סלונים, בר־ל""־י, קדיצמר. <b class=""highlightcolor"">ביה""ח</b> החדש מצורו* אל בבשן סיד המודרני (היחידי שנתיים. י־ום ...</div>"
394	dav19470331-01.2.38	31 March 1947	dav	UNKNOWN	"<div class=""txtsearchsnippet"">... מיוצא־ ביאליסטוק. מת פתאום בנוה שאנן, היפה. הובא לקברות <b class=""highlightcolor"">בחיפה</b> ביום א‭. '‬בין המל־ וינ_) — יביט מפועלי בית ...</div>"
395	haretz19390710-01.2.58	10 July 1939	haretz	בחיפה	"<div class=""txtsearchsnippet""><b class=""highlightcolor"">בחיפה</b></div>"
396	hzh19410224-01.2.57.1	24 February 1941	hzh	Page 4 Advertisements Column 1	"<div class=""txtsearchsnippet"">‭;...,, ‬ י לועד בנין <b class=""highlightcolor"">ביה""ח</b> רוטשילד , של הקהלת העברית <b class=""highlightcolor"">בחיפה</b> (_מיםוךה של הדסה) ...</div>"
397	hzh19480429-01.2.57.4	29 April 1948	hzh	Page 7 Advertisements Column 4	"<div class=""txtsearchsnippet"">... ‭I I‬ _ביה י ""ם ?לאחיזת הרשמת ע""י תלמידות <b class=""highlightcolor"">ביה""ח</b> לשנה רוטשילד א' <b class=""highlightcolor"">?בחיפה</b> ‭2 —| !‬ | הנהלת ...</div>"
398	haretz19350908-01.2.49	8 September 1935	haretz	מפעולות ועד הקהלד• בחיפה בחודש יולי י	"<div class=""txtsearchsnippet"">מפעולות ועד הקהלד• <b class=""highlightcolor"">בחיפה</b> בחודש יולי י</div>"
399	ahr19471212-01.2.68	12 December 1947	ahr	_בח־_3_ה _13_צצו ,בתי? והועלה _באש &#8237;1am &#8236;	"<div class=""txtsearchsnippet"">... פחיפה ביריות זקיף מהלגיון הערבי נהרג בקרבת בית־החולים תצבאי <b class=""highlightcolor"">בחיפה</b> זיגמונד מאקס, בן ‭. 32‬ברחוב הנביאים גורת בכתפו בשעה ...</div>"
400	haretz19320216-01.2.38.1	16 February 1932	haretz	Page 4 Advertisements Column 1	"<div class=""txtsearchsnippet"">... תמידית הרבנים הראשיים א ?‭^|!!811§1|‬י ""־_־_ _— 2) במחסן <b class=""highlightcolor"">ביה""ח</b> ר' אלנבי ע'־י הדאד המרבד &lt; ?"" ‭I ~~ ...</div>"
401	hazmantlv19440116-01.2.59	16 January 1944	hazmantlv	031011!	"<div class=""txtsearchsnippet"">נגד העלאת המסים על הבתים באספת התאחדות בעלי הבתים <b class=""highlightcolor"">בחיפה</b> מיום ה׳ ניתן בטוי להתמרמרותם. של בעלי הבתים נגד ...</div>"
402	tsohorayimhaifa19460109-01.2.15	9 January 1946	tsohorayimhaifa	בעולם הערבי	"<div class=""txtsearchsnippet"">... השובתים נמצאים יומם ולילה בביהח״ר. אגודת הפועלים הערבים הפלשתינאית <b class=""highlightcolor"">בחיפה</b> פתחה במגבית לטובת השובתים וערכה אספות פועלים במקומות שונים, ...</div>"
403	haretz19440215-01.2.33	15 February 1944	haretz	בחיפה	"<div class=""txtsearchsnippet""><b class=""highlightcolor"">בחיפה</b></div>"
404	hbkr19440329-01.2.57	29 March 1944	hbkr	"תקציב ביה""ח העיווגיבת""א &#8237;115&#8236; אלף לא""י """	"<div class=""txtsearchsnippet"">תקציב <b class=""highlightcolor"">ביה""ח</b> העיווגיבת""א ‭115‬ אלף לא""י ""</div>"
405	hazmantlv19431217-01.2.62	17 December 1943	hazmantlv	MME	"<div class=""txtsearchsnippet"">... האחרונה של ועד לשכת ה• . מסחר ורתעשיה העברית <b class=""highlightcolor"">בחיפה•</b> שבה ד־ I שתתף גם חבר המועצה הכלכלית ה.ז;- ...</div>"
406	dav19310622-01.2.5	22 June 1931	dav	מפעולות הועד הלאומי	"<div class=""txtsearchsnippet"">... את הפעולות שנעשו עד עתה באר-גו-ן הקחלות נערים העיקריות. <b class=""highlightcolor"">בחיפה</b> ובירושלים התחילו בבר בהבנות לבחירות ומקוים שבקרוב תצאנה לפועל. ...</div>"
407	haretz19341021-01.2.52.2	21 October 1934	haretz	Page 5 Advertisements Column 2	"<div class=""txtsearchsnippet"">מודעה מבית ם'טפמ השלום <b class=""highlightcolor"">בחיפה</b> —מספר התיק: ‭4356/34‬ אזרחי. התובע: דרוויש יוסף הדד, מהיפה. ...</div>"
408	hmf19480423-01.2.54	23 April 1948	hmf	כר התחיל _מםע־הכיברצ בחיפה	"<div class=""txtsearchsnippet"">כר התחיל _מםע־הכיברצ <b class=""highlightcolor"">בחיפה</b></div>"
409	hmf19471103-01.2.67	3 November 1947	hmf	"נהג יהודי נרצח ע""י ערבים בסביבת חיפה"	"<div class=""txtsearchsnippet"">... במסיבות דומות, עורר גל של זעם בקרב צבור הנהגים <b class=""highlightcolor"">בחיפה.</b> מיהו הנרצח הנרצח, יליד עירק, מותיקי הנהגים <b class=""highlightcolor"">בחיפה,</b> הניח ...</div>"
410	hzh19461128-01.2.10	28 November 1946	hzh	Untitled	"<div class=""txtsearchsnippet"">... בוים f וקצין משטרה בריטי גבוהה אל ההברה קדישא <b class=""highlightcolor"">בחיפה</b> והודיעו שיש שתי. גופות, קדושי _הםפיור, ""כנסת ישראל‭, ""‬וצריך ...</div>"
411	hzh19450328-01.2.48.2	28 March 1945	hzh	Page 9 Advertisements Column 2	"<div class=""txtsearchsnippet"">... י תעודת הכשר- המפורסמות על- ' ־ , ידי <b class=""highlightcolor"">ביה""ח</b> ' •הג""ל היא •מזויפת‭:. ‬ ' הקהל יזהר‭?X .. ...</div>"
412	hazmantlv19431111-01.2.29	11 November 1943	hazmantlv	למרגלות הכרמל	"<div class=""txtsearchsnippet"">... הושמט מידם של אחינו הספרדים שלטונם על עניני הקהילה <b class=""highlightcolor"">בחיפה</b> בהדרגה טבעית שאין מסנה מנוס ומפלט. ברם, התקיפים לשעבר ...</div>"
413	dav19360318-01.2.108	18 March 1936	dav	תעשית קרמיקה _ארצישראלית	"<div class=""txtsearchsnippet"">... אנ־נותית , יכ_&gt;י הרס, צפוי הקירות בתיאטרון "" אורה"" <b class=""highlightcolor"">בחיפה</b> הוא פעי_&amp;ת קאי'י, גם בבנין ‭'(‬_־כימה"" בת""א ייטתם־ ש\ ...</div>"
414	dav19470416-01.2.90.2	16 April 1947	dav	Page 6 Advertisements Column 2	"<div class=""txtsearchsnippet"">... ת1ו‭*!‬ז ־ ‭=? ? ? 1‬ כביהכינ מושב זקניק <b class=""highlightcolor"">בחיפה‭?(,</b> ‬ת הטן ן 0 לאיי לנונביוז ההצלה ‭. —‬בנןקונ!נחזיבה ...</div>"
415	haretz19311023-01.2.18.2	23 October 1931	haretz	Page 1 Advertisements Column 2	"<div class=""txtsearchsnippet"">... ד""ר אריה פיגנבאום מנהל המחל קה למחלות עינים של <b class=""highlightcolor"">ביה''ח</b> רוטשילד בירושלים מקבל חולים ההל מן הראשון לנובמבר גפ ...</div>"
416	haretz19370507-01.2.81.4	7 May 1937	haretz	Page 6 Advertisements Column 4	"<div class=""txtsearchsnippet"">הומו המנהל של <b class=""highlightcolor"">ביה""ח</b> העירוני הרסה בת7 י ־ אביב מבריז על 3 ...</div>"
417	haretz19441015-01.2.24	15 October 1944	haretz	בחיפה	"<div class=""txtsearchsnippet""><b class=""highlightcolor"">בחיפה</b></div>"
418	haretz19440807-01.2.19	7 August 1944	haretz	הכלל והפרט ן	"<div class=""txtsearchsnippet"">ד""ר א. מיהי, מנהל <b class=""highlightcolor"">ביה""ח</b> הממשלתי בפרדם כץ, חזר מחופשתו והתחיל בעבודתו• ה;ב' הודה ...</div>"
419	hbkr19390623-01.2.53	23 June 1939	hbkr	תשלומ דיבידנדד.	"<div class=""txtsearchsnippet"">... ?•הסכנה לחייו חלפה. מצבי על אלפדד לזאן. שנפצע בחצר <b class=""highlightcolor"">ביה""ח</b> חממ זולתי בחיפד, ביום ב' בבוקר בלפת' להתרפא שם ...</div>"
420	hbkr19390627-01.2.61	27 June 1939	hbkr	&#8237;^1&#8236; *י* 0 ןן	"<div class=""txtsearchsnippet"">... אנ""י ‭, 01 ‬ טלפון ‭. (2183 ‬ — <b class=""highlightcolor"">בחיפה</b> פחוחיפ הלילה בתי הפדקחת ,. ססדד, "" בדה' מסדה ...</div>"
421	hmf19480915-01.2.59	15 September 1948	hmf	ראש העיר מאשים את הממשלה בהתנכרות לשרותים המוניציפליים	"<div class=""txtsearchsnippet"">... שהממשלה תקה לידיה את ""הדסה‭"". ""‬למה היא קיבלה את <b class=""highlightcolor"">ביה""ח</b> <b class=""highlightcolor"">בחיפה</b> ואיבה עושה זאת ביהס לביד‭""""‬ה בתל־אביב"" — שאל ...</div>"
422	hbkr19470508-01.2.43	8 May 1947	hbkr	>יוח ו7י>0	"<div class=""txtsearchsnippet"">... ננוקר עומד לרשות הקחל בית חמרקחת לשרות לילד, שע""י <b class=""highlightcolor"">ביה""ח</b> העירוני . הדמה"". 6 ו־‭8. 30‬ נעדנ: יעךך נשף ...</div>"
423	hbkr19380624-01.2.50	24 June 1938	hbkr	התמזגו הסתדהת העובדים הלאומית ןאוגון העובדים המדינתיים	"<div class=""txtsearchsnippet"">... מעדי הקטיגוריה. התמשך היום. הנוטר מיכאל אנטון עזב את <b class=""highlightcolor"">ביה""ח</b> הנוטר מיכאל אנטון' שנשצע בש - ב-ע שעבר ליד ...</div>"
424	hmf19460823-01.2.86	23 August 1946	hmf	"יובלה ב""אמפ""ר ד""וול"""	"<div class=""txtsearchsnippet"">... מאנית הגירוש ""אמפייר הייווד"" והועברו למחלקח למחלות מידבקות של <b class=""highlightcolor"">ביה""ח</b> הממשלתי <b class=""highlightcolor"">בחיפה‭,.</b> ‬ האניה שוקעת</div>"
425	hazmantlv19430822-01.2.42	22 August 1943	hazmantlv	ras^na®	"<div class=""txtsearchsnippet"">... צבאי בטיילו על הר הכרמל, עזב ביום הששי את <b class=""highlightcolor"">ביה״ח</b> רוטשילד לאחר שפצעיו נרפאו וחזר לבית הוריו מקום שם ...</div>"
426	hazmantlv19440704-01.2.42	4 July 1944	hazmantlv	?!בחיכו®	"<div class=""txtsearchsnippet"">... אתמול החל להתברר בפני בית הדין לפשעים חמורים במושבו <b class=""highlightcolor"">בחי.פה</b> דינו של החייל מוחמד מוגרבי מיפו שנאשם ברצח אחותו, ...</div>"
427	mivrak19480606-01.2.78	6 June 1948	mivrak	"""האחים סטיל» נוטים להפסיק את עבודתם נאודישואל"	"<div class=""txtsearchsnippet"">... קשריהם המסחריים עם א״י בפחדם של הפקידים האנגלים להשאר <b class=""highlightcolor"">בחיפה</b> לאחר הפנוי ובלעדי הפקידות הבריטית אין ביכולתם להמשיך בהנהלת ...</div>"
428	hzh19470610-01.2.64	10 June 1947	hzh	.וזיינו?	"<div class=""txtsearchsnippet"">... 30 מכפר טירה נורה מכדור אקמח בשעת חדווה ב""פנטזיה"" <b class=""highlightcolor"">בחיפה.</b> הובא לבית החולים הממשלתי. אסיפת המורשים של הדר הכרמ_$ ...</div>"
429	devarenu19300302-01.2.8	2 March 1930	devarenu	כארץ־ישראל	"<div class=""txtsearchsnippet"">... הם יצאו זכאים בדינם. - כפי שמודיע ה״אל״כרטל"" הערבי <b class=""highlightcolor"">בחיפה</b> השולח מטעם המשרד הקולוניאלי לא״י ועדה לשם ריאורגניזצית של ...</div>"
430	ahr19480225-01.2.62	25 February 1948	ahr	_פשלת־גםול של ה,הגנהי ל_^חר שנרצהו 2 יהודים	"<div class=""txtsearchsnippet"">... ליד מכונית הובאו 'לתחנת המשטרה בג'למי ומשם נאםפו אל <b class=""highlightcolor"">ביה""ח</b> בעפולה. ההרוגים היו מהנדסים עובדי חברת־המים הארצישראלית. הגופות הובאו ...</div>"
431	khm19480322-01.2.38	22 March 1948	khm	"בעיות האספהה וחלוקת המצרכים בדיוז מועצת עירית ת""א"	"<div class=""txtsearchsnippet"">... ע. ת""א. קמה זה נטחן בטחנת הקמח :מפרץ"" אשר <b class=""highlightcolor"">בחיפה,</b> ועדת חמצב שליד עירית חיטה דרשה להשאיוו את כל ...</div>"
432	hmf19470606-01.2.24	6 June 1947	hmf	ה&#8237;14_=&#8236; שנפלו בימ• המאבק	"<div class=""txtsearchsnippet"">... השני לאחר מעשי־חבלה אלד, התקפה על בתי־המלאכה של הרכבות <b class=""highlightcolor"">בחיפה</b> ונגרם נזק עצום. למתקיפים — כפי שנתברר אח""כ אנשי ...</div>"
433	hzh19450207-01.2.40	7 February 1945	hzh	חיפה	"<div class=""txtsearchsnippet"">... בגולת _אירוגגה, הועייגיולו !בגינום 'ההספד _מכץלס !_התואתדדת חניכי הישיבות <b class=""highlightcolor"">בחיפה</b> בהיכל !הייעויבד‭*., ‬תפארת ישראל* ביוס א' 'בערב. תחילה נאמרו ...</div>"
434	dav19340321-01.2.52	21 March 1934	dav	&#8237;\?*8_? 1 ( &#8236;	"<div class=""txtsearchsnippet"">התורנים בעבודתם •לדרישת הנהלת יחמכם <b class=""highlightcolor"">בחיפה</b> המטינו _במוצ‭'""‬ט הסבלים 'הדודנים העסו - קים אצל י ...</div>"
435	haretz19471230-01.2.28.3	30 December 1947	haretz	Page 3 Advertisements Column 3	"<div class=""txtsearchsnippet"">... 6 רופאים יהודים ו־‭27‬ אחיות עזבו את־ מול את <b class=""highlightcolor"">ביה""ח</b> הממשלתי בירושלים. כפי הנראה עשו את הדבר לאחר שהשמירה ...</div>"
436	haretz19330611-01.2.17.1	11 June 1933	haretz	Page 1 Advertisements Column 1	"<div class=""txtsearchsnippet"">... חיפה. כדבר פרטים לפנות בכתב ובעל פה לםי.יך ״הארץ"" <b class=""highlightcolor"">בחיפה.</b> ת. ד. 398 עבור מ.</div>"
437	dav19370609-01.2.71	9 June 1937	dav	שחתי הםבונ יות והתיירות	"<div class=""txtsearchsnippet"">בשנה האחרונה תלו שפירים רבים _נשלזח. המכוניות _העבזדיות <b class=""highlightcolor"">בחיפה</b> והסביבה. עם בל התביעות של הושב ־ המקום כלפי ...</div>"
438	dav19310907-01.2.37.3	7 September 1931	dav	Page 4 Advertisements Column 3	"<div class=""txtsearchsnippet"">... חיפה ; 1 למחרר־1 ראש השנה אנו פותחים • <b class=""highlightcolor"">בחיפה</b> חנות למכירת נעלינו ‭&gt;&gt; \‬כ ר־1 ר — יצחק ...</div>"
439	dav19450527-01.2.35	27 May 1945	dav	"1יו הנוושה 3ק38ת-חול""מ"	"<div class=""txtsearchsnippet"">פתיחת בית החולים החדש <b class=""highlightcolor"">בחיפה</b> גידול האונלוסיה של קופ""ח והמחסור במיטות בבתי־החוליט מבריח את ...</div>"
440	dhy19350804-01.2.73.1	4 August 1935	dhy	Page 8 Advertisements Column 1	"<div class=""txtsearchsnippet"">- ז: <b class=""highlightcolor"">ביה""ח</b> לקרח קריסטול 1 ""חרמון"" שלפון 536 זכרו!משה ירושלים, ע""י ...</div>"
441	haretz19310828-01.2.16.1	28 August 1931	haretz	Page 2 Advertisements Column 1	"<div class=""txtsearchsnippet"">מגרשים עומדים למכירה <b class=""highlightcolor"">בחיפה'</b> הדר הכרמל במקום בריא ומרהיב עין ביפיו. במרכז השכונה ...</div>"
442	haretz19351216-01.2.84	16 December 1935	haretz	ידיעות יזב־יוס	"<div class=""txtsearchsnippet""><b class=""highlightcolor"">בחיפה</b> באבוד לתוצרת הארץ"" "" כישיבת חאחרוגת שלמועצת המו- "" ...</div>"
443	haretz19471026-01.2.35	26 October 1947	haretz	סיורי הנרי ואלאם ב$מק הירדן	"<div class=""txtsearchsnippet"">... גערכה לו ממיבה בביתו של ד""ר קארל להניאו מנהל <b class=""highlightcolor"">ביה""ח</b> ""גשי"" בכימל המע־ י רב*. בתכנית מיוריו הממ: ביקוי ...</div>"
444	hmf19480315-01.2.61	15 March 1948	hmf	גברהנהרגו פעילות 1 יהודים הכנופיות ונפצעו &#8237;.5&#8236; —נפצעו בחיפה _e עונ ים	"<div class=""txtsearchsnippet"">גברהנהרגו פעילות 1 יהודים הכנופיות ונפצעו ‭. 5‬ —נפצעו <b class=""highlightcolor"">בחיפה</b> _e עונ ים</div>"
445	hzh19441016-01.2.55	16 October 1944	hzh	"&#8237;a "" n&#8236; ה"	"<div class=""txtsearchsnippet"">... יי בין שלושת חולי הדבר שהובאו בימים אלה למבדדת <b class=""highlightcolor"">?ביה""ח</b> הממשלתי 2 ילדים ערבים 'מארר־אל־יהוד. השלישי — שומר יהודי ...</div>"
446	mar19480309-01.2.70	9 March 1948	mar	Untitled	"<div class=""txtsearchsnippet"">... זמן שתחנת חי' , רבבת ביפו תהיה סגורה‭"", ""‬ <b class=""highlightcolor"">ביה־־ח</b> האנגלי ביפו _*</div>"
447	hazmantlv19440509-01.2.46	9 May 1944	hazmantlv	"כנוסים מחוזיים ""של העוגד הציוני,,"	"<div class=""txtsearchsnippet"">... אלה ידונו בבעיות האקטואליות של הציונות ,והישוב. כן תתקיים <b class=""highlightcolor"">בחיפה</b> כינוס איזורי של יוצאי ""הנוער הציוני"" מרומניה, ,בהשתתפותו של ...</div>"
448	hbkr19380417-01.2.8	17 April 1938	hbkr	.	"<div class=""txtsearchsnippet"">... מכונית סכסי נהוגה בידי מיכאל גלברט. מנהל גיג' _ריא־' <b class=""highlightcolor"">בחיפה</b> ובה 5 נוסעים מח-ץ לנהג. המטיילים חזרי מבקיר £ק־דת ...</div>"
449	hazmantlv19431202-01.2.44	2 December 1943	hazmantlv	>oolo^	"<div class=""txtsearchsnippet"">... בבקר בראשו מפגיעת מכונית משא ערבית. הפצוע נאסף אל <b class=""highlightcolor"">ביה״ח</b> רוטשילד <b class=""highlightcolor"">בחיפה.</b> תאונת דרכים אור ליום ד׳ בשעה 7.30 ...</div>"
450	haretz19330530-01.2.65	30 May 1933	haretz	בחיפה	"<div class=""txtsearchsnippet""><b class=""highlightcolor"">בחיפה</b></div>"
451	haretz19370510-01.2.69	10 May 1937	haretz	בחיפה	"<div class=""txtsearchsnippet""><b class=""highlightcolor"">בחיפה</b></div>"
452	haretz19381223-01.2.19	23 December 1938	haretz	UNKNOWN	"<div class=""txtsearchsnippet"">... וציין, כי הבניז ויישן שבו נמצא ביח""ח עד כה <b class=""highlightcolor"">(ביה""ח</b> נפתח למעשח בתחלת אוקטובר — המודיע) לא התאים כלל ...</div>"
453	hador19481229-01.2.58	29 December 1948	hador	מךןןעד באר-שבע	"<div class=""txtsearchsnippet"">... קודם לכן באשמה זו - בה מער רב גם <b class=""highlightcolor"">ביה״ח</b> «יוה ״קורטוב״ בת״א, ,הווד בחקירה שאת רסובר היה קינה ...</div>"
454	ahr19471203-01.2.45	3 December 1947	ahr	רגימות והסחה הנדשת _בעבודח _בחונברת בחיפה לתל השביחה	"<div class=""txtsearchsnippet"">רגימות והסחה הנדשת _בעבודח _בחונברת <b class=""highlightcolor"">בחיפה</b> לתל השביחה</div>"
455	haretz19450503-01.2.13	3 May 1945	haretz	בחיפה י יגור	"<div class=""txtsearchsnippet""><b class=""highlightcolor"">בחיפה</b> י יגור</div>"
456	haretz19370425-01.2.52	25 April 1937	haretz	בחיפה	"<div class=""txtsearchsnippet""><b class=""highlightcolor"">בחיפה</b></div>"
457	haolam19450726-01.2.11	26 July 1945	haolam	שבוע הימים בארץ	"<div class=""txtsearchsnippet"">... קצנלסון מהנהלת הוועה""ל, ג. לווין, יו""ר ועד הקהלה העברית <b class=""highlightcolor"">בחיפה,</b> ש. לוי, יו""ר הועד המנהל של <b class=""highlightcolor"">ביה""ח</b> ""רוטשילד"" <b class=""highlightcolor"">בחיפה,</b> ...</div>"
458	haretz19430823-01.2.40	23 August 1943	haretz	בחיפה	"<div class=""txtsearchsnippet""><b class=""highlightcolor"">בחיפה</b></div>"
459	hbkr19400509-01.2.68	9 May 1940	hbkr	&#8237;'§£2. &#8236;	"<div class=""txtsearchsnippet"">... בהתחרות לבנ־ ין בית החולים רוטשילד של הקהלה העברית <b class=""highlightcolor"">בחיפה,</b> יכולים לקבל את התבניות של־ הם <b class=""highlightcolor"">בחיפה:</b> משרד ועדת ...</div>"
460	hbkr19380118-01.2.1	18 January 1938	hbkr	"ן כנופיה שאובה לאוטובוסאכספוס הגליד """	"<div class=""txtsearchsnippet"">... צפת ראש פנה יריות על אוטובוס הר . הכרמל <b class=""highlightcolor"">בחיפה</b></div>"
461	itonmeyuhad19340114-01.2.22	14 January 1934	itonmeyuhad	מפעולות המיסיון בחיפה	"<div class=""txtsearchsnippet"">מפעולות המיסיון <b class=""highlightcolor"">בחיפה</b></div>"
462	haretz19331129-01.2.36	29 November 1933	haretz	חשונה אל הצבור	"<div class=""txtsearchsnippet"">... החקירה שע־כנו: ואלה הן העובדות: ברתל ריכהמר שבה מט-ולה <b class=""highlightcolor"">בחיפה</b> לקבוצת נע נה ביום הראש,׳ז לשבוע, 8 לספטמבר, בעין ...</div>"
463	dav19351129-01.2.41	29 November 1935	dav	מכתבים למערכת	"<div class=""txtsearchsnippet"">... לא נתקבלו פועלים יהודים לבתי המלאכה של מסילת הברזל <b class=""highlightcolor"">בחיפה.</b> ב) בין כל העובדים שנתקבלו בזמן האחרון למחלקת התנועה ...</div>"
464	haretz19351229-01.2.41	29 December 1935	haretz	"למגב בית החולים ""המה''"	"<div class=""txtsearchsnippet"">... נם את ענין בית ההואיםהדסה"" שא ועד הקחאח "" <b class=""highlightcolor"">בחיפה.</b> אשפ כך פנח בא־כחנו אםנחא בית חחואים ד""ד ברנד, ...</div>"
465	bustenai19340613-01.2.11	13 June 1934	bustenai	אלימלך בורשטין כלכלה לאומית	"<div class=""txtsearchsnippet"">... הכפרי. המספרים לשנה האחרונה (חרציג) מוכיחים, איזה מקום תיפם <b class=""highlightcolor"">ביה־ח</b> רוטשילד בהוספיטליזציה של חברי קחח עממית במושבות, המהוים רק ...</div>"
466	dav19421213-01.2.54	13 December 1942	dav	יתוק ז העולד'נעשה _לאחיות בוגרות &#8237;0x7 &#8236;	"<div class=""txtsearchsnippet"">... וביסודיותו‭,, ‬ מ_^ום לקוות, כי יושם קץ להפליה. ואמנם <b class=""highlightcolor"">בחיפה</b> הושוו בוגרות האולפן בכל- לאחיות מטוס־ מכות. י ? ...</div>"
467	dhy19350213-01.2.66	13 February 1935	dhy	קופת חולים עממית במושבות	"<div class=""txtsearchsnippet"">... הממשלתי ביפו, ישתתף כיועץ כועדה המיותרת להקמת בתי""ח. הנהלת <b class=""highlightcolor"">ביה""ח</b> של חקחלח העברית <b class=""highlightcolor"">בחיפה</b> הודיע לשתי קופות חחולים, שבעתיד ...</div>"
468	dhy19321127-01.2.30	27 November 1932	dhy	אחרונות חיפה	"<div class=""txtsearchsnippet"">... הקהלה __ לנשיא נ . סוקולזב ועד הקהאה העירית <b class=""highlightcolor"">בחיפה</b> שאה ביום ששי צנשיא ההסדתרות הציונית — מר םוקואוב ...</div>"
469	haretz19360131-01.2.94.1	31 January 1936	haretz	Page 13 Advertisements Column 1	"<div class=""txtsearchsnippet"">... *1ין כסף בטחםנים החדשים של מפעלי ל יה י? <b class=""highlightcolor"">בחיפה</b> ימצאו בעלי־מכוניות בארץ־ ישראל תנאי ־ שרות נוחים ביותר. ...</div>"
470	haretz19350524-01.2.20.1	24 May 1935	haretz	Page 1 Advertisements Column 1	"<div class=""txtsearchsnippet"">ן <b class=""highlightcolor"">ביהח</b> הגהלת ""ר ""עלית"" ן בדמת'גן מברבת את םוכנה <b class=""highlightcolor"">בחיפה</b> ...</div>"
471	haretz19381115-01.2.27	15 November 1938	haretz	ןו ו ,&#8237;, ?11,1,1.1 11&#8236; ,וונ,.ו&#8237;. . , 1&#8236; ו , - ? נ , ו ויון ו ו י ו ווו &#8237;11&#8236; ,ו ,ו ו ו? וו ו,נוו ,ו ו ? ו ,ו, ו ?I נדחתה ההלואה הגדולה לחיפה	"<div class=""txtsearchsnippet"">... אשם התקנת הספקת מים מתוקנת אעיר, שכידוע אינה קיימת <b class=""highlightcolor"">בחיפה.</b> אך נם ענין זה נדחה אזמנים יותר טוב-ם. יש ...</div>"
472	haretz19380809-01.2.71	9 August 1938	haretz	24 שעות קרור	"<div class=""txtsearchsnippet"">... ב־‭10‬ ליולי, ושהיה מוטל בביה""ח הדסה"", עזב אתמול את <b class=""highlightcolor"">ביה""ח.</b> "" הכלה בקרבת ירושלים ב־־י שלשום נשרפו על ידי ...</div>"
473	haretz19430716-01.2.35	16 July 1943	haretz	בחיפה	"<div class=""txtsearchsnippet""><b class=""highlightcolor"">בחיפה</b></div>"
474	hbkr19380721-01.2.88	21 July 1938	hbkr	&#8237;£^£11? &#8236;	"<div class=""txtsearchsnippet"">... 300 תיירים אמתקנים וגרמנים• וינקת ביתשלים. החלים ועזב את <b class=""highlightcolor"">ביה־ח</b> אתמיל עזב את ניה־ח . הרסה' חי - פה ...</div>"
475	hzh19480708-01.2.29	8 July 1948	hzh	"קאהיר: ההפוגה תמשך רק m יופעל לחץ חוק דו מלונ ו ה""זאומ""א"	"<div class=""txtsearchsnippet"">... בארץ־ישראל תפרוץ מחדש. הדרישה החדשה למשלוח 1000 שומרים שישרתו <b class=""highlightcolor"">בחיפה</b> ובירושלים, בוודאי תעורר את הרו־ פים לחדש את דרישתם ...</div>"
476	hashaah19400108-01.2.17	8 January 1940	hashaah	ייצור שמניס-מוצקים בארץ L k	"<div class=""txtsearchsnippet"">השבוע נתקיים ביקור של ב״כ הע־ תונים היומיים <b class=""highlightcolor"">בחיפה</b> בבית החרושת ""שמן"", שהיה מוקדש בעיקר למחלקה לייצור שמנים ...</div>"
477	dav19450828-01.2.7	28 August 1945	dav	Untitled	"<div class=""txtsearchsnippet"">... ההוליט . הדסה"" בירושלים ‭, 7 —‬לב־ת־החולים . _דוט־&amp;ילד"" <b class=""highlightcolor"">בחיפה</b> ‭, 18 —‬ <b class=""highlightcolor"">ביה""ח</b> ""הכרמל"" של קופ''ח <b class=""highlightcolor"">בחיפה</b> ‭, ...</div>"
478	hmf19470721-01.2.4	21 July 1947	hmf	", ייחם שמעפילייציאת אירופה' מוחזרים לצופה"""	"<div class=""txtsearchsnippet"">קפריסין. עוד ביום השבת נפוצו שמועות <b class=""highlightcolor"">בחיפה</b> שאניות הגירוש יחזירו את המעפילים /נמל המוצא בצרפת. סופרו ...</div>"
479	haretz19460513-01.2.37	13 May 1946	haretz	בירושלים	"<div class=""txtsearchsnippet"">... י. ! — הערב ב־8 באולם ההרצאות של I <b class=""highlightcolor"">ביה""ח</b> ""ביקור חולים"" הרצאת גב'. ד""ר בימקו (הרופאה הראשית של ...</div>"
480	haretz19450510-01.2.26	10 May 1945	haretz	מימי ההפצצות בחיפה ן ,	"<div class=""txtsearchsnippet"">מימי ההפצצות <b class=""highlightcolor"">בחיפה</b> ן ,</div>"
481	dhy19310308-01.2.33	8 March 1931	dhy	חיפה	"<div class=""txtsearchsnippet"">... 100 לא י' י לסלילת חלק מדר רהוב שע""י <b class=""highlightcolor"">ביה""ח</b> הממשלתי כפי דרישת הממ־ ש לה . ג)ל. מסור ...</div>"
482	hbkr19400121-01.2.81	21 January 1940	hbkr	בחנוה ובמשפחה	"<div class=""txtsearchsnippet"">... העיר והגב' רוקה. ה""ה מ. עוזיאלי, מר גרושקא, מנהל <b class=""highlightcolor"">ביה""ח</b> ""הדסה"". מר ליבונטין, ד""ר איצקוביץ, מר י. ל. רוקח, ...</div>"
483	hazmantlv19431026-01.2.31	26 October 1943	hazmantlv	^ם«בתל-אב^?י£בחיsה;	"<div class=""txtsearchsnippet"">... 16 נאשם בהחזקת 3 כדורי אקדח השופט מר רוזנצוייג <b class=""highlightcolor"">בחיפה</b> הוציא ביום א׳ פקודת מעצר למשך 15 יום נגד ...</div>"
484	dhy19320110-01.2.41	10 January 1932	dhy	"1 ־וו !זי־ ידי &#8237;!?&#8236;•וו וו ויו ־1 ו< &#8237;???&#8236;ה וידוזווו וודוו ווווו?ו ווו &#8237;??&#8236;ו &#8237;?1,11???&#8236;ן .וווו&#8237;?!?!&#8236;־־ י דו &#8237;<""- _~&#8236; ־ ווו ו ווו־ 111 >־ ו ?רד&#8237;!""&#8236;־, !ו ־ו וו וווו!ו &#8237;\ {. &#8236;"	"<div class=""txtsearchsnippet"">... היושבת ראש עמדת עצ התפתחות עבודת ארגון הםעו*ח _תסזצייא*ית <b class=""highlightcolor"">בחיפה/</b> ומסרת פרטים עצ ישיבות. _הןועדת הסוצי־ אהי-ת שע""י ועד ...</div>"
485	dhy19330123-01.2.39	23 January 1933	dhy	אחרונות חיפה	"<div class=""txtsearchsnippet"">מפעולות ועד הקהלת <b class=""highlightcolor"">בחיפה</b> בעניני התקציב לשנת תרצ""ג‭—. ‬ ב""כ המושל, מר י ...</div>"
486	dhy19320918-01.2.35	18 September 1932	dhy	אחרונות חיפה	"<div class=""txtsearchsnippet"">... לקוראינו בזמנו. רק לאחר חתערבותה חנמרצת של לשבת רמסחר <b class=""highlightcolor"">בחיפה,</b> הורשה להוציא סוף סוף את הס־ הורות שרשימותיחז נתקב&gt;ו ...</div>"
487	lakkarov19451004-01.2.17	4 October 1945	lakkarov	ד״ש מניצוד^י צ׳כיה והונגריה	"<div class=""txtsearchsnippet"">... יולי, אהרון, יאנצי בבית. רוצים לעלות. 9. מושקוביץ ליל, <b class=""highlightcolor"">ביה,״ח</b> בילינסון — סידי בבודאפסט; שלומה טוב; אבא בדרך אליה. ...</div>"
488	haretz19331105-01.2.48	5 November 1933	haretz	בחיפה	"<div class=""txtsearchsnippet""><b class=""highlightcolor"">בחיפה</b></div>"
489	ahr19470724-01.2.29	24 July 1947	ahr	&#8237;niira&#8236; קו_3_ת־ח_8_ליט גידול רשת המרפאות	"<div class=""txtsearchsnippet"">... - פאות אזוריות חדשות בערים ובמו־ ‭, 1945‬והיא גמשכת. <b class=""highlightcolor"">בחיפה,</b> ירושלים _ובנקווות רבות בארץ נבנות מרפאות נוספות. בשנת 1946 ...</div>"
490	haretz19320219-01.2.35.1	19 February 1932	haretz	Page 4 Advertisements Column 1	"<div class=""txtsearchsnippet"">... מתקבלות : בתל־אביב 1) במשרד ע'יי בית־חחרשת 2) במחסן <b class=""highlightcolor"">ביה''ח</b> ר' אלנבי' ע־י הדאר המרכזי וגם נמצא למבירח: קמח ...</div>"
491	haretz19350617-01.2.39	17 June 1935	haretz	הוד עד! בדבר מכירת האקטיב של בית הרושת לקדה וטתנת קמת	"<div class=""txtsearchsnippet"">... 'הנמצא ביסו, שוכנת :דרך שבין יפו לתל אביב, ע""י <b class=""highlightcolor"">ביה""ח</b> גנר והמבילח א) אדמת בת . ‭1590. 60 ‬ ...</div>"
492	haretz19391010-01.2.41	10 October 1939	haretz	בחיפה	"<div class=""txtsearchsnippet""><b class=""highlightcolor"">בחיפה</b></div>"
493	haretz19481110-01.2.56	10 November 1948	haretz	כמעט שנעלמו מחלות מדבהות	"<div class=""txtsearchsnippet"">... גדול כאתיות. הממשלה פתחה שגי בתי ספר לאחיות ליד <b class=""highlightcolor"">ביה""ח</b> . הירקון' בתל־אביב ובית החולים הממשלתי <b class=""highlightcolor"">בחיפה.</b> עם גמר ...</div>"
494	hmf19470630-01.2.50	30 June 1947	hmf	קצין וחייל מתו מפצעיהם	"<div class=""txtsearchsnippet"">... ונפצעו במוצאי שבת בשעה שישבו ליד הבאר בקפה ""אסטוריה"" <b class=""highlightcolor"">בחיפה,</b> מת אתמול בשעות הבוקר המוקדמות מפצעיו. ההרוג שהיה בדרגת ...</div>"
495	hbkr19481227-01.2.31	27 December 1948	hbkr	UNKNOWN	"<div class=""txtsearchsnippet"">... ;שלשים למותו! ר •עקב פאיר נר נתן תיי1טן. שנפטו <b class=""highlightcolor"">בחיפה.</b> ה־ד, אחד האישים הכולפ-פת־ ב. וות החודת (הבלתי-קנאיתן של ...</div>"
496	hbkr19411024-01.2.40	24 October 1941	hbkr	־־ היי; מ־מא'	"<div class=""txtsearchsnippet"">... ה־ה: ג. שיקן, וקס וד־ר דרבקין. נמר תחרויות השחיה <b class=""highlightcolor"">בחיפה</b> ממחלקת השחיה של מכבי חיפה :יד-ע-ם : שחיה חפשית ...</div>"
497	hzh19450415-01.2.48.1	15 April 1945	hzh	Page 4 Advertisements Column 1	"<div class=""txtsearchsnippet"">... והאיחולים למלאות 5 שנים_5מפעל י י"" _^ נתניה הנהלת <b class=""highlightcolor"">ביה""ח</b> ""עליון</div>"
498	yarden19371112-01.2.36	12 November 1937	yarden	נעילת התערוכה בפתורתקוה	"<div class=""txtsearchsnippet"">... ע""י חאחים מירזיקנדורף ושות' כיום ביה""ה השני בכל חארץ. <b class=""highlightcolor"">ביה""ח</b> נבנה לפי דרישות הטכניקה החדישה. צמר פלדה המשמש בעיקר ...</div>"
499	itonmeyuhad19340125-01.2.5	25 January 1934	itonmeyuhad	התאבדות טראגית בחיפה עולה מגרמניה מנתקת את פתיל חייה בתליה (עוד קרבו המשטר של היטלר)	"<div class=""txtsearchsnippet"">התאבדות טראגית <b class=""highlightcolor"">בחיפה</b> עולה מגרמניה מנתקת את פתיל חייה בתליה (עוד קרבו ...</div>"
500	hator19321109-01.2.11	9 November 1932	hator	ברור דברים.	"<div class=""txtsearchsnippet"">... הדברים כהויתם: על סי האיניציאטיבה של האגודות ""משמרת שבת"" <b class=""highlightcolor"">בחיפה</b> ותל־אביב, נועדו לירושלים ביום ט״ו טנ״א תרצ״ב באי כח ...</div>"
501	ahr19460307-01.2.45	7 March 1946	ahr	המאבק בגולה הטרגית בארץ	"<div class=""txtsearchsnippet"">... י ב ר ה י ם (ראש האגודה המוסלמית <b class=""highlightcolor"">בחיפה</b> וקופת האומה, ומנהל הניף באבק האומה הערבי <b class=""highlightcolor"">בחיפה)</b> יוה ...</div>"
502	dav19361030-01.2.52.4	30 October 1936	dav	Page 7 Advertisements Column 4	"<div class=""txtsearchsnippet"">... ‭!! _4 8_^ !|‬ ‭//‬ בב1ין תחנת הכח החדשה <b class=""highlightcolor"">בחיפה</b> ‭//‬ \ מברכים את מנהלם הח_' ‭?5 , -‬ ...</div>"
503	dav19351117-01.2.40	17 November 1935	dav	&#8237;11 0 11 &#8236;	"<div class=""txtsearchsnippet"">... העבודות בבנינים אלה לא הוסיפן כבור י לצבוד היהודי <b class=""highlightcolor"">בחיפה,</b> כי אי: להעלים את _חכשלונות ואת המריבות. אבל תוצאת ...</div>"
504	dav19320105-01.2.37	5 January 1932	dav	הנציב בחיפה	"<div class=""txtsearchsnippet"">הנציב <b class=""highlightcolor"">בחיפה</b></div>"
505	haretz19411111-01.2.57	11 November 1941	haretz	בחיפה	"<div class=""txtsearchsnippet""><b class=""highlightcolor"">בחיפה</b></div>"
506	haretz19440405-01.2.24	5 April 1944	haretz	בחיפה	"<div class=""txtsearchsnippet""><b class=""highlightcolor"">בחיפה</b></div>"
507	hzh19420412-01.2.37	12 April 1942	hzh	Untitled	"<div class=""txtsearchsnippet"">... יסודרו מקומיות־ ליגה, כולן מתבקשות לבוא. !י הסגה . <b class=""highlightcolor"">בחיפה'</b> • בן י-ג עובדי הסנה <b class=""highlightcolor"">בחיפה</b> סידרו מסיבה למלאות ...</div>"
508	hzh19470630-01.2.37	30 June 1947	hzh	הי_5ה	"<div class=""txtsearchsnippet"">... פצועי חיפה מת לפנות בוקר אחד מפצועי קפד‭"", ‬אסטוריה‭. <b class=""highlightcolor"">""‬בחיפה,</b> קצין •צבא בדרגת קפטן מת בבי""ח צבאי אתמול עם ...</div>"
509	haretz19310721-01.2.23	21 July 1931	haretz	"דו""ח על מפעלי הבריאות"	"<div class=""txtsearchsnippet"">... ‭$| ן|| ‬ המו""ט עם עירית תא־אביב בדבר העברת <b class=""highlightcolor"">ביה""ח</b> י הדםה ארשותה — שנמשך קרוב אשנה, נגמר בתנאים ...</div>"
510	ahr19480301-01.2.46	1 March 1948	ahr	"_מכזנית־תופת ערבית בחיפה פוצצה על־יד' יחידות ה""הגנה"""	"<div class=""txtsearchsnippet"">_מכזנית־תופת ערבית <b class=""highlightcolor"">בחיפה</b> פוצצה על־יד' יחידות ה""הגנה""</div>"
511	ahr19471214-01.2.48	14 December 1947	ahr	&#8237;nww 36 _ihiu&#8236; ל_€_ו1זר רצה חייל _בהדר־הכרםל	"<div class=""txtsearchsnippet"">... ם, שנקראו לכמה את הדליקה, אספו את הגוויה אל <b class=""highlightcolor"">ביה""ח</b> ""רוטשילד‭. ""‬אחת מיוזידות ה""הגנה‭, ""‬ שיצאה אחר־כך למקום, שלידו ...</div>"
512	ahr19470326-01.2.25	26 March 1947	ahr	&#8237;yuan?_31B_31 &#8236;	"<div class=""txtsearchsnippet"">... ששמותיהם מפורטים בזה, מתבקשים י־י- ־יבתפ לםוי?למשרדי וועד הקהלד, <b class=""highlightcolor"">בחיפה</b> ;רחוב ארלוזורוב ‭, 16‬ חור ‭:(4‬ משה ־זרוביץ, ישעיהו ...</div>"
513	haretz19470209-01.2.45	9 February 1947	haretz	בספורט	"<div class=""txtsearchsnippet"">... י ק. נגד קבוצה מעורבת ""מכבי' וה""פועלרמת גן בעל <b class=""highlightcolor"">ביה""ח</b> . משל זקס"", מר סם זקס הקצה שטח של ...</div>"
514	dav19480809-01.2.22	9 August 1948	dav	_וישפרו במדינת ישראל	"<div class=""txtsearchsnippet"">... לחולי־ריאח ונפש. חולים ל&amp;חלות מידבקות וגתי־הוליס מיו־ אך בכללו <b class=""highlightcolor"">ביה""ח</b> ליולדות. בתי־החולים בארץ-ישראל מדינה יהודית: מדינה ערביח: _איזור ירושליט;סך ...</div>"
515	baderech19350621-01.2.9	21 June 1935	baderech	בתי־יציהה וחרושת־מתכת □די	"<div class=""txtsearchsnippet"">החברה המפתחת את פעולתה <b class=""highlightcolor"">בחיפה</b> נוסדה בסוח יאנואר ש. ז., בחון של 45 אלח ...</div>"
516	ahr19480521-01.2.43	21 May 1948	ahr	במשמתהפקיוים	"<div class=""txtsearchsnippet"">... נייניהם של הפקידים היומיים. בעיריית חיפה כל הפקידים היהודיים <b class=""highlightcolor"">בחיפה</b> נשארו במשרותיהם. כן י . ממשיכים בעבודתם 25 פקידים ...</div>"
517	dav19351004-01.2.96.4	4 October 1935	dav	Page 13 Advertisements Column 4	"<div class=""txtsearchsnippet"">... ל71חל1ח עצבים ןךןח !ל3ידוטךפיה השתקע בירושלים רחוב הנביאים מול <b class=""highlightcolor"">ביה""ח</b> הגרמני השעות: ‭6—4, 12—9 ‬</div>"
518	dhy19320117-01.2.38	17 January 1932	dhy	Untitled	"<div class=""txtsearchsnippet"">בהרסרד "" חנהצת <b class=""highlightcolor"">ביה""ח</b> שא הקהצד. העברית בחיפח ‭::‬בקשת מאת קרובי החוצים, או ...</div>"
519	dhy19300129-01.2.24	29 January 1930	dhy	מכרתבים למערכת	"<div class=""txtsearchsnippet"">... רוצח אפנות במאים מו־ _עטוי1 אא ועד העדה העברית <b class=""highlightcolor"">בחיפה</b> שחבריו נעשו בתאם עורים ותמימים _אענין החשוב הזה, _ואהעיי ...</div>"
520	dhy19320218-01.2.23	18 February 1932	dhy	&#8237;§/ V 1£%@|&#8236;ך &#8237;4_^11% 1 &#8236;	"<div class=""txtsearchsnippet"">בזמן חאחרון הרהיב בית החרושתשמן"" "" <b class=""highlightcolor"">בחיפה</b> את תעשית הסבון והתחיל בתעשית סחו־ רות חדשות. י ...</div>"
521	dhy19350506-01.2.44	6 May 1935	dhy	לחגיגות יוב9 המולד בארץ	"<div class=""txtsearchsnippet"">... הגבביאים עד־ מגרש הרוסים לפר־ שת הדרכים שעל יד <b class=""highlightcolor"">ביה""ח</b> האיטלקי.</div>"
522	haretz19310825-01.2.13.4	25 August 1931	haretz	Page 1 Advertisements Column 4	"<div class=""txtsearchsnippet"">... ממדרגה ראשונה. ב""צעות לפנית בכתב : סוכנות . חארץ' <b class=""highlightcolor"">בחיפה</b> ת. ד• ‭39 8‬ עביר בירותי.</div>"
523	haretz19350610-01.2.24	10 June 1935	haretz	הודעה מדבר מכירת האקטיב של בית חרו&ת לקרח וטוונת קמח.	"<div class=""txtsearchsnippet"">... •הנמצא ביפו, שוכנת בדרך שבין יפו לתל אביב, ע""י <b class=""highlightcolor"">ביה""ח</b> וננר והמכיל א) אדמה בת ‭1590. 60 ‬ מ""מ? ...</div>"
524	haretz19350613-01.2.49	13 June 1935	haretz	הודעה :בדבר -מכירתיהאקטיב של בית חרושת לקרח וטחבת קמח. ל	"<div class=""txtsearchsnippet"">... •הנמצא ביפו, שוכנת בדרך שבי! יפו לתל אביב, ע""י <b class=""highlightcolor"">ביה""ח</b> . וגנ־ והטבילה א) ?אדמה בת ‭1590. 60 ‬ ...</div>"
525	haretz19430531-01.2.43.2	31 May 1943	haretz	Page 3 Advertisements Column 2	"<div class=""txtsearchsnippet"">... בקשות יש להגיש עד יום ‭20. 6. 43‬ המשרד <b class=""highlightcolor"">ביה""ח</b> (רחוב בלפור). פרטים אפשר יקבל אצל האחות הראשית של ...</div>"
526	hmf19471121-01.2.26	21 November 1947	hmf	&#8237;₪0&#8236; חולי שחפת בישוב	"<div class=""txtsearchsnippet"">... ועירית תל־אביב נדרשים לעזור בוגיומ? האמצעים הדרוושים להקמתו של <b class=""highlightcolor"">ביה""ח</b> בתלליטווינסקי, שבהתאם לתפנית הוא יהיה המו‭--‬-סד המודרני הראשון לאישפוז ...</div>"
527	hmf19471120-01.2.60	20 November 1947	hmf	ןןןןןןןןןןןן ירושל ים	"<div class=""txtsearchsnippet"">... הוא חשש כי לא יאמינו - לחבריו ונסע לקרוביו <b class=""highlightcolor"">בחיפה</b> ובצפת לאסוף את הכפף. דין ילד ערבי שהזעיק לשוא ...</div>"
528	hbkr19461201-01.2.46.1	1 December 1946	hbkr	Page 4 Advertisements Column 1	"<div class=""txtsearchsnippet"">... פרסים אפשר לקבל: בתל־אביב : במשרד הבנק בשעות העבודה. <b class=""highlightcolor"">בחיפה•</b> ביום נ' — 3 בדצמבר וביום ר — 4 ...</div>"
529	hazmantlv19440816-01.2.45	16 August 1944	hazmantlv	^גחיפה!	"<div class=""txtsearchsnippet"">... מסידרות בתנאים סניטריים רעים מאד. משי מוכרח פקידי המכס <b class=""highlightcolor"">בחיפה</b> תפסו אצל סוחר ערבי, הידר שביב, כמות גדולה של ...</div>"
530	haretz19331023-01.2.40.1	23 October 1933	haretz	Page 4 Advertisements Column 1	"<div class=""txtsearchsnippet"">המנח לטזםיקה <b class=""highlightcolor"">בחיפה</b> גיזס ני 21 ?חודש אועסזבד יתחילו השעורים במחלקת התזמורת ...</div>"
531	dhy19350819-01.2.68	19 August 1935	dhy	ירושלים	"<div class=""txtsearchsnippet"">... עטא. בעוד זמן מה יפתחו בתי ספד כאלה גט <b class=""highlightcolor"">בחיפה,</b> הרצליה, ראשון. לציון, רחובות, וערד. כמו. כן סידרה דשת, ...</div>"
532	haolam19411023-01.2.8	23 October 1941	haolam	שבוע הימים בארץ	"<div class=""txtsearchsnippet"">... נועדו ‭120, 000‬ מםכות־גאז. תל־אביב תקבל ‭. 150, 000‬ <b class=""highlightcolor"">בחיפה</b> הוכנו עי'י פקחי ה. ג. א. אלפי מסכות־גאז עוד ...</div>"
533	haolam19410116-01.2.17	16 January 1941	haolam	השנה הראשונה למס החירום	"<div class=""txtsearchsnippet"">ב) לעזרה קונסטרוקטיבית 1) בערים : לבנין בי""ח <b class=""highlightcolor"">בחיפה</b> — ‭2, 100, 514‬ לא""י; יישור חולות בתל-אביב — ...</div>"
534	haretz19450328-01.2.13	28 March 1945	haretz	רשימוו1עפף#	"<div class=""txtsearchsnippet"">... כמה שיז^ע משלמת קופת ' חולים בבתי חולים פרטיים <b class=""highlightcolor"">בחיפה</b> לכל ז יולדת במשך ש*וע-מ־^'עד ‭17‬ לא""י"". (ב""האדץ"" מיום. ...</div>"
535	haretz19450619-01.2.46	19 June 1945	haretz	בודפה ו	"<div class=""txtsearchsnippet"">... הקהלה, הואיל !ואין אפשרות עוד ""למתוח"" את המסים יותר <b class=""highlightcolor"">בחיפה,</b> כי סוף סוף הקהל ימתד ויחדל לשלם. יש להשתמש ...</div>"
536	hmf19480801-01.2.52	1 August 1948	hmf	mm _תל־אב־ב ןןןןןןןןן	"<div class=""txtsearchsnippet"">... שרעפי, אסיר פלילי שברח לפני כמה ימים מבית הסוהר <b class=""highlightcolor"">בחיפה,</b> נתפס ביום ן' ע""י המשטרה בשכונתיהתקוה. האסיר הועבר בחזרה ...</div>"
537	dhy19350326-01.2.30	26 March 1935	dhy	כרוניקה כלכלית	"<div class=""txtsearchsnippet"">( מידיעות לשכת המסחו והתעשיה העברת <b class=""highlightcolor"">בחיפה)</b></div>"
538	dav19350530-01.2.118	30 May 1935	dav	"מזי-יציקה וחוושת־מתכת נא""יי . 150 .פועלים&#8237;—.&#8236; עגורה ע ברת מאורגנת&#8237;-.&#8236; תוצרת בחום של י1400 פעלה&#8237;-.&#8236; מפעל חשוב הראוי לתמיכה."	"<div class=""txtsearchsnippet"">החברה המפתחת את פעולתה <b class=""highlightcolor"">בחיפה</b> נוסדה בסון?ינואר ש. ז‭,. ‬בהון של 46 אלן?ילא""י, המחולק ...</div>"
539	dav19340410-01.2.53.2	10 April 1934	dav	Page 5 Advertisements Column 2	"<div class=""txtsearchsnippet"">... גולוב ־ לנשוא יד' מאת חולי המחלקה _ד־ןמיוחדר־־נ _של־יי <b class=""highlightcolor"">ביה""ח</b> _*_הדפד־ ‭? ''1‬ כ צ פ ר־1</div>"
540	dav19400627-01.2.42.2	27 June 1940	dav	Page 3 Advertisements Column 2	"<div class=""txtsearchsnippet"">... ‭.. ‬שבשומרון , המעונינים יואילו לפיות בע‭_5 6""‬טשרד החברה <b class=""highlightcolor"">בחיפה,</b> רח' הנטל, טס' ‭38—36‬ או בכתב עפ""י ת. ר‭, ...</div>"
541	dav19451214-01.2.66.4	14 December 1945	dav	Page 7 Advertisements Column 4	"<div class=""txtsearchsnippet"">... מבקש הצעות לת&amp;_קיל וונ_&amp;־הבית. לפנות: בכתב או אישית למשרד <b class=""highlightcolor"">ביה'ח</b> אסותא ב‭12—10'‬ לפנה‭£""‬י י ‭&gt;}‬• ‭1}-==‬ ‭=== ‬</div>"
542	dav19440623-01.2.74.1	23 June 1944	dav	Page 6 Advertisements Column 1	"<div class=""txtsearchsnippet"">... אח _םבזקשך ולספק לך כמה בקבזקיביררו. זיוחר מכולם היה <b class=""highlightcolor"">_ביה־ח</b> לבירה מאושר אילו היה _ביכלתו לשדה את השוק האזרחי ...</div>"
543	dav19430617-01.2.39	17 June 1943	dav	&#8237;.... &#8236;	"<div class=""txtsearchsnippet"">... גיילל את פרשת המחלות בצאן בתשי'ג. פגישיתיטחוזיות היי גם <b class=""highlightcolor"">בחיפה,</b> בתל־ אביב ובטבריה. בס""ה הוזמנו להשתתף מ־83 משקיט ורובם ...</div>"
544	haretz19381228-01.2.47	28 December 1938	haretz	1 בחייפה	"<div class=""txtsearchsnippet"">... בבית קפהוינה"" "" :•:':ה מטעם בי""חיאל"" -שכיני גיות "" <b class=""highlightcolor"">בחיפה</b> בה נמסרה סדירה על התפתחות ביח""ח מפי בעי <b class=""highlightcolor"">ביה""ח</b> ...</div>"
545	haretz19400414-01.2.45	14 April 1940	haretz	בחיפה	"<div class=""txtsearchsnippet""><b class=""highlightcolor"">בחיפה</b></div>"
546	haretz19440508-01.2.27	8 May 1944	haretz	I הכלל והפרט	"<div class=""txtsearchsnippet"">... ו פרםום); ר. פומרנץ (יז""ר חוג גשי הדסה למען <b class=""highlightcolor"">ביה""ח</b> רוטשילד); . א. רייפנברג (יו""ר הועדה להספקת לב־ נים); ...</div>"
547	haretz19441225-01.2.41.2	25 December 1944	haretz	Page 2 Advertisements Column 2	"<div class=""txtsearchsnippet"">... פרטים נא לפנות להנהלת הקרן על יד התכניון העברי <b class=""highlightcolor"">בחיפה.</b></div>"
548	hbkr19400131-01.2.76	31 January 1940	hbkr	נב^־זו	"<div class=""txtsearchsnippet"">... (28‬ שלוס־ ברג־יינר (ביח' צ'לניב ‭. (27 ‬ — <b class=""highlightcolor"">בחיפה</b> פתוחים הלילי בתי הנ־רקהת ,. רסדה"" והרצל"". "" , ...</div>"
549	hmf19480625-01.2.1	25 June 1948	hmf	נחשול MM ז ז &#8237;I J HF&#8236; של MM ז מעצריפ &#8237;1 am 1 MM MM IM&#8236; _וחפושיס &#8237;MM f T&#8236; ז &#8237;MM MM SSS&#8236; ברחבי 1 ז ז Mm האון ז ז &#8237;B 1 mi &#8236;	"<div class=""txtsearchsnippet"">... התקרבו 4 משוריינים עם אנשי פלמ""ח ברחוב יהודה־הלוי לבנץ <b class=""highlightcolor"">ביה""ח</b> ""פרויד‭, ""‬בו מתאכסנת באורח זמני הנהלת תנועת ""חרות‭, ""‬מיסודו ...</div>"
550	hbkr19460524-01.2.63	24 May 1946	hbkr	בית־החנוך ברחובות הוכלל ברשת המועצה	"<div class=""txtsearchsnippet"">... הטכניון התאספו בכיניס הארצי של גומרי הטכניון — שנערך <b class=""highlightcolor"">בחיפה,</b> השתתפו כ־‭250‬ מתוך ‭700 ‬ הממרים. חאינג' י. פולונסקי ...</div>"
551	hzh19480813-01.2.83.1	13 August 1948	hzh	Page 6 Advertisements Column 1	"<div class=""txtsearchsnippet"">... אשר הוכרז י בשעתו למשרות מפוילמות בביה""ח | הממשלה־ <b class=""highlightcolor"">בחיפה,</b> אשר נמסר בעת היפול השלטון _־מאנדאפורי ליליריה והועבר כעת ...</div>"
552	hzh19440824-01.2.37	24 August 1944	hzh	_ירןשליים	"<div class=""txtsearchsnippet"">... מכונית משא של הדואר דרסת אתמול בר־ חוב יפי <b class=""highlightcolor"">בחיפה</b> נער ערבי בן‭. 12. ‬הוא נפצע כאופן קשה והועבר ...</div>"
553	haderechjlm19470529-01.2.13	29 May 1947	haderechjlm	דרישת שלום ממגורשי קפריסין	"<div class=""txtsearchsnippet"">פועלים, בית הכרם, בית חלפוני. רובוז לסלו, (רוחני צבי), <b class=""highlightcolor"">ביה״ח</b> הצבאי בניקוסי-ה, מבקש את אגון שורץ <b class=""highlightcolor"">בחיפה,</b> הר הכרמל, ...</div>"
554	ahr19461113-01.2.31	13 November 1946	ahr	&#8237;™^)&#8236; יי*יץ_1	"<div class=""txtsearchsnippet"">... החדשים לקונצרט ד. ־3 למנויים כתל־אביכ, תבוא הודעה מיותרת. <b class=""highlightcolor"">בחיפה</b> ובירושלים, נשארים כל התאריכים בתוקפם. , אגד"" עמק*הירדך-ת""א מיום ...</div>"
555	baderech19331124-01.2.3	24 November 1933	baderech	ממאורעות השבוע	"<div class=""txtsearchsnippet"">... _ I ! — בבין, ״׳..!,1 ו!וושמ/ ש/ רימ״""-ג <b class=""highlightcolor"">בחיפה</b> פרצה בערה גדולה שגרמה לחיית!!, העולות לכדי 3.000 לא״י. ...</div>"
556	dav19360720-01.2.43.1	20 July 1936	dav	Page 5 Advertisements Column 1	"<div class=""txtsearchsnippet"">... ן ! ‭_^ 4‬ י ו 4 חבר עובדי <b class=""highlightcolor"">ביה‭_''‬ח</b> העירוני _&lt; _^_נ |</div>"
557	dav19320302-01.2.39	2 March 1932	dav	"_בש0ה _הברחות _^ _והעם־וז&#8237;""?&#8236; _ווטונ_^_לת &#8237;*\&#8236; טילואים &#8237;-._1.._4.,&#8236; לרו &#8237;"".._<:&#8236; ח&#8237;.-&#8236; מאת חגבי &#8237;....__&#8236; הנריטה סולד &#8237;...&#8236; י"	"<div class=""txtsearchsnippet"">... בארץ;בהעברת בית החולים בת""אלךשות העילית ובעניני . בית החולים <b class=""highlightcolor"">בחיפה</b> טיפלה בענינ־ , :י ‭; ?‬ <b class=""highlightcolor"">ביה""ח</b> לחולי לוח:שלעזדת‭?-‬נשים‭''‬ ...</div>"
558	dav19420111-01.2.38.3	11 January 1942	dav	Page 3 Advertisements Column 3	"<div class=""txtsearchsnippet"">... אבלנו _הטהנכת ותלמידי כיתה ה‭*'‬ על ביה""ס וליאלי העברי <b class=""highlightcolor"">בחיפה</b> למשפחת קפלן ?ידיתו י. _פקויוסקי _אתגם אנו _באבלבם על ...</div>"
559	haolam19380224-01.2.1	24 February 1938	haolam	התוכן:	"<div class=""txtsearchsnippet"">... מוני בארץ—בערים ובשכונות; תכנית עבודה גדולה בת'יא; עבודות ציבוריות <b class=""highlightcolor"">בחיפה</b> וסביבותיה; צפת והדר הכרמל. —בכפר ובשדה : ישובינו בנגב; ...</div>"
560	haretz19470320-01.2.50	20 March 1947	haretz	מכתבים שנתקבלו ב,הארץי	"<div class=""txtsearchsnippet"">... של מר הייש רוזנברג (הרורדי) מתבקש להודיע לועד הקהלה <b class=""highlightcolor"">בחיפה,</b> רה' ארלוזורוב ‭10‬ חדר מש. ‭. 7 ‬</div>"
561	yarden19371022-01.2.48	22 October 1937	yarden	"תערוכת תוצרת הארץ בפ""ת־"	"<div class=""txtsearchsnippet"">... עקית . הבית ובה תלויים הסיכויים לפתוח התוצרת חנ""ל. <b class=""highlightcolor"">בחיפה</b> וירושלים כבשה התוצרת כמעט %‭90‬ של השוק, ברם בת""א ...</div>"
562	yarden19340823-01.2.56.1	23 August 1934	yarden	Page 3 Advertisements Column 1	"<div class=""txtsearchsnippet"">... -א, ־ ־! י בשעות ‭13—9‬ לפגח""צ, ‭9—3‬ אחח"" <b class=""highlightcolor"">בחיפה</b> משרד ו. נואדשמידת, רחוב •פו, . &lt;־ , ;^^ ...</div>"
563	dav19370827-01.2.34	27 August 1937	dav	עירית חיפה בעבודתה	"<div class=""txtsearchsnippet"">... עירי מודרי נית, יהיה מ‭&amp;'‬טדה אשר יהיה. חוס־ הביוב <b class=""highlightcolor"">בחיפה</b> מעכב, בצוע. תכניות רבות־ע-רך‭-. ‬אי1 להתעלם גם ־, מהעובדה, ...</div>"
564	haretz19340321-01.2.2	21 March 1934	haretz	חנוכת האניה *דועמו במסעה הואשו! לארץ ישראל	"<div class=""txtsearchsnippet"">... ביום ב' על ידי חברתלויד טריאם־ "" "" טיגו"" <b class=""highlightcolor"">בחיפה</b> לכבוד מםעה הראשון של האניה ?א־ ! רץ ישראל, ...</div>"
565	haretz19371217-01.2.82.1	17 December 1937	haretz	Page 14 Advertisements Column 1	"<div class=""txtsearchsnippet"">בית משפט המחוזי <b class=""highlightcolor"">בחיפה</b> משרד. ההוצאה לפועל לגב' הניה טבצניק, מקורם <b class=""highlightcolor"">בחיפה</b> , ...</div>"
566	dav19320520-01.2.43.1	20 May 1932	dav	Page 5 Advertisements Column 1	"<div class=""txtsearchsnippet"">... זמן, עמל וכפה‭16_^81. ‬_וווווווו₪וווווווו_8 ‭?""??_""""‬דרשו ""קסם"" בכל החנויות תוצרת <b class=""highlightcolor"">ביהח'־</b> ר ‭[ 027 , ‬ חיפה</div>"
567	dav19390630-01.2.7	30 June 1939	dav	המעפיליט-להיפה ולצריפין	"<div class=""txtsearchsnippet"">... 8‬מעפילים _נפןיעו. הנה הצבאי נהרנ. הפצועים תובאו אל ; <b class=""highlightcolor"">ביה""ח</b> "" י!ד6וז'י , <b class=""highlightcolor"">בחיפה‭?.</b> ‬־ _המעלילים הם ברובם מגולי ...</div>"
568	dav19421019-01.2.30	19 October 1942	dav	_ת־ל־אבייב	"<div class=""txtsearchsnippet"">... מתבקשים להרשפ לסייר היום במרנז _החקלאי בת""א או בתכניון <b class=""highlightcolor"">בחיפה.</b> פרקי היום בתנץי _שופטים, _פרקיט י‭—&lt;‬ו. שמעו ברדיו _ת‭;_5‬ית ...</div>"
569	dav19450704-01.2.56	4 July 1945	dav	ח י 3 ה	"<div class=""txtsearchsnippet"">... עבודה ותצלומים מהיי ציבור הפועלים — להמציאם למערבת-ספר ""ההסתדרות <b class=""highlightcolor"">בחיפה</b> בתקופת המלחמה‭. ""‬התמונות תוחזרנה לבעליהן במשך 10 ימים. בועדת ...</div>"
570	omer19400318-01.2.53.4	18 March 1940	omer	Page 5 Advertisements Column 4	"<div class=""txtsearchsnippet"">... !י ממחלת "" [ן י ן המנהל המומחה עול <b class=""highlightcolor"">ביה""ח</b> | ד""ד ל. 3ד""ד מפייס את עד ה־30 במרץ ...</div>"
571	dav19450222-01.2.22	22 February 1945	dav	Untitled	"<div class=""txtsearchsnippet"">... ביח""ח ‭"". ‬רוטשילד"" של חקהלח העברית בחלפה ‭102—‬ מטות‭(*;‬ <b class=""highlightcolor"">ביה""ח</b> שויצר ש5 הועד _הלאומי בטבריה‭—;:, ‬ ;־ ‭-50. ‬ ...</div>"
572	hayomjlm19480507-01.2.26	7 May 1948	hayomjlm	חיפה טועמת את טעם ההרב	"<div class=""txtsearchsnippet"">... הוא רק קצת מן הקצת. פעולת מגן היא. גם <b class=""highlightcolor"">בחיפה,</b> כמו בשאר המקומות, לא יצאנו לכבוש, לא תקפנו. דוקא ...</div>"
573	hbkr19430405-01.2.30	5 April 1943	hbkr	"נוטד' הדרום זבו שוב ב""מגו אורו?!"""	"<div class=""txtsearchsnippet"">... ע־ שבאב אל־כ ע. חיפה לשנפגש' שת• הקב־צית הנ־ל <b class=""highlightcolor"">בחיפה</b> לפני לחצי שנה ניעה בית־י ב־ו:‭. 0‬ •ה־ פעב. ...</div>"
574	hbkr19410903-01.2.31	3 September 1941	hbkr	מבוקר עד &#8237;?0&#8236;ד בערים ובמושבות י — ?ווו	"<div class=""txtsearchsnippet"">נפתה מ-רד מס ההכנסה <b class=""highlightcolor"">בחיפה</b> בימים אלה נפתח <b class=""highlightcolor"">בחיפה</b> משרד מיוחד לעניני מס ההכנסה, ...</div>"
575	hzh19480423-01.2.18	23 April 1948	hzh	Untitled	"<div class=""txtsearchsnippet"">... ציוד צבאי אחר‭;(‬ ?ב; . הצר חות _הערביגו_^הזרים. הלוחמים <b class=""highlightcolor"">בחיפה</b> (כולל אירופאים בשרות הערבים‭. (‬ג. הביצו־ רים‭. '‬ הערביים ...</div>"
576	hazmantlv19440519-01.2.51	19 May 1944	hazmantlv	1991(130	"<div class=""txtsearchsnippet"">... האספקה מר פרניטש . פרטים על הסדרת חלוקת הבשר <b class=""highlightcolor"">בחיפה.</b> הוא אמר, שעד יום ג׳ נרשמו אצל הקצבים הערבים ...</div>"
577	yomaneinharod19451130-01.2.7	30 November 1945	yomaneinharod	לתולדות היומן שלנו	"<div class=""txtsearchsnippet"">... ל״מרכז שלנו"" (לאמור, החבר אשר ריכז אז את הקניות <b class=""highlightcolor"">בחיפה).</b> עובדה שיש בה באמת. לקוי הטעון תיקון, ואשר כיום ...</div>"
578	haretz19330718-01.2.51.2	18 July 1933	haretz	Page 4 Advertisements Column 2	"<div class=""txtsearchsnippet"">חדש <b class=""highlightcolor"">בחיפה</b> נפתח נית קפה מודרני ע-, סו מ■ א־יטר, 10? ...</div>"
579	ahr19480102-01.2.57	2 January 1948	ahr	"עשרות _הדוגים ופצועים ב פ עו ל ו ת ש י ן עונ ד""ד ח י פ ה"	"<div class=""txtsearchsnippet"">... הוואםה ובאלאד אש־שייך בלילה, אור ליום ה/ מבית־ההולים הממשלתי <b class=""highlightcolor"">בחיפה</b> מוסרים, כי לשם הובאו 5 הרוגים ו־32 פצועים,</div>"
580	dav19350307-01.2.44	7 March 1935	dav	בק.קחני המגרשים	"<div class=""txtsearchsnippet"">... פקיר . בחברת הנפנ: ־?עיראקית ‭2 —‬ לא""י, פועלי <b class=""highlightcolor"">ביה""ח</b> ‭,, ‬שמ‭'';‬ תרומה א' ‭10. —‬ לא""י, חברי הנוער ...</div>"
581	dav19330414-01.2.29	14 April 1933	dav	במקצוע הטבק	"<div class=""txtsearchsnippet"">... עיבודה הונניס בש- _"" ביל פועלי בית החרושת. הנחלת <b class=""highlightcolor"">ביהח</b> '' ר מסרבת. חגאיט _טיותדיפ של _ביתח_""־ר מבחינת _טקוטו ...</div>"
582	dav19480418-01.2.30	18 April 1948	dav	"_מ#חלרליגה"" במחווה שניה ;"	"<div class=""txtsearchsnippet"">... להתיעצויות בעניני בנין, כבישים, מים, ביבו וכוי. המשרד נמצא <b class=""highlightcolor"">בחיפה.</b> ברחי _מלציט מס ‭, 14‬טלפ. מסי ‭. 3347‬ימ‭. (‬ ...</div>"
583	dav19440505-01.2.61	5 May 1944	dav	"התה עבודה בביח""ר לבירה .נשר"	"<div class=""txtsearchsnippet"">... ביר‭'. ‬יח. בפעם הראשונה הובטוז תשלוט •מי מחלה: ד&amp;הלת <b class=""highlightcolor"">ביה""ח</b> תשלם לקרן מיוהדת ‭1_&gt;_0‬ ג‭_-_'‬שכ-ר העבודה, ימקו3ה זי ישולם ...</div>"
584	dav19420716-01.2.54	16 July 1942	dav	חינה	"<div class=""txtsearchsnippet"">... 000‬ זריקות נגד _טיפוק ברוטרי-קלוב הרצה ד""ר _מישילאני, רופא <b class=""highlightcolor"">ביה""ח</b> הממשלתי למחלות מידבקות, ע? ‭"" ""‬ י מחלת הטיפוס. ...</div>"
585	dav19430409-01.2.52	9 April 1943	dav	חיקה	"<div class=""txtsearchsnippet"">... קביעת חוקת העבידה לרופאי‭, ?:‬ובדבר חילו־ קי־הדעות בין רופאי <b class=""highlightcolor"">ביה'ח.</b> _־ ""רוטשילד'' והנהלתו. בליה הפוציאלי&amp;טית _; הערב ב־‭8. 30‬ ...</div>"
586	haretz19390606-01.2.26	6 June 1939	haretz	בתיפה	"<div class=""txtsearchsnippet"">... דרומית לעכו והוכנסו לביה""חהדפה"", החלימו 5 "" ועזבו את <b class=""highlightcolor"">ביה""ח.</b> . שלושת הנשארים צוידרר, איזבוניצקי ולבני מהלימים מפצעיהם ומצבם ...</div>"
587	haretz19390510-01.2.58.1	10 May 1939	haretz	Page 7 Advertisements Column 1	"<div class=""txtsearchsnippet"">... ‭1. 6. 39 ‬ ?רמים אפשר לקבל אצל מנהל: <b class=""highlightcolor"">ביה""ח</b> בכל יום משעה ‭10‬ עד ‭12 ‬ לפנדן""צ.</div>"
588	khm19470925-01.2.25	25 September 1947	khm	סור נארץ החום	"<div class=""txtsearchsnippet"">רשמי ביקור במ""ח לקרח. !ואח ‭\Vi_^""2_\r\. 3‬ סופרנו <b class=""highlightcolor"">בחיפה</b> פנימה, ואתה נתקל באדם הדוח המחייה את הכל, גם ...</div>"
589	hayomjlm19480215-01.2.26	15 February 1948	hayomjlm	מן העתונות הערבית	"<div class=""txtsearchsnippet"">... לתת מחסה לאנשי הכנופיות. להפסיק את הקשר הועדה הלאומית <b class=""highlightcolor"">בחיפה,</b> דרשה מנכבדי הכפרים הערביים שבמחוז, להפסיק מיד את קשריהם ...</div>"
590	hbkr19400718-01.2.36	18 July 1940	hbkr	מבוקר עד בוקר בעדים ובמושבות	"<div class=""txtsearchsnippet"">... תוצרת הארץ. נוסף לתוצרתנו אנו פטיציט גפ את תוצרת <b class=""highlightcolor"">ביה""ח</b> . דלפינר"" (משי—צמר גפן). אף פעם, במשך כל התקופה ...</div>"
591	haretz19330516-01.2.47	16 May 1933	haretz	מפעולות ופד הקהלה בחיפה	"<div class=""txtsearchsnippet"">מפעולות ופד הקהלה <b class=""highlightcolor"">בחיפה</b></div>"
592	hayesod19340809-01.2.19	9 August 1934	hayesod	פנה יקרה	"<div class=""txtsearchsnippet"">■(קוים אופיניים לרמותו של ארגון הצעירים הדתיים (בלתי־טפלגתי) <b class=""highlightcolor"">בחיפה)</b> זוכרני. לפני' שנה והצי — זמן התיסדות הארגון — ...</div>"
593	haretz19300928-01.2.49.1	28 September 1930	haretz	Page 4 Advertisements Column 1	"<div class=""txtsearchsnippet"">... : I המכירה הראשית בירושלים : I המכירה הראשית <b class=""highlightcolor"">בחיפה</b> : 2 ע דפו לתעשיות ארץ ישראל, דרך יפותל־אביב ...</div>"
594	hbkr19410727-01.2.20	27 July 1941	hbkr	מבוקר עד בוקד &#8237;0-110&#8236; ובמושבות	"<div class=""txtsearchsnippet"">... יהראשון לאוגוסט. — ההל מהשביע יהיי הבקירים בכל מחלקות <b class=""highlightcolor"">ביה""ח</b> העירוני בת""א פעמיים בשבוע : ביים השבת יביים הרביעי ...</div>"
595	haretz19351216-01.2.40	16 December 1935	haretz	הממשלה ומוסדות הרפואה	"<div class=""txtsearchsnippet"">להבטיח בביח""ח שלה <b class=""highlightcolor"">?בחיפה</b> את מם- | ; פר הממות הדרוש צהולי העמק, ...</div>"
596	hmf19400128-01.2.35	28 January 1940	hmf	השוות הרפואי בארץ	"<div class=""txtsearchsnippet"">... נמצא כי לסוג זה שיכים בסך הכל 6 מוסדות: <b class=""highlightcolor"">ביה""ח</b> הד־</div>"
597	ahr19480308-01.2.73	8 March 1948	ahr	הצבא בחיפה נרתע מפני איומי הערבים ונמנע מפיצוץ בית	"<div class=""txtsearchsnippet"">הצבא <b class=""highlightcolor"">בחיפה</b> נרתע מפני איומי הערבים ונמנע מפיצוץ בית</div>"
598	ahr19470516-01.2.86	16 May 1947	ahr	2 קצינים הוגו &#8237;3,!&#8236; גשרים שבלו הותקפה רבבת שהסיעה נועלים	"<div class=""txtsearchsnippet"">... קווי הרכבת וכתוצאה מהן נחבלו 3 גשרים. תנועת הרכבות <b class=""highlightcolor"">בחיפה</b> הופסקה וכנו־ אה שהיא תתחדש רק מחר לאחר שהמ־ ...</div>"
599	ahr19470415-01.2.59	15 April 1947	ahr	"התנקשות דמים _באנית המעפיליםת""א1_־דוד הרצל"" וול־ידי מלתי הצי הבריטי, _בסדוכת "" תוך _תל־־אביב"	"<div class=""txtsearchsnippet"">... קליין, בן ‭, 17‬ מהונגריה. 9 הובאו י _י <b class=""highlightcolor"">ביה""ח</b> במחנה העצורים בעתלית ;אוטו סוור, שמואל גולדנבר־ גר, אוטו ...</div>"
600	dav19450221-01.2.55	21 February 1945	dav	יפה	"<div class=""txtsearchsnippet"">... בהחזקת 3יה""ח "" רוטשילד"" משלחת של נציגי הישוב העברי <b class=""highlightcolor"">בחיפה</b> נתקבלה אתמול ע""י _מישל המחוז ודנה אתו בדברי מצבו ...</div>"
601	dhy19301112-01.2.28	12 November 1930	dhy	ירושלים	"<div class=""txtsearchsnippet"">... הצטיינות. שני חידודים חם : מר בינה סגן חמושצ <b class=""highlightcolor"">בחיפה</b> והמפקד שיף עבור, , הצ־ מיינות!בימי המאורעות. חייצים משוחררים ...</div>"
602	haretz19350731-01.2.83	31 July 1935	haretz	הודעה	"<div class=""txtsearchsnippet"">... ע""ס ‭17. 000‬ (שבעה עשר א5ו!) ?א""י. 2) בעד <b class=""highlightcolor"">ביה""ח</b> ?קרח הנמצא בידו־ 'ע?ים וכ? אשד ־מכי? בו ?פי ...</div>"
603	haretz19340517-01.2.47	17 May 1934	haretz	בתל אביב וביפו	"<div class=""txtsearchsnippet"">... בל""ס. תחבטוני הגיעו בש־ צנפ. . אטתואה ונוסעים :אאון <b class=""highlightcolor"">בחיפה.</b> כד אם בריאים• ושאטים. ביום ששי בצהרים ישובו. . ...</div>"
604	haretz19460307-01.2.55.1	7 March 1946	haretz	Page 4 Advertisements Column 1	"<div class=""txtsearchsnippet"">... מספר ‭:7‬ בתל־אביב ‭— (1‬ רח' מונסיפיורי מספד ‭;13‬ <b class=""highlightcolor"">בחיפה</b> — מרכז ‭!!***83311 ‬ ?9 מסחרי חדש, בית כוכים. ...</div>"
605	haretz19440707-01.2.50.3	7 July 1944	haretz	Page 6 Advertisements Column 3	"<div class=""txtsearchsnippet"">... לקבל אצל מנהלת ביה""ם ;אחיות (משרד חאחות •הראשית של <b class=""highlightcolor"">ביה'^ח</b> העירוני, רחוב בלפור) בשעות 5 עד 7 אחה""צ. עירית ...</div>"
606	hmf19460404-01.2.70	4 April 1946	hmf	32 יהודים מזו יי נ י ם נתפסו	"<div class=""txtsearchsnippet"">(סוף מעמוד א) מאסרים בקבוץ משמר הים סופרנו <b class=""highlightcolor"">בחיפה</b> מוסר: לאחר החבלה בפסי הרכבת בקירבת משמר הים נאסרו ...</div>"
607	hbkr19430530-01.2.59.1	30 May 1943	hbkr	Page 4 Advertisements Column 1	"<div class=""txtsearchsnippet"">... בלפור). [ פרשים אפשר לקבל אצל האח""־. יראשית של <b class=""highlightcolor"">ביה""ח</b> בכל יום, פרס : : לשבת־ת ומ־עדים, ב־ו 5 ...</div>"
608	hzh19480316-01.2.14	16 March 1948	hzh	3 _יר־זודיפ נפצעו _ברתל־אביב	"<div class=""txtsearchsnippet"">... בן ‭, 22‬מיפו הובא שלשום אחה""צ במצב קשה אל <b class=""highlightcolor"">ביה""ח</b> דג'ני. הוא נפצע בבטנו בסכין. נסיבות לא ‭""ההתקפה לא ...</div>"
609	hazmantlv19440112-01.2.25	12 January 1944	hazmantlv	דרישת שלום מממלכת הנגוס	"<div class=""txtsearchsnippet"">בשיחת סופרנו <b class=""highlightcolor"">בחיפה</b> עם הד״ר י. וייצמן, מנהל <b class=""highlightcolor"">ביה״ח</b> לגפרורים .נור"" בעכו, ...</div>"
610	ahr19480204-01.2.52	4 February 1948	ahr	"&#8237;"" _0&#8236; ל "" _ג הל י ו ן הערב"" aimו של ש ה &#8237;Brio"" &#8236;"	"<div class=""txtsearchsnippet"">ה "" הפוגה"" <b class=""highlightcolor"">בחיפה</b> לא האדיבה י_0_ים</div>"
611	dav19400110-01.2.48	10 January 1940	dav	"ח י 3 ה סוגריה של פליטי פולין בפני כיהט""ש ן במ&#8237;.5.&#8236;ח.ובאגודות"	"<div class=""txtsearchsnippet"">בפני השופט הבריטי מר הובארד <b class=""highlightcolor"">בחיפה</b> נתגלתה פרשה של טרגדיה מחיי היהודים כפולין. י. וט. ...</div>"
612	hbkr19410325-01.2.30	25 March 1941	hbkr	ן מבוקר עד בוקר בערים ובמושבות	"<div class=""txtsearchsnippet"">... בו בב־ קיט נדרס. נתרסק וכת• גייחו נלקחה ל־ <b class=""highlightcolor"">ביה""ח</b> הממשלתי והמשטרה פתחה בהקירה. אתמול עד שעה מאיתרח נעשו ...</div>"
613	dav19340105-01.2.63.3	5 January 1934	dav	Page 9 Advertisements Column 3	"<div class=""txtsearchsnippet"">... : י ‭_&lt;:‬_־: - י י ‭--‬ י _המשרד <b class=""highlightcolor"">בחיפה:</b> ‭. ?-??]?? ?‬ י ‭$₪₪1‬ !י ‭:1!‬ י י ...</div>"
614	dav19370809-01.2.21	9 August 1937	dav	מכתב י ם למערכת	"<div class=""txtsearchsnippet"">. לשאלת. האחות המעשית תשובתו של ד""ר ברגר, מנחל <b class=""highlightcolor"">ביה""ח</b> <b class=""highlightcolor"">בחיפה,</b> בה הוא מחפש שגיאות במכתבנו, במקום לחפש דרך ...</div>"
615	haretz19420507-01.2.35	7 May 1942	haretz	בחיפה	"<div class=""txtsearchsnippet""><b class=""highlightcolor"">בחיפה</b></div>"
616	haretz19330725-01.2.34	25 July 1933	haretz	ה. W«׳-Iw,n w דו נ. pact	"<div class=""txtsearchsnippet"">... הראשונה בארץ לבדיקת צרכי מזון. כמו כ; יצר את <b class=""highlightcolor"">ביה״ח</b> החימי לשמן־רסום ""הד־ רול"" ושאף ליצור כאן בתי־חרושת חימיים ...</div>"
617	dav19310911-01.2.45.1	11 September 1931	dav	Page 13 Advertisements Column 1	"<div class=""txtsearchsnippet"">... _9‬ו‭1 * ???^‬ ו?ל‭?5‬דו ו _וז‭1 9 &lt;^?_71111 &gt;^‬ה7 <b class=""highlightcolor"">בחיפה</b> _^_ק‭1 *‬ וו‭7! * ?7‬_וו 1ת ‭?^ 9‬ו1 נ‭1_^ ...</div>"
618	haretz19341213-01.2.51	13 December 1934	haretz	נ^ומ 'ין־ נבי באספתזהנבחרים	"<div class=""txtsearchsnippet"">... המפעלים הרפואיים — הנתמכים מכספי הממש ל ה, (במו <b class=""highlightcolor"">ביה""ח</b> לחולי ריאות ומח ל קת היגיינה בבתי ספ־, תהנות ...</div>"
619	hmf19471210-01.2.11	10 December 1947	hmf	לג־ונר ערב־ נתח באש המהומות בחינה	"<div class=""txtsearchsnippet"">... ולידו חילק מרח' יפו, רח' המלכים ור' חוב הנמל <b class=""highlightcolor"">בחיפה</b> נמצאו אתמול בצהרים , בחזית איש שנמשכה כ‭20. -‬ ...</div>"
620	dav19351216-01.2.32	16 December 1935	dav	"&#8237;3 *^&#8236;יוו &#8237;1 8 6 1&#8236;הרצאת א. &#8237;110313&#8236;ו:ו1_הוווד _וזל_^ו&#8237;,_^&#8236;ט""ו כ0לו_,בירנשל""ם]"	"<div class=""txtsearchsnippet"">... בהם מתאימים לצרבי החולה היהודי, כמו, למשל, ביהח""_ו הממשלתי <b class=""highlightcolor"">בחיפה,</b> השמוש במוסד מצד הקהל היהודי גדל במדת נכרת מאר. ...</div>"
621	hmf19480520-01.2.37	20 May 1948	hmf	"כצפת היה שיתוף אצ""ל-הגנד, לפני ההסכם למעלה המצות־"	"<div class=""txtsearchsnippet"">... הרובע היהודי, ישורת . עמדות אלה הגיעו עד לעורף <b class=""highlightcolor"">ביה""ח</b> ""הדסה‭. ""‬במשלטים אלה, שער־ פם מובטח, אפשר היה להחזיק ...</div>"
622	hbkr19470309-01.2.33	9 March 1947	hbkr	מבוקר עד בוקר בעיר ובכפר !	"<div class=""txtsearchsnippet"">... תועה שנפלט מאחד השוטרים. הפגוע הועבר לבית החולים הממשלתי <b class=""highlightcolor"">בחיפה,</b> מקום שם מת כעמר שעות אהתת. בעיר התחתית בהיפר. ...</div>"
623	dav19470202-01.2.19	2 February 1947	dav	"_^_ש_^ך הבו""אות ""ולםהיס""ח"	"<div class=""txtsearchsnippet"">... י. פגי נ&amp;תחה ליד המרפאה המרכזית של קופת חולים <b class=""highlightcolor"">בחיפה.</b> תחנה שניה תי6תח נקריב בתל־אביב בהנהלת הד""ר ל. בלינד ...</div>"
624	haretz19461129-01.2.84	29 November 1946	haretz	מראה עינים והלך נפש	"<div class=""txtsearchsnippet"">... מקום מיוהד תופשים כאן תצלומי הארכי־ םקטורה, בעיקר של <b class=""highlightcolor"">ביה""ח</b> ""הדסה"" בירושלים ושל <b class=""highlightcolor"">ביה""ח</b> הממשלתי <b class=""highlightcolor"">בחיפה,</b> פרי כשרונו של ...</div>"
625	dav19340909-01.2.78.1	9 September 1934	dav	Page 31 Advertisements Column 1	"<div class=""txtsearchsnippet"">$ למנהלי <b class=""highlightcolor"">ביה'ח</b> "" שמן"" _2 ה'ה םליגן -שמואל, ףלםש נחום 1טש ...</div>"
626	dav19330209-01.2.56.2	9 February 1933	dav	Page 6 Advertisements Column 2	"<div class=""txtsearchsnippet"">... _הדר־הכרמל חיפה • ‭50— ""‬ יהושע ירדני ' מפועלי <b class=""highlightcolor"">ביה‭''‬ח</b> ""שמן"" חיפה ‭"" 50— ? ""‬ בנימין ג ו ...</div>"
627	djs19340322-01.2.28	22 March 1934	djs	"_צצו &#8237;:ג,&#8236;צצ פויסט־הערשאפט זביי־ף ץ &#8237;.""א&#8236; ־"	"<div class=""txtsearchsnippet"">... ־חוליט. . בית החולים הרסה על הקהל ה העברית <b class=""highlightcolor"">בחיפה</b> ‭4. 3. 34 *‬ תעודה האדון א‭. ק. א. ...</div>"
628	dhy19300120-01.2.40	20 January 1930	dhy	Untitled	"<div class=""txtsearchsnippet"">... יחד אתו התרפאה בבית חולים ‭,, ‬הדסה"" ועובר. את <b class=""highlightcolor"">ביה""ח</b> עוד בשבוע שעבר. נשה שחרור במוצ""ש _ויוהג בשכונת בית־וגן ...</div>"
629	haretz19350320-01.2.40.1	20 March 1935	haretz	Page 6 Advertisements Column 1	"<div class=""txtsearchsnippet"">... איי דחובאלנבי‭47‬ טל. ‭970 ‬ ? ‭14 \ I‬ <b class=""highlightcolor"">ביה""ח:</b> דרך ת""א פית ע* תחנת הרכבת ת""א ‭181. 970‬ ...</div>"
630	haretz19471205-01.2.8	5 December 1947	haretz	הרגעה יחסית במצב בארץ	"<div class=""txtsearchsnippet"">... יהודים אם כי כמה יהודים נפצעו במשך היום בירושלים, <b class=""highlightcolor"">בחיפה</b> ובדרכים. נמסר על 3 ערבים שנפגעו ביריות ברמלה, על ...</div>"
631	haretz19480212-01.2.48	12 February 1948	haretz	נמשכים סיורי משלחת הצלב האדום	"<div class=""txtsearchsnippet"">... החולים הד""ר פ. ווייל. נמםרו להם פרמימ ו על <b class=""highlightcolor"">ביה""ח</b> ועל בעיותיו הנובעות מן המצד בארץ• אחרי ביקור בביה""ה ...</div>"
632	hbkr19470305-01.2.30	5 March 1947	hbkr	מבוקר עד בוקר בעיר ובכפר	"<div class=""txtsearchsnippet"">השוטר הערבי ליד בית מושל המחוז ב. אזור המגן"" <b class=""highlightcolor"">בחיפה</b> הפיל אתמול את רובהו ותוך כך נפלטו כמה כחרים. ...</div>"
633	hbkr19461212-01.2.40	12 December 1946	hbkr	לוח הי&#8237;I 08 &#8236;	"<div class=""txtsearchsnippet"">... עימד לדשית הקהל בית הכרקחת 'י שרות לילה שזי• <b class=""highlightcolor"">ביה""ח</b> העירוני . הדסה־. 8 בערב: פגיעה שביעית של חברי ...</div>"
634	hbkr19421029-01.2.19	29 October 1942	hbkr	"בית־החולימ החושי בצירוף ביה""ח הממשלתי, פתרו לגמר מצוקת האישפוז"	"<div class=""txtsearchsnippet"">בית־החולימ החושי בצירוף <b class=""highlightcolor"">ביה""ח</b> הממשלתי, פתרו לגמר מצוקת האישפוז</div>"
635	hbkr19381024-01.2.78	24 October 1938	hbkr	&#8237;3?&#8236;תבי0 אד העודך: ,	"<div class=""txtsearchsnippet"">... טורובז וגם על זה עברו בשתיקה. . ותק בענין <b class=""highlightcolor"">ביה""ח</b> האיטלקי <b class=""highlightcolor"">בחיפה</b> בקשר לידיעה שנתסרסמה בעתוגכס הנכבד מיום ‭19‬ ...</div>"
636	dav19340909-01.2.79.1	9 September 1934	dav	Page 32 Advertisements Column 1	"<div class=""txtsearchsnippet"">... ורכישת הספחת העברית קבוצת "" מניע"" קבוצה _לעבודת חשמל <b class=""highlightcolor"">בחיפה</b> והםביבה הדר הכרמל טיפין מס‭693. ‬ מברכת את ־ברי ...</div>"
637	dav19310327-01.2.29.1	27 March 1931	dav	Page 5 Advertisements Column 1	"<div class=""txtsearchsnippet"">... _?_חחזח‭_1^^?‬_ז_1_זזו_^_־זר‭_^_1_?‬ דאר ‭???‬_־‭^^‬ לחייל מתקובלות: בתל-אביב ‭??????‬ במשרד ? <b class=""highlightcolor"">ביהח</b> ו ו ר בירושלים ו ו‭??!??! ??‬ אצל‭???‬ י ...</div>"
638	hbkr19380707-01.2.5	7 July 1938	hbkr	&#8237;104&#8236; נפגעים, מהם 5 הרוגים יהורם־ ו&#8237;22&#8236; ערבים	"<div class=""txtsearchsnippet"">סיוט דמים איום <b class=""highlightcolor"">בחיפה:</b></div>"
639	ahr19470416-01.2.1	16 April 1947	ahr	"&#8237;20©&#8236; מ t עפ י ל י ם mm ל ק _מ ד _י _ם _"" ו &#8237;1 \ - .&#8236; _י ־ דו ש ""משד ה ים _»"	"<div class=""txtsearchsnippet"">... היום אף-הם. בעוד נמשכת פעולת הגירוש ליוו המוני יהודים <b class=""highlightcolor"">בחיפה'</b> נרגשים ונסערים, את שני חללי ההעפלה שנפלו במאבק עם ...</div>"
640	dav19300922-01.2.50.1	22 September 1930	dav	Page 13 Advertisements Column 1	"<div class=""txtsearchsnippet"">... מ‭. 48‬פ ‭/ 528 485 33‬ ועד ההורים סל <b class=""highlightcolor"">ביה""ח</b> ‭_^. ‬ילדי _נשפם וקונצרטים‭(*‬ הפצת י די עות המו ...</div>"
641	haretz19450921-01.2.62.1	21 September 1945	haretz	Page 6 Advertisements Column 1	"<div class=""txtsearchsnippet"">... שומר כפר־גנים בי. למכירה בית מ־3 חדרים ונוחיות ע""י <b class=""highlightcolor"">ביה""ח</b> ""הירקון"". לפנות ת""א רח' בילו ‭26 ‬ א־סטרובסקי מ־‭10—8‬ ...</div>"
642	hbkr19450319-01.2.35	19 March 1945	hbkr	מבוקר עד בוקר בערים ובמושבות	"<div class=""txtsearchsnippet"">... לא נגנב. חימוז סדר אספקת המוות נהיפה •עד הקהלה <b class=""highlightcolor"">בחיפה</b> פרסם את ההידאית הבאיח ב־חס לחלוקת לצית השנה: גל ...</div>"
643	bemisholehinukh19370511-01.2.22	11 May 1937	bemisholehinukh	בארץ ישראל.	"<div class=""txtsearchsnippet"">... ־ החולים, שיהיה המרכז הרפואי של ""הדסה׳' • בקרבת <b class=""highlightcolor"">ביה״ח</b> נבנה בי׳ס לאחיזת ובקייב יתחילו גם בהקמת המוסד הרפואי ...</div>"
644	dav19340914-01.2.51	14 September 1934	dav	_בלשיגלר הבריאות	"<div class=""txtsearchsnippet"">... 1 גד?במעט או גדל דק במידה זע. טח מאוד. <b class=""highlightcolor"">בחיפה</b> ובבל צפון ח א ך ץ (חוץ ממספר מטות ...</div>"
645	haretz19380612-01.2.38	12 June 1938	haretz	מפעולות ועד הקהלה בהיפה	"<div class=""txtsearchsnippet"">... הועד הלאומי לטובת ההינוך — ‭2000‬ לא""י, ממרכזהדסה"" לטובת <b class=""highlightcolor"">ביה""ח</b> — ‭, 500 ‬ "" מקמחא דפםהא —? ‭, ...</div>"
646	hbkr19410805-01.2.21	5 August 1941	hbkr	מבוקר עד בוקר בערים ובמושבות	"<div class=""txtsearchsnippet"">... ה:כ::ך ככיהה'־? :מואל עבר לפי הצעת התאחד-ת בעל• התעשיה <b class=""highlightcolor"">בחיפה</b> להחלטתה של מחיקת העב־דד, שעיהסוכנות היהודית. לפי שעה היסרו ...</div>"
647	haretz19381113-01.2.34	13 November 1938	haretz	לשיפור מצב העבודה בחיפה	"<div class=""txtsearchsnippet"">לשיפור מצב העבודה <b class=""highlightcolor"">בחיפה</b></div>"
648	dhy19351213-01.2.64	13 December 1935	dhy	Untitled	"<div class=""txtsearchsnippet"">... תמיכה _הד־פעמית י־צ־בי השקעה בבכום ‭33, 600‬ יא־""י (להשי־מת <b class=""highlightcolor"">ביה""ח</b> של קופ‭_''‬ח _ייד פתח־תקו־;להשלמת '' ביה'יח ש- רופ ־ ...</div>"
649	bustenai19340523-01.2.27	23 May 1934	bustenai	מן המושבות	"<div class=""txtsearchsnippet"">חדשות השבוע חג הבכורים. ב״חג־הטנא׳ <b class=""highlightcolor"">בחיפה</b> השתתפו מהשומרון, העמק והגליל. טכם הבאת הבכורים היה מחזה ...</div>"
650	ahr19480705-01.2.27	5 July 1948	ahr	מן הנעשה _בקוטדחולים	"<div class=""txtsearchsnippet"">... בסידור ‭:;‬־יני הבריאות במדינה, ובמיוחד את עניין ביהו'ח הממשלתי <b class=""highlightcolor"">בחיפה.</b> יש חרדה שהרמה הרפואית של כיה""ח הגדול הזה תהיה ...</div>"
651	dav19321012-01.2.13	12 October 1932	dav	"_^ זומחובה:ב_^_ר 3ותח _במרמ ק _משה והמשטרה ""עחרוד _וזפרקציה"	"<div class=""txtsearchsnippet"">... ‬ י ‭_^ -*‬ בערב יום -כפיר הודיעה _הנלןלת <b class=""highlightcolor"">ביהח</b> ''ר "" נ‭^^'‬ל* כי התחדשות העבודה וייצור המלט _^זהיתה ...</div>"
652	dav19481121-01.2.35	21 November 1948	dav	מן הנעשה _גקו_3ת ־ חולי0	"<div class=""txtsearchsnippet"">... ההתישגות החל־ ; שה- 2 מרפאות אזוריות גדולות יוקמו <b class=""highlightcolor"">בחיפה</b> ובתל-אכיב בבתים שבניינם כנר נשלם. ישנם סיכויים שתוך השנה ...</div>"
653	dav19431013-01.2.58	13 October 1943	dav	Untitled	"<div class=""txtsearchsnippet"">... _בגנית הדין לערעורים ג'ורגי ג_&amp;_רבידיאן יעוד שנים אשר נאש&amp;ו <b class=""highlightcolor"">בחיפה</b> בקבלת עשרים צמיגים ממחלקת המלחמה וזיכו על ידי בית ...</div>"
654	dhy19351113-01.2.80	13 November 1935	dhy	ירושל י ם	"<div class=""txtsearchsnippet"">... לא תורשה הכניסה לאולם עד ההפסקה. מתר ינגן האמן <b class=""highlightcolor"">בחיפה.</b> "" ביזנס‭!""‬ חיים דוד _הויזמן, סוחר יינות בעיר העתיקה, ...</div>"
655	haretz19350724-01.2.37	24 July 1935	haretz	המלחמה למעז תוצרת הארץ	"<div class=""txtsearchsnippet"">... ומערער את יסודות קיומו. הפגישה קוראת את צבור הפועלים <b class=""highlightcolor"">בחיפה</b> למאשץ גדול ולמלחמה שיטתית ועקבית נגד הצפת תארץ בתוצרת ...</div>"
656	haretz19470126-01.2.34	26 January 1947	haretz	מכל הארץ	"<div class=""txtsearchsnippet"">... הדרךל־ ו תקן את הקלקול •אור ליום ו' ליד <b class=""highlightcolor"">ביה""ח</b> ""תרזה"" כמוך לראשון לציון. אותה שעה הופיעה מאחוריו אוטו־משא ...</div>"
657	haretz19430712-01.2.25	12 July 1943	haretz	3יר1ט§<*1•	"<div class=""txtsearchsnippet"">... ביה- ירושלים, האחרון מפצועי הפצצה ע-י קיסריה עע את <b class=""highlightcolor"">ביה""ח</b> רוסשילד <b class=""highlightcolor"">בחיפה</b> והועבר לטיפול רפואי לירושלים. הוא שוע בבית ...</div>"
658	hmf19400922-01.2.48	22 September 1940	hmf	הצעה להעלאה ניכרת של המסים	"<div class=""txtsearchsnippet"">... אלה הוצא לעזרה םוציאליח וחלקם למפעלים קונסטרוקטיביים, כגון כבישים, <b class=""highlightcolor"">ביה""ח</b> <b class=""highlightcolor"">בחיפה</b> ‭. 'ווכ‬ כיושב ראש חדערח חכםסית מסר על ...</div>"
659	hmf19470601-01.2.73	1 June 1947	hmf	חילופי יריות בין מבריחים ושוטרים בנגב	"<div class=""txtsearchsnippet"">... לא התירו לו השלטונות את _הכניסה אגודת האחים המושלמית <b class=""highlightcolor"">בחיפה</b> הריצה אתמול מברק־מחאה למזכיר הראש/י ובו תבע לבטל את ...</div>"
660	hbkr19380510-01.2.75	10 May 1938	hbkr	"&#8237;11 ^** ""1^1 &#8236;"	"<div class=""txtsearchsnippet"">... ‭12-9 ‬ לפנמ־צ. ‭6-4‬ אחהיצ. — בימיס הקרובים תעדו <b class=""highlightcolor"">בחיפה</b> מגבית לטובת . בית הניד עורים לבני ישראל בירושלים- ...</div>"
661	hzh19481010-01.2.34	10 October 1948	hzh	הנר : תשמישי,קדושה ־ &#8237;.: ? ? ? ?&#8236;לעולים־! &#8237;; : &#8236;	"<div class=""txtsearchsnippet"">... לקבל מחזור נוסף של 20 תלמידות לבית־ הספר שליד <b class=""highlightcolor"">ביה""ח</b> בילינםון. ההרשמה כבר החלה ותמשך עד סוף 'אוקטובר, מתקבלות ...</div>"
662	khm19471230-01.2.22	30 December 1947	khm	המצב בחיפה	"<div class=""txtsearchsnippet"">המצב <b class=""highlightcolor"">בחיפה</b></div>"
663	dav19400920-01.2.51	20 September 1940	dav	UNKNOWN	"<div class=""txtsearchsnippet"">... ‭:!&gt;5‬וח רירה בת 2 חדרים בבית טי_^ותן ‭* _^‬ <b class=""highlightcolor"">בחיפה</b> בתנאים נוחיפ_^ לכתוב :דבר"" חיפה ‭, , ""‬ י ...</div>"
664	haretz19350506-01.2.56.1	6 May 1935	haretz	Page 7 Advertisements Column 1	"<div class=""txtsearchsnippet"">... משה כרי ניכן ד!רכ מכדדקי השו""ביב והמשנית ככית המטבהיה <b class=""highlightcolor"">בחיפה</b></div>"
665	hmf19471209-01.2.66	9 December 1947	hmf	קרב של שעתייס _עס כנופיות ערביות בחיפה	"<div class=""txtsearchsnippet"">קרב של שעתייס _עס כנופיות ערביות <b class=""highlightcolor"">בחיפה</b></div>"
666	hbkr19401106-01.2.41	6 November 1940	hbkr	מבוקר עד בוקר בעדים ובמושבות	"<div class=""txtsearchsnippet"">... תש""א• מועצת מורים כהשתתפות שרתוק אתמול נערכה בבית הפועלים <b class=""highlightcolor"">בחיפה</b> מועצת מודים בהשתתפותו של ה' מ. שמ תוק. דנו ...</div>"
667	ahr19460317-01.2.26	17 March 1946	ahr	"המ ערכה על ב _י ו ־ "" ה _9 ננ ש כ ! ת"	"<div class=""txtsearchsnippet"">... מד""א חיפה. מירושלים יצא אמבולאנס לטבריה עם חגבורת בשביל <b class=""highlightcolor"">ביה""ח</b> ע""ש שוויצר. מכפר גלעדי — י צא אמבולאנס לצפת. ...</div>"
668	hazmantlv19440929-01.2.7	29 September 1944	hazmantlv	2 מיליון וחצי לירות ללהל״ל לשנת תש״ה	"<div class=""txtsearchsnippet"">... מד שא"", בקר ביום ג׳ בלוית המושל, מר פולר, <b class=""highlightcolor"">בחיפה־</b> תחתית והראה התענינות באמצעי המל־ 1 חמה נגד מגפת ...</div>"
669	dav19421225-01.2.46	25 December 1942	dav	UNKNOWN	"<div class=""txtsearchsnippet"">... שטמ‭86‬ר 0סיגי רנינוביץ, שכטר. למסירה "" או למכירה _מספרור <b class=""highlightcolor"">בחיפה.</b> לפנות בכתב: . _פנת־הספר'' , חיפה, בשביל ג, ד. ...</div>"
670	haretz19320428-01.2.45	28 April 1932	haretz	בית קופת חולים בחיפה	"<div class=""txtsearchsnippet"">בית קופת חולים <b class=""highlightcolor"">בחיפה</b></div>"
671	hbkr19461108-01.2.67	8 November 1946	hbkr	מבוהרעד בוהר * בעיר ובכפר	"<div class=""txtsearchsnippet"">... הפצצה מד אחד . פהם. הפצועים הובאו בפצב קשה <b class=""highlightcolor"">*ביה""ח</b> המפשי־י. שוד מזוין של נהג יהודי בירושלים מצע אור ...</div>"
672	kolisraeljlm19380818-01.2.15	18 August 1938	kolisraeljlm	לא נכון!	"<div class=""txtsearchsnippet"">... לא״י על בית שאן, חיטין ונמרין. - הקצבים הערכים <b class=""highlightcolor"">בחיפה</b> דרשו מהעיריה לפדר זמנים מיוחדים לשחיטה עבור יהודים וערבים, ...</div>"
673	haretz19361018-01.2.106	18 October 1936	haretz	בתל-אביב	"<div class=""txtsearchsnippet"">... ד. ילין, בהצגת אחה״צ לתלמידים ולנוער — הד״ר בן־יהודה. <b class=""highlightcolor"">בחיפה</b> ביום ה' 22 לח. ז. בהצגת הערב — יוסף ...</div>"
674	haretz19331010-01.2.37	10 October 1933	haretz	כחיפה	"<div class=""txtsearchsnippet"">... על ידם. הנפצע מת שעה קלה לאהר שהובא אל <b class=""highlightcolor"">ביה״ח</b> הממשלתי. החקירה הראתה כי באוטו היו 70 תיבות ירקות ...</div>"
675	dav19420611-01.2.69	11 June 1942	dav	\ רשימת פועלי חיפה לועד ה קהלה	"<div class=""txtsearchsnippet"">_נתושית מ_39לו התעשיה <b class=""highlightcolor"">בחיפה</b></div>"
676	haretz19350510-01.2.43	10 May 1935	haretz	מפעולות ועד הקהלה בחיפה	"<div class=""txtsearchsnippet"">מפעולות ועד הקהלה <b class=""highlightcolor"">בחיפה</b></div>"
677	haretz19370512-01.2.43	12 May 1937	haretz	חג ההכתרה	"<div class=""txtsearchsnippet"">... חג חחכתרה מודיעה הנהלת ביח""חהרסה"" בתל אביב, "" שמרפאות <b class=""highlightcolor"">ביה""ח</b> ־היו סגורות במשך כי י היום. -*- היום ? ...</div>"
678	hzh19391018-01.2.54	18 October 1939	hzh	&#8237;__ ,&#8236; &#8237;_^ iw11S _^ M mm m _&m 3a _^_sg *ipsa &#8236;	"<div class=""txtsearchsnippet"">... יטפל בצד . המשקי שיל המוסד. המנהל הנוכחי של <b class=""highlightcolor"">ביה""ח</b> העירוני, ד‭_-'‬ר מ. לבונטין‭., ‬לא הסבים, מטעמים מובנים‭|, ‬</div>"
679	hbkr19410407-01.2.16	7 April 1941	hbkr	מבוקר עד בוקר בעדים ובמושבות	"<div class=""txtsearchsnippet"">... הקהק''ל הה' ב־ניש. בה נבחרו הצירים מטעם בתי הספר <b class=""highlightcolor"">בחיפה</b> והסביבה לכי - נוס המורים למען הקהק""ל בירושלים. בתי ...</div>"
680	hbkr19430810-01.2.45	10 August 1943	hbkr	מבוקר עד בוקר בעדים ובמושבות	"<div class=""txtsearchsnippet"">... יוקר"" ארגון בע*י בתי המ ""לין. הססעדית ובתי הקפה <b class=""highlightcolor"">בחיפה</b> 'הסב־נח ר-אד, את חנרי' מקיפחיס על *ד' שמירת המחירים ...</div>"
681	hbkr19410825-01.2.28	25 August 1941	hbkr	! מבוקר עד בוקר בערים ובמושבות	"<div class=""txtsearchsnippet"">חיפה מפע־יהקיטנותוהמועדוניש לילר־ש <b class=""highlightcolor"">בחיפה</b> כמפעל. שהזמן גרמו, נולדה בעית סדור קיטנות ומיעדונים על ...</div>"
682	hbkr19430712-01.2.34	12 July 1943	hbkr	מבוקר עד בוקר בערים ובמושבות	"<div class=""txtsearchsnippet"">... יהדצי־ביאייק. אזכ־• לט. רונ־א דיל אתפ-י נערכה בבית מקברות <b class=""highlightcolor"">בחיפה</b> אז־ כדה לקדיש ט. דוניא במייאת 5 שניב למרצה'. ...</div>"
683	hbkr19440112-01.2.25	12 January 1944	hbkr	"&#8237;11* ""&#8236; בוקר בערים ובמושבות"	"<div class=""txtsearchsnippet"">... קצרות והצגוח ח-ליפ ע""י רופאי ?המחלקח רגיני־ קייוג־ת של <b class=""highlightcolor"">ביה""ח</b> האוננרשיטא־ - ""הדשה"" שירושלים (המנהל —פריפ. ג. צונדק*. בהסתדרות ...</div>"
684	dav19360107-01.2.62	7 January 1936	dav	Untitled	"<div class=""txtsearchsnippet"">... הוםיו_* את שטה בדרישה על דעת עצמו. דינם ייפסק <b class=""highlightcolor"">בחיפה.</b> היום תניעגרוזיה"" עט 20 עולים. ""</div>"
685	haretz19320224-01.2.37.1	24 February 1932	haretz	Page 4 Advertisements Column 1	"<div class=""txtsearchsnippet"">... ת . ך ‭, 258‬ טל^ךן ‭2 655‬) במחסן <b class=""highlightcolor"">ביה""ח</b> ר' אלנבי ע־י חדאד הטרבזי ^‭I £* *51‬ לפ ...</div>"
686	haretz19340814-01.2.54	14 August 1934	haretz	בער&#8237;*1&#8236;כפרם	"<div class=""txtsearchsnippet"">... - *ם' פד הנכללים ברשת החנוך לכנסת יש ר*ל <b class=""highlightcolor"">בחיפה,</b> והבעיות העוסדות־לפני ' הועד בשאלה זו. . פעולת ועד ...</div>"
687	hmf19460814-01.2.25	14 August 1946	hmf	סטנדרד	"<div class=""txtsearchsnippet"">... ! רצונה. כאן ההסבר לעובדה שנידונה בזמנה בעתונות בענין <b class=""highlightcolor"">ביה""ח</b> <b class=""highlightcolor"">בחיפה.</b> קים שם בית חולים של הקהלת ה־ עברית, ...</div>"
688	hbkr19401111-01.2.33	11 November 1940	hbkr	!בוקר עד בוקר ובעדים ובמושבות	"<div class=""txtsearchsnippet"">... רב של אנשים בכל חלקי האימפריה־. פתיחת עונת התזמורת <b class=""highlightcolor"">בחיפה</b> בטעות נדפס בעתוננו אתמול כי מות טולוק נובחה בקונצרט־הפתיהד, ...</div>"
689	haretz19331221-01.2.2	21 December 1933	haretz	חקירת הנאזם כהתקפה על האוטו של השוה׳צ בחי3 ת	"<div class=""txtsearchsnippet"">אתמול נתחדשה בפני השופט הייטי ה' קאררי <b class=""highlightcolor"">בחיפה</b> חקירתו של חאפז סעיד מסביב! ג׳ינין, שנתבע לדי; ע״י ...</div>"
690	dav19321020-01.2.39	20 October 1932	dav	"מבי ת החולים ""הדםה"" בחי_5ה"	"<div class=""txtsearchsnippet"">א בעלות ותחזקה בבית החולים "" הדסה"" <b class=""highlightcolor"">בחיפה,</b> חלו סידורים חרשים, הקובעים תקופה חדשה למוסד;תקופה שיש עטה ...</div>"
691	haretz19460815-01.2.28	15 August 1946	haretz	ראיתי-שמעהי	"<div class=""txtsearchsnippet"">... ונשים ישוכנו במח־ דת נפרדים, וכי העולים החולים יועברו <b class=""highlightcolor"">?ביה""ח</b> הצבאי הכללי ה־‭57‬ בניקוסיה, בירת קפריסין. מחכים להודעה בדבר ...</div>"
692	haretz19390205-01.2.31	5 February 1939	haretz	בחיפה	"<div class=""txtsearchsnippet""><b class=""highlightcolor"">בחיפה</b></div>"
693	hbkr19461203-01.2.70	3 December 1946	hbkr	"מבוקר עד גוהר __בעיר ___ ובכפר י """	"<div class=""txtsearchsnippet"">... . כדמליה""• נתברר, ני השנים הט לבנוניים. בביה'יח רוטשילד <b class=""highlightcolor"">בחיפה</b> נפתחה מחלקה קלינית למחלות אף אוזן וגרון. למ־ נחל ...</div>"
694	hmf19410810-01.2.15	10 August 1941	hmf	המשקיף	"<div class=""txtsearchsnippet"">... הדי""םת ביתו של הורקין ברחובות' ""שביעי של ‭, ""פסח‬שבועות <b class=""highlightcolor"">בחיפה</b> (ההתנפלות על חברינו ד""ר לוייזל למאירוביץ‭, (‬קיץ ‭־""מקרה"", 1933‬ ...</div>"
695	haolam19480923-01.2.15	23 September 1948	haolam	שבוע הימים בארץ	"<div class=""txtsearchsnippet"">... משרד הבריאות הממשלתי נסתחו השבוע בית הספר לאחיות ליד <b class=""highlightcolor"">ביה־ח</b> הירקון בתל־אביב ובית הטםר לאחיות ליד <b class=""highlightcolor"">ביה""ח</b> הממשלתי <b class=""highlightcolor"">בחיפה.</b> ...</div>"
696	hbkr19420920-01.2.61	20 September 1942	hbkr	מבוקר עד בוקר בערים ובמושבות	"<div class=""txtsearchsnippet"">... בשם: ביח־ח ע־ש י־ששילד ש־ ה־ה ל ה העברית <b class=""highlightcolor"">בחיפה</b> (מיסודה של הדפה) 'את <b class=""highlightcolor"">ביה""ח</b> הישן בשב: שניף ש־ ...</div>"
697	dav19400320-01.2.68	20 March 1940	dav	ת ל-א גי ב	"<div class=""txtsearchsnippet"">... משעת‭12, ‬ י באולםי האובל י י של י <b class=""highlightcolor"">ביהח</b> יי י_""רי , בבני""ט־ק. י ‭""[. ? ;‬ י ...</div>"
698	dhy19341213-01.2.59	13 December 1934	dhy	במושב הרביעי והאחרון של אסיפת הנבחרים	"<div class=""txtsearchsnippet"">... הנופים עצ המפעצים הרפואיים — הנתמכים מכספי הממשצה (כמו <b class=""highlightcolor"">ביה""ח</b> צהוצי ריאות ומה' היגעה בבתי ספר, תחנות לטפול באם ...</div>"
699	hbkr19470618-01.2.39	18 June 1947	hbkr	מבוקר עד בוסר בעיר ובכפר	"<div class=""txtsearchsnippet"">... גמליאלית וסרטים מהיי הארץ? . תו הים"", שהופץ ביום־הים <b class=""highlightcolor"">בחיפה</b> . ה^ניס _. ‭15 . 0‬ לא 1י ;י ...</div>"
700	hbkr19470423-01.2.38	23 April 1947	hbkr	הפוש ? ו! &#8237;. 11&#8236; קבו רובים . &#8237;I - - 1 -I &#8236; רשימת האנשים לנרי	"<div class=""txtsearchsnippet"">... בבוקד עיסד לישות הקהל בית המרקחת לשרית לילה שע""י <b class=""highlightcolor"">ביה""ח</b> הקי־ דיני . ד, דטהי. ‭4. 45‬ אחה""*: במועדץ ...</div>"
701	hbkr19461201-01.2.25	1 December 1946	hbkr	*כתבים אל העודד	"<div class=""txtsearchsnippet"">... בבוקר עומד לרשות הקהי בית המרקחת לשרות לילה שע""י <b class=""highlightcolor"">ביה""ח</b> העירוני , הדפה''. ב־8 בסניף הגננוח בגן. אלטדמך (בן־יהודר, ...</div>"
702	hzh19410214-01.2.40.1	14 February 1941	hzh	Page 4 Advertisements Column 1	"<div class=""txtsearchsnippet"">... o ־* ‭, , ?‬• . . ם: וזססוךנס. <b class=""highlightcolor"">בחיפה</b> ‭%2? _! . ‬ _־ש7־- 1 _וזמםורת י ‭!. ...</div>"
703	haderechjlm19430107-01.2.2	7 January 1943	haderechjlm	קל המצפה	"<div class=""txtsearchsnippet"">... כ.) בגליון זה הננו מביאים דו״ח מאסיפת ארגוני אגו״י <b class=""highlightcolor"">בחיפה</b> בדבר הקמת מפעל ""עזרה הדדית* בהשתתפות כל חוגי אגו״י. ...</div>"
704	dav19390212-01.2.119	12 February 1939	dav	תל־ אביב	"<div class=""txtsearchsnippet"">... כישיבה משותפת של הועד הפועל בת""א וחברי חנחלת ההתאחדות <b class=""highlightcolor"">בחיפה</b></div>"
705	haretz19410128-01.2.56.1	28 January 1941	haretz	Page 4 Advertisements Column 1	"<div class=""txtsearchsnippet"">... לפיכך הנך מוזמן בזה להופיע לפני בית משפט השלום <b class=""highlightcolor"">בחיפה</b> כדי להשיב על התביעה הנ""ל ביום ‭13‬ לפברואר ‭1941‬ ...</div>"
706	hbkr19461112-01.2.54	12 November 1946	hbkr	מבוהרעדבוהר בעיר ובכפר	"<div class=""txtsearchsnippet"">... כגועית הגנבים יפוטח. מועצה מורחבת של חתאחדות כעלי הבהיפ <b class=""highlightcolor"">בחיפה</b> מחכנס מחר ב־‭6. 30‬ בםשרד? ה. התאתדותי (רח' הרצל ...</div>"
707	hbkr19460510-01.2.53	10 May 1946	hbkr	מבוהרעדבוהר בעיר ובכפר	"<div class=""txtsearchsnippet"">... בנדיב־ו אודסזייה אייתי והשיב־ פ־נ־ה הבק־ט־ת'. ארגין ממעט־ הכינוני <b class=""highlightcolor"">בחיפה</b> עומד יה־ב - ב־בן הי־יב בת־ מלאכה בא־ז-דתעש-ה שבמפרץ ...</div>"
708	hbkr19400910-01.2.1	10 September 1940	hbkr	הפצצה אפודית חיו־ונית של תל־אביב	"<div class=""txtsearchsnippet"">... היא עזרת הממשלה פי־כמה, מפני שסוף כל סיף האיכלוסיה <b class=""highlightcolor"">בחיפה</b> מפוזרת על פני שטח רב יותר מאשר תל־אביב. האכדית ...</div>"
709	hbkr19430607-01.2.22	7 June 1943	hbkr	מבוקר עד בוקר בעדים ובמושבות	"<div class=""txtsearchsnippet"">... השביע עזנ סתתיהו סיקניק. שנפעע באס־ן ההתפיעעית בקיסריה, את <b class=""highlightcolor"">ביה־ח</b> ריפ• שילד <b class=""highlightcolor"">בחיפה</b> יאתמוי עזב את ביהיח גם שמעץ ...</div>"
710	dav19330118-01.2.43	18 January 1933	dav	מחלקת הבריאות מם3רת	"<div class=""txtsearchsnippet"">... והירידה הגדול- בתרימות חיץ גרמה לסגירה המחלקה _הבבלית של <b class=""highlightcolor"">ביה""ח</b> ‭,, ‬חד0ה"" <b class=""highlightcolor"">בחיפה</b> ולהפחתה התמיגה בביה""ח"" "" הדסה"" בת‭/'‬א. ...</div>"
711	dav19480218-01.2.46.1	18 February 1948	dav	Page 3 Advertisements Column 1	"<div class=""txtsearchsnippet"">‭11 —‬יאטרח קמרי <b class=""highlightcolor"">בחיפה</b> — 1 •1ם ה ‭19. 2‬ באןלם ארמון 2 ...</div>"
712	haretz19370812-01.2.32	12 August 1937	haretz	ו — י תל אביב	"<div class=""txtsearchsnippet"">... שתגיש תלונת להנהלת ביה""חהדסה"" מתבקש "" לפנות תיכן* "";•שרד <b class=""highlightcolor"">ביה""ח</b> בשעות ט־‭10‬ עד ‭12‬ לפני הצהרים. היום ומתר — ...</div>"
713	haretz19420901-01.2.53	1 September 1942	haretz	בחיפה	"<div class=""txtsearchsnippet""><b class=""highlightcolor"">בחיפה</b></div>"
714	hbkr19461203-01.2.69	3 December 1946	hbkr	הלוית_שלמה,זלצמן דלןדדי!	"<div class=""txtsearchsnippet"">... מכירח כללית... "" ב־‭9 — 7‬ באולם . מכבי• <b class=""highlightcolor"">בחיפה.</b> — . המטאטא': הערב ב־‭— 8‬ . שלשה םושקטרים"" ...</div>"
715	hbkr19470430-01.2.29	30 April 1947	hbkr	מבוקר עד בוקר! בעיר ובכפר ——— -י	"<div class=""txtsearchsnippet"">... בן ‭. 32‬ פכסר איגזים• הוא הועבר לביה־ח הממשלחי <b class=""highlightcolor"">בחיפה.</b> בתי הקפה <b class=""highlightcolor"">בחיפה</b> ישארו בלי התזמורות החל מה־1 למאי ...</div>"
716	dav19310626-01.2.41.1	26 June 1931	dav	Page 6 Advertisements Column 1	"<div class=""txtsearchsnippet"">... לירושלים: צ ב י ד ן' שכ' חדשת ע""י <b class=""highlightcolor"">ביה""ח</b> דר' וולך בשם קבי 'יקראו־‭- ""!‬ ג‭. -‬פריטג</div>"
717	haretz19360608-01.2.83	8 June 1936	haretz	חקירת הנאשמים ברצח דוק.פלדבת בחיפה *	"<div class=""txtsearchsnippet"">חקירת הנאשמים ברצח דוק. פלדבת <b class=""highlightcolor"">בחיפה</b> *</div>"
718	hbkr19470428-01.2.33	28 April 1947	hbkr	"מנזמד *1 נמר; ן-בעירדככפד ח--ד .— : • ד""""י -ם"	"<div class=""txtsearchsnippet"">... — ‭1. 000‬ לא־י. בל אלה המעונינים לעבוד בקייטנות <b class=""highlightcolor"">בחיפה</b> בתפקידי הדרכה בקת ש'יז מתבקשים לפנות אל משרד סניף ...</div>"
719	hbkr19470226-01.2.26	26 February 1947	hbkr	מבוקר עד בוהד בעיר דבכפד 1	"<div class=""txtsearchsnippet"">... במקו־ עומד אשות חקהל מת המרקחה לשדות לילה שע""י <b class=""highlightcolor"">ביה""ח</b> העידוגי . הדסה"". ‭4. 30‬ אוזה""צ: ב""ויצו' סמטת מת ...</div>"
720	hmf19460814-01.2.57	14 August 1946	hmf	&#8237;129a&#8236; מעפילים גוושו מהארץ	"<div class=""txtsearchsnippet"">... מד""א שלחה מיד * כמה מאנשיה. עבודתם של עובדי <b class=""highlightcolor"">ביה""ח</b> היתד. מאומצת ביותר משום שרוב העובדים לא יכול לבוא ...</div>"
721	haretz19350326-01.2.46.1	26 March 1935	haretz	Page 6 Advertisements Column 1	"<div class=""txtsearchsnippet"">1 השוב לבוגים ולקבלגים ₪ ך'!""* **"" <b class=""highlightcolor"">ביה""ח</b> למדצםוח, ומרדנות מוזאיקה § ""*? ‭**11‬ ליפשיץ את הובדמן ...</div>"
722	hbkr19470828-01.2.39	28 August 1947	hbkr	מברקו־ עד בוהר 1 בעיר ובכפר י ו	"<div class=""txtsearchsnippet"">... הפצוע היעבר אתמיל בבי־ קד ממרפאת נשר לבית־ההילים ריסשילד <b class=""highlightcolor"">בחיפה.</b> בשעת עבודתו בבנין. נפצע ברגל־. הפיעל סנהס פיירשטין. בן ...</div>"
723	kolisraeljlm19460214-01.2.22	14 February 1946	kolisraeljlm	בערים ובמושבות׳	"<div class=""txtsearchsnippet"">... המסומית למוסדות החנוך מוסדות החנוך של היתרות החרדית (הת;ת <b class=""highlightcolor"">ביה״ח</b> ""בית יעקב• וגן הילדים) היו מקופחים עד כה בתמיכת ...</div>"
724	dav19461206-01.2.54	6 December 1946	dav	"מן _הונריף ב 33 י &#8237;= 1&#8236; ח ר 1 ד ער ב * ת החולים _בילינסון &#8237;"""""""" "" &#8236;"	"<div class=""txtsearchsnippet"">תכנית <b class=""highlightcolor"">ביה''ח</b> ביל-עטוו בטתיד</div>"
725	haretz19380106-01.2.29	6 January 1938	haretz	בחיפה	"<div class=""txtsearchsnippet""><b class=""highlightcolor"">בחיפה</b></div>"
726	hbkr19410303-01.2.28	3 March 1941	hbkr	"מבוקר *1ד בוי6ד ,בעד""ם &#8237;1x3111001 &#8236;"	"<div class=""txtsearchsnippet"">... אחרים יש צורך לקבל מקודם רשיון מיוחד. שיור במגרש <b class=""highlightcolor"">ביה""ח</b> רוטשי־ד ביום ה' אהה""צ נעדר בקור על מגרש <b class=""highlightcolor"">ביה""ח</b> ...</div>"
727	haolam19360604-01.2.23	4 June 1936	haolam	תוצרת הארץ ביריד המזרח	"<div class=""txtsearchsnippet"">... המקומית ו־£ל‭30‬ נשלחות לחו""ל. מפעל הדש וגדול הוא גם <b class=""highlightcolor"">ביהח</b> ר ""מ ש י"" ברמת־גן. הוא נסגר לפני זמדמה ...</div>"
728	haretz19360306-01.2.67.1	6 March 1936	haretz	Page 8 Advertisements Column 1	"<div class=""txtsearchsnippet"">... , *^ 1^. 11 1‬ • : לקובי החלב <b class=""highlightcolor"">בחיפה</b> "" כצ מחצקי החצב שצ תנופה עונדים עצ הזיהם ...</div>"
729	hmf19451030-01.2.61	30 October 1945	hmf	"החל משפטו של זיגלבוים בביה""ד הצבאי"	"<div class=""txtsearchsnippet"">... בירושלים. _הנזמ! לפי דברי התביעה הכללית חוב הנביאים מול <b class=""highlightcolor"">ביה""ח</b> הגרמני חשוד בטרוריזמ שהמשטרה חיפשהו זה אותו אדם שמחפשים ...</div>"
730	hbkr19421217-01.2.31	17 December 1942	hbkr	מבוקר עד מקר בעדים ובמושבות	"<div class=""txtsearchsnippet"">... מתבקש להחזיר את ד'ספתחיח לשמד גייב־נ הלינזי מי פינקל <b class=""highlightcolor"">בחיפה.</b></div>"
731	yarden19350506-01.2.3	6 May 1935	yarden	, היום יובל הכסף להכהות המלד גזת	"<div class=""txtsearchsnippet"">... הצטלבות רהוב הנביאים עד מגרש הרוסים לפרשת הדרכים שעליד <b class=""highlightcolor"">ביה""ח</b> האיטלקי. ‭9 . 30 — 10 . 15 6‬ ...</div>"
732	misharhamakolet19480312-01.2.20	12 March 1948	misharhamakolet	Untitled	"<div class=""txtsearchsnippet"">... לציבוע, כגון ליטופון. את התפוקה השנתית של בתי הזיקוק <b class=""highlightcolor"">בחיפה</b> מעריכים בארבע מיליון טונות. כמות זו מתחלקת לפי</div>"
733	haretz19360323-01.2.101	23 March 1936	haretz	בתל-אביב וביפ1	"<div class=""txtsearchsnippet"">... הוזרים ותיירים, בהורי יפו ירדו ‭, 340 ‬ השארירדו <b class=""highlightcolor"">בחיפה.</b> בל עיכובים לא נעשו. היום צריכה להגיע האניהירו- "" ...</div>"
734	haretz19371223-01.2.28	23 December 1937	haretz	בערים ובכפרים	"<div class=""txtsearchsnippet"">... א. רוטנברג ־ —המפעל בהתגשמותו; •ט. —ן - לתולדות <b class=""highlightcolor"">ביה""ח</b> שמייצר בטבריה; •ט. א. — לגורלה של טבריה; ר""ד ...</div>"
735	yarden19340604-01.2.51	4 June 1934	yarden	"ד־ ו ר""ו ? יחיו ונ^ו ר־ו ^—ס———ו——*—— ???! ? &#8237;II II &#8236;"	"<div class=""txtsearchsnippet"">... המקרא. הכניסה 'חופשית לכל תמתענינים• ־ י ן לפתיחת <b class=""highlightcolor"">ביה""ח</b> בקוד חולים הוח?ט ?בוא ?ידי חםכמעס|עובח בקור תו?ים וכן ...</div>"
736	hator19320803-01.2.7	3 August 1932	hator	-== השבוע = —	"<div class=""txtsearchsnippet"">בקשר עם סגירת <b class=""highlightcolor"">ביה״ח</b> המרכזי בעמק, מודיעה הסתדרות רופאים במכרחבה לממשלה את דאגתה ...</div>"
737	dhy19330915-01.2.20.1	15 September 1933	dhy	Page 3 Advertisements Column 1	"<div class=""txtsearchsnippet"">I ועד השכונה העממית ; די ארגה המעמד הבינוני, <b class=""highlightcolor"">בחיפה</b> ‭*. . _? _, | :‬ ן‭**‬ ־ ‭!* ...</div>"
738	haretz19370928-01.2.2	28 September 1937	haretz	נפל ביד מרצחים מושל הגליל לואים יילאנד אנדריום	"<div class=""txtsearchsnippet"">... בארץ ישראל. ביום 1 ביולי 1920 נתמנה -קצין מחוזי <b class=""highlightcolor"">בחיפה;</b> ב־3 o בדצמבר 1921 - לשופט בביה״ד המחוז• <b class=""highlightcolor"">בחיפה;</b> ...</div>"
739	hbkr19470212-01.2.34	12 February 1947	hbkr	מבוהר עד בוקר בעיר ובכפר	"<div class=""txtsearchsnippet"">... בן ה־‭, 4 ‬ סעודי מחמוד. בבית ליד ""שמן"" <b class=""highlightcolor"">בחיפה.</b> הילד הועבר במצב קשה לבית החולים חממשלתי <b class=""highlightcolor"">בחיפה.</b> כפי ...</div>"
740	haolam19420326-01.2.5	26 March 1942	haolam	שבוע הימים באר?	"<div class=""txtsearchsnippet"">... ל. מגנס מורכבת מנציגי האוניברסיטה העברית בירושלים, התכניון העברי <b class=""highlightcolor"">בחיפה,</b> התחנה לחקר החקלאות ומכון דניאל זיו ברחובות. כל הצעה ...</div>"
741	dav19460308-01.2.70	8 March 1946	dav	6000 י _הו_^_שח_&ת ד _שונוי _^ באד*	"<div class=""txtsearchsnippet"">יוהל בקרוב בתל־ליטוינםקי. <b class=""highlightcolor"">ביה""ח</b> שיכיל 64 מיטות ויעלה כ־35 אלף לירות ייפתח סמוך ...</div>"
742	hbkr19470512-01.2.45	12 May 1947	hbkr	I מבוקר עד בוסר בעיר ובכפי	"<div class=""txtsearchsnippet"">... בבוקר עומד לרשות הקהל בית המרקחת לשרות לילה שע""י <b class=""highlightcolor"">ביה־ח</b> העי־ תני . הדסה"". — הערנ נהסתדתת רופאי השיניב ...</div>"
743	hbkr19470515-01.2.31	15 May 1947	hbkr	מבוקר ער בומר בעיר ובכפר	"<div class=""txtsearchsnippet"">... שבבנין. שלשת אלפים לא""י הכניסה השנה מגבית קמחא דפםחא <b class=""highlightcolor"">בחיפה</b> — הודיע מ!ר שלמד, כרום, יו""ר חועדח לקמחא דפסחא ...</div>"
744	hbkr19470209-01.2.34	9 February 1947	hbkr	מגוסר עד בוסר בעיר ובכפר	"<div class=""txtsearchsnippet"">... עופד לרשות הקהל בית המרקתת לשרות לילה שעי י <b class=""highlightcolor"">ביה""ח</b> העירוני . הדסה־. ‭8. 15‬ בערב: באגודת שיתרי האוניברסיטה ...</div>"
745	haretz19341228-01.2.33	28 December 1934	haretz	"הבריאות בא""י"	"<div class=""txtsearchsnippet"">... חשנה ‭11‬ מושלמים, ‭52‬ נוצרים ו־‭1301‬ יהודים. יביה""ח הגרמני <b class=""highlightcolor"">בחיפה</b> נתקבלו ‭242‬ יהודים ולביה""ח שי המיסיון הסקוטי בטבריח 298 ...</div>"
746	haretz19350109-01.2.37	9 January 1935	haretz	אשתקד &#8237;,30,000&#8236; השנה &#8237;,42,000&#8236; בשנה הבאה &#8237;50,000 &#8236;	"<div class=""txtsearchsnippet"">... נאמד בין השאר, שחברי קופת הולים נהנים משרות "" <b class=""highlightcolor"">ביה""ח</b> הדסה בתיפה, ?שלפי ההסכם י בין שני הצדדים עומדים ...</div>"
747	dav19351031-01.2.48	31 October 1935	dav	ו־	"<div class=""txtsearchsnippet"">... טל&amp;_ון‭—. ‬ אחרי טיפול ממושך במשרדי הדואר המרכזי וגם <b class=""highlightcolor"">בחיפה</b> הותק: מון?פון* קו טלפון המקשר את עין־ שטר ־ ...</div>"
748	dav19350312-01.2.54	12 March 1935	dav	Untitled	"<div class=""txtsearchsnippet"">... ההריון‭(2, ‬ הצגת חולים מן המחלקה הגי־ נוקולוגית של <b class=""highlightcolor"">ביה""ח</b> העירוני ע""י ד""ר ל11נשטיין וד""ר אברמוביץ‭(3, ‬ הצעת תעריפים. ...</div>"
749	dav19340511-01.2.37.1	11 May 1934	dav	Page 4 Advertisements Column 1	"<div class=""txtsearchsnippet"">לרחוב _הנביאים בית ויניחם מול <b class=""highlightcolor"">ביה""ח</b> "" הדסה‭, ""‬ירושלים שעות: ‭5. 30—3. 30‬ אחת""צ. טלפון ...</div>"
750	dhy19330407-01.2.29.1	7 April 1933	dhy	Page 4 Advertisements Column 1	"<div class=""txtsearchsnippet"">... I :_*:‬ י לפי תעודת ההכשר של משרד הרבנות <b class=""highlightcolor"">בחיפה</b> ‭_^ :]:‬ _^_ע ‭??? _^_6_^ _^_14_^‬ כל התוצרת של ...</div>"
751	haretz19351022-01.2.31	22 October 1935	haretz	"הגלל. : ־ * העל ז י-., *ו ו' י ה בשעה י "" י ז־ י ר'••'"	"<div class=""txtsearchsnippet"">... י והרבה כפריים מביאים את תו- - -לדתם למכירה <b class=""highlightcolor"">-בחיפה</b> ונם קונים שם את צרכיהם. התעש י ות תקטנות, ...</div>"
752	haretz19390331-01.2.35.1	31 March 1939	haretz	Page 7 Advertisements Column 1	"<div class=""txtsearchsnippet"">... יה; הפסה בעוד מועד. הכתבת: רד, ' הנביאים, מוי <b class=""highlightcolor"">ביה""ח</b> הדסה. טי. ‭3114 ‬ | נפתח מחדש לח* הפםח ...</div>"
753	haretz19450220-01.2.10	20 February 1945	haretz	"כ־2 מיליון לא""י-תקציבי החיבור והבריאות של כנסת ישראל"	"<div class=""txtsearchsnippet"">... ""הדסה"", המקיימת את בית החולים על הד הצופים, את <b class=""highlightcolor"">ביה""ח</b> לחולי שחפת בצפת, ואת שירותי הרפואה המר נעת; תקציבה ...</div>"
754	hmf19480527-01.2.30	27 May 1948	hmf	mm אזעקה ־־ אל המקלטים! כשס	"<div class=""txtsearchsnippet"">... _^ לצורד_^זה‭^^‬מטרריטי-מחהש את, חמחלקה למחלות: מידבקותי בביח""ח העירוני(מקודם הממשלתי‭:(‬ <b class=""highlightcolor"">בחיפה‭:.</b> ‬ <b class=""highlightcolor"">ביה""ח</b> למחלות ־ . מזב־ , קות ‭:. ...</div>"
755	hbkr19461115-01.2.54	15 November 1946	hbkr	^בוסרעדבוהר בעיר ובכפר	"<div class=""txtsearchsnippet"">... חיטה נפצע הפועל קשה בכל נופו והועבר לבית־החולים הממשלתי <b class=""highlightcolor"">בחיפה•</b> בהסתדרות הציונים הכלליים. בשבת :י בשעה ‭11‬ בבקר תתקיים ...</div>"
756	hbkr19470514-01.2.42	14 May 1947	hbkr	מבוקר עד בוסר בעיר ובכפר	"<div class=""txtsearchsnippet"">... הערב ב־‭8. 30‬ באגודה להשתלמות במדע ב. בית פבזנר"" <b class=""highlightcolor"">בחיפה.</b> הכיגום הארצי •צל גומר' הטכגיון העברי בהיפה נערך בבית־הקפה ...</div>"
757	itonamami19471209-01.2.2	9 December 1947	itonamami	12 יהוױס נרצחוודניס גפצעואתהולנאח	"<div class=""txtsearchsnippet"">... ישעיהו קניג,א ליפר ומשה רובין מחיפה; בצלאל שווארצטוך מגפת. <b class=""highlightcolor"">בחיפה</b> התנהל ממש קרב בואדי רושמיה, מקום שם השתמשו הפורעים ...</div>"
758	hbkr19430425-01.2.38	25 April 1943	hbkr	,העתונות העברית היא הסירנה שלנו לאזעקוד	"<div class=""txtsearchsnippet"">... נהיפה הצגת . הלינה "" ריפה־ בא-לפ . ארפץ• <b class=""highlightcolor"">בחיפה</b> בייל שש• בניצוח• של מרק לברי. הפכה למאירע אפנ־ח? ...</div>"
759	haolam19480226-01.2.14	26 February 1948	haolam	מאורעות הדמים בארץ	"<div class=""txtsearchsnippet"">... נקבעה כיהודה ניימרק. גווייתו נמצאה על יד רח' הנביאים <b class=""highlightcolor"">בחיפה.</b> מכונית הלגיון העהבי הותקפה כבוקר ביריות. שנורו מאחד הבתים ...</div>"
760	haolam19371223-01.2.9	23 December 1937	haolam	באד'דיסזדאל	"<div class=""txtsearchsnippet"">... ביילינסון שע""י פתה־תקוה, והביע את התפעלותו למראה המוסד ושכלוליו. <b class=""highlightcolor"">ביה""ח</b> הזה הוקם כידוע ע""י קופת חולים של הסתדרות העובדים ...</div>"
761	dav19310724-01.2.28	24 July 1931	dav	"מהחלטות הקונגרס הציוני הי""ז-"	"<div class=""txtsearchsnippet"">... המפעלים הקיימים. אחרת ייסגר מיד בית החולים בצפת או <b class=""highlightcolor"">בחיפה.</b></div>"
762	dav19350319-01.2.44.1	19 March 1935	dav	Page 5 Advertisements Column 1	"<div class=""txtsearchsnippet"">... ‭""$"". 47 . ‬ו‭11""1‬ו ן‭[1. """" -4‬ז ‭!3 ₪ <b class=""highlightcolor"">&gt;‬ביהח</b> : דרך תא פת ע י תחנת הרכבת כתל־אביב ...</div>"
763	hbkr19420624-01.2.28	24 June 1942	hbkr	מבוקר עד בוקר בעדים !במושבות	"<div class=""txtsearchsnippet"">... א', ‭28‬ בייני , •תקבל קהל במרפאת החיר־רגית של <b class=""highlightcolor"">ביה""ח</b> ־עירוני ‭'.. ‬הדסה"" גם בכל עם א' בשעות 4 ...</div>"
764	hbkr19430408-01.2.28	8 April 1943	hbkr	מבוקר עד 3וקד בערים ו3מוש&#8237;13&#8236;ת	"<div class=""txtsearchsnippet"">... שלה. עם עולי טהרא; היעד המאיחד יעזרת 'היד' פיליו <b class=""highlightcolor"">בחיפה</b> ערד מפיבה לעיל' טתדאן, דנמצאיפ בה•טה. ""־י ה-עד. מד ...</div>"
765	haolam19480219-01.2.16	19 February 1948	haolam	מאורעות הדמים בארץ	"<div class=""txtsearchsnippet"">... וארבעה יהודים פצועים ברגליהם הובאו לבית-‭ - —‬־: גס <b class=""highlightcolor"">בחיפה</b> נמשכו היריות וזריקת רמומם במקומות עונים כעיר ויהודי אחד. ...</div>"
766	misharvetaasiyah19300615-01.2.6	15 June 1930	misharvetaasiyah	א• עשר שנות ההתישבות העברית	"<div class=""txtsearchsnippet"">... הללו: בתל-אביב — 2,224,000 לירה, בירושלים — 1,558,000 לירה, <b class=""highlightcolor"">בחיפה</b> — 498,700, ביפו — 458,000, בטבריה — 124,000, בצפת ...</div>"
767	ahr19430919-01.2.9	19 September 1943	ahr	1מס3 ד_^רץ1	"<div class=""txtsearchsnippet"">... בוטל פםק־ד־ן של כב' קאדי בבית־ הדין המוסלמי הדתי <b class=""highlightcolor"">בחיפה,</b> שדן למאסר שלושה ימים את ע!רך הדין הדתי איברהים ...</div>"
768	dav19310703-01.2.35.1	3 July 1931	dav	Page 3 Advertisements Column 1	"<div class=""txtsearchsnippet"">... טת ב־4 טם/_יים‭1. ‬ קרב ‭?.. 24‬ י ‭_*4‬_־ך <b class=""highlightcolor"">בחיפה</b> 26 בטאי ‭. 1931‬ שחוו־ קניאזיר \ לב;מרמו־וש 1 ...</div>"
769	dav19461101-01.2.47	1 November 1946	dav	בקיצור _* להשכיר ולשכור &#8237;11~ &#8236;	"<div class=""txtsearchsnippet"">... ‬א. _^ דרושות תופרת מנוסה וילדה מתלמדת . . <b class=""highlightcolor"">ביה''ח</b> לתע'טית ארנקים א. גרב בנו ת""א, שדרות רוטשילד ‭. ...</div>"
770	dhy19330425-01.2.29	25 April 1933	dhy	Untitled	"<div class=""txtsearchsnippet"">... אייר ‭(27. 4, 33)‬ באולם ביה""ס לבנים העברי (מול <b class=""highlightcolor"">ביה""ח</b> רוטשילד י , והקונסוליה האיטלקית) בירושלים. : על הפרק: ...</div>"
771	haretz19320208-01.2.21	8 February 1932	haretz	קיפת חולים של פועלי אי	"<div class=""txtsearchsnippet"">... בשגת תרפ""ד פתחה קופ""ח, מהלקה ליולדות על ; יל <b class=""highlightcolor"">ביה""ח</b> בעין חדור, המשמשת את נקודות העמק. בערים (ירושלים, תל־אביב ...</div>"
772	hbkr19470612-01.2.72	12 June 1947	hbkr	ומ'מודמח! העוכס קתו כועדה, דוס ב י - פסידו נפשפ0 ענו	"<div class=""txtsearchsnippet"">... יום למשסרה ובםקים זה מסר אותם לקצץ הממונה עליו <b class=""highlightcolor"">בחיפה•</b> מסקנות המומחים לקביעת גיל עויד לויצקי עמד במיוחד על ...</div>"
773	ytlv19390115-01.2.26	15 January 1939	ytlv	&#8237;111*1&#8236; .במוו ־ המועצו! העידוניו!	"<div class=""txtsearchsnippet"">... לרכז את שחיטת הבקר המובא מעבד לים רק בבית־המטבחיט <b class=""highlightcolor"">בחיפה.</b> ולאחר שנמסרו פרטים — מפי מנהל מחלקת הכלילה של ...</div>"
774	hbkr19461219-01.2.38	19 December 1946	hbkr	מבוער עד בוהר| בעיר ובכפר	"<div class=""txtsearchsnippet"">... מגן דוד אדופ"" ממשטרת &gt;* עכו לבית החולים רוטשילד <b class=""highlightcolor"">בחיפה.</b> מסיבת ה;וכה לחברי מגן דוד אדום שני גנבים הצליחו ...</div>"
775	haolam19390316-01.2.9	16 March 1939	haolam	"באד""ךיעזדאל"	"<div class=""txtsearchsnippet"">... הצלב האדום בצפת, שבה נסע ד""ד ט. שטרנברג, ריפא <b class=""highlightcolor"">ביה""ח</b> הממשלתי בצפת בלויית אחות נוצריה ונהג ערבי. ד""ד שטדנבדג ...</div>"
776	hashaah19390219-01.2.70	19 February 1939	hashaah	בערי הארץ כפריה ומושבותיה	"<div class=""txtsearchsnippet"">... מן האוניברסיטה ומכריו ומו־ קיריו של המנוח מחו׳׳ל. ליד <b class=""highlightcolor"">ביה״ח</b> ""בקור חולים"" הספידוהו הד״ר י. ברגמן, שלמד יחד עמו ...</div>"
777	hagalgal19460214-01.2.2	14 February 1946	hagalgal	התעשיה הא,,׳ על סך תקופה חדשה	"<div class=""txtsearchsnippet"">... אחרות. כמו״כ דרושה הכשרתם היעילה יותר של הפועלים. ועל <b class=""highlightcolor"">ביה״ח</b> לאמן את הפועלים המומחים במידה רבה יותר, מכפי שנוהגים ...</div>"
778	dav19320523-01.2.43	23 May 1932	dav	_תל_^ביב	"<div class=""txtsearchsnippet"">... רג'אני, בדבר חק'פעת הדקירה. הראשון, המנהל כיום ‭;:‬ את <b class=""highlightcolor"">ביהח</b> '' ו הממשלתי . ביפי, העיד, לי ה6צע גרם ...</div>"
779	dav19470815-01.2.72	15 August 1947	dav	מאורעות הדמים	"<div class=""txtsearchsnippet"">... ישראל‭, ""‬בין אלה — גם החוליט שהורדו בשעתם מהאגיד, <b class=""highlightcolor"">בחיפה</b> ולא היו עפ חבריח8 בעתלית.</div>"
780	dhy19350825-01.2.29	25 August 1935	dhy	חקירת הנאשמים בזיוף מטבעות בתל־ אביב	"<div class=""txtsearchsnippet"">... הם מצים לגלות בדיוק מה תהיה י מתוצרת של <b class=""highlightcolor"">ביה""ח</b> שלהם.</div>"
781	hbkr19410911-01.2.23	11 September 1941	hbkr	מבוקר עד בוקר בערים ובמושבות	"<div class=""txtsearchsnippet"">... חפשית. על מה מברכים את סולל בונה שלשום נתכנסה <b class=""highlightcolor"">בחיפה</b> האספה הכללית של פועלי ""סולל בונה"" בהשתתפות באי־כח אגודת ...</div>"
782	haretz19470106-01.2.42	6 January 1947	haretz	ן 26 נעצרו בחיפושים בחדרה	"<div class=""txtsearchsnippet"">... של בר מיצר. שביתת קצבים בהיפה אתמול הפסיקו הקצבים <b class=""highlightcolor"">בחיפה</b> את שחי־ סת הבקר בגלל דרישת ועד הקהילה להעלות ...</div>"
783	dav19300730-01.2.20	30 July 1930	dav	"התלמד ""הדסה"""	"<div class=""txtsearchsnippet"">... החולים בעמק נופל בעבודתו המקצועית ובסדריו הפנימיים מבית החוליםהדסה <b class=""highlightcolor"">בחיפה,</b> ואף על 6י כ;הוצאותיו קטנות כמעט־ _ב־40 אחוז! דיגטה ...</div>"
784	hbkr19461113-01.2.35	13 November 1946	hbkr	מבוקר עד בוהר! בעיר ו^כפר	"<div class=""txtsearchsnippet"">... נאמד ב־‭20*0‬ לאיי. ערבי מעבר־הירדן נדרם אתמול ע""י מכונית־מ•^! <b class=""highlightcolor"">בחיפה.</b> מוחפד חנ' סלח (‭31‬) נפצע קשה והיעבד לבית־החולים הממשלתי ...</div>"
785	dav19330125-01.2.37	25 January 1933	dav	•: רשימות השבוע ;	"<div class=""txtsearchsnippet"">... ,, -‬ אוניקום"" שייך לשני בעלינו, ולהם 13עלים אחדים. <b class=""highlightcolor"">ביהח</b> '' ר נמצא במבוא ־המושבה חדרה, בדרך תחנת הרכבת. ...</div>"
786	haolam19480108-01.2.14	8 January 1948	haolam	מאורעות הדמים בארץ	"<div class=""txtsearchsnippet"">... בקצרה על הרצח האכזרי של יום גי, ‭30‬ בדצמבר, <b class=""highlightcolor"">בחיפה</b> ובשאר היק־ הארץ. בז־ אנו מוסרים את פרטי הדברים ...</div>"
787	haretz19331218-01.2.36	18 December 1933	haretz	אועף	"<div class=""txtsearchsnippet"">... ובתנועה בתל אביב ד״ר א אברמוביץ, ממלא מקום מנהל <b class=""highlightcolor"">ביה״ח</b> העירוני ״הרסה"" בת״א, במאמרו ""על מקרי האסון בבני! ובתנועה"" ...</div>"
788	ahr19451130-01.2.46	30 November 1945	ahr	&#8237;_^_51&#8236; ו32ד _חאדץ	"<div class=""txtsearchsnippet"">... n. _'‬ יי _סיפודטאנ י _, _ןי עמנוא ' <b class=""highlightcolor"">_ביהח</b> ?יסקר םט ייעוד (רח ‭"" -‬ י _בניוי , ...</div>"
789	dav19370507-01.2.36.1	7 May 1937	dav	Page 3 Advertisements Column 1	"<div class=""txtsearchsnippet"">... _^ ‭^*‬ ה צ ו רף ש ל ך <b class=""highlightcolor"">בחיפה</b> ‭_^ *^^‬ _^י !יל3י11_י / רחוב יפו</div>"
790	dav19350212-01.2.44	12 February 1935	dav	בית חולים * קופת חולים ליהודה ולשרון	"<div class=""txtsearchsnippet"">... -בתקופה שבה חשבו לה _לקו""ח את החזקת ן . <b class=""highlightcolor"">ביה""ח</b> הזה לחטא, כי הדבר הוא י ן מתפקידם של ...</div>"
791	dav19470313-01.2.35	13 March 1947	dav	ה ו ד ק ו ת דחופות_^	"<div class=""txtsearchsnippet"">... ענבים. משפחת בן־דוה תל־אביב לרוחה ביגור ולמשפחת יוסף רפטור <b class=""highlightcolor"">בחיפה.</b> אצלנו הכל בסדר. ענו</div>"
792	dav19460210-01.2.32	10 February 1946	dav	"קו_3ת""חולי0 נלנטיה&#8237;(* &#8236;"	"<div class=""txtsearchsnippet"">... שירותי בתי־החוליב לישוב היהודי ורק בתקופה מאוחרת ייתר נפתח <b class=""highlightcolor"">ביה""ח</b> ""הירקון"" -תי י י ־אביב‭. (‬לא יכולנו להעלים עין ...</div>"
793	dav19480416-01.2.35	16 April 1948	dav	מכנפות הארץ	"<div class=""txtsearchsnippet"">... היו זמנים שהעסיקו 50 ואף ‭. 80‬במאורעות 1936 בשרף <b class=""highlightcolor"">ביה""ח</b> ע""י פורעים ערביים וניטל קיומם של התושבים, לאחר שהוקם ...</div>"
794	hbkr19470204-01.2.48	4 February 1947	hbkr	מבוהרעדברהרן בעיר ובכפר 1	"<div class=""txtsearchsnippet"">... על יח . מגן דוד אדום' לבית־ חתולים רוטשילד <b class=""highlightcolor"">בחיפה•</b></div>"
795	hbkr19401215-01.2.27	15 December 1940	hbkr	מבוקר עד בוקר בעדים ובמושבות	"<div class=""txtsearchsnippet"">... ""יית וחבר הנהלת קיפת חילים בתל־אביב. נתמנה למשרת מנהל <b class=""highlightcolor"">ביה''ח</b> . הדסה"" בח-פה כתיצאה מן הקונקירס שהיכרי ע""י יעד ...</div>"
796	dav19320424-01.2.35.1	24 April 1932	dav	Page 4 Advertisements Column 1	"<div class=""txtsearchsnippet"">... ב. לויט | ‭. _{‬ לגשואיו ‭;;. ‬ רופאי <b class=""highlightcolor"">ביה''ח</b> המרכזי ־ ‭\ _; ;‬ ועובדיו ‭_3|‬־</div>"
797	haretz19311223-01.2.33	23 December 1931	haretz	"כיד עירית ת""א לנציב העליוו ן"	"<div class=""txtsearchsnippet"">... את 'השתתפותה בהוצאות להחזקת בית החולים, ומצד שני אין <b class=""highlightcolor"">ביה""ח</b> יכול לספק את . בל חצרכים של יושבי המחוז. ...</div>"
798	hbkr19470330-01.2.28	30 March 1947	hbkr	מבוהר עד בוקר בעיר ובכפר	"<div class=""txtsearchsnippet"">... בבוקר עומד ''רשות הקהל בית המרקחת לשרות לילה שע""י <b class=""highlightcolor"">ביה""ח</b> העירוני . הדסה"". ב־8 בערב: באגודת האיגג'ינרים והאר־ כיטקטים ...</div>"
799	hbkr19410326-01.2.36	26 March 1941	hbkr	מבוקר עד . בוקר בעדים ובמושבות	"<div class=""txtsearchsnippet"">... ע""י אוירון בגובה. תערוכת יובל ה-5 של המכון לאמנות <b class=""highlightcolor"">בחיפה</b> שהיתה פתוחה במשך שבועיים, . גסגרה אתפיל. כל העבודות ...</div>"
800	hbkr19380523-01.2.10	23 May 1938	hbkr	המתיחות ופתה בםקגת	"<div class=""txtsearchsnippet"">... ודד אד־ם"" מחיפה. שבה ד־עבר הפציע נ־ה־ח ' ""הדנה- <b class=""highlightcolor"">בחיפה</b> בליית . מכינית משירינת של המשטרה. נדרך נ־־, חניתה ...</div>"
801	haretz19390519-01.2.35	19 May 1939	haretz	הפגנות הישוב נגד מזימות החיסול	"<div class=""txtsearchsnippet"">*י <b class=""highlightcolor"">בחיפה</b> נמוד בשמות הבגקר הראשונות עמדה חיפח חעברית על רבבות ...</div>"
802	haolam19460725-01.2.7	25 July 1946	haolam	שבוע הימים בארץ	"<div class=""txtsearchsnippet"">... המכונות ואת דח־בר הגלמי הדרושים לייצור. להקמת נית־חולים נזול <b class=""highlightcolor"">בחיפה</b> נוסדה חברה -אלישע־ בהון יסוד של ‭100. 000‬ לירות. ...</div>"
803	hbkr19440120-01.2.19	20 January 1944	hbkr	מבוקר עד בוקר בעדים ובמושבות	"<div class=""txtsearchsnippet"">... ? יעדה •שוכית, אגודה לר""שתלמית במדע/ ספ־־ד, צבי־ דית, <b class=""highlightcolor"">ביה""ח</b> וכוי).</div>"
804	hbkr19440213-01.2.34	13 February 1944	hbkr	"מ0סד עד ב&#8237;?1&#8236;ר בעדים ובמושבות ! ? ? ""' י ..! י ו"	"<div class=""txtsearchsnippet"">... החוליפ ה""ם בי‭3, 30‬ אתח""צ י6פי הבנץ החדש של <b class=""highlightcolor"">ביה'־ח</b> ""רוטשילל"" לישות הנהלת כי־ת החולים. יעלו ?טקס קיר !במקום. ...</div>"
805	hbkr19450326-01.2.29	26 March 1945	hbkr	מבוקר עד מקר בערים ובמושבות	"<div class=""txtsearchsnippet"">... 'באי כח מיסדות שינים. כל חייל יהודי הנמצא בחופש <b class=""highlightcolor"">בחיפה</b> בימי חג הפטה רשאי למקבל מנה שי ‭211x1‬ גדאפ ...</div>"
806	haolam19461107-01.2.6	7 November 1946	haolam	שבוע הימים בארץ	"<div class=""txtsearchsnippet"">מוסדות הישוב ה עברינערכה נם <b class=""highlightcolor"">בחיפה?</b> באסיפות העם נתקבלו החלמות מחאה חריפות. למושל ירושלים הוגשה ...</div>"
807	haolam19360430-01.2.7	30 April 1936	haolam	יומן המאורעות	"<div class=""txtsearchsnippet"">... הנותו. אתמול והיום באו אניות עם עולים ותיירים וירדו <b class=""highlightcolor"">בחיפה</b> בלי כל הפרעה. הסוכנות היהודית והישוב העברי בארץ קוראים ...</div>"
808	dav19370910-01.2.77	10 September 1937	dav	"ההסתדרות בשנת תרצ""ז"	"<div class=""txtsearchsnippet"">... בזכרו;יעקב, נעז, שייך אבריק, ת? חי, מגדל ופלוגת הים <b class=""highlightcolor"">בחיפה,</b> נקודות אחיזה חשובות לבל התנועה. בערים ובמושבות נמשכת הפעולה ...</div>"
809	hbkr19470112-01.2.33	12 January 1947	hbkr	מבוקר עד בוהר בעיר ובכפר	"<div class=""txtsearchsnippet"">... השמאלית. בידו הימנית ובכליות. במצב קשה הועבר לביה""ח הממשלתי <b class=""highlightcolor"">בחיפה.</b> חסן מפר לפשטרה את השמות של שני ערביפ. ו ...</div>"
810	hbkr19450401-01.2.36	1 April 1945	hbkr	מבוקר עד בוקד בעדים ובמושבות	"<div class=""txtsearchsnippet"">... וגס הס־ זץ שהיה בטח• עלו באש. שנועון משחרי-ערני <b class=""highlightcolor"">בחיפה</b> לשכת המסחר הערבית בחישה קבלה רשיון להוציא לאור שבועץ ...</div>"
811	hbkr19460201-01.2.43	1 February 1946	hbkr	נעשה מצדנו הכל, כדי ששערי הארץ ייפתחו ונמשיך לבנות' ?יצור ולהקריב כדי להכשיר את הקרקע לעליה גדולה - למולדת לאחינו בגולה	"<div class=""txtsearchsnippet"">שתי אספות-עם <b class=""highlightcolor"">בחיפה</b> תפילת ""עם כיסוד קסן"" נערכה בבית הכנסת המרכזי בחישה ...</div>"
812	misharvetaasiyah19300615-01.2.9	15 June 1930	misharvetaasiyah	ג* קפוח זכויותיו של הישוב העברי	"<div class=""txtsearchsnippet"">... חולים של הממשלה (מספרם בס״ה 2: אחד בירושלים ואחד <b class=""highlightcolor"">בחיפה)</b> נתקבלו לטפול בשנת 1928 בס״ה 2,262 חולים, מהם 544 ...</div>"
813	hbkr19380925-01.2.76	25 September 1938	hbkr	"ואלה קורות הישוב בתרצ""ח ־ בדמיו בונה ארצו"	"<div class=""txtsearchsnippet"">טבת בתחלת החודש התרכז הסידור בי - הוד <b class=""highlightcolor"">בחיפה.</b> פצצה בשוק ליד הדר הכר־ מל. נרצח נער יהודי ...</div>"
814	dhy19310605-01.2.62	5 June 1931	dhy	Untitled	"<div class=""txtsearchsnippet"">... בנק, _תלפון 79 ת. ת 21 קופות מלוה וחסכון <b class=""highlightcolor"">בחיפה</b> קופת מלוח וחסכון קואופרטיבית של חעובדים.</div>"
815	ytlv19391015-01.2.1	15 October 1939	ytlv	ת ו כ ן ה ע 1 י נ י ם	"<div class=""txtsearchsnippet"">... חיפה לשנת ‭!38 , 4—3 — 1940/41‬ בועדת העיריה <b class=""highlightcolor"">בחיפה.</b> — ‭!173 , 10 !74 , 6—5‬ יפו — ...</div>"
816	dav19340909-01.2.53	9 September 1934	dav	מסביב למפעלנו החנוט בשנת תוך'ד	"<div class=""txtsearchsnippet"">... הורים בסיועה של מועצת פועלי ירושלים, המשיכה קבוצה כזאת <b class=""highlightcolor"">בחיפה</b> והחזיקו אחריהם מועצת פועלי רחובות וצבור פועלים בסביבת רחובות. ...</div>"
817	haolam19390615-01.2.8	15 June 1939	haolam	באדךישדאל	"<div class=""txtsearchsnippet"">... שעליה הוכרז ביום־הסקודה, הביעה ועדת המצב שליד ועד הקהלה <b class=""highlightcolor"">בחיפה.</b> המורכבת מכל המוסדות הישוביים ומב""כ המפלגות השונות שבעיר. בההלטה ...</div>"
818	haolam19380303-01.2.10	3 March 1938	haolam	באדדיסזדאל	"<div class=""txtsearchsnippet"">... המהומות ומעשי הפשע האיומים שנעשו במשך השנתיים האחרונות"".. . <b class=""highlightcolor"">ביה""ח</b> יוקם בתוך סביבה נהדרה ויוקף גנים ציבוריים רבים. מתנת ...</div>"
819	misharvetaasiyah19310625-01.2.9	25 June 1931	misharvetaasiyah	ג. קליטת ההתיישבות העירונית	"<div class=""txtsearchsnippet"">... גבעות החול העירוכי השוממות אשר מצפון ליפו. הישוב העברי <b class=""highlightcolor"">בחיפה</b> מונה 18־17 אלף יהודים, ומגיע ל־0 /0 45 מאוכלוסי ...</div>"
