n	id	date	publication	title	snippet
1	itonamami19471226-01.1.1	26 December 1947	itonamami	Page 1	"<div class=""txtsearchsnippet"">... נפלו: יצהק גרובר, בן 21, וכרמי רבינוביץ בן 19. <b class=""highlightcolor"">בחיפה</b> נפלו: בכורה באחבוט, בת 32, וישראל וורדי רוזנבדג, בן ...</div>"
2	amudimaliya19450824-01.1.12	24 August 1945	amudimaliya	Page 12	"<div class=""txtsearchsnippet"">... עין ורד קבלו 53 ילדים פליטים מיון באפוטרופסות. — <b class=""highlightcolor"">בית החולים הממשלתי</b> למושבות בתל־אביב יורחב בקרוב. —מספר העדות בירושלים ...</div>"
3	hzh19480428-01.1.2	28 April 1948	hzh	Page 2	"<div class=""txtsearchsnippet"">לד <b class=""highlightcolor"">בחיפה</b></div>"
4	hed19460215-01.1.11	15 February 1946	hed	Page 11	"<div class=""txtsearchsnippet"">יוגדל בית התולים למושבות הממשלה החליטה להרחיב את <b class=""highlightcolor"">בית החולים הממשלתי</b> למושבות ""הירקון"" בתל-אביב על ידי הוספת מספר ...</div>"
5	mivrak19480425-01.1.2	25 April 1948	mivrak	Page 2	"<div class=""txtsearchsnippet"">חיפה (יו.פי.) — שקט מוחלט שורר <b class=""highlightcolor"">בחיפה.</b> שוטרים עברים מזוינים משוטטים בעיר. השלטונות</div>"
6	haretz19381116-01.1.6	16 November 1938	haretz	Page 6	"<div class=""txtsearchsnippet"">... • כל עבודות הטיח בחזיתות של בית החורים הממשלתי <b class=""highlightcolor"">בחיפה</b> נעשו עם טיח;""מרמורוט"" ? ? ? ? י םדרגזת ...</div>"
7	ytlv19390115-01.1.13	15 January 1939	ytlv	Page 13	"<div class=""txtsearchsnippet"">... 12. 38‬ נפתח רשמית. על־ידי ה. מ. הנציב העליון, <b class=""highlightcolor"">בית החולים הממשלתי</b> החדש <b class=""highlightcolor"">בחיפה.</b> לפתיחת בית ההולים באו מוזמנים ...</div>"
8	dav19381116-01.1.3	16 November 1938	dav	Page 3	"<div class=""txtsearchsnippet"">ו. חוג ים הממשלתי החד ש <b class=""highlightcolor"">בחיפה</b></div>"
9	dav19381208-01.1.4	8 December 1938	dav	Page 4	"<div class=""txtsearchsnippet"">... 5עוטת זאת תצויי נסיגה ניכרת ; של הישוב העברי <b class=""highlightcolor"">בחיפה</b> בשניה זו. עמדות, אשר בחלקן יש קהו ערך היסטורי ...</div>"
10	amudimaliya19441229-01.1.8	29 December 1944	amudimaliya	Page 8	"<div class=""txtsearchsnippet"">... במושבות ובקבוצית פיקוח העיריה על מפעלי אספקת המים הונהג <b class=""highlightcolor"">בחיפה.</b> מפעלים קואופרטיביים כגון מפעל המים על הדר הכרמל יהיו ...</div>"
11	mar19480504-01.1.1	4 May 1948	mar	Page 1	"<div class=""txtsearchsnippet"">ביהי'ח הממשלתי <b class=""highlightcolor"">בחיפה</b> - לרשות _דייריה</div>"
12	hmf19480504-01.1.4	4 May 1948	hmf	Page 4	"<div class=""txtsearchsnippet"">הצבא תפס עמדות חדשות <b class=""highlightcolor"">בחיפה</b></div>"
13	itonmeyuhad19440630-01.1.7	30 June 1944	itonmeyuhad	Page 7	"<div class=""txtsearchsnippet"">... או, כמו שקראנו בע־ תונכם לפני שבועיים על המקרה <b class=""highlightcolor"">בחיפה</b> של אשת פקיד — היא מוכרחה למכור את גופה ...</div>"
14	dav19300117-01.1.4	17 January 1930	dav	Page 4	"<div class=""txtsearchsnippet"">... את עתתו איברחים חדדיז. אחריו העיר הד""ד _קששואן. רופא <b class=""highlightcolor"">בית החולים הממשלתי,</b> אשר בדק את הערבי שנהרג על יד ...</div>"
15	dav19380814-01.1.6	14 August 1938	dav	Page 6	"<div class=""txtsearchsnippet"">... שהמלצרים יוצאים ונכנסים תכיפות. התובע מיור קולדויל, מביה""ד הצבאי <b class=""highlightcolor"">בחיפה</b> (בא למל* זמן מת את מקומו של מר _ואטםון ...</div>"
16	hmf19420802-01.1.4	2 August 1942	hmf	Page 4	"<div class=""txtsearchsnippet"">המסיבה לחיילים הלאומיים <b class=""highlightcolor"">בחיפה</b> ביום רביעי ב־‭8. 30‬ בערב חתקימח המסיבה חראשונח לחיילים ...</div>"
17	hzh19480809-01.1.4	9 August 1948	hzh	Page 4	"<div class=""txtsearchsnippet"">... מדריכים המשתתפים בימי העיון במוסד ""אונים"" פטורים מהופיע !ו <b class=""highlightcolor"">בחיפה</b> והם מתבקשים להביא אתם את החומר הדרוש ל""אונים‭!!. ""‬ ...</div>"
18	tsohorayimhaifa19460221-01.1.1	21 February 1946	tsohorayimhaifa	Page 1	"<div class=""txtsearchsnippet"">... וחצי בערב פרצה דליקה במספנת ""עוגן"" שבאיזור הנמל ליד <b class=""highlightcolor"">בית החולים הממשלתי</b> אשר בקרבת בת גלים. תוך שעה וחצי ...</div>"
19	dav19480621-01.1.3	21 June 1948	dav	Page 3	"<div class=""txtsearchsnippet"">בית הספר עממי א' <b class=""highlightcolor"">בחיפה</b> _ההנהלה, חבר הפורים והעובדים למשפחת שבט תנחומים באבלבם הכבד ...</div>"
20	tsohorayimhaifa19460212-01.1.1	12 February 1946	tsohorayimhaifa	Page 1	"<div class=""txtsearchsnippet"">... צמיגים לדין אולם בית הדין של שופט השלום הראשי <b class=""highlightcolor"">בחיפה</b> דמה אתמול למחסן גדול של צמיגים. אלה היו הרכוש ...</div>"
21	yomyom19481124-01.1.1	24 November 1948	yomyom	Page 1	"<div class=""txtsearchsnippet"">... אתמול 4000 עולים מבולגאריה, ביקר שד העלייה בשדה התעופה <b class=""highlightcolor"">בחיפה</b> ונוכח כבואם של שני אווירונים ממינכן, שהביאו למעלה ממאה ...</div>"
22	haretz19480428-01.1.4	28 April 1948	haretz	Page 4	"<div class=""txtsearchsnippet"">הופסקה הזרמת נפט גלמי מעיראק לבתי הדלוק <b class=""highlightcolor"">בחיפה</b></div>"
23	hzh19470119-01.1.4	19 January 1947	hzh	Page 4	"<div class=""txtsearchsnippet"">... הניידת ‭, :‬ערביות. הבניין _יסופח למחלקה הבריטית י של <b class=""highlightcolor"">בית החולים הממשלתי</b> ?הסמוך למגרש הרוסים‭.. ‬• אגף זה שיחובר ...</div>"
24	ytlv19440416-01.1.10	16 April 1944	ytlv	Page 10	"<div class=""txtsearchsnippet"">... בלבד, אף־על־פי שהיא מוציאה סכומים גדולים לחחזקת בתי־חולים משלה <b class=""highlightcolor"">בחיפה,</b> יפו, ירושלים ובערים אחרות. ראש העידיה מד י. רוקח ...</div>"
25	mivrak19480425-01.1.1	25 April 1948	mivrak	Page 1	"<div class=""txtsearchsnippet"">... בירושלים, הדגל של הצלב הבינלאומי יונף על בנינים אלה: <b class=""highlightcolor"">בית החולים הממשלתי,</b> בית החולים לתולדות, (בנין הקונסוליה הרוסית לשעבר) ...</div>"
26	ahr19471224-01.1.4	24 December 1947	ahr	Page 4	"<div class=""txtsearchsnippet"">... שנמשך שלוש שעות. נודע על שני פצועים מבין הכנופייה. <b class=""highlightcolor"">בחיפה</b> נורו במשך היום יריות במקומות שונים בעיר. על מכונית ...</div>"
27	hbkr19400807-01.1.1	7 August 1940	hbkr	Page 1	"<div class=""txtsearchsnippet"">. <b class=""highlightcolor"">בחיפה</b> בנוחכות בני המשפחה השכולה</div>"
28	khm19480504-01.1.4	4 May 1948	khm	Page 4	"<div class=""txtsearchsnippet"">... ""‬בהי־ !פה ההלו הקלגסיס בפיצוץ מהסוסים 'יהו - דים, <b class=""highlightcolor"">בחיפה</b> החלו יורים לכל עבר</div>"
29	ahr19470725-01.1.9	25 July 1947	ahr	Page 9	"<div class=""txtsearchsnippet"">... ובכוורמיים בין ""מכבי"" היפה לבין ""מכבי"" ת""א שנועדו לאתמול <b class=""highlightcolor"">בחיפה</b> _נידחו בגלל העוצר. התחרויות יצאו לפועל ב־10 לאוגוסט בבריכה ...</div>"
30	dav19340509-01.1.4	9 May 1934	dav	Page 4	"<div class=""txtsearchsnippet"">... בשם הנוער העובד. מזכירות הנוער ‭?1‬_ןןובו בית משפט -השלום <b class=""highlightcolor"">בחיפה</b> הודעה לנתבע מס' התיק 34־1624 למר יעקב דויטש _טנס־ציונח, ...</div>"
31	dav19381220-01.1.7	20 December 1938	dav	Page 7	"<div class=""txtsearchsnippet"">הנציב העליון <b class=""highlightcolor"">בחיפה</b> ביום ח י תיערך הפתיחה הרשמית של <b class=""highlightcolor"">בית החולים ...</b></div>"
32	kolisraeljlm19421105-01.1.2	5 November 1942	kolisraeljlm	Page 2	"<div class=""txtsearchsnippet"">השבוע גמלא שנה להוסד הארגון צעירי אגודת ישראל <b class=""highlightcolor"">בחיפה•</b> ראויה תנוע!"" זו שנקדיש לה כמה שורות ושניתן עליה ...</div>"
33	hegeh19440427-01.1.3	27 April 1944	hegeh	Page 3	"<div class=""txtsearchsnippet"">... יוג׳ין גוסנס. 5.55 חדשית. 8.00 תכנית ""כבקשתך"" מיוחדת לאחיות <b class=""highlightcolor"">בית החולים הממשלתי</b> <b class=""highlightcolor"">בחיפה.</b> 8.15 חדשות. 8.25 שיחה 'על מאירעות ...</div>"
34	haolam19380210-01.1.12	10 February 1938	haolam	Page 12	"<div class=""txtsearchsnippet"">... בשדה כיבוש עבודה עברית ביחוד בםיקטור הבנין הלא יהודי <b class=""highlightcolor"">בחיפה</b> ובסביבה נעשתה הודות לאיחוד שני המוסדות הקבלניים: ""המשרד הקבלני"" ...</div>"
35	dav19380203-01.1.5	3 February 1938	dav	Page 5	"<div class=""txtsearchsnippet"">... ארגון ה י בקל־ ית־חיים שנמסרו כו?_ן ?טחוסרי עבודה, <b class=""highlightcolor"">בית החולים הממשלתי</b> _ב־‭_75_%‬ וכעת _בבנין "" תנובה"" ב- ‭. ...</div>"
36	haretz19361023-01.1.7	23 October 1936	haretz	Page 7	"<div class=""txtsearchsnippet"">... העלית של הסוכנות. פתח מנהל לשכת ־השליה של הס-כ--נות <b class=""highlightcolor"">בחיפה</b> ה׳ א. דוסטרובסקי במלים קצרות על ערך המוסד .ופעולותיו ...</div>"
37	mar19480309-01.1.4	9 March 1948	mar	Page 4	"<div class=""txtsearchsnippet"">להיום נועדה פגישה בין הועדה הלאומית <b class=""highlightcolor"">בחיפה</b> עם מפקד , הכנופיות : במקום, מחמד חמד' שבה ...</div>"
38	hzh19380819-01.1.1	19 August 1938	hzh	Page 1	"<div class=""txtsearchsnippet"">נציגי היישוב <b class=""highlightcolor"">בחיפה</b> דורשים שיתו‭?!‬הנוער היהודי בהי _פושים‭-. ‬ ־ , פגישת ...</div>"
39	hbkr19381118-01.1.4	18 November 1938	hbkr	Page 4	"<div class=""txtsearchsnippet"">אקרה הכית בירושלים אשח ביחיימה <b class=""highlightcolor"">בחיפה</b> יעקב. סצאתי /1נ ^""ר^ £ "" / הנך עוד ...</div>"
40	mivrak19471229-01.1.1	29 December 1947	mivrak	Page 1	"<div class=""txtsearchsnippet"">... — המתוארים ביהודים בלבוש ערבי — ירו בו ליד <b class=""highlightcolor"">בית החולים הממשלתי</b> בירושלים. הותקפו עובדי הכנה ""כדקליס"" ופקידי העיריה ...</div>"
41	hbkr19460619-01.1.1	19 June 1946	hbkr	Page 1	"<div class=""txtsearchsnippet"">11 ממחבלי הרכבת <b class=""highlightcolor"">בחיפה</b> נהרגו</div>"
42	hmf19480425-01.1.4	25 April 1948	hmf	Page 4	"<div class=""txtsearchsnippet"">כל אזור ואדי ניםנס <b class=""highlightcolor"">בחיפה</b> נכבש ע''י אצ""ל המבצר שחלש על הדר הכרמל נכבש ...</div>"
43	hbkr19470518-01.1.4	18 May 1947	hbkr	Page 4	"<div class=""txtsearchsnippet"">... באופן מסתורי שעות אחדות אהר לידתה מבית החולים הממשלתי <b class=""highlightcolor"">בחיפה.</b> האם נמצאת עדיין בטיפול בבית החולים. התברר כי התינוקת ...</div>"
44	haretz19471022-01.1.5	22 October 1947	haretz	Page 5	"<div class=""txtsearchsnippet"">... הצעות אפשר לקבל לפי בקשה מאת מנהל המשק של <b class=""highlightcolor"">בית החולים הממשלתי</b> "" בתל־אביב י בין השעות ‭14. 00—8. ...</div>"
45	dhy19350308-01.1.4	8 March 1935	dhy	Page 4	"<div class=""txtsearchsnippet"">... כ _1 י םי : בתל אביב: בימ""םיבנה"" "" <b class=""highlightcolor"">בחיפה</b> ;בימ""מ ""עין הקורא‭"". ‬</div>"
46	haretz19380822-01.1.4	22 August 1938	haretz	Page 4	"<div class=""txtsearchsnippet""><b class=""highlightcolor"">בחיפה</b></div>"
47	hmf19420616-01.1.2	16 June 1942	hmf	Page 2	"<div class=""txtsearchsnippet"">במשך יותר מעשר שנים התנהלו פעולות ועד הקחלד, <b class=""highlightcolor"">בחיפה</b> בלי השתתפות באי־כוח התנועה הלאומית. ולא זו בלבד, המוסד ...</div>"
48	hzh19461115-01.1.8	15 November 1946	hzh	Page 8	"<div class=""txtsearchsnippet"">מועצת העדה הספרדית <b class=""highlightcolor"">בחיפה</b></div>"
49	haretz19380508-01.1.3	8 May 1938	haretz	Page 3	"<div class=""txtsearchsnippet"">המסחר והתעשיה <b class=""highlightcolor"">בחיפה</b> בשי 1937</div>"
50	hazmantlv19440131-01.1.4	31 January 1944	hazmantlv	Page 4	"<div class=""txtsearchsnippet"">... מכתב ב״פאלסטיין פוסט"" הירושלמי מאת אשה אנגלית היד שבת <b class=""highlightcolor"">בחיפה,</b> והסוהה נמרצות נגד הפרסום הרב שניתן בעתונים כאילו מתוך ...</div>"
51	dav19370905-01.1.20	5 September 1937	dav	Page 20	"<div class=""txtsearchsnippet"">... במשך השנה. עוברי הים _כ־‭1600—1500‬ פועלים _עםוקיט היום בנמלים, <b class=""highlightcolor"">בחיפה</b> ובתל אביב. בענפי עבודה שונים, חוץ טבנין. פעולה זו ...</div>"
52	hzh19381113-01.1.5	13 November 1938	hzh	Page 5	"<div class=""txtsearchsnippet"">... מפורט ומתאים למצב ולתנאים של כל מקום ומקום לחוד. <b class=""highlightcolor"">בחיפה</b> שאינה עשירה ביותר בכחות ציבוריים לא נעשה בשטח ?תרבותי ...</div>"
53	dav19331020-01.1.5	20 October 1933	dav	Page 5	"<div class=""txtsearchsnippet"">... תעיר חוטים מארב. ב־1 אהה""צ סודר זבח על יד <b class=""highlightcolor"">בית־ החולים הממשלתי.</b> אחרי הסעודה החלו הנאומים. המופתי הצפתי הבטית ...</div>"
54	hashaah19381112-01.1.2	12 November 1938	hashaah	Page 2	"<div class=""txtsearchsnippet"">... שדליקה זו היתה הגדולה ביותר מכל עשרות הדליקות שפרצו <b class=""highlightcolor"">בחיפה</b> במשך השבועות האחרונים במקומות שונים בעיר. נזקיה של דליקה ...</div>"
55	haretz19331101-01.1.1	1 November 1933	haretz	Page 1	"<div class=""txtsearchsnippet"">... !1 6 לשלגרמות—הארץ' ת״« יי הסניף בירושלים - הסניף <b class=""highlightcolor"">בחיפה</b> - רהוב ימי, בית אמינוב. רזוו3 הנמל ביה מלוכד ...</div>"
56	hzh19460823-01.1.8	23 August 1946	hzh	Page 8	"<div class=""txtsearchsnippet"">אמקמ שוא בב_8נק נאמליע. <b class=""highlightcolor"">בחיפה</b></div>"
57	hmf19460409-01.1.4	9 April 1946	hmf	Page 4	"<div class=""txtsearchsnippet"">... בעיר ההרשמה: טוכנות א""י לתיירות ""‭, ""לבנון‬תל־אביב, הרצל 56 <b class=""highlightcolor"">בחיפה:</b> ""מקור הספר?הרצל 38 _בפתח־הקוה : מלון ""עדן"" ברמת־גן: בית ...</div>"
58	hmf19440220-01.1.4	20 February 1944	hmf	Page 4	"<div class=""txtsearchsnippet"">‭10600‬ לאיי - תקציב ועד החנון היהודי <b class=""highlightcolor"">בחיפה</b> בישיבת ועד החנוד היהודי <b class=""highlightcolor"">בחיפה</b> מסר היו""ר מר בינה ...</div>"
59	hmf19460716-01.1.4	16 July 1946	hmf	Page 4	"<div class=""txtsearchsnippet"">... קל כאשר התייצב במשטרת הר־הכרמל, הוא הועבר לביח""ח הממשלתי <b class=""highlightcolor"">בחיפה.</b> הודעת המשטרה אומרת: שלשום בשעה 11 בבוקר גילתה קבוצת</div>"
60	hzh19460904-01.1.4	4 September 1946	hzh	Page 4	"<div class=""txtsearchsnippet"">... שהשתתפו בהוצאת הגוויות מתחת להריסות וכן גם ?הרופא •של <b class=""highlightcolor"">בית החולים _הממשלתי</b> בירושלימ. ?• • מאת קרן 'היסוד עם ...</div>"
61	hzh19460815-01.1.1	15 August 1946	hzh	Page 1	"<div class=""txtsearchsnippet"">רננות בהלות 3 הסרבנות <b class=""highlightcolor"">בחיפה</b></div>"
62	hzh19480106-01.1.1	6 January 1948	hzh	Page 1	"<div class=""txtsearchsnippet"">הערבים עזבו את <b class=""highlightcolor"">בית החולים ‭'. :?. ‬הממשלתי</b> ‭.. ‬ הפקידים הערביים של ...</div>"
63	hazmantlv19440125-01.1.4	25 January 1944	hazmantlv	Page 4	"<div class=""txtsearchsnippet"">היום ייפתח <b class=""highlightcolor"">בית החולים הממשלתי</b> ״הירקון״ ע״י קבלת 40 חולים. כעבור זמן ...</div>"
64	dav19340618-01.1.5	18 June 1934	dav	Page 5	"<div class=""txtsearchsnippet"">... ביום ו' הו_^_ווטטו שני פועלים ערבים של חברת _קדמאן <b class=""highlightcolor"">בחיפה.</b> אחד רקד את השני והרגו במקום, ‭. -‬ השני ...</div>"
65	hmf19460213-01.1.4	13 February 1946	hmf	Page 4	"<div class=""txtsearchsnippet"">... בשעה' 7 בערך הרגישו שני שוטרים בריטיים שסיידו ליד <b class=""highlightcolor"">בית החולים הממשלתי</b> ""הירקון‭""""‬ במכונית קטנה נוסעת בכביש ואחריה מכונית ...</div>"
66	hzh19480829-01.1.4	29 August 1948	hzh	Page 4	"<div class=""txtsearchsnippet"">... נפש בעד היתר־ יציאה. נקבעו 5 מקומות־יציאה מהמדינה: הנמלים <b class=""highlightcolor"">בחיפה</b> ותל־אביב ושדות התעו־ פה <b class=""highlightcolor"">בחיפה,</b> עין־שמר ותל־אביב‭.. ‬ העובר ...</div>"
67	hzh19471116-01.1.4	16 November 1947	hzh	Page 4	"<div class=""txtsearchsnippet"">... בשכבו מתבוסס בדמו. השוטר השלישי הובא למחלקה הבריטית של <b class=""highlightcolor"">בית החולים הממשלתי</b> . מצבו אנוש. סבורים שהיריות נורו מפתה ...</div>"
68	hmf19480810-01.1.3	10 August 1948	hmf	Page 3	"<div class=""txtsearchsnippet"">... הלאה לעזרה לרבנות הראשית בסידור עניני הכשרות ועניני הדת. <b class=""highlightcolor"">בית החולים הממשלתי</b> למחלות מידבקות בפרדם כץ הוכשר כדין, ועכשיו ...</div>"
69	haretz19330802-01.1.4	2 August 1933	haretz	Page 4	"<div class=""txtsearchsnippet"">סופר ה״פלשתין״ <b class=""highlightcolor"">בחיפה</b> מודיע, כי 14 פועלים העובדים בתחנה הרביעית של הברת ...</div>"
70	hmf19411007-01.1.4	7 October 1941	hmf	Page 4	"<div class=""txtsearchsnippet"">... של עבודתו בא־ רץ שירת מ""מ זקן •השופטים החדש <b class=""highlightcolor"">בחיפה,</b> יפו, שכם וירושלים. בהזדפר גויות שונות היה תובע כללי ...</div>"
71	haretz19381009-01.1.7	9 October 1938	haretz	Page 7	"<div class=""txtsearchsnippet"">אהל'' <b class=""highlightcolor"">בחיפה</b> - בחול המועד סוכות "" ביום רביעי ‭12. 10‬ ...</div>"
72	haretz19380803-01.1.1	3 August 1938	haretz	Page 1	"<div class=""txtsearchsnippet"">פצצה למכובית־משא יהודית <b class=""highlightcolor"">בחיפה</b></div>"
73	dav19390620-01.1.1	20 June 1939	dav	Page 1	"<div class=""txtsearchsnippet"">... _נחיב־ה — לגורות הזעזועים איגוד תוצרת תאריו מודיע: חטיפקד <b class=""highlightcolor"">בחיפה</b> . נמשך. מחמת העוצר היתה העבודה אמש רק חלקית, ...</div>"
74	haretz19480224-01.1.4	24 February 1948	haretz	Page 4	"<div class=""txtsearchsnippet"">... נמשכת כלי הרף, נמסר לסופרנו אתמול ממקור יודע־דבר. בתי־הזיקוק <b class=""highlightcolor"">בחיפה</b> מסכימים לתת את כמות הדלק, שנתנו אשתקד והעיקר כיום ...</div>"
75	hmf19480428-01.1.4	28 April 1948	hmf	Page 4	"<div class=""txtsearchsnippet"">נסגוה לפתע הקונסוליה הלבנונית <b class=""highlightcolor"">בחיפה</b></div>"
76	hzh19390901-01.1.4	1 September 1939	hzh	Page 4	"<div class=""txtsearchsnippet"">... הכתובת. של . מקום: ;המצאם ;לוועד . הקהילה־ העברית <b class=""highlightcolor"">בחיפה,</b> מרכז־ מסחרי' החדש, בית קניגשטיין, חדר ?מם' ‭, 12‬ה""ה: ...</div>"
77	hazmantlv19431229-01.1.4	29 December 1943	hazmantlv	Page 4	"<div class=""txtsearchsnippet"">המגביה ?יער רמת הכו-ט עד היום :ענו כי המיסדות <b class=""highlightcolor"">בחיפה</b> בעין יפה למגבית ימען נסיעת יער רמת הכובש ונתקבלו ...</div>"
78	hegeh19460813-01.1.1	13 August 1946	hegeh	Page 1	"<div class=""txtsearchsnippet"">... לירו#ללם: ,א־דיפעא"" מוסר, כי לאחך במיון ההתנפלות אתמול על <b class=""highlightcolor"">בית החולים הממשלתי</b> ב;פו, העברו שלשת הפצועים דרהודים לבית החולים ...</div>"
79	hegeh19460819-01.1.1	19 August 1946	hegeh	Page 1	"<div class=""txtsearchsnippet"">... הצעירים שנתפסו בשעת ההתקפה על בתי־ המלאכה של הרכבת <b class=""highlightcolor"">בחיפה.</b> מזכיר העיר, י. בדיבי, מסר לצעירים שכבר בבוקר‘נשלחו טלגרמות־מחאה ...</div>"
80	hmf19480509-01.1.4	9 May 1948	hmf	Page 4	"<div class=""txtsearchsnippet"">... קשר"" בארץ. "" הודעה לבעלי חנויות מכולת ובעלי מלאכה <b class=""highlightcolor"">בחיפה</b> הימים א‭, '‬ב‭, '‬ וג' ‭11—10—9)‬ במאי‭'(‬ נקבעו ע""י ...</div>"
81	hzh19471126-01.1.4	26 November 1947	hzh	Page 4	"<div class=""txtsearchsnippet"">לביקור הרב:הראשי י. א. אונטרמן <b class=""highlightcolor"">בחיפה</b> בידיעה שפורסמה בגליון אתמול חלו כמה שיבושים. מסיבת הכבוד ...</div>"
82	haolam19471016-01.1.16	16 October 1947	haolam	Page 16	"<div class=""txtsearchsnippet"">... מטפלות, כל החנויות — בתורות מוכרות. . עבודה !"" <b class=""highlightcolor"">בית החולים הממשלתי</b> ביפו מחנך אחיות לחולים. לשוא. שלש שגים ...</div>"
83	hbkr19410926-01.1.6	26 September 1941	hbkr	Page 6	"<div class=""txtsearchsnippet"">התכנ""ון העברי <b class=""highlightcolor"">בחיפה</b> מכין לא־נג'נרים בחינות המעבר. מועד ‭'3 ‬ יתחילו ביום ...</div>"
84	hmf19460812-01.1.4	12 August 1946	hmf	Page 4	"<div class=""txtsearchsnippet"">משווי הסוכנות <b class=""highlightcolor"">בחיפה</b> נצטוו ושמית לצאת</div>"
85	haretz19470814-01.1.3	14 August 1947	haretz	Page 3	"<div class=""txtsearchsnippet"">... מחדר המתים של בית החולים העירוני לחדר המתים של <b class=""highlightcolor"">בית החולים הממשלתי</b> ביפו, לאחר שותיק מוהלי תל־ אביב קבע ...</div>"
86	dav19480101-01.1.1	1 January 1948	dav	Page 1	"<div class=""txtsearchsnippet"">... זועזעה לא רק נפשנו. אלא זועזע ;כ נוסח היינו <b class=""highlightcolor"">בחיפה.</b></div>"
87	hzh19480114-01.1.1	14 January 1948	hzh	Page 1	"<div class=""txtsearchsnippet"">... ופנתה לדרך עקיפין חזרה _אחר־כך למסלולה. ‭*;‬נמצאה גווייית אלמוני <b class=""highlightcolor"">בחיפה</b> גווייתו על ארס שטרם זוהה נמצאה אתמול</div>"
88	haretz19460919-01.1.4	19 September 1946	haretz	Page 4	"<div class=""txtsearchsnippet"">... מרדכי הרשסק מבודאפשט, אשתו ו־7 ילדיו. החזן יתפלל כחגים <b class=""highlightcolor"">בחיפה.</b></div>"
89	hzh19390102-01.1.4	2 January 1939	hzh	Page 4	"<div class=""txtsearchsnippet"">... הבריטי ווילסון בשעה י שהוביל מכונית בכביש מרחצאות חייאט <b class=""highlightcolor"">בחיפה‭...</b> ‬ שני'בני. כנופיה נהרגו :אתמול, בשעה מוקדמת ' בבוקר, ...</div>"
90	hzh19390620-01.1.1	20 June 1939	hzh	Page 1	"<div class=""txtsearchsnippet"">... העומד להיוו ס ד ‭.. ‬על . הר. הכרמל <b class=""highlightcolor"">בחיפה‭..</b> ‬ המוסד הזה , אשר־ייפתח _־ כבר. בשנת. הלימודים:הקרובה‭. ...</div>"
91	hazmantlv19431118-01.1.4	18 November 1943	hazmantlv	Page 4	"<div class=""txtsearchsnippet"">... מאסר. אקדח ו־6 כדורים כבוד השופט זאבי ביי תסימי <b class=""highlightcolor"">בחיפה</b> הוציא אחמול פקודת מעצר למשך 10 ימים נגד עבד ...</div>"
92	dav19361112-01.1.4	12 November 1936	dav	Page 4	"<div class=""txtsearchsnippet"">... ‬ _בירו־‭-::‬ם (קולנוע "" אריסו‭("";‬ ט""ז טבת‭50, ‬ בדצמבר. <b class=""highlightcolor"">בחיפה</b> (קולנוע "" אדמו‭("";‬ י""ז טבת, 31 בדצמבר. הגיעו לחיפה ...</div>"
93	dav19340903-01.1.4	3 September 1934	dav	Page 4	"<div class=""txtsearchsnippet"">הבתים נבנים בקרבת בית המשפט החדש <b class=""highlightcolor"">בחיפה</b> בסביבה יפה עם מראה נוף נהדר</div>"
94	dav19470819-01.1.4	19 August 1947	dav	Page 4	"<div class=""txtsearchsnippet"">... מוקפ בכוחות משית. ־ פיס של ביי העדה הספרדית <b class=""highlightcolor"">בחיפה-</b> ההוצאה לפועל — בידי ‭.. ‬סולל בו1ה‭. "" ‬</div>"
95	hbkr19390620-01.1.1	20 June 1939	hbkr	Page 1	"<div class=""txtsearchsnippet"">בוטל העוצר <b class=""highlightcolor"">בחיפה</b> והחיים שבו למסלולם</div>"
96	hzh19440507-01.1.3	7 May 1944	hzh	Page 3	"<div class=""txtsearchsnippet"">... כי בארץ יש רק שני בתי תולים פרטיים _: <b class=""highlightcolor"">בחיפה</b> ובת־ימ. השאר הם ‭', ‬גהה"" של קובה חולים של ...</div>"
97	ahr19460619-01.1.1	19 June 1946	ahr	Page 1	"<div class=""txtsearchsnippet"">... ''‬הס באו והוסיפו את ההכלה בכתי? המלאכה של הרכבת <b class=""highlightcolor"">בחיפה</b> ואת החטיפה בתל־אכיכ פעולה ?זו לא בועדה להפגין את ...</div>"
98	dav19380329-01.1.1	29 March 1938	dav	Page 1	"<div class=""txtsearchsnippet"">... ןאת ‭. 1‬הלר. את ההרוגים הובילו במכונית שנתקפה אל <b class=""highlightcolor"">בית החולים הממשלתי</b> -יעבו. הנה־ ? דוד טידז?י שנסע במכונית ...</div>"
99	hmf19471008-01.1.4	8 October 1947	hmf	Page 4	"<div class=""txtsearchsnippet"">... מודיע בזה למעונינים כי מנהל הבנק יענה למרשיו : <b class=""highlightcolor"">בחיפה</b> — ביום חמישי, 9 באוקטובר 1947 בשעות ‭12. 30—10‬ ...</div>"
100	hazmantlv19440427-01.1.3	27 April 1944	hazmantlv	Page 3	"<div class=""txtsearchsnippet"">שרות זה <b class=""highlightcolor"">בחיפה</b> כולל גרעין יסודי של 402 איש, המאורגנים ב־3 o ...</div>"
101	haretz19370318-01.1.9	18 March 1937	haretz	Page 9	"<div class=""txtsearchsnippet"">... בית אטינוב. תיבה דואר: 273. טלפון; 463. הטני ף <b class=""highlightcolor"">בחיפה:</b> מרכז מסחרי חדש, בית פלאפריק, ה. ד. .398, טלפון: ...</div>"
102	khm19480923-01.1.2	23 September 1948	khm	Page 2	"<div class=""txtsearchsnippet"">... 600 -‬ לא''י. מודעות גדולות וקבועות לפי _הםנם_. המערבת <b class=""highlightcolor"">בחיפה:</b> הרצל 59</div>"
103	dav19440427-01.1.3	27 April 1944	dav	Page 3	"<div class=""txtsearchsnippet"">... ""נג1לד דל (מעולי גרודנו‭(!‬ בשנת ח־75 _לחייי _הרוויח התקיימה <b class=""highlightcolor"">בחיפה</b> ב-ום נ‭25. 4. 44/‬ הטת_&amp;_ניגים — אשתו ובני טש&amp;תתו. ...</div>"
104	ahr19480111-01.1.4	11 January 1948	ahr	Page 4	"<div class=""txtsearchsnippet"">... ושלושה עדיין נעדרים. בירושלים נמשך המצב החמור בעיר העתיקה, <b class=""highlightcolor"">בחיפה</b> נפצעו רבים מיריות, על מכוניות. בסך־הכול נפלו במשך יום ...</div>"
105	haretz19470625-01.1.5	25 June 1947	haretz	Page 5	"<div class=""txtsearchsnippet"">בבית המשפט המחוזי <b class=""highlightcolor"">בחיפה</b> תיק ירושות מס' ‭150/47 ‬ בענין ירושת המגוהים: ברל ...</div>"
106	haretz19480101-01.1.4	1 January 1948	haretz	Page 4	"<div class=""txtsearchsnippet"">... את י רגשי הישוב על טבח היהודים בבתי הזיקוק <b class=""highlightcolor"">בחיפה</b> על ידי פועלים ערבים וכן את דעת הישוב על ...</div>"
107	haretz19360729-01.1.5	29 July 1936	haretz	Page 5	"<div class=""txtsearchsnippet"">... בזה את כל בעלי המגרשים ביזיעאליה עיי נוה שאנן <b class=""highlightcolor"">בחיפה'</b> 9 א ם פ לן בקשר עם גבין הגשר ...</div>"
108	dav19360421-01.1.7	21 April 1936	dav	Page 7	"<div class=""txtsearchsnippet"">... ;‬ץ שנהר: אף הוא. _־_^ני אלה נהרגו כיריוה. מהנהלת <b class=""highlightcolor"">בית החולים הממשלתי</b> בי_5ו מודיעים _לקרוכים של החולים היהודים הנמצאים ...</div>"
109	khm19470625-01.1.4	25 June 1947	khm	Page 4	"<div class=""txtsearchsnippet"">... הע־ תונות. במרפאת . האגודה חא""י לעזרת ילדים נכים <b class=""highlightcolor"">בחיפה‭.</b> ""‬ האגודה גוסדה בשגת 1938 ואין בד, כל הפלייה ...</div>"
110	dav19390307-01.1.1	7 March 1939	dav	Page 1	"<div class=""txtsearchsnippet"">... נסיין להימלט ממרכז. חחקירה של הצבא בעפולה. ערבי נהרג <b class=""highlightcolor"">בחיפה</b> היום ב־‭8. 30‬ נורה ונהרג •הערבי אחמד האג' עלי ...</div>"
111	hbkr19440512-01.1.6	12 May 1944	hbkr	Page 6	"<div class=""txtsearchsnippet"">... |3‬ הודה יח'על""התל-אבי‭! 3 ‬ * ! מתח םנ""ף <b class=""highlightcolor"">בחיפה:</b> !... ?. ?!!. ?. . ?""?י‭;2‬ם , ‭##"" 21‬ ...</div>"
112	ahr19471221-01.1.4	21 December 1947	ahr	Page 4	"<div class=""txtsearchsnippet"">... לירושלים. צכי מזרחי, בי ‭, 20‬מטבריה, נהרג ביום ו' <b class=""highlightcolor"">בחיפה,</b> בלכתו לגבות חוב מערבי.</div>"
113	dav19370307-01.1.1	7 March 1937	dav	Page 1	"<div class=""txtsearchsnippet"">... ירו בו. י הפצוע שנפגע בכתפו ובידו, הובל לביחח""ו <b class=""highlightcolor"">בחיפה.</b> המשטרת חוקרת. ? יפן : י ביום ו' אחר ...</div>"
114	dav19381223-01.1.8	23 December 1938	dav	Page 8	"<div class=""txtsearchsnippet"">נפתח נית־החולים הממשלתי החוש <b class=""highlightcolor"">בחיפה</b></div>"
115	hbkr19380425-01.1.5	25 April 1938	hbkr	Page 5	"<div class=""txtsearchsnippet"">... שהוא בארץ־ישראל או במצרים או במשת הרשום של חחברח <b class=""highlightcolor"">בחיפה.</b> בפקודת חבר חהגחלד. ו. לקשי; מנחל ובזכיד חיסח. ‭24‬ ...</div>"
116	hmf19460701-01.1.4	1 July 1946	hmf	Page 4	"<div class=""txtsearchsnippet"">מצב האסירים בעכו ופצועי ההתקפה <b class=""highlightcolor"">בחיפה</b></div>"
117	haretz19480106-01.1.4	6 January 1948	haretz	Page 4	"<div class=""txtsearchsnippet"">... כפי הנראה מן הפורשים. צעיר יהודי בלכתו ברחוב החלוץ <b class=""highlightcolor"">בחיפה</b> בקרבת האמפיתיאטרון. הוא הוכה ואיבד את הכרתו והושלך בשדה ...</div>"
118	hbkr19420624-01.1.4	24 June 1942	hbkr	Page 4	"<div class=""txtsearchsnippet"">... משנה ממשלתיים לקנית תבואות בהתאם למכתב שקבלני מהסיכנים הראשיים <b class=""highlightcolor"">בחיפה</b> נתנו כבד ה־ראית לקציני המחוז בני גע למילוי ההצהרית ...</div>"
119	haretz19480427-01.1.4	27 April 1948	haretz	Page 4	"<div class=""txtsearchsnippet"">ערבים חוזרים לבתיהם <b class=""highlightcolor"">בחיפה</b></div>"
120	hmf19481220-01.1.4	20 December 1948	hmf	Page 4	"<div class=""txtsearchsnippet"">... דרכים אירעה אתמול בצהרים ליד הצטלבות פסי הרכבת בקירבת <b class=""highlightcolor"">בית החולים הממשלתי</b> <b class=""highlightcolor"">בחיפה.</b> קרונית קטנה התנגשה במכונית צבאית וכתוצאה ...</div>"
121	haretz19480504-01.1.4	4 May 1948	haretz	Page 4	"<div class=""txtsearchsnippet"">... רשם בית המשפט המחוזי בתל אביב בבית משפט השלים <b class=""highlightcolor"">בחיפה</b> תיק ירושות מם' ‭90/48 ‬ בענין: המנוח פיבל שרגר, ...</div>"
122	ahr19470327-01.1.3	27 March 1947	ahr	Page 3	"<div class=""txtsearchsnippet"">... ‭. 060‬להחזיר י י אירגון ההובלה טל הגליל העליון <b class=""highlightcolor"">בחיפה</b> (רחוב הנמל ‭(51‬ בשביל חנה _גנ־־נדר‭. {6X3—180). ‬ אכד ...</div>"
123	ahr19470801-01.1.11	1 August 1947	ahr	Page 11	"<div class=""txtsearchsnippet"">... פעמיים בגלל המצב ייעד־ כו מחר _אחר־הצהרים בבריכת _בת־גלים <b class=""highlightcolor"">בחיפה.</b> \</div>"
124	dav19370412-01.1.5	12 April 1937	dav	Page 5	"<div class=""txtsearchsnippet"">תורת. <b class=""highlightcolor"">בית החולים הממשלתי</b> למוסד •בית תבשיל אליאך והכנסת אורחים בירושליםו‭'_^‬ו. ...</div>"
125	dhy19350509-01.1.6	9 May 1935	dhy	Page 6	"<div class=""txtsearchsnippet"">... שהוא בארץ""שדאל או במצרים' או במשרד הרשום של חחברח <b class=""highlightcolor"">בחיפה,</b> יפקי-דת _חכר־חחנהלת ז. לקשץ I מנהל ומזכיר.</div>"
126	haretz19451130-01.1.7	30 November 1945	haretz	Page 7	"<div class=""txtsearchsnippet"">... ‭30. 11‬ *הלנה היפה"" הצגת שח־ דית ב־‭10. 30‬ <b class=""highlightcolor"">בחיפה</b> בארמון במוצ""ש ‭1. 12. 45‬ במיגרבי ""הלנה היפה־"" ב־‭5. ...</div>"
127	haretz19431012-01.1.3	12 October 1943	haretz	Page 3	"<div class=""txtsearchsnippet"">... לוי, בת ‭, 17‬ שנפגעה על ידי האמבולאנס של <b class=""highlightcolor"">בית החולים הממשלתי,</b> הועברה באמבולאנס לבית החולים הממשלתי. יש לה ...</div>"
128	hzh19441026-01.1.3	26 October 1944	hzh	Page 3	"<div class=""txtsearchsnippet"">סכנת הדבר ו—עברית מחלת חדבר מתפשטת <b class=""highlightcolor"">בחיפה</b> מיום ליום, בצעד ""אטי ובטוח‭. ""‬כמעט שאין לך יום ...</div>"
129	dav19311008-01.1.4	8 October 1931	dav	Page 4	"<div class=""txtsearchsnippet"">... בסידור הטרט: שונות — הרופא ד""ר מלחי הועבר משבריהי <b class=""highlightcolor"">_£בית־ החולים הממשלתי</b> . <b class=""highlightcolor"">בחיפה.</b> — מחנה האסירים ממ&amp;ר 2 ...</div>"
130	dav19321216-01.1.6	16 December 1932	dav	Page 6	"<div class=""txtsearchsnippet"">... מתבוננים להשלים את המלאכה בהקדם. ; יצחק גוד-ארי עזרת <b class=""highlightcolor"">בית החולים הממשלתי</b> . לאחר שלא נמצא מקום בהדסה לאשתי ...</div>"
131	hmf19401205-01.1.1	5 December 1940	hmf	Page 1	"<div class=""txtsearchsnippet"">... גופות ' של גברים שהועברו יישר לחדר המתים של <b class=""highlightcolor"">בית החולים הממשלתי.</b></div>"
132	mar19480322-01.1.3	22 March 1948	mar	Page 3	"<div class=""txtsearchsnippet"">(ד•?ג‭(. ‬ <b class=""highlightcolor"">בחיפה</b> הועמד <b class=""highlightcolor"">בית החולים הממשלתי</b> לרשות הע־ רבים, ביפו משתמשים ...</div>"
133	hmf19480126-01.1.3	26 January 1948	hmf	Page 3	"<div class=""txtsearchsnippet"">_בית־החוליפ הממשלתי <b class=""highlightcolor"">בחיפה</b> הפך למוסד ערבי טהור</div>"
134	hbkr19470508-01.1.4	8 May 1947	hbkr	Page 4	"<div class=""txtsearchsnippet"">... נענו. הונא אתמול י י לקבירה נ!ביו&gt; העלמין החדש <b class=""highlightcolor"">בחיפה.</b> הלויתו סודרה עיי העדה חפפרדית בהיטה. איש אחד נעצר ...</div>"
135	hzh19480620-01.1.3	20 June 1948	hzh	Page 3	"<div class=""txtsearchsnippet"">המצב בבית החרלים הממשלתי <b class=""highlightcolor"">בחיפה</b></div>"
136	dav19480831-01.1.4	31 August 1948	dav	Page 4	"<div class=""txtsearchsnippet"">... ‬ י‭;^‬מחלת _הנלכת געיר . מחלתי;הבריאות והמחלקה הואטאריני רית <b class=""highlightcolor"">בחיפה</b> הזעיקו את דעתונאים , כדי להעמיד ‭:&lt;‬ת הצבור על ...</div>"
137	dav19360912-01.1.1	12 September 1936	dav	Page 1	"<div class=""txtsearchsnippet"">פצצות ברח' -היהודים <b class=""highlightcolor"">בחיפה</b></div>"
138	haretz19470519-01.1.4	19 May 1947	haretz	Page 4	"<div class=""txtsearchsnippet"">... חיריה, תל אפרי* פודז מירי. תאורו: מגרש לבנין ליד <b class=""highlightcolor"">בית החולים הממשלתי.</b> חלקימ: בשלמו* השמח: ‭307 ‬ מפ""ר. פרסי ...</div>"
139	haretz19381222-01.1.6	22 December 1938	haretz	Page 6	"<div class=""txtsearchsnippet"">... בדרכו. הבוקר בשעה ‭10‬ יחנוך ה. מ. את בנין <b class=""highlightcolor"">בית החולים הממשלתי</b> חחדש על יד בת נלים. מכון להדרכה ...</div>"
140	hmf19421228-01.1.4	28 December 1942	hmf	Page 4	"<div class=""txtsearchsnippet"">... הפרופ. _איליוןז ז""ל ביום א, בשעה 10 בבוקר התקיימה <b class=""highlightcolor"">בחיפה,</b> הלויתו של הפרופ. אלכ־ סנדר איליוף, פרופ' לחימיה בתכ-נ-ון ...</div>"
141	hzh19381227-01.1.1	27 December 1938	hzh	Page 1	"<div class=""txtsearchsnippet"">... נמצאה פצצת *מילס"" בחצר ־ חנות יהודית ברחוב _איםתקלאל <b class=""highlightcolor"">_בחיפה</b> ליד כית חרושת לסיגריות של קאראמאן _דיקוסאלמי. המשטרה הריקה ...</div>"
142	hzh19440427-01.1.4	27 April 1944	hzh	Page 4	"<div class=""txtsearchsnippet"">... _טורי'ז ?ש לייט""א • • 'רב _דבתיגלים החבר הרבנות <b class=""highlightcolor"">!בחיפה</b> לאלושי 'בתו תהי' עם ב""ג העילוי המפולםם־הרה""ג אבלהט לידר ...</div>"
143	haretz19450401-01.1.4	1 April 1945	haretz	Page 4	"<div class=""txtsearchsnippet"">... ארדשםיין וכרכום לכבוד החג. הד""ר א. מ'*חי , מנהל <b class=""highlightcolor"">בית החולים הממשלתי,</b> שב מנסיעתו למצרים מטעם מחלקת הבריאות ונכנס ...</div>"
144	dav19370621-01.1.3	21 June 1937	dav	Page 3	"<div class=""txtsearchsnippet"">... הנוגעים, אבל לא בקצב הדרוש. ציבור . הפועלים י <b class=""highlightcolor"">בחיפה,</b> וכן בל העוקבים אחרי המצב בשוק תעבורה, מתמרמרים על ...</div>"
145	haretz19470818-01.1.3	18 August 1947	haretz	Page 3	"<div class=""txtsearchsnippet"">... בכורה ויחידה־ ב‭8^0‬ בערב. יום ה' ‭213‬ באולם ""ארמץ"" <b class=""highlightcolor"">בחיפה</b> הצגת בכורה ויחידה ב־‭9. 00‬ בערב כרסיסים להשיג כקופת ...</div>"
146	hmf19480322-01.1.4	22 March 1948	hmf	Page 4	"<div class=""txtsearchsnippet""><b class=""highlightcolor"">בית החולים הממשלתי</b> ""הירקון"" בצפון תל־אביב עובר החל מ־1 באפריל ...</div>"
147	hzh19470117-01.1.8	17 January 1947	hzh	Page 8	"<div class=""txtsearchsnippet"">‭. . ‬ • ‭. :‬בבית הקברות ' החדש <b class=""highlightcolor"">בחיפה</b> יכל יוצאי . רדזיבילוב. ומוקירי המנוח. נפגשים ליד. האוטובוס ...</div>"
148	ahr19470202-01.1.4	2 February 1947	ahr	Page 4	"<div class=""txtsearchsnippet"">... כירושלים יהי ה ב""ספורט קלוב‭. ""‬משם יסער למרכזי הפלגה <b class=""highlightcolor"">בחיפה</b> ובםרפנד, מחיפה יפליגו באוניות ימסרפנד יצאו באווירונים וברכבת. לכל ...</div>"
149	dav19380209-01.1.6	9 February 1938	dav	Page 6	"<div class=""txtsearchsnippet"">... הזמנת . התמלא בד""קנלת ובזריזו-ת. לפני ימים אחרים היי <b class=""highlightcolor"">בחיפה‭.,</b> ‬טבריה 1ע‭?_2‬לת ישיבות של ב""כ לשבת המם תמרבוית, חמשר־־ים ...</div>"
150	hmf19481201-01.1.4	1 December 1948	hmf	Page 4	"<div class=""txtsearchsnippet"">... בכתב אל הקצין קרמר במטה המחוז של משטרת ישראל <b class=""highlightcolor"">בחיפה</b> (רחוב המלכים‭. (‬ בלי רשיון כניסה לא יורשה איש ...</div>"
151	hzh19461127-01.1.1	27 November 1946	hzh	Page 1	"<div class=""txtsearchsnippet"">... . ?‬ פצועים‭-. ‬ מחוות־אימיפ בנמל. היום כינוס אזעקה <b class=""highlightcolor"">בחיפה</b> I _אניות הגירוש נשארו במימי. ‭?""‬ האח ?נד להחלטת ...</div>"
152	hzh19480209-01.1.1	9 February 1948	hzh	Page 1	"<div class=""txtsearchsnippet"">... ערבים נהרגו ואחד נפצע ? קשה כשעת• חילופי יריות <b class=""highlightcolor"">בחיפה</b> שנמשכו _כשלושימ דקות אתמול י אד. ר _הצהריפ. בשעד, ...</div>"
153	ahr19470121-01.1.3	21 January 1947	ahr	Page 3	"<div class=""txtsearchsnippet"">... וועד השכונה בת־גלים ובאישור הבהלת משפט תשלום העברי המחוזי <b class=""highlightcolor"">בחיפה,</b> היוקם משפט השלום עברי מקומי בשכונה. באסיפה המייסדת ב־15 ...</div>"
154	ahr19471007-01.1.4	7 October 1947	ahr	Page 4	"<div class=""txtsearchsnippet"">מדבר‭8 8‬עקב ד»ן באסיפת ונם <b class=""highlightcolor"">בחיפה</b> חיפה, יום ב‭- . '‬ , _חשבועת הקרובים יכריעו ...</div>"
155	ahr19470901-01.1.3	1 September 1947	ahr	Page 3	"<div class=""txtsearchsnippet"">... למלחמה בשחפת בימים הקו!בים חבקרנה עסקניות הליגה למלחמה בשחפת <b class=""highlightcolor"">בחיפה</b> בבתים ובחנויות, על מנת לאסוף תררמומ 'חפצים לשוק (באזאו) ...</div>"
156	dav19380413-01.1.4	13 April 1938	dav	Page 4	"<div class=""txtsearchsnippet"">... מיליון לירח. מן העבודות החשובות ־ש להזכיר את הקמת <b class=""highlightcolor"">בית החולים הממשלתי</b> בדרך לבת _גל־ם ואת</div>"
157	dav19381101-01.1.8	1 November 1938	dav	Page 8	"<div class=""txtsearchsnippet"">תנועת הבני!בירושלים, <b class=""highlightcolor"">בחיפה</b> וביפו עדיי!נתונהנשפל. עירית ידוש־ ; לים נתנה רשיונית-בני!על שטח ...</div>"
158	dav19480620-01.1.3	20 June 1948	dav	Page 3	"<div class=""txtsearchsnippet"">ת י . פ ה י . <b class=""highlightcolor"">בית החולים הממשלתי</b> <b class=""highlightcolor"">בחיפה</b> מתארגז מחדש</div>"
159	haretz19441117-01.1.8	17 November 1944	haretz	Page 8	"<div class=""txtsearchsnippet"">י בישיבת ועדת העירית <b class=""highlightcolor"">בחיפה</b> ביום ד' נקרא מכו&gt;בו של• מושל מחיז חיפה המכיל ...</div>"
160	haretz19451219-01.1.5	19 December 1945	haretz	Page 5	"<div class=""txtsearchsnippet"">... בערי ארץ־ישראל ומייסדים סניפים. עד עכשו נוסדו סניפים בירושלים, <b class=""highlightcolor"">בחיפה'</b> בשכם, בעזה, בעכו וביפו. יש לציין, שממשלת מצרים מפקחת ...</div>"
161	hbkr19381018-01.1.6	18 October 1938	hbkr	Page 6	"<div class=""txtsearchsnippet"">... השוט־ ריס חשיבו אש. בשעח יותר מאוחרת הובאה אל <b class=""highlightcolor"">בית החולים הממשלתי</b> גוית הרוג וכן ד\בא שמה ערבי פצוע. ...</div>"
162	hzh19400124-01.1.3	24 January 1940	hzh	Page 3	"<div class=""txtsearchsnippet"">... 3 בפתח תקווה‭3, ‬ בראשון והשאר — שנים •שניט <b class=""highlightcolor"">בחיפה‭',</b> ‬רחובות וטבריה. . ב־176 •מקרים ‭66)‬ מקורם בשנת ‭(1938‬ ...</div>"
163	hzh19480419-01.1.1	19 April 1948	hzh	Page 1	"<div class=""txtsearchsnippet"">... ""‬ _»לו _גחימד. ו _85ני אלטמאן - מתה מפצעיה <b class=""highlightcolor"">בחיפה.</b> ‭| I. "". . '‬ י ' מלפה פתד ...</div>"
164	hegeh19460916-01.1.1	16 September 1946	hegeh	Page 1	"<div class=""txtsearchsnippet"">... שנ?עי ?יריחו לשקם. 23 איש החשודים ?ח?רי א?״ל נאקרו <b class=""highlightcolor"">בחיפה</b> בשבת לפנות בקר. אסר אחד מך״ם ?חפשת קבו־ לשת ...</div>"
165	hegeh19460823-01.1.1	23 August 1946	hegeh	Page 1	"<div class=""txtsearchsnippet"">... למקום ומצאה 33 כדורים של נשק אוטומטי. מעפילות חולות <b class=""highlightcolor"">:בית החולים הממשלתי</b> אדית ריניץ, בת 13 ואליאונורה לוי, בת ...</div>"
166	dav19360224-01.1.7	24 February 1936	dav	Page 7	"<div class=""txtsearchsnippet"">... לגבולם‭, ""‬ ד ת 5 בהן, ייו''ר יהלשבח הסוציאלית <b class=""highlightcolor"">בחיפה,</b> נאמה בשם העוברים . הס וציאליים -והגישה לבעלת היובל ...</div>"
167	dhy19360415-01.1.8	15 April 1936	dhy	Page 8	"<div class=""txtsearchsnippet"">... הוא קטן. דרוסי אופנוע, שמתו שלשום מת בביה""ח הממשלתי <b class=""highlightcolor"">בחיפה</b> עזיזי חג' חוםין מעזה שנדרס בפגיעת אופנוע לפני שבועיים. ...</div>"
168	dhy19360614-01.1.4	14 June 1936	dhy	Page 4	"<div class=""txtsearchsnippet"">... בום ובליית שנ* חיילים מהרי כחץ מ־יבת העירה, ל <b class=""highlightcolor"">בית החולים הממשלתי.</b> הנזזג רדב־ב־ץ עזר לריפאים ־־:־־' את בגדי ...</div>"
169	hmf19390227-01.1.1	27 February 1939	hmf	Page 1	"<div class=""txtsearchsnippet"">שלשה קרבבות ביום דמים אחד <b class=""highlightcolor"">בחיפה</b></div>"
170	kolisraeljlm19330504-01.1.4	4 May 1933	kolisraeljlm	Page 4	"<div class=""txtsearchsnippet"">... הירדן. : הערבים וחוקת העיריות מודיעים כי האגירה המושלגת <b class=""highlightcolor"">בחיפה</b> ההלימה להודיע . להממשלה כ• היא מתנגדת לשתות נתינים ...</div>"
171	dav19390901-01.1.4	1 September 1939	dav	Page 4	"<div class=""txtsearchsnippet"">_גמנסיה 1יא7יק <b class=""highlightcolor"">בחיפה</b> "" 0111 _מ\מה מסחרית! ברשת _זטקות של םוזלקיז התנוך ...</div>"
172	haretz19340304-01.1.3	4 March 1934	haretz	Page 3	"<div class=""txtsearchsnippet""><b class=""highlightcolor"">בחיפה</b></div>"
173	hmf19420127-01.1.4	27 January 1942	hmf	Page 4	"<div class=""txtsearchsnippet"">... יועמס נטל כה כבד כמו על תושבי תל אביב. <b class=""highlightcolor"">בחיפה</b> משלמים האוכלוסים רק את מם הר־ כוש המגיע ל־7 ...</div>"
174	dav19360925-01.1.3	25 September 1936	dav	Page 3	"<div class=""txtsearchsnippet"">... שם. באד'ז משנת ‭. 1934‬בעל בית חרושת לתיקון מכוניות <b class=""highlightcolor"">בחיפה.</b> עמד ליסד מפעל תעשיה :ד, יל. נפצע במכוניתו בהתנגשות ...</div>"
175	dav19360823-01.1.6	23 August 1936	dav	Page 6	"<div class=""txtsearchsnippet"">... רח- יפו בתל-אביב: בית-םסחר . יבנה‭, -‬רחוב רמב""ט 21 <b class=""highlightcolor"">בחיפה:</b> בית-םסחר . עץ הקורא- רחוב הרצל 2</div>"
176	dav19360821-01.1.8	21 August 1936	dav	Page 8	"<div class=""txtsearchsnippet"">| <b class=""highlightcolor"">בחיפה</b> וסביבותיה ‭/ 8‬ הננו זיפזיף־עכו מודיעים ע""י נ ה ...</div>"
177	dav19340821-01.1.3	21 August 1934	dav	Page 3	"<div class=""txtsearchsnippet"">... העירוני ישנן רק 20 מטה למחלו־ח אלת. נשאר רק <b class=""highlightcolor"">בית החולים הממשלתי</b> ביפו. אמנם, סופקו בטח וכמה דרישות מצר ...</div>"
178	dav19381116-01.1.1	16 November 1938	dav	Page 1	"<div class=""txtsearchsnippet"">נרצה <b class=""highlightcolor"">בחיפה</b> בשעת עבודה</div>"
179	dav19381228-01.1.1	28 December 1938	dav	Page 1	"<div class=""txtsearchsnippet"">... עצרו אתמול חנוני ערבי בשם קוסטה סלימת רלאל, ברחוב <b class=""highlightcolor"">בית החולים הממשלתי</b> ביפו, הכריחו אותו לחזור לחנותו ושדדו שם ...</div>"
180	dav19390711-01.1.7	11 July 1939	dav	Page 7	"<div class=""txtsearchsnippet"">... דלא ניידי במכירה פומבית ‭, :‬ בבית המשפט המחוזי <b class=""highlightcolor"">בחיפה</b> בעניו פעולות ההוצאה לפועל בתיק המעונין מתבקש להציע בעצמו ...</div>"
181	haretz19460815-01.1.4	15 August 1946	haretz	Page 4	"<div class=""txtsearchsnippet"">... ע""י היושב־ראש בדברי אזכרה על&gt; חללי הישוב שנפלו שלשום <b class=""highlightcolor"">בחיפה.</b> הועד הפועל כיבד את זכרם בעמידת דום. דיר א. ...</div>"
182	hbkr19391018-01.1.5	18 October 1939	hbkr	Page 5	"<div class=""txtsearchsnippet"">... ־‭41 ‬ ‭7) 1‬ מגרשי בבין) : I הנמצא <b class=""highlightcolor"">בחיפה</b> במרכז הדר־הכומל I ? (‭80‬ מטר חזית לרחוב הרצל ...</div>"
183	hbkr19410620-01.1.7	20 June 1941	hbkr	Page 7	"<div class=""txtsearchsnippet"">... בכל סרטי . טרזן•' שודד• הדובגד ‭24‬ מערבית• לראשונה <b class=""highlightcolor"">בחיפה!</b> בכל ערב הצגה אחח ללא־הססק משעה ‭7. 30 ‬ ...</div>"
184	hzh19380128-01.1.1	28 January 1938	hzh	Page 1	"<div class=""txtsearchsnippet"">... לעזרה מרמלה הסמוכה ואחרי רגעים אחדים הגיע האמבולאנס: של <b class=""highlightcolor"">בית החולים . הממשלתי</b> אל מקום התאונה והעביר את שני: ...</div>"
185	itonamami19471229-01.1.2	29 December 1947	itonamami	Page 2	"<div class=""txtsearchsnippet"">... ערביםבמוצאי שבת ובמשך כל יום׳ יאי שרר שקט יחסי <b class=""highlightcolor"">בחיפה</b> ובסביבותיה. ממקור ערבי מוסײם, כי <b class=""highlightcolor"">בית החולים הממשלתי</b> <b class=""highlightcolor"">בחיפה</b> ...</div>"
186	dav19480809-01.1.3	9 August 1948	dav	Page 3	"<div class=""txtsearchsnippet"">... _בננבריה, עפולה וחדרה, המשרד לממן רשיונות של משטרת התנועה <b class=""highlightcolor"">בחיפה</b> יבקר פעמיים בחודש בטבריה, פעם בחודש בעפולה ופעם בהודש ...</div>"
187	dav19450817-01.1.7	17 August 1945	dav	Page 7	"<div class=""txtsearchsnippet"">... הקץ‭"". ‬ ניצירה מחדשה של אר־סט ה&amp;ינגוויי הצ;ת ג5ור"" <b class=""highlightcolor"">בחיפה!</b> ‭_. 1‬ד-ה המלחמתית העליזה ביותר י י הק היי ...</div>"
188	haretz19471125-01.1.3	25 November 1947	haretz	Page 3	"<div class=""txtsearchsnippet"">... בחדרה י ידם ה' ‭4. 12‬ בפעם האחרונה ב־9 <b class=""highlightcolor"">בחיפה</b> יום ו' ‭5. 12‬ שחרית ב־‭11‬ -העוצר הגדול"" <b class=""highlightcolor"">בחיפה</b> ...</div>"
189	haretz19451118-01.1.3	18 November 1945	haretz	Page 3	"<div class=""txtsearchsnippet"">... ו. רומ, אך ורק תל־אביב רהיב בצלאל ‭, 3‬ <b class=""highlightcolor"">בחיפה:</b> 2 בדצמבר: בית־ מרקחת רחוב גורדוי ‭. 28‬ בירושלים: ...</div>"
190	haretz19460221-01.1.3	21 February 1946	haretz	Page 3	"<div class=""txtsearchsnippet"">... הערב בנהריד. וועידת הלי־ גד. הסוציאליסטית המתקימת בסמוך לזד. <b class=""highlightcolor"">בחיפה</b> ישפשו פתיהה לוועידה, בה יפוז־ ג־, שתי התנועות למפלגת ...</div>"
191	haretz19420521-01.1.8	21 May 1942	haretz	Page 8	"<div class=""txtsearchsnippet"">... וואנדה ריינפלד-הודביץ ואמה אסתר ריינפלד (מחפשות את צבי הורביץ <b class=""highlightcolor"">בחיפה).</b> ברוני ?נברםוביץ בטאשקאנט, מחפש את קרוביו שעלו לארץ מבוקארשט ...</div>"
192	hbkr19410509-01.1.7	9 May 1941	hbkr	Page 7	"<div class=""txtsearchsnippet"">... ברע משה בלגרי ' בן ‭'35‬ בנסעו באוטובוס ""חבר"" <b class=""highlightcolor"">בחיפה.</b> לאחר שקבל זריקה ב""מגן דוד אדום"" הובא ל""הדסה"" ישם ...</div>"
193	hzh19460811-01.1.4	11 August 1946	hzh	Page 4	"<div class=""txtsearchsnippet"">... בית הספר לאהיות יופנה' בית החולים לאחיות , של <b class=""highlightcolor"">בית החולים הממשלתי:</b> יפונה בקרוב • ומעבד J לבנין הבולשת ...</div>"
194	hzh19460812-01.1.4	12 August 1946	hzh	Page 4	"<div class=""txtsearchsnippet"">... ז. נצטווה לשכת העלייה לפנות את בית הסוכנות . <b class=""highlightcolor"">בחיפה</b> ברחוב הנמל , עם גל ההחרמות• ככדי לשכן פאן ...</div>"
195	haretz19331030-01.1.1	30 October 1933	haretz	Page 1	"<div class=""txtsearchsnippet"">... הטלפון 612! ל«לגרBות—הארץ* ת*א הסניף בירושלים - | הסגיף <b class=""highlightcolor"">בחיפה</b> - רחוב יפת בור. אמינוב. ! רחוב ףנ.מל ביה ...</div>"
196	ahr19471019-01.1.3	19 October 1947	ahr	Page 3	"<div class=""txtsearchsnippet"">_אען־ןף תחרות-ארכע <b class=""highlightcolor"">בחיפה</b> מתאגרפים _מ־4 קבוצות התמודדו בליל שבת <b class=""highlightcolor"">בחיפה</b> : ""מכבי"" ...</div>"
197	dav19381222-01.1.6	22 December 1938	dav	Page 6	"<div class=""txtsearchsnippet"">... א. ב, ירם, מיסודו של בית הסכר הריאלי העברי <b class=""highlightcolor"">בחיפה</b> — הונחת אתמול אהר הצהרים. הבנין יוקם בחלק של ...</div>"
198	haretz19440104-01.1.4	4 January 1944	haretz	Page 4	"<div class=""txtsearchsnippet"">שלש חברות בינלאומיות גדולות, שמדי כזן <b class=""highlightcolor"">בחיפה,</b> פנו לשלסונות ? בבקשה לא להתחשב בירידת אינדקס-תוספת־היוקר ולא ...</div>"
199	haretz19450826-01.1.3	26 August 1945	haretz	Page 3	"<div class=""txtsearchsnippet"">... ו. דופ, אך ורק תל־אביב רחוב בצלאל ‭. 3‬ <b class=""highlightcolor"">בחיפה:</b> 2 בםפפמבר! מת־פדקחת דחוכ גורדוי ‭. 28‬ בירושליפ: 5 ...</div>"
200	haretz19480426-01.1.4	26 April 1948	haretz	Page 4	"<div class=""txtsearchsnippet"">... האדום, והאגדה המדיצינית האמריקאית. נודע כי המינים הם: בנין <b class=""highlightcolor"">בית החולים הממשלתי</b> במגרש הרוסים, הבנין ליולדות . שהיה פעם ...</div>"
201	hmf19481123-01.1.4	23 November 1948	hmf	Page 4	"<div class=""txtsearchsnippet"">... אמש בראדיו רמאללה, על השתלשלות הענינים שהביאה לידי מסירת <b class=""highlightcolor"">בית החולים הממשלתי</b> בירושלים ליד היהודים. בית חולים זה נמסר ...</div>"
202	hbkr19401229-01.1.4	29 December 1940	hbkr	Page 4	"<div class=""txtsearchsnippet"">... כל ההצעות. - מינויו של מר שמעון אגרנטכשופט שלום <b class=""highlightcolor"">בחיפה</b> נתפרסם בעתון הרשמי אתמול. — בעתין הרשמי נתפרסם דו""ח ...</div>"
203	hmf19461003-01.1.4	3 October 1946	hmf	Page 4	"<div class=""txtsearchsnippet"">... הראשל מהרי""ם סולידאנו בלוית הרב כ. פ. סכורש את <b class=""highlightcolor"">בית החולים הממשלתי</b> הירקון. שם קיבלו את פניהם מ""מ המנהל ...</div>"
204	hmf19470505-01.1.4	5 May 1947	hmf	Page 4	"<div class=""txtsearchsnippet"">'־""•חשש שוא , צבי פינס, חבר הסמינריון שבקירבת <b class=""highlightcolor"">בית החולים הממשלתי</b> ""הירקון"" בת""א, הודיע אתמול ב־8 בבוקר למשטרה ...</div>"
205	hzh19461121-01.1.4	21 November 1946	hzh	Page 4	"<div class=""txtsearchsnippet"">... טומיגאן שוטר בריטי ישב במגרש הרוסים בירושלים, מול דלת <b class=""highlightcolor"">בית החולים הממשלתי</b> ""וטיפל"" ב-טומ־ גאן שלי• • . ופלטה ...</div>"
206	ahr19460912-01.1.4	12 September 1946	ahr	Page 4	"<div class=""txtsearchsnippet"">חיפה, יום גי‭—. ‬ חברי הנהלת וועדת־הבחירות <b class=""highlightcolor"">בחיפה</b> לקונגרס הציוני הופתעו לשמוע בישיבה, כי לעבודה נתקבלו למעלה ...</div>"
207	hzh19480927-01.1.2	27 September 1948	hzh	Page 2	"<div class=""txtsearchsnippet"">... את הבעיות המקומיות חמיוחדות וכן נתנו את ההוראות המתאימות. <b class=""highlightcolor"">בחיפה</b> נטלו עלי עצמם לנהל את מפעל הרישום ה""ה: אלי־ ...</div>"
208	dav19460424-01.1.1	24 April 1946	dav	Page 1	"<div class=""txtsearchsnippet"">... ד. א‭'. ‬ םפתח-תקוה העביד את עזרא לוי אל <b class=""highlightcolor"">בית החולים הממשלתי</b> בצפון תל־אביב, הוא נפצע קשה בבטנו. בשעות ...</div>"
209	hbkr19460812-01.1.4	12 August 1946	hbkr	Page 4	"<div class=""txtsearchsnippet"">התקפה !ועזה ביצעו אתפול צעירים יהודים מזוינים על <b class=""highlightcolor"">בית החולים הממשלתי</b> ביפו. הםתקיפיס? שהיו בנראה מאנשי ד""ארגת צבאי ...</div>"
210	hbkr19480310-01.1.4	10 March 1948	hbkr	Page 4	"<div class=""txtsearchsnippet"">נסיונות חדשים להתנכל לתחבורה העברית <b class=""highlightcolor"">בחיפה</b></div>"
211	ahr19470713-01.1.3	13 July 1947	ahr	Page 3	"<div class=""txtsearchsnippet"">... הפוליטיות הכינוס השני של הוועדות הפוליטיות יקיבוצי _הצפון •הקייס <b class=""highlightcolor"">בחיפה</b> ביום בי, ב־ו1 לפני הצדויים במועדון המפלגה, רח' ־שפירא. ...</div>"
212	ahr19480827-01.1.5	27 August 1948	ahr	Page 5	"<div class=""txtsearchsnippet"">... הממשלתי , היפה ‭j |‬ כית־חפפר לאחיות : j <b class=""highlightcolor"">בית החולים הממשלתי</b> <b class=""highlightcolor"">בחיפה</b> מכריז בזה על הרשמת מועפ-ות! !לבית-הםפר ...</div>"
213	dav19360217-01.1.1	17 February 1936	dav	Page 1	"<div class=""txtsearchsnippet"">א) טהר ב־‭. 8‬בערב. תתקיים <b class=""highlightcolor"">בחיפה</b> הישיבה המייסדת-של ועדת השקל-המ-קומית בבית "" את?שרה‭. ""‬ ב""כ ...</div>"
214	hbkr19481121-01.1.1	21 November 1948	hbkr	Page 1	"<div class=""txtsearchsnippet"">מאת ‭111810‬ <b class=""highlightcolor"">בחיפה</b> — את עכיעת רצונו ותקרתו להצלחה סופית של תכנית ...</div>"
215	hbkr19480126-01.1.1	26 January 1948	hbkr	Page 1	"<div class=""txtsearchsnippet"">... יריות מכלי נשק אוטומטיים &gt;ענר האוטובוס. ההרוג והפצועים הובאו <b class=""highlightcolor"">&gt;בית החולים הממשלתי</b> ביפו. לנית החולם' ביפו הובאו במשך בוקר ...</div>"
216	hzh19470514-01.1.4	14 May 1947	hzh	Page 4	"<div class=""txtsearchsnippet"">... בשנת 1933 על י ה ארצה תחילה הסתדר כעו""ד <b class=""highlightcolor"">בחיפה.</b> לפגי 9 שנים בערך נכנס לבאנק אפ י ""ק ...</div>"
217	hayomjlm19481121-01.1.1	21 November 1948	hayomjlm	Page 1	"<div class=""txtsearchsnippet"">... פגזים בני שלושה איבצ׳ים לעבר עמדותינו בגיזרת דיר־אבו־טור. אזעקה <b class=""highlightcolor"">בחיפה</b> בשבת, כעשר דקות לאחר הצהרים, הופעלו <b class=""highlightcolor"">בחיפה</b> צפירות האזעקה ...</div>"
218	dav19480107-01.1.1	7 January 1948	dav	Page 1	"<div class=""txtsearchsnippet"">נטחנה ה_&amp;_רבי <b class=""highlightcolor"">בחיפה</b></div>"
219	haretz19470122-01.1.5	22 January 1947	haretz	Page 5	"<div class=""txtsearchsnippet"">... 30‬ בערב יום ה' ‭30. 1‬ באולם . ארמון"" <b class=""highlightcolor"">בחיפה</b> חמת ככורח ויחידה ב־9 בערג הצגת יחיד \ 1 ...</div>"
220	haretz19440117-01.1.2	17 January 1944	haretz	Page 2	"<div class=""txtsearchsnippet"">התאווווו! בעלי הבתים <b class=""highlightcolor"">בחיפה</b> רח'־דזרצל ‭, 48‬ טל. ‭4882 ‬ הו דעה כל ...</div>"
221	dav19320714-01.1.3	14 July 1932	dav	Page 3	"<div class=""txtsearchsnippet"">... הסידורים השונים להרחבת השירות הרפו- ־•"" אי בביהחו הממשלתי <b class=""highlightcolor"">בחיפה,</b> שהחלו ע‭""_2‬י פקודה מגבוה כמה ־ ימים לפני היסגר ...</div>"
222	haretz19330623-01.1.1	23 June 1933	haretz	Page 1	"<div class=""txtsearchsnippet"">... משפטם של אחמד נלאיני וחליל מוחמר עיסם בעלי בית־המלאכה <b class=""highlightcolor"">בחיפה,</b> הנאשמים במתן סיוע לרתחי יעקובי ובנו בנהלל, יתברר בבית ...</div>"
223	haretz19380719-01.1.1	19 July 1938	haretz	Page 1	"<div class=""txtsearchsnippet"">... רובין אשה חולה באוטו 'י1לו מהרובע היהודי בצפת אל <b class=""highlightcolor"">בית החולים הממשלתי,</b> הנמצא בקצה הרובע ה;רבי. כשהנהג יצא מהצד ...</div>"
224	hbkr19470122-01.1.4	22 January 1947	hbkr	Page 4	"<div class=""txtsearchsnippet"">... לאוטימוב־ל־ם נע• מ רחוב הנסינה מרי, טלפון ‭4435 ‬ <b class=""highlightcolor"">בחיפה:</b> סוכנות תיפנית למנחות ר' נורואו‭30 ‬ המשרד לחיסול מחסנים ...</div>"
225	hbkr19390526-01.1.6	26 May 1939	hbkr	Page 6	"<div class=""txtsearchsnippet"">... של פקיד אנגלי בחברת הנפט העיראקיח אשד ברח' עבאס <b class=""highlightcolor"">בחיפה.</b> . בעל הדיחה נאבק עם הערבי שירה בו חמש ...</div>"
226	hmf19461114-01.1.4	14 November 1946	hmf	Page 4	"<div class=""txtsearchsnippet"">... רב וכוחות משטרה שהגיעו למקום הזעיקו את האמבולנס של <b class=""highlightcolor"">בית החולים הממשלתי</b> ובעזרת מספר שוטרים הועבר הערבי לביה""ח הממשלתי, ...</div>"
227	hzh19390313-01.1.1	13 March 1939	hzh	Page 1	"<div class=""txtsearchsnippet"">... השוטר הנוסף שרגא שמעון, ליד תחנת הרכבת ‭,, ‬כרמל"" <b class=""highlightcolor"">בחיפה.</b> המתנקש, ערבי אלמוני, נמלט. סופרנו <b class=""highlightcolor"">בחיפה</b> מודיע:</div>"
228	hzh19440821-01.1.4	21 August 1944	hzh	Page 4	"<div class=""txtsearchsnippet"">מועצת העדה היהודית הםפר דית <b class=""highlightcolor"">בחיפה</b> שולחת את מיטב ברכותיה להברה \ ו‭11 it""' 1J ...</div>"
229	hayomjlm19480304-01.1.4	4 March 1948	hayomjlm	Page 4	"<div class=""txtsearchsnippet"">פצצה קטלנית 11 דעת מות והרס <b class=""highlightcolor"">בחיפה</b></div>"
230	dav19371019-01.1.4	19 October 1937	dav	Page 4	"<div class=""txtsearchsnippet"">... הסכים הדרוש &gt;תתחלת העבוד ה־ _? בםידו-ר הספקת המים <b class=""highlightcolor"">בחיפה</b> עוסקת הממשלה זה שנים בלי כל תוצאות ממשיות. א-וחת ...</div>"
231	dav19470817-01.1.3	17 August 1947	dav	Page 3	"<div class=""txtsearchsnippet"">... ך- מן הבוקר הוזלו ולאחיות של בית ההוליפ הממשלתי <b class=""highlightcolor"">בחיפה</b> בשביתת רעב. הי הודיעו להנהלת ביח""ח, כי -יעדן זה ...</div>"
232	haretz19390115-01.1.3	15 January 1939	haretz	Page 3	"<div class=""txtsearchsnippet"">... בערב הוצת מחסן של חברת דיק וסאלטי ברחוב איםתיקלאל <b class=""highlightcolor"">בחיפה</b> על ירי אנשים מזוי-נ-ים שעצרו את השומרים. האש בערה ...</div>"
233	haretz19450716-01.1.2	16 July 1945	haretz	Page 2	"<div class=""txtsearchsnippet"">המטאטא <b class=""highlightcolor"">בחיפה</b> אולם , ארמון- יום המישי ‭19. 7. 45‬ בשעה ...</div>"
234	hbkr19351119-01.1.5	19 November 1935	hbkr	Page 5	"<div class=""txtsearchsnippet"">לחבר שני שלנו בשליחות מיוחדת בענ־ יני שכון בעלי־מלאכה <b class=""highlightcolor"">בחיפה</b> על אדמת הקר! חקיטת, פנש בבית חםובנות את הר""ר ...</div>"
235	hbkr19411103-01.1.3	3 November 1941	hbkr	Page 3	"<div class=""txtsearchsnippet"">... לסהונתו מ. ב. השופט העליון אלן רוז עזב את <b class=""highlightcolor"">בית החולים הממשלתי</b> . משחחלים מחולי של כמח ימים. בקשר ...</div>"
236	hegeh19460812-01.1.1	12 August 1946	hegeh	Page 1	"<div class=""txtsearchsnippet"">... ממשלתי ואחריו טכסי באו אתמדל ב־9 .45 אל שער <b class=""highlightcolor"">בית־ החולים הממשלתי</b> בשב׳ עג׳מי (בו שוכבים שלושה צעירים יהודים ...</div>"
237	hzh19430713-01.1.6	13 July 1943	hzh	Page 6	"<div class=""txtsearchsnippet"">, אל <b class=""highlightcolor"">בית החולים . הממשלתי</b> למחלות 'מדבקות הועבר :במוצאי שבת אדם. ...</div>"
238	khm19471230-01.1.4	30 December 1947	khm	Page 4	"<div class=""txtsearchsnippet"">... 600 —‬ לאיי‭., ‬מודעות !תלות וקבועות יפי הסכם. המערכת <b class=""highlightcolor"">בחיפה:</b> הרצל 59</div>"
239	mar19480816-01.1.2	16 August 1948	mar	Page 2	"<div class=""txtsearchsnippet"">... דון בי, הכפר לטרון, תחנת המש־ טרה, _מגזד השתקנים, <b class=""highlightcolor"">בית החולים הממשלתי.</b> אין צורך במשקפת. דד אים אותם במבט ...</div>"
240	hashaah19400923-01.1.1	23 September 1940	hashaah	Page 1	"<div class=""txtsearchsnippet"">... המתגייסים הערבים ""א־דיפאע"" מודיע, כי מספר המתגייסים .מבין הערבים <b class=""highlightcolor"">בחיפה</b> הניע ער יום אתמול ל־7 5 איש וטמחוז הגליל ...</div>"
241	haretz19370408-01.1.7	8 April 1937	haretz	Page 7	"<div class=""txtsearchsnippet"">... יפו, בית אמינוב. תיבת דואר: 273. טלפון: 463. הסניף <b class=""highlightcolor"">בחיפה:</b> מרנז מסחרי חדש, בית פלאפריק, ת. ד. 358, טלפון: ...</div>"
242	ahr19470330-01.1.3	30 March 1947	ahr	Page 3	"<div class=""txtsearchsnippet"">‭!^‬_דמיקה_! ‭_1&gt;‬ה השומריהצעיר זכה כגביע השבת החקיימו <b class=""highlightcolor"">בחיפה</b> תחרויות אתלטיקה קלה לתגועוח הנוער של א''י העובדת <b class=""highlightcolor"">בחיפה</b> ...</div>"
243	dav19380329-01.1.7	29 March 1938	dav	Page 7	"<div class=""txtsearchsnippet"">... הבכיות עלי ער לב השמים. ד""ר ט. שטרנברנ, מנהל <b class=""highlightcolor"">בית החולים הממשלתי,</b> בדק את חנויות ־מצא, כי צבי סגל ...</div>"
244	dav19381226-01.1.1	26 December 1938	dav	Page 1	"<div class=""txtsearchsnippet"">שוב ופצועים <b class=""highlightcolor"">בחיפה</b></div>"
245	hmf19460814-01.1.4	14 August 1946	hmf	Page 4	"<div class=""txtsearchsnippet"">הוחזרה המכונית . המכונית בה השתמשו להתקפה על <b class=""highlightcolor"">בית החולים הממשלתי</b> ביפו, ושהוחזקה ע""י המשטרה, הוחזרה אתמול לבעליה. ...</div>"
246	hzh19460705-01.1.1	5 July 1946	hzh	Page 1	"<div class=""txtsearchsnippet"">... הודיעו שלושה מעולי ""בי־ ־ייה"" למשלחת הרפואית שביקרה אצלם <b class=""highlightcolor"">:בית החולים הממשלתי</b> <b class=""highlightcolor"">בחיפה.</b> בדיקה יסודית הוכיחה כי אין זד, ...</div>"
247	hzh19451111-01.1.4	11 November 1945	hzh	Page 4	"<div class=""txtsearchsnippet"">... שורות רוטשילד ‭. 20‬ בירושלים, רח' יפו, בנין _פרץ־חסידוף <b class=""highlightcolor"">בחיפה,</b> רחוב המלכים ‭, 81‬ ע""י ‭,, ‬אגד‭. ""‬ כל ...</div>"
248	hzh19380614-01.1.4	14 June 1938	hzh	Page 4	"<div class=""txtsearchsnippet"">... _הםרגינט נפתלי גריבוב, את הקונצרטים השנתיים שלה בגן של <b class=""highlightcolor"">בית־ החולים הממשלתי</b> בכל יום חמישי בשעות ‭5. 30—4‬ אהת ...</div>"
249	dav19470219-01.1.6	19 February 1947	dav	Page 6	"<div class=""txtsearchsnippet"">חבריו ללגודה במחלקה הטכנית ש‭. 7‬הסוכנות היהווית <b class=""highlightcolor"">בחיפה</b></div>"
250	dav19460813-01.1.3	13 August 1946	dav	Page 3	"<div class=""txtsearchsnippet"">למפעל תעשייתי גדול <b class=""highlightcolor"">בחיפה</b></div>"
251	haretz19461206-01.1.8	6 December 1946	haretz	Page 8	"<div class=""txtsearchsnippet"">... לפי ידיעות שקיבלה אתמול בצהרים לשכת־העליה של הסוכנות היהודית <b class=""highlightcolor"">בחיפה</b> מאה שלטונות הפיקוח על ההובלה הימי־־ "" שהאניות אשר ...</div>"
252	haretz19410613-01.1.8	13 June 1941	haretz	Page 8	"<div class=""txtsearchsnippet""><b class=""highlightcolor"">בחיפה</b> הובאו ביום ד' לקבורה שני מעפילים, שמתו במתנת בעתלית. ...</div>"
253	hbkr19451217-01.1.4	17 December 1945	hbkr	Page 4	"<div class=""txtsearchsnippet"">... לקאהיר הגיע המיטראן גריגר־וס - חכ-ב. ראשח העדה הקתיליח <b class=""highlightcolor"">בחיפה.</b> *אחו שביקר ביומא ונפגש עם האפיסיור, *המוטראן 'שהד שביע ...</div>"
254	hzh19470501-01.1.4	1 May 1947	hzh	Page 4	"<div class=""txtsearchsnippet"">... לבית _חחולימ הנ""ל‭.. ‬ . ‭? ""‬ האחד במאי <b class=""highlightcolor"">בחיפה</b> • לוחות :הפרםוס, קירות' וגדרות כוסו שוב בחומר י ...</div>"
255	hzh19471207-01.1.1	7 December 1947	hzh	Page 1	"<div class=""txtsearchsnippet"">מ. ווייסבורד הי""ד נרצח <b class=""highlightcolor"">בחיפה</b> ביום שישי בבוקר נרצח <b class=""highlightcolor"">בחיפה</b> משה ווייפ־ בורד בן ...</div>"
256	hzh19471219-01.1.1	19 December 1947	hzh	Page 1	"<div class=""txtsearchsnippet"">... ורק ‭, '‬ ־פצוע עלי שאקר ‭15 p‬ הועבר <b class=""highlightcolor"">/בית החולים הממשלתי</b> והנוטר הערבי שהעבירו לשם הודיע כי הוא ...</div>"
257	dav19370910-01.1.9	10 September 1937	dav	Page 9	"<div class=""txtsearchsnippet"">... בזכרו;יעקב, נעז, שייך אבריק, ת? חי, מגדל ופלוגת הים <b class=""highlightcolor"">בחיפה,</b> נקודות אחיזה חשובות לבל התנועה. בערים ובמושבות נמשכת הפעולה ...</div>"
258	haretz19470119-01.1.3	19 January 1947	haretz	Page 3	"<div class=""txtsearchsnippet"">... מחלד, קשה אפריפ קרסדצקי, בן ‭, 56‬ מותיקי הישוב <b class=""highlightcolor"">בחיפה</b> וממייסדי בת־גלים. היה מנהל "" המשבית במשך שנים רבות. ...</div>"
259	haretz19480205-01.1.3	5 February 1948	haretz	Page 3	"<div class=""txtsearchsnippet"">תיאטרון קמרי <b class=""highlightcolor"">בחיפה</b> היום, ‭5. 2‬ באולם ארמון שתי הצגות הראשונה בשעה ...</div>"
260	haretz19480402-01.1.3	2 April 1948	haretz	Page 3	"<div class=""txtsearchsnippet""><b class=""highlightcolor"">בחיפה</b></div>"
261	haretz19450710-01.1.2	10 July 1945	haretz	Page 2	"<div class=""txtsearchsnippet"">... באותה שנה נסלל ־גם כביש ממקום בית החרושת *שנ^ף <b class=""highlightcolor"">בחיפה</b> — לשמ־! התעופה של חיפה, כביש העובר את הקי־ ...</div>"
262	haretz19470326-01.1.5	26 March 1947	haretz	Page 5	"<div class=""txtsearchsnippet"">... בכ־רה מאובות יום ה', ‭27. 3‬ ב־9 בארמון בכירה <b class=""highlightcolor"">בחיפה</b> מוצ""ש ‭29-5‬ ב־‭6. 45‬ וב־^‭9. 3‬ בבית העם תל ...</div>"
263	haretz19361009-01.1.14	9 October 1936	haretz	Page 14	"<div class=""txtsearchsnippet"">חילופים בהנהלת ביה״ת למחלות מדבקות מנהל <b class=""highlightcolor"">בית החולים הממשלתי</b> למחלות מדבקות בבני ברק, הד״ר רייטלר, הועבר ...</div>"
264	dav19360708-01.1.8	8 July 1936	dav	Page 8	"<div class=""txtsearchsnippet"">... פרדס. מתנהלת חקירה. ‭??‬ מחוז ך, צפ‭:1!‬ בבית המכס <b class=""highlightcolor"">בחיפה</b> נאסרו שנים _בעובדי תאניה "" פולוניד‭"", ‬ שהיה ברשות ...</div>"
265	dav19370609-01.1.1	9 June 1937	dav	Page 1	"<div class=""txtsearchsnippet"">... מיוזמי א. _בן פ'ידאלי נפצע בחזהו יתובא אל ־ <b class=""highlightcolor"">בית החולים"" הממשלתי.</b> נעשה ל? _^ ניתוח. מצבו ־קשה.</div>"
266	dav19370905-01.1.41	5 September 1937	dav	Page 41	"<div class=""txtsearchsnippet"">... העליון. שביתה ?העתונות הערבית מודיעה, שהערים הערבים העוברים בבנין <b class=""highlightcolor"">בית החולים הממשלתי</b> <b class=""highlightcolor"">בחיפה</b> הבריזו שביתה. משלחת מהשובתים ביקרה אצל ...</div>"
267	dav19470214-01.1.10	14 February 1947	dav	Page 10	"<div class=""txtsearchsnippet"">... (ב‭1*'‬עות ‭12-9‬ לפנה""צ‭= . (‬ החדש בשעו‭5 ^^^‬ ־ <b class=""highlightcolor"">בחיפה.</b> ־ משרד עמק זבולוז. המרכז. המסחרי (תגל ‭_^ ] ...</div>"
268	haretz19460213-01.1.4	13 February 1946	haretz	Page 4	"<div class=""txtsearchsnippet"">... ה' א. לבדר, ביקור של היכרות במשרדי ועי הקהלה <b class=""highlightcolor"">בחיפה.</b> לסופת העתונים בנתגיה היתה אתמול פגישת היכרות עם סגן ...</div>"
269	hbkr19380225-01.1.6	25 February 1938	hbkr	Page 6	"<div class=""txtsearchsnippet"">... האלה הם מוסדות חשובים מאד. אני מציין בשמהה כי <b class=""highlightcolor"">בית החולים הממשלתי</b> החדש יפתח בעוד זמן קצר ומק ת ...</div>"
270	hashaah19390704-01.1.1	4 July 1939	hashaah	Page 1	"<div class=""txtsearchsnippet"">... בקרבת המקום הניע מיד, ולקח שנים מן הפצועים אל <b class=""highlightcolor"">בית החולים הממשלתי.</b> כעבור זמן מה באו למקום שוטרים ופתחו ...</div>"
271	haretz19361006-01.1.1	6 October 1936	haretz	Page 1	"<div class=""txtsearchsnippet"">... נ וגג תיבת דואר: 273 טלפון: ־4 63 הסניף <b class=""highlightcolor"">בחיפה:</b> מרכז מסחרי חדש, בית פלאפריק, ת. ד. 398, טלפון: ...</div>"
272	haretz19361018-01.1.4	18 October 1936	haretz	Page 4	"<div class=""txtsearchsnippet"">... למלאכה וביה״ס התיכוני למסר חר, יכולים לשוות לחנוך התיכוני <b class=""highlightcolor"">בחיפה</b> גוון מעשי ותכליתי, כי רצון ההורים ללמד את בניהם ...</div>"
273	dav19380221-01.1.4	21 February 1938	dav	Page 4	"<div class=""txtsearchsnippet"">... משען‭. ""‬הוא גם הודיע כי בפדיון העבודה ב' השתתפו <b class=""highlightcolor"">בחיפה</b> עד עכשיו 5494 הנדים והנרות שהתחייבו בסכום של ‭11. ...</div>"
274	dav19380627-01.1.1	27 June 1938	dav	Page 1	"<div class=""txtsearchsnippet"">... בשעה מאותרת ירו שני אנשים מזוינים והרגו -ערבי בשטח <b class=""highlightcolor"">בית החולים הממשלתי</b> <b class=""highlightcolor"">בחיפה.</b> — הבוקר בשעות המקודמות ;דקר יהודי ...</div>"
275	haretz19460324-01.1.4	24 March 1946	haretz	Page 4	"<div class=""txtsearchsnippet"">... מר אליהו דובקין הגיע לפראג (ססי'א). ראש האגודה המושלמית <b class=""highlightcolor"">בחיפה</b> ראשיד חגי איברהים נתפנה למנהל סניף בנק האומה הערבית ...</div>"
276	haretz19460426-01.1.7	26 April 1946	haretz	Page 7	"<div class=""txtsearchsnippet"">... בזדפה ב. ארסון* ב־9 מכירת הכרסיסיס רק לחברי ה""חונ* <b class=""highlightcolor"">בחיפה</b> עד יום ‭26. 4. 1946‬ במשרד גיפבודמ התחלת המגות ...</div>"
277	haretz19460813-01.1.4	13 August 1946	haretz	Page 4	"<div class=""txtsearchsnippet"">למפעל חעשיתי גדוד <b class=""highlightcolor"">בחיפה</b> דרושיפ: 1) מנהל עבודה ראשי בעל ידיעה מעשית במכונות ...</div>"
278	haretz19480206-01.1.8	6 February 1948	haretz	Page 8	"<div class=""txtsearchsnippet"">... חיילים נמצאו על הרצפה. חילופי יריות בין ערבים ומשטרה <b class=""highlightcolor"">בחיפה</b> ב־‭. 15‬ד אור ליום ה' נורו יריות על משמר ...</div>"
279	hbkr19400101-01.1.6	1 January 1940	hbkr	Page 6	"<div class=""txtsearchsnippet"">... בית התולים העירוני בתל־אביב בלבד תופס ‭. 290, 5‬ <b class=""highlightcolor"">בית החולים הממשלתי</b> בהיסה — ‭. 133. 5‬ ביה""ה בירושלים ...</div>"
280	hbkr19460726-01.1.8	26 July 1946	hbkr	Page 8	"<div class=""txtsearchsnippet"">... בשב הילחז, שהופיעה בשנה שעבדה בקפה . פיק־ דילי"" <b class=""highlightcolor"">בחיפה</b> כזמרת ג־אז. אשה זו נישאה לערבי, פקיד ממשלתי גבוה, ...</div>"
281	hbkr19440125-01.1.4	25 January 1944	hbkr	Page 4	"<div class=""txtsearchsnippet"">... כפף על מנת לעשות עובה. ושופפ בית הדין המחוזי <b class=""highlightcolor"">בחיפה</b> מד דוס ח אותו לחצי שנח מאפר. קייאת פסק ...</div>"
282	hbkr19420730-01.1.4	30 July 1942	hbkr	Page 4	"<div class=""txtsearchsnippet"">... ‭88‬ ובמשך 8 החדשיפ האחרונים שכב במחלקה הבריטית של <b class=""highlightcolor"">בית החולים הממשלתי</b> בירושלים וליד מיטתו ישבה יומם ולילה רעיתי• ...</div>"
283	hzh19391123-01.1.4	23 November 1939	hzh	Page 4	"<div class=""txtsearchsnippet"">... הוא עלה ארצה לפגי 7 שנים מגרמניה והיה ידוע <b class=""highlightcolor"">בחיפה</b> כאדם נכבד ומקובל על מכריו. שימש־ כגבאי בבית־ כנסת ...</div>"
284	hzh19480509-01.1.4	9 May 1948	hzh	Page 4	"<div class=""txtsearchsnippet"">... לאחר פניית משטרת תל אביב, הוסבר מיפו כי גם <b class=""highlightcolor"">בית החולים הממשלתי</b> סגור ואין מי שיטפל בקבורת המתים. הערבים ...</div>"
285	hador19481227-01.1.4	27 December 1948	hador	Page 4	"<div class=""txtsearchsnippet"">... קבועים ו°ס2 ל»י לעובדים יומײם. באספה הכללית של עובדי <b class=""highlightcolor"">בית החולים |הממשלתי</b> הוחלט לבקש ממועצת פועלי 1 חיפה להכריז ...</div>"
286	dav19470813-01.1.5	13 August 1947	dav	Page 5	"<div class=""txtsearchsnippet"">... יצא גם הוא מכלל סכנה וממשיך בריפוי בבית""החולימ הממשלתי <b class=""highlightcolor"">בחיפה.</b> טהנת־הקמח ""העמק"" אשר שגין פועליה פרצה המחלה, היתד. מגורה ...</div>"
287	dav19461119-01.1.4	19 November 1946	dav	Page 4	"<div class=""txtsearchsnippet"">... החברות משקיעות מרץ רב כפעולה, שקנתה לח שם טוב <b class=""highlightcolor"">בחיפה.</b> גם אגשי החקלאות העובדת במחוז הצפון מושיטים עזרה רבה ...</div>"
288	dav19460220-01.1.3	20 February 1946	dav	Page 3	"<div class=""txtsearchsnippet"">... ‬ ־‭?^^‬ אופרה _ארצישראלית עממית חו3 ידידי _האו_9ר‭""?5‬איי _חעממידנ <b class=""highlightcolor"">בחיפה</b> י ־ ‭-. ‬ י ־ י ‭' _. ...</div>"
289	dav19410915-01.1.4	15 September 1941	dav	Page 4	"<div class=""txtsearchsnippet"">... חבר בצרוף שלש תמונות ו־26 פילים מתקבלות בלשבת הטם <b class=""highlightcolor"">בחיפה,</b> קרית חיים, _בפ־־עטה, נחריה.</div>"
290	haretz19460718-01.1.3	18 July 1946	haretz	Page 3	"<div class=""txtsearchsnippet"">... קרפן פדיטופ ; קאתג'י באראק* בת ‭, 45‬ מעובדות <b class=""highlightcolor"">בית ' החולים? הממשלתי</b> בשכפ, גכוותה קשה באש ־פת‭0ו8‬ שהתלקח ...</div>"
291	hmf19480112-01.1.4	12 January 1948	hmf	Page 4	"<div class=""txtsearchsnippet"">ערבים שדדו מפות _במח המדידות <b class=""highlightcolor"">בחיפה</b></div>"
292	dav19360705-01.1.7	5 July 1936	dav	Page 7	"<div class=""txtsearchsnippet"">... להכניסו למכונית ‭,, ‬ם. ד. א‭, "". ‬קפץ ממכונית <b class=""highlightcolor"">בית החולים הממשלתי</b> קצי!משטרה ערבי וציו־ להכניסו למכונית הממשלתית, גפ ...</div>"
293	dav19470330-01.1.4	30 March 1947	dav	Page 4	"<div class=""txtsearchsnippet"">... י ו י _"" כ ת ההסתדרות ‭??‬_י‭*?^?8‬_וז?ו‭_@ ^*^‬ <b class=""highlightcolor"">בחיפה</b> ‭//£‬ _©_ט'ו_? _- נענץ"" בקווים - קולקטיב -ל‭,, ‬ ...</div>"
294	haretz19451217-01.1.4	17 December 1945	haretz	Page 4	"<div class=""txtsearchsnippet"">באספה הכללית של ארגון העסקנים הצ־ יונים הותיקים <b class=""highlightcolor"">בחיפה,</b> בהשתפות רוב חברי הארגון, נבחר ועד חדש בן ‭10‬ ...</div>"
295	hmf19411106-01.1.3	6 November 1941	hmf	Page 3	"<div class=""txtsearchsnippet"">... שהמהמנים נתכבדו בכוס תה, התכבסל באללם למנהל המכלן הבריטי <b class=""highlightcolor"">בחיפה</b> מר _אמרטזן, שביר מתו אורגבה החרצאה פתח את המ־ ...</div>"
296	hbkr19381223-01.1.7	23 December 1938	hbkr	Page 7	"<div class=""txtsearchsnippet"">! טכס הנוכת <b class=""highlightcolor"">בית החולים הממשלתי</b> <b class=""highlightcolor"">בחיפה</b> ו</div>"
297	hzh19450330-01.1.6	30 March 1945	hzh	Page 6	"<div class=""txtsearchsnippet"">בית הספר הריאלי העבר <b class=""highlightcolor"">בחיפה</b> ?הרשמת תלמידים חדשים• לשנת הלמודים תש""ו</div>"
298	itonamami19480114-01.1.1	14 January 1948	itonamami	Page 1	"<div class=""txtsearchsnippet"">... ערכית על בית חולים שלשום התקיפו ערבים ביריות את <b class=""highlightcolor"">בית החולים הממשלתי</b> לחולי רוח בחולון .ה--התקפה ארכה זמן ממושך.</div>"
299	hayomjlm19480226-01.1.4	26 February 1948	hayomjlm	Page 4	"<div class=""txtsearchsnippet"">... יד הקברות המושלימי. הגוויה הובאה על ידי המשטרה אל <b class=""highlightcolor"">בית החולים הממשלתי.</b> •אתמול בשער, 5 אחה״צ נורה ונהרג ע״י ...</div>"
300	hashaah19400304-01.1.3	4 March 1940	hashaah	Page 3	"<div class=""txtsearchsnippet"">... בתוצאה מזה נמנעו הסוחרים בתבואות מלשלוח חטה לסועודייה. — <b class=""highlightcolor"">בית החולים הממשלתי</b> הועבר מרבת עמון לבנין מתאים בכביש רבת ...</div>"
301	hzh19480831-01.1.3	31 August 1948	hzh	Page 3	"<div class=""txtsearchsnippet"">... בצרוף כל האותיות? ‭. 2‬חלוקת כרטיסי הדלק במשרד המחוזי <b class=""highlightcolor"">בחיפה</b> מכוניות משא, טנדרים ומוניות (רהוב הרצל ‭(61 ‬</div>"
302	ahr19470330-01.1.4	30 March 1947	ahr	Page 4	"<div class=""txtsearchsnippet"">צנור הנפט נחבל <b class=""highlightcolor"">בחיפה</b> ע""י טרוריסטים בלבוש ערבי</div>"
303	dav19370930-01.1.6	30 September 1937	dav	Page 6	"<div class=""txtsearchsnippet"">... ה "" טג'ילה"" בתרגומו. עוה""ד קליבנוב (מטעם אגודת עוה""ד <b class=""highlightcolor"">בחיפה‭,</b> (‬הציע בבינת, ־ ש""שו&amp;ט פרומ־ קין יתן יר ליצירת ...</div>"
304	dav19380908-01.1.1	8 September 1938	dav	Page 1	"<div class=""txtsearchsnippet"">ארונו של מ. _אלייניקוב <b class=""highlightcolor"">בחיפה</b></div>"
305	hbkr19460703-01.1.1	3 July 1946	hbkr	Page 1	"<div class=""txtsearchsnippet"">... ליד הדרה• ער־ד בר־דב־האי, סגן יו-ר ועד ה קהלה <b class=""highlightcolor"">בחיפה.</b> היצא . ""? מן מן השיי הש רהרה ו ...</div>"
306	hbkr19471130-01.1.3	30 November 1947	hbkr	Page 3	"<div class=""txtsearchsnippet"">... בדביל . הביקד"" ע*י האחים ליקורמן מתל־אביב. בהתקבל הידיעה <b class=""highlightcolor"">בחיפה</b> זמ1 קצר אחר חזיות פתחו אנדים בבתי־קפה ' ב־תקוה־ ...</div>"
307	hbkr19440126-01.1.4	26 January 1944	hbkr	Page 4	"<div class=""txtsearchsnippet"">... כי יסופר, אך עובדא היא. שבבית , הדין המחוזי, <b class=""highlightcolor"">בחיפה</b> נסתיימה ביום ו' פרשת ""מרססת סגורה"" שנמשכה ארבע שנ־ם ...</div>"
308	hzh19420216-01.1.2	16 February 1942	hzh	Page 2	"<div class=""txtsearchsnippet"">ומידת ואשי העירות. <b class=""highlightcolor"">בחיפה‭..</b> ‬־</div>"
309	hzh19480607-01.1.4	7 June 1948	hzh	Page 4	"<div class=""txtsearchsnippet"">... תמונה הפוכה לחלוטין מן האזור היהודי, יקבל המבקר באיזוד <b class=""highlightcolor"">בית החולים הממשלתי.</b></div>"
310	ahr19470421-01.1.3	21 April 1947	ahr	Page 3	"<div class=""txtsearchsnippet"">... סרג'נט־הבר לשת יחיא יאםין ביריות ב־1 באפריל ברחוב _םסאנטון <b class=""highlightcolor"">בחיפה.</b> אז נפצע הסו־ ג'אנט ושני _עוברי־די־ר עוביכ, שאחד מהם ...</div>"
311	dav19371130-01.1.1	30 November 1937	dav	Page 1	"<div class=""txtsearchsnippet"">האדום"" לבית החוטם הממשלתי <b class=""highlightcolor"">בחיפה,</b> בלוית משטר שוטרים בריטיים, עם מכונת יריה. - ל_8תר ...</div>"
312	dav19380812-01.1.9	12 August 1938	dav	Page 9	"<div class=""txtsearchsnippet"">יהודי נפצע קשה <b class=""highlightcolor"">בחיפה</b></div>"
313	dav19381007-01.1.4	7 October 1938	dav	Page 4	"<div class=""txtsearchsnippet"">... "" הה‭;?‬ץ _""י ב־תהחולע!_הה־ע נ_!תה בלי טקפ רשמי כפתח <b class=""highlightcolor"">בית החולים הממשלתי</b> תחדש בבת גלים- לפני ימה ימים נפתחה ...</div>"
314	dav19380808-01.1.3	8 August 1938	dav	Page 3	"<div class=""txtsearchsnippet"">... והוכיח זאת ל&amp;י תעודת 5ז0_ע, מטעם הקטי-גורית העיד פקיר <b class=""highlightcolor"">בית ?החולים הממשלתי</b> והרופא ד""ר _תומפ־ _םון, | שנא לפי ...</div>"
315	dav19390620-01.1.5	20 June 1939	dav	Page 5	"<div class=""txtsearchsnippet"">נפגעו עשרות ערבים עוצר <b class=""highlightcolor"">בחיפה</b> ובהןר־דגרםל</div>"
316	dav19471217-01.1.4	17 December 1947	dav	Page 4	"<div class=""txtsearchsnippet"">... _א־ד מראשי הכנופיות _בשכק, שפעל בשב _י וע שעבר <b class=""highlightcolor"">בחיפה</b> ובהתנגשות עם המגינים היהודים במזרח העיר — נהרג. בלויתו ...</div>"
317	haretz19461220-01.1.8	20 December 1946	haretz	Page 8	"<div class=""txtsearchsnippet"">... משמרתו ליד גדר המחה. גוויתו הועברה לחדר המתים של <b class=""highlightcolor"">בית־ החולים הממשלתי</b> ברמלה, ותועבר הבוקר ו לתל אביב. הלויתו ...</div>"
318	haretz19461126-01.1.4	26 November 1946	haretz	Page 4	"<div class=""txtsearchsnippet"">... טלגרפית לסוכנות היהודית, כי ניתנו הור־ אות למשרד החברה <b class=""highlightcolor"">בחיפה</b> לספק אוכל כשר לנוסעים דתיים באניה . פרובידאנס"" המפליגה ...</div>"
319	haretz19380329-01.1.5	29 March 1938	haretz	Page 5	"<div class=""txtsearchsnippet"">... בית אטינוב. ת. ד. ‭973‬ ז!ל0ון: ‭. 463‬ הםניוי <b class=""highlightcolor"">בחיפה:</b> מרכז מטחר' חדש. בית פלאפדיק, ת. ד. ‭. 398‬ ...</div>"
320	haretz19450718-01.1.4	18 July 1945	haretz	Page 4	"<div class=""txtsearchsnippet"">... *מגבית ההתגיי־ מות וההצלה"". ד""ר ח. פלקנשטין, סופר ""הארץ"" <b class=""highlightcolor"">בחיפה,</b> יצא לחופשה. הציירת אפתד לוריא הגיעה מאיטליה לאיי הציירת ...</div>"
321	hmf19460916-01.1.4	16 September 1946	hmf	Page 4	"<div class=""txtsearchsnippet"">23 רשמית: השתים בהשתייכות לאצ""ל נאסרו <b class=""highlightcolor"">בחיפה</b> ממקור רשמי מודיעים: כתוצאה משני זיפושים שנערכו <b class=""highlightcolor"">בחיפה</b> שלשום, ...</div>"
322	hzh19470720-01.1.1	20 July 1947	hzh	Page 1	"<div class=""txtsearchsnippet"">... 30 ונער בן י 18 נפצעו פצעי מרת. סרגדנו <b class=""highlightcolor"">בחיפה</b> מודיע: ?לתונצים 'וצלמים שנהרו לחיפה ממקומות שר־ ניב <b class=""highlightcolor"">בחיפה,</b> ...</div>"
323	hzh19450417-01.1.4	17 April 1945	hzh	Page 4	"<div class=""txtsearchsnippet"">... החדש לפיקוח , על מבוגרים — לעמוד תחת _סיקוח <b class=""highlightcolor"">בית החולים הממשלתי</b> לחולי רות במשך שנתיים ועליו להופיע לבדיקה ...</div>"
324	haretz19361016-01.1.8	16 October 1936	haretz	Page 8	"<div class=""txtsearchsnippet"">... מביעים את דגשי תודתנו הלבבית לד״ר א. מלחי רופא <b class=""highlightcolor"">בית החולים הממשלתי</b> <b class=""highlightcolor"">בחיפה</b> על הטפול המסור במחלת בתנו ואחו־ ...</div>"
325	dav19350421-01.1.6	21 April 1935	dav	Page 6	"<div class=""txtsearchsnippet"">... אוטובוס _$בו דרך יפו, בית החולים . הצרפתי, נמל, <b class=""highlightcolor"">בית החולים הממשלתי</b> ביפו, |י, י ‭""""- -‬ בית ההסגר ...</div>"
326	dav19320812-01.1.1	12 August 1932	dav	Page 1	"<div class=""txtsearchsnippet"">‭_^ , ‬ אתמול נגמרה <b class=""highlightcolor"">בחיפה</b> חקירת החי נסים חובש, השומר טכפר ברוך. נשמעה עדותם ...</div>"
327	dhy19320606-01.1.4	6 June 1932	dhy	Page 4	"<div class=""txtsearchsnippet"">... הספר, סירסבהאיד, סגנו של פיק פשה, גברת רוגן, מנהלת <b class=""highlightcolor"">בית החולים הממשלתי</b> בירושלים, גבי' טשאנל מנהלת ובית חולות הרוח ...</div>"
328	haretz19360514-01.1.9	14 May 1936	haretz	Page 9	"<div class=""txtsearchsnippet"">... "" אלה מעיד, שהמשטרה לא התערבה, כמו שלא התערבה <b class=""highlightcolor"">בחיפה.</b> לפני בואם של חברי המשלחת לעכו נער־ כה הפגנה. ...</div>"
329	haretz19381108-01.1.1	8 November 1938	haretz	Page 1	"<div class=""txtsearchsnippet"">יום ב' לפנת""צ. נהדפו כתי יורים <b class=""highlightcolor"">בחיפה</b> הצבא הרס אתמול ברחוב נצרת בחישה טםפר בתים, שמהם ...</div>"
330	haretz19391116-01.1.1	16 November 1939	haretz	Page 1	"<div class=""txtsearchsnippet"">""להקתהעץ""־ תיאטרון בובות חיות הערב <b class=""highlightcolor"">בחיפה</b> הצגת בכודה ארצית ""כמונו כמוכם' אולם קובלסקי, רח' הרצל ...</div>"
331	haretz19450906-01.1.4	6 September 1945	haretz	Page 4	"<div class=""txtsearchsnippet"">... 'אירופה. ביום ד' אחה""צ נערכה מטעם לשכת המודיעין הממשלתית <b class=""highlightcolor"">בחיפה</b> בבית קפה על הר הכרמל . פגישה חברתית בין ...</div>"
332	hmf19420608-01.1.4	8 June 1942	hmf	Page 4	"<div class=""txtsearchsnippet"">המיפקד <b class=""highlightcolor"">בחיפה</b> כדי לארגן את המיפקד ללתאם את הפעולה יצא לחיפה ...</div>"
333	hzh19381030-01.1.1	30 October 1938	hzh	Page 1	"<div class=""txtsearchsnippet"">... סל‭*;‬וז. _שריפח בבין!_וחזולמז ; בבית־צפפהי אמש פרצה שריפה ;בבנין <b class=""highlightcolor"">בית־ החולים הממשלתי</b> , שטרם נגמר, בבית בבית צפפה ליד ...</div>"
334	hzh19380511-01.1.4	11 May 1938	hzh	Page 4	"<div class=""txtsearchsnippet"">... הוחלט על ביטוח פועלי העיריה וסלילת כביש שיוביל אל <b class=""highlightcolor"">בית החולים הממשלתי</b> החדש בקרבת בת גלים‭_}. ‬זכביש הזה יעלה ...</div>"
335	dav19480114-01.1.1	14 January 1948	dav	Page 1	"<div class=""txtsearchsnippet"">... יפה יאיי עמיחי מת""א 2תו מפצעיהם שאול עזרא נהרג <b class=""highlightcolor"">בחיפה</b> הה- חנוך (שם המשפחה אינו ידוע) טקג' רבדים נהרג ...</div>"
336	dav19480309-01.1.6	9 March 1948	dav	Page 6	"<div class=""txtsearchsnippet"">... האחות הותיקה חיה פורמן . גתמנתה *חית אהיאית -של <b class=""highlightcolor"">בית החולים הממשלתי</b> למושבות‭-. ‬כידוע‭-'‬ שימשה בתפקיד זה, 0_אז פתיחת ...</div>"
337	dav19440504-01.1.4	4 May 1944	dav	Page 4	"<div class=""txtsearchsnippet"">... -לבודדם מהישוב. רכלבסקי , איש נהלל, העוסק בפעולת המגבית <b class=""highlightcolor"">בחיפה'</b> התלונן על אשר הנהיגו שיטה של הסי כמיב וויתורים ...</div>"
338	dav19450429-01.1.6	29 April 1945	dav	Page 6	"<div class=""txtsearchsnippet"">... על רופאיהם. במכונית הצלב האדום הועברו 11 פצועים אל <b class=""highlightcolor"">בית־ החולים הממשלתי</b> למושבו. נ בתל־אביב. שתים מן הפצועים: ד""ר ...</div>"
339	hbkr19480114-01.1.1	14 January 1948	hbkr	Page 1	"<div class=""txtsearchsnippet"">... ערכית על כית חולים אמש התקיפו ערבים ביריות את <b class=""highlightcolor"">בית־ החולים הממשלתי</b> לחולי רוח בחולון. ההתקפה ארנה זמן ממישר. ...</div>"
340	hzh19470210-01.1.3	10 February 1947	hzh	Page 3	"<div class=""txtsearchsnippet"">... . מול נוטר דאב! ברחוב _ג סוילימן, ב) מול <b class=""highlightcolor"">בית החולים הממשלתי,</b> רחוב יפו. ג) מול מפקדת המשטרה, רחוב ...</div>"
341	haretz19331122-01.1.6	22 November 1933	haretz	Page 6	"<div class=""txtsearchsnippet"">... נפלה מתעלפת. W' הקרובה, דודתה שנפגשה אתה לפני יומים <b class=""highlightcolor"">בחיפה,</b> לא יכלה בשים אום! להכירה. ■השכיבה אותה על הספה ...</div>"
342	ahr19470723-01.1.4	23 July 1947	ahr	Page 4	"<div class=""txtsearchsnippet"">... בהיפה שם הילד, שנהרג בהתפוצצות המוקש החשמלי ברח' החלוץ <b class=""highlightcolor"">בחיפה</b> במוצאי י ום ב‭, '‬הוא בן־ציון כ ה ן, ...</div>"
343	dav19430601-01.1.4	1 June 1943	dav	Page 4	"<div class=""txtsearchsnippet"">... בקרו בתערוכת ‭""—‬ הבנץ "" באולמי""ומגרשי התכניון "" העברי <b class=""highlightcolor"">בחיפה</b> "" התערוכה פתוחה כל יום בשעות ‭110‬ לפנהצ‭7-3. ‬ ...</div>"
344	haretz19450819-01.1.4	19 August 1945	haretz	Page 4	"<div class=""txtsearchsnippet"">הפועלים הערבים <b class=""highlightcolor"">בחיפה</b> החלימה לבסל את סניפיה בירושלים, ביפו ובעזה (סניפים . ...</div>"
345	hzh19461003-01.1.3	3 October 1946	hzh	Page 3	"<div class=""txtsearchsnippet"">... צפיה ותקווה, של ‭. . ]‬ זכרונות. לשופרות, נערך <b class=""highlightcolor"">בחיפה</b> טקס הדלקת י ""נר נפומה"" תמידי, לזכר 'קדושי הגולה, ...</div>"
346	dav19410113-01.1.4	13 January 1941	dav	Page 4	"<div class=""txtsearchsnippet"">צעד חשוב לאיחוד שירותי התחבורה <b class=""highlightcolor"">בחיפה</b></div>"
347	dav19470801-01.1.9	1 August 1947	dav	Page 9	"<div class=""txtsearchsnippet"">... הקליטים. בקרית עמל. יום עיון של _9עילי מניף מפאי'י <b class=""highlightcolor"">בחיפה</b> עם ה. פרומקין וז. איסרזון. תערוכת ש. נראני בבית ...</div>"
348	dav19450225-01.1.4	25 February 1945	dav	Page 4	"<div class=""txtsearchsnippet"">... לפנות את הבית. לאחר שהעו:ין הובא לפני שופט השלום <b class=""highlightcolor"">בחיפה,</b> עבר ער‭"". ‬ אל נשיא בית הדין המחוזי, מ. ...</div>"
349	haretz19440913-01.1.2	13 September 1944	haretz	Page 2	"<div class=""txtsearchsnippet""><b class=""highlightcolor"">בחיפה</b></div>"
350	dav19361015-01.1.1	15 October 1936	dav	Page 1	"<div class=""txtsearchsnippet"">... מהם פצועים קשה. כין הפצועים יהודי אחד, שנפצע במצחו. <b class=""highlightcolor"">בית החולים הממשלתי.</b> מלא. סחורות רבות. נשדדו. השוטרים שהובהלו- ואבו ...</div>"
351	dav19300724-01.1.3	24 July 1930	dav	Page 3	"<div class=""txtsearchsnippet"">... נחלבים טדי יום ביומו ב־430 ליטר, מהם נמכר להשכרה <b class=""highlightcolor"">בחיפה</b> כ־180 ליטר, היתר, מפאת חוסר שוק, מופרד בבית ובל ...</div>"
352	dav19390106-01.1.6	6 January 1939	dav	Page 6	"<div class=""txtsearchsnippet"">... המקרה כעדי ראיה. אה""כ העיד ד""ר יאסם אלהיירי, רופא <b class=""highlightcolor"">בית החולים הממשלתי</b> ביפו. ב־24 באוקטובר ב־10 לפנה""צ הובא מוחמר ...</div>"
353	dav19470827-01.1.6	27 August 1947	dav	Page 6	"<div class=""txtsearchsnippet"">... ידי ־משטרה, כחשוד בהוצאת כסף במרמה. בדרך לתחנת _הגשסרה <b class=""highlightcolor"">בחיפה,</b> פנ־ אל _בית־חכבוד ד_&amp;יבודי ברחבת חמדה ושם ניסה לשלוח ...</div>"
354	haretz19440322-01.1.4	22 March 1944	haretz	Page 4	"<div class=""txtsearchsnippet"">קונצוט חגיגי <b class=""highlightcolor"">בחיפה</b> תזמורת הגדוד הא""י בתיאטרוןארמון"" ‭29. 3. 44 ‬ "" ...</div>"
355	hbkr19390814-01.1.4	14 August 1939	hbkr	Page 4	"<div class=""txtsearchsnippet"">הנסיעות להתגוננות אויוית <b class=""highlightcolor"">בחיפה</b></div>"
356	haretz19331029-01.1.4	29 October 1933	haretz	Page 4	"<div class=""txtsearchsnippet"">... מובנות. אבטומובילים של ""מגן דוד אתם"" תל אביב, של <b class=""highlightcolor"">בית החולים הממשלתי</b> וכן גם פלוגות עזרה ראשונה של הצופים ...</div>"
357	dav19370330-01.1.1	30 March 1937	dav	Page 1	"<div class=""txtsearchsnippet"">... לנו, כי מחלת , י הטיפוס נתפשטה בשכם וכפריה. <b class=""highlightcolor"">בית החולים הממשלתי</b> מלא _נגו י עי מחלה זו.</div>"
358	dav19351216-01.1.6	16 December 1935	dav	Page 6	"<div class=""txtsearchsnippet"">... הכה באכזריות את הנער אז/מד _הוריר (בן ‭, (13‬ליד <b class=""highlightcolor"">בית החולים: הממשלתי</b> ביפו. מצבו של הנער, אנוש. הפושע נאסר. ...</div>"
359	dav19300306-01.1.6	6 March 1930	dav	Page 6	"<div class=""txtsearchsnippet"">... תיירים יהודים ?מגרמניה, מבאי ראנית "" אוקיאניה‭, ""‬ שעגנה <b class=""highlightcolor"">-בחיפה</b> והביאה מאית תיירים . ?בכלל נראו ביטים האחרונים תיירים ...</div>"
360	dav19310121-01.1.1	21 January 1931	dav	Page 1	"<div class=""txtsearchsnippet"">םערה נורמת נוסי‭::‬ <b class=""highlightcolor"">בחיפה.</b> ובתל־אביב</div>"
361	dav19380323-01.1.8	23 March 1938	dav	Page 8	"<div class=""txtsearchsnippet"">פצצות <b class=""highlightcolor"">בחיפה</b></div>"
362	dav19460609-01.1.3	9 June 1946	dav	Page 3	"<div class=""txtsearchsnippet"">... שמואל מליטא מחפש את 2 אחיו, אחד בצבא והשני <b class=""highlightcolor"">בחיפה.</b> לפנות: צבי _ברוירא שכ' הרכבת 59 תל־אבינ. ‭. _*‬ ...</div>"
363	dhy19320725-01.1.1	25 July 1932	dhy	Page 1	"<div class=""txtsearchsnippet"">... ומהולות שנמשכו עד אהח הצות. י ? • החגיגות <b class=""highlightcolor"">בחיפה</b> בשל קלקול חש־רחוק, פתאם_, נפסקח השיחה עם היפה ולא ...</div>"
364	haretz19350613-01.1.6	13 June 1935	haretz	Page 6	"<div class=""txtsearchsnippet"">אגודת בעלי מלאכה <b class=""highlightcolor"">בחיפה</b> מתאבלת יחד עם כל ישראל על מותו של | ...</div>"
365	haretz19460814-01.1.6	14 August 1946	haretz	Page 6	"<div class=""txtsearchsnippet"">בבית־המשפם הצבאי במושבו <b class=""highlightcolor"">בחיפה</b> התחדש אתמול משפטם של 23 הבחורים . והבחורות הנאשמים ...</div>"
366	haretz19380717-01.1.1	17 July 1938	haretz	Page 1	"<div class=""txtsearchsnippet"">... מיד מיהרו, . למקום שוטרים והיילים ואמבו־ ?אנסים של <b class=""highlightcolor"">בית החולים הממשלתי.</b> העברת ההרוגים והפצועים נמשכה בלי ־רף עד ...</div>"
367	haretz19390106-01.1.5	6 January 1939	haretz	Page 5	"<div class=""txtsearchsnippet"">... יהודח, בנין אבולעפיח, חדר ‭;45 ‬ סוכנות . ראשית <b class=""highlightcolor"">בחיפה:</b> חדר־חכרמל, רח' ארלזורוב ‭. 10 ‬ ביום ראשון ‭8. ...</div>"
368	hbkr19391025-01.1.5	25 October 1939	hbkr	Page 5	"<div class=""txtsearchsnippet"">... פמזדור גדול וכל הנוחעת בבית חדש שבסרדס־כץ (תל־אםרים) מאחרי <b class=""highlightcolor"">בית החולים הממשלתי</b> בשכר של 2 לא""י לחודש. ‭'. ‬זמנים ...</div>"
369	hbkr19381228-01.1.1	28 December 1938	hbkr	Page 1	"<div class=""txtsearchsnippet"">... "" , במספרים עגולים) הן הקיפי כ־‭3500 ‬ בתי־אב. <b class=""highlightcolor"">בחיפה</b> — כ־‭7500‬ ובת""א יותר פ־‭. 17000‬ אשר למושבות, הרי ...</div>"
370	hzh19460701-01.1.3	1 July 1946	hzh	Page 3	"<div class=""txtsearchsnippet"">... כן ביקר הרב בתא האסירים והאסירות בבית החולים הממשלתי <b class=""highlightcolor"">בחיפה•</b> הוא התראה ?עם כל הפצועים של המאורעות האח־ רונים. ...</div>"
371	hayomjlm19480321-01.1.2	21 March 1948	hayomjlm	Page 2	"<div class=""txtsearchsnippet"">... גויותיהם של ארבעת הפועלים הובאו לנהריה. כשפנו המוסדות היהודיים <b class=""highlightcolor"">בחיפה</b> לשלטונות הצבאיים ביום ו׳ בבקשה לתת לווי צבאי להעברת ...</div>"
372	hayomjlm19480419-01.1.2	19 April 1948	hayomjlm	Page 2	"<div class=""txtsearchsnippet"">... בפיקוח הצלב האדום. היהודים מציעים כמו כן את העברת <b class=""highlightcolor"">בית החולים הממשלתי</b> <b class=""highlightcolor"">בחיפה</b> לידי העיריה ומנהלים משא ומתן על ...</div>"
373	ahr19471111-01.1.4	11 November 1947	ahr	Page 4	"<div class=""txtsearchsnippet"">... תחילה' ניוון אתמול עבדול כרים נור, מעובדי מחלקת הבריאות <b class=""highlightcolor"">בחיפה,</b> על־ ידי בי־הדין לפשעים חמורים, למאסר 15 שנה. לדברי ...</div>"
374	dav19360621-01.1.6	21 June 1936	dav	Page 6	"<div class=""txtsearchsnippet"">... נורו יריות ?רבות על בית י המשטרה בצפת שבקרבת <b class=""highlightcolor"">בית: החולים הממשלתי.</b> המשטרה והצבא ענו באש. נשמעו בסך הכל ...</div>"
375	dav19340812-01.1.3	12 August 1934	dav	Page 3	"<div class=""txtsearchsnippet"">... ואנו אין לנץ דרך אחרת — עלינו לנצל את <b class=""highlightcolor"">בית החולים הממשלתי,</b> לשכן בו כטרת האפשרות את כל חולי ...</div>"
376	dav19400602-01.1.6	2 June 1940	dav	Page 6	"<div class=""txtsearchsnippet"">... רמח ‭_^ / / |1-‬ בית הספר הריאלי העברי <b class=""highlightcolor"">בחיפה</b> המכון לחנוך גופני מודעה ראשוגה בית הספר _הריאלי חוש: ...</div>"
377	dhy19320623-01.1.4	23 June 1932	dhy	Page 4	"<div class=""txtsearchsnippet"">מבקשים שופט _מןשלמי <b class=""highlightcolor"">בחיפה</b> האגודה המושאמית בהיפה פנתה צנציב העליון במכתב בו היא ...</div>"
378	hbkr19430405-01.1.4	5 April 1943	hbkr	Page 4	"<div class=""txtsearchsnippet"">המונו םותט יהוד <b class=""highlightcolor"">בחיפה</b></div>"
379	hzh19400625-01.1.4	25 June 1940	hzh	Page 4	"<div class=""txtsearchsnippet"">... בשאלה זו כללים . גמישים. ובכלמק־ רה נחליט לפי:המיצב. <b class=""highlightcolor"">בחיפה</b> פנו- בדבר י קביעת תקנות, אולם השלטונות :לא נע-</div>"
380	hzh19480115-01.1.1	15 January 1948	hzh	Page 1	"<div class=""txtsearchsnippet"">... מהדואר. הפצצה שהתפוצצה : ליד תור שלייתודימ שזזיגו לאוטובוס <b class=""highlightcolor"">בחיפה</b> ב־‭4. 15‬ אחה""צ‭.. ‬נהרגו . שוטר בריטי, שרץ למקום ...</div>"
381	haretz19450123-01.1.3	23 January 1945	haretz	Page 3	"<div class=""txtsearchsnippet""><b class=""highlightcolor"">בחיפה</b></div>"
382	haretz19430901-01.1.2	1 September 1943	haretz	Page 2	"<div class=""txtsearchsnippet"">... גם בין הרוסל הדרומי ובין הרוטל הצפוני, הנוהג כבר <b class=""highlightcolor"">בחיפה.</b> נסיעה מהלך שתי שעות — והבדל בגודל הרוטל. אבל ...</div>"
383	hbkr19470528-01.1.2	28 May 1947	hbkr	Page 2	"<div class=""txtsearchsnippet"">... חג זכרון חביכוריפ בחיפח חג זכדון ביכורים חודש אחמול <b class=""highlightcolor"">בחיפה.</b> ‭.. ‬הגשת הטנא"" התק""ט נקדן הרחובות קיטרוטש והם. לאחר ...</div>"
384	dav19471209-01.1.3	9 December 1947	dav	Page 3	"<div class=""txtsearchsnippet"">... גולו לחברת העובדים. ‭— 1937‬ מיזוג עם המשרד הקבלני <b class=""highlightcolor"">בחיפה</b> והגדלת הון המניות ב־0נ אלפים לירה (מניות איחוד‭. (‬ ...</div>"
385	hbkr19470724-01.1.3	24 July 1947	hbkr	Page 3	"<div class=""txtsearchsnippet"">... פ. ח. מידמביק. נציג המופד המרכזי למסחר בהאג, יבקר <b class=""highlightcolor"">בחיפה</b> ויקבל פוחדים חמעונינים בקשרי מסחר עפ הולנד ואינח' נזיה• ...</div>"
386	hbkr19480129-01.1.4	29 January 1948	hbkr	Page 4	"<div class=""txtsearchsnippet"">... כצש-ן, •עשי את המאמץ הדי""ש לשם ג""ס כיח האדם <b class=""highlightcolor"">בחיפה</b> יכצפין כדי להגן על חיפה כ• היא חשיבה לערבים- ...</div>"
387	dav19480205-01.1.1	5 February 1948	dav	Page 1	"<div class=""txtsearchsnippet"">... אקדחים, שהיו ברשיון בידי הנוסעים. לפי פקודת בית המשפט <b class=""highlightcolor"">בחיפה</b> נעצר אתמול חנהג הערבי של האוטובוס מם‭. 25. ‬ ...</div>"
388	dav19480119-01.1.3	19 January 1948	dav	Page 3	"<div class=""txtsearchsnippet"">... אי גינוי על הרצה השפל של ד""ר לארס. מנהל <b class=""highlightcolor"">בית החולים הממשלתי</b> בבית־צפפה, היא מצאה לנכון לפרסם ידיעות על ...</div>"
389	dav19410914-01.1.4	14 September 1941	dav	Page 4	"<div class=""txtsearchsnippet"">... ולשם ימסור את חבילתו: בתל־אביב: רחוב אחד העם _ט1 <b class=""highlightcolor"">בחיפה:</b> משרד ויצ""ואהל שרה ‭,,,, ; ''‬ רה' החלו-ץ;בירושלים: ועד ...</div>"
390	haretz19481029-01.1.5	29 October 1948	haretz	Page 5	"<div class=""txtsearchsnippet"">... ה־ מחלקה לתרבות של הועד הלאומי, בבית הספר מול <b class=""highlightcolor"">בית החולים הממשלתי,</b> בהשתתפות :משה ראם, חנה זמיר. צדוק קוגל.</div>"
391	haretz19440416-01.1.4	16 April 1944	haretz	Page 4	"<div class=""txtsearchsnippet"">... 2 משפםי רצח שבהם , י נאשמים 3 ערבים• <b class=""highlightcolor"">בחיפה</b> ישב שופט בית הדין העליון אדווארד ויתבררו 3 משפטי ...</div>"
392	haretz19441003-01.1.3	3 October 1944	haretz	Page 3	"<div class=""txtsearchsnippet"">רוקהת מדופלמת בעלת נסיון בעבודה מחפשת עבודה <b class=""highlightcolor"">בחיפה,</b> לפנות ת. ד. ‭398 ‬ חיפה. דירת חדר או ...</div>"
393	haretz19431209-01.1.3	9 December 1943	haretz	Page 3	"<div class=""txtsearchsnippet"">... ‭, 5‬ טל. ‭: ""'-5213‬ ־ ""?? בא כוה <b class=""highlightcolor"">בחיפה:</b> ק. דרוקמן, שער פלמד ‭""^41^^^ 4 ‬ ^ ‭^^I‬ר^₪‭? ...</div>"
394	haretz19450626-01.1.3	26 June 1945	haretz	Page 3	"<div class=""txtsearchsnippet"">... בי‭30‬ ליוני ‭1מ5 ‬ בשעה 5 אחה""צ בגעם הראשונה <b class=""highlightcolor"">בחיפה</b> הצגה מיוחדת ממה !ריטודגןדקק בהשתתפות אמניס מפןרפמים ; של ...</div>"
395	hmf19480927-01.1.2	27 September 1948	hmf	Page 2	"<div class=""txtsearchsnippet"">... ה־ מקומיות . המיוחדות וכן נתנו את ההוראות המתאימות. <b class=""highlightcolor"">בחיפה</b> נטלו על עצמם לנהל את מפעל הרישום ה""ה: אליעזר ...</div>"
396	hbkr19481115-01.1.1	15 November 1948	hbkr	Page 1	"<div class=""txtsearchsnippet"">... סתונאות פלישתם הבלתי מונלחת. הנעת בינים של מסה אונ־א <b class=""highlightcolor"">בחיפה</b> שנמסרה לפני יומיים ביקשה לאפשר להם מעבר שיירות מזון. ...</div>"
397	hbkr19480428-01.1.4	28 April 1948	hbkr	Page 4	"<div class=""txtsearchsnippet"">אורגן השרות הרפואי <b class=""highlightcolor"">בחיפה</b> וסביבתה</div>"
398	hzh19410608-01.1.3	8 June 1941	hzh	Page 3	"<div class=""txtsearchsnippet"">... שני שטחים נרחבים על שפת הים, האחד על יד <b class=""highlightcolor"">בית החולים הממשלתי</b> והשני בין תחנת הכוה של הברת החשמל ...</div>"
399	hzh19471002-01.1.3	2 October 1947	hzh	Page 3	"<div class=""txtsearchsnippet"">... בירושלים: א. זסלבסקי, רחוב אגריפס, מול קולנוע ""עדן‭"". ‬ <b class=""highlightcolor"">בחיפה:</b> בנימין וילד, רחוב המערב, סמטת אפ''ק.</div>"
400	dav19370625-01.1.2	25 June 1937	dav	Page 2	"<div class=""txtsearchsnippet"">... נשארה בהמון האמונה בשמועות ובאי סדר די הלכו אל <b class=""highlightcolor"">בית החולים הממשלתי</b> להמשיך בחקירותיהם. בדרך ביצעו שורת התנפלויות עלי ...</div>"
401	dav19380327-01.1.6	27 March 1938	dav	Page 6	"<div class=""txtsearchsnippet"">בפני כיה הד-ז המחוזי <b class=""highlightcolor"">בחיפה</b> (אב בית הדי המחוזי _שילי־ל והשופטים ; תמימי ונימר) ...</div>"
402	dav19401008-01.1.4	8 October 1940	dav	Page 4	"<div class=""txtsearchsnippet"">... הגויה הועברה לבית ־הולים המ משלתי לבדיקה. הרהבה ליד <b class=""highlightcolor"">בית החולים הממשלתי</b> י _שבטגדש הרוסי נתמלאת לשעת תלויה קהל ...</div>"
403	dav19480216-01.1.4	16 February 1948	dav	Page 4	"<div class=""txtsearchsnippet"">... סבל כבד על עקרות הבית. י חברות הנפט מייצרות <b class=""highlightcolor"">-בחיפה</b> כ־4 מיליונים טונות חמרי דלק לשנה, התצרוכת השנתית של ...</div>"
404	dav19480212-01.1.3	12 February 1948	dav	Page 3	"<div class=""txtsearchsnippet"">מצג הבריאות בעקב המאורעות האחרונים נשאר <b class=""highlightcolor"">בית־ החולים הממשלתי</b> — הסמוך לבית הסוהר — בלי ייופא ...</div>"
405	haretz19480123-01.1.8	23 January 1948	haretz	Page 8	"<div class=""txtsearchsnippet"">ערבי נורה ונהרג <b class=""highlightcolor"">בחיפה</b></div>"
406	haretz19480212-01.1.1	12 February 1948	haretz	Page 1	"<div class=""txtsearchsnippet"">... האכר, בן ‭, 36‬ שנפצע בלי* ד' ברחוב השומר <b class=""highlightcolor"">בחיפה,</b> מת מפצעיו אתמול בבוקר. יוסף שווארץ, נן ‭, 21‬ ...</div>"
407	haretz19430729-01.1.3	29 July 1943	haretz	Page 3	"<div class=""txtsearchsnippet"">... מיכאלוביץ, גב' וסטר' מר ה. ויטליס וד""ר פ. וינקלר; <b class=""highlightcolor"">בחיפה</b> — ד""ר ל. מאיר, גב' מ. כץ, גב' דוניה־ווייצמל, ...</div>"
408	hbkr19470202-01.1.3	2 February 1947	hbkr	Page 3	"<div class=""txtsearchsnippet"">... 41‬ מל. ‭2116 ‬ ע ז ח : מול <b class=""highlightcolor"">בית החולים הממשלתי?</b> מל? ‭243 ‬ נתנת בזה הודעה שמכירה ...</div>"
409	hbkr19480128-01.1.1	28 January 1948	hbkr	Page 1	"<div class=""txtsearchsnippet"">... למושל מחוז חברון. מר ספרוויל, ותבעה למסור ליוד. את <b class=""highlightcolor"">בית החולים הממשלתי</b> במקום וכן בנינים אחרים. אשר הממשלה מחזיקה ...</div>"
410	hrt19481128-01.1.4	28 November 1948	hrt	Page 4	"<div class=""txtsearchsnippet"">... טשרניחובסקי ‭, 17‬ (בצלאל) קו‭- , '‬ פגישת חברים <b class=""highlightcolor"">בחיפה</b> הערב, ‭, 28. 11. 48‬ שעה ‭8. 30‬ תתקיים ...</div>"
411	hzh19480209-01.1.4	9 February 1948	hzh	Page 4	"<div class=""txtsearchsnippet"">... _חקירו_( מקרה הירצחו של ש, סגל (חבר אצ""ל שנחטף: <b class=""highlightcolor"">בחיפה)</b> הוועדה לא סיימה עדיין את !עבודתה' כל השמועות שנפוצו ...</div>"
412	hzh19480130-01.1.1	30 January 1948	hzh	Page 1	"<div class=""txtsearchsnippet"">... יון ‭_Tl nm‬ _מזזסוט י _מ ו ו י <b class=""highlightcolor"">בחיפה</b></div>"
413	hzh19480924-01.1.5	24 September 1948	hzh	Page 5	"<div class=""txtsearchsnippet"">... ־ח אלול נפתח חלר חמשחקים של סניף בני עקיבא <b class=""highlightcolor"">בחיפה.</b> חדר המשחקים פתוח בכל יום בשעות ‭5—8‬ אחה""צ. הנוער ...</div>"
414	hzh19480108-01.1.3	8 January 1948	hzh	Page 3	"<div class=""txtsearchsnippet"">... בכל קצות. האא. - ג3יו1 _ההולימ ""הכרמל"" אשר באחוזה <b class=""highlightcolor"">בחיפה</b> הותקנה והופעלה הסקה• מרכזית.</div>"
415	hzh19470921-01.1.4	21 September 1947	hzh	Page 4	"<div class=""txtsearchsnippet"">... _&amp;‬ ז""ל פקידי. משרד ההוצאה לפועל של בתי המשפט <b class=""highlightcolor"">בחיפה</b> ן</div>"
416	haretz19330504-01.1.4	4 May 1933	haretz	Page 4	"<div class=""txtsearchsnippet""><b class=""highlightcolor"">בית החולים הממשלתי</b> בעכו נסגר לרגלי םירוב תעידיה המקומית לש ...</div>"
417	haretz19470521-01.1.5	21 May 1947	haretz	Page 5	"<div class=""txtsearchsnippet"">... חיריה, תל אפרים. סוגו: מירי. תאורו: מגרש לבגין ליד <b class=""highlightcolor"">בית החולים הממשלתי.</b> חלקים: בשלמות. השטח: ‭307 ‬ ממ""ר. פרטי ...</div>"
418	hbkr19480130-01.1.8	30 January 1948	hbkr	Page 8	"<div class=""txtsearchsnippet"">‭^?——^?^———?‬מ—— מ שכון חדש <b class=""highlightcolor"">בחיפה</b> רושמיה המערבית *""י חברת הכשרת הישוב בא""י בעימ וחברת ...</div>"
419	hbkr19460101-01.1.4	1 January 1946	hbkr	Page 4	"<div class=""txtsearchsnippet"">... ת־א. רול המכבי ‭. 3‬ ת. ד. ‭4091 ‬ <b class=""highlightcolor"">בחיפה</b> 'בקו השדכן ל י ב־. בבלון וקסלי בימים נ' ...</div>"
420	hbkr19390622-01.1.6	22 June 1939	hbkr	Page 6	"<div class=""txtsearchsnippet""><b class=""highlightcolor"">בית החולים הממשלתי</b> החדש בירוש־ לים למתלית מתדבקות שנבנה ע""י ...</div>"
421	hmf19450821-01.1.4	21 August 1945	hmf	Page 4	"<div class=""txtsearchsnippet"">... _זןביב 35 הצריפים יוקמו על אדמת ווייס בקרי בת <b class=""highlightcolor"">בית החולים הממשלתי</b> ""הירקון""</div>"
422	haretz19450627-01.1.2	27 June 1945	haretz	Page 2	"<div class=""txtsearchsnippet"">... נגועי מאורעות פור""ה הועד הערבי לעזרת נגועי המאוימת בסוריה, <b class=""highlightcolor"">בחיפה,</b> העביר אתמול באמצעו: הקונסול הםורי בירושלים ‭1000‬ אי""י לםר ...</div>"
423	hbkr19480106-01.1.2	6 January 1948	hbkr	Page 2	"<div class=""txtsearchsnippet"">... 1א הערבי ואז הוענר יצחקי לניתוח באגף הבריטי של <b class=""highlightcolor"">בית החולים הממשלתי.</b> יצחקי פת תחת איזפל המנתתיפ מיד כשנגשו ...</div>"
424	haretz19480209-01.1.3	9 February 1948	haretz	Page 3	"<div class=""txtsearchsnippet"">... של הגב' אפשטין חבית המזכיררת של נ. ח. ת. <b class=""highlightcolor"">בחיפה</b> הרגח היפרד להקמת חבר נ. ח. ת. בנתניה• נשי ...</div>"
425	dav19480414-01.1.2	14 April 1948	dav	Page 2	"<div class=""txtsearchsnippet"">... הפצוע, אולם יריות אנשי המגן מנעו זאת מהם. אל <b class=""highlightcolor"">בית החולים הממשלתי</b> . הירקון* הובא אתמול, פצוע בכדור ברגל, ...</div>"
426	dav19320525-01.1.4	25 May 1932	dav	Page 4	"<div class=""txtsearchsnippet"">... הדבר? י 1 _, כפר מל""ל. ש. אשכנזי על. <b class=""highlightcolor"">בית החולים הממשלתי</b> _בגליונכם מ' 2092 -בכרוניקה מירושלים תחת כותית ...</div>"
427	dav19380704-01.1.1	4 July 1938	dav	Page 1	"<div class=""txtsearchsnippet"">ירחיב ההר בשכונת הרצליה ליד <b class=""highlightcolor"">בית החולים הממשלתי</b> <b class=""highlightcolor"">בחיפה</b> נזרקת אמש ב־‭6. 45‬ פצצת אל ...</div>"
428	dav19381227-01.1.1	27 December 1938	dav	Page 1	"<div class=""txtsearchsnippet"">... • ־ נאסרו בקשר לרצח . אתמול: נאסרו . <b class=""highlightcolor"">בחיפה</b> 2 ערבים באשמת . רצח ונסיח לרצח של שני ...</div>"
429	haretz19360705-01.1.5	5 July 1936	haretz	Page 5	"<div class=""txtsearchsnippet"">... בזמ! אחד האוטו של מ. ד. א. והאוטו של <b class=""highlightcolor"">בית החולים הממשלתי.</b> קצי! ערבי שהיה במקום דרש מאת הנהג ...</div>"
430	haretz19380120-01.1.10	20 January 1938	haretz	Page 10	"<div class=""txtsearchsnippet"">... 30‬ לפנח־זנ, בדירתם ברחוב . ‭. 0‬ק. ג דיי <b class=""highlightcolor"">בית החולים הממשלתי</b> בית פדםון חיפה</div>"
431	haretz19390620-01.1.5	20 June 1939	haretz	Page 5	"<div class=""txtsearchsnippet"">יום דמים <b class=""highlightcolor"">בחיפה</b> ו</div>"
432	haretz19410902-01.1.4	2 September 1941	haretz	Page 4	"<div class=""txtsearchsnippet""><b class=""highlightcolor"">בחיפה</b></div>"
433	hbkr19401203-01.1.4	3 December 1940	hbkr	Page 4	"<div class=""txtsearchsnippet"">... החיב רחמים לוי ימכרו במכירה פומבית במרכז מסחרי הישן <b class=""highlightcolor"">בחיפה</b> ביום שלישי ‭17‬ לחודש דצמבר ‭1940‬ בשעה ‭10‬ לפני ...</div>"
434	hbkr19400922-01.1.4	22 September 1940	hbkr	Page 4	"<div class=""txtsearchsnippet"">... מ""מגן דוד אדום"" נשלחו כמה , מנתחים ורופאים אל <b class=""highlightcolor"">בית החולים הממשלתי.</b> כעבור זמן קצר ניתן אות ההרגעה. בין ...</div>"
435	hbkr19380227-01.1.6	27 February 1938	hbkr	Page 6	"<div class=""txtsearchsnippet"">... בנימין שדר' רוטשיוד, א. מ. ביים, ‭54‬ דרך מא• <b class=""highlightcolor"">בחיפה:</b> קרד , טע __. א""י בע? : • ־. ...</div>"
436	hzh19420108-01.1.2	8 January 1942	hzh	Page 2	"<div class=""txtsearchsnippet"">י נפצע במדיה בבית מול <b class=""highlightcolor"">בית החולים הממשלתי</b> . ביה' * שלים פרצה מריבהבין ־ ...</div>"
437	hzh19390124-01.1.4	24 January 1939	hzh	Page 4	"<div class=""txtsearchsnippet"">... ! תוצא לעבודות ציבוריות. גם המצב בנוגע;להשתתפות הממשלה בתקציב <b class=""highlightcolor"">בית־ ! החולים הממשלתי</b> ־ איננו מעודד ביותר. הוועד המנהל ...</div>"
438	hzh19470724-01.1.4	24 July 1947	hzh	Page 4	"<div class=""txtsearchsnippet"">... ד מר מזלנביק, נציג המוסד המרכזי למסחר בהאג, יבקר <b class=""highlightcolor"">בחיפה</b> בימים הקרובים ויקבל את המעוניי־ נים בקשרי מסחר _ץם ...</div>"
439	hzh19430330-01.1.4	30 March 1943	hzh	Page 4	"<div class=""txtsearchsnippet"">... כסעיף"" ‭&amp;?‬שנה בתקציב. הסוציאלי. לפי דעתו, גם אחרי הקמת <b class=""highlightcolor"">בית החולים ?הממשלתי</b> החדש יהיה צורך לפחות ב ־ 50 ...</div>"
440	hzh19470516-01.1.1	16 May 1947	hzh	Page 1	"<div class=""txtsearchsnippet"">... את מגרש הרוסים בלב ירושלים, שבו מאוכסנים מפקדת המשטרה, <b class=""highlightcolor"">בית החולים הממשלתי</b> , בית הסוהר המרכזי, משרדי ההגי-</div>"
441	hzh19471029-01.1.4	29 October 1947	hzh	Page 4	"<div class=""txtsearchsnippet"">... הפרטי. בדעתם להקים על האדמות שרכשו על הר הכרמל <b class=""highlightcolor"">בחיפה</b> בית־חרושת גדול לפלדה. הגברת וואךליר תשהה כאן שבועות מספר. ...</div>"
442	medina19480806-01.1.4	6 August 1948	medina	Page 4	"<div class=""txtsearchsnippet"">... יוס י' 8•"" בנתניה ^ יום יי'‭12 • 8‬ <b class=""highlightcolor"">בחיפה</b> . התחלת ההצגות הרגילות ב־9 בערב חתאחוזת בתי הקולנוע ...</div>"
443	haretz19330703-01.1.2	3 July 1933	haretz	Page 2	"<div class=""txtsearchsnippet"">... כלליות מספיק לצרבי תושבי ירושלים והאזור הדרומי. מפני שהרחבת <b class=""highlightcolor"">בית החולים הממשלתי</b> <b class=""highlightcolor"">בחיפה</b> נדחתה, נעשה שם המצב קשה בעונת ...</div>"
444	dav19470911-01.1.1	11 September 1947	dav	Page 1	"<div class=""txtsearchsnippet"">... אתמול. השידולים להחזירם לבירות — היו לשוא. היום יתאספו <b class=""highlightcolor"">בחיפה</b> פקידי בתי ־הזיקוק שנשיהט יושבות _בראש־הנקרה, כדי לדון במצבן.</div>"
445	dav19461105-01.1.1	5 November 1946	dav	Page 1	"<div class=""txtsearchsnippet"">... _אולפ לפי ידיעות שקיבל עדרר־הדין י. ?•_גפיר־א גהקירח -שנערכה <b class=""highlightcolor"">בחיפה</b> נתברר. ?זיהנ-עפיל פרנקגשטייו לא הורד באותו -וט _מהאגית ועד ...</div>"
446	dav19480408-01.1.1	8 April 1948	dav	Page 1	"<div class=""txtsearchsnippet"">... שנפצעו קל שלשום בד־ רך לירושלים, הובאו אהטול אל <b class=""highlightcolor"">בית החולים הממשלתי</b> למושבות בתל־אביב. ש_^ו תיהה: חייפ בוזליל מרחוב ...</div>"
447	dav19420414-01.1.1	14 April 1942	dav	Page 1	"<div class=""txtsearchsnippet"">... טטרים 1י1940 ו־85 י *לן_&gt; נ־‭. 1939‬גלולה _הירידד. גם <b class=""highlightcolor"">בחיפה,</b> גה -גטו. אשתקד ‭-15‬ אלף""מטרי6־מ1וינ‭9:‬־י ־נ1 _*נומת 46 _*לף ...</div>"
448	dav19460127-01.1.4	27 January 1946	dav	Page 4	"<div class=""txtsearchsnippet"">... תש""ו ‭3*3 (27. 1_^6)‬ אחה‭I 5*‬ מבית החולים רוטשילד <b class=""highlightcolor"">בחיפה</b> ' ן הפתאבלים, _־ בעלה דוצגט דירי. _פרידיתג I ...</div>"
449	haretz19480116-01.1.7	16 January 1948	haretz	Page 7	"<div class=""txtsearchsnippet"">... ייז'י שנאפר, יועץ כלכלי־מסחרי מפולין. בעבר ישב מר שנאפר <b class=""highlightcolor"">בחיפה</b> ושימש בבמה תפקידים כמוסדות פולניים.</div>"
450	haretz19480827-01.1.4	27 August 1948	haretz	Page 4	"<div class=""txtsearchsnippet"">... בעברי* מלי* צרפתית ורופיח השכלה גבוה* מחפשת עבודה מתאימה <b class=""highlightcolor"">בחיפה.</b> למות ל* ד. ‭398 ‬ חיפה מט' ‭. 15 ...</div>"
451	hbkr19481029-01.1.5	29 October 1948	hbkr	Page 5	"<div class=""txtsearchsnippet"">... נהגי צבא . ברוך בואך. דרך צלחה* י שלטי-חינוך <b class=""highlightcolor"">בחיפה</b></div>"
452	hbkr19480112-01.1.4	12 January 1948	hbkr	Page 4	"<div class=""txtsearchsnippet"">מפות נגנבו <b class=""highlightcolor"">בחיפה</b></div>"
453	hbkr19480304-01.1.4	4 March 1948	hbkr	Page 4	"<div class=""txtsearchsnippet"">... בנין סאלאמי, מול העיריה הישנה. ברחוב סטנטון. פינת אלנבי, <b class=""highlightcolor"">בחיפה</b> בשעה ‭8. 40‬ בבוקר. קול הנפץ האדיר שנשמע החריד ...</div>"
454	hbkr19450425-01.1.3	25 April 1945	hbkr	Page 3	"<div class=""txtsearchsnippet"">... ‭28— ‬ המשפחות. םתח""תסוה עירית פתה-תטה מוחה גגד סדור <b class=""highlightcolor"">בית החולים הממשלתי</b> לחולי-רוח עירית פתח־תקיה הביעה אח :חאחה על ...</div>"
455	dav19480215-01.1.2	15 February 1948	dav	Page 2	"<div class=""txtsearchsnippet"">... כהן נספה כאסון כיוס ר לפנות בוקר בשכונת תל-עמל <b class=""highlightcolor"">בחיפה.</b> מאנשי ההגנה בן ‭. 25 ‬</div>"
456	haretz19471216-01.1.2	16 December 1947	haretz	Page 2	"<div class=""txtsearchsnippet"">... יפה מ־ אהורי עמדות של שקי־חול. - והדבר החל <b class=""highlightcolor"">בחיפה:</b> . כעיני ראיתי, כיצי איי ז ה""כפיה האדומה"" ירה ...</div>"
457	ahr19460910-01.1.1	10 September 1946	ahr	Page 1	"<div class=""txtsearchsnippet"">... נורד, ליו מלון וינדזור םרג'אנט ברי־ טי מהבולשת המחוזית <b class=""highlightcolor"">בחיפה</b> ונפצע. הוא נפגע _ב־ד מקומות בגופו. נאסף אל <b class=""highlightcolor"">בית ...</b></div>"
458	dav19470910-01.1.6	10 September 1947	dav	Page 6	"<div class=""txtsearchsnippet"">... נפצעו / קשה והועברו אל בית החולים הצי באי <b class=""highlightcolor"">בחיפה.</b> אחת החיילות מתה מפצעיה. י מצב השאר — קשה. ...</div>"
459	dav19461211-01.1.6	11 December 1946	dav	Page 6	"<div class=""txtsearchsnippet"">... לדין. לאחר שכבר הועמדו בפני _בית־המשפט המחוזי _ובית־משפט השלום <b class=""highlightcolor"">בחיפה</b> שלש פעמים. ולפי החוק אין להביא אדם לדין על ...</div>"
460	dav19451028-01.1.4	28 October 1945	dav	Page 4	"<div class=""txtsearchsnippet"">... הטוראי מוקובו נהרג. המבחן הראשון ל _"" _אוו;חס8ורט"" יהיה <b class=""highlightcolor"">בחיפה</b> ביום ד/ 7 בנובמבר, במגרש בית הספר הריאלי. מורי ...</div>"
461	dav19430107-01.1.4	7 January 1943	dav	Page 4	"<div class=""txtsearchsnippet"">עוד מקרח חשש לדבר אל <b class=""highlightcolor"">בית החולים הממשלתי</b> הועבר אתמול ערבי הוי־, הגר בהמשך רחוב ...</div>"
462	haretz19470612-01.1.4	12 June 1947	haretz	Page 4	"<div class=""txtsearchsnippet"">... לאופר, לשעבר מנתח ראשי בחבש' נתמנה לרופא מנתח וסגךמנהל <b class=""highlightcolor"">בית־ החולים הממשלתי</b> <b class=""highlightcolor"">בחיפה.</b> הגיע לארץ ה' נימן דזניק, אחד ...</div>"
463	haretz19460127-01.1.4	27 January 1946	haretz	Page 4	"<div class=""txtsearchsnippet"">... אביב שלחה הלשכה מחאה לנציגי המיניסטריון לתח־ בורה מלחמתית <b class=""highlightcolor"">בחיפה</b> ובקאהיר, עלי־ ק פוח הנמל על ידי השלטונו* עברו ...</div>"
464	hbkr19470131-01.1.8	31 January 1947	hbkr	Page 8	"<div class=""txtsearchsnippet"">לפני חדשים מספר פרצה <b class=""highlightcolor"">בחיפה</b> מגפה קשה של אסכרה (דיפטריח), ואחוז התמותח בין הילדים ...</div>"
465	hbkr19380315-01.1.3	15 March 1938	hbkr	Page 3	"<div class=""txtsearchsnippet"">... ההכ־ נסות המשוערות וההוצאת כפי שנתקבלו ע""י יעית העיריד, <b class=""highlightcolor"">בחיפה</b> בישיבתה האח־ רונה. ההכנסה המשוערת מגיעה לכדי ‭140. 474‬ ...</div>"
466	dav19480225-01.1.2	25 February 1948	dav	Page 2	"<div class=""txtsearchsnippet"">... גי. פגז אהד נפל ליד מחלקת היולדות של י <b class=""highlightcolor"">בית החולים הממשלתי,</b> אחד על גג בית הדואר ואחד ברחוב ...</div>"
467	dav19461016-01.1.7	16 October 1946	dav	Page 7	"<div class=""txtsearchsnippet"">... י ברקתו. יהימני ת. בשעת העברת הגויה- לחדר המתים-של <b class=""highlightcolor"">בית החולים הממשלתי</b> למושבות, נמצאו שני תרמילי הכדור המתאימים לאקדו? ...</div>"
468	haretz19431117-01.1.2	17 November 1943	haretz	Page 2	"<div class=""txtsearchsnippet"">פית ההוליפ ־ הממשלתי ייפתה פהודש הפאי <b class=""highlightcolor"">בית החולים הממשלתי</b> החדש בתל אביב ייפתח לצבור כנראה בראשית ...</div>"
469	haretz19360923-01.1.2	23 September 1936	haretz	Page 2	"<div class=""txtsearchsnippet"">... ב־l s בפרואר ש. ז. העיד ד״ר מלבי, רופא <b class=""highlightcolor"">בית החולים הממשלתי</b> <b class=""highlightcolor"">בחיפה,</b> שבדק את גוית הנרצחת למחרת הרצח. ...</div>"
470	ahr19470420-01.1.3	20 April 1947	ahr	Page 3	"<div class=""txtsearchsnippet"">... שבר ביד ופי . גלים כפנים ובראש. נאסף אל <b class=""highlightcolor"">בית־ החולים הממשלתי.</b> בוועדת התרבות שליד מ. פ. ח. ח- ...</div>"
471	dav19480928-01.1.4	28 September 1948	dav	Page 4	"<div class=""txtsearchsnippet"">... (תברוז מרכוית להשקעות) וד""ר זלהיימר (אנגלו־פלשתינה בנק‭. (‬לשכת הטסחל <b class=""highlightcolor"">בחיפה</b> שלתה מברק ברכה. ה. הולנדר ענה למברכים והדגיש את ...</div>"
472	dav19380830-01.1.8	30 August 1938	dav	Page 8	"<div class=""txtsearchsnippet"">... עד ‭. 1‬ נפצע קשה בתאונת ענודה ליד בנין <b class=""highlightcolor"">בית החולים הממשלתי</b> _בכת־נלים אירעה אתמול תאונת־עבודה קשה: מהקומה החמישית ...</div>"
473	dav19471017-01.1.10	17 October 1947	dav	Page 10	"<div class=""txtsearchsnippet"">... אזעקה לאחד שנפלט כדור מנשקי של חייל ששמד על <b class=""highlightcolor"">בית החולים הממשלתי‭—.</b> ‬ בעיד העתיקה בילושלים התפוצץ, אול ליום ...</div>"
474	dav19461225-01.1.6	25 December 1946	dav	Page 6	"<div class=""txtsearchsnippet"">... קשה לסני הידצחו. גויתו הועברה ? לחדר המתים של <b class=""highlightcolor"">בית החולים הממשלתי</b> בפרדס כ""ץ. חיפוש גגית הנרצח במוצאי שבת ...</div>"
475	dav19480120-01.1.5	20 January 1948	dav	Page 5	"<div class=""txtsearchsnippet"">... שקרנים. עכשיו גם מסתבר, מדוע שתקה המחלקה לאחר שרופא <b class=""highlightcolor"">בית החולים הממשלתי</b> בבית _צפפה ד""ר לארס נר-</div>"
476	dav19471124-01.1.4	24 November 1947	dav	Page 4	"<div class=""txtsearchsnippet"">לטשכחת _נולזלמן <b class=""highlightcolor"">בחיפה</b> אתכס אנ י ־ באבלבם הכבד בהיקח 0כם בנכם, ...</div>"
477	dav19461117-01.1.4	17 November 1946	dav	Page 4	"<div class=""txtsearchsnippet"">... המשטרה ‭0_*‬ הפצוע, שהיה בבית החולים _העירזני , אל <b class=""highlightcolor"">בית החולים הממשלתי</b> ביפו. גין 'ט‭;_5‬ימ ודיירימ בטשד השבת קיבלו ...</div>"
478	dav19420608-01.1.2	8 June 1942	dav	Page 2	"<div class=""txtsearchsnippet"">... ד""ר _מ. כהו הסתמך על ידיעת ""דבריי על הגדלת <b class=""highlightcolor"">בית החולים הממשלתי</b> בסביבת ירושלים ותבע, כי קודם כל _יוקט ...</div>"
479	dav19450626-01.1.4	26 June 1945	dav	Page 4	"<div class=""txtsearchsnippet"">... של . היסה‭, ''‬ולאחר שצולמה הועברה לחדר־ המתים של <b class=""highlightcolor"">בית החולים הממשלתי</b> בבני־ ברק. כבת ‭. 55‬שעוות שיבה, אולם ...</div>"
480	dhy19330808-01.1.4	8 August 1933	dhy	Page 4	"<div class=""txtsearchsnippet"">... אל ך "" בית המסחר סראמן והונאיני ן * <b class=""highlightcolor"">בחיפה.</b> תלפיז ‭* . ($6 ‬</div>"
481	haretz19470807-01.1.4	7 August 1947	haretz	Page 4	"<div class=""txtsearchsnippet"">... ההלימו הולי הדפד פהיפה כל הוא הדבר יצאו את <b class=""highlightcolor"">בית החולים הממשלתי</b> <b class=""highlightcolor"">בחיפה</b> פרס ל־3 חולים שהועב־ ת לפני ...</div>"
482	haretz19381223-01.1.2	23 December 1938	haretz	Page 2	"<div class=""txtsearchsnippet"">חנוכת <b class=""highlightcolor"">בית החולים הממשלתי</b></div>"
483	haretz19430604-01.1.6	4 June 1943	haretz	Page 6	"<div class=""txtsearchsnippet"">... השרון, בית חולים חדש ברמלה, יהיח צורך להרחיב את <b class=""highlightcolor"">בית החולים הממשלתי</b> <b class=""highlightcolor"">בחיפה</b> ולדאוג להטבת התנאים בבתי הסוהר. לפי ...</div>"
484	haretz19431028-01.1.4	28 October 1943	haretz	Page 4	"<div class=""txtsearchsnippet"">... המדינה משעה ‭11‬ עד 2 אחה""צ• ביום א' יקראו <b class=""highlightcolor"">בחיפה</b> את אחת הרחבות על שמו של הנשיא מאסאריק. ינאמו ...</div>"
485	haretz19450220-01.1.1	20 February 1945	haretz	Page 1	"<div class=""txtsearchsnippet"">... של המי־ ן םיון. שינוי־מה לטובה חל עם פתיחת <b class=""highlightcolor"">בית , החולים הממשלתי</b> -""הירקון"" לבני המושבות, בבתי־החולים היהודיים השונים ...</div>"
486	hbkr19400110-01.1.2	10 January 1940	hbkr	Page 2	"<div class=""txtsearchsnippet"">... יבוש חביצה בבייכת ימת ‭1300‬ ליתת, •ייחוט *ציוד של <b class=""highlightcolor"">בית החולים הממשלתי</b> <b class=""highlightcolor"">בחיפה</b> ‭4913‬ •ל. המשתמש הישוב ואפוי במיפאות ...</div>"
487	hmf19480922-01.1.4	22 September 1948	hmf	Page 4	"<div class=""txtsearchsnippet"">... הבעיות המקומיות המיוחדות וכן נתנו את. ההוראות י המתאימות. <b class=""highlightcolor"">בחיפה</b> נטלו על עצמם לנהל את מפעל . , ־רישום: ...</div>"
488	hmf19480830-01.1.2	30 August 1948	hmf	Page 2	"<div class=""txtsearchsnippet"">בהלת""שוא במלון, ציוך <b class=""highlightcolor"">בחיפה</b></div>"
489	hbkr19460815-01.1.4	15 August 1946	hbkr	Page 4	"<div class=""txtsearchsnippet"">... — מת אהד משני קאנשים, שנפצעו נשעת ההתקפה על <b class=""highlightcolor"">בית החולים הממשלתי</b> ביפו• כדי לחטוף את חברי . אצ""ל־ ...</div>"
490	hbkr19440601-01.1.3	1 June 1944	hbkr	Page 3	"<div class=""txtsearchsnippet"">... מת השוו במחלת אבעבועות אתמול מת בבית ההסגר ליד <b class=""highlightcolor"">בית החולים הממשלתי</b> <b class=""highlightcolor"">בחיפה</b> אליעזר ''כשהאח. בן ‭. 32‬ חוששים ...</div>"
491	hmf19461219-01.1.3	19 December 1946	hmf	Page 3	"<div class=""txtsearchsnippet"">תכנית בחינות הכניסה לטכניון <b class=""highlightcolor"">בחיפה</b></div>"
492	hzh19481128-01.1.4	28 November 1948	hzh	Page 4	"<div class=""txtsearchsnippet"">... שבשטח ירושלים העברית יקבלו לחג המולד תוספת מזון. — <b class=""highlightcolor"">בית החולים ' הממשלתי</b> ו:מסד לידינו. הממשלה הסכימה שיתנוסס עליו ...</div>"
493	hzh19480917-01.1.6	17 September 1948	hzh	Page 6	"<div class=""txtsearchsnippet"">במטה או""מ <b class=""highlightcolor"">בחיפה</b> נמסר אתמול •ל־ עתיונאים כי איש או""מ בשם קאוקני ...</div>"
494	hzh19420925-01.1.4	25 September 1942	hzh	Page 4	"<div class=""txtsearchsnippet"">... מוכן לבדוק את הענין. בקשר להרחבת בית החולים העירוני, <b class=""highlightcolor"">בית‭,, ‬החולים הממשלתי</b> למחלות מידבקות והסיכוי• לפתרון קרוב של בית ...</div>"
495	dav19470812-01.1.1	12 August 1947	dav	Page 1	"<div class=""txtsearchsnippet"">... המלון שאלה ? לאטד, ולק אחר בן פנתה אל. <b class=""highlightcolor"">בית החולים הממשלתי</b> וזיהתה אותה. . - חלויה עירית תל־אביב ...</div>"
496	dav19460207-01.1.1	7 February 1946	dav	Page 1	"<div class=""txtsearchsnippet"">... קפדני של החרם - על ? הייךטה. האורח מתאכסן. <b class=""highlightcolor"">בחיפה</b> אצל אחיו הילמי . הוסייני. היום _יצמ דרך 'ג'נין ...</div>"
497	dav19480325-01.1.2	25 March 1948	dav	Page 2	"<div class=""txtsearchsnippet"">14 ערבים נהרגו בפעולות גמול <b class=""highlightcolor"">בחיפה</b></div>"
498	dav19450102-01.1.1	2 January 1945	dav	Page 1	"<div class=""txtsearchsnippet"">משלחת החיילים מסיימת את ביקוריה <b class=""highlightcolor"">בחיפה</b> ובסביבתה הקרובה ויוצאת לביקור בעפולה ובטבריה, בטרם תעזוב את ...</div>"
499	dav19460128-01.1.4	28 January 1946	dav	Page 4	"<div class=""txtsearchsnippet"">... החולים ""הדסה'' במוצאי. שבת לפני שבוע ושהיתד• מונחת בבנין <b class=""highlightcolor"">בית החולים הממשלתי,</b> הובאה פוף סוף לקבורה. על רשיון הקבורה ...</div>"
500	haretz19470619-01.1.3	19 June 1947	haretz	Page 3	"<div class=""txtsearchsnippet""><b class=""highlightcolor"">בחיפה</b></div>"
501	hbkr19470615-01.1.2	15 June 1947	hbkr	Page 2	"<div class=""txtsearchsnippet"">דייר ר. נששיבי, רופא <b class=""highlightcolor"">בית החולים הממשלתי</b> אמר כי בדק את הפצוע שהובא, לדעתו ...</div>"
502	haretz19480503-01.1.3	3 May 1948	haretz	Page 3	"<div class=""txtsearchsnippet"">ן י (מאת סופרנו <b class=""highlightcolor"">בחיפה)</b></div>"
503	hbkr19480222-01.1.4	22 February 1948	hbkr	Page 4	"<div class=""txtsearchsnippet"">... •צאו דום־ר־ם "" דרך שער ו. א־וור המוגן מצו <b class=""highlightcolor"">בית החולים הממשלתי.</b></div>"
504	haretz19331217-01.1.2	17 December 1933	haretz	Page 2	"<div class=""txtsearchsnippet"">... הירדן ובארץ ׳ ישראל. הוא יבוא באניתו הפרטית שתעגון <b class=""highlightcolor"">בחיפה,</b> I כמו בזמן בקורו הקודם. ממשלת עבר הירד! החליטה ...</div>"
505	dav19470813-01.1.10	13 August 1947	dav	Page 10	"<div class=""txtsearchsnippet"">... והוסגר לממשלת אלץ־ישלאל. ביוני הו־ עמד לפני _בית־הדין המחוזי <b class=""highlightcolor"">בחיפה</b> ונידון ל־4 חדשי מאסר על האקדח ועל פציעת שני ...</div>"
506	dav19460703-01.1.1	3 July 1946	dav	Page 1	"<div class=""txtsearchsnippet"">... בריאותם. יש חשש לדבי, _ו־2 החשודים במחלה, הועברו אל <b class=""highlightcolor"">בית החולים הממשלתי</b> בבת _גליפ, למחלקה המיוחדת ולמחלות מידבקות. את ...</div>"
507	dav19440820-01.1.7	20 August 1944	dav	Page 7	"<div class=""txtsearchsnippet"">... קונסולים, ח""ה מ. שלוש, יעקב שפירא;ד""ר _גניגיורק, _שנתמנה למנהל <b class=""highlightcolor"">בית החולים הממשלתי</b> באליסיאבי־ בה -יאחרים, פרקי היום בתנ‭''‬ך דני ...</div>"
508	dav19450104-01.1.2	4 January 1945	dav	Page 2	"<div class=""txtsearchsnippet"">... חלקל הארץ, כדוגמת האיסור הקיים עתה בתל אביב ובחלקו <b class=""highlightcolor"">בחיפה,</b> וכפי שנהוג בארצות רבות באירופה , באמריקה ויאוסטר־ ליה, ...</div>"
509	haretz19471222-01.1.3	22 December 1947	haretz	Page 3	"<div class=""txtsearchsnippet"">... של שומריה מומםיב ערבים והקהל הערבי במגרש הדומם למ <b class=""highlightcolor"">בית החולים הממשלתי</b> למ בית הסהר ולמ מת המשפס מהווה ...</div>"
510	hbkr19481128-01.1.4	28 November 1948	hbkr	Page 4	"<div class=""txtsearchsnippet"">... זה? שלנוכח פעולת העיריה אין לו כל זכות קיו* <b class=""highlightcolor"">בית החולים הממשלתי</b> בירושלים לממשלת ישראל ביח החולים הממשלתי בירישלים ...</div>"
511	haretz19450829-01.1.2	29 August 1945	haretz	Page 2	"<div class=""txtsearchsnippet"">... לבית חולים זה. הוא הרופא האחראי למחלקה הבריטית של <b class=""highlightcolor"">בית החולים הממשלתי,</b> שהוא בבנין מיוחד, עם אדמיניסטראציה מיוחדת כמעט. ...</div>"
512	dav19471023-01.1.1	23 October 1947	dav	Page 1	"<div class=""txtsearchsnippet"">... דרך, בתוכם שוטר ערבי , נפצעו ק57ה _והועברי אל <b class=""highlightcolor"">בית החולים הממשלתי</b> ביפו. הפצצה השניה נזרקה _ב־8 אל חנות ...</div>"
513	dav19471215-01.1.1	15 December 1947	dav	Page 1	"<div class=""txtsearchsnippet"">... _תל־אביב שרר שקט יחסי. בערב נשמעו יריות רבות והתפוצצויות. <b class=""highlightcolor"">בחיפה</b> ובירושלים עכרו הלילה הקודם ויום אתמול בשקט יחסי , ...</div>"
514	dav19440630-01.1.6	30 June 1944	dav	Page 6	"<div class=""txtsearchsnippet"">... _ימ־דיעה על _, זזג העשור בבית־הילדיט וז?נוער . אהבה* <b class=""highlightcolor"">בחיפה*</b> נא0ר -שהטאכסט למחזה שהוצג מעובד בידי סרץ אורי ־ ...</div>"
515	dav19450911-01.1.1	11 September 1945	dav	Page 1	"<div class=""txtsearchsnippet"">... _ו־17 מבין הפועלים נפצעו. _הפצו־ עיפ קשה נאטפו אל <b class=""highlightcolor"">בית החולים הממשלתי</b> <b class=""highlightcolor"">בחיפה.</b> _חמר3ז החקלאי מודיע: ישיבת הועדה לקליטת ...</div>"
516	dav19421218-01.1.6	18 December 1942	dav	Page 6	"<div class=""txtsearchsnippet"">... ק א ל מת פתאום אמש בשעה 11 בערב <b class=""highlightcolor"">בחיפה</b></div>"
517	hbkr19460411-01.1.2	11 April 1946	hbkr	Page 2	"<div class=""txtsearchsnippet"">... ימק-א. כאן הוקרא מברק שהגיע ממרכז הסתדרית הפקידים הממשיתיים <b class=""highlightcolor"">בחיפה•</b> אשי קרא את פקידי ועובדי השרית יהמס־ק את דבידתם ...</div>"
518	hbkr19470117-01.1.2	17 January 1947	hbkr	Page 2	"<div class=""txtsearchsnippet"">... ערביות ברחוב טנקריד. הבנין המוחרם יסופוז לאגף ־בריטי •טל <b class=""highlightcolor"">בית החולים הממשלתי</b> הסמוך. הברת. של"" וובן בעלי החנויות שמתחת ...</div>"
519	hbkr19470224-01.1.4	24 February 1947	hbkr	Page 4	"<div class=""txtsearchsnippet"">... היוי ‭57‬ ס' שד־ל ‭. 10 ‬ המפיץ הראשי <b class=""highlightcolor"">בחיפה:</b> י. גדשלר, רהימאליק‭. 5‬ בירושלים: . אהיאסף'. 4 בקרוב ...</div>"
520	ahr19470214-01.1.5	14 February 1947	ahr	Page 5	"<div class=""txtsearchsnippet"">‭wnum I \ !‬ !_תכשיטים ! <b class=""highlightcolor"">בחיפה</b> ו _זילבי_^ו _דח1ב ?פו 44 י</div>"
521	dav19470603-01.1.1	3 June 1947	dav	Page 1	"<div class=""txtsearchsnippet"">נשיא _גית הלין המחוזי <b class=""highlightcolor"">בחיפה,</b> טבת־ השופט רוג'רס, החל אתמול בברור התביעות שהגישה הממשלה ...</div>"
522	hbkr19480107-01.1.4	7 January 1948	hbkr	Page 4	"<div class=""txtsearchsnippet"">נוטרים ערבים הפריעו לנהגים לקחת דלק במיכל־ הנפט <b class=""highlightcolor"">בחיפה</b> הם הוהניפו ע""• מש־־ר , 1ת-צבא־חה־ד ., אספקת הנפט ...</div>"
523	hbkr19480216-01.1.2	16 February 1948	hbkr	Page 2	"<div class=""txtsearchsnippet"">... לפני ימים מעשים חזר מארה""ב האיש המרכזי של ה""הסתדרות• <b class=""highlightcolor"">בחיפה.</b> מר אבא חושי, והוא נקרא לועד הפועל של ההסתדרות ...</div>"
524	haretz19470213-01.1.2	13 February 1947	haretz	Page 2	"<div class=""txtsearchsnippet"">... םולקמאן ליד כנסית נוסר ־ דאפ* ברחוב יפו ליד <b class=""highlightcolor"">בית החולים הממשלתי</b> וליד הממקלה הרזמ^ת של הפשסד* בנק ברקלייס ...</div>"
