n	id	date	publication	title	snippet	forms
1	ahr19430817-01.1.3	17 August 1943	ahr	Page 3	"<div class=""txtsearchsnippet"">... שי פישט־ יד ערבי. זהותו לא נקבעה הועבר אל <b class=""highlightcolor"">בית־החולים הממשלתי.</b> בסביבות עכי פגעה מכונית צבאית בחםן אחמד _שהאדה, ...</div>"	maqaf
2	ahr19430903-01.1.7	3 September 1943	ahr	Page 7	"<div class=""txtsearchsnippet"">... , ירו בו ופצעוהו. הפצוע ד. ־ בל אד <b class=""highlightcolor"">בית־החולים הממשלתי.</b></div>"	maqaf
3	ahr19430919-01.1.2	19 September 1943	ahr	Page 2	"<div class=""txtsearchsnippet"">... לפני _כחדשיים ע""י חיים זאלסקי , ןות ביום ד' <b class=""highlightcolor"">ביה""ח הממשלתי.</b> קנס _ודכרי־מושר לקצב עבריין זאב אםאטאנוביץ‭, _'‬שברשותו נמצא ...</div>"	abbreviated
4	ahr19431011-01.1.3	11 October 1943	ahr	Page 3	"<div class=""txtsearchsnippet"">התנגשות והפלה אמבולנס של <b class=""highlightcolor"">_בית־החולים הממשלתי</b> נתחלק והתנגש במכונית טאקסי. בהו־ רה שעמדה לשכור ...</div>"	maqaf
5	ahr19440406-01.1.4	6 April 1944	ahr	Page 4	"<div class=""txtsearchsnippet"">... היום (יום די) הפועל אלכסנדר גולדברגר. גופתו הועברה אל <b class=""highlightcolor"">בית־החולים הממשלתי.</b> תופפת כעד שעות נופפות — הוועד הפועל החליט ...</div>"	maqaf
6	ahr19440606-01.1.4	6 June 1944	ahr	Page 4	"<div class=""txtsearchsnippet"">... השוטר הפ־ צוע הגיע _לתחנת־משטרה ומשם נא־ סף זיל <b class=""highlightcolor"">_בית־החולים הממשלתי.</b></div>"	maqaf
7	ahr19440627-01.1.4	27 June 1944	ahr	Page 4	"<div class=""txtsearchsnippet"">... חיים, לאחר שהמשטרה הגיעה למקום, הועברה הגופה לבדיקה אל <b class=""highlightcolor"">בית־החולים הממשלתי.</b> משערים כי הצעירה איבדה את עצמה לדעת בבליעת ...</div>"	maqaf
8	ahr19440920-01.1.4	20 September 1944	ahr	Page 4	"<div class=""txtsearchsnippet"">... _זורבעה חד לי דבר הובאו בימים תץ. הרוניפ אל <b class=""highlightcolor"">בית־החולים הממשלתי</b> בחיפה. 2 מהם מתו. מיםפו מתי הדבר עד ...</div>"	maqaf
9	ahr19441003-01.1.4	3 October 1944	ahr	Page 4	"<div class=""txtsearchsnippet"">... עוד חולה דבר, ערבי הובא _ביוס א' אי י <b class=""highlightcolor"">בית־החולים ' הממשלתי</b> בחיפה.</div>"	maqaf
10	ahr19441013-01.1.8	13 October 1944	ahr	Page 8	"<div class=""txtsearchsnippet"">... העשן, רק בעבור חצי שעד, הוצא משם וגשלח אל <b class=""highlightcolor"">בית־החולים הממשלתי</b> יתד עם שאר חמשת הנפגעים. שנייס מהם נשלחו ...</div>"	maqaf
11	ahr19450105-01.1.8	5 January 1945	ahr	Page 8	"<div class=""txtsearchsnippet"">... 2 ערבים מתושבי חיפה במחלת הדבר והו־ באו אל <b class=""highlightcolor"">_בית־החולים הממשלתי.</b> מיספר האנשים שהלו עד כה בדבר בחיפה מגיע ...</div>"	maqaf
12	ahr19450527-01.1.4	27 May 1945	ahr	Page 4	"<div class=""txtsearchsnippet"">... לא הועיל והמתאבד מת. המשטרה אספה"" את גופתו אל <b class=""highlightcolor"">_בית־החולים הממשלתי.</b> עלה ארצה מהונגריה. דייר בקריית־ חיים. עבד בחברת ...</div>"	maqaf
13	ahr19450812-01.1.4	12 August 1945	ahr	Page 4	"<div class=""txtsearchsnippet"">... ליו משמר־הים מאוטובוס ציבורי שנסע לנהריה. גופתו נאספה אל <b class=""highlightcolor"">בית־החולים הממשלתי.</b> בן ‭. 50‬ שכתי לוי, ראש עירייה חיפה, ...</div>"	maqaf
14	ahr19451102-01.1.8	2 November 1945	ahr	Page 8	"<div class=""txtsearchsnippet"">... הוא : יעקב גולדברג (גרינברג ‭, (?‬הגרפה נאספה אל <b class=""highlightcolor"">בית־החולים הממשלתי</b> בחיפד‭., ‬ עפולה ורהוכות על־יו עפולה פוצצו הלילה ...</div>"	maqaf
15	ahr19451202-01.1.4	2 December 1945	ahr	Page 4	"<div class=""txtsearchsnippet"">... ו' בקטר בשטח הנמל. ד חיילים שנפצעו, נאספו אל <b class=""highlightcolor"">_בית־החולים הממשלתי.</b> הנהג, יתודי , שנפצע אף הוא, נעצר לצורכי ...</div>"	maqaf
16	ahr19460227-01.1.2	27 February 1946	ahr	Page 2	"<div class=""txtsearchsnippet"">... "" מיגרש הרובים‭, ""‬ אין עליו לטרות כלל, שהרי <b class=""highlightcolor"">_בית־החולים הממשלתי</b> אף הוא כאן, לשמאלו של בניין המשפט. — ...</div>"	maqaf
17	ahr19460307-01.1.4	7 March 1946	ahr	Page 4	"<div class=""txtsearchsnippet"">... בבנו אור ליום ד‭. '‬הבו נפצע קל ובאסף אל <b class=""highlightcolor"">ביה""ח הממשלתי.</b> כפי שמוסרים אירע הסיכסוך לרגל _חביעח הבן מהאב ...</div>"	abbreviated
18	ahr19460310-01.1.4	10 March 1946	ahr	Page 4	"<div class=""txtsearchsnippet"">... ביום א' (היום) תועבר גוויית הנרצח לצורך _בדיקת־דמוות, אל <b class=""highlightcolor"">בית־החולים . הממשלתי</b> בפרדם כ""ץ.</div>"	maqaf
19	ahr19460609-01.1.4	9 June 1946	ahr	Page 4	"<div class=""txtsearchsnippet"">... הרוסים בדרך השער הראשי מרח' יפו. התנועה לבתי המשפט, <b class=""highlightcolor"">_בית־החולים הממשלתי</b> ובית־הסוהר המרכזי, הנמצאים בולם על מגרש הרוסים, הופנתה ...</div>"	maqaf
20	ahr19460616-01.1.4	16 June 1946	ahr	Page 4	"<div class=""txtsearchsnippet"">... _ברחרב טבריה. קצין המחוז נפצע בירייה בצווארו ונאסף אל <b class=""highlightcolor"">_בית־החולים הממשלתי.</b> מצבו אינו קשר, ליד _מקוס ההתנקשות נמצא אקווה.</div>"	maqaf
21	ahr19460619-01.1.1	19 June 1946	ahr	Page 1	"<div class=""txtsearchsnippet"">י‭, '‬ההתקפה בתי־המלאבר, של הרכבת, הרכאו אל <b class=""highlightcolor"">בית ; החולים הממשלתי</b> בחיפה 10 גופות של מתקיפים שנהרגו ...</div>"	spelled
22	ahr19460726-01.1.8	26 July 1946	ahr	Page 8	"<div class=""txtsearchsnippet"">וקרובים צפופים ליו <b class=""highlightcolor"">בית־החולים הממשלתי,</b> שהנר מהוד המטרד. לחללים המובאים במכוניות _הצלב־האדופ. הקבובים ...</div>"	maqaf
23	ahr19460910-01.1.1	10 September 1946	ahr	Page 1	"<div class=""txtsearchsnippet"">... בחיפה ונפצע. הוא נפגע _ב־ד מקומות בגופו. נאסף אל <b class=""highlightcolor"">בית החולים הממשלתי</b> ושם מת. הניח אשר"" ממקור רשמי מוסרים, ...</div>"	spelled
24	ahr19460912-01.1.4	12 September 1946	ahr	Page 4	"<div class=""txtsearchsnippet"">... בנכי־ רובין לחזור ליפו. שכיתת א היות• — אחיות <b class=""highlightcolor"">_בית־ החולים הממשלתי</b> ביפי הכריזו שלשום שביתת־רעב על שהנחלח בית־ ...</div>"	spelled
25	ahr19461011-01.1.7	11 October 1946	ahr	Page 7	"<div class=""txtsearchsnippet"">... ג'אואו!בן 45 ועבד אל עזיז, בן ‭. 40‬נאספו אל <b class=""highlightcolor"">בית־החולים הממשלתי</b> בחיפה.</div>"	maqaf
26	ahr19461018-01.1.7	18 October 1946	ahr	Page 7	"<div class=""txtsearchsnippet"">... נפצע, בנפול עליו אבנים בעבדי במחצבה. הוא נאסף אל <b class=""highlightcolor"">בית־החולים הממשלתי</b> בחיפה ושם מת. _פגיעותיהן של מכוניות צבאיות ביום ...</div>"	maqaf
27	ahr19461023-01.1.4	23 October 1946	ahr	Page 4	"<div class=""txtsearchsnippet"">... בו עד שהצליחו להשיב רוחו אליו. הובאו לבית־החולים אל <b class=""highlightcolor"">בית־החולים הממשלתי</b> בחיפה הובאו 3 מעפיי י ים חולים: יואכים ...</div>"	maqaf
28	ahr19461101-01.1.8	1 November 1946	ahr	Page 8	"<div class=""txtsearchsnippet"">... בן ‭, 22‬מערב מישאאת נפת חיפה. הוא נאסף אל <b class=""highlightcolor"">בית־החולים הממשלתי</b> בהיפה ומת שעה לאחו שהובא לשם. נכגע _טנזכדנית ...</div>"	maqaf
29	ahr19461124-01.1.4	24 November 1946	ahr	Page 4	"<div class=""txtsearchsnippet"">... המכוניות. הפצוע וכן- גופת ההרוג, שלא זוהתה, נאספו אל <b class=""highlightcolor"">_בית־החולים הממשלתי.</b> גסמנע _כןןכודה בגמל עלי זן 8ורה, בן M ...</div>"	maqaf
30	ahr19461128-01.1.4	28 November 1946	ahr	Page 4	"<div class=""txtsearchsnippet"">... ""הברא קדיש‭""*‬ בחי ־ פה ודרשו מהם ללכת אל <b class=""highlightcolor"">בית־החולים הממשלתי</b> , כדי לקבור את שני החללים מבין המעפילים. ...</div>"	maqaf
31	ahr19470105-01.1.4	5 January 1947	ahr	Page 4	"<div class=""txtsearchsnippet"">... אור ליום ר במלון ברחוב הרצל. גוסתו נאספה אל <b class=""highlightcolor"">בית־החולים הממשלתי.</b> מוסרים, כי את מעשהו הנואש ביצע על רקע ...</div>"	maqaf
32	ahr19470121-01.1.3	21 January 1947	ahr	Page 3	"<div class=""txtsearchsnippet"">... רגלו בין 2 קרונות בתחנת חורה. הוא נאסף אל <b class=""highlightcolor"">בית־ החולים הממשלתי.</b></div>"	spelled
33	ahr19470122-01.1.3	22 January 1947	ahr	Page 3	"<div class=""txtsearchsnippet"">... נפל ובגום לו שבר ברגלו השמאלית ובמרפקחו נאסף אל <b class=""highlightcolor"">_בית־החולים הממשלתי.</b> נוטר נדרס עבדאללה מוחמר עבואללה, נוטר, נדרם על־ידי ...</div>"	maqaf
34	ahr19470122-01.1.4	22 January 1947	ahr	Page 4	"<div class=""txtsearchsnippet"">ד""ר שמעון כמש מנהל <b class=""highlightcolor"">בית־החולים הממשלתי</b> ""הירקון"" _בתל־אביב הועלה בדרגה ונשלח לאנגליה להשתלם במקצוע ...</div>"	maqaf
35	ahr19470123-01.1.4	23 January 1947	ahr	Page 4	"<div class=""txtsearchsnippet"">... נאסף אל _בית־החולים רוטשילד ועמין מוסטפה _אבו־שחב — אל <b class=""highlightcolor"">_בית־החולים הממשלתי</b> בחיפה.</div>"	maqaf
36	ahr19470127-01.1.4	27 January 1947	ahr	Page 4	"<div class=""txtsearchsnippet"">... _אמאלין איל־פ""חפ' שנדקר במסיבות בלחי ידועות. הגופה נאספה אל <b class=""highlightcolor"">בית־החולים הממשלתי.</b></div>"	maqaf
37	ahr19470202-01.1.4	2 February 1947	ahr	Page 4	"<div class=""txtsearchsnippet"">... בבעל הביון (בן ‭(30‬ ופצעו בכליוח, הפצוע נאסף !אל <b class=""highlightcolor"">בית החולים הממשלתי</b> בתיפת• _תאוגות דרכים _כחיפיה. — ערף עבוול ...</div>"	spelled
38	ahr19470209-01.1.4	9 February 1947	ahr	Page 4	"<div class=""txtsearchsnippet"">... ‬ מהנפגעים הם ילדים — מוסרת לשכת המודיעין הממשלתית. <b class=""highlightcolor"">_בית־החולים הממשלתי</b> בחיפה מוסר על ארבע תאונות דרכים שאירעו היום, ...</div>"	maqaf
39	ahr19470214-01.1.5	14 February 1947	ahr	Page 5	"<div class=""txtsearchsnippet"">... כנען נדרס ביום ד' בכביש חיפה־טירה. הו;ג נאסף אל <b class=""highlightcolor"">בית החולים הממשלתי</b> ושם נקבע כי נגרם לו זעזוע מוח. ...</div>"	spelled
40	ahr19470214-01.1.8	14 February 1947	ahr	Page 8	"<div class=""txtsearchsnippet"">... על אי־תנועח j במושבה הגרמנית. הפצוע נאסף אל י <b class=""highlightcolor"">?ביה""ח הממשלתי.</b> I בתערוכת ""העת• !תערוכת ההסתדרות ב""ביחבו"" פתוחה מ־9 ...</div>"	abbreviated
41	ahr19470216-01.1.3	16 February 1947	ahr	Page 3	"<div class=""txtsearchsnippet"">... אחסר מוחמר' בן ‭. 18‬ במצב רציני הובאו אל <b class=""highlightcolor"">בית־החולים הממשלתי.</b></div>"	maqaf
42	ahr19470216-01.1.4	16 February 1947	ahr	Page 4	"<div class=""txtsearchsnippet"">... המשםור, את המשמרות שנהגו עו־כה ללוות את האמבולנסים של <b class=""highlightcolor"">_בית־החולים הממשלתי</b> בתחומי העיר. להבא ימשיכו משמרות משטרה ללוות אח ...</div>"	maqaf
43	ahr19470318-01.1.3	18 March 1947	ahr	Page 3	"<div class=""txtsearchsnippet"">... מכונית־משא אזרחית. נג־ רם לה שבר בשוק־רגלד, ונאספה אל <b class=""highlightcolor"">_בית־החולים הממשלתי</b> בחיפה. לאקדמיה בפאריז י. מוטולד, וא. קרוכמאלניק, תלמידי ...</div>"	maqaf
44	ahr19470320-01.1.3	20 March 1947	ahr	Page 3	"<div class=""txtsearchsnippet"">... ‬ כדורים התפוצצו והוא נפצע בשחי ידיו. נאסף אל <b class=""highlightcolor"">בית־החולים הממשלתי.</b> • תייליפ מתנפליפ ושודדימ ברחוב שדרות הכרמל, התנפלו ...</div>"	maqaf
45	ahr19470321-01.1.10	21 March 1947	ahr	Page 10	"<div class=""txtsearchsnippet"">... בידי יהודי שנפצע ונאסף אל בית־חולים צבאי ומשם אל <b class=""highlightcolor"">בית־החולים הממשלתי.</b> המקרה קרר, ברח' םירקין. הפצצה התפוצצה בידי בחור ...</div>"	maqaf
46	ahr19470323-01.1.3	23 March 1947	ahr	Page 3	"<div class=""txtsearchsnippet"">... שגנב את כספו הכהו בראשו בעל־הדירר, הפצוע נאסף אל <b class=""highlightcolor"">_בית־החולים _הממשלתי</b></div>"	maqaf
47	ahr19470324-01.1.3	24 March 1947	ahr	Page 3	"<div class=""txtsearchsnippet"">... נורה במוצאי־שבת ע""י אלמוני. פצוע בירו השמאלית הובא אל <b class=""highlightcolor"">בית־החולים הממשלתי.</b> בוועדת התרכות שליד מ. ש. ח. בחוג לבעיות ...</div>"	maqaf
48	ahr19470326-01.1.3	26 March 1947	ahr	Page 3	"<div class=""txtsearchsnippet"">... סטאגטרן על־ידי מבינית־מניא‭. -‬גגרם לו שבר בזרוע וגאסף אל <b class=""highlightcolor"">ביה""ח הממשלתי.</b> נחש הכישו בווץריו אי סרים (מחוז חיכה) הכיש ...</div>"	abbreviated
49	ahr19470327-01.1.3	27 March 1947	ahr	Page 3	"<div class=""txtsearchsnippet"">... אל אווי ליד כורדאני. בעל־הדירה נפצע בירך ונאסף אל <b class=""highlightcolor"">בית־ החולים הממשלתי</b> בחיפה.</div>"	spelled
50	ahr19470327-01.1.4	27 March 1947	ahr	Page 4	"<div class=""txtsearchsnippet"">... מוחמד _אחמד מוסד. נמצא ב־23 במארס, סמוך לכניסה של <b class=""highlightcolor"">ביה""ח הממשלתי,</b> כשהוא פצוע באופן רציני. הוא הוכנס לנית""החולים ושם ...</div>"	abbreviated
51	ahr19470330-01.1.3	30 March 1947	ahr	Page 3	"<div class=""txtsearchsnippet"">... פגעה בידו — ופצעה. כל הנפגעים הנ""ל נאספו »ל <b class=""highlightcolor"">בית־ החולים הממשלתי.</b> נפצעו כתאונת""דרכיפ סדר עבד אבו חסן, בן ...</div>"	spelled
52	ahr19470330-01.1.4	30 March 1947	ahr	Page 4	"<div class=""txtsearchsnippet"">... שרייבר (בת ‭. (3i‬ מלבד הפועל שמת נאסף אל <b class=""highlightcolor"">בית־ החולים הממשלתי</b> גם נהג המכונית הצבאית. התנקשות. — אלמוני ...</div>"	spelled
53	ahr19470406-01.1.4	6 April 1947	ahr	Page 4	"<div class=""txtsearchsnippet"">... ימונים כתגובה על פיצוץ הבאר בקרית־חיים — נאסף אל <b class=""highlightcolor"">ביה""ח הממשלתי</b> בתיפה. נגרם לו שבר בעצמות ר‭', ‬־די0 _ופצע־פ ...</div>"	abbreviated
54	ahr19470415-01.1.3	15 April 1947	ahr	Page 3	"<div class=""txtsearchsnippet"">... ברהם אסעו, בן ‭, 27‬כתוצאה מקטטה. הוא נאסף אל <b class=""highlightcolor"">_בית־החולים הממשלתי,</b> דליקה בדירה ברחוב הגלעד 38 פרצה דליקה, בהתלקח ...</div>"	maqaf
55	ahr19470416-01.1.1	16 April 1947	ahr	Page 1	"<div class=""txtsearchsnippet"">קהל, ביניהם _מבתי־החרושת, נהרו אל <b class=""highlightcolor"">בית־החולים הממשלתי'</b> שמשם יצאה ההלווייה. הגי ודיית, שהיו עטופות דגלי ...</div>"	maqaf
56	ahr19470416-01.1.3	16 April 1947	ahr	Page 3	"<div class=""txtsearchsnippet"">... פפח לשלוח י ד בנפשה בצורה דומה. גווייחה הועברה <b class=""highlightcolor"">?_בית־החולים הממשלתי</b> בפרדס בייץ י יבדיקה. הרעילו קיבותיהם בגבינה 5 ...</div>"	maqaf
57	ahr19470420-01.1.3	20 April 1947	ahr	Page 3	"<div class=""txtsearchsnippet"">... שבר ביד ופי . גלים כפנים ובראש. נאסף אל <b class=""highlightcolor"">בית־ החולים הממשלתי.</b> בוועדת התרבות שליד מ. פ. ח. ח- ...</div>"	spelled
58	ahr19470421-01.1.3	21 April 1947	ahr	Page 3	"<div class=""txtsearchsnippet"">... עכו, נורה _במוצאי־שבת בגבו ע""י אלמוניכ. הוא נאסף אל <b class=""highlightcolor"">בית־ החולים הממשלתי</b> בחיפה. כתערוכת ההפתדרדת תערוכת ההסתדרות ב""ביתנו"" פתוחה ...</div>"	spelled
59	ahr19470422-01.1.3	22 April 1947	ahr	Page 3	"<div class=""txtsearchsnippet"">... מחה""צ• נגרם דו שבר בגולגו־ יי ת ונאסף אל <b class=""highlightcolor"">בית־החולים הממשלתי.</b> קרנות מיוהדות בהדודאה וחסכון' "" בשנת 1946 הופעלו ...</div>"	maqaf
60	ahr19470507-01.1.4	7 May 1947	ahr	Page 4	"<div class=""txtsearchsnippet"">... ראובן בן יקותיאל סטאן מתי'א — נפצע ונאסף אל <b class=""highlightcolor"">ביה""ח הממשלתי</b> בחיפה, מצבו אינר קשה. הפצוע נעצר לצורכי חקירה. ...</div>"	abbreviated
61	ahr19470512-01.1.3	12 May 1947	ahr	Page 3	"<div class=""txtsearchsnippet"">... נדרסה בשבת ע""י מכונית־משא אזרחית. במצב קשה הובאה אל <b class=""highlightcolor"">בית־החולים הממשלתי</b> בחיפה? ילד מת בנפילה לבדר עוואו _אחמו ו1מרי ...</div>"	maqaf
62	ahr19470516-01.1.10	16 May 1947	ahr	Page 10	"<div class=""txtsearchsnippet"">... ג י ט ה — נחבלו. _כולס הועברו אל <b class=""highlightcolor"">ביה""ח הממשלתי</b> ביפו ע""י מכונית מ. ד, א. רחובות. _ב־9 ...</div>"	abbreviated
63	ahr19470518-01.1.4	18 May 1947	ahr	Page 4	"<div class=""txtsearchsnippet"">... הנוסעים‭2, ‬ הפצועים האנגלים נאספו ע""י ""מגן־דוד אוום"" אל <b class=""highlightcolor"">בית־החולים הממשלתי,</b> מנד""א הגיש עזרה גם לאשתו שד ד""ר י. ...</div>"	maqaf
64	ahr19470526-01.1.3	26 May 1947	ahr	Page 3	"<div class=""txtsearchsnippet"">... מחמוד אברהם הובא מת במרצאי י רם הי אל <b class=""highlightcolor"">_בית־החולים הממשלתי</b> בחיפה. נדום ע""י מכונית. הוא כנראה מג'נין כבן ...</div>"	maqaf
65	ahr19470528-01.1.3	28 May 1947	ahr	Page 3	"<div class=""txtsearchsnippet"">... בהר הכרמל, נגרם פצע מיריד, כירך. הוא נאסף אל <b class=""highlightcolor"">בית־החולים הממשלתי</b> בחיפה ומת למחרת בבוקר. פקיד דואר נאשם במעילה ...</div>"	maqaf
66	ahr19470608-01.1.3	8 June 1947	ahr	Page 3	"<div class=""txtsearchsnippet"">... בכית־קפה, נגרם שבר ברגל בשעת קטטה. הפצועים נאםפי אל <b class=""highlightcolor"">בית־החולים הממשלתי.</b> _םכסדך כין _מלהימ פצעים קשים נגרמו למוצטפה אחמו ...</div>"	maqaf
67	ahr19470624-01.1.2	24 June 1947	ahr	Page 2	"<div class=""txtsearchsnippet"">... החויי , זה ם ' ""הרסה _ דהו ‭(""‬ <b class=""highlightcolor"">בית חולים ממשלתי</b> , שאלה: — מהם בניינים מפוארים איה ...</div>"	indefinite
68	ahr19470713-01.1.3	13 July 1947	ahr	Page 3	"<div class=""txtsearchsnippet"">... בהתפוצצה ברמה לו המציאה פצעים קשים והוא נאסף אל <b class=""highlightcolor"">בית־ החולים הממשלתי</b> בחיפה• מצב העבודה מספר מבקשי־העבודה גול מחודש ...</div>"	spelled
69	ahr19470715-01.1.3	15 July 1947	ahr	Page 3	"<div class=""txtsearchsnippet"">... חיפה—עכו. 3 _נוםעי הטאכסי הערבים נפצעו. הם נאספו אל <b class=""highlightcolor"">_בית־החולים הממשלתי</b> בחיפה.</div>"	maqaf
70	ahr19470716-01.1.3	16 July 1947	ahr	Page 3	"<div class=""txtsearchsnippet"">... השמאלית, וי ש חשש לשבר בגולגולת. הפצועים נאספו אל <b class=""highlightcolor"">בית־ החולים הממשלתי.</b> זו בקומקום, וזו _בפדימוס ? ילדה בת ...</div>"	spelled
71	ahr19470720-01.1.1	20 July 1947	ahr	Page 1	"<div class=""txtsearchsnippet"">... 1832 גברים‭1602, ‬ נשים‭955, ‬ ילדים. החולים שנשלחו אל <b class=""highlightcolor"">בית־החולים הממשלתי</b> הם ל1 גברים' 0נ נשים וילד אחד‭22. ‬ ...</div>"	maqaf
72	ahr19470722-01.1.4	22 July 1947	ahr	Page 4	"<div class=""txtsearchsnippet"">... מוחמד, בן ‭, 23‬נפצע ביריד. בירך. הס הובאו אל <b class=""highlightcolor"">_בית־החולים הממשלתי</b> ומצבם משי חפר. בםטלדי מאריס נהרםר בניינים. לשני ...</div>"	maqaf
73	ahr19470723-01.1.4	23 July 1947	ahr	Page 4	"<div class=""txtsearchsnippet"">... האחרונה בהלרויחו השתתפו מאות אנשים, שבאו באוטובוסים מהדר־הכרמל אל <b class=""highlightcolor"">בית־ החולים הממשלתי.</b> בין. המשתתפים — נציגי וועד הקהילה. בין ...</div>"	spelled
74	ahr19470725-01.1.9	25 July 1947	ahr	Page 9	"<div class=""txtsearchsnippet"">... לםאויקה סלים בא־ וואן, בת ‭. 18‬הפצועות נאספו אל <b class=""highlightcolor"">בית־ החולים הממשלתי</b> בחיפה. מכונית פוגעת מכונית אזרחית פגעה ביום ...</div>"	maqaf,spelled
75	ahr19470801-01.1.11	1 August 1947	ahr	Page 11	"<div class=""txtsearchsnippet"">... עבודה ביום ד' מגדבה 5 מ. הוא נאסף אל <b class=""highlightcolor"">בית־ החולים הממשלתי.</b> אלמוני נדרם ומת בהתנגשות מכוניות נפצע אור ...</div>"	spelled
76	ahr19470807-01.1.4	7 August 1947	ahr	Page 4	"<div class=""txtsearchsnippet"">... אחרים שנמצאד על גבות _וכחצררת בסביכה הקרובה רהועברו אל <b class=""highlightcolor"">_בית־החולים הממשלתי.</b> מצבו של השוטר הערבי _שגפצע אתמול בשעת עבודת ...</div>"	maqaf
77	ahr19470815-01.1.1	15 August 1947	ahr	Page 1	"<div class=""txtsearchsnippet"">... הרצלי וביאליק, בשעת ההתפוצצות במכונית הטאכםיהועבר _מביתיהחולים רוטשילד אל <b class=""highlightcolor"">בית־החולים הממשלתי.</b> _שוהררו‭—. ‬ שניים מבין שלושת עצורי ליל היריות ...</div>"	maqaf
78	ahr19470901-01.1.3	1 September 1947	ahr	Page 3	"<div class=""txtsearchsnippet"">... הצבאית פגעה בא. הורוביץ שנהרג במקום. גופתו נאספה אל <b class=""highlightcolor"">בית החולים הממשלתי.</b> תורנות כתי המדקהת _הח_/וץ, וזו' החמץ 2ז</div>"	spelled
79	ahr19470918-01.1.3	18 September 1947	ahr	Page 3	"<div class=""txtsearchsnippet"">... דקרו 3 דקירות בגבו‭2. ‬ הפצועים נאספו אל ו <b class=""highlightcolor"">בית־החולים הממשלתי</b> בחיפה. מצבם I אינו מסוכן. כוועדת התרבות שליד ...</div>"	maqaf
80	ahr19470918-01.1.4	18 September 1947	ahr	Page 4	"<div class=""txtsearchsnippet"">... על־ידי כלבי שומרים. הרו־ | עים הפצועים נאספו אל <b class=""highlightcolor"">בית־החולים הממשלתי</b> בחיפה‭!. ‬ שלושת הרועים סירבו לרדת מעל האדמה, ...</div>"	maqaf
81	ahr19470930-01.1.4	30 September 1947	ahr	Page 4	"<div class=""txtsearchsnippet"">... מיותרים. רכים מהפצועים הם מרסיסי זכוכית. הם נאספו אל <b class=""highlightcolor"">בית־החולים הממשלתי</b> וקיבלו שם עזרה‭"", ‬מד. א‭"". ‬ טיפל בזז ...</div>"	maqaf
82	ahr19471005-01.1.8	5 October 1947	ahr	Page 8	"<div class=""txtsearchsnippet"">... ‭-'‬לא ראו ולא שמעו ובר. גופות הנרצחים הועברו _י <b class=""highlightcolor"">ביה'ח הממשלתי</b> בפרדס כץ. הנח הנס ליבנברג, חייל משוחרר, אשד, ...</div>"	abbreviated
83	ahr19471007-01.1.3	7 October 1947	ahr	Page 3	"<div class=""txtsearchsnippet"">... 28‬הוא נורה ע""י אלמוני בכפרו וואסה _ח, נאסף אל <b class=""highlightcolor"">_בית־החולים הממשלתי</b> בהיפר, ושם מת למחרת בבוקר. גניבה כלי בית ...</div>"	maqaf
84	ahr19471007-01.1.4	7 October 1947	ahr	Page 4	"<div class=""txtsearchsnippet"">... נפצע. המת והפציע הועברו על יוי משטרת רחובות אל <b class=""highlightcolor"">בית החולים הממשלתי</b> ביפו.</div>"	spelled
85	ahr19471019-01.1.3	19 October 1947	ahr	Page 3	"<div class=""txtsearchsnippet"">... בחיפה שיושר, כדורים כגעו בגופו במצב קשה נאסף אל <b class=""highlightcolor"">בית־ החולים הממשלתי.</b> במקום נמצאו אחו־ :ך ארבעה תרמילי אקדח ...</div>"	spelled
86	ahr19471020-01.1.3	20 October 1947	ahr	Page 3	"<div class=""txtsearchsnippet"">... נעצר ונורה ברגלי ע""י השוטר הפצוע נאסף במוצ''_ש אל <b class=""highlightcolor"">ביה""ח הממשלתי</b> _בח־פה זריקות חיסרן נגד חולירע הנהית ־וכת־חולים בחיפה ...</div>"	abbreviated
87	ahr19471024-01.1.9	24 October 1947	ahr	Page 9	"<div class=""txtsearchsnippet"">... גימאל אם־ לאן, כן ‭, 12‬נפצע ברגלו ונאסף אל <b class=""highlightcolor"">ביה""ח הממשלתי</b> בחיפה. השבת בוועדת התרבות קונצרט זמרה של סידור ...</div>"	abbreviated
88	ahr19471028-01.1.4	28 October 1947	ahr	Page 4	"<div class=""txtsearchsnippet"">... _בחחומי איזור הבטחון, שישמשו אגף נוסף למחלקה הבריטית של <b class=""highlightcolor"">_בית־החולים הממשלתי</b> הסמוך. כזכור, הועברו משרדי חברת ""של"" לרחוב ממילא ...</div>"	maqaf
89	ahr19471102-01.1.4	2 November 1947	ahr	Page 4	"<div class=""txtsearchsnippet"">... הועבר במכונית משטרה מלווה משמר חזק ומכונית משוריינת אי־ <b class=""highlightcolor"">ביה""ח הממשלתי</b> ריפו.</div>"	abbreviated
90	ahr19471103-01.1.4	3 November 1947	ahr	Page 4	"<div class=""txtsearchsnippet"">... י לדת בת ד, וגרם למותה. גונתה נאספה אל <b class=""highlightcolor"">_ביה''ח הממשלתי.</b> פצ יי ‭:- _^‬ ה קשים התפוצצה ברגל ...</div>"	abbreviated
91	ahr19471106-01.1.3	6 November 1947	ahr	Page 3	"<div class=""txtsearchsnippet"">... 2 ערבים, שנדקרו בסכינים בקטטות, הובאו ביום ג' אל <b class=""highlightcolor"">בית־החולים הממשלתי</b> בחיפה. שכד דל‭. _/, ‬גנב ונעצר פקודת־מעצר לשבועיים ...</div>"	maqaf
92	ahr19471106-01.1.4	6 November 1947	ahr	Page 4	"<div class=""txtsearchsnippet"">... השבועות האתרוגים, שפצועים מאבדים את חייהם בגלל רשלנות מצד <b class=""highlightcolor"">ביה""ח הממשלתי""</b> — אמר היום בביה""ד המחוזי השופט חליל שיחאדה‭"". ...</div>"	abbreviated
93	ahr19471107-01.1.12	7 November 1947	ahr	Page 12	"<div class=""txtsearchsnippet"">... אשד, לבושה שמלה ירוקה, בלי נעליים. הגופה הובאה אל <b class=""highlightcolor"">_בית־החולים הממשלתי.</b> דנים על הפינוי‭—. ‬ הקולונל ג ר י ...</div>"	maqaf
94	ahr19471111-01.1.4	11 November 1947	ahr	Page 4	"<div class=""txtsearchsnippet"">... והרגה הנאשם הוביל את אשתי הפצועה במכונית טאכסי אל <b class=""highlightcolor"">בית־ החולים הממשלתי,</b> מקום שם מתה למחרת.</div>"	spelled
95	ahr19471117-01.1.4	17 November 1947	ahr	Page 4	"<div class=""txtsearchsnippet"">... —‬ילדים ‭. 121‬במיםפר זה אינם כלולים חמישה שנשלחו אל <b class=""highlightcolor"">ביה""ח הממשלתי</b> ושמונה אנשים שנלוו אליהם. ס""ה הגיעו, איפוא, ב""קדי ...</div>"	abbreviated
96	ahr19471120-01.1.4	20 November 1947	ahr	Page 4	"<div class=""txtsearchsnippet"">... מטר, נטול הכרה נאסף ע""י ט. ד. א. אל <b class=""highlightcolor"">ביה""ח הממשלתי.</b></div>"	abbreviated
97	ahr19471207-01.1.4	7 December 1947	ahr	Page 4	"<div class=""txtsearchsnippet"">... פצעים בבטנו ובידיו. במצב קשה נאספו ל1ני הפצועים אל <b class=""highlightcolor"">ביה""ח הממשלתי.</b></div>"	abbreviated
98	ahr19471210-01.1.4	10 December 1947	ahr	Page 4	"<div class=""txtsearchsnippet"">... טאכםי ברי , הערבי ט־ הובל באמבולנס צבאי אל <b class=""highlightcolor"">בית החולים הממשלתי</b> רמת מבצעיו. המק רה עורר ברחוב בהי־ ...</div>"	maqaf,spelled
99	ahr19471212-01.1.10	12 December 1947	ahr	Page 10	"<div class=""txtsearchsnippet"">... כולם נפצעו פצעים קשים בכמה מקומות בגוף והובאו אל <b class=""highlightcolor"">ביה'ח הממשלתי.</b> ערבי רביעי נהרג. ממקור רשמי מוסרים, כי הפצצה ...</div>"	abbreviated
100	ahr19471214-01.1.4	14 December 1947	ahr	Page 4	"<div class=""txtsearchsnippet"">... ע""י אחד מארגוני הפירור. ערבים מהככר החזירו אש אל <b class=""highlightcolor"">ביה""ח הממשלתי</b> הובאו חמישה הרוגים, מהם שני ילדים בני שנתיים ...</div>"	abbreviated
101	ahr19471217-01.1.4	17 December 1947	ahr	Page 4	"<div class=""txtsearchsnippet"">... בן ‭, 32‬הנו ברת' המלכים, במצב מסוכן הובא אל <b class=""highlightcolor"">ביה""ח הממשלתי.</b> בכביש נשארה שלולית־דם. לפני כן ירח הצבא אל ...</div>"	abbreviated
102	ahr19471221-01.1.4	21 December 1947	ahr	Page 4	"<div class=""txtsearchsnippet"">... י ו ס, בן ‭, 32‬מרמת־גן, גופתו נאספה אל <b class=""highlightcolor"">בית־ החולים הממשלתי.</b></div>"	abbreviated,spelled
103	ahr19471224-01.1.4	24 December 1947	ahr	Page 4	"<div class=""txtsearchsnippet"">... את השרות ת אבת ים. המכוניות נסעו רק עד <b class=""highlightcolor"">בית־ החולים הממשלתי</b> שליד חולון. ומכאן הלכו הנוסעים ברג ‭1, ...</div>"	spelled
104	ahr19471225-01.1.1	25 December 1947	ahr	Page 1	"<div class=""txtsearchsnippet"">... וירו בו שחי יריות שפגעו במותניו. הוא הועבר אל <b class=""highlightcolor"">בית־החולים הממשלתי.</b> לדברי הערבים, שהיו באותו מעמר, הטילו הצעירים גם ...</div>"	maqaf
105	ahr19471228-01.1.1	28 December 1947	ahr	Page 1	"<div class=""txtsearchsnippet"">... גרצת ייייית, ין 21 מנסר _אח_א דיופד, נאספה איל <b class=""highlightcolor"">_ביה''_ח הממשלתי</b> בחיפה</div>"	abbreviated,maqaf
106	ahr19480102-01.1.4	2 January 1948	ahr	Page 4	"<div class=""txtsearchsnippet"">... ליק. הוא נהרג ומכוניתו נתגלגלה במדרון. הגופה נאספה אל <b class=""highlightcolor"">ביה""ח הממשלתי‭""</b> _XllmlU. ‬ פצצות ויריות פצצה נזרקה בשעה ‭10. ...</div>"	abbreviated
107	ahr19480104-01.1.1	4 January 1948	ahr	Page 1	"<div class=""txtsearchsnippet"">... הרוגים ביריות נמצאו במורח חיפה ביום ו' והובאו אל <b class=""highlightcolor"">ביה""ח הממשלתי,</b> מחסור בבנזין _כחיפח ביום ו' כבר נתן המחסור ...</div>"	abbreviated
108	ahr19480105-01.1.4	5 January 1948	ahr	Page 4	"<div class=""txtsearchsnippet"">... — עדיין נמשכת השביתה של 76 עוברים יהודיפ, ב־ <b class=""highlightcolor"">בית־החולים הממשלתי</b> באן, ביניהם 6 רופאים ו־ד4 אהיות, שהוכרז?ביום ד' ...</div>"	maqaf
109	ahr19480111-01.1.4	11 January 1948	ahr	Page 4	"<div class=""txtsearchsnippet"">... בצווארו, חזאיין מוחמד צלח, בן ‭, 25‬ממצריים, נאסף אל <b class=""highlightcolor"">בית־ החולים הממשלתי.</b> ברח' יפו' ליד תחנת ""של"" נפצע ביריות ...</div>"	spelled
110	ahr19480112-01.1.1	12 January 1948	ahr	Page 1	"<div class=""txtsearchsnippet"">... תהיה אחראית לתוצאות אם תושבי יפו ישתלטו בכוח על <b class=""highlightcolor"">בית־ החולים הממשלתי</b> לחולי רוח ""בר־ רום _יסו‭. _""‬הטענה היא ...</div>"	spelled
111	ahr19480114-01.1.4	14 January 1948	ahr	Page 4	"<div class=""txtsearchsnippet"">... 1 בצהריים, מ""הדסה‭. ""‬ הערב התקיפו ערבים ביריות את <b class=""highlightcolor"">_בית־החולים הממשלתי</b> לחולי־רוח בחולון. ההתקפה ארכה זמן ממושר.</div>"	maqaf
112	ahr19480115-01.1.3	15 January 1948	ahr	Page 3	"<div class=""txtsearchsnippet"">... (‬כי ן ""צלפים יהודים"" ירו על רופאים ואחיות של <b class=""highlightcolor"">_בית־החולים הממשלתי</b> להולי־רות ע""י בת־ים, וכי הפניות לרשויות המוסמכות בדבר ...</div>"	maqaf
113	ahr19480115-01.1.4	15 January 1948	ahr	Page 4	"<div class=""txtsearchsnippet"">... לא הוצאו לפועל. אחד ממקומות הרעד. באזור זה הוא <b class=""highlightcolor"">בית־החולים הממשלתי</b> שלשם מגיעים סצועי הכנופיות ו""סתם"" מכירים הבאים לבקרם. ...</div>"	maqaf
114	ahr19480116-01.1.1	16 January 1948	ahr	Page 1	"<div class=""txtsearchsnippet"">... ונפצעו קשה בוואדי רושמיה. הגווייה ושלושת הפצועים הובאו אל <b class=""highlightcolor"">ביה""ח הממשלתי.</b> ממקומות שונים בעיר הובאו לשם עוד שלוש גתיות ...</div>"	abbreviated
115	ahr19480123-01.1.1	23 January 1948	ahr	Page 1	"<div class=""txtsearchsnippet"">... עורר התרגשות רבה ורבים חששו לגורלה. לכתבנו, שהתקשר עם <b class=""highlightcolor"">ביה""ח הממשלתי</b> נאמר, כי האשד, נח־ בשד ונשלחה לביתה</div>"	abbreviated
116	ahr19480123-01.1.8	23 January 1948	ahr	Page 8	"<div class=""txtsearchsnippet"">... בביה""ח האוסטרי שבעיר העתיקה בירושלים, נפתח אתמול סניף של <b class=""highlightcolor"">ביה""ח הממשלתי.</b> _HHBBiHMBi</div>"	abbreviated
117	ahr19480202-01.1.4	2 February 1948	ahr	Page 4	"<div class=""txtsearchsnippet"">... בבטנו, י בקרבת עכו, ונאסף ' הבוקר ב־5 אל, <b class=""highlightcolor"">_בית־החולים הממשלתי</b> בחיפה,</div>"	maqaf
118	ahr19480208-01.1.4	8 February 1948	ahr	Page 4	"<div class=""txtsearchsnippet"">... ב־‭11_, 30‬ לפה""צ ברחי עיראק בחיפה. היא נאספה אל <b class=""highlightcolor"">בית־החולים הממשלתי</b> ושם מתה. וואדי רושמיה בליל שבת נורו יריות ...</div>"	maqaf
119	ahr19480209-01.1.4	9 February 1948	ahr	Page 4	"<div class=""txtsearchsnippet"">... סיירה בתחנת מ. ד. א. ובבתי החולים רוטשילד, בית־בורוכוב, <b class=""highlightcolor"">ביה""ח הממשלתי‭"",</b> ‬אל־אמין"" וכן במרכז ""הצלב האדום‭. ""‬חברי המשלחת מעדו ...</div>"	abbreviated
120	ahr19480225-01.1.2	25 February 1948	ahr	Page 2	"<div class=""txtsearchsnippet"">... בכפר עציון השפיע את השפעתו הרבה גם בבאר־שבע _ובנפתה. <b class=""highlightcolor"">בית־החולים הממשלתי</b> מלא עד אפס מקום מפצועי _כפד־עציון, עד שהממשלה ...</div>"	maqaf
121	ahr19480227-01.1.12	27 February 1948	ahr	Page 12	"<div class=""txtsearchsnippet"">... שיחדרי היים. נתברר, בי הגופה, שהובאה ביום' ד אל <b class=""highlightcolor"">ביה""ח הממשלתי</b> היא אותה גופה, שנמצאה בביידהקברות המוסלמי. הה־ מג ...</div>"	abbreviated
122	ahr19480301-01.1.3	1 March 1948	ahr	Page 3	"<div class=""txtsearchsnippet"">... בחוף חייגו גופת יהודי, שנורה בראשו. הגופה הובאה אל <b class=""highlightcolor"">ביה""ח הממשלתי.</b> אנשי כנופיה מתנקשיפ המרכז המסחרי הישן הותקף ביום ...</div>"	abbreviated
123	ahr19480310-01.1.6	10 March 1948	ahr	Page 6	"<div class=""txtsearchsnippet"">... גופות — גבר ואשד"" שלא זוהו. הן נאספו אל <b class=""highlightcolor"">בית־החולים הממשלתי.</b> משם הובאו, יחד עם גופה שלישית, שהיתר, שם ...</div>"	maqaf
124	ahr19480317-01.1.6	17 March 1948	ahr	Page 6	"<div class=""txtsearchsnippet"">... ערבי נפצע קל חיום אחה""צ בשדרות הכרמל והובא אל <b class=""highlightcolor"">בית־החולים הממשלתי.</b> רוכב אופניים יחודי, מנחם פ ל ץ, הוכל ...</div>"	maqaf
125	ahr19480322-01.1.4	22 March 1948	ahr	Page 4	"<div class=""txtsearchsnippet"">בעיות ? האישפוז רוקח מסר כ• ב־1 באפריל יעביר <b class=""highlightcolor"">בית־החולים הממשלתי</b> ""הירקון"" לרשות העירייה- הממשלה הודיעה שהיא מלכנה לשאת ...</div>"	maqaf
126	ahr19480504-01.1.3	4 May 1948	ahr	Page 3	"<div class=""txtsearchsnippet"">... המדינה היהודית, חידוש ואירגון בשירותי הדואר, הטלפון והרכבת, העברת <b class=""highlightcolor"">בית־החולים הממשלתי</b> לרשות עיריית חיפה.</div>"	maqaf
127	ahr19480504-01.1.4	4 May 1948	ahr	Page 4	"<div class=""txtsearchsnippet"">מה יהיה גורל <b class=""highlightcolor"">ביה""ח הממשלתי</b> בודפה? חפה יום ב דר א!</div>"	abbreviated
128	ahr19480521-01.1.5	21 May 1948	ahr	Page 5	"<div class=""txtsearchsnippet"">... שירותים י נוס־ םים במסגרת הסמכויות של עיריית חיפה <b class=""highlightcolor"">(ביה""ח הממשלתי,</b> המחלקה לפיקוח על המזונות, מוסדות ""יורקו"" והמחלקה לעבו""צ ...</div>"	abbreviated
129	ahr19480606-01.1.2	6 June 1948	ahr	Page 2	"<div class=""txtsearchsnippet"">... מיסות ציבוריות. לאוד עובדה זאת גדול מאוד ערכו של <b class=""highlightcolor"">_בית־החולים הממשלתי</b> אשר הוחזק ע""י השלטון הבריטי בשפל המדרגה, משום ...</div>"	maqaf
130	ahr19480827-01.1.5	27 August 1948	ahr	Page 5	"<div class=""txtsearchsnippet"">... הממשלתי , היפה ‭j |‬ כית־חפפר לאחיות : j <b class=""highlightcolor"">בית החולים הממשלתי</b> בחיפה מכריז בזה על הרשמת מועפ-ות! !לבית-הםפר ...</div>"	spelled
131	ahr19481119-01.1.1	19 November 1948	ahr	Page 1	"<div class=""txtsearchsnippet"">... באמצעים, ער כדי הפסקת ה ע בודה. מספר עובדי <b class=""highlightcolor"">ביה''_ח הממשלתי</b> הוא למעלה מ־‭— 200‬ רובם מגויימים. יהודה י ...</div>"	abbreviated
132	ahr19481121-01.1.1	21 November 1948	ahr	Page 1	"<div class=""txtsearchsnippet"">‭'— ., ‬ ריים עברו 22 ערביפ וערביות, עובדי <b class=""highlightcolor"">ביה""ח הממשלתי,</b> מהאיזור היהודי , דרך בתי מנדלבוים, לעיר־העתיקה. עם ...</div>"	abbreviated
133	ahr19481124-01.1.3	24 November 1948	ahr	Page 3	"<div class=""txtsearchsnippet"">... ברטר, _מיידאנק, בת 13 ברח/ המלכים. היא נאספה אל <b class=""highlightcolor"">בית־החולים הממשלתי.</b> הנהג שוחרר בערבות. ‭;:‬־*א גשק ע""י שוטרים, שסיידו ...</div>"	maqaf
134	ahr19481203-01.1.5	3 December 1948	ahr	Page 5	"<div class=""txtsearchsnippet"">... לבת־ גלים. לילו נגרם מבר ברגל, הוא נאסף *ל <b class=""highlightcolor"">_בית־החולים הממשלתי.</b> כמשרד, שרכות כו התלונות‭... ‬ _רניט הם הפונים ...</div>"	maqaf
135	amudimaliya19441229-01.1.8	29 December 1944	amudimaliya	Page 8	"<div class=""txtsearchsnippet"">... ביניהם שתי נשים, הודיעו על רצונם להתגייס לחי״ל. — <b class=""highlightcolor"">בית החולים הממשלתי</b> לחולי רוח בכת־ים נפתח בימים אלה. למוסד ...</div>"	spelled
136	amudimaliya19450824-01.1.12	24 August 1945	amudimaliya	Page 12	"<div class=""txtsearchsnippet"">... עין ורד קבלו 53 ילדים פליטים מיון באפוטרופסות. — <b class=""highlightcolor"">בית החולים הממשלתי</b> למושבות בתל־אביב יורחב בקרוב. —מספר העדות בירושלים ...</div>"	spelled
137	bustenai19320420-01.1.5	20 April 1932	bustenai	Page 5	"<div class=""txtsearchsnippet"">... מבני ישראל גסתה את מזלה והלכה לדפוק על דלתי <b class=""highlightcolor"">בית־החולים הממשלתי</b> בירושלים במחלקת היולדות. ראשית כל דרשו ממנה לא״י ...</div>"	maqaf
138	dav19300117-01.1.4	17 January 1930	dav	Page 4	"<div class=""txtsearchsnippet"">... את עתתו איברחים חדדיז. אחריו העיר הד""ד _קששואן. רופא <b class=""highlightcolor"">בית החולים הממשלתי,</b> אשר בדק את הערבי שנהרג על יד ...</div>"	spelled
139	dav19300131-01.1.1	31 January 1930	dav	Page 1	"<div class=""txtsearchsnippet"">... ריגם _לשכונת אבו־כביר, כדי להוביל את גויות המתים אל <b class=""highlightcolor"">ביה""ח הממשלתי.</b> בבית אז!ד מצא ארבעה הרוגים, _יטני גברים ושתי ...</div>"	abbreviated
140	dav19300306-01.1.6	6 March 1930	dav	Page 6	"<div class=""txtsearchsnippet"">... טתהת 5זרוע. לאחר הגשת -עזרה הראשונה הועבר הנשוך אל <b class=""highlightcolor"">בית החולים הממשלתי</b> ביפו. הודעות — מכתב עבור אייזיק אייטין ...</div>"	spelled
141	dav19300327-01.1.3	27 March 1930	dav	Page 3	"<div class=""txtsearchsnippet"">... את דברי הקצינים אל עםלי ואחטר שרו‭. *‬ רופא <b class=""highlightcolor"">ביה""ח _הממשלתי</b> ד""ר _קשיאן מעיד שב־24 _לאבניסט הובא לביה""ח הרונ ...</div>"	abbreviated
142	dav19300724-01.1.3	24 July 1930	dav	Page 3	"<div class=""txtsearchsnippet"">... הוא גלוי לעין. עשרות נצרכים מתדפקים הדיר על פתחי <b class=""highlightcolor"">בית החולים הממשלתי</b> ובית החוקים של "" עזרה נשים"" בירושלים. ...</div>"	spelled
143	dav19310121-01.1.1	21 January 1931	dav	Page 1	"<div class=""txtsearchsnippet"">... ממקום למקום. בהרבה _מקוטוית ינותקו חוטי הטלפח והחשמל. במצר <b class=""highlightcolor"">בית החולים הממשלתי</b> נהרג הפועל עבד אללה טוסטפה ע""י פגיעת ...</div>"	spelled
144	dav19310423-01.1.4	23 April 1931	dav	Page 4	"<div class=""txtsearchsnippet"">... _האבטומוביל של _טשדד הבריאות לקח , את. הגיפה אל <b class=""highlightcolor"">בי""ח הממשלתי</b> ביפו. ""</div>"	abbrev_short
145	dav19310909-01.1.1	9 September 1931	dav	Page 1	"<div class=""txtsearchsnippet"">... -‬ רה המחוזית קיילמ נתן את עדותו באחד מחדרי <b class=""highlightcolor"">בית־ החולים הממשלתי</b> ביר1שלים, לפי שטר קיילם אינו (סו‭_*1‬ בעטור ...</div>"	spelled
146	dav19311008-01.1.4	8 October 1931	dav	Page 4	"<div class=""txtsearchsnippet"">... בסידור הטרט: שונות — הרופא ד""ר מלחי הועבר משבריהי <b class=""highlightcolor"">_£בית־ החולים הממשלתי</b> . בחיפה. — מחנה האסירים ממ&amp;ר 2 ...</div>"	spelled
147	dav19320525-01.1.4	25 May 1932	dav	Page 4	"<div class=""txtsearchsnippet"">... הדבר? י 1 _, כפר מל""ל. ש. אשכנזי על. <b class=""highlightcolor"">בית החולים הממשלתי</b> _בגליונכם מ' 2092 -בכרוניקה מירושלים תחת כותית ...</div>"	spelled
148	dav19320622-01.1.5	22 June 1932	dav	Page 5	"<div class=""txtsearchsnippet"">... החולים הממשלתיים מכתבה הקצר של ההברה פ. ג‭,,. ‬על <b class=""highlightcolor"">בי""ח הממשלתי""</b> ראוי לתשומת לב מיוחדת. כולנו יודעים לדבר על ...</div>"	abbrev_short
149	dav19320714-01.1.3	14 July 1932	dav	Page 3	"<div class=""txtsearchsnippet"">... חדור. מקרה שני במשק עין חרוד, עשרות מקרים: בטבריה. <b class=""highlightcolor"">בית החולים הממשלתי</b> בחיפה- אינו יכול לקבל את י י ...</div>"	spelled
150	dav19320808-01.1.4	8 August 1932	dav	Page 4	"<div class=""txtsearchsnippet"">... תודתי הנני מביע _לדופא קו""ח ד""ר ־ ‭0_^‬ר ולרופא <b class=""highlightcolor"">ביה""ח הממשלתי</b> ד""ר דבאח, ולאחיות לחמניות, בעד התמסריתם להצילני טצ8דיני ...</div>"	abbreviated
151	dav19320812-01.1.1	12 August 1932	dav	Page 1	"<div class=""txtsearchsnippet"">... המועצה. טיפוס בשכם בשכם פשתה יזמן -האחרון מחלת הטיפים. <b class=""highlightcolor"">בית החולים הממשלתי</b> היעמד לרש_?ת חולי טיפים בלבד.</div>"	spelled
152	dav19321208-01.1.3	8 December 1932	dav	Page 3	"<div class=""txtsearchsnippet"">... ופסלים נוצריים של 1 ־? ? האם הקרושה עד <b class=""highlightcolor"">בית החולים הממשלתי.</b> באן התחנה 'האחרונה של ?הא-בטובום, המשמש את ...</div>"	spelled
153	dav19321216-01.1.6	16 December 1932	dav	Page 6	"<div class=""txtsearchsnippet"">... מתבוננים להשלים את המלאכה בהקדם. ; יצחק גוד-ארי עזרת <b class=""highlightcolor"">בית החולים הממשלתי</b> . לאחר שלא נמצא מקום בהדסה לאשתי ...</div>"	spelled
154	dav19330118-01.1.4	18 January 1933	dav	Page 4	"<div class=""txtsearchsnippet"">... ץי ‭§_-‬ אשר לחיפה תו'חלט. להגדיל את. יבולו?ק. יב4_י‭||‬ <b class=""highlightcolor"">ביה""ח הממשלתי</b> _ב־50 מיטה‭., ‬לסגור את _ביה""ה _בעי§ י כו ...</div>"	abbreviated
155	dav19330313-01.1.3	13 March 1933	dav	Page 3	"<div class=""txtsearchsnippet"">... _רופ8 בי""ל_1 -בממשלתי ד""ר מלכי ‭_^ ;;‬ ן; _נתקפ <b class=""highlightcolor"">בי""ח הממשלתי</b> ;ן י _^לה _וידלר ‭/ ;; / /‬ ...</div>"	abbrev_short
156	dav19330512-01.1.4	12 May 1933	dav	Page 4	"<div class=""txtsearchsnippet"">... שאר סוגי התושבים חוש‭ - . -‬שים לפנות אל <b class=""highlightcolor"">בית־החולים הממשלתי‭,</b> (‬ ובינתים הולך ?ורב בישוב, טםפר: ד‭&gt;'‬מ_?רים של ...</div>"	maqaf
157	dav19330720-01.1.4	20 July 1933	dav	Page 4	"<div class=""txtsearchsnippet"">... 000‬ נפשות) ישנם ב־220 מיטות‭), ‬בבית החולים הדסה עם <b class=""highlightcolor"">בית־ חולים ממשלתי</b> ומוסדות פרטיים‭, (‬ז. א. שתי מיטות על ...</div>"	indefinite
158	dav19331020-01.1.5	20 October 1933	dav	Page 5	"<div class=""txtsearchsnippet"">... תעיר חוטים מארב. ב־1 אהה""צ סודר זבח על יד <b class=""highlightcolor"">בית־ החולים הממשלתי.</b> אחרי הסעודה החלו הנאומים. המופתי הצפתי הבטית ...</div>"	spelled
159	dav19340214-01.1.4	14 February 1934	dav	Page 4	"<div class=""txtsearchsnippet"">... ד""ר חסן שוקרי חלידי, שחיה כאותו יום ממונה על <b class=""highlightcolor"">בית החולים הממשלתי.</b> הדו""ח כולל או;כל המקרים של <b class=""highlightcolor"">בית החולים ...</b></div>"	spelled
160	dav19340321-01.1.4	21 March 1934	dav	Page 4	"<div class=""txtsearchsnippet"">... ו של אחד הפועלים. הרגל נשברה. הפועל לוק-ח אל <b class=""highlightcolor"">ביה""ח הממשלתי.</b> הזזורנים באו בתלונה על . החברה, כי לרגל ...</div>"	abbreviated
161	dav19340509-01.1.4	9 May 1934	dav	Page 4	"<div class=""txtsearchsnippet"">... ב י התרחצו. שלושה חיילים אנגלים ביט יפו ליד <b class=""highlightcolor"">בית החולים הממשלתי.</b> _כש־תרחקו מהחוף!התחילו טובעים. אחד מהם הצליח לחזור ...</div>"	spelled
162	dav19340618-01.1.5	18 June 1934	dav	Page 5	"<div class=""txtsearchsnippet"">... בשעת עבודתו) לא הובא שום רופא למקום. במכונית של <b class=""highlightcolor"">בית החולים הממשלתי</b> בא רק הנהג בעצמו והוא הודיע כי ...</div>"	spelled
163	dav19340711-01.1.2	11 July 1934	dav	Page 2	"<div class=""txtsearchsnippet"">... פרינציפ ללכת לבתי החולים של ן!כ1טשלח?לא ולא. ישנו בחיפה <b class=""highlightcolor"">בית־ חולים ממשלתי</b> שחיהו-דים משתמשים ; בו- במידה . רחביה ...</div>"	indefinite
164	dav19340812-01.1.3	12 August 1934	dav	Page 3	"<div class=""txtsearchsnippet"">... ואנו אין לנץ דרך אחרת — עלינו לנצל את <b class=""highlightcolor"">בית החולים הממשלתי,</b> לשכן בו כטרת האפשרות את כל חולי ...</div>"	spelled
165	dav19340819-01.1.1	19 August 1934	dav	Page 1	"<div class=""txtsearchsnippet"">... שיחת הפצוע ענן כתב "" פלשתין‭. ""‬למדות איסור רופא <b class=""highlightcolor"">בית החולים הממשלתי</b> בשים חדר הכתב השכמי עם מצלם אל ...</div>"	spelled
166	dav19340821-01.1.3	21 August 1934	dav	Page 3	"<div class=""txtsearchsnippet"">... העירוני ישנן רק 20 מטה למחלו־ח אלת. נשאר רק <b class=""highlightcolor"">בית החולים הממשלתי</b> ביפו. אמנם, סופקו בטח וכמה דרישות מצר ...</div>"	spelled
167	dav19340903-01.1.4	3 September 1934	dav	Page 4	"<div class=""txtsearchsnippet"">... זהט בבתי ; התולים הפרטיים — היא רק ‭!2‬ <b class=""highlightcolor"">בית החולים הממשלתי</b> ביפו אינו בא כמנין לישוב העכר-י מפאת ...</div>"	spelled
168	dav19341107-01.1.2	7 November 1934	dav	Page 2	"<div class=""txtsearchsnippet"">... ימצא . שם ‭——‬ או ללכת לםתלקה פנימית של <b class=""highlightcolor"">בית החולים הממשלתי</b> או יואיל לש-בב בבית, אם 'אינו מעדיו* ...</div>"	spelled
169	dav19341124-01.1.2	24 November 1934	dav	Page 2	"<div class=""txtsearchsnippet"">... 22‬מחמד _רשיר, _נתרםק ביום ן' אחח""צ וחובא גוםס אל <b class=""highlightcolor"">ביה""ח הממשלתי</b> ביפו. רשיד עמד במרכז מסחרי, ברח י !השוק ...</div>"	abbreviated
170	dav19350114-01.1.2	14 January 1935	dav	Page 2	"<div class=""txtsearchsnippet"">... ארם אחד במדינת _קונטיקוט, באמריקה, אב לילד, פנה אל <b class=""highlightcolor"">בית חולים ממשלתי</b> בבקשה שיעקרוהו‭-. ‬הנימוק לרצונו: במצב בשעה זו, ...</div>"	indefinite
171	dav19350206-01.1.5	6 February 1935	dav	Page 5	"<div class=""txtsearchsnippet"">... השנה ותמשך שנתיים. עם הקמת בית חולים זה, ייסגר <b class=""highlightcolor"">בית החולים הממשלתי</b> לחולי רוח בבית־ לחם, כולו או בחלקו, ...</div>"	spelled
172	dav19350211-01.1.4	11 February 1935	dav	Page 4	"<div class=""txtsearchsnippet"">... נהרג בדרך יפו פתח תקוה בדואי מכא־-טבע. על יד <b class=""highlightcolor"">בית החולים הממשלתי</b> ביפו נהרג שלשום ילד בן תשע. י ...</div>"	spelled
173	dav19350307-01.1.3	7 March 1935	dav	Page 3	"<div class=""txtsearchsnippet"">... יא פעם, כי היינו מקבלים סדר זה, לו- היה <b class=""highlightcolor"">בית־ החולים הממשלתי</b> מו-האם לצרכי חישוב ־יהירי, לו- היו אחיות ...</div>"	spelled
174	dav19350417-01.1.4	17 April 1935	dav	Page 4	"<div class=""txtsearchsnippet"">... נוסע אוטובוס _עוןר דרך יפו, יבית החולים הצרפתי, נמל, <b class=""highlightcolor"">בית החולים הממשלתי</b> ביפו, בית ההסגר י(חקרנטין) ? התחנה הראשית. ...</div>"	spelled
175	dav19350421-01.1.6	21 April 1935	dav	Page 6	"<div class=""txtsearchsnippet"">... אוטובוס _$בו דרך יפו, בית החולים . הצרפתי, נמל, <b class=""highlightcolor"">בית החולים הממשלתי</b> ביפו, |י, י ‭""""- -‬ בית ההסגר ...</div>"	spelled
176	dav19350812-01.1.6	12 August 1935	dav	Page 6	"<div class=""txtsearchsnippet"">... עד 30 יום תשלום של מחצית המשכורת חוץ מהוצאות <b class=""highlightcolor"">בית החולים הממשלתי</b> או בית הולים אחר אשר החולה ישו־ ...</div>"	spelled
177	dav19350818-01.1.6	18 August 1935	dav	Page 6	"<div class=""txtsearchsnippet"">... ה' אחת""צ על אליאש פאל־ס מירושלים, שהובא פצוע אל <b class=""highlightcolor"">בית־החולים הממשלתי‭..</b> ‬הנהג ועוזרו י הערבי מונים נאסרו והוצאו בערבז-ת. ...</div>"	maqaf
178	dav19350926-01.1.6	26 September 1935	dav	Page 6	"<div class=""txtsearchsnippet"">... . י וכירורניח מי שהית מנהל במשך הרבה שניט <b class=""highlightcolor"">בית חולים ממשלתי</b> ברומניה</div>"	indefinite
179	dav19351110-01.1.1	10 November 1935	dav	Page 1	"<div class=""txtsearchsnippet"">... קונ־ _ייטרת (סורית‭. (‬מיד יצא לשם ד""ר שטרנברג, מנהל <b class=""highlightcolor"">בית החולים הממשלתי</b> בצפת והושיט עזרת רפיאית לפצועים. יצאו לשם ...</div>"	spelled
180	dav19351113-01.1.1	13 November 1935	dav	Page 1	"<div class=""txtsearchsnippet"">... אסירים מבית הכלא בירושלים, הובאו _אהמו _7 למרפאה של <b class=""highlightcolor"">בית החולים הממשלתי</b> בירושלים, במרכז המשטרה. אחד -אמידים, חיגר, שהלך ...</div>"	spelled
181	dav19351114-01.1.1	14 November 1935	dav	Page 1	"<div class=""txtsearchsnippet"">... "" יחי הופה תחי הקונסטיטוציה, הלאה חות‭. ""‬ בסביבת <b class=""highlightcolor"">בית החולים הממשלתי</b> ""קסר אל עיני"" היתה התנגשות בין 3000 ...</div>"	spelled
182	dav19351216-01.1.6	16 December 1935	dav	Page 6	"<div class=""txtsearchsnippet"">... הכה באכזריות את הנער אז/מד _הוריר (בן ‭, (13‬ליד <b class=""highlightcolor"">בית החולים: הממשלתי</b> ביפו. מצבו של הנער, אנוש. הפושע נאסר. ...</div>"	spelled
183	dav19351226-01.1.7	26 December 1935	dav	Page 7	"<div class=""txtsearchsnippet"">... להשיג הערב במזכירות קלוב פועלי הדפוס ב־6־‭. 7‬ ? <b class=""highlightcolor"">בית חולים ממשלתי</b> למוכי שחפת ליפי "" א־ליווא‭, ""‬החליטה _הממשלה ...</div>"	indefinite
184	dav19360119-01.1.7	19 January 1936	dav	Page 7	"<div class=""txtsearchsnippet"">מודיעים לנו: בשבת בבוקר ציוה רופא <b class=""highlightcolor"">בית החולים הממשלתי</b> בירושלים ד""ר נשארת להעביר את חמשת אסירי ...</div>"	spelled
185	dav19360120-01.1.10	20 January 1936	dav	Page 10	"<div class=""txtsearchsnippet"">... ועב זה יותר ב'שבוע ימים. בשבת בבקר צוה רופא <b class=""highlightcolor"">בית החולים _הממשלתי</b> להעכיר _את האסירים לבית החולים ושב השקו ...</div>"	spelled
186	dav19360217-01.1.1	17 February 1936	dav	Page 1	"<div class=""txtsearchsnippet"">נת המשטרה בערטוף, האשת הועברה באוטו של <b class=""highlightcolor"">בית החולים הממשלתי</b> בחיפה. בבית החולים הוגש־ לה העזרה הראשונה. ...</div>"	spelled
187	dav19360224-01.1.7	24 February 1936	dav	Page 7	"<div class=""txtsearchsnippet"">... המשמרת הערבית על יד הבנין בחוטםי (עג'טי — ע""י <b class=""highlightcolor"">בית החולים הממשלתי</b> ביפו‭, (‬בט־ קום שעוברים!פועליט _יהוריט, פרצ! את ...</div>"	spelled
188	dav19360421-01.1.7	21 April 1936	dav	Page 7	"<div class=""txtsearchsnippet"">... ;‬ץ שנהר: אף הוא. _־_^ני אלה נהרגו כיריוה. מהנהלת <b class=""highlightcolor"">בית החולים הממשלתי</b> בי_5ו מודיעים _לקרוכים של החולים היהודים הנמצאים ...</div>"	spelled
189	dav19360520-01.1.6	20 May 1936	dav	Page 6	"<div class=""txtsearchsnippet"">... הרשיון לאקדוח ""יוחזר לו. רוגמים‭.. ‬ בואדי נסנאס, בקרבת <b class=""highlightcolor"">בית החולים ?הממשלתי,</b> נרגם בא‭;:‬_ים שלום גרינברג ונפצע בצוארו. הועבר ...</div>"	spelled
190	dav19360615-01.1.1	15 June 1936	dav	Page 1	"<div class=""txtsearchsnippet"">... גםאנה, המשטרה הקיפה את הכפר וא&amp;ר-ח אותו. הועבר אל <b class=""highlightcolor"">בית החולים הממשלתי</b> בשכם.</div>"	spelled
191	dav19360616-01.1.4	16 June 1936	dav	Page 4	"<div class=""txtsearchsnippet"">... עזרה ראשונה ע""י שוטר מאומן לכך ובמכונית הובל אל <b class=""highlightcolor"">_בית־החולים הממשלתי</b> לחיפה, אבל בדרך מת‭.. ‬ בדיקת ‭"". '‬נעשתה ...</div>"	maqaf
192	dav19360621-01.1.6	21 June 1936	dav	Page 6	"<div class=""txtsearchsnippet"">... נורו יריות ?רבות על בית י המשטרה בצפת שבקרבת <b class=""highlightcolor"">בית: החולים הממשלתי.</b> המשטרה והצבא ענו באש. נשמעו בסך הכל ...</div>"	spelled
193	dav19360705-01.1.7	5 July 1936	dav	Page 7	"<div class=""txtsearchsnippet"">... להכניסו למכונית ‭,, ‬ם. ד. א‭, "". ‬קפץ ממכונית <b class=""highlightcolor"">בית החולים הממשלתי</b> קצי!משטרה ערבי וציו־ להכניסו למכונית הממשלתית, גפ ...</div>"	spelled
194	dav19360708-01.1.8	8 July 1936	dav	Page 8	"<div class=""txtsearchsnippet"">... תךרושה ובני ה?פר החולים אינם לבולים י לבוא העירה‭3.. <b class=""highlightcolor"">‬בית החולים _הממשלתי</b> 3ירוש_?ים היו ‭&gt;?‬לןגןלים בכל י1ם _עןךח -פואית ...</div>"	spelled
195	dav19360726-01.1.1	26 July 1936	dav	Page 1	"<div class=""txtsearchsnippet"">... משפטיות, ביפו זו. עוד מחלקת מבריאות הממשלתית מחזיקה את <b class=""highlightcolor"">בית החולים הממשלתי</b> , בשלמותו, ביפו, והוא ריק למחצה או ...</div>"	spelled
196	dav19360727-01.1.10	27 July 1936	dav	Page 10	"<div class=""txtsearchsnippet""><b class=""highlightcolor"">בית חולים ממשלתי</b> ליהודים</div>"	indefinite
197	dav19360802-01.1.3	2 August 1936	dav	Page 3	"<div class=""txtsearchsnippet"">... ‭? ?‬ י שבים אנו מהקבר -הרענן ופוגשים באוטו, <b class=""highlightcolor"">בית החולים הממשלתי,</b> המוביל ועוד ועוד חברים מאתנו ליפו, משתמטים ...</div>"	spelled
198	dav19360818-01.1.7	18 August 1936	dav	Page 7	"<div class=""txtsearchsnippet"">... ‭"" "" ?!:‬ כי בשעה ששתי צעירות עמדו :צער <b class=""highlightcolor"">בית־החולים הממשלתי</b> ביפו נפי. ע_$ ביריות. אחת נהרגה ואחת נפצעה ...</div>"	maqaf
199	dav19360819-01.1.7	19 August 1936	dav	Page 7	"<div class=""txtsearchsnippet"">... גדול של צבא פשט מת־ הילת רחוב עאשוד ער <b class=""highlightcolor"">בית החולים הממשלתי</b> וגם ברחובות הםטובים.</div>"	spelled
200	dav19360820-01.1.3	20 August 1936	dav	Page 3	"<div class=""txtsearchsnippet"">... הורי _האחיות _שנרצחו ומביעות את תנחומיהן לאחיות היהודיות של <b class=""highlightcolor"">בית החולים הממשלתי</b> בירושלים _8</div>"	spelled
201	dav19360821-01.1.18	21 August 1936	dav	Page 18	"<div class=""txtsearchsnippet"">... הורי האחיות שנרצחו ומביעות את תנחומיה? לאחיות היהודיות של <b class=""highlightcolor"">בית החולים הממשלתי</b> ביפו</div>"	spelled
202	dav19360821-01.1.7	21 August 1936	dav	Page 7	"<div class=""txtsearchsnippet"">... הורי _האחיות שנ‭*_1‬נו'ו1 ומביעות את תנחומיהן לאחיות היהודיות של <b class=""highlightcolor"">בית החולים הממשלתי</b> בירושלים _ן</div>"	spelled
203	dav19360821-01.1.8	21 August 1936	dav	Page 8	"<div class=""txtsearchsnippet"">... הטיפול הרפואי באחות נהמה צד‭, ?‬_שניצחה כ־17 _באבגוםט ליד <b class=""highlightcolor"">בית החולים הממשלתי</b> ביפן , ועל הע־ר־ה, י. רוקה, ד""ר ...</div>"	spelled
204	dav19360823-01.1.6	23 August 1936	dav	Page 6	"<div class=""txtsearchsnippet"">... תושבים אחדים מבני הכפר. פרטים מחיפוש זה אי!א־דיפאע"" מספר. <b class=""highlightcolor"">בית. החולים הממשלתי</b> "" צר מהכיל חולים א-דיפאע"" מודיע, כי ...</div>"	spelled
205	dav19360824-01.1.10	24 August 1936	dav	Page 10	"<div class=""txtsearchsnippet"">רי8ליסטי1ת י1תר מדאי. המישל הבטיח לעץ בךרישה להרחיב את <b class=""highlightcolor"">_בית־החולים _הממשלתי</b> החן_^ש קזהול: מ בדיך _ןתח־תקוה ולהעביר ?שם את ...</div>"	maqaf
206	dav19360826-01.1.9	26 August 1936	dav	Page 9	"<div class=""txtsearchsnippet"">מדוע נדחה בנינו של <b class=""highlightcolor"">בית־החולים הממשלתי</b> ליד נזקוד-חיימ?</div>"	maqaf
207	dav19360905-01.1.2	5 September 1936	dav	Page 2	"<div class=""txtsearchsnippet"">... ממלא למעשה תפקידי משרד מהווי, ובתחומי עבודתו נכנם גם <b class=""highlightcolor"">_בית־החולים הממשלתי</b> בפרדס כץ. על העקירה בבפר גלעדי</div>"	maqaf
208	dav19360912-01.1.1	12 September 1936	dav	Page 1	"<div class=""txtsearchsnippet"">... היו אקדו־יפ. הם ירו עליהם. ההרוגה והפצועים הועברו את <b class=""highlightcolor"">בית החולים הממשלתי</b> ביפו.</div>"	spelled
209	dav19360923-01.1.1	23 September 1936	dav	Page 1	"<div class=""txtsearchsnippet"">... בערך. ב־‭8. 30‬ הו-בא ע""י מכונית משו-דיינת _חלאנפ־ קירפורא?מ$ךי <b class=""highlightcolor"">?ביה""ח הממשלתי</b> בצפת כשהוא פצוע ק‭2'‬ה בצוארו, נטו-ל הכרח. העזרה ...</div>"	abbreviated
210	dav19360925-01.1.3	25 September 1936	dav	Page 3	"<div class=""txtsearchsnippet"">... בכ""ט באב ‭71 —‬ באבנוסט ב־‭6. 30‬ בערב בתחומי <b class=""highlightcolor"">בית החולים הממשלתי</b> ביפו. מדתה פינק מתה בו במקום. נחמה ...</div>"	spelled
211	dav19361005-01.1.6	5 October 1936	dav	Page 6	"<div class=""txtsearchsnippet"">... העתונות הממשלתית מודיעה: הנציב העליון ביקר אתמול בבוקר את <b class=""highlightcolor"">בית החולים הממשלתי.</b> הד""ר טוטסון יוהטנהלת הראו לנציב את תבני! ...</div>"	spelled
212	dav19361015-01.1.1	15 October 1936	dav	Page 1	"<div class=""txtsearchsnippet"">... מהם פצועים קשה. כין הפצועים יהודי אחד, שנפצע במצחו. <b class=""highlightcolor"">בית החולים הממשלתי.</b> מלא. סחורות רבות. נשדדו. השוטרים שהובהלו- ואבו ...</div>"	spelled
213	dav19361112-01.1.4	12 November 1936	dav	Page 4	"<div class=""txtsearchsnippet"">... ;‬ האחיות היהודיות מרתת צדק ונהמה פינק ליד שער <b class=""highlightcolor"">בית החולים הממשלתי</b> _תל־פת _מכתב־ם זו באת ל8חר שהאגודה רנ""ל ...</div>"	spelled
214	dav19370307-01.1.1	7 March 1937	dav	Page 1	"<div class=""txtsearchsnippet"">... החומר וארבעתם נפצעו, מתם שנים קשה. כולם הועברו . <b class=""highlightcolor"">בית החולים הממשלתי.</b> הכית נמצא כ. ־, רחק מטרים אחדים ...</div>"	spelled
215	dav19370330-01.1.1	30 March 1937	dav	Page 1	"<div class=""txtsearchsnippet"">... לנו, כי מחלת , י הטיפוס נתפשטה בשכם וכפריה. <b class=""highlightcolor"">בית החולים הממשלתי</b> מלא _נגו י עי מחלה זו.</div>"	spelled
216	dav19370412-01.1.5	12 April 1937	dav	Page 5	"<div class=""txtsearchsnippet"">תורת. <b class=""highlightcolor"">בית החולים הממשלתי</b> למוסד •בית תבשיל אליאך והכנסת אורחים בירושליםו‭'_^‬ו. ...</div>"	spelled
217	dav19370609-01.1.1	9 June 1937	dav	Page 1	"<div class=""txtsearchsnippet"">... מיוזמי א. _בן פ'ידאלי נפצע בחזהו יתובא אל ־ <b class=""highlightcolor"">בית החולים"" הממשלתי.</b> נעשה ל? _^ ניתוח. מצבו ־קשה.</div>"	spelled
218	dav19370618-01.1.19	18 June 1937	dav	Page 19	"<div class=""txtsearchsnippet"">סופרנו בחיפה מודיע: התחילו העבודות בבנין <b class=""highlightcolor"">בית־החולים הממשלתי</b> בבת גלים. העבודה ־ נמסרה, כידוע, ל "" ...</div>"	maqaf
219	dav19370621-01.1.3	21 June 1937	dav	Page 3	"<div class=""txtsearchsnippet"">... ובבר התחילו- בבניית 20 . הבתים הראשונים. גם בנין <b class=""highlightcolor"">בית החולים הממשלתי.</b> שנמסר י לםולל בוי"" י נה"" יעסיק ...</div>"	spelled
220	dav19370625-01.1.2	25 June 1937	dav	Page 2	"<div class=""txtsearchsnippet"">... נשארה בהמון האמונה בשמועות ובאי סדר די הלכו אל <b class=""highlightcolor"">בית החולים הממשלתי</b> להמשיך בחקירותיהם. בדרך ביצעו שורת התנפלויות עלי ...</div>"	spelled
221	dav19370729-01.1.8	29 July 1937	dav	Page 8	"<div class=""txtsearchsnippet"">... אגו. דת -הפועלים הערבית בחי-פח מחתה על מסירת בנין <b class=""highlightcolor"">בית־החולים _הממשלתי</b> י ?בחיפה ל?בלן יהודי (סולל בונה‭, (‬האגודה מיעצת ...</div>"	maqaf
222	dav19370905-01.1.20	5 September 1937	dav	Page 20	"<div class=""txtsearchsnippet"">... חבר. ב־90 פועלים ערבים העובדים אצל המשרד הקבלני בבניני <b class=""highlightcolor"">בית החולים הממשלתי</b> בבת נלים נתקבלו באמצעות הסניף הזה, והם ...</div>"	spelled
223	dav19370905-01.1.41	5 September 1937	dav	Page 41	"<div class=""txtsearchsnippet"">... העליון. שביתה ?העתונות הערבית מודיעה, שהערים הערבים העוברים בבנין <b class=""highlightcolor"">בית החולים הממשלתי</b> בחיפה הבריזו שביתה. משלחת מהשובתים ביקרה אצל ...</div>"	spelled
224	dav19370910-01.1.9	10 September 1937	dav	Page 9	"<div class=""txtsearchsnippet"">... והגיע- _ל־‭300‬ ; ?אלף לא""י. . מך העבירות הגדולות: <b class=""highlightcolor"">בית החולים הממשלתי</b> . _בחיטה, - תחנת הכוין בדרום ועבודות ...</div>"	spelled
225	dav19370930-01.1.6	30 September 1937	dav	Page 6	"<div class=""txtsearchsnippet"">... _ב־8 בבית הפועלים חדר 31 אסיפת פועליחרות"" העובדים בבניו <b class=""highlightcolor"">בית החולים הממשלתי</b> ‭. ""‬ במפלגת פועלי ארץ . ישראל ...</div>"	spelled
226	dav19371003-01.1.3	3 October 1937	dav	Page 3	"<div class=""txtsearchsnippet"">... מט־ ; פיקות לחלוטין. אשר לשלילת זכותם של פועלי <b class=""highlightcolor"">בית החולים הממשלתי</b> מלהשתתף כאספת: כידוע, נ ל ק ח ...</div>"	spelled
227	dav19371019-01.1.4	19 October 1937	dav	Page 4	"<div class=""txtsearchsnippet"">... בית חטטבחיים של ?עידית חיפה ‭13. 000 —‬ לירות, <b class=""highlightcolor"">_בית־ _החולים הממשלתי</b> בבת גלים ‭100 _‬ ז&amp;לף לירות, טחנות ...</div>"	spelled
228	dav19371117-01.1.5	17 November 1937	dav	Page 5	"<div class=""txtsearchsnippet"">מנהלת סולל _בוגה חברי!בבנין <b class=""highlightcolor"">ביה""ח הממשלתי</b> בחיפה</div>"	abbreviated
229	dav19371130-01.1.1	30 November 1937	dav	Page 1	"<div class=""txtsearchsnippet"">... לאשר פודהורצר, _ולאחר התיעצו-ת ־ עם ד""ר שטרנבךג, מנהל <b class=""highlightcolor"">בית החולים הממשלתי</b> הוחלט להעביר את הפצוע _?חיפח, יכן את ...</div>"	spelled
230	dav19380202-01.1.4	2 February 1938	dav	Page 4	"<div class=""txtsearchsnippet"">... בהם תיקונים _ולםגלם לשימוש חולים מתוך הישוב העברי, ואבן <b class=""highlightcolor"">בית־החולים הממשלתי</b> למחלות מידבקות ביני-ירק תיקן ימידת־מה את המצב. אולם ...</div>"	maqaf
231	dav19380203-01.1.5	3 February 1938	dav	Page 5	"<div class=""txtsearchsnippet"">... ארגון ה י בקל־ ית־חיים שנמסרו כו?_ן ?טחוסרי עבודה, <b class=""highlightcolor"">בית החולים הממשלתי</b> _ב־‭_75_%‬ וכעת _בבנין "" תנובה"" ב- ‭. ...</div>"	spelled
232	dav19380209-01.1.6	9 February 1938	dav	Page 6	"<div class=""txtsearchsnippet"">... על פיבת מותח. הגופה נבדקה ע""י ד""ר מלחי רופא <b class=""highlightcolor"">בית החולים הממשלתי</b> בחיפה \ד""ר ג‭.. ‬_עביאד‭—. ‬ מודיעים ל:ו, ...</div>"	spelled
233	dav19380220-01.1.6	20 February 1938	dav	Page 6	"<div class=""txtsearchsnippet"">... ש:בר נדתי!בפה פעמים לרגל המצב. העבודה הראשונה היא הקמןנ <b class=""highlightcolor"">בית־ חולים ממשלתי</b> חדש בירושלים, כנראה בית חולים מיוחד למחלות ...</div>"	indefinite
234	dav19380221-01.1.4	21 February 1938	dav	Page 4	"<div class=""txtsearchsnippet"">... ועבודה /י קלטה עשרות מחוקרי עבוד־ זמן רב. בני] <b class=""highlightcolor"">בית החולים הממשלתי</b> שימש מקור עבוד־ גם למסגדים. בזמן האחרון ...</div>"	spelled
235	dav19380323-01.1.8	23 March 1938	dav	Page 8	"<div class=""txtsearchsnippet"">השבוע הוכרזה כבר התחרות מקבלנים לשם מסירי!עבודת בנינו של <b class=""highlightcolor"">בית החולים הממשלתי</b> החדש בירושלים, על נבעה נישאת בי!מקור חיים ...</div>"	spelled
236	dav19380327-01.1.6	27 March 1938	dav	Page 6	"<div class=""txtsearchsnippet"">... ג, שנרצחהביפוכמאורעות ‭, : . ‬ י ‭_&gt;1936‬־ בחצר <b class=""highlightcolor"">בית החולים הממשלתי‭;;?</b> :. ‬־ ‭; ! : . -?‬ ...</div>"	spelled
237	dav19380329-01.1.1	29 March 1938	dav	Page 1	"<div class=""txtsearchsnippet"">... ןאת ‭. 1‬הלר. את ההרוגים הובילו במכונית שנתקפה אל <b class=""highlightcolor"">בית החולים הממשלתי</b> -יעבו. הנה־ ? דוד טידז?י שנסע במכונית ...</div>"	spelled
238	dav19380329-01.1.7	29 March 1938	dav	Page 7	"<div class=""txtsearchsnippet"">... הבכיות עלי ער לב השמים. ד""ר ט. שטרנברנ, מנהל <b class=""highlightcolor"">בית החולים הממשלתי,</b> בדק את חנויות ־מצא, כי צבי סגל ...</div>"	spelled
239	dav19380413-01.1.4	13 April 1938	dav	Page 4	"<div class=""txtsearchsnippet"">... מיליון לירח. מן העבודות החשובות ־ש להזכיר את הקמת <b class=""highlightcolor"">בית החולים הממשלתי</b> בדרך לבת _גל־ם ואת</div>"	spelled
240	dav19380417-01.1.1	17 April 1938	dav	Page 1	"<div class=""txtsearchsnippet"">... זלדריש, בעצתי של המומחה הגדול למחלות ילדים, שעמד בראש <b class=""highlightcolor"">בית חולים ממשלתי</b> במשך עשרות ש:ים (עשת בשנה שעברה כמה-שבועות ...</div>"	indefinite
241	dav19380607-01.1.1	7 June 1938	dav	Page 1	"<div class=""txtsearchsnippet"">... ־צא מבית החולים ‭—.. ‬ אתמול עזב ו את <b class=""highlightcolor"">בית החולים הממשלתי</b> כירושלים הקצין הבריטי מר אדאמס, שנפצע עקב ...</div>"	spelled
242	dav19380627-01.1.1	27 June 1938	dav	Page 1	"<div class=""txtsearchsnippet"">... בשעה מאותרת ירו שני אנשים מזוינים והרגו -ערבי בשטח <b class=""highlightcolor"">בית החולים הממשלתי</b> בחיפה. — הבוקר בשעות המקודמות ;דקר יהודי ...</div>"	spelled
243	dav19380704-01.1.1	4 July 1938	dav	Page 1	"<div class=""txtsearchsnippet"">ירחיב ההר בשכונת הרצליה ליד <b class=""highlightcolor"">בית החולים הממשלתי</b> בחיפה נזרקת אמש ב־‭6. 45‬ פצצת אל ...</div>"	spelled
244	dav19380808-01.1.3	8 August 1938	dav	Page 3	"<div class=""txtsearchsnippet"">... והוכיח זאת ל&amp;י תעודת 5ז0_ע, מטעם הקטי-גורית העיד פקיר <b class=""highlightcolor"">בית ?החולים הממשלתי</b> והרופא ד""ר _תומפ־ _םון, | שנא לפי ...</div>"	spelled
245	dav19380812-01.1.9	12 August 1938	dav	Page 9	"<div class=""txtsearchsnippet"">הקיפו המקום _^בנ ת\ז‭***‬_ג, <b class=""highlightcolor"">בית החולים הממשלתי</b> החדש, ־י־‭_5'‬_אלו את השומר אם יש לו ...</div>"	spelled
246	dav19380814-01.1.6	14 August 1938	dav	Page 6	"<div class=""txtsearchsnippet"">... המתקיפים נאסרו‭.. ‬מ — בלילה. נורו ‭. 3‬יריות אל <b class=""highlightcolor"">בית החולים הממשלתי</b> ביפו, ואחר החוליפ הערבים נפצע באופן רציני.</div>"	spelled
247	dav19380830-01.1.8	30 August 1938	dav	Page 8	"<div class=""txtsearchsnippet"">... עד ‭. 1‬ נפצע קשה בתאונת ענודה ליד בנין <b class=""highlightcolor"">בית החולים הממשלתי</b> _בכת־נלים אירעה אתמול תאונת־עבודה קשה: מהקומה החמישית ...</div>"	spelled
248	dav19380908-01.1.1	8 September 1938	dav	Page 1	"<div class=""txtsearchsnippet"">... במגרש הרוסים. בירושלים- כידוע, מרוב־ ־ זים במגרש זח‭.. <b class=""highlightcolor"">:‬בית החולים הממשלתי,</b> בית הכלא, בתי ־ המשפט, ־ מרבן- ...</div>"	spelled
249	dav19380925-01.1.12	25 September 1938	dav	Page 12	"<div class=""txtsearchsnippet"">... ניתנה לברית פא""י, סניף חיפה, כמחצבת ‭:,, ‬_שר"" יבבנין <b class=""highlightcolor"">בית החולים הממשלתי</b> ע""יסולל בונה"" יוכנמל. "" הפעילה הזו מתרכזת ...</div>"	spelled
250	dav19381007-01.1.4	7 October 1938	dav	Page 4	"<div class=""txtsearchsnippet"">... "" הה‭;?‬ץ _""י ב־תהחולע!_הה־ע נ_!תה בלי טקפ רשמי כפתח <b class=""highlightcolor"">בית החולים הממשלתי</b> תחדש בבת גלים- לפני ימה ימים נפתחה ...</div>"	spelled
251	dav19381101-01.1.8	1 November 1938	dav	Page 8	"<div class=""txtsearchsnippet"">... ומימיה. הנאשמים נמסרו באותו ערב לתחנת המשטרה בשכם. צלם <b class=""highlightcolor"">בית החולים הממשלתי</b> העיד, כי עשה תצלומי רנטגן משני הנאשמים ...</div>"	spelled
252	dav19381116-01.1.1	16 November 1938	dav	Page 1	"<div class=""txtsearchsnippet"">... ? לפתח _ג: ‭-:‬ תעשית כבדהיי ־ מ. זינגר <b class=""highlightcolor"">בית החולים הממשלתי</b> . ב תיפחט. זינר • די'ר ה. ...</div>"	spelled
253	dav19381116-01.1.3	16 November 1938	dav	Page 3	"<div class=""txtsearchsnippet"">הוציאה לפועל כל עבודות הנגרות בבנין <b class=""highlightcolor"">בית החולים הממשלתי</b> בחיפה</div>"	spelled
254	dav19381208-01.1.4	8 December 1938	dav	Page 4	"<div class=""txtsearchsnippet"">... עושים זאת במרץ היאה לדבר בזה. אחרי גמר בנין <b class=""highlightcolor"">בית החולים הממשלתי</b> בבת _נליפ , יובלטו עור יותר הליקויים ...</div>"	spelled
255	dav19381220-01.1.7	20 December 1938	dav	Page 7	"<div class=""txtsearchsnippet"">... העליון בחיפה ביום ח י תיערך הפתיחה הרשמית של <b class=""highlightcolor"">בית החולים הממשלתי</b> החדש _בבת־ גלים, חיפה. בפתיחה יחיה נוכח ...</div>"	spelled
256	dav19381222-01.1.6	22 December 1938	dav	Page 6	"<div class=""txtsearchsnippet"">אתמול אחה""צ הגיע הנציב העליון לחיפה. הבוקר ישתתף בפתיחת <b class=""highlightcolor"">בית־ החולים הממשלתי</b> החדש בבת גלים.</div>"	spelled
257	dav19381223-01.1.8	23 December 1938	dav	Page 8	"<div class=""txtsearchsnippet"">... מודיעים רשמית: הוד מעלתו הנציב העליון פתח אתמול את <b class=""highlightcolor"">בית החולים הממשלתי</b> החדש בחיפה. _תכנית בית החולים , היכנה ...</div>"	spelled
258	dav19381225-01.1.8	25 December 1938	dav	Page 8	"<div class=""txtsearchsnippet"">... ‭. (25. 12. 38)‬ החולים ""עושים פוליטיקת‭''‬ לרגל פתיחת <b class=""highlightcolor"">בית החולים הממשלתי</b> בה יפת מסרו שלושה חולים משכם, עזה ...</div>"	spelled
259	dav19381226-01.1.1	26 December 1938	dav	Page 1	"<div class=""txtsearchsnippet"">מכונית צבאית העבירה את הפצועים י <b class=""highlightcolor"">בית החולים הממשלתי</b> בבת גלים !טשם העבירום‭.. ‬להדםה‭. ""‬הצעירה נחבשה ...</div>"	spelled
260	dav19381227-01.1.1	27 December 1938	dav	Page 1	"<div class=""txtsearchsnippet"">... ממשלת ארץ ישראל את מחאתה על המקרה שהיה בפתיחת <b class=""highlightcolor"">בית החולים הממשלתי</b> החדש בהיפה- — _שנאומים הרשמיים אשר הושמעו ...</div>"	spelled
261	dav19381228-01.1.1	28 December 1938	dav	Page 1	"<div class=""txtsearchsnippet"">... עצרו אתמול חנוני ערבי בשם קוסטה סלימת רלאל, ברחוב <b class=""highlightcolor"">בית החולים הממשלתי</b> ביפו, הכריחו אותו לחזור לחנותו ושדדו שם ...</div>"	spelled
262	dav19390106-01.1.6	6 January 1939	dav	Page 6	"<div class=""txtsearchsnippet"">... המקרה כעדי ראיה. אה""כ העיד ד""ר יאסם אלהיירי, רופא <b class=""highlightcolor"">בית החולים הממשלתי</b> ביפו. ב־24 באוקטובר ב־10 לפנה""צ הובא מוחמר ...</div>"	spelled
263	dav19390307-01.1.1	7 March 1939	dav	Page 1	"<div class=""txtsearchsnippet"">ד""ר ט. עטוננוג, רופא <b class=""highlightcolor"">בית החולים הממשלתי.</b> בצפת, נסע ממשרד הבריאות לבית החולים במכונית ...</div>"	spelled
264	dav19390620-01.1.1	20 June 1939	dav	Page 1	"<div class=""txtsearchsnippet"">... נכנס יהודי בשפ אלפדד כהן לתוך הדר המתים של <b class=""highlightcolor"">בית החולים הממשלתי</b> ? בחיפה שבו שכבו קרבנות, ההתפוצצות. סבורים, ...</div>"	spelled
265	dav19390620-01.1.5	20 June 1939	dav	Page 5	"<div class=""txtsearchsnippet"">... "" ה ‭!5‬ן, בן ‭, 27‬פצוע ימיות ובאבנים ליד <b class=""highlightcolor"">בית החולים הממשלתי.</b> אלפרד תאן הוא המעפיל שנשבה עם אשתו ...</div>"	spelled
266	dav19390630-01.1.6	30 June 1939	dav	Page 6	"<div class=""txtsearchsnippet"">דייר ט. שטרנברג, מי שהית. מנחל <b class=""highlightcolor"">בית־החולים הממשלתי</b> בצפת, נקרא אתמול ע''י המשטרה לבית הסוהר לנצרת ...</div>"	maqaf
267	dav19390711-01.1.7	11 July 1939	dav	Page 7	"<div class=""txtsearchsnippet"">... של הנהלת הדואר? זכור לנו, כי בזמן שבנו את <b class=""highlightcolor"">בית החולים הממשלתי</b> בחיפה שמרו בקפדנות :של‭1&lt;‬ תקיפה זכות . ...</div>"	spelled
268	dav19390901-01.1.4	1 September 1939	dav	Page 4	"<div class=""txtsearchsnippet"">... ראשונה לקול במקרה התקפות אויר על חיפה במיומות דלקמן: <b class=""highlightcolor"">בית החולים הממשלתי</b> יחדש, משדד חברי־ אות הישן, מרבו מגן ...</div>"	spelled
269	dav19400602-01.1.6	2 June 1940	dav	Page 6	"<div class=""txtsearchsnippet"">... קודרת _התאסו* קהל של קרוב . למאתיים איש בחצר <b class=""highlightcolor"">בית החולים הממשלתי</b> בירושלים ללוות את ד""ר ? שמחה -כץ ...</div>"	spelled
270	dav19401008-01.1.4	8 October 1940	dav	Page 4	"<div class=""txtsearchsnippet"">... הגויה הועברה לבית ־הולים המ משלתי לבדיקה. הרהבה ליד <b class=""highlightcolor"">בית החולים הממשלתי</b> י _שבטגדש הרוסי נתמלאת לשעת תלויה קהל ...</div>"	spelled
271	dav19410113-01.1.4	13 January 1941	dav	Page 4	"<div class=""txtsearchsnippet"">... הביקור במרכז. יפו ה-אי־ רופית"" . יבעיר העתיקה. ליד <b class=""highlightcolor"">בית החולים הממשלתי</b> קידמו _רביט את פני המטיילים נ""שלום"" בעברית. ...</div>"	spelled
272	dav19410220-01.1.4	20 February 1941	dav	Page 4	"<div class=""txtsearchsnippet"">... את בית־ החולים העירוני לרשות _המסילה. _נדדלש מבנה הקמת <b class=""highlightcolor"">בית חולים _ממשלתי</b> ית""א וגם השתתפות בהחזקת בית~חולים העירוני. אגב, ...</div>"	indefinite
273	dav19410223-01.1.4	23 February 1941	dav	Page 4	"<div class=""txtsearchsnippet"">... המיניסטר לבריאות בממשלת ליטא הזמנית התפטר ממשרתו ונתמנה לראש <b class=""highlightcolor"">בית החולים הממשלתי</b> לשחפת בקובני.</div>"	spelled
274	dav19410306-01.1.2	6 March 1941	dav	Page 2	"<div class=""txtsearchsnippet"">... לציין שבתי החולים הממשלתיים התקדמו ברמתם הרפואית בשנים האחרונות. <b class=""highlightcolor"">בית החולים הממשלתי</b> למחלות מידבקות בפרדס כץ עומד על גובד, ...</div>"	spelled
275	dav19410914-01.1.4	14 September 1941	dav	Page 4	"<div class=""txtsearchsnippet"">... פגעת בשתי. אחיות רחמניות שהלכו בכביש ‭-, ‬ בקרבת- <b class=""highlightcolor"">בית החולים הממשלתי</b> בפרדם כץ, ביום די‭_9, ‬ בספטמבר בין ...</div>"	spelled
276	dav19410915-01.1.4	15 September 1941	dav	Page 4	"<div class=""txtsearchsnippet"">... הספיק. לפי דרישת העירית, הבטיחה _הממולח לחי־ חיב את <b class=""highlightcolor"">בית החולים הממשלתי</b> בפרדס כ ""'ו וביפו, ער שיהיו לרשות ...</div>"	spelled
277	dav19420118-01.1.4	18 January 1942	dav	Page 4	"<div class=""txtsearchsnippet"">... ?סוחרים. עשירים ביפו לבנין בית־חולים ליולדות, שיוקם כאגף ליד <b class=""highlightcolor"">_בית־החולים הממשלתי</b> בדרופה של העיר על שפת הים, בקרבת בת־ים ...</div>"	maqaf
278	dav19420414-01.1.1	14 April 1942	dav	Page 1	"<div class=""txtsearchsnippet"">... ‭. 17‬ קחל חברים התאסף אתמול _ב־3 אחה""צ ליד <b class=""highlightcolor"">בית החולים הממשלתי</b> להלוית משה עזרא. השתתפו ב""כ מועצת פועלי ...</div>"	spelled
279	dav19420608-01.1.2	8 June 1942	dav	Page 2	"<div class=""txtsearchsnippet"">... ד""ר _מ. כהו הסתמך על ידיעת ""דבריי על הגדלת <b class=""highlightcolor"">בית החולים הממשלתי</b> בסביבת ירושלים ותבע, כי קודם כל _יוקט ...</div>"	spelled
280	dav19420716-01.1.4	16 July 1942	dav	Page 4	"<div class=""txtsearchsnippet"">... 000‬ זריקות נגד _טיפוק ברוטרי-קלוב הרצה ד""ר _מישילאני, רופא <b class=""highlightcolor"">ביה""ח הממשלתי</b> למחלות מידבקות, ע? ‭"" ""‬ י מחלת הטיפוס. ...</div>"	abbreviated
281	dav19420717-01.1.6	17 July 1942	dav	Page 6	"<div class=""txtsearchsnippet"">קופוז־זוו'ליט. בוזי‭?*‬ווו&amp;א <b class=""highlightcolor"">בית החולים הממשלתי</b> בחיטה, ד""ל מישילני (בהוצאתו בקליג _. ווטרי‭(""‬ ...</div>"	spelled
282	dav19420807-01.1.4	7 August 1942	dav	Page 4	"<div class=""txtsearchsnippet"">... י_/ראשוך לציץ!רוברט _ניפוס בית _בניפין רח'יברכוכבא, פתח-תקוה;אס תר ברקוביצי, <b class=""highlightcolor"">בית חולים ממשלתי</b> צפת לאוני בלוט!שלומית ‭;, ‬ פרידה ברףוה, ...</div>"	indefinite
283	dav19421218-01.1.6	18 December 1942	dav	Page 6	"<div class=""txtsearchsnippet"">... קוסמן, מנהל הבמה של האופרה הארצישראלית הועבר ונמצא בטיס1ל <b class=""highlightcolor"">בית החולים הממשלתי</b> למחלות מדבקות. מקרי הדבר שנתגלו עכשיו, בתלד ...</div>"	spelled
284	dav19430107-01.1.4	7 January 1943	dav	Page 4	"<div class=""txtsearchsnippet"">עוד מקרח חשש לדבר אל <b class=""highlightcolor"">בית החולים הממשלתי</b> הועבר אתמול ערבי הוי־, הגר בהמשך רחוב ...</div>"	spelled
285	dav19430310-01.1.4	10 March 1943	dav	Page 4	"<div class=""txtsearchsnippet"">... גילו 'טל הנאשם ן . ד""ר -בישראל‭,. ‬רופא ומנהל <b class=""highlightcolor"">בית החולים הממשלתי</b> ביפו סבור, כי _הנאיגם יכול להיות</div>"	spelled
286	dav19430512-01.1.4	12 May 1943	dav	Page 4	"<div class=""txtsearchsnippet"">... ועדת המצב קידמה בברכה י החלטת הממשלה על הקמת <b class=""highlightcolor"">בית חולים ממשלתי</b> לבני מושבות בביה""ח היר־ קח. בת''א, ועתי' ...</div>"	indefinite
287	dav19430601-01.1.4	1 June 1943	dav	Page 4	"<div class=""txtsearchsnippet"">... אתמיל אצל נ_&amp;ל בן 15 ברעננה. הוא נאסף אל <b class=""highlightcolor"">בית החולים הממשלתי.</b> ילל שביקל בגן הילדים הנמצא באותו בית. ...</div>"	spelled
288	dav19430913-01.1.1	13 September 1943	dav	Page 1	"<div class=""txtsearchsnippet""><b class=""highlightcolor"">בית החולים הממשלתי</b> הראשון בישוב היהודי ייפתח _סוף־סוף בשבועות י. ...</div>"	spelled
289	dav19440427-01.1.3	27 April 1944	dav	Page 3	"<div class=""txtsearchsnippet"">... 55. ‬ הלשות. ‭8. 00‬ תכנית ""כבק'גחד* מיוחדת לאחיות <b class=""highlightcolor"">בית החולים הממשלתי</b> בחיפה‭8, 15. ‬ ז/ד־ שור‭8. 25.. ‬ ...</div>"	spelled
290	dav19440504-01.1.4	4 May 1944	dav	Page 4	"<div class=""txtsearchsnippet"">... המורה י. שייב מנית החולים , הדט. ה"" אל <b class=""highlightcolor"">בית החולים הממשלתי.</b> עתה התברר בי הלא נפגע בשתי חוליות, ...</div>"	spelled
291	dav19440630-01.1.6	30 June 1944	dav	Page 6	"<div class=""txtsearchsnippet"">... בשל קלקול _בחוס _זושמל אירעה שליפה באתר התאים של <b class=""highlightcolor"">בית. החולים הממשלתי.</b> ה־אש כונתה מיד. לא הגנב אשס אלא ...</div>"	spelled
292	dav19440820-01.1.7	20 August 1944	dav	Page 7	"<div class=""txtsearchsnippet"">... קונסולים, ח""ה מ. שלוש, יעקב שפירא;ד""ר _גניגיורק, _שנתמנה למנהל <b class=""highlightcolor"">בית החולים הממשלתי</b> באליסיאבי־ בה -יאחרים, פרקי היום בתנ‭''‬ך דני ...</div>"	spelled
293	dav19450102-01.1.1	2 January 1945	dav	Page 1	"<div class=""txtsearchsnippet"">... יפו את החובה לספק חלק גדול מתק - ציב <b class=""highlightcolor"">בית החולים הממשלתי</b> _וגתקציבמ של בתי הטפר הממשלתיים שבעיר — ...</div>"	spelled
294	dav19450104-01.1.2	4 January 1945	dav	Page 2	"<div class=""txtsearchsnippet"">... — משחייני . הפועל"" בתל אביב. הלויה היום ב־10 <b class=""highlightcolor"">:־בית החולים הממשלתי</b> ליד הידקוז. _ל־גר זירי""ו?דגרג _; היום ב־ ...</div>"	spelled
295	dav19450130-01.1.2	30 January 1945	dav	Page 2	"<div class=""txtsearchsnippet"">... רוב מהפרים _תחנת־הכזח של חב־ ; י ףת החשמל, <b class=""highlightcolor"">בית־החולים הממשלתי.</b> בית מעיליה' ""ב יתנו‭, ""‬בתי־הזיקוק, נמל היפי‭,, ‬בניני ...</div>"	maqaf
296	dav19450225-01.1.4	25 February 1945	dav	Page 4	"<div class=""txtsearchsnippet"">הועידה קידמה בברכה את הקמת <b class=""highlightcolor"">בית החולים הממשלתי</b> ""הירקון‭, ""‬אולם היא מדגישה כי 80 מטות ...</div>"	spelled
297	dav19450429-01.1.6	29 April 1945	dav	Page 6	"<div class=""txtsearchsnippet"">... על רופאיהם. במכונית הצלב האדום הועברו 11 פצועים אל <b class=""highlightcolor"">בית־ החולים הממשלתי</b> למושבו. נ בתל־אביב. שתים מן הפצועים: ד""ר ...</div>"	spelled
298	dav19450626-01.1.4	26 June 1945	dav	Page 4	"<div class=""txtsearchsnippet"">... של . היסה‭, ''‬ולאחר שצולמה הועברה לחדר־ המתים של <b class=""highlightcolor"">בית החולים הממשלתי</b> בבני־ ברק. כבת ‭. 55‬שעוות שיבה, אולם ...</div>"	spelled
299	dav19450817-01.1.7	17 August 1945	dav	Page 7	"<div class=""txtsearchsnippet"">יורחג _גית־הדווליט נודע לנו, כי לאחר שאושר התקציב להרחבת <b class=""highlightcolor"">בית החולים הממשלתי</b> למוש־ בות בתל־אביב, יוקמו בקרוב שני בנינים</div>"	spelled
300	dav19450911-01.1.1	11 September 1945	dav	Page 1	"<div class=""txtsearchsnippet"">... _ו־17 מבין הפועלים נפצעו. _הפצו־ עיפ קשה נאטפו אל <b class=""highlightcolor"">בית החולים הממשלתי</b> בחיפה. _חמר3ז החקלאי מודיע: ישיבת הועדה לקליטת ...</div>"	spelled
301	dav19451028-01.1.4	28 October 1945	dav	Page 4	"<div class=""txtsearchsnippet"">... אבי ג'בץ בן 23 מיפו שנפצעו קשה _היעברו אל <b class=""highlightcolor"">בית החולים הממשלתי</b> ביכו, החייל _וילסון בן 29 שנגרם לו ...</div>"	spelled
302	dav19460122-01.1.3	22 January 1946	dav	Page 3	"<div class=""txtsearchsnippet"">נפלטה גוית מלוז ליד החוף בקרבת <b class=""highlightcolor"">בית־החולים הממשלתי</b> נפלטה גוית מל י ח. הרופאים קבע_^ בבדיקתם ...</div>"	maqaf
303	dav19460123-01.1.3	23 January 1946	dav	Page 3	"<div class=""txtsearchsnippet"">... בן־יהודר, בתל־אביב. המשטרה העבירה את הגופה לחדד המתים של <b class=""highlightcolor"">בית החולים הממשלתי</b> בפרדס־כץ. לזכר. ישעיהו בורמן מחר יום ה' ...</div>"	spelled
304	dav19460127-01.1.4	27 January 1946	dav	Page 4	"<div class=""txtsearchsnippet"">... בינואר, עדיין לא הובאה לקבורה, המצאת בחדר המתים של <b class=""highlightcolor"">בית החולים הממשלתי</b> בירושלים. סיבת העכוב היא שהבולשת עדיין אינה ...</div>"	spelled
305	dav19460128-01.1.4	28 January 1946	dav	Page 4	"<div class=""txtsearchsnippet"">... החולים ""הדסה'' במוצאי. שבת לפני שבוע ושהיתד• מונחת בבנין <b class=""highlightcolor"">בית החולים הממשלתי,</b> הובאה פוף סוף לקבורה. על רשיון הקבורה ...</div>"	spelled
306	dav19460207-01.1.1	7 February 1946	dav	Page 1	"<div class=""txtsearchsnippet"">אל <b class=""highlightcolor"">בית החולים הממשלתי</b> למושבות בתל־אביב. הובאו אתמול אהה""צ בסנדר של ...</div>"	spelled
307	dav19460210-01.1.3	10 February 1946	dav	Page 3	"<div class=""txtsearchsnippet"">... זכרון אחים, נחלת ציון' רה' יפו(משער יפו עד. הדאר‭, <b class=""highlightcolor"">(‬בית החולים _הממשלתי,</b> ־ דה' הנסיכה מרי (נעיין פצפה עד ...</div>"	spelled
308	dav19460220-01.1.3	20 February 1946	dav	Page 3	"<div class=""txtsearchsnippet"">... בלד־אשיך פגעה במכוניתו מכונית צבאית. הוא נפצע קשר, ומועבר <b class=""highlightcolor"">'־בית החולים הממשלתי.</b></div>"	spelled
309	dav19460310-01.1.2	10 March 1946	dav	Page 2	"<div class=""txtsearchsnippet"">... את הפצוע ונשאוהו על קרש 'במשך שלוש שעות אל <b class=""highlightcolor"">בית החולים הממשלתי</b> ""הירקון‭, ""‬ובדרך יצאה נשמתו. הקצין קליד !ממשטרת ...</div>"	spelled
310	dav19460424-01.1.1	24 April 1946	dav	Page 1	"<div class=""txtsearchsnippet"">... ד. א‭'. ‬ םפתח-תקוה העביד את עזרא לוי אל <b class=""highlightcolor"">בית החולים הממשלתי</b> בצפון תל־אביב, הוא נפצע קשה בבטנו. בשעות ...</div>"	spelled
311	dav19460428-01.1.1	28 April 1946	dav	Page 1	"<div class=""txtsearchsnippet"">... גויתו על ידי שני . קצינים מהדיויזה המוטסת אל <b class=""highlightcolor"">בית . החולים. הממשלתי</b> בצדיפין‭. ?‬ י כרב התימניפל באעה ...</div>"	spelled
312	dav19460609-01.1.3	9 June 1946	dav	Page 3	"<div class=""txtsearchsnippet"">... הממשלתי בפי שנודע לנו, עומדים להעביר מבית־ החולים ""הדסה?אל <b class=""highlightcolor"">בית החולים הממשלתי</b> את _ניוטיל ברינג, שנדקר בגב־ בקרבת כפר ...</div>"	spelled
313	dav19460703-01.1.1	3 July 1946	dav	Page 1	"<div class=""txtsearchsnippet"">... בריאותם. יש חשש לדבי, _ו־2 החשודים במחלה, הועברו אל <b class=""highlightcolor"">בית החולים הממשלתי</b> בבת _גליפ, למחלקה המיוחדת ולמחלות מידבקות. את ...</div>"	spelled
314	dav19460813-01.1.3	13 August 1946	dav	Page 3	"<div class=""txtsearchsnippet"">... לשחרר מיד את המכונית שהשתמשו בה שלשום בהתקפה על <b class=""highlightcolor"">בית החולים הממשלתי</b> בי6ו. _ ‭_*':‬רד על ידי חיילי הדיויזיה ...</div>"	spelled
315	dav19460815-01.1.4	15 August 1946	dav	Page 4	"<div class=""txtsearchsnippet"">... הממשלתי _ביגו לפי ""אידיפאע'י, מת אחד מהמשתתפים בהתקפה על <b class=""highlightcolor"">בית החולים הממשלתי</b> ביפן. ""פלשתין"" מודיע, כי יינתן פרס של ...</div>"	spelled
316	dav19460818-01.1.4	18 August 1946	dav	Page 4	"<div class=""txtsearchsnippet"">... :פש. בלןיוב ייפתחו סניפים חדשים באזור ־. צפון, ליד <b class=""highlightcolor"">בית־החולים הממשלתי,</b> ובשבו, ־ ת זאבלאוי. ; _גגחוז תל־אביב מקיף ...</div>"	maqaf
317	dav19460917-01.1.1	17 September 1946	dav	Page 1	"<div class=""txtsearchsnippet"">... ‭. 16‬מכונית המשטרה י אספת אותם והעבירה אותפ אל <b class=""highlightcolor"">בית־החולים הממשלתי.</b></div>"	maqaf
318	dav19461016-01.1.7	16 October 1946	dav	Page 7	"<div class=""txtsearchsnippet"">... י ברקתו. יהימני ת. בשעת העברת הגויה- לחדר המתים-של <b class=""highlightcolor"">בית החולים הממשלתי</b> למושבות, נמצאו שני תרמילי הכדור המתאימים לאקדו? ...</div>"	spelled
319	dav19461023-01.1.1	23 October 1946	dav	Page 1	"<div class=""txtsearchsnippet"">... י מפירי עוצר. ‭_^ ;‬ סודות בייח‭'_-'‬ח -תממ'טלת־!י_^ אחיות <b class=""highlightcolor"">בי""ח הממשלתי</b> _בירושלים וזתטו 11 על התחייבות "" -שלא לגלות ...</div>"	abbrev_short
320	dav19461105-01.1.1	5 November 1946	dav	Page 1	"<div class=""txtsearchsnippet"">... של 7 ו־3 תתיה בראש רחוב הנסיכה מרי. ליד <b class=""highlightcolor"">בית החולים הממשלתי</b> *עומד מעמר חזק של -שוטרים בריטיינ!_וארציט־ יאליים ...</div>"	spelled
321	dav19461117-01.1.4	17 November 1946	dav	Page 4	"<div class=""txtsearchsnippet"">... המשטרה ‭0_*‬ הפצוע, שהיה בבית החולים _העירזני , אל <b class=""highlightcolor"">בית החולים הממשלתי</b> ביפו. גין 'ט‭;_5‬ימ ודיירימ בטשד השבת קיבלו ...</div>"	spelled
322	dav19461119-01.1.4	19 November 1946	dav	Page 4	"<div class=""txtsearchsnippet"">... שנסעו בה — נחרנו. הפצועים וחהרוג הועברו תהילה אל <b class=""highlightcolor"">בית החולים הממשלתי</b> ברמלה ומשם, ל. הד־ _סהי_^בתל־אביב. ייי""י ואלה ...</div>"	spelled
323	dav19461120-01.1.2	20 November 1946	dav	Page 2	"<div class=""txtsearchsnippet"">... נעקרו כליל מן השטח שהוחרם. ואילו בהי המשפט הממשלתיים, <b class=""highlightcolor"">בית החולים הממשלתי</b> שאלפי אזרחים מוברחים לבוא אתם במגע _בלתי־ ...</div>"	spelled
324	dav19461211-01.1.6	11 December 1946	dav	Page 6	"<div class=""txtsearchsnippet"">... על החזקת נשק לפצועים הוגשה עזרה ראשונה ע''_י רופאי <b class=""highlightcolor"">בית החולים הממשלתי.</b> מועצת המשנה לפועלי המושבות תהי ־ ביום ...</div>"	spelled
325	dav19461225-01.1.6	25 December 1946	dav	Page 6	"<div class=""txtsearchsnippet"">... קשה לסני הידצחו. גויתו הועברה ? לחדר המתים של <b class=""highlightcolor"">בית החולים הממשלתי</b> בפרדס כ""ץ. חיפוש גגית הנרצח במוצאי שבת ...</div>"	spelled
326	dav19470101-01.1.5	1 January 1947	dav	Page 5	"<div class=""txtsearchsnippet"">... השודדים. ו‭^&gt;&lt;‬ו את עוזרו, דאוד מעירי, הביא הרופא אל <b class=""highlightcolor"">בית־החולים הממשלתי.</b> השודד עצמו י ברח מידי השנים, לאחר _שפגיע ...</div>"	maqaf
327	dav19470130-01.1.1	30 January 1947	dav	Page 1	"<div class=""txtsearchsnippet"">... בשתי מכוניות משוריינות. קוליגס הועבר מיד במכונית מד''א אל <b class=""highlightcolor"">בית החולים הממשלתי.</b> עוד בטרנ!זזה המכונית הספיקו עתונאים מהבתים השכנים ...</div>"	spelled
328	dav19470212-01.1.1	12 February 1947	dav	Page 1	"<div class=""txtsearchsnippet"">... הצבור . להשתתף בהלויה. _בי10 לפני הצהרים נתאספו לפני <b class=""highlightcolor"">בית־החולים : הממשלתי</b> בבת־גלים משלחות מטעם הסוכנות היהודית, הקהילה ־עברית ...</div>"	maqaf
329	dav19470214-01.1.10	14 February 1947	dav	Page 10	"<div class=""txtsearchsnippet"">... גויהז של עלי:אכו זיי* בן ‭, 14‬הובאה אתמול בבוקר <b class=""highlightcolor"">&gt;בית החולים _הממשלתי</b> בירושלים. הנער מצא פצצה בשדה, קי‭7?‬ק בה ...</div>"	spelled
330	dav19470219-01.1.6	19 February 1947	dav	Page 6	"<div class=""txtsearchsnippet"">... ‭_8 , ‬ל ו. ר. פאק-ג'יק, _השוגב כאגף הבריטי‭&gt;*‬ <b class=""highlightcolor"">בית החולים _הממשלתי</b> בירושלי‭. 6‬ י -</div>"	spelled
331	dav19470330-01.1.4	30 March 1947	dav	Page 4	"<div class=""txtsearchsnippet"">... _ק_&amp;שטרה, אקר נ* הסיעי אחרי כן את _האסירים אל <b class=""highlightcolor"">בית החולים הממשלתי.</b> כל . אותו זמן, אגר העד, ראה ...</div>"	spelled
332	dav19470519-01.1.4	19 May 1947	dav	Page 4	"<div class=""txtsearchsnippet"">... עשרה ימים נדוטף תייוק של ערביה ממחלקת היולדות של <b class=""highlightcolor"">בית־החולים הממשלתי</b> בחיפה. לפי מכתב אנונימי שנתקבל במשטרה נמצא התינוק ...</div>"	maqaf
333	dav19470603-01.1.1	3 June 1947	dav	Page 1	"<div class=""txtsearchsnippet"">... הדסה‭. ""‬ סרג'נט המשטרה דרש להעביר את הפצוע אל <b class=""highlightcolor"">בית החולים הממשלתי</b> ביפו. אולם הרופא סירב בטענת שהפצוע טעון ...</div>"	spelled
334	dav19470611-01.1.6	11 June 1947	dav	Page 6	"<div class=""txtsearchsnippet"">... בשנות . המלחמה בצבא הבריטי, נתמנ* . סגן מנהל <b class=""highlightcolor"">ביה''ח הממשלתי</b> בחיפה. יצהלן _גליכטון, מזכיר י משטרת אזור רחובות, ...</div>"	abbreviated
335	dav19470731-01.1.3	31 July 1947	dav	Page 3	"<div class=""txtsearchsnippet"">... _אשל נאסר בליל ה־23 ביולי והוחזק בתא האסורים של <b class=""highlightcolor"">בית־ החולים הממשלתי</b> בירושלים, שוחרר אתמול ממאסרו, בהשתדלות עורן־־ה־ין ג. ...</div>"	spelled
336	dav19470801-01.1.9	1 August 1947	dav	Page 9	"<div class=""txtsearchsnippet"">... זו בתה. הקצין ערך חיפוש ומצא את החיתולים של <b class=""highlightcolor"">בית החולים הממשלתי.</b> הרופא ד""ר נמר טוקן בדק את חיכמאת ...</div>"	spelled
337	dav19470812-01.1.1	12 August 1947	dav	Page 1	"<div class=""txtsearchsnippet"">... המלון שאלה ? לאטד, ולק אחר בן פנתה אל. <b class=""highlightcolor"">בית החולים הממשלתי</b> וזיהתה אותה. . - חלויה עירית תל־אביב ...</div>"	spelled
338	dav19470813-01.1.10	13 August 1947	dav	Page 10	"<div class=""txtsearchsnippet"">... המתנדבים והעובדים של מ. ד. א. להעביר פצועים אל <b class=""highlightcolor"">בית החולים הממשלתי</b> ביפו. הוגשה עזרה לכל הפצועים הנזקקים, בלי ...</div>"	spelled
339	dav19470813-01.1.5	13 August 1947	dav	Page 5	"<div class=""txtsearchsnippet"">... מגפת טיפוס‭25. ‬ מאנשי הכפר הועברו למחלקה מיוחדת של <b class=""highlightcolor"">בית החולים הממשלתי</b> בחיפה. על הכפר הוטל הסגר. זכר""ן־יעקב. הערב ...</div>"	maqaf,spelled
340	dav19470813-01.1.7	13 August 1947	dav	Page 7	"<div class=""txtsearchsnippet"">... לעיר שיירה גדולה של צבא והעבירה את הגויה אל <b class=""highlightcolor"">בית החולים הממשלתי</b> ביפו.</div>"	spelled
341	dav19470815-01.1.8	15 August 1947	dav	Page 8	"<div class=""txtsearchsnippet"">... חדר נוח, ס. שחסר. שכ' רסקו, בלוק 78 (ע‭_-'‬י <b class=""highlightcolor"">בי""ח הממשלתי</b> ‭_^ . (‬ _מק‭_£_"". ‬ ליבה עם פנסיון. ...</div>"	abbrev_short
342	dav19470817-01.1.3	17 August 1947	dav	Page 3	"<div class=""txtsearchsnippet"">... ביום ו' שופט חשלום . הראשי ד""ר דל""צויו. אל <b class=""highlightcolor"">בית החולים הממשלתי</b> בחיפה כדי להוציא פקודת מאטד ל־15 יום ...</div>"	spelled
343	dav19470819-01.1.4	19 August 1947	dav	Page 4	"<div class=""txtsearchsnippet"">... שה על ידי הרכבת בק''מ ‭19. 350‬ והועברה אל <b class=""highlightcolor"">בית החולים הממשלתי</b> בחיפה. משהגיעה הרכבת אל התחנה הקרובה בטנשיה, ...</div>"	spelled
344	dav19470827-01.1.6	27 August 1947	dav	Page 6	"<div class=""txtsearchsnippet"">... מנצרת ז8ט8נטורה הל-יא י השבר! ילדים _חולי־אסכריי (דיפטרי־) אל <b class=""highlightcolor"">בית־ החולים הממשלתי</b> בחיפה. אחד מהם תינוק בן 6 חדשים, ...</div>"	spelled
345	dav19470902-01.1.3	2 September 1947	dav	Page 3	"<div class=""txtsearchsnippet"">... לפנות: וק5מן, ון""א, שיכון _ראסקו 10 ע""י _הירקון טול <b class=""highlightcolor"">ביה""ח הממשלתי.</b></div>"	abbreviated
346	dav19470904-01.1.1	4 September 1947	dav	Page 1	"<div class=""txtsearchsnippet"">... מפירי השביתה‭4. ‬ נפצעו קשה _בפגינימ ובמקלות והועברו אל <b class=""highlightcolor"">ביתהחולים הממשלתי‭??......</b> ‬• _^</div>"	maqaf
347	dav19470910-01.1.6	10 September 1947	dav	Page 6	"<div class=""txtsearchsnippet"">... השאר — קשה. גט נח;המכונית העל'נית נפצע והועבר אל <b class=""highlightcolor"">בית החולים \ הממשלתי</b> • משטית חדלה חוקרת.</div>"	spelled
348	dav19470911-01.1.1	11 September 1947	dav	Page 1	"<div class=""txtsearchsnippet"">... תצא הבוקר ב־9 מבית סמינר הקיבוצים בשב' הירקון (ליד <b class=""highlightcolor"">בית החולים הממשלתי</b> למושבות‭!(‬י. מרגולין יובא לקבורה — כבקשתו בצוואה ...</div>"	spelled
349	dav19471014-01.1.1	14 October 1947	dav	Page 1	"<div class=""txtsearchsnippet"">... לבית החולים ־על ידי מגן דוד אדום, לאחר שמכונית <b class=""highlightcolor"">בית החולים הממשלתי</b> התמהמהה לבוא. היתה שמירי! , מיום שבת ...</div>"	spelled
350	dav19471017-01.1.10	17 October 1947	dav	Page 10	"<div class=""txtsearchsnippet"">... אזעקה לאחד שנפלט כדור מנשקי של חייל ששמד על <b class=""highlightcolor"">בית החולים הממשלתי‭—.</b> ‬ בעיד העתיקה בילושלים התפוצץ, אול ליום ...</div>"	spelled
351	dav19471017-01.1.17	17 October 1947	dav	Page 17	"<div class=""txtsearchsnippet"">... יום וחבורות אבלים מוכי האסון עמדו קודרים ואומללים ליד <b class=""highlightcolor"">בית־החולים הממשלתי</b> בחיפה, שעות מעטות לאחר שקול הנפץ העז הרעיש ...</div>"	maqaf
352	dav19471023-01.1.1	23 October 1947	dav	Page 1	"<div class=""txtsearchsnippet"">... דרך, בתוכם שוטר ערבי , נפצעו ק57ה _והועברי אל <b class=""highlightcolor"">בית החולים הממשלתי</b> ביפו. הפצצה השניה נזרקה _ב־8 אל חנות ...</div>"	spelled
353	dav19471124-01.1.4	24 November 1947	dav	Page 4	"<div class=""txtsearchsnippet"">... על הירקון ונפגע בשני כדורים בידו, עזב אתמול את <b class=""highlightcolor"">בית החולים הממשלתי</b> ""הירקון‭. ""‬ איגוד לוצאי . וילנא‭.. ‬קבלת ...</div>"	spelled
354	dav19471209-01.1.3	9 December 1947	dav	Page 3	"<div class=""txtsearchsnippet"">... עבודות שיכון נרחבות בת''א, קרית ~ עבודה, קרית חיים, <b class=""highlightcolor"">בית החולים הממשלתי</b> בחיפה. הקמת נ8ל ת""א בשיתוף המש־ רד ...</div>"	spelled
355	dav19471215-01.1.1	15 December 1947	dav	Page 1	"<div class=""txtsearchsnippet"">... נגיע במחלת עצבים. גויתו הועברה אל חדר המתים של <b class=""highlightcolor"">בית החולים הממשלתי</b> _בפרדט בץ. ? עוצר הלילה‭5, ‬צ_5ה נמשך ...</div>"	spelled
356	dav19471217-01.1.4	17 December 1947	dav	Page 4	"<div class=""txtsearchsnippet"">... צע בראשו ע""י ערבי אחר. במצב קשה הובא אל <b class=""highlightcolor"">בית החולים הממשלתי.</b> _העתילות -הערבית קובלת על התקפות _העתונת הערבית ...</div>"	spelled
357	dav19471229-01.1.1	29 December 1947	dav	Page 1	"<div class=""txtsearchsnippet"">קרבנות ירושלים אתמול הם: ד""ר הוגו לארס, רופא <b class=""highlightcolor"">בית־החולים הממשלתי</b> בבית־ צפא3ה, כין ‭. 40‬דוד נוימרק, בן 16 ...</div>"	maqaf
358	dav19480101-01.1.1	1 January 1948	dav	Page 1	"<div class=""txtsearchsnippet"">... הצהריים הועברו הרופאים היהודים, ;אהיות והמתלמדות, כ־40 איש בסך־חכל, <b class=""highlightcolor"">!בית החולים הממשלתי</b> בבת־גלים. המגב _ובית־ההולים ללא נשוא. ערבים מן ...</div>"	spelled
359	dav19480107-01.1.1	7 January 1948	dav	Page 1	"<div class=""txtsearchsnippet"">... הבריאות בהדר הכרמל (עד עתה נמצאת מחלקת הבריאות בתוך <b class=""highlightcolor"">בית החולים הממשלתי</b> בבת־גליב, ויהודים אינם יכולים ליהנות _סתירותיה‭. (‬ ...</div>"	spelled
360	dav19480109-01.1.1	9 January 1948	dav	Page 1	"<div class=""txtsearchsnippet"">... לא הביע כל רגשות זוועה. נרצח רופא יחידי בתוך <b class=""highlightcolor"">בית חולים ממשלתי</b> בשעת עבודתו — השלטון לא הביע כל ...</div>"	indefinite
361	dav19480114-01.1.1	14 January 1948	dav	Page 1	"<div class=""txtsearchsnippet"">... גויות שלא זוהו בביה""ה הממשלתי כהיפה בחדר המתים של <b class=""highlightcolor"">בית החולים הממשלתי</b> בחיפה מוטלות שתי גויות, האחת נמצאה ביום ...</div>"	spelled
362	dav19480119-01.1.3	19 January 1948	dav	Page 3	"<div class=""txtsearchsnippet"">... אי גינוי על הרצה השפל של ד""ר לארס. מנהל <b class=""highlightcolor"">בית החולים הממשלתי</b> בבית־צפפה, היא מצאה לנכון לפרסם ידיעות על ...</div>"	spelled
363	dav19480120-01.1.5	20 January 1948	dav	Page 5	"<div class=""txtsearchsnippet"">... שקרנים. עכשיו גם מסתבר, מדוע שתקה המחלקה לאחר שרופא <b class=""highlightcolor"">בית החולים הממשלתי</b> בבית _צפפה ד""ר לארס נר-</div>"	spelled
364	dav19480122-01.1.1	22 January 1948	dav	Page 1	"<div class=""txtsearchsnippet"">... ששה ‭;, ‬ ימים. מחברה קדישא התקשרו טלפונית עם <b class=""highlightcolor"">בית־החולים הממשלתי,</b> כדי לברר, מאין _הובאה הגרה והיכן נמצאה, אך ...</div>"	maqaf
365	dav19480125-01.1.4	25 January 1948	dav	Page 4	"<div class=""txtsearchsnippet"">לפני -שלינה שטעית עזבו גל העלב־ דים _הימורים את <b class=""highlightcolor"">בית־החולים הממשלתי</b> בחיפה ועד עתה לא נעשו שם כל סידורי ...</div>"	maqaf
366	dav19480128-01.1.1	28 January 1948	dav	Page 1	"<div class=""txtsearchsnippet"">... _8נימ‭3~. ‬ת ‭-, 50‬ _פצעיה קלים;שני הפצועים נלקחו אל <b class=""highlightcolor"">ביה""ח הממשלתי</b> ‭--. ‬רקרג_*ה. בת 60 נפצעה־ ביום ב'־ *ד ...</div>"	abbreviated
367	dav19480205-01.1.1	5 February 1948	dav	Page 1	"<div class=""txtsearchsnippet"">... בן ‭. 19‬גופתו הועברה ע''י המשטרה _ב־2 בלילה אל <b class=""highlightcolor"">בית החולים הממשלתי</b> _גבת־גלים. נאסרו 8 עובדי נטל יהודים.</div>"	spelled
368	dav19480212-01.1.3	12 February 1948	dav	Page 3	"<div class=""txtsearchsnippet"">מצג הבריאות בעקב המאורעות האחרונים נשאר <b class=""highlightcolor"">בית־ החולים הממשלתי</b> — הסמוך לבית הסוהר — בלי ייופא ...</div>"	spelled
369	dav19480215-01.1.2	15 February 1948	dav	Page 2	"<div class=""txtsearchsnippet"">... הלק מן הפצועים במכוניות ה""צלב האלום"" של הצבא, אל <b class=""highlightcolor"">בית החולים הממשלתי</b> ברמלה. . _כריגאדח בינלאומית"" - נגד כוחות ...</div>"	spelled
370	dav19480216-01.1.4	16 February 1948	dav	Page 4	"<div class=""txtsearchsnippet"">... בפברואר _מארצות־הברית בדרכו לארץ. לתשומת לב קרובי חולי-הרוח של <b class=""highlightcolor"">בית החולים הממשלתי</b> ? בבת-יפ אינפורמציה על מצבם של החולים ...</div>"	spelled
371	dav19480225-01.1.2	25 February 1948	dav	Page 2	"<div class=""txtsearchsnippet"">... גי. פגז אהד נפל ליד מחלקת היולדות של י <b class=""highlightcolor"">בית החולים הממשלתי,</b> אחד על גג בית הדואר ואחד ברחוב ...</div>"	spelled
372	dav19480302-01.1.6	2 March 1948	dav	Page 6	"<div class=""txtsearchsnippet"">לידי י הודים <b class=""highlightcolor"">_בית־החולים הממשלתי</b> למחלות מדבקות שבפרדס־כ""ץ עבר לידי היהודים, לאיור שהמנהלת ...</div>"	maqaf
373	dav19480309-01.1.6	9 March 1948	dav	Page 6	"<div class=""txtsearchsnippet"">... האחות הותיקה חיה פורמן . גתמנתה *חית אהיאית -של <b class=""highlightcolor"">בית החולים הממשלתי</b> למושבות‭-. ‬כידוע‭-'‬ שימשה בתפקיד זה, 0_אז פתיחת ...</div>"	spelled
374	dav19480325-01.1.2	25 March 1948	dav	Page 2	"<div class=""txtsearchsnippet"">... ההוליפ הממשלתי ל8וש3ות - לעירית תל־אכיב גודע לנו כי <b class=""highlightcolor"">בית החולים הממשלתי</b> למושבות _גתל־אנינ יעבור לרשות הע יביה- ‭-,, ...</div>"	spelled
375	dav19480401-01.1.4	1 April 1948	dav	Page 4	"<div class=""txtsearchsnippet"">... אתו1 בענינים הנוגעים לעיר: שמירת נמל יפו והנהלתו, ספירת <b class=""highlightcolor"">בית החולים הממשלתי</b> לעירית, הגברת ""התגוננותה"" של יפו והגדלת מספר ...</div>"	spelled
376	dav19480408-01.1.1	8 April 1948	dav	Page 1	"<div class=""txtsearchsnippet"">... שנפצעו קל שלשום בד־ רך לירושלים, הובאו אהטול אל <b class=""highlightcolor"">בית החולים הממשלתי</b> למושבות בתל־אביב. ש_^ו תיהה: חייפ בוזליל מרחוב ...</div>"	spelled
377	dav19480414-01.1.2	14 April 1948	dav	Page 2	"<div class=""txtsearchsnippet"">... הפצוע, אולם יריות אנשי המגן מנעו זאת מהם. אל <b class=""highlightcolor"">בית החולים הממשלתי</b> . הירקון* הובא אתמול, פצוע בכדור ברגל, ...</div>"	spelled
378	dav19480421-01.1.4	21 April 1948	dav	Page 4	"<div class=""txtsearchsnippet"">... ובה של הקובה עמלה למען ההר לה העדבי, אזרח <b class=""highlightcolor"">בית החולים הממשלתי.</b> עם פרוץ המאוועות הועברה ליוושלים. לא הובה ...</div>"	spelled
379	dav19480516-01.1.2	16 May 1948	dav	Page 2	"<div class=""txtsearchsnippet"">... הכהויט מישלםים השוגים נעיר. בין היתר השתלטו היהירים על <b class=""highlightcolor"">בית החולים הממשלתי</b> ועל בית־החולים האיטלקי. , ה5ימה"" עם הי'טוכ ...</div>"	spelled
380	dav19480620-01.1.3	20 June 1948	dav	Page 3	"<div class=""txtsearchsnippet"">ת י . פ ה י . <b class=""highlightcolor"">בית החולים הממשלתי</b> בחיפה מתארגז מחדש</div>"	abbreviated,spelled
381	dav19480621-01.1.3	21 June 1948	dav	Page 3	"<div class=""txtsearchsnippet"">... את כל עניני האישפוז בחיפה רבתי , להעביר אל <b class=""highlightcolor"">בית החולים הממשלתי</b> את רוב המחלקות של שאר בתי החולים, ...</div>"	spelled
382	dav19480809-01.1.3	9 August 1948	dav	Page 3	"<div class=""txtsearchsnippet"">... נציגי הממשלה, באיכות עירית היפה יועד קהילת חיפה יועבר <b class=""highlightcolor"">בית החולים הממשלתי</b> בחיפה -אשר באופן זמני היה בהנהלת העירית ...</div>"	spelled
383	dav19480831-01.1.4	31 August 1948	dav	Page 4	"<div class=""txtsearchsnippet"">... סקיי-ה על מצב _האישסוז בבתי _החוליפ בחיקה עם העברת <b class=""highlightcolor"">בית החולים הממשלתי</b> לידי מדינו!ישראל ובית החוליםרו&amp;שילד"" לידי העי־ דיה. ...</div>"	spelled
384	dav19480917-01.1.4	17 September 1948	dav	Page 4	"<div class=""txtsearchsnippet"">... ‭"". ‬תנו ובצאתם חזיר;למקום אשר משם באו. על מרפסת <b class=""highlightcolor"">-בית_""החולים הממשלתי</b> הקשבתי לדברי _£מו של אחד החיילים הפצועים בשיחתה ...</div>"	maqaf
385	dav19480917-01.1.6	17 September 1948	dav	Page 6	"<div class=""txtsearchsnippet"">... לאחיות ליד ביה""ח הירקון בתל־אביב ובית הספר לאחיות ליד <b class=""highlightcolor"">ביה""ח הממשלתי</b> בחיפה. מסט־ התלמידות בשני בתי־הספו הוא ‭. 70‬ ...</div>"	abbreviated
386	dav19480928-01.1.4	28 September 1948	dav	Page 4	"<div class=""txtsearchsnippet"">... נמצא בג'בליד‭), ‬יפו) לח' ב' מס' 141_־12 ל יד <b class=""highlightcolor"">בית החולים הממשלתי.</b> האוטובוס (של דרום יהודה) לג'בליה יוצא מהתחנ ...</div>"	spelled
387	dav19481003-01.1.18	3 October 1948	dav	Page 18	"<div class=""txtsearchsnippet"">. החופי* המצ3 בנין העובדים בבית-החלןים הממשלתי עובדי <b class=""highlightcolor"">בית־החולים הממשלתי</b> בחיפה סירבי לקבל את טשטרתט בעד חודש ספטמבר. ...</div>"	maqaf
388	dhy19300417-01.1.1	17 April 1930	dhy	Page 1	"<div class=""txtsearchsnippet"">... פאיז חדאד• המשפט נפסק צשבועים _מכיון שר""ר אוריוניג הפא <b class=""highlightcolor"">בית החולים הממשלתי</b> בחבהן שיצריך היד, ‭_. _#‬עיד במשפט זה ...</div>"	spelled
389	dhy19310301-01.1.4	1 March 1931	dhy	Page 4	"<div class=""txtsearchsnippet"">... עדויותיהם של מפקח המשטרה מר עבוד"" אחות ופקיד ‭2'‬ל <b class=""highlightcolor"">_ביה""ח הממשלתי</b> שטפלו באשה הפצועה, ‭:.. ""‬שפט ימשך עוד כמר. ...</div>"	abbreviated
390	dhy19310308-01.1.4	8 March 1931	dhy	Page 4	"<div class=""txtsearchsnippet"">... 100 לא י' י לסלילת חלק מדר רהוב שע""י <b class=""highlightcolor"">ביה""ח הממשלתי</b> כפי דרישת הממ־ ש לה . ג)ל. מסור ...</div>"	abbreviated
391	dhy19310417-01.1.1	17 April 1931	dhy	Page 1	"<div class=""txtsearchsnippet"">... ‭!ל הל רב, ביניהם ' גם לןךובי""ההרוגה הלכו: עד <b class=""highlightcolor"">בית החולים הממשלתי,</b> ו ?ריאות ימנם הרעישו את חלל ארה ...</div>"	spelled
392	dhy19320606-01.1.4	6 June 1932	dhy	Page 4	"<div class=""txtsearchsnippet"">... הספר, סירסבהאיד, סגנו של פיק פשה, גברת רוגן, מנהלת <b class=""highlightcolor"">בית החולים הממשלתי</b> בירושלים, גבי' טשאנל מנהלת ובית חולות הרוח ...</div>"	spelled
393	dhy19320612-01.1.4	12 June 1932	dhy	Page 4	"<div class=""txtsearchsnippet"">... יצאנ מיד למקום ומצאו את גופת הנרצה שהובלה א_$ <b class=""highlightcolor"">ביה""ח הממשלתי.</b> ר גיגבים טרם נתפשו. נהרג מתוך שינה ביום ...</div>"	abbreviated
394	dhy19320623-01.1.4	23 June 1932	dhy	Page 4	"<div class=""txtsearchsnippet"">... 18 כיוצי וצא יוני , כפי שהודענו בטעות. מסדרי <b class=""highlightcolor"">בית החולים הממשלתי</b> כמה מקרובי ההוצים שמזצם גרם צהם אשכב ...</div>"	spelled
395	dhy19320725-01.1.1	25 July 1932	dhy	Page 1	"<div class=""txtsearchsnippet"">... גבית הכנסת "" שירת ישראל"" בשכונת רוהמת על יד <b class=""highlightcolor"">בית החולים הממשלתי</b> במהנת יהודה. על הפרק : א. אשור ...</div>"	spelled
396	dhy19321016-01.1.1	16 October 1932	dhy	Page 1	"<div class=""txtsearchsnippet"">... 'מעמקי הבאר הקטלנית. _גופותיהם של שאשת הקרבנות הובא!הבדיקה אל <b class=""highlightcolor"">ביה""ח הממשלתי.</b> העבודה בקרירה הבאר• הופסקה ע""י־ תמשמ־־ה אזמן בלתי־מוגבל. ...</div>"	abbreviated
397	dhy19330623-01.1.1	23 June 1933	dhy	Page 1	"<div class=""txtsearchsnippet"">... יום אתמול ?ביקרו אנשים רבים את הדר המתים של <b class=""highlightcolor"">בית החולים הממשלתי</b> כדי לדעה מיהו המת. "" ממועצת פועלי ...</div>"	spelled
398	dhy19330808-01.1.4	8 August 1933	dhy	Page 4	"<div class=""txtsearchsnippet"">... הדרוש, הן מבחינה רפואית והן מבהינה הגוכית וסדורית. נפתה <b class=""highlightcolor"">בית החולים הממשלתי.</b> — בית־התולים הממשלתי נפתה כבר. הוא מתנהל ...</div>"	spelled
399	dhy19341018-01.1.5	18 October 1934	dhy	Page 5	"<div class=""txtsearchsnippet"">... מחלת המלריה התפשטה בזמן האחרון במדד , נוראה ברמלה. <b class=""highlightcolor"">בית החולים הממשלתי</b> נתמלאו הולים. העתון מציין, כי רחובות רמלה ...</div>"	spelled
400	dhy19341023-01.1.1	23 October 1934	dhy	Page 1	"<div class=""txtsearchsnippet"">ראשון לעדים מופיע הד""ר רייטלר, רופא <b class=""highlightcolor"">בית החולים הממשלתי</b> ביפו שבדק את גופת לוטפי יום אהרי ...</div>"	spelled
401	dhy19350308-01.1.4	8 March 1935	dhy	Page 4	"<div class=""txtsearchsnippet"">... קולוניה (מוצא) נמצאח גופת פלחיה מכפר םויריק. הגופה _הועבידי <b class=""highlightcolor"">_^בית־ החולים הממשלתי</b> בירושלים לשם הקירח. הסתה בכל הדרכים "" ...</div>"	spelled
402	dhy19350322-01.1.6	22 March 1935	dhy	Page 6	"<div class=""txtsearchsnippet"">... הנתקף, ומד האריםון הובל ע""י איציק באפנוע שלי אל <b class=""highlightcolor"">'בית החולים הממשלתי.</b> ‭_?::‬ *</div>"	spelled
403	dhy19350404-01.1.6	4 April 1935	dhy	Page 6	"<div class=""txtsearchsnippet"">... 3 ימים בימה של ת""א. בא־כחנו נתקשר מיד עם <b class=""highlightcolor"">ביה""ח הממשלתי</b> ביפו' אך מפני השעה המאוחרת לא רצו לאשר ...</div>"	abbreviated
404	dhy19350509-01.1.6	9 May 1935	dhy	Page 6	"<div class=""txtsearchsnippet"">... חכתחו. :י י _*בךר מיד שהילד חיה הולה, והובל <b class=""highlightcolor"">;בית החולים הממשלתי.</b> אתמול בבוקר _£ז_^ח&gt;וירה _ רפואית הוכיחה‭', ‬מחי_*ד ...</div>"	spelled
405	dhy19350912-01.1.8	12 September 1935	dhy	Page 8	"<div class=""txtsearchsnippet"">ייבנה <b class=""highlightcolor"">בית חולים ממשלתי</b> ""מוקטם"" מודיע שהממשלה עומדת לבנות בית־חולים ממשלתי ...</div>"	indefinite
406	dhy19351008-01.1.7	8 October 1935	dhy	Page 7	"<div class=""txtsearchsnippet"">... רפין, סוריקוב, סיירוב, סטיפנוב, צ'כונין, אייבזובסקי, ארביפוב, נויגוגרוב, ועוד. <b class=""highlightcolor"">בית חולים ממשלתי</b> בכפר פלשטין"" מודיע כי הממשלח חפ־ "" ...</div>"	indefinite
407	dhy19351021-01.1.5	21 October 1935	dhy	Page 5	"<div class=""txtsearchsnippet"">... לאהר שטלפנו חצי שעה למגד""א — הוכרהו להתקשר עם <b class=""highlightcolor"">ביה""ח הממשלתי</b> וכעבור 3 רגעים מגיעה המכונית הממשלתית של העזרה ...</div>"	abbreviated
408	dhy19360415-01.1.8	15 April 1936	dhy	Page 8	"<div class=""txtsearchsnippet"">תודת <b class=""highlightcolor"">בית החולים הממשלתי</b> בירושלים למנהל בית | התבשיל והכנסת אורהים ...</div>"	spelled
409	dhy19360614-01.1.4	14 June 1936	dhy	Page 4	"<div class=""txtsearchsnippet"">... בום ובליית שנ* חיילים מהרי כחץ מ־יבת העירה, ל <b class=""highlightcolor"">בית החולים הממשלתי.</b> הנזזג רדב־ב־ץ עזר לריפאים ־־:־־' את בגדי ...</div>"	spelled
410	haam19310605-01.1.1	5 June 1931	haam	Page 1	"<div class=""txtsearchsnippet"">... בשעה 2 וחצי אחה־צ הניע האוטו לשער הפרחים אל <b class=""highlightcolor"">בית החולים הממשלתי</b> שבו הונח ארון המת• הארון הורד ונשא ...</div>"	spelled
411	hadashott19400115-01.1.2	15 January 1940	hadashott	Page 2	"<div class=""txtsearchsnippet"">... החולם 26 חולים בלתי מסוכנים כביכול... — הקיים בארץ <b class=""highlightcolor"">בית חולים ממשלתי</b> לחולי רוחז — קיים <b class=""highlightcolor"">בית חולים ממשלתי</b> ...</div>"	indefinite
412	hadoar19360911-01.1.7	11 September 1936	hadoar	Page 7	"<div class=""txtsearchsnippet"">... — מרתה פינק מווינה ונחמה צדק מארץ־ישראל — במבוא <b class=""highlightcolor"">בית־החולים הממשלתי</b> ביפו, במקום שהן עובדות זה ימים רבים, ביחס ...</div>"	maqaf
413	hadoar19460906-01.1.7	6 September 1946	hadoar	Page 7	"<div class=""txtsearchsnippet"">... אחרים המשמשים מאז הכיבוש הבריטי לבתי־המשפט הממשלתיים, בית־הסוהר המרכזי, <b class=""highlightcolor"">בית־החולים הממשלתי</b> ועוד, וסביבתו, בהיקף 150 דונאם). תחילה ניתן צו ...</div>"	maqaf
414	hadoar19470509-01.1.5	9 May 1947	hadoar	Page 5	"<div class=""txtsearchsnippet"">... של אצ״ל, שנדונה למאסר שבע שנים והצליחה לברוח מתוך <b class=""highlightcolor"">בית־החולים הממשלתי</b> שבתוך ""מצודת ירושלים"", המוקפת שערי־ תייל וגדרי־תייל ומכוניות ...</div>"	maqaf
415	hador19481123-01.1.1	23 November 1948	hador	Page 1	"<div class=""txtsearchsnippet"">... על הצלב האדום, שהוציא את אגשיו ואת ציודו מבניני <b class=""highlightcolor"">ביה״ח הממשלתי</b> לשע ברבמגרשם הרוסי בירושלים ו״הפקיר״ את המקום בידי ...</div>"	abbreviated
416	hador19481216-01.1.4	16 December 1948	hador	Page 4	"<div class=""txtsearchsnippet"">... בכיתהחוליש הממשלתי ביפו בקשר לתלונות על הסדרים הלקוײם ב• <b class=""highlightcolor"">בית החולים הממשלתי</b> ביפו, הוחלט למ• נות ועות חקירה מיוחות ...</div>"	spelled
417	hador19481227-01.1.4	27 December 1948	hador	Page 4	"<div class=""txtsearchsnippet"">... קבועים ו°ס2 ל»י לעובדים יומײם. באספה הכללית של עובדי <b class=""highlightcolor"">בית החולים |הממשלתי</b> הוחלט לבקש ממועצת פועלי 1 חיפה להכריז ...</div>"	spelled
418	haolam19360820-01.1.5	20 August 1936	haolam	Page 5	"<div class=""txtsearchsnippet"">... דרך ת""א תחת שמירה מעולה). ימי דמים. — ליד <b class=""highlightcolor"">בית־החולים הממשלתי</b> ביפו נרצהו ביריות מן המארב, האחיות חרחמניות מרתה ...</div>"	maqaf
419	haolam19370617-01.1.9	17 June 1937	haolam	Page 9	"<div class=""txtsearchsnippet"">... הבריאות של הממשלה חתמה על חוזה עם""""סולל־בונה"" בדבד בנין <b class=""highlightcolor"">בית־החולים הממשלתי</b> בחיפה. הבנין יעלה כתשעים אלף לא""י, עבודת האינסטלציה ...</div>"	maqaf
420	haolam19370715-01.1.19	15 July 1937	haolam	Page 19	"<div class=""txtsearchsnippet"">... העבודה בתל־אביב. ב ה י פ ה: הוהל בבנין <b class=""highlightcolor"">בית־החולים הממשלתי,</b> שנמסר ל""סולל־בונה"". היקף העבודה הזאת הוא — ‭90. ...</div>"	maqaf
421	haolam19371111-01.1.7	11 November 1937	haolam	Page 7	"<div class=""txtsearchsnippet"">... קיבל שטח של דונם וחצי. בחיפה. — העבודה בבנין <b class=""highlightcolor"">בית־החולים הממשלתי</b> מתקדמת בקצב מהיד. העבודה הנערכת ב־‭100. 000‬ לא""י ...</div>"	maqaf
422	haolam19380210-01.1.12	10 February 1938	haolam	Page 12	"<div class=""txtsearchsnippet"">... נתנו ‭140. 000‬ ימי עבודה, ובהן בנין בנק באדקלייס, <b class=""highlightcolor"">בית החולים הממשלתי,</b> עבודות הצבא ואחרות. ‭100. 000‬ ימי עבודה ...</div>"	spelled
423	haolam19390105-01.1.5	5 January 1939	haolam	Page 5	"<div class=""txtsearchsnippet"">... שלטון אנגלי־ערבי בלא שיתוף־יהודים כל שהוא. בהיפר, תונך עתה <b class=""highlightcolor"">בית החולים הממשלתי</b> תחדש. עלונים עם פרשת־ההנוכה חולקו למשתתפים בחגיגה, ...</div>"	spelled
424	haolam19390316-01.1.11	16 March 1939	haolam	Page 11	"<div class=""txtsearchsnippet"">... הצלב האדום בצפת, שבה נסע ד""ד ט. שטרנברג, ריפא <b class=""highlightcolor"">ביה""ח הממשלתי</b> בצפת בלויית אחות נוצריה ונהג ערבי. ד""ד שטדנבדג ...</div>"	abbreviated
425	haolam19420319-01.1.4	19 March 1942	haolam	Page 4	"<div class=""txtsearchsnippet"">... מופרז והממשלה עוסקת זה עשר שנים בתכנית של הקמת <b class=""highlightcolor"">בית חולים ממשלתי.</b> הקימונו כפר עבוד־, . לנערים בגבת. ויש ...</div>"	indefinite
426	haolam19420917-01.1.2	17 September 1942	haolam	Page 2	"<div class=""txtsearchsnippet"">... עצם הדבר נגע עד לבנין ובאותו ערב התקשרנו עם <b class=""highlightcolor"">בית־ החולים הממשלתי</b> , והתברר שלפני כמה שבועות הבי*' שוטרי ...</div>"	spelled
427	haolam19471016-01.1.16	16 October 1947	haolam	Page 16	"<div class=""txtsearchsnippet"">... מטפלות, כל החנויות — בתורות מוכרות. . עבודה !"" <b class=""highlightcolor"">בית החולים הממשלתי</b> ביפו מחנך אחיות לחולים. לשוא. שלש שגים ...</div>"	spelled
428	haolam19480108-01.1.13	8 January 1948	haolam	Page 13	"<div class=""txtsearchsnippet"">... מלוך, שנהרג מן היריות בשיך נ'ראח. במו כן נמצאת <b class=""highlightcolor"">בית־החולים הממשלתי</b> גופת ערבי שלא זוהתה וערבי כשם ג'אבר סלימן ...</div>"	maqaf
429	haolam19480115-01.1.13	15 January 1948	haolam	Page 13	"<div class=""txtsearchsnippet"">... אחד הועד הלאומי קיבל הודעת פתאום מאת השלטונות, כי <b class=""highlightcolor"">בית־החולים הממשלתי</b> לחולי רוח בבת־ים. שבו נמצאים ‭175‬ חולים יהודיה ...</div>"	maqaf
430	haolam19480122-01.1.1	22 January 1948	haolam	Page 1	"<div class=""txtsearchsnippet"">... מכון לחקר הקהלות: המתקת מים מלוחים: שוד לעיני שוטרים: <b class=""highlightcolor"">בית חולים ממשלתי</b> לערבים: משלהת רפואית סורית לארץ: ‭24‬ מטוסי ...</div>"	indefinite
431	haolam19480122-01.1.12	22 January 1948	haolam	Page 12	"<div class=""txtsearchsnippet"">בית חולים ממשלתי — לערבים <b class=""highlightcolor"">בית החולים הממשלתי</b> כביתיצפםה נפטר לערבים. הממשלה מטרה אוחו ל""חברה ...</div>"	indefinite,spelled
432	haolam19480219-01.1.12	19 February 1948	haolam	Page 12	"<div class=""txtsearchsnippet"">... גהרגו. וגם מספר ערבים נפצעו. ערבים מזמינים התקיפו את <b class=""highlightcolor"">ביה""ח הממשלתי</b> בצפח והוציאו משם מפקד כנופיה פצוע אמיר. חיפה ...</div>"	abbreviated
433	haolam19480923-01.1.12	23 September 1948	haolam	Page 12	"<div class=""txtsearchsnippet"">... לאחיות ליד ביה־ח הירקון בתל־אביב ובית הטםר לאחיות ליד <b class=""highlightcolor"">ביה""ח הממשלתי</b> בחיפה. מסםר התלמידות בשני בתי־הסםר הוא ‭. 70 ...</div>"	abbreviated
434	haretz19310407-01.1.2	7 April 1931	haretz	Page 2	"<div class=""txtsearchsnippet"">... בית החולים המיוחד בשבילם. וכך נוצרההסקציה "" הבריטית של <b class=""highlightcolor"">בית החולים הממשלתי"",</b> המשמשת לא רק את הפקידים תבריטים ואת ...</div>"	spelled
435	haretz19311206-01.1.2	6 December 1931	haretz	Page 2	"<div class=""txtsearchsnippet"">... בוטלה, • או נדחתה לזמן רב, :גם התכנית לבות <b class=""highlightcolor"">בית חולים ממשלתי</b> לחולי רו־ בירושלים, שבנחיצותו ודאי שאין הממשלה ...</div>"	indefinite
436	haretz19330504-01.1.4	4 May 1933	haretz	Page 4	"<div class=""txtsearchsnippet""><b class=""highlightcolor"">בית החולים הממשלתי</b> בעכו נסגר לרגלי םירוב תעידיה המקומית לש ...</div>"	spelled
437	haretz19330621-01.1.4	21 June 1933	haretz	Page 4	"<div class=""txtsearchsnippet"">... זרעין, מתוך האוטו אל מעבר לגשר. הפצוע הועבר אל <b class=""highlightcolor"">ביה״ח הממשלתי</b> ושם מת. הנהג נאסר. תשונה על ""עבודה זרה ...</div>"	abbreviated
438	haretz19330623-01.1.1	23 June 1933	haretz	Page 1	"<div class=""txtsearchsnippet"">... משתית הרעל (שתה ליזול). הובא מקוביבה להדר המתים של <b class=""highlightcolor"">בית 'החולים הממשלתי</b> בירושלים במשך כל היום בקרו מאות אנשים ...</div>"	spelled
439	haretz19330703-01.1.2	3 July 1933	haretz	Page 2	"<div class=""txtsearchsnippet"">... כלליות מספיק לצרבי תושבי ירושלים והאזור הדרומי. מפני שהרחבת <b class=""highlightcolor"">בית החולים הממשלתי</b> בחיפה נדחתה, נעשה שם המצב קשה בעונת ...</div>"	spelled
440	haretz19330711-01.1.1	11 July 1933	haretz	Page 1	"<div class=""txtsearchsnippet"">... מוג׳יב בעבר הירדן. גופתו הוצאה מ! הנהר והובאה אל <b class=""highlightcolor"">ביה״ח הממשלתי</b> בירושלים. ""מדינת היהודיש"" יצאה חוברת ""מדינת היהודים"" מאת ...</div>"	abbreviated
441	haretz19330802-01.1.4	2 August 1933	haretz	Page 4	"<div class=""txtsearchsnippet"">... ובחירת צירים לועידת ""מגן"". חזו מחופשתו ד״ר מלחי, מנהל <b class=""highlightcolor"">בית החולים הממשלתי</b> למחלות מדבקות, הזר מחופשתו והחל בעבודתו. ביקור ...</div>"	spelled
442	haretz19331010-01.1.4	10 October 1933	haretz	Page 4	"<div class=""txtsearchsnippet"">... על ידם. הנפצע מת שעה קלה לאהר שהובא אל <b class=""highlightcolor"">ביה״ח הממשלתי.</b> החקירה הראתה כי באוטו היו 70 תיבות ירקות ...</div>"	abbreviated
443	haretz19331029-01.1.4	29 October 1933	haretz	Page 4	"<div class=""txtsearchsnippet"">... מובנות. אבטומובילים של ""מגן דוד אתם"" תל אביב, של <b class=""highlightcolor"">בית החולים הממשלתי</b> וכן גם פלוגות עזרה ראשונה של הצופים ...</div>"	spelled
444	haretz19331030-01.1.1	30 October 1933	haretz	Page 1	"<div class=""txtsearchsnippet"">... מכוניו תהעזרה של מחלקת הבייאות והחלו להעביר פצועים אל <b class=""highlightcolor"">בית החולים הממשלתי.</b> בבית. החולים הממשלויר נמצאים 17 פצועים ובהם ...</div>"	spelled
445	haretz19331101-01.1.1	1 November 1933	haretz	Page 1	"<div class=""txtsearchsnippet"">... העיר עובדים טספר בתי מלאכה וחנויות פתוחות שם. אצל <b class=""highlightcolor"">בית החולים הממשלתי</b> שרר שקט, רק כמה נשים ישבו שם ...</div>"	spelled
446	haretz19331122-01.1.6	22 November 1933	haretz	Page 6	"<div class=""txtsearchsnippet"">... הממשלתי. ביום ה', במאוחד קצת, הודיענו הר״ר ריטלר ראש <b class=""highlightcolor"">בית החולים הממשלתי</b> ע״י הטלפון, שאלמלא קבעו את הדיאגנוזה לפני ...</div>"	spelled
447	haretz19331129-01.1.5	29 November 1933	haretz	Page 5	"<div class=""txtsearchsnippet"">לאחד שהועברה החולה אל <b class=""highlightcolor"">ביה״ח הממשלתי,</b> לא פסקה ההתעניגות, ועל זו יכולים להעיד חבריה ...</div>"	abbreviated
448	haretz19331217-01.1.2	17 December 1933	haretz	Page 2	"<div class=""txtsearchsnippet"">... חדשה כאן. היא קנתה מאת ממשלה עבר הירדן את <b class=""highlightcolor"">בית החולים הממשלתי</b> בקיר מואב, בית חולים זה נבנה על ...</div>"	spelled
449	haretz19331219-01.1.1	19 December 1933	haretz	Page 1	"<div class=""txtsearchsnippet"">... י. אולש! בשם עוה״ד היהודים. ההלויה היתה אחה״צ. אל <b class=""highlightcolor"">ביה״ח הממשלתי</b> במגרש הרוסים באו שלישו של הנציב העלמין וסננו ...</div>"	abbreviated
450	haretz19340125-01.1.4	25 January 1934	haretz	Page 4	"<div class=""txtsearchsnippet"">... 26. 1. 34‬ בשעה 9 לפנה""צ. רחוב ההר, ע""י <b class=""highlightcolor"">ביה""ח הממשלתי.</b></div>"	abbreviated
451	haretz19340212-01.1.3	12 February 1934	haretz	Page 3	"<div class=""txtsearchsnippet"">... שוקרי כאלד', שביום ‭27‬ באוקטובר ואה""כ היה ממונה ע' <b class=""highlightcolor"">ביה""ח הממשלתי,</b> הכולל אה כי ההרוגים והפצועים שנשלהו לבה""ה הממשלתי ...</div>"	abbreviated
452	haretz19340304-01.1.3	4 March 1934	haretz	Page 3	"<div class=""txtsearchsnippet"">... שאד השכונות. אחריו נקדא ד""ד האלי , הממונה על <b class=""highlightcolor"">בית החולים הממשלתי</b> ביפו. להעיד בענין גויתו של לוטפי. אבל ...</div>"	spelled
453	haretz19340617-01.1.1	17 June 1934	haretz	Page 1	"<div class=""txtsearchsnippet"">... אותח שעח ליד שולחן וכתב. מיד הובא הפצוע אל <b class=""highlightcolor"">ביה""ח הממשלתי</b> וקרוב לשעח אחת ניתחוהו •הרופאים תומםון ולייטבודי. מיד ...</div>"	abbreviated
454	haretz19341003-01.1.2	3 October 1934	haretz	Page 2	"<div class=""txtsearchsnippet"">... הילדים בבתי הטם' היהודיים. נתי תולים בגליל בצפת נוסד <b class=""highlightcolor"">בית חולים ממשלתי</b> למלהמה במחלות שונות כאזור זה הכולל גם ...</div>"	indefinite
455	haretz19350312-01.1.1	12 March 1935	haretz	Page 1	"<div class=""txtsearchsnippet"">... שתתי היהודים. מבתי־הולים יהודיים יש לדרוש• מלוי תגאים, ששום <b class=""highlightcolor"">בית חולים ממשלתי</b> לא יבול היח לעמוד : בהם. בקשות ...</div>"	indefinite
456	haretz19350419-01.1.9	19 April 1935	haretz	Page 9	"<div class=""txtsearchsnippet"">... אוטובוס ; ? עובר דרך יפו, בית החולים הצרפתי, <b class=""highlightcolor"">בית החולים \ ־"" הממשלתי</b> ביפו, בית ההסנר (הקרנט-ן). )? ...</div>"	spelled
457	haretz19350613-01.1.6	13 June 1935	haretz	Page 6	"<div class=""txtsearchsnippet"">... יום ל! שם, כשהוא חולה, אתר בך פנה ל <b class=""highlightcolor"">בית החולים הממשלתי•</b> ושהה שם ביומים. שלשום לפנות ערב סולק ...</div>"	spelled
458	haretz19351002-01.1.8	2 October 1935	haretz	Page 8	"<div class=""txtsearchsnippet"">... נשים יולדות וכירורגיה מי שהיה מנהל כמשך הרבה שנים <b class=""highlightcolor"">בית חולים ממשלתי</b> ב ומגיה השתקע בתל־אבינ ומקבל חולים ברח' ...</div>"	indefinite
459	haretz19351213-01.1.6	13 December 1935	haretz	Page 6	"<div class=""txtsearchsnippet"">... של סטימצקי. ה' קיטרוטש הבריא ה' קיטרוטש עזב את <b class=""highlightcolor"">בית החולים הממשלתי</b> בירושלים ומתאכסן עתה בב־ת ד""ר םטרטהר! בירושלים. ...</div>"	spelled
460	haretz19360420-01.1.5	20 April 1936	haretz	Page 5	"<div class=""txtsearchsnippet"">... עלה בידנו לברר את חדבר בחחלט. המערכת נתקשרה עם <b class=""highlightcolor"">בית החולים הממשלתי</b> ביפו ועם משרד הבריאות של •הממשלה, אבל ...</div>"	spelled
461	haretz19360514-01.1.9	14 May 1936	haretz	Page 9	"<div class=""txtsearchsnippet"">... הלך לביתו. נהלה מאז הבוקר נתקהלו הרבה ערבים ליד <b class=""highlightcolor"">בית החולים הממשלתי</b> במגרש הרוסים, במקום שהיה מוטל ההרוג. רבים ...</div>"	spelled
462	haretz19360608-01.1.7	8 June 1936	haretz	Page 7	"<div class=""txtsearchsnippet"">... ר ס. פאדברג כשעת ההפגנה ברחוב חמאבים. ערות רופאי <b class=""highlightcolor"">ביה""ח הממשלתי</b> העידור""ד חדאד וד יי ר נ. חמזה, רופאים ...</div>"	abbreviated
463	haretz19360705-01.1.5	5 July 1936	haretz	Page 5	"<div class=""txtsearchsnippet"">... בזמ! אחד האוטו של מ. ד. א. והאוטו של <b class=""highlightcolor"">בית החולים הממשלתי.</b> קצי! ערבי שהיה במקום דרש מאת הנהג ...</div>"	spelled
464	haretz19360729-01.1.5	29 July 1936	haretz	Page 5	"<div class=""txtsearchsnippet"">... יומים שבכה במצב רציני בהדםת"" והלילה מתה. "" נפתח <b class=""highlightcolor"">בית החולים הממשלתי</b> למחלות מדבקות הבוקר נפתה בדרך תל־אביב — ...</div>"	spelled
465	haretz19360916-01.1.8	16 September 1936	haretz	Page 8	"<div class=""txtsearchsnippet"">... היה כל רובה על ידו. הדייר וו. ?רייוהגיג, רופא <b class=""highlightcolor"">ביה״ח הממשלתי,</b> נקרא להעיד בדבר גילם של הנאשמים. הוא בדק ...</div>"	abbreviated
466	haretz19360923-01.1.2	23 September 1936	haretz	Page 2	"<div class=""txtsearchsnippet"">... ב־l s בפרואר ש. ז. העיד ד״ר מלבי, רופא <b class=""highlightcolor"">בית החולים הממשלתי</b> בחיפה, שבדק את גוית הנרצחת למחרת הרצח. ...</div>"	spelled
467	haretz19360925-01.1.1	25 September 1936	haretz	Page 1	"<div class=""txtsearchsnippet"">... הערב עבר זמן רב מאד עד שבא האוטו של <b class=""highlightcolor"">בית החולים הממשלתי,</b> שהוזמן מתחנת המשטרה בשער יפו. גם השוטרים ...</div>"	spelled
468	haretz19361006-01.1.1	6 October 1936	haretz	Page 1	"<div class=""txtsearchsnippet"">... כוכב־אל־הואה. — אמש, בשעה 10, ירו מאקדח ומרובה על <b class=""highlightcolor"">בית החולים הממשלתי,</b> שנמצא בפרדם כץ. 5 רגעים לפני זה ...</div>"	spelled
469	haretz19361009-01.1.14	9 October 1936	haretz	Page 14	"<div class=""txtsearchsnippet"">חילופים בהנהלת ביה״ת למחלות מדבקות מנהל <b class=""highlightcolor"">בית החולים הממשלתי</b> למחלות מדבקות בבני ברק, הד״ר רייטלר, הועבר ...</div>"	spelled
470	haretz19361016-01.1.8	16 October 1936	haretz	Page 8	"<div class=""txtsearchsnippet"">... מביעים את דגשי תודתנו הלבבית לד״ר א. מלחי רופא <b class=""highlightcolor"">בית החולים הממשלתי</b> בחיפה על הטפול המסור במחלת בתנו ואחו־ ...</div>"	spelled
471	haretz19361018-01.1.2	18 October 1936	haretz	Page 2	"<div class=""txtsearchsnippet"">... נוסד קלוב ""מוטאנה"", שנשיאו הוא הד״ר סתיב שוקיט, מנהל <b class=""highlightcolor"">בית החולים הממשלתי</b> היחידי בעיר. מזכיר הקלוב הוא סעיד טאביט ...</div>"	spelled
472	haretz19361018-01.1.4	18 October 1936	haretz	Page 4	"<div class=""txtsearchsnippet"">... נשה ולא על יריות על צבא. , הנציב העליון <b class=""highlightcolor"">:בית החולים ■הממשלתי</b> ה. מ• הנציב העליון ביקר ביום הששי ...</div>"	spelled
473	haretz19361021-01.1.1	21 October 1936	haretz	Page 1	"<div class=""txtsearchsnippet"">... תקוה — תל־־ אביב ליד .תחנת אבטובוסים מזרחי, מול <b class=""highlightcolor"">בית החולים הממשלתי.</b> ■היו כ־2 o יריות מצד הפרדסים הערכים, ...</div>"	spelled
474	haretz19361023-01.1.7	23 October 1936	haretz	Page 7	"<div class=""txtsearchsnippet"">... על ידי טירוריסט ערבי, שהתנקש כחייו, עזב אתמול את <b class=""highlightcolor"">בית החולים הממשלתי,</b> שבו נמצא כשבועיים. בימים הקרובים עומד הקצין ...</div>"	spelled
475	haretz19361029-01.1.1	29 October 1936	haretz	Page 1	"<div class=""txtsearchsnippet"">... להציל את חייו. הרופאים מסדו את גוית הנרצח למנהל <b class=""highlightcolor"">בית החולים הממשלתי</b> ד״ר ■סאיב שאוכת, שהוא גם נשיא קלוב ...</div>"	spelled
476	haretz19370108-01.1.6	8 January 1937	haretz	Page 6	"<div class=""txtsearchsnippet"">... יפו, הפיל ו מתזזת ל־;;-•־. • היל ד הובא <b class=""highlightcolor"">־בית החולים הממשלתי</b> ומשם הועבר להדסה במקום שנותח מיד. הוא ...</div>"	spelled
477	haretz19370214-01.1.1	14 February 1937	haretz	Page 1	"<div class=""txtsearchsnippet"">... מידית טירוריסט ערבי ורק לפני ימים מספר עזב את <b class=""highlightcolor"">בית־החולים הממשלתי,</b> • ירד ממטתו כשידו חבושה, אך הוא לא ...</div>"	maqaf
478	haretz19370225-01.1.8	25 February 1937	haretz	Page 8	"<div class=""txtsearchsnippet"">... רפואית בעני; :י ל ו •צל הנידו;• העיד רופא <b class=""highlightcolor"">בית החולים הממשלתי</b> ד""ד קל""נהוזן. הוא אמד, •ציפי בדיקה . ...</div>"	spelled
479	haretz19370302-01.1.6	2 March 1937	haretz	Page 6	"<div class=""txtsearchsnippet"">... ידם. הרצח האכזרי הזה, כמו גם רצח חאסיות־הרחמניות של <b class=""highlightcolor"">בית־החולים הממשלתי</b> ביפו וכמו זריקת פצצות ויריות על ילדים ותינוקות, ...</div>"	maqaf
480	haretz19370318-01.1.9	18 March 1937	haretz	Page 9	"<div class=""txtsearchsnippet"">... מראשי השבאב בליפתא, כבן 23. הלויתו תתקיים הבוקר. ליד <b class=""highlightcolor"">בית החולים הממשלתי</b> נתאסף קהל גדול, בעיקר מאנשי ליפתא, ביניהם ...</div>"	spelled
481	haretz19370404-01.1.1	4 April 1937	haretz	Page 1	"<div class=""txtsearchsnippet"">... מצאו אותה שותתת דם. מיד נקרא הד״ר שטרנברג, מנהל <b class=""highlightcolor"">בית החולים הממשלתי</b> וטיפל בפצועה. הופיעו גם שוטרים "".^^!ילו בחקירה ...</div>"	spelled
482	haretz19370408-01.1.7	8 April 1937	haretz	Page 7	"<div class=""txtsearchsnippet"">... 17 למארס לבית הקפה ""שאוקאת"" ברחוב ממילא, —עזב את <b class=""highlightcolor"">בית החולים הממשלתי,</b> לאחר שנתרפא מפצעיו. בית פועלים בנתניה ביום ...</div>"	spelled
483	haretz19370425-01.1.4	25 April 1937	haretz	Page 4	"<div class=""txtsearchsnippet"">... והיגייניות במפעלי התעשיה"". הפותח בשיחה ,ר״ר י. שפירא, רופא <b class=""highlightcolor"">ביה״ח הממשלתי</b> בחיפה. - הערב בשעה 8 ירצה ד״ר שטיג־ ...</div>"	abbreviated
484	haretz19370804-01.1.8	4 August 1937	haretz	Page 8	"<div class=""txtsearchsnippet"">... גופתו של עוםמאן מוםטפה והיא נשארה בחדר המתים של <b class=""highlightcolor"">בית החולים הממשלתי</b> בירושלים.</div>"	spelled
485	haretz19370830-01.1.5	30 August 1937	haretz	Page 5	"<div class=""txtsearchsnippet"">... ראה בהוד צעיר במכנסים קצרות בורח. ההרוג נלקה אל <b class=""highlightcolor"">בית החולים הממשלתי.</b> ליד מקום הרצח היתה במשך זמן מה ...</div>"	spelled
486	haretz19370916-01.1.1	16 September 1937	haretz	Page 1	"<div class=""txtsearchsnippet"">... "" שונה מידי הד""ר צפרוני והד""ר שטרנ־ בדג' מנהל <b class=""highlightcolor"">בית החולים הממשלתי</b> בצפת. הפצוע יועבר להיפה לשפ נתוח.</div>"	spelled
487	haretz19380120-01.1.10	20 January 1938	haretz	Page 10	"<div class=""txtsearchsnippet"">... 30‬ לפנח־זנ, בדירתם ברחוב . ‭. 0‬ק. ג דיי <b class=""highlightcolor"">בית החולים הממשלתי</b> בית פדםון חיפה</div>"	spelled
488	haretz19380329-01.1.5	29 March 1938	haretz	Page 5	"<div class=""txtsearchsnippet"">... ו?ני המשפחה התפלשי ב^פר. הגיע למקום הד""רצט־נב־ג ', מנהל <b class=""highlightcolor"">בית החולים הממשלתי,</b> 'אבדק את הנו: פות וברר, 'אצלי ם;ל ...</div>"	spelled
489	haretz19380508-01.1.3	8 May 1938	haretz	Page 3	"<div class=""txtsearchsnippet"">... מעבדות הבניה החשופות ביותר שנמסרו יתב־־ יש לציין את <b class=""highlightcolor"">בית החולים הממשלתי</b> סמוך לבת ניים ואת כני; החברה קבלה ...</div>"	spelled
490	haretz19380627-01.1.1	27 June 1938	haretz	Page 1	"<div class=""txtsearchsnippet"">... שבת, סכ־וך ?חצות, חדרו עני ערבים מזוינים באקדחים למסדרון <b class=""highlightcolor"">בית־החולים הממשלתי</b> הסמוך ?רחוב ההר, וירו דרך אחד החיצונות ?תוך ...</div>"	maqaf
491	haretz19380717-01.1.1	17 July 1938	haretz	Page 1	"<div class=""txtsearchsnippet"">... מיד מיהרו, . למקום שוטרים והיילים ואמבו־ ?אנסים של <b class=""highlightcolor"">בית החולים הממשלתי.</b> העברת ההרוגים והפצועים נמשכה בלי ־רף עד ...</div>"	spelled
492	haretz19380719-01.1.1	19 July 1938	haretz	Page 1	"<div class=""txtsearchsnippet"">... רובין אשה חולה באוטו 'י1לו מהרובע היהודי בצפת אל <b class=""highlightcolor"">בית החולים הממשלתי,</b> הנמצא בקצה הרובע ה;רבי. כשהנהג יצא מהצד ...</div>"	spelled
493	haretz19380803-01.1.1	3 August 1938	haretz	Page 1	"<div class=""txtsearchsnippet"">... אםטדאחן, בה חזרו לבתיהם כמה פועלים יהודים העובדים בבגין <b class=""highlightcolor"">בית־ החולים הממשלתי</b> על יד בת גלים. הפצצה נזרקה בשעה ...</div>"	spelled
494	haretz19380822-01.1.4	22 August 1938	haretz	Page 4	"<div class=""txtsearchsnippet"">... העירוני. ערפיפ פצועי כנופיות שהבריאו ביום הששי עזבו את <b class=""highlightcolor"">בית החולים הממשלתי</b> בירושלים פאוזי איםמעין אל כאטיב ומחמד ג ...</div>"	spelled
495	haretz19381003-01.1.6	3 October 1938	haretz	Page 6	"<div class=""txtsearchsnippet"">... אהה""צ הועבר ארונו עטוף דגל בריטי מחדר המתים '8ל <b class=""highlightcolor"">ביה""ח הממשלתי</b> לבית־הקב־ות שעל הד־ציון, במקום שחיכו להיו־ה פיוגת שוב—ם ...</div>"	abbreviated
496	haretz19381009-01.1.7	9 October 1938	haretz	Page 7	"<div class=""txtsearchsnippet"">... תל־אביב. נפתה ביה"" ח הממשלתי בימים חאחרונים הוהל בהעברת <b class=""highlightcolor"">בית החולים הממשלתי</b> מבנינו ברחוב ההר י לבנינו המפואר והגדול, ...</div>"	spelled
497	haretz19381108-01.1.1	8 November 1938	haretz	Page 1	"<div class=""txtsearchsnippet"">... הולים בעזה אתמול בשעה אחת אחה""צ נכנסו מזוינים א־' <b class=""highlightcolor"">בית החולים הממשלתי</b> בעזה והרגו ביריות את עבר איםמע־ איל ...</div>"	spelled
498	haretz19381116-01.1.6	16 November 1938	haretz	Page 6	"<div class=""txtsearchsnippet"">... של העובדים העבדים באדץ •שדאל # הקבלן של בנין <b class=""highlightcolor"">בית החולים הממשלתי</b> החדש בחיבה * המשדד הראשי: חיפה רחוב ...</div>"	maqaf,spelled
499	haretz19381222-01.1.6	22 December 1938	haretz	Page 6	"<div class=""txtsearchsnippet"">... בדרכו. הבוקר בשעה ‭10‬ יחנוך ה. מ. את בנין <b class=""highlightcolor"">בית החולים הממשלתי</b> חחדש על יד בת נלים. מכון להדרכה ...</div>"	spelled
500	haretz19381223-01.1.1	23 December 1938	haretz	Page 1	"<div class=""txtsearchsnippet"">חנוכת <b class=""highlightcolor"">בית־החולים הממשלתי</b> בחיפה</div>"	maqaf
501	haretz19381223-01.1.2	23 December 1938	haretz	Page 2	"<div class=""txtsearchsnippet"">חנוכת <b class=""highlightcolor"">בית החולים הממשלתי</b></div>"	spelled
502	haretz19390106-01.1.5	6 January 1939	haretz	Page 5	"<div class=""txtsearchsnippet"">... ארבעת השוטרים הבריטיים, שרצהו ערכי"". דייר קאמל עייד רופא <b class=""highlightcolor"">בית החולים הממשלתי</b> ביפו הגיש את תעודת המות של האסיר ...</div>"	spelled
503	haretz19390115-01.1.3	15 January 1939	haretz	Page 3	"<div class=""txtsearchsnippet"">... חלק . מן החולים הפוני . ם למוסד אל <b class=""highlightcolor"">בית החולים הממשלתי</b> הזד דש בבת נלים. וג) לבנות בנין ...</div>"	spelled
504	haretz19390209-01.1.2	9 February 1939	haretz	Page 2	"<div class=""txtsearchsnippet"">... ובין שהן רק מתרקמות במשרדים (למשל, בפתיחה הרשמית של <b class=""highlightcolor"">בית־החולים הממשלתי</b> י כ$£$, שהנשומים הושמעו רק באנגלית ובערבית, מעשה ...</div>"	maqaf
505	haretz19390620-01.1.5	20 June 1939	haretz	Page 5	"<div class=""txtsearchsnippet"">... מךגימת ^נים ןאלות על ודי עךבים, ^התנפלו עליו בסביבות <b class=""highlightcolor"">בית החולים הממשלתי</b> במ^רב העיר. הוא נפצע במצחו ובפניו, ?^עיו ...</div>"	spelled
506	haretz19390705-01.1.5	5 July 1939	haretz	Page 5	"<div class=""txtsearchsnippet"">... בקרבת המקום הניע מיד, ולקה שנים מן הפצועים אל <b class=""highlightcolor"">בית החולים הממשלתי.</b> כעבור זמן מה באו למקום שוטרים ופתחו ...</div>"	spelled
507	haretz19390912-01.1.4	12 September 1939	haretz	Page 4	"<div class=""txtsearchsnippet"">... ומכונות הכיבוי של העיריה. עברו בר־ הובות מכוניות של <b class=""highlightcolor"">בית־החולים הממשלתי</b> ופג ד. א. , בדי לתת עזרה לנפגעים• ...</div>"	maqaf
508	haretz19391116-01.1.1	16 November 1939	haretz	Page 1	"<div class=""txtsearchsnippet"">ד""ר טוביה ויהודית סזסדנבת רופא <b class=""highlightcolor"">בית החולים הממשלתי</b> בירושלים מודיעים סזנזלד להם בן למז""ס טכס ...</div>"	spelled
509	haretz19400102-01.1.6	2 January 1940	haretz	Page 6	"<div class=""txtsearchsnippet"">... במשך שנים רבות ברופא ממשלתי במחוז חיפה, נתמנה כמנהל <b class=""highlightcolor"">בית החולים הממשלתי</b> למחלות מדבקות בבני-ברק ליד תל אביב. לרגל ...</div>"	spelled
510	haretz19410613-01.1.8	13 June 1941	haretz	Page 8	"<div class=""txtsearchsnippet"">... ג'ורג' ביום ‭20‬ במאי, החלימה מפצעיה ואתמול עזבה את <b class=""highlightcolor"">בית החולים הממשלתי.</b> אושידזאן, שמיד לאהר היריות שירת בגב' שטר""ברג, ...</div>"	spelled
511	haretz19410902-01.1.4	2 September 1941	haretz	Page 4	"<div class=""txtsearchsnippet"">... ופצעו י ' את מעיו. הפצוע הועבר במצב אנוש <b class=""highlightcolor"">?בית החולים הממשלתי</b> במקום שנותת. מאפר לדוכןד רעהו שופט השלום ...</div>"	spelled
512	haretz19420521-01.1.8	21 May 1942	haretz	Page 8	"<div class=""txtsearchsnippet"">... מצבו של אחד מהם קשה. ההרוג והפצועים נאספו אל <b class=""highlightcolor"">בית החולים הממשלתי</b> בירושלים.</div>"	spelled
513	haretz19420626-01.1.6	26 June 1942	haretz	Page 6	"<div class=""txtsearchsnippet"">... באשמה. יחזקאל ביליג שהוא חולה הובא מבית החולים בבגדי <b class=""highlightcolor"">בית־החולים הממשלתי.</b> הוא היחידי, שהופיע בלי עורך־דין. על הנאשמים מלמדים ...</div>"	maqaf
514	haretz19420701-01.1.2	1 July 1942	haretz	Page 2	"<div class=""txtsearchsnippet"">... בית רבן אמרו תחלים במגינים. כית הודיפ לשעת הירופ <b class=""highlightcolor"">בית־החולים הממשלתי</b> הולך והופך לבית־חו־ לים של שעת־חירופ. החל מאתמול ...</div>"	maqaf
515	haretz19420709-01.1.3	9 July 1942	haretz	Page 3	"<div class=""txtsearchsnippet"">... מפום מת בנימין רחוב בר־כוכבזי ק־ תקוה: אסתר ברקומצי <b class=""highlightcolor"">בית חולים ממשלתי</b> צפת: אלקס ברגר? רחוב י' ‭55‬ קרית ...</div>"	indefinite
516	haretz19420719-01.1.4	19 July 1942	haretz	Page 4	"<div class=""txtsearchsnippet"">... ליד בית־חחולים לעינים, והתאימה אותו לבית־חולים לשעת־חידום, למחלות מדבקות. <b class=""highlightcolor"">בית־החולים הממשלתי</b> לשעת־חירום ישמש בעיקר את האוכלוסיד, הערבית, בסביבות ירושלים, ...</div>"	indefinite,maqaf
517	haretz19430527-01.1.2	27 May 1943	haretz	Page 2	"<div class=""txtsearchsnippet"">... וריפוי כל הולי־הרוח שבארץ, בכללם לא יהודים, עד שהוקם <b class=""highlightcolor"">בית החולים הממשלתי</b> לחולי רוח. אין גם לשכוח, שמוסד זה ...</div>"	spelled
518	haretz19430604-01.1.6	4 June 1943	haretz	Page 6	"<div class=""txtsearchsnippet"">... השרון, בית חולים חדש ברמלה, יהיח צורך להרחיב את <b class=""highlightcolor"">בית החולים הממשלתי</b> בחיפה ולדאוג להטבת התנאים בבתי הסוהר. לפי ...</div>"	spelled
519	haretz19430708-01.1.1	8 July 1943	haretz	Page 1	"<div class=""txtsearchsnippet"">מתי יוקם <b class=""highlightcolor"">בית־החולים הממשלתי</b> בתל־־אביב ?-הועלה מחיר החלב בעיר</div>"	maqaf
520	haretz19430708-01.1.3	8 July 1943	haretz	Page 3	"<div class=""txtsearchsnippet"">... ולמה אין הממשלה פו־ I תחת כבר כעת את <b class=""highlightcolor"">בית־החולים הממשלתי</b> י בתל־אביב (הכוונה לביה""ח ""הירקון"") — כפ־ שהובטח ...</div>"	maqaf
521	haretz19430729-01.1.3	29 July 1943	haretz	Page 3	"<div class=""txtsearchsnippet"">... הממשלתי תאונה קשה איר עהאתמול אחרי הצהרים באמבולנס של <b class=""highlightcolor"">בית החולים הממשלתי</b> בירושלים. נפצעו קשה אחות יהודיה (יונה לדרברג) ...</div>"	spelled
522	haretz19430820-01.1.5	20 August 1943	haretz	Page 5	"<div class=""txtsearchsnippet"">... צבורית ע רבית מקו מס' 5 (חיפה המזרחית — <b class=""highlightcolor"">בית־החולים הממשלתי)</b> ברחוב יפו. היה בן ‭, 68‬ מיוצאי באר ...</div>"	maqaf
523	haretz19430901-01.1.2	1 September 1943	haretz	Page 2	"<div class=""txtsearchsnippet"">... שערי־צדק, בקור־חולים, משגב לדך, בית־החולים הממשלתי למחלות מדבקות בבית־צפפא, <b class=""highlightcolor"">בית החולים הממשלתי</b> לשעת חרום, שנפתח באופן מיוחד בשביל מקרי ...</div>"	maqaf,spelled
524	haretz19430913-01.1.3	13 September 1943	haretz	Page 3	"<div class=""txtsearchsnippet""><b class=""highlightcolor"">בית־החולים הממשלתי</b> למושבות השרון</div>"	maqaf
525	haretz19431012-01.1.3	12 October 1943	haretz	Page 3	"<div class=""txtsearchsnippet"">... לוי, בת ‭, 17‬ שנפגעה על ידי האמבולאנס של <b class=""highlightcolor"">בית החולים הממשלתי,</b> הועברה באמבולאנס לבית החולים הממשלתי. יש לה ...</div>"	spelled
526	haretz19431028-01.1.4	28 October 1943	haretz	Page 4	"<div class=""txtsearchsnippet""><b class=""highlightcolor"">בית החולים הממשלתי</b> למושבות בתל אביב ייפתח בדצמבר</div>"	spelled
527	haretz19431117-01.1.2	17 November 1943	haretz	Page 2	"<div class=""txtsearchsnippet"">פית ההוליפ ־ הממשלתי ייפתה פהודש הפאי <b class=""highlightcolor"">בית החולים הממשלתי</b> החדש בתל אביב ייפתח לצבור כנראה בראשית ...</div>"	spelled
528	haretz19431209-01.1.3	9 December 1943	haretz	Page 3	"<div class=""txtsearchsnippet"">... מוחמד עיד :הרג ו־6 אחרים נפצעו והובאו במצב קשה <b class=""highlightcolor"">'בית החולים הממשלתי</b> בירושלים.</div>"	spelled
529	haretz19431226-01.1.4	26 December 1943	haretz	Page 4	"<div class=""txtsearchsnippet"">... גופותיהם של שלשת הרוגי התאי-נה הועברו לחדר המתים של <b class=""highlightcolor"">ביה""ח הממשלתי.</b> המשטרה פתחה בחקירה. הנפגעים הם בני משפחה אחת ...</div>"	abbreviated
530	haretz19440104-01.1.4	4 January 1944	haretz	Page 4	"<div class=""txtsearchsnippet"">... למאסר ' עולם נ אתמול מדלקת־ריאות בחצר האסיר של <b class=""highlightcolor"">בית החולים הממשלתי</b> בירושלי הרוצח השני, אל־פאדאקי יית' ביום שלישי ...</div>"	spelled
531	haretz19440117-01.1.2	17 January 1944	haretz	Page 2	"<div class=""txtsearchsnippet"">... לגבי הבטחה לקבל עובדים מאורגנים בבית החולים ""הירקון"", בבנין <b class=""highlightcolor"">בית החולים הממשלתי</b> לחולי רוח המוקם בבת־ים, וכן בעבודות צבוריות ...</div>"	spelled
532	haretz19440322-01.1.4	22 March 1944	haretz	Page 4	"<div class=""txtsearchsnippet"">... מיום א' עד אתמול לפנות ערב בחדר המתים של <b class=""highlightcolor"">בית החולים הממשלתי</b> ביפו לא ; לוהתה על ידי . ...</div>"	spelled
533	haretz19440327-01.1.2	27 March 1944	haretz	Page 2	"<div class=""txtsearchsnippet"">... סוציאלית — ‭25‬ אלף לא""י. הממשלה נתבעת לפתוח בתל־אביב <b class=""highlightcolor"">בית־ חולים ממשלתי</b> כשם שהיא מקיימת בתי־ הולים ממשלתיים בערים ...</div>"	indefinite
534	haretz19440416-01.1.4	16 April 1944	haretz	Page 4	"<div class=""txtsearchsnippet"">ה. מ. הנציב חעליון ביקר אתמול בחלק חבריטי של <b class=""highlightcolor"">בית החולים . הממשלתי</b> בירושלים. ביום ח' נערכה בביתו של ...</div>"	spelled
535	haretz19440421-01.1.1	21 April 1944	haretz	Page 1	"<div class=""txtsearchsnippet"">... 'רופא יפואי על סצע והבורות לראשונה נקרא להעיד רופא <b class=""highlightcolor"">בית־ החולים הממשלתי</b> ביפו מר בישארה. הוא סיפר, כי הנאשם ...</div>"	spelled
536	haretz19440515-01.1.1	15 May 1944	haretz	Page 1	"<div class=""txtsearchsnippet"">... 100 מטות בשביל תל אביב בשנה זו, להפוך את <b class=""highlightcolor"">בית החולים הממשלתי</b> ""הירקון"" לבית חולים בשביל תל אביב עצמה ...</div>"	indefinite,spelled
537	haretz19440521-01.1.4	21 May 1944	haretz	Page 4	"<div class=""txtsearchsnippet"">... של פל ההפציפ שנמצאיפ פדידה פ. שךידן יפו, ממול <b class=""highlightcolor"">בית חולים ממשלתי</b> ^ חע, 1ר ו ות ""מ ""‭^^?1 ...</div>"	indefinite
538	haretz19440623-01.1.6	23 June 1944	haretz	Page 6	"<div class=""txtsearchsnippet"">... ונוחיות, גינה יפה, דמי שכירות חדשי 4 לירות, בסביבת <b class=""highlightcolor"">ביה""ח הממשלתי,</b> להחליף בדירה דומה במרכז מסחרי. בונופולםקי . בן-יחודח ...</div>"	abbreviated
539	haretz19440711-01.1.4	11 July 1944	haretz	Page 4	"<div class=""txtsearchsnippet"">... הנזכרים. ן ראשון לעדים היה המומחה לרנםגן מ־ ן <b class=""highlightcolor"">בית־החולים הממשלתי</b> , שהביא ל י בית הדין הצלום פרקי ...</div>"	maqaf
540	haretz19440807-01.1.2	7 August 1944	haretz	Page 2	"<div class=""txtsearchsnippet"">ד""ר א. מיהי, מנהל <b class=""highlightcolor"">ביה""ח הממשלתי</b> בפרדם כץ, חזר מחופשתו והתחיל בעבודתו• ה;ב' הודה ...</div>"	abbreviated
541	haretz19440913-01.1.2	13 September 1944	haretz	Page 2	"<div class=""txtsearchsnippet"">... ביום השבת (‭9. 9. 44‬) למחלקת המחלות המידבקות של <b class=""highlightcolor"">בית החולים הממשלתי,</b> אחר הלותו במחלת הדבר, מת . אתמול. ...</div>"	spelled
542	haretz19441003-01.1.3	3 October 1944	haretz	Page 3	"<div class=""txtsearchsnippet"">... מקרה דבר שלשום הוכנס למחלק־? של מחלות מדבקות של <b class=""highlightcolor"">בית החולים הממשלתי</b> ערבי ממזרח העיר שחלה בדבר. בוטלה התביעה ...</div>"	spelled
543	haretz19441105-01.1.3	5 November 1944	haretz	Page 3	"<div class=""txtsearchsnippet"">... מוחמד ג'אג'ה, סוחר ברהיטים משומשים ביפג בלכתו לביתו בקרבת <b class=""highlightcolor"">בית־החולים הממשלתי.</b> הם ירו בו שתי יריות שפגעו בפניו וברגלו. ...</div>"	maqaf
544	haretz19441107-01.1.4	7 November 1944	haretz	Page 4	"<div class=""txtsearchsnippet"">... יהודים), ‭32‬ הבריאו, ו־‭11‬ נמצאים במחלקה ילמחלות מידבקות שע""י <b class=""highlightcolor"">ביה""ח הממשלתי</b> לטיפול. מספר הזריקות שנעשו עד עתה לחיסון נגד ...</div>"	abbreviated
545	haretz19441108-01.1.2	8 November 1944	haretz	Page 2	"<div class=""txtsearchsnippet"">... בכביש פתח־ תקוה. העגלה ניזוקה, הערבי ניצל. אמבולנס של <b class=""highlightcolor"">בית־החולים הממשלתי</b> ביפו, פגע אתמול בבוקר ברחוב שבזי בשומר תל־אביבי ...</div>"	maqaf
546	haretz19441117-01.1.8	17 November 1944	haretz	Page 8	"<div class=""txtsearchsnippet"">... שניהם, גבר ואשה, הוכנסו למחלקה למחלות מידבקות שעל יד <b class=""highlightcolor"">בית־ החולים הממשלתי</b> בחיפה. עם המקרים הג""ל מגיע מספר מקרי ...</div>"	spelled
547	haretz19450123-01.1.3	23 January 1945	haretz	Page 3	"<div class=""txtsearchsnippet"">... . והתסשמל. , נוויתו I הועברה לחדר המתים שליד <b class=""highlightcolor"">בית החולים. הממשלתי.</b> זהותו טרם הובררה. נאסר. על. ההזקתאקדה. . ...</div>"	spelled
548	haretz19450205-01.1.1	5 February 1945	haretz	Page 1	"<div class=""txtsearchsnippet"">לדג? הולדת הפת המודה למנהל * <b class=""highlightcolor"">בית החולים הממשלתי</b> בבת־ים הד""ד ז. זדיינסחי^מד מברכים אותו ואת ...</div>"	spelled
549	haretz19450219-01.1.2	19 February 1945	haretz	Page 2	"<div class=""txtsearchsnippet"">... כן דיבר בעגין ההצעות שהוגשו מאת המועצות המקומיות להרחבת <b class=""highlightcolor"">בית־החולים הממשלתי</b> ""הירקון"" בתל־ אביב• כמרכז התאחדות האכריפ אתמול בבוקר ...</div>"	maqaf
550	haretz19450220-01.1.1	20 February 1945	haretz	Page 1	"<div class=""txtsearchsnippet"">... של המי־ ן םיון. שינוי־מה לטובה חל עם פתיחת <b class=""highlightcolor"">בית , החולים הממשלתי</b> -""הירקון"" לבני המושבות, בבתי־החולים היהודיים השונים ...</div>"	spelled
551	haretz19450315-01.1.2	15 March 1945	haretz	Page 2	"<div class=""txtsearchsnippet"">... חשובה במיניםטו*ו$ התו? העיראקי. * ד""ר א. מלחי, מנהל <b class=""highlightcolor"">בית־החולים הממשלתי</b> בטריס־כץ (בני־ברק) ירד היום (יום ה') מצרימה בשליחות ...</div>"	maqaf
552	haretz19450401-01.1.4	1 April 1945	haretz	Page 4	"<div class=""txtsearchsnippet"">... ארדשםיין וכרכום לכבוד החג. הד""ר א. מ'*חי , מנהל <b class=""highlightcolor"">בית החולים הממשלתי,</b> שב מנסיעתו למצרים מטעם מחלקת הבריאות ונכנס ...</div>"	spelled
553	haretz19450510-01.1.2	10 May 1945	haretz	Page 2	"<div class=""txtsearchsnippet"">... באותו יום הצטיינו אנשי מד""א, אשר עז־ רו לעובדי <b class=""highlightcolor"">ביה""ח הממשלתי</b> ' שידיהם היו . מלאות עבודה. נשלחו גם ...</div>"	abbreviated
554	haretz19450523-01.1.1	23 May 1945	haretz	Page 1	"<div class=""txtsearchsnippet"">... כי המכוניות הצבוריות מקו מספר 5 (התחנה המזרחית — <b class=""highlightcolor"">ביה""ח הממשלתי)</b> השייכות לחברה ערבית הלכו כרגיל. כעכר הירדן גס ...</div>"	abbreviated
555	haretz19450626-01.1.3	26 June 1945	haretz	Page 3	"<div class=""txtsearchsnippet"">... ולאחר שאיש לא בא לזהותה הועברה לחדר המתים של <b class=""highlightcolor"">בית החולים ' הממשלתי</b> בפרדס כץ. האשד. היא בגיל ‭60—50‬ ...</div>"	spelled
556	haretz19450627-01.1.2	27 June 1945	haretz	Page 2	"<div class=""txtsearchsnippet"">... שסגן מןהל:;מיזל^ז. הבריאות הממשלתית, ד""ר מישאלאני, מסיפד"" נתמנה מנהל. <b class=""highlightcolor"">בית החולים הממשלתי</b> בשכם.</div>"	spelled
557	haretz19450710-01.1.2	10 July 1945	haretz	Page 2	"<div class=""txtsearchsnippet"">... ונם־ סר למחלקת התעופה האזרחית• בשנה זו נבנה •גם <b class=""highlightcolor"">בית החולים הממשלתי</b> למחלות מידבקות בדרך מת לח* הושלם מץ ...</div>"	spelled
558	haretz19450716-01.1.2	16 July 1945	haretz	Page 2	"<div class=""txtsearchsnippet"">... הראשונים שפורקו: המקלס בבנין סנסור שברחוב בן־יהודה, המקלם שליד <b class=""highlightcolor"">בית החולים הממשלתי,</b> וכן קירות מגן ליד בנינים ממשלתיים. פירוק ...</div>"	spelled
559	haretz19450718-01.1.4	18 July 1945	haretz	Page 4	"<div class=""txtsearchsnippet"">... לאחד שהופר העוצר. מפקדת הכוחות שערכו היפושים נקבעה ליד <b class=""highlightcolor"">בית . החולים הממשלתי</b> בפרדס כץ. רמקוליפ שעברו בכבישיפ הכריזו ...</div>"	spelled
560	haretz19450813-01.1.1	13 August 1945	haretz	Page 1	"<div class=""txtsearchsnippet"">... פםירת הגב' דבורה ליפשיץ זיל הרופאיפ, הפקידיפ והעופדיפ של <b class=""highlightcolor"">בית־החולים הממשלתי</b> בבת־ים היום כשלשים לפטירת ראש משפחתנו די ברוך ...</div>"	maqaf
561	haretz19450819-01.1.4	19 August 1945	haretz	Page 4	"<div class=""txtsearchsnippet"">... הועד הלאומי: אליהו בדלץ. צריפי צבא-לחיילים משוחררים בת""א בקרבת <b class=""highlightcolor"">בית החולים הממשלתי</b> . הירקון"" בצפון תל־אביב, מוקמים כעת צתפי־צבא, ...</div>"	spelled
562	haretz19450826-01.1.3	26 August 1945	haretz	Page 3	"<div class=""txtsearchsnippet"">... ישוכנו בצריפי הצבא שהובאו לתל אביב ומוקמים •והולכים בקרבת <b class=""highlightcolor"">בית החולים הממשלתי</b> ""הירקוףי שבצפון העיר.</div>"	spelled
563	haretz19450827-01.1.1	27 August 1945	haretz	Page 1	"<div class=""txtsearchsnippet"">... סה"", . רוטשילד"", בית חולים ""כרמלי של קופת חולים, <b class=""highlightcolor"">בית־החולים הממשלתי</b> ועוד. הערב הוכנסו של ששה חולי רוח ועצבים ...</div>"	maqaf
564	haretz19450829-01.1.2	29 August 1945	haretz	Page 2	"<div class=""txtsearchsnippet"">... לבית חולים זה. הוא הרופא האחראי למחלקה הבריטית של <b class=""highlightcolor"">בית החולים הממשלתי,</b> שהוא בבנין מיוחד, עם אדמיניסטראציה מיוחדת כמעט. ...</div>"	spelled
565	haretz19450906-01.1.4	6 September 1945	haretz	Page 4	"<div class=""txtsearchsnippet"">... עם תמונות מהקיימנות. אחר כך ביקר מר שאו בסביבת <b class=""highlightcolor"">בית החולים הממשלתי</b> הירקון שם מקימים צריפים צבאיים לחיילים משוחררים. ...</div>"	spelled
566	haretz19451023-01.1.2	23 October 1945	haretz	Page 2	"<div class=""txtsearchsnippet"">... המכוניות של מספר 7 . מהלכות מבת־ גלים דרך <b class=""highlightcolor"">בית־החולים הממשלתי</b> לתחנת הרכבת המזרחית, וכן מתחנת הרכבת ' לקצה ...</div>"	maqaf
567	haretz19451102-01.1.1	2 November 1945	haretz	Page 1	"<div class=""txtsearchsnippet"">... ערב הובאה על ידי פלוגת חיילים, לחדר המתים של <b class=""highlightcolor"">בית־החולים הממשלתי</b> ברמלה, גופתו של צעיר יהודי, ן הרוג ביריות. ...</div>"	maqaf
568	haretz19451118-01.1.3	18 November 1945	haretz	Page 3	"<div class=""txtsearchsnippet"">... דבר ב־4 השבועות האחרונים הובאו למחלקה למחלות מדבקות של <b class=""highlightcolor"">בית החולים הממשלתי</b> בחיפה 5 ערבים ' נגועי דבר. אחד ...</div>"	spelled
569	haretz19451130-01.1.7	30 November 1945	haretz	Page 7	"<div class=""txtsearchsnippet"">... לטיפול על ידי מד""א, והשני הוכנס ' ל י <b class=""highlightcolor"">בית החולים הממשלתי</b> בהיפר. , במצב י יותר רציני. היופ ...</div>"	spelled
570	haretz19451211-01.1.4	11 December 1945	haretz	Page 4	"<div class=""txtsearchsnippet"">תר איבראהים איטאים משכם נתמנה לסגן מנהל <b class=""highlightcolor"">בית־החולים הממשלתי</b> בחיפה, במקומו של ד-ר מישלאני, שנתמנה מנהל <b class=""highlightcolor"">בית־החולים ...</b></div>"	maqaf
571	haretz19451217-01.1.4	17 December 1945	haretz	Page 4	"<div class=""txtsearchsnippet"">... יפו, משער יפו עד בנין הח&amp;ד, דרום בנק אנגלו־פלישתינא, <b class=""highlightcolor"">בית החולים הממשלתי,</b> הצד המזרחי של רחוב בצלא'5 הצד המערבי ...</div>"	spelled
572	haretz19451219-01.1.5	19 December 1945	haretz	Page 5	"<div class=""txtsearchsnippet"">... פוטינגר, מנהל בית־החו' לים הממשלתי בחיפה, יועבר ליפו כמנהל <b class=""highlightcolor"">בית החולים הממשלתי</b> שם. בתערוכת התעשיה של ה""הפתדרות"" בקרו ביום ...</div>"	spelled
573	haretz19451225-01.1.4	25 December 1945	haretz	Page 4	"<div class=""txtsearchsnippet"">... הקו מפפר ‭— , 7‬ הנמשך כידוע מבת־גלים, דרך <b class=""highlightcolor"">בית־החולים הממשלתי</b> עד תחנת הרכבת המזרחית — קובלים על כך ...</div>"	maqaf
574	haretz19460110-01.1.3	10 January 1946	haretz	Page 3	"<div class=""txtsearchsnippet"">... נחום איש גם זו, הנמצא בדרומה של צפת, בקרבת <b class=""highlightcolor"">בית־החולים הממשלתי,</b> ומסומן בגל אבנים גדול, כדרך ציוני המקומות הקדושים ...</div>"	maqaf
575	haretz19460121-01.1.1	21 January 1946	haretz	Page 1	"<div class=""txtsearchsnippet"">... נהרג הלייסננט קלארק, מחיל השירות ההודי. גופתו הועברה ל־ <b class=""highlightcolor"">בית־החולים הממשלתי.</b> הכרזת חעוצר רחובות ירושלים נתרוקנו מיד, ואותם !אנשים ...</div>"	maqaf
576	haretz19460121-01.1.3	21 January 1946	haretz	Page 3	"<div class=""txtsearchsnippet"">... אתמול אחה""צ בשעה שהלך בכביש ע""י בני־ברק• אמבולאנם שי <b class=""highlightcolor"">בית־החולים הממשלתי</b> שעבר במקום במקרה העבירו לבית החולים . הדסה"" ...</div>"	maqaf
577	haretz19460127-01.1.4	27 January 1946	haretz	Page 4	"<div class=""txtsearchsnippet"">... מרט הובאה לקבדד* הגופה מוטלת עדיין בחוד המתימ של <b class=""highlightcolor"">בית החולים הממשלתי,</b> מאמי</div>"	spelled
578	haretz19460208-01.1.8	8 February 1946	haretz	Page 8	"<div class=""txtsearchsnippet"">... אושרה אמנם עובדה זו. מפתו הועברה לחדר המתים של <b class=""highlightcolor"">בית החולים הממשלתי</b> . הירקון- בתל־אבי* חוגי המשטרה מוסרים כי ...</div>"	spelled
579	haretz19460211-01.1.4	11 February 1946	haretz	Page 4	"<div class=""txtsearchsnippet"">... אחיפ, גחלת־ ציון, רה' יפו (משער יפו עד הואר), <b class=""highlightcolor"">בית החולים הממשלתי,</b> רה' הנסיכה מרי (מבני! מצפה עד ליד ...</div>"	spelled
580	haretz19460213-01.1.4	13 February 1946	haretz	Page 4	"<div class=""txtsearchsnippet"">... לשמוש מספר ‭6019‬ מסוג . ^)‭0-1‬ הנמצאת עתה בגרג' <b class=""highlightcolor"">בית החולים הממשלתי.</b> בירושלים. הצעות! תתקבלנה רק בכתב על שם ...</div>"	spelled
581	haretz19460221-01.1.3	21 February 1946	haretz	Page 3	"<div class=""txtsearchsnippet"">... מה נמצאו מוטלים פצועים ברגליהם ביריות ונאספו ל י <b class=""highlightcolor"">בית החולים הממשלתי.</b> נפג־ כי ת קפה כטכריה השבוע נסגר ...</div>"	spelled
582	haretz19460314-01.1.4	14 March 1946	haretz	Page 4	"<div class=""txtsearchsnippet"">... אשפת העיתה לא דאגה לכך, שהממשלה תקים בתל אמב <b class=""highlightcolor"">בית חולים ממשלתי</b> עם 300 מסות, לפחות. בבית החולים למחלות ...</div>"	indefinite
583	haretz19460324-01.1.4	24 March 1946	haretz	Page 4	"<div class=""txtsearchsnippet"">... אדום"" העביר את גופתו של וואגנר לחדר המתים של <b class=""highlightcolor"">בית החולים הממשלתי</b> ביפו. שוטרים העבי־ רו את המכונית של ...</div>"	spelled
584	haretz19460426-01.1.7	26 April 1946	haretz	Page 7	"<div class=""txtsearchsnippet"">... זוהה' הועברה בשעה 9 בבוקר מחדר המתים של ! <b class=""highlightcolor"">בית החולים הממשלתי</b> ביפו, לבית הקב־ } רות במכוגית ח. ...</div>"	spelled
585	haretz19460527-01.1.4	27 May 1946	haretz	Page 4	"<div class=""txtsearchsnippet"">... הפסיקה לעביד. גופתה של הנרצחת היעברה לחדר־ המתים של <b class=""highlightcolor"">בית־החולים הממשלתי</b> ביפו.</div>"	maqaf
586	haretz19460718-01.1.3	18 July 1946	haretz	Page 3	"<div class=""txtsearchsnippet"">... קרפן פדיטופ ; קאתג'י באראק* בת ‭, 45‬ מעובדות <b class=""highlightcolor"">בית ' החולים? הממשלתי</b> בשכפ, גכוותה קשה באש ־פת‭0ו8‬ שהתלקח ...</div>"	spelled
587	haretz19460723-01.1.1	23 July 1946	haretz	Page 1	"<div class=""txtsearchsnippet"">... ואלה שזוהו — הותר לקרובים להוציאם מחדד המתים של <b class=""highlightcolor"">בית החולים הממשלתי</b> ולהובילם לקבור* ההרוגים הערבים והנוצרים הוצאו בארונות* ...</div>"	spelled
588	haretz19460812-01.1.4	12 August 1946	haretz	Page 4	"<div class=""txtsearchsnippet"">סוכלה התנפלות מזויינת על <b class=""highlightcolor"">בית־החולים הממשלתי</b> ביפו</div>"	maqaf
589	haretz19460813-01.1.4	13 August 1946	haretz	Page 4	"<div class=""txtsearchsnippet"">... סופרנו ביפו מודיע כי בליל שלשום פרצה בהלה בסביבת <b class=""highlightcolor"">בית החולים הממשלתי</b> ביפו, כשהתקרבו אליו 2 פולנים שנראו בעיני ...</div>"	spelled
590	haretz19460814-01.1.6	14 August 1946	haretz	Page 6	"<div class=""txtsearchsnippet"">... ביפו נתפשסה שמועה, שאחד משני הסארוריסםים היהודים שתקפו את <b class=""highlightcolor"">בית החולים הממשלתי</b> מפו ונפצעו, מת.</div>"	spelled
591	haretz19460815-01.1.4	15 August 1946	haretz	Page 4	"<div class=""txtsearchsnippet"">... פלשתץ• מודיע, כי 3 מ־5 הטארוריס־ כים שהתקיפו את <b class=""highlightcolor"">בית החולים הממשלתי</b> ביפו הם תימנים, והשנים משאר עדות המזרח• ...</div>"	spelled
592	haretz19460905-01.1.1	5 September 1946	haretz	Page 1	"<div class=""txtsearchsnippet"">... הקרובים לביה""ח שבעתליס. ואלה שמותיהם של ששת החולים שב־ <b class=""highlightcolor"">ביה""ח הממשלתי:</b> 1) צפורה מוסקוביץ, בת 2) לאה קלינג, בת ...</div>"	abbreviated
593	haretz19460911-01.1.2	11 September 1946	haretz	Page 2	"<div class=""txtsearchsnippet"">... במחנה עת־ ליס, הועברו אאתמול למחלק*־ , 'הפגימית של <b class=""highlightcolor"">בית־החולים הממשלתי</b> בחיפה. שתיהן יוצאות פולין. מהזור כ""ז של כיה""ס ...</div>"	maqaf
594	haretz19460919-01.1.4	19 September 1946	haretz	Page 4	"<div class=""txtsearchsnippet"">... לאור הסכנה שהיתר. צפו־ יה לחייו. לסני עזבו את <b class=""highlightcolor"">בית החולים הממשלתי,</b> מקום שם שכב בתאיהאסירי* נבדק ד""ר פון ...</div>"	spelled
595	haretz19460925-01.1.8	25 September 1946	haretz	Page 8	"<div class=""txtsearchsnippet"">... נתן כהן בן ‭, 20‬ נשאר במחלקה הכירורגית של <b class=""highlightcolor"">בית־החולים הממשלתי</b> בחיפה. יש מקווים, כי ל־4 המעפילים האלו יורשה ...</div>"	maqaf
596	haretz19461101-01.1.6	1 November 1946	haretz	Page 6	"<div class=""txtsearchsnippet"">... שונים בעיר. ביהוד הוגברה השמירה על מגרש־הרוסים בו נמצא <b class=""highlightcolor"">בית־החולים הממשלתי.</b> נערכו חיפושים ונבדקו תעו־ מת הזהות אצל כל ...</div>"	maqaf
597	haretz19461110-01.1.1	10 November 1946	haretz	Page 1	"<div class=""txtsearchsnippet"">... כדי להסתכל במקום ההתפוצצות. קטעי הגופות נאספו באמבולאנםים של <b class=""highlightcolor"">בית החולים הממשלתי.</b> לפ ניכן צולמו על ידי צלמי קולנוע ...</div>"	spelled
598	haretz19461126-01.1.4	26 November 1946	haretz	Page 4	"<div class=""txtsearchsnippet"">... שהניח איזה חפץ על יד הכניסה למחלקה הבריטית של <b class=""highlightcolor"">בית החולים הממשלתי.</b> השוטר ירה שתי יריות לעבר האיש שנכנס ...</div>"	spelled
599	haretz19461129-01.1.9	29 November 1946	haretz	Page 9	"<div class=""txtsearchsnippet"">... תצלומי הארכי־ םקטורה, בעיקר של ביה""ח ""הדסה"" בירושלים ושל <b class=""highlightcolor"">ביה""ח הממשלתי</b> בחיפה, פרי כשרונו של אריך מנדלסון, האדריכל המהולל. ...</div>"	abbreviated
600	haretz19461202-01.1.4	2 December 1946	haretz	Page 4	"<div class=""txtsearchsnippet"">... ""לוחמי חירות ישראל"". נעצר פצוע השוד בתא העצורים של <b class=""highlightcolor"">בית־החולים הממשלתי</b> בירושלים נמצא חיים צוקרווסר בן ‭, 20‬ שנפצע ...</div>"	maqaf
601	haretz19461206-01.1.8	6 December 1946	haretz	Page 8	"<div class=""txtsearchsnippet"">... לאניות־הגירוש. על סמך עדויות שונות, ובהן גם עדות רופא <b class=""highlightcolor"">בית־ החולים הממשלתי,</b> שבדק את גוויות ההרוגים וניתחן, באו החוקרים ...</div>"	spelled
602	haretz19461220-01.1.8	20 December 1946	haretz	Page 8	"<div class=""txtsearchsnippet"">... משמרתו ליד גדר המחה. גוויתו הועברה לחדר המתים של <b class=""highlightcolor"">בית־ החולים הממשלתי</b> ברמלה, ותועבר הבוקר ו לתל אביב. הלויתו ...</div>"	spelled
603	haretz19470119-01.1.3	19 January 1947	haretz	Page 3	"<div class=""txtsearchsnippet"">... ?ופקידיו. עזב• את פית החוליפ' ביום ו' עזבו את <b class=""highlightcolor"">בית החולים הממשלתי</b> בחיפה עת 2 נוטרים ערבים, שנפצעו בהתפוצצות ...</div>"	spelled
604	haretz19470122-01.1.5	22 January 1947	haretz	Page 5	"<div class=""txtsearchsnippet"">... תצלום בערך של ‭80‬ לא""י. נמצא תינוק מת בשטח <b class=""highlightcolor"">בית החולים הממשלתי</b> בבת־גלים נמצא אתמול תינןק זכר מת. המשטרה ...</div>"	spelled
605	haretz19470202-01.1.3	2 February 1947	haretz	Page 3	"<div class=""txtsearchsnippet"">... המשטרה בחיפה 'לפני 3 'שבועות עזב ביום ו' את <b class=""highlightcolor"">בית־החולים הממשלתי.</b> בבית־החולים נשארו רק כמה שוסרים בריטיים מנפגעי ההתפוצצות. ...</div>"	maqaf
606	haretz19470213-01.1.2	13 February 1947	haretz	Page 2	"<div class=""txtsearchsnippet"">... םולקמאן ליד כנסית נוסר ־ דאפ* ברחוב יפו ליד <b class=""highlightcolor"">בית החולים הממשלתי</b> וליד הממקלה הרזמ^ת של הפשסד* בנק ברקלייס ...</div>"	spelled
607	haretz19470214-01.1.10	14 February 1947	haretz	Page 10	"<div class=""txtsearchsnippet"">... ‭:83‬ בית הולים העינים על הר אבו תור אינו <b class=""highlightcolor"">בית חולים ממשלתי</b> כי אש של חברת צדקה אנגלית. בית ...</div>"	indefinite
608	haretz19470219-01.1.6	19 February 1947	haretz	Page 6	"<div class=""txtsearchsnippet"">... . לות. מר ו. ר. מק־ד, :אגף הבתסי של <b class=""highlightcolor"">בית־החולים הממשלתי</b> :ירושלי*</div>"	maqaf
609	haretz19470304-01.1.2	4 March 1947	haretz	Page 2	"<div class=""txtsearchsnippet"">... '‭. (11 ‬ טםלקח הבריאות הממשלתית (טל. מס' ‭;(13‬ <b class=""highlightcolor"">ביה""ח הממשלתי</b> ""הירקון"" (טל. מם' ‭:(15‬ מנהל ביה""ח ""הירקון"" ד""ר ...</div>"	abbreviated
610	haretz19470326-01.1.5	26 March 1947	haretz	Page 5	"<div class=""txtsearchsnippet"">... גייס מכונה גייפ שי הצבא התהפכה שישים אחה""צ ליד <b class=""highlightcolor"">בית החולים הממשלתי.</b> שני קצינים, שנסעו בה נפצעו. קפטן האתראל ...</div>"	spelled
611	haretz19470326-01.1.6	26 March 1947	haretz	Page 6	"<div class=""txtsearchsnippet"">... חיריה, תל־אפדים. סוגו: מירי. תאורו: פנ־ רש בנין בקרבת <b class=""highlightcolor"">בית החולים הממשלתי.</b> הלקים: בשלמות. השםח: '‭487‬ מבדר. פרסי הרשום: ...</div>"	spelled
612	haretz19470414-01.1.4	14 April 1947	haretz	Page 4	"<div class=""txtsearchsnippet"">... נאפרו ו־2 נעצרו שני הערבים, שבשעת הקטטה ביניהם במסדרון <b class=""highlightcolor"">בית־החולים הממשלתי</b> ברחה גאולה כהן. נאסרו על ידי המשטרה. שני־ ...</div>"	maqaf
613	haretz19470422-01.1.1	22 April 1947	haretz	Page 1	"<div class=""txtsearchsnippet"">... לא נודעו. הגופות עדיין לא הועברו לחדר המתים של <b class=""highlightcolor"">בית החולים הממשלתי</b> הסמוך למקום. נראה הדבר כי השניים השיגו ...</div>"	spelled
614	haretz19470423-01.1.6	23 April 1947	haretz	Page 6	"<div class=""txtsearchsnippet"">... של קדושי תרצ""ו—תרצ""ם. הלוית השלושה יצאה מחדר המתים של <b class=""highlightcolor"">בית־החולים הממשלתי</b> בירושלים תחת משמר חזק ביותר של צבא ומשטרה, ...</div>"	maqaf
615	haretz19470425-01.1.6	25 April 1947	haretz	Page 6	"<div class=""txtsearchsnippet"">... היליכ כקסטינה ונתפס '. ""א־דיפאע"" מודיע, שטארוריסט ניסה לפוצץ <b class=""highlightcolor"">בית חולים ממשלתי</b> בקטטינה. הצבא תפס אותו ומנע בעד ההתפוצצות. ...</div>"	indefinite
616	haretz19470508-01.1.3	8 May 1947	haretz	Page 3	"<div class=""txtsearchsnippet"">... 40‬ נפצע קשה וגגרם לו שבר בגולגולת. הועבר־ ל <b class=""highlightcolor"">ביה""ח הממשלתי</b> בחיפה ומשם לביה""ח רוטשילד. נכוותה כהתפוצצות פדימופ וואפיקה ...</div>"	abbreviated
617	haretz19470519-01.1.4	19 May 1947	haretz	Page 4	"<div class=""txtsearchsnippet"">... חיריה, תל אפרי* פודז מירי. תאורו: מגרש לבנין ליד <b class=""highlightcolor"">בית החולים הממשלתי.</b> חלקימ: בשלמו* השמח: ‭307 ‬ מפ""ר. פרסי ...</div>"	spelled
618	haretz19470521-01.1.5	21 May 1947	haretz	Page 5	"<div class=""txtsearchsnippet"">... חיריה, תל אפרים. סוגו: מירי. תאורו: מגרש לבגין ליד <b class=""highlightcolor"">בית החולים הממשלתי.</b> חלקים: בשלמות. השטח: ‭307 ‬ ממ""ר. פרטי ...</div>"	spelled
619	haretz19470528-01.1.1	28 May 1947	haretz	Page 1	"<div class=""txtsearchsnippet"">... במטבה באותה שעה, נפצעה פצעים קלים ברגלה והועברה ' <b class=""highlightcolor"">בית החולים הממשלתי</b> ביפו. מנהל התחנה, איברהים חכים' לא חיה ...</div>"	spelled
620	haretz19470612-01.1.4	12 June 1947	haretz	Page 4	"<div class=""txtsearchsnippet"">... לאופר, לשעבר מנתח ראשי בחבש' נתמנה לרופא מנתח וסגךמנהל <b class=""highlightcolor"">בית־ החולים הממשלתי</b> בחיפה. הגיע לארץ ה' נימן דזניק, אחד ...</div>"	spelled
621	haretz19470619-01.1.3	19 June 1947	haretz	Page 3	"<div class=""txtsearchsnippet"">... בבוקר ליד קלוב הסירות בנמל. ניצל ונאסף ל י <b class=""highlightcolor"">בית החולים הממשלתי</b> בחיפה. מת מפצעיו הפועל יצחק עומר, בן ...</div>"	spelled
622	haretz19470625-01.1.5	25 June 1947	haretz	Page 5	"<div class=""txtsearchsnippet"">... בכית הוליפ 12 שעות שבתו האחיות ושאר העובדים של <b class=""highlightcolor"">בית החולים הממשלתי</b> בפרדס־כ""ץ לאות מחאה על האוכל הדל שהם ...</div>"	spelled
623	haretz19470701-01.1.3	1 July 1947	haretz	Page 3	"<div class=""txtsearchsnippet"">... אשה ושני ילדם. מי נפגע ביריות ההייליפ לפי הודעת <b class=""highlightcolor"">ביה""ח הממשלתי</b> בהיפר. נפגעו ע""י יריות החיילים ביופ א' בערב ...</div>"	abbreviated
624	haretz19470713-01.1.3	13 July 1947	haretz	Page 3	"<div class=""txtsearchsnippet"">... נשאר רק מעבר צר צביב הגן להולכים לבתי־ המשפט, <b class=""highlightcolor"">בית־החולים הממשלתי</b> וביתיהםהר המרכזי. הכניסה לפקידי הצמשלה, •היתד. מוצרת למגרש ...</div>"	maqaf
625	haretz19470714-01.1.3	14 July 1947	haretz	Page 3	"<div class=""txtsearchsnippet"">... פצעי מוות פועל מצרי, שמת אחר כך־ ב . <b class=""highlightcolor"">בית־החולים הממשלתי</b> ביפו — הותעה ' המשטרה שלשום. במקום ההתקפה ...</div>"	maqaf
626	haretz19470807-01.1.4	7 August 1947	haretz	Page 4	"<div class=""txtsearchsnippet"">... ההלימו הולי הדפד פהיפה כל הוא הדבר יצאו את <b class=""highlightcolor"">בית החולים הממשלתי</b> בחיפה פרס ל־3 חולים שהועב־ ת לפני ...</div>"	spelled
627	haretz19470814-01.1.3	14 August 1947	haretz	Page 3	"<div class=""txtsearchsnippet"">... מחדר המתים של בית החולים העירוני לחדר המתים של <b class=""highlightcolor"">בית החולים הממשלתי</b> ביפו, לאחר שותיק מוהלי תל־ אביב קבע ...</div>"	spelled
628	haretz19470817-01.1.1	17 August 1947	haretz	Page 1	"<div class=""txtsearchsnippet"">... בולאנס של ""הצלב האדום"", שהעביר את ההרוגים לחדר־המתים של <b class=""highlightcolor"">בית־החולים הממשלתי</b> ביפו. דקות מספר לאחר העברת הגויות הגיעי' למקום ...</div>"	maqaf
629	haretz19470818-01.1.3	18 August 1947	haretz	Page 3	"<div class=""txtsearchsnippet"">... אביב והמחלקה ליולדות ע""י בית החולים העירוני הסךש וע-י <b class=""highlightcolor"">בית החולים הממשלתי</b> ""היחקון'/ ראתה ההסתדרות הרפואית העכמ* בתל אגדב ...</div>"	spelled
630	haretz19470919-01.1.7	19 September 1947	haretz	Page 7	"<div class=""txtsearchsnippet"">... מ ־ . תושבי טירה כולם, נפצעו והועברו־ ל <b class=""highlightcolor"">ביה'־ח הממשלתי</b> בחיפי. . שנים מהם• ג'ומ' עה דאוד ודייב ...</div>"	abbreviated
631	haretz19471022-01.1.5	22 October 1947	haretz	Page 5	"<div class=""txtsearchsnippet"">... הצעות אפשר לקבל לפי בקשה מאת מנהל המשק של <b class=""highlightcolor"">בית החולים הממשלתי</b> "" בתל־אביב י בין השעות ‭14. 00—8. ...</div>"	spelled
632	haretz19471125-01.1.3	25 November 1947	haretz	Page 3	"<div class=""txtsearchsnippet"">... קפה -האז"" בחיפה־ ב‭12‬ בנו־ בכבד, החלים ויצא את <b class=""highlightcolor"">בית החולים הממשלתי</b> בחיפה. גדרות התיל פרה' המלביפ - נזק ...</div>"	spelled
633	haretz19471216-01.1.2	16 December 1947	haretz	Page 2	"<div class=""txtsearchsnippet"">... מאתמול. * י ‭3 . ‬ נטומ ערבים אל <b class=""highlightcolor"">בית החולים הממשלתי</b> ביפו הועברו אתמול 3 גופות של אחמד ...</div>"	spelled
634	haretz19471219-01.1.4	19 December 1947	haretz	Page 4	"<div class=""txtsearchsnippet"">... הדרוש* צר המקום בטח החולים העירו־ גי וגם בעזרת <b class=""highlightcolor"">בית החולים הממשלתי</b> •הירקון"" שגיתגה אמגם בימים האחרר נים אין ...</div>"	spelled
635	haretz19471222-01.1.3	22 December 1947	haretz	Page 3	"<div class=""txtsearchsnippet"">... של שומריה מומםיב ערבים והקהל הערבי במגרש הדומם למ <b class=""highlightcolor"">בית החולים הממשלתי</b> למ בית הסהר ולמ מת המשפס מהווה ...</div>"	spelled
636	haretz19471230-01.1.3	30 December 1947	haretz	Page 3	"<div class=""txtsearchsnippet"">... 6 רופאים יהודים ו־‭27‬ אחיות עזבו את־ מול את <b class=""highlightcolor"">ביה""ח הממשלתי</b> בירושלים. כפי הנראה עשו את הדבר לאחר שהשמירה ...</div>"	abbreviated
637	haretz19471231-01.1.5	31 December 1947	haretz	Page 5	"<div class=""txtsearchsnippet"">... דבמחונך! נפצעו ערכיפ שני פצועים ערבים מיתות הובאו ל־ <b class=""highlightcolor"">ביה""ח הממשלתי</b> בחיפה אתמול בבוקר. חמד רחאם אמד, בן ‭, ...</div>"	abbreviated
638	haretz19480101-01.1.4	1 January 1948	haretz	Page 4	"<div class=""txtsearchsnippet"">... על מכו־ ניות להכנס למגרש הרוסים ( מלבדהמכוניות של <b class=""highlightcolor"">בית החולים הממשלתי),</b> לסגור את דלתות בתי המשפט־ ב1 ורבע ...</div>"	spelled
639	haretz19480106-01.1.4	6 January 1948	haretz	Page 4	"<div class=""txtsearchsnippet"">... חיפה נצרת. כל ;פגיעים, בהט נהג אחת המכוניות, הובאו <b class=""highlightcolor"">בית החולים הממשלתי</b> בחיפה. מוכרים, כי היריות על האומובוםים ערבים ...</div>"	spelled
640	haretz19480116-01.1.7	16 January 1948	haretz	Page 7	"<div class=""txtsearchsnippet"">מקור ערבי מוסמך בירושלים הודיע אתמול לסופרנו כי <b class=""highlightcolor"">בית החולים הממשלתי</b> בבית צפפה נממר לערבימ. אתמול נודע, שהממשלה ...</div>"	spelled
641	haretz19480122-01.1.4	22 January 1948	haretz	Page 4	"<div class=""txtsearchsnippet"">... נורו ביריות אקדח. שני הערבים מתו וגופותיהם הועברו־ ל <b class=""highlightcolor"">בית־החולים הממשלתי.</b> הפולני הועבר גם הוא לבית־החולים הממשלתי כשהוא פצוע ...</div>"	maqaf
642	haretz19480123-01.1.8	23 January 1948	haretz	Page 8	"<div class=""txtsearchsnippet"">... בביה""ח הממשלתי בחיטה. נמצאה גוויה ערופה בחדר המתים של <b class=""highlightcolor"">בית החולים הממשלתי</b> בחיפה מוגחת זה כמה ימים גוויה בלי ...</div>"	spelled
643	haretz19480205-01.1.3	5 February 1948	haretz	Page 3	"<div class=""txtsearchsnippet"">... בינתיים מונחת הגופה זה היום ה־6 בחדר המתים של <b class=""highlightcolor"">בית החולים הממשלתי.</b> רכילות לעתליט מרכז ""לאסירינו"" מודיע: חבילות למחנה ...</div>"	spelled
644	haretz19480206-01.1.8	6 February 1948	haretz	Page 8	"<div class=""txtsearchsnippet"">... הגופה נמצאת ליד ר&amp;ה־ הדר הגוויה הועברה לחדר־המתים של <b class=""highlightcolor"">בית החולים הממשלתי</b> בפרדס כ""ץ. מסיבות מותו הטראגי של לוי ...</div>"	spelled
645	haretz19480209-01.1.3	9 February 1948	haretz	Page 3	"<div class=""txtsearchsnippet"">... רוטשילד, בית החולים בורוכוב, מרכז הצי לב האדום בחיפה, <b class=""highlightcolor"">בית החולים הממשלתי</b> ובית החולים הערבי •אל אמץ"". אחרי הצהרים ...</div>"	abbreviated,spelled
646	haretz19480212-01.1.1	12 February 1948	haretz	Page 1	"<div class=""txtsearchsnippet"">... שאר ההתקפות הערביות המאורגנות, עובדה תכנית צבאית מסודרת: מאגף <b class=""highlightcolor"">בית החולים הממשלתי</b> והכנסיה הסקוטית ניתנה אש חיפד למתקיפים מצד ...</div>"	spelled
647	haretz19480224-01.1.4	24 February 1948	haretz	Page 4	"<div class=""txtsearchsnippet"">... ביניהמ אשה אחת, ו־9 ערבים נפצעו. כולם •הועברו לש <b class=""highlightcolor"">בית החולים הממשלתי</b> בעזה.</div>"	spelled
648	haretz19480331-01.1.4	31 March 1948	haretz	Page 4	"<div class=""txtsearchsnippet"">... ביריות אתמול אחר־ הצהרים בעמדה ליד מכוניתה סמוך לבנין <b class=""highlightcolor"">בית־החולים הממשלתי</b> בבית־צפפה, הכפר הערבי דרומית לירושלי* הערבים סוענים כי ...</div>"	maqaf
649	haretz19480402-01.1.3	2 April 1948	haretz	Page 3	"<div class=""txtsearchsnippet"">... עירית תל• אביב והמועצות י המקומיות נעשות המוח להעברת <b class=""highlightcolor"">בית החולים הממשלתי</b> *הירקון' לרשות העיריה והמועצות המקומיות. *עתון העתונאיפ"" ...</div>"	spelled
650	haretz19480408-01.1.1	8 April 1948	haretz	Page 1	"<div class=""txtsearchsnippet"">... ה ד (סי""צ). לאחר ש־‭! 1, 500 ‬ עובדי <b class=""highlightcolor"">בית החולים הממשלתי</b> המרכז' ב־ קאסר־אל־עיני פתחו היום בשביתה, הובאה ...</div>"	spelled
651	haretz19480426-01.1.4	26 April 1948	haretz	Page 4	"<div class=""txtsearchsnippet"">... האדום, והאגדה המדיצינית האמריקאית. נודע כי המינים הם: בנין <b class=""highlightcolor"">בית החולים הממשלתי</b> במגרש הרוסים, הבנין ליולדות . שהיה פעם ...</div>"	spelled
652	haretz19480427-01.1.4	27 April 1948	haretz	Page 4	"<div class=""txtsearchsnippet"">... ההרוגים וכן גופת ההרוג מאתמול הועברו לתדר המתים של <b class=""highlightcolor"">בית החולים הממשלתי</b> ביפו. אתמול אחה-צ הועברו שתי הגוויות על ...</div>"	spelled
653	haretz19480428-01.1.4	28 April 1948	haretz	Page 4	"<div class=""txtsearchsnippet"">... מקלין מנהל משרד הבריאות הממשלתי וד""ר חמזי , מגהל <b class=""highlightcolor"">בית החולים הממשלתי,</b> הודיע ד''ר קצנלסון על החלסת המוסדות להבטיח ...</div>"	spelled
654	haretz19480503-01.1.3	3 May 1948	haretz	Page 3	"<div class=""txtsearchsnippet""><b class=""highlightcolor"">בית החולים הממשלתי</b> נחיפד, הועבר אתמול לרשות עירית חיפה וישמש ...</div>"	spelled
655	haretz19480504-01.1.4	4 May 1948	haretz	Page 4	"<div class=""txtsearchsnippet"">... ביקר בחיפה ודן עם העיריה והשלטונות בדבר גורלו של <b class=""highlightcolor"">בית החולים הממשלתי</b> העומד להיות מועבר לעירית חיפה. הועד הלאומי ...</div>"	spelled
656	haretz19480507-01.1.7	7 May 1948	haretz	Page 7	"<div class=""txtsearchsnippet"">... חיפה, מר שבתאי לוי, פנה לכל העובדים הערבים של <b class=""highlightcolor"">בית־החולים הממשלתי</b> ולעובדי מחלקת רישום־הקרקעות, שישובו לעבודתם וכי הוא אחראי ...</div>"	maqaf
657	haretz19480518-01.1.3	18 May 1948	haretz	Page 3	"<div class=""txtsearchsnippet"">... זריקות לישוב העח בי ע""י מחלקת הבריאות הממשלתיח־ ב <b class=""highlightcolor"">בית־החולים הממשלתי</b> ובמקומות שודמ בעיר. תורנוה בתי־מרקהה הלילה — מת־מרקחת ...</div>"	maqaf
658	haretz19480611-01.1.4	11 June 1948	haretz	Page 4	"<div class=""txtsearchsnippet"">... ע רביים שנשארו - במקום — ושוב בפיקוח. 1 <b class=""highlightcolor"">בית החולים הממשלתי</b> לשעבר והצר • פתישמש־ י את חולי ...</div>"	spelled
659	haretz19480827-01.1.4	27 August 1948	haretz	Page 4	"<div class=""txtsearchsnippet"">מדינת 1 שואל <b class=""highlightcolor"">בית החולים הממשלתי</b> חיםח בית הספד לאחיות פית ההוליפ הממשלתי ...</div>"	spelled
660	haretz19480928-01.1.3	28 September 1948	haretz	Page 3	"<div class=""txtsearchsnippet"">בג'בליה (יפו) רח' בי מס. ‭12—141‬ ליד <b class=""highlightcolor"">בית־החולים הממשלתי.</b> האוסובוס (של דרום יהודה) לג'בליה יוצא מהתחנה המרכזית ...</div>"	maqaf
661	haretz19481029-01.1.5	29 October 1948	haretz	Page 5	"<div class=""txtsearchsnippet"">... ה־ מחלקה לתרבות של הועד הלאומי, בבית הספר מול <b class=""highlightcolor"">בית החולים הממשלתי,</b> בהשתתפות :משה ראם, חנה זמיר. צדוק קוגל.</div>"	spelled
662	haretz19481105-01.1.5	5 November 1948	haretz	Page 5	"<div class=""txtsearchsnippet"">... המחלקה לתרבות של היעהיל: ־‭530‬ בב""ה""ס בג'בליד. (ימו"" סול <b class=""highlightcolor"">ביה""ח הממשלתי)</b> מטיבה עם פ. רפפודס (עינה ושירה בצבור). ככתי-הכנפת ...</div>"	abbreviated
663	haretz19481121-01.1.4	21 November 1948	haretz	Page 4	"<div class=""txtsearchsnippet"">... חו־ לים ""הדסה"" (מיסיון) ברחוב הנביאים ?ירושלי* הועברו *ובדי <b class=""highlightcolor"">ביה""ח הממשלתי</b> לשעבר 38 עובדים שבבית החולים הממשלתי לשעבר הוצאו ...</div>"	abbreviated
664	haretz19481126-01.1.5	26 November 1948	haretz	Page 5	"<div class=""txtsearchsnippet"">... שבת־ ב3 א""היצ עט מרדכי דוס. בביה""ס בנ'יביליה (מול <b class=""highlightcolor"">ביה""ח הממשלתי)־</b> ב‭5. 30‬ מס־בת מיצ""ש ללומדימ בשעורי הערב: מ. ...</div>"	abbreviated
665	haretz19481220-01.1.3	20 December 1948	haretz	Page 3	"<div class=""txtsearchsnippet"">שעות חכיקור ככית חחולים חממשלתי הנהלת <b class=""highlightcolor"">בית־החולים הממשלתי</b> בחיפה מודיעה, שמיום א' הבא יהיו שעות־הביקור בבית ...</div>"	maqaf
666	hashaah19381112-01.1.2	12 November 1938	hashaah	Page 2	"<div class=""txtsearchsnippet"">... מאות פועלים העובדים בבני־ נים, בעיקר סהר הכרמל. הקמת <b class=""highlightcolor"">בית־ החולים הממשלתי</b> הגדול, שנמסרה לסולל בונה העסיקה 150—200 פועלים ...</div>"	spelled
667	hashaah19390704-01.1.1	4 July 1939	hashaah	Page 1	"<div class=""txtsearchsnippet"">... בקרבת המקום הניע מיד, ולקח שנים מן הפצועים אל <b class=""highlightcolor"">בית החולים הממשלתי.</b> כעבור זמן מה באו למקום שוטרים ופתחו ...</div>"	spelled
668	hashaah19400304-01.1.3	4 March 1940	hashaah	Page 3	"<div class=""txtsearchsnippet"">... בתוצאה מזה נמנעו הסוחרים בתבואות מלשלוח חטה לסועודייה. — <b class=""highlightcolor"">בית החולים הממשלתי</b> הועבר מרבת עמון לבנין מתאים בכביש רבת ...</div>"	spelled
669	hashaah19400923-01.1.1	23 September 1940	hashaah	Page 1	"<div class=""txtsearchsnippet"">... ושוטר בריטי חש אל ההגה והסיע את האוטו אל <b class=""highlightcolor"">בית החולים הממשלתי.</b> 13 מקרבנות ההפצצה לא נקברו מיד משום ...</div>"	spelled
670	hashaharerev19401227-01.1.1	27 December 1940	hashaharerev	Page 1	"<div class=""txtsearchsnippet"">... הפלאים ־המתרחשים רק לעתים רחוקות, נלקחו למחלקת היולדות של <b class=""highlightcolor"">בית־החולים הממשלתי</b> בחיפה. לשניהם גוסית שלמים ושום אבר אינו נעדר ...</div>"	maqaf
671	hayal19450110-01.1.2	10 January 1945	hayal	Page 2	"<div class=""txtsearchsnippet"">... של האגודה לעזרת הולי הרוח בבנו ברק, הועברו אל <b class=""highlightcolor"">בית החולים הממשלתי,</b> הנמצא בשטח ההפקר בין יפו ובת־ים. בית ...</div>"	spelled
672	hayomjlm19480119-01.1.3	19 January 1948	hayomjlm	Page 3	"<div class=""txtsearchsnippet"">... או גינוי על הרצח השפל של ד״ר להרס, מנהל <b class=""highlightcolor"">בית החולים הממשלתי</b> בבית־צפפה, בשעת עבודתו, היא מצאה לנכון לפרסם ...</div>"	spelled
673	hayomjlm19480226-01.1.4	26 February 1948	hayomjlm	Page 4	"<div class=""txtsearchsnippet"">... יד הקברות המושלימי. הגוויה הובאה על ידי המשטרה אל <b class=""highlightcolor"">בית החולים הממשלתי.</b> •אתמול בשער, 5 אחה״צ נורה ונהרג ע״י ...</div>"	spelled
674	hayomjlm19480304-01.1.4	4 March 1948	hayomjlm	Page 4	"<div class=""txtsearchsnippet"">... מפקדי כנופיות ערבים שהיו פעילים באותו בנין. אמבולנסים של <b class=""highlightcolor"">בית החולים הממשלתי</b> ושל הצלב האדום, חשו למקום והעבירו את ...</div>"	spelled
675	hayomjlm19480321-01.1.2	21 March 1948	hayomjlm	Page 2	"<div class=""txtsearchsnippet"">... את נשקו של שוטר ערבי שעמד על המשמר לפני <b class=""highlightcolor"">בית החולים הממשלתי■</b></div>"	spelled
676	hayomjlm19480419-01.1.2	19 April 1948	hayomjlm	Page 2	"<div class=""txtsearchsnippet"">... בפיקוח הצלב האדום. היהודים מציעים כמו כן את העברת <b class=""highlightcolor"">בית החולים הממשלתי</b> בחיפה לידי העיריה ומנהלים משא ומתן על ...</div>"	spelled
677	hayomjlm19480426-01.1.1	26 April 1948	hayomjlm	Page 1	"<div class=""txtsearchsnippet"">דגל הצלב האדום הונף אתמול מעל לחמשת הבניינים של <b class=""highlightcolor"">בית־החולים הממשלתי</b> (שבמגרש הרוסים) בירושלים. הנהלת בית־החולים נימסרה להסתדרות הרופאים ...</div>"	maqaf
678	hayomjlm19480903-01.1.4	3 September 1948	hayomjlm	Page 4	"<div class=""txtsearchsnippet"">... השירות הרפואי לשעבר, ביניהם קצין הרפואה הראשי, ומנהלים את <b class=""highlightcolor"">בית־החולים הממשלתי</b> ביפו המשמש בעיקר את שבויי המלחמה הערביים. המו״מ ...</div>"	maqaf
679	hayomjlm19481031-01.1.1	31 October 1948	hayomjlm	Page 1	"<div class=""txtsearchsnippet"">... בית לחם. בשלושה מקרים כיונו הערבים אש תותחים מכיוון <b class=""highlightcolor"">בית־החולים הממשלתי</b> לשעבר בבית צפאפת וכן ממר אלאיס. במשך השבוע ...</div>"	maqaf
680	hayomjlm19481121-01.1.1	21 November 1948	hayomjlm	Page 1	"<div class=""txtsearchsnippet"">של בית החולי□ הממשלתי המנגנון של <b class=""highlightcolor"">בית החולים הממשלתי</b> לשעבר, בירושלים, אשר כלל 22 עובדים, הוצא ...</div>"	spelled
681	hayomjlm19481122-01.1.1	22 November 1948	hayomjlm	Page 1	"<div class=""txtsearchsnippet"">... לא להעברת ציודו. הנימוק של השלטונות היהודים הוא כי <b class=""highlightcolor"">בית־החולים הממשלתי</b> חייב להשאר במצבו הקודם כדי למסור אותו, בבוא ...</div>"	maqaf
682	hayomjlm19481220-01.1.1	20 December 1948	hayomjlm	Page 1	"<div class=""txtsearchsnippet"">... נסיוב. כן נודע כי מדינת ישראל עורכת תכנית לפתיחת <b class=""highlightcolor"">בית חולים ממשלתי</b> מרכזי בירושלים, אולם עדיין אין מגלים את ...</div>"	indefinite
683	hazmantlv19430812-01.1.4	12 August 1943	hazmantlv	Page 4	"<div class=""txtsearchsnippet"">... בגב לוסיה מראד מחיפה, שנפצעה קשה והר עברה אל <b class=""highlightcolor"">ביה״ח הממשלתי</b> בחיפה. בו ביום פגעה מכונית צבאית באשה אחרת ...</div>"	abbreviated
684	hazmantlv19430817-01.1.4	17 August 1943	hazmantlv	Page 4	"<div class=""txtsearchsnippet"">... בליל ■׳ גויתו של ערבי שלא זוהה ושהועברת ל־ <b class=""highlightcolor"">ביה״ח הממשלתי.</b> לפי חצוניותו סבורי■ שזה היה פושט יד, אשר ...</div>"	abbreviated
685	hazmantlv19430830-01.1.4	30 August 1943	hazmantlv	Page 4	"<div class=""txtsearchsnippet"">... המים כל עוד ר־ח באפוהעבירוהו במצב של חוסר־הכרה ל־ <b class=""highlightcolor"">(ביה״ח הממשלתי</b> בחיפה.</div>"	abbreviated
686	hazmantlv19430903-01.1.3	3 September 1943	hazmantlv	Page 3	"<div class=""txtsearchsnippet"">... בצווארו. המתנקשים הצליחו להמלט. הפצוע הועבר במצב אנוש אל <b class=""highlightcolor"">ביה״ח הממשלתי</b> בחיפה ועדיין לא חזרה אליו הכרת־. הפריע למפקחים ...</div>"	abbreviated
687	hazmantlv19431028-01.1.6	28 October 1943	hazmantlv	Page 6	"<div class=""txtsearchsnippet"">... החולים למושבות מר רוקח הודיע בהמשך הישיבה, שיתכן כי <b class=""highlightcolor"">ביה״ח הממשלתי</b> למושבות יפתח בתל־אביב בדצמבר.</div>"	abbreviated
688	hazmantlv19431118-01.1.4	18 November 1943	hazmantlv	Page 4	"<div class=""txtsearchsnippet"">... ביד,""ס האנגלי לבנות, נפצע בנפלו על הכביש והועבר אל <b class=""highlightcolor"">בית החולים. הממשלתי</b> בחיפה. סימטאות חיפה נהירות לגנבים ערביה הגרה ...</div>"	spelled
689	hazmantlv19431208-01.1.4	8 December 1943	hazmantlv	Page 4	"<div class=""txtsearchsnippet"">... הספיקו להגיש לו עזרה ראשונה. גייתו הועברה לבדיקה אל <b class=""highlightcolor"">ביה״ח הממשלתי</b> בחיפה. היא נדת ע-י מכונית משמרה, ובו ברגע ...</div>"	abbreviated
690	hazmantlv19431229-01.1.4	29 December 1943	hazmantlv	Page 4	"<div class=""txtsearchsnippet"">... על פני אחד הנצים, אשר נפצע קשה ונאסף אל <b class=""highlightcolor"">בית החולים הממשלתי</b> בחיפה. ..משכין דשלום"" נאסר ויועמד לדין. תאונה ...</div>"	spelled
691	hazmantlv19440116-01.1.4	16 January 1944	hazmantlv	Page 4	"<div class=""txtsearchsnippet"">... הדוקר נאסר וה־ ' גויה של הנרצח נאספת אל <b class=""highlightcolor"">ביה״ח הממשלתי</b> בחיפד"" רוצח נידון למוות אתמול ב־9 בבוקר נתן ...</div>"	abbreviated
692	hazmantlv19440119-01.1.4	19 January 1944	hazmantlv	Page 4	"<div class=""txtsearchsnippet"">... משא ברחוב המלכים בחיפה וידו נשברה הוא ה־עבר אל <b class=""highlightcolor"">ביה״ח הממשלתי</b> וה־ . נהג ארנסט שטרנברג נעצר ושוחרר בערבות.</div>"	abbreviated
693	hazmantlv19440124-01.1.4	24 January 1944	hazmantlv	Page 4	"<div class=""txtsearchsnippet"">... ובתיכם גם דוהג אחמד יוסף עבת. הפצועים ואספי אל <b class=""highlightcolor"">ביה״ח הממשלתי</b> ב-</div>"	abbreviated
694	hazmantlv19440125-01.1.4	25 January 1944	hazmantlv	Page 4	"<div class=""txtsearchsnippet"">היום ייפתח <b class=""highlightcolor"">בית החולים הממשלתי</b> ״הירקון״ ע״י קבלת 40 חולים. כעבור זמן ...</div>"	spelled
695	hazmantlv19440131-01.1.4	31 January 1944	hazmantlv	Page 4	"<div class=""txtsearchsnippet"">... המלכים גוויתו של שלמה יעקב חלבי. הגוויה באספה אל <b class=""highlightcolor"">בית החולים הממשלתי</b> בחיפה ולפי הסימנים סבורים, כי בדרם למות ...</div>"	spelled
696	hazmantlv19440214-01.1.4	14 February 1944	hazmantlv	Page 4	"<div class=""txtsearchsnippet"">... בידי מחמוד קרמאן. הוא נפצע קשה י ונאסף אל <b class=""highlightcolor"">בי־,""ח הממשלתי</b> בחיפה . ילד הפלא ס. ויסנכרג הפסנתרן הקטן ...</div>"	abbrev_short
697	hazmantlv19440324-01.1.8	24 March 1944	hazmantlv	Page 8	"<div class=""txtsearchsnippet"">... דיא יודעת על תעלוליו הנ״ל. בין העדים הופיע מנהל <b class=""highlightcolor"">ביה״ח הממשלתי</b> בירושלים הד״ר שטרנברג, אשר טפל בפצועה ה"" נ״ל ...</div>"	abbreviated
698	hazmantlv19440327-01.1.4	27 March 1944	hazmantlv	Page 4	"<div class=""txtsearchsnippet"">... את עצמו בדירתו שברחוב אבן־עזרא 6• גופתו הועברה ל־ <b class=""highlightcolor"">ביה״ח הממשלתי.</b> מקר■*. זה עורר בהלה נוספת לאחר ההתפוצצויות והרציחות ...</div>"	abbreviated
699	hazmantlv19440427-01.1.3	27 April 1944	hazmantlv	Page 3	"<div class=""txtsearchsnippet"">... 9 — שומן (תקליטים)! 8 תכנית ""כבקשתך"" מיוחדת לאחיות <b class=""highlightcolor"">בית החולים הממשלתי</b> בחיפה: 8.25 שיחה על מאורעות היום! 8.30 ...</div>"	spelled
700	hazmantlv19440515-01.1.1	15 May 1944	hazmantlv	Page 1	"<div class=""txtsearchsnippet"">... מטות השנה לבית החולים העירוני, לפתוח לחולי ת״א את <b class=""highlightcolor"">בית החולים הממשלתי</b> ""ירקון"" שיוחזק על חשבון הממשלה, להקים בית ...</div>"	indefinite,spelled
701	hazmantlv19440525-01.1.3	25 May 1944	hazmantlv	Page 3	"<div class=""txtsearchsnippet"">כית החולים של חקהלח קיים בחיפה <b class=""highlightcolor"">בית חולים ממשלתי</b> גדול■ ורחב־ידים, אשר היישוב העברי אינו נזקק ...</div>"	indefinite
702	hazmantlv19440816-01.1.4	16 August 1944	hazmantlv	Page 4	"<div class=""txtsearchsnippet"">... פצעים רציניים. המשטרה שבאה למקום העבירה את הפצועים ל־ <b class=""highlightcolor"">בי״הח הממשלתי</b> ואסרה 30 מדנצים. השופט אחמד בק הוציא פקודת ...</div>"	abbreviated
703	hazmantlv19440914-01.1.2	14 September 1944	hazmantlv	Page 2	"<div class=""txtsearchsnippet"">... ע״י שוטרים שמצאוה בצד הרחוב עטופת סחבות והכניסוה ל־ <b class=""highlightcolor"">ביה״ח הממשלתי</b> ואילו האם נאסרה והועמדה אתמול לדין. היא טענה, ...</div>"	abbreviated
704	hazmantlv19440929-01.1.6	29 September 1944	hazmantlv	Page 6	"<div class=""txtsearchsnippet"">... בחיפה ב־6 לאוקטובר 43״1, בשלה שתעביר את הגויה אל <b class=""highlightcolor"">ביה״ח הממשלתי</b> בחיפה. נקנס כ־סססו לא״י עד החזקת י קמח ...</div>"	abbreviated
705	hbkr19351021-01.1.6	21 October 1935	hbkr	Page 6	"<div class=""txtsearchsnippet"">... איש ואשה משני הצדדים. נפצעו 8 מהנצים, שנאספו אל <b class=""highlightcolor"">ביה""ח הממשלתי</b> בהיפה. מצבם של שנים מן הפצועים קשה. שאר ...</div>"	abbreviated
706	hbkr19351105-01.1.2	5 November 1935	hbkr	Page 2	"<div class=""txtsearchsnippet"">... מחולי הרוה. העזרה בבית־להם אינה אלא נטפה מן הים. <b class=""highlightcolor"">בית־החולים הממשלתי</b> שם מכיל כ־‭75‬ מקומות, ויש שהוא סגור בפני ...</div>"	maqaf
707	hbkr19351105-01.1.5	5 November 1935	hbkr	Page 5	"<div class=""txtsearchsnippet"">... שימר הברת הנפט העיראקית בהיפה. הגופה נלקהה לבדיקה אל <b class=""highlightcolor"">בית־החולים הממשלתי</b> בחיפה.</div>"	maqaf
708	hbkr19351119-01.1.5	19 November 1935	hbkr	Page 5	"<div class=""txtsearchsnippet"">... חלה מישל מהוז הצפון ה' קיתרוטש, יצא שלשום אל <b class=""highlightcolor"">בית החולים הממשלתי</b> בירי־ שלים לשם רפוי עיגו המלה. . ...</div>"	spelled
709	hbkr19380127-01.1.1	27 January 1938	hbkr	Page 1	"<div class=""txtsearchsnippet""><b class=""highlightcolor"">ביה''ח הממשלתי</b> מטפל בהם. לפיק־ ב שתו יביא היום לצפת ...</div>"	abbreviated
710	hbkr19380225-01.1.6	25 February 1938	hbkr	Page 6	"<div class=""txtsearchsnippet"">... האלה הם מוסדות חשובים מאד. אני מציין בשמהה כי <b class=""highlightcolor"">בית החולים הממשלתי</b> החדש יפתח בעוד זמן קצר ומק ת ...</div>"	spelled
711	hbkr19380227-01.1.6	27 February 1938	hbkr	Page 6	"<div class=""txtsearchsnippet"">... הגנב .. חג'נטלמן* אי-. -' שניידר עזב אתמיל את <b class=""highlightcolor"">בית החולים הממשלתי</b> כחי- :־, , והיכנס לבית הטוהר. ן ...</div>"	spelled
712	hbkr19380315-01.1.3	15 March 1938	hbkr	Page 3	"<div class=""txtsearchsnippet"">... - קרית אליהו — (‭5500‬ לא־י) והכביש שיסלל אל <b class=""highlightcolor"">בית החולים הממשלתי</b> החדש בקרבת כת גלים לאורך התוף — ...</div>"	spelled
713	hbkr19380419-01.1.4	19 April 1938	hbkr	Page 4	"<div class=""txtsearchsnippet"">... אתת את אחד הפציעים — פצוע קשה, והובילתהו אל <b class=""highlightcolor"">בית־החולים הממשלתי</b> אשר ביפו. מעכו קשר- כמה סהמתקישטיפ !אפרו.</div>"	maqaf
714	hbkr19380425-01.1.5	25 April 1938	hbkr	Page 5	"<div class=""txtsearchsnippet"">... צבירית גדולה בייתר. חילים מסוג זת אינש מתקבלים־ ב <b class=""highlightcolor"">בית החולים הממשלתי</b> גם לא בבית ה־ ה־לים העיריני. ,. ...</div>"	spelled
715	hbkr19380511-01.1.6	11 May 1938	hbkr	Page 6	"<div class=""txtsearchsnippet"">... . פר-דנשל"". לבסיף הה־ לט לסלול את הכביש אל <b class=""highlightcolor"">ביה""ח הממשלתי</b> החדש הסמיך לבת־גאס בסכום של 800 לאיי שעבודה ...</div>"	abbreviated
716	hbkr19380816-01.1.6	16 August 1938	hbkr	Page 6	"<div class=""txtsearchsnippet"">... נתגלתה אתמול ליד גדר המגרש שבו מקימים את בניני <b class=""highlightcolor"">ביה""ח הממשלתי</b> החזש לאחורי מקור חיים בירושלים — מקום שעובדים ...</div>"	abbreviated
717	hbkr19381018-01.1.1	18 October 1938	hbkr	Page 1	"<div class=""txtsearchsnippet"">לבנין <b class=""highlightcolor"">בית החולים הממשלתי</b> בירושלים (הקבלנים מיטשל ורולן). א־ש משכיל. שלט ...</div>"	spelled
718	hbkr19381018-01.1.6	18 October 1938	hbkr	Page 6	"<div class=""txtsearchsnippet"">... השוט־ ריס חשיבו אש. בשעח יותר מאוחרת הובאה אל <b class=""highlightcolor"">בית החולים הממשלתי</b> גוית הרוג וכן ד\בא שמה ערבי פצוע. ...</div>"	spelled
719	hbkr19381104-01.1.8	4 November 1938	hbkr	Page 8	"<div class=""txtsearchsnippet"">... לפקופ אספה את הערבי הפתביסס בדפי יפתשתל פפנאוביו אל <b class=""highlightcolor"">בית־החולים הממשלתי</b> בחיפה ורסיסי הפצצה הובאו למשסיד. .</div>"	maqaf
720	hbkr19381118-01.1.4	18 November 1938	hbkr	Page 4	"<div class=""txtsearchsnippet""><b class=""highlightcolor"">בית החולים הממשלתי</b> בחיפה ן י</div>"	spelled
721	hbkr19381223-01.1.7	23 December 1938	hbkr	Page 7	"<div class=""txtsearchsnippet"">! טכס הנוכת <b class=""highlightcolor"">בית החולים הממשלתי</b> בחיפה ו</div>"	spelled
722	hbkr19381227-01.1.1	27 December 1938	hbkr	Page 1	"<div class=""txtsearchsnippet"">... עירית חיפה ביזם ה' ‭22‬ ח""ז בפתיחה החגיגית של <b class=""highlightcolor"">ביה""ח הממשלתי</b> לא תורגמו לעברית. . העובדה יעיל — נאמר ...</div>"	abbreviated
723	hbkr19381228-01.1.1	28 December 1938	hbkr	Page 1	"<div class=""txtsearchsnippet"">... עצרו שלשום חנווני ערבי בשם בוססה סלימד. בליל ברחוב <b class=""highlightcolor"">בית החולים הממשלתי</b> ביפו' הכריחו אותו לתזור לחניתו ושדדו שם ...</div>"	spelled
724	hbkr19390307-01.1.1	7 March 1939	hbkr	Page 1	"<div class=""txtsearchsnippet"">... קשה. סיפרנו מ־סיף: הדבר קדה בשעה העשירית בבוקר. מכונית <b class=""highlightcolor"">בית החולים הממשלתי</b> נסעה אל בית־החולים ובה ד""ר ששרנבדג. המנהל• ...</div>"	spelled
725	hbkr19390324-01.1.8	24 March 1939	hbkr	Page 8	"<div class=""txtsearchsnippet"">... העתיקה ביפו נפצע עלי מהדי. :רא נלקזו י י <b class=""highlightcolor"">ביה""ח הממשלתי•</b> יריות אל ישובים יריות נודי אור ליום אתמול ...</div>"	abbreviated
726	hbkr19390511-01.1.6	11 May 1939	hbkr	Page 6	"<div class=""txtsearchsnippet"">... כידוע הועבר לפני ימים מספר אחד המעפילים הנ־ל אל <b class=""highlightcolor"">ביה""ח הממשלתי</b> לרגל כחלת' שחלה בה. שאר ""1 המעפילים• שמועד ...</div>"	abbreviated
727	hbkr19390526-01.1.6	26 May 1939	hbkr	Page 6	"<div class=""txtsearchsnippet"">... תר שטרננרנ. תר שטרנגרג חש גמשך גמח שנש מנהל <b class=""highlightcolor"">בית החולים הממשלתי</b> ננפח ומ אזשיוווו חנאנלח חנליח לרמש את ...</div>"	spelled
728	hbkr19390620-01.1.1	20 June 1939	hbkr	Page 1	"<div class=""txtsearchsnippet"">... נכנס יהודי בשם אלפרד כהן לתיד חדר המתים על <b class=""highlightcolor"">בית החולים הממשלתי</b> בהיפר. שבו שכבו קרבנות ההתפוצצ־ת. סבורים. כי ...</div>"	spelled
729	hbkr19390622-01.1.6	22 June 1939	hbkr	Page 6	"<div class=""txtsearchsnippet""><b class=""highlightcolor"">בית החולים הממשלתי</b> החדש בירוש־ לים למתלית מתדבקות שנבנה ע""י ...</div>"	spelled
730	hbkr19390713-01.1.6	13 July 1939	hbkr	Page 6	"<div class=""txtsearchsnippet"">... נאג'יב צלאח מצפת. שנאשם א) ביריות אל האמבילנס של <b class=""highlightcolor"">ביה""ח הממשלתי</b> בצפת ופציעת המר שטרנברג שנסע במכונית. נ) ביריות ...</div>"	abbreviated
731	hbkr19390814-01.1.4	14 August 1939	hbkr	Page 4	"<div class=""txtsearchsnippet"">... חברת ההשמל. בעיר הוקצו 4 תחנות ראשיות להחזקת הפצועים <b class=""highlightcolor"">(בית החולים הממשלתי</b> החדש והישן. ,. הדפה"" וקופת חולים). כן ...</div>"	spelled
732	hbkr19390823-01.1.6	23 August 1939	hbkr	Page 6	"<div class=""txtsearchsnippet"">... קל בזרועו השמאלית. הוא נתקבל לרפוי במחלקה הבריטית של <b class=""highlightcolor"">ביה""ח הממשלתי,</b> מקום שהכדור שנתקע בבשר ולא פגע בעצם — ...</div>"	abbreviated
733	hbkr19390925-01.1.3	25 September 1939	hbkr	Page 3	"<div class=""txtsearchsnippet"">... - ישבה אף היא במכונית. נפצעה קשה והובאה אל <b class=""highlightcolor"">בית־החולים הממשלתי</b> בבית־ .</div>"	maqaf
734	hbkr19391012-01.1.5	12 October 1939	hbkr	Page 5	"<div class=""txtsearchsnippet"">... וכל הייחיות 6 0 בבית חדש שבפרדס־כץ (תל־אפדיםז מאחר־ <b class=""highlightcolor"">בית־החולים הממשלתי,</b> % 6 בשכר של 2 לא""י לחודש X ...</div>"	maqaf
735	hbkr19391015-01.1.4	15 October 1939	hbkr	Page 4	"<div class=""txtsearchsnippet"">... גדול וכ^הניחיות * $ בבית חדש שבפרדס־כץ (תל־אפרים) מאחרי <b class=""highlightcolor"">בית־החולים הממשלתי</b> ‭. | ‬ * בשכר של 2 לא""י ...</div>"	maqaf
736	hbkr19391018-01.1.5	18 October 1939	hbkr	Page 5	"<div class=""txtsearchsnippet"">... פמזדור גדול וכל הניחיות בבית חדש שבפרדס־כץ (תל־אסרים) מאחרי <b class=""highlightcolor"">בית החולים הממשלתי</b> בשכר של 2 לא""י לחודש. :זמנים הנוכחים ...</div>"	spelled
737	hbkr19391025-01.1.5	25 October 1939	hbkr	Page 5	"<div class=""txtsearchsnippet"">... פמזדור גדול וכל הנוחעת בבית חדש שבסרדס־כץ (תל־אםרים) מאחרי <b class=""highlightcolor"">בית החולים הממשלתי</b> בשכר של 2 לא""י לחודש. ‭'. ‬זמנים ...</div>"	spelled
738	hbkr19391027-01.1.4	27 October 1939	hbkr	Page 4	"<div class=""txtsearchsnippet"">... פמזמר גמל וכל הנומות ביית חדש שבפרדם־כץתל־אפדיפ () מאחמ <b class=""highlightcolor"">בית החולים הממשלתי</b> בשפר של 2 לא""י לחודש. ‭'. ‬זמנים ...</div>"	spelled
739	hbkr19391116-01.1.1	16 November 1939	hbkr	Page 1	"<div class=""txtsearchsnippet"">ד"" ר טוביה ויהודית סמזרנבמ רופא <b class=""highlightcolor"">בית החולים הממשלתי</b> בירושלים י מודיעים 5ז:. ""ד יי: ב: ...</div>"	spelled
740	hbkr19400101-01.1.6	1 January 1940	hbkr	Page 6	"<div class=""txtsearchsnippet"">... בית התולים העירוני בתל־אביב בלבד תופס ‭. 290, 5‬ <b class=""highlightcolor"">בית החולים הממשלתי</b> בהיסה — ‭. 133. 5‬ ביה""ה בירושלים ...</div>"	spelled
741	hbkr19400110-01.1.2	10 January 1940	hbkr	Page 2	"<div class=""txtsearchsnippet"">... יבוש חביצה בבייכת ימת ‭1300‬ ליתת, •ייחוט *ציוד של <b class=""highlightcolor"">בית החולים הממשלתי</b> בחיפה ‭4913‬ •ל. המשתמש הישוב ואפוי במיפאות ...</div>"	spelled
742	hbkr19400528-01.1.8	28 May 1940	hbkr	Page 8	"<div class=""txtsearchsnippet"">... תושבי צפת. במקום שם שמש וזד""ר ט. ש. מנהל <b class=""highlightcolor"">ביה''ח הממשלתי.</b> יודעים לספר רבות על פעולותיו בעזרה 'לנל נצרך. ...</div>"	abbreviated
743	hbkr19400707-01.1.3	7 July 1940	hbkr	Page 3	"<div class=""txtsearchsnippet"">... אם ב""הדסה"", היות יבבית־ החולים של בית־הסוהר (והוא סניף <b class=""highlightcolor"">ביה""ח הממשלתי)</b> אין המכשירים הדרושים. מר לנדסברג שוחרר, איסוא, על ...</div>"	abbreviated
744	hbkr19400807-01.1.1	7 August 1940	hbkr	Page 1	"<div class=""txtsearchsnippet"">... חסן, וואדיח אל שוקרי, סולם פועלים. בולם הועברו *ל <b class=""highlightcolor"">בית החולים הממשלתי.</b> עלי מצרי פצוע קשה.</div>"	spelled
745	hbkr19400820-01.1.3	20 August 1940	hbkr	Page 3	"<div class=""txtsearchsnippet"">... מכוניותיהם ביום ;שבת. מבריאים והולכים. חם עזבו אתמול ;ת <b class=""highlightcolor"">בית־החולים הממשלתי</b> בחיפה, במקום והוגשה להם העזרה הרפואית הדרושה.</div>"	maqaf
746	hbkr19400922-01.1.4	22 September 1940	hbkr	Page 4	"<div class=""txtsearchsnippet"">... מ""מגן דוד אדום"" נשלחו כמה , מנתחים ורופאים אל <b class=""highlightcolor"">בית החולים הממשלתי.</b> כעבור זמן קצר ניתן אות ההרגעה. בין ...</div>"	spelled
747	hbkr19401127-01.1.2	27 November 1940	hbkr	Page 2	"<div class=""txtsearchsnippet"">... להע־ . ביד משפ גם את אלה הנמצא-ס ב־ <b class=""highlightcolor"">'ביה''ח הממשלתי.</b> שאר תשעה הקרבבות נ 'סף לכך מוסרים לנו: ...</div>"	abbreviated
748	hbkr19401203-01.1.4	3 December 1940	hbkr	Page 4	"<div class=""txtsearchsnippet"">... במרץ. חדר הגויות' ^ול הקרבנות האלח הועבדו אל ד'מו*י^ו^ל, <b class=""highlightcolor"">בית החולים הממשלתי</b> וישאףו שם ע1 הבוקר בשעה ‭. 10‬ ...</div>"	spelled
749	hbkr19401229-01.1.4	29 December 1940	hbkr	Page 4	"<div class=""txtsearchsnippet"">... ב; פלא זה. לראות את התאומים. הרופא הראשי של <b class=""highlightcolor"">בית החולים הממשלתי־</b> ב, ־־ '־ ־ ז</div>"	spelled
750	hbkr19410220-01.1.3	20 February 1941	hbkr	Page 3	"<div class=""txtsearchsnippet"">... בית חולים טוב והטיפול בו מצויין. אין לפחד מהמונח <b class=""highlightcolor"">בית חולים ממשלתי.</b> בית חחויליט י צייד לעבור לרשות הממשלה ...</div>"	indefinite
751	hbkr19410325-01.1.3	25 March 1941	hbkr	Page 3	"<div class=""txtsearchsnippet"">... בו בב־ קיט נדרס. נתרסק וכת• גייחו נלקחה ל־ <b class=""highlightcolor"">ביה""ח הממשלתי</b> והמשטרה פתחה בהקירה. אתמול עד שעה מאיתרח נעשו ...</div>"	abbreviated
752	hbkr19410509-01.1.7	9 May 1941	hbkr	Page 7	"<div class=""txtsearchsnippet"">... בתוהו. אמבולנס צבאי העביר את הגדה לחדר המתים של <b class=""highlightcolor"">בית החולים הממשלתי.</b> נידונה על החזקת בית בושת לידיה רונדשטיין, ...</div>"	spelled
753	hbkr19410620-01.1.7	20 June 1941	hbkr	Page 7	"<div class=""txtsearchsnippet"">... המאמצים להצילו עלו בתוהו והגויה הועברה לחדר המתים של <b class=""highlightcolor"">בית החולים הממשלתי</b> ביפו. אתמול I נערכה הבדיקה הרפואית של ...</div>"	spelled
754	hbkr19410805-01.1.3	5 August 1941	hbkr	Page 3	"<div class=""txtsearchsnippet"">... נפצע קשה ביר:• •הובא במכינית מ. ד. א. אל <b class=""highlightcolor"">ביה""ח הממשלתי.</b> ב-ום השבת נהרג ערב־ בשעת ע:דר־ - :סביבית ...</div>"	abbreviated
755	hbkr19410825-01.1.3	25 August 1941	hbkr	Page 3	"<div class=""txtsearchsnippet"">... ליד חוף חיאט בחיפה 'היעבר פצוע קש ־ אל <b class=""highlightcolor"">ביה""ח הממשלתי.</b> קטניש שחשקו כשפריש הילדים יעקב מזרח־ ושמעון נחמני. ...</div>"	abbreviated
756	hbkr19410829-01.1.7	29 August 1941	hbkr	Page 7	"<div class=""txtsearchsnippet"">... והובאו לבתיהם. ה: שלישי. שנפצע יותר קשה. ה-עבר אל <b class=""highlightcolor"">ביה""ח הממשלתי</b> בחיפה. תאונת עבודה בנמל היפה גוש של ביטון ...</div>"	abbreviated
757	hbkr19410903-01.1.3	3 September 1941	hbkr	Page 3	"<div class=""txtsearchsnippet"">... כשזי חצתה את רח־ב המלכים בהיפה. הפציעה ־ובאה אל <b class=""highlightcolor"">ביה""ח הממשלתי</b> למר יו* קנדל נתקנל מנתנ ע""י הצלנ האדום ...</div>"	abbreviated
758	hbkr19410911-01.1.3	11 September 1941	hbkr	Page 3	"<div class=""txtsearchsnippet"">... ליום ד' בנפלו באניתו שעגנה בנמל היפה, הועבר אל <b class=""highlightcolor"">ביה""ח הממשלתי</b> בהיפה. תזוזת מ::""־: כא־טובו:־:! איבנהו סטאקלס נאסר איר ...</div>"	abbreviated
759	hbkr19410926-01.1.6	26 September 1941	hbkr	Page 6	"<div class=""txtsearchsnippet"">... והקצין ג'ון וו-קפ נפצע בבטנו. הוא הועבר מיד אל <b class=""highlightcolor"">בית החולים הממשלתי</b> ושם נותח' אבל | את חייו לא ...</div>"	spelled
760	hbkr19411019-01.1.4	19 October 1941	hbkr	Page 4	"<div class=""txtsearchsnippet"">... נת הרכבת המזדהית בהיסה. גויתו הוע־ בדד. לבדיקה אל <b class=""highlightcolor"">ביה""ח הממשלתי.</b></div>"	abbreviated
761	hbkr19411103-01.1.3	3 November 1941	hbkr	Page 3	"<div class=""txtsearchsnippet"">... לסהונתו מ. ב. השופט העליון אלן רוז עזב את <b class=""highlightcolor"">בית החולים הממשלתי</b> . משחחלים מחולי של כמח ימים. בקשר ...</div>"	spelled
762	hbkr19420624-01.1.4	24 June 1942	hbkr	Page 4	"<div class=""txtsearchsnippet"">... בכללה. ב) כל האת בכללה. חוץ מחיפה, ג) בשב-ל <b class=""highlightcolor"">בית החולים הממשלתי</b> בחיפה בלבד. ההצעות לא תגענה לעיון. אלא ...</div>"	spelled
763	hbkr19420625-01.1.5	25 June 1942	hbkr	Page 5	"<div class=""txtsearchsnippet"">ביליג. שהוא חוליה קשה. 'הובא לביה""ד בבגדי <b class=""highlightcolor"">ביה''ח הממשלתי.</b> היא היחידי מבין הבאשמים שהופיע בלי עמד. העד ...</div>"	abbreviated
764	hbkr19420626-01.1.6	26 June 1942	hbkr	Page 6	"<div class=""txtsearchsnippet"">בא לביה'־ד בבגדי <b class=""highlightcolor"">ביה''ח הממשלתי.</b> סמוך לשעת הצהרים הדגיש עצמו ברע י י-צא ...</div>"	abbreviated
765	hbkr19420730-01.1.4	30 July 1942	hbkr	Page 4	"<div class=""txtsearchsnippet"">... ‭88‬ ובמשך 8 החדשיפ האחרונים שכב במחלקה הבריטית של <b class=""highlightcolor"">בית החולים הממשלתי</b> בירושלים וליד מיטתו ישבה יומם ולילה רעיתי• ...</div>"	spelled
766	hbkr19421023-01.1.6	23 October 1942	hbkr	Page 6	"<div class=""txtsearchsnippet"">... ראשינר, נרגם והיעבר עיי מ. ד. א. ל ־ <b class=""highlightcolor"">בית־החולים הממשלתי</b> בירושלים. המקרה אירע כאשד המכוגית ירדד, מהקסטל והפועל ...</div>"	maqaf
767	hbkr19421029-01.1.2	29 October 1942	hbkr	Page 2	"<div class=""txtsearchsnippet"">בית־החולימ החושי בצירוף <b class=""highlightcolor"">ביה""ח הממשלתי,</b> פתרו לגמר מצוקת האישפוז</div>"	abbreviated
768	hbkr19430405-01.1.4	5 April 1943	hbkr	Page 4	"<div class=""txtsearchsnippet"">... ואת בני המשסתה וממוך לשעה 9 הועברה הגויה אל <b class=""highlightcolor"">בית• החולים הממשלתי.</b> תק־רת המשטרה נמשכת יסוקדם עדיין לעסוק יכל ...</div>"	maqaf,spelled
769	hbkr19430929-01.1.8	29 September 1943	hbkr	Page 8	"<div class=""txtsearchsnippet"">... •חיל' ריח. שבעצםית־ י, הפס־ שלה צריכה לדאיג לחש. <b class=""highlightcolor"">בית החולים הממשלתי</b> לחילי רוח ננת־ים. שיפתח ננראד, נחדשים הקרובים. ...</div>"	spelled
770	hbkr19431028-01.1.4	28 October 1943	hbkr	Page 4	"<div class=""txtsearchsnippet""><b class=""highlightcolor"">ביה""ח הממשלתי</b> למושבות יפתח בת''א בדצמבר</div>"	abbreviated
771	hbkr19440125-01.1.4	25 January 1944	hbkr	Page 4	"<div class=""txtsearchsnippet"">! <b class=""highlightcolor"">בית החולים הממשלתי</b> לחולי המזש־ ! בות (תמכונה עתה ""הירקון"") ...</div>"	spelled
772	hbkr19440126-01.1.4	26 January 1944	hbkr	Page 4	"<div class=""txtsearchsnippet"">... ‭3ח3‬רה ו‭3ש&gt;3‬חו5 — אתמול נצהד-ם עזב הנציב העליין את <b class=""highlightcolor"">בית החולים הממשלתי</b> אחר שנעשה לו ניתוח קל בעינו. חנציב ...</div>"	spelled
773	hbkr19440127-01.1.4	27 January 1944	hbkr	Page 4	"<div class=""txtsearchsnippet"">שלשום נפתח בת""א <b class=""highlightcolor"">בית החולים הממשלתי</b> ""ה־רקיד לאישפוז חולי המושבות, לעת עתה מכיל ...</div>"	spelled
774	hbkr19440223-01.1.4	23 February 1944	hbkr	Page 4	"<div class=""txtsearchsnippet"">... אורי לדרמן — ירחיב אלנבי ‭. 79 ‬ (ע""י <b class=""highlightcolor"">ביה""ח הממשלתי).</b> אברהם אטינגד •- רחוב הם ‭, 20 ‬ ...</div>"	abbreviated
775	hbkr19440301-01.1.4	1 March 1944	hbkr	Page 4	"<div class=""txtsearchsnippet"">... בית חולים ?פפשלתי בעל ‭300‬ מטות לפחות. פווע יש <b class=""highlightcolor"">בית חולים ממשלתי</b> לחיפה . יפו, שכפ •מקיפוח אחוים ואייו ...</div>"	indefinite
776	hbkr19440512-01.1.6	12 May 1944	hbkr	Page 6	"<div class=""txtsearchsnippet"">... את רגל;• דושמאלית, הלויתו יצאה אתמול מחדד המתים של <b class=""highlightcolor"">בית החולים הממשלתי</b> ""הירקון* כת""א לבית הקברות בנהלת־יצחק. יגלה ' ...</div>"	spelled
777	hbkr19440601-01.1.3	1 June 1944	hbkr	Page 3	"<div class=""txtsearchsnippet"">... מת השוו במחלת אבעבועות אתמול מת בבית ההסגר ליד <b class=""highlightcolor"">בית החולים הממשלתי</b> בחיפה אליעזר ''כשהאח. בן ‭. 32‬ חוששים ...</div>"	spelled
778	hbkr19441127-01.1.2	27 November 1944	hbkr	Page 2	"<div class=""txtsearchsnippet"">... חינוכנו. כן שאל הד""ר כהן מתי יפתח םוף סוף <b class=""highlightcolor"">בית־החולים הממשלתי</b> לחולי־רוח בבת־ים בציינו, כי פתיחת ביח־חולים זה נדחית ...</div>"	maqaf
779	hbkr19441224-01.1.1	24 December 1944	hbkr	Page 1	"<div class=""txtsearchsnippet"">... הזה. השבוע יפתח ' ביה""ח לחולי רוח בבת ים <b class=""highlightcolor"">ביה־ח הממשלתי</b> לחולי־רוח בבת־יפ יפתח ביום ה' יקריב ‭27‬ לה""ז. ...</div>"	abbreviated
780	hbkr19450214-01.1.4	14 February 1945	hbkr	Page 4	"<div class=""txtsearchsnippet"">... בשלש עשמת ספות. מתנחל מו-פ עם הממשלח על פתיחת <b class=""highlightcolor"">בית חולים ממשלתי</b> גדול למושבות בקרבת תל־אביב. . המשלה מגובת ...</div>"	indefinite
781	hbkr19450425-01.1.3	25 April 1945	hbkr	Page 3	"<div class=""txtsearchsnippet"">... ‭28— ‬ המשפחות. םתח""תסוה עירית פתה-תטה מוחה גגד סדור <b class=""highlightcolor"">בית החולים הממשלתי</b> לחולי-רוח עירית פתח־תקיה הביעה אח :חאחה על ...</div>"	spelled
782	hbkr19450618-01.1.4	18 June 1945	hbkr	Page 4	"<div class=""txtsearchsnippet"">... ויותר נימים אלה. נמחוז ירושלים, ונעיקר נעיד ירושלים, אשר <b class=""highlightcolor"">בית החולים הממשלתי</b> ממלא נד. תפקיד חשוב גם לגבי חולים ...</div>"	spelled
783	hbkr19450819-01.1.4	19 August 1945	hbkr	Page 4	"<div class=""txtsearchsnippet"">... הצריפים. ‭35 ‬ במספר, יועמדו על אדמת וים בקרבת <b class=""highlightcolor"">בית־החולים הממשלתי</b> ""הירקון'.</div>"	maqaf
784	hbkr19450831-01.1.2	31 August 1945	hbkr	Page 2	"<div class=""txtsearchsnippet"">... מחוז . לוד• ה־ד מסגי""ב וסמ""ת הי• והועברו מ""ביע <b class=""highlightcolor"">'בית החולים הממשלתי</b> . ד־דקץי. יא וזר. ־ שבישל ממהיז ...</div>"	spelled
785	hbkr19451003-01.1.4	3 October 1945	hbkr	Page 4	"<div class=""txtsearchsnippet"">... הצריסים (שנמסרו לעיריה עיי הצבא) על אדמת וייס שבקרבת <b class=""highlightcolor"">בית־החולים הממשלתי</b> ‭.. ‬הירקון"". בצריפים אלה ישוכנו היילים משוחררים, בעלי ...</div>"	maqaf
786	hbkr19451217-01.1.4	17 December 1945	hbkr	Page 4	"<div class=""txtsearchsnippet"">... ובהחזקת רובה ציד ביי רשיון. נשמעה עדותם של רוסא <b class=""highlightcolor"">בית־ החולים הממשלתי.</b> מוכתר הכרס דחניה. מוכתר רמ־. השופט ועדותם ...</div>"	spelled
787	hbkr19460101-01.1.4	1 January 1946	hbkr	Page 4	"<div class=""txtsearchsnippet""><b class=""highlightcolor"">:בית החולים הממשלתי</b> ביפו מת אתמול צעיר ערב• בשם אבמאדני ...</div>"	spelled
788	hbkr19460217-01.1.2	17 February 1946	hbkr	Page 2	"<div class=""txtsearchsnippet"">... שנה מסיימות בהורות א""י את השיודים לאחיות, הקיימים ליד <b class=""highlightcolor"">בית החולים הממשלתי</b> בירושלים, והעובדות הללו הוכיחו שהן ראויות לתפקידן. ...</div>"	spelled
789	hbkr19460314-01.1.2	14 March 1946	hbkr	Page 2	"<div class=""txtsearchsnippet"">... 8י""2 דירית לחיילים משוחררים. וכן על אדמת ווייס? בקרבת <b class=""highlightcolor"">בית־החולים הממשלתי</b> למישבות. במקים שהוקמו ‭!5‬ צריפים (הידועים בשם .. ...</div>"	maqaf
790	hbkr19460331-01.1.1	31 March 1946	hbkr	Page 1	"<div class=""txtsearchsnippet"">... היה כבר ללא רוח חיים. הוא הועבר לחדר־המתים של <b class=""highlightcolor"">ביה־ח הממשלתי.</b></div>"	abbreviated
791	hbkr19460411-01.1.2	11 April 1946	hbkr	Page 2	"<div class=""txtsearchsnippet"">... שבסיב. העברת* של הח־לה היתה בלתי אפשרית באמבולנס של <b class=""highlightcolor"">בית החולים הממשלתי.</b> שאינו פתאים להעברת חילים במצב מסוכן. במשך ...</div>"	spelled
792	hbkr19460606-01.1.4	6 June 1946	hbkr	Page 4	"<div class=""txtsearchsnippet"">... באה מאחר שמצבו של הפצוע הוסיף להיות קשה, ורופאי <b class=""highlightcolor"">בית החולים הממשלתי</b> אמדו גואש• הדיר גיוזף אמר, לאחד שבדק ...</div>"	spelled
793	hbkr19460619-01.1.1	19 June 1946	hbkr	Page 1	"<div class=""txtsearchsnippet"">... העלמין עוד בצהרים וחלבורה נת־ עכבה בםקזדת הבולשת. ליד <b class=""highlightcolor"">בית החולים הממשלתי</b> בחיפה, בו נמצאים תשעה פצועים, הופקד משמר ...</div>"	spelled
794	hbkr19460703-01.1.1	3 July 1946	hbkr	Page 1	"<div class=""txtsearchsnippet"">... ששלשה התולים החשודים נפקרי דבר הועברו למחלקה מיוחדת של <b class=""highlightcolor"">בית החולים הממשלתי</b> בחיפה, החלה העברת העולים בסיחת ל. פקפ ...</div>"	spelled
795	hbkr19460714-01.1.1	14 July 1946	hbkr	Page 1	"<div class=""txtsearchsnippet"">הועבר למתלקה הבריטית של <b class=""highlightcolor"">בית־החולים הממשלתי</b> ?</div>"	maqaf
796	hbkr19460726-01.1.8	26 July 1946	hbkr	Page 8	"<div class=""txtsearchsnippet"">... מגרש החפים ממקום שהוצאו הנוטות מתוך הדר הפתים של <b class=""highlightcolor"">בית החולים הממשלתי</b> לקבורה. ראשונה הובלה לקבורה נופתח של הכתב־ ...</div>"	spelled
797	hbkr19460812-01.1.4	12 August 1946	hbkr	Page 4	"<div class=""txtsearchsnippet"">התקפה !ועזה ביצעו אתפול צעירים יהודים מזוינים על <b class=""highlightcolor"">בית החולים הממשלתי</b> ביפו. הםתקיפיס? שהיו בנראה מאנשי ד""ארגת צבאי ...</div>"	spelled
798	hbkr19460814-01.1.4	14 August 1946	hbkr	Page 4	"<div class=""txtsearchsnippet"">... תא הועבר לביה-ה הירקץ בת""א ופשפ לפהלקה הברימית של <b class=""highlightcolor"">ביה־ח הממשלתי</b> ניטו.</div>"	abbreviated
799	hbkr19460815-01.1.4	15 August 1946	hbkr	Page 4	"<div class=""txtsearchsnippet"">... — מת אהד משני קאנשים, שנפצעו נשעת ההתקפה על <b class=""highlightcolor"">בית החולים הממשלתי</b> ביפו• כדי לחטוף את חברי . אצ""ל־ ...</div>"	spelled
800	hbkr19460901-01.1.3	1 September 1946	hbkr	Page 3	"<div class=""txtsearchsnippet"">... וינשטיין הועברה אתמול ממחנה המעפיליפ בעתלית למחלקת האיזולציה של <b class=""highlightcolor"">ביה""ח הממשלתי</b> בחיפה.</div>"	abbreviated
801	hbkr19460902-01.1.4	2 September 1946	hbkr	Page 4	"<div class=""txtsearchsnippet"">... יש כ? שיבוא לגור בנין, והן — האחיות של <b class=""highlightcolor"">בית החולים הממשלתי,</b> אשר מעונן נמצא עד כה בשטנת פוצררה.</div>"	spelled
802	hbkr19460911-01.1.4	11 September 1946	hbkr	Page 4	"<div class=""txtsearchsnippet"">... של הסוכנות בעתלית לרגל מתלתן, הועברו למהלקה הפנימית של <b class=""highlightcolor"">ביה־ח הממשלתי</b> אתמול. שמותיהן: פגיה ןןדצברג, בת ‭, 21‬ ורווה ...</div>"	abbreviated
803	hbkr19460916-01.1.4	16 September 1946	hbkr	Page 4	"<div class=""txtsearchsnippet"">... ה־‭, 16‬ הולך ונחלש. למתת הסיפול הפסור של רופאי <b class=""highlightcolor"">בית־ החולים הממשלתי</b> בירושלים. ־ הד־י פץ־ויזל קיבל אתמול בתא־האפירים ...</div>"	spelled
804	hbkr19460919-01.1.4	19 September 1946	hbkr	Page 4	"<div class=""txtsearchsnippet"">... מבית־חחולים בירושלים והוהזר לביתו בגדרה במכונית הצלב האדום של <b class=""highlightcolor"">בית־החולים הממשלתי</b> בירושלים. לדבריו' זוהי . תופשה זמנית מלטדוך. הוא ...</div>"	maqaf
805	hbkr19460922-01.1.3	22 September 1946	hbkr	Page 3	"<div class=""txtsearchsnippet"">... םוד שברשותם נמצאו מכשירים לפריצת דלתות. לתא ־אםירות על <b class=""highlightcolor"">ביה""ח הממשלתי</b> הובאה ביום הששי צעירה בשפ מינה פיפלר, עצורה ...</div>"	abbreviated
806	hbkr19461018-01.1.6	18 October 1946	hbkr	Page 6	"<div class=""txtsearchsnippet"">... לאחר שחטט נגיפי מבנטיו, של ימיני בחדר המתים של <b class=""highlightcolor"">בית החולים הממשלתי.</b> -את הכתוב בפתק - . מסטר המוריד ...</div>"	spelled
807	hbkr19461225-01.1.4	25 December 1946	hbkr	Page 4	"<div class=""txtsearchsnippet"">... שהם ביתי־רציניים — באה מטעמי בסחון וחסכון בשמירת על <b class=""highlightcolor"">בית־החולים הממשלתי•</b> בית־החולים בבית־ הכלא יורחב בימים אלה ויוכשר לקליטת ...</div>"	maqaf
808	hbkr19470117-01.1.2	17 January 1947	hbkr	Page 2	"<div class=""txtsearchsnippet"">... ערביות ברחוב טנקריד. הבנין המוחרם יסופוז לאגף ־בריטי •טל <b class=""highlightcolor"">בית החולים הממשלתי</b> הסמוך. הברת. של"" וובן בעלי החנויות שמתחת ...</div>"	spelled
809	hbkr19470122-01.1.3	22 January 1947	hbkr	Page 3	"<div class=""txtsearchsnippet"">... מ""מ אשתקד. תינוק בן יומו נמצא מת ליד שער <b class=""highlightcolor"">בית־החולים הממשלתי</b> בחיפה אתמ־ל בבוקר• ־משטרה פתחח בחקירה. משפמ שלוס ...</div>"	maqaf
810	hbkr19470122-01.1.4	22 January 1947	hbkr	Page 4	"<div class=""txtsearchsnippet"">... לבלוח חופשתו בארצות־ הברית. — דיר שמעון בטש. מנהל <b class=""highlightcolor"">בית החולים הממשלתי</b> ־הירקון'' בתל־אביב. הועלה בדד־ גה על ידי ...</div>"	spelled
811	hbkr19470131-01.1.8	31 January 1947	hbkr	Page 8	"<div class=""txtsearchsnippet"">... בריטיים. שנפצעו אף הם בשעת חמריבה, עזבו אתמול את <b class=""highlightcolor"">בית־ החולים הממשלתי.</b> לאסירים לא הירשה עדיין לצאת מתאיהם ואף ...</div>"	spelled
812	hbkr19470202-01.1.3	2 February 1947	hbkr	Page 3	"<div class=""txtsearchsnippet"">... 41‬ מל. ‭2116 ‬ ע ז ח : מול <b class=""highlightcolor"">בית החולים הממשלתי?</b> מל? ‭243 ‬ נתנת בזה הודעה שמכירה ...</div>"	spelled
813	hbkr19470224-01.1.4	24 February 1947	hbkr	Page 4	"<div class=""txtsearchsnippet"">... קולינס. שהיה לפן ה־30 בינואר שוכב מגף הבריסו של <b class=""highlightcolor"">בית החולים הממשלתי</b> בירושלים פצוע מהבאת שנגרמו לו עקכ חסי־ ...</div>"	spelled
814	hbkr19470320-01.1.4	20 March 1947	hbkr	Page 4	"<div class=""txtsearchsnippet"">... זיהתה, נפלטה אתמול נהוף אשחד. היא הועברה לחדר־המתים של <b class=""highlightcolor"">בית־החולים הממשלתי</b> בעזה. סבורים, כיהגופה היתד, במים ימים אחדים ייש ...</div>"	maqaf
815	hbkr19470508-01.1.4	8 May 1947	hbkr	Page 4	"<div class=""txtsearchsnippet"">*טלשתיך מודיע. ני השלםונות הגבירו את השמירה על <b class=""highlightcolor"">בית החולים הממשלתי</b> בהיפה בו שונביפ האטיריט שנטצעו בשעת הבריחה ...</div>"	spelled
816	hbkr19470518-01.1.4	18 May 1947	hbkr	Page 4	"<div class=""txtsearchsnippet"">... כי האשד, אינח חאם. בחםוש נתנלו נם החיתולים של <b class=""highlightcolor"">בית החולים הממשלתי.</b> מול הוכחות חותכות</div>"	spelled
817	hbkr19470528-01.1.2	28 May 1947	hbkr	Page 2	"<div class=""txtsearchsnippet"">... הפצועים הערבים בהתקפה על פגיה, ההליפ מפצעיו יעזב את <b class=""highlightcolor"">בית החולים הממשלתי</b> ביפו — פיחע . אל־וחדה"".</div>"	spelled
818	hbkr19470615-01.1.2	15 June 1947	hbkr	Page 2	"<div class=""txtsearchsnippet"">דייר ר. נששיבי, רופא <b class=""highlightcolor"">בית החולים הממשלתי</b> אמר כי בדק את הפצוע שהובא, לדעתו ...</div>"	spelled
819	hbkr19470724-01.1.3	24 July 1947	hbkr	Page 3	"<div class=""txtsearchsnippet"">ההכנות להרהבת האגף הבריטי של <b class=""highlightcolor"">בית החולים הממשלתי</b> בירושלים הולנות ונש־ למות. אגף זח. שעד ...</div>"	spelled
820	hbkr19471130-01.1.3	30 November 1947	hbkr	Page 3	"<div class=""txtsearchsnippet"">... לאנ:ליה. חיא שבב ימים אחדים חולה במחלקה הבריטית של <b class=""highlightcolor"">בית החולים הממשלתי</b> בירושלים.</div>"	spelled
821	hbkr19471218-01.1.4	18 December 1947	hbkr	Page 4	"<div class=""txtsearchsnippet"">תשובתה של מנהלת <b class=""highlightcolor"">בית חולים ממשלתי</b></div>"	indefinite
822	hbkr19480106-01.1.2	6 January 1948	hbkr	Page 2	"<div class=""txtsearchsnippet"">... 1א הערבי ואז הוענר יצחקי לניתוח באגף הבריטי של <b class=""highlightcolor"">בית החולים הממשלתי.</b> יצחקי פת תחת איזפל המנתתיפ מיד כשנגשו ...</div>"	spelled
823	hbkr19480107-01.1.4	7 January 1948	hbkr	Page 4	"<div class=""txtsearchsnippet"">... יזונו, לניתוח עיי רופא דיבי ואגגלי באגף הבייט' של <b class=""highlightcolor"">בית החולים הממשלתי</b> ושם פת נשעת הניתוח. הוא יצי. להתגתח ...</div>"	spelled
824	hbkr19480109-01.1.1	9 January 1948	hbkr	Page 1	"<div class=""txtsearchsnippet"">... לא ביותר קשה. מ. מנן רד אדופ־ התקשרו עפ <b class=""highlightcolor"">ביתהחולים הממשלתי</b> ושאלי על אופן העברת הפצוע. שהוא יהויי, לבית־חוליפ ...</div>"	maqaf
825	hbkr19480112-01.1.4	12 January 1948	hbkr	Page 4	"<div class=""txtsearchsnippet"">... את הפצועה. זוהי עלילה כפובן• עיביפ מופתי* חיכו ליי <b class=""highlightcolor"">בית־ החולים הממשלתי</b> לבוא הפצועה — שעליה ירעו מלמפרע מהמרפאה ...</div>"	spelled
826	hbkr19480113-01.1.2	13 January 1948	hbkr	Page 2	"<div class=""txtsearchsnippet"">... ביפי. יבראשם עירית •פי, מחי בחריפית ננד . כבוש- <b class=""highlightcolor"">בית החולים הממשלתי</b> לחילי־רוח הנמצא בין בתי מ ייפו. לפי ...</div>"	spelled
827	hbkr19480114-01.1.1	14 January 1948	hbkr	Page 1	"<div class=""txtsearchsnippet"">... ערכית על כית חולים אמש התקיפו ערבים ביריות את <b class=""highlightcolor"">בית־ החולים הממשלתי</b> לחולי רוח בחולון. ההתקפה ארנה זמן ממישר. ...</div>"	spelled
828	hbkr19480126-01.1.1	26 January 1948	hbkr	Page 1	"<div class=""txtsearchsnippet"">... יריות מכלי נשק אוטומטיים &gt;ענר האוטובוס. ההרוג והפצועים הובאו <b class=""highlightcolor"">&gt;בית החולים הממשלתי</b> ביפו. לנית החולם' ביפו הובאו במשך בוקר ...</div>"	spelled
829	hbkr19480128-01.1.1	28 January 1948	hbkr	Page 1	"<div class=""txtsearchsnippet"">... למושל מחוז חברון. מר ספרוויל, ותבעה למסור ליוד. את <b class=""highlightcolor"">בית החולים הממשלתי</b> במקום וכן בנינים אחרים. אשר הממשלה מחזיקה ...</div>"	spelled
830	hbkr19480129-01.1.4	29 January 1948	hbkr	Page 4	"<div class=""txtsearchsnippet"">... תעיכדים והחיליש — הראו מגמה בתרו;: לסניר את שעת <b class=""highlightcolor"">בית' החולים הממשלתי</b> נפנ• האוכלוס-ה היומת. ועדה מיוחדת, שנתמנתה על־ידי ...</div>"	maqaf,spelled
831	hbkr19480130-01.1.8	30 January 1948	hbkr	Page 8	"<div class=""txtsearchsnippet"">... ביריות מנשק אוטומטי מפאת הכפו העיב• נידתה נענוו או <b class=""highlightcolor"">בית החולים הממשלתי</b> לחולי רוח. אחת הנוסעות, שרקה מאיויביץ, בר. ...</div>"	spelled
832	hbkr19480215-01.1.1	15 February 1948	hbkr	Page 1	"<div class=""txtsearchsnippet"">... הוצאה מרוסקת מתחת לעיי חירבות והועברה לחדר המתים של <b class=""highlightcolor"">בית החולים הממשלתי.</b> במקומות אחרים בכפר נמצאו על גגות בתים ...</div>"	spelled
833	hbkr19480216-01.1.2	16 February 1948	hbkr	Page 2	"<div class=""txtsearchsnippet"">... לדבו• המתלות בין האסירים היהודי* בעקב המאור עיתהאתרונים נשאר <b class=""highlightcolor"">בית החולים הממשלתי</b> — הסמוך לבית הסוהר — בלי רופא ...</div>"	spelled
834	hbkr19480222-01.1.4	22 February 1948	hbkr	Page 4	"<div class=""txtsearchsnippet"">... •צאו דום־ר־ם "" דרך שער ו. א־וור המוגן מצו <b class=""highlightcolor"">בית החולים הממשלתי.</b></div>"	spelled
835	hbkr19480304-01.1.4	4 March 1948	hbkr	Page 4	"<div class=""txtsearchsnippet"">... ןכאי בדין כן דכה ביה־ו הזה נהג אמבולנס של <b class=""highlightcolor"">בית החולים הממשלתי</b> ביהושלים מאשמת נשיאח אקוח שנמצא בושותו אתמול ...</div>"	spelled
836	hbkr19480310-01.1.4	10 March 1948	hbkr	Page 4	"<div class=""txtsearchsnippet"">... מרכז הבולשת היפואית ונית חרושת . חילזון• הותקף מנדן <b class=""highlightcolor"">בית החולים הממשלתי</b> לנהמות. נהתקפת יריית על תל־אניב אתמול בצ־ ...</div>"	spelled
837	hbkr19480428-01.1.4	28 April 1948	hbkr	Page 4	"<div class=""txtsearchsnippet"">... הו""ר םקליו, מנהל פשרו הבויאיח הממשלתי, וו־ר חפזי, מנהל <b class=""highlightcolor"">בית החולים הממשלתי,</b> הודע הו־ר קצנלפין על החלטת המוסדות להבטיח ...</div>"	maqaf,spelled
838	hbkr19480514-01.1.5	14 May 1948	hbkr	Page 5	"<div class=""txtsearchsnippet"">... בו בתי־משפט. מוסדות מש־ טרד, ואחרים. ואילו מחר ז <b class=""highlightcolor"">בית־ החולים הממשלתי</b> ואגפיו הועברו לידי הערבים. והם כמובן לא ...</div>"	spelled
839	hbkr19480609-01.1.2	9 June 1948	hbkr	Page 2	"<div class=""txtsearchsnippet"">... פקדה על הנהג הערבי להמשיך בנסיעה בניוון לירושלים. אל <b class=""highlightcolor"">בית החולים הממשלתי.</b> חחילד, הרב* האמבולנס לשער יסו וסיד התנפלו ...</div>"	spelled
840	hbkr19480914-01.1.2	14 September 1948	hbkr	Page 2	"<div class=""txtsearchsnippet"">... דוחק 'שתפשו נפסות הרזרביות שבו לאש־ פוז טזועיפ פהעבא. <b class=""highlightcolor"">ביה־ח הממשלתי</b> — הותקנו בו לפי שעה ‭00‬נ מטות. ישנה ...</div>"	abbreviated
841	hbkr19480928-01.1.1	28 September 1948	hbkr	Page 1	"<div class=""txtsearchsnippet"">... שא^ השנו^ ממחלוקת ביניוו למין הפלג האדום. היא גודל <b class=""highlightcolor"">בית־החולים הממשלתי</b> לשעבר, הנםנא באזור הכיבוש שלוי. זפוחוו על בימ־חולים ...</div>"	maqaf
842	hbkr19481029-01.1.5	29 October 1948	hbkr	Page 5	"<div class=""txtsearchsnippet"">... חנינית של שעויי הערב לעברית בנ""ביליה (־פו! בביה-ס :מול <b class=""highlightcolor"">בית החולים הממשלתי)</b> כהשתתפות: משר, ראפ, חנה ומיד, ציוק קונל. ...</div>"	spelled
843	hbkr19481115-01.1.1	15 November 1948	hbkr	Page 1	"<div class=""txtsearchsnippet"">... ה*(יון תביעה •שבח עליה. הוא דורש אי* הציוד ש? <b class=""highlightcolor"">בית החולים הממשלתי</b> בירושלים שהיה במשך 1ל הזמן תחי! חסוי! ...</div>"	spelled
844	hbkr19481121-01.1.1	21 November 1948	hbkr	Page 1	"<div class=""txtsearchsnippet"">... הצלב האדום הבינלאומי כירושלים חוסל. ‭22‬ אחרוני עובדי מנגנון <b class=""highlightcolor"">בית החולים הממשלתי</b> לשעבר בחסות הצלב האדום הועברו ביום ששי ...</div>"	spelled
845	hbkr19481123-01.1.1	23 November 1948	hbkr	Page 1	"<div class=""txtsearchsnippet"">כתגובה למסירת <b class=""highlightcolor"">ביה־'ח הממשלתי</b> לש עברבירושלים ל ידי היהודים</div>"	abbreviated
846	hbkr19481128-01.1.4	28 November 1948	hbkr	Page 4	"<div class=""txtsearchsnippet"">... זה? שלנוכח פעולת העיריה אין לו כל זכות קיו* <b class=""highlightcolor"">בית החולים הממשלתי</b> בירושלים לממשלת ישראל ביח החולים הממשלתי בירישלים ...</div>"	spelled
847	hed19460215-01.1.11	15 February 1946	hed	Page 11	"<div class=""txtsearchsnippet"">יוגדל בית התולים למושבות הממשלה החליטה להרחיב את <b class=""highlightcolor"">בית החולים הממשלתי</b> למושבות ""הירקון"" בתל-אביב על ידי הוספת מספר ...</div>"	spelled
848	hed19481217-01.1.13	17 December 1948	hed	Page 13	"<div class=""txtsearchsnippet"">... סקוטי , חובב יהודים, שממלא תפקידים אחראיים, הוא מנהל <b class=""highlightcolor"">ביה""ח הממשלתי</b> ואחראי לדיור. הוא עזר לי בפתיחת בית החולים. ...</div>"	abbreviated
849	hegeh19430419-01.1.4	19 April 1943	hegeh	Page 4	"<div class=""txtsearchsnippet"">... ״E x emptar אחד אל האךכיון של תנועת העבודה. <b class=""highlightcolor"">בית חולים ממשלתי</b> למושבות מוסרים, שדגוךמים המסמכים דגים בשאלת פתיסת ...</div>"	indefinite
850	hegeh19440427-01.1.3	27 April 1944	hegeh	Page 3	"<div class=""txtsearchsnippet"">... יוג׳ין גוסנס. 5.55 חדשית. 8.00 תכנית ""כבקשתך"" מיוחדת לאחיות <b class=""highlightcolor"">בית החולים הממשלתי</b> בחיפה. 8.15 חדשות. 8.25 שיחה 'על מאירעות ...</div>"	spelled
851	hegeh19440906-01.1.4	6 September 1944	hegeh	Page 4	"<div class=""txtsearchsnippet"">... ערבי הנר ברח׳ אלנבי בחיעה חלה במחלת הדבר והעכר <b class=""highlightcolor"">?בית החולים הממשלתי</b> 3מןחד. זה המקרה ה־2 2 רחיפה (8 ...</div>"	spelled
852	hegeh19450516-01.1.3	16 May 1945	hegeh	Page 3	"<div class=""txtsearchsnippet"">... הסהר בארץ מכון לאסיר הערלי. המדור Abteiiung הארךשרא^י של <b class=""highlightcolor"">בית החולים הממשלתי</b> מכון גם הוא כלו לחולה הערבי. מחלקת ...</div>"	spelled
853	hegeh19450817-01.1.6	17 August 1945	hegeh	Page 6	"<div class=""txtsearchsnippet"">... ב ע כנת מונטיפיירי הובא Iליל ג׳ בחצות אל <b class=""highlightcolor"">בית־החולים הממשלתי</b> ומת ץם אתמול בצקר. ןנק3ע כי י"" מותו ...</div>"	maqaf
854	hegeh19460812-01.1.1	12 August 1946	hegeh	Page 1	"<div class=""txtsearchsnippet"">... ממשלתי ואחריו טכסי באו אתמדל ב־9 .45 אל שער <b class=""highlightcolor"">בית־ החולים הממשלתי</b> בשב׳ עג׳מי (בו שוכבים שלושה צעירים יהודים ...</div>"	spelled
855	hegeh19460813-01.1.1	13 August 1946	hegeh	Page 1	"<div class=""txtsearchsnippet"">... לירו#ללם: ,א־דיפעא"" מוסר, כי לאחך במיון ההתנפלות אתמול על <b class=""highlightcolor"">בית החולים הממשלתי</b> ב;פו, העברו שלשת הפצועים דרהודים לבית החולים ...</div>"	spelled
856	hegeh19460819-01.1.1	19 August 1946	hegeh	Page 1	"<div class=""txtsearchsnippet"">... וי. ארדשטיין, ידוע רק שהיה בבן 40, ולפי הודעת <b class=""highlightcolor"">בית החולים הממשלתי</b> מת מדלקת הריאות• שוחררו בערבות ■נח פרובר, ...</div>"	spelled
857	hegeh19460823-01.1.1	23 August 1946	hegeh	Page 1	"<div class=""txtsearchsnippet"">... למקום ומצאה 33 כדורים של נשק אוטומטי. מעפילות חולות <b class=""highlightcolor"">:בית החולים הממשלתי</b> אדית ריניץ, בת 13 ואליאונורה לוי, בת ...</div>"	spelled
858	hegeh19460916-01.1.1	16 September 1946	hegeh	Page 1	"<div class=""txtsearchsnippet"">משמד על <b class=""highlightcolor"">בית החולים הממשלתי</b></div>"	maqaf,spelled
859	hegeh19461101-01.1.1	1 November 1946	hegeh	Page 1	"<div class=""txtsearchsnippet"">משמרות על <b class=""highlightcolor"">בית החולים הממשלתי</b> בירושלים</div>"	spelled
860	hegeh19461212-01.1.2	12 December 1946	hegeh	Page 2	"<div class=""txtsearchsnippet"">... על החזקת נשק. לפצועים הוגשה עזרה ראשונה ע״י רופאי <b class=""highlightcolor"">בית החולים הממשלתי.</b> תערוכת השמורים תערוכת השימורים פתוחה עכשיו בבית ...</div>"	spelled
861	hegeh19470212-01.1.1	12 February 1947	hegeh	Page 1	"<div class=""txtsearchsnippet"">... הצבור ?השתתף בהלויה. ב־l o לפני הצהרים נתאספו לפני <b class=""highlightcolor"">בית־החולים הממשלתי</b> בבת־גלים משלחות מטעם הסוכנות היהודית, הקהילה העברית בחיפה, ...</div>"	maqaf
862	hegeh19470218-01.1.1	18 February 1947	hegeh	Page 1	"<div class=""txtsearchsnippet"">... הממשלתי וכמה אן־ שים חולים נלקחו לעתלית לאחר שנבךקו <b class=""highlightcolor"">?בית החולים הממשלתי.</b> סבורים כי האנ!ה</div>"	spelled
863	hegeh19470318-01.1.1	18 March 1947	hegeh	Page 1	"<div class=""txtsearchsnippet"">... פרשת המרגרינה וימסר אינפורמציה ב?׳־ גישה הבאה. מזל טובי <b class=""highlightcolor"">?בית החולים הממשלתי</b> ?חיפה נולדה אתמול בת למעפילה טובה לוי ...</div>"	spelled
864	hegeh19481009-01.1.2	9 October 1948	hegeh	Page 2	"<div class=""txtsearchsnippet"">שני פסיכיאטרים של <b class=""highlightcolor"">בית החולים הממשלתי</b> במונטריאל, קנדה, מ. פראדום וב. רודריק, מצאו ...</div>"	spelled
865	hhr19300411-01.1.3	11 April 1930	hhr	Page 3	"<div class=""txtsearchsnippet"">... אבסורד נטור. אילו היו שוכחים, למשל, הרופא והאחות של <b class=""highlightcolor"">בית החולים הממשלתי</b> בירושלים מתי הביאו את ההרוג הראשון, לא ...</div>"	spelled
866	hmf19390227-01.1.1	27 February 1939	hmf	Page 1	"<div class=""txtsearchsnippet"">... ?והנהג ועוזרו ראובן _קןפלן נהרגו מיד. _גופותיהם גלקתו לי <b class=""highlightcolor"">בית החולים הממשלתי</b> ומשם להןדםה ‭"" . ""‬ *_זםף גמרחי ...</div>"	spelled
867	hmf19390323-01.1.1	23 March 1939	hmf	Page 1	"<div class=""txtsearchsnippet"">... שהמועצה תקבל פה אחד הח־ למה, הדורשת להקים בתאאביב <b class=""highlightcolor"">בית־ חולים ממשלתי</b> , כי תל־אביב אינה גרועה יותר מהיפה ...</div>"	indefinite
868	hmf19390417-01.1.3	17 April 1939	hmf	Page 3	"<div class=""txtsearchsnippet"">... ממשלתי 4 בצפת‭... ‬ ד""ר א, ט. שטרגבדג, מנהל <b class=""highlightcolor"">בית החולים הממשלתי</b> בצפה הועבר לבית החולים הממשלתי בירושלים. צפת ...</div>"	spelled
869	hmf19390423-01.1.4	23 April 1939	hmf	Page 4	"<div class=""txtsearchsnippet"">אסופי בליל ששי נמצא ליד <b class=""highlightcolor"">בית־החולים הממשלתי</b> ילד בן 3 חדשים. זהותו טרם נקבעה‭-. ‬- ...</div>"	maqaf
870	hmf19400115-01.1.4	15 January 1940	hmf	Page 4	"<div class=""txtsearchsnippet"">... בחיפה יש בית חולים של הקהלה ויש שם גם <b class=""highlightcolor"">בית חולים ממשלתי</b> שעלה הוו רב בבנינו</div>"	indefinite
871	hmf19401205-01.1.1	5 December 1940	hmf	Page 1	"<div class=""txtsearchsnippet"">... גופות ' של גברים שהועברו יישר לחדר המתים של <b class=""highlightcolor"">בית החולים הממשלתי.</b></div>"	spelled
872	hmf19411007-01.1.4	7 October 1941	hmf	Page 4	"<div class=""txtsearchsnippet"">... חתנדב לצבא. משפחתו בהונגריה. גויתו הובאה לשם בדיקה אל <b class=""highlightcolor"">בית־ החולים הממשלתי</b> בחיפה ומשם — לכפר המכבי. במוצ""ש הובא ...</div>"	spelled
873	hmf19411028-01.1.2	28 October 1941	hmf	Page 2	"<div class=""txtsearchsnippet"">... כל מטה. או שנציע פתרון אחר: תפתח נא הממשלה <b class=""highlightcolor"">בית חולים ממשלתי</b> בת""א ותחזיקו כולו על חשבונה ואז נוכל ...</div>"	indefinite
874	hmf19411106-01.1.3	6 November 1941	hmf	Page 3	"<div class=""txtsearchsnippet"">... בבית החולים ""שערי־ צדק‭. ""‬של הד""ד וואלאך ר2 ב־ <b class=""highlightcolor"">בית החולים הממשלתי.</b></div>"	spelled
875	hmf19420127-01.1.4	27 January 1942	hmf	Page 4	"<div class=""txtsearchsnippet"">... תושבים (אם לקחת בחשבון את בית החולים ביילינסון ואת <b class=""highlightcolor"">בית החולים הממשלתי</b> בפרדס־ כ""ץ‭, (‬אבל ידוע שבאנגליה קיים מי־ ...</div>"	indefinite,spelled
876	hmf19420608-01.1.4	8 June 1942	hmf	Page 4	"<div class=""txtsearchsnippet"">... שהופיעה בעתובות, כי הממשלה עומדת להוסיף אגף חדש ל־ <b class=""highlightcolor"">בית החולים הממשלתי</b> למחלות מידבקות בירושלים, ביקש ד""ר מ. כ ...</div>"	spelled
877	hmf19420616-01.1.2	16 June 1942	hmf	Page 2	"<div class=""txtsearchsnippet"">... מצומצמים ושבגלל השקפיתיחם או מקצועם אינם חברים בקופות־חחולים הקימות. <b class=""highlightcolor"">בית החולים הממשלתי</b> , כתוצאה משיטתם הנפסדת והכושלת של חסידי ...</div>"	spelled
878	hmf19420623-01.1.4	23 June 1942	hmf	Page 4	"<div class=""txtsearchsnippet"">... ידונו בשאלת חחוםפטליזציח בפתח תקוח. יש כמד, תכניות: חקמת <b class=""highlightcolor"">בית חולים ממשלתי</b> , עירר ני;או בשתוף עם כמה גורמים ...</div>"	indefinite
879	hmf19420802-01.1.4	2 August 1942	hmf	Page 4	"<div class=""txtsearchsnippet"">... הזריקות תעשינה תיבם אין כסף. במקומות דלהלן : בירושלים: <b class=""highlightcolor"">בית החולים הממשלתי</b> , הקליניקה לגברים בכל שעות יום ד. ...</div>"	spelled
880	hmf19420805-01.1.3	5 August 1942	hmf	Page 3	"<div class=""txtsearchsnippet"">... הטיפוס בשביל הקהל במרכזי הבריאות של הממשלה בירושלים הן: <b class=""highlightcolor"">בית חולים ממשלתי</b> , מחלקת גברים בכל יום שני וחמישי ...</div>"	indefinite
881	hmf19421228-01.1.4	28 December 1942	hmf	Page 4	"<div class=""txtsearchsnippet"">... ‭L_ —‬ . כ‭1. !‬ הגב' מ־סקטנבליט מתה אתמול <b class=""highlightcolor"">‭::‬בית החולים הממשלתי</b> ממחלת הטיפוס. נותר, טפצעיה * , ביום ...</div>"	spelled
882	hmf19430507-01.1.6	7 May 1943	hmf	Page 6	"<div class=""txtsearchsnippet"">... להג"" דלה ניכרת. הם הביעו רק גכוטיתט לדר קים <b class=""highlightcolor"">בית חולים ממשלתי</b> בתל־אביב שישרת את הסביבה הסמוכה. השתלשלות־ענינים זז ...</div>"	indefinite
883	hmf19430616-01.1.4	16 June 1943	hmf	Page 4	"<div class=""txtsearchsnippet""><b class=""highlightcolor"">ביה'ח הממשלתי</b> _בבני־בול. יוגדל פ י ארבעה</div>"	abbreviated
884	hmf19431029-01.1.6	29 October 1943	hmf	Page 6	"<div class=""txtsearchsnippet"">בדצמבר ייפתח <b class=""highlightcolor"">ביה""ח הממשלתי</b> לחולי המושבות</div>"	abbreviated
885	hmf19431114-01.1.2	14 November 1943	hmf	Page 2	"<div class=""txtsearchsnippet"">... טרדן, אלא הדורש סדורים _חמריים. מר פרל לא נשלח <b class=""highlightcolor"">?בית החולים הממשלתי</b> יאשר בבית לחם‭'. ‬סוף -סוף, כאן ישנו ...</div>"	spelled
886	hmf19431118-01.1.3	18 November 1943	hmf	Page 3	"<div class=""txtsearchsnippet"">... בשעת נסיעתו ברח' שבתי לוי, נפצע &gt;שה והועבר ל־ <b class=""highlightcolor"">ביה""ח הממשלתי.</b> נוו0 באוטו אתמול דרס אוטו אלמוני, ערבי שעבר ...</div>"	abbreviated
887	hmf19431210-01.1.6	10 December 1943	hmf	Page 6	"<div class=""txtsearchsnippet"">... מקומו ימ?א ח. ו. קוק. , רצח ליד רמאללה <b class=""highlightcolor"">?בית החולים הממשלתי</b> בידוש* לים הובא פצוע _חוםיין עיסא מליד ...</div>"	spelled
888	hmf19431223-01.1.4	23 December 1943	hmf	Page 4	"<div class=""txtsearchsnippet""><b class=""highlightcolor"">בית־החולים הממשלתי</b> למושבות יופעל באמצע יבואר</div>"	maqaf
889	hmf19440220-01.1.4	20 February 1944	hmf	Page 4	"<div class=""txtsearchsnippet"">... המשטדה המרכזית ברחוב המלכים‭'. ‬הערבי נפצע קשה והועבר לי <b class=""highlightcolor"">בית החולים הממשלתי.</b> נעצרי _בממ ערבים _התשודיס בהתנקשות.</div>"	spelled
890	hmf19440223-01.1.4	23 February 1944	hmf	Page 4	"<div class=""txtsearchsnippet"">_איגמאיל אבו אל־חיי — י'אבאלייה. ע""י <b class=""highlightcolor"">ביה""ח הממשלתי‭.</b> (‬ מוהמד טולבה — רחוב בוזה• עבדול האםיק ...</div>"	abbreviated
891	hmf19440717-01.1.4	17 July 1944	hmf	Page 4	"<div class=""txtsearchsnippet"">... אחה""צ הוציאו פועל אחד נטול הכרה. הוא הועבר ל־ <b class=""highlightcolor"">ביה""ח הממשלתי</b> ביפו‭,. ‬בערך לפני * 6 הוצא הפועל השני ...</div>"	abbreviated
892	hmf19450123-01.1.4	23 January 1945	hmf	Page 4	"<div class=""txtsearchsnippet"">... מכונית מגן דוד אדום חעבידח לחדד המתים ' של <b class=""highlightcolor"">בית החולים הממשלתי</b> ערבי שנתחשמל בזרם חשמלי ברחוב המלכים ונהרג ...</div>"	spelled
893	hmf19450213-01.1.4	13 February 1945	hmf	Page 4	"<div class=""txtsearchsnippet"">... שמו אוסקר הרץ, מרח' אחד־ העם ‭. 11‬אמבולנס של <b class=""highlightcolor"">ביה""ח הממשלתי</b> העבירו במצב של חוסר הכרה לביה""ה. באגודה להשתלמות ...</div>"	abbreviated
894	hmf19450719-01.1.3	19 July 1945	hmf	Page 3	"<div class=""txtsearchsnippet"">... וחתך את צוארו בסכין. הפצוע הועבר במצב קשה ?ל' <b class=""highlightcolor"">ביה""ח הממשלתי</b> בחיפה. המתנקש ‭???? ? ??‬ נעל ם־</div>"	abbreviated
895	hmf19450821-01.1.4	21 August 1945	hmf	Page 4	"<div class=""txtsearchsnippet"">... _זןביב 35 הצריפים יוקמו על אדמת ווייס בקרי בת <b class=""highlightcolor"">בית החולים הממשלתי</b> ""הירקון""</div>"	spelled
896	hmf19451211-01.1.4	11 December 1945	hmf	Page 4	"<div class=""txtsearchsnippet"">... במקום. רובה שני מתוצרת בית נמצא כעבור שעה בקרבת <b class=""highlightcolor"">ביה""ח הממשלתי</b> בבית־לחם.</div>"	abbreviated
897	hmf19451225-01.1.4	25 December 1945	hmf	Page 4	"<div class=""txtsearchsnippet"">... ובין בת גלים והעיר, עד לתחנת הרכבת המזרחית ורחבת <b class=""highlightcolor"">ביה""ח הממשלתי.</b> שיפורים אלה היו כצננים בעיני שרות האוטובוסים הערבי ...</div>"	abbreviated
898	hmf19451231-01.1.4	31 December 1945	hmf	Page 4	"<div class=""txtsearchsnippet"">... פנימה מצאו את מנחם שמש מוטל מת. מכונית של <b class=""highlightcolor"">ביה""ח הממשלתי</b> העבירה את הגופה לבית החולים ביפו לשם בדיקה. ...</div>"	abbreviated
899	hmf19460201-01.1.8	1 February 1946	hmf	Page 8	"<div class=""txtsearchsnippet"">שלטונות הבריאות. החליטו להקים בתל־ אביב <b class=""highlightcolor"">'בית חולים ממשלתי</b> לישובי הדרום. כקשר לזה סיירו אתמול ד""ר ...</div>"	indefinite
900	hmf19460213-01.1.4	13 February 1946	hmf	Page 4	"<div class=""txtsearchsnippet"">... בשעה' 7 בערך הרגישו שני שוטרים בריטיים שסיידו ליד <b class=""highlightcolor"">בית החולים הממשלתי</b> ""הירקון‭""""‬ במכונית קטנה נוסעת בכביש ואחריה מכונית ...</div>"	spelled
901	hmf19460222-01.1.8	22 February 1946	hmf	Page 8	"<div class=""txtsearchsnippet"">... של ""סולל ‭, ""בונה‬ _הכמצאח בשטח הנמל המערבי, ליד <b class=""highlightcolor"">ביה""ח הממשלתי</b> בחיפה, עלתה באש ביוב ד' ב־‭10. 30‬ בערב. ...</div>"	abbreviated
902	hmf19460409-01.1.4	9 April 1946	hmf	Page 4	"<div class=""txtsearchsnippet"">... מיד טילפנו למשטרה על מקרה המוות וזו התקשרה עם <b class=""highlightcolor"">בית החולים הממשלתי</b> שישלחו אמבולנס למאפיה כדי להעביר את גופת ...</div>"	spelled
903	hmf19460426-01.1.1	26 April 1946	hmf	Page 1	"<div class=""txtsearchsnippet"">... למקום ההתקפה העבירו 4 חיילים הרוגים להדר המתים של <b class=""highlightcolor"">ביה""ח הממשלתי</b> ביפו. כשהובאו ההרוגים מצאו נהגי האמבולנסים ביפו שני ...</div>"	abbreviated
904	hmf19460515-01.1.4	15 May 1946	hmf	Page 4	"<div class=""txtsearchsnippet"">... להזדרז לקבל את הזריקות. לפי שמוסר הד""ר מלחי, מנהל <b class=""highlightcolor"">ביה""ח הממשלתי</b> למחלות מדבקות, הופיע הטיפוס השנה מוקדם וכבר בחדשי ...</div>"	abbreviated
905	hmf19460619-01.1.1	19 June 1946	hmf	Page 1	"<div class=""txtsearchsnippet"">... המשתתפים הוסעו בשעה ‭5. 30‬ אהה""צ מחדר המתים של <b class=""highlightcolor"">ביה""ח הממשלתי</b> בחיפה גופותיהם של 11 ההרוגים (שנפלו בהתקפות על ...</div>"	abbreviated
906	hmf19460626-01.1.4	26 June 1946	hmf	Page 4	"<div class=""txtsearchsnippet"">... בתי המלאכה של מסילות הברזל בחיפה, עזבה אתמול את <b class=""highlightcolor"">ביה""ח הממשלתי</b> והועברה לבית הסוהר הארעי</div>"	abbreviated
907	hmf19460701-01.1.4	1 July 1946	hmf	Page 4	"<div class=""txtsearchsnippet"">... והולך וטוב. הפצועים מקבלים את הטיפול הרפואי הרגיל של <b class=""highlightcolor"">בית החולים הממשלתי.</b></div>"	spelled
908	hmf19460716-01.1.4	16 July 1946	hmf	Page 4	"<div class=""txtsearchsnippet"">... לו יסוד לשער, כי פפנק, שהובא למחלקה הבריטית של <b class=""highlightcolor"">בית החולים הממשלתי</b> בחיפה בשבת בבוקר, הוא שנרשם שם תחת ...</div>"	spelled
909	hmf19460804-01.1.4	4 August 1946	hmf	Page 4	"<div class=""txtsearchsnippet"">... — בריטים, הודים וסיני — הועברו לביה""ח הצבאי ול־ <b class=""highlightcolor"">ביה""ח הממשלתי</b> 35 איש, כולם פצועים בצורות שונות‭21. ‬ אחרים ...</div>"	abbreviated
910	hmf19460812-01.1.4	12 August 1946	hmf	Page 4	"<div class=""txtsearchsnippet"">... בי""ח ממשלתי כפי שנודע לנו השתמשו הצעירים באמבולנס של <b class=""highlightcolor"">בית . החולים הממשלתי</b> ""הירקון"" בת""א. שנמצא עזוב ברחוב מזרחי ...</div>"	spelled
911	hmf19460814-01.1.4	14 August 1946	hmf	Page 4	"<div class=""txtsearchsnippet"">הוחזרה המכונית . המכונית בה השתמשו להתקפה על <b class=""highlightcolor"">בית החולים הממשלתי</b> ביפו, ושהוחזקה ע""י המשטרה, הוחזרה אתמול לבעליה. ...</div>"	spelled
912	hmf19460823-01.1.8	23 August 1946	hmf	Page 8	"<div class=""txtsearchsnippet"">... מאנית הגירוש ""אמפייר הייווד"" והועברו למחלקח למחלות מידבקות של <b class=""highlightcolor"">ביה""ח הממשלתי</b> בחיפה‭,. ‬ האניה שוקעת</div>"	abbreviated
913	hmf19460830-01.1.8	30 August 1946	hmf	Page 8	"<div class=""txtsearchsnippet"">... הגה מפיו. הוחזר לבית המשפט לאחר שנבדק ע""י רופאי <b class=""highlightcolor"">ביה""ח הממשלתי</b> הוחזר _מגחם אלקלעי ב־3 אחה""צ לבית המשפט בצירוף ...</div>"	abbreviated
914	hmf19460911-01.1.4	11 September 1946	hmf	Page 4	"<div class=""txtsearchsnippet"">... שינוי מכריע לרעד, ויש חשש לחייו. אתמול ניסו רופאי <b class=""highlightcolor"">ביה""ח הממשלתי</b> בירושלים להערות דם לעורק-ו, אך הוא התנגד בכל ...</div>"	abbreviated
915	hmf19460916-01.1.4	16 September 1946	hmf	Page 4	"<div class=""txtsearchsnippet"">... ברמלה ו־6 ביפו. אמצעי זהירות ליד ביה""ח הממשלתי ביפו <b class=""highlightcolor"">בית החולים הממשלתי</b> ביפו, שבו נמצאיב שלושת היהודים שנפצעו ביום ...</div>"	abbreviated,spelled
916	hmf19460919-01.1.1	19 September 1946	hmf	Page 1	"<div class=""txtsearchsnippet"">... כך מסר ד""ר פוןווייזל אתמול בשעה 9 בבוקר למנהל <b class=""highlightcolor"">ביה""ח הממשלתי</b> הדייר בישארה כאשר בא להודיעו על שחרורו. דייר ...</div>"	abbreviated
917	hmf19461003-01.1.4	3 October 1946	hmf	Page 4	"<div class=""txtsearchsnippet"">... הראשל מהרי""ם סולידאנו בלוית הרב כ. פ. סכורש את <b class=""highlightcolor"">בית החולים הממשלתי</b> הירקון. שם קיבלו את פניהם מ""מ המנהל ...</div>"	spelled
918	hmf19461114-01.1.4	14 November 1946	hmf	Page 4	"<div class=""txtsearchsnippet"">... רב וכוחות משטרה שהגיעו למקום הזעיקו את האמבולנס של <b class=""highlightcolor"">בית החולים הממשלתי</b> ובעזרת מספר שוטרים הועבר הערבי לביה""ח הממשלתי, ...</div>"	spelled
919	hmf19461124-01.1.1	24 November 1946	hmf	Page 1	"<div class=""txtsearchsnippet"">... הצעירים והצעירה למשרד הנ""ל ביפו והזמינו מכונית לאגרו־בנק. ע""י <b class=""highlightcolor"">ביה""ח הממשלתי</b> ביפו שלפו הצעירים אקדו־ חים. שנים מהם כפתו ...</div>"	abbreviated
920	hmf19461219-01.1.3	19 December 1946	hmf	Page 3	"<div class=""txtsearchsnippet"">... בעינים מתות ועצומות: עד שהגענו ל""מגרש הרוסים‭, ""‬שבמערבו עומד <b class=""highlightcolor"">בית החולים הממשלתי</b> ובמזרחו — בית הסוהר המרכזי. הטאנק והמכונית ...</div>"	spelled
921	hmf19461220-01.1.3	20 December 1946	hmf	Page 3	"<div class=""txtsearchsnippet"">... נפרד הרב לוין מאתנו והלך. היום בתא בית־הםוהר של <b class=""highlightcolor"">בית־החולים הממשלתי</b> חולף לאט יותר מאשר בכל מקום אחר. לאחר ...</div>"	maqaf
922	hmf19461225-01.1.4	25 December 1946	hmf	Page 4	"<div class=""txtsearchsnippet"">... כך נקבעה זהותו. גווית הנרצה הועברה לחדר המתים של <b class=""highlightcolor"">בית החולים הממשלתי</b> בפרדס כ""ץ. קודם לכן נלקחה טביעת אצבעות. ...</div>"	spelled
923	hmf19470505-01.1.4	5 May 1947	hmf	Page 4	"<div class=""txtsearchsnippet"">'־""•חשש שוא , צבי פינס, חבר הסמינריון שבקירבת <b class=""highlightcolor"">בית החולים הממשלתי</b> ""הירקון"" בת""א, הודיע אתמול ב־8 בבוקר למשטרה ...</div>"	spelled
924	hmf19470508-01.1.4	8 May 1947	hmf	Page 4	"<div class=""txtsearchsnippet"">... אריאב את תביעת המועצות המקומיות לפתוח מחלקת יולדות ליד <b class=""highlightcolor"">בית־החולים הממשלתי</b> ""הירקון"" בת""א. מחלקה זו עלולה לפתור במידת מה ...</div>"	maqaf
925	hmf19470511-01.1.4	11 May 1947	hmf	Page 4	"<div class=""txtsearchsnippet"">... — לכיה""ד הצכאי יצחק בוזגלו, בן ‭, 29‬עזב את <b class=""highlightcolor"">ביה""ח הממשלתי</b> בחיפה והובא בשבת לפני השופט דאוד יוסף כששתי ...</div>"	abbreviated
926	hmf19470512-01.1.4	12 May 1947	hmf	Page 4	"<div class=""txtsearchsnippet"">... בת כמה שעות נעלמה באורח מסתורי מחדר הילדים של <b class=""highlightcolor"">ביה""ח הממשלתי</b> בחיפה. התינוקת נולדה לערביה נוצריה נעמי מוניה חאג' ...</div>"	abbreviated
927	hmf19470514-01.1.4	14 May 1947	hmf	Page 4	"<div class=""txtsearchsnippet"">... המזרחי של _חיפח. חלקי הגוף הועברו להדר המתים של <b class=""highlightcolor"">ביה""ח הממשלתי</b> ושם קבעו כי החלקים האלה הורדו מגופה לפני ...</div>"	abbreviated
928	hmf19470516-01.1.7	16 May 1947	hmf	Page 7	"<div class=""txtsearchsnippet"">... מן המושבות הסמוכות לתל אביב תיפתח בעוד שבועיים ב־ <b class=""highlightcolor"">_בית־החולים הממשלתי</b> ""הירקון"" בת""א. מטרת המחלקה החדשה היא להקל על ...</div>"	maqaf
929	hmf19470518-01.1.4	18 May 1947	hmf	Page 4	"<div class=""txtsearchsnippet"">התינוקת שנעלמה בשבת שעברה מחדר הילדים של <b class=""highlightcolor"">ביה""ח הממשלתי</b> בחיפה נמצאה אתמול בריאה והוחזרה להוריה. התינוקת, שנולדה ...</div>"	abbreviated
930	hmf19470526-01.1.4	26 May 1947	hmf	Page 4	"<div class=""txtsearchsnippet"">... ודר, שנפצעו בשעת ההתקפה על בית־הסוהר. הם הועברו מ־ <b class=""highlightcolor"">_בית־החולים הממשלתי</b> בחיפה לבית הסוהר בעכו, במקום שהם נמצאים ללא ...</div>"	maqaf
931	hmf19470527-01.1.4	27 May 1947	hmf	Page 4	"<div class=""txtsearchsnippet"">... אחד הנאשמים, יעקב וים, שהובא ל־ ביד‭*'?‬ באמבולנס ורופא <b class=""highlightcolor"">ביה""ח הממשלתי</b> הד""ר קאהאן מסר כי אינו מסוגל לעמוד למשפט. ...</div>"	abbreviated
932	hmf19470601-01.1.4	1 June 1947	hmf	Page 4	"<div class=""txtsearchsnippet"">... הפצצה הראשונה התפוצצה בשעה ‭8. 21‬ במגרש ריק ליד <b class=""highlightcolor"">ביה''ח הממשלתי</b> והשניה ליד בית, אשר סבורים כי הוא בית ...</div>"	abbreviated
933	hmf19470606-01.1.2	6 June 1947	hmf	Page 2	"<div class=""txtsearchsnippet"">... ההלוויה בת רבבות המש־ תתפים הוסעו מחדר המתים של <b class=""highlightcolor"">ביה""ח הממשלתי</b> בחיפה גופותיהם של 11 הרוגים מההתקפה על סדנות ...</div>"	abbreviated
934	hmf19470611-01.1.4	11 June 1947	hmf	Page 4	"<div class=""txtsearchsnippet"">... ששירת בשעת המלחמה בצבא הבריטי , נתמנה כמגן מנהל <b class=""highlightcolor"">ביה""ח הממשלתי</b> בחיפה. — לרגל יום הולדת המלד ב־12 ביוני ...</div>"	abbreviated
935	hmf19470618-01.1.4	18 June 1947	hmf	Page 4	"<div class=""txtsearchsnippet"">דרך _ירושלים־יריחו. הפצועים הועבדו ל־ <b class=""highlightcolor"">ביה""ח הממשלתי</b> בירושלים.</div>"	abbreviated
936	hmf19470620-01.1.8	20 June 1947	hmf	Page 8	"<div class=""txtsearchsnippet"">... טיהור מחלקות הממשלה מעובדים יהודים קבלו השבוע שני רופאי <b class=""highlightcolor"">ביה""ח הממשלתי</b> בירושלים — הד""ר קא־ האן והד""ר אסטרייכר — ...</div>"	abbreviated
937	hmf19470716-01.1.4	16 July 1947	hmf	Page 4	"<div class=""txtsearchsnippet"">... מפקח משטרת הדר־הכרמל, י שגבה עדות מפי הנאשם ב־ <b class=""highlightcolor"">ביה""ח הממשלתי,</b> עדותי שלא נחתמה ע""י הנאשם מאחר שהוא לא ...</div>"	abbreviated
938	hmf19470721-01.1.1	21 July 1947	hmf	Page 1	"<div class=""txtsearchsnippet"">... בה נקבע מועד ההלויה — נתאסף קהל רב ליד <b class=""highlightcolor"">ביה""ח הממשלתי</b> בחיפה. שלוש הגופות הוצאו מחדר המתים כשהן עטופות. ...</div>"	abbreviated
939	hmf19470801-01.1.7	1 August 1947	hmf	Page 7	"<div class=""txtsearchsnippet"">' בהודעה שנתפרסמה אתמול ע""י. <b class=""highlightcolor"">ביה""ח הממשלתי</b> בחיפה נמסר כי מחמוד מוחמד ?שחאדי בן 21 ...</div>"	abbreviated
940	hmf19470812-01.1.4	12 August 1947	hmf	Page 4	"<div class=""txtsearchsnippet"">... על בית־ הסוהר — עדיין נמצאים באגף האסירים של <b class=""highlightcolor"">ביה""ח הממשלתי</b> בחיפה.</div>"	abbreviated
941	hmf19470928-01.1.8	28 September 1947	hmf	Page 8	"<div class=""txtsearchsnippet"">... בכדור. היו היחידים שזכו להישאר ב־ ארץ בין כתלי <b class=""highlightcolor"">ביה""ח הממשלתי.</b> נשאר עוד גבר אחד שהמעפילים קראו לו בשם ...</div>"	abbreviated
942	hmf19471008-01.1.4	8 October 1947	hmf	Page 4	"<div class=""txtsearchsnippet"">בבדיקה הסופית במעבדת <b class=""highlightcolor"">בית החולים הממשלתי</b> בחיפה נקבע כי הערבי הזקן שהו בא ...</div>"	spelled
943	hmf19471009-01.1.3	9 October 1947	hmf	Page 3	"<div class=""txtsearchsnippet"">... המחלקה הרפואית של המרב! השתתף בהתיעצות כללית של הנהלת <b class=""highlightcolor"">בית החולים הממשלתי</b> בענין הסדר האישפוז עבור המושבות. בהתיעצות וו ...</div>"	spelled
944	hmf19471020-01.1.4	20 October 1947	hmf	Page 4	"<div class=""txtsearchsnippet"">... מחמוד עלי אסאווה, בן ‭, 66‬שהועבר במצב קל ל־ <b class=""highlightcolor"">ביה""ח הממשלתי</b> בחיפה.</div>"	abbreviated
945	hmf19471026-01.1.4	26 October 1947	hmf	Page 4	"<div class=""txtsearchsnippet"">... מלכה גרנ""ייץ ושולמית שי?יר עודן נמצאות במחלק־ לנשים של <b class=""highlightcolor"">ביה""ח הממשלתי.</b> מביקורי הרב אריה לוין הרב אריה לוין ביקר ...</div>"	abbreviated
946	hmf19471103-01.1.4	3 November 1947	hmf	Page 4	"<div class=""txtsearchsnippet"">... הגופה הועלתה על מכונית משטרה והועברה לחדר המתים של <b class=""highlightcolor"">ביה""ח הממשלתי.</b> הבדיקה הראשונה הוכיחה כי הוא מת מיריה ביום ...</div>"	abbreviated
947	hmf19471113-01.1.1	13 November 1947	hmf	Page 1	"<div class=""txtsearchsnippet"">... בנין ביה""ח הממשלתי ביפו שמירה מעולה הוטלה על בנץ <b class=""highlightcolor"">בית החולים הממשלתי</b> ביפו כאשר הובאו לשם הגוויות והפצועים. שני ...</div>"	abbreviated,spelled
948	hmf19471116-01.1.4	16 November 1947	hmf	Page 4	"<div class=""txtsearchsnippet"">... ושיתק את _זרועור־נמצא תחת משמר כבד באגף האסירים של <b class=""highlightcolor"">ביה""ח הממשלתי</b> במגרש הרוסים.</div>"	abbreviated
949	hmf19471210-01.1.1	10 December 1947	hmf	Page 1	"<div class=""txtsearchsnippet"">... חמדצחים וכ־20 נפצעו. הרוגים ופצועים אלו לא הובאו ל־ <b class=""highlightcolor"">ביה""ח הממשלתי</b> מאחד שהערבים החליטו לקבור את קרבנותיחם בחשאי ואותו ...</div>"	abbreviated,maqaf
950	hmf19471212-01.1.8	12 December 1947	hmf	Page 8	"<div class=""txtsearchsnippet"">... דוממה וליפתא. שני ערבים פצועים הובאו מן הכפד ל־ <b class=""highlightcolor"">ביה""ח הממשלתי</b> בירושלים אמש בשעה מאותרת. כפי שנמסר, נכנסה קבוצה ...</div>"	abbreviated
951	hmf19471226-01.1.8	26 December 1947	hmf	Page 8	"<div class=""txtsearchsnippet"">... ערך אתמול ביקור של חג־ המולד במדור הבריטי של <b class=""highlightcolor"">ביה""ח הממשלתי</b> בירושלים וחילק מתנות לשוטרים החולים והפצועים שם. ערקו ...</div>"	abbreviated
952	hmf19471228-01.1.1	28 December 1947	hmf	Page 1	"<div class=""txtsearchsnippet"">גופתו של אדם כבן 40 הובאה אתמול ל־ <b class=""highlightcolor"">ביה""ח הממשלתי</b> בירושלים. היא נמצאו;מחוץ לביה'יח לבעלי חיים שבברכת השולטאן. ...</div>"	abbreviated
953	hmf19480108-01.1.1	8 January 1948	hmf	Page 1	"<div class=""txtsearchsnippet"">... אחד הנמלטים שגופתו המנוקבת כדורים . נמצאה על הגדר. <b class=""highlightcolor"">_!ביה""ח הממשלתי</b> זוהה אמרי כן כנסים בן :חיים בן ‭. ...</div>"	abbreviated
954	hmf19480112-01.1.4	12 January 1948	hmf	Page 4	"<div class=""txtsearchsnippet"">... נמםר כי במקום נמצאו חוטי חשמל שנםתיימו במור חצר <b class=""highlightcolor"">בית החולים הממשלתי</b> למחלות עינימ. מאיזיד, נהג האד טובום _ממפר ...</div>"	spelled
955	hmf19480119-01.1.4	19 January 1948	hmf	Page 4	"<div class=""txtsearchsnippet"">... שסבורים כי היו _יהה־יס. הערבים * הפצועים הועברו. ל־ <b class=""highlightcolor"">ביה""ח . הממשלתי</b> ביפו.</div>"	abbreviated
956	hmf19480123-01.1.8	23 January 1948	hmf	Page 8	"<div class=""txtsearchsnippet"">... הצליח להגיע ליעזור במקום שחיילים העבירו את הפצועים ל־ <b class=""highlightcolor"">ביה""ח הממשלתי</b> ביפו. 'בשעות הצהרים אירע מקרה נוסף באזור זה ...</div>"	abbreviated
957	hmf19480126-01.1.3	26 January 1948	hmf	Page 3	"<div class=""txtsearchsnippet"">... היהודי לט־ מוך על השוטרים הערבים הממונים על שמירת <b class=""highlightcolor"">בית החולים הממשלתי.</b> דרישות ואזהרות של באי־כוח הישוב לא נשאו ...</div>"	spelled
958	hmf19480128-01.1.4	28 January 1948	hmf	Page 4	"<div class=""txtsearchsnippet"">... ברגלו. מצב שניהם אינו קשה. הם הועברו לטיפול ל־ <b class=""highlightcolor"">ביה""ח הממשלתי.</b> נקמה פרטית? מחוגים שונים. סבורים כי ההתנקשות בשני ...</div>"	abbreviated
959	hmf19480205-01.1.2	5 February 1948	hmf	Page 2	"<div class=""txtsearchsnippet"">... מעשה . הזוועה שנעשה אתו ע""י הרופאים והאחיות של <b class=""highlightcolor"">בית־החולים הממשלתי</b> בירושלים שרצ־ _חוהו נפש בדם קר על שולחן ...</div>"	indefinite,maqaf
960	hmf19480205-01.1.3	5 February 1948	hmf	Page 3	"<div class=""txtsearchsnippet"">... אם כי חמשה ימים עבריו מאז מתה מפצעיה ב־ <b class=""highlightcolor"">ביה""ח הממשלתי.</b> בגלל צלב שנמצא עליה נרשמה בשעתו כנוצריה, אולם ...</div>"	abbreviated
961	hmf19480206-01.1.8	6 February 1948	hmf	Page 8	"<div class=""txtsearchsnippet"">... הרפואה הממשלתיים בארץ, לרבות האמבולנסים וכל הציוד הרפואי. גם <b class=""highlightcolor"">ביה""ח הממשלתי</b> בבית י צפפה נמציא כיום למעשה תחת י ...</div>"	abbreviated
962	hmf19480210-01.1.2	10 February 1948	hmf	Page 2	"<div class=""txtsearchsnippet"">... שהנהלת בית החולים ""ה דסה"" בירושלים נענתה לבקשה הנהלת <b class=""highlightcolor"">בית החולים הממשלתי</b> בנידון תרומת דב. השאלה היא: האם * ...</div>"	spelled
963	hmf19480218-01.1.3	18 February 1948	hmf	Page 3	"<div class=""txtsearchsnippet"">... נהג בריטי ושוטר ערבי שנסעו במכינית משטרה ליד ' <b class=""highlightcolor"">ביה""ח הממשלתי</b> בצפת, חטפי את המכונית ונעלמו בה. יש לציין, ...</div>"	abbreviated
964	hmf19480227-01.1.8	27 February 1948	hmf	Page 8	"<div class=""txtsearchsnippet"">... שאחד מהם "" היד. מזויין ב־ אקדח, כשחנתה ליד <b class=""highlightcolor"">ביה""ח הממשלתי</b> בצפת. נהג ערבי של מכונית של מח' העבודות ...</div>"	abbreviated
965	hmf19480318-01.1.4	18 March 1948	hmf	Page 4	"<div class=""txtsearchsnippet"">... 11 בבוקר בשכונת קטמון ע""י כדור. הוא נלקח 'ל־ <b class=""highlightcolor"">ביה""ח הממשלתי.</b> מצבו אינו רציני. יריות אל משוריין'משטרה מכונית משוריינת ...</div>"	abbreviated
966	hmf19480322-01.1.4	22 March 1948	hmf	Page 4	"<div class=""txtsearchsnippet""><b class=""highlightcolor"">בית החולים הממשלתי</b> ""הירקון"" בצפון תל־אביב עובר החל מ־1 באפריל ...</div>"	spelled
967	hmf19480419-01.1.4	19 April 1948	hmf	Page 4	"<div class=""txtsearchsnippet"">... את יתד _בתי־החולים בעיר. כן מתנהל מו""מ על העברת <b class=""highlightcolor"">ביה""ח הממשלתי</b> בצפת לידי הועה""ל. משרדי הבריאות המרכז הארצי לשרות ...</div>"	abbreviated
968	hmf19480425-01.1.4	25 April 1948	hmf	Page 4	"<div class=""txtsearchsnippet"">... ירו מבשק קל ותותחים על ""צלפים יהודיים"" באזור שייך־ג'ירח. <b class=""highlightcolor"">בית החולים הממשלתי</b> בירושלים - לידי הצלב האדום ההל מהיום ...</div>"	spelled
969	hmf19480428-01.1.4	28 April 1948	hmf	Page 4	"<div class=""txtsearchsnippet"">... קצינלםון על החלטת המוסדות להבטיח את קיומו הסדיר של <b class=""highlightcolor"">בית החולים הממשלתי</b> •לטובת האוכלוסיה בבלל והערבית בפרט, ההוא ביקש ...</div>"	abbreviated,spelled
970	hmf19480504-01.1.4	4 May 1948	hmf	Page 4	"<div class=""txtsearchsnippet"">... לב מיוחדת הוקדשה לבעיות מדואר. דיון על גורלו של <b class=""highlightcolor"">בית החולים הממשלתי</b> בחיפה ד""ר א. כצנלםון מטעם מחלקת הבריאות ...</div>"	spelled
971	hmf19480509-01.1.4	9 May 1948	hmf	Page 4	"<div class=""txtsearchsnippet"">... שיובל לטפל 'בקבורתם‭,. ‬כמו כן נמסר למשטרה כי גם <b class=""highlightcolor"">בית החולים הממשלתי</b> סגור.</div>"	spelled
972	hmf19480810-01.1.3	10 August 1948	hmf	Page 3	"<div class=""txtsearchsnippet"">... הלאה לעזרה לרבנות הראשית בסידור עניני הכשרות ועניני הדת. <b class=""highlightcolor"">בית החולים הממשלתי</b> למחלות מידבקות בפרדם כץ הוכשר כדין, ועכשיו ...</div>"	spelled
973	hmf19480830-01.1.2	30 August 1948	hmf	Page 2	"<div class=""txtsearchsnippet"">_, תקון טעות במועצת <b class=""highlightcolor"">בית החולים הממשלתי,</b> בית הטפר• לאחיות, במקום מועמדות שאינן בגיל ...</div>"	spelled
974	hmf19480922-01.1.4	22 September 1948	hmf	Page 4	"<div class=""txtsearchsnippet"">... התושבים נמצא בג'בליה (יפו) רח' •ב' מס' ‭, 12-141‬ליד <b class=""highlightcolor"">בית החולים 'הממשלתי.</b> האוטובוס (של דרום־יהודה) לג'בליה יוצא מהתחנה המרכזית, ...</div>"	spelled
975	hmf19480927-01.1.2	27 September 1948	hmf	Page 2	"<div class=""txtsearchsnippet"">... התושבים נמצא בג'בליה (יפו) דת' ב' מס' 141־12 ליד <b class=""highlightcolor"">בית החולים הממשלתי.</b> האוטובוס (של דרום יהודה) לג'בליה יוצא מהתהנה ...</div>"	spelled
976	hmf19481123-01.1.4	23 November 1948	hmf	Page 4	"<div class=""txtsearchsnippet"">... אמש בראדיו רמאללה, על השתלשלות הענינים שהביאה לידי מסירת <b class=""highlightcolor"">בית החולים הממשלתי</b> בירושלים ליד היהודים. בית חולים זה נמסר ...</div>"	spelled
977	hmf19481201-01.1.4	1 December 1948	hmf	Page 4	"<div class=""txtsearchsnippet""><b class=""highlightcolor"">בית החולים הממשלתי</b> בירושלים נמצא עתה בידי היהודים. בהסכם שנחתם ...</div>"	spelled
978	hmf19481220-01.1.4	20 December 1948	hmf	Page 4	"<div class=""txtsearchsnippet"">... דרכים אירעה אתמול בצהרים ליד הצטלבות פסי הרכבת בקירבת <b class=""highlightcolor"">בית החולים הממשלתי</b> בחיפה. קרונית קטנה התנגשה במכונית צבאית וכתוצאה ...</div>"	spelled
979	hrt19481128-01.1.4	28 November 1948	hrt	Page 4	"<div class=""txtsearchsnippet"">... את י-אןושרות לחוג *ת חגם לשובע־ — אמר המושל. <b class=""highlightcolor"">בית החולים הממשלתי</b> בחסות הצלב האדום ""ביחס לבית החולים הממשלתי ...</div>"	spelled
980	hrt19481220-01.1.4	20 December 1948	hrt	Page 4	"<div class=""txtsearchsnippet"">... דרכים אירעה ב־‭12. 30‬ אתמול, ליד מעבר! הרכבת שעי"" <b class=""highlightcolor"">ביה""ח הממשלתי.</b> , קרינ'־. ־:נינד התנגשה במכונית צכאיי;, ובדיצאר. מבן־ ...</div>"	abbreviated
981	hrte19480130-01.1.2	30 January 1948	hrte	Page 2	"<div class=""txtsearchsnippet"">... העיר העתיקה בירושלים. הוא הובא אל מערת הפריצים הנקראת <b class=""highlightcolor"">""בית חולים ממשלתי""</b> בירושלים ונמסר לטיפולם של אוכלי־ אדם הקוראים ...</div>"	indefinite
982	hzh19380128-01.1.1	28 January 1938	hzh	Page 1	"<div class=""txtsearchsnippet"">... לעזרה מרמלה הסמוכה ואחרי רגעים אחדים הגיע האמבולאנס: של <b class=""highlightcolor"">בית החולים . הממשלתי</b> אל מקום התאונה והעביר את שני: ...</div>"	spelled
983	hzh19380511-01.1.4	11 May 1938	hzh	Page 4	"<div class=""txtsearchsnippet"">... הוחלט על ביטוח פועלי העיריה וסלילת כביש שיוביל אל <b class=""highlightcolor"">בית החולים הממשלתי</b> החדש בקרבת בת גלים‭_}. ‬זכביש הזה יעלה ...</div>"	spelled
984	hzh19380614-01.1.4	14 June 1938	hzh	Page 4	"<div class=""txtsearchsnippet"">... _הםרגינט נפתלי גריבוב, את הקונצרטים השנתיים שלה בגן של <b class=""highlightcolor"">בית־ החולים הממשלתי</b> בכל יום חמישי בשעות ‭5. 30—4‬ אהת ...</div>"	spelled
985	hzh19380808-01.1.3	8 August 1938	hzh	Page 3	"<div class=""txtsearchsnippet"">... בלי מחלקה כירורגית הנחוצה במקרה אסון בימים טרופים אלה. <b class=""highlightcolor"">בית החולים הממשלתי</b> הנמצא בקצה הרובע הערבי המופקר לשלטונם הגמור ...</div>"	spelled
986	hzh19380819-01.1.1	19 August 1938	hzh	Page 1	"<div class=""txtsearchsnippet"">ושוטר ערבי שהעבירו את ההרוג אל <b class=""highlightcolor"">בית החולים הממשלתי.</b> עם רציחת השוטר נחטפו גם הנהג והמבקר. ...</div>"	spelled
987	hzh19381012-01.1.3	12 October 1938	hzh	Page 3	"<div class=""txtsearchsnippet"">... אוגוסט לאקוויר, המנהל כיום. את המכון הפי־ זי־טיראפי של <b class=""highlightcolor"">בית החולים הממשלתי</b> באנקארד‭—. ‬ לתלמידו הד""ר באלאשה, הרופא המנהל. ...</div>"	spelled
988	hzh19381025-01.1.1	25 October 1938	hzh	Page 1	"<div class=""txtsearchsnippet"">... משפחותיהם ?ומכריהם של. הנתלים. הגוויות הועברו לכפרם במכונית של <b class=""highlightcolor"">_בית־החולים הממשלתי‭:.</b> ‬</div>"	maqaf
989	hzh19381030-01.1.1	30 October 1938	hzh	Page 1	"<div class=""txtsearchsnippet"">... סל‭*;‬וז. _שריפח בבין!_וחזולמז ; בבית־צפפהי אמש פרצה שריפה ;בבנין <b class=""highlightcolor"">בית־ החולים הממשלתי</b> , שטרם נגמר, בבית בבית צפפה ליד ...</div>"	spelled
990	hzh19381113-01.1.5	13 November 1938	hzh	Page 5	"<div class=""txtsearchsnippet""><b class=""highlightcolor"">בית החולים הממשל_^תי</b> החדש</div>"	spelled
991	hzh19381219-01.1.1	19 December 1938	hzh	Page 1	"<div class=""txtsearchsnippet"">... ה. ־ מ. מק־מיכאל שישתתף בטכס •הפתיחה הרשמית של <b class=""highlightcolor"">בית?החולים הממשלתי</b> . בבת גלים, אשריתק . יים באותו ־ ...</div>"	maqaf
992	hzh19381227-01.1.1	27 December 1938	hzh	Page 1	"<div class=""txtsearchsnippet"">... הנציב העליון, מנהל שירותי הרפואה וראש עירית היפה בפתיחת <b class=""highlightcolor"">בית החולים הממשלתי</b> . בחיפה, שכידוע לא תורגמו לעברית. ו</div>"	spelled
993	hzh19381228-01.1.1	28 December 1938	hzh	Page 1	"<div class=""txtsearchsnippet"">... ביום ב' חנווני ערבי בשם קום־ _טדרםלימה בליל ברחוב <b class=""highlightcolor"">בית החולים הממשלתי</b> ביפו, הכריחו ' אותו לתזור יי •להנותו ...</div>"	spelled
994	hzh19390102-01.1.4	2 January 1939	hzh	Page 4	"<div class=""txtsearchsnippet"">... בשער‭2. 30, ‬ הוצא הארון מחדר המתים . של <b class=""highlightcolor"">בית החולים . הממשלתי</b> והונח במכונית משא פתוחה ""של המשטרה. ...</div>"	spelled
995	hzh19390124-01.1.4	24 January 1939	hzh	Page 4	"<div class=""txtsearchsnippet"">... ! תוצא לעבודות ציבוריות. גם המצב בנוגע;להשתתפות הממשלה בתקציב <b class=""highlightcolor"">בית־ ! החולים הממשלתי</b> ־ איננו מעודד ביותר. הוועד המנהל ...</div>"	spelled
996	hzh19390219-01.1.3	19 February 1939	hzh	Page 3	"<div class=""txtsearchsnippet"">... נמסרה ־ לקבלן‭.. ‬נמשכת. רק העבודה: בבנין ־‭:. ‬ <b class=""highlightcolor"">בית החולים הממשלתי</b> _בשכתתי_, מקור חיים־. וחלק הפועל העברי הובטח-בה. ...</div>"	spelled
997	hzh19390313-01.1.1	13 March 1939	hzh	Page 1	"<div class=""txtsearchsnippet"">... הנמל על יד השער מס - פר 12 בקרבת <b class=""highlightcolor"">בית החולים הממשלתי.</b> נורו אליו כשמונה יריות _שפגעו בו והר־ ...</div>"	spelled
998	hzh19390323-01.1.1	23 March 1939	hzh	Page 1	"<div class=""txtsearchsnippet"">... תובעת השתתפות מספיקה בתקציב בית החולים ־ וגם הקמת <b class=""highlightcolor"">בית חולים ממשלתי</b> בעיר. ה' שושני הציע לפנות בפטיציה לממשלה ...</div>"	indefinite
999	hzh19390620-01.1.1	20 June 1939	hzh	Page 1	"<div class=""txtsearchsnippet"">... גרמו לבהלה רבה. מכוניות משא הועברו בערימות הגופות אל <b class=""highlightcolor"">בית החולים הממשלתי.</b> אהרי העברת הקדמות הותקף בבית החולים הרוכל ...</div>"	spelled
1000	hzh19390901-01.1.4	1 September 1939	hzh	Page 4	"<div class=""txtsearchsnippet"">... במקרה י התקפות אוויר על י חיפה במקומות דלקמן: <b class=""highlightcolor"">בית החולים הממשלתי</b> החדש'משרד הבריאות- הישן, מרכז ‭""?‬מגן דוד‭, ""‬ ...</div>"	spelled
1001	hzh19391123-01.1.4	23 November 1939	hzh	Page 4	"<div class=""txtsearchsnippet"">... זו בדברים המים מאת מנהל מחלקת 'הבריאות 'בחיפה ומנהל <b class=""highlightcolor"">בית החולים הממשלתי</b> התר מק־טווין העוזב את חיפה לרגל העברתו ...</div>"	spelled
1002	hzh19400124-01.1.3	24 January 1940	hzh	Page 3	"<div class=""txtsearchsnippet"">... לא""י. אחריה מילא ' הד""ר איצקוביץ והד""ר גתנזון. אין <b class=""highlightcolor"">בית החולים הממשלתי</b> נותן בכלל עזרה רפואית־אמבולאנטורית אלא במקרי־תאונות, כמו ...</div>"	spelled
1003	hzh19400625-01.1.4	25 June 1940	hzh	Page 4	"<div class=""txtsearchsnippet"">... ""‬ ומרפאת ""הדסה‭:""‬ הישנה‭;. "" ;. ‬ . גם <b class=""highlightcolor"">;בית ? החולים הממשלתי,</b> הרוסי, _*הדסה‭.. ""‬ . החדש‭, (‬ ...</div>"	spelled
1004	hzh19410223-01.1.1	23 February 1941	hzh	Page 1	"<div class=""txtsearchsnippet"">... לבריאות בממשלת ליטה הזמניית התפטר ממשרתו ו_^מנה לראש י <b class=""highlightcolor"">בית החולים הממשלתי</b> לשחפת בקובנה.</div>"	spelled
1005	hzh19410608-01.1.3	8 June 1941	hzh	Page 3	"<div class=""txtsearchsnippet"">... שני שטחים נרחבים על שפת הים, האחד על יד <b class=""highlightcolor"">בית החולים הממשלתי</b> והשני בין תחנת הכוה של הברת החשמל ...</div>"	spelled
1006	hzh19420108-01.1.2	8 January 1942	hzh	Page 2	"<div class=""txtsearchsnippet"">י נפצע במדיה בבית מול <b class=""highlightcolor"">בית החולים הממשלתי</b> . ביה' * שלים פרצה מריבהבין ־ ...</div>"	spelled
1007	hzh19420112-01.1.4	12 January 1942	hzh	Page 4	"<div class=""txtsearchsnippet"">... ביפו, תרם אלף לא‭''‬י לשם בגין אגף יולדות ליד <b class=""highlightcolor"">בית החולים הממשלתי</b> ביפו. מוצטאפא אבו זייד תרם למטרד, זו ...</div>"	spelled
1008	hzh19420216-01.1.2	16 February 1942	hzh	Page 2	"<div class=""txtsearchsnippet"">... . 'בת? ‭9. ‬ י זחצי , :שהועברה אל. <b class=""highlightcolor"">בית־ החולים _הממשלתי</b> :ומתה. י ;י נשבחה לו תיל . ...</div>"	spelled
1009	hzh19420317-01.1.3	17 March 1942	hzh	Page 3	"<div class=""txtsearchsnippet"">... זד, עשר י שנים עושקת בתכנית של י הקמת <b class=""highlightcolor"">בית 'חולים ממשלתי‭',</b> ‬והענין אינו חישוב: ' בתכנית המרי ־ ...</div>"	indefinite
1010	hzh19420805-01.1.1	5 August 1942	hzh	Page 1	"<div class=""txtsearchsnippet"">... —;'‬ בבוקר עד ‭, 1‬ו־‭6—3‬ אתריהצהרים!מחלקת הנשים : של <b class=""highlightcolor"">בית החולים הממשלתי,</b> בימים ב' !ות' ‭6—3‬ ־ אתרי הצהרים, ...</div>"	spelled
1011	hzh19420925-01.1.4	25 September 1942	hzh	Page 4	"<div class=""txtsearchsnippet"">... מוכן לבדוק את הענין. בקשר להרחבת בית החולים העירוני, <b class=""highlightcolor"">בית‭,, ‬החולים הממשלתי</b> למחלות מידבקות והסיכוי• לפתרון קרוב של בית ...</div>"	spelled
1012	hzh19430330-01.1.4	30 March 1943	hzh	Page 4	"<div class=""txtsearchsnippet"">... כסעיף"" ‭&amp;?‬שנה בתקציב. הסוציאלי. לפי דעתו, גם אחרי הקמת <b class=""highlightcolor"">בית החולים ?הממשלתי</b> החדש יהיה צורך לפחות ב ־ 50 ...</div>"	spelled
1013	hzh19430624-01.1.5	24 June 1943	hzh	Page 5	"<div class=""txtsearchsnippet"">... פאטה הקריא את עדותם של _הנאשמים בחקירה הראשוונה. רופא <b class=""highlightcolor"">בית החו_!לים הממשלתי</b> ביפו ד""ר •בי־ שארה מוסר את _עדחתו ...</div>"	spelled
1014	hzh19430713-01.1.6	13 July 1943	hzh	Page 6	"<div class=""txtsearchsnippet"">, אל <b class=""highlightcolor"">בית החולים . הממשלתי</b> למחלות 'מדבקות הועבר :במוצאי שבת אדם. ...</div>"	spelled
1015	hzh19430921-01.1.2	21 September 1943	hzh	Page 2	"<div class=""txtsearchsnippet"">... וגם לעי ריית• מדוע אין תל אביב זכאית לקיבל <b class=""highlightcolor"">בית חולים ממשלתי</b> לפחיות כמו חייפר‭', ‬• ןעליונ לר י ...</div>"	indefinite
1016	hzh19431107-01.1.3	7 November 1943	hzh	Page 3	"<div class=""txtsearchsnippet"">... מ למושבות להלן מסר היושב ראש פרטים על פתיחת <b class=""highlightcolor"">בית־־החולים הממשלתי</b> שיוקם בתל־אביב בשביל המושבות העבריות. בזה כלולה גם ...</div>"	maqaf
1017	hzh19440223-01.1.4	23 February 1944	hzh	Page 4	"<div class=""txtsearchsnippet"">... דייק — רחוב מיבטיפיודי ‭. 48‬ • _־&gt;ע""י, . <b class=""highlightcolor"">ביה""ח, הממשלתי‭..</b> (‬• י• י ‭:, ‬ אירי לדרמו — ...</div>"	abbreviated
1018	hzh19440427-01.1.4	27 April 1944	hzh	Page 4	"<div class=""txtsearchsnippet"">... בניצוחו• של יוג'ין גוםנסז 8 תכנית ""כבקשתל"" מיוחדת לאחיות <b class=""highlightcolor"">בית 'החולים הממשלתי</b> 'בהיפהז ‭8. 25‬ שיחל. על 'מאורעות היום‭8. ...</div>"	spelled
1019	hzh19440507-01.1.3	7 May 1944	hzh	Page 3	"<div class=""txtsearchsnippet"">... חולד, בבית הולים _ו־9 לא""י כל ""חוםה"" םכתי המחסה. <b class=""highlightcolor"">בית החולים הממשלתי</b> בבית לחם הוא תמיד גדוש ער אפס ...</div>"	spelled
1020	hzh19440804-01.1.6	4 August 1944	hzh	Page 6	"<div class=""txtsearchsnippet"">... אין לקוות מסיכה וו - או אחרת, להרחבתם. הנה <b class=""highlightcolor"">ביה""ח הממשלתי</b> בבית _לח_^ המכיל כ־150 מטות ובכלל זה בערך ...</div>"	abbreviated
1021	hzh19440821-01.1.4	21 August 1944	hzh	Page 4	"<div class=""txtsearchsnippet"">... •מעלה שלוש, יעקב שיפי־ רא, ד""ר שיטרוק, שנתמנה למנהל <b class=""highlightcolor"">בית החולים הממשלתי</b> באדים־אבבה ואחרים. מתבקש בבאנק אפ""ק בת""א נתקבלה ...</div>"	spelled
1022	hzh19440829-01.1.4	29 August 1944	hzh	Page 4	"<div class=""txtsearchsnippet"">... מקיבוץ אילון הובא במצב רציני לבית החולים רוטשילד. אל <b class=""highlightcolor"">בית החולים הממשלתי</b></div>"	spelled
1023	hzh19441016-01.1.4	16 October 1944	hzh	Page 4	"<div class=""txtsearchsnippet"">... יי בין שלושת חולי הדבר שהובאו בימים אלה למבדדת <b class=""highlightcolor"">?ביה""ח הממשלתי</b> 2 ילדים ערבים 'מארר־אל־יהוד. השלישי — שומר יהודי ...</div>"	abbreviated
1024	hzh19441026-01.1.3	26 October 1944	hzh	Page 3	"<div class=""txtsearchsnippet"">... שלא יובאו בו חולה או חולים חדשים למיבדדה של <b class=""highlightcolor"">בית החולים הממשלתי.</b> עשרות קרבנות נפלו בחי־ פה מבין כל ...</div>"	spelled
1025	hzh19450227-01.1.3	27 February 1945	hzh	Page 3	"<div class=""txtsearchsnippet"">... בולטות של קיפוח תל אביב מצד הממשלה!•אין בתל אביב <b class=""highlightcolor"">בית חולים ממשלתי</b> , אין משטרה בתל אביב!העי־ דיה, עשתה ...</div>"	indefinite
1026	hzh19450330-01.1.6	30 March 1945	hzh	Page 6	"<div class=""txtsearchsnippet"">... ‬ומשערים, שהשלד !הוא, ‭!. ‬של0 !מהרבנות ?הראשית מודיעים לנו: <b class=""highlightcolor"">בית החולים הממשלתי,</b> הירקון הוכשר כדין . לפסח. משחת שגימ ...</div>"	spelled
1027	hzh19450417-01.1.4	17 April 1945	hzh	Page 4	"<div class=""txtsearchsnippet"">... החדש לפיקוח , על מבוגרים — לעמוד תחת _סיקוח <b class=""highlightcolor"">בית החולים הממשלתי</b> לחולי רות במשך שנתיים ועליו להופיע לבדיקה ...</div>"	spelled
1028	hzh19451111-01.1.4	11 November 1945	hzh	Page 4	"<div class=""txtsearchsnippet"">... באחד מעובדי בית חרושת ""קרמן‭. ""‬ הועבר ל י <b class=""highlightcolor"">בית החולים הממשלתי.</b> לחיילים ותיילות הערב בי8 במועדון החייל רח' ...</div>"	spelled
1029	hzh19460122-01.1.1	22 January 1946	hzh	Page 1	"<div class=""txtsearchsnippet"">... מככר-אלנבי לאורך מזרחם של הגנים העירוניים ודרך השער של <b class=""highlightcolor"">בית החולים הממשלתי.</b></div>"	spelled
1030	hzh19460515-01.1.3	15 May 1946	hzh	Page 3	"<div class=""txtsearchsnippet"">... לקכל את הזריקות. לפי שמוסר הדיר מלחי ' מנהל <b class=""highlightcolor"">ביה""ח הממשלתי</b> לי - _ית־ לות מדקות' הופיע הטיפוס השנה ...</div>"	abbreviated
1031	hzh19460701-01.1.3	1 July 1946	hzh	Page 3	"<div class=""txtsearchsnippet"">... והולך וטוב. הפצועים מקבלים את הטיפול הרפואי הרגיל של <b class=""highlightcolor"">בית החולים הממשלתי.</b></div>"	spelled
1032	hzh19460705-01.1.1	5 July 1946	hzh	Page 1	"<div class=""txtsearchsnippet"">... הודיעו שלושה מעולי ""בי־ ־ייה"" למשלחת הרפואית שביקרה אצלם <b class=""highlightcolor"">:בית החולים הממשלתי</b> בחיפה. בדיקה יסודית הוכיחה כי אין זד, ...</div>"	spelled
1033	hzh19460811-01.1.4	11 August 1946	hzh	Page 4	"<div class=""txtsearchsnippet"">... בית הספר לאהיות יופנה' בית החולים לאחיות , של <b class=""highlightcolor"">בית החולים הממשלתי:</b> יפונה בקרוב • ומעבד J לבנין הבולשת ...</div>"	spelled
1034	hzh19460812-01.1.4	12 August 1946	hzh	Page 4	"<div class=""txtsearchsnippet"">... רשמית אומרת, כי אתמול נ‭9. 25-‬ בבוקר הופיעה ליד <b class=""highlightcolor"">בית החולים הממשלתי</b> ביפו מכונית, שנראית כאמבו־ לאנס ממחלקת י ...</div>"	spelled
1035	hzh19460815-01.1.1	15 August 1946	hzh	Page 1	"<div class=""txtsearchsnippet"">... משרדי השל־ טון, כמו בתי הדין הנמצאים-בתוך דחבת הרוסים, <b class=""highlightcolor"">בית החולים הממשלתי</b> ועוד. בדעת השלטונות להעביד את• המשרדים ואת ...</div>"	spelled
1036	hzh19460815-01.1.4	15 August 1946	hzh	Page 4	"<div class=""txtsearchsnippet"">... והועבר !בראשית השבוע מטעמי בטחון(ל־ אחר נסיון ההתקפה על <b class=""highlightcolor"">בית •החולים הממשלתי</b> ביפו על ידי אצ‭''‬ל) לבית החולים הממשלתי ...</div>"	spelled
1037	hzh19460823-01.1.8	23 August 1946	hzh	Page 8	"<div class=""txtsearchsnippet"">... של •בעל בית מרקחת ידוע בחיפה, הובאה. אתמול אל <b class=""highlightcolor"">בית ?החולים . הממשלתי</b> לאחר שיריה מרוגהו פגעה 'בו 'בתחנת ...</div>"	spelled
1038	hzh19460904-01.1.4	4 September 1946	hzh	Page 4	"<div class=""txtsearchsnippet"">... שהשתתפו בהוצאת הגוויות מתחת להריסות וכן גם ?הרופא •של <b class=""highlightcolor"">בית החולים _הממשלתי</b> בירושלימ. ?• • מאת קרן 'היסוד עם ...</div>"	spelled
1039	hzh19460919-01.1.1	19 September 1946	hzh	Page 1	"<div class=""txtsearchsnippet"">... מה לפני השעה 1 בצהרים נכנס• הרופא הראשי של <b class=""highlightcolor"">בית החולים 'הממשלתי</b> בירושלים והודיע לד""ר פון ווייזל על ההחלטה ...</div>"	spelled
1040	hzh19461003-01.1.3	3 October 1946	hzh	Page 3	"<div class=""txtsearchsnippet"">... הראשי מהרי""ם טולידאנו בלוויית הרב כ. פ. טכורש את <b class=""highlightcolor"">בית החולים הממשלתי</b> היד־ -קון. שם. קיבלו את פניהם מ""מ ...</div>"	spelled
1041	hzh19461115-01.1.8	15 November 1946	hzh	Page 8	"<div class=""txtsearchsnippet"">... בבוקר בשעת פיצוץ הרכבת בקרבת שכ' התקווה מת ?מפצעיו <b class=""highlightcolor"">בית החולים הממשלתי</b> ביפו, הוא היה מוחמד איברהים נורי מלוד.</div>"	spelled
1042	hzh19461121-01.1.4	21 November 1946	hzh	Page 4	"<div class=""txtsearchsnippet"">... טומיגאן שוטר בריטי ישב במגרש הרוסים בירושלים, מול דלת <b class=""highlightcolor"">בית החולים הממשלתי</b> ""וטיפל"" ב-טומ־ גאן שלי• • . ופלטה ...</div>"	spelled
1043	hzh19461126-01.1.4	26 November 1946	hzh	Page 4	"<div class=""txtsearchsnippet"">... מצודת ירושלים לעברמכונית י שעברה ליד המדור הבריטי של <b class=""highlightcolor"">בית־החולים הממשלתי.</b> עם האזעקה נפסקה התנועה בעיר, והשמירה על המצודה ...</div>"	maqaf
1044	hzh19461127-01.1.1	27 November 1946	hzh	Page 1	"<div class=""txtsearchsnippet"">... וויגור‭.. 5. ""‬הולים הועברו לבית החולים ביעטלית וחמשה 'אל <b class=""highlightcolor"">בית החולים הממשלתי.</b> לדגרי :_אזןד ‭?*‬נןעפיל""ם שאתו הצלחתי י לקשור ...</div>"	spelled
1045	hzh19470117-01.1.8	17 January 1947	hzh	Page 8	"<div class=""txtsearchsnippet"">... מגן־ דוד אדום 'לבית החולים רוטשילד בחיפה. עזבו את <b class=""highlightcolor"">בית ?החולים הממשלתי</b> עור 2 ערבים מפצועי ההתקפה' על מרכז ...</div>"	spelled
1046	hzh19470119-01.1.4	19 January 1947	hzh	Page 4	"<div class=""txtsearchsnippet"">... הניידת ‭, :‬ערביות. הבניין _יסופח למחלקה הבריטית י של <b class=""highlightcolor"">בית החולים הממשלתי</b> ?הסמוך למגרש הרוסים‭.. ‬• אגף זה שיחובר ...</div>"	spelled
1047	hzh19470210-01.1.3	10 February 1947	hzh	Page 3	"<div class=""txtsearchsnippet"">... . מול נוטר דאב! ברחוב _ג סוילימן, ב) מול <b class=""highlightcolor"">בית החולים הממשלתי,</b> רחוב יפו. ג) מול מפקדת המשטרה, רחוב ...</div>"	spelled
1048	hzh19470212-01.1.1	12 February 1947	hzh	Page 1	"<div class=""txtsearchsnippet"">... והוא *גינו מכירו אלא . על פי תצלום. רופא <b class=""highlightcolor"">בית החולים _הממשלתי</b> אומר""־שברגעיו האחרונים הע־ לד' אתי שם אשתו ...</div>"	spelled
1049	hzh19470305-01.1.3	5 March 1947	hzh	Page 3	"<div class=""txtsearchsnippet"">... ‭. ;(16‬ מנהל?־מחלקת?•הבריאות- הממשלתית• בתל־אביב ד""ר' חך (מס' ‭;(18‬י <b class=""highlightcolor"">בית ? החולים ' הממשלתי</b> בפרדס כץ (מס‭"" ::. (!9_^‬ ...</div>"	spelled
1050	hzh19470501-01.1.4	1 May 1947	hzh	Page 4	"<div class=""txtsearchsnippet"">... המכיל את מפקדת המשטרה, בית הטוהר הפרכזי, הדואר הראשי‭', <b class=""highlightcolor"">‬בית החולים הממשלתי‭(,</b> ‬יעוד. כפי שמשערים הוקמו גציבי המלט‭), ‬המכונים ...</div>"	spelled
1051	hzh19470514-01.1.4	14 May 1947	hzh	Page 4	"<div class=""txtsearchsnippet"">... המקרה. שוטר הופקד על המקום. הגופה הובאה ל י <b class=""highlightcolor"">בית החולים הממשלתי.</b> מורה הותקף על ידי אלמונים ב־12 למאי ...</div>"	spelled
1052	hzh19470516-01.1.1	16 May 1947	hzh	Page 1	"<div class=""txtsearchsnippet"">... את מגרש הרוסים בלב ירושלים, שבו מאוכסנים מפקדת המשטרה, <b class=""highlightcolor"">בית החולים הממשלתי</b> , בית הסוהר המרכזי, משרדי ההגי-</div>"	spelled
1053	hzh19470610-01.1.4	10 June 1947	hzh	Page 4	"<div class=""txtsearchsnippet"">... של הלגיון הערבי בבת . גלים, בקרבת הסיבוב אל <b class=""highlightcolor"">ביה""ח הממשלתי.</b> הבניינים פונו מיד. משמרות חיילים מהדיוויזיה השישית המוטסת ...</div>"	abbreviated
1054	hzh19470720-01.1.1	20 July 1947	hzh	Page 1	"<div class=""txtsearchsnippet"">... פצועים וחולים בהם גם נטולי הכר‭, :!‬ הועברו אל <b class=""highlightcolor"">בית החולים הממשלתי</b> 17• גברים, 10 נשים וילד אחד. יחד ...</div>"	spelled
1055	hzh19470724-01.1.4	24 July 1947	hzh	Page 4	"<div class=""txtsearchsnippet"">... של אברהם !בן־ייוסף לבקר אותו במחלקת תא־ סירים של <b class=""highlightcolor"">בית החולים הממשלתי.</b> המש־ טרה הודיעה עליו שלשום בלילה שהוא ...</div>"	spelled
1056	hzh19470921-01.1.4	21 September 1947	hzh	Page 4	"<div class=""txtsearchsnippet"">... אונטרמאן והר""מ טולידאנו •בלווית הרב כ. פ. טכורש את <b class=""highlightcolor"">בית . החולים הממשלתי</b> ""הירקון‭. ""‬קבלו אותם המנהל דיר פטש ...</div>"	spelled
1057	hzh19471002-01.1.3	2 October 1947	hzh	Page 3	"<div class=""txtsearchsnippet"">... 'בבית החולים ""אסותא"" מפקח מיוחד. אנו מטפלים עכשיו בהכשרת <b class=""highlightcolor"">•בית החולים הממשלתי</b> בפרדס כץ‭. . ‬</div>"	spelled
1058	hzh19471029-01.1.4	29 October 1947	hzh	Page 4	"<div class=""txtsearchsnippet"">... בתחומי איזור _הבטחון, שישמשו אגף נוסף למהלקד‭, ?‬הבריטית של <b class=""highlightcolor"">בית . החולים הממשלתי</b> הסמוך. כזכור, הועברו משרדי חברת ""של"" ...</div>"	spelled
1059	hzh19471103-01.1.1	3 November 1947	hzh	Page 1	"<div class=""txtsearchsnippet"">... מכדורים ככברה בכל גופו הועבר תתת משמר חזק אל <b class=""highlightcolor"">בית החולים הממשלתי</b> המ־לכ של גסיסה. בקרבת מקום נעצרה מכונית ...</div>"	spelled
1060	hzh19471116-01.1.4	16 November 1947	hzh	Page 4	"<div class=""txtsearchsnippet"">... בשכבו מתבוסס בדמו. השוטר השלישי הובא למחלקה הבריטית של <b class=""highlightcolor"">בית החולים הממשלתי</b> . מצבו אנוש. סבורים שהיריות נורו מפתה ...</div>"	spelled
1061	hzh19471126-01.1.4	26 November 1947	hzh	Page 4	"<div class=""txtsearchsnippet"">... שוסרימ בקפה האז ב־12 לת. ו, הבריא ועוב את <b class=""highlightcolor"">בית החולים הממשלתי.</b> כעבור כמה שעות לפנות בוקר הוזעקו הנ""ל ...</div>"	spelled
1062	hzh19471207-01.1.1	7 December 1947	hzh	Page 1	"<div class=""txtsearchsnippet"">... לו פצעים קשים והועבר יחד עם הערני 'הנדרס אל <b class=""highlightcolor"">בית החולים הממשלתי.</b> ערבים הציתו מחסן בחיפה ברחוב ספאנטון 36 ...</div>"	spelled
1063	hzh19471214-01.1.1	14 December 1947	hzh	Page 1	"<div class=""txtsearchsnippet"">... ושברי זכוכית ושברי בנין. מיד הוזעקו למקום אמבולאנפים של <b class=""highlightcolor"">בית החולים הממשלתי</b> ביפו ומכוניות שהחלו בהעברת הפצועים הרבים. נהרגו ...</div>"	spelled
1064	hzh19471215-01.1.1	15 December 1947	hzh	Page 1	"<div class=""txtsearchsnippet"">... '20‬גו&gt; במחלת עצבים' גווייתו הועברה אל הדר המתיםישל ? <b class=""highlightcolor"">בית החולים הממשלתי</b> בפרדס כץ. אה־ כך :ודע כי שמו ...</div>"	spelled
1065	hzh19471219-01.1.1	19 December 1947	hzh	Page 1	"<div class=""txtsearchsnippet"">... ורק ‭, '‬ ־פצוע עלי שאקר ‭15 p‬ הועבר <b class=""highlightcolor"">/בית החולים הממשלתי</b> והנוטר הערבי שהעבירו לשם הודיע כי הוא ...</div>"	spelled
1066	hzh19471223-01.1.1	23 December 1947	hzh	Page 1	"<div class=""txtsearchsnippet"">... שעברה נשרפה על ידי ערבים במוצאי שבת במגרש שמאחורי <b class=""highlightcolor"">בית החולים הממשלתי</b> בצפת. עובדה זו הגבי י -ה את ...</div>"	spelled
1067	hzh19480101-01.1.4	1 January 1948	hzh	Page 4	"<div class=""txtsearchsnippet"">... מכוניות טקסי ציבוריות, 8 ו V ו ‭_1&lt;‬ת»ול _6ו1ד. <b class=""highlightcolor"">בית החולים הממשלתי</b> כמישה מכל היהודים שנמצאו שפ. ‭, ( ...</div>"	spelled
1068	hzh19480106-01.1.1	6 January 1948	hzh	Page 1	"<div class=""txtsearchsnippet"">הערבים עזבו את <b class=""highlightcolor"">בית החולים ‭'. :?. ‬הממשלתי</b> ‭.. ‬ הפקידים הערביים של ...</div>"	spelled
1069	hzh19480108-01.1.3	8 January 1948	hzh	Page 3	"<div class=""txtsearchsnippet"">מצג עובדי כית _החוליפ הממשלתי כידוע מובטלים עובדי <b class=""highlightcolor"">בית החולים הממשלתי</b> היהודים, אתיות ורופאים‭3, ‬ג־ לל מצב הבטחון ...</div>"	spelled
1070	hzh19480114-01.1.1	14 January 1948	hzh	Page 1	"<div class=""txtsearchsnippet"">... 'שתי גוויות יהודים ‭(?)‬ שלא זוהו בחדר המתים של <b class=""highlightcolor"">בית החולים הממשלתי</b> בחי - פה מוטלות . שתי גוויות ...</div>"	spelled
1071	hzh19480115-01.1.1	15 January 1948	hzh	Page 1	"<div class=""txtsearchsnippet"">... י 5 פצועיפ עדביפ 5 פצועים ערבים •הוכאו אל <b class=""highlightcolor"">בית החולים הממשלתי‭</b> -. ‬מההתפוצצות במרכז המסחרי החדש ז־4 נפצעו, ...</div>"	spelled
1072	hzh19480119-01.1.4	19 January 1948	hzh	Page 4	"<div class=""txtsearchsnippet"">... או גינוי הרצח ' השפל של ד""ר להר, מנהל <b class=""highlightcolor"">ביה""ח הממשלתי</b> של ? ביתצפפה, בשעת_^עבודתו, היא י מצאה לנכון ...</div>"	abbreviated
1073	hzh19480130-01.1.1	30 January 1948	hzh	Page 1	"<div class=""txtsearchsnippet"">... כביש חולון בדךמ לתל אבי_^ בהגיעו להצ־ טלבות שליד <b class=""highlightcolor"">בית החולים הממשלתי</b> לו_^לי־רוח ניתכו עליו יריות. אחת הנוסעות נפגעה ...</div>"	spelled
1074	hzh19480209-01.1.1	9 February 1948	hzh	Page 1	"<div class=""txtsearchsnippet"">... לבלר א־שייך (פרבר בחיפה) והשניה למחנה . הנאפ""י שע""י <b class=""highlightcolor"">בית •החולים הממשלתי.</b> מופרנו. מודיע: במחנה הלגיון הערבי שפונה בשבת, ...</div>"	spelled
1075	hzh19480209-01.1.4	9 February 1948	hzh	Page 4	"<div class=""txtsearchsnippet"">... כשלושת הערבית ששדדו משני שוטרים בריטיים את רוביהם ע""י <b class=""highlightcolor"">בית־ החולים הממשלתי</b> ביפו' שעליהם להחזיר את י י הרובים. ...</div>"	spelled
1076	hzh19480210-01.1.4	10 February 1948	hzh	Page 4	"<div class=""txtsearchsnippet"">... הברי־ אות של הממשלה, גב' חברוני האחות הראשית של <b class=""highlightcolor"">'ביה""ח. הממשלתי</b> וה־'יר וולשטין מנהלו הרפואי של ביה""ח ‭,. ‬בקור ...</div>"	abbreviated
1077	hzh19480419-01.1.1	19 April 1948	hzh	Page 1	"<div class=""txtsearchsnippet"">... מינינגעים רעים. ‭-::::, . . : :. ‬ י: <b class=""highlightcolor"">בית ‭-'‬החולים ‭;'‬ הממשלתי</b> בחיפה_^הגךול במוזה, יועבר, לפי הצעת: הוועד;ה_^_ומי_? ...</div>"	spelled
1078	hzh19480423-01.1.1	23 April 1948	hzh	Page 1	"<div class=""txtsearchsnippet"">... וון עכו‭. '.. ‬יי: לפהות מאה ערבים נפגעו והועברויל־ <b class=""highlightcolor"">ביה""ח הממשלתי.</b> שוחררו האסירים . האסירים שהיו כלואים בבית הסוהר ...</div>"	abbreviated
1079	hzh19480425-01.1.2	25 April 1948	hzh	Page 2	"<div class=""txtsearchsnippet"">... י&gt;מים — על כך הודיע אתמול ""אםושיאטד פרם‭. ""‬ <b class=""highlightcolor"">ביה""ח הממשלתי</b> בירושלים _ לצלב האדום הצלב האדום הבינלאומי מודיע, ...</div>"	abbreviated
1080	hzh19480428-01.1.2	28 April 1948	hzh	Page 2	"<div class=""txtsearchsnippet"">היישוב מעוניין בהמשכת קיומו של <b class=""highlightcolor"">בית החולים הממשלתי</b> בחיפה מנהל מחלקת הבריאות של הוועד הלאומי, ...</div>"	spelled
1081	hzh19480509-01.1.4	9 May 1948	hzh	Page 4	"<div class=""txtsearchsnippet"">... לאחר פניית משטרת תל אביב, הוסבר מיפו כי גם <b class=""highlightcolor"">בית החולים הממשלתי</b> סגור ואין מי שיטפל בקבורת המתים. הערבים ...</div>"	spelled
1082	hzh19480517-01.1.3	17 May 1948	hzh	Page 3	"<div class=""txtsearchsnippet"">בביה""ח הממשלתי בחיפה <b class=""highlightcolor"">בית־החולים. הממשלתי</b> לשעבר. בחיפה הועבר י כולו לרשות עירית חיפד""ונעשה ...</div>"	maqaf
1083	hzh19480607-01.1.4	7 June 1948	hzh	Page 4	"<div class=""txtsearchsnippet"">... תמונה הפוכה לחלוטין מן האזור היהודי, יקבל המבקר באיזוד <b class=""highlightcolor"">בית החולים הממשלתי.</b></div>"	spelled
1084	hzh19480620-01.1.3	20 June 1948	hzh	Page 3	"<div class=""txtsearchsnippet"">... בקשר לידיעות בלתי מדויקות, שפורסמו בעתונות על גורלו של <b class=""highlightcolor"">בית החולים הממשלתי</b> בהיפה, מביאה בזה מהלקת הבריאות לידיעת הצבור ...</div>"	spelled
1085	hzh19480808-01.1.3	8 August 1948	hzh	Page 3	"<div class=""txtsearchsnippet"">... א. _קצנלםון וד""ר שטרנברג ביקרו בלוויית המושל הצבאי את <b class=""highlightcolor"">בית־החולים הממשלתי</b> ביפו שבו נמצאים הולים ופצועים מהצבא המצרי והסודאני ...</div>"	maqaf
1086	hzh19480809-01.1.4	9 August 1948	hzh	Page 4	"<div class=""txtsearchsnippet"">... לרבנות‭/, ‬ ־ראשית בסידור ענייני הכשרות . וענייני הדת <b class=""highlightcolor"">בית החולים הממשלתי</b> למחלות מדבקות בפר־ דס כץ, הוכשר כדין, ...</div>"	spelled
1087	hzh19480829-01.1.4	29 August 1948	hzh	Page 4	"<div class=""txtsearchsnippet"">... ההודים על הדאגה לעבודה הרפואית ותיאום הפער לות של <b class=""highlightcolor"">בית החולים הממשלתי</b> והעירוני והבטחת בעלות העיריה על בית _חחולים ...</div>"	spelled
1088	hzh19480831-01.1.3	31 August 1948	hzh	Page 3	"<div class=""txtsearchsnippet"">... הרפואי לשעבר, ביניהם קצין הרפואה הראשי , ומנהלים את <b class=""highlightcolor"">בית החולים הממשלתי</b> ביפו המשמש בעיקר את שבויי המלחמה הערביים. ...</div>"	spelled
1089	hzh19480917-01.1.6	17 September 1948	hzh	Page 6	"<div class=""txtsearchsnippet"">... בית החולים הירקון בתל אביב ובית הספר לאחיות ליד <b class=""highlightcolor"">בית החולים הממשלתי</b> בחיפה‭_4. ‬ןספר התלמידות בשני בתי הספד הוא ...</div>"	spelled
1090	hzh19480924-01.1.5	24 September 1948	hzh	Page 5	"<div class=""txtsearchsnippet"">... . נמצא בג'ב_^יה (יפו) רה' ב' מס‭12—141. ‬ ליד <b class=""highlightcolor"">בית החולים הממשלתי.</b> האוטובוס (של דרום יהודה) לג'בליה יוצא מהתחנה ...</div>"	spelled
1091	hzh19480927-01.1.2	27 September 1948	hzh	Page 2	"<div class=""txtsearchsnippet"">... התושבים נמצא בג'בליה (יפו) דחי ב' מס‭12—141. ‬ ליד <b class=""highlightcolor"">בית החולים הממשלתי.</b> האוטובוס (של דרום יהו־ דה) לג'בליה יוצא ...</div>"	spelled
1092	hzh19481128-01.1.4	28 November 1948	hzh	Page 4	"<div class=""txtsearchsnippet"">... שבשטח ירושלים העברית יקבלו לחג המולד תוספת מזון. — <b class=""highlightcolor"">בית החולים ' הממשלתי</b> ו:מסד לידינו. הממשלה הסכימה שיתנוסס עליו ...</div>"	spelled
1093	hzh19481216-01.1.4	16 December 1948	hzh	Page 4	"<div class=""txtsearchsnippet"">... ועדת בי־ קורת שתפקידה לחקור בכל העניינים הנוגעים בהנהלת. <b class=""highlightcolor"">_בית־החולים הממשלתי</b> ביפו, מנות יוהדלת להגי. הנוצדים . המושל הצבאי ...</div>"	maqaf
1094	itim19470109-01.1.1	9 January 1947	itim	Page 1	"<div class=""txtsearchsnippet"">... פרופיסור יונג; ד״ר אלכסנדר צימרמן, מנהל המחלקה הפסיכית של <b class=""highlightcolor"">בית־החולים הממשלתי</b> בריאלטה; ד״ר קארל היינמאן, רופא-עצבים מפורסם, מחסידי אומות ...</div>"	maqaf
1095	itonamami19470928-01.1.1	28 September 1947	itonamami	Page 1	"<div class=""txtsearchsnippet"">נה הטוב ומקבלת מזון מהמטבח הדיאטי של <b class=""highlightcolor"">ביה״ח .הממשלתי</b> בירושלים.</div>"	abbreviated
1096	itonamami19471028-01.1.2	28 October 1947	itonamami	Page 2	"<div class=""txtsearchsnippet"">... בית-חולים בנין ״של״ באיזור הבטחון יהפך לאגף האנגלי של <b class=""highlightcolor"">ביה״ח הממשלתי.</b> דױן על תאריך הפהירות לקהילה ועד הקהילה בירושלים ...</div>"	abbreviated
1097	itonamami19471226-01.1.1	26 December 1947	itonamami	Page 1	"<div class=""txtsearchsnippet"">... אנשי ה״הגנה״ וגרמו להם אבידות קשות. חדר המתים של <b class=""highlightcolor"">בית החולים הממשלתי</b> היה מלא חלליש ערבים. עד הצהרים הגיע ...</div>"	spelled
1098	itonamami19471229-01.1.2	29 December 1947	itonamami	Page 2	"<div class=""txtsearchsnippet"">... שרר שקט יחסי בחיפה ובסביבותיה. ממקור ערבי מוסײם, כי <b class=""highlightcolor"">בית החולים הממשלתי</b> בחיפה מלא על גדותיו מפצועים ערבים. 5 ...</div>"	spelled
1099	itonamami19471231-01.1.2	31 December 1947	itonamami	Page 2	"<div class=""txtsearchsnippet"">... המתועב הזה ? לא. היהודים הם שנאלצו לפנות את <b class=""highlightcolor"">בית| החולים הממשלתי,</b> שהפך בחוסר התנגדות של השלטון לקן מרצחים!</div>"	spelled
1100	itonamami19480109-01.1.2	9 January 1948	itonamami	Page 2	"<div class=""txtsearchsnippet"">... יפה לבכות ילך ואשה (ערבײם)... אך כשיורים ברופא בכותלי <b class=""highlightcolor"">בית חולים ממשלתי,</b> או כשיורים באחיות של בית חולים יהוךי ...</div>"	indefinite
1101	itonamami19480114-01.1.1	14 January 1948	itonamami	Page 1	"<div class=""txtsearchsnippet"">... ערכית על בית חולים שלשום התקיפו ערבים ביריות את <b class=""highlightcolor"">בית החולים הממשלתי</b> לחולי רוח בחולון .ה--התקפה ארכה זמן ממושך.</div>"	spelled
1102	itonmeyuhad19340114-01.1.4	14 January 1934	itonmeyuhad	Page 4	"<div class=""txtsearchsnippet"">... גם בתור אסיסטנט במקרי נתוחים במחלקה החירור־ גיח של <b class=""highlightcolor"">ביה״ח הממשלתי</b> ביפו. כלומר: גם באיזמל הנתוח אחזה ידו של ...</div>"	abbreviated
1103	itonmeyuhad19340412-01.1.1	12 April 1934	itonmeyuhad	Page 1	"<div class=""txtsearchsnippet"">... הדלת. במטתו שכב הרופא בלי ניע וזיע. הובהלה מרכבת <b class=""highlightcolor"">ביה״ח הממשלתי</b> והובילה את הד״ר מאיר להתם. כל הנסיו־ נות ...</div>"	abbreviated
1104	itonmeyuhad19340728-01.1.2	28 July 1934	itonmeyuhad	Page 2	"<div class=""txtsearchsnippet"">... מות -אין ביה״ח ""הדסה"" מקבל את החולה הזה ואפילו <b class=""highlightcolor"">בית־החולים הממשלתי</b> מסרב לקבל את החולה, שכן שחפני הנהי. ומה ...</div>"	maqaf
1105	itonmeyuhad19340814-01.1.1	14 August 1934	itonmeyuhad	Page 1	"<div class=""txtsearchsnippet"">מוראות <b class=""highlightcolor"">בית■ החולים הממשלתי</b> ביפו</div>"	maqaf,spelled
1106	itonmeyuhad19340922-01.1.1	22 September 1934	itonmeyuhad	Page 1	"<div class=""txtsearchsnippet"">... 14 לאב גוסס ש.ז• פרסמנו רשימה תחת הכותרת ""מוראות <b class=""highlightcolor"">בית החולים הממשלתי</b> ביפו"". ברשימה זו מסרנו מה שסח לנו ...</div>"	spelled
1107	itonmeyuhad19370627-01.1.5	27 June 1937	itonmeyuhad	Page 5	"<div class=""txtsearchsnippet"">... אך הכל היה לשוא. והן אחיות הערביות, הפלחים ועובדי <b class=""highlightcolor"">בית החולים הממשלתי,</b> אך היו רואים אותי מהרו לקראתי והיו ...</div>"	spelled
1108	itonmeyuhad19390430-01.1.6	30 April 1939	itonmeyuhad	Page 6	"<div class=""txtsearchsnippet"">... המקרה, עדיין לא הובאו הכלבים לבדיקה. ימו הרופא של <b class=""highlightcolor"">בית החולים הממשלתי</b> קבלתי תעודת רפוי על פצעי, ואם יהיה ...</div>"	spelled
1109	itonmeyuhad19440630-01.1.7	30 June 1944	itonmeyuhad	Page 7	"<div class=""txtsearchsnippet"">תל־אפר-ים המכונה פרדס כ״ץ ידועה בקרב הצבור הרחב בגלל <b class=""highlightcolor"">בית החולים הממשלתי</b> הנמצא במקום. אבל מעטים יודעים, כי תל־אפרים ...</div>"	spelled
1110	itonmeyuhad19470627-01.1.6	27 June 1947	itonmeyuhad	Page 6	"<div class=""txtsearchsnippet"">... כץ׳/ בדרך בואכה י1תח־ תקוה, קיים מאז שנת 1937 <b class=""highlightcolor"">בית החולים הממשלתי</b> למחלות מידבקות. על תנאי עבודתם של פקידי ...</div>"	abbreviated,spelled
1111	itonmeyuhad19470822-01.1.3	22 August 1947	itonmeyuhad	Page 3	"<div class=""txtsearchsnippet"">... מסרו חוות־ דעתם האחידה הועבר הבר־מינן לחדר המתים של <b class=""highlightcolor"">ביה״ח הממשלתי</b> ביפו. מה שמפליא בכל הענין אינה טעותו של ...</div>"	abbreviated
1112	itonmeyuhad19471010-01.1.3	10 October 1947	itonmeyuhad	Page 3	"<div class=""txtsearchsnippet"">... של ""הדסה"": — מצטער, אבל אין לנו מיטות פנויות. <b class=""highlightcolor"">בית החולים הממשלתי</b> נתן אותה תשובה. — מה נעשה, לעזעזל? ...</div>"	spelled
1113	itonmeyuhad19480213-01.1.2	13 February 1948	itonmeyuhad	Page 2	"<div class=""txtsearchsnippet"">... גונבה שמועה שהבהלת בית החולים ""הדסה"" בירושלים בענתה לבקשת <b class=""highlightcolor"">בית החולים הממשלתי</b> בנידון תרומת דם. השאלה היא: האם ■הנהלת ...</div>"	spelled
1114	khm19470625-01.1.4	25 June 1947	khm	Page 4	"<div class=""txtsearchsnippet"">... שהאגר־ דה עומדת למעשה תחת חסותו, נותן עזרה רבה. <b class=""highlightcolor"">בית החולים הממשלתי</b> נותן אפ־ שרוח להוספיטליזציה של חחולים הנזקקים ...</div>"	spelled
1115	khm19470813-01.1.4	13 August 1947	khm	Page 4	"<div class=""txtsearchsnippet"">... מכפר ערבי שבקרבת קבוץ עין השופט, היות שהאמבולנס של <b class=""highlightcolor"">ביה""ח הממשלתי</b> תתקלקל.</div>"	abbreviated
1116	khm19470818-01.1.4	18 August 1947	khm	Page 4	"<div class=""txtsearchsnippet"">שביתת הרעב של אהיות <b class=""highlightcolor"">ביה""ח! הממשלתי</b> בחיפה הסתיימה</div>"	abbreviated
1117	khm19471105-01.1.3	5 November 1947	khm	Page 3	"<div class=""txtsearchsnippet"">... אוטו־ בו ערבי. 5 נוטעים נפצעו קל ונאםפו אל <b class=""highlightcolor"">ביה""ח הממשלתי</b> בחיפה. תורנות בתי מרקחת קריינקיו• חרצל ‭, 10‬טל‭!!223. ...</div>"	abbreviated
1118	khm19471230-01.1.4	30 December 1947	khm	Page 4	"<div class=""txtsearchsnippet"">... המתוארים כיהודים בלבוש 1 ערבי — ירו בו ליד <b class=""highlightcolor"">בית החולים הממשלתי</b> בירושלים.</div>"	spelled
1119	khm19480102-01.1.6	2 January 1948	khm	Page 6	"<div class=""txtsearchsnippet"">... אחה""צ מחד (היום) באותו מקומ. _ה_^דים היהודים עזבו את <b class=""highlightcolor"">ביה''ח הממשלתי</b></div>"	abbreviated
1120	khm19480114-01.1.4	14 January 1948	khm	Page 4	"<div class=""txtsearchsnippet"">... ‭, 3K‬משכ' בקעה- העליונה, נפצע קל שעה שעבר לי'ף- <b class=""highlightcolor"">ביה""ח. הממשלתי</b> בבית צ&amp;אפה הבוקר. ? אמבולנ_© יהודי מעביר _פצועיע ...</div>"	abbreviated
1121	khm19480126-01.1.4	26 January 1948	khm	Page 4	"<div class=""txtsearchsnippet"">עובדי <b class=""highlightcolor"">ביה""ח הממשלתי</b> בחיפה עזבו ™ העמדה באשמת הממשלה</div>"	abbreviated
1122	khm19480322-01.1.4	22 March 1948	khm	Page 4	"<div class=""txtsearchsnippet"">... המומ־ חים הדרושים הוזמנו ויגיעו בהקדם האפ שרי—ציין רוקח. <b class=""highlightcolor"">ביה""ח הממשלתי</b> ""הירקון"" יועבר לפיקוחם של באי כוה העיריה חבר ...</div>"	abbreviated
1123	khm19480504-01.1.4	4 May 1948	khm	Page 4	"<div class=""txtsearchsnippet"">... בקר בהיסח ודן עם העיוידי והשלטונות :דבר גורלו של <b class=""highlightcolor"">בית החולים הממשלתי</b> העומד להיות מועבר לעירית חיפה. הועד הלאומי ...</div>"	spelled
1124	khm19480923-01.1.2	23 September 1948	khm	Page 2	"<div class=""txtsearchsnippet"">... נמצא בג _י _יבליה (יפו!רח' בי מם‭12—141. ‬ ליד <b class=""highlightcolor"">בית החולים הממשלתי.</b> האיטובוט (של דרום •הודה!לג_'בליד, יוצא מהתחנה המר־ ...</div>"	spelled
1125	kolisraeljlm19330504-01.1.4	4 May 1933	kolisraeljlm	Page 4	"<div class=""txtsearchsnippet"">... ים. הממשלה סנרה כיח חולים בעכו. המכשלה סגרה זית <b class=""highlightcolor"">בית החולים הממשלתי</b> בעכו לרגלי מיריב חעיויוז י'ש ים תמ'כה ...</div>"	spelled
1126	kolisraeljlm19370411-01.1.2	11 April 1937	kolisraeljlm	Page 2	"<div class=""txtsearchsnippet"">... הנהלת בית התבשיל של הרב שלמה אליאך )נתאחר תודת <b class=""highlightcolor"">,בית החולים הממשלתי</b> למוסד בית תבשיל אליאך והכנסת אורחים ‘כנד ...</div>"	spelled
1127	kolisraeljlm19380818-01.1.4	18 August 1938	kolisraeljlm	Page 4	"<div class=""txtsearchsnippet"">... ע״י תל אביב נפצעו שני יהודים. — ע״י בנין <b class=""highlightcolor"">ביה״ח הממשלתי</b> החרש נמצאה פצצה טורקית בארך 40 מ״ט. — ...</div>"	abbreviated
1128	kolisraeljlm19421105-01.1.2	5 November 1942	kolisraeljlm	Page 2	"<div class=""txtsearchsnippet"">... ""כל שומר נפשו ירחק"". העולם כמנהגו נוהג והמטבח של <b class=""highlightcolor"">בית החולים הממשלתי</b> הנהו טרף בהחלט♦ מאידך: יש יסוד להאמין ...</div>"	spelled
1129	kolisraeljlm19460124-01.1.3	24 January 1946	kolisraeljlm	Page 3	"<div class=""txtsearchsnippet"">... זי״ע והאדמה אשר סביבו, הנמצא בדרומה של צפת □אחורי <b class=""highlightcolor"">ביה״ח הממשלתי</b> בצורת של גל אבנים. *טענתו של הר׳ דוב ...</div>"	abbreviated
1130	mar19480309-01.1.4	9 March 1948	mar	Page 4	"<div class=""txtsearchsnippet"">של יהודים. הגויות הועבדו מ־ <b class=""highlightcolor"">בית החולים הממשלתי</b> : לחדר המתים של ביה""ח רוטשילד או-</div>"	spelled
1131	mar19480310-01.1.4	10 March 1948	mar	Page 4	"<div class=""txtsearchsnippet""><b class=""highlightcolor"">ביה""ח הממשלתי</b> ביפו - לידי הערבים ז ד""ר יוסוף הייכל ...</div>"	abbreviated
1132	mar19480322-01.1.3	22 March 1948	mar	Page 3	"<div class=""txtsearchsnippet"">(ד•?ג‭(. ‬ בחיפה הועמד <b class=""highlightcolor"">בית החולים הממשלתי</b> לרשות הע־ רבים, ביפו משתמשים בו דק ...</div>"	spelled
1133	mar19480418-01.1.8	18 April 1948	mar	Page 8	"<div class=""txtsearchsnippet"">במחוזות אחרים לגבי חיפה, הדרישה היא, שהממשלה תעביר את <b class=""highlightcolor"">בית החולים הממשלתי</b> , המשמש כיום את הערבים בלבד, לבעלות ...</div>"	spelled
1134	mar19480504-01.1.1	4 May 1948	mar	Page 1	"<div class=""txtsearchsnippet""><b class=""highlightcolor"">בית החולים הממשלתי</b> בחיפה עבר לרשות עידית חיפה — בחסות ...</div>"	spelled
1135	mar19480816-01.1.2	16 August 1948	mar	Page 2	"<div class=""txtsearchsnippet"">... דון בי, הכפר לטרון, תחנת המש־ טרה, _מגזד השתקנים, <b class=""highlightcolor"">בית החולים הממשלתי.</b> אין צורך במשקפת. דד אים אותם במבט ...</div>"	spelled
1136	mar19480907-01.1.1	7 September 1948	mar	Page 1	"<div class=""txtsearchsnippet"">... ים וחולון. בנין המשטרה נמצא בג'בליה שבקצה יפו' ליד <b class=""highlightcolor"">בית החולים הממשלתי.</b> מפקח המשטרה לנפת ת""א דן על חיסול ...</div>"	spelled
1137	medina19480806-01.1.4	6 August 1948	medina	Page 4	"<div class=""txtsearchsnippet"">... מדבקות ביפו וכי מצב הבריאות בעיר משביע רצון. מנהל <b class=""highlightcolor"">בית החולים הממשלתי</b> , ד""ר מוסא, נתבקש להעביר את בקשתו ...</div>"	spelled
1138	mivrak19471228-01.1.1	28 December 1947	mivrak	Page 1	"<div class=""txtsearchsnippet"">... בבית פצצה .הרופא הערבי נפצע אף הו^ בבית־צפפה נמצא <b class=""highlightcolor"">בית־החולים הממשלתי</b> לחולי שחפת.</div>"	maqaf
1139	mivrak19471229-01.1.1	29 December 1947	mivrak	Page 1	"<div class=""txtsearchsnippet"">... — המתוארים ביהודים בלבוש ערבי — ירו בו ליד <b class=""highlightcolor"">בית החולים הממשלתי</b> בירושלים. הותקפו עובדי הכנה ""כדקליס"" ופקידי העיריה ...</div>"	spelled
1140	mivrak19480425-01.1.1	25 April 1948	mivrak	Page 1	"<div class=""txtsearchsnippet"">... בירושלים, הדגל של הצלב הבינלאומי יונף על בנינים אלה: <b class=""highlightcolor"">בית החולים הממשלתי,</b> בית החולים לתולדות, (בנין הקונסוליה הרוסית לשעבר) ...</div>"	spelled
1141	mivrak19480425-01.1.2	25 April 1948	mivrak	Page 2	"<div class=""txtsearchsnippet"">... בירושלים, הדגל של הצלב הבינלאומי יונף על בנינים אלה: <b class=""highlightcolor"">בית החולים הממשלתי,</b> בית החו־</div>"	spelled
1142	omer19390625-01.1.1	25 June 1939	omer	Page 1	"<div class=""txtsearchsnippet""><b class=""highlightcolor"">בית החולים הממשלתי</b> למחלות מידבקות ניחעליס</div>"	spelled
1143	tsohorayimhaifa19460101-01.1.4	1 January 1946	tsohorayimhaifa	Page 4	"<div class=""txtsearchsnippet"">... הכנסת המרכזי. 4 שוק תלפיות. 5 בית־החולים ""רוטשילד*. 6 <b class=""highlightcolor"">בית־החולים הממשלתי.</b></div>"	maqaf
1144	tsohorayimhaifa19460109-01.1.1	9 January 1946	tsohorayimhaifa	Page 1	"<div class=""txtsearchsnippet"">... אניס אלחורי ועלי אל כליל׳ הד״ר אברהים עיטאיים, מנהל <b class=""highlightcolor"">ביה״ח הממשלתי,</b> נג׳יב מנסור, מוכתר הדרוזים בעוספיה, מכאל תומה, חג׳ ...</div>"	abbreviated
1145	tsohorayimhaifa19460212-01.1.1	12 February 1946	tsohorayimhaifa	Page 1	"<div class=""txtsearchsnippet"">... כך כבר ניגשו השלטונות לרכישת קרקע למטרה זו ליד <b class=""highlightcolor"">בית החולים הממשלתי.</b> כאשר יסתיים השלב השני של ביצוע תכנית ...</div>"	spelled
1146	tsohorayimhaifa19460221-01.1.1	21 February 1946	tsohorayimhaifa	Page 1	"<div class=""txtsearchsnippet"">... וחצי בערב פרצה דליקה במספנת ""עוגן"" שבאיזור הנמל ליד <b class=""highlightcolor"">בית החולים הממשלתי</b> אשר בקרבת בת גלים. תוך שעה וחצי ...</div>"	spelled
1147	tsohorayimhaifa19460502-01.1.1	2 May 1946	tsohorayimhaifa	Page 1	"<div class=""txtsearchsnippet"">... שרוב תושביה עצורים מאז פרוץ המלחמה האחרונה. כשנשאלה הנהלת <b class=""highlightcolor"">ביה״ח הממשלתי</b> אם ידוע לה הדבר, ניתנה תשובה, כי מה ...</div>"	abbreviated,maqaf
1148	yarden19340830-01.1.4	30 August 1934	yarden	Page 4	"<div class=""txtsearchsnippet"">... תיכף ימקום הובילו . את הפצוע באותו אוט• אלי <b class=""highlightcolor"">בית החולים הממשלתי.</b> הגהנ נלקח למשטרה. — אחר הצמדים עלה ...</div>"	spelled
1149	yarden19350208-01.1.4	8 February 1935	yarden	Page 4	"<div class=""txtsearchsnippet"">... בתול־כרם' העוזר לנהג מחמר י&lt;1סי! מתול־כרם נהרג, הנהג נאסר. <b class=""highlightcolor"">בית חולים ממשלתי</b> בתול-כרם כפי שמודיעים מתוליכרם' אומרת חממשלח להקים ...</div>"	indefinite
1150	yarden19350304-01.1.1	4 March 1935	yarden	Page 1	"<div class=""txtsearchsnippet"">... חממשלתי ביפו. מר רוקח אומר שכל זמן שלא יסודר <b class=""highlightcolor"">בית חולים ממשלתי</b> בסביבה עברית ועם פרסונל עברי אין אפשרות ...</div>"	indefinite
1151	yarden19350926-01.1.6	26 September 1935	yarden	Page 6	"<div class=""txtsearchsnippet"">... עיד משמר שיטריפ הללי וראי בראשו מגבעת עם אותיות <b class=""highlightcolor"">בית החולים הממשלתי</b> על ראשו, חשבוהו לחולה נגוע שברח ועצרו ...</div>"	spelled
1152	yarden19351028-01.1.6	28 October 1935	yarden	Page 6	"<div class=""txtsearchsnippet"">... של בית חספר, ראש חעיר מר מ . דיונגוףי <b class=""highlightcolor"">בית חולים ממשלתי</b> לרמלה בימים אלד. יגשו לבנין בית חולים ...</div>"	indefinite
1153	yomyom19480802-01.1.4	2 August 1948	yomyom	Page 4	"<div class=""txtsearchsnippet"">... על במי החולים בחיפה — נודע לנו שביה״ח העירוני <b class=""highlightcolor"">(ביה״ח הממשלתי</b> לשעבר, שהועבר לעירית חיפה) יועבר לממשלת ישראל, פרט ...</div>"	abbreviated
1154	yomyom19480805-01.1.5	5 August 1948	yomyom	Page 5	"<div class=""txtsearchsnippet"">... א. קצנלסון וד״ר שטרנברג, ביקרו בלווית המושל הצבאי את <b class=""highlightcolor"">בית החולים הממשלתי</b> ביפו שבו נמצאים חולים ופצועים מהצבא המצרי ...</div>"	spelled
1155	yomyom19480810-01.1.2	10 August 1948	yomyom	Page 2	"<div class=""txtsearchsnippet"">... נכון. — עלינו להעביר את הגופה לח־ דר־המתים של <b class=""highlightcolor"">בית החולים הממשלתי.</b> — הגופה כבר הועברה — ענה השוער. ...</div>"	spelled
1156	yomyom19480810-01.1.6	10 August 1948	yomyom	Page 6	"<div class=""txtsearchsnippet"">... נכון. — עלינו להעביר את הגופה לח־ דר־המתים של <b class=""highlightcolor"">בית החולים הממשלתי.</b> — הגופה כבר הועברה — ענה השוער. ...</div>"	spelled
1157	yomyom19480818-01.1.3	18 August 1948	yomyom	Page 3	"<div class=""txtsearchsnippet"">... נוספו למוסדות הרפואה בית חולים ""הירקון"", וזה בפרדם כץ, <b class=""highlightcolor"">בית החולים הממשלתי</b> ביפו ועוד. בימים אלד נגשי גם להקמת ...</div>"	spelled
1158	yomyom19480818-01.1.7	18 August 1948	yomyom	Page 7	"<div class=""txtsearchsnippet"">... נוספו למוסדות הרפואה בית חולים ""הירקון"", וזה בפרדם כץ, <b class=""highlightcolor"">בית החולים הממשלתי</b> ביפו ועוד. בימים אלה נגשו גם להקמת ...</div>"	spelled
1159	yomyom19481124-01.1.1	24 November 1948	yomyom	Page 1	"<div class=""txtsearchsnippet"">... ד־ ידי קפיצה מקומה ב׳. במצב קשה הועברה ל־' <b class=""highlightcolor"">בית החולים הממשלתי</b> בחיפה. ברק הרגו יוסף דניאל מנשה, בן ...</div>"	spelled
1160	yomyom19481221-01.1.1	21 December 1948	yomyom	Page 1	"<div class=""txtsearchsnippet"">... לקוים הערבים לא רק חולים אלא גם פרסונל של <b class=""highlightcolor"">בית החולים הממשלתי</b> שנמצא באיזור היהודי בירושלים, אולם אינם מראים ...</div>"	spelled
1161	ytlv19360615-01.1.24	15 June 1936	ytlv	Page 24	"<div class=""txtsearchsnippet"">... אחיות יהודיות. לאחד רצח שתי האחיות הרחמניות יהודיות של <b class=""highlightcolor"">בית החולים הממשלתי</b> ביפו ביום ‭. 17. 8. 36‬ בבוא? ...</div>"	abbreviated,maqaf,spelled
1162	ytlv19371115-01.1.39	15 November 1937	ytlv	Page 39	"<div class=""txtsearchsnippet"">... בני־ברק, הוקל במדת־מה המצב בבית־ החולים העירוני בשטה זה. <b class=""highlightcolor"">ביה""ח הממשלתי</b> התרחב במשך הזמן' מספר המטות שלו הוגדל עד ...</div>"	abbreviated
1163	ytlv19380915-01.1.5	15 September 1938	ytlv	Page 5	"<div class=""txtsearchsnippet"">... 163, 76‬ היפה — ס. חש. ‭: 172‬ פתיחת <b class=""highlightcolor"">בית החולים הממשלתי</b> החדש בהיפה — ‭:110 , 5‬ טבריה ...</div>"	spelled
1164	ytlv19390115-01.1.13	15 January 1939	ytlv	Page 13	"<div class=""txtsearchsnippet"">... 12. 38‬ נפתח רשמית. על־ידי ה. מ. הנציב העליון, <b class=""highlightcolor"">בית החולים הממשלתי</b> החדש בחיפה. לפתיחת בית ההולים באו מוזמנים ...</div>"	spelled
1165	ytlv19391115-01.1.50	15 November 1939	ytlv	Page 50	"<div class=""txtsearchsnippet"">... וכולם נקלטו בביה""ח. כמה מן החולים במחלות מדבקות קולט <b class=""highlightcolor"">ביה""ח הממשלתי</b> בבני־ ברק. לעומת זה גדל בהרבה מספר החולים ...</div>"	abbreviated
1166	ytlv19411215-01.1.1	15 December 1941	ytlv	Page 1		indefinite
1167	ytlv19430315-01.1.11	15 March 1943	ytlv	Page 11	"<div class=""txtsearchsnippet"">על סדודם — <b class=""highlightcolor"">בית החולים הממשלתי</b> למהלות מדבקות' בית החולים לחולי דוח, וכן ...</div>"	spelled
1168	ytlv19430516-01.1.5	16 May 1943	ytlv	Page 5	"<div class=""txtsearchsnippet"">... הרחבת בית המ?אכה הקיים, ?שם טפו? בפחי־האשפה ותקונם. לפתיחת <b class=""highlightcolor"">בית החולים הממשלתי</b> לחולי המושבות ‭. 7. 7. 43‬ ראש ...</div>"	spelled
1169	ytlv19440416-01.1.10	16 April 1944	ytlv	Page 10	"<div class=""txtsearchsnippet"">ברכה למוסדות רפואיים. -י? עלינו לברד בהזדמנות זו את <b class=""highlightcolor"">בית־ החולים הממשלתי</b> לחולים מהמושבות, הנקרא ""הירקון"", כי בסידוריו גילתה ...</div>"	spelled
1170	ytlv19440416-01.1.17	16 April 1944	ytlv	Page 17	"<div class=""txtsearchsnippet"">... בית ההולים הזה לקבל לרפוי הולי־טיפוס, משום שלמעשה אין <b class=""highlightcolor"">בית־ החולים הממשלתי</b> בפרדם כץ (שכונה בסביבת תל־אביב) מקבל חולים, ...</div>"	spelled
1171	ytlv19440915-01.1.4	15 September 1944	ytlv	Page 4	"<div class=""txtsearchsnippet"">... קשה מאד, באה בשנה האחרונה הקלה פורתא עם פתיחת <b class=""highlightcolor"">בית־ חולים ממשלתי,</b> המכיל שמונים מיטות, . בשביל תושבי המושבות ...</div>"	indefinite
1172	ytlv19450515-01.1.20	15 May 1945	ytlv	Page 20	"<div class=""txtsearchsnippet"">... ""שוק הצפון"", ברחוב באזל. ‭. 27. 12. 44‬ נפתח <b class=""highlightcolor"">בית־החולים הממשלתי</b> לחולי</div>"	maqaf
1173	ytlv19450916-01.1.4	16 September 1945	ytlv	Page 4	"<div class=""txtsearchsnippet"">... גי ת תולי־הרות, תשובה: העידיה מאיצה במתלקת-הבדיאות הממשלתית לפתוח <b class=""highlightcolor"">בית־החולים הממשלתי</b> בבת־ים, אולם שאלת האישפוז של הולי־הרוח בעיר לא ...</div>"	maqaf
1174	ytlv19451115-01.1.13	15 November 1945	ytlv	Page 13	"<div class=""txtsearchsnippet"">... אדמת זאכלאוי, בשכונת מתלול, בקייטנות של ועדההורים המרכזי, ובקרבת <b class=""highlightcolor"">בית־החולים הממשלתי</b> . הירקון"", במקום שנועד להקמת צריפי הסח בשביל ...</div>"	maqaf
1175	ytlv19480516-01.1.14	16 May 1948	ytlv	Page 14	"<div class=""txtsearchsnippet"">... ולמטרות אחרות. בתי החולים ביפו משמשים לצרכי התושבים הערבים <b class=""highlightcolor"">(בית־החולים הממשלתי</b> מגיש הנם לכל דורשכל העזרה הרפואית הדרושה לתושבי ...</div>"	maqaf
