date	pub	page_id	window
1943-08-17	ahr	ahr19430817-01.1.3	…ח. וייצמן. נמצאה גווייה ח י ?ה, יום בי. — בשרק, במורח העיר נמצא ח אמש גווייתו שי פישט־ יד ערבי. זהותו לא נקבעה הועבר אל בית־החולים הממשלתי. בסביבות עכי פגעה מכונית צבאית בחםן אחמד _שהאדה, שנפצע ותועבר לביח־החוליס הממשלתי בחיפה מצבו אמד ברור. פגיעה קטלנית ברחי חג'אז פגעת מכתיתימשא נהוגה בידי משח מיכאל _בחםנה חסן חמדן' בת ‭. 8‬מתה מפצעיה בדדד לבי…
1943-08-17	ahr	ahr19430817-01.1.3	"… היפה"" רחובות ‭, ""‬יום הי ‭, 18. 8, ‬בבית־חעם ב־‭. 8. 30‬ תל־אביב, יום א' ‭22. 8‬ במוגרבי‭8, 30, ‬ ה‭_3»‬ה חגיגית _הי50 חיפה, יום ה' ‭26. 8‬ ב""ארמון"" ‭8. 45 ‬ ‭_JliS&_iwfa‬ _מיפצור קיגוץ היום‭17. 8, ‬ ב־‭8. 30 — 3. 30‬ ביח־העם, תל־אביב יום ד' ‭18. 8‬ רעננה _מוצ""ש ‭21. 8‬ בית־זזעם, תל־אביב י ום ד‭25. 8, '‬ _פרדם־חנה יום ה' ‭26. 8‬ בפעם _האחח…"
1943-09-03	ahr	ahr19430903-01.1.7	"…*י ‭^^ _^ ‬ סכה שטורי תל־אכיכ, רח' אלנכי 128 מול הועת""ם של ההסתדרות _זדע־ם _מובחו־־ים •דקות מדה י ם מ d מ ו א _ח_^יקל""ס ביח _גזסווד _נלדשטיץ ושות' בנ_^מ חיפה, מרכז ' מסתרי הישן, רח' הדקלים ת. ד‭, 1468. ‬טל‭2287. ‬ מרו* ‭D-'‬ ו d י a י בום אי‭5, ‬ לספטמבר התחלה בשעה ‭3. 30‬ אחה…"
1943-09-03	ahr	ahr19430903-01.1.7	"…ו חודשיים מאסר. התנקשות במוצאי י ם ד' התנקשו 2 אלמונים בעבד אל לטיף דאשיד בשוק הערבי , ירו בו ופצעוהו. הפצוע ד. ־ בל אד בית־החולים הממשלתי. תורנות בבחי""מרקחת ליל שבת: מסדה, רח' מסדה ‭. 30‬ שבת: רפופורט, הרצל ‭. 29‬הר־הכרמל: ""אחוזה‭. ''‬מיפרץ־חיפה: ""ביאליק‭"". ‬ חיילים מנגנים ונוספר""ם היום‭, , "". ‬ כ־5 אחה'יצ ובמוצ""יס ב־‭6. 30‬ חנגן ב""גן־בנימין"" התזמורת ו של החיילים…"
1944-04-06	ahr	ahr19440406-01.1.4	"… אחראית לכך, אם חבריה יסרב' לקבל את השכר המורד ויבקשו סידור מחוץ לצינורות _אירגונמ המאלץ _־איתכ לעבוד בשכר ירוד. השביתה בביח""ר לחוטי מתכת נמשכת חיפה, יום ד‭—. '‬ פועלי בית־החד'־ שת לחוטי מתכת נמצאים, מאו פרוץ השביתה, במשמרת ליו ‭:, ‬ןקום־העבודוו. להיום הוזמנו הפועלים …"
1944-04-06	ahr	ahr19440406-01.1.4	…שכר־היסוד, נמצא סידור זמני לסיפוק הדרישה, נמשך משא־ומתן, _אדכסנדד ‭\?‬ו_>_ידבד_\ד כתוצאה מתאונה _בעבוחד, בבתי־הזי־ קוק בחיפה, קיפח את חייו היום (יום די) הפועל אלכסנדר גולדברגר. גופתו הועברה אל בית־החולים הממשלתי. תופפת כעד שעות נופפות — הוועד הפועל החליט על תוספת שכר בעד שעות נוספות בשיעור של 25 אחוזים לפועלי נגריית המשרד…
1944-06-06	ahr	ahr19440606-01.1.4	"…ה־ דנםוז‭. "" ‬ שוטר אנגלי נדהר בחיפה חיפה, _יים בי. — חשוטר האנגלי ג־רן לבוש אזרחית נדקר ב־3 דקי ־ דות־סכין עמוקות אמש בחיפה !בקצה רה' השומר ל־ד. ־ ־ב־נת _איד־_^ל־יודה. הדוקר דיבר ערבית. השוטר הפ־ צוע הגיע _לתחנת־משטרה ומשם נא־ סף זיל _בית־החולים הממשלתי. נבתרה וועדת בחידות _ברמח־גן ר מ ת ג נבחרה ־ ן, י ום בי ‭—. ‬ וועדת !בחירות לוועידת ההסתדרוח שהרכבה מפא""י (רשימ…"
1944-09-20	ahr	ahr19440920-01.1.4	"…עבדת הקרקע של קוסקוס־טבעון (_אלונים‭. (‬ כידוע, היחה פרשה זו מלווה משפטים מריבים בכל האינסטגציות. ‭_0 2‬גת' ד_3ר בח""פד. חיפה, יום ‭—. a‬ עוד _זורבעה חד לי דבר הובאו בימים תץ. הרוניפ אל בית־החולים הממשלתי בחיפה. 2 מהם מתו. מיםפו מתי הדבר עד כה מגיע _ל־1נ ‭9}‬ ערבים‭1, ‬ יהודי, 1 אנגלי‭. ( ‬ ןועד־ חדש ב11וה־ח""ים תוש…"
1944-10-03	ahr	ahr19441003-01.1.4	"…משלתי המחוזי משכם. היו התייעצויות של כ""כ היישובים בסביבה עם שלטונות הבריאות ביבר מניעת התפשטותה של המחלה. עוד חזרה דבד בחיפה חיפה, יום , בי‭—. ‬ עוד חולה דבר, ערבי הובא _ביוס א' אי י בית־החולים ' הממשלתי בחיפה. ס. א הדליק דמ פיינטר מהצירות האמריקאית בקאהיר הגיעו לירושלים. גרים במלון המלד דוד. ש _פסמן, שליח הג'וי…"
1945-01-05	ahr	ahr19450105-01.1.8	"…על"" נחמני 4 לשש _י־ין על דרכי העזרה המהירה שיש '־הכיש ל""הפועל"" בהשתתפות ל. שקול‭- ' :-‬ ק וחברים ממרכזהפועל"" "" שוב דבר בחיפה זו י פ ה. יום ד‭—. ', ‬ לאחר הפסקה ארוכה חלו השבוע שוב 2 ערבים מתושבי חיפה במחלת הדבר והו־ באו אל _בית־החולים הממשלתי. מיספר האנשים שהלו עד כה בדבר בחיפה מגיע ל־2ד, מהם ‭22 —‬ מתו, 47 החלימו‭3, ‬ מוסלים בבית־החולים. V־—י־־־—י י י r ‭Voi, III MB 430 & _nilV‬ ‭_MlSHMAR The* Daily Guardian ‬ תשמל בברגיאת שמיר (ברגיאת‭, (‬יום הי‭—. ‬ לא…"
1945-08-12	ahr	ahr19450812-01.1.4	…לריהוט רלציור. ששה חדרים אחרים הועמדו לרשות נשי חיילים בגב־ים (מפרץ־תיפד‭(. ‬ באמצעות מושל _המחרז. כ־15 נשי חיילים דרות בביח־החלוצות. יש עוד בחיפה משפחות, הצ'חגוררוח ב־ד‭5—‬ חדרים. האם לא מן הצדק הוא — שואלים הנוגעים בדבר — שיופרשו חדרים מאלה לצרכי המגוייסים שהתנד- …
1945-08-12	ahr	ahr19450812-01.1.4	…נת זכרדן־אחיס נפגע קשה בכל גופו, _כשהתלקחה אש בבגדיו, בעת שניקר, אותם בבנזין על־ידי פרימוס בוער, הועבר על־ידי מ, ד, א. _לבית־חולים הדסה. למרות כול המא־ מצים של הרופאים הוא מת כעבור כמה שעות. 3נחס סירק‭!'‬ ח י פה, שבת ‭— . ‬ פנחס ס י ו ק י ן חיפה, רח' _תל־חי) נדרם ונהרג היום, בפגוע בו מכרנית צבאית. האסון קרה כאשר יוד ליו משמר־הים מאוטובוס ציבורי שנסע לנהריה. גופתו נאספה אל בית־החולים הממשלתי. בן ‭. 50‬ שכתי לוי, ראש עירייה חיפה, יצא _לחרפשה לחודש ימים. הוקם איר11ן ארצי של הבחנים • ב ת ל ־ א בי , י ום ר. — אירגון ארצי של חבתנים הוקם בכיבוס תחב־ פ…
1945-11-02	ahr	ahr19451102-01.1.8	…באחו המקומות ניזוק גם קת החשמל. איש לא נאסר. על הקירות בחדר־ הכרמל הודבקו בלילה כררזים ללא חתימה גם , בבחי-הזיקיק במפרץ חיפה אירעה התפוצצות. מתחת למפולת הוצאה שם גופה מרוסקת של אדם, שלפי תעודת זהות שמו הוא : יעקב גולדברג (גרינברג ‭, (?‬הגרפה נאספה אל בית־החולים הממשלתי בחיפד‭., ‬ עפולה ורהוכות על־יו עפולה פוצצו הלילה פסי מסילת־הברזל בכמה מקומות, חושבי עפולה והמשקים בסביבה שמעו ב…
1945-12-02	ahr	ahr19451202-01.1.4	"…. 30‬ בבוקר, על קטע הד־ רך הנ""ל. המכוניות האחרונות לחיפה מתל־אביב, יצאו ב־3 אחר־הצהריים, התנגשות בין מ כ זנית וקטר בנמל חיפה חי פה שבת מכונית ובה חיילים ‭— ., ‬ מן הלגיון הערבי , התנגשה ביום ו' בקטר בשטח הנמל. ד חיילים שנפצעו, נאספו אל _בית־החולים הממשלתי. הנהג, יתודי , שנפצע אף הוא, נעצר לצורכי חקירה. ‭I -mvri »? ""_13_«a I‬ מזג־האוויר הבלתי־יציב יימשך , גשמים מפעם…"
1946-03-07	ahr	ahr19460307-01.1.4	"…ההסתדרות הציונית בסלובאקיה, יגיע בראשית השבוע הבע באני ד‭"", ‬טראנ־ סילבניד‭. "". ‬ דאעויד חגי _איבדהים ‭_33 ni'‬נו בח-פה חיפה. — ראשיו האג' א י ב ר ה י ם (ראש האגודה המוסלמית בחיפה וקופת האומה, ומנהל הניף באבק האומה הערבי בחיפה) יוה בבנו אור ליום ד‭. '‬הבו נפצע קל ובאסף אל ביה""ח הממשלתי. כפי שמוסרים אירע הסיכסוך לרגל _חביעח הבן מהאב לקבלת סכום כסף גחל. התרמת ""עוז_> — הצנזורה אסרה את הוצאת העתון ""…"
1946-06-16	ahr	ahr19460616-01.1.4	"…יקה ובארץ. לבסרף הוצג סרט שנשלח באופן מיוחד מארח""ב, בו תוארו מפעליה של ""הדסה"" כמשך 50 השנים האחרונות התנקשות בקצין מחוז חיפה שבת אלמוני ניסר להתנ ‭-. — ., ‬ קש בליל שבת בקצין המתת רפיק ביי ב ־ידון' ליד ביתו _ברחרב טבריה. קצין המחוז נפצע בירייה בצווארו ונאסף אל _בית־החולים הממשלתי. מצבו אינו קשר, ליד _מקוס ההתנקשות נמצא אקווה. חפילדמארשאל מונטגומרי , ש‭,, ‬ ־ גיע לארץ ביום שש־ , ביקר אתמול …"
1946-06-19	ahr	ahr19460619-01.1.1	…גורדון . על שוו המכונית מנזאכסי־גורדון_, גווע כי בשעה ‭10. 30‬ בבוקר באו כמה צעירים והזמינר את הנהג ל. יע קובוס להסיעם _לבית־חולים ביילינסון. הנהג הוחזק — עד שעות אחר־הצהריים בגינה שברחוב גורדו!ואז שוחרר. המכונית נמצאה אחר־כך ברחוב _חובבי־ציון. _הלוניח 11 ההרוגים | בהתקפת חיפה במוצאירם ב בליל על י‭, '‬ההתקפה בתי־המלאבר, של הרכבת, הרכאו אל בית ; החולים הממשלתי בחיפה 10 גופות של מתקיפים שנהרגו ו …
1946-06-19	ahr	ahr19460619-01.1.1	"…בתורות : פרדה ברלין (בת ‭, (24‬מלבה גראנוביץ' _> _בח ‭— (19‬ שתיהן מתל־אביב ויהודית י חזקאל ;נת ‭— (20‬ משכונת תל־עמל שבחיפה (עובדת בבית־החולים מולדה‭. (‬ מכין 6 הבחורים הפצועים ידועים 2 שמות: צבי א ר טל וגרשון נסים. 11 הגופות הוצאו מבית־החולים ־ממ־ שלתי בשעה ‭5. 30‬ אחה""צ• בודדה וגלמו־ דה מאין מלווים עברה ההלוויה לבית־ הקברות. _פ־קםלר ט1ע! שהעלילו עליו !_גיןן""ד…"
1946-07-26	ahr	ahr19460726-01.1.8	"…י לאסוון ואריתרי אה, 39 ש _וווווו אתמוליוו מופ ת ל ־ א ב י ב, יום הי‭39 —. ‬ מעצורי רפיח, בהם 37 חברי מעקים שונים ו־ 2 מחיפה, הגיעו עם עי־ב לתלאבי־ב. ם _נ?ה_0 שי־‭. *‬און מבית החולים ־ ברפיח הועברו לבית־החולים ""זזדםה"" 1_ו_0קי העובדים _mim לקלש ra_־ ₪ם‭2. ‬ו 'ידים 1ב1_י־נ_1עד ‭!™‬ לה דיון על על*ית-ה11נגר במרכז החקר. י‭1-. ‬ו_11ד…"
1946-09-10	ahr	ahr19460910-01.1.1	"…ולשת בריטי נודה _ונהרג בחינת סה ב־15 הי , י ום בי ‭— . ‬ הבוקר. נורד, ליו מלון וינדזור םרג'אנט ברי־ טי מהבולשת המחוזית בחיפה ונפצע. הוא נפגע _ב־ד מקומות בגופו. נאסף אל בית החולים הממשלתי ושם מת. הניח אשר"" ממקור רשמי מוסרים, כי המתנקשים הס שני יהודים. הם נמלטו במכונית שמספרה רשום במשטרה והוא מ' 829…"
1946-09-12	ahr	ahr19460912-01.1.4	…תית בירושלים. :פצעו _כהתלקה כנזין - שני פועלים נפצעו בהתלקח בנזין מגפרור שנדלק במוסך כיאיר, בקרבח תחנת־ המשטרה האזרחית בחיפה. הפצוע מום־ טפה חדיר, בן ‭, 25‬נאסף לבית־החול־ם הממשלתי• בנימין מורחי , בן ‭, 14‬ שנאסף אף הוא לשם, הובא _אחר־כך אל _בית־חחולים רוטשילד סחר עם איטליה — הצעות זולות נ…
1946-09-12	ahr	ahr19460912-01.1.4	"…. ‬ הוטכ מצכש‭—. ‬ מצבם של 2 הפצועים משדות־ים אברהם מאקלר ופרץ שונינו הוטב בהרבה, לאחר שקיבלו את טיפולם בביה""ת הממשלתי בחיפה יצאו אתמול בבוקר אח ביה""ח. מכקשיב הנינה — הרמות הראשית בת""א פנתה במכתב אד מפקד הצבא הכללי בכמשת חנינה לצעיר אלקלעי, הנאשם ה־18 מחברי לח""י, שנדונו…"
1946-10-11	ahr	ahr19461011-01.1.7	"…י יום ו' על שלושה אנשים, שנפצעו קשר. הפצועים: מותמד עלי , בן ‭, 40‬עב־ רול ג'אואו!בן 45 ועבד אל עזיז, בן ‭. 40‬נאספו אל בית־החולים הממשלתי בחיפה. לבלוך דףדורנ זצלב-הקרס פ ת ת ־ ת ק ו ו ד"" יום רי‭—. ‬ תז־ כיד מחאה על לכלוך בזפת של קי־ רות, תלונות וכו' בידי פלוגת שו…"
1946-10-18	ahr	ahr19461018-01.1.7	…למפנה כמדיניות הציונית. נפצע _כמחצכה ומת איברהים מחמוד אסח מכפר וורדיה נפצע, בנפול עליו אבנים בעבדי במחצבה. הוא נאסף אל בית־החולים הממשלתי בחיפה ושם מת. _פגיעותיהן של מכוניות צבאיות ביום ד' בבוקר אירעה התנגשות בין מכונית צבאית ואופנוע. אחד מרונבי האופנוע אלנםנור פלקר מחיפה נפצע קשה. הוא נאסף על־ידי נהג המכונית הצבאית אל _ביח־החרלים הממשלתי ומשם הועבר על־יוי מגןוודאדום אי בית _החרי אותו יםי …
1946-10-23	ahr	ahr19461023-01.1.4	…ידע לשחות. גם נהבט בקפצי מעל הסיכון החיילים משו אותו מן המים ושעה ארוכה ערך הטיפול בו עד שהצליחו להשיב רוחו אליו. הובאו לבית־החולים אל בית־החולים הממשלתי בחיפה הובאו 3 מעפיי י ים חולים: יואכים לאטד בן 25 מרומניה, תולה במתלת לב והובא אל מחלקת המחלות הפנימיות _: ז'אנט אברמוביץ, בת…
1946-10-23	ahr	ahr19461023-01.1.4	…אה פירסמו במידעות מרחו־ בות. וועד הקהילה שלח מברק עידוד לכול המעפילים המגורשים. מודיעים רשמית כי המעפיל שקפץ הימה ונלקת לבית־החולים בחיפה הועבר לאחר ששב לאיתבו למחנה עתלית. בין חמשת המעפילים האחרים שנאספו מהאנייה לבית־החולים יש שתי נשים שני גברים וילד אחו. …
1946-11-01	ahr	ahr19461101-01.1.8	…ת, דרור וכפר מונש. נד, קש ר; בחוף ממוקש חדרה נפצע — בהתפוצצות קשר, ביום מו ד' - מוחמד חסן עטר, בן ‭, 22‬מערב מישאאת נפת חיפה. הוא נאסף אל בית־החולים הממשלתי בהיפה ומת שעה לאחו שהובא לשם. נכגע _טנזכדנית - על־יוי מכונית יפו ט‭_*, ‬כםי צאיח נפגע חוראני אתמול , בן בהיפר ‭…
1947-01-05	ahr	ahr19470105-01.1.4	"…עזוב את הארץ בעוד שלושה חודשים. נודע לנו, כי עוד 3 פקידים, שיעבדד במזכירות הראשית , יגיעו בחודש מארס. מגא' ר 3ד_8מ3_ד_& חיפה, שבת‭—. ‬ מאיר _ברומ־ בדג' חייל משוחרר בן ‭'35‬ מת אור ליום ר במלון ברחוב הרצל. גוסתו נאספה אל בית־החולים הממשלתי. מוסרים, כי את מעשהו הנואש ביצע על רקע משפחתי. שרה ל""טד ג ךש מ ו א ל. שבת‭—. ‬ שרה לייטר, נפטרה אתמול אחרי מחלה אנושה בבית חולים רוטשילד בחיפה בגיל ‭. 71‬ עלתה ארצה לפני 12 שנד, מרוהסין היתול בקיבוץ גן־שמואל ולא הניוזה את עבודתה עד ימיה האחרונים. היתד, כאן 2 בנו…"
1947-01-05	ahr	ahr19470105-01.1.4	"…""א ירושלים, שבת — _מוחמד מ חטב י, אחד השודדים הערבים שנתפס אחרי קרב עם מכונית טאכסי בתלאביב, נדון למאסר 15 שנד, על־ידי _ביח־הדין הצבאי בירושלים. משפט השודדים האחרים שנתפסו יתד אתו יתברר כמשך‭4 [‬ , שבוע הבא. _צעד תמוה של אנשי אחה' ע בחיפה חיטה, יום וי‭—. ‬ בישיבה _האחרי־ נר, למ. פ. חיפה !בחר מ. מוזר (המפלגה לאחדות־העבודה—פועלי־ציון) כמזכיר־בפו""ל באגודת פוע…"
1947-01-21	ahr	ahr19470121-01.1.3	"…*. ‬ מעשה בגוויית נרצה שהוצאה בעל מבית־חחוליפ בית־קפר, ערבי הממשלתי , מוחמד אבו חמו' נרצח במוצ""ש סמוך לחצות בשוק הערבי בחיפה. גופתו נלקחה לבית־ החולים הממשלתי. ואתר שעה קלה הגיעו _לבית־החולים כמאתיים איש מקרובי הנרצח ומידידיו ומשמצאו את השער סגור, טיפסו מעל לגדר, נכנסו _לבית־התולים והוציאו את הגווייה מעל לגדר …"
1947-01-21	ahr	ahr19470121-01.1.3	…שת את החשוד כרצח בשם עבדול _בנדוק• בא לבקש פיצוי ונפגע ככדור סעיד אל אחמד, פלח מערבי באטום פכר ליד עכו, בא אתמול בבוקר לחיפה לבקש פיצויים ממשרד הצבא. בעעת תמרונים נחרב חלק מעצי הזית ש בכרמו. כשעמד להיכנס אל המשרד פגע ברגלו כדור, שנפלט במקרר?מרובהו של קצין. הפצוע נאסף אל בית־החולים הממשלת י . המרפאה ההדשח ככפר־אתא המרפאה בכפר־אתא עוברת היום לבניינה החרש• היום לא תהיה קבלת חולים במקרים דחופים יש לפנו…
1947-01-22	ahr	ahr19470122-01.1.3	"…חולצתו התחתונה 'שגתפוו לצרוך זה, ' וזימה הסערה הפילתו אחמד טאלב עבדאללה, עובד ב_^מל בן ‭, 25‬ניתף בשעת הסערה בעבור בנמל חיפה, ביום בי. הוא נפל ובגום לו שבר ברגלו השמאלית ובמרפקחו נאסף אל _בית־החולים הממשלתי. נוטר נדרס עבדאללה מוחמר עבואללה, נוטר, נדרם על־ידי מכונית צבאית, כשירד מאוטובוס משירווזמשמר־המפרץ"" בד- "" רי עב…"
1947-01-22	ahr	ahr19470122-01.1.4	"…שים במכוניות המהלכות בין ירושלים ויפו. התנועה עוכבה, ותורים ארוכים של מכרניותנראר בורך, איש לא נעצר. ד""ר שמעון כמש מנהל בית־החולים הממשלתי ""הירקון"" _בתל־אביב הועלה בדרגה ונשלח לאנגליה להשתלם במקצוע רפואה על חשבון _הממשלה. שוב מצל־צלם הפעמונים‭.. . ‬ חיפה, יום גי‭—. ‬ הבוקר בשעה ‭6. 40‬ קיבלה המשטרה בחיפה הודעה, כי במשרד הדואר הראשי ברחוב המלכים, טמונה פצצה. העובדים יצאו מ…"
1947-01-23	ahr	ahr19470123-01.1.4	"…ל 14 תאונות-דרכיש שאירעו אתמול מר דיעה לשכת. המודיעין הממשלתית. 2 אנשים נפצעו קשה‭4. ‬ אחרים, בתוכם אשת אחת, נפצעו קל. בחיפה היו 5 תאונות‭3, ‬ מהן על ידי התנגשויות של מכוניות ציבוריות עם כלי־רכב אזרחיים. נחג של טאכםי נפצע קל ונאסף אל בית-החולים. בירושלים ובכביש ת""א—ירושלים היו שתי תאונות. בטבריה נפצע קשה אברהם ב ק מראשון־לציון, _על־ידי מכונית של הליגון הערבי. הפצוע נאסף לבי""ח שמייצר. בכביש חיפה—ג'נין התנגש ג'ים במ-כונ-ת צבאית. בכביש יפו—ירושלים נפצע קל, ע""י מכונית' ווליד מוםטפה בידאווי. _בתל־אביב התנגש אוטובוס ב…"
1947-01-23	ahr	ahr19470123-01.1.4	"…כוניות צבאיות. ועוד תאונה . 2 נפצעו היום כשמכונית צבאית התנגשה בעגלה בדרך בנימינה _וכרון־יעקב. אנשול כרונשטיין נאסף אל _בית־החולים רוטשילד ועמין מוסטפה _אבו־שחב — אל _בית־החולים הממשלתי בחיפה. 121_עלי ד""נקיו!ביב!ש‭=11‬ת""ם ותובעים העבדת?לשכר חודש"" פקיד העירייה מאיים ב_3יט!_ד־ם !במשטרה יפר, יום די‭—. ‬ היום הפסי…"
1947-01-23	ahr	ahr19470123-01.1.4	"…עוברים את איטליה זקוקים מעתה לוויזה• מתה מכוויה — רופיה חמד _מוסט־ פה, מחרשיחה, נכתה לפני 5 ימים ומתי‭, ""‬אתמול מפצעיה _בבית־החולימ הממשלתי בחיפה. מורידים כרוזי טירור - _אוגמול הו ודי בכמה מקומות _בתל־עביב כרוזי אצ""ל ולח""י. כן גררו מעל גבי הקירות סיסמאות של כנופיות…"
1947-02-02	ahr	ahr19470202-01.1.4	… להסכים לכך מהשש שלא י וכלו לעמוד בתנאים אלה בהתחרות עם הכתבים האמריקנים. האחרון יצא‭—. ‬ אחרון הנוטרים הערבים, שנפצעו בחיפה בליל ההת־ םוצצות ב־12 בינואר, החליט ויצא מבית־החולים הממשלתי. החום !_חוודפאה _האובדת _ניוושל י0 ‭. !!!!!. ‬ח יי‭. !‬ק!י־' ק!_םח־!_ז!_ליפ תל־אביב‭-. ‬־ ממרכז _קופודחולים מום…
1947-02-02	ahr	ahr19470202-01.1.4	"…ות בראשון לציון כשנמצא ברשותם נשק ושבטים. שבקש להם ויורה. — אלמוני נ‭"":‬ נס ביום ו' לפנות בוקר לביתו של פארם עיד נאמור בחיפה וביקש לחם. משנענה בסרוב, ירה בבעל הביון (בן ‭(30‬ ופצעו בכליוח, הפצוע נאסף !אל בית החולים הממשלתי בתיפת• _תאוגות דרכים _כחיפיה. — ערף עבוול ראי‭, &‬בן ‭, 22‬מכפר בורקד, בסביבת שכם, נסע בשבת בבוקר במכונית טאכסי…"
1947-02-09	ahr	ahr19470209-01.1.4	…—. ‬ תאו־ נות דרכים אירעו בארץ מיום חי. 3 אנשים נהרגו ר13 נפצעו‭4. ‬ מהנפגעים הם ילדים — מוסרת לשכת המודיעין הממשלתית. _בית־החולים הממשלתי בחיפה מוסר על ארבע תאונות דרכים שאירעו היום, מהם אחד מקרה מוות. חמאידר אבשלום כפסי מונו, לקצין מחוז במחוז ירושלים. הוא ההל בע…
1947-02-09	ahr	ahr19470209-01.1.4	"…יקרה אתמול אצל הקונסול האמריקני. חשבו סן יוחרם _בית־החולים וביקשו את עזרתו של הקונסול פ י נקר ט ו ן• הוכרז על מצב חירום בבית-החולים ורוב הרופאים חוייבו לישון במקום. ראשוני _ם־וינה נאים חיום וזיפה‭—. ‬ באנייה ""אנטוניו"" עומדים לבוא היום אתה""צ מרודוס לגמל חיפה 20 ממעפילי םירינה, שנשלחו לרודוס בהיותם חולים ופ־ ציועים. אלה הם ראשוני הבאים ממעפילי סי־ רינה. אתריוע עומדים לבוא השבו…"
1947-02-14	ahr	ahr19470214-01.1.5	"…גיב בתאונות דרכים בתאונת ורכים ליד גשר ""של"" נדרס ביום ד' אחר הצהרים 'אדווין קארפונקל, כעובדי הצבא. בן ‭. 55‬הוא נאסף אל בית החולים רוטשילד ושם מת. _חיםין מוחמר נדרם על־ידי מכונית במזרח חיכה לפני 3 ימים ומת הבוקר בבית־החולים הממשלתי. מוחמר _אחמד כנען נדרס ביום ד' בכביש חיפה־טירה. הו;ג נאסף אל בית החולים הממשלתי ושם נקבע כי נגרם לו זעזוע מוח. מצבו אנוש. כועדת התרבות שליד מ, פ. ה. ערב מחול של …"
1947-02-14	ahr	ahr19470214-01.1.8	"…מה תסתיים בי14 באפ־ ריל. נפצע כשפצצה ביד"" חליל אברהים חילו, מכפר אראו־ר"" נפצע ביום בי, כשהחזיק פצצה ב'ירו. הוא נאסף אל _ביה־החולים הממשלתי בחיפה. 1 תאונת""דרכיב , רגלו של אברהים חאג' עלי טאהא I נשכרה, כעעלד. ביום ב' על אי־תנועח j במושבה הגרמנית. הפצוע נאסף אל י ?בי…"
1947-02-16	ahr	ahr19470216-01.1.3	"…די וועד ד?קהלה ניתנה העניקה בסך 25 לא""י בהיוולד לו הילד השישי. נפצעו כהתפוצצות פרימוס בשתי התפוצצויות פרימוסים, שאירעו בחיפה, נפצעו חלימה חג' אודה, בת 12 _וחיירי אחסר מוחמר' בן ‭. 18‬ במצב רציני הובאו אל בית־החולים הממשלתי. אכן פינה למעון לילדי מגוייסיפ החיפה ביום ג' כשעה ‭3. 30‬ אחה""צ תיירה אבן־הפינה לבניין מעון לילדי מגוייסים בחיפ…"
1947-03-18	ahr	ahr19470318-01.1.3	"…: מצא פצצה בשדה. הרועה זרק את הפצצה על סלע ו""החפץ המוור"" התפוצץ. התוצאות היו קשות מאוד: הרועה נהרג. משתי הילדות, שהובאו לבית־החולים הממשלתי בחיפה, מתה אחת — כאוכב !השנייה — זכיה מצבה רציני. זקנה נדרסה אמינה עלי אל חילו מכפר יגיור, בת ‭, 80‬נדרסה במוצאי יום א' ברחוב נצרת על ידי מכונית־משא אזרחית. נג־ רם לה שבר בשוק־רגלד, ונאספה אל _בית־החולים הממשלתי בחיפה. לאקדמיה בפאריז י. מוטולד, וא. קרוכמאלניק, תלמידי הםטודיה לציור של פ. ק. הניך בחי־ פה, נתקבלו ללא־בחינה באקדמיה לאמנות בפאריז. הם נתקבלו על סמך עבודותיהם. מעפילה שילדה טובה לווין' ממעפילי ""ברכה פולד‭. ""‬ יי־דה אתמול בת _בביח־החולים הממשלתי בחיפה. כוועדת התרבות שליד מ. פ. ח, פגישת פעילי התרבות — הערב ב־‭7. 30‬ ב""ביתנו‭:""‬ כיצד נארגן את פעולת התרבות בין העולים החדש…"
1947-03-21	ahr	ahr19470321-01.1.10	… נפתח כדברי ז, ברנארד. חברים רבים השתתפו בוויכוח וי. ריפטין ענה למתווכחים. _חתנ!ו!_נצ1_ת המת1קש נבצע לבו? שביצע את זממו חיפה, יום ר‭—. '. ‬ תערב בשעה ‭9. 20‬ נשמע בחיפה קול נפץ עו. נודע כי ההתפוצצות אירעה בהדר הכרמל בידי יהודי שנפצע ונאסף אל בית־חולים צבאי ומשם אל בית־החולים הממשלתי. המקרה קרר, ברח' םירקין. הפצצה התפוצצה בידי בחור יהרוי כבן ‭. 20‬באותו ו זמן עבר ליד המקום ג'יפ ובו שני שוט־ 1 …
1947-03-24	ahr	ahr19470324-01.1.3	"…פתיהת האסיפה השנתית הששית של אירגון ם""לי־ _הדגיס. על באי האסיפה לפנות למוכי _־ רות במעון ""כרמליה"" ולהירשם שם מיד כבואם לחיפה. התנקשות ואהוד _םאמבחר, בן ‭, 40‬מרחוב מר יוחנן בחיפה, נורה במוצאי־שבת ע""י אלמוני. פצוע בירו השמאלית הובא אל בית־החולים הממשלתי. בוועדת התרכות שליד מ. ש. ח. בחוג לבעיות חי נוך, — הרצאת הערב צ . ברוובםקי ב־8 ב : בי ביה תנו ‭"" ""‬ ס . ו מדויכ…"
1947-03-24	ahr	ahr19470324-01.1.3	"…מק־הירזן טיול מורים ובגליל רגננדת ייערך על פני ביום הכנרת ב ‭31 , , '‬ ב0ארם, הרשמה ופרטים — במועצת המורים למען הקהק""ל בחיפה עד י ום הי‭(. ‬ ־ ל במארס. הרשמה כספר־הזהב יעקב""מאיר ווייצמן, בעל ביח־החרועח לגפרורים ""נווי־ בעכו ורעיתו 1 גיטל נרשמו בפפר־הזהב של הקהק' ־ _על־ידי פועלי בית־החרושח כברכה לרגל הולוח נכדם הבכ…"
1947-03-26	ahr	ahr19470326-01.1.3	"…ם וסידרה אי‭. (‬המנצה. מ. טאובה. הסו־ ליסטית: שולמית שפיר (פסנתר‭. (‬ הקונצרט לטידרה ב' — ייערך מהר ב־9 בעין־דרר‭. _"" ‬ חיפה תאונה כעבודה מוהמד רג'יב סרהד, בן ‭, 30‬נפצע אתמול בבוקר בנמל' בנפול עליי חבי־ה• גגרם לו שבר בצלעות. נאסף אל ביח־החול־ם הממשלתי. תאונת דרכיס אחמד חוסיין סייד, בן ‭, 30‬נפגע במוצאי יום ב' ברחי סטאגטרן על־ידי מבינית־מניא‭. -‬גגרם לו שבר בזרוע וגאסף אל ביה""ח הממשלתי. נחש הכישו בווץריו אי סרים (מחוז חיכה) הכיש נחש את הנער מוחמד חוסיין חגי, בך ‭. 13‬במצב י־ א קשה נאסף אל ביה""ח הממשלתי בחיפה קצין נהרג בהתהפך ניב הצהרי בהחהסך ם בקיבר ג'יפ . _ביתיהחוייס צבאי ביום הממשלתי ב' אחר , נפגעו 2 קציגים ־ _בדרגח קפיטן. …"
1947-03-26	ahr	ahr19470326-01.1.3	"…צירלי"" כ־8 במוגרבי ת""א ‭*>‬ ע1דלוק ‭$£_&$_*‬ ה, למם ""יי""""י ‭. »*-""""‬ ב ת ""א י ום ה' ‭27. 3‬ ב־9 ב "" ארמון"" הצגת־ בכורה בחיפה מוצ""ש ‭29. 3‬ בי‭6. 45‬ וב־‭9. 30‬ בביח העם, ח""א יום ב' ‭31. 3‬ ברעננה התחלת ההצגות הרגילות בשעה 8 בערב כבית המשפט המחוזי פת""א רושה מסי ‭194/47 ‬ תיל י , בעני!…"
1947-03-27	ahr	ahr19470327-01.1.3	…לט _מאקדחפ של _אררחים, שביקרו בביתו של מוסטפר, עלי הלס, בן ‭, 30‬בערב אל אווי ליד כורדאני. בעל־הדירה נפצע בירך ונאסף אל בית־ החולים הממשלתי בחיפה. מחזיקי חשיש 4 ערבים נוצוים הובאו ביום ג' בכני שופט־השלוס הראשי חליל שיתא־ה באשמה, שב־24 במארס _החזיקר 87 _הפיסות־חשיש,…
1947-03-27	ahr	ahr19470327-01.1.4	"…לתי דימוקראטית, כיוון שהיא נותנת 100 אהה למפלגה שחבריה אוספים אפילו 51 אחוז, הבחירות האישיות אינן מתקבלות על הדעת בעיקר בביח""ר כ""אתא‭/'‬שיש בו כעשר מחלקות, שתים־שלוש משמרות קבועות והעובדים פזורים על פני כל שכונותיה של חיפה. מצב אבסורדי זה הוא, כנראה, שהניע את הרוב בוועדת הביקורת המרכזית להציע, כי כל מפעל המונה למעלה מ־300 פועל, יבחר את הווע…"
1947-03-30	ahr	ahr19470330-01.1.4	"…שרות האוטובוס ""משמר־ וכן נהג המכונית הצבאית — ערבי ופועל ערבי שנסעו באותה המכונית. הפועל, _מוחמד אחמד חוסאן, מת אחר־ כך בבית־החולים הממשלתי בחיפה. _התאונה אירעה ליד משק עין־שרד» כשמכונית ""משמריהמפרץ"" עמדה כדי להוריד נוסעים. עזרה ראשוגת לפצועים — הוגשה בנהריה. שלושה…"
1947-04-15	ahr	ahr19470415-01.1.3	…תנא לאיוס, בן 52 וה־ נהג ווי חלול יורנוס, בן ‭, 28‬נפצעו במוצאי יום בי, בהתהפך _מכוניח־המשא שבה נסעו• _שניהפ הועברו אל _ביח־זזחו־ לים הממשלתי בחיפה. _הד־אביב‭—, ‬ הערב ב־8 ישיבת הנהלת תא המזון. ב־8 בערב, ישיבת הנהלת תא המתכת ב־8 ישיבת וועדת 1 ־. תרבות לקראת ה־1 במאי.…
1947-04-15	ahr	ahr19470415-01.1.3	"…המכירה וכי שכר המכריז ומם ההכרזה וההעברה חלים על הקונה. י. פרידמן, מזיר ראשי של בית משפט השלום נ_!ת""א. נדקר ז בבית־קפה בחיפה נדקר במוצאי יום א' מותמד ברהם אסעו, בן ‭, 27‬כתוצאה מקטטה. הוא נאסף אל _בית־החולים הממשלתי, דליקה בדירה ברחוב הגלעד 38 פרצה דליקה, בהתלקח בנזין שנשפך. האש אחזה ביהיטים. מכבי-אש מתנדבים מהדר־ הכרמל טרחו …"
1947-04-16	ahr	ahr19470416-01.1.1	…נוקות. לאלמנות שני הגברים שקיפחר את חייהם כשעת הפעולות ניתן ללוות את גוויות בעליהם אל החוף בשעות הבוקר. ההלוויות נערכו _מבית־החולים הממשלתי בחיפה בשעה ‭42. 30‬ הציבור היהודי בחיפה הכריז על שבתון של שעתיים. למספר קרובים של המעפילים שהעברו לבי החולים ניתן לעלות על החוף. הוועד, אחרונה מוסרת כי בשעת 5 …
1947-04-16	ahr	ahr19470416-01.1.1	"…ד גהונ? גדיה ב‭18""‬ באוקטובר 1923 חכר גורדוניח נחרג מידיות _חחייליש אלפים פועלים שבאו קהל, ביניהם _מבתי־החרושת, נהרו אל בית־החולים הממשלתי' שמשם יצאה ההלווייה. הגי ודיית, שהיו עטופות דגלי הלאום, הוצאו _מבית־החולים, כשלפניהם יער דגלים לעומייב. אחר הגופות הלכו ראשי היישוב העברי בחיפה, ביניהם ד. בר-רב־ האי "" א. פרידלאנד, והרב י . קניאל. לום נישאו את ההע סיסמות פלה‭: ""!‬ ""קורבנות "" שום כוח לא לא ־פחי י …"
1947-04-16	ahr	ahr19470416-01.1.1	"… המפרץ‭. ""‬ליד הקבר הספיד הרב י קני־ אל את קורבנות ההעפלה. בשעה 12 בצהריים נמסרוגווי הות לקבורה והוסעו במכונית משטרה אל נית־החולים הממשלתי. חיפה העברית שנתה בזמן ההליויי ד, משעה 12 עד 2 _אחר־הצהריים לאות אבל לא היו בערב הצגות בבתי־הקולנוע בעיר. אבל היישוב ונל חללי…"
1947-04-21	ahr	ahr19470421-01.1.3	"…כים. נורה ע""י מתנקשים דאך, ר עומר מוצטפה, בן ‭, 40‬מכפר _דאמון בנפח עכו, נורה _במוצאי־שבת בגבו ע""י אלמוניכ. הוא נאסף אל בית־ החולים הממשלתי בחיפה. כתערוכת ההפתדרדת תערוכת ההסתדרות ב""ביתנו"" פתוחה בכל יום _מ־9 עד 12 ומ־4 עד 9 בערב. בעניין ביקורים קולקטיביים יש לפנות …"
1947-04-22	ahr	ahr19470422-01.1.3	"…יב, ע""י ב. כ, נ. חת, ד. טובבין וי• שטראוסמן, עורכי־ דין. להוי ידוע לכל כי גבי גני־, קניזני־ קוב פנתה לבית המשפט המחיזי בחיפה בבקשה למתן צו המכריז על ירושה המנוח שאול קניזניקוב מעפוי _י ה, ובי ביח המשפט המחוזי בחיפה יעכיע אח הבקשה הזאת ביום 13 לחודש מאי 1947 בשעה 9 בבוקר. כל התובע זכות הנאה, עליו להופיע _בנזועד _וב…"
1947-04-22	ahr	ahr19470422-01.1.3	"…מה, נדרס שהיד אנא בטאוי, בן ‭, 7‬נדרס ע""י מכונית משא מספר 1 ברחוב נצרת ביום א' מחה""צ• נגרם דו שבר בגולגו־ יי ת ונאסף אל בית־החולים הממשלתי. קרנות מיוהדות בהדודאה וחסכון' "" בשנת 1946 הופעלו ב""הלוואה וחסכון‭, ""‬חיפה, אגודה הדדית בע""מ‭2, ‬ קר - נות מיוחדות . ־ קרן למתן הלוואות לחיילים ונוטרים משוחררים. מקרן זו חולקו 39 הלוואות בסכום ש…"
1947-05-07	ahr	ahr19470507-01.1.4	"…ט. שני חיילים רדפו אחריו, אולם הנהג נעלם בונור פרדס, נוסע שגי במכרנית — שמו ראובן בן יקותיאל סטאן מתי'א — נפצע ונאסף אל ביה""ח הממשלתי בחיפה, מצבו אינר קשה. הפצוע נעצר לצורכי חקירה. המכונית נגנבה בת""א באוחו י ום, אולם לא הרויעו ע''כ למשטרה. פועל?פר""־פנר ‭"" '""‬…"
1947-05-12	ahr	ahr19470512-01.1.3	"…דה נדרכה מאבלי צלח מוסר"" ילדה מוסלמית בת 10 מדיר אל אסעד, בנפח עכו, נדרסה בשבת ע""י מכונית־משא אזרחית. במצב קשה הובאה אל בית־החולים הממשלתי בחיפה? ילד מת בנפילה לבדר עוואו _אחמו ו1מרי , ילד מוסלמי בן 5 מרחוב םטאנטון‭1, ‬םל בשבת בצהרים לתור בור בקרבת ביתו• הרעבר לבי…"
1947-05-26	ahr	ahr19470526-01.1.3	"…ד ‭!2 30‬־לפנה""צ ימ־4 עד ‭6 30‬ אחה""צ (מלבד יום ו' ושבת‭. ( ‬ נהרג כתאונת דרכים| מחמוד אברהם הובא מת במרצאי י רם הי אל _בית־החולים הממשלתי בחיפה. נדום ע""י מכונית. הוא כנראה מג'נין כבן ‭. 25‬ נפצע ילד רוכב‭_^""‬ופנייפ במרכז המסחרי הדדש התנגשה מכוניה היי ד ציבורית משה חלבוני באופניים . _נ־רם , ל שרכב ד פצע עלי בברך הם ונאסף ע""י מגן דוד אדום אל ביה""ח רוטשליו. שרות "" אגדי _דנווה־יכ האוטובוסים של ""אגד"" יוצאים מחיפה בכל י ום ב־6 :בוקר‭4, ‬ אחה""צ, בימים א' ג' ו' גפ _ב־‭11_. 30‬ בבוקר. בבוקר מנווה־ים ‭4. 30, ‬ לחיפה אחה""צ בכל ובימים י …"
1947-05-28	ahr	ahr19470528-01.1.3	…ו' ושבח‭. (‬ נפצע בירייה ומת לסלמן מוחמר סעיד, דרוזי בן ‭, 15‬ מכפר עוספיה בהר הכרמל, נגרם פצע מיריד, כירך. הוא נאסף אל בית־החולים הממשלתי בחיפה ומת למחרת בבוקר. פקיד דואר נאשם במעילה כשארד, קרבטי, פקיד בדואר חיפה, הובא בפני משפט־השלום באשמת מעילה. הוא קיבל מאח דוד גראד סכום כסף לשליחת צרור בדואר האוויר להולנד ואולם שלח אח הצרור בד…
1947-06-08	ahr	ahr19470608-01.1.3	"…""הבוערת‭. ""‬ על המשקים המעונינים בעזרת תלמידים בבציר, אסיף ועבודות אחרות במשק, לבוא בדבריט עם מועצת המורים למען הקהק""ל בחיפה (בית הקרנות, רח' הרצל, טלפון ‭. (2570‬ נפצעה ביריות במצב קשה הובאה לביה""ח הממשלתי בחיפה חלימה מוחמד סעיד, בת 28 מכפר נהר בנפת עכו. היא נפגעה בכדור בכבד ביום הי. ד א ד י ר בעברית ‭7. 15 :‬ ו ‭. …"
1947-06-08	ahr	ahr19470608-01.1.3	"…רב ‭"" 8 6‬ בקצוי הכרך"" בבית הבימה תל אביב י ום ב' ‭"" 9 8‬ אידפום המלך"" בבית הבימה תל אביב יים גי ‭"" 10. 6‬ משפחת היינה"" בביח הבימה תל אביב יום ד ‭"" "". 6‬ היהודי זים'־ באמפיתיאטרון רמת־גן יום ה' אולם ‭12. 6‬ ""ארמון ""עדי "" כמר , חיפה "" ב־9 בערב התחלת ההצגות הרגילות בשעה 8 בערב I כרטיסים 1 _בייפח נמכרי הבי ם : מה‭, ""‬ שדרות תרם""ט, טל• 4390• ‭"" 2‬ • במש…"
1947-07-13	ahr	ahr19470713-01.1.3	"…צגה — צבי פרידלנד, הצייר — ג'ניה ברגר, מוסיקה — עמנואל פוגצ'וב. ~ ביום הי ‭n. _7‬במטבח"" "" בשעה ע בערב, אודם ‭,, ‬ארמון"" חיפה ביום ה' דדואהבת ציך ‭"" "";‬ ביח־העם, רחובות התחלת ההצגות הרגילות בשעה 8 בערב ן כרטיסים נמכרים: א. בקופח ""הבימה ‭1 , ""‬ ן שד' הרסי כ, הל‭. M90. ‬ב. במשר…"
1947-07-13	ahr	ahr19470713-01.1.3	…ה בהיותו בשדה ביום ה' כמגיד אל כדום ליד עכו מצא חסן _חוסיין אלחנן פצצה. בהתפוצצה ברמה לו המציאה פצעים קשים והוא נאסף אל בית־ החולים הממשלתי בחיפה• מצב העבודה מספר מבקשי־העבודה גול מחודש מאי ליוני ב־63 מ־1361 ל־‭. _1424‬ביוני היו 1989 םידורי־עבוור, מהם 61 לעבודה קבו…
1947-07-13	ahr	ahr19470713-01.1.3	"…ם הדכו שלושת הנאשמים הערבים במשפט ננד נוקמי השייך זינאתי הוכו קשד. על יו־""האסירים הערבים בעכו מהעב _ערםאן הובא במצב קשה לבית־החולים הממשלתי בחיפה קולנוע הדש בשכונה הגרמנית נפתח קולנוע ערבי הדש — ""סינמא כרמל‭. ""‬ שוד יוסוף ע לי אישי, בן ‭, 35‬משבט _חמראת, הותקף ונדק…"
1947-07-15	ahr	ahr19470715-01.1.3	"…מעל הקיר כווזים טריים, בהשתדלם להשאירם שלמים. 3 פצועי תאונת דרכים _מכוגית־משע החנגשד, במרצאי יום א' במכונית־טאכסי בכביש חיפה—עכו. 3 _נוםעי הטאכסי הערבים נפצעו. הם נאספו אל _בית־החולים הממשלתי בחיפה. ילדה נדרסה פאטמר, עבדאלה עכדול עזיו, ילדה בת 5 משכונת חליםה, נדרםח ביום א' אהה‭''‬צ ע""י מכונית אזרחית. נ…"
1947-07-20	ahr	ahr19470720-01.1.1	"…ילים, עיניה עצומות והיא מחזיקה בידה את יד הילד ההולך אחה, מחוות מזעזעים. כמה תינוקות מובלים בעגלות. האלונקות מובאות אל ""בית־החולים"" הארעי. כאן פוסק הרופא להשאיר בחיפה את הפצועים קשה. מראה כלילה בלילה הואר רציף המטען בפנסי חשמל. על האונייה ניתכו קרני זרקור, החיילים החחלפו בינתיים. להקות…"
1947-07-20	ahr	ahr19470720-01.1.1	"…יו כמה פצועים אחדים‭. ""‬ בשבת _נאנלר בהודעי. רשמית: ""הודעות שלא אושרו עד עתה מוסרות כי אחד מעובדי האונייה, אמריקני, מת _בבית־החולים הממשלתי בחיפה כתוצאה מפצעים שהוא קיבל במשך פעולת תפיסת האונייה‭. ""‬ , _שלשה מתים'' וביווער, ניס' 5 הגיעה נבר לשכת _המוויעין לסינום: ""נתקבל אישור כי אחד מעשרת הגברים מאוניית גארפילד המוחזקים _בבית־החולים הממשלתי בחיפה מת הבוקר. מספר האבדות הכללי הוא ‭, ""3‬לפי שיוור ואדיו ירושלים אמש, מתו הקרבנות משברי גלגולת. לדברי ההודעה, לא הופעלה מכ…"
1947-07-23	ahr	ahr19470723-01.1.4	…צאי י ום ב‭, '‬הוא בן־ציון כ ה ן, בן 8 וחצי. הוא נפגע ברסיסים בשעת התפוצצות, שבה נוקש הג'יפ הצבאי. אביו — פו־ על־בניין בחיפה. היוויתו _י של ב ן ־צי ו ן כהן נערכה היום אח ר־ה צהרים, וועד הקהילה סיר־ סם הודעות אבל על מותו. בית חולים ליולדות !נתח בחדרה וות חררה לשומרון , י ום ולע גי. _מק־חסר — בית־חולים נפתח לי כאן ול־ _על־ידי קופת־חולים. המוסד נמצא ב…
1947-07-23	ahr	ahr19470723-01.1.4	"…לה לקופת־חולים 20 לא""י , מזר. משחתף החבר בי;נ/נ9 לא""י. הגרעון המשוער בשנה הוא 15 אלף לא''י . בקשר עם המצב _האבאי בנתני _לבית־החולים ה, הוקצבו בחדרה לה כרטיסי . לידה "" יוחדים חיפה _מכבדת את! זכו ש י אל?_א וק י ‭™ ! ‬ היפה, יום ג‭— . '‬ צםירותיהן של"" ממניות היו הבוקר בשעה 10 ריאות לכבד יאת זכרו""של א…"
1947-07-25	ahr	ahr19470725-01.1.9	"…א נפגע כירייה ירייה שנורתה מן הצבא פגעה _בחפיז עבוול דחים חמד, בן ‭, 19‬מכפר ג'מעין בנפח־שכם, עובו בנאפ""י. הוא נאסף אל _בית־החולים הממשלתי בחיפה, ומצבו משתפר. אורח ושמה"" בכיית כוויות בגוף"" נגרמו לסאדיקה אל־חג' רז. שיד איבעיאן, בת ‭, 20‬מעכו, לאחר שבעלה זרק _בשעתיערב מנורת־נפט וולקת. בהתפוצצות פרימוס ביום ה' בבו־ קר נגרמו כוויות לםאויקה סלים בא־ וואן, בת ‭. 18‬הפצועות נאספו אל בית־ החולים הממשלתי בחיפה. מכונית פוגעת מכונית אזרחית פגעה ביום הי בבוקר _במוחמי םעיד חמדן, בן ‭, 30‬מכפר קואיר בנפת חיפה. הוא נאסף אל בית־ החולים הממשלתי. כינוסים, מםיכות והרצאות ע י ר ־ ג נ י ם‭—. ‬ בשבת ב־5 אחה""צ אסיפת ""לעם כמצור"" בהשתתכו…"
1947-07-25	ahr	ahr19470725-01.1.9	"…והדי המפלגה ממשקי־הסביבה בשער־הגולן: דו""ת פוליטי ושאלות אירגוניות, פ ת ח ־ ת ק וו ה‭—. ‬ במחנה יהווה בשבת ב־5 אווה''צ, _בביח־הםפר — הרצאת ח. זכאי: במערכה הציונית. חיפה‭—. ‬ _בחוג־הצעירים בליל־שבת קונצרט תקליטים — בטהובן: הפתיחה ל""אגמונט"" וקונצרט מס' ‭"") 5‬הקיסר‭:(""‬ אופנבאר — הפתיחה ל""א…"
1947-08-01	ahr	ahr19470801-01.1.11	"…79/47‬בענין: המנוח יעקב מנדל זינפלד, מפולניה. המבקש: ־מר ישראל זינפלד, מכפר חרדת, ע""י ב""כ ד""ר ז. ביגל 1א. דודסקו, ער""ד מחיפה. להווי ידוע לכל כי מר 'ישראל זינפלד מכפר חרות פנה לביח המשפט 'המחוזי של חיפה _ בבקשה ליף‭__2‬ צי ־המכר־ י ־ז־־עקי־יודעיי־־ן‭""3_?‬דיז ‭__si'j'""‬ ־‭;""""‬ זינפלד, מפולניה, דכי בי…"
1947-08-01	ahr	ahr19470801-01.1.11	"…מוצאי־שבת ב־‭. 15‬ד — קונצרט תק־ ליטים : בטהובן — סימפוניות שביעית ושמינית. נפצע בעבודה שבר בגב _נגרמ להסן רמדן, בן 22 מחיפה, בנפלו בשעת עבודה ביום ד' מגדבה 5 מ. הוא נאסף אל בית־ החולים הממשלתי. אלמוני נדרם ומת בהתנגשות מכוניות נפצע אור ליום ה' בשער‭3, ‬ ברחי נצרת אלמוני כבן ‭. 25‬גופת האלמוני, הדומה לערבי, הובאה אל ביח''ח חממשלתי. כקולנועגן־ים"" "" לראשונה בחיפה יוצג בקרוב חסרט ""מרי לואיז"" (ילדים ללא קורח־גג) בקולנוע הקיצי ""גן־ים"" בבח־גלים. הסרט — שווייצי, טרגדיה _בלתי־נשכחת, מקו…"
1947-08-15	ahr	ahr19470815-01.1.1	"…ה -קדמה"" 172 נוסעים. האמיד. תישאר בחיפה מספר ימיס, לשם תיקונים. בבמה שוחח י הועבר לפיח""ח הממשלתי‭-. ‬- הבחור שנפצע קשה בחיפה ביום א' בפינת הרחובות הרצלי וביאליק, בשעת ההתפוצצות במכונית הטאכםיהועבר _מביתיהחולים רוטשילד אל בית־החולים הממשלתי. _שוהררו‭—. ‬ שניים מבין שלושת עצורי ליל היריות בירושלים שוחררו אתמול. השלושה נאסרו במלון ""ציון"" לפני שלושה שבע…"
1947-09-01	ahr	ahr19470901-01.1.3	"…ם נוזל מידו. הכדור הוצא מה‭--‬ד בתחנת מגו דוד אדום. פצצה כשוק הערכי בליל שבת בשעה ד אירעה התפוצצות בפח אשפה בשוק הערבי בחיפה. אחד העוברים נפצע קל ברגלו ונחבש בבית־החולים הממשלתי, כפר _אתא הערב _ב־8 בחצר מטבת ""אתא‭:""‬ הצגת סרטים מדעיים. הלומוים בשיעורי־ הערב לעברית נפגשים הערב ב־ד בכית הסכ…"
1947-09-18	ahr	ahr19470918-01.1.3	"…דרשו לתת להם מקלט. משםירבה _בעלת־הדירה להכניסם, י דו בה ופגעו ברגלה. את בגר. דקרו 3 דקירות בגבו‭2. ‬ הפצועים נאספו אל ו בית־החולים הממשלתי בחיפה. מצבם I אינו מסוכן. כוועדת התרבות שליד מ. פ. ה. I מנויי התזמורת הא""י סניף הפועלים, סידרה ב' — מתבקשים לחדש אח י כרטיסיה…"
1947-09-18	ahr	ahr19470918-01.1.4	…עים ערבים, שעלו ביום ב' אחר־ הצהריים עם צאנם על אדמת רמת־יו־ חנן, נושכו על־ידי כלבי שומרים. הרו־ | עים הפצועים נאספו אל בית־החולים הממשלתי בחיפה‭!. ‬ שלושת הרועים סירבו לרדת מעל האדמה, בשהט נורשו לעשות כן על־ : ידי שני שומרים ממשק י גור. לעזרה באו שני שומרים _מומת…
1947-09-30	ahr	ahr19470930-01.1.4	"…ידו ו. _בר־רב־ האי ומ. שטנר את את ג. גולדפרב הקבר נכרה בשורת קברות חייייי ההעפלה. למהנה עתלית משמונה המעפילים, שהושארו בחיפה מהאוניר‭"". ‬אף־על־פי־כן"" — חוייים ומלווים בעתלית. — נשלחו אחד, ולמן שבעה שטרנברג למחנה , בן המע 18 צר , ג'צאר עוד בבית־החולים הממשייתי. מצב פצועי השוד. — מצב שיושר. הוטב הפצועים . ת. באר בשוד נשיי באנק ח אתמוי בארקי 1 לבי ייס תו י . _םועצת _ההסח…"
1947-10-05	ahr	ahr19471005-01.1.8	"… לדה בת ‭, 11‬כחשודת בהדבקת כרוזי לת''י ברחדב דיזנגיף בת‭ המכונית _ש "" _זדקה _בע?נה"" לא _ה־תה ולא נבראה מאת כתבנו ום וי חיפה, י ‭— , ‬ נרדע ממקרר מוסמך, שההתפוצצות בביח־המלאכח של _אחמד ראלאייני , שנגרמה לובויו על־יר' פצצה שנזרקה ממכוניתוברו ע: (־ופצו שמועות שזאת היתד!מפוג-ת יהודית) — נגר…"
1947-10-05	ahr	ahr19471005-01.1.8	"…ם אף הם בספינה. כאשר הותקפה הספינה בפצצות גאז נפגעה ‭;!‬תינוקת, לא עצרה כוח ונפחה את נשמחה. גי פתה נאםפד. אל חור המתים _בבית־החוליפ הממשלתי. בדיקר. של אחרי חמווח בניי־ ן החולים הממשלתי בחיפה הוי‭"":‬־ I חה , כי התינוקת מתה מדלקת I בריאות‭I, ‬…"
1947-10-07	ahr	ahr19471007-01.1.4	"…ונה "" (נחריד, הגיעה ) כתחרות למטרד ח . ""א ‭,, ‬כה־ — ריאל יפה"" (סירת ""הפועל"" ח""א‭, (‬ שנייה — ""צבי ספקטור' ‭"")‬צופי־ים"" חיפה) ושלישית — ""ב . כצנלםון"" ‭"")‬הפועל"" ח""א‭, ( ‬ ‭_m _wv_^vmn‬־ _חד11ל_*דע לבית החולים הממשלתי בחיפה הובא זקן חולה החשוד בחולידע חיפה, יום בי. - לבית־החולים הממשלתי בחיפה הובא עלי עבדול קרמי, בן ‭, 75‬הגר בשכונה וואדי צאליב, הוא השוד כחולה בהולירע. ביום א' פורסמה בירושלים ההו…"
1947-10-19	ahr	ahr19471019-01.1.3	"…הינתו כמנהל כליי שיל "" נפצע והכיר את _מתנקשיו יריות מיספר נורו בליל שבת אל תוכיק _חאג‭, '‬ חליי דרוויש י רח' או־ מא־אד בחיפה שיושר, כדורים כגעו בגופו במצב קשה נאסף אל בית־ החולים הממשלתי. במקום נמצאו אחו־ :ך ארבעה תרמילי אקדח ריקים הפי צול הביר את המתנקשים ולכי הודע־ תו שמפר נעצרו ריב _סובחי קאפאד…"
1947-10-20	ahr	ahr19471020-01.1.3	"…י קרא יו יאחמד עיי. בן 60 משכונת סעדה ליד בלו אש־ שייך, שיעלוד הלז יא נעצר ונורה ברגלי ע""י השוטר הפצוע נאסף במוצ''_ש אל ביה""ח הממשלתי _בח־פה זריקות חיסרן נגד חולירע הנהית ־וכת־חולים בחיפה והמחוז לוויעה לציבור העובדים _במקומוח־הע בודה בחיבה והמחוז, כי נעשות הכנות להזרקות־חיסון מפני חולירע. לא חר שיתקב ל הנפ…"
1947-10-24	ahr	ahr19471024-01.1.9	"…עבוול פחח מוצ־ םבד. אבו עש שהסתכסך עם גיסו. הדבר קרה ביום ה' בדיר אסאד ליד עכו בלילה . אור לי ום ה' הותקף גיורג' םאבאר בחיפה ונדקר בידו‭2. ‬ הפצועים נאספי אל בית־ההולים הממשלתי. נפצע כדינאמיט מקל דינאמיט התפוצץ ביום ה' בכ־ פר כברי ליו עכו. מחמוד גימאל אם־ לאן, כן ‭, 12‬נפצע ברגלו ונאסף אל ביה""ח הממשלתי בחיפה. השבת בוועדת התרבות קונצרט זמרה של סידור בלרסקי. שעמד להיערך הערב באמפיתיאטרון. נדחה בגלל מחלתו. בחוגי הלימוד וההשתלמות…"
1947-11-02	ahr	ahr19471102-01.1.4	"…פצע‭—. ‬ סוס משטרה נהרג ורוכבו, שוטר בריטי, נפצע קל, כשבשעה ‭10. 30‬ כבוקר אירעת אתמול התנגשות בין הפרש ומכונית משא ליו ביה""ח ""סנט־ג'ון‭, ""‬ כבקעה העליונה בירושי י ים. פרי-הדר לאנגליה‭—. ‬ האמיד, ""בורג'סון"" הפליגה בליל־שבת מנמל חיפה ובד, מטען של 48 אלף תיבוח אשכוליות, המיועד לאנגליה. באים עולים ונוסעים‭—. ‬ באוניה ""אנדריה"" באה ממארסיל לנמלידוינ""ד. בי…"
1947-11-03	ahr	ahr19471103-01.1.4	"…ה־יד. מקיי — מת קבוצה ור, 10 ימים שב־תת־שבת ליד בניין העי־ רייה, על שלא מקייטיס את כפה""ר של הבוררות בעניין הובלת העורות מביח המטבחיים העירוני. קיר מתמוטט הורג ילדה. — קיר בשבת בית, אחה שהתמוטט ""צ בחיפה ברחוב , פגע _צלח־א־דין במסעו דאוואר, י לדת בת ד, וגרם למותה. גונתה נאספה אל _ביה''ח הממשלתי. פצ יי ‭:- _^‬ ה קשים התפוצ…"
1947-11-06	ahr	ahr19471106-01.1.3	…לאליהו כ1_ענ־ _ובשפחתו _השתוות בצער במות האם —תחמה עובדי _ביהח־־ר . הנברשת‭*' ‬ היפה ‭S f ‬ המשכיר _המרכו_^כע' מ חיפה לרגל סדורים פנימיים במחלקה למכונות חקלאיות בחיפה תהיה המחלקה פתוחה לחברים החל מיום אי ‭9. 11. 47, ‬ עד יום א‭, 1611. 47, '‬רק עד שעה 12 בצהרים. הודעה , החולירע קוצר חלל…
1947-11-06	ahr	ahr19471106-01.1.3	"…לרסקי י תן הערב באויים , אהל את הרסיטל השני עלו. ליד הפסנתר ־־ גיאויג 1ננ?ב- _ באגודת פועלי הבניין דייג־ הערב ב־8 באולם ביח־הפועלים בר־ מת־גן אסיפה דחופה של פועלי הבניין. תיאטרון קאמרי כפ""ת בתיאטרון קאמרי , הן לא _תקחהו עמך"" הערב באולםהיכל‭. "" ‬ ‭,, ‬ _WSMSMM תערוכות תערוכ…"
1947-11-06	ahr	ahr19471106-01.1.3	"…רטיסים גט במשרד כה־ נא ובקפה ""קורסו"" וחי המלך גיורג‭. ' ‬ דכןורי קטטות 2 ערבים, שנדקרו בסכינים בקטטות, הובאו ביום ג' אל בית־החולים הממשלתי בחיפה. שכד דל‭. _/, ‬גנב ונעצר פקודת־מעצר לשבועיים הוצאה את־ מול ע""י השופט _אחמד ביי חליל על _אחמד מורשיד מסורית. הנאשם התפרץ…"
1947-11-06	ahr	ahr19471106-01.1.4	"…הצובר ומת לפני כמה ימים. אשמה בבדה כלפי ב""ת־החולים ה‭»>1‬שלתי מפי ש_1פט בחיפה שני חוטים, שהבריאו כביכול, מתו _מבנןגעיהם חיפה, יום די. — ""זהו המקרה השני , שהובא לפני במשך 6 השבועות האתרוגים, שפצועים מאבדים את חייהם בגלל רשלנות מצד ביה""ח הממשלתי"" — אמר היום בביה""ד המחוזי השופט חליל שיחאדה‭"". ‬הטיפול באנשים עניים, המובאים לביה""ח הממשלתי , אינו משביע רצון;מ…"
1947-11-06	ahr	ahr19471106-01.1.4	"…בבקבוק ודקירוח בסכין גרמו לפצעים בראשו של ראשואן עואב ע""י יריבו עבד אל מאולה עבוד ממצרים. הפצוע נאסף בשעתו, בינואר ש""ז, לביה''_ח הממשלתי בחיפה. אחר שבועיים י צא מביה""ח ושבועות מספר לאחר זה העלד פצעיו מוגלה, הובא שוב אל ביה''ח ומת שם. קטטה כשל דירה הנרצח עואב היה…"
1947-11-06	ahr	ahr19471106-01.1.4	"… התנגשו. - רוכב האופניים אליהו מורחי, בן ‭, 17‬התנגש ברוכב אופניים אחר את־ מול לפגה""צ, כפיגת _הרחובות מיכאל־ ארלוזורוב בחיפה. מורחי נפל גטול• הכרה. הוגשה לו עורה ע''י מ. ד, א. ואחר טיכול בביה''_ח רוטשילד גשלח הביתה . גרשון פוסט‭, ""‬ אגרונפקי חזר אתמול _, _עורך מארצות־הברית ""פלשתיד . השוטרים שנרצחו 1ורו בגבם ח ל ־א…"
1947-11-07	ahr	ahr19471107-01.1.12	"… גורטון‭, ""‬הפליגה _מגמל־זזיפה לאנגליה, בהםיעה לשפ מטען 51 אלף תיבות אשכוליות נפלטה גופת אשה‭—. ‬ גלי _היפ בחוף _חייאט בחיפה, פלטו אתמול בוקר גופת אשד, לבושה שמלה ירוקה, בלי נעליים. הגופה הובאה אל _בית־החולים הממשלתי. דנים על הפינוי‭—. ‬ הקולונל ג ר י י, מפקד המשטרה בארץ, נפגש ביום ד עם המזכיר הראשי סיר הנת גרני ושוחח אתו זמן …"
1947-11-11	ahr	ahr19471111-01.1.4	…את אשתו, מרים, בחכות גבר זר. דבר זר. הסעיר את רוחו, ירה בה שלוש יריות והרגה הנאשם הוביל את אשתי הפצועה במכונית טאכסי אל בית־ החולים הממשלתי, מקום שם מתה למחרת. ‭TO , ‬ ו_0 _זינאת נאשמים בסשו לרצח עורכי־הדין _הערבינ_) הסתרקו 0ר. _ננה ער ‭D'Daiflin‬ חיפה, יום כי‭—. ‬ משפט רצח, שבוצע על רקע נקמת דמו של האמיר מוחמד זייגתי, שגחרג בחיפה בשל קשריו עם יהודים, החל כאן היום במושב…
1947-11-17	ahr	ahr19471117-01.1.4	"…ום אי. — ההרוג ביריות' שנורו במוצי'ש אל האוטובוס משירות הר־הכרמל, חיים גול ד מ ן, הובא לקבורה היום אהה""צ. ההלוויה יצאה _מבית־החולים רוטשילד• השתתפו בה חבריו ואנשי היישוב . חיים גולדמן היה בן 20 בהירצחו. עבד משך שנה כעוזר לשרברב ב""חי־ רות‭. ""‬מאנשי _הבטחון ביישוב. הנית בחיפה הורים, אח ואחות. על מותו פורסמו בעיר מודעות מטעם וועד הקהומטעם ילה ' המציי אירגון ן את יוצאי הרצח זדונסקה השפל והמתועב …"
1947-11-20	ahr	ahr19471120-01.1.4	"…פני תנועה אזרחית בשעות הערב. נפל מגובה 12 ממר. — פועל ערבי , ה ע ובד ב "" _םולל־בונד‭"", ‬ בהקמת מחסן בחלקו המדרהי של נמל־חיפה נפל אתמול מפיגום בגובה 12 מטר, נטול הכרה נאסף ע""י ט. ד. א. אל ביה""ח הממשלתי. ‭MISHMAR The Daily Guardian : — ,, — ?‬ ע31ה ‭Vol. VI No. 4308 _aVl 1 ‬ יחרימו קו־ו*ע1ו_* בכ_3ר ט_1בא0 ם הממשל…"
1947-12-07	ahr	ahr19471207-01.1.4	"…דר־הכרמל. אתמול נרצח כאן עובד הנאפ""י, ע'יי שודדים ערבים. אל האוטובוס משירות נווה־שאנן נזרקה פצצה. יהודי אחד נפצע קל. אל ביה""ח רוטשילד הובא בערב משה עסיסי, בן ‭, 35‬שנפגע ביריות בכתף וברגל, ב ל כתו מחיפה תהתית יו• דר־הכרמל. מצבו אינו קשה. ערב* נהרג בשבת בבוקר הי־כו שלוש הערבים ברחוב החלוץ בהיותם בקרבת משרד הדואר פנו איייה…"
1947-12-07	ahr	ahr19471207-01.1.4	"…ופרצה קטהה. שני הערבים ברחו. השלישי, עלי איברהיס _חוסיין זאבן, בן ‭, 19‬הגר בשכונת גזאז'ה בוואוי רוש מיה, נפצע רמת בדרך לביה''_ח הממשלתי , _JFaai ע"" _gawri מכוניה משא יהודית עברה בחיפה תחתית בשבת בשעה ‭3 30‬ אחה""צ. בהגיעה ־1 יד שער עכו, ברחוב עיראק, נדרס על־ידה עבדול פתח יוסף דהוד, בן ‭, 55‬מחוואסה שבחי…"
1947-12-07	ahr	ahr19471207-01.1.4	… נורה בבטנו ביום ה' בבוקר בשעת עבוותו. הוא מת אחה''צ. נהרג בפצצה בהתפוצצות פצצה במוסך סלחני ברח' מנצור שבמושבה הגרמנית בחיפה, נפ־ גע בכל גופו ג'ורג' ק א ם א ב י א ן, בן ‭. 33‬הובא אור ליום ה' אל ביה''ח הממשלתי ומת לפנות בוקר. שדדו נשק המון עובי מזויין באלות התקיף במוצאי יום ד' 3 נוטרים ערבים, אשר שמרו על בית־הסוהר שברח'…
1947-12-12	ahr	ahr19471212-01.1.10	"…לה באש. תגבורת משפם _בקרבות־הוחוב מסביב לכיכר וזמרה נהרגו אתמול שלוטה ""מתנדבים"" 'שהגיעו שלושת ימים לפני־כן משכם וכפריה לחיפה. הם נקברו בשכם בכבוד רב. הרוג ופצועיפ פחיפה ביריות זקיף מהלגיון הערבי נהרג בקרבת בית־החולים תצבאי בחיפה זיגמונד מאקס, בן ‭. 32‬ברחוב הנביאים גורת בכתפו בשעה ‭1. 30‬ אחר הצהרים מונית גולף, בן ‭. 28‬ ליד מחסני הקי…"
1947-12-12	ahr	ahr19471212-01.1.10	…הודים בסביבת רח' אפגני בחיפה הותקפו בלילה אור ליום ה' הוחזרה אש וההתקפה שותקה. פצצה פפת-גליפ בפצצה, שנתסוצצה בבח־גלים שבחיפה הבוקר בשעה 615 נפצעו 3 ערבים. כולם נפצעו פצעים קשים בכמה מקומות בגוף והובאו אל ביה'ח הממשלתי. ערבי רביעי נהרג. ממקור רשמי מוסרים, כי הפצצה נזרקה ברחוב העלית מתוך מכונית־ טאכסי יהודית שנסעה מכיוון בתי גלים…
1947-12-14	ahr	ahr19471214-01.1.4	"…לגרום להם נזק בשעה הפעולה חופו ''ע דירת י אש אלו אוטומאטית נפצע קשה מחוץ די לכפר ק . _מוחמד בי־ לופטי בידו ורגלו, והובא לביה""ח הממשלתי. נהר* !ט‭""?!‬ד פורעים ערביים החלו לשדוד בית יהודי ברחוב איבן גבירול בחיפה ביום ו ירו ' בשעה אל הפורעי 2 _אחה ם. ""צ יוסף . אנשי טאווי ה"" ל, הגנה בן ‭, 25 ""‬שמוצאו מבנימינה, נורה ונהרג. ן שאו השו…"
1947-12-17	ahr	ahr19471217-01.1.4	"…קבורה . בשכנז הלוויית גול דמן הלווייתו של חיים (הרברט) _גולומן, שנפצע בשבח במנסורה ע""י נוטר ערבי ומת מפצעיו, נערכה היום מביה""ח הממשלתי בחיפה. עתונ־ם חדשי? תל־אביב, יום ג‭—. '‬ ""תנועת־ העם‭, ""‬שמנהיגה הוא ד""ר ב. לוברצ־ קי, עומדת להוציא בקרוב עתון־ערב חדש, שיופי…"
1947-12-17	ahr	ahr19471217-01.1.4	"…_ומן־מה השחלסו הכבאים על הדליקה. נמצאה גוויה גוויה שטרם זוהתה נמצאה _הירם ב־ ‭9. 30‬ בבוקר ברחוב הסן־בק ביפו והו־ עברה _לבית־החולים הממשלתי ביפו. 285 נערים באו מקפריסין חיפה, יום ג‭—. '‬ באניד‭"", ‬אנדריה‭, ""‬ שנשכרה ע''י הסוכנות, באו הבוקר לנמל חיכה 285 _בני־נוער, מהם 194 נערים _ו־_91 נערות מ…"
1947-12-21	ahr	ahr19471221-01.1.4	"…ה ‭, 10‬כאשר קברצה גוולה של ערבים מזויינים בגרוניפ התנפלה עליתם בשעה שעמדו על משי מרתם לפני שער ווילהלמה. הפצועים נלקחו לביה""ח בילינסרן. מצבם אינו קשה. כנופ יות שדדו ‭*{‬ספקה צ ! יוד _םקרונות הרכבת ‭1 *‬ התקפות בקו!חיפה - לוד: ת י־ א ב י ב, שבת, — אתמול ביצעו כנופיות ערביות מזו־ ייגות 4 התקפות על רכבות בארץ, בקרו היפה—לוד. בבל המקרים עצר…"
1947-12-21	ahr	ahr19471221-01.1.4	"…. — יהודי מטבריה, צבי מזרחי , בן ‭, 30‬ הלך אתמול בשעה ‭10. 30‬ לפגה""צ לגבות חוב מערבי . ב ע וברו לי ד המסגד הקטן במזרח חיפה, הוקף ע""י ערבים, שירו בו בראשו וברגלו, הוא מת לאתר שעה וחצי בבית־החולים הממשלתי. את כוווי אל מכונית מזרחי קרא בערבית ""הוועדה הלאומית‭, ""‬הקוראת להתנהג בשקט ולהימנע ממעשי התקפה, בתמימותו סבור …"
1947-12-21	ahr	ahr19471221-01.1.4	"…ו, בן ‭— 34‬ שניהם ברגל. בשבת ב־_9 בבוקר נורה בבטנו בת־ חנה ""כרמל"" לבים סלים חורי, בן ‭. 19‬ מצבו קשה. כול אלה נאספו אל ביה""ח הממשלתי. *לד ששיחק בכדור תחמושת י לד בן ד, ששיחק בכפר טירה ביום ' אהה""צ בכדור תחמושת, נפצע באופן רציני כשהכדור התפוצץ, הוא נאסף אל ביה""ח הממשלתי בחיפה. הנהלת הרכבות מכחישה _בעתונים פורסם, כי לפועלים בחיפה, שהתאוננו על חוסר בטחון, אמוד, הנהלת הרכבות, כי יכולים הם להחםסר.…"
1947-12-24	ahr	ahr19471224-01.1.4	"…רים. י _י פנות־ערב נורו גם יריות על מכונית שנסעה מ ־ה' נצרת אל הדר־הכרמל אולם איש ייא נפגע. לפנות ערב נפצע ברח' ברזילי בחיפה הילד עמיקם _וי־נשטיין, בן ‭, 1c‬הגר שנ!בבתים המשותפים, בעוברו ליו פינת _הקישון. כדור פגע בכתפו, היייד נאסף על־יוי מ. ד. א. אל _בית־החוליס ""רוטשילד‭. ""‬ בבוקר נורד, ברח' עיראק, _ב־‭, 8. 15‬ ילד ערבי בן ‭. 10‬הוא נאסף אל בית־ החולים הממשלתי. הברקר ב־5 נורד יר…"
1947-12-24	ahr	ahr19471224-01.1.4	"…הבד של המכרנית. ששח השוטרים הבריטיים, שליוו את השיירה, לא השיבו אש. נפצע נהג האוטובוס כשירדה המכונית ""חברי' מהדר הכרמל לחיפה תחתית, נורו אליה יריות בשעה 3 בקצה מורו רח' הבורג‭. '‬הנהג מתתיהו כץ, בן ‭, 35‬נפצע בשני _כרורימ — ברגלו ובבטנו. מצבו איגו קשה, הוא נאסף אל _בית־החולים ""רוטשילד‭. ""‬ אחר המקיה הזד, חשה יתיית ה""הג־ ני‭""?‬ אל המקום במכונית ופתחה באש אל כנופיית ערבים, שהיתר. שש. בשובם ירו ע…"
1947-12-28	ahr	ahr19471228-01.1.1	"…פירא ליד רח' הבורג' נפגעה ומתה ביום ר' אתה""צ שרה שוורץ, בת ‭. 58‬ גופותיהם שי י שני יהודים, שלא זוהו שנמצאו בשוק הערבי בחיפה, הובאו היום אחה""צ אי1 _ביח־החוי י ים הממשלתי. בשכונת תל־עמל נהרגה ביום ו' בירייה בשעה ‭8. 45‬ בבוקר בלה פ ר ל, בת ‭. «3‬ברח' השומר נהרג בשעה ‭9. 3…"
1947-12-28	ahr	ahr19471228-01.1.1	"…דרגות חסן שוקרי — בירכה _> קארל ל ו ו י 1 ג ר, בן ‭, 27‬נשער. שנהג מכונית פרטית — ברגלו ן מרגלית מזרחי, בת ‭, 8‬ בלכתד. לביח־הסםר בשכונת תל־עמל — בכתפה. מת פצוע מכפר החורש _בביח־הווולים ""רוטשילד"" בחיפה מת בליל שבת מתתיהו _ווידובח מכפר החורש, הוא נפצע ביום ה' בבוקר ברח־ נצרת, במכונית שהובילה חלב סן המשק למתלבת ""תנובה'־ ב…"
1947-12-28	ahr	ahr19471228-01.1.1	"…שין שבפולניה. היה _םרטיזאן במלחמה בנאצים. העפיל ב""חנה םנש‭. _""‬שריד יחיד למשפחתו. 1 גופתו של יהודה קהת, שרכב עי אופנים מחיפה לעתלית, נמצאה ביום ר, בשעה ‭5. 30‬ אחה־'צ בכביש ווי־ פדי—תיי־אביב, ליד עתלית. הוא גרצת ייייית, ין 21 מנסר _אח_א דיופד, נאספה איל _ביה''_ח הממשלתי בחיפה פצועים וחרמים ע רבייה שני פצועים ערביים, גבר בן 20 ואשד, בת 50 הובאו בשבת אחה""צ אל _בית־החולים הממשלתי. סך הכול מתו בחיפה במשך יום ו' ושבת 8 ער־ כיס ו־28 נפצעו. עעודה יהודים _23_צש מיה""ות חייל• הל‭!1_""_&‬הערבי ‭n*_…"
1948-01-02	ahr	ahr19480102-01.1.4	"…הרג דוד בם. במקומות שונים נמשכו ההיפושים אחרי נשק מגן. בשכונת ""חבצלת"" ליד רחובות ובעיןיזיתים נאסרו יהודים על ההזקת נשק, חיפה, יום ה/ - הרכה עשרות ערבים נהרגו ונפצעו בהתקפת ה "" הגנה"" על הוואםה ובאלאד אש־שייך בלילה, אור ליום ה/ מבית־ההולים הממשלתי בחיפה מוסרים, כי לשם הובאו 5 הרוגים ו־32 פצועים, _רשבונית דוואסד, ובאלאד _אש־שייךem גריפ _דבים מפיעלי _בתי־הזיק…"
1948-01-02	ahr	ahr19480102-01.1.4	"…בקוו מס' ‭, 6‬בש־ דרות־הכרמל. חלילים, שהחזירו אש, פג־ עו אף הם באוטובוס. איש לא נפגע. נחג נהרג נהג , של"" מרכוס ווייצמן מחיפה, נורה ביום ד' אחה""צ, בהובילו מכונית דלק ברחוב ההר בסמוך לכנסיית סנט. ליק. הוא נהרג ומכוניתו נתגלגלה במדרון. הגופה נאספה אל ביה""ח הממשלתי‭"" _XllmlU. ‬ פצצות ויריות פצצה נזרקה בשעה ‭10. 30‬ לפנה""צ ליד מחסני הקירור ברחוב הנמל‭2. ‬ יהודים נפצעו. פצצה ש…"
1948-01-04	ahr	ahr19480104-01.1.1	"… וסבורים, כי היא יהודיה, נמצאה הבוקר בשוק הערבי והובאה אל ביה""ת רוטשילד. כבת ‭. 40‬ שגי ערבים הרוגים ביריות נמצאו במורח חיפה ביום ו' והובאו אל ביה""ח הממשלתי, מחסור בבנזין _כחיפח ביום ו' כבר נתן המחסור בבנזין את אותותיו בחיפה והוקטן _מיספר האוסר בוסים המהלכים בעיר. שיר…"
1948-01-04	ahr	ahr19480104-01.1.1	"…בודיג, שנחטף בחיפה אור ליום ה/ אינו חבר _באירגוגש. הוא הורחק מתנועה זו לפני שנה. גהרג ביריותיילים הל ביריות שנורו הערב בחיפה ב־9 ליד קפד‭"". ‬סעד־לב"" לשעבר ""מסרופול"" ‭:1‬ק־ צד. רח' הרצל בחיפה, נהרג פיאודור גליקין, בן 27 שעבר ברחוב. חברו שמואל מזרחי, שהלך אתו נפצע קשה ונאסף לבית־החולים ""רוטשילד‭. ""‬עוי ראייה מוסרים, כי אותה שעה ראו מכר נית צבאית עוברת. קריאה נרגשת למלכי־ערב שכם שבח נרגשת למלכי ‭— ., ‬ ק…"
1948-01-04	ahr	ahr19480104-01.1.1	"…ר־ תם יומם ולילה. לא להתקהל ""לא להתקהל ברחובות‭— ""!‬ קרי* אה זו הופנתה ע""י הוועדה הלאומית בעזה לתושבי העיר, יקישו גי""ח בחיפה נערכה אםיפד, על דופאיט ערבים בה הוחלט להקים במהרה בי""ח ערבי לפצועי המאורעות. לאהד הטבה הפועלים הערבים ב""חברת נפט עיי ראק"" בחיפה דורשים שמירת הלגיון הערבי , כתנאי לחזירתם לעבו…"
1948-01-05	ahr	ahr19480105-01.1.4	"…‭(2‬ בי""ס לבנוה מזרהי — רח' שלמד, המלך ‭. 14‬ולנשים ‭(3‬ בית־הבריאות ע""ש _נתן־שטראוס, רח' בלפור ‭. 14 ‬ העובדים היהודים בביה""ח הממשלתי ק הפסיו עבודתם חיפה, יום אי. • — עדיין נמשכת השביתה של 76 עוברים יהודיפ, ב־ בית־החולים הממשלתי באן, ביניהם 6 רופאים ו־ד4 אהיות, שהוכרז?ביום…"
1948-01-11	ahr	ahr19480111-01.1.4	"… כסמיראמיס‭— . ""‬ האבירות במלון_"" ""סמיראמים"" הן: 15 הרוגים, בינם ז'ורזיט חוד, שהוצאה חיה מתחת למפולת, אך מתה בליל־ שבת _בבית־החולים הצרפתי‭— 1?‬ פצוע קשה‭— 16. ‬ פצועים קל. נמצאה גווייה‭-. ‬ גוויית יהודי שטרם זוהתה נמצאה אתמול בבוקר ב‭7-30-‬ ליד שעד עכו בשוק אל עביר שבחיפה. היהודי הומת בירייה‭I. ‬ ‭:_0‬ועצת המפלגה לאחדות־העבודה פועל-ציון לקראת וועידת האיחוד לאחר שוועדת המו""מ בין המפלגות ביר…"
1948-01-14	ahr	ahr19480114-01.1.4	"…הם עזרו לאנשי המשק המותקפים. חילופי היריות נמשכה כשעה. י נודע, כי ג'ורג' באנדאלי דא־ הדה, בן ‭, 15‬מיפו, נפצע קשה והובא לבית־החולים הממשלתי בחיפה. נורה ערכי גוצרי — , ערבי נוצרי מבאקה העילית, בן ‭, 34‬נורד, ונפצע קל ע""י אלמונים, בטיילו אתמול בבו־ קר ליד _בית־החולים…"
1948-01-14	ahr	ahr19480114-01.1.4	"…ס שולם והנאשם שוחרר. ‭n, 'T‬ פינואר ‭t'lntsun _1«*a‬ ‭WEDN1SDAT _JAKOAHY 14. 19-89 ‬ 2 גופות _בח־מה שלא זוהו י יום ג/ — לבית־החולים &ד בחיפה הובאו אתמול 2 גו־ הממשלתי נמצאה _S בנראה של יהודים. אחת ‭_VS_5‬ וראשי ליד כפר טיוו"" הש־ ‭_ _SJ‬ _בחיפה־תחתית. הגופות לא ‭7 _""""‬ו?_י _י1 פצצה תשמיד נתפם ‭., ‬זרק ערבי , ליד גשר וואדי ‭12. ™ -""""»- , ‬ בצהריים, פצצה אל אוטו־ …"
1948-01-14	ahr	ahr19480114-01.1.4	"…מה, בכביש חיפה תלאביב, בהתנקש מכונית שהיתר, נהוגה בידי אברהם ד ו די ו ן, ראש השומרים _מכפר־סבא, עם _אוםו־משא שבא מכיוון חיפה. מכוניתו של אברהם דוריון הת־ הפכה לתוך התעלה והוא נפצע קשה. הפצוע נלקח _על־ידי מכונית םאכסי שעברה במקרה במקום, לביה""ח בילינ־ סון. אנשיאצ""רמתפדצ־ם _למועדוןאחה ע־פוע'צ ת ל ־ א ב י ב, יום גי‭—. ‬ התפרצות פרועה של קבוצת בריונים עם נשק, אירעה…"
1948-01-16	ahr	ahr19480116-01.1.1	"…ית ערבי וכן גם ערבי פצוע ביריות. ערבי וילד ערבי. בן ‭!12‬גורו ונפצעו קשה בוואדי רושמיה. הגווייה ושלושת הפצועים הובאו אל ביה""ח הממשלתי. ממקומות שונים בעיר הובאו לשם עוד שלוש גתיות של ערבים ופצועים רביםעד הצהרים הגיע מיםפר הפצועים הערבים ל־‭. 20‬ לבתי החולים בחיפה הובאו היום 11 הרוגים ו־59 פצועים — מודיעים לנו בחצות. ארבעה _הרוגיש יהורימ יריות נורו בצהרים מוזאד רושמיה אל מכונית משי…"
1948-01-16	ahr	ahr19480116-01.1.1	"…תיהם נוקב הצר האחורי של האוטובוס. זאב. לילה ואהרון שורר, שישבו באחד הספסלים האחרונים' נפצעו קשה בבטנם. הפצועים הועב־ רו לביה""ח המרכזי בעפולה, שניהפ נותחו בשעות הערב ומצבם קשה. ואב לילה מנהל משרד ""משמר• בחיפה ואהרון שורר, נציג הקיבו7 הארצי במחנה העולים בעםלית. כן נורו יריות על !_מכונית משא יהודית בכניסה לחיפה. הנהג ראובן שטרנ־…"
1948-01-23	ahr	ahr19480123-01.1.8	"…באן משלא נעצרו ירו הערבים אל המכונית והצבא החזיר אש. במוצאי יום די נזרקו גס זיקוקים, שהאירו את הסביבה. גווייה כרותת ראש בביה""ח הממשלתי בחיפה מוטלת כמה ימים גווייה בלי ראש ולא ידוע אם היא של יהודי או של ערבי. הגופה לבושה חולצה ותחתונים כהים. אם עד יום וי והיום)…"
1948-02-02	ahr	ahr19480202-01.1.4	…בת _חירבת אל־ עטיף, במחוז חיפה. פצצה התפוצצה נדרך והילדה נפצעה קשה ננטנה ונ־זרועה, ה י יא נאספה אל גית־ד'חולים הממשלתי בחיפה. ילד ערבי, בן ‭, 10‬נפצע קשו‭, ]‬ביחיד, בבטנו, י בקרבת עכו, ונאסף ' הבוקר ב־5 אל, _בית־החולים הממשלתי בחיפה, שג* ערבים נהרגו בקרב בינם לבין חיםח, יום אי‭—. ‬ הו יריות רבות נשמע מביח־שאן בליל־שבת לפני י חצות. נתברר, כי נעיר קרב בין ערבים י לבין עצמם‭2. ‬ ערבים נהרגו וכמה נפצעו. כנופיה ערבית באה לבית־ש…
1948-02-08	ahr	ahr19480208-01.1.4	"…ם• אחד הצלפים הערביים מהעמדה התוקפת גהרג ושגי נפצע. ערבייה בת 18 נורתה מפצעה קשר. ביום ו' ב־‭11_, 30‬ לפה""צ ברחי עיראק בחיפה. היא נאספה אל בית־החולים הממשלתי ושם מתה. וואדי רושמיה בליל שבת נורו יריות אל מכונית יהודית בגשר וואדי רושמייה. במשך כול יום ו' נערכו חיפושים אצ…"
1948-02-08	ahr	ahr19480208-01.1.4	"…י כשבוע ימים ונמצא רק עכשיו בצריף בשכונת תל־עמל. גופת המת לא זוהתה, אולם ידוע כי שמו אברהם. גופת הרוג היום לפנה""צ הובאה לבית־החולים ""רוטשילד"" גופת יהווי הרוג ביריות. ההרוג לא זוהה. ביריות צלפים ערביים נפצעה היום ב־11 לפנה""צ חנה לרמן, בת ‭, 48‬ברח' עקרון בחיפה. היא נחבשד, _בכית־החו־ לים ""רוטשילד"" ונשלחה הביתה. שוטרים גדיט""ם _בוחוםת ה1_חלט _באחת רחובות, יום וי‭—. ‬ השוט־ ריפ הבר…"
1948-02-09	ahr	ahr19480209-01.1.4	"…דיל המות- ‭,. _* , , / "", ‬ללא הרה ע""י כניפיות הכאות מהגבול הפורי ‭I_03Q nnB iT'SIO‬ מכותל1 ב""ת־־ווולים 3 פורעים נהרגו בחיפה בחילופי ידיות עם הח""לימ היפה, יום א‭—. '‬ אל מכונית צבא, שעברה היום אחה""צ ליד _בית־החולים הערבי _לשעת־חירום ""אל־אמיך ברחוב המם־ איל־באשה, בגבול וואדי צאליב, גורו יריות מתוך בית'יה. הצבא החזיר אש ופצע קשה ארמה …"
1948-02-09	ahr	ahr19480209-01.1.4	"…ונים עונים ללא אבחנה. לאחר שעד, ההלו הערבים לירות אל פינות שונות בהדר־הכרמל. לא נפגע איש. המת זוהה הגופה שהובאה בשבת אל ביה""ח רוטשילד זוהתה. המת הוא אברהם אלמיסטד (צורי‭, (‬מתקן _פרימוםים, שגר בצריף בשכונת תל־עמל, בחיפה. מאחר שהיה איש בודד, גם מוזר בהליכותיו, לא נודע על מותו אלא כעבור שבוע, כשנמצאת גופתו. ירייה אל מרכז הטלפונים כדור פגע …"
1948-02-09	ahr	ahr19480209-01.1.4	"…ליהמן, בן ‭, 27‬מחולון, נהרג בשיירה שיצאה מירושלים. א _^ _בויהם אלמיםטר (צורי‭, (‬הוא שם המת האלמוני, שגופתו הובאה בשבת לביה""ח ""רוטשילד"" בחיפה. שמואל קורן, ממשגב־עם, נהרג כשהותקפו מכוניות בגליל. ‭MJl?? _mUBMIMHIMM_^_lBpmBlim ‬ נ‭1:‬_ל כובד המלחמה וסכנותיה שדם לפ…"
1948-02-09	ahr	ahr19480209-01.1.4	"…סתה לחחנגד בתחילה למחסומים אלה וסירבה להיעצר לזיהוי, אולם היום השלימו, למעשה, עם המצב. _משלרו ת _הצלב־האדום ביקרה בתיבה חיפה, יום א‭—. '‬ משלתת ""הצלב האדום"" הבינלאומי ביקרה היום בחיפה. המשלחת סיירה בתחנת מ. ד. א. ובבתי החולים רוטשילד, בית־בורוכוב, ביה""ח הממשלתי‭"", ‬אל־אמין"" וכן במרכז ""הצלב האדום‭. ""‬חברי המשלחת מעדו בצהרים עם רופאים ערביים במלון ""וינד־ זור‭. "" ‬ ‭, B‬ 9ל…"
1948-02-27	ahr	ahr19480227-01.1.12	"…ביקר, בשעה ‭9. 30‬ נפצע בידיות נהג מכינית טאכסי, משד, מזרחי, ליד עין־רזל, הוא הוביל את המכונית לזכ־ דין יעקיב ומשם הובא לביה""ח ""הדסה"" בתל־אביב. מכונית טאכםי אחרת הותקפה בשעות הצהרים ליד זכרון־יעקוב בדרכה מחיפה, נפצעו שני יהודים;מנחם רייבמן וישי אחין, הנהג לישניצקי נפצע קל והוחזר לביתו. בפעולת גמנל שנערכה ב־3 אחה""צ נהרגו שלושה א…"
1948-03-17	ahr	ahr19480317-01.1.6	"…זוהו היום הובאו לקבורה בבית־הקברות היהודי שתיופות ג — של גבר ושל אשה, שנמצאו במוצאי־שבת ולא זוהו. גוכת הגבר נמצאה בכביש חיפה־ג'נין וגופת האשד. ברחי מטאנטון. ערבי נפצע קל חיום אחה""צ בשדרות הכרמל והובא אל בית־החולים הממשלתי. רוכב אופניים יחודי, מנחם פ ל ץ, הוכל היום על־ירי מכונית ערבית ליו ביהח""ר ""נעמן'' בעמק־זבולון. הוא נפצ ע קשה ונ…"
1948-03-22	ahr	ahr19480322-01.1.4	"…אבםקי. עובדי המוסדות הכלכליים של הקיבוץ הארצי ברח' הנמל 61 מוסרים כי שלום לכולם. הודעה רשמית מוסרת, כי במכונית־ התופר. בחיפה היו כ־250 עד 300 ק""ג _חימרי־נפץ. את האבירות אחרי פיצלץ מכונית־ התלפת ליד סללל־בונה מסכמת הלדעה רשמית כך: 6 יהודים נהרגו‭14!‬ נשארו בבית־חולימ‭2;‬ בניינים ניזוקו בעיקר ע""י האש‭21;‬ מכוניות הושמדו כליל (מכונית משוריינת של ""שמן ‭6 , ""‬ מכוניות־משא ו־14 מכוניות פרט…"
1948-03-22	ahr	ahr19480322-01.1.4	…צועים כדי להגיש להם עזרה רא־ שונה . שמלת ההרוגים ;רפאל רמזון, מכפר גלעדי , מרדכי הירש, מכפר םולד!מאיד בחבוט, חנן עבדן, מחיפה!שלמה כלק מן, שלמה קאופמן מירושלים. שמות הפצועים, שהובאו לבית החולים הדסה בצפת; יחיאל ששון, ש. _הופהויז, נפ־ הלי קסטלנץ, יצחק סמטנה יצחק זיבה. היחידה הבט: כלום יש ברירה ידיך ץ כלום שתי דרכ…
1948-05-04	ahr	ahr19480504-01.1.3	…עניין הספקת מזון והלוקתו, הספקת דלק, גביית מסים לקופת המדינה היהודית, חידוש ואירגון בשירותי הדואר, הטלפון והרכבת, העברת בית־החולים הממשלתי לרשות עיריית חיפה. אל. י ו• ל ס ו ן, אחר הממונים על ענייני הספקת צווכי מזון לאוכלוסייה הנמצאת כשטח המדינה היהווית, ביקה בהיפר, וקיים התיי…
1948-05-04	ahr	ahr19480504-01.1.3	"…תחת פיקוחה של מנהלת העם. נמשכת הפעולה להקמת קשר דואר עם _חוץ־לאהץ. ו""ה א, קצנלסון ומחלקת הבויאית שי הוועד הלאומי) ביקר בחיפה ודן עם העירייה והשלטונות כדבר גורלו שיי _בית־החולים הממשלתי העומד לעבור לושות עיויית חיפה. בביתיהחו"" לים!שהנהו אחד הגדולים והמסודרים בארץ, יש 288 מיטות. הוועד הלאומי הכריז…"
1948-05-21	ahr	ahr19480521-01.1.5	"…ושה מנהלי מחלקות, על פקידי עיריית חיטה הוטלה מעמסת עבודה נוספת, לרגל הכללת שירותים י נוס־ םים במסגרת הסמכויות של עיריית חיפה (ביה""ח הממשלתי, המחלקה לפיקוח על המזונות, מוסדות ""יורקו"" והמחלקה לעבו""צ של הממשלה לשעבר‭. (‬ אושרה הצעת תעד עובדי עיריית י חי־…"
1948-06-06	ahr	ahr19480606-01.1.2	"… פוליטיים רציניים?ורבים משתאים על הם־ כמת נציגינו לשבת באו''ם שלא כבאי כוח ממשלת ישראל הומנית. לגורלו של ביה ח הממשלתי בחיפה ‭^*‬_חרי הנזקים הגדולים שנגרמו ‭C_%‬ לכית־החולים המהולל ""הרסה"" בירושלים עלה בחשיבותו בית־החוליס הממשלתי בחיפה‭, -. ‬ ב־ת־החולים בחיפה הוא אחד מהגדולים בארץ, כיום הוא כולל קרוב ל־300 מ־טות, הבניינים גדולים ומרווחים, …"
1948-06-06	ahr	ahr19480606-01.1.2	"…ש אפשרות להרחיבו. אולם בניגוד למקווה אין רואים כל סימנים להעלותו לדרגת בתי־ החולים היהודים הציבוריים הקיימים בארץ. אנשי חיפה הולים תקוות רבות בכ־ת־ חולים זה, והעוסקים בענייני _רבואה חרדים מאוד להתפתחותו, באץ קוו כעולה כיום ולעתיד הקרוב, לא דוכדר אם _בית־חולים זר‭', ‬היד?מוסד עירוני או מומר המדינה. ובחיפה העיר הא 6־ כזה היא בשפל המדרגה. לאחר שהאוכ־ לוםיה הולכת וגדלה וגם קולטת עלייה, הרי נוקקת חיפה ל־600 מיטות לכהות ולעת־עתה נמצאים בעיר זאת: בבי""ח ""רוטשילד"" של וועד הקהלד‭105, ‬ מיטות, בי""ח ""כרמל"" של קופת־חולים 42 מיטות. בסך־הכול ‭147 —‬ מיטות צבוריות. בכתי החולים ה…"
1948-08-27	ahr	ahr19480827-01.1.5	"…יענש. ‭(—) : ?‬ ו. שפריר ‭S :‬ האפוטרופום ! מ ד י נ ת י ש ר א ל ן I נית _החזטפ הממשלתי , היפה ‭j |‬ כית־חפפר לאחיות : j בית החולים הממשלתי בחיפה מכריז בזה על הרשמת מועפ-ות! !לבית-הםפר לאחיות אשר ""פחח כחודש אוקטובר, _: ? מועמדות שהנן בגיל מעל ל־נ‭171/‬ שנר?בעל י ות…"
1948-08-27	ahr	ahr19480827-01.1.5	"…שכר _על־ידי מועצת העירית לצרכי ‭;!‬צבא בשכר 25 לא""י לחודש. מלהמה בכלבת סך 120 לא""י ה1קצב ע""י מועצת העיריה למלחמה בביבת בחיפה ולהשמדת _כלב־ם ללא־בעל־ם. עובד כמשרד המעקה טעון פיקוה . חיפוש נערך בביתו של סלומון אברמוביץ, הגר ברח' בית־החולים 28 ועובד במשרד המפקח על הרכוש הערכי. הוא נעצר ע""י המשטרה לאחר שבביתו נמצאו: אקדח פיבי‭4, ‬ מחסניות ו־37 כדורים‭2, ‬ מבו…"
1945-08-24	amudimaliya	amudimaliya19450824-01.1.12	"…— פדיון תנובה הגיע בשנת 1944 לסך שלמעלה מ־4 מיליון לא״י. — עם כניעת יאפן ירד מחיר הזהב בבורסה. — בנתניה התחיל בימים אלה ביח״ר לתקלי־ טים בעבודתו. — לפי ידיעות בעתונות נערך מו״מ על קנית ביח״ר נשר בחיפה על־ ידי קבוצה בהשתתפות ""סולל בונה"" וה״ה טיבר וירושלמי, שקנו לפני זמן את ביח״ר ״שמן״. — נרשמה חברה ערבית לייצור סרטים. —…"
1931-04-23	dav	dav19310423-01.1.4	"…ודים. טבע בירקון אתמול ל&נה""צ _4_טצאה בירקון גופת ערבי שטבע בתתרחצו ומת _האבטומוביל של _טשדד הבריאות לקח , את. הגיפה אל בי""ח הממשלתי ביפו. "" _חיפה הבחירות לועד־הקהלה ביוני ביום ג י נתקיימה ישיב, ־ של מועצת -קהלה, בחשתתפית חברי היעד הלאו-מי ־רב _אוםטרובםק־, א. אלםליח…"
1931-10-08	dav	dav19311008-01.1.4	"…נתקיים ביום א' של השבוע שעבר הכנים 26 לא""י. הועד מודה לכל אלה שעזרו בסידור הטרט: שונות — הרופא ד""ר מלחי הועבר משבריהי _£בית־ החולים הממשלתי . בחיפה. — מחנה האסירים ממ&ר 2 שליד טירה עובר לקרבת טשמר־העטק. מועצה למעמליהפועל"" "" מתר ו י ב־8 בערב ייפתחו ית''א באולם ועדת הת…"
1932-07-14	dav	dav19320714-01.1.3	"…קוריו, שמה שפעלת _קופ""ח במוסדותיה לא הו-כל , הממשלה לפעול. איככה זה התעלמה עתה הממשלה מכל זה, ולא מצאה דרך לעזרת המוםד? בית החולים סגור זה שבוע ימים, והתוצאות לא אחרו. מקרח של טיפוס בקבוצת ה‭,, ‬הוגים"" בעין חדור. מקרה שני במשק עין חרוד, עשרות מקרים: בטבריה. בית החולים הממשלתי בחיפה- אינו יכול לקבל את י י החולים הללו. אבל מלבר חולי הטיפוס, ישנם בכל הנקודות הולים רציניים אחרים, ישנן מחלות ילדים; באות …"
1933-01-18	dav	dav19330118-01.1.4	"…רת גשים ב־30 חולים. עוד 20 _גןקזם _נשארי בשבייל מקרים מסובנים. והירידה הגדול- בתרימות חיץ גרמה לסגירה המחלקה _הבבלית של ביה""ח ‭,, ‬חד0ה"" בחיפה ולהפחתה התמיגה בביה""ח"" "" הדסה"" בת‭/'‬א. בעצת ה&חלקה נעשי קיצוצים חריפים בבילה""ח בת""א. "" הדסה"" קיבלה עליה 50 _$ח_*ז של ה…"
1933-01-18	dav	dav19330118-01.1.4	"… עדיין (למעשה, דרישה להשתלטית בטחיר תמי- כה של ‭-3000‬ לא""י בתקציב. שנתי העוגה 5י ‭|^- -6‬ המעתיק‭..,. (‬ ץי ‭§_-‬ אשר לחיפה תו'חלט. להגדיל את. יבולו?ק. יב4_י‭||‬ ביה""ח הממשלתי _ב־50 מיטה‭., ‬לסגור את _ביה""ה _בעי§ י כו ולסדר הובלה מדאיג5ה _לחוגים. מטבריה. ;_תכניתן זי היא _החםכונית. ביותר…"
1933-10-20	dav	dav19331020-01.1.5	"…רמז ירצו על תכנית מפעל ההתישבות והמגבית בארץ ובגולה. הכניסה לפי הזמנות. לקבלן במזכירות ועדת המפעל, בית הועח""פ. ? מועצה דחופה של העובדים בשירות בתי הספר וגני הילדים תתקיים ביום א' ב־7 בערב בביח""ם המעורב בת""א בהשתתפות חברי הועה""פ של ההסתדרות. סה""י: א. רו""ח פעולות המרכז, ב. מצי העוברים לרגלי העברת השירות למקומות, …"
1934-05-09	dav	dav19340509-01.1.4	"… לזמן ב י . מתבקשים "" להביא אל המשרד אי* כרטיסי . טיול שבועות בחג השבו-עות יסודרו מטעם ועדת־ התרבות שני _טיולים — האחד לחיפה והסביבה בהדרכת ז. וילנאי, ואחד לעמק המזרחי בהדרכת ע. ברושי. ־הרשמה בת""א בועה""ת, רמב""ט ‭, 24‬ ובירושלים במועצת הפועלים. קונגרס _^יפפרנטי מחד ה' יתכנס בביח""ם למסחר הקונגרס חאםפירנטי של המזרח הקרוב. הקונגרס ירון בשורה של ענינים להפצת האםפידנטו בארצות המזרח הקרוי והקשרים בין ד…"
1934-06-18	dav	dav19340618-01.1.5	"…ה-יו סימני "" . דקירה בפגי‭, ; ; ;!^|‬ _י _זהי את‭_""^^!!_-‬ י""; דקרו ביום ו' הו_^_ווטטו שני פועלים ערבים של חברת _קדמאן בחיפה. אחד רקד את השני והרגו במקום, ‭. -‬ השני נד - קר גם הוא והובל לבית החולים. . התנפלות על ראש עירית רבת עמון ? ?ביום ג' בצהרים חתנ&ל איש על ראש עירית רבת עטו!ברחוב (הכהו במקלי על ראשו. המכה ברח. …"
1934-09-03	dav	dav19340903-01.1.4	"… שטצכ מעין זה היה נוצר גם בצפוךהארץ. ע-כשיי מסיד'רת לפחות שאלת קהים־ פיטליזציה באזור הצפוני בארץ. אגב — יש לציין, שדוקא בבית החולים הממשלתי בחיפה יכול חישוב העברי להשתמש, וגם זה מקל על המצב. אין שום תשובה כפינו להולים בת""א ומושבות הסביבה הפונים לעזרתנו: עלי\ו להקים…"
1935-04-21	dav	dav19350421-01.1.6	"…ל תפקידי האיגוד. ד""ר בנימין הופמן ירצה: . הרמב""ם כרופא. האסיפה תהיה פתוחה לקהל. לנשים חרדות מטעם ביה""ם החרדי לבנות ‭,, ‬ביח יעקב"" _והסתרתי נשי ובנות אגורת ?ישראל, ירצו היום י־5 באולם בי-ח""ם הר י א. ז. פרידמן וד. צ. זילברשטיין על תפקיד האשה החרדית בשעה זו. חיפה לקראו?_הנגוס של _יוצאי _אירופה ‭.. ‬המערבית הערב ב־8 באולם הישיבות של ט. ‭. £‬ח. אסיפת עולים חברי ההסתדרות יוצאי אירופה…"
1935-09-26	dav	dav19350926-01.1.6	"…צה. תאונה בעבודה _קלטן שנוים נפל מפינום בגובה של 4 מטר. נגרם לו יטבר ביד וברגל ופצע בסנטר. הועבר ע""י ‭,, ‬מנן דוד אדום"" לבית החוליםהדסה"" . נידון לתליה "" ביום ב' נתקיים לפני ביח""ר לפשעים חמורים בחיפה משפטם של ארבעה ערבים מנפר עדסיה, בסביבת צמח, שנאשמו כי רצחו בכוונת תחי - לה את _פרחאן הוסיין אל באטח בצמח‭3. ‬ מהנאשמים…"
1936-02-17	dav	dav19360217-01.1.1	"… עד ערטוף חח־ דשה. שם נפגשו במשמר שוטרים, השומר על התוו‭, !‬שהביאו א. _־תם _5הה־ נת המשטרה בערטוף, האשת הועברה באוטו של בית החולים הממשלתי בחיפה. בבית החולים הוגש־ לה העזרה הראשונה. הבן נשאר במשטרה לשם חקירה במקום. במוצ""ש מתה האש־ בבית החולים. העקבות למקום המקדח ה…"
1936-06-16	dav	dav19360616-01.1.4	"…‭. -. ‬שהסתתר מאחורי- עץ וזרק אבנים בשוטרים. םיד לאחד ש‭_2:‬ל הוגשה ל- עזרה ראשונה ע""י שוטר מאומן לכך ובמכונית הובל אל _בית־החולים הממשלתי לחיפה, אבל בדרך מת‭.. ‬ בדיקת ‭"". '‬נעשתה אחרי המות הוכיחה כי סיבת פיתו היתח הזעזוע וש-פך־ הדם שנגרמו ע""י הבתר. כ־1931 _קיבית…"
1936-08-23	dav	dav19360823-01.1.6	"…שהאיש -חלשי!בפני השלטונות, ולבן עשו גו שפטים. י הורעלו בונים. ביום וי הודענו בתוספת הערב‭., ‬כי באותו יום הביאו. ערבים לחיפה כמויות גדולות -של דגים, בליל שבת בשבת הודיעו על הרבה הרעלות של יהודים מאכילת דגים. שלושה מן המורעלים הובאו במצב רציני לבית החולים הממשלתי , בטבריה ‭? '‬ י יום ו והשבת עבדו בשקט. ללא כל מאורעות‭,. ‬ בחקירת רצח האחיות ? "" א־דיפאע"" מודיע, כי שני שוטרי …"
1936-09-05	dav	dav19360905-01.1.2	"…־;רק לעדי הקטיגוריה, וני עדויות הסניגורית ח כוזבות. בהת‭- ;-‬ חשב עם גילו הרך של הנאשם, די, אוהו. _ל־12 מלקות _ו־3 שנים לביח""ם לפושעים צעדים. _נאולמ בית המש&ט היו ?נוכחים עשרות ערבים ממשפחת הנא־ שם. חיפה‭—. ‬ אב בית הדין המחוזי, מד שרויל, זיכה את אחמד איב־איוים נחול, אשר במרתף ביתו בואדי רושמי‭, ""‬נמצא הצי קילו חומר מפוצץ…"
1936-09-23	dav	dav19360923-01.1.1	"…ובות מההרים. אומדים את המתנפלים ?־‭— 150 ‬ 200 איש בערך. הצבא ענה באש וקרא לעזרת ע""י האלחוט, _תנבורת צבא יעץ‭, -‬מצפת ומחיפה, לעזרת הנתקפים. הקרב נמשך ער 8 בערב בערך. ב־‭8. 30‬ הו-בא ע""י מכונית משו-דיינת _חלאנפ־ קירפורא?מ$ךי ?ביה""ח הממשלתי בצפת כשהוא פצוע ק‭2'‬ה בצוארו, נטו-ל הכרח. העזרה הראשונה ניתנת לו ע""י ‭""- , ‬ר _שטרנברג. כעבור חצי עעת מת ח&צו-…"
1937-03-07	dav	dav19370307-01.1.1	"…אלם אלטואל למשטרת ראמא, שריאד חסן אל חאטב> מכפר נאיךז ועבר באדא־ ווי . ירו בו. י הפצוע שנפגע בכתפו ובידו, הובל לביחח""ו בחיפה. המשטרת חוקרת. ? יפן : י ביום ו' אחר הצהרים נורה אזרח פולני, םטאניםלאב םלוגה, שעבד בקרקעות נבי . רובין ונפצע באופן רציני. הובל לבית החולים ""הדסה"" בתל אביב. בלבי המשטרה _הובאו למקום. ? נצית: ב־‭, 10. 50‬באור ליום ו/ הודיעו שטטפר ידיות נורו ליד ביח""פ כדורי על …"
1937-04-12	dav	dav19370412-01.1.5	"…מוקירים למאוד את מעשת החפר ד. זח. _- (חתום) ח. הנ'א־ הרופא הממונה על בית_""ה הממשלתי (חותמת: מחלקת. הבריאות חטכי'ציתית . בית החולים שבירושלים) ־ ‭_^_^_ . . . 6570‬ ‭?? ‬ משרד ההוצאה לפועל בחיפה, ימםפר התיק 36־5756 : . רעת מבירה התובע: מבעו וחבה, ע""י עו""ד ת י א. סעאדח, חיפה. החייב: מרםל בקיש, חיפה. ערך החוב: ‭16. —‬ לאי'י. רשימת החפצים המעוקלים המוצגים למכירה: צרכי חשמל כגון מנורות, צנו־ י ר…"
1937-06-09	dav	dav19370609-01.1.1	"…ן 3 אנשים ליד עיךערוב, הסמיך לירושלים, _והותקן ביריות. אחד _הקורכור־ לים, . מיוזמי א. _בן פ'ידאלי נפצע בחזהו יתובא אל ־ בית החולים"" הממשלתי. נעשה ל? _^ ניתוח. מצבו ־קשה. כינוס הליגה הימית העברית באניה""הר־ציוך בים חיפה ר היה היה נראה נראי־ו לפ ל5ניני שנת שנת:כ ‭.. ‬ •_- ‭,. ‬• ־? -מ־מצמים ‭^\‬וום 1 ובל _יל פירוד >היריד כוחות רו‭>*‬ת _יי…"
1937-06-18	dav	dav19370618-01.1.19	"…ירת קרונבורגי שבעיר הדנית רו־ הקרב בין ל_$רטס _להאמלאט. במרכז הוראציו _ולארטם. מימין נראים על הרציף התחלת עבודה סופרנו בחיפה מודיע: התחילו העבודות בבנין בית־החולים הממשלתי בבת גלים. העבודה ־ נמסרה, כידוע, ל "" _סולל בינה‭. ""‬כ־80 פועלים יהודים וערבים עוסקים בניקוי המגרש ובחפירות. 10 …"
1937-06-18	dav	dav19370618-01.1.19	"…התערוכה קבלו בת־ קרישת הזמנות וגדולות מפירמות מקומיות וטח ו ""ל. בטוצ""ש תהיה התערוכה פתוחה ‭6. 30-4‬ יעד ‭. 10 ‬ רציחות בחיפה _פארל מוס כווכן ירח אתטול בצהרים נםניבת תחנת הכרמל הקודמת נאקתה . ופצע קשה ערביה. הפצו-עח הועברה לביהח_""ו הממשלתי. היורת נאסר. נמצא אצלו אקדוח ו־‭23‬ כדורים. ?ביום- די יפערנ קבלה משטרת חיפה ידיעת, כי נעלמה הסיבה אנטי חגיאל…"
1937-06-21	dav	dav19370621-01.1.3	"…ן המשטרות . בערב ובלילה. העבודה המפרכת הורסת במשך _הזטן את בריאות האחות : ורבות מחן נעשות אינבליריות שלא בזמנן. האחיות בחיפה סובלות במובן זה יותר מאשר אחיות אחרות- זו היא העיר היחידה בארץ שאי;בת בית־חולים מותאם לתפקידו. אין דידה עם נוחיות ושכלו-לים מודרניים, ביה""ח נמצא כבנין ישן. ? כל זה מחייב להתאמצות גדולה ומכביד על העבודה הקשת בלאו-הכי. המספר תקטן של האחיות בייח""ת משפיע על מחזור…"
1937-06-21	dav	dav19370621-01.1.3	"…ות המשמרות בלילות, ואם נשווה את משכורת האחיות האלו עם משכורת אהיות בבתי־חולים אחרים נמצא הבדל גדול לרעת האחיות המעשיות בחיפה, למשל: בביה""ח העירוני בתל־אביב המשכורת היסודית היא ‭8. 500‬ לא""י בקו""ח 8000 ואילו בחיפה ‭7. 000‬ לא""י. י ועוד לענין אחד שדו-בר עליו ל…"
1937-07-29	dav	dav19370729-01.1.8	"…שלחו מחאת לממשלה על היריעות בטיימס"" ‭_!_2‬_פגע1 בטו-פתי _הירושלמי. _"" אגו. דת -הפועלים הערבית בחי-פח מחתה על מסירת בנין בית־החולים _הממשלתי י ?בחיפה ל?בלן יהודי (סולל בונה‭, (‬האגודה מיעצת שמוטב לה לממשלה, שהיא* עצמת הוציא עבודה זו לפועל. בנמלים תל-אביכ נפרקו ? אתמול …"
1937-09-05	dav	dav19370905-01.1.20	"…ה כדי לעורר את צבור הפקידים. ברית 6ועלי ארץ ישראל בגלל . המצע הפוליטי המתוח הצטמצמה פעולתה המעשית של ברית פא""י השנה דק בחיפה. הסניף _החיפואי ארגן את פועלי מחצבת ‭,, ‬נשר"" הערבים ‭45 —‬ חבר. ב־90 פועלים ערבים העובדים אצל המשרד הקבלני בבניני בית החולים הממשלתי בבת נלים נתקבלו באמצעות הסניף הזה, והם מאורגנים בו. פועלים ‭**‬לה חם בחל־ ?ם חברים ותיקים שעבדו אצל אותו משרד ב…"
1937-09-05	dav	dav19370905-01.1.41	"…בארץ‭. ""‬התושבים חתמו על תזכיר _בענין זר. שנשלח לנציב העליון. שביתה ?העתונות הערבית מודיעה, שהערים הערבים העוברים בבנין בית החולים הממשלתי בחיפה הבריזו שביתה. משלחת מהשובתים ביקרה אצל סנן מושל מחוז הצפון וקבלי על שכרם היומי העולה ל־‭32—27‬ גרוש "" בו בזמן ששכר הנגר…"
1937-11-17	dav	dav19371117-01.1.5	"…ל בנחמת ציון ינותטו ‭7_$‬חך _גךןק 1מש_6תו11 נ_0נ1 יה י לחברנו יעקב יץ ברבות 1אמנזת ל11ט1אי1 מנהלת סולל _בוגה חברי!בבנין ביה""ח הממשלתי בחיפה הו3 , לח' ההנהלה צבי לרנזן לנשואי 3תם ב‭1 *1 111 _^ { 1 ‬ ורעית! - מיטב ברכותיו! ג גל ‭"" ""3/‬ אגודה 01ח1פית לחעשית 11ת …"
1937-11-30	dav	dav19371130-01.1.1	"…קצר את קצירו בחיקה ובירושלים ובנקודות _ישל־ב רבוול. מאות כדורים גתכו בתוך ימים מספר, נפצעו ארבעה אנשים בירושלים ושלושה בחיפה וארבעה בצפת ואחד מכפר החורש והשוטר הבריטי, פירם, נרצח בשעת מילוי- שליחותו , בשהוביל את החבר צבי הספל הפצוע מכפר החורש לבית החולים. התלקחות זו של . הטארור ""טבעית"" היא וטויבנת לאחר כל _מלד שתתרחש בארץ הזאת מאפריל ‭. 1936‬גחש זה שגודל וטופח בידים אמונו…"
1938-02-03	dav	dav19380203-01.1.5	…ז יכו?היה ?נ?ות יכולת _משקיו‭§|1‬ וכשרון ארנווי _בחוצות ?פועל של _בני־‭§§‬ נים גדולים, כבנין תחנת _ריר־ננ בת‭§|?‬ אביב, בית החולים הממשלתי בחיפה‭|||‬ בנין ברקליס בנק בחיפה. לו כל, זה א5שףי‭1|‬ רק למשק מתיז, שיש ריוח _^ בשיק אחד והפסד בשני, כסף מזומן בחלק‭||‬ אחד של המשק ואשראי בחלק שני‭!-*-…
1938-02-09	dav	dav19380209-01.1.6	"… הוצאת אתמול לפי בקשת דוסניגורי-ת: גופת הנרצחת מקברה לשם בדיקה רפואית נוספת על פיבת מותח. הגופה נבדקה ע""י ד""ר מלחי רופא בית החולים הממשלתי בחיפה \ד""ר ג‭.. ‬_עביאד‭—. ‬ מודיעים ל:ו, כי לשם בדיקת סיבת המות חבדיק־ הוכיחה, שהגופה. לא נותחה בזמנה. בעדותו לפני בית הדין …"
1938-02-09	dav	dav19380209-01.1.6	"…יד כי הפשע ביצע _ב־‭. 20‬בספטמבר ‭1 1937‬_ב־23 לחודש מתה אם הנאשט מפצעיה. כן נמסרה חיום עדות בשבועה ע""י האחות הראשית של בית החולים הממי שלתי בחיפה. בעניו מותח של אם הנאשם. העדות נמסות לפני השופט חביבי. נהג פרוע בדון למאסר 7 חדשים הד הריגתו ק י־9 _בנובמבר 1937 פגעת ה…"
1938-02-21	dav	dav19380221-01.1.4	"…ע:קו בעבודות הרגילות , לפעמים בחילופים חמורים, ובלבד שיקל מצב מחוסרי העבודה. תפקיד חשוב מלאו הפנינים בשטה המיובש, הרחבת ביח""ר ‭,, ‬נשר‭, ""‬הזמנה גדולה של עמודי חשמל לחברת החשמל. הי־ גם גיוס ימי עבוד־ שנתן 600 ימים במסגרות בלבד. בסוף 1937 קיבל בית החרושת _סברנסקי הזמנה דחופה לעמודי חשמל י שקלט־ עד 70 פועלים. "" להט'י עשה את הקונסטרוקציה לבנין "" פרדס"" ועבודה /י קלטה עשרות מחוקרי עבוד־ זמן רב. ב…"
1938-03-29	dav	dav19380329-01.1.1	"…עמדי ליד בית חהולים הדסה"" וחיכו לגויות הנרצחים. "" י , מביו‭., ‬שירד . הלילה נדחתה הבאת החללים לצפת עד הבוקר, והם -נשארו כבית ההולים הממשלתי בעב, ־. שלום. ביבר, חבר קבוץ "" יודפת"" (פל־־ גת הקבוץ המאוחד בצפת‭, (‬שחיה בין ? הנובעים במכונית . מסר • _לבא־נוחנו בחיפה: . י . המכונית יצאה . מחיפה ב‭. 125-‬אחד הצהרים. _ימרחי‭2!‬ קילומטרים ט=פר לט־ בערך, _ב־‭, 2. 25‬דאינו 9 ערבים מסתדרים.…"
1938-04-13	dav	dav19380413-01.1.4	"…. סולק בונה ב ע "" ט, עבודות החבר־ הגיעו בשנת 1937 להיקף של למעלת מהצי מיליון לירח. מן העבודות החשובות ־ש להזכיר את הקמת בית החולים הממשלתי בדרך לבת _גל־ם ואת בנין בנק ברקלים בדרך המלכים‭9000. ‬ לירה הושקעו בבני!בית החברה בחיפה. "" סולל בונה"" קבלה חלק מסבלות חמבם ומעמיקה בעבודה זו ב‭50-‬_ו 5ו־ הבנקים עסקי הבנקים בחיפה ־יו כררך_^כלל מוצלחים נם השנ…"
1938-04-17	dav	dav19380417-01.1.1	"…ת לחניתה יצאו _מ־ר נוטרי _המקופ לקראת הכנופיה והחליפן אתה יריות. בשעת חילופי היריות נפצע בדגלו הנוטר זאב ענו. הוא הועבר לבית ההוליטהרס־"" בתיפה ונותח. "" הגויות של רוטבלאט ורניאלי הוענ־ו לבית החוליםהדסה"" בחיפה. לויתמ תהיינה חיום ב ‭1- ""‬ אתר הצהרים. הלוית. בן-נאון בנהריה הבוקר נ‭. 9- ‬ חמשה _אנשים יצאו בשבת אחר הצהרים במכונית ק…"
1938-06-27	dav	dav19380627-01.1.1	"…ים ירו מעל לראשים של ההמון יעם בוא תגבורת המשטרה — הושב הסדר. על כנו. — אתמול אחר הצהרים ידו אנשים מזוינים בילאד _א־שיך חיפה, ופצעו שני כפריים ערבים, אחד מהם. קשה, ?ואמש בשעה מאותרת ירו שני אנשים מזוינים והרגו -ערבי בשטח בית החולים הממשלתי בחיפה. — הבוקר בשעות המקודמות ;דקר יהודי ונפצע קשת בגבול יפו—ת""א , וזמן ימח :אח_""כ ליד ידושליפ _היתה התנפלות על…"
1938-07-04	dav	dav19380704-01.1.1	"…ק בנד אד ‭. 2‬לפי פקידת מיניסטרית ההגנה ינא&רז קציני חיעופת אחדים. פצצת אל מכונית הדר הכרט? ירחיב ההר בשכונת הרצליה ליד בית החולים הממשלתי בחיפה נזרקת אמש ב־‭6. 45‬ פצצת אל מכונית גזשירות ‭,, ‬הרר הכרמל‭. ""‬הפצצת התפוצצת אך לא גרמה כל נזק, בין הנוסעים במכונית היה …"
1938-09-25	dav	dav19380925-01.1.12	"…מגע עם אנשי ברית פא""_י. פרטים בעני!זה אינם ניתנים לפרםו-ם. אפשרות של פעו-לה ארגונית מקצועית מלאת ניתנה לברית פא""י, סניף חיפה, כמחצבת ‭:,, ‬_שר"" יבבנין בית החולים הממשלתי ע""יסולל בונה"" יוכנמל. "" הפעילה הזו מתרכזת בקלו-ב של ברית פא""י ומקיפה כ‭150-‬ חבר. עליהם יש להוסיף חברים בודדים …"
1938-11-16	dav	dav19381116-01.1.1	"…נית ורוחנית 50 צעירים, במשך 6 השנים האחרונות עלו לאר>ך ישראל במה מאות מחניכי "" החלוץ"" באמריקה. שלום מ י י ז | ל ס נרצה בחיפה בשעת עבודה הין0 אחח""צ ילה ערני אלמוני אל יהודי מוז' שברת' ־הכופל־ בהיפר, ופצע אותו פצע אנוש‭"", ‬ היהודי מת מפגעיו בבית התולים. סופרנו מודיע: לבית החוליםהדפה"" בחיפה הביאו אחמול _ב־‭2. 40‬ אחה "" ""צ את שלום מייזלם, פצוע קשה ע""י יריח נגבו. כעבור שגה קלת מת, ח&ושימ ומאסרים צבא …"
1938-11-16	dav	dav19381116-01.1.3	"…סולל בונה בע""מ- מרכז קבלני של ההסתדרות הכללית של העובדים העברים בארץ-ישראל הקבלן של בנין ו. חוג ים הממשלתי החד ש בחיפה המשרד הראשי חיפה _דחוג הנמגי. בית סולל* בונה ת. ד‭963. ‬ טלמון: ‭2091/4 ‬ בית _צלינוליט גומי לרצפות בבית החולים הממשלתי בחיפה נווטה _0ל י7י ‭03 *9**9 ‬ סוכנות כללית לארץ־ישרא_? ‭_"" ;‬ אינר1פ"" נזחלקת־המסחר חיפה ת. ד‭1267. ‬ טלפון: ‭…"
1938-11-16	dav	dav19381116-01.1.3	"…חדש. מנין הלואה וחסכון. םלפ1ן: 661 אינסטלציה חשמלית אור-כח — תלפון — פעםוני-חשםל סיגנליזציה של אזר ואזעקה _אינגי ת""נשל. חיפה הדר הכרמל רחוב הלל 34 יוסף כרמל""- קמצה קואופ, לעבודות נגרות בע'ם. חיפה. ח. ד‭261. ‬ טל. ו93_ז הוציאה לפועל כל עבודות הנגרות בבנין בית החולים הממשלתי בחיפה "" תאורה ל‭^^_4‬ חדישה 1001 וצרכי ‭151‬ חשמל‭_^ * |_7 {‬ קרל _מרקס חברה להנדסה ירושלים 0ל. ‭2*0‬ 1 י רה הנ…"
1938-11-16	dav	dav19381116-01.1.3	"…_נלאנת זכוכית רקועה וחרםמ נבעים נא-י בנ־ם היסה. ת. ד‭ _- ‬ בינ ה&ןלינ הממשלתי בחיפה ?בהדרכת מנה?טח5קת הבריאות הסטש?תית בחיפה, מר ד""ר םקווין, המנה?_האדמיניסטרטיבי של בית הה!־ _5ימ‭., ‬מר _פאטיט, ובהשתתפות קצין הטחון טר בינה‭—, ‬ בקרו ב""ב העתו־ נים בביהח_""י. _הממשלתי בחיפה. ההדרכה נעשתה . באדיבות ומתיר התחשבות עם תפקיד העתונאים. גם המזכיר הראשי ‭53'‬ העבודה מטעםהאדר ‭., ‬…"
1938-11-16	dav	dav19381116-01.1.3	"…5ים הטכניים . הנבונים, יש. סיפוק _פ9א לא רק. ־ _?חוש האטנותי_, א5א גם לשכל 51_הניון‭.. ‬ •־ ‭? . ? ?‬ . • ? _?שם גנין , ביהח‭""'‬ו • קנתהי הממ‭5!?‬ת בעשרים א_5י‭_?:*‬ירות שטה של 60 רו־ נפ, טקום גנטית הכרס_5יתימ 5שעבר, מערבת _*נמ_$ חיפה, בין חים ובת נ_5י‭. 0‬הבניז הראשי _והביהניט הוקמו ע5 שטת של 14 דונם, כ־40 דונם נועדו ?נן, אשר בסידורו ובנטיעתו עוברים ע…"
1938-12-08	dav	dav19381208-01.1.4	… מוסמכים מבטיחים, כי השנה יוציא, ־ לפ, _־על את שתי העבודות האלה. עם כל הרצון להעריך הערבה־ מלאה את התאמצות הישוב העברי בחיפה בשנה השלישית למאורעות, ובפרט בשכונתו המרכזית בהדר הכרמל, אין אנו יכולים להתעלם מדבר המבייש את הישוב העברי עד מאור: בית החולים היהודי בחיפה נמצא עדיי: בבני!פרטי, אשר בו חסרים התנאים הפרימיטיביים לבית חולים. הצפיפזת עוברת כל גבול, החולים הנאלצים לשכב בבית זה — ובשנות המאורעות גדל מספרם הרבה — סובלים עינויים _קשים, נוספים לעי…
1938-12-08	dav	dav19381208-01.1.4	…-זקוקים לבית החולים, אבל אי, הם יכולים להתגבר אי!על הקשיים והמעצורים הבולטים ביותר. מהלקה למחלות פנימיות אינ- קיימת בלל בבית החולים. בשנות המאורעות הובלט עוד ער יותר, כ_^ה מנסר זה ר‭;, ‬א?ץ לתת־ קייס בבני!הגרוע‭\, ‬זה\ות חרפה לי - שוב העברי בחיפה. והבושה גדולה שבעתיים, הואי?ויודעי דבר מבטיחים, כי אפשר להתגבר על הקשיים העוטדים בדרך ולגשת לבנין בית החולים במקומן הקב…
1938-12-20	dav	dav19381220-01.1.7	"…ייערך בםוצ‭1:-""‬ _מ־טעה , ז עד ‭— 7‬ ארוהה קי. ד‭,, ‬ט־‭— 7‬ תכנית אטנותית. בהסתדרות ההימאים ‭.. ‬העך‭::‬ ב‭ פכיבוטניה. חיפה הנציב העליון בחיפה ביום ח י תיערך הפתיחה הרשמית של בית החולים הממשלתי החדש _בבת־ גלים, חיפה. בפתיחה יחיה נוכח ח. מ. הנציב העליון. מחמירים בקנסות על עוברי העוצר השופט הבריטי דן 3 יהו…"
1938-12-22	dav	dav19381222-01.1.6	"…ונדון _לאתונא. שלטונות _אורוגואי אפרו 12 איש שעסקו _בהמצאת דרכיות ארגנטיניות מזו-יי־ פות לפליטים מגרמניה. הנציב העליון בחיפה אתמול אחה""צ הגיע הנציב העליון לחיפה. הבוקר ישתתף בפתיחת בית־ החולים הממשלתי החדש בבת גלים. הל הפצצות בצידון בירות ‭. 19‬דינם של המ‭2'‬ת הערבים המו-סלמים, שזרקו ב־14 ביולי פצצות פרימיטיביו…"
1938-12-23	dav	dav19381223-01.1.8	…, מראה הל אביב ונופת, מעשי יריו _להפ־ ארח, המסיבה חיתה קצרה ונאה בחידושה, ומר רוקח הבטיח לעשותה קבע בימי חג נטועד. נפתח נית־החולים הממשלתי החוש בחיפה _הבגין עלה ‭120. 000‬ לירות. • מודיעים רשמית: הוד מעלתו הנציב העליון פתח אתמול את בית החולים הממשלתי החדש בחיפה. _תכנית בית החולים , היכנה על ידי המהנדס מד א. מנדלםון. חבנינים נמצאים במקום יפת הנשק‭?1‬אל הים. בעבודת הכני;הו‭:6>_-‬ …
1938-12-23	dav	dav19381223-01.1.8	"…המזרח הקרוב. יש להודות לאדריכל מנדלסון ולד""ר _קאמפינםקי, לקבלן "" סולל בונה"" ולכל קבלני המשנה, לקול הארון ופקידי מחלקתו. בית חולים זה הוא פרט אחד בפעולת הפיתוח העצומה בחיפה שנעשתה בשנים האחרונות. לא הכרתי את חיפה לפני בואי לארג במארס השנה, אך יכולתי להעריך את התפתחותה הכבירה החל מייוש ביצות עמק זבולון, בנין חננ;ל, הקמת מפעל הברת ה…"
1938-12-23	dav	dav19381223-01.1.8	…ח י אחר העם ‭. 20‬ נאסרו ערבים בכפר אתמול אסר הצבא נכפר קארה 7 ערבים, ביניהם הטו-כתר. אהד שניסח לברוח נורה ונפצע והועבר לבית החולים הממשלתי בחיפה. שמו עבד-אל רחי ם נאסר.…
1938-12-26	dav	dav19381226-01.1.1	"…פנל‭"", ‬צ נורו עליהם יריות מהמארב. הנהג אברהם ספורטה נפגע בכדור ונפצע קשה. קיבל עזרה ראשונה מפלוגת חיל הספר בצמח והועבר לביהח""ו _שויי־ צר בטבריה. שם נותח, ובשעת הניתוח מת מפצעיו. בן ‭, 27‬יליד טבריה, הניח _אשה וילדה. הלויה הבוקר. שוב ופצועים בחיפה הבוקר תקפו כמה ערבים שני יהודים בואדי שליר המנזר בהר, הכרמל. אחד היהודים נפצע קשה והובא לבית החולים. נאסרו 8־ ערבים. ־ …"
1938-12-26	dav	dav19381226-01.1.1	"…ה ג‭!_-‬יא‭2'‬ו־־וב;ופ1־־־־ינ‭6_*‬אף לטיפול בבית־ י החולים. ‭? ? ?‬ • ‭-:? - ??‬ • • • מכונית צבאית העבירה את הפצועים י בית החולים הממשלתי בבת גלים !טשם העבירום‭.. ‬להדםה‭. ""‬הצעירה נחבשה ונשלח־ לביתה ‭. ""‬ הערב ב־5 ירו אל יהודי. בשם ל. _פיש־ בויס, בעל חנות ברחבת חמרה בחיפה. הוא נפצע ברגלו ובידו. _. לדגל פשע זה נעצרו שלוש- ערבים. . סופרנו ־ מודיע: אמש סמוך ל־5 הביאו לגית החוליםהדסה"" את לייב …"
1938-12-27	dav	dav19381227-01.1.1	"…ון העברית . נודע לנו, כי הנהלת הועד הלאומי הביעה במכתב אל המזכיר הראשי של ממשלת ארץ ישראל את מחאתה על המקרה שהיה בפתיחת בית החולים הממשלתי החדש בהיפה- — _שנאומים הרשמיים אשר הושמעו שם לא תורגמו לעברית, וכן לא תורגם לעברית נאומו של 7א‭1""‬ עידית חיפה. כלפי פקידי הממשלה לפי פקודה של מנהל מחלקת המדידות צפויים פיטורי!לכל פקיד שיימצא מחוץ לעיר בשעת הטלת עוצר עליה, או במצב…"
1939-06-20	dav	dav19390620-01.1.1	"… קאראמאן. נתקן!ע""י נשים ערניות ונדקר עוד אומרת החור*־!הרשמית: לארח ההתפוצצות נכנס יהודי בשפ אלפדד כהן לתוך הדר המתים של בית החולים הממשלתי ? בחיפה שבו שכבו קרבנות, ההתפוצצות. סבורים, בי עשה 1את מתוך סקרנות. הוא הותקוי ע""י נשים ערביות , י. נדקר בגבו. הוא נמצא עכשיו במצב חמו-־ בבית החולים (לפי ידיעותינו שם הפצוע הוא חאן ולא כחן — המעתיק‭. (‬ עוצר המפקד הצבאי הטיל עוצר על בל חיפה משעה 9 בבוקי עד להודעה חדשה. העוצר הופסק ישעה 4 אחה""צ ואמש חורש. ב""י היהודים אצל מפקד הצבא מפקד הצבא במחוז חיפה, הבריגא…"
1939-06-20	dav	dav19390620-01.1.1	"…ורת ההרוגים הערבים מתחתנים העדיים נקברו 15 בבית הקברות המוסלמי בנשי, שנים הובאו _לקבורת בצפת ואחד — בשפרעם. הלווית יצאו מבית החולים הממשלתי בחיפה, ג־1 אחח""צ. מצנ הפצועים מצבו , של הפצוע אל-פראד חאן — טוב. גם מצבו של צדיק היטב במקצת. אם כי עודנו חמי-י. הנשים. הערביו…"
1939-06-20	dav	dav19390620-01.1.1	"… חפשית‭.. ‬על קכ-ותיבם הרענ:_יםי‭; ' ""‬ א ‭*?' ?;‬ נשבעים לא נכנע. - ־ ‭; 1 ‬ קהל רב של תושבי צפת נתקהל אתמול בבוקר ליד ביהח""ו "" הדסה‭, ""‬ משם עמדו להעביר את גויות א. כהן וי. בירנבוים, שנהרגו בתאונת דרכים ביום א י. לרגל המקרים שקרו. בחיפה והעוצר שהוטל עליה — איחרה הלויה י והיתה רק בשעה- ‭. 11‬הגויות הוצאו מחדר המתים והונחו על מכונית עטיפת שחורים, וכוסו בדג…"
1939-06-20	dav	dav19390620-01.1.1	"…ים. הספידו קצרות: הרב א. ל. זילברמן, רבה של צפת ומ. פודהורצר, יו""ר הקהילה. החזן אמר אל מלא רחמים וקדיש — והמכונית נסעת לחיפה. השתתפ _י ו בלויה ימה קציני צבא ומשטרה. כאשר. הועברו הארונות דרך חיפה, הובאו אל בית החוליםהדסה‭. ""‬שם חיכה להם משמר צבאי "" _מעין־חרור. המשמר, עם קצין . בראשו, חלק 1 בביר י צבאי להרוגים. הובאו חרבה־זרי פרחים‭ ., …"
1939-06-20	dav	dav19390620-01.1.5	"…ייצי ‭483, 5 478, 5‬ ליר איטלקי ‭12, 75 —‬ נ - _בלגה ‭730 722, 5‬ _מ־;רק ‭861 —‬ זהוב פ‭?1‬ני ‭ נפגעו עשרות ערבים עוצר בחיפה ובהןר־דגרםל אלפרד האן פגוע לבית החוליםהדפה"" בחיפה הו-בא _ב־7 בבוקי אלפרד "" ה ‭!5‬ן, בן ‭, 27‬פצוע ימיות ובאבנים ליד בית החולים הממשלתי. אלפרד תאן הוא המעפיל שנשבה עם אשתו ע''י הערבים ליד _, _נ!גדל‭), ‬סיפור ההתעללות פורסם _כ "" דבר‭. (""‬מצבו לא קש…"
1939-07-11	dav	dav19390711-01.1.7	"…*1‬ פועל יהודי אחד. על . הקבלן הערבי אינה חלה כנראת חובת הממשלה, אולם מת דעתה של הנהלת הדואר? זכור לנו, כי בזמן שבנו את בית החולים הממשלתי בחיפה שמרו בקפדנות :של‭1 החיד‭. 8'‬הג‭""1‬ _טיקיס שנסכת כוחם י£ד‭,, ‬הערב ג־8 בקלוב ‭_6?‬נ‭. ‬י רדיו ךקא _ויקטור מייחד לתערוכה…"
1939-09-01	dav	dav19390901-01.1.4	…_5 וקניית הפירורים הטכניים‭. (‬ תחנות לגזרת ראשונה מודיעים רשמית כי הוקמו. תחנות לעזרה ראשונה לקול במקרה התקפות אויר על חיפה במיומות דלקמן: בית החולים הממשלתי יחדש, משדד חברי־ אות הישן, מרבו מגן דוד, בית הקפת קאובאב אל סבאח, וחוב המלך, תחנת החיטוי של הנטל, ותנת החיטוי ל…
1940-06-02	dav	dav19400602-01.1.6	"…ס א""י בע""מ‭, ""‬ המייצר קוגטקטים חשמליים, מסרקות _ואצבעוניט, בקרוב ייצר מיצדכים שעדיין אינם נוצרים בארץ. לבני ברק הועבר מחיפה ביח""ר למסגרות _למשקפי־שמש. בין הקרן הקיטת וחגרת הנפט ביית הדין לערעורים בירושלים עמד להתברר המשך הערעור _ש־גישה הממ - של־ נ…"
1944-04-27	dav	dav19440427-01.1.3	"… שומן. בביצוע התזמורת הפילהרמונית מלונדון בניצוחו של יוג'ין גוסנס‭5. 55. ‬ הלשות. ‭8. 00‬ תכנית ""כבק'גחד* מיוחדת לאחיות בית החולים הממשלתי בחיפה‭8, 15. ‬ ז/ד־ שור‭8. 25.. ‬ שיחה על מאורעות י _"" יוט‭8. 30. ‬ שנה ב‭. -, ‬יואף"" — _תכגית וזוגשין ע""י גשיט ארצישראליות ה…"
1945-01-30	dav	dav19450130-01.1.2	"… אין קמע-ט גנין גדול שהוקם בעשר הש - נים האחרונות‭""_^, ‬נמליט"" לא ס""פק לו את רוב מהפרים _תחנת־הכזח של חב־ ; י ףת החשמל, בית־החולים הממשלתי. בית מעיליה' ""ב יתנו‭, ""‬בתי־הזיקוק, נמל היפי‭,, ‬בניני המשטרה, בית ‭,, ‬בוביס'י, שוק ""תלפיות‭, ""‬בניני הקריות במפרץ חיפה ויו' _יכוי. הקשיים העיקריים של ‭,, ‬נג!ליט'י הם עם ""סולל־בונה"" וי_&חלקה להטרי ביין של • . המשכיל‭, ""‬אבל קשיי הוא עם רי…"
1945-09-11	dav	dav19450911-01.1.1	…ית צבאית שהסיעה פועלים ערנים בכביש עכו. המכונית התנגשה במכונית נוטעים _ו־17 מבין הפועלים נפצעו. _הפצו־ עיפ קשה נאטפו אל בית החולים הממשלתי בחיפה. _חמר3ז החקלאי מודיע: ישיבת הועדה לקליטת ילדים וגוער עולים _גמשקיפ . _־ וכן- הישיבה של ועוון־ המשנה לעניני. הציוד לנוער…
1945-10-28	dav	dav19451028-01.1.4	"…ימיה בשנת 20 לחיית וכל המשפחה גם זזנריו לעבודה ומשפחו- מתאבלים יחד עם בעלה, בתר, תיהם בקואופרטיב ""הכרמל השאנן הלויה תצא מבית חולים ‭,, ‬עזרה"" היום (יום א‭('‬ ב־10 בבוקר _^ ‭_$""‬ "" חיפה ‭. . ‬ לידידנו שורה ולאיוב תנחומים במות אמו יוסף בקר‭. *, ‬טורצקי, _אלויי! _גוסיוב, א. פרידמן' זבולון קורט, ש. שנברג, ע…"
1946-01-23	dav	dav19460123-01.1.3	"…. בן זאב;וכסמן ב־‭:12‬ צ. קוגל_: שמיר ב־‭:12‬ 'ע. ברלין;אבן־ספיר ב־‭:11. 30‬ מ. ברנשטין כהן. היום. סיור בהחשת ההסתדרות יחיפה — •_#ל ב""כ ועדי פועלים ‭!^‬ מביח""ר: אריץ, גרינפדד, גרז' גולדברג, הנמל, ויסוצקי, חב' החשמל, חברה לקמר, טיץ, לויךאפשטין‭?, ‬וחי. ־ לב, מספרו, "" סקוסובפקי,…"
1946-01-27	dav	dav19460127-01.1.4	"…עים על מות. אשתי, אמנו I חנו ‭6 !‬ מדידיזבג- בת ‭9 59‬ ן ה?ויד!תצא היום, יום א' כיה שבט תש""ו ‭3*3 (27. 1_^6)‬ אחה‭I 5*‬ מבית החולים רוטשילד בחיפה ' ן הפתאבלים, _־ בעלה דוצגט דירי. _פרידיתג I בניה: מהנדס ב. א. פרידיוע-חיפד. ־ ן וו. פרידיונג—מנציסטר . ן לל38 דה _שוש_…"
1946-01-27	dav	dav19460127-01.1.4	"…""ספורט לעם"" — בום א' ב""דבר"" בצהרים. תודה על העזרה 3הגשת השי ?מעפילי "" אגצו פידגי'' ארגון אמהות עובדות מודה למועצה פועלי חיפה‭"", ‬המשביר המרכזי‭"", ""‬צרכן‭, ""‬ ""פולל־בונה‭., ""‬ביח י ""ר ""עלית‭, ""‬ביח""ר שפן"" וקופת הולים. על עזרתם הפעילה והמהירה בסידור בקוד המשלחת של חב - רותיו במחנה בעתליה ובהגשה _השיילמע־ פילי ""אנצו ס…"
1946-01-28	dav	dav19460128-01.1.4	"…געו. על הרצפה פרשו מפות־שול־ הן, כדי שלאי יראו עקבותיהם ומראה לא נגעו •בארון ובשאר החפצים, אלא בכסיות. גניבה זו שלמדת שבחיפה פועלת עתר, קבו־ צת גנבים זריזים ומומחים במלאכת. שור •שגגה ‭___. ‬ י ?בשעת טיפול בפר ברמת יוחנן נלחץ א. ג. אל הקיר, נפצע והועבר לבית־החוליפ ""דע־ שילד‭!""‬ בחיפה• לאחר. שנותח, הוטב . מצבו במקצת. אקדח _וכדוריכ באחד ממחנות הצבא בסביבות חיפה נא־ םד אחמד עו_?לי, שע…"
1946-04-24	dav	dav19460424-01.1.1	…על שהסיבה שבת מנמקים את סגירתו היא — נסיעת החובשת הראשית, מרת בדאון לאנגליה. העתון מעורר את מחלקת הבריאות לקבל לידר. את בית החולים. לעתון נוחי שבית החולים יהיה סגור במשך 6 חדשים. החולים 'הוצאו ממנו. מנהל חברת הובלה נאםר על הכרחת צמינים 17 צמיגים הוחרמו , במחכני חברת הר ילה בחיפה. המנהל גאסד• כתאונת דרכיכ שכמית צבאית התנגשה באחרון של עפה במכונית של מר א, *יון _בכניש ר‭7. ‬־ אביב יחשליפ. משד, צען נ…
1946-10-23	dav	dav19461023-01.1.1	"…יפה. _גקצ1ת הלילה הוליעו ג‭_4!‬עמ לשגת המוי דיעין הממשלתית לעתונאי‭, _^‬שתינתן לה‭:!‬ האפשרות להיות נוכחים בשעת ד‭_?, ‬ ביח המעפילים מהאניה ‭,, ‬בלכר, פולו"" לאנעת־ י י ההובלה, שתעברנה • אותם ‭.. ‬לקפריסין. שעה זו. ומתה חיפה-לעיר נצורה ?ל ; _>לחובות המובילים לעיר היו חסומים גל_7י-תייל ועל ידן משמרות _חזקיפ של ? חיילים וטנקים לרוב, הרחובות בעי…"
1946-10-23	dav	dav19461023-01.1.1	"…תם לאחת סאניותי ההובלה""_אישיין ויגור'' ו""אמפייר הייווו"" לשם גירוש ־ מחוף המולדת לאי קפריסין. רק שלושה חולים קשה הועברו _לבית־ החולים הממשלתי בחיפה, זאלה שמותיהם: ואלטר יואכים, בן 25 (מחלת-לב‭;(‬ זיאנט אברמוביץ, בת 33 (שבר. ברגלה השמאלית‭, (‬שניהם יוצאי רומניה, ושמוא…"
1946-10-23	dav	dav19461023-01.1.1	"… לתוצאה ד‭9. ‬ובת. הישוב לא יוכל לשקוט, כל עוד לא יחול שינוי יסודי במדיניות הזאת‭. ""‬ •למעפילים שגורשו הלילה שלחה קהילת חיפה מברקלעידוד. נודע לנו ושלבית הולים צבאי בחיפה הובא _סציע _מחאניה ‭,, ‬בר5ה פולד"" (מלבר שלושת ה3צתים שהובאו לביה""ח הממ - שלתי‭, (‬אבל ל* יכולנו לקבל אישור לידיעה' כי בתי־החולימ הצבאיים מסרביס 1 י להשיג על _שאלותיט. הישוב בארץ והיחודיפ…"
1946-11-19	dav	dav19461119-01.1.4	"…ה. הערב ג־8 קבוצה ‭ _ב־‭8, 30‬ הנהלת תא פועלי המתכת. הטחנות העולים. היום ג־‭5, 30‬ בקומונה מועצת מוייכי השכבה _הצוגיית בחיפה נו־־שאנן והקריה. מטעם בית-העם. בביה""ס תלנודדוי, הערג נ־‭>7, _30‬ ד""ר י , _םרגקל: ד. שגזעו1וביז_> ב־‭8. 30‬ ד""ר ‭. 3‬_וולמן;זך־ מיפי -נפטיכולוגיה. בביח""ם העממי . בל&ור"" הערב ב־8 אספת הורימ שנתית. תורה והשכלה למבוגרים ולנוער. הערב ב־‭8. 30‬ כבית צעירות מז־ רתי‭), ‬רב הוו …"
1947-01-01	dav	dav19470101-01.1.5	"… בצירוף _החוזית. מחייגת _#ת האגודה. על קב־ _לת 5_ס3יי1 יעל שיקים מספיקה חתימתו של _הי‭^*:_6‬ו בלבד. דרושה פקידה למשרד נ;ביח""ר לקורספונדנציה בעברית ולעבודות אחרות (קצרנות וידיעה בשפות רצייה) בהצעה נא לציין המלצות. לפנות ? בכתב לסניף , דבר"" בחיפה, בשביל מסי ‭-125 ‬ ‭££‬פ_^ """"י ‭""""^"" *_-*""""""——""‬י"""" חרות מושב ע ובדים אגודה שתופית בע""פ באספה הכללית ביום ‭1. 12. 46‬ _…"
1947-02-12	dav	dav19470212-01.1.1	"… ומשנתו. המעפיל האלמוני הובא לקברות המעפיל שנפצע ומת בהתקפת חצי. על ספינת המעפילים ‭,, ‬לנגב"" הובא לקברות ?אתמול. קהילת חיפה הזמינה את הצבור . להשתתף בהלויה. _בי10 לפני הצהרים נתאספו לפני בית־החולים : הממשלתי בבת־גלים משלחות מטעם הסוכנות היהודית, הקהילה ־עברית בחיפה, מועצת פועלי היפה ומוסדות אחרים. הסטודנטים בטנניון …"
1947-02-19	dav	dav19470219-01.1.6	"… שמחיר הספר ""עברי ""מוזרות לישוב הסכסוך עפ בעלי הדפוס. בנין ובו טעון לילדי המגוייםים ובית החייל העברי, יוקם במעלה הכרמל בחיפה טול בית החולים רוטשילד. היזמה יצאה מארגון נשי החיילים ומאת יחידות המתנדבים, שהכניסו את הסכום הראשון. המגרש ניתן על ידי ועד הדר הכרמל. …"
1947-05-19	dav	dav19470519-01.1.4	"…יוליום שטקלמאכר קיבל זעזוע מוח והמהנדס בירגמן (מקרית שטאנד) נפצע פצעים קלים, אולם אבר את הכרתו. שני אלה הועברו ע""י מו""א לביח‭''‬ח רוטשילד. מעשה 3תי;וק ש:ח8_ף ל0ני עשרה ימים נדוטף תייוק של ערביה ממחלקת היולדות של בית־החולים הממשלתי בחיפה. לפי מכתב אנונימי שנתקבל במשטרה נמצא התינוק אצל ערביה. תרמאת רסאן, בואדי רר*מיה בחיפה. הערבית נעצרה ובמשטרה טענה שהתינו…"
1947-06-11	dav	dav19470611-01.1.6	"…קל‭. *‬־. איפוס ‭. 13 ‬ ק8נווי _ידיע!וומן חאךץ _ י ‭""""‬ל לא_31ל, רופא ששרת בשנות . המלחמה בצבא הבריטי, נתמנ* . סגן מנהל ביה''ח הממשלתי בחיפה. יצהלן _גליכטון, מזכיר י משטרת אזור רחובות, הועלה בדרגה. כ3_ית הלין _הצגאי ב-רושליס החל להתברר אתמול דינו ש7 אפריפ מיכא…"
1947-08-01	dav	dav19470801-01.1.9	…יחסים בין החיילים לבין החושבים ?הרשאים החיילים בנסיבות כאלה להתגרות בצעירים יהודים! מעשה כעקרת לפני השופט כליל עבושי י בחיפה הובאה ערביה צעירה באשמת גניבת תינוק מבית החולים הממשלתי בחיפה. בחקירה נתגלתה שוב תמונה מענינת ניהוי החיים הערביים. הנאשמת — חיכמאת קאסם, בת ‭, 22‬נישאה לפני 5 שנים למו…
1947-08-13	dav	dav19470813-01.1.5	"…ועצה המקומית. _טיפופ בכפר ערבי בכפר כפרין, בסביבות זכרוךיעקב. פרצי. מגפת טיפוס‭25. ‬ מאנשי הכפר הועברו למחלקה מיוחדת של בית החולים הממשלתי בחיפה. על הכפר הוטל הסגר. זכר""ן־יעקב. הערב במפלגת פועלי ארז ישראל, י. נצני: המועצה ודיוניה, כפר-אז""ר. באגודת שוחרי _האיניבר־ …"
1947-08-27	dav	dav19470827-01.1.6	"… יהודים י _עצר ו_5י_3ח להתאגד ; ל. ל‭,. ‬בן ‭, 54‬נעצר בהדרה על ידי ־משטרה, כחשוד בהוצאת כסף במרמה. בדרך לתחנת _הגשסרה בחיפה, פנ־ אל _בית־חכבוד ד_&יבודי ברחבת חמדה ושם ניסה לשלוח יד בנפשו _בסגין גילוח. הועבר לנית־ההולים הממשלתי- נהיפה. הוצאה נגדו פקודת מעצר על _נסיון _התנכלות. . ‭. . ‬ מנזרים* ‭. -‬תגוא מהר טטשרד -הלל _ושות""' מודיעים, כי…"
1947-08-27	dav	dav19470827-01.1.6	"…מרקחת רפב""ס — ארלווורוב ‭. 29 ‬ אסכרה _גסביבלת חי3ה מעכו. מנצרת ז8ט8נטורה הל-יא י השבר! ילדים _חולי־אסכריי (דיפטרי־) אל בית־ החולים הממשלתי בחיפה. אחד מהם תינוק בן 6 חדשים, מנצרת, מת. בקשי לזה מודיעים- כי המצב בשכונות היהודיות של ד, י0ד, אינו מעורר דאגה. ‭,, ‬גית _…"
1947-09-02	dav	dav19470902-01.1.3	"… ‭2 _*‬עימ ‭: . ‬ ת י_^יתהא ייי יגמ ‭'. ‬ י _^ _־ ‭_^ _^ _^ 0^[?^\, _$_^11(5, 801-8311110 _^‬ _^ז י י ‭\)_\[‬ ‭^^^^ _^‬ חיפה י""ןהרצל‭18/20‬ ביח. ר, קרנ1ח. ‭\ ""‬ ‭^^ _^‬_ייזת_^ןהזטתוטינמווווון-ןיןן-־ן_^_ןןןןו 11111111 י 111. ‬ ו וו‭-^&‬ _י -־_^_ינ‭—^-^^^‬ ־‭????—_…"
1947-09-10	dav	dav19470910-01.1.6	…ערבי קילומטר אחד מדרום לחדרה. מעוצם ההתנגשות נהפכו ‭' ;‬ _גתי המכוניות. ישני חיילים ושתי חיילות־ נפצעו / קשה והועברו אל בית החולים הצי באי בחיפה. אחת החיילות מתה מפצעיה. י מצב השאר — קשה. גט נח;המכונית העל'נית נפצע והועבר אל בית החולים \ הממשלתי • משטית חדלה חוקרת…
1947-10-17	dav	dav19471017-01.1.10	"…ליגת הנשים הבונה את במי החלוצות ולשליחות הפועלות בא - מריקה ובאירופה- שתי שיירו‭?!‬עולים שתי שיירות של עולים באו אתמול לחיפה‭211. ‬ נ/מע0ילי ""כנטת ישלאל"" חזרו מקפריסין באניה ""פאטליס‭, ""‬והועברו לעתלית‭8. ‬ מתוכם הועברו לבית החולים שבעתלית ו־3 תינוקות הוסעו על ידי מגן דוד אדום לטיפול לבית החולים בעפולה . שיירה של עולים _מברגן־בלזן באת את מול באניה ""…"
1947-10-17	dav	dav19471017-01.1.17	"…ן"" _' מחר ייכרה לו קבר באדמה זו, אשר על כמיהתו אליה נפל. ושוב עבר יום וחבורות אבלים מוכי האסון עמדו קודרים ואומללים ליד בית־החולים הממשלתי בחיפה, שעות מעטות לאחר שקול הנפץ העז הרעיש את העיר, הנמה עדיין ישנתה. בני שלוש העדות היו האבלים, מאמיני שלוש הדתות. שונים כל־…"
1947-12-09	dav	dav19471209-01.1.3	"…ין חרוד) וכו‭, '‬כניסה למחצ־ בת . נשר‭. ''‬עבודות הסבלות בנמל היפה. עבודות שיכון נרחבות בת''א, קרית ~ עבודה, קרית חיים, בית החולים הממשלתי בחיפה. הקמת נ8ל ת""א בשיתוף המש־ רד הקבלני ו0ולל בונה וקפט. קלוד גרינבלט. עבודות במצרים (בשות5ות עס קבלן מצרי‭. (‬גדר התיל בצפ…"
1947-12-17	dav	dav19471217-01.1.4	… . • בינתיים החליטו השלטונת לאסור אפית לחפ לבן ביטימ- ‭'*‬ וב' גם בנווטובןת, (עד עתה חל האיסור רק עליירושל יפ'יתל אביב וחיפה‭. (‬המופחת המוניציפליים חייבים להשגיח על םילווי תקנה זו. י י מתה מהתפוצצות פרימו‭.. _?‬ לבית החולים למושבות הובאה אס‭?'‬בל6 פרת איזנברג, בת 20 מרחובות, שנכוותה _גחתפוציו פריםומ. לאהר במה שעות 0תה. חוגרת . דגר הקלעלת- ‭.…
1948-01-01	dav	dav19480101-01.1.1	"…של המשק. דיוני הועד הפועל הופסקו בשעות הערב, כדי לתת אפשרות לועדה המרכזת לדון בבעיות קונ־ קרטיות של מצב העבודה והבטחון בחיפה. ישיבה הועד הפועל של ההסתדרות ו1יפ־ שר הבוקר ב־‭. ? ‬ לקי ידיעותיה לא יהודים הם שרצהו את הרופא הערבי בבית החולים ה_&משלתי בבית לחמ. הדובר סיפר שהסוכנות ניסויו ; לממשלה פרטים בענין זה. במסיבה צוין, כי הנרצח ד""ר מעלוף קיבל מכתבי איום …"
1948-01-09	dav	dav19480109-01.1.1	…ים בקרית־חיים, בן 136 _אקרמן מנפרד, פנניפינה_, בן 138 אסלינגר שאול, מגבעת־־יים, בן ‭. 32‬ הנהג הביא את הפצועים במכוניתו לבית החולים רוטשילד בחיפה. בשעה מאוחרת יותר הודיעי כי ניולה _ויוליוס) פרידמן מת מפצעיו בצהרים. הנוסעים מציינים, כי היריות באו מכמה כיוונים בבת־אח…
1948-01-14	dav	dav19480114-01.1.1	"…חה‭2""‬ ?ריות אל מכונית ‭,, ‬משסר ה_30_רץ‭. ""‬אהד הנוסעים נפצע קל, שתי גויות שלא זוהו בביה""ה הממשלתי כהיפה בחדר המתים של בית החולים הממשלתי בחיפה מוטלות שתי גויות, האחת נמצאה ביום ב' בערב בקרבת כפי טירה: האחרת הובאה לבית־החולים ממזרח העיר חיפה. כל מי שיווע על י ה ו ד י נעדר מתנקש לפנות לחברת קדישא בהיסה (טלפון ‭(3923‬ או אל המשרד בהדר־הכרמל, יה' הגלעד לוית מאיר…"
1948-01-14	dav	dav19480114-01.1.1	"…ועדה הלאומית הערבית לא התחשבה בדרישתם והפקידה שומרים מוסלמים בקולנוע . אמין"" ברחי יפו. _בית־חזלים :מי _לערביט ; הערבים בחיפה פתחו בית חולים זמני בשוק אל־אביאד ליד משרד האחים המוסלמים. ניים 1יי_5 של השכונה‭-. ‬ הוא עוג _אוז ז!ע‭*5‬־£ דד, שלו ורץ לעמדה הקיצונית…"
1948-01-22	dav	dav19480122-01.1.1	…נבחו־ה ועדה מצומצמת לציון בהצעות _אלוז. גפגעו פורעים בהתקפה שניה על יחיעם הנוטר אליהו אדלר. יחד ע0 פצועים את־ רים הועבר לבית־החולים הצבאי בחיפה ושם מת מפצעיו. ?וית הח‭?9‬יט 3ני. ריז? בשעות הצהריים הובאו אתמול לקנייה בנהריה הנוטרים יוסף קליין, יוסף סשינב־ סקי, בני…
1948-01-25	dav	dav19480125-01.1.4	"…גפקי שמעון ‭. _5 ‬ אבלים על מותו של חברנו בעבדות שלמה לוה מנפגעי הפצצה במרכז המסחרי החדש תנחימים למש6חה ההלויה תצא היום מבית החולים רוטשילד ה3רי . אות‭, '‬דפוס קואו8רטיגי, חיפה . / . _£מם‭—5©_-_?‬_גזלגרייוז טובח * טבק במניין ‭_9 -‬י‭""!_2‬יה מצוינת •־ ‭: 1‬ _(נ8ו נא עתה את _חתערו3ת המחודשת _וחטשו…"
1948-01-25	dav	dav19480125-01.1.4	"…ר ש לעונד על _?ה הברותיה שמה לעבודתה בויצ ת"" ביערות זיצ ו, מסיבה בחו הציבורית 'ו"" ותיקה ל ויצ והחליטו ובארץ ""ו. של , ‭. בבית החולים _הטפשלתי בחיפה _מתהלננים פור9ים חמושים כבתוך ש?ר. מ לפני -שלינה שטעית עזבו גל העלב־ דים _הימורים את בית־החולים הממשלתי בחיפה ועד עתה לא נעשו שם כל סידורי בסהון שיאפשרו. להם לחזור לעבודה. בבית־חולים זה עבדו רופאים, אחיות, _ואחיות־מתלמדות, בם""ה ב…"
1948-01-25	dav	dav19480125-01.1.4	…יות הרצחניות החדירו לתוכו הלד־רוח של טירור. שלטונות הבריאות לא שעו לאזהרות, וכאשר הרגישו העובדים. כי חייהם בסכנה — יצאו מבית־החולים. יחד אתם הוצאו החולים היהודים המועטים, שננו־ צאו שם באותם הימים. ועדת המצב בחיפה מינתה ועדה מיוה־ דת, וזו העלתה, אחרי _חק־רות נודויקות, כמה עובדות, שראוי להביאו בפני הצבורבית- החולי3ז הממשלתי פרוד בפנ…
1948-01-28	dav	dav19480128-01.1.1	"…ין הנוסעים. השיירה המשיכה בדרכ3 ובזכרוו יעקב קינלו הפצועים 5ז־ רה ראשונה. משהגיעו לחדרה הועברו הפצועים במכונית מ. ד. א. לבית החולים העירוני בתל־אביב‭_8. ‬הד הפצועים, יהזק_&_י! _וולפסנוון, מרחוב השילוח 4 בחיפה, _נפגוג קל מעל לעינו השמאלית, נחבש ונשלח לביתו. הפצוע השני, צבי קלינסקי, בן ‭, 30‬ מרחוב מרכז בעלי המלאכה 30 בת""א, נפצע…"
1948-01-28	dav	dav19480128-01.1.1	"…ק. (למ""מ‭. (‬בשעת ההתקפה על השיירה היהודית _בעין־וזגל נהוג גם _קורפוראל של הצבא הבריטי, שנסע בג'יפ. אשה הלוגה נמצאה ליי חיפה ליד גשר קטן בקרבת חיפה, בכביש לתל־_&ביב. נמצאה אתמול ב־‭1. 15‬ אחה""צ גוית אשה. שהועברה לבית החולים הממשלתי בחיפה. היא זוהתה בתור מרי קייזר־ מן (לא ממשפחת עורך הדין _קייזיסן‭, (‬בת ‭. 26‬נתגלו פצעים בראשה, אלום מסיבות מ…"
1948-01-28	dav	dav19480128-01.1.1	"…פ על הרושם העצום, שעשתה בפמגוםטה הופעתה של אניד, יהודית. שהניפה דנל תכלת־לב‭4 _4‬ מעולי קפריסין הועברו באמבולנס של מד""א לבית החולים על הסוכנות היהודיה בקרית־ שמואל. האניה ‭,, ‬פר1בידנס‭, ""‬שהגיעה שלשום, הביאה 299 נוסעים. רק אתמול עלו הנוס - עים לחוף חיפה ויצאי למקומותיהם. אמש ‭- . ‬ _קטאלין £רך כיה!ג' _קקיכח. לכבוד _מזלחת הממשלה הפולנית בראשו־ וזו -גל צ'יראנקיאביך. מפקד ח…"
1948-02-05	dav	dav19480205-01.1.1	"…ם של _הרוגי־הלגיון והפורעים הי - תד, להפגנה המונית נגד השלטונות, הנותנים יד לפורעים במדים ובלא מדים. הל־ ויה יצאה אתמול מבית־החולים רוטשילד ועברה את הרחובות המרכזיים של הדר־ הכרמל. כל החנויות, המשרדים. _ובתי־ המלאכה נסגרו לאות אבל. נאמו ראש קהילת חיפה מ. ג. לוין, וב""כ ועד נוה־ שאנן. ושוב ואדי ר ושמיה אתמול לפנות עכב בשעה 6 היתה שוב התקפה מצד יושמיה על מכוניות יהודיות, …"
1948-02-15	dav	dav19480215-01.1.2	…הרים. כאשר יצאו שוטרים בריטיים לחקור, מצאו במקום ערבי שידיו נקטעו. בחיפוש שנערך אהר _גך בבית הפצוע נמצא רימון יד ורובה. לבית החולים הממשלתי בחיפה - הובא כליל שבת ערבי בן ‭23‬ שנפצע בידו _ברי־ _גון יד ברחוב סלאח־א־דין. התקיפו אנשי ההגנה בחיפה בליל שבת _ב־ל 0ת הכנופיות הערביות בואדי סליב. שנים מאנשי הכנופיות, לבושים מדים צבאיים _ומזוייניפ, נהרגו. איש בגופיה אחר…
1948-02-15	dav	dav19480215-01.1.2	"…תם מזו""נים מבסיסיהם ברה' עיראק במזרח העיר לפעולות התקפה. ימשך בל ליל שבת היו חילופי יריות בגבולות הדר הכרמל וואדי סליב. לבית החולים הממשלתי בחיפה _הובז עובי בן 25 מכסו טמרה במחוז עכו שנפצע ביריות בואדי פליב ביזם ו‭. '‬בשבת מת מפצעיו. כן הובא לשם ערבי שנפצע קש־ במקו…"
1948-02-25	dav	dav19480225-01.1.2	"… צו0יט. מה, כבד טתזן מקד 7 עוד לא גנזרתי לקרוא אח _עתוני הערב! ו ב ח י 3 ה אור ליונו ג' עברו _חייליט במרכז המסחרי הישן בחיפה, ירו לתוך בית מלאכה יהודי ומיד הסתלקו. בליל ב' נסעה מכונית צבאית בעקבות אוטובוס יהודי שעלה להד הכרמל. בקרבת בית החולים ‭,, ‬עזרה"" ירו מתוך המכונית הצבאית אל נוסעי האוטובוס. בדרך נס לא נפגע איש. קבוצה של שלושה שהיו ביניהם כנראה חייל אחד, מ…"
1948-06-20	dav	dav19480620-01.1.3	"…. 3. 4. 9‬ ולא לדהות את התשלום עד ספטמבר ‭. 1948‬ י. סיון תש‭:'‬ח‭17. 6. 1948. ‬ י י רוקה ‭--‬ ראש העירית ת י . פ ה י . בית החולים הממשלתי בחיפה מתארגז מחדש בקשר _לידיעות בלתי מדויקות, שפורסמו בעתונות על גורלו של ביה''ח הממשלתי בהיפה, מביאה מחלקת הבריאות לידיעת הציבור את הדבריט הבאים: ביה""ח הממשלתי כהיסח היעבר ב־15 במ_^י לרשות עידית חיפה. מחלקת הבריאות התחייבה להשתתף לער, עתה ב־0_ל50 מהוצאות החזקת ב־הוז. הוקם ועד מנהל בראשותו של ראש העיר, בהשתתפות ב''ב מח…"
1948-06-21	dav	dav19480621-01.1.3	"…ריה, כי ה""נטל"" שלקחה על עצמה בבית חולים זה, משחרר אותה מהשתתפות בתקציבו של בית החולים רוטשילד העובד בתנאים קשים מאד. גם בית החולים של קופת חולים ‭"")‬הכרמל‭(""‬ אין תקציבו מובטח. במקום הפיצול, שאינו מוסיף בריאות, ואוי לרכז את כל עניני האישפוז בחיפה רבתי , להעביר אל בית החולים הממשלתי את רוב המחלקות של שאר בתי החולים, ולהעמידו על הגובה המתאים. עד שיהיה מרכז רפואי ישו…"
1948-08-09	dav	dav19480809-01.1.3	"…־ירושליס להחיות את החיים הפומביים בעיר. כן יסלול השבוע את התארגנותו של _משמר־העט לרגל הת0־ קידים האזרחיים שהוטלו עליו. _חיפה 1נית ההולימ _הוזמנתי _בחי_&ה _לר'_עוות י_^_רונל בהתאם להסכם שהושג בין נציגי הממשלה, באיכות עירית היפה יועד קהילת חיפה יועבר בית החולים הממשלתי בחיפה -אשר באופן זמני היה בהנהלת העירית — לבעלותה של ממשלת ישראל. בית החולים רוטשילד בחיפה שעמד להיסגר מחוסר אמצעים כספיים יועבר לבעלותה של עירית חיפה והממשלה הבטיחה את תמיכתה בבית חולים זה. _, בנק הפועלים"" של חי&ח "" _בקופת־מלוה־וחקכון נמשך הגידול גם בשנה ‭—!/‬ בגל סעיפי המעולות. נוסף על הפעולות הרגילות ש…"
1948-09-17	dav	dav19480917-01.1.6	"…תז/בודה, ביהוד _בענסי הקשר לרוסיה. ‭6:‬החו בח, י־פ8ר ?אחיות מטעם משדר הבריאות . הממשלתי נפתחו השבוע בית הספר לאחיות ליד ביה""ח הירקון בתל־אביב ובית הספר לאחיות ליד ביה""ח הממשלתי בחיפה. מסט־ התלמידות בשני בתי־הספו הוא ‭. 70‬ תזמורת "" ירושלים"" קול המשמשת גט תזמוות _י החטיבה היוו־ שלמית תצא לסיבוב קונצרטי…"
1948-10-03	dav	dav19481003-01.1.18	… בעלי המקצוע, איפשרו למלא חל?ניכר מדרישות המעבידים לפועליס נוספים. . החופי* המצ3 בנין העובדים בבית-החלןים הממשלתי עובדי בית־החולים הממשלתי בחיפה סירבי לקבל את טשטרתט בעד חודש ספטמבר. גרגר. לכך קביעת משכורתם על ידי הממשלה ללא כל באופן חדךצדלי התחשבות עם מצב החברים …
1931-03-01	dhy	dhy19310301-01.1.4	"…רקציה הידוע יוסף גולטפריד מירושלים בקשר טי־‭"". ‬היום האדום‭"". ‬ מבתי המשפט ביום התמשי וביום הששי התנהל בביהמ""ש דנזחוזי בחיפה המיטד משפטם של שליטת הדרוזים ט""דליית אל כרמל"" שנאשמו ברצה, ננבו עדויותיהם של מפקח המשטרה מר עבוד"" אחות ופקיד ‭2'‬ל _ביה""ח הממשלתי שטפלו באשה הפצועה, ‭:.. ""‬שפט ימשך עוד כמר. ימים. בזכירת בשר כשר _ עפ""י רשיון ועד הקהלה בחיפה מפנה את תשומת לב …"
1935-05-09	dhy	dhy19350509-01.1.6	"…אל־ קוק נושאת את הסימן המסחרי של • הנשר בתוך העגול האדום, תוכלו לקבלה מאת רוקהכם. • המחיר: 40 מיל. ‭010 80?080?010?0? ‬ חיפה נדהר בסכין ביום' ג לפנות ערב התנפלו 3 ערבים על אליאס עבדאללח ברחוב יפו ודקרוחו בסכין. חפצוע חובא במצב קשה לבית ההולים הממשלתי בחיפח. הדוקרים הספיקו לחמלט. _בסגנות מודיעים לנו שחברת חאניות "" נים־ טון"" מסרח את הסוכנות שלח בהיפח לידי> חברה …"
1935-09-12	dhy	dhy19350912-01.1.8	"…ק הראשי בצואד נחתך, ולחולה ז*בד הרבה דם. עד שעה מאותרת בלילה היה הפצוע נטול הכרה והמשטרה לא יכלה לגבות ממנו עדות. על יד בית החולים חכה במשך כל היום קהל רב שחרד לגורלו של חנדקד חיפה ייבנה בית חולים ממשלתי ""מוקטם"" מודיע שהממשלה עומדת לבנות בית־חולים ממשלתי גדול בהיפה. מתלקת הנתוחים תבי־ל 180 מטות והמח…"
1936-04-15	dhy	dhy19360415-01.1.8	"…צה שרפה במחסנו של אברהם יעקב בקשיבה ברהוב המלכים. השרפה בובתה כעבור חצי שעה. הניזק הוא קטן. דרוסי אופנוע, שמתו שלשום מת בביה""ח הממשלתי בחיפה עזיזי חג' חוםין מעזה שנדרס בפגיעת אופנוע לפני שבועיים. — ביום השבת בשעה ‭5. 15‬ נדרם חמד אבו אלעז בפגיעת אופנוע נהוג בי…"
1940-01-15	hadashott	hadashott19400115-01.1.2	…ית החולים אולם במקום למלא את בקשתנו לתמיכה השיאו לנו עצה להוציא מבית החולם 26 חולים בלתי מסוכנים כביכול... — הקיים בארץ בית חולים ממשלתי לחולי רוחז — קיים בית חולים ממשלתי בבית ־ לחם, הנותן מחסה לשבעים וחמשה חולים יהודיים. ישנם גם מוסדות פרטיים בירושלים ובחיפה וביחד נמצאים בכל בחי החולים הקיימים בארץ 335 חולי רוח יהודים. — האם נכון הדבר שאצלנו גדול הוא אחוז חולי הרוח מאשר אצל א…
1948-12-27	hador	hador19481227-01.1.4	…שים את המפרעה שניתנה כבר לכל יתר עובדי הממשלה כלומר 40 ל״י לעובדים קבועים ו°ס2 ל»י לעובדים יומײם. באספה הכללית של עובדי בית החולים |הממשלתי הוחלט לבקש ממועצת פועלי 1 חיפה להכריז על שביתה אם הנהלת בית החולים תחזור על תשובתה המתחמקת שנתנה בעױן זה לפױ זמן מד״ יום עױן לעוליש הדשיש במעמד 140 פע…
1937-06-17	haolam	haolam19370617-01.1.9	"…עה מאסירי . המאורעות, שהסוכנות היהודית ביקשה על חנינתם. — מחלקת הבריאות של הממשלה חתמה על חוזה עם""""סולל־בונה"" בדבד בנין בית־החולים הממשלתי בחיפה. הבנין יעלה כתשעים אלף לא""י, עבודת האינסטלציה נמסרה לחברת ""חירות"". בתור השאר התנתה הממשלהבחוזה, שעל ""םולל־בונה"" להעסיק …"
1937-11-11	haolam	haolam19371111-01.1.7	"…יום ‭40‬ בתים. היא נבנתה מכספי קרן ""בילינםון"". חשטח מקיף ‭200‬ דונם ונרכש בעזרת הקה""ק. כל משתכן קיבל שטח של דונם וחצי. בחיפה. — העבודה בבנין בית־החולים הממשלתי מתקדמת בקצב מהיד. העבודה הנערכת ב־‭100. 000‬ לא""י נעשה ע""י ""סולל בונה"". דוב הפועלים נלקהו מבין מהוםרי־העבודה. ע…"
1938-02-10	haolam	haolam19380210-01.1.12	"…מכל המפלגות והאירגונים למיניהם. מפעולות ""םולל־בונה"". — פעולה ענפה בשדה כיבוש עבודה עברית ביחוד בםיקטור הבנין הלא יהודי בחיפה ובסביבה נעשתה הודות לאיחוד שני המוסדות הקבלניים: ""המשרד הקבלני"" ו""םולל־בונה"". העבודות . בשדה זה נתנו ‭140. 000‬ ימי עבודה, ובהן בנין בנק באדקלייס, בית החולים הממשלתי, עבודות הצבא ואחרות. ‭100. 000‬ ימי עבודה ביתנה בסלילת כבישים ע""י העידיה הממשלה ועוד. ‭50. 000‬ ימי עבודה היו ב…"
1948-02-19	haolam	haolam19480219-01.1.12	"…ק• כפי שמוסרים נעצרו 12 ערבים' אך שבעה מהם שוחררו. ביום זה נפצע ביריות ימת אחר כך אריה כריראי. בן ‭, 64‬ מותיקי המורים בחיפה. באותו יום נספה באסון מאיר כהו. בן ‭, 25‬ איש ההגבה. ביים השבת נפצע מיריות ערבים נער בן ‭, 12‬ אהרן לוי ומת כעבור שעות אחדות. לביה""ח הממשלתי הובאו ערבים פצועים אחרים, ובי-ניי-ם אחד קטוע שתי ידיו. בביתו של זה מצאו אחר כך רימו! ורובה. אחד הפצועים מת. נמצ…"
1948-02-19	haolam	haolam19480219-01.1.12	"…שוחררו אחר כך. היו התגגשויות אחרות בין ערבים וחיילים. ארבעה חיילים גהרגו. וגם מספר ערבים נפצעו. ערבים מזמינים התקיפו את ביה""ח הממשלתי בצפח והוציאו משם מפקד כנופיה פצוע אמיר. חיפה הפכה ביום אי. ‭15‬ בפברואר, לשדר. קטל לי? הודים באשמת הלגיון הערבי. שפתח כיריוח ללא הבחנה על אזרחים שלווים. משעות הבוקר…"
1948-09-23	haolam	haolam19480923-01.1.12	"…ששרהסנים טרם נתן את הרשיון להפעלת המשדר. נפתחו בתי־ספר לאחיות מטעם משרד הבריאות הממשלתי נסתחו השבוע בית הספר לאחיות ליד ביה־ח הירקון בתל־אביב ובית הטםר לאחיות ליד ביה""ח הממשלתי בחיפה. מסםר התלמידות בשני בתי־הסםר הוא ‭. 70 ‬ קבוצת הכדורגל לאמריקה יגאה לאמריקה נבחרת ישראל בכדורגל. הנבחרת מונה ‭18‬ שחקני…"
1933-07-03	haretz	haretz19330703-01.1.2	… אחות לרפוי החולים. כתי חולים מספד המטות בבתי החולים למחלות כלליות מספיק לצרבי תושבי ירושלים והאזור הדרומי. מפני שהרחבת בית החולים הממשלתי בחיפה נדחתה, נעשה שם המצב קשה בעונת חולי המעים. בגליל המזרחי מורגש בבתי החולים חוסר במטות ובהכרח מסתייעים אנשים בבית החולים ש…
1933-10-10	haretz	haretz19331010-01.1.4	"…ה שניה של ""ריגוליטו"" ! ע״י האופירה הא״י. ) נפצע מאוטו ומת ביום הששי בבוקר הודיע הנהג של אוטו משא אחסר עלי סיבלגי למשטרת חיפה שבזמן נסיעתו מעכו לחיפה, קבל הנוסעים, יונס אחמי ארג׳ב, שרכב על גב האוטו, מכה מאוטו שעבר על ידם. הנפצע מת שעה קלה לאהר שהובא אל ביה״ח הממשלתי. החקירה הראתה כי באוטו היו 70 תיבות ירקות ושבעה עשר נוסעים. שנים מהם ישבו ליד הנהג. הוכח גם שהואוטו נסע לא בצד …"
1933-11-22	haretz	haretz19331122-01.1.6	…ת השבוע שעבר קבלה המשטרה בנ׳דה ידיעה, כי פרצה קטטה בשבט ערב־תאוואטה, כשהמשטרה באה למקום, מצאה שני פצועים. שניהם ■הועברו לביה״ח ■הממשלתי בחיפה ■ואחד מהם — עלי מחמוד אל מאיר, טת ביום ד׳. נאסר בקשר עם העני! מחמד עיסה הוכיין. טיול למצרי: כיום 28 לדצמבר יערך מטעם וע…
1934-01-25	haretz	haretz19340125-01.1.4	"…1‬ה מחלהת הבריאות בחיפה מודיעה לכל המעונינים על מכירה פומבית של לןרון, ופרד עט דתמתו השלמה שתתקיים במשרד מחלקת הבריאות בחיפה, ביום ו', ‭, 26. 1. 34‬ בשעה 9 לפנה""צ. רחוב ההר, ע""י ביה""ח הממשלתי. I חנחז""אל־ההר־ 1 מתכבדת להודיע שהיא משהרת טיוליש מתל אביב בכל יוש א' ן ל""כפר־עציון"" ? המטילים יבקרו בדרכם גם א…"
1936-06-08	haretz	haretz19360608-01.1.7	"…אאמות, השתתפות בהתקהאות אסורה, דנימת שוטרים וקצינים באבנים ורציחת ד יי ר ס. פאדברג כשעת ההפגנה ברחוב חמאבים. ערות רופאי ביה""ח הממשלתי העידור""ד חדאד וד יי ר נ. חמזה, רופאים בכית חחואים ? הממש?תי בחיפה. הראשון מספר: באחד במאי נקראתי אבוא אמרכז המשטרה העירונית בקשר עם המאורעות שאירעו כאותו יום בהיפה. שם ראיתי הרבה כצועים…"
1936-09-16	haretz	haretz19360916-01.1.8	…רינו להשתתף בחגיגת הכגסת בגנו שנולד לגו במז״ט בבריתו של אאע״ה החגיגה תתקיים ביום השבת, נ׳ תשרי (19.9.36), בשעה 10 בבוקר בבית החולים ד״ד בתר, הדד הכרמל, חיפה. דוו אבני ורעיתו, m גן ילדים וכתות א/ ב׳ בתהלמשטין non נ־1 925 תל אביב, רח׳ הם 19 יפתה• ביום ראשון אחרי חג הספות, ן11.1…
1936-09-23	haretz	haretz19360923-01.1.2	…יתה, כנראה, גדולה מאד. (אומדים את מספרם ב־2 oo איש). הצבא קרא על ידי אלחוט לעזרה. מיד יצאו פלוגות צבא מצפת, ! ראש־פינה וחיפה וגם 3 אוירונים הגיעו למקום הקרב. בשעה 8.30 בערך הובא לבית החולים הממשלתי בצפת הלנם קורפורל מרי פצוע קשה ובלי הכרה. טיפל בו תד״ר שטרנברג. הפצוע מת כעבור חצי שעה. סבורים, שמהליסטים נפגעו…
1936-09-23	haretz	haretz19360923-01.1.2	…ל מחמוד עב־ דול פתאח מטירה, א־ד הנאשמים ברצח יוליה קולר מהיפה סמוך לטירה הגרמנית ב־l s בפרואר ש. ז. העיד ד״ר מלבי, רופא בית החולים הממשלתי בחיפה, שבדק את גוית הנרצחת למחרת הרצח. הוא מצא שבר בגולגולת, שפך דם פנימי במה, באוזן ובעין. אחריו העיד הליד מוחמר, נהג אבטובו…
1936-09-25	haretz	haretz19360925-01.1.1	"…נים נשא אשה והשאיר שני ילדים. האסון הדהים את המשפחה *ואת קרוביו וידידיו המרובים של המנוח. אתמול, ב־B בערב, הועבגה גויתו מבית החולים הממשלתי ל״הדסה"" ומשם תערך הלויתו היום, משעה 4 לפנות בוקר, לפני גמר שעות העוצר. ־ .הלסטים מתכוננים בין *ז^רבים בסביבות חיפה נפוצה ידיעה, שלפני ימי טספז• נתקבל מחוץ לארץ סכום של 12 אלה ל*"" י לקרן השביתה. , "" מהסריס, כי ראשי, הכנופיות במרכז הארץ…"
1936-09-25	haretz	haretz19360925-01.1.1	…ות אשר ומזל טוב # להולדת בתם . פקידי ופועלי החברה הא״י לקרור והספקה ברכו, ת״א במקום הזמנה פדט״ית. ד״ר ברוך לויט ורקיתו, חיפה מתכבדים להזמין את בל קרוביהם, ידידיהם ומכריהם לחגיגת הכנסת בנם לבריתו של אאדה, שתתקיים ביום הראשון, 27.9.36, בשקה 11 לפה״ע, בבית ההולים 2172> של ר״ד בתר, הדד הברטל, חיפה. החזן טזלפוה רביץ מביר כברבת גמר חתימה סובה » את הרבנים הראשיים בתל-אביב—יפו יחד עם כ…
1936-10-16	haretz	haretz19361016-01.1.8	…וב לבבית למשפחת בלומרוזן־אסתרטן מאהלים . משפחת דד״וברבסקי עפולה בזה הננו מביעים את דגשי תודתנו הלבבית לד״ר א. מלחי רופא בית החולים הממשלתי בחיפה על הטפול המסור במחלת בתנו ואחו־ תנו, שהציל אותה מרדת שחת והחזיר אותה לחיים ולבריאות, אנו מאהלים לו הצלחה מרובה בכל אשר …
1936-10-23	haretz	haretz19361023-01.1.7	"…יתנה מרצונו הטוב, הקטיגור היה קצין טuvו־ה טזכרון יעקב. אניות באניות ""אספריה"" מגנואה ו״פטריה"" ממרסיליה, שעגנו אתמול בנמל חיפה, באו כמאה, נוסעים. הקצין חלים באסטה, מנהל משרד החקירות של משטרת מחוז חיפה, שנפצע ב־7 באוקטובר ש. ז. על ידי טירוריסט ערבי, שהתנקש כחייו, עזב אתמול את בית החולים הממשלתי, שבו נמצא כשבועיים. בימים הקרובים עומד הקצין לצאת לחופשה למצרים. שרב זה יומיים שורר שרב חזק בעיי* ובסביבה. משלו…"
1937-02-14	haretz	haretz19370214-01.1.1	"…; וי לקבלו אות ככוד מאת הממשלה המנדטורית עבור שרותיו המצוינים לטובת הארץ. אנו 7ןונים אשנליות ותפח בררה בהצעות נא לפנות: לביה""ח ברמת־גן בשעות ‭1-10‬ ב;הרים דזבדת ""עסיס"" בע''מ ת?מ־די המכינות ד־ א, ודי נ, שע? יד בית הספד הריאלי העברי נחיפה משתתפים בצער מידם ומנהלם מר שאול ירדני במות עליו אביו דל ־ !^?1ז)ו אנו מתאבלים על מות משה למבדגד ז""ל שנקטף בדמי ימיו וא…"
1937-02-14	haretz	haretz19370214-01.1.1	"… נפצע. על , ההתנקשות הזו מודיע לנו סופרינו מהיפה: בליל שבת ב־‭10. 30‬ התפוצצה פצ־ צח בביתו של רשיד יאםין ברחוב היהודים בחיפה. 'הפצצה הונחה על סו* דלת הכניסה. בעל הבית, שלפני כהודש . ימים נפצע מידית טירוריסט ערבי ורק לפני ימים מספר עזב את בית־החולים הממשלתי, • ירד ממטתו כשידו חבושה, אך הוא לא נפגע ורק הדלת ניזוקה. כשבאו שוטרים לחקור י פנה אליהם רשיד בקריאה: ""זוהי האו…"
1937-04-25	haretz	haretz19370425-01.1.4	"…ים בבית קלוב ""הדר"" רחוב בית המשפט: על הפרק: ""שאלות סניטאריות והיגייניות במפעלי התעשיה"". הפותח בשיחה ,ר״ר י. שפירא, רופא ביה״ח הממשלתי בחיפה. - הערב בשעה 8 ירצה ד״ר שטיג־ הדין מ״נשר"" בתבניון חדר מספד •l 2 מטעם הסתדרות הכימאים על הנושא:• ""שיטות חדשות בבדיקות טכ…"
1937-08-04	haretz	haretz19370804-01.1.8	"…לפגי מותו. ממקור ערבי מוסרים שקרוביו ואנשי כפרו של ההרוג סירבו לקבור את גופתו של עוםמאן מוםטפה והיא נשארה בחדר המתים של בית החולים הממשלתי בירושלים. ביפו ד!דושתירווע1ו ־ ק , * י ח' קרוםבי, מושל מחוז הדרום, יפליג חיום מחיפה לאנגליח, שבח יביה את חופשתו. כרוזים קורדיים נגד טורקיה אתמול הופצו ביפו כרוזים החתומים ע""י הקורדי אמי! ברוםק נגד הממשלה…"
1938-01-20	haretz	haretz19380120-01.1.10	…בד בועוה של בנם ע ב י שתתקיים ביום העזבת ‭. 22. 1. 58‬ קבלת אורחים מעיקה ‭11. 30‬ לפנח־זנ, בדירתם ברחוב . ‭. 0‬ק. ג דיי בית החולים הממשלתי בית פדםון חיפה יום ראשון ‭23. 1. 38‬ אולם הקונצרטים בתערוכה בשעה ‭8. 30‬ בערב קונצרט סימפונ' לטובתשלא בדיון מ ן עבודה המניו בי המנצח: …
1938-06-27	haretz	haretz19380627-01.1.1	…ית מדופלמת בכל ענפי העבודה הקוםמטית־ ובתוצרתה מחפש;ת: ־עבודה לפנות: '־ושלים דחי גאולה פפרברג בשביל שרח. רצחו ערבי חולה בחיפה ־^ נתכוונו לשני חוליפ אחדים, שנפצעו בהתנקשות טידוריסטיפ גכלד־אל־שיך בט־צא' שבת, סכ־וך ?חצות, חדרו עני ערבים מזוינים באקדחים למסדרון בית־החולים הממשלתי הסמוך ?רחוב ההר, וירו דרך אחד החיצונות ?תוך הבית. אחד החוצים מוחמד אחמד םולימאן משכם ;הר: ובמה כדורים פגעו בקיר…
1938-07-19	haretz	haretz19380719-01.1.1	"…‭45 ‬ אם כי מצב חבטחון בדרר כלל הוטב :חיפה, היו גם אתמול שתי חתנפלויות . גל יחודים. םמיר לצהרים הובא לבית חחולים הדסה"" בחיפה צעיר יהודי פצוע בראשו "" ובגבו שנמצא על ידי רוכב אפנוע יהודי ברחוב ההר — פינת ר' אלגבי, בבית החולים הוברר כי הוא פצוע במכת פטיש בראשו ובדקירת סכין בגבו. הכרתו היתה אתו, אולם הוא היה נטול כוח הדבור ובקושי עלה להשיג ממנו …"
1938-08-03	haretz	haretz19380803-01.1.1	"…יפה והשומרון ה' ביילי, שנתפרםמח אתמול אחה""צ, בוטלה פקודת העוצר שהוכרזה בחיפה ביום השני שעבר, שהיתה חלה על כל תחום עירית חיפה. בו בזמן הוצאה פקודת עוצר ־דשה חחלה על חלק חשטח חמזרחי של העיר ושבו תהיה אסורה ההליבח מ‭6. 30 ‬ בערב עד 5 לפנות בוקר. עוצר זה חל על סביבות ביהח""ר לטחינת אורז. ביה""ר שמן"" ומקיף* את כל אזור הנפט בחי- "" פה, מפעלי הברת הנפט העירקאית ואת סביבות גשרשל"" ומגיע' עד הצטלבו…"
1938-11-16	haretz	haretz19381116-01.1.6	"…כים ‭, 37‬ רח ב הרצל ‭69 ‬ סולל בונד. ב וו"" מ מרבו קבלני של הסתדרות הכללית של העובדים העבדים באדץ •שדאל # הקבלן של בנין בית החולים הממשלתי החדש בחיבה * המשדד הראשי: חיפה רחוב הנמל בית סולל בונה ת. ד. ‭563‬ טלפון ‭2091/4 ‬ ן ־ "" בל מחקני המאוד ידי החשמלי ך, ף! סופקו על 1 בהרנדט בדאהם ^^ ^^…"
1938-11-16	haretz	haretz19381116-01.1.6	"…טור והספקת כלים סניטריים והמכונות הוצא לפועל על ידי בע""מ "" חדות"" ירושלים חיבה חל-אביב המראות ותזכוביות למנויות ורדהיט""ם לבית החולים סופקו עיי מלאכת זכוכית רקועה וחרושת צבעים בא""י בע""מ בלמידה מנהל ש. ביין, חיפה, ת. ד. ‭, 536‬ טל. ‭300 ‬ -בככבכבבכבכבכ^בככבבכ^ב ו ‭^?!‬•ן ‭| | |‬ קבוצה קואופרטיבית לעבודות !גרות בע־מ ף ;ץ^?! \‭*3‬ ג…"
1938-12-23	haretz	haretz19381223-01.1.1	…ל םעי‭*1‬ ב' של התקציב העמיד מר דאלאדייה את שאלת האמון בממשלתו. בתוצאות ההצבעה ניתנו לו ‭291‬ קולות כנגד ‭. 284 ‬ חנוכת בית־החולים הממשלתי בחיפה ה. מ. הנציב העליון רואה עתידות של בנין ושגשוג לעיר הכרמל הנואמים ממי כל העדות, מציינים את ההארמוניה, ששדדה כין הפועלים …
1938-12-23	haretz	haretz19381223-01.1.1	"…ם, שעבדו כהקמת הבנין. — הנציב העליון רואה כשיתוןן־עכודה זה סיכויים למדינה בעתיד אתמול לפה""צ נערכה הפתיחה הרשמית של בנין בית החולים החדש בחיפה, שהוקם על יד בת גלים. ההגיגה נתקיימה באתת הגזוזטראות הגדולות שבקומה התחתונה של הבנין המפואר. נוכחו כמה מאות מוזמנים, בה…"
1938-12-23	haretz	haretz19381223-01.1.2	"…נית מגזע איטלקי ואד־ בעה גברים. עדיין לא ידוע אם קשר זה היה לטובת צרפת או לטובת איטליה. המשטרה גילתה מסמכים רבים. חנוכת בית החולים הממשלתי (סוף מעמוד 1) מנאום ראש העיריה ראש עירית חיפה הסן ביי שוקרי, שדבר ערבית, נאם אחריו. חוא קידם בברכת את ה. מ. בשמו ובשם העירית וציין, כי הבניז ויישן שבו נמצא ביח""ח עד …"
1938-12-23	haretz	haretz19381223-01.1.2	"…-מנדלםון, לבא כהו קמפינסקי, לקבלןסולל בונה"", לד""ר הירון וא- "" נשיו, שבולם הקדישו ממרצם ומזמנם להשגת התוצאות היפות הא־־. בית החולים הזה מהווח חלק מן המפעלים הגדולים, שבוצעו :־יפה בת־ טש־עשךה השנים האחרונות ושהלק מהם נשאר עוד לבצע. את חיפה לא הכרתי עד בואי לארץ במארס שנה זו, אך ממה ששמעתי והמעט שראיתי בת־ מונוה:־יי פי־ם"", נוכחתי שאין "" הפרזה בדברים המסופרים…"
1939-11-16	haretz	haretz19391116-01.1.1	"…""להקתהעץ""־ תיאטרון בובות חיות הערב בחיפה הצגת בכודה ארצית ""כמונו כמוכם' אולם קובלסקי, רח' הרצל ‭67‬ ההתחלה בשער. ‭8. 30‬ בדיוק ד""ר טוביה ויהודית סזסדנבת רופא בית החולים הממשלתי בירושלים מודיעים סזנזלד להם בן למז""ס טכס הכנסת בנס בבריתו של אאע""ה יתקיים ביום השבת ו' כסליו ת""ש(‭18. 11. 39 ‬ …"
1940-01-02	haretz	haretz19400102-01.1.6	"…ים במל ו י תפקידם בשעת חחרום ועל חצורך להתמיד ברכישת ידיעות נוספות. ד""ר א. מלחי. שבתן במשך שנים רבות ברופא ממשלתי במחוז חיפה, נתמנה כמנהל בית החולים הממשלתי למחלות מדבקות בבני-ברק ליד תל אביב. לרגל מותו של עוה""ד מ. קוריאנסקי, ששימש בעבר בשלטון חמחוז בירושלים, שלחו כמה…"
1941-06-13	haretz	haretz19410613-01.1.8	"…ין רוסיה ויאפאן. המ־ טא־והמיתן נמשך למישרין, ברות של ־יתודים הדדיים, וב־‭11‬ ביוני נהתמו בראשי תיבות שני ההסכמים הנ""ל. בחיפה מתה כבית ההוליפ הבוקר ב־6 הובאה צביה""ההדסה"" "" גיטל גרובלה, בת ‭66‬ מרהוב ההלוץ, וזמן מה אהר כך מתה בביה""ח כתוצאה משפך דם במוח. י! ם הולדת המלך פהיפה לכבוד יום הולדת המלך שתל אתמול היו סגורים משרדי המכשלה, העיריה, הבנקים, הקונ…"
1943-06-04	haretz	haretz19430604-01.1.6	"…סוציאלי של אוכלושי הארץ. הקמת פניניפ לפתי פפר עדפייפ פלכד תדרוש רפע מיליץ לא""י. בן צריך יהיה להקים בתיחולים חדשים, כגון בית חולי שחפת, בית חולים למושבות השרון, בית חולים חדש ברמלה, יהיח צורך להרחיב את בית החולים הממשלתי בחיפה ולדאוג להטבת התנאים בבתי הסוהר. לפי שעה עוד לא נעשתה על ידי תכנית מפורטת ביחס להקמת בנינים לבהי ספר יהודים, אך אין פפק …"
1943-08-20	haretz	haretz19430820-01.1.5	"…—10‬ ומ־4 עד 6 במשרד, י רח' הר סיני 3 (מול בית הכנסת , חנדול) בירושלים: רח אברבנאל ‭, 4 ‬ : בחיפח — רח' ירושלים ‭. 6 ‬ בחיפה ‭6000‬ חדדיפ חפריפ כעיר: לפי הערכה חסרים כיום בחיפה כ־6000 חדר כדי לעמוד בדוחק הדירות. דוד טפציניק זיל אתמול בצהרים מת בבית החולים רוט־ שילד בחיפה דוד מבצ'ניק מטבריה שנפצע קשה ביום ב' ה' באב (‭9. 8‬) כתוצאה מפגיעת מכונית צבורית ע רבית מקו מס' 5 (חיפה המזרחית — בית־החולים הממשלתי) ברחוב יפו. היה בן ‭, 68‬ מיוצאי באר בפודוליה, הניח אשד"" שני בנים ושלש בנות, הדרים במקומות שונים בארץ. היה מתוש…"
1943-08-20	haretz	haretz19430820-01.1.5	"…עבודות הצבוריות. התאונה אירעה לאחר שיצא מביקור במשרד בנו. מת לאחר יסו־ רים קשים משך '‭10‬ ימים. ההלויה היום ב־12 בצהרים מבית החולים רוסשילד בחיפה לבית העלמין החדש. ערב קדאיח ככיצר; משח הלוי בקרית הייפ הערב ב־‭8. 45‬ בבית העם הופעת בכורה של משה הלוי (""אהל"") בערב קרי…"
1943-09-13	haretz	haretz19430913-01.1.3	"…גג־ בה שתי לירות. שותפתה לפשע, סאלחה, שאישרה כביכול שאמיגה היא שוטרת, נידונה לתשלום קנס של ‭50‬ לא""י או למאסר 3 חדשים. בחיפה כחלדית האני פראנק שיצאה אתמול מבית החוליםרוט- "" שילד"" ב-3 אחה""צ, תשתתפו מאות אנשים, ביחוד מחוגי עולי גרמניה ועולי אוסטריה מכל הארץ. ליד הקבר הפתוח נאמרו תפילות וד…"
1943-10-12	haretz	haretz19431012-01.1.3	…. לקול צעקתו ברחו המאיימים. מתאונות הדרכיפ חסן עלי שריפ נפצע קשה ביום א' לאחר שפגע בו אוטו צבאי ליד תחנת הרכבת המזרחית בחיפה. שוקרי אוועד עטאלל־. נפצע אתמול קשה על ידי מכונית טקסי ערבית ברחוב אלנבי והוכנס לבית החולים הממשלתי. בפטמה קניד מחיפה פגעה ביום א' ממניה בלתי ידועה על יד בת גלים והיא מתה מפצעיה. זכאדיה סעיד ממצרים נפצע קשה בפ ג…
1943-11-17	haretz	haretz19431117-01.1.2	"…, בת ‭, 21‬ מצ'אכוסלובקיד. ; החתן — באנדי האהן, בן ‭, 30‬ מיוגוסלאוויה. בתריאנ*ב1 פית ההוליפ ־ הממשלתי ייפתה פהודש הפאי בית החולים הממשלתי החדש בתל אביב ייפתח לצבור כנראה בראשית דצמבר. ד""ד בטיש, הרופא הממשלתי בחיפה, יתמנה כנראה למנהל בית החולים• הרופא הממשלתי ד""ד סטולםקי יהיה הכירורג של בית החולים. נוסף להם יתמנו שני רופאים עוזרים ל…"
1943-11-17	haretz	haretz19431117-01.1.2	…עה שניסה להוריד לכינים מאהד הבתים. התכדץ ליישר מ, צ עד פשי ה ר כפת ביום ו' נאסר בקרבת קורדיאנ' שבעמק זבולון מוחמד חליל מחיפה, כשהניח מוט ברזל על פסי מסילת הברזל, לפני שהרכ־ בת עמדה לעבור במקום זה. בשעה שנת־ פס טען מוחמד הליל כי התכיין ליישר את . המוט. הכניסה את אמא לביתחולי־רוח ומודה על עדות שהר כדי להוציאה משם גב' ה. ג. . יהודיה תימנית, בבת ‭, 50 ‬ גרה עם בתה הנשואה . במושבה רחובות. לפני זמ…
1943-12-09	haretz	haretz19431209-01.1.3	"…ם מהלגיון הערבי בדרך ירושלים־יריחו נתהפך אתמול אחרי הצהרים ואחד החיילים מוחמד עיד :הרג ו־6 אחרים נפצעו והובאו במצב קשה 'בית החולים הממשלתי בירושלים. בחיפה מפעל הפכונות המלהמה היום ב־‭2. 45‬ אהה""צ תתקיים באולם מועצח חעיריה בחיפה פגישה של ב""ב הצבור האזרחי מכל חעדות עם מר מ. ב• גודמן הממונה על חחסכון הלאומי בביימגיה הגדולח, בנשיאותו של מר א. פ. קלא…"
1944-04-16	haretz	haretz19440416-01.1.4	"…סיוד נזדמנו חאורחים עם חמארחים במלוניםדפ- "" נה"" וגוברמן"" ושוחחו ע לתפקידי "" חקח""ק בשעח זו. נאמו ח""ח רוקח, מר פ^שמן מנחל ביח""ס, ומר לבר. מנחל חדואר בטברית מישל מישותי חועלח בדרגח וחועבר 'לדואר חמרכזי בחיפה. מנחל דואר אחר בשביל טבריה, במקומו, עדיין לא נתמנח. בטכס חברית של בנו של מנחל חשעת חעבריח בראדיו א""י, מר מרדכי זלוטניק,…"
1944-06-23	haretz	haretz19440623-01.1.6	"…ה מםיבח, גסיעה פסנתר שטינברג—ברלין, במצב מצוין, שחור. ברוקר. טלפון ‭4248‬ ח""א. לכל הסיטונאים, סוחרי גרביתוע ־ לת"" בארץ! ביח""רסטורן"" פ. "" גילצר "" גטצא בתל-אביב רח' שבזי ‭, 37‬ טלפון ‭. 4670 ‬ פסנתר ממדרגה ראשוגה, מכגיקה אג־ גלית, למכירה או להשאיל. מגדלסון, חיפה, כרמל מרכד, רח' הציגובר ‭. 128 ‬ צבור העובד! כספך יקר היות ואתם צריכים להרויח או־ תו יום יום ביגיע כפיכם. לכן קנו אך ור…"
1944-09-13	haretz	haretz19440913-01.1.2	…ריאל ?בר!ן, בן ‭, 35‬ מרחוב יעבץ, שרכב על האופנים, נפצע ויש חשש לשבר בע - צם השכמה הימנית. חוא חועבר על ידי ‭. 3‬ ד. א. לבית החולים העירוני ונשאר שם לטיפול. כתזמורת הארץ-ישראלית אתמול נפתחו בתל אביב, בירושלים _ ובחיפה המשרדים למכירת כרטיסיהמינוי לעננה הבאת. בינתיים מחדשים רק את המקומות הקודמים למנויים חברי אגודת התזמורת — והבקוש הוא רב…
1944-09-13	haretz	haretz19440913-01.1.2	…נגלי, פקיד ?גתי הזיקוק בתיפה, הגר בשדרות הכרמל במושבה הגרמנית, שהובא . ביום השבת (‭9. 9. 44‬) למחלקת המחלות המידבקות של בית החולים הממשלתי, אחר הלותו במחלת הדבר, מת . אתמול. היה בן ‭. 24‬ זהו המקרה ה־‭25‬ של מח- ' לת הדברבחיפה מאז ה-‭20‬ ביוני שגה זו. מחחולים שנפגעו ממחלת יזו מתו 9 (7 ערבים, יהודי אחד ואנגלי אחד), ‭10‬ הבריאו ו-6 נשארו לטיפול ב…
1944-09-13	haretz	haretz19440913-01.1.2	"…מאותה החנות לפני מעשה התנקשות הנ""ל בשומר. נשמעו כמה עדים. נושאי אקדהיפ ב-‭10‬ לחודש ב־‭8. 30‬ בערב ניסה שוטר מוסף זמני בחיפה לאסור אדם שנשא אקדח. האיש זרק את האקדח וניפח לברוח. השוטר המוסף ירה שתי יריות מאקדחו ופגע בזרועו של חאיש. סמוך למקום נמצא אחר כך אקדח. הנאשם הועבר לבית החול י ם הממשלתי בחיפח. החזיקו השיש לפני שופט השלום הבריטי ה' רוג'רם הובאו ביום ב' השוטר הבריטי אנרי י תומסון והנהג םובחי מח…"
1944-10-03	haretz	haretz19441003-01.1.3	…היום ‭4^-3‬ בקרית-םפר. השבת אכידה נמצא צמיד זהב. לקבלו בפנסיון עדן. בית הכרם, ירושלים. ן בחיקה 0 ( עולים ביום א' הגיעו לחיפה ‭10‬ עולים מאר־ ציות שונית, שבאו דרך טורקיה. שוב מקרה דבר שלשום הוכנס למחלק־? של מחלות מדבקות של בית החולים הממשלתי ערבי ממזרח העיר שחלה בדבר. בוטלה התביעה השניה נגד ה. מגצור שמענו שלפי הוראות היועץ המשפטי בוטלה התביעה השניה גג…
1944-10-03	haretz	haretz19441003-01.1.3	"…יטלי שנתבע לדין על שלקח לעצמו שעון יד מידו של ע. זהבי שנהרג ע""י מכונית ברחוב המלכים וסכום כסף בשעה שהעביר את גוית ההרוג לבית החולים הממשלתי נמצא חייב בדין ונידון למאסר שש חדשים. קנס ‭1000‬ לא""י כעוון ההזקת ‭64‬ שקי: קמה לפני כמה זמן התבררה לפני משפם השלום בחיפה, תביעה נגד י. ברקוביץ, בעל טחנה על יד גשר ""של"" בחיפה, על שנמצאו ברשותו ‭64‬ שקים קמח לבן. הקמח נעלם למחרת היום שבו נמצא…"
1944-11-05	haretz	haretz19441105-01.1.3	… לפירמה אחת, וכל המחאות נגד זה לא 'הועילו. לעומת זה סרב ליתן רשיון לה־ באת. לאקארדה ודגים מלוחים לסוחרים ותיקיני בחנים מחיפה, שהועדה לכקורת אגודות מאושרות המליצה עליהם. הרצאת דופא ממשלתי עד הדבר כהיפה לפני קהל רופאים הרצה בליל ו' ד יי ר ר. רייטלר, רופא ממשלתי בבית החולים בחיפה , על מגפת הדבר בעיר. הוא עמד על סב ת המחלה' תולדותיה' צורותיה, וה - הגנה בפניה. מוצא המגפה השוררת כעת בחיפה, על מ…
1944-11-17	haretz	haretz19441117-01.1.8	"… ""הדסה'' בקליוולאנד פתה במגבית בסך רבע מיליון דולר בשביל ""קרן הבניה"" בארץ ישראל. ממגבית ראשינה זי יוקם בירושלים בתחומי, בית ההוליב ע""ש רוטשילד, בית חולים למוכי שחפת עם ‭250‬ מטות. נוטף לכך דן הכינוס למלחמה במגפות וביחוד במחלות הטיפוס כארץ ישראלל הממשלה מקציבה לעירית חיפה ()‭30. 00‬ לא""י למלחמה בדבר ו י בישיבת ועדת העירית בחיפה ביום ד' נקרא מכו>בו של• מושל מחיז חיפה המכיל תשובה לבקשת . העי…"
1944-11-17	haretz	haretz19441117-01.1.8	"…ת , ' כרמל לשעבר, במערב העיר, והשני בכפר באלד־אל־שייך על יד יג'ור. שניהם, גבר ואשה, הוכנסו למחלקה למחלות מידבקות שעל יד בית־ החולים הממשלתי בחיפה. עם המקרים הג""ל מגיע מספר מקרי הדבר בהיפה מאז ה־‭20‬ ביוני ל־‭18 . 64‬ מן הגגועים מתו, ‭36 ‬ הבריאו ו־‭10‬ נמצאים עדיין…"
1945-01-23	haretz	haretz19450123-01.1.3	"…כנסיה "" 'אמריקאיות תועלתי 2760 ‭"" /?^1 ‬ י , תועלת"" ‭*750 ‬ ?‭*8 ‬ , 4 י ? !"" ‭. -, 4 ?? ?V‬ ־- ? -,. '. ?-. ו . ?> ?י בחיפה הישיבה. _ש^ מליאת הקתלמ גדהתה 'שוב . ישיבת, המליאה, ?זל ועדהקך .. לה בעניני בית החולים. ""רוטשילד"", שנדחתה . מיום ב' ליום די, נדחתה שוב עד להודעה חלשה. . פצןיגדיץ. לידיעת , הגדלה ־ י . סמינריון. מקיף, לידיעת…"
1945-02-20	haretz	haretz19450220-01.1.1	"…) : מודיעים כשמ י הה מל הולדת כנפ י טכט הכגםתו בבריתו של אאע""ה יתקיים ביום הששי. י' אדר תש""ה (‭23. 2. 45‬) בשעה 3 אחה""צ בבית־חולים ""בתר"" חיפהי • \ ‭11 , ! לה' אסתר ווקובמןה ועקיבא מןול ביום חמישי, ט' אדר תש""ה (‭22. 2. 1945‬) יתקיים ט‭60‬ גליי המצכה על קברו של ה…"
1945-02-20	haretz	haretz19450220-01.1.1	"…פעיה המורה היא, אפ אפשר יהיה לקייפ להפא את מע רכת השירותיפ הרפואייפ. י גרעו! ""קופת חולים'' יעלה השנה־ ל‭250. 000‬ לא""י. בית החולים של קהלת חיפה מסיים ' את השנה בגדעון של ‭10400‬ לא""י. השירותים שלנו רחוקים מלספק את הצרכים הרפואיים של הישוב. מטפר המיסות הוא רק כממצ…"
1945-04-01	haretz	haretz19450401-01.1.4	"…קיד העיר ה' ג. חורי וכמה מחברי העיריה הערבים וכן ה' ראשיד חורי ממד כירות העיריה ביקרו ביום א' של החג בביתו של ראש עירית חיפה ה' ש. לוי וחבר העיריה ה' י. ארדשםיין וכרכום לכבוד החג. הד""ר א. מ'*חי , מנהל בית החולים הממשלתי, שב מנסיעתו למצרים מטעם מחלקת הבריאות ונכנס לשירותו. — ה' ר. ספיגי גבחר באסיפה הכללית של הרוםארי קלוב בחיפה לגש…"
1945-05-10	haretz	haretz19450510-01.1.2	"…היה ניכר, במעבדות לא הופרעה העבודה אף לרגע אחד. הדר־הכרמל לא ניזוקה כלל. באותו יום הצטיינו אנשי מד""א, אשר עז־ רו לעובדי ביה""ח הממשלתי ' שידיהם היו . מלאות עבודה. נשלחו גם 2 רופאים מנתחים יהודים לדרישת הנהלת ביה""ח תנזכר. מכל? מקום יש לציין, כי אף על פל שחיפה ־ היתה שרויה באבל ביום א' נמשכה העבודה כרגיל בכל מקום ורבים ביקרו עוד ביום שבת ולמחרתו ברובע הנפגע, שמראהו עורר זוועה. …"
1945-06-27	haretz	haretz19450627-01.1.2	… ועם מר סקוס. יש תזוזה ידועה אך הדברים הס דחופים וחיוניים והמצב הוא ־ חמוד למדי. על כך מעידה ־ בראש וראשונה העובדה, כי בחיפה דנו עלי הקטנת מספד המיטות בבית החולים של קהלת היפה מחמת חוסר אמצעים. י בעיה נפרדת היא בעית ההוספיטליזציה של הולי השהפת. על תכנית להקמת שני בתי חולים חדשים דו…
1945-07-10	haretz	haretz19450710-01.1.2	"…ם :ב־ ‭1939‬ בתחילת המלחמה. באותה שנהם־ נ תיים גם המין בשדה התעופה בלוד ונם־ סר למחלקת התעופה האזרחית• בשנה זו נבנה •גם בית החולים הממשלתי למחלות מידבקות בדרך מת לח* הושלם מץ םוכז הפלפון האוטומטי בחיפה ונבנו כמה בתים לשיכון עומי תחנות השאובה של אספקת 'המיס הירושלמי* ‭55‬ בניני משטרחשעזובשנ* מדון-לא""י ‭55‬ בניגי -טיגאדמ•…"
1945-07-10	haretz	haretz19450710-01.1.2	…כד 1 , . מחלקת העבודות הצבותות שיתפה אח עצמה בפעולות המלחמה במגפת הדבר. המחלקה הקימה ב־1942 מחלקה מיוחדת לנגועי דבר ליד בית החולים הממשלתי בחיפה, ובאותה שנה — הוקם גם ביתן בידוד הכולל ‭14‬ מיסות לבית החולים הממשלתי בבית צפפה שליד ירושלים. בי‭1943‬ הוציאה המחלקה לפועל — בעיקר עבודות של הוספה למינים הקיימים של בית החולים למחלות מידבקות בבני ברק, בית החול י ים לחולי רוח פליליים בבית־לח* למעמות של מחלקת הבריאות הממשלתית וכן לתחנות הסגר לבהמות בחיפה לוד וצמח• גם ב־1944י ביצעה המחלקה את רוב עבודות המין לצרכי השרותים הרפואיים - וההסגר לבהמוה. בוצעה לפועל התכנית הגדולה …
1945-07-10	haretz	haretz19450710-01.1.2	"…המות גסות• ממהנה מעצר - דכית הול'"" דוה • מחנה המעצר בודים נהפך לביר. חולי־ רו* המכיל ‭175‬ חולי* ולשם כך הותאמו הבניני* בית החולים •הירקון"" עבר לת י שות הממשלה והושקעו בו עבודות גדולות ולבית החולים הממשלתי בחיפה גוסף ביתן עם ' ‭20‬ מיסות. כמו כן בוצעה עבודה היונית ביותר ' בעכו לקיום קירות הים. *נפמלי ־ הפפקת מיפ בשנות המלחמה ביצע…"
1945-07-16	haretz	haretz19450716-01.1.2	"…ני, קבלת פנים על ידי מנהל לשכתהמודיעין הממשלתית בירושלים ה' הולם. למסיבה הוזמנו נציגי מוסדות, פקידי ממשלה וב""כ העתונות בחיפה. נדקר כצואדו חסן כאלד' מכפר יאז'ור, נדקר בצוארו והועבר לבית החולים בחיפה . קונצרט תהת כפת השמים של התזמורת הארץ־ישראלית הערב ב""יער הכרמל""־ ב‭. 8. 30‬ המנצח: גיאורג זינגר. יצירות בטהובן, …"
1945-08-13	haretz	haretz19450813-01.1.1	"…של י ' ההפד, עודך־הדין יוסף ברבבלום ז""ל י שנפל פידי מרצהיפ , . התלויה תצא היום, ד' אלול תש""ה (‭13*45‬) בשעה ‭11‬ לפנה""צ מבית־החוליס החדש רוסשילד. בזמן ההלויה יהיו משרדי עורכי־הדין בחיפה סגורים. ‭^? 001001^00^0^00 ? ‬ ‭. ^. $. ‬ס. > הקבין הממקד של ביה""ח הכללי ‭42 ‬ וקביגי. ‭*. *. *\. 0‬ של בית החולים והאז…"
1945-09-06	haretz	haretz19450906-01.1.4	"…ר־הילד"", רח' צ'נסלור! ה. שורץ־ ""כל־בו"", בן־יהודה ‭;1‬ גאנז, בנין בנקו די־רומא: סגל, המלך ג'ורג' ""המרהט"", רח' יפו ‭!386‬ חיפה: ""רהיסי־כץ"", מ""מ חדש; ""הומה"", מ""מ חדש; ""תינוק"", הרצל ‭. 15‬ חדרה: לויטה. נתניה: סלומון; טבריה: הסוכן לגליל: לוין, רח' המרחצאות. (‭"" X)11‬ ביח""ר לרהיטים מהקפלים מובחרים "" אולם קולנוע נווגרבי תל־אביב כימיפ הנוראיפ תש""ו יתפלל חחזן המפודפפ וחנודע לשפ פלדמן דוד (לשע…"
1945-10-23	haretz	haretz19451023-01.1.2	…ים, קו מספר ? ‭. 7‬ על ידי כך נוספו לשרות המאוחד ‭18‬ מכוניות ו־‭28‬ חברים. ברשות השרות המאוחד הכולל מזמן את קו מספר 8 (חיפה—יגור—משמר־העמק) וקו מספר ‭20‬ (חיפה—תחנת החשמל—תל־עמל) יהיו מעתה ‭78‬ מכוניות. מספר חבריו — ‭. 132 ‬ . המכוניות של מספר 7 . מהלכות מבת־ גלים דרך בית־החולים הממשלתי לתחנת הרכבת המזרחית, וכן מתחנת הרכבת ' לקצה המערבי של חיפה (קצה רחוב אלנבי) דרך קריתיאליהו. מלבד זה היתד. התנוע…
1945-11-02	haretz	haretz19451102-01.1.1	…י. יש אומרים, שבכיסו נמצאה תעודת זהות על שם יעקב גולדברג, אך אין בטוחים בכך. יש מוסרים, ששמו יעקב גרינברג. הגוויה הובאה לבית החולים הממשלתי בחיפה והבוקר ב־‭8. 30‬ תצא הלויתו מבית החולים לבית־ העלמין החדש. במשך היום טסו מטוסים בשמי חיפה. הרוג יהודי הובא לרמלה אתמול לפנות ערב הובאה על ידי פלוגת חיילים, לחדר המתים של בית־החולים הממשלתי ברמלה, גופתו של צעיר…
1945-11-18	haretz	haretz19451118-01.1.3	"…נות ערב. ניתנה עזרה לאורי יאגאר, בן ‭, 23‬ חבר קיבוץ ""רשפים"" בקרית־חיים, שנפל מגג. יש חשש לסדק באגן ירכיו. גם הוא הועבר לבית החולים ""רוטשילד"". ע רכים נגועי דבר ב־4 השבועות האחרונים הובאו למחלקה למחלות מדבקות של בית החולים הממשלתי בחיפה 5 ערבים ' נגועי דבר. אחד מהם מת, שלושה הבריאו, ואחד נשאר בבית החולים. כל הנגועים_הם מותאוואליט מיוצאי סוריה, המתגוררים ברובעים המזרחיים הקיצוניים של העיר. מאפר שנתייפ למהזיק רפוש ננוכ ""בבית הדין המחוזי בחיפה, בפני השופ־ טיס א. שמש וא. נאסר, נתברר דינו של שרגא פליישמן, שנתבע לדין בשתי האשמות: שגנב ב־‭45. 5. 26‬ מבית המלאכה ""הע…"
1945-12-11	haretz	haretz19451211-01.1.4	"… השער. הערבית בראתו ירושלים, באורדאן של . איסתקלאל"" דרגה ב', המקנה לו תואר ביי. תר איבראהים איטאים משכם נתמנה לסגן מנהל בית־החולים הממשלתי בחיפה, במקומו של ד-ר מישלאני, שנתמנה מנהל בית־החולים הממשלתי בשכם. תר איםאים החל אתמול בעבודתו. ב־18 בנובמבר תתקיים בלונדון ק…"
1945-12-19	haretz	haretz19451219-01.1.5	"…ה 'להתקרבות ולשיתוף יהודי־ ערבי; נבחרה מועצה בת ‭16‬ חברים, שמ־ תוכה יבחר היעד. עורכי האספה השמיעו הצעות לפעולות הליגה בחיפה, שנתקבלו על ידי הנאספים. הילופין בבה •ה הממשלתי שמענו בי ד""ר פוטינגר, מנהל בית־החו' לים הממשלתי בחיפה, יועבר ליפו כמנהל בית החולים הממשלתי שם. בתערוכת התעשיה של ה""הפתדרות"" בקרו ביום ב' כ־‭1800‬ איש מכל החוגים. והחלו הביקורים של תלמידי הכתות הגבוהות ש…"
1946-01-21	haretz	haretz19460121-01.1.1	"…ולמה גולדברג ורעיתי שמחיפ לחודיע על חולדת כתפ ורדה חל־אביב, *אסותא"" ‭14. 1. 1946 ‬ למתילדה ויצחק אדדיטי נולד בן תל־אביב בית חולים . אסותא"". י'יח שבם תש""ו ‭. 20. 1. 46 ‬ | הבר כצור. של ""V כזומם מיכאל תתקימ ביום שבת הבא (‭26 1. 46‬) בב־ת הכנסת בית ישראל (בית- ; זוננשטיין הר־דכרמל חיפה) בשעה ‭. 8. 30 ‬ קבלת אורח־ם: שדר־־. . יצחק ־ בין השעות ‭1—11‬ לפנה""צ. ד""ר יהיינז גדינבאום, תטה גרינבאום משתי . הארץ• ב…"
1946-02-13	haretz	haretz19460213-01.1.4	"…דיה שנקר ורעיתו, למר מרדכי שנקר ומשפחתו ולמשפהה השכולה בהלקח מכם כה טרגי מד בן־גיון שבקר היקר באדם אלכפנדר גלשטין ישית• בי""ח לקפיצים ופחחות מפ תנחומים למד אדיח שנקר ומשפחתו על מותו הטרגי של מר בן־ציון שנקר זיל . י. . יצחק פיקסמן חיפה > מבכיפאנו מר את מותו של ידידגו ב־וניון ן שנקר ז""ל ומשתתפים באבלם הכבד של המשפחות: חינדח, אריח, כן־ציון, ומרדכי שנקר, ל…"
1946-08-12	haretz	haretz19460812-01.1.4	… גברים) שרויים בתנאים סאניטאריים גרועים זה כשבועיים, הרי מצב בריאותם מניח את הדע* כמה עשרות עולים הוכנסו בימים האחרונים לבית־החוליפ הממשלת* בחיפה ללבית־החולים . הדסה* במחנה עת־ ליט אך רובם כבר הבריאו. עתה מיסלים בבית־החולים הממשלתי בחיפה רק 4 חולי* ואשר למקרי הדאזינסאריה היו רק מקדים מעטים של חולים שנפגעו בה ושני המעפילים שנפגעו במחלה זו נמצאים בעת־ ליס. …
1946-08-15	haretz	haretz19460815-01.1.4	"…יבה. ,. גם חולים יגורשו לקפריסין מעפילים חולים שהועבלו מהאניות "" יגור"" ו""הנרייסה סולד"", ערב גירוש מע־ פילי האניות הללו, לבית החולים הממשלתי בחיפה, הוחזרו אתמול לנפל לשם בי־ ןדוש לקפריסין. 5 מהמעפיליפ שנש־ צעו כשעת חתננדותפ לגירושפ חועברו לבית חחוליט הטסשלתי פחיפח. …"
1946-08-15	haretz	haretz19460815-01.1.4	"…אשמים לבית־הדץ ומבלי לשיב לב להפרעותיהם ימסד להם על מהלך המשפט ופסק־הדץ. קבלו אותות הצטינות ארבעה שוטרים נוטפים ערביים בחיפה קיבלו אותות הצטיינות של משמרת המושבות על אומץ הלב שגילו בעת ההתקפה על בתי המלאכה של הרכבות בחיפד- מודיע . א־דיפאע"". טי הפ הנאשטיפ בפשר להתקפה על בית ההוליפ הטטשלתיפיפוז . פלשתץ• מודיע, כי 3 מ־5 הטארוריס־ כים שהתקיפו את בית החולים הממשלתי ביפו הם תימנים, והשנים משאר עדות המזר…"
1946-09-05	haretz	haretz19460905-01.1.1	"…ארו בארץ, ‭39‬ מהם הועברו לבית־החו־ לים־ישל הסוכנות במחנה המעצר בעתליט, בהם ‭20‬ נשים, ‭16‬ גברים, ו־3 ילדים. ששה נאספו לביה""ח הממשלתי בחיפה, אך יש תקוה שגם הם יועברו בימים הקרובים לביה""ח שבעתליס. ואלה שמותיהם של ששת החולים שב־ ביה""ח הממשלתי: 1) צפורה מוסקוביץ…"
1946-09-11	haretz	haretz19460911-01.1.2	…וית הופרג'נט מארטין אתמול לפנות ערב נערכה בטכט צבאי הל י ויתו של הסרגימן מארטין מהבולשת ש־ נרצח שלשומ בנןו&זבה הגרמנית בחיפה. ההלויה יצאה מבית־החולימ הממשלתי ל־ בית־הקברות הבריטי ליד חוף חיאט ובה השתתפו בין השאר מושל המחוז, מפקד המשטרה ג'יימס, ראש הבולשת הקצין קונקווסט…
1946-09-11	haretz	haretz19460911-01.1.2	"…לתי בדמיה ארצברג, בת‭, ' 21‬ ומזה. סטריקוב־ סקה, שתי מעפילות הנמצאות במחנה עת־ ליס, הועברו אאתמול למחלק*־ , 'הפגימית של בית־החולים הממשלתי בחיפה. שתיהן יוצאות פולין. מהזור כ""ז של כיה""ס הריאלי ביום ב' נערך טכס ו1סץם של מחזור כ""ז של בית הספר הריאלי. סיימו ‭65‬ תלמיד…"
1946-09-25	haretz	haretz19460925-01.1.8	"…כניסה ע""י בית הכנסת מושב זקנים ו;סחקרו בחי""ות הדאוה שלוו! שיסו לב למחייתו! '־ ? ‭^3 ‬ ?ע/ ' ץ*‭£20 ‬ 0חחוו את ‭110*10‬ בחיפה *‭^!1 ‬ רחוב הרצל 17 1ונל• בו• חל-אביב: רחוב אל1בי ‭74 ‬ : י. בעל-םכסא ומשפחתו ביח""ד ל&י מין חיפה, רח' המרוניטים ‭. 11‬ בתי־מסחר לברזל, מתכת מענגנמ חיפה, רח' םסנטון ‭;19‬ תל־אביב, דחי וולפסון 2 מגרפיט א…"
1946-09-25	haretz	haretz19460925-01.1.8	"…ים בלאסרון. מביה""ח-למחנה עתליט 3 המעפילים, בשה זילבר, בת ‭, 25‬ ברכה שווארץ, בת ‭, 24‬ וירחמיאל לויט, בן ‭, 21 ‬ הועברו מבית־החולים הממשלתי למחנה ב• עתליט. נתן כהן בן ‭, 20‬ נשאר במחלקה הכירורגית של בית־החולים הממשלתי בחיפה. יש מקווים, כי ל־4 המעפילים האלו יורשה להשאר בארץ, אך אין כעת כל אישור לכך. המעפילים שנשאלו לארץ מוצאם סירבו לענות על כ…"
1946-11-01	haretz	haretz19461101-01.1.6	"…מקכלים גפ הזמנות עש אד כלי הזמנות גולנברג אחד העם 10 תל־אביב הנה ושלום קודי הוכקיפ כן אסותא, תל־אביב ‭31. 10. 46 ‬ לבעל ביח""ר לצמר גפן רפואי פשוט וצמר בירושלים וסניפים בתל־אביב וחיפה דוד זילבדטזטיין שלוחות ברכותינו הלבביות שזכה וגדל בן עלוי יצחק נ""י ואשר חגג את שמחת הבר מצוד. שלו ברוב פאר והדר. משפה ת…"
1946-11-29	haretz	haretz19461129-01.1.9	"…צילומו של ברגהיים הו ־ פך אותו, בכחיתר"" אמנותי זה, לדבר "" של יופי. מקום מיוהד תופשים כאן תצלומי הארכי־ םקטורה, בעיקר של ביה""ח ""הדסה"" בירושלים ושל ביה""ח הממשלתי בחיפה, פרי כשרונו של אריך מנדלסון, האדריכל המהולל. אתה מביט, למשל, אל חללו של או־ לם־הכניםה לביה""ח ""הדסה"" (מס' ‭48‬) ורואה $1…"
1946-12-02	haretz	haretz19461202-01.1.4	"…המכונות, אזלה כמות המים במגדלים אך זמן קצר לאחר שחזר האור והופעלו המכונות חלף המחסור במים. שלשה תנוקות הוכנסו ככרית א""א בבית החולים של הסוכנות במחנה המעצר בעתליס הוכנסו אתמול בבריתו של א""א שלושה תינוקות שנולדו באנית ""כנסת ישראל"" שהורדו יחד עם אמותיהם מהאניה לאחר בואם לחיפה. היועץ המשפט מייצג כל פקיד ממשלתי ביום ו' פסק שופט בית־המשפט המחוזי בתל־אביב, ד""ד הישין, בשאלה אב רשאי היועץ המשפטי להו…"
1947-01-19	haretz	haretz19470119-01.1.3	"… על אדמון; כרכור. הם. היכ1 את בעל ן הצריף, את אשתו, את בנו ואת כלתו ואחר כך חספו את בתו שאנפי. ארבעת בגי ה־ השפחה הובאו לבית החולים הממשלתי-ב-תפר, בפצעים קלים. מוחמד סאלח מוסמפה נאסר. כוו""פה ו ^פרי^רםניצק^^ בליל ו' נפטר אחת מחלד, קשה אפריפ קרסדצקי, בן ‭, 56‬ מותיקי הישוב בחיפה וממייסדי בת־גלים. היה מנהל "" המשבית במשך שנים רבות. בהלויתו ביום ו' השתתף קהל רב. שיכץ ?הייליפ משוהרריפ בישיבת ועדת העי…"
1947-01-19	haretz	haretz19470119-01.1.3	…השיכון, על המאמצים שהשקיע בעדן זר, וכן הודה למהנדס העירית ה' י. ל. ווטסין ?ופקידיו. עזב• את פית החוליפ' ביום ו' עזבו את בית החולים הממשלתי בחיפה עת 2 נוטרים ערבים, שנפצעו בהתפוצצות ביום א' שעבר בחיפה. ניסתה דהתאכד אסתר ברזלי, מצפת, כבת ‭, 30‬ נמןיאה אתמול, נטולת הכרה באחד מבתי המלון בהדר הכרמל. מתברר שהיא ניסתה להתאבד…
1947-01-19	haretz	haretz19470119-01.1.3	"…וסף אדיב ' סילימאן שמאש, עובד במוסך . קלי־ מאני', נכוה ביום ה' בהתלקחות פח בנזין שעמד > '"" פרימוס בוער. במצב קשה נא־ סף לביה""ח הממשלתי. שוכ תאונת דרכיפ ילד, בן 8 מהכפר בלד אל שיך שע""י חיפה נפגע ביום ו' עיי מכונית שעברה בכ-ב-ש ע""י הכפר ושתי רגליו נשקרו. נאסף לביה""ח הממשלתי. נרקד כעת עכידתו ביום ו' הובא לבית החולים הממשלתי בחיפה מוסטאפה עלי רנה, פועל בנמל, שנדקר בעת עבודתו באניה. תורנות כתי המרקהת | הערב — . זוהרי (ר' ארלוזוחב 4) סל. ‭. 3532 ‬ הי…"
1947-01-22	haretz	haretz19470122-01.1.5	"…ות"". — במוסד למ־סיקה בעם (בוגרשוב ‭67‬) ב־‭, 8. ?0‬ הסימפיניה התשיעית לבסהובן. המרצה — רבינא. ‭15‬ מפצועי היפה - בכיה""ה בבית החולים הממשלתי בחיפה נשארו? עדיין לטיפול עוד 6 ערבים (5 נוסדים וס* בה גמרי) ך9 אנגלים. . ‭330. 2‬ מימ גשפ כמות הגשמים השנה כבר עברה את הכמות…"
1947-01-22	haretz	haretz19470122-01.1.5	"… שעות במניעת שטפון שנגרם על ידי הגשמי* שוב מכונית צפאית דרפנית השוטר המוסף , עכדול מוחמד נדרס על ידי מכונית צבאית בכביש חיפה—עכו ליד קרית־חיים כשירד מאוסובוס. במצב רצי־ ד הובא לבית החולים הממשלתי, ששם נקבע לו שבר בגולגולת. נגרמו לו גם פצעים כפני* גנבות אתמול נכנסו אלמונים למוסך של פרוש ברחוב תל־אביב בחיפה ולדברי השומר אח־ מד מוחמד נגנבו ממנו 8 לא""י ומהמוסך שני צמיגי* אתמול בבוקר ב־6 ניפצו אלמונים חנות צלמניה ברחוב המלכים בחיפה וגנבו משם מכשירי תצלום בערך של ‭80‬ לא""י. נמצא תינוק מת בשטח בית החולים הממשלתי בבת־גלים נמצא אתמול תינןק זכר מת. המשטרה חוקרת. תורנות כתי המרקחת הלילה —בלפור"" (מסדה 1) סל. ‭. 2289 ‬ היופ והע…"
1947-01-22	haretz	haretz19470122-01.1.5	"…ולל 3) הרצאת ד""ר בר־דיין על גולדפדן וראשית התיאטרון העברי. ‭; 1 ‬ מכל הארץ ! הוה גריצר ז""? ???????*?*??? ביים א' 'נפטרה בבית־החולים בעפולה חוה גריצר בשנת ה־‭68‬ח־יה ל י . המנוחה היתד. מראשוני המתישבים בעפולה. קהל רב ליווה אותה בדרכה האחרונה. נקכע מועד הבהירות בהדרה קצין מחוז חיפה ה' ברגמן אישר אתמול את כל 9 הרשימית של המועמדים לבחירות למיעצה המקומית בחדרה וקבע את יום בי, ‭27‬ ביאנואר, ליום הבחירות…"
1947-02-02	haretz	haretz19470202-01.1.3	"…פן נפרד. חלק מהנזקים ישולם, כנראה, . בתורת חסד"". הדי ההתפוצצות השומר המוסף הערבי האחרון מפצועי ההתפוצצות כבניני המשטרה בחיפה 'לפני 3 'שבועות עזב ביום ו' את בית־החולים הממשלתי. בבית־החולים נשארו רק כמה שוסרים בריטיים מנפגעי ההתפוצצות. ""דמי מפתה- מקופת הקהילה נודע לנו כי ועד הקהילה בחיפה נאות בימים האחרונים …"
1947-03-04	haretz	haretz19470304-01.1.2	…שטדח, אמר חגנרל' תעפוק כביצוע חיפושים מקיפים אילפ אץ עומדים לערוך משהו הדומה לפעולות חחיפושיפ כ-‭29‬ ביוני. נשדד טאהםי בחיפה בהודעה לעתונות מאתמול נאמר: . ב־8 הערב נשכר נהג סאקסי יצחק ארו־ נרביץ בחיפה על ידי צעיר וצעירה ונתבקש לקחתם לבית־ההולים רוטשילד, בהר הכרמל. בשעה שהגיע לשם נעצר על ידי אדם מזוין ונלקח למגרש ריק. הצעיר והצעירה עזבו את המקום בסאקסי. הוא שוחרר…
1947-04-22	haretz	haretz19470422-01.1.1	"…ים בדרך זו כל קרוביהם ומכריהם להשתתף בהכנסתו בבריתו של אאע''ה שתתקיים אי''ה ביום ו' ‭25‬ לאפריל ש. ז. בשער. ‭12‬ בצהרים בביה""ח ""אסותא"" קיטי לביתאפשמדין דודולןש שליםלר שמחים להודיע על הולדת בנם בכורם הברית מלה יתקיים ביום חמישי ד' אייר ‭24. 4. 47 ‬ בשעה ‭10. 30‬ בבי''ח עזרה חיפה נא לראות זאת כהזמנה אישית זהבה וישראל דיאמנט חישה מתכבדים להזמין את כל קרוביהם, ידידיהם, מכריהם ועובדיהם ליום המם בכם י…"
1947-05-08	haretz	haretz19470508-01.1.3	"… המסחר הסיטונאי והקמעוני וארגוני הנשים. משרד המחלקה החקלאית נמצא בבית השעון. נפגע כתאונה ביום ג' אחה""צ אירעה בחוף חייט בחיפה התגגשות בין מכונית משא ואופנוע. רוכב האופנוע מרדכי גפני, בן ‭, 40‬ נפצע קשה וגגרם לו שבר בגולגולת. הועבר־ ל ביה""ח הממשלתי בחיפה ומשם לביה""ח רוטשילד. נכוותה כהתפוצצות פדימופ וואפיקה מוחמד. מחמוד, מכפר עין חוד באזור חיפה, נכוותה בכמה מקומות בגופה, בהתפוצצות פרימוס בביתה, ביום ד אחה""צ. הועברה במצב קשה לביה""ח ה־ ממשלתי בחיפה. הודעה לבעלי כתיפ בעלי בתים שהגישו בקשות לעירית חיפה בששת החדשים האחרונים לשם קבלת רשיונות לתוספות ושנו…"
1947-06-12	haretz	haretz19470612-01.1.4	"… שבא לכהן במשסרת רחובו* נערכה מסיבת היכיות ""בבית האכר"" במושב* תר לאופר, לשעבר מנתח ראשי בחבש' נתמנה לרופא מנתח וסגךמנהל בית־ החולים הממשלתי בחיפה. הגיע לארץ ה' נימן דזניק, אחד מראשי הפארםיזאניס ומחבת המפקדה הפארםיזא־ נית בווילנא ויערוחיה בימי הנאני* מאנשי ""העובד הנ…"
1947-06-19	haretz	haretz19470619-01.1.3	…י ו לי ו ס מ ו ה ם הוא גיאולוג־חוקר. . ומומחה ' ידוע להפקת נפט. ניצל ממכיעה מוטקאל עבדול לאטיף, שוטר ממשטרת התופים בנמל חיפה נפל המימה אתמול ב־‭8. 15‬ בבוקר ליד קלוב הסירות בנמל. ניצל ונאסף ל י בית החולים הממשלתי בחיפה. מת מפצעיו הפועל יצחק עומר, בן ‭. 23‬ שנפצע בעת עבודתי בנמל חיפה ביום ה' שעבר, מת מפצעיו אור ליום ד' בבית החולים רומ־ שילד. התאבד משה בייאטוס 7 מרחוב הים בהר הכרמל, איבד אתמול בבוקר את עצמו לדעת על י ידי חתך בגרון. במצב אנוש הועבר ל…
1947-07-01	haretz	haretz19470701-01.1.3	"… במפרץ היפה, נדרפ אתמול בבקר על ידי מכונית צבאית נהוגה בידי אזרח בסביבת בית החרושת. במצב אנוש הועבר למת החוליפ רוםשילד בחיפה ע""י מתא ומת שם מפצעיו. הניח אשה ושני ילדם. מי נפגע ביריות ההייליפ לפי הודעת ביה""ח הממשלתי בהיפר. נפגעו ע""י יריות החיילים ביופ א' בערב הילד חערבי מחמוד אחמד מוחמד, בן ‭, 13 ‬ והערבי רושד סלאל אחמד, בן ‭…"
1947-07-13	haretz	haretz19470713-01.1.3	"…עד חד&זיים וצצי. לס־ גות: ת. ד. ‭398‬ חיפה ""דירה-. בחיפה ו שתי מכוניות נגנכו המשטרה הודיעה אתמול על שתי מכוניות שנגנבו בחיפה, האחת מטיפוס פורד מספר ר. נ. ‭— 2774‬ מהמחנה בססאלא מאריס. והשניה מטיפוס אוסטין מספר ‭248‬ פ. מבית החולים האיטלקי. שמות הנאפריפ השודי השוד ־בהודעת הצשטרה מיום וי נאמר, שבקשר ןפ •ני פקת חשוד, שאירעו בחיפה — בבנק ובחנות •ל תכשי…"
1947-07-13	haretz	haretz19470713-01.1.3	…חשודי* עצצה כשדה מהתפוצצות פצצה בשדה באדמות מגד־ ' אל־כרו* בנפת עכו, נפצע חאסאן חוםיין אלוואלן, בן ‭. 16‬ במצב קשה נאסף לבית־ החולים הממשלתי בחיפה. נאפרו כקשר לנפיון קנית אקרה לפי הודעת המשטר* נאסרו בעכו ביום ב' 5 ערבי* מהם שני אנשי חיל־הספר העבר־ירדני, שהיו מעורבים…
1947-07-14	haretz	haretz19470714-01.1.3	"…ן הפוך. היא נהרגה בו במקו* •אין דבר בחר חכרמל מועדהר הכרמל מעירים, כי בהר הכרמל לא אירע כל מקרה של דבר, כביתר החלקים של חיפה העברית. שני היהודים שגם־ בדבר געו ושוכבים בביה""ח הממשלתי עבדו בקרבת גשר ""של"". גשר?, חדר חמכוגות כ""עץ-דור"" אדם אחד נכווה כאשר חדר המכונות בקולנוע ""עין דור"" החורפי (הישן)…"
1947-07-14	haretz	haretz19470714-01.1.3	"…1‬שנתייס מאסר ‭. *. ‬ גפצעה בפגיעת מכונית מתם כהן' בת ‭, 17‬ מקרית אליהו נפגעה בשבת ע""י אוטובוס ערבי מקו מס. ‭. 3 ‬ נמה לביה""ח הממשלתי. במצבה חלה הסבה נכרת. גוגכיפ מכיח-ח ""רוטשילד"" כשחזרו כלום א' פקידי המשרד של. ביה""ח ""רוטשילד"" בחיפה הרגישו, כי חסדה מכונת חישוב מטיפוס ""פיקסי"" מם. ‭. 39427‬ שמשות•, החלון היו שבורות. ' נפרצו חלונות חדר המתים אך משם לא נ…"
1947-08-07	haretz	haretz19470807-01.1.4	"…ה של דבר. החולד. הוא עבד אל עזיז שייך. חסן. השלםוגות אחזו באמצעים ה־ נחוצים. ההלימו הולי הדפד פהיפה כל הוא הדבר יצאו את בית החולים הממשלתי בחיפה פרס ל־3 חולים שהועב־ ת לפני י זמן מה מעפולה. לא ברחו"" "" מ""מ מנהל לשפת המודיעץ הממשלתית מר ממפורד חפ• היש אתמול את הידיע…"
1947-08-14	haretz	haretz19470814-01.1.3	"…יב , מרחוב החשמונאים ברמת־גן, נמצא ברחוב המלך פיי־ סאל ביפו, ב־‭2. 30‬ אחרי הצהרים, כשהוא פצוע חמשה פצעים מדקירות. הובא לבית־ החולים הממשלתי ביפו. מצבו רציני. בהודעות נוספות נמסר: , ערבי בשם ג'אבר אחמד חוסיין' תושב יפו, הותקף על מי קבוצת יהודיס מזו־ ן בחיפה מאפר על גניבת רוביפ מאוזן אבו דורה, בנו החורג של מסף אבו דודה, מראשי המושמת בארץ בימי המאורעות תרצ""ח—תו%ס, נמון השבוע ל…"
1947-08-14	haretz	haretz19470814-01.1.3	"…נית לא גגרם נזק. נכוותה בהתפוצצות פרימופ . מהתפוצצות פרימום בביתה נכוותה קשה בגופה הערביה בדיה חטן נאמר. במצב קשה נאטפה לביה""ח הממשלתי בחיפה. נפצעבקממה בעת קטטה שפרצה בין פועליט בבתי' הזיקוק בחיפה נדקר הפועל מוחמד מחמוד עלי והועבר לביה""ח. הממשלתי. רשימת עוליפ רשימה של 439 עוליפ שהגיעו מגרמניה לפארםייל ב־6 באוגוסט ו…"
1947-08-14	haretz	haretz19470814-01.1.3	"…. . ‬ . ו הכישו נהש - גחש הכיש את שלום מורדיש, בן ‭, 37‬ מקיבוץ משמר הים בעמק מילון, בעת עבודתו בכבישת הקש. הואד.. ועבר לבית החולים רוסשילד בחיפה. לאחר שקיבל זריקות פצבוהוסב. Vהוא חזר לביתו. . הבימה"" בפתה תקוזז ‭'8=3‬ . אהבת צמן"". תיאמרץ קאמרי בכפר-יהזקאל הערבב־9 ""…"
1947-08-18	haretz	haretz19470818-01.1.3	…חסןאל בייאר. נפצע בהתנגשות דרכים התנגשות בין מכונית־ ג'יפ־ומכונית ; טנדר אזרחית אירעה אתמול אחרי־הצהרים ליד בתי־הזיקוק בחיפה• מכונית הטנדר נהפכה וגרמה לפציעתו של מאיר אברהמצ'יק, :ן ‭, 45‬ מקרית־מוצקין. הוא נפגע בכף ידו ־הועבר לבית־החולים רוטשילד. מכונית ה־ י נ'יפ נמלטה אך במקום נשאר כובע, שנשמט מראש אחד החיילים. המשטרה הצבאית זוקרת. נכוה הפועל אליעזר פומר…
1947-10-22	haretz	haretz19471022-01.1.5	"…ל בחיפה. הנסיון נמנע והאיש הוזהר. נפצע פתאונה אתמול־ ב2 אחה""צ נפצע בגבו הפועל יומה ברנשטיין, בן ‭, 32‬ הגר ברחוב שפירא בחיפה ע""י מכונית משא בשעה שמכונית מקולקלת נדחפה על ידי מכונית •שניה. קבל עזרה ראשונה ע""י , מד'־א והובא לבית החולים רוטשילד. חגיגת התעופה ביום ו' (‭31. 10‬) בשעה ‭2. 30‬ אחה""צ תערך באולס ""ארמון"" בחיפה חגיגה הת־ : עופה בה ייתנכו 2 אוירו…"
1947-11-25	haretz	haretz19471125-01.1.3	"…ז""ל, אלמנת המהנדפ בן־ציון רוגוב, אחותו של ד""ר הלל יפה ז""ל. בצוואתה הגיחה . המנוחה את רוב הונה לקהק""ל ולהסתדרות הרופאים בחיפה. פרג' קילי-ההלים הסרג'נט קילי, המומחה לעברית של בו־ לעת חיפה, שנפצע בהתנקשות הטארוריס־ טית ליד קפה -האז"" בחיפה־ ב‭12‬ בנו־ בכבד, החלים ויצא את בית החולים הממשלתי בחיפה. גדרות התיל פרה' המלביפ - נזק לפעלי העסקיפ וההנויות לפני מושל מחוז חיפה מר א. נ. לאו הת־ יצבה משלחת של בע…"
1947-12-16	haretz	haretz19471216-01.1.2	…ין תחנת ראש־העין והצ-לבות הדרך לוד ביום ב'־ ב‭12. 30‬ אחרי הצהרים, נמסר בהודעה לעתונות מאתמול. * י ‭3 . ‬ נטומ ערבים אל בית החולים הממשלתי ביפו הועברו אתמול 3 גופות של אחמד דרויש חנאווי, בן ‭, 40‬ שנהרג בכביש חיפה; עבדול חמיד חאזנה כתאבה, בן ‭, 25‬ שנהרג בכביש סלאמח; ועלי אבו מסלם, כבן '‭, 20 ‬ שנהרג בקרבת כפר מיסקה (בקרבת כפר־ 6בא…
1947-12-30	haretz	haretz19471230-01.1.3	"…יגת חברו. כששיחק באקדח ונפלט כדור שהרג את חברו. עזבו את בית-החולים דממשלתי 6 רופאים יהודים ו־‭27‬ אחיות עזבו את־ מול את ביה""ח הממשלתי בירושלים. כפי הנראה עשו את הדבר לאחר שהשמירה במקום והבסחון בבית החולים עצמו לא שופרו ולאחר מקרה הרצח של תר להרס בבית החולים בבית צפפה. בחיפה לב ט ‭""011, 1115 ‬ "" דבטחונך 8 אזכרה לרב י. מולדכפקי ז""ל תערך היום, ביום השלושיט לפטירתו בבית הכנסת בבת־גלים בשעה ‭. 5 …"
1947-12-31	haretz	haretz19471231-01.1.5	"…קוה הי ו פ שתי הצגות . קדוש השפ"" באולם •היכל"" ר‭3^0‬ ור8 בער* . ויצ-ו כגדרה - ר8 נערב אסיפת חברות בהשתתפות הגר צימרמן. בחיפה רבטחון העם"""" * דבמחונך! נפצעו ערכיפ שני פצועים ערבים מיתות הובאו ל־ ביה""ח הממשלתי בחיפה אתמול בבוקר. חמד רחאם אמד, בן ‭, 22‬ מחיפה נפצע בראשו ע""י יתד. ב־2 בבוקר בביחו שברחוב עיראק. מצבו קשה. סב…"
1948-01-01	haretz	haretz19480101-01.1.4	"…י ה־ משפט, בעיריה ובמחלקות הממשלה לא באו העובדים הערבים. לא יצאו לעבודה פועלי הנפט וחלה גב הפסקה בחלוקת הנפט וה־ בנזין. מבית־החולים הממשלתי הוצאו הרופאים והאחיות היהודים. אבל חיפה העברית אבל כבד ירד על חיפה העברית ומימי אסון ""פטריה"" לא נראתה לוויה כזאת בחוצות העיר. כבר בשעות הבוקר אתמול דהלו קרובי הנפטרים וחבריהם מבתי הזיקוק…"
1948-01-01	haretz	haretz19480101-01.1.4	"… שעות הערב אי־ אפשר היה לברר את פרמי המקרה. נופד הועברה לביה""ה רוטשילד יצחק אמרי, שנרצח לפני כמה ימים ב־ , 1 שיק הערבי בחיפה, הובא אתמול מבית־ החולים הממשלתי לבית־החולים רוטשילד בחיפה. I ניסן שטיינברג, בן ‭, 68‬ נדקר אתמול אח־ רי הצהרים על ידי ערבי בעברו דרך רחוב! הנמל ! מתו מפצעיהם בבית …"
1948-01-06	haretz	haretz19480106-01.1.4	…ר נורו יריות אתמול ב־‭4. 30‬ אחרי צהרים על שני אוטובוםים ערבים, האחד זל באלד־אל־שייך והשני משרות נצרת. :שער שנטעו בכביש חיפה נצרת. כל ;פגיעים, בהט נהג אחת המכוניות, הובאו בית החולים הממשלתי בחיפה. מוכרים, כי היריות על האומובוםים ערבים נעשו כתגובה על הפגיעה באוטר :ום יהודי מקו מם' ‭30‬ במושבה הגרמנית …
1948-01-22	haretz	haretz19480122-01.1.4	"…ידוע, לבוש מדים. עקבות דם נגלו במקומות אח־ רים, וכנראה, היו בצד הערבים גם אבדות אה רות. מת מפצעיו אור ליום ד' מת מפצעיו בבית החולים הצבאי בחיפה אליהו אדלר שנפצע בעת ההתקפה על משוריין הנוטרים בדרך מגהריה ליהיעם ביום ג'. ערכי שנפצע כיהיעפ הובא להיפה לבית החולים הממשלתי בחיפה הובא ביום ג' בערב מונים עבד לייס, בן ‭, 22 ‬ מעכו, שנפגע לדבריו מפצצה שנזרקה מ""ג'יפ יהודי"" בסביבת תרשיחה, ביום ג' ב־7 ב…"
1948-01-23	haretz	haretz19480123-01.1.8	"… ידי חיל המהנדסים המלכותי. הרוג ופצוע *יום ד אחה""* גורה ברחוב אבאס ערבי בן ‭, 35‬ שנפצע קשה וילד בן ‭, 12 ‬ שמת בליל ה' בביה""ח הממשלתי בחיטה. נמצאה גוויה ערופה בחדר המתים של בית החולים הממשלתי בחיפה מוגחת זה כמה ימים גוויה בלי ראש. על הגוויה גמצאת חולצת חאקי, התחתונים הם כהים. עוד אי אפשר היה לקבוע אם הגוויה היא של י…"
1948-02-05	haretz	haretz19480205-01.1.3	"… ""רמה"" הצגת ה""טרקלין"". ערפי נפצע כירידת סלים עבדלה שופני , בן ‭, 28‬ משפרעם, נפצע ביריות ברגלו ביום ג' ברחוב ססאנ־ טון בחיפה ב־2 אחה''צ. במצב קשה הובא לבית־החוליס הממשלתי בחיפה. תנועת האניות כנמל היפח בנמל חיפה עגנו אתמול ‭35‬ אניות. י־ ב ניהן באו לאחרונה: ""קדמה"", (אי""ית); ""סטאר א1…"
1948-02-05	haretz	haretz19480205-01.1.3	"…מריקאית. מר רוזנטאל, סנה לועד־הקהילה בירושלים וביקש לקבור אותהבקבר ישראל. בינתיים מונחת הגופה זה היום ה־6 בחדר המתים של בית החולים הממשלתי. רכילות לעתליט מרכז ""לאסירינו"" מודיע: חבילות למחנה העצירות בעתליט נשלחות ע""י סניף ""לאסירינו"" בחיפה פעם בשבוע ביום ששי. החבילות צריכות להגיע למשרד הסניף ברח' הרצל ‭, 2‬ לא יאוחר מיום חמישי בשעה ‭12‬ בצהרי* בתל־אביב פנין…"
1948-02-09	haretz	haretz19480209-01.1.3	"… של י השלטון להבטיח את זאת כל זמן, שהסמל הבריטי עדיין מקשט את משרדי הממשלה בארץ ישראל. ק. חביב משלחת הצלב האדום מסיירת בחיפה משלחת הצלב האדום הבינלאומי ביקרה אתמול בהיפר, . סדרת בקוריה כללה תחגת מגן דוד אדום, בית החולים רוטשילד, בית החולים בורוכוב, מרכז הצי לב האדום בחיפה, בית החולים הממשלתי ובית החולים הערבי •אל אמץ"". אחרי הצהרים טולדו חברי המשלחת במלון וינדזור כאורחיה של אגודת הרופאים הערבים בחיפה• מילדות מופמפות ראשונות בארץ בבית החולים •ביקור חולים"" בירושלים נסתיים עתה הקורס של מילדות מוסמכות ראשונות בארץ• הקורם …"
1948-02-24	haretz	haretz19480224-01.1.4	"…וקטנו המנות שיחולקו, או יוצאו כמה פוגימ של מכר !יות מן החלוקה. תחנת רכבת לנפמ הקשיים העיקרייפ היו צפוייפ לאפמקת שלישיה בחיפה בבית החולים . רוםשילד"" בחיסון גולדה אתמול בצהרים שלישיה, שתי ילדות וילד, לשושנה וואן טיין, פלי־ טה מהולאנד. אחות מיוחדת הופקדה להשג…"
1948-02-24	haretz	haretz19480224-01.1.4	…בת חחנת הכוח הישנה בחיפה וערכה שם חיפושים. 2 יהודיפ נעצרו. חועכרו חשוטריס חיחודימ אחרוני השוטרים היהודים במרכז המש מרה בחיפה ברחוב המלכים, סרג'נט, קורפורל וקורפורל נוטרים הועברו אתמול לשרת במשטרת הדר הכרמל. ע רכי נפצע ביריות לבית החולימ הממשלתי בחיפה נאסף אתמול בבוקר אמין מחמוד שאריף, בן ‭, 24‬ מרחוב יפו בחיפה, שנפצע ב־3 השכם בבוקר בירכו ביריות. חיפושיפ …
1948-04-26	haretz	haretz19480426-01.1.4	"…כי המינים הם: בנין בית החולים הממשלתי במגרש הרוסים, הבנין ליולדות . שהיה פעם בנין הקונסוליה הרוסית, ו""מחלקד, הבריטית של בית החולים, לשעבר הקינמוליוז הצרפתית ובית הכנסת האורחים האוסטי־י בעיר העתיקה, המשמש כבית ספר לאחיות. פגה הבהלה מודיע יו. פי. מחיפה סוסו־יו. -סיג""-?אנו יירקסן מודיע מ־ "" זויפה: גציגי הערבים הסכימו . לקיים היום פגישה נוספת. עם היהודים והכתמים. בתקוזה ל…"
1948-04-28	haretz	haretz19480428-01.1.4	…לה על נכונותה לקבל את בית החולים לרשותה בהתאם להצעת הממשלה. מת מפצעיו [ יעקב סקולניק, בן ‭, 19‬ מכפר־חסידים, מלת מפצעיו בבית־החולים בורוכוב הוא ןובא לקבורה בכפר־חסידים. הוא נפצע־ ב *2 לחודש בוואדי רושמיה בחיפה. מפקד פסח במחנה אימונים רושם רב השאיר אתמול הטקס הצבאי־ הרשמי של הנפת הדגל העברי במחנה האימונים של החיילים העברים כדי ל…
1948-05-03	haretz	haretz19480503-01.1.3	"…ור ידידות למעונינים על שבויים, פצועים והרוגים וכן לדאוג לסדורים אחרים בשדה פעולח זח, המקובלים בכל העולם. גיה""ח הממשלתי בחיפה-לעיריה ן י (מאת סופרנו בחיפה) בית החולים הממשלתי נחיפד, הועבר אתמול לרשות עירית חיפה וישמש מעתה בית־חולים עירוני. בית־חולים זה מכיל 288 מטות והוא אהד מנתי החלים הגדולים והמפוארים בארץ, לעת עתה תפתח נו מחלקה למחלות מדכקות' מחל־ קה בירודגית וקלי…"
1948-05-03	haretz	haretz19480503-01.1.3	"…־ תפח של יהודים ושוטרים בריסים, כמה ר־פא""ם יחידים יברי^יפ יאחיית בריטיות, אין בו נפש חיה. לסופרנו נמפר. כי מיד עם כיבוש חיפה החלו העובדים והחולים הערבים לעזוב את בית החולים בהמוניהם• חולים רבים הועברו באמבולנסים לסביבות חיפה, ר3יס אחרים הועברו בסירות לעכו. ־ כ‭60‬ ערביס' אחרוני החר לי‭, 9‬ הוצאו מבית החולים ביום ה' שעבר• יחד אתם עזבו גם אחרוני האחיות ברובן ארמניות. גם הרופאים הערבים עזבוהו ואחדים ,.. לקחו אתפ חלק מהציוד. בשב…"
1948-05-04	haretz	haretz19480504-01.1.4	"…ת ונעשו כל הסידורים להקמת לב מיוחדת נתנה לשרותי הדואר, הט־ פקוחה של מנהלת העם. נמשכת הפעולה להקמת קשר דואר עם הוץ לארץ. בית ההולים הממשלתי בהיפה ד""ר א. כצנלסון, מסעם מחלקת ה־ בריאות של הועד הלאומי, ביקר בחיפה ודן עם העיריה והשלטונות בדבר גורלו של בית החולים הממשלתי העומד להיות מועבר לעירית חיפה. הועד הלאומי הכריז על נכונותם של המוסדות ההודיים לקבל על עצמם את הטפול גם בחולים ופצועים ערבים, הנמ־ צאים בבית החולים. …"
1948-05-07	haretz	haretz19480507-01.1.7	…ין לכל כל• רכב. נשאר רק מעבר יסו־ תם צר ליד קיר בתי פיינגולד שממול משתי מושל המחוז למעבר הולכי רגל. הריאה לערבים לחזור לחיפה ללא חשש ראש עירית חיפה, מר שבתאי לוי, פנה לכל העובדים הערבים של בית־החולים הממשלתי ולעובדי מחלקת רישום־הקרקעות, שישובו לעבודתם וכי הוא אחראי לבטחו־ נם האישי. ראדיו ירושלים מסר, כי ער־ בים רבים ח…
1948-08-27	haretz	haretz19480827-01.1.4	…לד, הגדוד העבת. כתבנית־קודספונתפויח עצמאית משוחררת מדוט שולטת בעברי* מלי* צרפתית ורופיח השכלה גבוה* מחפשת עבודה מתאימה בחיפה. למות ל* ד. ‭398 ‬ חיפה מט' ‭. 15 ‬ מדינת 1 שואל בית החולים הממשלתי חיםח בית הספד לאחיות פית ההוליפ הממשלתי פהיפה מפריז פזה על הרשמת מועמדות לפית הפפר לאהיות אשר יפתה פאוקמופר. מו…
1948-09-28	haretz	haretz19480928-01.1.3	…וניסט. יבאמצע עבודתו זו הפסיק ועבר לחיל הקומנדו. השתתף באחת פעולות ההגנה ונפל. יהי זכרו ברוך. הכדיו ש. שטראוס וכ. עורף בחיפה - ילדה נפצעה פצעי מות הילדה חנה בת יצחק זכאי. בת שלש וחצי, נפלה מעל מרפסת קומה גי שברחוב עיראק 9 בחיפה במוצאי יום א' ומתה אתמול מפצעיה בבית החולים רוס־ שילד בחיפה. היום והעדכ — אגודה להשתלמות במדע: קונצרט (מוצארט, דבוז'אק). משלחת מורים יוצאת למחנות באירופה באלה הימי…
1948-11-05	haretz	haretz19481105-01.1.5	"… הצגות ב־‭9—7—3. 30 ‬ ביים שני ‭8. 11‬ הצגה יומית ב־‭!. 30‬ג קניה ומכירה , יגלות ילדים, מטות חדישות ביותר :אחריות ובזול בביח""ר קלינגבייל, דחי •ש""י ‭49 ‬ ן בלות! שמלות חופה וצעיפים גם כהשאלה. לבני מטה במחירם הקודמים. חצאיות וחולצות — מודלים יפים במחירם !ולים. חלוקים חרסיים ולבני גברו* תופ־ !…"
1948-11-21	haretz	haretz19481121-01.1.4	"…* הוא ערך פתר בעמדות השונות של החזית ונפגש עמ ממושל הצבאי תר דב יוסף. ־ באו 1269 עולים 139 עולימ הגיעו בארבע אניות לגמל חיפה ?משד תם ששי ויום השפ* ד""ר ה. הרמן דל •שנת ‭16‬ ?חייו מת אתמול בבית־החו• ליםהדפה"" בירושלים ד""ר היידתך הת "" ?ן, רופא עצבים מהולל. מנהל בית החולים של ""עזרת נשים* בירושלים. המנוח מיה ציוני זזתיק, שעלה לארץ לפני י ‭25 ‬ שנה וזכה בפופולאתות בקרב כל שכבות האופלופיד. היר…"
1948-12-20	haretz	haretz19481220-01.1.3	…ים שולד, נעצר על ידי המש־ טרה הצבאית. הפצוע הועבר לבית החד 'לים הממשלתי בבת גליט. שעות חכיקור ככית חחולים חממשלתי הנהלת בית־החולים הממשלתי בחיפה מודיעה, שמיום א' הבא יהיו שעות־הביקור בבית החולים ביומ ב', ד ושב* מ־‭1. 30 ‬ עד 3 אחהיצ. חפצים שנעזבו כבית חחולימ בבית …
1940-12-27	hashaharerev	hashaharerev19401227-01.1.1	"…..תאומי־ סיאם"" אמישראליים. הרכים • הנילדים׳ אשר צורתם היא אחד הפלאים ־המתרחשים רק לעתים רחוקות, נלקחו למחלקת היולדות של בית־החולים הממשלתי בחיפה. לשניהם גוסית שלמים ושום אבר אינו נעדר ירק הכבד משותף לשני הילדים. את הילדים מזינים בצורה מלאכותית. אילם סבורים. כי לא …"
1948-02-26	hayomjlm	hayomjlm19480226-01.1.4	…מרכזית נפצעו שני שוטרים ערבים ואזרח ערבי אחד. ״ ברחוב יפו נפצע שוטר בריטי אחד. תאונה בתאונה במחצבה בחלק הצפוני מזרחי של חיפה נפצעו אתמול 4 יד״דים: מרדכי ארליך (30) משה מערבי (22) אליהו אושרוב (44) ויוסף שריימן בן חמשים מת מפצעיו בבית־החולים. יריות אתמול בבוקר התרגשו בכל חלק חיפה התחתית יריות נגד התחבורה העברית, ואולם היא נם־ סקה רק לזמן קצר. בשעה שמונה ורבע …
1948-04-19	hayomjlm	hayomjlm19480419-01.1.2	…ין. בית החולים למחלות מדבקות בפרדס כ״ץ ובית החולים לחולי רוח בבת־ים — מועברים כבר למחלקת הבריאות היהודית המרכזית, אם כי בית החולים בבת־ים ישאר לפי שעה בפיקוח הצלב האדום. היהודים מציעים כמו כן את העברת בית החולים הממשלתי בחיפה לידי העיריה ומנהלים משא ומתן על העברת בית החולים לחולי שחפת בצפת לידי היהודים. מחלקת הבריאות החדשה תנהל את הש רותים הרפ…
1948-09-03	hayomjlm	hayomjlm19480903-01.1.4	… לרשות הועד הלאומי בסוף חודש אפריל. ביפו פועלים עתה כמה מאנשי השירות הרפואי לשעבר, ביניהם קצין הרפואה הראשי, ומנהלים את בית־החולים הממשלתי ביפו המשמש בעיקר את שבויי המלחמה הערביים. המו״מ על העברת בית־החולים בחיפה הגדול ביותר בארץ עם 350 מטות — לא נסתיים עד שצבאות ישראל כבשו את חיפה. על אף בקשתם של מנהלי מחלקת הבריאות .הישראלית סירבו עובדי בית־החולים הערבי להישאר בעבודתם ולדאוג לפצועים הערבים. רובם ע…
1948-09-03	hayomjlm	hayomjlm19480903-01.1.4	… ואף החולים סונו. בית־ד,חולים פתוח עתה ובין עובדיו ישנם גם כמה ערבים, ביניהם מיילדת אחת. אולם רופאים ערביים אינם משרתים בבית־ החולים שבחיפה. עם כיבושה של עכו על ידי כוחות ישראל פתחה מחלקת הבריאות הישראלית בית־תו־ לים קטן בעיר לשם מלחמה במגיפת הטיפוס שפרצה שם.…
1948-09-03	hayomjlm	hayomjlm19480903-01.1.4	…בעו תכניות בדבר טיפול מיוחד שיינתן לאחר יציאה מבית־התולים כגון טיפול אורטופדי, ניתוחים פלסטיים, ניתוחים אופתלמיים וכו׳. בית החולים בחיפה אורגן מחדש וכמעט מחצית מטותיו תוקדש לטיפול כזה שיינתן בעיקר על ידי מומחים מחו״ל שהתנדבו להשאר במדינת ישראל לזמן החרוש כ…
1943-08-12	hazmantlv	hazmantlv19430812-01.1.4	…של ההסתדרות. נשיס נפצעו קשה בתאונות דרכים שלשום אחה״צ פגעה מכונית צבורית. סמוך למשטרה הישנה בקרית חיים, בגב לוסיה מראד מחיפה, שנפצעה קשה והר עברה אל ביה״ח הממשלתי בחיפה. בו ביום פגעה מכונית צבאית באשה אחרת שעוד טרם זוהתה ושהועברה אף היא במצב קשה אל ביה׳ח חססשלתי בחיפה. « עולים מתורכיה — אתמול הגיעו לחיפה דרך ראש הנקרה, 29 עולים מתורכיה, המהווים 7 משפחות. הם הועברו מיד אל …
1943-08-17	hazmantlv	hazmantlv19430817-01.1.4	…מעמד פל בני המשפחה וידידיה. בנה מר יחיאל ויעמן אסר קדיש על הקבר והחזן נוסברג התפלל אל מלא רחמים. יצא לחופשה שופט השלום בחיפה, הד״ר לנדוי, יlא אתמול לחופשתו השנתית. גויה בשוק בשוק הערבי בחיפה נמצאת בליל ■׳ גויתו של ערבי שלא זוהה ושהועברת ל־ ביה״ח הממשלתי. לפי חצוניותו סבורי■ שזה היה פושט יד, אשר מת פיתה חטופה באמצע הרחוב. גונבי צמיגים ביום ב׳ לפנות בוקר הורידו אלמ…
1943-08-17	hazmantlv	hazmantlv19430817-01.1.4	…תו סמוך לפנסיון לב על הכרמל. נדרסה למות פטמה חסן בינת חמדן, ילדה בגיל 8, נפצעה קשה ביום א׳ לפנות ערב ברחוב הג׳אז שבמזרח חיפה בהדרסה ע״י מכונית משא שהיתר, נהוגה בידי משה מיכאל, בדרך לביה״ח הממשלתי מתה מפצעיה. מעשה שהיה בדואר גברת צעירה, דוברת גרמנית וכולה אומרת הדר, ניגשת ביום א' .זך. בשעות שלאחרי הצהרים אל…
1943-08-17	hazmantlv	hazmantlv19430817-01.1.4	"…הטרי מעליו. הקהל סלח לפקיד, הקהל הבין אותו. מפגעי הדרכים ז מכונית צבאית, שטרם זוהתה דרסא בשבת את חסן אחמד שחצה אח הכביש חיפה—עכו. הפצוע נאסף לביה״ח הספ־ שלתי בחיפה. ב״יער החייל"" פלוגת מהנדסים מלכותיים (אי־שם) נטעה 10 עצים ביער החייל ע״ש הקצין יצחק בן־צבי (פסיר) עם הע…"
1943-08-30	hazmantlv	hazmantlv19430830-01.1.4	…תבררה נטיתם לשחפת, :עמדו לטיפול מיוחד ובראש ובראשונה לא יורשה להם לדור בעיר. ?בחיהה שלמה גדליה ורהפטיג ז-ד ביום השבת מת בביה״ח רוטשילד בחיפה לאחר יסורים בוראים שלמה גדליה ורהפטיג, נכדו של הרבי מ־ סטולין, בן למשפחה ענפה שאבותיך, התיישבו בארץ לפני 150 שנה לערך. …
1943-08-30	hazmantlv	hazmantlv19430830-01.1.4	…נצרת שבמזרח חיפה, כאשר הוציא ידו החוצה רז־ נפגעה ממכונית משא שעמדה בצד הרחוב. טובע שניצל השוטר הנוסף עבדאללה חסן מחמוד מחיפה החל לטבוע בי־ם השבת אחה״צ בשעת רחיצה במפרץ היפה. שאר המתרחצים חשו לעזרתו ומשוהו מן המים כל עוד ר־ח באפוהעבירוהו במצב של חוסר־הכרה ל־ (ביה״ח הממשלתי בחיפה. רח׳ יפו 288 (בית מאני) ; - רח׳ מונטיפיורי27. ת״ד 1966, טלפונים 2953, 3442 (משעה 7 בערב עד 2 בלילה — 4057…
1943-09-03	hazmantlv	hazmantlv19430903-01.1.3	"…תן. ההסכם יכנס לתקפו מיום 6 בספטמבר. נסיון לרצח אור ליום ה׳, בשעה 10 בלילה, ירו שני אלמונים באהת הסמטא""! של השוק הערבי בחיפה בעבדול לטיף רשיד. הוא נפגע בצווארו. המתנקשים הצליחו להמלט. הפצוע הועבר במצב אנוש אל ביה״ח הממשלתי בחיפה ועדיין לא חזרה אליו הכרת־. הפריע למפקחים והתחצ? כבית המשפט מר פלדר, בעל המזנון שבקורצאני בעמק זבולון, הוע…"
1943-10-28	hazmantlv	hazmantlv19431028-01.1.6	…ת סחרות ביותר. בליל ג׳ השתעשעה עם כלבה בדירתה בקרית ביאליק ותוך כדי משחק הופלה על •די הכלב ונחבלה קשה בראשה. היא הועברה לבית החולים רוטשילד כשהיא נטולת הכרה וסתה אור ליום ד׳. אתסול אחר דצהרים הובאה לקבורה בחיפה. חייל שמילא חוכח אזרחית לפני השופט מר דיקנסון בחיפה נתברר אתמול משפטם של שני ערבים, שהתקשרו עם חייל על מנת להעביר במכוניתו 4600 ביצים ו־6 96 ק״ג תבואה מכפר שבסביבות נ׳נין …
1943-11-18	hazmantlv	hazmantlv19431118-01.1.4	…ור בוועד הארצי, שייבחר בישוב המועצה הקרובה. הרוג ופצועים בתאונות ביום ג׳ נדרס על ידי טאכסי בשדרות הכרמל במושבה הגרמנית בחיפה חביב עספיר כשניסה לחצות את הרחוב. הוא מת מפצעיו בו ביום אחה״צ בבית החולים הממשלתי. מכונית טקסי נהוגה בידי ניקולה אד התנגשה ביים ג׳ לפנות ערב במכונית אחרת בכביש חיפה — ג׳נין. המכונית השניה ניזוק…
1943-11-18	hazmantlv	hazmantlv19431118-01.1.4	"… שובלאק, שקפץ מעל אוטובוס צבורי של קו 4 בשעת ה לוכו ברחוב ש. לוי ליד ביד,""ס האנגלי לבנות, נפצע בנפלו על הכביש והועבר אל בית החולים. הממשלתי בחיפה. סימטאות חיפה נהירות לגנבים ערביה הגרה באחת הסיכטאות במזרח חיפה, הודיעה אתמול למשטרה שממגי־ רתה נגנב סכום של 420 לא״י במזומנים. מוסיפים לגנוב צמיגים מחנותו של פישר קסטלאק שברחוב הרצל …"
1943-12-08	hazmantlv	hazmantlv19431208-01.1.4	"… ברהמס. בבצוע אלה גולדשטיין והתזמורת הארצישראלית. המנצח י. מיכאל מאובר■ 50ודט .שמן־ - .של' 8 : 2 ביים ד׳. 1 לח״ז, היתה בחיפה הח־ חרות כתר רגל בין קב׳ ■של"" לבין קב׳ -שמן״ עהכתימה בתוצאות 8:2 לטובת קב׳ ביח״ר ■שמן"". המשחק הצטיין בעי׳ רנות ובטכניקה יפה. תך לבך לפליט ברוסיה אוסר בגדים כללי ק״י הועד המאוחד לקורת יהודי פולין תל־…"
1943-12-08	hazmantlv	hazmantlv19431208-01.1.4	…כים אור ליום ג׳ פגעה מכונית המשטרה ביער אפרים קסאן, בגיל 15, בנו של רופא קופת חולים בכפר עטה שליד ח פה, בהצטלבית הדרכים חיפה — עב/ ה.ער נפגע קשה ומת רגעים מספר לאחר שנדרס בטרם הספיקו להגיש לו עזרה ראשונה. גייתו הועברה לבדיקה אל ביה״ח הממשלתי בחיפה. היא נדת ע-י מכונית משמרה, ובו ברגע נדרס ע״י אוטו משא צבאי. סיבחי חליל נפגע ע-י תחנת הרכבת המזרחית על ידי מכונית משא ונאסף אל ביה״ח. סובחי זאריב נפגע ע״י מכונית טקסי ברחוב המלכים וקבל תעודת רפוי ל־4 שביעות. מרים גרינברג נפצעה על הר הכרמל ע״י אופנוע צב…
1943-12-29	hazmantlv	hazmantlv19431229-01.1.4	"…שכין שלוב בין שני ד״ציס ומשלא הצליח לשכנעם באמרות פיו, הרים מ־ט ברזל והניפי בכח על פני אחד הנצים, אשר נפצע קשה ונאסף אל בית החולים הממשלתי בחיפה. ..משכין דשלום"" נאסר ויועמד לדין. תאונה קדה איר ליום ג׳, בשעה 2.15 אחרי חצית עבדה הגברת יהודית ישראל־ בצד דכב־ש של רחוב…"
1944-01-16	hazmantlv	hazmantlv19440116-01.1.4	"…י פועלים מסוריה ואחד פרם, פאוזי אל שאמי מדמשק דקר למוות את♦ חברו תורכי אל קאוד. הדוקר נאסר וה־ ' גויה של הנרצח נאספת אל ביה״ח הממשלתי בחיפד"" רוצח נידון למוות אתמול ב־9 בבוקר נתן השופט מר אדוארדם בחיפה את פסק דינו נגד מ,חמד עבאס שרצח את חברו ב״אחוזה"" במאי 1943. הרוצח נידון למיתה בתליה. גניכה מחנות כגדים ביום החמישי בערב…"
1944-01-19	hazmantlv	hazmantlv19440119-01.1.4	"…נאחז בדלת האוטובוס של .אגד"" כשניסה לקפוץ מתוכו בשעת הילוכו ונסחב למרחק כמת מטרים אחרי המכונית. הוא נאסף לבית״ח הממשלתי בחיפה. — סעיד חוסיין נפגע ע״י מכונית משא ברחוב המלכים בחיפה וידו נשברה הוא ה־עבר אל ביה״ח הממשלתי וה־ . נהג ארנסט שטרנברג נעצר ושוחרר בערבות. רעננה לתשומת ילה הישגי רעננה והפרימה! היום מתהילה מכירת הכרטיסים לה…"
1944-01-24	hazmantlv	hazmantlv19440124-01.1.4	…באית ואוטובוס ערבי מלא נוסעים. בתוצאת ההתנגשות ופצעו 6 מנוסעי האי* טיבום ובתיכם גם דוהג אחמד יוסף עבת. הפצועים ואספי אל ביה״ח הממשלתי ב- חיפה. שתי המכוניות ניזוקו קשה. בו ביום אירעי עוד 3 תאונות דרכים במקומות שווים בעיר, עישתים מהן עברי בשלום ואיל• בשלישית ופצע שוטר מוסף ערבי שנלקח לביה״ח הממש :י כאגודה להשתלמות כמדע ד״ר רוכנשטריך — ב־ד בע־ות ה־ עילם החיצוני. ב־8 .30 — מהותה של ההיסטוריה. תערוכת אמני חיפה פתוחה היום עד 7• 1 J A החזר הקופסא בקנותך חדשה = משלוח — | חבילות לחיילים בתנאים מיוחדים ע״י I משרד למשלוח חבילות מלון …
1944-01-25	hazmantlv	hazmantlv19440125-01.1.4	"… חליל אל הינדי, כבן 17, כמה יריות ""מסורתיות"" מאקדחו ופגע בשנים מבין החוגגים אחד מהם בן 24 והשני ילד בן 12. שניהם דיעברו לביה״ח בחיפה ומצבם אינו קשה. היורה נאסר ע״י המוכתר והוסגר לידי המשטרה. השמחה. בכפר הופרה. נשף לבית ההבראה לינת צדק ביום ד׳ ייערך בקס…"
1944-01-31	hazmantlv	hazmantlv19440131-01.1.4	"…עיר"". המרצה מר ש. ז׳וכוביצקי. Bnmnai נמצאה גויה במוצאי שבת במצאה ברחוב המלכים גוויתו של שלמה יעקב חלבי. הגוויה באספה אל בית החולים הממשלתי בחיפה ולפי הסימנים סבורים, כי בדרם למות ע״י מכונית אלמונית. המשטרה חוקרת בדבר. מכרו כשר כמחיר מופרז בביה״ד לספסרות נידון אחמד…"
1944-04-27	hazmantlv	hazmantlv19440427-01.1.3	… של החזקתו תעלינה בלי ספק על התקציב המשוער הזה. המקורות לכיסוי התקציב הם: הקצבות המוסדות — 12 אלף לא״י וההכנסות מחולים. בבית החולים עסוקים 8 רופאים ו־s 4 עובדים קבועים ובתוך זה 32 אחיות. בית החולים משמש גם את הסביבה הקרובה. עירית חיפה הקציבה בשנה האחרונה סך 2000 לא״י להחזקת בית החולים ונוסף על כך 300 לא״י לקבלת חולים ערבים ועוד 200 לא״י להגשת עזרה רפוא…
1944-04-27	hazmantlv	hazmantlv19440427-01.1.3	"…תכנית לצבא: 5 פינת הנוער האנגלית! ?5 .3 סואימה לבאליט — קרנבל, אופוס 9 — שומן (תקליטים)! 8 תכנית ""כבקשתך"" מיוחדת לאחיות בית החולים הממשלתי בחיפה: 8.25 שיחה על מאורעות היום! 8.30 שנה ב״וואף"" — תכנית מוגשת ע״י נשים ארץ־ישראליות המשרתות בחיל העזר של חיל התעופה המלכות…"
1944-05-25	hazmantlv	hazmantlv19440525-01.1.3	"… חפץ בו, שומה על המלחים הפשיטים ייני סית לאמץ את דמפרשים. כריך עוזיאל למרגלות הכרמל (שרטוטים) כית החולים של חקהלח קיים בחיפה בית חולים ממשלתי גדול■ ורחב־ידים, אשר היישוב העברי אינו נזקק לו בדרך כלל. לעומתו משמש בית החולים של הקהלה העברית בחיפה שעל שם אני היישוב הברון רוטשילד, מקלם יחידי לאישפוזם של חוליי הסקטור העברי בחיפה וסביבתה הקרובה, בבחינת בית חולים עירוני על כל פרטיו ודקדוקיו, פרט למקרים בודדים בלבד, כשד,חולים אינם מוצאים מקום בבית החולים ""רוטשילד"". בית החולים ""רוטש…"
1944-09-14	hazmantlv	hazmantlv19440914-01.1.2	…י מעדי זה קמל !•?׳■וזמויע nr, ב iisinii מת. כתאונת דרכים אתמול מת בחיפה החייל י. ל. לנגה שנפצע קשה בתאונת דרכים בסביבות חיפה בליל ב׳. היה בגיל 25 והניח אחריו אחות בחיפה. התגייס לצבא ב־1942. הל־ וויתו תהיה היום ב־l o לפנה״צ מבית החולים הצבאי אל החלקה היהודית של בית הקברות הצבאי בחיפה. אספקת הכשר לחגים ראש קהלת חיפה, מר מ. ג. לוין, פנה אל סגן מפקח האספקה…
1944-09-14	hazmantlv	hazmantlv19440914-01.1.2	…ה ודן את הנאשמת למתן ער־ בסך 50 לא״י על התנהגות טובה במשך 3 שנים. התינוקת תוחזר לאמה לאחר v~ תגמל מן החלב ולפי שעה תשאר בבית החולים. הד היריות על השומר יצחק לזר בפני השופט החוקר בחיפה החלה חקירתם של מחמוד חמד ואחמד סעיד׳ הנאשמים בהתפרצות לחנותו של ברוך ויניק בליל 1.7.44, משם גנבו פרימוסים וחפצים אחרים …
1944-09-29	hazmantlv	hazmantlv19440929-01.1.6	"… המשטרה. בשעתו קיבל כמה 1 אותות הצטיינות. טכעףרי ט״מ הנציב מ״מ הנציב העליון, מד שא"", בקר ביום ג׳ בלוית המושל, מר פולר, בחיפה־ תחתית והראה התענינות באמצעי המל־ 1 חמה נגד מגפת הדבר. אחרי זה ביד"" ־ ז־ י הבריז סט ־*. הר־ערץ ה ילה מ הבריטי, בבתי המלאכה של הרכב־ת, ב־ י ביה״ח לס־גרירת _.ה .־ , ה •־ .׳־ ■יחכרת הדלף I. ~r .• :.-;ד ה״ 1 ~ ואמרו: חנה מבשרו של ילד יהודי t זה אכלתם היום... ד״ר גרנוב…"
1944-09-29	hazmantlv	hazmantlv19440929-01.1.6	… השופט קארי למאסר 6 חדשים לאחר שנמצא חייב בשדידת 10 לא״י ושעון־יד מעל גוויתו של עוזי זהבי מפתח־תקוה, שנדרס ברח׳ המלכים בחיפה ב־6 לאוקטובר 43״1, בשלה שתעביר את הגויה אל ביה״ח הממשלתי בחיפה. נקנס כ־סססו לא״י עד החזקת י קמח דלא רעיון יקותיאל הרשקוביץ׳ אחד מבעלי טח־ נת־קמח בחיפה שנקנס בשעתו ב־6 0…
1935-11-05	hbkr	hbkr19351105-01.1.5	"…ך לכפר םמיר, גפלטה מפתי של המלח מוחמד אל ממבי בהופי עכו וגמשתה ע""י שימר הברת הנפט העיראקית בהיפה. הגופה נלקהה לבדיקה אל בית־החולים הממשלתי בחיפה. מעשה נבלה מזכיר ה""הברה קדישא"" בת""א הידיע למשטרה על מעשה מהפיד יממש שקדה אתמיל. אלמונים תדרו לשטת בית הקברות הי־ שן והו…"
1938-02-25	hbkr	hbkr19380225-01.1.6	…ש ל הששש ל ה הורהב הטבניין ינסתח בית שפר ממשלתי הדש לשלאבה. שני השיס־ דות האלה הם מוסדות חשובים מאד. אני מציין בשמהה כי בית החולים הממשלתי החדש יפתח בעוד זמן קצר ומק ת אני. כי כביש ששת ה-ם יגדי ל אה נוחותה ויופיה של העיר הזאת. אש כי ריאים אנו את חיפה החדשה כשהיא מתפתחת ־סה מאד מבחינת בנ־ ניניה ותכונת? בבל זאת עיד ניתר שטה גדול של משכנור. עיני - שלא יצלחו למשכן לאדם ימ…
1938-08-16	hbkr	hbkr19380816-01.1.6	"…ח לת""א לעקוב אחרי מכינות כתיבה גניבות הרגיש יר, ט ול־ אד, ר חקירה אסר אותם• עם חתימת ד. ג9יון בשעה אחת והלש מודיעים לנו לבית החולים -הדסה' בחיפה כי יהותת מיר־ ללשטיין שנפצע באוסן אנוש. מתה מפצעיה. הפצועה אביבה אוסטרמן הנמצאת בחודש השביעי להריונה לא הפילה את הולד. …"
1938-11-04	hbkr	hbkr19381104-01.1.8	"…שם עלי עאריף גיובאן בשעה שגטה להתס פצצה באיתי מקום. פופרגו מופר: אתמול (ביום ה') לפנה""צ גיסה ערבי לזתק טצצה בשוק אביאד בחיפה. אך הפצצה גתםוצצד. בידו שגתדסקה. הפשט־ רה שהגתה לפקופ אספה את הערבי הפתביסס בדפי יפתשתל פפנאוביו אל בית־החולים הממשלתי בחיפה ורסיסי הפצצה הובאו למשסיד. . השביתה הערבית- ללא שינוי | השביתה הערבית נםשכת אי לא קרו ן פהואות. תנויות מע…"
1938-11-18	hbkr	hbkr19381118-01.1.4	"… • '-^'* *"" !• אינ פוםטום^^ ‭? - ?IV‬ *י ן!! יי ^ ' ^~ י י*י . _ . י ןי 'מ *- ""*??'- * "" ""' לפתיחת בית;החוליס:דומטשלתי1בחיפה? ? ‭£13 ‬ ‭. — 1 4 ‬ גומ• לרצפות ןגלינוליט בבית החולים הממשלתי בהיפה נעשה על ידי סוכנות כללית לארץ־ישראל: א""נדופ"" מחלקת-המםחר "" חיפה ת. ד. ‭1267‬ טלפון: ‭1671 ‬ ז‭9י9ו?9999 ס…"
1938-11-18	hbkr	hbkr19381118-01.1.4	"…פינת עונג ^‭1^0‬ £והנ ז ־ באולם התאחדות חציוניס !^!ו* ! מ‭431 8‬ ממת יייי שבת "" ‭>*0‬יד?ווו^ז""0 ועיונים הכלליים• ישמת§ו בית החולים הממשלתי בחיפה ן י ‭£. ‬ בהדש יוני מט גחול בהקמתו •ל ־־ המין' הענקי שמעי לשמש בבית הד ליוס םמשלתי מוי?!• על שסח של ‭60 ‬ חגב* מערבית מגםל חיפה בקיבת ‭*89 ‬ \‭x&x‬ הפנרש היד שיין פקויע לפנזר לןכדםלית^ס'-ונרכש עיי הממשלה כפכופ ''. ^לה *ל ‭41‬ א^ף לודי. ממין עצפו _…"
1938-12-23	hbkr	hbkr19381223-01.1.7	"…ום בתחילה ל־200 מסות ואולם אח""כ מצמ לנכון לחומף ‭24‬ מטות לחו־ לים מבין הצבא, ולכן הונדל חתקציב ל־‭120. 000‬ לאיי נערך. בית ההולים פתוה לכל העמת. ‭>0000000000000000000000000 ‬ ) ! טכס הנוכת בית החולים הממשלתי בחיפה ו (מף מעמד 1) לפנזדצ בלוית שלישו ומשל מחוז הצפון פר מילי. מכתבו של נונה ניה""ח האדריכל מנדלסון מנהל מתלקת הבריאות הממשלת…"
1938-12-27	hbkr	hbkr19381227-01.1.1	"…זוהה האחד ע"" י הנפוע פישבויס - ואח'כ זוהה אותה הערבי וחברו ע- י השוטר הפווע חזניביז כרווח חכרו מיד. רשמית: אתמול נאנ־ו בחיפה שני עדנים כאשמת רוח ונשיו! לרווח שני שוטרים נ־‭20‬ לדומבר בחיפה. סופרנו בחיפה מוסר: אתמול בשעה 2 אחה""צ הובאו ע""י המשטרה אל ביה""ח . !זדסה"" בחיפה כ־15 ערבים שגעצרו לרגל ההתנקשות בסוחר ליב פישבוים ביום א' לפנות ערב. (ראה גליו! אתמול). הפצוע זיהח את אח…"
1938-12-27	hbkr	hbkr19381227-01.1.1	"…עברית ע""י כ""כ השלטונות הנהלת הועד הלאומי הביעה במכתב למזכיר הראשי את מחאתה על שהנאומים של ה• מ. הנציב העליון וראש עירית חיפה ביזם ה' ‭22‬ ח""ז בפתיחה החגיגית של ביה""ח הממשלתי לא תורגמו לעברית. . העובדה יעיל — נאמר במכתב — פגעה קשה ברגשותיו של הצבור היהודי בארץ. הרואה בה זלזול בזכויות ה…"
1939-05-11	hbkr	hbkr19390511-01.1.6	"…לנשק. קצ־ן וסרגינש ברי- ! ! שיים שחשדו במכינית וערכי בה חיפו* ובקיד בית התולים הממשלתי שאישר. כי אף אהד מהנאשמים לא היה בבית חולים כפי ששיפרו במששרד, . הנאשמים הכחישו את אשמתם. נתאשו פסזדד של מעפילי ""אדםמיזזד בית־ד המחיזי בחיפה. עישר בשמכית בית דין לערע־רים בנשיאות מ. כ השו־ פש שרוו•' יבב־ חשופש שמש. א־שר אה־ מול את פכה־ד של השופש הבייבי. מר האב…"
1939-05-11	hbkr	hbkr19390511-01.1.6	"… ?תאניה .. ארטמיזד. "" שנידונו למאסר ו דדש ם כ""א והמלצת גירוש כן הארץ. . כידוע הועבר לפני ימים מספר אחד המעפילים הנ־ל אל ביה""ח הממשלתי לרגל כחלת' שחלה בה. שאר ""1 המעפילים• שמועד מאסרם תם הועברו ביום ג' מבית הסוהר המרכזי בעכו אל בית הסוהר בחיפה עפ־י דרישת המששרה. הממכוננת לגרשם מן האי יץ עם תים ד ־עד מאסרם ביים 5 לח ז. המית זזניטרים אליהו נהן־בידוסן וזב בארם בחי…"
1939-07-13	hbkr	hbkr19390713-01.1.6	"…ה מתמדת אשר תכין כנוס ארצי של בני המושבות שיתכנס בתיך חודש ימים. נידו! לתליה אתמול בשעת הצהרים נסתיים בפני ביה""ד הצבאי בחיפה משפטו של מוחמד מחמוד עבדול נאג'יב צלאח מצפת. שנאשם א) ביריות אל האמבילנס של ביה""ח הממשלתי בצפת ופציעת המר שטרנברג שנסע במכונית. נ) ביריות אל מנתם טמביץ בצפת ופציעתו. ג) בנשיאת אקדח וכדורים. (ראה עמוד ר…"
1940-01-01	hbkr	hbkr19400101-01.1.6	"…משלתיים. הממוצע היומי חגדול ביותר בין בתי החולים הוולונטאדיים הוא של ביה''ה הדסה בירושלים — ‭. 181. 2 ‬ במקום השני עומד בית ההולים בי־ לינסון של קופת הולים — ליד סתת־ תקוה — ‭. 102. 2 ‬ במקום השלישי בא בית ההבראה של קופת חולים במוצא — ‭. 73. 3 ‬ במקום הרביעי בית החולים הדסה בחיפה ‭. 67. 5 ‬ אחרי זח באים ביה""ח של קופת חולים בעפולה ‭, 64, 2‬ ביה""ח לחולי שחפת בצפת — ‭. . , 56‬ביקוד הולים"" ההדש בירושל…"
1940-01-10	hbkr	hbkr19400110-01.1.2	"… יהאיניברםיטה. *עברית ‭3100‬ לאיי, לממשלת - . עבי ה י ידן ‭900‬ לא""י יבוש חביצה בבייכת ימת ‭1300‬ ליתת, •ייחוט *ציוד של בית החולים הממשלתי בחיפה ‭4913‬ •ל. המשתמש הישוב ואפוי במיפאות ובבתי החולים של הממשלה ז כן, ובמדה רבה. בסוג אחד שי בתי החולים הממשלתיים מהווים א…"
1940-07-07	hbkr	hbkr19400707-01.1.3	"…. תכנית הקוניברסיה פתוחה־בדיקה ' באותם הזמנים ובאותו המקום. תיי־אביב. 7 ביולי ‭. 1940 ‬ המנהלה חיפה —־——— תמ־יני אזעקה בחיפה ביום ו' לפנה''צ נערכו בנמל האויר בהיפר, תמרוני אזעקה. הם עברו בהצלחה רבה. במצבם של פצוע־ תאונת הדרבים ליד זכרון־יעקב. המוטלים בביה""ח . הדסה־ בחיפה לא בא עדיין שנוי לטובה. מצבם ממשיך להיות קשה. ביחוד של לבבד. דינו ש־ הנוטר ק־ינמן לב־ה""ד המחוזי כב' השופט…"
1940-08-07	hbkr	hbkr19400807-01.1.1	"…ניזוק. במקום אחו פוצה נם וליקה. אבל הנזק החמוי ש נגוס לא היה וציני. תותחי ההגנה פתחו מיו באש והניסו את התוקפים. סופרנו בחיפה מוסיף לכר: מהחדעשח של יום אתמול בחיפה נהרג הערבי םעיד אברה ונפצעו עלי מצרי, מוחמד חסן, וואדיח אל שוקרי, סולם פועלים. בולם הועברו *ל בית החולים הממשלתי. עלי מצרי פצוע קשה. מהפועלים היהודים נפצעו קל מרסיפי הפצצה ונשלחו לבתיחס לאחר שנחבשו בבית החולים . הדסה"" יצחק ל…"
1940-08-20	hbkr	hbkr19400820-01.1.3	"…. מר !יטמן והגנרל בריגדיר מקניל ממזרע שע""י :כו אשר נפצעו בהתנגש מכוניותיהם ביום ;שבת. מבריאים והולכים. חם עזבו אתמול ;ת בית־החולים הממשלתי בחיפה, במקום והוגשה להם העזרה הרפואית הדרושה.…"
1940-12-29	hbkr	hbkr19401229-01.1.4	…ה זו בטוחים היו מראש כי לא יאריכו ימים. אמם, פלחיה מכפר שפרעם. בריאה בהחלט ונמצאת בביתה. במשך היומיים מאז הובאו התאומים לבית החולים בחיפה הורשו כמה מן הרופאים. שהתענינו ב; פלא זה. לראות את התאומים. הרופא הראשי של בית החולים הממשלתי־ ב, ־־ '־ ־ ז סיום המפעל …
1941-03-25	hbkr	hbkr19410325-01.1.3	"…טד דיד שניידר נפצע קל כשהאיפ־ ניע שלי. בכביש ידושליפ—ת""א ?בקרבת מוצא) התנגש עם מכונית בכביש. הפציע נלקה לביהיח הכמשיתי• חיפה ה־כב ועדת בית החוליס בחיפה בישיבת המליאה של ועד מקהלה העברית בה־ביז אישרה הועדה לבניו בית החילים .. ריטשילד הדסה"" בהרכב הבא: י. במרב, ר. בינ…"
1941-08-25	hbkr	hbkr19410825-01.1.3	"…דה הצמריות. מר אביליאה אמר .. אל מלא רחמים"". נד־ש ע'"" מכונית הסרג'נט אלן מהצבא נפגע ע""י מכ--נית ביים השבת ליד חוף חיאט בחיפה 'היעבר פצוע קש ־ אל ביה""ח הממשלתי. קטניש שחשקו כשפריש הילדים יעקב מזרח־ ושמעון נחמני. בגיל ‭, 8‬ לערך, הובאו לתחנת המשטרה בהדר הכרמל. על שגנבו 3 …"
1941-08-29	hbkr	hbkr19410829-01.1.7	"…היפה ב-ום ד' אחה""צ פגע איטו משא נהוג ב־די חירש לייב סטריק־בסק- בקבוצת ילדים ערבים קטנים ששיחקו בפנת הרחיב בואדי רושמיה בחיפה ושלשה מן הילדים נפצעו. שנים מהם נפצעו קל והובאו לבתיהם. ה: שלישי. שנפצע יותר קשה. ה-עבר אל ביה""ח הממשלתי בחיפה. תאונת עבודה בנמל היפה גוש של ביטון נפל אתמיל בשעית הבוקר על הפועל שמואל מרנץ בשעת עבודתו בנמל חיפה. הוא …"
1941-09-03	hbkr	hbkr19410903-01.1.3	"…ה לפנות ערב. ועוד תאינת דרכים ביום ב' פגעה סנונית צנאית בגברת •ני מונג. כשזי חצתה את רח־ב המלכים בהיפה. הפציעה ־ובאה אל ביה""ח הממשלתי למר יו* קנדל נתקנל מנתנ ע""י הצלנ האדום הנר טי במשרד• ועד הקהלח העברית בחיפה. ווי ^- נקנ יריודיר ןקט אחמד מיחמד דז'רחי ' נו ‭55‬ מח-פה. ג:נ מחצר מועדון חחיילים שברחוב ה־רקין 91 ארגז עם ‭44‬ נקנוקי…"
1941-09-26	hbkr	hbkr19410926-01.1.6	…כגיפית מבריח-ם ומשהגיעו לכפר שעב שבנפת עכו נודו עליהם יריות בידי אלמונים והקצין ג'ון וו-קפ נפצע בבטנו. הוא הועבר מיד אל בית החולים הממשלתי ושם נותח' אבל | את חייו לא הצליחו להציל. הנרצח בא ארצה בשנת 1934 ישרת במשטרת ירושלים. רק לפני תדשים הועבר לחיפה. נודע לני. שכמה ערבים חשודים נאסרו. הלוית הקצין תערך היום ב־3 אחרי הצהרים !מבית החולים הממשלתי. מם החינוך בירושלים נודע…
1941-09-26	hbkr	hbkr19410926-01.1.6	"…ט ־ לנטיק"" שנתפסה במימיה הטריטוריא- ' ליים של הארץ בח-דש מאי ש. ז. עם | ‭1741‬ ?עולים בלתי חוקיים. בשעתו זוכה הנאשם ע""• ביח""ד המחוזי בחיפה' אולם התביעה הכללית ערערה על החל־ טה זו בפני ביה""ד לערעורים בירוש - לים, זה האחרון חחליט לחהזיר שיב את התיק לב-ה""ד המחהי בחיפה. אתמול נשמעו עדייותיחם של שני מעפילים מהאניד. ""אטלנטיק"". ביה""ד יצא להתיעצות ולאחד ויכוח בין הקטיגוריה והסניגודיה בנוגע …"
1942-06-24	hbkr	hbkr19420624-01.1.4	…': :אונוהמ ‭1942‬ עד ‭30‬ כנוגמנר ‭1942‬ ועד ג:ל, ל. ‭. 2‬ הצעות תתקבלנה בשביל: א) כל הארץ בכללה. ב) כל האת בכללה. חוץ מחיפה, ג) בשב-ל בית החולים הממשלתי בחיפה בלבד. ההצעות לא תגענה לעיון. אלא אם סעיפים 2 א', ב' יג' פירטו בהצעה ע-י כל מציע באופן נבדל. ‭. 3‬ סופסים …
1942-07-30	hbkr	hbkr19420730-01.1.4	…בת ‭13 ‬ עולים מאוטטדליה• העילים הס שליטים מגרמניה שנמצאו באנגליו; ושמעבדי בזמנו בםקודת השלטונות לאוםטרליה. אסון מחריד בחיפה מושנקו ' קצב פילח את לבו בםנין שבלטה מח פנים *י אסון איום ובלחי שכיח אירע אתמול בשעה ‭5. 30‬ מרב בביח המטבחיים העירוני בחיטה, בו קיפח אח חייו חקצב יוסף דוזג־ בויט. בן ‭, 52‬ חגר עפ משפחתו ברחוב הלל בהדר חכרמי. חוד כדי עבו…
1942-10-29	hbkr	hbkr19421029-01.1.2	"…ההיים של הישוב. עלהמר־ת־־־, א־טוריטה של המוסדות ועי מאמצינו יהבניס בעולמנו אירג־ן נגד האנרכיה •יצר ההתסרקית של מתבדלים. בית־החולימ החושי בצירוף ביה""ח הממשלתי, פתרו לגמר מצוקת האישפוז עשר שניס נמשכו ההכנות להקמת בית־חולים רוטשילד בחיפה ה""בארונית"" השפיעה על סיק""א לתרום את תרומת הקרקע• - •נדידת המגרש* בית־החולימ אלה תולדות פרשת בנין בית היייפ בהיפר, אדיבה…"
1943-09-29	hbkr	hbkr19430929-01.1.8	…ס־ שלה צריכה לדאיג לחש. בית החולים הממשלתי לחילי רוח ננת־ים. שיפתח ננראד, נחדשים הקרובים. 'פתיר נפדת פה את ?השאלה הזאת. בנית החולים ננת־ים יינלו למציא מחסה חולי הרוח היהידיס פתל־אביב '־מהיז. תחנת האוטונהיפ לוני הרחבתה כבין ההישגים בשנה שחיפה מיצא אני לנכון לציץ את יתשתחיתח של תחנח האו' סיבישיס הכרכזית בתל־אביב י . תחנה זו נשתהה בתכוז תשיב. והגיעה לשיא התפתחות…
1944-01-25	hbkr	hbkr19440125-01.1.4	"…סוכנות היהודית""• — במועדון ""ויצ'-ו (שמשת בית ד, שיא־ בד, 8) הרצאת ד""ד טר־ץ הן על ""תביעד תנו להחזרת רכושנו לאחד ממלחמה"", חיפה — הערב תורני ביח־מרקחת . קוסמוס"" (נודד', ־ ‭. 13‬ טל. ‭. (2426 ‬ ‭4. 30‬ אחה""צ: מטעם ד,. נ, צ. , ייצי"" ח-סוז. באהל שרה •רצח א' יונ‭, 0‬ …"
1944-03-01	hbkr	hbkr19440301-01.1.4	…פר, בלתי מספיק לכל הדעות. אף בית חיזול־ם לפחיות מדבקות בטו&־נץ טגור למעטה לתושבי תל־אביב. ־ש לתבוע מהמגושלה שתקים בת''א בית חולים ?פפשלתי בעל ‭300‬ מטות לפחות. פווע יש בית חולים ממשלתי לחיפה . יפו, שכפ •מקיפוח אחוים ואייו תל־אביב הג־ וולי לא זנתו! לבית חוליס ממשלתי נוסף , על בית החולים העיוני. בית ההוליפ . הי…
1944-06-01	hbkr	hbkr19440601-01.1.3	"…‬ לא""י, חי־ נול — ‭15. 500‬ לא""י, ימס־הקהילה — הגביה — כ־‭13. 000‬ יא""י. מת השוו במחלת אבעבועות אתמול מת בבית ההסגר ליד בית החולים הממשלתי בחיפה אליעזר ''כשהאח. בן ‭. 32‬ חוששים , שהמות בא ממחלת אבעבועות. ההלויה והקבורה נערכ' בפיקיח םניטדים ממשלתיים, שאחזו כאמצעי …"
1945-08-19	hbkr	hbkr19450819-01.1.4	"…צבא לשיכון החיילים הצרישים. שהובטחו עיי שלטונות הצבא לעירית תל־אביב לשיכון חיילים משוהררים הגיעו ביום ששי האחרון ברכבת מחיפה לתל־אביב. הצריפים. ‭35 ‬ במספר, יועמדו על אדמת וים בקרבת בית־החולים הממשלתי ""הירקון'. , הצבא 'הקולוניאלי"" של הבריגדה במכתב שהגיע לנתניה ממר פופ־ סן, היל בבריגוד, היהודית על מסע הבריגדה על…"
1945-12-17	hbkr	hbkr19451217-01.1.4	"…שביע הבא ישוב יארץ מאנגליה מר גריג, סגן מושי יוד, יאחר שבייה שם כשישה חדשים. - קצין המחוז בירושיים מד י. קישיייב עזב אח בית החולים בייינסון יאחר מחלה שי חדשים אחדים ויצא יהבראה לאדזד־. . "" - לקאהיר הגיע המיטראן גריגר־וס - חכ-ב. ראשח העדה הקתיליח בחיפה. *אחו שביקר ביומא ונפגש עם האפיסיור, *המוטראן 'שהד שביע ימים בפצדיפ ואחד ישוב לחיפח ירש־ הףף בחפילות של חג המולד. ? - ג…"
1946-06-19	hbkr	hbkr19460619-01.1.1	…הרגו תשעה יהודים ונפצעו ‭. 11 ‬ יתר אנשי הקבוצה נכנעו והועברו למאסר. גויות ההרוגים ואהד עשרה הפצועים הובאו תחת פשמר חזק לבית החולים הממשלתי בחיפה, והרופאים נגשו לנתח את הפצועים קשה. כעבור שעה קלה פתו שנים מן הפצר עיפ. העצורים לא גילו עדיין את זהותם• בין הפצועים זוה…
1946-06-19	hbkr	hbkr19460619-01.1.1	… הזמן הובא לקבורה גם הקרבן השני מהתקפת גשר זיב. הגויה הועברה לבית העלמין עוד בצהרים וחלבורה נת־ עכבה בםקזדת הבולשת. ליד בית החולים הממשלתי בחיפה, בו נמצאים תשעה פצועים, הופקד משמר חזק של חיילים ושוטרים. ! מצור על חניתא - חיפוש באילוץ הוסר המצור מעל מצובה חיפושי המ…
1946-07-03	hbkr	hbkr19460703-01.1.1	…קס נודוזי- העוגנת בין אנית המעפילים ליד חופת הפים מפל היפה. לאחד ששלשה התולים החשודים נפקרי דבר הועברו למחלקה מיוחדת של בית החולים הממשלתי בחיפה, החלה העברת העולים בסיחת ל. פקפ נודדזי* שהוכנה לפפרח זו ועובדי פהלקת ההסגר עשו בה חיטוי יסודי בדי. די. טי. הפעפילים ישא…
1946-07-14	hbkr	hbkr19460714-01.1.1	…יז5 את נבול רעתו־. משפט התקפת בתי־המלאכה פשפטם של תנאשםיפ־ בהתקפת מחר על בתי הפלאכה של הרכבת יתחיל פחר גבית הדין הצבאי בחיפה. יוסף דר ויצחק פדקוביז, מפצועי ההתקפה על בתי המלאכה של הרכבת, הועברו עפ תתלפתם. אתמול מבית החולים הממשלתי בחיפת לבית תסותר בעכו. ו שביתת רעב בלטרון העצורות תיתודיות בםתנה לאפרון שבתו 4 ימים שביתת־רעב על שהשלטונות מנעו…
1946-09-01	hbkr	hbkr19460901-01.1.3	"…ות המעפילים בידיה־•. ,. החייל העברי' ו. יגורי• "" יהודית וינשטיין הועברה אתמול ממחנה המעפיליפ בעתלית למחלקת האיזולציה של ביה""ח הממשלתי בחיפה. מבוהרעדבוהר בעיר ובכפר •דועמד""ם סנן מהנדס העיריה הדיר ברגר נפל ביום הששי מגובה של הפשה פפר ונפצ; קשה בגופו. הדבר אירע …"
1946-09-11	hbkr	hbkr19460911-01.1.4	"… שבר ביד, ויהודה ריבאקוב בן ‭19‬ שנפצע במצחו וקיבל זעזוע מוה. שניהם נחבשו במ. ד. א. הראשון נשלח לקופת חולים והשני הוכנס לבית חולים , הדסה"". נכשל נםיון להתפרץ לביה""ח הממשלתי בחיפה נסיו! להתפרץ לבית חולים הממשלתי בהיסה ע-י צעירים מזוינים סוכל אתמול בשעה ‭10. 15‬ בבוקר. המתקיפים שהופיעו בלבוש ערבים ב…"
1946-09-11	hbkr	hbkr19460911-01.1.4	"… הפוהר יצחק מרקוביץ. מ־‭18‬ אנשי לחיי שנידונו למאסר עולם , שנפצע בשעת ההתקפה על בתי המלאכה של הרכבות? הוחזר אתמול בבוקר מביח-ח הממשלתי בחיפה לבית הסו־ הר בעכו. פרקוביץ הועבר לביה""ח לפני ארבעה ימים לשם ניתוח מאחר שנתגלה סבוך בכתף שנפגעה ע""י כדור. לאחר בחית קבעו…"
1946-09-22	hbkr	hbkr19460922-01.1.3	"…דו הימנית ק\ל מוחמד אחפד אסעד, בן ‭, 15‬ שמצא את המציאה באחד הכרמים בזכרון־יעקב בליל שבת ושיחק בצעצוע ההדש: הצעיר הועבר לביה""ח הממשלתי בחיפה. בי""ס ימי. זבולון"" יפתח בקרוב במוסי? למרכז ""זבולון"" בא""י הגיעה לפני ימים מספר הידיעה על פתיחת בית פפר לימאות עברית במרס…"
1947-01-22	hbkr	hbkr19470122-01.1.3	"…'בוטינסקי. הצ:יר :לקח לשם בדיקה. בקממו; שפרצה כין שכניכ ברחוב אהדונסין 3 בתל־אביב. :פצע לשה בשב־י־ ממים מד זימן ולניצר. חיפה 15 פצועיס מההתקפה על מצודת חיפה נמצאים עדיין בבית־ההולים הממשלתי בחיפה: 5 שוטריפ מוספיפ ערביפ. טבח מצרי אחד ותשעה •סוטרים אנג־יס. בין הפצועים — אחדים במצכ קשה. הגיעה ל־‭55‬ מ""מ. מתחילת העונה עד את־ םיל ירדו ‭330. 2‬ מ""מ לעומת ‭321. 2‬ מ""מ אשתקד. תינוק בן יומו נמצא מת ליד שער בית־החולים הממשלתי בחיפה אתמ־ל בבוקר• ־משטרה פתחח בחקירה. משפמ שלוס עבר־ הוקס בכת-נל־כ ביזמת ועד השכונה"" להנה־ת בית־המשפט נבתדו היה: ז. הירסקי (…"
1947-03-20	hbkr	hbkr19470320-01.1.4	"…יקוח רופאים. אשד, נדרסה בדהוכ הרצל בחיפה מכינית־טכסי ערבית דרסה אבש את הגב' לאה זיבק, בת ‭, 53‬ ברחיב הרצל בהדר־ הכרמל בחיפה. נגרם לה שבר בבםים הגל־ גילת. מכינית־םכסי שעברה איתר, שעה ליד מקום התאונה אספה את הפצועה והעבירה אותה לבית־החולים רוטשילד בחיפה. נהג המכונית. עאקל מוסד, נג'אר, נעצר עיי משטרת הדד־הכרמל. ""פגיעה כחרם הערכי"" . א־דיפאע"" רואה תקדים מסוכן …"
1947-05-08	hbkr	hbkr19470508-01.1.4	"…""ד העליון נימשליט לא הוטיעו אתמול לנימר נקשתם וטנורים ני הם בין המדהים הערבים מכלא עכו. הוגברה השמידה על ביהיח הממשלתי בחיפה *טלשתיך מודיע. ני השלםונות הגבירו את השמירה על בית החולים הממשלתי בהיפה בו שונביפ האטיריט שנטצעו בשעת הבריחה פנלא ענו. הנניטה אפודה. ורק בשעות הביקורים הרשמיים מרשים לקרובי החול…"
1947-05-18	hbkr	hbkr19470518-01.1.4	"… תשתתפו חברים רבים. לבפוף נבחר ועד הדש בהרכב היה א. פיינר. עו""ד פ. חד, א• טיכפן, דיר ו. לננה וי. רוכמן. התינוקת הגנובה מחיפה נמצאה בחיק אשר? צועניה גנבה אותה ומכרה בשתי לאיי לעקרה לאחר שבוע הפושים הוהזרה לאמה התינוקת שנעלמה באופן מסתורי שעות אחדות אהר לידתה מבית החולים הממשלתי בחיפה. האם נמצאת עדיין בטיפול בבית החולים. התברר כי התינוקת נננבה על ידי צועניה ונמכרה בשתי לירות לערביה עקרה. גם האשה להודות כי התינוקת נולדה לערביה נוגריה, נעמי עלפ גיובראן. ונגנבה מהדד התינוקית שבבית חחולים חמפשלחי בחיפה לפני שבוע ימים. מכתב כתוב ביח אלמוני, שאחות חאם מצאח מתחת טף ביתה, גילה את הל! ט סביב הנני־ בה המסתורית שהעסיקה את בית ח־וולים ואת משטרת חיפה במשד שב…"
1947-05-18	hbkr	hbkr19470518-01.1.4	…ה, אילם בינתיים שוחררה בערבות. אד הגועניה, . סוחרת התי־ ניקיתי. טרם נמצאה. כסי שנמסר לנו עמד אבי התינוקת להניש משפט נגד בית החולים הממשלתי בחיפה. ד ר ו 'ט בשביל חברת אימפורט חלק של משרד בעיר חיפח. מציעיט טלפון. לפנות לת. ד. ‭. 1874‬ חיפח. אי־שיתוף עם עירית ירושלים…
1947-07-24	hbkr	hbkr19470724-01.1.3	"… וזרובבל חביב. פםה רפאלוביץ. ב; ;‭, :51‬ נהג מכונית צמרית. נדרס אתמול בהח• חכרמל ע־י מכוניח משא. הוא תועבר ע""י מ. ד. א. לבית החולים רוטשילד בחיפה. תביעות דפיצום עקב אבדן רכוש, או נזק לרכוש שנגרמו מפעולית שבוצעו על־יח סדוריסטים יש להגישם לא יאוחר מאשר תוך 14 מפ מתאר…"
1947-11-30	hbkr	hbkr19471130-01.1.3	"…העי־ רע""ם השתלטו ע י הדליקה לאהד עבודה מאומצת של שעה. יוני. מיש? קופולים. נפצע בעינו ינשדדו ממנו ‭50‬ לא""י ברחוב חאםיב בחיפה אמד בעת שסגר אח חנותי. היא הועבר לבית החולים הממדלת' בחיפה. טבר""ה איכשין וזכניס המדעי ד, -, ו1 ש ל הסתדרות הרוםאיכ הענרים. שיערך נטבריה ביום נ' הבא. הכנוש ישחה במיץ…"
1948-01-07	hbkr	hbkr19480107-01.1.4	"…מחניחד"" שגםע במושנ האחורי הצל-ח להפלפ והגיע, פצוע בווועו הימנית. עד לקנח עיךהםסרץ. משם התנו על־יוי מנונית מנן דוו אוום־ לנית־ החולימ רונחזילו נחיפה. אץ הוא יווע את שפ הנד* ני פגשו נדרך ונקשו לקחתו לחיפה. אמש יצאו מנהריר. לענו לקחת אח גר פחו. חלויה תחקיים היום. נפי שהתנרר אחר־נך. שפו של ההרוג הוא יופף פוגל, נן ‭. 38‬ תושנ…"
1948-01-14	hbkr	hbkr19480114-01.1.1	"…ל;יון הערכי מכונית הלגיון הערבי דרטה בזדון אח שבתי בלאט בן ‭, 17‬ מתליעמל בעת שחכה לאיפובוס סול המוסך של שירות 14 במפרץ חיפה אתמול. נהנ המכונית נפה לצד הכביש וסנע בו. בלאט נסצע קשה והועבר לבית החולים רוטשילד בחיפה. חעמולה ואיומים בפי סולימאן טומא! בראיון, שהיד. לטופר . ד""לי אנססרסעש טוליטאן טוקאן. ראש עידית שכם. אמר ז…"
1948-01-28	hbkr	hbkr19480128-01.1.1	…ת קייזרמן. בת ־ ‭, 26‬ נמצאה אתמול בלי רות חיים תחת נשר בורך הראש־ת חיפו־—, חל־אביב, בקיבת המחנה סט. לוקס. נוסתה הועברה לבית החולים הממשלתי בחיפה. הועדה החלה בדיון על התביעה להקמת מיליציה יהודית לנציגי בריטניה םוסדים תםונה םסולפת על הםצב בא־י והועדה םאשיםה את אנגלי…
1948-01-29	hbkr	hbkr19480129-01.1.4	"…נוית וערנית. בימים אלה יצאה הגב־ אסליד. פלונים נשלמזות למחגה . גאולה־ בעדן. על־מנר. להצסרן לפעולת הוםחיה והאוגוניהנפ^ו* בית־החולים הממשלתי בחיפה נעזב ע""י היהודים תחת לחץ נית־החיליכ הממשלתי נחיפה, ששרת כשנים נתיקונן דנים מאו מהחולים היהודים כצפון — הפך מזה שביעות מספר לנ־•. ' חילים ערני פהור, כמו יתר בתי־החולים המ…"
1948-01-29	hbkr	hbkr19480129-01.1.4	"… תש ל:, 1יע באיסו של המשטרה לשכינה הי־ הוויה ד'קרזבד"" נת־נליב. חלק מהרופאים חזר ידיעה מאיחרת אומרת: שמונה רופאים יהודים בבית־ החולים הממשלתי בהיפר. וי‭20‬ פקייים. העובדים במחלקת הבריאות בבית החו לים הממשלתי בחיפה. חזרו אתמול לעבודתם. האחיות והאחיית המתלמדות היהודיות טרם חזרו. במקום הופקדה שמירה של שמונה שוטרים בריטיים ושני שוטרים …"
1948-01-29	hbkr	hbkr19480129-01.1.4	"…ביצת ערב־ש ששדדה מהם שגי רובים ו. ססן־. ערבי נורה בעין-ראזל ערב? צעיר מכפר עיז־ראזל, מקים בו ה-תקפו מכינ""ת יחידיות בדרך חיפה—־. לאביב מום נ?, נורה אתמיל ביקר ונפצע ברגלו. היתות גיר• ממכינית? שעברה כמקים. הפציע הועבר לבית החולים הממשלתי נהיםת. נםיון להתנקש בחיי ש. רוזנשטיין סבורים. כ' גיסו לחטפו צעירים מזיינים, כנראה אנשי לח־י, ד. תי :כיי אתמיל ל…"
1948-09-14	hbkr	hbkr19480914-01.1.2	…לעקגות, שכפי הנראה הפ של ערניפ יתפי* שני היוגיפ של הניעתיפ נשדדו. הפוות גור? על ידי וקייות גפגיינית. האישפוז לשעת חרום בחיפה-למופת בית החולים בורוכוב לא יסגר גניה־ח גויוגונ שעל הדהגרטל נערגה עגר פהיעו הלאומי לרשות פיינת ישראל. מפינה לעונדות ופתנינות נטאתיפ נפפס…
1948-09-14	hbkr	hbkr19480914-01.1.2	…איי? נשאוו חוגות גפגופ של ‭10. 000‬ לא־י לכן ל? קיבל הפיפונל את משניתו ליולי ואווופפ. אך הגפף נתעכב וק טפני שגי־ח עירית חיפה וישמש יאשית כל ונעיקי את אזרחי הדי — יהוייפ כעימ* יק בשעת דוחק 'שתפשו נפסות הרזרביות שבו לאש־ פוז טזועיפ פהעבא. ביה־ח הממשלתי — הותקנו בו לפי שעה ‭00‬נ מטות. ישנה אששיות תיאויסית לסדר ‭400‬ מסות אך לזד, חסרות בעיקר האחיית הרחמניות המתאימ…
1948-09-14	hbkr	hbkr19480914-01.1.2	"…־; עה את תמיכתה לפי החישוב הישן של ! המנדטור, בערך המשים גרוש! איש ן אינו •קירר את השאלה, מדוע ממשל־ ו זעו מזלה לרעה את בית־החולים שב־ תל־אביב, בה בשעה שאת בית־החוליס העירוני בחיפה היא מהזיקה על חשבו־ נה ומכלכלת אותו לפי המהירים של היום. והאס מן היושר הוא זד"" שלבית־ ההולים העירוני בתל־אביב. המשרת או…"
1944-04-27	hegeh	hegeh19440427-01.1.3	"…פוס 9 — שומן. בביצוע התזמורת הפילהרמונית מלונדון בניצוחו של יוג׳ין גוסנס. 5.55 חדשית. 8.00 תכנית ""כבקשתך"" מיוחדת לאחיות בית החולים הממשלתי בחיפה. 8.15 חדשות. 8.25 שיחה 'על מאירעות היום. 8.30 שנה ב״וואף"" — תכנית מוגשת ע״י נשים ארצישראליות המשרתות בחיל העזר ■של חיל …"
1944-09-06	hegeh	hegeh19440906-01.1.4	…יכו/ בזמן הקרוב תלדנה ?גישית נוספות. המקרה ה״2 2 כמחלת הדבר Rest בליפה: ערבי הנר ברח׳ אלנבי בחיעה חלה במחלת הדבר והעכר ?בית החולים הממשלתי 3מןחד. זה המקרה ה־2 2 רחיפה (8 מן דחויים מתו>. בקור במחנה ךאיה segeifiug: במחנה הךאןה בכפר לידים בקרו מנהל sחל2ת ד>וlעוםה האזרחית, מנהל חברת קוי הז…
1946-08-13	hegeh	hegeh19460813-01.1.1	…נשי קבוצת שטרן הנאשמים בהשתתפות ההתקפה על בתי המלאכה של הרכבת במפרץ חיפה בתאריך ב־l 7 ביוני החל אתמול לפני ביה״ד הצבאי בחיפה. משעות הבוקר הופקדה שמירר. מוגברת מאוד על סביבת בית המשפט. 22 הנאשמים (עוד אחד בשם אלקלעי עודנו שוכב בבית החולים הממשלתי בחיפה) הובאו תחת משמר חזק של שוטרים וחיילים כשהם כבולים בידיהם וברגליהם. אחדים מבין הנאשמים נראים כבני 16—17. ע…
1946-08-19	hegeh	hegeh19460819-01.1.1	"…עליה לא מכבר, הוחל בש^ה 00.30 בבקר יום א׳ בפעלה נוספת ?העברת מהגרים .יהוךים בלתי-חקיים מהספינות ,פ״ג"" ו־״פני־ צ׳ה"" בנמל חיפה לאניות ""אמפיר רויל"" ו״אמפיר היווד"" פדי להסיעם לקפריסין. נכחו רופאים צבאיים פדי לטפל בחולים. ואלה שהיו חולים קשי• העברי לבית חולים. העולים מן ה״כ״ג"" לא התנגדו והעברי ין״אמפיר ר^ל"", אולם העו• לים מן ה״פניצ׳ה"". לאחר שמעטים מהם עברו במקומות ששם נערן בהם…"
1946-08-19	hegeh	hegeh19460819-01.1.1	"…ט^כו בהצלחה קשיחות פין נהרו ובין קמשנה למלך. ליאון קלמריט ליא! קאל^רוט (א.ו וואלאמרוט) ממעפילי האניה ""עור"" שהועבר בחולה לבית החולים בעתלית, מת בערב שבת. לויתו ' תיערך היום בחיפה. לייתר של ליאון קלארמוט יצאה אתמול ב־2 אחה״צ מבית החולים הממשלתי, בשם ועד הקהילה השתתפי ד• בר רב האי, וי. ארדשטיין, ידו…"
1946-08-23	hegeh	hegeh19460823-01.1.1	"…פסל, כאשר קבוצה של נערים ובערות ןהוךיים התאקפה מסביב. המשטרה הגיעה למקום ומצאה 33 כדורים של נשק אוטומטי. מעפילות חולות :בית החולים הממשלתי אדית ריניץ, בת 13 ואליאונורה לוי, בת 12, שתיהן יוצאות רומניה, הועברו מהאניר, ""היידרד אמפייר""׳ העוגנת בנמל חיפה, לבית החולים הממשלתי בחיפה, בחשד שחלו במחלת השנית. שרה המבורגר, שהו--עברה לבית החולים, החלימה ויצאה את בית־החולים. נין היוצאים י. אפטר טס לארצות ה…"
1947-02-12	hegeh	hegeh19470212-01.1.1	"… לה סגה אחרת"". המעפיל האלמוני הובא לקברות המעפיל שנפצע ומת בהתקפת הצי על ספינת העמפילים ""לנגב"" הובא לקברות אתמול• קהילת חיפה הזמינה את הצבור ?השתתף בהלויה. ב־l o לפני הצהרים נתאספו לפני בית־החולים הממשלתי בבת־גלים משלחות מטעם הסוכנות היהודית, הקהילה העברית בחיפה, מועצת פועלי חיפה ומוסדות אחרים. הסטודנטים בטכניון הע…"
1947-02-18	hegeh	hegeh19470218-01.1.1	"… נסת!אה ?שעה 6.30 בבקר. לא היו כל תקלות. 3 אנשים הע?רו ל?ית החולים הממשלתי וכמה אן־ שים חולים נלקחו לעתלית לאחר שנבךקו ?בית החולים הממשלתי. סבורים כי האנ!ה עשתה את דלפה ?משך 12 יום ותעלינה מנמל צרפתי. ??ניה נמ»י 460 נערים, 211 נשים ו־l 23 ?לדים. ""אמפיר ריול"" !?אה מחיפה לקפריסין אתמול, קרוב לשעה 7 ??רב. האבקות פרה מפי המעפילים נודע אמרי שרק האבקות מרה התג?ת אנשי הצי על המעפילים. השתמשו ?…"
1947-02-18	hegeh	hegeh19470218-01.1.1	"…ר: מאז* שבת הודיעו על 17 סאונות* דרכים: אדם אחד נהרג• ך1 1 איש נפצעו*, שלשה מחם ?א־פן קשה. ?ירם א׳ אחרי ה?הל?ם חסנגשה* ?חיפה מכונית"" מפסי עם אופנוע• ןרו?בו* נפצע קל. ?שכונת מלמה שכירו"" שלים, ?קרבת הקונסוליה ה?ונית, נךלס* נער על ?די מכוינית-מעטרה ונפצע קשה. הוא ה^בר לבית החולים הממשלסי ועודנו ??י ה?רה*. המלון הקטן 16…"
1947-03-18	hegeh	hegeh19470318-01.1.1	…רבנות ג׳מל אליאס אבו אכסה (רועה צאף חלדה בת 11 שהיתה על ידו ?שעה שמצא את הפצצה. עוד :לדה אחת שדרתה אתם נפצעה קשה והובאה לבית החולים הממשלתי ?חיפה. שוךדים ערבים בךחובות היו חלופי ?ריוח בין שודדים ערבי□ ונוטרים ברח בוח. המשטרה עם פ . בי הגשוש הלכו עד הכפר זרגוגה אבל …
1947-03-18	hegeh	hegeh19470318-01.1.1	"…?מרגרינה מר סטבס׳ מנהל לשבת המודיעין הממשלתית ה?טיח לברר את כל פרשת המרגרינה וימסר אינפורמציה ב?׳־ גישה הבאה. מזל טובי ?בית החולים הממשלתי ?חיפה נולדה אתמול בת למעפילה טובה לוי מאנשי ""?רכה פולד"" שהו?אה שלשו□ עם המחזרים מקפריסין. משה בחני נדון לנוות משה בן אברהם בך…"
1939-04-23	hmf	hmf19390423-01.1.4	"…המרקחת רפלד גדוד עברי ‭, 22‬טלפון 2366 (כל הלילה‭. (‬ מייברג, רחוב שיינקין ‭), 27‬עד חצות‭. ( ‬ אסופי בליל ששי נמצא ליד בית־החולים הממשלתי ילד בן 3 חדשים. זהותו טרם נקבעה‭-. ‬- לוח חיפה הערב בשעה ‭7. 30‬ במשרדי התאחדות בעלי הבתים פגישת חברים. על סדר היום — ""עניני דיומא"" ירושלים שנויים בעוצר בעיר העתיקה ה…"
1940-01-15	hmf	hmf19400115-01.1.4	"…דק‭. ""‬פה אנחנו הורגלנו לשאת בעול המםים ולתת לתושבים שרותים. הממשלה אינה עוזרת לנו לגמרי . מתנחלת וויכוח עם הממשלח בדבר בית חולים שהוא מחוזי ומשמש את חצי האוכלוסיה העברית בארץ• בחיפה יש בית חולים של הקהלה ויש שם גם בית חולים ממשלתי שעלה הוו רב בבנינו ואף החזקתו דורשת הרבה. השתתפותה של הממשלה בהוצאות ה…"
1941-10-07	hmf	hmf19411007-01.1.4	"…""המכבי"" וחביב מאוד על חבריו. בשעת כיבוש סוריה השתתף בפלוגת החלוץ. חתנדב לצבא. משפחתו בהונגריה. גויתו הובאה לשם בדיקה אל בית־ החולים הממשלתי בחיפה ומשם — לכפר המכבי. במוצ""ש הובא לקבורה. מנתב מר לרגשי‭8»‬גוות ישראל מר א. שוורץ, תושב תל־אביבי שעלה ארצה מגרמניה, פנה למ…"
1942-01-27	hmf	hmf19420127-01.1.4	"…הנהלת העירית הגישה לשלטונות ה־ צעד, אחרת: העירית מסכימת לוותר על התמיכה הממשלתית לבית החו־ לים ""הדסה"" אם ייפתח בתל אביב בית חולים ממשלתי ' כמו בחיפה ובי־ פו_. כי על הממשלה לזכור שבית החי * לים ""הדסה"" משרת גם את המושבות הסמוכות. מבין 300 המטות תפוסות 80 מטות על ידי בנ …"
1942-06-16	hmf	hmf19420616-01.1.2	"…קהילה"" הקודם, חרינו נוכחים בעליל, עד כמה נכשל בכל השטחים. נתעכב כאן על ההזנחה החוטאת בשטח הבריאות. בעית ההוספיטליזציד. בחיפה נעשתה חמורה ביותר בזמן האחרון. מורגש מחסור בבית־חולים עירוני , שיפתח דלתותיו ביהוד בשביל אנשים מדלת־העם שאמ־ צעיהם מצומצמים ושבגלל השקפיתיחם או מקצועם אינם חברים בקופות־חחול…"
1942-06-16	hmf	hmf19420616-01.1.2	"…הניח, כי ועד הקהילה ישתדל לחרחיב את אפשרויות הק־ ליטה של בית־חחולים הדסה"" עם הפו־ "" ההלוץ, אשר הנליקליניקה שלו ברחוב הו בי""ח של ועד הקהילה. אבל במקום לדאוג להוספת מטות, השקיעו כספים מרובים בבנייתשוק אופירה"" (בלשון "" בני־חיפה‭, (‬שהכניס את הקהילה בגדעון גדול. יתר על כן, אפילו כאשר ועד הק־ הילה ניגש כבר לבניית בנין לבית־חחו־ ‭, ""הדסהלים‬ הרי לא…"
1942-12-28	hmf	hmf19421228-01.1.4	"…רכה •עלי ידי החזן מ. נומברג תפילת ""אל מלא ריר!_ג?י ‭'. ''ם‬ ־י. ‭:i. ‬ י ‭L_ —‬ . כ‭1. !‬ הגב' מ־סקטנבליט מתה אתמול ‭::‬בית החולים הממשלתי ממחלת הטיפוס. נותר, טפצעיה * , ביום השבת מתח בחיפה גב יפה כלן. שנכוותה קשה ביום ב' שעבר, מהתפוצצות פרימוס, בשעת עבודתה ‭,, ‬ ‭,, ‬בכן רימו. :_תערנת קבוצת ציירים ופסלים בח…"
1944-02-20	hmf	hmf19440220-01.1.4	"…פצע ביריות ביום ר ב־8 בערב בורג 5 יריות על עבדול לטיף ליד תחנת המשטדה המרכזית ברחוב המלכים‭'. ‬הערבי נפצע קשה והועבר לי בית החולים הממשלתי. נעצרי _בממ ערבים _התשודיס בהתנקשות. אספת השופטים במשפט השלום העברי בחיפה, ביום ט""ז בשבט תש""ד נתקיימה האספה השנתית של שופטי משפט ה_^_לןם העברי בחיפה• מד חדל""פ מסד מלוא ים לדין וחשבון המודפס. _ע…"
1945-07-19	hmf	hmf19450719-01.1.3	"…"" בשעת שחסן כאלד, מכפר יגור, י נרדם בזמן עבודתו בשדה' התנפל עליו ערבי אחר וחתך את צוארו בסכין. הפצוע הועבר במצב קשה ?ל' ביה""ח הממשלתי בחיפה. המתנקש ‭???? ? ??‬ נעל ם־ |בבתיתל הקולנוע אביב 1 מגדלור •גורלה של פני (שבוע שני) י יומיות: גורלה של פני : TO ביעם הבחו…"
1946-02-01	hmf	hmf19460201-01.1.8	"…מית"" באולם צית העם בראשון לציון. ינאמו ה""ה: עמ־ \ וואל גולדשטיין ראש הרשימה, י . גוריון ועו""ד i י . שופמן. תיאטרון חדש בחיפה גסוצ""ש ‭z2‬ ב־6 וב־# מכבי חיפה הצגת חסיד!היתומה'•. יוקם בי""ח ממשלתי בת '_י א לישובי הדרום שלטונות הבריאות. החליטו להקים בתל־ אביב 'בית חולים ממשלתי לישובי הדרום. כקשר לזה סיירו אתמול ד""ר מקוין, מנהל מחלקת הבריאות הממשלתית בארץ, מסגרייב, סגן נציב _מחיז ""לוד"" וד…"
1946-02-01	hmf	hmf19460201-01.1.8	"…בטרם נכנס לבנק. מת ילד ערבי שנפצע בפצצה אה! 1• מחמשת הילדים הערביים שנפצעו בהתפוצצות פצצה בכפר טירח, מת אתמול _"" מפצעים בביה""ח הממשלתי בחיפה. בביהכ""נ המרכזי רחוב הגלעד, יתפלל החזן מר יצחק מן עם מקהלת רמב""ם. ערבית: ‭!5‬שחרית: ‭. 8‬ תערוכת האמנים: אשהימ, סימה, ש…"
1946-02-01	hmf	hmf19460201-01.1.8	"…קמה ומסעדה גדנסקי יבנד‭w. ‬ נדרם ומת ל"" ביום רביעי בשעה ‭9. 50‬ בבוקר נפגע ונפצע קשה יעקב לוי שנסע באופנים. בכביש הראשי חיפה — תל־אביב בפתח תקוה על ידי אוטובוס נהוג בידי מוחמר עבדול קאדר מטול־ כרס. הפצוע הועבר לבית חולים בילינסץ במקום שמת ב־‭12. 30‬ אחה""צ באותו היום. גניבה ביזם שני בלילה התפרצו אלמונים לתוך צריף במשמר הים וגנבו שני צמיגים…"
1946-02-22	hmf	hmf19460222-01.1.8	"…ני ברית"" במצרים, יצא לפני ימים אחדים לאריתריאה בכדי לבקר אצל היהודים מארץ ישראל העצורים כעת באיזור זה. מם&נת ‭""עגן-""'‬ בחיפה עלתה באש 20 אלף לא""י בזק — _משובלר הערבי נעצר מספנת ""עגן"" של ""סולל ‭, ""בונה‬ _הכמצאח בשטח הנמל המערבי, ליד ביה""ח הממשלתי בחיפה, עלתה באש ביוב ד' ב־‭10. 30‬ בערב. תוך שעתיים נשרף• כל. הרכוש שכלל ביתר מלאכה, מספנה, נגריה, מסגריה ו־6 ס…"
1946-04-09	hmf	hmf19460409-01.1.4	"…טלפון ‭;4114‬פ. לכסדורף, נחלת בנימין ‭, 27‬ טלפון ‭עממי"";4088‬‭, ""‬בן יהודה ‭, 34‬טלפון ‭. 3100‬אחרי חצות חלוקת הרפואות בבית החולים ""הדסה"" רחוב בלפור ‭. 8 ‬ קריאה ליהודי חיפה להקצות חדוים לשיכון חיילים משוחררים ומשפחותיהם ‭,, ‬כל תושב עברי בחיפה נקרא להעמיד למטרת דיור לחיילים משוחררים ומשפחותיהם כל עודף דירתו מעל למכסה של חדר לנפש בוגרת"" — בקריאה זו פונה ועד הקהי…"
1946-04-09	hmf	hmf19460409-01.1.4	"…הן נעצרו. והנני בברכה להצלחת פעולתכם זאת ולשחרורס של כל אחינו האסירים בקרב ‭. ""הימים ‬ המזכיר הראשי מסייו במפעלי חרושת בחיפה המזכיר הראשי• מר שאו, בלוית מושל המחוז מר לאו וקצין המחוז מר לבהר, ביקרו אתמול בביח""ר ‭, ""שמן""‬ במקום שנתקבלו ע""י מנהל המפעל מר 'פרידלנד וסיירו במפעל במשך שעה. משם עברו לבתי חרושת ""בלו־ ‭תנובה"", ""בנד‬‭""פ…"
1946-04-26	hmf	hmf19460426-01.1.1	"…והקצין קארליק, בשעה שקצין משטרה בריטיירד . מהמכונית נפלט כדור _מהתת־מקלע ופגע ברגלו של הקורפורל פישל ווינר. הפצוע הועבר לבית החולים ""הירסון‭. "" ‬ המערכת וההנהלה: _תל־אביב, _תד צ'לטב 2 מל• ‭— 2111‬ ת. ד‭1180. ‬ סניף ירושלים: חי הסולל ‭— 9‬ מל' 2444 סניף חיפה: רח' א ר ל ו ז ו ך ו ב 20 סלפון 4850 המו_""'ל: המשקיף י־ע""מ המורך האחראי: ־•־'־ין ‭? -‬ תימ ‭.. ‬ספר"" תל־אביב המחיר 30 מ…"
1946-05-15	hmf	hmf19460515-01.1.4	"…ה למפקד הצבא בצירוף פטיציה של הסוחרים הערביים בשער יפו. מפקד המשטרה השיב על כך, לפי דברי העתון הערבי , כי מתנהלת חקירה דחופה. פצוע ההתקפה בויג הכריז שביתת רעב כמחאה על הטיפול הגרוע - אולם הפסיקה אח""כ הצעיר אשר נפצע בהתקפה על תחנת המשטרה ברמת גן ושכב כשבועיים בביה""ח הממשלתי ביפו, על אף התנגדות רופאי ""ד, ד־ ""הדסה"" בת""א הועבר לפני שבוע לביה""ח שליד בית הסוהר בירושלים. בחקירה בבולשת נתבר…"
1946-06-19	hmf	hmf19460619-01.1.1	"…יון _לחטוה את הקצינים, ומשגילו התנגדות ונאבקו עם צעיר מזדין, פתחו חבריו באש עליהם. בינתיים נודע כי למתקיפי סדנות הרכבת בחיפה - המשתייכים כנראה ל""קבוצת שטרן"" - נגרמו אבדות קשות בשעת נסיגתם. הם נתקלו במחסום של המשטרה ו־11 מהם נהרגו ביריות או מתו מפצעיהם, בעוד ש־9 נמצאים בבית החולים‭15. ‬ אחרים נאסרו. בהלוויתו של יחיעם ווייץ, שנפל בשעת פיצוץ הגשר ליד הכפר עזיב, השתתפו רבבות בחיפה. הארון הוסע לירושלים…"
1946-06-19	hmf	hmf19460619-01.1.1	"…להטיל עוצר על העיר החל מהבוקר בשעה חמש, כדי להקל על ביצוע החיפושים. ‭mrm rim ‬ אתמול בבוקר יצאו חמשה אנשים מחברה קדישא בחיפה, בראשותו של היו""ר מר תורן היבלר, לאזור עזיב, במקום שחיפשו בקוטר של 2 ק""מ אברי גוף שנאספו בשק והובאו להדר המתים של ביה""ח רוטשילד. עד כמה שידוע היו אלה אברים של גויה אחת. במשך יום אתמול יצאו מחיפה שתי לוויות: האחת מביה""ח רוטשילד, שלוותה ע""י כל הישוב החיפני, והשניה מביה""ח הממשלתי, כשאחרי גוויות ההרוגים נסעה רק מכונית אחת של החברה קדישא. גופתו של יחיעם ווייץ, בן ‭'28‬ הועברה לחדר המתים של ב…"
1946-06-19	hmf	hmf19460619-01.1.1	"…ה אתמול בבוקר הוכרז 'מטעם מוסדות הישוב על ביטול מלאכה בשעת ההלויה. קרוב לשעה 11 הושבתו כל המלאכה והמסחר בעיר. הכל נסגר בחיפה העברית ואבל כבד ירד על העיר. רבבות ־ אנשים — ברגל ובכלי רכב שונים — עלו בהמונים במדרון הכרמל, במקום שם נמצא ביה""ח רוטשילד. בחדר המתים של ביה""ח עבר קהל ליד הגופה והשק, שהיו מכוסים בסדינים לבנים ובסרטים כחולים, כדי להלק להרוגים את הכבוד האחרון. גופת ווייץ - לירושל…"
1946-06-19	hmf	hmf19460619-01.1.1	"…יץ הובא לקבורה על הר הזיתים. ההלויה השניה חמש שעות אחר ההלוויה בת רבבות המשתתפים הוסעו בשעה ‭5. 30‬ אהה""צ מחדר המתים של ביה""ח הממשלתי בחיפה גופותיהם של 11 ההרוגים (שנפלו בהתקפות על בתי המלאכה של הרכבות והנמנים לפי סברה על קבוצת שטרן‭. (‬כשכל גופה מכוסה בסדין …"
1946-06-26	hmf	hmf19460626-01.1.4	"…תתקיים באוניברסיטה העברית, בבית רוזנבלום (אולם טי) הרצאתו של דייר א. ריגר: רשמי מהנך מנסיעה באנגליה. הקהל מוזמן. הועברה מבית החולים לבית-הסוהת אידה ברלין, בת ‭, 20‬מת""א, מפצועות ההתקפה על בתי המלאכה של מסילות הברזל בחיפה, עזבה אתמול את ביה""ח הממשלתי והועברה לבית הסוהר הארעי בחיפה. נסגר מחנה הצי בחיפה י אתמול נסגר מהנה הצי המלכותי ""מא־ ריקה"" שבהיפה ונמצך לשלטונות הצבאיים. המחנח נפתח ב־‭, 1943‬כשהחל…"
1946-07-01	hmf	hmf19460701-01.1.4	…תראה עם כל האסירים והעצורים ומודיע, כי מצב בריאותם של כל האסירים טוב ושלומם הוא כרגיל. כן ביקר הרב בתא האסירים והאסירות בבית החולים הממשלתי בחיפה. הוא התראה עם כל הפצועים של המאורעות האחרונים, מצב בריאותם אינו מעורר דאגה והולך וטוב. הפצועים מקבלים את הטיפול הרפואי …
1946-07-01	hmf	hmf19460701-01.1.4	"…א הערבי יוסוף עלי מצא פצצה ביום ו' אחה""צ בשעת עבודתו בשדהו של דניאל ברין מחדרה. הפצצה נתפוצצה בידו והוא הועבר במצב אנוש לביה""ח הממשלתי בחיפה. ראו יהודים מזויינים משוטטים העתונות הערבית מוסרת שאנשי שכם דאו יהודים מזוינים משוטטים בהדי _עלך רבה ועורטה בסביבת שכם …"
1946-07-01	hmf	hmf19460701-01.1.4	"…ות. נפצע נהג מכונית •דאר מכונית דאר התנגשה ביום ר בקרבת בית־ליד במכונית צבאית. נהג מכונית הדאר — ערבי — נפצע קשה והועבר לביה""ח הממשלתי בחיפה. ""פלשתין"" נסגר לשבועיים ""פלשתין"" נסגר לשבועים ימים על שפר־ סם מאמר בגליון מיום ו' שהממשלח חשבה אותו למסית, אף על פי שהו…"
1946-07-16	hmf	hmf19460716-01.1.4	"… הצהרים. מציינים כי פפנק עדיין לא חזר לביתו. עכשיו נודע שבנימין פפנק היה פצוע קל כאשר התייצב במשטרת הר־הכרמל, הוא הועבר לביח""ח הממשלתי בחיפה. הודעת המשטרה אומרת: שלשום בשעה 11 בבוקר גילתה קבוצת שוטרים את הבית שבו הוחזק פפנק (אחד משני היהודים שנחטפו ב־3 ביולי‭. (‬הבית נמצא במרחק 15 יארדים מרחוב הים על הר הכרמל בחיפה. על גדר תיל שמסביב לגנה נמצא קרע של כותנות וזוג כבלי יד. פפנק נרשם בביה""ח ' הממשלתי כב. ג'וזף ""צהרים"" מוסר, כי לאחר חקירת סופרו יש לו יסוד לשער, כי פפנק, שהובא למחלקה הבריטית של בית החולים הממשלתי בחיפה בשבת בבוקר, הוא שנרשם שם תחת השם ברנרד ג'וזף‭.. . ‬ ויצמן מעכב ביצוע החלטתם של המוסדות הנשיא זורע אופטימיות להרדמת הישו…"
1946-08-12	hmf	hmf19460812-01.1.4	"… _הקטרקטין של הלגיון הערבי במזרד חיפה משפטם של 24 אנשי לחייי, בתוכב 4 צעירות שיעצרו בשעת ההתקפה על בתי המלאכה של הרכבת בחיפה ב־17 ביוני ש. ז. ממקור רשמי נודע בזמ־ו שמתוך הקבוצה שמנתה 35 איש נהרגו 2 בבתי המלאכה‭7, ‬ נהרגו בשעה שהקבוצה נתפםה, 2 אחרים מתו מפצעיהם בבית החולים הממשלתי ו־9 נפצעו והועברו לטיפול בביה""ח הממשלתי בחיפה‭15. ‬ הנותרים נאסרו והועברו לבית הסוהר ביפו. בתוכם היתה צעירה אחת. עוד לא נקבע אם כל ח־24 יובאו לדין היום, או רק ‭, 22‬…"
1946-08-23	hmf	hmf19460823-01.1.8	"…ם, בת ‭, 13‬ודורה לוי , בת ‭, 12‬ שחלו בשנית, הורדו אתמול מאנית הגירוש ""אמפייר הייווד"" והועברו למחלקח למחלות מידבקות של ביה""ח הממשלתי בחיפה‭,. ‬ האניה שוקעת בשעות הלילה נראתה האניה הרבה יותד עמוקה במים משתיתה במשך היום. כל שטח הנמל היה מואר בזרקורים מאניות המ…"
1946-09-11	hmf	hmf19460911-01.1.4	"…פר דופין כי 28 עצי זית נגדעו בלילה שעבד. העצים ניטעו לפני 3 שנים. _מוקוביץ הוחזר לעכו יצהק מרקוביץ, מנידוני לה""י, שהובא לביה""ח הממשלתי בחיפה לפני 4 ימים, לאתר שנתגלתה אצלו תסבוכת, בכתף, הוח־ זר אתמול בבוקר לבית החולים של בית־ הסוהר בעכו. הרופאים קבעו שאינו זקוק לניתוה דהוף. ניסו לחדור לביה""ח ? מוסרים, כי אתמול את י ר 10 בבוקר נראו ליד בהיה""ה הממשלתי בחיפה כמה אנשים בלבוש ערבי. הם ניגשו לכניסה של בית החולים והסתלקו מיד. יש סברה, שרצו לחדור לבית החולים אך ברגע האחרון תזרו בה…"
1946-09-11	hmf	hmf19460911-01.1.4	"…נוספת — אני מקוד‭—, ‬ לקשרי הידידות של הערבים עכ העמים של האימפריה הבריטית‭"". ‬ ד ו י פ ה 2 מעפילות חולות הועברו מעתלית לביה""ח הממשלתי לביה""ח הממשלתי בחיפה הועברו אתמול ממחנה המעפילים בעתלית המעפילות הרצברג טניה, בת ‭, 20‬וסטריקובסקה דהה, בת ‭. 27‬שתיהן הוכנסו למחלקה למהלות …"
1946-09-11	hmf	hmf19460911-01.1.4	"…למשטרה. מכוניות שיצאן אתמול מהיפה לתל־אביב הוחזרו בדרך לאחר שנערכו. בהן חיפושים ונבדקו תעודות־הזהות של הנוסעים. מעצרים בחיפה כ־30 פועלים מביח""ר ""אתא"" נאסרו אתמול והובאו לחקירה במשטרת היפה. לאחר שנחקרו וזוהו שוחררו כולם פרט לפועל אחד. בו בערב נאסרו עוד כמה צעירי…"
1946-09-11	hmf	hmf19460911-01.1.4	"…מפעולות זיהוי אלה בפצעו שבי חברי הקיבוץ מדקירות כידו־ בים והם: אברהם אדלר‭19 p, ‬ ופרץ סובטנטינו, בן ‭. 20‬שביהם הועברו לביה""ח הממשלתי בחיפה. מצבם' איבו מעורר דאגה. כן בלקחו ע""י הצבא 5 בחורות הקיבוץ "" שבפצעו בשעת ההתנגדות? מלבדם בפצעו רבים מאנשי הקיבול באופן ק…"
1946-10-03	hmf	hmf19461003-01.1.4	"…ני בינעירוני. נפג'עה בזרם חשמלי מרים גורביץ, בת ‭, 40‬מגבעת משה. ‭, 'א‬ נפגעה בזרם חשמלי בהחליפה מנורה. במצב קשה הועברה לביה""ח ‭. ""הדסה""‬ האוטובוסים האחרונים של ‭, ""‬אגד"" בערב יום כפור ביום ו' ‭4. 10. 46‬ ערב יום כפור יצאו האוטובוסים האחרונים: מת""א לחיפה ירושלים ומושבות השרון בשעה ‭, 2‬לעפולה בשעה ‭;12. 30‬לטבריה בשעה ‭. 12‬ יום יהדות פולין המפעל נמשך עד אהרי החגים והעסקנ…"
1947-05-05	hmf	hmf19470505-01.1.4	"…בתאונה שאירעה לאוטובוט של ""אגד"" בקירבת טבריה. !ואלה פרטי המקרה: אוטובוס של ""אגד"" יצא אתמול בבוקר בשעה 10 מטבריה בכיוון לחיפה. עקב קלקול המעצורים ירד האוטובוס מהכביש אל צדי הדרר ליד הכפר לוביה. נפצעו כ־20 איש. כולם הועברו לביה""ח‭17, ‬ ע""י אמבולנס מ. ד. א. בטבריח. מרביתם נחבשו ונשלחו לביתם, מלבד 8 אנשים שנשארו בביה""ח לטיפול נוסף. שמות הפצועים ואלה שמות 8 הפצועים: פנינה עבאדי מחיפה בת ‭, 50‬דבורה זהבי מקבוצת ‭, ""פוריה""‬לוטי מרקו בת 45 מת""א, יעל אנגל בת 19 מחיפה, ברכה שועלי בת 18 מג'יב יומף, דוד קאדר בן 72 _מתל־אביב, ברסלר לאה בת ‭, 48‬ רבקה בראגה בת ‭. 25 ‬ חיפה ייצור מעליות בחי…"
1947-05-08	hmf	hmf19470508-01.1.4	"…‭*? ""*‬ י ‭?»? ?* ?‬ המפעל למגען ילד? ישראל - ועדת בניו - מדכובית ""עקב"" באד""• . "" •הלוויתו של נסים בן עבדיה, שמת מפצעיו כביה""ח הממשלתי בחיפה נתקיימה אתמול. חברה קדישא של העדה הספרדית בחיפה נתבקשה אתמול ע""י המשטרה לערוך את ההלויה בהקדם והגופד, הוצאה מחדר המתים בשעה 1 בצהרים והועברה לבית העלמיו תחדש. איש מלבד…"
1947-05-11	hmf	hmf19470511-01.1.4	"…דכי מושקנ־ בליט מרת' ז'בוטינפקי בת""א נפצעו קשה ליד רעננה כאשר מכונית־הטנדר, בה נסעו התנגשה, במכונית צבאית. הראשון הועבר לביה""ח ""הירקון"" והשני ל""הדםה"" כשמצבם רציני. מהזיק _פצצרנ־כרוזיפ — לכיה""ד הצכאי יצחק בוזגלו, בן ‭, 29‬עזב את ביה""ח הממשלתי בחיפה והובא בשבת לפני השופט דאוד יוסף כששתי ידיו חבושות; הוא נאשם בנשיאת פצצת כרוזים שנת־ פוצצה בידיו בליל ‭20. 3. 47‬ בהדר ה…"
1947-05-12	hmf	hmf19470512-01.1.4	"… מסרו הגמלים כי הם הביאו את השנק ממצרים כדי למכרו ליהודים בארץיישראל — מודיע ""פלשתין‭. "" ‬ תינוקת נעלמה מביג""ח הממשלתי בחיפה תינוקת בת כמה שעות נעלמה באורח מסתורי מחדר הילדים של ביה""ח הממשלתי בחיפה. התינוקת נולדה לערביה נוצריה נעמי מוניה חאג' בשעה 9 בבוקר, הועברה לחדר הילדים שבאותו אגף ובשעה ‭2. 30‬ אח…"
1947-05-12	hmf	hmf19470512-01.1.4	"… באותו רחוב את מחמוד חוסיין חאג' מוסה מחברון כשברשותו חלק מהסחורה הגנובה. הכלבים הלכו עד דרך בית צפפה מקום בו אבד הריח. חיפה ערכיה נרצחה כידי כעלה הערביה הנוצריה מרים ג'אבר, כבת ‭, 20‬ מחיפה, נורתה ע""י בעלה. הבעל היורה, כשדאה את אשתו מתבוססת בדמה, הביאה לביה""ח הממשלתי והסגיר את עצמו לידי המשטרה. האשה מתה כעבור כמה שעות. גניבה ב‭!40-‬לא''י גנבים התפרצו בערב שבת לביתו של שמואל גו…"
1947-05-14	hmf	hmf19470514-01.1.4	"…־350 סיגריות. נהג המכונית, חליל _אחמד מעבר הירדן, תולוס קנוקרמן _וחסאן מנסור מירושלים נאסרו. _חלקי־גופה של חווני נמצאו בחיפה שתי ידים ושתי רגלים נמצאו שלשום ע""י פועלי נקיון של מחלקת הבריאות באחת המערות של החלק המזרחי של _חיפח. חלקי הגוף הועברו להדר המתים של ביה""ח הממשלתי ושם קבעו כי החלקים האלה הורדו מגופה לפני כ־־4_־3 ימים. אתמול בשעות אחה""צ נמצאה הגופה בתוך פח אשפה ברח' נצרת. חק…"
1947-05-18	hmf	hmf19470518-01.1.4	"…ה הספרדית בירושלים, פ""ת ומקומות אחרים בארץ. פושה מסתורית של חפיפת תינוקת ערביה התינוקת שנעלמה בשבת שעברה מחדר הילדים של ביה""ח הממשלתי בחיפה נמצאה אתמול בריאה והוחזרה להוריה. התינוקת, שנולדה לערביה נוצריה, נעמי דיוברן חגי, געלמה באורח מסתורי מחדר הילדים שבאגף …"
1947-05-18	hmf	hmf19470518-01.1.4	…חה, יצאו מכלל סכנח, אם כי הם זקוקים עדיין לטיפול רפואי. כולם שוכבים עדיין בתא החולים בבית הסוהר בעכו ואילו שמוקלד נמצא _בבית־החולים הממשלתי בחיפה. בעתים ממשיכים האסירים היהודיים בעכו לסבול מהיחס הרע והקשה ללא נשוא. כל אלה שנידונו לתקופה של עשר שנים ומעלה!חמשת הצעיר…
1947-05-26	hmf	hmf19470526-01.1.4	"…שעות ופשטו על פני כל השטח ברדיוס של 100 מטרים מגבולות ‭. ""חמבצר""‬ לא נמצא דבר. [שמואל ק‭[""!! ‬ י ממעפילי ' ""כנסת ישראל"" בביה""ח הממשלתי בחיפה מת במוצאי ־שבת, אחרי מחלת ריאות קשה, המעפיל ?שמואל קון, בן 26 ממעפילי ""כנסת יש־ . ראל"" שהועבדו מקפריסין ביחד עם שיירת .…"
1947-05-26	hmf	hmf19470526-01.1.4	"…מול קשה בשעה שטיפלו בהדלקת מיטות ברזל באמצעות בנזין. כתוצאה מזה פרצח דליקה בחדר ושלושתם נכוו והועב־ 1ו ע""י אמבולנס מד""א לבי""ח ‭. ""רוטשילד"" ‬ חיפה 347 עולים מברגן _בלזן יבואו בסוף השבוע האניה ""פרובמ־נס"" עם 347 עולים מעקורי ברגן בלזן, תגיע לארץ בסוף השבוע. נעצרו שני …"
1947-05-26	hmf	hmf19470526-01.1.4	"…מוד בחוץ בגלל התנהגותו של המנהל, וסבתא אחת בת 70 שפנתה למ־ נהל להרשות לה לראות את נכדה' גורשה בגסות מחדרו. מצב הפצועים _בבית־החולים של בית־הסוהר שוכבים מוסקוביץ, בלקובסקי ודר, שנפצעו בשעת ההתקפה על בית־הסוהר. הם הועברו מ־ _בית־החולים הממשלתי בחיפה לבית הסוהר בעכו, במקום שהם נמצאים ללא טיפול רפואי מספיק . בביה""ח הממשלתי בחיפה נשאר עוד פצוע אחד והוא ברוך שמוקלד. לא הרשו לבקר אצל אסירות בית לחם בניגוד לנוהג לא הותר השנה לקרובי האסירות _בבית־לחם …"
1947-05-27	hmf	hmf19470527-01.1.4	"…ת איו כל רקע פוליטי. 6 תאנות דרכים שלשום היו 6 תאונות דרכים בארץ — סוכם רשמית. אדם אחד נהרג, אחד נפצע קשה ר10 נפצעו קל. חיפה תלוית המעפיל שמואל קון ז""ל הלויתו של המעפיל שמואל קון ז''ל_, בן ‭, 26‬ממעפילי ""ברכה ‭, ""פולד‬שמת בביה""ח הממשלתי בחיפה במוצ""ש התקיימה אתמול. קברו נכרה ליד שורת הקדושים‭.. ‬ ""טרנסילבניה"" תגיע היום האניזז ""םראנסילבניה"" תגיע הי…"
1947-05-27	hmf	hmf19470527-01.1.4	"…ון יצחק ארבייטפלד, בן ‭, 52‬מכפר אתא, נפצע קשה בשתי רגליו בשעה שנפל עליו קיר בטון בשעת עבודתו, הוא נלקח ע""י מכונית מד""א לביה""ח רוטשילד. חגיגות ""זכרון בכורים"" בתי־הםפר בחיפה יחוגו היום את החגיגות העממיות של ""זכרון בכורים"" שיערכו בשער‭4, ‬ אחה""צ בקרן הרח' הס. אחרי החגיגות תעבור תהלוכת בתי הםפד…"
1947-06-06	hmf	hmf19470606-01.1.2	"…ולו עומד תחת רושם ההתקפה על גשרי־נהרות ורחבות בארץ, נערכה בלילה השני לאחר מעשי־חבלה אלד, התקפה על בתי־המלאכה של הרכבות בחיפה ונגרם נזק עצום. למתקיפים — כפי שנתברר אח""כ אנשי לח""י — נגרמו אבדות קשות בשעת נסיגתם‭11. ‬ מהם נהרגו ביריות או מת"" מבצעיהם בעוד שפצועים אחדים ?נלקחו לבית החולים ומספר נוספים נאסרו. ביחד 18 איש, שנידונו אח""כ למוות ודינם הומתק אח""כ למאסר עולם. הלוויתם של 11 הרוגי לח""י ושל איש ""תנוע…"
1947-06-06	hmf	hmf19470606-01.1.2	"… ?סחר בעיר ורבבות חלכו אחרי ארונו. גופתו הועברה לירושלים. כמד. שעות אחר ההלוויה בת רבבות המש־ תתפים הוסעו מחדר המתים של ביה""ח הממשלתי בחיפה גופותיהם של 11 הרוגים מההתקפה על סדנות הרכבות. הגוויות הוט־ עב. על שלש מכוניות־משא. שום אדם לא נכח בהלוויה פרט ל""חברה ‭…"
1947-06-11	hmf	hmf19470611-01.1.4	"…יטתי, אלא גניבה רגילה. היו כמה מקרים של ניקוב הצנור, אך גם מעשים אלה נעשו ע""י בידי־ אים שרצו להשיג מים לעדריהם. אסונות בחיפה מת מפצעיו בתאונת עבודה בביה""ח רוטשילד מת אתמול הפועל פינטו אהרון, בן ‭, 24‬שנכווה קשה בשעת ההח־ פוצצות כמחצבת נשר. גויתו הועברה לביה""ח הממשלתי בחיפה לשם בדיקה. במצבם של הפצועים האחרים חלה הטבה ניכרת פרט למצבו של אחד המוסיף להיות קשה. אשה מפרדס חנה טבעה ב…"
1947-06-11	hmf	hmf19470611-01.1.4	"…שד. נמצא מפתח שבאמצעותו הגיעו לחדר המלבושים ולפי הבגדים זוהתה האשה בשם אידה?שרה עמאני, בת ‭, 54‬מפרדם חנה. גויתר. הובאה לביה""ח הממשלתי בחיפה במקום שנקבע שמתה , מטביעה. ברית נשים לאומיות סניף ת""א הערב בשעה 8 בערב תתקיים במלון סבוי, רחוב גאולה 5 (על שפת הים) אספ…"
1947-06-11	hmf	hmf19470611-01.1.4	"…נ. תשבי וי. דרויאנוב בשם פקידי המוסדות. — נודע כי ד""ר לאופר, מומחה מנתח ששירת בשעת המלחמה בצבא הבריטי , נתמנה כמגן מנהל ביה""ח הממשלתי בחיפה. — לרגל יום הולדת המלד ב־12 ביוני ‭, 1947‬יקבל מ""מ מושל המחוז אורחים במשרדו ביפו באותו יום משעה ‭12—10‬ לפנ""צ. פנקס המב…"
1947-06-18	hmf	hmf19470618-01.1.4	…עה בכביש הראשי העובר את הכפר הערבי פרדים, ליד זכרון־ יעקב. הקצה האהורי של מכונית־הנפם פגע בילדה והיא נדרסה. הועברה מיד _לבית־החולים הממשלתי בחיפה, אולם בדרך מתה מפצעיה. הנהג וילי הקר מפרדס־ חנה נעצר ושוחרר בערבות עד לבירור המשפט. הועדה פתוחה להשפעה ממשלתית - וסגורה…
1947-06-20	hmf	hmf19470620-01.1.8	"…הללו הצליחו להמלט בכוון ליפו. מר גדנטקי טלפן למשטרה והודיע כי הגנבים איימו עליו באקדחים כששדדו את כםפו. מנדל בלקובםקי - לביה""ח בחיפה מנדל בלקובמקי, מאפירי אצ""ל, שנפצע ברגלו בשעת פריצת בית־המוהר בעכו, הועבר מביה""ח בכלא לבית החולים הממשלתי בחיפה. הפושים ליד מלון הברי ועדת החקירה חפושים נרחבים נערכו אתמול בקצה רחוב עזה, ברחביה‭., ‬ליד בית־המלון ""קדימה"" בו מתגוררים…"
1947-07-16	hmf	hmf19470716-01.1.4	"…רבים נדרסו למות ע""י מכונית צבאית מפונית צבאית פגעה אתמול בשבי ערבים 'שרכבו על אופנוע ליד חוף חיאט. שניהם נפצעו קשה ומתי בביה""ח הממשלתי בחיפה. נדרם ישיש בחדרה אוטו־משא מקבוצי הסביבה דרס ליד הדד אר בחדרה את החלבן יוסף ויםברג, בן ‭. 89‬הישיש הוא חרש ולא הבחין במכ…"
1947-07-21	hmf	hmf19470721-01.1.1	"…שהועד הערבי העליון דרש להחזיר את המעפילים לנמל המוצא בצרפת. שלשה קברים חדשים נכרו אתמול בשורת קדושי ההעפלה בבית העלמין בחיפה לשלושת הקרבנות של ספינת המעפילים "" יציאת אירופה‭. ""‬ בשעה 4 אחד‭""""‬צ — שעה בה נקבע מועד ההלויה — נתאסף קהל רב ליד ביה""ח הממשלתי בחיפה. שלוש הגופות הוצאו מחדר המתים כשהן עטופות. דגלי תכלת לבן, הועלו על מכונית שהמשיכה לבית העלמין ובעקבותיה נ…"
1947-08-01	hmf	hmf19470801-01.1.7	"…סביב הבית יש גינה מעצים שונים. י. הרשקוביץ ‭29. 7. 47‬ פקיד ההוצ""ל ערבי נורה ליד רמת-יוחנן ' בהודעה שנתפרסמה אתמול ע""י. ביה""ח הממשלתי בחיפה נמסר כי מחמוד מוחמד ?שחאדי בן 21 מכפר םאפה נפת עכו נורה ליד רמת־יוחנן שלשום ב־5 אחה""צ ע""י שומר יהודי. נפגע באמת ידו הימ…"
1947-08-12	hmf	hmf19470812-01.1.4	"…סעי הג'יפ השיבו אש והמכונית השחורה נעלמה. האשה, שהיתה אותה שעה בדירתה, נפגעה באחד הכדורים שעבר מעל לעינה. הפצועה הועברה לביה""ח ""רוטשילד"" במקום שנותחה וכפי שמוסרים אין מצבה מעורר דאגה‭'. ‬ הורע מצב הצעיו שנפצע בהתפוצצות בחיפה מביה""ח ""רוטשילד"" מודיעים שמצבו של הצעיד שנפצע בשעת התפוצצות במכונית טקסי שלשום לפני הצהרים הודע במשך יום אתמול ומצבו מע…"
1947-08-12	hmf	hmf19470812-01.1.4	"…כו עדייו בביה""ת מנדל בלקובסקי וברוך שמוקלד מאםי־ די עכו שנפצעו בשעת ההתקפה על בית־ הסוהר — עדיין נמצאים באגף האסירים של ביה""ח הממשלתי בחיפה. 3 מכוניות צבאיות הותקפו ביריות ליד עזה המשטרה מודיעה: שלוש מכוניות צב־ איות נסעו בשיירה בכביש נוסיירט—ג'יו־ ליס שלשום …"
1947-10-08	hmf	hmf19471008-01.1.4	"…בקשר לכך עורכת התאחדות בעלי התע־ שיה חמר מתאים לשם מסירתו לשלטונות. הערבי החיפאי אינו נגוע בחולירע בבדיקה הסופית במעבדת בית החולים הממשלתי בחיפה נקבע כי הערבי הזקן שהו בא מואדי םליב לביה""ח אינו נגוע בחולירע והחשד למחלה זו היה חסר יסוד. קנס_7 אי התיצבות במשרדי y הב…"
1947-10-08	hmf	hmf19471008-01.1.4	"… היום עשרות זריקות נגד חולירע לאנשים העומדים לנסוע לחוץ־לארץ. שוב נדרס יהודי ע""י מכונית משטרה בקרבת משטרת תל־מונד בכביש חיפה־תלד אביב נדרס אתמול ע""י מכונית משטרה פ. זיגברג, בן 30 מרמתיים בשעה שניסה לח־ צות את הכביש מאחורי איטובום. במצב אנוש הועבר לביה""ח בילינסון. ‭_s_^‬ ?_דושדים _ss הדים משפטיים למקרי הרצח לבין החוסיינים והאופוזיציה משפט הנאשמים ברצח פכרי א־דין חוסייני ש…"
1947-10-09	hmf	hmf19471009-01.1.3	"…174 —‬ מיל . במשקל ‭1)‬ ק""ג מן הפח) 140 מיל עם זאת לא יהול כל שינוי במכירת שמן ""מגד"" המשובה בבקבוקים, בפ־ חיות ומהחבית. ביח""ן־‭_TQW, |‬ חיפה ו 1 ‭-* ‬ הוצאת מ. ביומן רח' מונטיפיורי ‭, 11‬ת. ד‭, 1632. ‬טל‭5516. ‬ ספרים חדשים המנ\ן;רמ_*פלא חיי מיכאל יוסף גוז'יקו…"
1947-10-20	hmf	hmf19471020-01.1.4	"…למקום התנפלו בדואים על המשמר ושחררו את האסירים. אחד השוטרים פתח אש ופצע את מחמוד עלי אסאווה, בן ‭, 66‬שהועבר במצב קל ל־ ביה""ח הממשלתי בחיפה. מקימים מחדש את בנין גולדשמידט אהת מ""מצבות הזכרון"" לפעולות הטירור בירושלים, חורבות בנין גולדשמידט שמול בניד הסוכנות ברה…"
1947-11-03	hmf	hmf19471103-01.1.4	"…אתמול מצב הכן במשטרת תל־אביב. לפנות ערב בוטל המצב המיוחד. שמעו?קרונברג | התעלף בטיולו ובמשך* שעתיים לא נמצא בשבילו מקום בבי""ח בחיפה נפטר אתמול בגיל 56 המדריך לזמרה שמעון קרונברג, מיוצאי גרמניה. המנוח טייל במוצ""ש על הר הכרמל ולפתע התעלף. אמבולנס מד''א …"
1947-11-03	hmf	hmf19471103-01.1.4	"…שני והאמבולנס של מד""א הגיש עזרה לדוד גיבסון, שנפצע ע""י מכונית ליד קפה ""אלדורדו‭. ""‬במשך שעה וחצי טייל האמבולנס עם התולה מבי""ח לבי'יח עד אשר נמצא בשבילו מקום בתשלום בביה""ח הפרטי ""מולדה‭. ""‬ אתמול לפנות בוקר הוא מת משטף דם במוח. הנני מודיע בזה ברבים שהגשתי בקשה לעירית חיפה לחדש לי את הרשיון לשנת 1948 למכירת משקאות חריפים. בקמעונות מחוץ למקום בחנות המכולת שלי, בבת־ גלים, דחוב השרון ‭. 29‬בני…"
1947-11-03	hmf	hmf19471103-01.1.4	"…ום. נפצע כפגז מוחמד קסם, בן ‭, 17‬נפצע קשה בשתי רגליו על שפת הים בקיסריה כשבעט ב־ רגלו בפגז של מרגמה שהתפוצץ. הוא הועבר לביה""ח הממשלתי בחיפה. פקודת מעצר נגד ערכים מהזיקי נשק 3 ערבים, שנים משפרעמ, שחחזיקו רובד, ואקדח, והשלישי שנתפס ברח' השומר ב־ חיפה עם אקדח טעון, חובאו אתמול לפני שופט השלום בחיפה שהוציא נגדם פקודת מעצר לשבועיים. ישיבת מרכז הצה""ר - הערב הערב בשעה 6 תת…"
1947-11-16	hmf	hmf19471116-01.1.4	"…את המהלך לכיוון מרכז הכרמל. זהות ההרוג והפצוע בין נוסעי האוטובוס קמה בהלה ונשמע' קריאות לעזרה‭'. ‬הנהג כיוון את מכוניתו לבית החולים ""מולדה"" ובשעה שהאוטובוס נעצר נמצא על אחד המושבים הצעיר חיים גולדמז, בן ‭, 20‬מרח' הרצליה בחיפה, ללא רוח חיים. הוא נפגעבראשו ומת במקום. עמנואל בן _^ ציון בן גו דיו ן, בן ‭, 28‬נפגע בכדור בגבו. לאחר שהפצוע קיבל עזרה …"
1947-12-10	hmf	hmf19471210-01.1.1	"…חמרה. היא קיבל טיפול רפואי ונשלח לביתו. כן קיבל טיפול רפואי פראנצימ ניחן שנדקר בידיו במרכז המסחרי הישן. לכיה""ח הממשלתי בחיפה הובאו אתמול שני הרוגים שזהותם טרם נקבעה, אחד מהם נמצא הרוג ביריות ברח' עיראק והשני ליד השוק הערבי. במשך היום הובא לביה""ח הממשלתי ערבי אחד הרוג מיידיות ו־9 פצועים. אח""כ נקבע שאחד האלמונים הוא ערבי והשני יהודי, שזהותו לא נקבעה סופית, אולם סבו…"
1947-12-28	hmf	hmf19471228-01.1.1	"…חבריטי, מפקד חמחנח. המפקד הבריטי מפסיק את• התחבורה ומזמין לבירור את - ועד נרה שאנן לאחר יריות אלו, כשעשרה פצועים הועברו לביה""ח בחיפה, פקד מפקד המחנה של _הלגיון להפסיק את התחבורה בסביבה והזמין את חברי ועד ניר, שאנן לבירור. קצינים ערביים של הלגיון הערבי …"
1948-01-19	hmf	hmf19480119-01.1.4	"…וה f יעקב לירושלים ר>תקף. _אחמול ביד י בבי_^־־. בהצטלמ'ת הלרכיס ' ד>־ הצופים—רמןן4ללה. איש לא _נעגע. ‭. 3‬ מתו מפצעיהם בחיפה בביה""ח ""רוטשילד"" מת אתמול מפצעיו גרשון. וולגפ_8_־ט‭., ‬בן ‭. 20‬הוא בפצע ־ב־14 •לח. ז. בשעה שנתפוצצד. הפצצה במרכז ;המסחרי _יהח…"
1948-01-26	hmf	hmf19480126-01.1.3	…אם־המושבות נקראים •למאמצים בלתי פוסקים, באשר כל אזרח חייב לראות את עצמו בשעת הרת •עולם זו לישוב כחיל בחזית. מ. בר־טורא _בית־החוליפ הממשלתי בחיפה הפך למוסד ערבי טהור היהודים עזבוהו, כי אנשי הכנופיות השתלטו על בית החולים ' בפגישות רבות •של י באי כוח הישוב העברי בחיפה עם באי כוח השלטונות האזרחי?ם והצבאיים הופנתה תשומת לב השלטונות למצב הבטחון במקומות העמדה המעורבים י ובמיוחד בבית החולים…
1948-02-27	hmf	hmf19480227-01.1.8	"… מכוניות. יהודיות בכביש הדאשי היפה־ ת""א בקרבת הכפר עינירזל. במכונית סקסי נפצע נהג המכונית משה מזרחי והועבר לזכרה ' ומשם לביה""ח ""הדסה"" בת""א. י סמוך לצהרים נפצעו 3 יהודים אחרים כשמכוניתם הותקפה ביריות בדרכה לחיפה י' בקרבה אותו הכפר. מנהס דייכמן וישי איתין והנהג ־ לשניצקי הפצועים הועברו לחיפה. נ הראשונים נשארו בביה""ח וה־ נהג, לאחד שנהבש, נשלח לביתו. גם. התחבורה הערבית נפסקה עקב היריות אל התחבורה העברית בכביש חיפה־ת""א, לא היתה גם תחבור…"
1948-02-27	hmf	hmf19480227-01.1.8	"… של מחלקת העבודות הצבודיות' נשדדו אתמול ב־‭10. 15‬ בבוקר על ידי קבוצת ערבים, שאחד מהם "" היד. מזויין ב־ אקדח, כשחנתה ליד ביה""ח הממשלתי בצפת. נהג ערבי של מכונית של מח' העבודות הצבוריות נעצר אתמול אחה""צ ע""י אלמו־ נים בכביש _חיפה־יפו, ליד עתלית, ומכוניתו נשדדה. שוב!בהלות טרוריםטים 'יהודיים !במצרים לפי ""פלשתין"" נתפסו במימי מצרים יהודים שנסעו !בסירה…"
1948-03-18	hmf	hmf19480318-01.1.4	"…ד הכפר הערבי םמריה, ' זזות"" nop קשה ע""י בנופיה מזוייעת שהמטירה אש מרוכזת לעבד 'נוסעי השיירה‭6. ‬ יהו- דים נפצעו והועברו לביה""ח רוטשילד בחיפה. נהרגו 3 אנשי כנופיה אנשי המגן ? שליוו את השיירה השיבו באש !חזקה לעבר התוקפים ועד כמה שנודע, נההמ־ 3 ערבים מבין הכנופיה…"
1948-03-18	hmf	hmf19480318-01.1.4	"…בול"" _בחדרח. ‭!111 ng'n 11? ‬ נפצעה מיריות צלף שושנח סויט, בח ‭, 17‬נפצעח אתמול ב- | בוקר בידית צלף ערבי בחלק חמזרחי של חיפה בשער, שחלכח לעבודתח. אמבולנס של מגד""א העבידתח לביה""ח ‭. ""וכובבור""‬ _126 הגיעו ב_""פרובידנס"" . 136 נוסעים ועולים מצרפת הגיעו אתמול כבוקר לחיפה באניה "" •‭. ""פרהבידנס‬ 4 ערבים …"
1948-04-19	hmf	hmf19480419-01.1.4	"… תקציבה ב־6 שבועות, מ־15 במאי עד ה־1 ביולי, לשרותי החינוך והעזרה הסוציאלית. גורל בתי חתולים הממשלתיים בהיפה ובצפת במחוז חיפה הציע הועה""ל לממשלה שתעביר את ביח""ח הממשלתי בעיר, המשמש אגב רק את האוכלוםיה הערבית, לרשותה של עירית חיפה. הממשלה הםכימה לכד ומתנהל כבר מו""מ עם העידיה על קבלת המוסד. הועה""ל מעוניין שעידית חיפה תקח לרשותה גם את יתד _בתי־החולים בעיר. כן מתנהל מו""מ על העברת ביה""ח הממשלתי בצפת לידי הועה""ל. משרדי הבריאות המרכז הארצי לשרות הרפואי המוקם בתל־אביב יקבל לפיקוחו גם משרדי מחלקות הבריאות המ…"
1948-04-28	hmf	hmf19480428-01.1.4	"…וו שיירת פליטים ערבים מעכו לגבול הלבנון, נתקלו בהפרעות מצד חיחודים. החיילים פתחו באש מתותחים וגרמו אבדות כבדות ליהודים. ביה""ח הממשלתי בחיפה לרשות העיריה מנהל מחלקית הבריאות . של הועד הלאומי, הדייר א. קצנלםון, וממלא מקומו ד""ר ב. היחשוביץ, והד""ר י. מאייר, מטעם …"
1948-05-04	hmf	hmf19480504-01.1.4	"…נעשות כל ההכנות כדי שממל מ־15 במאי יתחיל מנגנון ממסים לפעול בהיקפו ממלא. י החב' ד. רמז ומ. גרבובסקי ביקרו _בשבוע שעבר ?בחיפה ודגו עם אבא חושי וכר־ רב־מאי על הבטחת ממשך פעולתם של שרותי ממדינה. תשומת לב מיוחדת הוקדשה לבעיות מדואר. דיון על גורלו של בית החולים הממשלתי בחיפה ד""ר א. כצנלםון מטעם מחלקת הבריאות של הועד הלאומי בקר בחיפה ודן •עם העירית והשלטונות בדבר גורלו של בית החולים הממשלתי העומד להיות מועבר לעירית חיפה. הועד הלאומי הכריז על נכונותם של המוסדות היהודיים לקבל על עצמם את הטפול גם בחולים ופצועים ערבים הנמצ־ אים בבית החולים. הוא העמיד לרשות העיריה סך של 10 אלפים לא""י להקלת חעברד, של בית חחולים לרשותה. נתמנתה ועדה מיעצת בראשותו של ד""ד ניםנבוי…"
1948-05-09	hmf	hmf19480509-01.1.4	"…עיינים עתה בתכנית לבידוד העיר בפני סכנת המחלה. יחידה של הצבא הבריטי שהגיעה לעכו לרסס בדי. די. טי. הותקפה על ידי ערבים. בחיפה נודע, כי חייל בריטי אחד נהרג ושני חיילים נפצעו. נפל בעת כיבוש קטרה לביה""ח ""הדסה"" בתל־אביב הובאה ביום ו' _גוייןו של יעקב יצחק דנציגר, בן ‭, 25‬ מרחוב בן יהודה 244 לת""א. הוא איש י ה""הגנה"" שנהרג ב…"
1948-11-23	hmf	hmf19481123-01.1.4	"…ם חזרה. תאורה: בת ‭, 16‬גובהה ‭, 160‬שערותיה שחורות, לבשה שמלח אדומח ומעיל אדום. הופל הפפםוד פפיה""ה רוטשילד שביתת עובדי בית החולים רוטשילד ש־ עמדה לפרוץ אתמול בשעה 12 נתבטלה והסכסוך בין העובדים והחבהלה חוסל. נגנפו שלוש מפוניות שלוש מכוניות נגבבו במשך 24 השעות האחרונות בחיפה והן: מכובית צבאית של מר ז. מרגלית שבגבבה מרח' יוסף ‭;25‬ מכובית מם' 692 השייכת לא. פלדמן ובגבבה מרח' יל""ג;מכובית ממי 90…"
1948-12-20	hmf	hmf19481220-01.1.4	…ים ברכוש וקרבנות שוא. 2 נפצעו קעד, בהתנגשות _קרונ*ת במכוגית תאונת דרכים אירעה אתמול בצהרים ליד הצטלבות פסי הרכבת בקירבת בית החולים הממשלתי בחיפה. קרונית קטנה התנגשה במכונית צבאית וכתוצאה מכד נפצע קשה מרדכי למפרט, מנהל עבודה ברכבת. נהג הקטר מרדכי פרידמן נפצע קשה וה…
1938-08-08	hzh	hzh19380808-01.1.3	…ו כן היה נםיון של התנקשות בחיי שבי שוטרים בריטיים בקירוב מקום לתחנת המשטרה. לאור המס יבות האלה אין להחזיק חולים. יהודים בבית ההולים הממשלתי. ומסיבת ניתוק הטיליפונים אין לברר אם אפשר להעביר חולים הזקוקים לטיפול לבית חולים בעיר אחרת. — דדך צפת—עכו—חיפה נתונה לפיקוח שלטונות הרוצחים והשודדים, זה כשנה, שאוטומובילים יהודים אינם מעיזים לעבור בה. והנסיעה בעקיפין צפת—טבריה—חיפ…
1938-11-13	hzh	hzh19381113-01.1.5	…פק שלקריאת הראשונה היו מתעוררים בכל אופן כתות נרדמים ומוסדות אשר היו;נותנים כל אהדתם ותמיכתם לפעולה זו. עד הנה לא נמצא בחיפה הארגון העומד . על משמר הלשון אבל הגיעה השעה האחרונה להסיר מעיר זו את החרפה הזאת. בית החולים הממשל_^תי החדש ביום שלישי •נתקיים בהשתתפות קצין המחוז, בער, ומר. _ארדשםיין' ביקור עו‭1;‬ נאים בבנין בית החולים הממשלתי …
1938-12-27	hzh	hzh19381227-01.1.1	"…י פנתה במכתב מחאה למזכיר הראשי של ממשלת "" ארץ ישראל 'בדבר נאומי הנציב העליון, מנהל שירותי הרפואה וראש עירית היפה בפתיחת בית החולים הממשלתי . בחיפה, שכידוע לא תורגמו לעברית. ו במכתב נאמר, ש""העובדה הג""ל פגעה שקה?ברגשותיו של הציבור העברי בארץ. הרואה בה זלזול בזכויותיה …"
1939-03-13	hzh	hzh19390313-01.1.1	"…אהד הצהרים נורד, ונהרג חש־ ' י ?מלאי יהודי , אליהוסוקולניק, ונפצעקשה השוטר הנוסף שרגא שמעון, ליד תחנת הרכבת ‭,, ‬כרמל"" בחיפה. המתנקש, ערבי אלמוני, נמלט. סופרנו בחיפה מודיע: . החשמלאי אליהו. סוקניק, בן 38 תיקן פנס. חשמל בשטח הנמל על יד השער מס - פר 12 בקרבת בית החולים הממשלתי. נורו אליו כשמונה יריות _שפגעו בו והר־ גוהו במקום. במה ידיות פגעו גפ־ ‭:;‬נוטר שמעון שרגא, בן ‭, 25‬שנפצע?בבטן …"
1939-06-20	hzh	hzh19390620-01.1.1	"… משעה 9 לפני הצהרים עד להודעה חדשה. 'לאחר ההתפוצצות נכנס יהודי בשם אל־ פרד כהן לתוך חדר המתים של בית החו־ לים: הממשלתי בחיפה, שבו שכיבו קרב־ נות ההתפוצצות. • סבורים, כי. עשה זאת מתוך• 'סקרנות. הוא הותקף על־ידי נשים ערביות ונדקר:בגבו. הוא נמצא עכשיו במצב רציני. בבית ההולים. ‭? ""‬ העוצר _בחי&ח ‭. ';. ‬ הופסק אתמול ב־4 אחרי הצהרים וחודש אמש ב־‭;12‬עד ליהוךעה לחדשה. סופרנו מחיפה מודיע: עם הכרז…"
1939-09-01	hzh	hzh19390901-01.1.4	"…כוח ממחלקת הבריאות, בא כוח ;ממשרד לבנין ערים וחברים בלתי רשמיים, י ' חצים יהודים וחצים ערבים‭' '. ‬ תחנות לעזרה ראשונה בחיפה _למודיעים בזה, כיהוקמו תחנות לעזרה ראשונה ?לקהל במקרה י התקפות אוויר על י חיפה במקומות דלקמן: בית החולים הממשלתי החדש'משרד הבריאות- הישן, מרכז ‭""?‬מגן דוד‭, ""‬ בית הקפה ""קאוקאב אל סבאה‭, _""‬רהוב המלן/ תחנת החיטוי של . הנמל, …"
1939-11-23	hzh	hzh19391123-01.1.4	…עובד בעייתה כ־20 שנה. ראש ?העירייה, שחזר כבר לתפקידו אהרי מחלתו, נפרד בהזדמנות זו בדברים המים מאת מנהל מחלקת 'הבריאות 'בחיפה ומנהל בית החולים הממשלתי התר מק־טווין העוזב את חיפה לרגל העברתו לירושלים למשרת סגן מנהל מחלקת הבריאות של ממשלת ארץ ישראל. עולים אתמול ?ב…
1940-01-24	hzh	hzh19400124-01.1.3	"…ו למכור חלק מתוצרתה לחוץ לארץ ואכספורט ארעי צמר •גפן, לבני טריקו וגרבים הנהו בעל ערך •משקי , מפעולות העזרה שללינת מדק"" בחיפה "" לקראת שבוע הסמל של המוםד המוסד ""לינת הצדק"" ידוע בפעולותיו הנעלות בחיפה למען הסובל והחולה, האם ?והילד, היוצא _:מבית הולים' והקם מערש דוי ואין בידו להיאחז שוב בכנף •החיים. ""לעת הצדק"" , בחיפה . הוא המוסד הסוציאלי בה""א הידיעה אחרי הלשכה לעזרה ס…"
1944-08-21	hzh	hzh19440821-01.1.4	"…. ניימן, שנולדה בלוד‭, '‬ המתבקש' יתקשר בבאנק עם מר יהודאי. נשיכת נתש רחל פטר, בת ‭, 4‬נושכה על ידי נחש בקרית ים, במפרץ חיפה. מכונית מ. ד. א. העבירה את. הילדה לבית חולים רוטשילד במקום שניתן לה הטיפול הדרוש. לאחר הטיפול הוטב לה. תוסלה השביתה בבייה""ח בלומנטאל אתמול הוסרה משמרת •השובתים ליד בית החולים . בלומנטאל על הר הכרמל, כתוצאה מהסכם למו""מ בין הנהלת בית החולים ומועצת פועלי חיפה. שיתהיל היום. השביתה נמשכה כחודש ימים. בסקלט ליד טארנופול נשתיירו 80 יהודים מכתב שנתקבל בחיפה אצל דוד שכטר ;שלוק תלפוית…"
1944-10-16	hzh	hzh19441016-01.1.4	"…בדות"" שברחוב בית""ר. נגרם נזק לרהיטים וכלים בשווי 50 לא""'י בערד• •נפל לים ונימש'ה V המלח אלזנר נפל בשבת •מספון אניד?בנמל חיפה אל תוך הים. הוצא מהמים מחוסר הכרה ופצוע י בראשו‭,. ‬הובא לבית חולים צבאי. ־"" ב""הפועל המזרחי"" . הערב כ־‭6. 30‬ ישיבת וועדת השי- - כון. ב־‭8. 30‬ ישיבת . הוועדה של הליגה למען הפועל הדתי‭. .…"
1944-10-26	hzh	hzh19441026-01.1.3	"…ון ברחוב דרך תל אביב 36 לשנת ‭. 1945‬ מייכאול. גינגר, ולאה גיניגר מההווה בעיר העתיד סכנת הדבר ו—עברית מחלת חדבר מתפשטת בחיפה מיום ליום, בצעד ""אטי ובטוח‭. ""‬כמעט שאין לך יום שלא יובאו בו חולה או חולים חדשים למיבדדה של בית החולים הממשלתי. עשרות קרבנות נפלו בחי־ פה מבין כל העדות ממגיפה ממארת זו ושלטונות הבריאות עושים מאמצים במלחמה לבלימת הסכנה אשר …"
1946-07-01	hzh	hzh19460701-01.1.3	…ם כל י האסירים וה־ עצורים ומודיע, כי מצב 'בריאותם 'של כל האסירים טוב ושלומם הוא כרגיל. כן ביקר הרב בתא האסירים והאסירות בבית החולים הממשלתי בחיפה• הוא התראה ?עם כל הפצועים של המאורעות האח־ רונים. מצב בריאותם אינו מעורר דאגה והולך וטוב. הפצועים מקבלים את הטיפול הרפו…
1946-07-05	hzh	hzh19460705-01.1.1	"… או לא - מה זה ?חשוב ‭—?‬ העיקר, שהגענו למי זוז חפצנו‭, ""‬כן־ הודיעו שלושה מעולי ""בי־ ־ייה"" למשלחת הרפואית שביקרה אצלם :בית החולים הממשלתי בחיפה. בדיקה יסודית הוכיחה כי אין זד, דבר 'יש לקוות שהמעפילים יורדו מהאניות עוד היום. בגלל י הצפיפות בעטלית י יועברו לנווה חיים שעל יד חדרה. מצב פצועי ההפגנה"" הוועדה . הרפואית >הד""ר _קצנלסון 'מהוועד הלאומי והד""ר מאיר מקופת ?חולים) ביקרה בבית החולים •של קהילת חיפה וראי תה את שלושת ""פצועי ההפגנה"" — לפי הכינוי הרשמי. מצבם 'של האם ובנד, שנפצעו מיריד_, אחת הוטב, אם כי לאם נק־ טעה ידה השמאלית, הבן שגכ-צע קשר יצא 'מגדר הסכנה לאחר הניתוח. _£צב פצועי ההתקפה על בתי המלאכה בבית החולים הממשלתי בחיפה נמצאים עשרת הפצועים מהתקפת בתי המלאכה •של הרכבת כבולים למיטותיהם ‭8 —‬ _בתוריפ ;שתי בחורות. ביקור המשלחת הפתיע את גולם …"
1946-08-15	hzh	hzh19460815-01.1.1	"…, המפגינים חזרו להדר הכרמל. כמה •עשרות• נפצעו ויותר מעשרה הובאו ל""מגן דוד אדום"" שם ניתנת להם עזרת. ־מוע־ י מים תובאו אל בית חולים‭!., ‬אך מצבם אינו ? מדאיג, אחד מהםפצוע באופן רציני, הודעת המשטרה על _הלווייה הלוויית שלושת היהודים. שנהרגו ואת־ י מול בחיפה נערכה היום אחר הצהרים. הד, לווייה, עצמה ' עברה'ללא הפרעה אך ההמון הרב שנתאסף •אחרי כן וצעד בכיוון רחוב המלכים . נתקל 'ב…"
1946-08-23	hzh	hzh19460823-01.1.8	"…נין והמשטרה הגיעה. למקום . לאחר בדיקה, שלא העלתה שום דבר, ניתהדשה העבודה. . שתי מעפילות הועברו לבית עוד החולים הממשלתי בחיפה ביום ד‭. '‬הועברו מאנית הגירוש ""הייווד אמפייר"" העוגנת בחיפה לשם תיקונים אחרי החבלה שנעשתה י ?בה, עוד ? •שתי ' מעפילות לבית החולים "" הממשלתי בחיפה והן:•אדית רניית, בת 13 ואליאונורד, לוי, בת ‭, 12‬שתיהן נתינות רומניה, "" של ק ו _כנחאה •בשנית (בסקארלאטינה‭. (‬ המעפילה שרה המבורגר ההלימה ויצאה מבית החולים ' הממשלתי. גדע_^פרוס _^ קרבן כדור שנפלט מרובהו גופת הנוטר __גדעון פרום, בן ‭, 18‬ בנו של •בעל בית מרקחת ידוע בחיפה, הוב…"
1946-08-23	hzh	hzh19460823-01.1.8	"…בטכניון ‭, ;‬הקורסים לחוזרים"" 'בשביל אלה החוזרים ללימודיהם בטכניון‭. /; ‬ : י התאבד גופת יהודי שהתאבד . הובאה ן אחמול ו לבית החולים הממשלתי בחיפה. ‭'' ‬ י _בהלח! שוא-בפאםאג"" פנ_88_ק _נמדאבינ אלמונית טילפנה1 אתמויל בשעה 2 אחה""צ לפאסאג'־פנסאק, ברחוב הצהל ‭'16‬ בתל־יא…"
1946-09-04	hzh	hzh19460904-01.1.4	"…יטמאן י דל. ישראל בייטמאן‭., ‬מראשובי המשתכבים בקרית הייט וממהיקי _הפלעליס בבית החרושת ""שמן'' • ימת ביום כ‭. '‬בן ‭. 52‬הביח אשה. לווייתו גער־ כד, "" אתמול. י . לעולי‭;:‬קילץ בחיפה . והסביבה ‭:'‬ערב. זכרון להשמדת יהודי קילץ יתקיים י מחר ביום ה' בשעה•‭8. 30‬ בערב בבית פבזנר. c . ‭-., ‬ . קופת חולים ב…"
1946-11-26	hzh	hzh19461126-01.1.4	"…3 ‭ יריות בגבעת שמואל תושב גבעת שמואל שעל יד בני ברק א. אד־ לר נורה ונפצע על ידי אלמונים שירו מבעד חלון ביתו, הוא הועבר לבית חולים בילינסון. משטרת רמת גן אסרה 5 ערבים חשודים\ מכתב ממנדל זיימנבודסקי הנמצא במחנה אונרר""א בברלין־שלכטנזד, הנועד לבניו• בארץ נתקבל אצל שמעון ברגמאן י חיפה, רחוב הרצל ‭,. 69 ‬ י ו הנני מודיע ברבים י שהגשתי בקשה למ־ לעירית ירושלים. להעביר את רשיי , ן ? כירת משקאות חריפים מחוץ…"
1946-11-27	hzh	hzh19461127-01.1.1	"…ה עולים, גברים וילדים, המימד?ונאספו על ידי פירה גדולה. הודעה רשמית מאוחרת יותר אומרת שבשעת העברת העולים הבלתי . חוקיים בחיפה היום נפצע עולה יהודי אחד פצעי מוות, שני פצועים יהודים הועברו לבית החולים. לפי הודעה רשמית שפורסמה בראד""ו ירשלים, נשארות אניות הגירוש במים הטריטוריאליים של ארץ-ישראל במשך . היום. גם ראדיד לונדו…"
1947-01-17	hzh	hzh19470117-01.1.8	…שעמד ליד שער הנושק. ־ • ' , •פארקאש' נפצע קשה ונגרם לו שבר? בבסיס הגולגולת ושבר בירר, . הוא . הועבר ע''י מגן־ דוד אדום 'לבית החולים רוטשילד בחיפה. עזבו את בית ?החולים הממשלתי עור 2 ערבים מפצועי ההתקפה' על מרכז המשטרה עזבו אתמול, את ־בית החולים. הפצועים שמצבם רציני …
1947-01-19	hzh	hzh19470119-01.1.4	"… הישיבה. י • י • • י ־:חיפה • . קרבנות תאונות בבית, החולים הממשלתי הוגא שוטר ערבי שנלחץ בין שיתי מכוניות ליד •גשר 'של"" בחיפה. ‭— ""‬ דב פוקש בן 22 מיגור שעלה. מק־ רוב ארצה נפגע על ידי אוטובוס ערבי והועבר במצג קשה . לבית החולים' 'רוטשילד. נקבע •שבר •בירך ובגולגולת. כן הובא לבית החולים' הממשלתי ילד ערבי שנתלה באוטובס ונפל:כעת הילוכו. שביתה בבתי'הזיקוק ‭. '‬ י . • • - אתמול. בבוקר: •בשעה 8 הופסקה העבודה …"
1947-06-10	hzh	hzh19470610-01.1.4	"…ילר מרחוב . גאולה 25 נפגע אתמול על־ידי מכונית והובא לבית . חולים , רוטשילד, נפצעו בהתנגשות מכונית . התנגשה בחברתה במפרץ חיפה ושני נוסעיה חברי הקבוץ כפר מאסאריק נפצעו והובאו לביה""ח רוטשילד, קרא מיכאל בן 34 נפצע קל, ושמואל ברוך בן ‭. 34‬מצבם הולך וטוב, נורה ב""פנטזיה"" חסן חוסיין חג'יר בן 30 מכפר טירה נורה מכדור אקמח בשעת חדווה ב""פנטזיה"" בחיפה. הובא לבית החולים הממשלתי. אסיפת המורשים של הדר הכרמ_$ . תתכנס ' היום ב־8 בערב על גג בית תלפיות למושב השנתי לשם שמיעת הדו""ח ואשור התקציב …"
1947-07-20	hzh	hzh19470720-01.1.1	"…ער, שתים _אחריחצרת ה""אושן וריגיר"" הפליגה בליל ו' בשער, תשע. ""נפצעו בשעת ההעברה"" עשרה גברים‭17, ‬ נשים . וילל אחד הרעברר לבית החולים ;־;ממשלתי בחיבה בגלל. הפצעים שנפצער בשערי. ההעברה. שני אנשים גבר בן 30 ונער בן י 18 נפצעו פצעי מרת. סרגדנו בחיפה מודיע: ?לתונצים 'וצלמים שנהרו לחיפה ממקומות שר־ ניב בחיפה, הוזמנו ע""י לשבת המודיעין להיות מוכנים ל־1 אחרי ‭. ', '‬צהרים ביום ששי כדי לצאת לנמל בהדרכה לציני…"
1947-07-20	hzh	hzh19470720-01.1.1	…ר ותחבורה מתחיל בשעה ‭. 2. 30‬בתי קאפה_> קולנוע ושעשועים יהיו סגו־ רים, המסעדות תהיינה פתוחות מ־7 עד ‭. 9‬בשעה 3נזעקת . חיפה העברית לעצרת עם בבית הקברות. הלוויה מבית החולים הממשלתית תצא בשעה 4 ?ואוטובוסים יעמדו לרשות הציבור. שמועה mm הצב_8י ננת ניה יבוטל מחו רווחת שימוע 'שמקורה בזזוגי •הצבא …
1947-11-16	hzh	hzh19471116-01.1.4	"…תרוץ' ביריות ממכונת יריה. לפי ההודעה הרשמית נורו היריות ממכונית קטנה ושלףט מהן פגעו באוטובוס. הצעיר חיים ג, ילדמאן הגר בחיפה בשכונת הרצליה מת בו ב:יקום. עמנואל בךציון _בךגוריון, בןאחותו של דוד בן־גוריון, נפצע בגבו, הובא לבית החולים ""מולדה"" בהר הכרמל ואחרי שהוגשה לו עזרה ראשונה הועבר. לבית החולים רוטשילד. מודיעים לנו הערב מבית החולים בי מצבו של הפצוע…"
1947-11-16	hzh	hzh19471116-01.1.4	"…ל הצעיר גולדמאן השרה אבל על חבריו וידידיו וכל יודעי המשפחה. הצעיר היה מנאמני _הבטחון היישובי. ליד גופתו בח־ דר המתים של בית החולים היעמד משמר מחבריו. מתיהות""רבה בחיפה מתיחות רבה שוררת בחיפה זה שלושה ימים טאז היריות על אנשי הבולשת שבהם נהרג אחד ושלושה נפצעו קשה ביום ד‭\'‬ אולם המתיחות הפכה לסערת זעם כאשר ביום…"
1947-11-26	hzh	hzh19471126-01.1.4	"…• חמישי בבוקר. יצא מבית 'החולים עמנואל בן גוריון שנפצע בהתקפה על מכונית מ‭4 ':‬ בדרך להר־הכרמל ב־14 לחודש, ההליכ ךצ‭)?‬ מבית החול־ם. קוו גינואה—חיפה על סיפון . האנייה האיטלקית ""פאסה"" (שלום) נערכה אתייל לסיבה חגיגית מטעם ה""ללויד הימי הא""י"" שהוא סוכן האנייה לרגל העמדתה …"
1947-12-07	hzh	hzh19471207-01.1.1	"…19 מחיפה. הותקף. נהג הנהג צבי פולובייטשיק בן ר2 הותקף ונד־ קר על ידי 'המון ערבי לאחר שמכוניות דרסה ערבי בן 55 בשער עכו בחיפה בשבת ב־‭3. 30‬ אחה""צ. נגרמו לו פצעים קשים והועבר יחד עם הערני 'הנדרס אל בית החולים הממשלתי. ערבים הציתו מחסן בחיפה ברחוב ספאנטון 36 הציתו ערניפ נגריה יש־ ני מחסני עצים השייכים לוויים וואלפלר. הנזק ‭1500 —‬ לא""י. ערבי מת מרסיס פצצה ג'ורג' קאטאביאן נן 33 מחיפה הונא נ־י בלילה אור ליום שישי לבית החול י ים הממשלתי פצוע מרסיס פצצה שהוטל־ על הגא• ראג' של. ־ערבי זלהאבי. הוא מת אוז""כ מפי צעיי. (הסוף בעמוד ־, אחרו‭(! ‬ נצחה…"
1947-12-19	hzh	hzh19471219-01.1.1	"…ימ את האש?• נדקר ארנסט גוטשאלק, בן ‭, 33‬הותקף ונדקר ע''י שכאב ערבי ברחוב אלנגי ליד המושבה הגר־ מנית, אמש, בשער. * היכא לבית החולים רוטשילד. מצבו אינו מדאיג ידיות על _גיתזוודן בלללד, הקודם נורו יריות ?ל _זמיגוץ 3יתי אורן בקיבת חיפה מכוון זדי סלח• איש לא נפגע. לא אצל הוועד, על אצ""ל בחיפה אומרת כי אין לו בל שייכות לידיות שנורו ביום שעי שעבר אל חיילים …"
1948-01-14	hzh	hzh19480114-01.1.1	"…ת. מאש המתקיפים נהרג שאול עזרא בן 17 מהכשרת הגוער של _לקיבוץ שהיה עם העובדים בשדות. השומר אליעזר _גלמן בן 28 נפצע והובא לבית חולים בחיפה‭3. ‬ מהכנופיה נהרגו ביריות דאהדיפ רכיפ נפצעו‭'. ‬הקרבות. נמשכו למ־ עלה עשעה וחצי. ולמ""מ) במקום נמצאה אחר־כך גופתו של ער…"
1948-01-14	hzh	hzh19480114-01.1.1	"…i-‬ ערת_ שהוא נהרג ביריות במקום . אחר _לנסחב ' למקום שבו נמצאה הגווייה. 'שתי גוויות יהודים ‭(?)‬ שלא זוהו בחדר המתים של בית החולים הממשלתי בחי - פה מוטלות . שתי גוויות אלמונים, יהודים כפי הנראה. אתת הובאה ביום שגי מסביבות כפר טירה, השניה היבאה בו ביום בשעות הערב מחיפה. אלה הסבורים שידעו לזהותן בעקבות היעדרם של קרוביהם יתקשרו עם חברה קדי־ שא בחיפה רחוב הגלעד ‭3 ""‬ טלפון ‭. 3923‬ נפגע על…"
1948-01-14	hzh	hzh19480114-01.1.1	"…הג גס באמריקה על ידי ""הצלב הכחול"" המר* כז את הפעולה והאגודים בו 30 _פיליון נפש. על ידי כך חושבת ""אסותא"" להגדיל בקרוב את בית החולים שלה ולהוסיף so מטות 7־100 הקיימות. כן הולך ימוקם בית חולים בשפ ""אלישע""' בחיפה. כינוס המועצה הארצית. וראשי הסניפים של המזרהי - היופ, בשעה 3 אתה""צ פתכנםיפ המועצה הארצית וראשי _הסניפיס 'של הפזרהי ועסק…"
1948-02-09	hzh	hzh19480209-01.1.1	"…נים נודה על ידי שני הצדדים. המשמר השיב אש והרג את הערבים. סבורים שאצל היהודים לא היו אבירות בנפש. סופרנו מודיע: . ־מתוך בית החולים הערכי ""אלאמין‭. ""‬במזרח חיפה ? ירו ערבים אל חיילינו. החיילים השיבו אש‭3. ‬ ערכים נהרגו בתיכם שייך, וערבי אחר נפצע קשה. קבוצת ערבים ניסתה אחמול לעבור…"
1948-02-09	hzh	hzh19480209-01.1.4	…וע חדלי בן 40־ שמת באופן טבעי בתוך _צריפו המבודד, ? לפגי ' שבוע ימים' וחיילים העבירו של- שום את מפתו. מעלהת הצלכ האדופ כחיפה אתמול י הגיעה לחיפה המשלחת סל הצלב האדום הבינלאימי . תוך טיוריה בארץ־ישראל. היא ביקרה בבית החולים •הממשלתי ובמשרדי מחלקת הבריאות. אחרי הצהרים ביקרה בבית מגן דוד אדום בהדר הכרמל' במוסדות _קיפת־ חולים ובמרבזי־פלימים. הי…
1948-04-23	hzh	hzh19480423-01.1.1	"…על נצחונות יהודיים הודעות ראשונות של לשכת המודיעין הממשלתית‭', ‬ ששודרו ' בראדיו ירושלים _&וסרות על _הנצחונות היהודיים בחיפה. ההודעה מאשרת: שהערבים נסים בסירות בכ י וון עכו‭. '.. ‬יי: לפהות מאה ערבים נפגעו והועברויל־ ביה""ח הממשלתי. שוחררו האסירים . האסירים שהיו כלואים בבית הסוהר המקומי שוחררו ובית הסוהר שפונה ע""י המשטרה - נתפס ע""י ?הלגיון ה…"
1948-04-28	hzh	hzh19480428-01.1.2	"…טי ברחוב המלכים, אריה םמברג, שנפל בקרבות בכפר טירה, ויעקב שקולניק מנשר, שהובל שם לקברות. היישוב מעוניין בהמשכת קיומו של בית החולים הממשלתי בחיפה מנהל מחלקת הבריאות של הוועד הלאומי, הד""ר א. קצנלמון, וממלא מקומו ד""ר ב. הירשו־ ביץ, והד''ר י. מאיר, מטעם הוועדה הרפואית…"
1948-05-17	hzh	hzh19480517-01.1.3	"…גבריאלי נאם בהתרגשות רבה על ערך היום. _מחלאות הממשלה _בחי8ה הועברו ליד העירה הוקמו וועדות לנמל ורכבות, מכם, מחלקת הדייג ביהח""ו(הממשלתי לשעבר‭, (‬דואר וטלגראף, לענייני קרקעות ומחלקת העבודות הציבוריות העבירה את ציודה לעיריה בפגישת עיתונאים מסר אתמול ראש העיר בחיפה מר שבתי לוי פרטימ על העברת מחלקות הממשלה לידי העיריה ומנוי וועדות ומנהלים על־ ידו לוועדות אלה. עוד בחודש אפריל פנתה מחל…"
1948-05-17	hzh	hzh19480517-01.1.3	"…תוכם 1500 חיילים. בין היוצאים ראשי הבולשת וקציניה בירושלים. זרם השיבה של הפליטים למקומותיהם מתנהל בקצב מוגבר בימים אלה בחיפה. בביה""ח הממשלתי בחיפה בית־החולים. הממשלתי לשעבר. בחיפה הועבר י כולו לרשות עירית חיפד""ונעשה נטמן לקבל עליו א י ת חסות הצלב האדום הבינלאומי, כדי למנוע מעש…"
1948-06-20	hzh	hzh19480620-01.1.3	…, שעתון עברי יודפס וימכר בשבת־ קודש אינו ידוע בתולדות הישוב, ויש לעשות הכל כדי לשרשו מתהילתו. המצב בבית החרלים הממשלתי בחיפה מחלקת הבריאות מודיעה: בקשר לידיעות בלתי מדויקות, שפורסמו בעתונות על גורלו של בית החולים הממשלתי בהיפה, מביאה בזה מהלקת הבריאות לידיעת הצבור את הדברים הב־ אים: בית החולים הממשלתי בהיפה, הועבר מתאריך 15 במאי ש…
1948-08-08	hzh	hzh19480808-01.1.3	"…ו הערות ומשאלות מפי המשתתפים. המש־ רד מתכוון לקיים מסיבות כאלה לעתים מזומנות בתל־אביב לעובדים בהלק הדרו־ צי של המדינה ובחיפה לעובדי הצפון. אין מחלות _אפידמיות ביפו מנהל מהלקת הבריאות בארץ, ד""ר א. _קצנלםון וד""ר שטרנברג ביקרו בלוויית המושל הצבאי את בית־החולים הממשלתי ביפו שבו נמצאים הולים ופצועים מהצבא המצרי והסודאני וגם הולים מתו־ שבי העיר יפו. כמו כן ביקרו בבית החולים הצרפתי…"
1948-08-09	hzh	hzh19480809-01.1.4	"…תפוצץ בשעה ששיחקו בו ברחוב קםריד. 18 ילד יהודי נפצע קשה וילד ערבי — קל. התנגשות דרבים החייל אפרים לוינטאל נפצע בכביש ת""אחיפה בהתנגש מכונית פרטית בצבאית. הובא לבית החולים בנתניה. נדרסה במכונית פנינה אל חריף' בת י חמש והצי נדרסה במ־ כונית נהוגה בידי פולוס קאסם גארמ והובאו לבית חולים. במעון, חברה לשיכון היום ב־5 במשרדי וועד הדר הכרמל אסיפה כללית שנתית. על הפרק: דדיה ובהירת הנ־ הלה, הגדלת הון המניות ב־…"
1948-08-29	hzh	hzh19480829-01.1.4	"…. 30‬במשרד המפקחים ב־ תל־אביב. כל מורה כנ""ל צריד לקבל במשרד המפקחים פתקא, הקובעת את מועד בדיקתו. למורים שנוה להם להבדק בחיפה. יכולים לפנות אל ד""ר יכנין, רהוב פ ב־ זנר מול בית החולים בתר. להקמתפ מהדש של כתי הכנסת כיפו לשכת המודיעין הממשלתית מוסרת : הרב הראשי לקהילת תל־אביב ויפו, הרב טולידאגו י , סייר …"
1948-08-29	hzh	hzh19480829-01.1.4	"…תלושים. בעלי תלושי עופות קבלו גמ את המנות הללו. לתיאום' עבודתם של בתי ההודים על הדאגה לעבודה הרפואית ותיאום הפער לות של בית החולים הממשלתי והעירוני והבטחת בעלות העיריה על בית _חחולים רוט־ שילד — דנו בישיבת ועד ההנהלה של הדר־ הכרמל, בה הרצה ד""ד ב. ניםנבוים, ראש השרות הרפואי בחיפה ומלא אחריו ד""ר ש. שלוסירג. ניתנה סקירה על מצב עניני האישפוז עם העברת בית התולים הממשלתי למדינת יש־ ראל ופתיחת בית החולים הצבאי (האיטלקי לשעבר) לצר כי שעת חירום. וכן על בי""ח בורוכוב באחוזה והרחבת בי""ה רוטשילד העומר לעבור לעירית חיפה. קבלת _טיעג־דית לבית הספר הממשלתי לאחיות בחיפה היי' שולמית קאנםור המפקחת על שרות אחיות במשרד הבריאות, תהיה בחיפה בבית־ החולים הממשלתית, בימים שני עד שלישי לספטמבר ותקבל מועמדות לביה""ס הממשלתי לאחיות בחיפה, העומד להפתח בקרוב. וועדי ריעובבים בהברת…"
1948-08-31	hzh	hzh19480831-01.1.3	"… לרשות הועד הלאו־ מי בסוף חודש אפריל. ביפו פועלים עתר, מאנשי השירות הרפואי לשעבר, ביניהם קצין הרפואה הראשי , ומנהלים את בית החולים הממשלתי ביפו המשמש בעיקר את שבויי המלחמה הערביים. ןזמו""מ על העברת בית החולים בחיפה — הגדול ביותר בארץ עם 350 'מיטות — לא נסתיים עד שצבאות ישראל כבשו את חיפה‭*. ‬ על אף בקשותיהם של מנהלי מחלקת הבריאות ישראלית , ־ סרבו עובדי בית החולים הערבים להישאר בעבודתם ולדאוג לפצועים הערבים• רו־ נם עזבו את מקום עבודתם ואף '־חולים פונו. בית החולים פתוח עתה ובין עובד…"
1948-08-31	hzh	hzh19480831-01.1.3	"…רה ניתנה להחזרת כושרם של חיילים לשעבר, הן במובן הגופני והן במובן הנפשי. נקבעו תכניות בדבר טיפול מיוחד שיינתן לאחר יציאה מבית החולים כגון טיפול אורטופדי , ניתוחים פלסטיים, ניתוחים אופתלמיימ וכוי. בית החולים בחיפה אורגן מחדש וכמעט מחצית מטותיו תוקדש לטיפ •ל כזה שיינחן בעיקר על ידי מומחים מהו‭?""‬שהה־ נדבו להשאר במדינת ישראל לזמן הדר…"
1948-09-17	hzh	hzh19480917-01.1.6	"…ום משעה 4 _אהה''צ. ‭v, ‬ . נפתח. בית ס י פר. לאחיות מטעם משרד הבריאות הממשלתי נפתחו ביום ד' ‭15:0‬ בית הספר לאתיות. ליד בית החולים הירקון בתל אביב ובית הספר לאחיות ליד בית החולים הממשלתי בחיפה‭_4. ‬ןספר התלמידות בשני בתי הספד הוא ‭, 70‬מחצה על מחצה. תוגש תביעה נגד ‭*. ‬קול העם"" על השמצת קציני משטרה לסופרנו? נוד…"
1948-12-16	hzh	hzh19481216-01.1.4	"…יפת שושנה רויוא גולדברג בת. • שמואל נחום כגל צפה—ת""א צדוק זיגפריד בן מתתיהו גיסברג פולדא—ת""א מרים בת משה רוטנברג גרמניה—בי""ח בילינפון רצון בן . עמרם צברי תימן—פיית שולמית בת שלום בהן הרמתי פייה. יוחנן בן ישעיהו. פלשקס וינא—ת""א אלה חיה בה אריה הנין חיפה—ת""א דוב אסא בן אברהב דוידוביץ בודפסט—בצבא שרד, בת מנחם הורה כופיה—פדדס־חגה יוםף בן פרג' כשכש דמשק—ת""א ויקי בת שלמד. מרו…"
1947-12-26	itonamami	itonamami19471226-01.1.1	…י רושמיה. 3 נוסעים נפצעו: אסתר דויטש, בת 16 נפצעה קל ברגל, אברהם לטה בן 20 נפצע קשה ועזרא חגה בת 50, בלכתה ברחי השומר. |לבית החולים רוטשילד הביאו את הפ- צועים הבאים: לודביג רוזנברג, בן 50, שנפצע ביריה בלכתו ברחוב. אפשטײן אסתר מנהריה, אמש בשעה מאוחרת מסרו באופן רשמי בחיפה, כי מספר ההרוגים הערבים הואB, וכי 14 ערבים נפצעו קשה, ױl 2 ערבים נפצעו קל. כל .אלה הובאו לבתי החולים מחוגי ה״הגנה״ מוסר…
1947-12-26	itonamami	itonamami19471226-01.1.1	…העבירו את הפצועים קשה למשטרת אבו-כביר, ומשם נאספו ע״י אמבולנס מ.ד.א. ל״הדסה״ בת״א. שמות הפצועים הם: שמעון שפירא, בן 36 מחיפה, שרק שלשום הובא מת״א ליפו ; יצהק מסרי, בן 23 ויצחק כהן בן 17, שניהם מתל-אביב. קצין בריטי דאג מאוד לטיפול בפצועים והעברתם לבית החולים בת״א. אגב, יש להוסיף, כי שלשום בשעת ההתקפה על המכונית של האסירים נפצעו 3 ערבים מאש השוטרים. ן מאות מטות וזוניות, מוכזיס…
1947-12-29	itonamami	itonamami19471229-01.1.2	…עיהו צירגס, בן 21, נפצע בשעת ההתפוצצות. גית החולים מלא על גדותױ מפצועיש ערביםבמוצאי שבת ובמשך כל יום׳ יאי שרר שקט יחסי בחיפה ובסביבותיה. ממקור ערבי מוסײם, כי בית החולים הממשלתי בחיפה מלא על גדותיו מפצועים ערבים. 5 עצורי בשק הועפרו לעפו 5 הצעירים היהודים שנאסרו אור ליום ר בקרבת קרית מוצקי…
1947-08-13	khm	khm19470813-01.1.4	"…50‬ לירוח — ובכלל זה תרומה של ‭3, 500‬ לירות שנמסרח לנו מחוג ידידי ססס""ד. יצחק קרמן ‭itf£_Sffii&ii£_S3&a1 ‬ קרבן העבודה חיפה, יום ג' - יצחק קרמן בן ‭, 24‬ מסגר בבית המלאכה טייכד וקנופף. נת־ _חשכ‭'_^‬ הבוקר עת שנגע במשהיזה. הוא נהרג במקום. גופתו הועברה לביה""ח רוט־ שילד. הניח אשה והורים• מוסרים שבמקום עבודה זה _נחחשמל פועל אחד אשתקד בשעח עמדחו. חצליחו להציל את הייו בניתוק מידי …"
1947-08-13	khm	khm19470813-01.1.4	"…קרן רח' בן־יהודה והמלך ג'ודג' בירושלים. המכונית שעברה בפינה מסוכנת זו במהירות , רבה. פגעה באשה. הנפגעת הועברה במצב אנוש לבית החולים הממשלתי. בי""ח ממשלתי נעזר על ידי מנן דוד אדום חיפה. יום ג' — אמבולנס של מ. ד. א. _בחיפוי חעביר חיום 6 חולי טיפוס ערבים למה""ח חממשלתי, מכפר ערבי שבקרבת קבוץ עין השופט, היו…"
1947-08-18	khm	khm19470818-01.1.4	"…גרויוח אלה. _חחורים קבלו על עצ־ ;פס. לדאוג להסברת העניו לילדיהם ולמני־ J עת השטת דברים דומי‭.. _^ ‬ שביתת הרעב של אהיות ביה""ח! הממשלתי בחיפה הסתיימה תיפוג יום א' — אתמול הסתיימה. שביתת. רעב של למעלה מ־‭. 60‬אחיות יהודיית‭.. ‬ער־ ביות !ארמניות העובדות בכי''ת הממשלתי בחיפה‭.. ‬ לאחר שחהנחלח הבטיחה למלאות את. דרישת השובתות הופסקה חשביחח‭.. ‬ השמחה פרצה ביום ו' במקר בגלל. האוכל הנדוע, הבלתי. …"
1947-11-05	khm	khm19471105-01.1.3	"…ר אוטובוס ערבי חיפח יופ ג' — בקרבת בפד ענוק (מחוז עכו‭. (‬התהפד אתמול בצהרים אוטו־ בו ערבי. 5 נוטעים נפצעו קל ונאםפו אל ביה""ח הממשלתי בחיפה. תורנות בתי מרקחת קריינקיו• חרצל ‭, 10‬טל‭!!223. ‬ ירושלים נעצרו שני צעירים, אשר סירבו להוריד כרוז של אהד הארגונים הפור…"
1948-01-02	khm	khm19480102-01.1.6	"…ר. על _טמך דו""ח זה ההליטה האספה לא לחזור לעבודה ולהתכנט שוב בשעה 3 אחה""צ מחד (היום) באותו מקומ. _ה_^דים היהודים עזבו את ביה''ח הממשלתי חיפה, יום ה' ‭45 —‬ רופאים ואחיות יהודים עזבו אתמול אחה""צ את ביה""ה הממשלתי מחוסר בטחון לפי דרישת ועדת היבטחון הישובית, העובד…"
1948-01-26	khm	khm19480126-01.1.4	"…נח אלא םכוס לא גדול ביותר של כטף וסיוע אחד. ד""ד _חאלדי יבקר אף בדמשק בימים חקרובים. נמשכים _החיפועוים אהד' ‭IMI _PIVJ‬ בחיפה חישה יום א' — חחיפושיפ אחרי נשק מגן בחיפח נפשנו גם חיום, בבתים שבק־ צח רחוב _חרצל מול ביח חתעשיח ובבנין מניף קופת חוליה נקצר?רחוב ברזילי. החיילים, שערכו את החיםוש, טענו שחפ מחפשים חדר נטתה שלשי דפדיהם נמצא באח…"
1948-01-26	khm	khm19480126-01.1.4	"…""צ בשוטר ערבי שעמד על משמרתו בשער יפו ופצעוחו קשה באותה שעה נפצעה קשה מרים אניפ, נת ‭, 50‬מכירכת־אל-טולטאן. השנים נלקהו לנית החולים הממשלתי. עובדי ""של"" היהודים לחיפה 18 עונדי הנ' ""של"" היהודים יועברו לחיפה. בירושלים 'שאדי לענוד דק עונדים עדנים. חיילים מארצות ערב לשמירה על הקונסוליות _כ־‭30—20‬ חיילים מכל אחת מאדנעח המדינות …"
1948-01-26	khm	khm19480126-01.1.4	"…‭7. 30-מ‬ צד ‭8. 30‬ במקר ומ־1 עד שעה 2 אחה""צ כאמצעי מגן על השקידיפ היהודים הבאים ועוזביפ אח העבודה בש - עות אלו, עובדי ביה""ח הממשלתי בחיפה עזבו ™ העמדה באשמת הממשלה חיפה — מאת סופרנו — כידוע פשטו שמועות כאילו עובדי ביה""ח חממשלתי בחיפה עזבו את העבודה מפיבות נלתי צודקות. האשמה על עזיבת חפרסונל היחודי בניה'יח הממשלתי בחיפה נופלת אך ורק על השלטונות, בגלל רשלנותפ ואי מילוי חובחם כלפי חציבור, חחולים והעוב־ דיה הפרסונאל היהודי בביה""ח רממשלתי רצת י להמשיך בעבודתו. אולם השלטונות אטמו אזניחט לדרי־ שות העונדיפ חיחודיט נשטח חבטחון. ביחיד היווח םכנח חמורה ל…"
1948-05-04	khm	khm19480504-01.1.4	"…ם וגדלים, במהירות יבי־ עילות המכסימלית. נציגי הועדה השיבו בסיום המסיבה לש - אלות העתינאים. פעולה להעברת ביה""וו הממשלתי בחיפה לרשות יהודית מ המוסדות היהודיים לקבל על עצמם את הטפיל גם בחילים _יסציעים ערבים הנמצאים בבית החולים. הוא העמיד לרשית העירית סף של 10 אלפים לא""י להקלת ההעברה של בית החולים לרשותה. ביה""ח לחולי רוח בבת-ים בחסות הצלב האדום …"
1942-11-05	kolisraeljlm	kolisraeljlm19421105-01.1.2	"…תי, ועל .סף השנה השני׳ היא שואפת להמשיך בקו זה ביתר שאת וביתר עוז• . י• r• הרב י. עוזר, היפה כמתוקניט שבהט לא מזמן חגגה חיפה את חג חנוכת בנין בית החולים ""הדסה""• אין לנו לזלזל בערכו הצבורי ■של המפעל הזה, חסרונו היה מורגש. בעיקר בשביל ""יהודי סתם"". ל״צבור הפועלים"" חברי ההסתד…"
1942-11-05	kolisraeljlm	kolisraeljlm19421105-01.1.2	… בו מהלקות לכל מיני הולים ותחלואים׳ מחלקה מיוהדת למחלות מדבקות׳ מחלקה ליולדות וכו׳. רחבות הדעת ועשירות נכרת בכל פנה של •בית־ חולים זה. ישנו שמה גם חבר (ח ו־ב סגוליות) עובדים יהודי, עבור הנזקקים היהודיים• החסרון היסודי הוא, שמטבח ביה״ח הוא טרף בהחלט• משרד הרבנות בחיפה טפל אמנם בשעתו להסדיר את עניני הכשרות׳ אולם דרישה צודקת זו לא מצאה את ההד הדרוש. התקון המבוקש׳ לא יצא לפועל. ובכן מצב ה…
1942-11-05	kolisraeljlm	kolisraeljlm19421105-01.1.2	"…ות ודרישות. לשלטונות בנוגע לכשרות, אם נדרוש ""טול ק־סם מבין עיניך"" ישגה תשובה מפורטת ""טול קורה""! , יוצא איפוא שחסרונו של בית חולים יהודי כשר היה מורגש. העשירים השתמשו בבתי חולים פרטיים. (יצויין דרך אגב, שביה״ח הפרטיים בחיפה הם כולם בשרים, וגם זה הישג גדול). ומי סבל ? חוה אומר ""יהודי סתם""• ""אין הקב״ה מקפח שכר כל בריה"". ראויים הם העסקנים להערצה וברכי׳ ■עבור עבודתם הפוריה, בעיקר יש להרים' על נס את עבודתו המסורה של מע״כ מר שבתי לד, יו״ר עירית חיפה׳ שהוא היה היוזם והרוח החיה בהקמת .הבנין. במשנה מרץ ובהתמדה ללא לאות עמד הוא על המשמר׳ מעורר לפעולות עד אשר המפעל הוקם על תלו. ביה״ח החדש עומד לשרות הקהל, יש בו כל השכלולים המודרניים, ורב ברכה צפון בו. עשרים שבות קול ישרא - תמצית הרפתקאות היהדות החרדית…"
1948-03-09	mar	mar19480309-01.1.4	"…מקיפה חוגים יותר ויותר רחבים :של ערביי חיפה, ""הראש"" מנסה לעודד את הרוחות נראה כי הידיעות על _הדבאון ‭':'‬השתרר בין ערבי חיפה הגיעו גם אל ""הראש"" במצרים ולפני כמה ימיה הוא שלח תרומה מיוחדת של שלושת אלפים לא""י בשביל בית החולים הערבי ל־ ‭?;‬זעת חירום. 2 הגויות‭-?‬ של יהודים עתה נודע כי שתי הגויות — של גבר ואשד, — שנמצאו שלשום ברח' המלכים בחיפה הן של יהודים. הגויות הועבדו מ־ בית החולים הממשלתי : לחדר המתים של ביה""ח רוטשילד או- לם מרס זוהו. ערבי מת מפצעיו ־ ' בחיפה והסביבה שרר הבוקר שקט. ערבי כבן 20 שנורה את אתמול בשוק הערבי — מת ה ב…"
1948-03-10	mar	mar19480310-01.1.4	"… ' בחיפה וסביבתה אתמול נפגשה , הוועדה הל ־ אומית* בחיפה עם הנציגים הכפריים. בפגישה נתקבלו החלטות על חיזוק ההגנה הערבית בחיפה. כן הוחלט לפנות בבקשה לממשלה בדבר היזוק השמירה על הכפרים הערביים כדי להדוף את ""ההתנפלויות ח־ טרוריסטיות* עליהם. ביה""ח הממשלתי ביפו - לידי הערבים ז ד""ר יוסוף הייכל ראש עירית יפו נפגש אתמול עם מושל המחוז דן אתו בענין העברת האדמיניסטרציה של…"
1948-03-22	mar	mar19480322-01.1.3	"…. ואם ללמוד גזרה שווה מן ה־ עבר הקרוב, חוזרת המחשבה ל "" ד ו נ ק י ר ק ‭. ""‬ י רק לא ""מינכן‭!""‬ י בעלי טובות (ד•?ג‭(. ‬ בחיפה הועמד בית החולים הממשלתי לרשות הע־ רבים, ביפו משתמשים בו דק הערבים, בבית צפאפה ובירוש־ לים מקבלים ריפוי רק אנשי כנופיות בבתי החולים המשל…"
1948-04-18	mar	mar19480418-01.1.8	… אביב לרשות העיריה וחבר המועצות המקומיות, עד שאפשר יהיה ל־ העמיד את בית החולים הצבאי במחנה תל ליטוינםקי לרשות _החושבות. בית החולים לחולי ריח בבת ים יימסר לעת עתה לנציג הצלב ז?אדים הבינלאי־ מי , שיעבירו בהדרגה לידי הרשית היהודית היורשת. במחוזות אחרים לגבי חיפה, הדרישה היא, שהממשלה תעביר את בית החולים הממשלתי , המשמש כיום את הערבים בלבד, לבעלות העיריה, כדי שזו תהיה הרשות האחראית…
1948-05-04	mar	mar19480504-01.1.1	…ת האחרונות היתה קיימת תכנית שבשתי האניות הגדולות הללו יעבירו את מעפילי קפריסין לארץ ישראל עם תופ המנדט. ביהי'ח הממשלתי בחיפה - לרשות _דייריה בית החולים הממשלתי בחיפה עבר לרשות עידית חיפה — בחסות הצלב האדום הבינה* אומי. נכבשו עסי ר‭:, ‬ וי הו דיה ־? ‭1?? ‬ ‭?;, :‬וון_^ר_^…
1946-01-01	tsohorayimhaifa	tsohorayimhaifa19460101-01.1.4	"… ""מוריה"". 11 ביח״ר ""שמן"" ־-""בלו בנד""• 12 חברת החשמל.' 1 התכניון העברי. 2 עירית חיפד3 בית־ הכנסת המרכזי. 4 שוק תלפיות. 5 בית־החולים ""רוטשילד*. 6 בית־החולים הממשלתי. מם?רו #ל מ!מין זאב קך?ל - תל־אביב (אלטניילאנד) הפליגו לחיפה. בוקר־אביב היה זה, לאחר אחד הלילות הרכים כל־כך בימים האלה, כשעלה להם חופה של ארץ־ישראל. שניהם עמדו על פני גשר־המפקדה וה…"
1946-01-09	tsohorayimhaifa	tsohorayimhaifa19460109-01.1.1	"… הכלל, כדי לדון בהצעת הממשלה בשאלת העליה היהודית. לישיבה זו הוזמנו ב״כ כל המפלגות והארגונים הערביים בארץ. בין המשתתפים מחיפה ה״ה: יוסף סהיון, שיך נימר מוחמד אל־כטיב ואחרים. השביתה בבית החרושת ""נור"" שביתת הפועלים כבית״ח ""גור"" בעכו נמשכת. הפועלים השובתים נמצאים יומם ולילה בביהח״ר. אגודת הפועלים הערבים הפלשתינאית בחיפה פתחה במגבית לטובת השובתים וערכה אספות פועלים במקומות שונים, בהן הובעה הסולידרי…"
1946-05-02	tsohorayimhaifa	tsohorayimhaifa19460502-01.1.1	"…ום ג׳ בערב נערך על מגרש ביה״ס הריאלי מיפקד חגיגי מטעם גדוד מ.ד.א. למלאות 60 שנה לד״ר ב. ניסנבוים׳ מבוני ""מגן דוד אדום"" בחיפה׳ השתתפו במיפקד ד״ר ליבונטין, ד״ר רבינוביץ וד״ר פרנקל מטעם מרכז מ.ד.א. ד״ר שטרנפלד בשם הסתדרות הרופאים בחיפה, ד״ר זידה ומר גוטמן מטעם הנהלת בי״ח ""רוטשילד"" בחיפה וכל הרופאים הסניטארים והחברות של גדוד מ.ד.א. נוכחו גם רבים מידידיו ומוקיריו של בעל היובל. גב׳ רחל מילר׳…"
1946-05-02	tsohorayimhaifa	tsohorayimhaifa19460502-01.1.1	… להתכחש לעניניהם הלאומיים׳ הם מוצאים דרך לליכוד הכוחות בין פועלי שני העמים׳ לשם הגנה על עניגיהם המשותפים. בשטח זה ראויה חיפה לשמש מופת. א. א. .ס!■®■?• נאצים מתפרנסים מכספי משלם המסים היהודי נודע לנו, כי הספק לחלב של בית־החולים הממשלתי בחיפה — הסוחר מר בוטג׳י, ממציא לבית חולים זה חלב מתוצרת המושבה הנאצית ואלדד,יים, שרוב תושביה עצורים מאז פרוץ המלחמה האחרונה. כשנשאלה הנהלת ביה״ח הממשלתי אם ידוע …
1948-08-02	yomyom	yomyom19480802-01.1.4	"… על ארגון עניני החינוך במסגרת המדינה, אם כי בעוד ששה שבועות עומדים להיפתח בתי הספר. (על ""המשמר"") הסדר חדש בבתי• החולים בחיפה במסגרת ההסדר החדש בבעלות על במי החולים בחיפה — נודע לנו שביה״ח העירוני (ביה״ח הממשלתי לשעבר, שהועבר לעירית חיפה) יועבר לממשלת ישראל, פרט למאה מיסות, בערך, שאולי תהיינה ברשות צבא ההגנה. ביה״ח ~רוטשילד"", השייך בעת לקהלה העברית בחיפה, יהיה להבא בי״ח עירוני. צ׳כוסלובאקיה תייצר סרטים בעברית תעשית הסרטים הצ׳כית תספק למדינה ישראל סרטים בעברית. הסכם על כך נחתם בין נציגי ת…"
1948-11-24	yomyom	yomyom19481124-01.1.1	…פאדבארג וסגן־הקונסול ה1פ• הנציגות האמריקאית גדולה ך,יום בהרבה מן הצירות הרוסית• נסתה להתאבד לאה נגרי, בת 54, מרח׳ יל״ג בחיפה, נסתר, הבוקר לאבר את עצמה לדעת ד־ ידי קפיצה מקומה ב׳. במצב קשה הועברה ל־' בית החולים הממשלתי בחיפה. ברק הרגו יוסף דניאל מנשה, בן 33, עולה חדש, נהרג אתמול במחנה העולים בחדרה בפגיעה ברק. אושר פסה דיבר של טר…
1939-01-15	ytlv	ytlv19390115-01.1.13	…חברי הסיעה היהודית בעיריה. פתיחת בית־חחולים חממשלתי החדש בחיפח ביום ‭23. 12. 38‬ נפתח רשמית. על־ידי ה. מ. הנציב העליון, בית החולים הממשלתי החדש בחיפה. לפתיחת בית ההולים באו מוזמנים מנכבדי כל העדות, באי כת השלטונות האזרתייס והצבא. לבית חתולים ציוד הדיש בתכלית. בתחילה הו…
1944-04-16	ytlv	ytlv19440416-01.1.10	"…ות בבית החולים העירוני ' ואחרי עשר שנים שבהן הוכפל מספד התושבים אנו מקוים להגיע בשנה הבאה ל־‭350‬ מיטות! בהוצאות להחזקת בית־החולים בשנה זו היו ‭120. 000 ‬ לא""י , והקצבתה של ממשלת הארץ היתד' בסד ‭15. 000‬ לא""י בלבד, אף־על־פי שהיא מוציאה סכומים גדולים לחחזקת בתי־חולים משלה בחיפה, יפו, ירושלים ובערים אחרות. ראש העידיה מד י. רוקח ניהל משא־ומתן עקשני ותקיף עם השלטונות אבל לא הצליח לפרוץ את הקיר האטו…"
1944-04-16	ytlv	ytlv19440416-01.1.10	…גוספת למחלות *נימיות. כעת מחזיקים בין כתלי בית־ ‭!| ‬ החולים ‭65‬ מטות רזרביות לשעת־חידום, י ובאותו זמן חםכימו לשחרר את בית החולים בחיפה מהחזקת מיטות רזרביות. בתל־אביב אפשר למצוא בודאי סידורים מתאימים, כדי לנצל כראוי את החדרים האלה בבית־החולים לשם־חרחבת מס…
1944-04-16	ytlv	ytlv19440416-01.1.10	… שני בתי־חולים ציבוריים חדשים (לא־עידוגיים), בבנינים מתאימים בסביבות תל־אביב שיהיו בהם ‭160־150 ‬ מיטות. ואם תינתן לכד דחיפה על־ידי העידיה, יוגשם הדבר בקרוב. הממשלה לא תוכל לסרב לקבל לידיה את בית־ החולים בתל־אביב, כשם שהיא מחזיקה בתי־חולים בערים אחרות בארץ. ברכה למוסדות רפואיים. -י? עלינו לברד בהזדמנות זו את בית־ החולים ה…
