date	pub	page_id	window
1943-08-17	ahr	ahr19430817-01.2.31	…ח. וייצמן. נמצאה גווייה ח י ?ה, יום בי. — בשרק, במורח העיר נמצא ח אמש גווייתו שי פישט־ יד ערבי. זהותו לא נקבעה הועבר אל בית־החולים הממשלתי. בסביבות עכי פגעה מכונית צבאית בחםן אחמד _שהאדה, שנפצע ותועבר לביח־החוליס הממשלתי בחיפה מצבו אמד ברור. פגיעה קטלנית ברחי חג'אז פגעת מכתיתימשא נהוגה בידי משח מיכאל _בחםנה חסן חמדן' בת ‭. 8‬מתה מפצעיה בדדד לבי…
1943-09-03	ahr	ahr19430903-01.2.53	"…ו חודשיים מאסר. התנקשות במוצאי י ם ד' התנקשו 2 אלמונים בעבד אל לטיף דאשיד בשוק הערבי , ירו בו ופצעוהו. הפצוע ד. ־ בל אד בית־החולים הממשלתי. תורנות בבחי""מרקחת ליל שבת: מסדה, רח' מסדה ‭. 30‬ שבת: רפופורט, הרצל ‭. 29‬הר־הכרמל: ""אחוזה‭. ''‬מיפרץ־חיפה: ""ביאליק‭"". ‬ חיילים מנגנים ונוספר""ם היום‭, , "". ‬ כ־5 אחה'יצ ובמוצ""יס ב־‭6. 30‬ חנגן ב""גן־בנימין"" התזמורת ו של החיילים…"
1943-10-05	ahr	ahr19431005-01.2.36	"…. צריך להיות: אישיות, חשאיות. קרבן התפוצצות עלי _אזזמד מוטה' ריעה בן ‭, U‬ :פצע קשה עקב התפוצצות ליד יק־ נעט. מת מפצעיו בבית־החולים המג־ שלחי בחיפה. דוקר - לכבוד ""חד, ערבי שפצע בדקירות את אחותו, בקנאו לכבוד המשפחה, נעצר ביום ד' עיי השופט מר אחמד בק ל־14 יום. אופיום כ…"
1943-12-02	ahr	ahr19431202-01.2.30	"…:(‬ ושבו ניתן ריפוי הוספיטאלי שיטתי לזקוקים לכך, תקציבו השנתי של המוסד מגיע ל־‭25. 000‬ לא""י בערך. בית־הבראד, זה יחד עם ביה""ח הדסה בצפת הם המוסדות הציבוריים _היתידים שעלי ־ הם רובץ כל עול ההוספיטאליזציה של חולי השחפת בארץ , ג) ת מ נ עד, לילדים על הד־ הכרמל בחיפה' _נפחחה שוב בקייץ האחרון וממלאה בהצלחה את תפקידה רב־החשיבות — לתת הבראה לילדים חלושי־גוף עםכנת השחפת צפו־ ייה להם שבוע …"
1944-04-06	ahr	ahr19440406-01.2.69	…_אדכסנדד ‭\?‬ו_>_ידבד_\ד כתוצאה מתאונה _בעבוחד, בבתי־הזי־ קוק בחיפה, קיפח את חייו היום (יום די) הפועל אלכסנדר גולדברגר. גופתו הועברה אל בית־החולים הממשלתי. תופפת כעד שעות נופפות — הוועד הפועל החליט על תוספת שכר בעד שעות נוספות בשיעור של 25 אחוזים לפועלי נגריית המשרד…
1944-06-06	ahr	ahr19440606-01.2.75	…שוטר אנגלי נדהר בחיפה חיפה, _יים בי. — חשוטר האנגלי ג־רן לבוש אזרחית נדקר ב־3 דקי ־ דות־סכין עמוקות אמש בחיפה !בקצה רה' השומר ל־ד. ־ ־ב־נת _איד־_^ל־יודה. הדוקר דיבר ערבית. השוטר הפ־ צוע הגיע _לתחנת־משטרה ומשם נא־ סף זיל _בית־החולים הממשלתי.…
1944-09-20	ahr	ahr19440920-01.2.53	"…‭_0 2‬גת' ד_3ר בח""פד. חיפה, יום ‭—. a‬ עוד _זורבעה חד לי דבר הובאו בימים תץ. הרוניפ אל בית־החולים הממשלתי בחיפה. 2 מהם מתו. מיםפו מתי הדבר עד כה מגיע _ל־1נ ‭9}‬ ערבים‭1, ‬ יהודי, 1 אנגלי‭. ( ‬…"
1944-10-03	ahr	ahr19441003-01.2.53	"…משלתי המחוזי משכם. היו התייעצויות של כ""כ היישובים בסביבה עם שלטונות הבריאות ביבר מניעת התפשטותה של המחלה. עוד חזרה דבד בחיפה חיפה, יום , בי‭—. ‬ עוד חולה דבר, ערבי הובא _ביוס א' אי י בית־החולים ' הממשלתי בחיפה.…"
1944-10-22	ahr	ahr19441022-01.2.53	…, ‬ ערבים ויהודי אחד, הגר ברח' _בךיהודה בהדר־הכרמל, הלו בובר והובאו היום אל בית החדלים הממשלחי (סבורים, כי היהודי חלד, בחיפה תחתית. יוסף מזרחי מרח' השלוח בהוד הכרמל, בן ‭, 6‬חלד. לפני כמה ימים בדבר והובא אל בית החולים . _זזשמשלתי.…
1944-11-29	ahr	ahr19441129-01.2.50	"…גן הירכיים. פנינה קאופמן מקיבוץ געתין (בהריה) נכוותה בהחםוצץ דוד מים רותתים, שלושת הנפגעים נאספו ע""י . מגן דוד אדרס"" אי בית החולים רוטשילד בחיפה.…"
1945-01-05	ahr	ahr19450105-01.2.93	"…על"" נחמני 4 לשש _י־ין על דרכי העזרה המהירה שיש '־הכיש ל""הפועל"" בהשתתפות ל. שקול‭- ' :-‬ ק וחברים ממרכזהפועל"" "" שוב דבר בחיפה זו י פ ה. יום ד‭—. ', ‬ לאחר הפסקה ארוכה חלו השבוע שוב 2 ערבים מתושבי חיפה במחלת הדבר והו־ באו אל _בית־החולים הממשלתי. מיספר האנשים שהלו עד כה בדבר בחיפה מגיע ל־2ד, מהם ‭22 —‬ מתו, 47 החלימו‭3, ‬ מוסלים בבית־החולים.…"
1945-05-09	ahr	ahr19450509-01.2.31	"…בקופת םהאטב "" ־תי אטרון• ן ן » מת ד""ר אהדי איתמר מחלה צ' קשה אצקס , אוד ?יום ןן הלוו ב' יתו מ־ותיקי נערכה הרובאים כיום בחיפה ב' מבית־החולי הניה אשת• ם רוטשילד• כינופיכ 9 _לחיילןת מסיכות ולחיילי ם, והרצאות — הערב ב־8 במועדו קונצרט ! תקליטי החייל ם ( בתוכנית ר…"
1945-05-09	ahr	ahr19450509-01.2.44	"…50 לא""י!עובדי כפר־הנוער בן־שמן‭40—‬ לא""י!וועד פועליי "" פ־אורד‭"", ‬ (רחובות) ‭50 —‬ לא""י !מורי בית־זזססר ה עובדי תיכון "" ביהח חוגים ""ר "" ליהלומים בחיפה — שיי 10 ן לא ‭"" )‬ תל־ י ־ אביב) ‭60 —‬ לא י ""י !חירות (מושב עובדים לייד תל־מונד) ‭10 —‬ לא""י ‭';‬_חברת הנוער העולה בכ…"
1945-06-10	ahr	ahr19450610-01.2.30	"…אש העירוניים וכבאים משירות־הצבא טרהו בכיבוייה לנסיבותיה — _מתנהרח חקירה. טבפ גילוי מצפות קדושיפ •חיום ב־‭31)‬ד. _ייערד _בביח־הקבוות החדש בחיפה, מכס גילוי המצבות עי קברות הקדושים־הניבורים, _שנבלו בהנג־ חם ער העם והאר־ו _בשנןת תרצ""ו — , תר צ ""ט כיגופיפ. מסיכות והר…"
1945-06-25	ahr	ahr19450625-01.2.49	…לים הציהוועד בוריים. הלאומי בפברואר , התובעות הוגשו להכיר לה החלטות במיספר בתי־תולים (האוניברסיטאי , העירוני בתל־אביב, _בית־החולים של הקהילה בחיפה, של הוועד הלאומי בטבריה, בילינסון ובית־החוליס עפולה) כמוסדות ציבוריים הראויים לתמיכה ממשלתית ב־50 אחוזים מהוצאות החזקתם…
1945-07-16	ahr	ahr19450716-01.2.36	"…ולמ (שניהם ני־ רויציים!_םונבקשים ע""י הדונם איוק (_איםאיג‭(_. ‬ נוובי•‭, '!‬ הנם_^א ברובנה, ווליז פרטים בידי פםיד, נובה, חיפה' ת ד ‭2Tb ?‬ • _קריצוסיס ממה _מוניקשיט _להת־ ק""ר עם מלנה ביונבוים, _ביח־אלפא, נקשר ?_יךיעןת מקרוביהם אברהם ס?יינ הנדיר מכ_!ארנונ התיה, רה‭, ?‬יעקב וטויק םו?נור ‭_1!‬רי_*וט, נרטה, אניה ורה?נוי…"
1945-07-20	ahr	ahr19450720-01.2.92	"…כחיח. המשלחת יי תה מררכבת מה''ה הבאים: י . בן־צכי וד""ר א. קצנלסון _מהנהלח הוועה''ל‭, 1, ‬לוין, יו""ר וועד הקהילה העברית בחיפה, ש. לוי , יו""ר הוועד־המנהל של ביה""ח ""רוטשילד"" בחיפה, והד''ר י . מאיר, המנהל הרפואי של קופת־החולים _םבדקימ ריונוסלביה ירושלים. — הנהלת הדואר מודיעה, כי חודש…"
1945-08-12	ahr	ahr19450812-01.2.61	…נת זכרדן־אחיס נפגע קשה בכל גופו, _כשהתלקחה אש בבגדיו, בעת שניקר, אותם בבנזין על־ידי פרימוס בוער, הועבר על־ידי מ, ד, א. _לבית־חולים הדסה. למרות כול המא־ מצים של הרופאים הוא מת כעבור כמה שעות. 3נחס סירק‭!'‬ ח י פה, שבת ‭— . ‬ פנחס ס י ו ק י ן חיפה, רח' _תל־חי) נדרם ונהרג היום, בפגוע בו מכרנית צבאית. האסון קרה כאשר יוד ליו משמר־הים מאוטובוס ציבורי שנסע לנהריה. גופתו נאספה אל בית־החולים הממשלתי. בן ‭. 50‬ שכתי לוי, ראש עירייה חיפה, יצא _לחרפשה לחודש ימים.…
1945-08-27	ahr	ahr19450827-01.2.44	"… ‬ עולים !שארו עוד באגייר. וייצאו ממנה מחר >יום בי‭. (‬במכוניות ""מגךד\ד־אדוםי' נאספו 44 חולים. הם נשלחו אל בתי ־ דולים בחיפה (בית החולים ‭,, ‬רוטשילד"" במעלה הכרמל"" _הדר־הכרמל , בלומנטאל וברח ‭7 ' . (‬ שמריהו :_שלחו לוי לבי ן, חולים "" בירושלים. ־ מיספר חבאי…"
1945-11-02	ahr	ahr19451102-01.2.71	…באחו המקומות ניזוק גם קת החשמל. איש לא נאסר. על הקירות בחדר־ הכרמל הודבקו בלילה כררזים ללא חתימה גם , בבחי-הזיקיק במפרץ חיפה אירעה התפוצצות. מתחת למפולת הוצאה שם גופה מרוסקת של אדם, שלפי תעודת זהות שמו הוא : יעקב גולדברג (גרינברג ‭, (?‬הגרפה נאספה אל בית־החולים הממשלתי בחיפד‭., ‬ עפולה ורהוכות על־יו עפולה פוצצו הלילה פסי מסילת־הברזל בכמה מקומות, חושבי עפולה והמשקים בסביבה שמעו ב…
1945-11-11	ahr	ahr19451111-01.2.65	"…ים בסדרי העבודה, יביאו הקלה ניכרת במרפאות. בד בבד עם המאמצים בשטח המרפאות, נעשתה פעולה להרחיב את האיש־ פוז, נוספו מיטות בביה""ח המרכזי בעמק ונפתח ביה""ח ""הכרמל"" בחיפה. כן הגדילו את מיספר המיטות בבתי ההבראה ואיפשרו לחברים רבים הב־ ראד. בבתי המרגוע על המשקים ובשני בתי המלון _בןיפת ומטולה…"
1945-12-02	ahr	ahr19451202-01.2.48	…התנגשות בין מ כ זנית וקטר בנמל חיפה חי פה שבת מכונית ובה חיילים ‭— ., ‬ מן הלגיון הערבי , התנגשה ביום ו' בקטר בשטח הנמל. ד חיילים שנפצעו, נאספו אל _בית־החולים הממשלתי. הנהג, יתודי , שנפצע אף הוא, נעצר לצורכי חקירה.…
1946-03-07	ahr	ahr19460307-01.2.45	"…ההסתדרות הציונית בסלובאקיה, יגיע בראשית השבוע הבע באני ד‭"", ‬טראנ־ סילבניד‭. "". ‬ דאעויד חגי _איבדהים ‭_33 ni'‬נו בח-פה חיפה. — ראשיו האג' א י ב ר ה י ם (ראש האגודה המוסלמית בחיפה וקופת האומה, ומנהל הניף באבק האומה הערבי בחיפה) יוה בבנו אור ליום ד‭. '‬הבו נפצע קל ובאסף אל ביה""ח הממשלתי. כפי שמוסרים אירע הסיכסוך לרגל _חביעח הבן מהאב לקבלת סכום כסף גחל. התרמת ""עוז_> — הצנזורה אסרה את הוצאת העתון ""…"
1946-03-17	ahr	ahr19460317-01.2.26	"…ם"" מוסרים: מייד עם קבלת הידיעות הראשונות על הפעולות בכיריה הפעילו סניפי ""מגן דוד אדום"" את השירותים הבאים לעזרת בירייה: מחיפה נשלחו לצפת 2 אמבולאנםים עם יחידה כירורגית ופר־ םונאל עזר מבין חברי מד""א חיפה. מירושלים יצא אמבולאנס לטבריה עם חגבורת בשביל ביה""ח ע""ש שוויצר. מכפר גלעדי — י צא אמבולאנס לצפת. מתל־אביב ומפתח־חקווח י צאר אמבו־ לאנסים לתגבורת השירות בחיפה. הסניפים בעפו…"
1946-06-16	ahr	ahr19460616-01.2.50	…התנקשות בקצין מחוז חיפה שבת אלמוני ניסר להתנ ‭-. — ., ‬ קש בליל שבת בקצין המתת רפיק ביי ב ־ידון' ליד ביתו _ברחרב טבריה. קצין המחוז נפצע בירייה בצווארו ונאסף אל _בית־החולים הממשלתי. מצבו אינו קשר, ליד _מקוס ההתנקשות נמצא אקווה.…
1946-06-19	ahr	ahr19460619-01.2.9	"…בתורות : פרדה ברלין (בת ‭, (24‬מלבה גראנוביץ' _> _בח ‭— (19‬ שתיהן מתל־אביב ויהודית י חזקאל ;נת ‭— (20‬ משכונת תל־עמל שבחיפה (עובדת בבית־החולים מולדה‭. (‬ מכין 6 הבחורים הפצועים ידועים 2 שמות: צבי א ר טל וגרשון נסים. 11 הגופות הוצאו מבית־החולים ־ממ־ שלתי בשעה ‭5. 30‬ אחה""צ• בודדה וגלמו־ דה מאין מלווים עברה ההלוויה לבית־ הקברות.…"
1946-08-27	ahr	ahr19460827-01.2.55	"…ע קשה נבסנו ובחזהו כשנלחץ משני קרונות רכבת בקוית־מוצקין. חגה שמרן, בת ‭, 5‬נפגעה בבוקר בפינת הרחובות פרישמןארלוזוווב — בחיפה ע""י מכונית מסע. נגרם לד. שבר ברגל. נאספה ע""י מ. ד. א. אל בית החולים רוטשילד…"
1946-09-10	ahr	ahr19460910-01.2.8	"…ולשת בריטי נודה _ונהרג בחינת סה ב־15 הי , י ום בי ‭— . ‬ הבוקר. נורד, ליו מלון וינדזור םרג'אנט ברי־ טי מהבולשת המחוזית בחיפה ונפצע. הוא נפגע _ב־ד מקומות בגופו. נאסף אל בית החולים הממשלתי ושם מת. הניח אשר"" ממקור רשמי מוסרים, כי המתנקשים הס שני יהודים. הם נמלטו במכונית שמספרה רשום במשטרה והוא מ' 829…"
1946-09-12	ahr	ahr19460912-01.2.38	…תית בירושלים. :פצעו _כהתלקה כנזין - שני פועלים נפצעו בהתלקח בנזין מגפרור שנדלק במוסך כיאיר, בקרבח תחנת־ המשטרה האזרחית בחיפה. הפצוע מום־ טפה חדיר, בן ‭, 25‬נאסף לבית־החול־ם הממשלתי• בנימין מורחי , בן ‭, 14‬ שנאסף אף הוא לשם, הובא _אחר־כך אל _בית־חחולים רוטשילד סחר עם איטליה — הצעות זולות נ…
1946-09-12	ahr	ahr19460912-01.2.38	"…. ‬ הוטכ מצכש‭—. ‬ מצבם של 2 הפצועים משדות־ים אברהם מאקלר ופרץ שונינו הוטב בהרבה, לאחר שקיבלו את טיפולם בביה""ת הממשלתי בחיפה יצאו אתמול בבוקר אח ביה""ח. מכקשיב הנינה — הרמות הראשית בת""א פנתה במכתב אד מפקד הצבא הכללי בכמשת חנינה לצעיר אלקלעי, הנאשם ה־18 מחברי לח""י, שנדונו…"
1946-10-04	ahr	ahr19461004-01.2.72	… כראוי במוסדות הקיימים. הביגוד העברי הזניח אח ביודהחולים ד, מנ שלתי, שהאוכלוםיה _שאינה־יהודית מרב־־ , כל כך להשתמש בו. _בית־חולים זה כמעס שאין מביאים אותו כלל בתש־ בון לאישפוז חול-ם יהודים. ואין כל הצו, ה לדבר. החושבים היהודים בחיפה משלמים לממשלה מסים לא מעסים, אפי־ לו למעלה משיעורם באוכלוסיר, ואין. _איפ א, צידוק לכך, שנפטור את _המממז־ לד. _מהיבותיה …
1946-10-11	ahr	ahr19461011-01.2.79	…י יום ו' על שלושה אנשים, שנפצעו קשר. הפצועים: מותמד עלי , בן ‭, 40‬עב־ רול ג'אואו!בן 45 ועבד אל עזיז, בן ‭. 40‬נאספו אל בית־החולים הממשלתי בחיפה.…
1946-10-18	ahr	ahr19461018-01.2.49	…למפנה כמדיניות הציונית. נפצע _כמחצכה ומת איברהים מחמוד אסח מכפר וורדיה נפצע, בנפול עליו אבנים בעבדי במחצבה. הוא נאסף אל בית־החולים הממשלתי בחיפה ושם מת. _פגיעותיהן של מכוניות צבאיות ביום ד' בבוקר אירעה התנגשות בין מכונית צבאית ואופנוע. אחד מרונבי האופנוע אלנםנור פלקר מחיפה נפצע קשה. הוא נאסף על־ידי נהג המכונית הצבאית אל _ביח־החרלים הממשלתי ומשם הועבר על־יוי מגןוודאדום אי בית _החרי אותו יםי …
1946-10-23	ahr	ahr19461023-01.2.36	…ידע לשחות. גם נהבט בקפצי מעל הסיכון החיילים משו אותו מן המים ושעה ארוכה ערך הטיפול בו עד שהצליחו להשיב רוחו אליו. הובאו לבית־החולים אל בית־החולים הממשלתי בחיפה הובאו 3 מעפיי י ים חולים: יואכים לאטד בן 25 מרומניה, תולה במתלת לב והובא אל מחלקת המחלות הפנימיות _: ז'אנט אברמוביץ, בת…
1946-10-23	ahr	ahr19461023-01.2.36	…אה פירסמו במידעות מרחו־ בות. וועד הקהילה שלח מברק עידוד לכול המעפילים המגורשים. מודיעים רשמית כי המעפיל שקפץ הימה ונלקת לבית־החולים בחיפה הועבר לאחר ששב לאיתבו למחנה עתלית. בין חמשת המעפילים האחרים שנאספו מהאנייה לבית־החולים יש שתי נשים שני גברים וילד אחו.…
1946-11-01	ahr	ahr19461101-01.2.64	…ת, דרור וכפר מונש. נד, קש ר; בחוף ממוקש חדרה נפצע — בהתפוצצות קשר, ביום מו ד' - מוחמד חסן עטר, בן ‭, 22‬מערב מישאאת נפת חיפה. הוא נאסף אל בית־החולים הממשלתי בהיפה ומת שעה לאחו שהובא לשם. נכגע _טנזכדנית - על־יוי מכונית יפו ט‭_*, ‬כםי צאיח נפגע חוראני אתמול , בן בהיפר ‭…
1946-11-13	ahr	ahr19461113-01.2.31	"…מדע, ב‭— 6. 30-‬ לנדער רב־‭— 8‬ למבדגרים. ב־‭1 —;‬י _י א• לנדאו — _הפ־לוסרפיה החדשה (סמינאריון‭. (‬בי‭— 8-30‬ בשיתוף עם ביה""ח רוטשילד — דייר י. ויירה — הרבבות חיסון ‭,. ‬הבימה"" בחיפה ביום ר‭(21. 11) '. ‬ תציג ""הבימה"" את בני המיניסטר"" בחיפה. כרטיסים במש- "" רד גינזבורג (רחוב הרצל ‭. (25‬לחברי תוג ""הבימה"" — שמורים כרט־םים עד יום א' ‭(17. 11)‬ תורנות כתי מרקחת …"
1946-12-18	ahr	ahr19461218-01.2.50	"… זרקו אבנים לתוך התלונות. המשטרה באה כמה דקות אחרי המקרר. למקום. נפגע — אברהם אייכל, פועל ""שמן‭, ""‬ הגר בשכונת _תל־עמל בחיפה, נפגע אתמול על־ידי מכונית, בשובו הביתה• נגרם לו שבר ברגל ונשלח על־ ידי מג""א אל בית החולים רוטשילד. שודדים _riiiBunpzi בשם "" אצ""ל"" ירושלים, יום גי. — אנשי אצ""ל ביצעו היום שוד מזויין בחנות מכולת של אריה לחמי , ב…"
1946-12-29	ahr	ahr19461229-01.2.45	"…ולכת התוכנית, שתעלה 20 אלף לירות. 17 מכונות ונסגן _לאיבחון (דיאגנוסטיקה) ולריפוי קיימים ב־6 מכוני הרנטגן של קופ""ח והם : בביה''ח בעמק, ביה""ח בילינסון, הכרמל, ביח־לוינשטיין וכן במרפאות המרכזיות כחל־אביב וחיפה. המיינוגרף פועל בדמן האחרון הוכנסו, לשימוש בקופת חולים המכונה לצילומי _ריאות המוניים — המיינוגרף. נוסף לאלה הממני 6 מכו…"
1946-12-29	ahr	ahr19461229-01.2.45	"… במחוז ובייחוד בהתיישבות החדשה שבנגב. דרישה להרחבת בית-החוליפ ברחובות הושמעה בכינופ זד. והועלתה _החביער. להפוך את המוסד לבית-חולים כללי למחוז הדרום, ע""י תוספת מי טות ופתיחת מחלקות לילדיפ, לחירורגיה ומחלקה פנימית. שיכלול השרות בחיפה _קופת־חולים בחיפה ממשיכה בשיכ־ לול שרות העזרה הרפואית. נשכר בית נוסף בשכנות למרפאה המרכזית שברחוב החלוץ. בבית 15 הדרים. וכן הותקן בו אולם…"
1947-01-05	ahr	ahr19470105-01.2.68	…מגא' ר 3ד_8מ3_ד_& חיפה, שבת‭—. ‬ מאיר _ברומ־ בדג' חייל משוחרר בן ‭'35‬ מת אור ליום ר במלון ברחוב הרצל. גוסתו נאספה אל בית־החולים הממשלתי. מוסרים, כי את מעשהו הנואש ביצע על רקע משפחתי.…
1947-01-21	ahr	ahr19470121-01.2.32	"…*. ‬ מעשה בגוויית נרצה שהוצאה בעל מבית־חחוליפ בית־קפר, ערבי הממשלתי , מוחמד אבו חמו' נרצח במוצ""ש סמוך לחצות בשוק הערבי בחיפה. גופתו נלקחה לבית־ החולים הממשלתי. ואתר שעה קלה הגיעו _לבית־החולים כמאתיים איש מקרובי הנרצח ומידידיו ומשמצאו את השער סגור, טיפסו מעל לגדר, נכנסו _לבית־התולים והוציאו את הגווייה מעל לגדר …"
1947-01-21	ahr	ahr19470121-01.2.32	…שת את החשוד כרצח בשם עבדול _בנדוק• בא לבקש פיצוי ונפגע ככדור סעיד אל אחמד, פלח מערבי באטום פכר ליד עכו, בא אתמול בבוקר לחיפה לבקש פיצויים ממשרד הצבא. בעעת תמרונים נחרב חלק מעצי הזית ש בכרמו. כשעמד להיכנס אל המשרד פגע ברגלו כדור, שנפלט במקרר?מרובהו של קצין. הפצוע נאסף אל בית־החולים הממשלת י . המרפאה ההדשח ככפר־אתא המרפאה בכפר־אתא עוברת היום לבניינה החרש• היום לא תהיה קבלת חולים במקרים דחופים יש לפנו…
1947-01-22	ahr	ahr19470122-01.2.25	"…חולצתו התחתונה 'שגתפוו לצרוך זה, ' וזימה הסערה הפילתו אחמד טאלב עבדאללה, עובד ב_^מל בן ‭, 25‬ניתף בשעת הסערה בעבור בנמל חיפה, ביום בי. הוא נפל ובגום לו שבר ברגלו השמאלית ובמרפקחו נאסף אל _בית־החולים הממשלתי. נוטר נדרס עבדאללה מוחמר עבואללה, נוטר, נדרם על־ידי מכונית צבאית, כשירד מאוטובוס משירווזמשמר־המפרץ"" בד- "" רי עב…"
1947-01-23	ahr	ahr19470123-01.2.50	"…ל 14 תאונות-דרכיש שאירעו אתמול מר דיעה לשכת. המודיעין הממשלתית. 2 אנשים נפצעו קשה‭4. ‬ אחרים, בתוכם אשת אחת, נפצעו קל. בחיפה היו 5 תאונות‭3, ‬ מהן על ידי התנגשויות של מכוניות ציבוריות עם כלי־רכב אזרחיים. נחג של טאכםי נפצע קל ונאסף אל בית-החולים. בירושלים ובכביש ת""א—ירושלים היו שתי תאונות. בטבריה נפצע קשה אברהם ב ק מראשון־לציון, _על־ידי מכונית של הליגון הערבי. הפצוע נאסף לבי""ח שמייצר. בכביש חיפה—ג'נין התנגש ג'ים במ-כונ-ת צבאית. בכביש יפו—ירושלים נפצע קל, ע""י מכונית' ווליד מוםטפה בידאווי. _בתל־אביב התנגש אוטובוס ב…"
1947-01-23	ahr	ahr19470123-01.2.50	…כוניות צבאיות. ועוד תאונה . 2 נפצעו היום כשמכונית צבאית התנגשה בעגלה בדרך בנימינה _וכרון־יעקב. אנשול כרונשטיין נאסף אל _בית־החולים רוטשילד ועמין מוסטפה _אבו־שחב — אל _בית־החולים הממשלתי בחיפה.…
1947-02-02	ahr	ahr19470202-01.2.64	"…ות בראשון לציון כשנמצא ברשותם נשק ושבטים. שבקש להם ויורה. — אלמוני נ‭"":‬ נס ביום ו' לפנות בוקר לביתו של פארם עיד נאמור בחיפה וביקש לחם. משנענה בסרוב, ירה בבעל הביון (בן ‭(30‬ ופצעו בכליוח, הפצוע נאסף !אל בית החולים הממשלתי בתיפת• _תאוגות דרכים _כחיפיה. — ערף עבוול ראי‭, &‬בן ‭, 22‬מכפר בורקד, בסביבת שכם, נסע בשבת בבוקר במכונית טאכסי…"
1947-02-09	ahr	ahr19470209-01.2.47	…—. ‬ תאו־ נות דרכים אירעו בארץ מיום חי. 3 אנשים נהרגו ר13 נפצעו‭4. ‬ מהנפגעים הם ילדים — מוסרת לשכת המודיעין הממשלתית. _בית־החולים הממשלתי בחיפה מוסר על ארבע תאונות דרכים שאירעו היום, מהם אחד מקרה מוות. חמאידר אבשלום כפסי מונו, לקצין מחוז במחוז ירושלים. הוא ההל בע…
1947-02-14	ahr	ahr19470214-01.2.153	"…מה תסתיים בי14 באפ־ ריל. נפצע כשפצצה ביד"" חליל אברהים חילו, מכפר אראו־ר"" נפצע ביום בי, כשהחזיק פצצה ב'ירו. הוא נאסף אל _ביה־החולים הממשלתי בחיפה. 1 תאונת""דרכיב , רגלו של אברהים חאג' עלי טאהא I נשכרה, כעעלד. ביום ב' על אי־תנועח j במושבה הגרמנית. הפצוע נאסף אל י ?בי…"
1947-02-14	ahr	ahr19470214-01.2.61	"…גיב בתאונות דרכים בתאונת ורכים ליד גשר ""של"" נדרס ביום ד' אחר הצהרים 'אדווין קארפונקל, כעובדי הצבא. בן ‭. 55‬הוא נאסף אל בית החולים רוטשילד ושם מת. _חיםין מוחמר נדרם על־ידי מכונית במזרח חיכה לפני 3 ימים ומת הבוקר בבית־החולים הממשלתי. מוחמר _אחמד כנען נדרס ביום ד' בכביש חיפה־טירה. הו;ג נאסף אל בית החולים הממשלתי ושם נקבע כי נגרם לו זעזוע מוח. מצבו אנוש. כועדת התרבות שליד מ, פ. ה. ערב מחול של …"
1947-02-16	ahr	ahr19470216-01.2.31	"…די וועד ד?קהלה ניתנה העניקה בסך 25 לא""י בהיוולד לו הילד השישי. נפצעו כהתפוצצות פרימוס בשתי התפוצצויות פרימוסים, שאירעו בחיפה, נפצעו חלימה חג' אודה, בת 12 _וחיירי אחסר מוחמר' בן ‭. 18‬ במצב רציני הובאו אל בית־החולים הממשלתי. אכן פינה למעון לילדי מגוייסיפ החיפה ביום ג' כשעה ‭3. 30‬ אחה""צ תיירה אבן־הפינה לבניין מעון לילדי מגוייסים בחיפ…"
1947-03-18	ahr	ahr19470318-01.2.31	"…: מצא פצצה בשדה. הרועה זרק את הפצצה על סלע ו""החפץ המוור"" התפוצץ. התוצאות היו קשות מאוד: הרועה נהרג. משתי הילדות, שהובאו לבית־החולים הממשלתי בחיפה, מתה אחת — כאוכב !השנייה — זכיה מצבה רציני. זקנה נדרסה אמינה עלי אל חילו מכפר יגיור, בת ‭, 80‬נדרסה במוצאי יום א' ברחוב נצרת על ידי מכונית־משא אזרחית. נג־ רם לה שבר בשוק־רגלד, ונאספה אל _בית־החולים הממשלתי בחיפה. לאקדמיה בפאריז י. מוטולד, וא. קרוכמאלניק, תלמידי הםטודיה לציור של פ. ק. הניך בחי־ פה, נתקבלו ללא־בחינה באקדמיה לאמנות בפאריז. הם נתקבלו על סמך עבודותיהם. מעפילה שילדה טובה לווין' ממעפילי ""ברכה פולד‭. ""‬ יי־דה אתמול בת _בביח־החולים הממשלתי בחיפה. כוועדת התרבות שליד מ. פ. ח, פגישת פעילי התרבות — הערב ב־‭7. 30‬ ב""ביתנו‭:""‬ כיצד נארגן את פעולת התרבות בין העולים החדש…"
1947-03-21	ahr	ahr19470321-01.2.88	…_חתנ!ו!_נצ1_ת המת1קש נבצע לבו? שביצע את זממו חיפה, יום ר‭—. '. ‬ תערב בשעה ‭9. 20‬ נשמע בחיפה קול נפץ עו. נודע כי ההתפוצצות אירעה בהדר הכרמל בידי יהודי שנפצע ונאסף אל בית־חולים צבאי ומשם אל בית־החולים הממשלתי. המקרה קרר, ברח' םירקין. הפצצה התפוצצה בידי בחור יהרוי כבן ‭. 20‬באותו ו זמן עבר ליד המקום ג'יפ ובו שני שוט־ 1 …
1947-03-24	ahr	ahr19470324-01.2.38	"…פתיהת האסיפה השנתית הששית של אירגון ם""לי־ _הדגיס. על באי האסיפה לפנות למוכי _־ רות במעון ""כרמליה"" ולהירשם שם מיד כבואם לחיפה. התנקשות ואהוד _םאמבחר, בן ‭, 40‬מרחוב מר יוחנן בחיפה, נורה במוצאי־שבת ע""י אלמוני. פצוע בירו השמאלית הובא אל בית־החולים הממשלתי. בוועדת התרכות שליד מ. ש. ח. בחוג לבעיות חי נוך, — הרצאת הערב צ . ברוובםקי ב־8 ב : בי ביה תנו ‭"" ""‬ ס . ו מדויכ…"
1947-03-24	ahr	ahr19470324-01.2.38	"…מק־הירזן טיול מורים ובגליל רגננדת ייערך על פני ביום הכנרת ב ‭31 , , '‬ ב0ארם, הרשמה ופרטים — במועצת המורים למען הקהק""ל בחיפה עד י ום הי‭(. ‬ ־ ל במארס. הרשמה כספר־הזהב יעקב""מאיר ווייצמן, בעל ביח־החרועח לגפרורים ""נווי־ בעכו ורעיתו 1 גיטל נרשמו בפפר־הזהב של הקהק' ־ _על־ידי פועלי בית־החרושח כברכה לרגל הולוח נכדם הבכ…"
1947-03-26	ahr	ahr19470326-01.2.23	"…י לד. אך לצלוי ערו , _יוצאת־הוגגרי — אותה _מוע ת, מרת־לאמהוח לא הספיקה , ללדת טובה ע ל הספיגה, אלא ילדה בת אתרי ההורדה, בבית־החולים הממשלתי בחיפה ""עכשיו יהיו מאושרים "" נו לפני הצהריים נשקף אלינו, משמא ל הו הלבנון — וצפיית •אנשינו ובתה והלכה. שאלה אחת נשאלתי על־ידי …"
1947-03-26	ahr	ahr19470326-01.2.25	"…ם וסידרה אי‭. (‬המנצה. מ. טאובה. הסו־ ליסטית: שולמית שפיר (פסנתר‭. (‬ הקונצרט לטידרה ב' — ייערך מהר ב־9 בעין־דרר‭. _"" ‬ חיפה תאונה כעבודה מוהמד רג'יב סרהד, בן ‭, 30‬נפצע אתמול בבוקר בנמל' בנפול עליי חבי־ה• גגרם לו שבר בצלעות. נאסף אל ביח־החול־ם הממשלתי. תאונת דרכיס אחמד חוסיין סייד, בן ‭, 30‬נפגע במוצאי יום ב' ברחי סטאגטרן על־ידי מבינית־מניא‭. -‬גגרם לו שבר בזרוע וגאסף אל ביה""ח הממשלתי. נחש הכישו בווץריו אי סרים (מחוז חיכה) הכיש נחש את הנער מוחמד חוסיין חגי, בך ‭. 13‬במצב י־ א קשה נאסף אל ביה""ח הממשלתי בחיפה קצין נהרג בהתהפך ניב הצהרי בהחהסך ם בקיבר ג'יפ . _ביתיהחוייס צבאי ביום הממשלתי ב' אחר , נפגעו 2 קציגים ־ _בדרגח קפיטן. …"
1947-03-27	ahr	ahr19470327-01.2.37	…לט _מאקדחפ של _אררחים, שביקרו בביתו של מוסטפר, עלי הלס, בן ‭, 30‬בערב אל אווי ליד כורדאני. בעל־הדירה נפצע בירך ונאסף אל בית־ החולים הממשלתי בחיפה. מחזיקי חשיש 4 ערבים נוצוים הובאו ביום ג' בכני שופט־השלוס הראשי חליל שיתא־ה באשמה, שב־24 במארס _החזיקר 87 _הפיסות־חשיש,…
1947-03-30	ahr	ahr19470330-01.2.70	"…שרות האוטובוס ""משמר־ וכן נהג המכונית הצבאית — ערבי ופועל ערבי שנסעו באותה המכונית. הפועל, _מוחמד אחמד חוסאן, מת אחר־ כך בבית־החולים הממשלתי בחיפה. _התאונה אירעה ליד משק עין־שרד» כשמכונית ""משמריהמפרץ"" עמדה כדי להוריד נוסעים. עזרה ראשוגת לפצועים — הוגשה בנהריה. שלושה…"
1947-04-15	ahr	ahr19470415-01.2.49	…נדקר ז בבית־קפה בחיפה נדקר במוצאי יום א' מותמד ברהם אסעו, בן ‭, 27‬כתוצאה מקטטה. הוא נאסף אל _בית־החולים הממשלתי, דליקה בדירה ברחוב הגלעד 38 פרצה דליקה, בהתלקח בנזין שנשפך. האש אחזה ביהיטים. מכבי-אש מתנדבים מהדר־ הכרמל טרחו …
1947-04-15	ahr	ahr19470415-01.2.59	"…פצצה מדמיעה. הספינה ""ג'ארדיין"" נושאת דגל הונ־ דוראס. היא בעלת נפח 1760 טונות ונבנתה באנגליה לפני 40 שנה. פצועים שהובאו לחיפה 15 פצועים הובאו לחיפה. ששה פצועים הובאו _לבית־החולים הממשלתי: אברהם פלומן, בן ‭;20‬נתן אלפרוביץ, בן ‭— 22‬ שניהם מפולניה; סולו פרידמן, בן ‭, 20‬מנורבגיה !מנחם _פאמט, בן 28 …"
1947-04-15	ahr	ahr19470415-01.2.88.2	"…לאחיות עי ‭""1 _JHIIIIB|]l!«l_1a1«Bll_:1iSffllH«_IIIH1_m‬_ח! ‭a ' n a g‬ ה | הרשמת תלמידות I g הנהלת בית הספר לאחיות ע""י בית החולים רוטשילד בחיפה מודיעה § 1 בזה, כי החלה הרשמה למחזור שני של בית הספר. אשר ‭| 1‬ ייפתח בהתהלח"" החודש ספטמבר ש. ז. 1 ? מועמדות שגמרו לא פ…"
1947-04-16	ahr	ahr19470416-01.2.1	…נוקות. לאלמנות שני הגברים שקיפחר את חייהם כשעת הפעולות ניתן ללוות את גוויות בעליהם אל החוף בשעות הבוקר. ההלוויות נערכו _מבית־החולים הממשלתי בחיפה בשעה ‭42. 30‬ הציבור היהודי בחיפה הכריז על שבתון של שעתיים. למספר קרובים של המעפילים שהעברו לבי החולים ניתן לעלות על החוף. הוועד, אחרונה מוסרת כי בשעת 5 …
1947-04-16	ahr	ahr19470416-01.2.3	"…ד גהונ? גדיה ב‭18""‬ באוקטובר 1923 חכר גורדוניח נחרג מידיות _חחייליש אלפים פועלים שבאו קהל, ביניהם _מבתי־החרושת, נהרו אל בית־החולים הממשלתי' שמשם יצאה ההלווייה. הגי ודיית, שהיו עטופות דגלי הלאום, הוצאו _מבית־החולים, כשלפניהם יער דגלים לעומייב. אחר הגופות הלכו ראשי היישוב העברי בחיפה, ביניהם ד. בר-רב־ האי "" א. פרידלאנד, והרב י . קניאל. לום נישאו את ההע סיסמות פלה‭: ""!‬ ""קורבנות "" שום כוח לא לא ־פחי י …"
1947-04-16	ahr	ahr19470416-01.2.3	"… המפרץ‭. ""‬ליד הקבר הספיד הרב י קני־ אל את קורבנות ההעפלה. בשעה 12 בצהריים נמסרוגווי הות לקבורה והוסעו במכונית משטרה אל נית־החולים הממשלתי. חיפה העברית שנתה בזמן ההליויי ד, משעה 12 עד 2 _אחר־הצהריים לאות אבל לא היו בערב הצגות בבתי־הקולנוע בעיר.…"
1947-04-21	ahr	ahr19470421-01.2.34	"…כים. נורה ע""י מתנקשים דאך, ר עומר מוצטפה, בן ‭, 40‬מכפר _דאמון בנפח עכו, נורה _במוצאי־שבת בגבו ע""י אלמוניכ. הוא נאסף אל בית־ החולים הממשלתי בחיפה. כתערוכת ההפתדרדת תערוכת ההסתדרות ב""ביתנו"" פתוחה בכל יום _מ־9 עד 12 ומ־4 עד 9 בערב. בעניין ביקורים קולקטיביים יש לפנות …"
1947-04-22	ahr	ahr19470422-01.2.50	"…מה, נדרס שהיד אנא בטאוי, בן ‭, 7‬נדרס ע""י מכונית משא מספר 1 ברחוב נצרת ביום א' מחה""צ• נגרם דו שבר בגולגו־ יי ת ונאסף אל בית־החולים הממשלתי. קרנות מיוהדות בהדודאה וחסכון' "" בשנת 1946 הופעלו ב""הלוואה וחסכון‭, ""‬חיפה, אגודה הדדית בע""מ‭2, ‬ קר - נות מיוחדות . ־ קרן למתן הלוואות לחיילים ונוטרים משוחררים. מקרן זו חולקו 39 הלוואות בסכום ש…"
1947-05-07	ahr	ahr19470507-01.2.79	"…ט. שני חיילים רדפו אחריו, אולם הנהג נעלם בונור פרדס, נוסע שגי במכרנית — שמו ראובן בן יקותיאל סטאן מתי'א — נפצע ונאסף אל ביה""ח הממשלתי בחיפה, מצבו אינר קשה. הפצוע נעצר לצורכי חקירה. המכונית נגנבה בת""א באוחו י ום, אולם לא הרויעו ע''כ למשטרה.…"
1947-05-12	ahr	ahr19470512-01.2.38	"…דה נדרכה מאבלי צלח מוסר"" ילדה מוסלמית בת 10 מדיר אל אסעד, בנפח עכו, נדרסה בשבת ע""י מכונית־משא אזרחית. במצב קשה הובאה אל בית־החולים הממשלתי בחיפה? ילד מת בנפילה לבדר עוואו _אחמו ו1מרי , ילד מוסלמי בן 5 מרחוב םטאנטון‭1, ‬םל בשבת בצהרים לתור בור בקרבת ביתו• הרעבר לבי…"
1947-05-26	ahr	ahr19470526-01.2.29	"…ד ‭!2 30‬־לפנה""צ ימ־4 עד ‭6 30‬ אחה""צ (מלבד יום ו' ושבת‭. ( ‬ נהרג כתאונת דרכים| מחמוד אברהם הובא מת במרצאי י רם הי אל _בית־החולים הממשלתי בחיפה. נדום ע""י מכונית. הוא כנראה מג'נין כבן ‭. 25‬ נפצע ילד רוכב‭_^""‬ופנייפ במרכז המסחרי הדדש התנגשה מכוניה היי ד ציבורית משה חלבוני באופניים . _נ־רם , ל שרכב ד פצע עלי בברך הם ונאסף ע""י מגן דוד אדום אל ביה""ח רוטשליו. שרות "" אגדי _דנווה־יכ האוטובוסים של ""אגד"" יוצאים מחיפה בכל י ום ב־6 :בוקר‭4, ‬ אחה""צ, בימים א' ג' ו' גפ _ב־‭11_. 30‬ בבוקר. בבוקר מנווה־ים ‭4. 30, ‬ לחיפה אחה""צ בכל ובימים י …"
1947-05-28	ahr	ahr19470528-01.2.33	…ו' ושבח‭. (‬ נפצע בירייה ומת לסלמן מוחמר סעיד, דרוזי בן ‭, 15‬ מכפר עוספיה בהר הכרמל, נגרם פצע מיריד, כירך. הוא נאסף אל בית־החולים הממשלתי בחיפה ומת למחרת בבוקר. פקיד דואר נאשם במעילה כשארד, קרבטי, פקיד בדואר חיפה, הובא בפני משפט־השלום באשמת מעילה. הוא קיבל מאח דוד גראד סכום כסף לשליחת צרור בדואר האוויר להולנד ואולם שלח אח הצרור בד…
1947-06-23	ahr	ahr19470623-01.2.30	"…תמון בנפת שכם, נתלו במכונית־משא ביום ו' ונפלו. לאחד נגרם שבר בלסת ולשני — שבר בגולגולת. הם נאספו אל בית־החרלים הממשלתי בחיפה. התערב בקטטה ונפצע בקטטה שפרצה בליל שבת ב""נשר' בין ערבים התערב בין הנצים נאוואף אחמד מוחמד מבלד אש־שייד. הוא נדקר דקירות־סכין ובאסף אל בית־ החולים הממשלחי בחיפה. שדק תערוכה מטעם ויצ''ו הערב ב־8 ייפתח בבית ""המכבי"" שוק־הערוכה לטובת ""קרן הילד"" מטעם ויצ""ו בפתיחה — תוכני…"
1947-06-26	ahr	ahr19470626-01.2.35	"… בקפריסין, לישראל גרייבד, תל־אביב, רחוב טבריה ‭!1‬לוחמן למבגורין, תל־אביב, רחוב ברנר 111 ובלה _למבגוריךרוזנמן, ירושלים, ביה""ח ""הדסה‭. ""‬פרטים אצל משה גלור, קי־ בוץ גל־און, נט־צימה. היפוש קדוכיפ יעקב שפר מנציה, מחוז ווילנה"" נמ־ צא בקפריסין ומחפש את _דודחר, צפו־ רה שפר בחיפה. פרטים אצל תיים פלודן, משק שריד. סלומון דומיניק, בן ‭, 16‬מתבקש על־ידי אמו הנמצאת במחנה בגד־ מניה!מכתב שמור ב""תשמר"" ת""א…"
1947-07-13	ahr	ahr19470713-01.2.35	…ה בהיותו בשדה ביום ה' כמגיד אל כדום ליד עכו מצא חסן _חוסיין אלחנן פצצה. בהתפוצצה ברמה לו המציאה פצעים קשים והוא נאסף אל בית־ החולים הממשלתי בחיפה• מצב העבודה מספר מבקשי־העבודה גול מחודש מאי ליוני ב־63 מ־1361 ל־‭. _1424‬ביוני היו 1989 םידורי־עבוור, מהם 61 לעבודה קבו…
1947-07-13	ahr	ahr19470713-01.2.35	"…ם הדכו שלושת הנאשמים הערבים במשפט ננד נוקמי השייך זינאתי הוכו קשד. על יו־""האסירים הערבים בעכו מהעב _ערםאן הובא במצב קשה לבית־החולים הממשלתי בחיפה קולנוע הדש בשכונה הגרמנית נפתח קולנוע ערבי הדש — ""סינמא כרמל‭. ""‬ שוד יוסוף ע לי אישי, בן ‭, 35‬משבט _חמראת, הותקף ונדק…"
1947-07-15	ahr	ahr19470715-01.2.29	"…מעל הקיר כווזים טריים, בהשתדלם להשאירם שלמים. 3 פצועי תאונת דרכים _מכוגית־משע החנגשד, במרצאי יום א' במכונית־טאכסי בכביש חיפה—עכו. 3 _נוםעי הטאכסי הערבים נפצעו. הם נאספו אל _בית־החולים הממשלתי בחיפה. ילדה נדרסה פאטמר, עבדאלה עכדול עזיו, ילדה בת 5 משכונת חליםה, נדרםח ביום א' אהה‭''‬צ ע""י מכונית אזרחית. נ…"
1947-07-25	ahr	ahr19470725-01.2.70	"…א נפגע כירייה ירייה שנורתה מן הצבא פגעה _בחפיז עבוול דחים חמד, בן ‭, 19‬מכפר ג'מעין בנפח־שכם, עובו בנאפ""י. הוא נאסף אל _בית־החולים הממשלתי בחיפה, ומצבו משתפר. אורח ושמה"" בכיית כוויות בגוף"" נגרמו לסאדיקה אל־חג' רז. שיד איבעיאן, בת ‭, 20‬מעכו, לאחר שבעלה זרק _בשעתיערב מנורת־נפט וולקת. בהתפוצצות פרימוס ביום ה' בבו־ קר נגרמו כוויות לםאויקה סלים בא־ וואן, בת ‭. 18‬הפצועות נאספו אל בית־ החולים הממשלתי בחיפה. מכונית פוגעת מכונית אזרחית פגעה ביום הי בבוקר _במוחמי םעיד חמדן, בן ‭, 30‬מכפר קואיר בנפת חיפה. הוא נאסף אל בית־ החולים הממשלתי. כינוסים, מםיכות והרצאות ע י ר ־ ג נ י ם‭—. ‬ בשבת ב־5 אחה""צ אסיפת ""לעם כמצור"" בהשתתכו…"
1947-08-01	ahr	ahr19470801-01.2.63	"…מוצאי־שבת ב־‭. 15‬ד — קונצרט תק־ ליטים : בטהובן — סימפוניות שביעית ושמינית. נפצע בעבודה שבר בגב _נגרמ להסן רמדן, בן 22 מחיפה, בנפלו בשעת עבודה ביום ד' מגדבה 5 מ. הוא נאסף אל בית־ החולים הממשלתי. אלמוני נדרם ומת בהתנגשות מכוניות נפצע אור ליום ה' בשער‭3, ‬ ברחי נצרת אלמוני כבן ‭. 25‬גופת האלמוני, הדומה לערבי, הובאה אל ביח''ח חממשלתי. כקולנועגן־ים"" "" לראשונה בחיפה יוצג בקרוב חסרט ""מרי לואיז"" (ילדים ללא קורח־גג) בקולנוע הקיצי ""גן־ים"" בבח־גלים. הסרט — שווייצי, טרגדיה _בלתי־נשכחת, מקו…"
1947-08-13	ahr	ahr19470813-01.2.55	"…בכמה שוחת רוככ _אוסגייס — מכונית צבא פגעה באופנוע אתמול אחר־הצ־ הריים, ליד גשר ‭"", ‬של"" בחיפה. רוכב האופנוע, יחיאל קופרמאן, בן ‭, 23‬נפצע קל בשתי רגליו. האופגוע נהרס. הפצוע נאסף על ידי מ. ד. א. אל ביה""ח רוטשילד. כענייני פלישה — מספר אנשים פרצו אמש בתל־אביב, לבית י . טרכ־ טנגוט_, שלא נמצא אותה שער. בביתו (ברוווב ליליינבלו…"
1947-08-15	ahr	ahr19470815-01.2.8	"…בבמה שוחח י הועבר לפיח""ח הממשלתי‭-. ‬- הבחור שנפצע קשה בחיפה ביום א' בפינת הרחובות הרצלי וביאליק, בשעת ההתפוצצות במכונית הטאכםיהועבר _מביתיהחולים רוטשילד אל בית־החולים הממשלתי. _שוהררו‭—. ‬ שניים מבין שלושת עצורי ליל היריות בירושלים שוחררו אתמול. השלושה נאסרו במלון ""ציון"" לפני שלושה שבע…"
1947-09-01	ahr	ahr19470901-01.2.35	"…ם נוזל מידו. הכדור הוצא מה‭--‬ד בתחנת מגו דוד אדום. פצצה כשוק הערכי בליל שבת בשעה ד אירעה התפוצצות בפח אשפה בשוק הערבי בחיפה. אחד העוברים נפצע קל ברגלו ונחבש בבית־החולים הממשלתי, כפר _אתא הערב _ב־8 בחצר מטבת ""אתא‭:""‬ הצגת סרטים מדעיים. הלומוים בשיעורי־ הערב לעברית נפגשים הערב ב־ד בכית הסכ…"
1947-09-18	ahr	ahr19470918-01.2.38	"…דרשו לתת להם מקלט. משםירבה _בעלת־הדירה להכניסם, י דו בה ופגעו ברגלה. את בגר. דקרו 3 דקירות בגבו‭2. ‬ הפצועים נאספו אל ו בית־החולים הממשלתי בחיפה. מצבם I אינו מסוכן. כוועדת התרבות שליד מ. פ. ה. I מנויי התזמורת הא""י סניף הפועלים, סידרה ב' — מתבקשים לחדש אח י כרטיסיה…"
1947-09-18	ahr	ahr19470918-01.2.70	…עים ערבים, שעלו ביום ב' אחר־ הצהריים עם צאנם על אדמת רמת־יו־ חנן, נושכו על־ידי כלבי שומרים. הרו־ | עים הפצועים נאספו אל בית־החולים הממשלתי בחיפה‭!. ‬ שלושת הרועים סירבו לרדת מעל האדמה, בשהט נורשו לעשות כן על־ : ידי שני שומרים ממשק י גור. לעזרה באו שני שומרים _מומת…
1947-10-19	ahr	ahr19471019-01.2.20	"…הינתו כמנהל כליי שיל "" נפצע והכיר את _מתנקשיו יריות מיספר נורו בליל שבת אל תוכיק _חאג‭, '‬ חליי דרוויש י רח' או־ מא־אד בחיפה שיושר, כדורים כגעו בגופו במצב קשה נאסף אל בית־ החולים הממשלתי. במקום נמצאו אחו־ :ך ארבעה תרמילי אקדח ריקים הפי צול הביר את המתנקשים ולכי הודע־ תו שמפר נעצרו ריב _סובחי קאפאד…"
1947-10-20	ahr	ahr19471020-01.2.32	"…י קרא יו יאחמד עיי. בן 60 משכונת סעדה ליד בלו אש־ שייך, שיעלוד הלז יא נעצר ונורה ברגלי ע""י השוטר הפצוע נאסף במוצ''_ש אל ביה""ח הממשלתי _בח־פה זריקות חיסרן נגד חולירע הנהית ־וכת־חולים בחיפה והמחוז לוויעה לציבור העובדים _במקומוח־הע בודה בחיבה והמחוז, כי נעשות הכנות להזרקות־חיסון מפני חולירע. לא חר שיתקב ל הנפ…"
1947-10-24	ahr	ahr19471024-01.2.48	"…עבוול פחח מוצ־ םבד. אבו עש שהסתכסך עם גיסו. הדבר קרה ביום ה' בדיר אסאד ליד עכו בלילה . אור לי ום ה' הותקף גיורג' םאבאר בחיפה ונדקר בידו‭2. ‬ הפצועים נאספי אל בית־ההולים הממשלתי. נפצע כדינאמיט מקל דינאמיט התפוצץ ביום ה' בכ־ פר כברי ליו עכו. מחמוד גימאל אם־ לאן, כן ‭, 12‬נפצע ברגלו ונאסף אל ביה""ח הממשלתי בחיפה. השבת בוועדת התרבות קונצרט זמרה של סידור בלרסקי. שעמד להיערך הערב באמפיתיאטרון. נדחה בגלל מחלתו. בחוגי הלימוד וההשתלמות…"
1947-11-03	ahr	ahr19471103-01.2.51	"…ה־יד. מקיי — מת קבוצה ור, 10 ימים שב־תת־שבת ליד בניין העי־ רייה, על שלא מקייטיס את כפה""ר של הבוררות בעניין הובלת העורות מביח המטבחיים העירוני. קיר מתמוטט הורג ילדה. — קיר בשבת בית, אחה שהתמוטט ""צ בחיפה ברחוב , פגע _צלח־א־דין במסעו דאוואר, י לדת בת ד, וגרם למותה. גונתה נאספה אל _ביה''ח הממשלתי. פצ יי ‭:- _^‬ ה קשים התפוצ…"
1947-11-06	ahr	ahr19471106-01.2.41	"…דכןורי קטטות 2 ערבים, שנדקרו בסכינים בקטטות, הובאו ביום ג' אל בית־החולים הממשלתי בחיפה. שכד דל‭. _/, ‬גנב ונעצר פקודת־מעצר לשבועיים הוצאה את־ מול ע""י השופט _אחמד ביי חליל על _אחמד מורשיד מסורית. הנאשם התפרץ…"
1947-11-06	ahr	ahr19471106-01.2.61	"…אשמה בבדה כלפי ב""ת־החולים ה‭»>1‬שלתי מפי ש_1פט בחיפה שני חוטים, שהבריאו כביכול, מתו _מבנןגעיהם חיפה, יום די. — ""זהו המקרה השני , שהובא לפני במשך 6 השבועות האתרוגים, שפצועים מאבדים את חייהם בגלל רשלנות מצד ביה""ח הממשלתי"" — אמר היום בביה""ד המחוזי השופט חליל שיחאדה‭"". ‬הטיפול באנשים עניים, המובאים לביה""ח הממשלתי , אינו משביע רצון;מ…"
1947-11-06	ahr	ahr19471106-01.2.61	"…בבקבוק ודקירוח בסכין גרמו לפצעים בראשו של ראשואן עואב ע""י יריבו עבד אל מאולה עבוד ממצרים. הפצוע נאסף בשעתו, בינואר ש""ז, לביה''_ח הממשלתי בחיפה. אחר שבועיים י צא מביה""ח ושבועות מספר לאחר זה העלד פצעיו מוגלה, הובא שוב אל ביה''ח ומת שם. קטטה כשל דירה הנרצח עואב היה…"
1947-11-07	ahr	ahr19471107-01.2.92	"… גורטון‭, ""‬הפליגה _מגמל־זזיפה לאנגליה, בהםיעה לשפ מטען 51 אלף תיבות אשכוליות נפלטה גופת אשה‭—. ‬ גלי _היפ בחוף _חייאט בחיפה, פלטו אתמול בוקר גופת אשד, לבושה שמלה ירוקה, בלי נעליים. הגופה הובאה אל _בית־החולים הממשלתי. דנים על הפינוי‭—. ‬ הקולונל ג ר י י, מפקד המשטרה בארץ, נפגש ביום ד עם המזכיר הראשי סיר הנת גרני ושוחח אתו זמן …"
1947-11-20	ahr	ahr19471120-01.2.52	"…פני תנועה אזרחית בשעות הערב. נפל מגובה 12 ממר. — פועל ערבי , ה ע ובד ב "" _םולל־בונד‭"", ‬ בהקמת מחסן בחלקו המדרהי של נמל־חיפה נפל אתמול מפיגום בגובה 12 מטר, נטול הכרה נאסף ע""י ט. ד. א. אל ביה""ח הממשלתי.…"
1947-12-03	ahr	ahr19471203-01.2.45	"…ת משמשת המכונית. לכל אלה הוגשה עזרה ראשונת ע""י מ. ד. א. אברהם פ ר י ו מ ן, שנפגע בראשו ומשה רוזנברג, שנדקר בסכין בפניו בחיפה החתית — הובאו אל ביה""ח דוש־ שילד. ההודעה הרשמית בערך בשעה ‭8. 15‬ רגם המון של 300 ערבים ברחי המלכים מסוגיות יהודיות, מנפרו ב ט נ ר מת""א נפצע מ…"
1947-12-05	ahr	ahr19471205-01.2.14	"…ץ 2 פינת רח' יואל והשנייה — חנות מכולת ברח' השומר ‭. 8‬ נדקר יהודי י _י _חניתו של יצחק לוקאץ' ברח' יפו בקרבת כיכר חמרה בחיפה נכנס הנוקר ב‭6'‬ ערבי וביקש ובר מר, כאשר י. לוקאיף התכופף דקר אותו הערבי בלסח. הנדקר נאסף אל ביה""ח רוט שילד ונשלח אחר־כו הביתה.…"
1947-12-07	ahr	ahr19471207-01.2.46	"…דר־הכרמל. אתמול נרצח כאן עובד הנאפ""י, ע'יי שודדים ערבים. אל האוטובוס משירות נווה־שאנן נזרקה פצצה. יהודי אחד נפצע קל. אל ביה""ח רוטשילד הובא בערב משה עסיסי, בן ‭, 35‬שנפגע ביריות בכתף וברגל, ב ל כתו מחיפה תהתית יו• דר־הכרמל. מצבו אינו קשה. ערב* נהרג בשבת בבוקר הי־כו שלוש הערבים ברחוב החלוץ בהיותם בקרבת משרד הדואר פנו איייה…"
1947-12-07	ahr	ahr19471207-01.2.46	"…ופרצה קטהה. שני הערבים ברחו. השלישי, עלי איברהיס _חוסיין זאבן, בן ‭, 19‬הגר בשכונת גזאז'ה בוואוי רוש מיה, נפצע רמת בדרך לביה''_ח הממשלתי , _JFaai ע"" _gawri מכוניה משא יהודית עברה בחיפה תחתית בשבת בשעה ‭3 30‬ אחה""צ. בהגיעה ־1 יד שער עכו, ברחוב עיראק, נדרס על־ידה עבדול פתח יוסף דהוד, בן ‭, 55‬מחוואסה שבחי…"
1947-12-07	ahr	ahr19471207-01.2.46	… נורה בבטנו ביום ה' בבוקר בשעת עבוותו. הוא מת אחה''צ. נהרג בפצצה בהתפוצצות פצצה במוסך סלחני ברח' מנצור שבמושבה הגרמנית בחיפה, נפ־ גע בכל גופו ג'ורג' ק א ם א ב י א ן, בן ‭. 33‬הובא אור ליום ה' אל ביה''ח הממשלתי ומת לפנות בוקר. שדדו נשק המון עובי מזויין באלות התקיף במוצאי יום ד' 3 נוטרים ערבים, אשר שמרו על בית־הסוהר שברח'…
1947-12-12	ahr	ahr19471212-01.2.68	"…לה באש. תגבורת משפם _בקרבות־הוחוב מסביב לכיכר וזמרה נהרגו אתמול שלוטה ""מתנדבים"" 'שהגיעו שלושת ימים לפני־כן משכם וכפריה לחיפה. הם נקברו בשכם בכבוד רב. הרוג ופצועיפ פחיפה ביריות זקיף מהלגיון הערבי נהרג בקרבת בית־החולים תצבאי בחיפה זיגמונד מאקס, בן ‭. 32‬ברחוב הנביאים גורת בכתפו בשעה ‭1. 30‬ אחר הצהרים מונית גולף, בן ‭. 28‬ ליד מחסני הקי…"
1947-12-12	ahr	ahr19471212-01.2.68	…הודים בסביבת רח' אפגני בחיפה הותקפו בלילה אור ליום ה' הוחזרה אש וההתקפה שותקה. פצצה פפת-גליפ בפצצה, שנתסוצצה בבח־גלים שבחיפה הבוקר בשעה 615 נפצעו 3 ערבים. כולם נפצעו פצעים קשים בכמה מקומות בגוף והובאו אל ביה'ח הממשלתי. ערבי רביעי נהרג. ממקור רשמי מוסרים, כי הפצצה נזרקה ברחוב העלית מתוך מכונית־ טאכסי יהודית שנסעה מכיוון בתי גלים…
1947-12-19	ahr	ahr19471219-01.2.90	"…. כיבו _מכבי־אש עירוניים. נדקר שלושה צעירים ערבים נטפלו אל ארנםט גוטשאלק, בן 33 בלכתו לפנות־ ערב הביחד, ברחוב אלנבי 65 בחיפה. האחד מהם דקרו בסכין בגבו וכול השלושה ברחו. הנדקר נאסף על־ידי מ. ד. א. אל ביה""ח רוטשילד. פקודה לאסור עריקים השופט חליל עבושי הוציא פקודה למשטרה לאסור את שני הנוטרים מתחנת המשטרה ליד גער הקישון שברחו …"
1947-12-21	ahr	ahr19471221-01.2.55	"…. — יהודי מטבריה, צבי מזרחי , בן ‭, 30‬ הלך אתמול בשעה ‭10. 30‬ לפגה""צ לגבות חוב מערבי . ב ע וברו לי ד המסגד הקטן במזרח חיפה, הוקף ע""י ערבים, שירו בו בראשו וברגלו, הוא מת לאתר שעה וחצי בבית־החולים הממשלתי. את כוווי אל מכונית מזרחי קרא בערבית ""הוועדה הלאומית‭, ""‬הקוראת להתנהג בשקט ולהימנע ממעשי התקפה, בתמימותו סבור …"
1947-12-21	ahr	ahr19471221-01.2.55	"…ו, בן ‭— 34‬ שניהם ברגל. בשבת ב־_9 בבוקר נורה בבטנו בת־ חנה ""כרמל"" לבים סלים חורי, בן ‭. 19‬ מצבו קשה. כול אלה נאספו אל ביה""ח הממשלתי. *לד ששיחק בכדור תחמושת י לד בן ד, ששיחק בכפר טירה ביום ' אהה""צ בכדור תחמושת, נפצע באופן רציני כשהכדור התפוצץ, הוא נאסף אל ביה""ח הממשלתי בחיפה. הנהלת הרכבות מכחישה _בעתונים פורסם, כי לפועלים בחיפה, שהתאוננו על חוסר בטחון, אמוד, הנהלת הרכבות, כי יכולים הם להחםסר.…"
1947-12-24	ahr	ahr19471224-01.2.52	"…רים. י _י פנות־ערב נורו גם יריות על מכונית שנסעה מ ־ה' נצרת אל הדר־הכרמל אולם איש ייא נפגע. לפנות ערב נפצע ברח' ברזילי בחיפה הילד עמיקם _וי־נשטיין, בן ‭, 1c‬הגר שנ!בבתים המשותפים, בעוברו ליו פינת _הקישון. כדור פגע בכתפו, היייד נאסף על־יוי מ. ד. א. אל _בית־החוליס ""רוטשילד‭. ""‬ בבוקר נורד, ברח' עיראק, _ב־‭, 8. 15‬ ילד ערבי בן ‭. 10‬הוא נאסף אל בית־ החולים הממשלתי. הברקר ב־5 נורד יר…"
1947-12-24	ahr	ahr19471224-01.2.52	"…הבד של המכרנית. ששח השוטרים הבריטיים, שליוו את השיירה, לא השיבו אש. נפצע נהג האוטובוס כשירדה המכונית ""חברי' מהדר הכרמל לחיפה תחתית, נורו אליה יריות בשעה 3 בקצה מורו רח' הבורג‭. '‬הנהג מתתיהו כץ, בן ‭, 35‬נפצע בשני _כרורימ — ברגלו ובבטנו. מצבו איגו קשה, הוא נאסף אל _בית־החולים ""רוטשילד‭. ""‬ אחר המקיה הזד, חשה יתיית ה""הג־ ני‭""?‬ אל המקום במכונית ופתחה באש אל כנופיית ערבים, שהיתר. שש. בשובם ירו ע…"
1947-12-28	ahr	ahr19471228-01.2.7	"…פירא ליד רח' הבורג' נפגעה ומתה ביום ר' אתה""צ שרה שוורץ, בת ‭. 58‬ גופותיהם שי י שני יהודים, שלא זוהו שנמצאו בשוק הערבי בחיפה, הובאו היום אחה""צ אי1 _ביח־החוי י ים הממשלתי. בשכונת תל־עמל נהרגה ביום ו' בירייה בשעה ‭8. 45‬ בבוקר בלה פ ר ל, בת ‭. «3‬ברח' השומר נהרג בשעה ‭9. 3…"
1947-12-28	ahr	ahr19471228-01.2.7	"…דרגות חסן שוקרי — בירכה _> קארל ל ו ו י 1 ג ר, בן ‭, 27‬נשער. שנהג מכונית פרטית — ברגלו ן מרגלית מזרחי, בת ‭, 8‬ בלכתד. לביח־הסםר בשכונת תל־עמל — בכתפה. מת פצוע מכפר החורש _בביח־הווולים ""רוטשילד"" בחיפה מת בליל שבת מתתיהו _ווידובח מכפר החורש, הוא נפצע ביום ה' בבוקר ברח־ נצרת, במכונית שהובילה חלב סן המשק למתלבת ""תנובה'־ ב…"
1947-12-28	ahr	ahr19471228-01.2.7	"…שין שבפולניה. היה _םרטיזאן במלחמה בנאצים. העפיל ב""חנה םנש‭. _""‬שריד יחיד למשפחתו. 1 גופתו של יהודה קהת, שרכב עי אופנים מחיפה לעתלית, נמצאה ביום ר, בשעה ‭5. 30‬ אחה־'צ בכביש ווי־ פדי—תיי־אביב, ליד עתלית. הוא גרצת ייייית, ין 21 מנסר _אח_א דיופד, נאספה איל _ביה''_ח הממשלתי בחיפה פצועים וחרמים ע רבייה שני פצועים ערביים, גבר בן 20 ואשד, בת 50 הובאו בשבת אחה""צ אל _בית־החולים הממשלתי. סך הכול מתו בחיפה במשך יום ו' ושבת 8 ער־ כיס ו־28 נפצעו.…"
1948-01-02	ahr	ahr19480102-01.2.57	"…הרג דוד בם. במקומות שונים נמשכו ההיפושים אחרי נשק מגן. בשכונת ""חבצלת"" ליד רחובות ובעיןיזיתים נאסרו יהודים על ההזקת נשק, חיפה, יום ה/ - הרכה עשרות ערבים נהרגו ונפצעו בהתקפת ה "" הגנה"" על הוואםה ובאלאד אש־שייך בלילה, אור ליום ה/ מבית־ההולים הממשלתי בחיפה מוסרים, כי לשם הובאו 5 הרוגים ו־32 פצועים, _רשבונית דוואסד, ובאלאד _אש־שייךem גריפ _דבים מפיעלי _בתי־הזיק…"
1948-01-02	ahr	ahr19480102-01.2.57	"…בקוו מס' ‭, 6‬בש־ דרות־הכרמל. חלילים, שהחזירו אש, פג־ עו אף הם באוטובוס. איש לא נפגע. נחג נהרג נהג , של"" מרכוס ווייצמן מחיפה, נורה ביום ד' אחה""צ, בהובילו מכונית דלק ברחוב ההר בסמוך לכנסיית סנט. ליק. הוא נהרג ומכוניתו נתגלגלה במדרון. הגופה נאספה אל ביה""ח הממשלתי‭"" _XllmlU. ‬ פצצות ויריות פצצה נזרקה בשעה ‭10. 30‬ לפנה""צ ליד מחסני הקירור ברחוב הנמל‭2. ‬ יהודים נפצעו. פצצה ש…"
1948-01-04	ahr	ahr19480104-01.2.11	"… וסבורים, כי היא יהודיה, נמצאה הבוקר בשוק הערבי והובאה אל ביה""ת רוטשילד. כבת ‭. 40‬ שגי ערבים הרוגים ביריות נמצאו במורח חיפה ביום ו' והובאו אל ביה""ח הממשלתי, מחסור בבנזין _כחיפח ביום ו' כבר נתן המחסור בבנזין את אותותיו בחיפה והוקטן _מיספר האוסר בוסים המהלכים בעיר. שיר…"
1948-01-04	ahr	ahr19480104-01.2.11	"…בודיג, שנחטף בחיפה אור ליום ה/ אינו חבר _באירגוגש. הוא הורחק מתנועה זו לפני שנה. גהרג ביריותיילים הל ביריות שנורו הערב בחיפה ב־9 ליד קפד‭"". ‬סעד־לב"" לשעבר ""מסרופול"" ‭:1‬ק־ צד. רח' הרצל בחיפה, נהרג פיאודור גליקין, בן 27 שעבר ברחוב. חברו שמואל מזרחי, שהלך אתו נפצע קשה ונאסף לבית־החולים ""רוטשילד‭. ""‬עוי ראייה מוסרים, כי אותה שעה ראו מכר נית צבאית עוברת.…"
1948-01-05	ahr	ahr19480105-01.2.59	"…העובדים היהודים בביה""ח הממשלתי ק הפסיו עבודתם חיפה, יום אי. • — עדיין נמשכת השביתה של 76 עוברים יהודיפ, ב־ בית־החולים הממשלתי באן, ביניהם 6 רופאים ו־ד4 אהיות, שהוכרז?ביום…"
1948-01-15	ahr	ahr19480115-01.2.11	"…בן ‭, 11‬אהרון אבוטבול, מרח' השומר, שיחק לפנה""צ באבק שריפה שהתפוצץ. הוא נכווה קשה באצבעות ידיו ונאסף על־ידי בג ד. א. אל ביה''ח רוטשילד. שתי הגוויות עוד לא זוהו שתי הגוויות, שהיו מוםלות בבית־ החולים הממשלתי בחיפה ולא זוהו עדיין, הובאו ע‭''‬י חברה־קדישא אל בית־החולימ רוטשילד. הגוויות יהיו שם עד יום ה' בצהרים, לשם זיהוי. רימון־יד נז…"
1948-01-16	ahr	ahr19480116-01.2.10	"…ית ערבי וכן גם ערבי פצוע ביריות. ערבי וילד ערבי. בן ‭!12‬גורו ונפצעו קשה בוואדי רושמיה. הגווייה ושלושת הפצועים הובאו אל ביה""ח הממשלתי. ממקומות שונים בעיר הובאו לשם עוד שלוש גתיות של ערבים ופצועים רביםעד הצהרים הגיע מיםפר הפצועים הערבים ל־‭. 20‬ לבתי החולים בחיפה הובאו היום 11 הרוגים ו־59 פצועים — מודיעים לנו בחצות. ארבעה _הרוגיש יהורימ יריות נורו בצהרים מוזאד רושמיה אל מכונית משי…"
1948-01-27	ahr	ahr19480127-01.2.66	"…ננס אתו בשיחח. כשבמקום התעכב אוטובוס ערבי , דקר הערבי את הנוטר, שדד את רובהו, ותסתלק באוטובוס. הנוטר, שנפצע קל, נאסף אל ביה""ח רוטשילד. כיצד נהרג הנפ שר נהג מכוניח־המשא הנס שר, שנהרג בדרך ליד עתלית, נסע מחיפה _לתליאביב. בכיוון אחד אתו נסעה מכונית־משא ערבית, הנהג הערבי ירה בו ופצעו בראשו. המכונית התהפכה. ג'יפ צבאי עבר במקום והח…"
1948-02-02	ahr	ahr19480202-01.2.57	…בת _חירבת אל־ עטיף, במחוז חיפה. פצצה התפוצצה נדרך והילדה נפצעה קשה ננטנה ונ־זרועה, ה י יא נאספה אל גית־ד'חולים הממשלתי בחיפה. ילד ערבי, בן ‭, 10‬נפצע קשו‭, ]‬ביחיד, בבטנו, י בקרבת עכו, ונאסף ' הבוקר ב־5 אל, _בית־החולים הממשלתי בחיפה,…
1948-02-04	ahr	ahr19480204-01.2.52	"…עו ביום ג' אחד‭!"". ‬כשחיילי הלגיון הערב־ השיבו לאש עניותו, עליהפ משיירה _אוסובוטיפ יהודיים, שה י ו ברובם _מנווה־שאגן אל חיפה. שני אוטובוסים התהפכו ונוסעיהם התפזרו וביקשו מחסה. הפצועים נלקחו לטיפול אל מחנה הלגיון הערבי והועברו י וחד מאוחר לביה""ח ‭,, ‬הדסה"" בחיבה‭, ""‬ שלושה הרוגים המשוריין שניים נהרגו ושלושה נפצעו ביריות שניתכו על מכונית משוריינת בשירות ‭,, ‬משמר …"
1948-02-04	ahr	ahr19480204-01.2.52	"…ם התקרבו שלושה עד חמישה ערבים שניסו ליטול את רוביהם. אחד התוקפים פתח באש ופצע אח שני ה שוטר י ם, אחד מהם מת לאחר שנתקבל בבית־החולים הצבאי‭. ""‬ עובי בן ‭, 21‬_עבווו־וחמן יוסף דהידי מכפר ערבה, נפצע ביריה, ברח' עיראק במוצאי יופ בי. מצבו קשה, סיכום: קובנות היום בחיפה הם בסך הכל: הרוגים ‭5 —‬ יהודים 4 עובים שוטו בריטי אחר. פצועים ‭6 —‬ד יהודים‭5, ‬ ערבים ושוטר בריסי אחר.…"
1948-02-08	ahr	ahr19480208-01.2.58	"…ם• אחד הצלפים הערביים מהעמדה התוקפת גהרג ושגי נפצע. ערבייה בת 18 נורתה מפצעה קשר. ביום ו' ב־‭11_, 30‬ לפה""צ ברחי עיראק בחיפה. היא נאספה אל בית־החולים הממשלתי ושם מתה. וואדי רושמיה בליל שבת נורו יריות אל מכונית יהודית בגשר וואדי רושמייה. במשך כול יום ו' נערכו חיפושים אצ…"
1948-02-08	ahr	ahr19480208-01.2.58	"…י כשבוע ימים ונמצא רק עכשיו בצריף בשכונת תל־עמל. גופת המת לא זוהתה, אולם ידוע כי שמו אברהם. גופת הרוג היום לפנה""צ הובאה לבית־החולים ""רוטשילד"" גופת יהווי הרוג ביריות. ההרוג לא זוהה. ביריות צלפים ערביים נפצעה היום ב־11 לפנה""צ חנה לרמן, בת ‭, 48‬ברח' עקרון בחיפה. היא נחבשד, _בכית־החו־ לים ""רוטשילד"" ונשלחה הביתה.…"
1948-02-09	ahr	ahr19480209-01.2.63	"…‭I_03Q nnB iT'SIO‬ מכותל1 ב""ת־־ווולים 3 פורעים נהרגו בחיפה בחילופי ידיות עם הח""לימ היפה, יום א‭—. '‬ אל מכונית צבא, שעברה היום אחה""צ ליד _בית־החולים הערבי _לשעת־חירום ""אל־אמיך ברחוב המם־ איל־באשה, בגבול וואדי צאליב, גורו יריות מתוך בית'יה. הצבא החזיר אש ופצע קשה ארמה …"
1948-02-09	ahr	ahr19480209-01.2.63	"…ונים עונים ללא אבחנה. לאחר שעד, ההלו הערבים לירות אל פינות שונות בהדר־הכרמל. לא נפגע איש. המת זוהה הגופה שהובאה בשבת אל ביה""ח רוטשילד זוהתה. המת הוא אברהם אלמיסטד (צורי‭, (‬מתקן _פרימוםים, שגר בצריף בשכונת תל־עמל, בחיפה. מאחר שהיה איש בודד, גם מוזר בהליכותיו, לא נודע על מותו אלא כעבור שבוע, כשנמצאת גופתו. ירייה אל מרכז הטלפונים כדור פגע …"
1948-02-09	ahr	ahr19480209-01.2.80	"…סתה לחחנגד בתחילה למחסומים אלה וסירבה להיעצר לזיהוי, אולם היום השלימו, למעשה, עם המצב. _משלרו ת _הצלב־האדום ביקרה בתיבה חיפה, יום א‭—. '‬ משלתת ""הצלב האדום"" הבינלאומי ביקרה היום בחיפה. המשלחת סיירה בתחנת מ. ד. א. ובבתי החולים רוטשילד, בית־בורוכוב, ביה""ח הממשלתי‭"", ‬אל־אמין"" וכן במרכז ""הצלב האדום‭. ""‬חברי המשלחת מעדו בצהרים עם רופאים ערביים במלון ""וינד־ זור‭. "" ‬…"
1948-02-15	ahr	ahr19480215-01.2.72	"… מהם מת מפצעיו. נפצע כגבול הדר־הכרמל פצע קשה מיר""ת נגרם לאהרן לוי, ילד בן ‭, 12‬בשבת ב־‭5_, 30‬ _לפנות־ערב. הוא נאסף אל ביה""ח רוטשילד. פוצץ מוסך 4 התפוצצויות עזות נשמעו בחיפה במוצאי 'ומ ה' בשעה ‭7. 15‬ כשמצץ המוסך של חברת האוטובוסים הערכית מקוו מס' ‭, 5‬במערב היפה, ליד תחנת ‭,. ‬כרמל‭, ""‬ ע""י …"
1948-02-27	ahr	ahr19480227-01.2.134	"…ביקר, בשעה ‭9. 30‬ נפצע בידיות נהג מכינית טאכסי, משד, מזרחי, ליד עין־רזל, הוא הוביל את המכונית לזכ־ דין יעקיב ומשם הובא לביה""ח ""הדסה"" בתל־אביב. מכונית טאכםי אחרת הותקפה בשעות הצהרים ליד זכרון־יעקוב בדרכה מחיפה, נפצעו שני יהודים;מנחם רייבמן וישי אחין, הנהג לישניצקי נפצע קל והוחזר לביתו. בפעולת גמנל שנערכה ב־3 אחה""צ נהרגו שלושה א…"
1948-03-14	ahr	ahr19480314-01.2.77	"…בחיפה תחתית. אשד, יהודיה, שנפצעה לפני הודש ומעלה, מתה מפצעיה. הנה כן מסתכם סוף השבוע ב־3 הרוגים יהודים. אותו זמן נפצעו בחיפה כמה אנשי כנופיות ערביים באש משמרות ה""הגנה"" ונמצא ע רב י הרו ג. נמצאה גוויה יהודי הרוג נמצא ביום ‭:! '1‬בוקר בחיפה החתית. הגוכד. הובאה אל• בית־ החולים רוטשילד ולא זוהתה עדיין. בבגדיו נמצא סימן: חיים ע. נהרג ביריות בוואדי צאליכ צלפים ערביים פתחו באש בשבת ב־10 לפני־הצהריי…"
1948-03-17	ahr	ahr19480317-01.2.113	"…זוהו היום הובאו לקבורה בבית־הקברות היהודי שתיופות ג — של גבר ושל אשה, שנמצאו במוצאי־שבת ולא זוהו. גוכת הגבר נמצאה בכביש חיפה־ג'נין וגופת האשד. ברחי מטאנטון. ערבי נפצע קל חיום אחה""צ בשדרות הכרמל והובא אל בית־החולים הממשלתי. רוכב אופניים יחודי, מנחם פ ל ץ, הוכל היום על־ירי מכונית ערבית ליו ביהח""ר ""נעמן'' בעמק־זבולון. הוא נפצ ע קשה ונ…"
1948-04-19	ahr	ahr19480419-01.2.68	"…מ!ת למוסרו למח־ לקת הבריאות של היועד הלאומי להנהלתו והחזקתו? בהמשך דבריו ציין, כי _מחלקת־הב־ ריאות של הוועד הלאומי תקים בי""ח ליד תל־ליטווינסקי , בשביל המושבות. במחוז חיפה יעבור ביה'יח הממשלתי הגדול לרשות עיריית חיפה. אומנם זה יטיל על העירייה מעמסה כספית כבדה המגיעה _לי400 לא""י ליופ, אבל זאת היא הדרך היחידה למנוע את הכ־ קרת הנכס הגוול…"
1948-04-28	ahr	ahr19480428-01.2.70	"…גיורם לאחיות ‭""'11‬ _בי_1דוז _ד_^_שירד בחינה הרשמת תלמידות לשנה א' הנהלת ביר, הסכר לאחיות ע""י בית החולים רוטשילד בחיפה מודיעה בזה _8י החלד!הרשמה למחזור ג' של בית הפפד אשד ייפתח כהתחלת ההדש _פפנןמבד ש. ז. מועמדות שגמרו לא פדות מ 6 _כ־תות ש…"
1948-05-04	ahr	ahr19480504-01.2.34	…עניין הספקת מזון והלוקתו, הספקת דלק, גביית מסים לקופת המדינה היהודית, חידוש ואירגון בשירותי הדואר, הטלפון והרכבת, העברת בית־החולים הממשלתי לרשות עיריית חיפה. אל. י ו• ל ס ו ן, אחר הממונים על ענייני הספקת צווכי מזון לאוכלוסייה הנמצאת כשטח המדינה היהווית, ביקה בהיפר, וקיים התיי…
1948-05-04	ahr	ahr19480504-01.2.34	"…תחת פיקוחה של מנהלת העם. נמשכת הפעולה להקמת קשר דואר עם _חוץ־לאהץ. ו""ה א, קצנלסון ומחלקת הבויאית שי הוועד הלאומי) ביקר בחיפה ודן עם העירייה והשלטונות כדבר גורלו שיי _בית־החולים הממשלתי העומד לעבור לושות עיויית חיפה. בביתיהחו"" לים!שהנהו אחד הגדולים והמסודרים בארץ, יש 288 מיטות. הוועד הלאומי הכריז…"
1948-05-21	ahr	ahr19480521-01.2.43	"…ושה מנהלי מחלקות, על פקידי עיריית חיטה הוטלה מעמסת עבודה נוספת, לרגל הכללת שירותים י נוס־ םים במסגרת הסמכויות של עיריית חיפה (ביה""ח הממשלתי, המחלקה לפיקוח על המזונות, מוסדות ""יורקו"" והמחלקה לעבו""צ של הממשלה לשעבר‭. (‬ אושרה הצעת תעד עובדי עיריית י חי־…"
1948-06-06	ahr	ahr19480606-01.2.31	"…לגורלו של ביה ח הממשלתי בחיפה ‭^*‬_חרי הנזקים הגדולים שנגרמו ‭C_%‬ לכית־החולים המהולל ""הרסה"" בירושלים עלה בחשיבותו בית־החוליס הממשלתי בחיפה‭, -. ‬ ב־ת־החולים בחיפה הוא אחד מהגדולים בארץ, כיום הוא כולל קרוב ל־300 מ־טות, הבניינים גדולים ומרווחים, …"
1948-06-06	ahr	ahr19480606-01.2.31	"…ש אפשרות להרחיבו. אולם בניגוד למקווה אין רואים כל סימנים להעלותו לדרגת בתי־ החולים היהודים הציבוריים הקיימים בארץ. אנשי חיפה הולים תקוות רבות בכ־ת־ חולים זה, והעוסקים בענייני _רבואה חרדים מאוד להתפתחותו, באץ קוו כעולה כיום ולעתיד הקרוב, לא דוכדר אם _בית־חולים זר‭', ‬היד?מוסד עירוני או מומר המדינה. ובחיפה העיר הא 6־ כזה היא בשפל המדרגה. לאחר שהאוכ־ לוםיה הולכת וגדלה וגם קולטת עלייה, הרי נוקקת חיפה ל־600 מיטות לכהות ולעת־עתה נמצאים בעיר זאת: בבי""ח ""רוטשילד"" של וועד הקהלד‭105, ‬ מיטות, בי""ח ""כרמל"" של קופת־חולים 42 מיטות. בסך־הכול ‭147 —‬ מיטות צבוריות. בכתי החולים ה…"
1948-06-16	ahr	ahr19480616-01.2.62	…וודו המינוי הבריטי בנמל היפה היפה, יום גי. - שש אוניות צבא בריטיות, מהן אחת אוניית בית הולים, הפליגו היום מנמל חיפה על פי תוכנית הפינוי. כ־1000 חיילים וציוד רב, בעיקר מזון וציוד רפואי, הוצאו מכאן. כמו־כן הוטענו היום מטענים על 14 אוניות…
1948-06-16	ahr	ahr19480616-01.2.62	"…בנוח נפח _מ־‭, 12000‬ עד 15000 טון והן: ‭""_, '‬איסבן פרינס"" שהבליגה לפורט סאיד ו""אמ־ פייר טסט"" שהפליגה לבריטניה. אוניית בית החולים היא ""אוכספורדשייר"" שהסיעה לפורט םאיד חולים מבית _החו־ לים הצבאי מס' 42 בחיפה. בנמל נראתה היום תכונה צבאית מוגברת בשמיוה ובטעינה גוננו גם חיילים ממאוריציוס. הלק מהציור הוט־ ען על אסדות מחוסר אפשרות…"
1948-06-21	ahr	ahr19480621-01.2.70	"…_בית־ח1ד0 צף הגיע לחיפה חיפה, יום א‭-. '‬ אינית בית־חולימ בריטית ""אוקסכורדשייר'' הגיעה דרום לחיכה. היא תמלא את םק בית־ החולים הבריטי בחיפה ביניים האח־ רונימ של פינוי , צבא הבריטי, לחנות הצבא מסב־ב לחיפה ריקים כמעט — פרט לש_!סר־ם מעטים. המטר?הראש…"
1948-07-27	ahr	ahr19480727-01.2.52.4	"…תמוז תש""ת ‭6 —‬נ יולי 1948 ונטמן בי""א בו ‭18)‬ יולי) בראש־פינה. מכירי־העלס האציל הזה יבינו גודל כאבנו. יוסף ולולה כונן, חיפה, רחוב בית החולים 19 _פטיפן רוטנכר;ופיתו, קבוץ מרחביה ו י בנפול _אל_03 היקר קיבוץ מרחביה ־ ‭-*? ‬ 1 לרוזה, מריה, _יעקה ונחומ I בנפול אנו»…"
1948-08-02	ahr	ahr19480802-01.2.57	"…בעו, דעה, כי רצוי , שב־ תי־החולים ינוהלו ע""י הרשות המ־ קומית המוסמכת בתמיכת המדינה. בישיבה השתתפו: הוועד הפועל של _קהלת־חיפה, חברי הוועד המנהל של בית החולים רוטשילד, באי־כוח מוסדות רפואיים בחיפה, ראשיעיריית חיכה ונציג משרד הבריאות של ממשלת ישר־ ‭, /«‬ ד""ד נואך. נבחרה וועדה מי…"
1948-08-27	ahr	ahr19480827-01.2.56.3	"…םן הראשי בתל־אביב "" , רחוב _שיינקין ‭. 45 ‬ מ ד י נ ת י ש ר א ל ן I נית _החזטפ הממשלתי , היפה ‭j |‬ כית־חפפר לאחיות : j בית החולים הממשלתי בחיפה מכריז בזה על הרשמת מועפ-ות! !לבית-הםפר לאחיות אשר ""פחח כחודש אוקטובר, _: ? מועמדות שהנן בגיל מעל ל־נ‭171/‬ שנר?בעל י ות…"
1948-10-08	ahr	ahr19481008-01.2.12	"… ‬ למעשה הוחלפו רק מהצית האנשים. דונר מטעפ המושל הצבאי אמר היום ו #אין לשל. טונות היהודיים כל ידיעה בק־ שר להודעת או""ם בחיפה שלפיה הושג הסכם ביח6 להעברת אמבולנסיפ ערביים דרך _הו־הצופיש _לבית־החולים אוגוםטה וויקטוריה. השלטונות היהודיים שמעו ן על ההסכם רק מתוך העתונות. לפי ההסכם המקורי לעוד שלושה _חודשיפ לא ישמש ביה''…"
1948-10-10	ahr	ahr19481010-01.2.30	"…ניה ביפו, כן נפתחה מחרש _מרפאינ הגמל בצפון ת""א שניזוקה בשעתה »הפצצת אוויר. ד""ר י. היכמן - רופא _דאעי של המרפאה המרכזית בחיפה עם שובו של הד""ר רוזנקתץ להנחלת _בית־החולים ""נרמל"" נכנם הר""ר . הייכמן לתפקיד שנקבע לו _גיזמן בתור רופא־ראשי במרפאה המרכזית בחיפה. הוגדלו דטיי'הכוחלה לפועלי _הגניין…"
1948-11-01	ahr	ahr19481101-01.2.28	"…‭|^wfl»n ‬ _פגעיפ ?אנשי או""ם נהג מכונית או""ם פגע ביום ו' במכוניתו, בדרך להר־הכרמל, בחייל ופצעו קל. החייל נאסף לבית־החולים ""ע זרה‭. ""‬ צלמניה מצלם של בזמן מטה ששהי או , ""פ במשרדי בחיפה נגנבה או""ם ברח' המלכים _יחיפר. שווי הצלנ־ניה 150 ל""י. גייס, השייך לאו""ם, עלה כייכ ו' על עמוד חשמל וניווק. הגייפ נעוב ע""…"
1948-12-01	ahr	ahr19481201-01.2.30	"…-‬ _תאוגת־עכודה ביעניה צינור _אג־טילן התפובץ באניה ""גלי? יד‭, "", ‬העוגנת _בננ־ז היפה. מאיר _ליכטנ־ שטיין מרח' הל־הי 14 בחיפה נכוו־ בכ""יו ־נאסף אל ביה""ח הממשירי. מכוניות שנמצאו שלוש מכוניות, שנגנבו _בח־פה, גכצ־ או ביום ‭. _;‬־' ע''י המשטרה והוחזרו יבעליהן. השכיר דירתו של …"
1944-10-13	amudimaliya	amudimaliya19441013-01.2.9	…לה במצב הקיים. אמנם השתתפותה של הממשלה׳בתק־ ציב הוא כאין וכאפס: סך 15.000 לא״י בתוך סכום של 120 אלף לא״י שהיה תקציבו של בית החולים בשנה הקודמת, בה בשעה שבחיפה וירושלים השתתפותה של הממשלה בתקציבי בתי החולים היא ניכרת למדי. אולם — סדרים פנימיים יעילים שיטיבו וישביחו את תנאי קבלת …
1945-08-24	amudimaliya	amudimaliya19450824-01.2.22	"…— פדיון תנובה הגיע בשנת 1944 לסך שלמעלה מ־4 מיליון לא״י. — עם כניעת יאפן ירד מחיר הזהב בבורסה. — בנתניה התחיל בימים אלה ביח״ר לתקלי־ טים בעבודתו. — לפי ידיעות בעתונות נערך מו״מ על קנית ביח״ר נשר בחיפה על־ ידי קבוצה בהשתתפות ""סולל בונה"" וה״ה טיבר וירושלמי, שקנו לפני זמן את ביח״ר ״שמן״. — נרשמה חברה ערבית לייצור סרטים. —…"
1934-07-27	baderech	baderech19340727-01.2.7	"…בתים וההשגחה בידי המהנדס שלינגר. ניתוח לש. טשרביחובסהי ־ המשורר ד״ד ש. טשרניחובסשי נותח 'ציתות סל""ביבית-החוליים ""חדסח"" בחיפה. הוא'הולך ומבריא, -*•נדםייאלח יעזוב את בית החולים. האין תל-אביב ראויה לבנין ביתימשפט? חרוצה לחווכח בעיניו מה רבה מידת הזלזול של טמשלת א״י בצרכיה של ת״א, עיר מרובת חאוכלו…"
1934-06-13	bustenai	bustenai19340613-01.2.11	…, מחוסר כמעט כל אפשרות של הוספיטליזציה במוסדות עבריים במקרים של מחלות פנימיות, ביחוד לאחר שנסגרה המחלקה הפנימית בביה*ח בחיפה. ביהיח בעמק ערכו גדול, אולם הוא משמש בעקר את חברי קו׳ח של הסתדרות העובדים מנקודות העמק, וביה־ח בצפת משמש בעיקר לחולי ריאות. אמנם קימים בתי־חולים של הממשלה ושל המיסיון; אולם מסבות ידועות אין משתמשים בהם אלא מתוך הכרח, באין ברירה. ביה׳ח רוטשילד הוכר בישוב העברי בתור ביה,•ח המסוגל והמוכן להתמסר לחולה מחלה מוזנחת וכרונית באותה מדה שהוא מתמסר לחולה מחלה חריפה ודחופה. יש מחלקות המושכות באופן מיוחד את החולים מהנקודות הרחוקות כארץ, בידעם, כי נוכף למסירות ולטפול הטוב ימצאו כאן נם את המומ…
1930-04-30	dav	dav19300430-01.2.20	"…פעל. פגישת עובדי בה""ט לילדים עובדים ?בכ""ו ניסן התקיימה בת""א פגישת מורי בתי־ תספר לנוער העובד. השתתפו טורי ירושלים, ת""א, חיפה, שעדיים (דחויות‭, (‬מזכירות ועדת התרבות המר־ ?נזית וב""ב מרכז ""נוער העובד. םה""י: דו""ח על המצב בנתי הספר, כיוון ביח""ם לנוער העובד וארגונו. לאחר סקירות מקיפות על מהלך, העבודה בבה""ם נדונו שא־ _לית ? תכנית הלימודים והתאמת־ לצרכים המיוחדים…"
1930-06-24	dav	dav19300624-01.2.30	"…חיפה לקראת בנין בית החולים בליל א' נתקיימה ישיבה משותפת של ועד הקהלת, _מבהל ‭,, ‬הרםה‭, ""‬ד""ר יסקי ומנחל _ביהח""ו בחיפה, ר""ד ניםנבוים ידבר בני!לביהח""ו, שיבנה בתדר־ תכרםל על מגרשי הבלו!רוטשילד. ה-חלט ""להרכיב ועדת בנין: 3 ייבחרו ע""י ועד ?הקהיח‭3, ‬ ע""י "" הדסה"" ושביעי ני…"
1930-07-11	dav	dav19300711-01.2.45	"…, ‬גשר‭. (‬ המספר הכללי של החולים למעלה מחמשים. המגפה לא אחז־ בנקודות חדשות. כל הילדים החולים — כעשרים במספר — נאספו אל בית החולים בעמק. שטתה־יעשררו מטות של המחלקה הפנימית תפוסות על ידי חולים מבוגרים. יתר החולים הוכנסו לייה""ח הממשלתי בחיפה, שתנאיו שנכללו והותאמו יותר לצר-כי החולים מתוך הישוב העברי. אוטו _טאניטרי מיוחד קל מחלקת הבריאות ?הממשלתית מעביר את החו…"
1930-07-30	dav	dav19300730-01.2.20	"…ים חמיברח לדאוג להוצאותיו בהתאם להכרח שבמציאות ולא לפי פרינציפים טאיבגים שנקבעופעם ע""י הדסה באמריקה. דומה, איש לא יניד, שבית החולים בעמק נופל בעבודתו המקצועית ובסדריו הפנימיים מבית החוליםהדסה בחיפה, ואף על 6י כ;הוצאותיו קטנות כמעט־ _ב־40 אחוז! דיגטה שניה: בית הספר לאחיות. אין ספק, שמוסד זה היא מהטובים שיצרו;הדסה באר…"
1930-07-30	dav	dav19300730-01.2.20	"… ‬שהדבר לא יתגשם במהרה. וכך הוה. מנהלות הדפה באמריקה באו בתכנית למסור _בםשך מספר שנים מסויים את מוסדותיה לאורגני הישוב: בית החולים בת""א — לעירית ת""א, ביה""ח בחיפה — לעדת חיפה וכו י‭.. ‬ מובן, שההעברה קשורה בתנאים שונים. אלא דא עקא, שהתנאים האלה לא יאפשרו למעשה לישוב לקבל את המוסדות לרשותו. תטק…"
1930-07-30	dav	dav19300730-01.2.20	"…ה, בהשתתפות של ‭2, 500‬ לא""י לשנה בהחזקת בית החולים ובמרפאת הדסה העולה ל־‭24, 000‬ לא""י בשנה!היכן זה נשמע, שתקציב החזקת בית חולים בעיר שמחלות שינות שכיחות בה, יתפוס פחות _ט־3 אחוז מתקציבה הכללי, ונם זח אחרי טי""מ ממושך, אחרי איומים לסגור אח בית החולים ובד‭, '‬וערה עברית בחיפה, לא עניה כלל- עם שכונות בהדר הכרמל, בת גלים, עם סוחרים ובעלי תעשיה — טשתתפת בהחזקת בית החולים בחיפה בסכום של ‭200—120‬ לא""י לשנה! מי אחראי למצב זה?אמנם לעדת חיפה יש להתבייש בהשתתפותה זו, אבל האחריות נופלת בכל זאת על הנהלת הדסה שנקטת בשיטה םםוייטת ומנעה כל זכויות מהישוב המקומי ומשו…"
1930-10-28	dav	dav19301028-01.2.23.1	"…טורי _דתלניון עובדי התכנייון "" מרכז מופת־חולים 1 מביע את אבלו העמוק על מותו של־ האיש היקר ואמן הבניה הדגול- ""יוצר תכנית בית החולים המרכזי בעמק . א ר ד י כ ל _אלכסנדר ברואלד _מופת־חוליפ בחיפה משתתפת בצער עיד־י _מור־נ הארדיכל־י אלכסנדר ברואלד ‭6 11‬ ו ו _ן‭1_8‬ ‭§ 1 ? 9 ?‬ ‭? 1‬ ‭1 ? 1 ? ? ?‬ ‭"""" 1‬ ו 1 ן ? ן ‭…"
1930-10-28	dav	dav19301028-01.2.4	"…ד אתמול בצהרים מת בירושלים לאחר ניתוק אל בס נ דר 'ברו אל ד. בן ‭. 53‬ אדריכל בחסד עליון. בונה _התכניזן ובירנ""_פ הריאלי בחיפה, בית החולים המרכזי _געטק ועור בתים רבים !לתפארת. חובב הטורח שנתן מטעמ. - הטוב ‭? , ‬ באבן _הכנין‭.. ‬ יבא לארץ מברלין ב־1912 לנחל א…"
1930-12-23	dav	dav19301223-01.2.25	"…חיפה הערב ב־8 בבית _הפועלים הדר מם&ר 8 אסיפת פועלי ביהח ר למצות. — ב־9 בקלוב מ2א""י טטעם חברי הארגון ‭,, ‬_לטען בית הילד"" טםיבה חגיגית לפתיחת גן ילדי _8טח_1ת עובדות ולמלאות עשר…"
1931-01-28	dav	dav19310128-01.2.12	"… חשוב במלחמה במחלות _דיטדביןות במושבות יהודה, שמשם בעיקר ישלחו הולים _למחלקה זו. נסיו;מחלקה כזאת בבית־ ?החולים הממשלתי בחיפה — לאחר השינויים שחוכנטו _טץ ‭__‬ גותזמקום לקוות שגם בית החולים ביפו ייתאם לצרכי החולים העברים. ?שתי השאלות ה "" המודות‭, ""‬שדוקא בה!התעקשה הנהלת העירית של ת""א: שאלת התשלומים של קופ""ח …"
1931-04-10	dav	dav19310410-01.2.31.2	"…הכרמלי רחוב גלעד- מול פרק בנימין קבלת חולים _מ־‭9-8‬ לפנה""צ ומ־‭7—6‬ _אחהיצ ד""ר ב* _אוםטר־בסלןי מנחל מחלקת יילדים בהדסה חיפה מקבל מ־0ג לחודש אפריל ש' זי גם באופן פרטי הדר־הכרמל' רחוב ירושלים בית מאירסון _קילת־חולים: _מ־‭5-3‬ אחה""צ־ ד""ר ברוך _ניםנבוים מנחל בית החולים . הדסה' בחיפה יקבל חולים במחלות פנימיות ההל _מ־20 לאפריל;ש- ז- גם באופן פרטי הדר־הכרמל' רחוב גלעד' בית פולק קבלת חולים …"
1931-04-14	dav	dav19310414-01.2.29.3	…13) ]_£_3111_{11£1 _3113536 43-49‬המ‭_¥16‬ נוסדה בשנת ‭, 1881‬בבודפשט בשי 1897 בוינה בש' 1913 : ד''ר ברוך ניםנבוים מנהל בית החולים _. הדסהי בחיפה יקבל חולים במחלות פנימיות החל מ־20 לאפריל ש- ז- גם באופן פרטי הדר־הכרמל' רחוב גלעד' בית מרלק קבלת הולים רק _מ־‭3-5‬ אחה…
1931-06-22	dav	dav19310622-01.2.5	"…ם יהד עם העבדת המזכירות לעניני הברי‭- ;-‬ אות _טרשות הסוכנות לרשות הועח""ל הולכת ומתגשמת העברת מוסדות ברי י אות מקומיים. בית החולים בת""א הועבר כבד לעירית‭.. ‬בחיפה נעשות הכנות לכר. בט- בריה היתה סבנה שביח""ח ייסגר לגמ־י וחועה""ל נכנם במו""מ עם מחלקת הבריאות הממשלתית על מסירת ביה""ח לרשו…"
1931-07-24	dav	dav19310724-01.2.28	"… ועדת הבריאות מאת ועדת ו_^_תקציג _להניא בחשבון את ההפרש‭5000, ‬ לא""י, ‭!_#‬נחף{ _להחזקת המפעלים הקיימים. אחרת ייסגר מיד בית החולים בצפת או בחיפה. ""מםר עי הגב י פירל _פרנקלין (הדפה) ?א‭]*1‬ פעולתה להשגת תמיכת ד&משלח למפעלים הרפואיים הראויים לכך. במשך שלש הש_. נים ה…"
1931-07-24	dav	dav19310724-01.2.28	"…ילו והי תה מפסיקה את עזרתה לשני הסוגים חנ""ל. מלבד וזאת, כיל קיצוץ ב "" הדםת"" יגדיל את ההוצאות בקו""ח, במו ל-משל, אם ייםנר ביה""ח בחיפה. כי בעו'ד שלתרםטשלטת קו""ח 50 מא""י בעד יום מחלה‭., ‬הרי למוסד פרטי. תצטרך לשלם לפחות 175 טא""י. ב""כ קו""ח הודיע, כי אם לא …"
1931-08-21	dav	dav19310821-01.2.22	"…חיפה שוב שאלת בית החולים ביום ד י התקיימה ישיבת הוה""פ שק ועד הקהלת יחד -עם ועדת הבריאות שדנה על הודעת "" הדסה‭, ""‬ הדורשת מהועד תשובה ברורה והכופה- — עד יום ה י , אתמול‭—, ‬ בדבר העברת ביהח""ו ‭,, ‬חדםה"" לרשות הקהלת‭,,. ‬חדםח"" מאיימת בסגירת מוסדותיה בחיפה. ?הירי ועדת הבריאות, ה""ה דיך ויוניאק, מסרו עי המו""מ עם עובדיהדסה"" בעני ההעברה‭-. ‬החילה ‭; ""‬ הבמ""חה "" הרסה"" להשתתף _ב־…"
1931-08-27	dav	dav19310827-01.2.23	"…ת תפקידה על ‭*18‬ התנאים הקשים: שבהם י נתון צבירנו- הקופה הצליחה לפרוש רשת של מוס-דות-ולהקים בנינים למוסדותיה העיקריים: בית החולים בעמק, בתי ההבראה _בארזה . ועל הכרמל, בית־ קופ""ח בת""א, מחכ;מרכזי לרפואות בת""א, וגם מרפאות בכפרים אחדים. בנין ק; ופ''ח בחיפה תופס מקום כבוד בתכניתה הכללית של קופ""־. בני;קבע שיוקם במיוחד _לשבויה מוסד רפואי, יאפשר לשכלל יותר את העזרה לחברים ולבני…"
1931-08-31	dav	dav19310831-01.2.12	"…דבר היום מ. ד‭/. ‬ בשבי ההשליות. העדה _היהירים בחיפה עמדי חדשים רבים במו""ט עם הנהלתההםה"" ‭,, , ;‬ והדסה"" עמדה חדשים רבים במו""ט עם הערוז היהו- "" דית בחיפה, בדבר תחיקת בית החולים היחידי שם ‭:—‬ _יםויפו של דבר: םגיחת המרפאה, שאחרית עתידה לבוא גם סגירת בית החולים כילו. אם נכנם לפרטי , הטו""מ ושמענו בודאי, כי כל איחד ‭!0‬חצרדיפטובר, שהצדק אתו. עדת חיפה תגיר, כי רבו הוצאותיה בזמן האחת‭, ;‬בי ‭>!‬ין עוד םיריר מוחלט של הקהילות _באך־ _נינן החדש ותקציב קהילת חיפה טרם נקכע, כי אי־ אפשר להגדיל בבת אחת את השתתפית יחידי תיפת בתקציב בית החולים מעשרות ליר. ית לאלפים. והנמלה. "" הדסה"" ת;יד קצרות: אין תקציב. ולאמתו של רבר ‭^—‬ י הצדק _טל שני הצדדים גם יחד איננו צד‭…"
1931-09-01	dav	dav19310901-01.2.39	"…דחתה "" אתמול נתקבלה הוראת מהנהלת "" הדסה"" בירושלים לדחות את סגירת _הטרפות לימים אחדים, עד בוא-ד""ר יםקי, מנחל "" הדפה‭, ""‬לחיפה. בישיבת המועצה של ועד הקהילה ביום אי אושר ההסכם שנעשה בשבוע שעבר בין הועד ובין הנהלת־ ‭,, ‬חרםה"" בדבר העברת בית החולים והמרפא־ לרשות הועד, החל מ־1 אוקטובר ש. ז. התקציב 6000 לא""י: 3600 מחדםה‭90, ‬ מועד הקהילה‭1500, ‬ לערך הכנסה מקופת הולים…"
1931-10-08	dav	dav19311008-01.2.30	… אינו דומה מוסד למוסד. האחריות לסגירת מחלקה למחלות מדבקות ת3ול על כולנו. . ו י ן ‭. 13‬־. ץ > _=ן ‭, ^\ ‬ אחרי ־ סגירת- בית החולים בח־פח הגיע תורה של צפית, ולפי השמועה תיסגר בקרוב המחלקה לחולי־ שחפת למשך ארבעה חדשים. אבל, אי;להשוות את חיפה לצפת, ולא הרי מחלקה פנימית רגילה כהרי המחלקה המיוחדת בצפת. בחיפה משמש בית החולים את תושבי העיר יהללו יכולים להיות נתבעים לשאת י בעולו. לא כן. צפת. בית החולים בעיר זו הוא מוסד ארצי י המשמש א_# י חושבי בל האר ‭, !1‬ולמי יפנו שם שיקבל, את המוסר. לידיו? ? סגירת בית החולים בחיפה עלולה ללחוץ על ועד הקהלח במקום, שיזדרז וידאג לתושבים, וקרוב לודאי, שהמחלקה הסגירה תיפתח שוב בקרוב, אבל מי ידאג לבית החו…
1931-10-08	dav	dav19311008-01.2.37	"…נתקיים ביום א' של השבוע שעבר הכנים 26 לא""י. הועד מודה לכל אלה שעזרו בסידור הטרט: שונות — הרופא ד""ר מלחי הועבר משבריהי _£בית־ החולים הממשלתי . בחיפה. — מחנה האסירים ממ&ר 2 שליד טירה עובר לקרבת טשמר־העטק.…"
1931-12-30	dav	dav19311230-01.2.27	"…לא יותר מששים וחמש מטות, •הו-צאו לצרני בית המרקחת ולחטרי א:ר 1260 לא""י בשנת חר‭'""‬ו_, ו־360 לא""י _ב־8 חדשי תרצ""א. ואילו ביהח""ו רוטשילד בירישלים עם מספר טיטותיו הנחל 3י שנים ועם הטר&אה _הנדונה שלן קבע בתקציבו לסעיף _הוצאה זח לא יותר מאלף לא""י לשנה. בתי החוקים בחיפה ובעמק עם אוהו מספר המיטות בערך, הקציבו לבך;הראשון ‭400 —‬ לא""י, והשני ‭280 —‬ לא""י. לא טוב מזה היא המצב בנונע להספקת המ…"
1931-12-30	dav	dav19311230-01.2.27	"…כאלה, אד המרננים האלה אינם אלא ארחי פרחי, "" יחפים‭, ""‬שאין להם יד ושם בין יקירי ירושלים, ואין לבטל בגללם מנהג־ קדמונים. בית החולים הזד. בולע _מגיסים עצומים. הוצאותיו השנתיות חן ‭14—13‬ אלף לא""י לשנה. בתיהחולים בחיפה ובעמק עם אותן מספל מטות בערך מסתפקים כל אחד מהם, בשבעת אלפים לא""_י לשנה. מה מקור ההוצאה הכפילה בביהח""ו הירושלמי?הרי בבתי החולים האחרים יש תנאים הטייקרים את ההוצאות, בגון תשלים שכר דירה בחיפה, _שימיש בתוצרת ?משקי העובדים העברים בעמק, ובכולם תנאי עבודה מםידרים, ושכר עבודה הונן, בעוד שביהח""ו _הירושלמי ‭3!‬טיר מע…"
1932-01-11	dav	dav19320111-01.2.37.3	"… אצל המהנדס מ- יוחנובצי־י י בית עזיז חיט' רח יפו- ת- ד- 544 ‭'?_-‬ -־•• ‭? ""-‬ מידעה ישנה משרה . פנויה בשביל ר ופא מנהל לבית החולים ־הדסה* שע""י ועד הקהל־ העברית בחיפה — המשרה היא חלקית בהחלט — על המעונינים לפנות ער 26 _לח־דס ־:וא- ב־צעות במעטפה סגורה י_^ך חטנהל של כי- התולים . הדסה' בחיפה ח- י‭*0. ‬ י-י הכרמל :חועד חסנהל של בית החולים '־הדסה* שע'י ועד הקחלה העבריה, ריפ־ י""י י "" ןי _?יי‭_^1 \/ _838> 3* _± _* 1 $83£ _^ !‬ יי‭0 \‬ י* 21 אלכסנדר עליאש רשות…"
1932-01-14	dav	dav19320114-01.2.37.2	"…ה 5 עד 8 בערב, טלפון טס8ר ‭. 73‬ הועד מןדעה ישנה משרה פנויה בשביל _רופא מנהל לגית החולים •*הדסה* שע""י וער חקהלה העברית בחיפה — המשרה היא חלקית — על המעונינים לפנות עד ‭. 20‬לחודש יגואר בהצעות סגורה -במעטפר, _לן_^ך המנהל של בית החולים ""היסח* _בת־פה ת - י‭40. ‬ הדר הכרמל הועד המנהל של בית החולים _^הדםה_* שע""י ועד הקהלת העברית, חיפה תיק ‭7962-31‬ _פסק דין ?התובעים: דב טורטלדוב ומרדכי _אורבוך‭.. ‬ע_""י _יחעו""ר ברור _פייי ' הנתבע: חיים יוםף ישורון, םקום…"
1932-01-17	dav	dav19320117-01.2.35.4	"…ש. ז. בשעה, במקום ובסדר היום הנ""ל וזו האחרונה תהיה חוקית בכל מספד משתתפים. ההנהלה מודעה ישנה משרה פנויה בשביל רופא מנהל לבית החולים >חדםח* שע""י ועד הקהלת העברית בחיפה — המשרה היא חלקית — על המעונינים לפנות עד 25 להירש ינואר בהצעותגמעטפר, מנורה _לועד המנהל של בית החולים •הדסה' בחיפה. ת. ר‭40. ‬ הדר הכרמל ד""ר הלל יפה יו""ר הועד המנהל של בית החולים ""־הדסה* שע'י ועד הקהלת העברית, חיפה _^ פריה־גקטנד־ץ‭1932‬ (ספורים נבחרים ממיטב הספרות העולמית) ספ‭**‬ לשבוע _?בגרש אחד ביום 1 ינואר 1932 יופיע הספר הראשון …"
1932-02-09	dav	dav19320209-01.2.32	"…ניו!חד דמ י ‭. 20‬הישיבה פתוחה לקהל . םה""י: לסקירה על פעולות הועד ותקציב תרצ""ב. מקיבת פרידה לד''ר נופבוים שהתפטר מהנהלת ביהח""ו "" הדםח'י בחיפה, 1 נערכה בליל א‭. '‬נאמו: ד""ר ה . יפה, ד""ר תבורי, זלי‭1-‬ צ'בםקאיה בשם האחיות והעובדים, גוטמן בשם תהנ־ ! הלה וחבר העובד…"
1932-02-09	dav	dav19320209-01.2.32	"… והמסורה למוסד ולעובדים. ד""ר נוסבוים ענה לטן ברכים הבטיח לחתעני!גם להבא בהתפתחות המו־ 1 סד. הוא יישאר חבר בועד המנהל של בית החולים. !ד""ר נוםבוים סיפר, כי הועד המנהל של בית החולים החליט לקבל את ד""ר שאול טשרניחובסקי יתור מנהל ביהח""ו בחיפה. עולים באניחאדריה"" שבאה מטריאםט באו 79 נוס- "" עים. האנמיה לא יכלה לעגון ביפו מפני הסערה. גשמים במשך י , ־ם א י ירדו 6 מ…"
1932-02-29	dav	dav19320229-01.2.33	…יגור בא כוח לליגה במלחמה בשחפת? לרגל _הקימיצים בתקציבי הבריאות עובר על הישוב משבר קשה במובן הבריאות, כמו בעניני החינוך. בבית החולים בתל אביב טרם הסתדרו הענינים הרפואיים כידוע בחיפה מתרוצצים החולים מביח‭- ; , -‬ הולים מיםיוני אחד למשנהו, כי בכל העיר אין אף מטח אחת כמוםד יהודי שאפשר יהיה לםעוד הולח במ…
1932-03-02	dav	dav19320302-01.2.39	"… לאר . גן, י ב־חדש, י _י אלגן תוהו ובוהו‭-,.,,,,. ‬ י מחלקת ־. בריאות לקחת חלק -בבק פיטר‭,.. ‬עבודת רבריאות בארץ;בהעברת בית החולים בת""אלךשות העילית ובעניני . בית החולים בחיפה טיפלה בענינ־ , :י ‭; ?‬ ביה""ח לחולי לוח:שלעזדת‭?-‬נשים‭''‬ ־' סידרה‭. ::-‬ -א ת ‭;_, ; !-‬ העולים הבלהי ליגליים, עיבדה …"
1932-04-14	dav	dav19320414-01.2.38	"…מה בעז תוצרת‭/!‬ הארץ קשה עדיין בקהל הצרכנ‭_'_-‬ם, אם כי מחיר וזראש‭;:‬ המקומי הוא נ־10 טיל פחות םזה של חו""ל ואפ כי ! ן ביה""ח אחראי לו למשך תקופח מסוימת. התכניו! 1 ? ־! בחיפה בדק אה הראש והביע _@ עלי , ־ דעח חיובית בתה־ ‭!? ;‬ יי‭. ;‬לדברי מד ל. ‭:;-‬יא‭2-‬ פהו""ל קרוב ל‭20-‬ א_5ך י יא‭-/-‬שים …"
1932-05-11	dav	dav19320511-01.2.43.2	"…חלקה ניניקולוגית) ? ־־ : המשרה היא שלמה . 9ל המעונינים. לפנית עד 1 ליוני ‭, , 1932‬עם ?הצעות במעטפה סגורה לועד המנהל של בית החולים "" הרסה"" של הקהילה העברית־ בחיפה. ע?פי הכתובת: \ חיפה, הדר הכרמל ת. ד‭40. . ‬ ןהזדמנות ־יוצאת "" םהכלל לאיש בעל מקצוע הרוצה להסתדר 1 לרגל נסיעה י נמסרת מספרה בתל אביב‭?. ‬ עם…"
1932-05-20	dav	dav19320520-01.2.43.1	"…-ש ב "" קסב‭. ""‬ אבקת ‭,, ‬קםם'' חוםכת זמן, עמל וכפה‭16_^81. ‬_וווווווו₪וווווווו_8 ‭?""??_""""‬דרשו ""קסם"" בכל החנויות תוצרת ביהח'־ ר ‭[ 027 , ‬ חיפה ן קולנוע . אופיר""ת-א _^ן ₪ ממו‭""3‬ש 32_־‭21-5‬ ובמשך כל ו;שבוע העניינית דרמה משפחתית צורבת א0 הנלחמר‭!_""‬בדוק ובאילי הכ…"
1932-06-05	dav	dav19320605-01.2.38	"…לציי;עוד פרט אהד: הממשלה ־הבטיחה לקבוע לקיץ זה עשתה מטות ־נוספות _במחלקה הפנימית־ ולמחלות מדבקות קל _ביזל""_יח הממשלתי ־בחיפה, _אף־ מסיבות טכניות נדהה ־הדבר _ל־‭6=—5‬ חז־ש'־ם. חל; ?_ךךזיל של החולים העבדים, _שזז־ז -יבולים לקבל ריפיו בביה""ח. בחיפה, ידיכז הקיץ . בביה""ח בעמק, והדבר . ל'א יעלד לממשלה יותר ביוקר, יאם תקדיש אח חש־ התפיחה המתאימה לבית החולים בעמק. בכל אופ בריר בי ־שאלה בית _…"
1932-06-20	dav	dav19320620-01.2.11	"…אצל קו?הירח עלבהזחמטק _, בהמשך לצעדים שנעשו ע""י ג""ב חטשקים בעמק אצל שלטונות המחוז בחיפה, בקרו הד""ר א. _קצנל־ םון, חבר הנחלת הועד הלאומי‭-, ‬ודייר הרשוביץ, מנהל ביה""ח בעמק, _ב־17 ביוני, את הקול' -תידון, מנהל מחלקת הבריאות הממשלתית ושוחחו את1 על םבנת הסגירה הצפויה לביהח""ו בע-מק מפאת מ?י…"
1932-07-05	dav	dav19320705-01.2.29	"…או-לם תטו""מ נתקל בעמדתה. השלילית של הממשלה. בתחילת _יויני ביקרה משלחת של באי כוח המשקים את נציב המחוז ואת הדו&א המחוזי בחיפה, שהראו יחם של הבנה ורצון לדרישת המשלחת והבטיחו ?בעול אצל הממשלה המרכזית. באי כוח הסוכנות והועד הלאומי פנו שוב אל הממשלה המרכזית בדרישה להקציב לבית החולים ‭90()‬ לא""י לששת הח־: דשים הקרובים, אך תשובתה עדיין לא נתקבלה. כשעת ביקורו ש. ל הנציב העליון במשקי העמק הפנו את לבו לספ…"
1932-07-06	dav	dav19320706-01.2.14	"…יה שלהם על הממשלה. מקרי טיפיס שכיחים בעמק לעתים קרו - בות. בשעת הסגירה תעמוד 5א רק שאלת החולים במחלות מדבקות . שיועברו _לביהח""ו הממשלתי בחיפה, אלא גם שאלת היולדות והילדים שהממשלה ממחלקת מראוג ?הם, באי כוח המשקים הביעו את התמרמרותם נגד עמדת הממשלה וביחיד נגר יחמ…"
1932-07-10	dav	dav19320710-01.2.14	…3)‬ מסביבת עפו-לח‭6, ‬ מגו-ש _נודיס ו־2 מנהלל‭, (‬וכתנא־ הדירה הנוכחיים, אין כל אפשרות לסדר את הלידות בתנאים היגייניים. בבית החולים הממשלתי בחיפה אין מחלקהליולדות ומחלקת הבריאות הממשלתית מסתלקת מלדאוג לםידו-ר יולדות בבית החולים שלה. גם בבית החולים הדסה בחיפה מספר המטות מצומצם מאד ואיננו מספיק לצרכי הישוב העברי בחיפה והסביבה ובשומרון. סידור היולדות מן העמק במוסדות פרטיים בחיפה…
1932-07-13	dav	dav19320713-01.2.12	…רים, אשר בהם נאחזה המחלקת הזאת, בד* להמתיק במשהו את מר העוול שנעשה לנו, אי!בכוחם לפתור את השאלות החמורות הכרוכות במגירת בית החולים. הרחבת מ&פר המטות בחיפה — דבר אין לה להוםפיטליזציה של הילדים והיולדות, הנדונים לחוסר כל טיפול. אנשי העמק שיים—באשמת מחלקת הבריאות — למצב בו. הי…
1932-07-14	dav	dav19320714-01.2.22	"…קוריו, שמה שפעלת _קופ""ח במוסדותיה לא הו-כל , הממשלה לפעול. איככה זה התעלמה עתה הממשלה מכל זה, ולא מצאה דרך לעזרת המוםד? בית החולים סגור זה שבוע ימים, והתוצאות לא אחרו. מקרח של טיפוס בקבוצת ה‭,, ‬הוגים"" בעין חדור. מקרה שני במשק עין חרוד, עשרות מקרים: בטבריה. בית החולים הממשלתי בחיפה- אינו יכול לקבל את י י החולים הללו. אבל מלבר חולי הטיפוס, ישנם בכל הנקודות הולים רציניים אחרים, ישנן מחלות ילדים; באות …"
1932-07-18	dav	dav19320718-01.2.16	"…נעשה דק מתוך 'הכרח. ־ , החולים והיולדות ממחוז השומרון, שהיו נשלחים כרגיל לבית 'החולים בעמק, נמצאים עתה במצב קשה מאד, כי בית החולים הדסה בחיפה אינו יבול להקצות מטות לחולים מן השומרון, ובית החולים הממשלתי 1טיכן לקבל חולים במחלות מדבקות בלבד. _ב־19 לח. ז. יבקר ט""מ…"
1932-07-24	dav	dav19320724-01.2.12	"…ים־ מודיע: כיום ו י קרו בעמק 3 מקרי טיפוס י חדשים (ילד בנהלל, ילד בתל עדשים וחברה _בברוריה‭. (‬לחולה טבלפוריה נדרשה מטה בבית החולים הממשלתי בחיפה. הילדים החולים יצטרכו לחבות למטות בבית־ החולים ‭,, ‬הדםח"" בירושלים‭-. ‬ י יי כיום אין אפשרות להעביר יולדות מהעמק לבית החולים "" הרסה"" בחיפה — גם את הזקוקים ביותר להוםפיטליזציה — בי מחלקת* היולדות שם מלאת.…"
1932-07-25	dav	dav19320725-01.2.25	…ישה הצנועה הזאת. ההוכחה הבולטת ביותר לכך היא העובדה, שהממשלה מיבנה להוצאות חדשות- גדולות יותר בו בזמן שהיא נמנעת מלעזור לבית החולים בעמק. היא מובנה לפתוח עוד ‭30. ‬ מטות לחולים במח־ - _לות מדבקות בחיפה‭., ‬ואם אלה . לא . יספיקו — היא מובנה לעיין בפתיחת :בית החולים בטבריה עלהש־ ?בונה, _אךבשוםיאופן אין היאמסכימה ־ לעזור ל…
1932-07-25	dav	dav19320725-01.2.25	"…ה גם לבתי חולים מיםיונריים שונים, ה) לקופ'י ח יש תקציב כללי של 50 אלף לא""י ויותר וייכלתה למצוא בו את הסכום הדרוש לכלכלת בית־ החולים בעמק, ו) הממשלה מוכנה להרחיב את מספר המטות בבית החולים שלה בחיפה, לצרכי ההוםפיט־ ליזציה של הישוב חעביי בצפון, ז) בדרך כלל החוכר ?פיטטזציה בישוב העברי רחבה מרי, ועל מחלקת־ הבריאות לדאוג…"
1932-07-25	dav	dav19320725-01.2.25	"…כזו בחובת הממשלה כלפי החולים. על צד האמת אין מחלקת הבריאות גופה שומרת על השקפתה הנ""ל ביחס לכל בתי חתולים שלה. בך, למשל, בבית החולים בירושלים היא מחזיקה גם מחלקה ליולדות (ומ - דוע תסתלק מהשתתף בהוצאות מחלקת היולדות בבית החולים בעמק‭;(?‬בבית החולים הממשלתי בחיפה נקבעה גם מחלקת חירורגית ומספד מטות במחלות פנימיות. משום םה איפוא נסתחפה שדה ש. ל מחלקת הילדים בבתי חולים ממשלתיים בארצנ…"
1932-07-25	dav	dav19320725-01.2.25	"…ולים הממשלתיים נועדו למחוזות רבי־ הישוב‭, ""‬באופן סתטי-כללי הנחה זו צודקת, לכאורה, אף למעשה — אם נבדוק את הדברים — יוצא שבית־ החולים בעמק משמש ב־40 אחוז טמטותיו הולים מן קשוטדון, מחיפה ומן הגליל, וקרוב ל־90 אלוה ממטו־ תיו תפיםים תמיד ע""י חולים, בו בזמן שיתי החונים הממשלתיים בעזה, בבאר שבע, בעכו ובי5ו עו…"
1932-07-25	dav	dav19320725-01.2.25	"…ולים נמנעים מהם. ; ייתכן, שעכשיו החליטה מחלקת הבריאות להר־ חיב את בתי החולים גם ליחידים, ויש לה תכנית בכוו-ן זה (להרהיב ביהח""ו בחיפה ולפתוח ביהח""ו בטבריה‭, (‬ אם כן‭—. ‬ תבוא עליה ברכה. א‭1. ‬לם נכון יחיה גם להתחשב עם בהי החולים הקיימים של העברים שנוצר…"
1932-08-02	dav	dav19320802-01.2.26	"…‭,, ?‬דבר"" י ‭:?‬ י הטנו-יים ונותני המודעות, וכל טי שיש לו ענין _^ ד-בד‭, ""‬מתבקשים לפנות לה_^ דוד בחן, בא־בוחנו ‭,, ‬ בחיפה בבל עניני המערכת וההנהלה. ‭- 1‬ שונות י י י־. האדריכל א. פפר מזריע, כי התכנית שהגיש להתגרות בנין בית החולים "" הדםה'י בחיפה ושנקנתה ממנו לפי החלטת ועדת השופטים‭—, ‬ חו-בדה והו-כנה עסי המהנדס לבנין ש. פונרוב מת""א.…"
1932-08-10	dav	dav19320810-01.2.4	"…העמק לאחר _םגירת _ניודהחזלים מפאת המספר המצומצם של מטות הילדים בבית החולים "" הדסה"" בחיפה אין כמעט כל אפשר4ת להכניס לשם ילדים הולים מסביבות העמק, אפילו במקרים קשים ביותר. עב‭&'‬יון, עם הופעת 2 מקרים של מינינגיטים במחלקת הילדים בחיפה, תהיח המחלקה סגורח לגמרי במשך זמן מה. נמצא שבבל צפון הארץ לא תחיה יכולת של הוספיטליזצי־ לילדים גם במקרים רציניים ודחופים ביותר. משנסגר בית החולים -בעמק, גבר הלחץ על מדו־ לקת היולדות בבית החולים ‭,, ‬הדםת"" בחיפה עד שהוכרחו להגדיל את מספר המטות עד 18 במקום 10 כרגיל, אם כי הדבר נתקל בקשיים מחוסר אפשרויות םידוריות ורפואיות. הרבה יול…"
1932-08-10	dav	dav19320810-01.2.4	…ה. ביחוד קשה המצב במקרי חפלה, בשעה שיש י הכיח בהוםפיטליזציה מהירח. לא רק הטלטולים מכבידים, אלא גם חוסר הבטחון בקבלת מטה בבית־ החולים בחיפה, ששם תפוסות עכשיו כל המטות בבל המחלקות, לרבות המטות _הריזרביות. חקירת המקרה בשדות וורקאני אתמול החל השופט מר צ. הרכבי בחיפה לחקור בענין החי נסים חובש, השומר מכפר יהושע, הנאשם ברצח ערבי, בשדות וורקאני, אשר התנפל יחד עם ערבים אחרים על הח י חופש …
1932-10-20	dav	dav19321020-01.2.39	"…מבי ת החולים ""הדםה"" בחי_5ה א בעלות ותחזקה בבית החולים "" הדסה"" בחיפה, חלו סידורים חרשים, הקובעים תקופה חדשה למוסד;תקופה שיש עטה שינוי שם- ושינוי צורת כאחד. בית החולים ייקרא בית חולים עירוניהדסה‭;""‬הטלה עירוני אינה "" באה להגיר, כי המוסד יחיה אסור בהנאה לסביבה. זה דיקא לא, כי אם להדגיש שבהחזקתו תשתתף מעכשיו חיפה. _־>העברית (לא העיריה חלילה) השתתפות ניכרת, כשותף, שיש. לו זכות. דעה. ההנהלה תהיה, _טו־כבת‭:. ‬טשני באי -כוח הקהילה, שנ…"
1933-01-18	dav	dav19330118-01.2.43	"…רת גשים ב־30 חולים. עוד 20 _גןקזם _נשארי בשבייל מקרים מסובנים. והירידה הגדול- בתרימות חיץ גרמה לסגירה המחלקה _הבבלית של ביה""ח ‭,, ‬חד0ה"" בחיפה ולהפחתה התמיגה בביה""ח"" "" הדסה"" בת‭/'‬א. בעצת ה&חלקה נעשי קיצוצים חריפים בבילה""ח בת""א. "" הדסה"" קיבלה עליה 50 _$ח_*ז של ה…"
1933-01-18	dav	dav19330118-01.2.43	"… עדיין (למעשה, דרישה להשתלטית בטחיר תמי- כה של ‭-3000‬ לא""י בתקציב. שנתי העוגה 5י ‭|^- -6‬ המעתיק‭..,. (‬ ץי ‭§_-‬ אשר לחיפה תו'חלט. להגדיל את. יבולו?ק. יב4_י‭||‬ ביה""ח הממשלתי _ב־50 מיטה‭., ‬לסגור את _ביה""ה _בעי§ י כו ולסדר הובלה מדאיג5ה _לחוגים. מטבריה. ;_תכניתן זי היא _החםכונית. ביותר…"
1933-01-25	dav	dav19330125-01.2.37	"…00-‬ לא""י‭- ,, -‬ אוניקום"" שייך לשני בעלינו, ולהם 13עלים אחדים. ביהח '' ר נמצא במבוא ־המושבה חדרה, בדרך תחנת הרכבת. חיא ביהח""ר היחידי כמינו בשומרון ואי-זור 'הש&_עתו"" רחב למדי. "" בתעשית תארע ""ר של דלםינר _בתל־אביב עושה נשב'ל ביהח מזמינים מקומיים עבודות אש פר ח ובזה ניתנת. דחיפה למקצועות האריגה. מבלי הקים אשפרות לח5ד יובלי טעתה חאירגים . ללזכין אריגים טובים. ביחח""ר _דילפינר מעסיק. 15 עובד. תוצרתו…"
1933-04-14	dav	dav19330414-01.2.29	"…העברית _פתת באופן שיטתי. זה שנהממעט י שחלק _1רול מאד של 'הייצור, כגון- פת-יהת על-ים, _קויון הטבק וכוי הועבר ע""י מספידו לחיפה לביהח""ר _קרמן> י ריק סלטי. _עב>דרי וו נשלק'_לו, איפוא‭-, ‬טפועלות יהודיות. פקידים -ופועלים, בעלי משפתות, שיגברו ‭:10‬ ישנים ו…"
1933-07-23	dav	dav19330723-01.2.44	"…ודענו, כי בועידת הרופאים הערבים בחיפח שקבלה החלטות נגר הצהרת בלפור, נגר עלית יהודים וכו י , השתתף גם , דייר הופמן, מנהל ביה""ח הגרמני בחיפה. ממקור מוסמך מודיעים לנו, כי ד""ר הופמן לא השתתף בועידה ז: י>כלל. ־ • הקץ לבית רותשילד בוינא לואי רותשילד עזב את וינא וע…"
1933-07-24	dav	dav19330724-01.2.63	"…דן. ולגליל י | תכנית הטיול: ו המטיילים יוצאים מתל אביב ומירושלים לעפולה ביום ראשון, י""ד באב, ‭(6. 8. 33)‬ בשעה 6 בבקר. מחיפה יוצאים לעפולה 5אותו יום בשעת ‭8. 30‬ בבוקר‭; ??'. ‬ יום א‭, '‬ י''ד כאב‭_^ -. ‬ בקור בגו-ש עפו-לה: מרחביה (הקב‭!""‬ ו והמושב‭, (‬בית החולים המרבד, בלפ‭1 -;‬ ויה‭,., ‬כפר גדעון, מזרע, תל עדש־ב, דרך נצרת וטבריה לדגניה א' ובי (שיחה על ההתישבות בעמק הירדן‭, (‬ כנ…"
1933-07-27	dav	dav19330727-01.2.7	"…הממשלה נדרשת . למות ביה‭""'‬ח בחיפה באי־כוח הקהלח מ. ג. לוין, ד""ר פייזר, ר '' ר חלל יפה ביקרו ביום נ‭. '‬ אצל נציב המחוז מר קיתרוטש ודנו אתו בדבר התקציב של ביהח""ו הדסה בחיפה. ב""ב הקהילה הודיעו למושל, בי הדסה עומדת להקטין את תקציבה מא-חד באוקטו-בר ש. ז. מ־300 ל־200 לא""י לחודש. לשם…"
1933-09-20	dav	dav19330920-01.2.66	"… בין הרופאים החדשים שהתמנו לעבודה ישנם מוטחים למקצועות שי־ נים, שעמדתם תעלה עיר יותר . את הרמה המדיצינית במוםד. למרפאה בחיפה נרכשה מכונת רנטגן חרישה ביותר. הוזמנה מכונת רנטגן גם בשביל בית החולים בעמק (בתרומתו של ד""ר. דטנוב מאמריקה‭, (‬ שתתחיל בעבודה בהתחלת נובמבר. הת_&תחות רבה יש לציין _בענף דיכוי השינים. בסון* ת…"
1933-09-20	dav	dav19330920-01.2.66	"…ות יהודה‭). ‬בנם ציונה, ראשון לציון, פתה־ תקוה, דמתים־ירקונה, רעננה, הרצ- ליה, כפר סבא, תל מונר‭. (‬ גידול מספר החברים בחיפה ובשומרון ידרוש, בנראה, הרחבת מספר המיטות בבית החולים בעמק, שישמש את צרכי ההום&יטליזציה בבל צפון האדץ (אגב: הטו""מ עם הממשלה בדבר הקצבת 3000 לא""י לבנין דירות לפרסונל של בית ה…"
1933-10-10	dav	dav19331010-01.2.43	"…קונגרס הי""ח. בחג ביום א י סוכות ביקר ראש העיריה, מר חסן שוקרי, בלוית. בנו יומזכיר העירית מר חלפו את מועצת פועלי ‭, ;, ‬ חיפה בביתו של החי _ארתשטין ומסר את ברכתו לצבור -הפ‭, 1‬ע, לים. בנין חדש לביהח""ו _האיטלקי ביוסי א י נחנך הבנין החדש של בית החולים האיטלקי בחיפה. נוכחו, הקונ־ • סול האיטלקי מירושלים ונציב המחוז. הוזמנו באי כוח העדות והעתונות. קטטה בין תושבי כפר קאביל…"
1933-10-30	dav	dav19331030-01.2.43	"…_נננר נתן אנגלברג מת בשית בית החולים בחיפה. חבר פעיל בתנו-עת הנוער הציוני בחו‭""_-‬ל. בא לא""י ב־1930 מרומניה. חבר לק־ ביצת הנוער הציוני בפ""ת. עבר עם עוד כמה חברים …"
1933-11-14	dav	dav19331114-01.2.47	"…אביב‭?, ‬בקורי בית אצל הילדים על ידי רופאי הילדים בתל אביב, סידיר חובשות־עוזףות לרופאים _מקציועיים בערים, קבלת אורטופד לחיפה, וכמה רופאי ילדים בכפרים אחדים. בעתיד הקרוב עומדים אנו בפני ?תיחת בית חולים בטבריה בשביל _; מתרחצים, מפעל שיביא בחכה רבה מאד _להמון־חבדים הנזקקים למעיינות־ _מרפיא וסידור מכון רנטגני בתל־א""יב. אחת…"
1934-01-26	dav	dav19340126-01.2.59.1	"…ימיות _ומחלות נשים / י י קודם בגרליץ וטרנוביץ (טרנובסקה גורי‭ הבונוו תודה י חננו- מודים לד""ר מלחי, לד""רן- י-ו-לאחיות של בית החולים הממש? בחיפה בער הטיפו-ל וההשגחה על בעי יוסף, בזמן נ־חלתו הקשח‭""?. ‬ בהערצת ובתודה טש&חת מאיר _רפופורנגחיפד? ‭?^?^?????? ; ; ???:?_^…"
1934-02-11	dav	dav19340211-01.2.22	"…י ־"" מתי ייננה בית החולים בחיפה? כבר שנים אחדות _שבנין הבית 1 החרש לבית _החוגים "" הדפה"" בחיל:־ לא זז ממקומו ובית החולים נמצא בל הזמן בדירה שכורה, שאינה מתאימה בלל לצרבי בית _החוגים. כידוע, הקציבה בזמנה הסתדרות נשי "" חרכה"" באמריקה 6000 לא""י להקמת הבנין החדש לבית החולים והברונית דוטשילר. הבטיחה מצדה תרומה בסך 1000 לא""י בשבי?וזבני] הזה וועד •ה?חליה בחיפה קיבל חםכ_^ה מברקליים •בנק להלואה של אלפים לירות אחרית _לזמנים ארוכים ובתנאים נוחים. והנה למרות כל אלה, התנהג הענין בעצו…"
1934-02-11	dav	dav19340211-01.2.22	"…_כאלפים לירות, משום שמחירי העבודה ?ומחירי ?החבורים לא היו כה יקרים. מחובתה של הנהלתהדסה"" להביא את רכל "" בנין גיהו־ו''ו בחיפה _להגשמת, ־, בי _אחריותי!כברת ולפול ־יע5 ראשה *•/ ‭**?‬ ?הענין. יחזה לאיוגשם בזמן הקרוב, ?וסכנה תהא אורבת ל!להינט ל כליל. על ועד בני!ביהח""ו לאחו!ככל האמצעים כרי שתובן בהקדם האפשרי התבנית של . חבנין ויעשו את בל התכנות _להתחלת העבודה ולגיוס האמצעים הדרושים _ל…"
1934-02-11	dav	dav19340211-01.2.22	"…מיים בעלי ידיעה מקיפה בשאלית יבנין בתי חולים היודעים- לעבד ברי _צ־ לחה גמורה את התכניות 5ייחח""ו. על כאי כוח יוער הקהלה בחיפה מוטלת ?החובה להתנגד בבל תוקף לשליחת התכניות לבדיקה ולאישור לאמדיק־ז, שתגרום להארכת העני!ולאיבוד זמן רב. עניני הישוב העברי בצפון הארץ ועניני בית החולים עצמו דורשים עכל הגורמים המשתתפים בועדת הבנין ימריצו את עבודתם ויראו חובה לעצמם _להגשים את דבי־ הבנין בוטן הקרוב ביותר. ; עפ ההתפתחות חיפה של המחלק־ _החירוןיגית בביהח""ו, הודות להזמנת ריפא-מומחח כד""ר פיזר, נעשה צורך זה תכו‭*!‬ י־ ‭-, ;, -‬ . אין כל אפשרות לעשות את העבודה האחראית והקשה כ…"
1934-02-11	dav	dav19340211-01.2.22	"…לים אין גם ?בית משלו. ואם‭-, ‬ חם וחלילה, לא ייבנה הבנין בטהרה והקצבה השנתית שלהדפה"" תרד עוד _במהיר־ת "" בזאת, אזי יעמוד בית החולים בפני _הסבנה להיסגר מבלי להשאיר גם זכר ממ'טי לכל הפעולות שלהדסה ‭"" '-'‬ ביצירתו יובהחזקתו של בית החולים העברי בחיפה. בנין שייבנה לא יעמיד ריק בכל התנאים — הישוב - בחיפה ימצא פון* פון* דרך להחזקת בית־ החוקים _^ו, אם הנחלת "" הרסה"" _תתן !…"
1934-02-11	dav	dav19340211-01.2.24	"… רכשה לו באישיותו כוח רפואי חשוב. במחלקת היולדות נתמנה הד""ר הוגו כהן, שניהל ער בה את המחלקה למח - לות נשים במרפאת קו""ח בחיפה. בביח""ח יוקם גם מכון רנטגני למטרות דיאגנוסטיות. נתקבלו כבר חלקי המכונות, ובשבועות הקרובים תחלנה לפעול. המכונות הן לפי השיטה ה…"
1934-02-11	dav	dav19340211-01.2.24	"… אליו בדואר עפולה. ) — בבית _מירמלשטיין בכביש ירושלים שמור םויד-ר שנמצא בדרך לטחנת הקמח. — אבד שיק מספר 31930 שהוצא ע""י בית החולים המרכזי להלואה וחסכון חיפה ע""ש פרידה קירשנבוים. למסור לביה""ח המרכזי או לסניף‭,, !‬דבד"" בעפולה. ערך השטר — בטל ומבוטל.…"
1934-03-04	dav	dav19340304-01.2.62.2	"…""א ת""ד ‭; 526 ‬ _וווווווהווווווווווווווווווווווווווווווווווווווווווווווווווווווווווווווו לדר פ. _פייור לבל רופאי ועובדי בית החולים ‭,, ‬הדיםת"" בחיפה תודתנו והוקרתנו ?על הטיפול הרב-והמסור בבננו י חיים _בטשך 110 ימים. צפורה בת עמי עקיבא גולדשטין וווווווווווווווו‭1)1‬וו>…"
1934-03-15	dav	dav19340315-01.2.46	… האסיפה מטילה על ועד הכפר _לערוך חקירה כדי למצוא את עושי העולה ולמנוע הישנות מקרים כאלה בעתיד. ביום ב' סר מזכיר נהלל אל בית־ החולים בחיפה ששם צריכים היו י להימ…
1934-03-25	dav	dav19340325-01.2.32	"…_רר3ח ‭, —>? -1 ‬ במגבית קהי ""פ עד היום נאספו בין פועלי חיפה ;מעלה מ־400 לא""י. פועלי קבוצת , טרץ"" וביהח""ר ‭,, ‬רצף‭""!‬ סידרו את חוך 1ייבויותיהם. החברים _תורמים יעי! יפה. באניות אתמול הגיעה לחיפה האניח ‭,, ‬אלר :יטניה """" ו-ב…"
1934-05-09	dav	dav19340509-01.2.24	"… לזמן ב י . מתבקשים "" להביא אל המשרד אי* כרטיסי . טיול שבועות בחג השבו-עות יסודרו מטעם ועדת־ התרבות שני _טיולים — האחד לחיפה והסביבה בהדרכת ז. וילנאי, ואחד לעמק המזרחי בהדרכת ע. ברושי. ־הרשמה בת""א בועה""ת, רמב""ט ‭, 24‬ ובירושלים במועצת הפועלים. קונגרס _^יפפרנטי מחד ה' יתכנס בביח""ם למסחר הקונגרס חאםפירנטי של המזרח הקרוב. הקונגרס ירון בשורה של ענינים להפצת האםפידנטו בארצות המזרח הקרוי והקשרים בין ד…"
1934-05-11	dav	dav19340511-01.2.56	"…ייה""ח רבו גם ההוצאות בסכו-ם 50 לא""י לחודש, מלבד הוצאות מיוחדות למחלקת היולדות. לכשירבה מספר החברים בצפון הארץ (בשומרון, חיפה, עמק וגליל) יגדל הדוחק ולא תהיה אפשרות להרחיב את בית החולים אלא אם בן יוקם בנין חדש. . ‭_. ? :? .. 1_..... ‬ י . ק-…"
1934-07-09	dav	dav19340709-01.2.69	"…ניתוח לש, _טשרניחובםקי המשורר ד""ד ש. טשדניחובםקי נו-תה ניתוח קל בבית החולים "" הדסה"" בחיפה. הוא הולך ומבריא, ובימים אלה יעזוב את בית החולים.…"
1934-09-03	dav	dav19340903-01.2.32	"… שטצכ מעין זה היה נוצר גם בצפוךהארץ. ע-כשיי מסיד'רת לפחות שאלת קהים־ פיטליזציה באזור הצפוני בארץ. אגב — יש לציין, שדוקא בבית החולים הממשלתי בחיפה יכול חישוב העברי להשתמש, וגם זה מקל על המצב. אין שום תשובה כפינו להולים בת""א ומושבות הסביבה הפונים לעזרתנו: עלי\ו להקים…"
1934-09-09	dav	dav19340909-01.2.78.1	"…^1‬ו-זזו> -זזורזו-ז>זז‭*^‬זר 1זר‭1 _^1‬_יוז> ו_^ז_^ ‭_^-. _^1‬ ליז- ותו ‭>!?‬ וו. זי‭- 11 1 ‬ ת בובה 9ביף ב' ‭. :‬כנעני חיפה מרכז מסחרי חיכה מברך את כל לקוחותיו ומכיריו וידידי! נשנה טובה ופורה $ למנהלי ביה'ח "" שמן"" _2 ה'ה םליגן -שמואל, ףלםש נחום 1טש ‭1 1 _'5‬ ‭_. _^‬ ־ קילו את מיטב נ רכות נו לקראת ־י _^ _ק‭ ‭111!11!1111!111![…"
1934-09-18	dav	dav19340918-01.2.34.1	"…‬י ‭/ -‬ תל אביב, רחוב _שינקין 45 ‭????? _"" ??? ""^ ? ^""‬ ""י ‭_"" . ??? _"" ????.. ?????. 1 ‬ דרוש מנה?אדמיניסטרטיבי בשביל בית החולים הרפה של הקהלת ? העברית בחיפה. תנאים ?הכרחיים: ידיעת תנאי הארץ, םטגי צבירי, הנהלת ט'צק ?ועבודה ארגונית. תשלים -המשכרת ילפי ההסכם. מועמדים יכולים להיו…"
1934-10-25	dav	dav19341025-01.2.38	"… בפרק על בתי החולים מדגיש הדו""ח שהיהודים מעדיפים את בתי החולים שלהם על פני. אחרים, וחבל שלא צוינה גם הסיבה־לתופעה ‭. 11‬בית החולים למת־ לו‭-, _}‬מידבקות ביפו, שהתנאים והטיפול בו אינם מספקים אדם תרבותי‭—, ‬ ודאי שהוא מרחיק את החולה היהודי, ואייו בחיפה המצב אחר. התנאים _בבית־ חחולים הממשלתי שם הם טובים יותר, והיהודים משתמשים בו־ במידה רחבה חרבה יותר‭- :. ‬ י ־* האם טרם …"
1934-12-23	dav	dav19341223-01.2.32	"…מעבידים ‭16-15‬ אחוז. היתר תש־ •קי טים מנהגים שונים שאינם חברים. הכנסה זו מכסח את כל ההוצאה ש? _והמניח. ־ העזרה שהושטה בחיפה וםביכתח הקרובה — בגון בביהח""ו בעפולה, גבתי ההבראה על הכרמל ובמוצא ובבית החוקים שעל יד חמי טבדיה— הושטה . על חשבון מרבו קו‭""&‬וז. ‭; 1‬ _בטשך השנה ק…"
1935-02-12	dav	dav19350212-01.2.44	"…הקדחת _והטיפופ . שבעמק, וחצריף התפתח לבית חו־ י לים מפואר על יד עפולה המשמש את י כל עמק יזרעאל והגליל ובחלקו גם ?_ץי את חיפה והשומרון. ידענו לפתח את המוסד הזה ולהלחם על קיומו -בתקופה שבה חשבו לה _לקו""ח את החזקת ן . ביה""ח הזה לחטא, כי הדבר הוא י ן מתפקידם של מוסדות אחרים. ואיך היה המצב ביתר המחוזות? אמרנו: קיימת הסתדרות "" הדסה‭, ""‬ שהעמידה…"
1935-02-12	dav	dav19350212-01.2.44	…בתי החולים הממשלתיים, הרחוקים מאוד מלספק. את י דרישותינו, או נשארים בבתיהם ומפיצים את המחלה בין קרוביהם. המחלקה הפנימית בבית החולים בחיפה נסגרה לגמרי וביתר הערים מקבלים חולים בקושי, אחרי צפית רבה במשך שבועות. במחלקות הילדים . מקבלים רק. ילדים הנמצאים במצב ש…
1935-05-12	dav	dav19350512-01.2.49	"…רוניות קטנה מובילה אך/ אבני הסיד ?ד, _יעך!פ;ה מהכבשן אי, טחנת _ב־ת־־ההרושת ל "" מימת־חסיד‭, ""!‬ השם שניתן מטעם _התיניון בחיפה לה־ מח־המיד הכבוי. האין שנגרם־ עולה 1 במעלית השמל אל מגדל ביהח""ר ומשם היא -עוברת דרך כמה טחנות ודרך תי־ :ת כיבוי ונפות צפופות עד שהיא -נשיכת בקמח לתוך שקי הנייר הנזכרים. במסיבת שלאחר…"
1935-05-27	dav	dav19350527-01.2.49	"…יריה בת זכאת יטער-ב _איפליהאת טבעה . בידרן. עגלת הזכל של עירית הויפה התנגשה ברכבת על יד בית חרושה, העגלון נפצע ולוקח אל בית החולים. — זכיריד, תאופיק ניטה להתאבד כתא ?האסירים בחיפה. התך את יעצמו _ביםכין גלוי‭. !‬מצבו טוב. — בדרך עפולה נצדת פרצה רליקה כטכונית, שנשרפה כולה. בקרית חיי8 הערב כ־8 ""בועד, …"
1935-06-16	dav	dav19350616-01.2.31	"…הוצאות המוסדות היהודיים ממין זה. ‭. 83‬והטבלא דלהלן מראה -במספרים את היקף העבודה שיל ביית החולים רוטשילד בירושלים, י_&ל בית החולים העיי רוני של ‭,, ‬תדםה"" בת?אביב -ושל בית התולים של הקו!לה היהודית -בחיפה, במשך ‭. 1934‬ י""נ ‭25. 216 65. 258 106. 699 6. 715 13. 368 16, 312 1. 914 5. 527 3. 433 46 *237 144‬ חובה של העוברים נ…"
1935-08-20	dav	dav19350820-01.2.66	"…המין. ב) רופא חלקי למחלות חאן ‭. ?‬האוזן והגרון‭,... ‬ בקשות להגיש עד 15 ב_&_פטטבל ש. י ז. עפ""י ה_3תובת‭:. ‬הנהלתהדפתי' חיפה ת. ל‭"" . 940. ‬ :ידיעות מפורטות, במזכירות בית החולים. הנהלת ביה''חהדפה'' של הקהלה העברית "" בחיפה…"
1935-10-15	dav	dav19351015-01.2.46.1	"…נ‭, -;;5-‬ ־ די) חיפה, הרו הנ‭&""‬ל, רה' י‭--‬אל‭;, 3-. ‬_ץ| ""יי פנסיו; "" יחיאל‭: . . ""‬ ;י ‭_?: ""‬ את הפרות אפשר לראות בחיפה דחי ‭;:‬ השוק טול משרד- _קרמ;־וינאני, מקודם‭;. :?;;‬ י בית החולים הוט""רי של צער . בעלי_^ י ‭;;‬ חיים. י ‭. . ..., -‬ י ‭^?:-‬ ‭11111_£:1!116!_11811111!1111911!11111111!11‬ת _£ אב""ן ב־‭1…"
1935-12-16	dav	dav19351216-01.2.32	"…, _ותנסיון של י השנים האחרונות הוכיח, כי באותם בהי החולים הממשלתיים, שהתנאים בהם מתאימים לצרבי החולה היהודי, כמו, למשל, ביהח""_ו הממשלתי בחיפה, השמוש במוסד מצד הקהל היהודי גדל במדת נכרת מאר. אוהל!עמדה נקטנו- גם ביחס לשאלת הטפול בחולי־רוח. לא חדלנו לדרוש מהממשלה …"
1935-12-29	dav	dav19351229-01.2.52	"… המעשי העשיר, האינטר איצית הרפואית והסגולות האישיות. השקיעה את כוחותיה במקומות עבודה שונים;נהלה את מחלקת _היגדים בצריפי בית החולים בעי) חרוד, משם עברה _למרפאת בחיפה ואהר כף לירושלים. רכשת לח א‭/)0‬ רב מצר האמהות אשר מסרו לידיה את _ילדיהן כבטחון ובהפך רה שלמת כי ד""ר דורפטן תעשו!את הטכ…"
1936-01-03	dav	dav19360103-01.2.55	"…ים וכפר עטא‭. (‬ אחת העובדות הטעציבות ביותר בשטח פעולת הבריאות היא: מצב _ההוםפיטליזציה בארץ, אשר יממניו סובלים בפרט "" ב-חיפה. נבנה והולך בית החולים ביהודה. עם גמר בנינו יוקל על בית החולים בעפולה ותגדל האפשרות להשתמש בבית החולים בעמק בשביק החברים בחיפה. בית החולים ביהודה יעמוד לרשות הקופות בכל הארץ ובחלקו ישמש גם לחברים בחיפה. יש םבוי _־ ים טובים, כי מצב התום־ _פיטליזצית יוטב יומן הקרוב בשביל חברי הקופה בחיפה. נוסף על אלה מתכוננים לבנות בית חולים בקרבת קרית חיים, דוגמת בית חתולים הנבנה עכשיו ביהודה, לשם הגשמת תכנית זו נושאים ונותנים כבר עם הועדת לשכון וביטים הקת־ …"
1936-01-19	dav	dav19360119-01.2.47.2	"…ך * ‭? _5‬ חלוץ הרפואה תקן הרופאים בארץ, יו'ר הועד המנה‭₪?‬ נאמו לכובשי העבודה הראשונים במלחמתם י _־ _^ י ‭_^ : | :? |‬ בית החולים . הדסי‭'. ‬ של הקהלה העברית בחיפה עם ‭_^ _>‬ ותחלןאיה ‭5>:*3‬ לידיי ותיק של ""הדסה ‭…"
1936-02-17	dav	dav19360217-01.2.9	"… עד ערטוף חח־ דשה. שם נפגשו במשמר שוטרים, השומר על התוו‭, !‬שהביאו א. _־תם _5הה־ נת המשטרה בערטוף, האשת הועברה באוטו של בית החולים הממשלתי בחיפה. בבית החולים הוגש־ לה העזרה הראשונה. הבן נשאר במשטרה לשם חקירה במקום. במוצ""ש מתה האש־ בבית החולים. העקבות למקום המקדח ה…"
1936-03-22	dav	dav19360322-01.2.37	"…שכבות רנות בישוב שאינן שייכות לקופת חולים, מה יעשו האנשים האלה נשעה אסונם? למה תביא ‭,, ‬שיטת הקנטונים"" ואת? ועד הקהלת בחיפה, שאין לו אפשרות להטיל מסים ביר רחבה ותקציבי מצומצם מאיר, יצדק אפ גם תוא ינהיג שיטח זו נלפי העמק והגליל. נית החולים חיהורי היחיד ננל הצפון, עם מחלקה _תירורניה, יהיה למעשה מנור נפני האנר מהגליל התחתון והעליון, נפני הנר הקנוצה בעמק הירדן…"
1936-03-26	dav	dav19360326-01.2.113	"…רישותיו יהבםפיות של הועה""ל, אילם "" הרכה"" באמריקה, אשר קיבלה על עצמת בתקופת -אחרונה ךתהייבו-יות כספיות נדולית לגבי מפעל _ביה""ח האוניברסיטאי ולגבי על-ת הני‭-^-‬ד מגרמניה. אינה מסכימה _בשזם _2_נים לבני!בית-חולים חוש בחיפה לדרישות האלת. רעתו, כי הועת""ל ייוריך לקבל לרשותי את המפעל על ‭>18‬ התנאים חקשיט. חברי 1ער הבריאות עמדו על סכנת -קיצי-עי…"
1936-03-26	dav	dav19360326-01.2.113	"…ה ההעברה לא תצא לפיעל. הוחלט להציע לפני הועוז""ל, שיעמוד בעיקר על קביעת סכום השתתפותה של ‭,, ‬הדב‭"", 7‬ ל3נה נוספת. מחקת בית-החוליס בחיפה השאלה השניה שעמדה לדיו-ן בישיבת — ר&צב בבית""ה של הקהילה העב - רית בחיפה. ביה""ת הזה על ‭46‬ המיטות שלו אינו יכול בשוכ‭;_2. ‬ים לספק את ערכי הישוב החיפני הוקו-ק לפחות ל־100 מיטות. הצפיפות בטחלק…"
1936-04-01	dav	dav19360401-01.2.106	"…בית החולים במיצר טבל בתי החולים היהודים בארץ, נמצא בית החולים ‭,, )‬חדסה‭(""‬ של הקה־ לת העברית בחיפה במצב מיוחד במינו, הו מבחינה כספית והן לגבי תנאי העבודה בו. ‭,, ‬הדסה"" עומדת להפסיק את תמיכתה, הממשלה ממשיכה בסירובה להנ…"
1936-04-01	dav	dav19360401-01.2.106	…מוסדות הנתמכים על-ידה ונם המועצות של המושבות בסביבה אינן משתתפות בתקציב ב־ת-ההולים א?בפרוטה‭1. ‬ה עושה את מצבו הכמפי של בית החולים לבלתי נורםלי. אחריותו ־הכספית מוטלת כולה על _תתוקביט היהודים בחיפה בלבד ואפילו לא על גולם, אלא רק על אלה המשלמים מסיט לקהלה ועל הנדים בשטח הדר הנרטל, ני רק הקהלת וועד חרר הכרמל משתתפים ב…
1936-04-01	dav	dav19360401-01.2.106	"…ינם משתתפים בהחזקה ממוסר, אעפ""י שהחולים ממקומות אלת תופסים למעלה מרבע מספר המטות בבית התולים. גוועים מוה תם תנאי העבידה בבית־ החולים. נעהונית הארץ דובר הרבה על הצפיפות בנית החולים בתל אני: ועל לחץ החולים הדופקים על שערי בית החולים ואין יכולים-לקבל אותם. הטצנ בחיפה קשת הובח ייתר. בביה""ח בת""א, עם 140 אלף תושביה, יש 320 מטות. ו. א. למעלה משתי מטות על אלף תושבים. בחיפה עם 45 אלף התו־ שבים היהודים שבה, יש בבית החולים וק 46 מטות‭. 1, ‬א. רק מטת אחת על אלף תושבים. המחסור כםטות מבריח אה הנה…"
1936-04-01	dav	dav19360401-01.2.106	"…יינה חיוניות, לא תיפתר שאלת _ההוםפיטליוציה נחיפת. זוהי רק תרופה לשעה קלה. נקרוב 1 הפסיק . תוסח"" אח הטינתה וקליטת העלית בחיפה ובסביבה דורשת הגדלה בלתי פוסקת של מספר המטות בבית החולים. נדאי לשים לב לזה, בי לפני | המש שנים היו בחיפה ‭8000 — 8000‬ יהודים ובבית החולים היו אז ‭_, 82‬ מטות כיום מםפרהורי חיפ…"
1936-06-11	dav	dav19360611-01.2.32	"…קויים _הנו־ בעים מהדוחק התמידי -עוררו"" שוב חששות. ביום נידונות עם הממשלה תבניות מפורטות לחסרת הליקויים הללו ע""י , ?הקמח בית חולים עירוני עם 600 מיטות י בתל אביב (בבית החולים הקיים יש 259 מטות‭, (‬הקמת בתי _ובולים, במושבות עם 100 מטות ובית חולים _\ש_? ?הקהילה היהודית בחיפה עם 100 מטות‭. :;. ‬ במשך השנה ־ הורגש עוד יוהדהעה‭!_. _^‬ מקומותבבתי החולים-לחולי רוח. אפילו אם . נניח שמספר המטות הדרו…"
1936-06-11	dav	dav19360611-01.2.32	"…קה_\הוא ביה החולים "" רוטשילד ייבירושלנם, שמספי המי־ _, _מ־ת בו י הונרל במשך השנה _ט־44נ י י ז ?־90ג‭"", ‬הדסת"" מבלבלת גם בית חולים של קהילת חיפה. פעולותיה בשדה מניעת המחלות כוללות החנות טיפול בנ‭- . ^-‬_שים הרות ובתינוקות, שירות היגיינה כנסת ישרא * בלי שום תמיכה מ…"
1936-06-16	dav	dav19360616-01.2.41	"…‭. -. ‬שהסתתר מאחורי- עץ וזרק אבנים בשוטרים. םיד לאחד ש‭_2:‬ל הוגשה ל- עזרה ראשונה ע""י שוטר מאומן לכך ובמכונית הובל אל _בית־החולים הממשלתי לחיפה, אבל בדרך מת‭.. ‬ בדיקת ‭"". '‬נעשתה אחרי המות הוכיחה כי סיבת פיתו היתח הזעזוע וש-פך־ הדם שנגרמו ע""י הבתר. כ־1931 _קיבית…"
1936-07-06	dav	dav19360706-01.2.71	"…ודה. היום עוברים כולם. נם יחסירו ת של רינה אבו־זית. יריות אל מכונית אמש יי־9 , נסעה מכונית ריקה של שירית נשר־ייור מנשר לחיפה. ליד ביהח‭_-""‬ י־ ‭,, ‬שלג"" גורי אליה מעל ההרים שתי יריות. שלא פגעי. עלילה אטש נאסרו בהדר־חכרמי!שני יהירים עקב תלונה של שני ערבים…"
1936-07-21	dav	dav19360721-01.2.55.3	"…של הברת החשמל) עומד להבנות מרכז מסחרי על כל המעונינים ברכישת חלקות במגרש הנ""ל; ?לשם בני!חנויות, משרדים וכוי לפנות למנהל בית החולים ‭,, ‬הרסה"" של הקהל־ העירית בחיפה במשירו, בכל יום ט־‭12—10‬ לפה""צ. ‭-, 1103?? ‬ ‭₪!!11911‬מ‭ בזה אני מודיע -שהגשתי בקשה לעי־ דית ירושלים- לתת לי רשיון למ…"
1936-08-11	dav	dav19360811-01.2.2	"…שעבר, את הכתף יא פגע בעצם או בריאה. מצב הפצוע קשה, אך אין חשש לחייו. עזרה ראשונה ניתנ. ת בראש פנה. אחרי זה -הועבר החולה לבית החולים ‭,, ‬הרםת"" בצפת. שפ טיפלו בו חרופ, אים ווייל, _צפירונ־, וכהן. נפצעו גם 3 חיילים ואחד מהם — קשה. הם חובלו לחיפה. אחיד חיוםעים מכפר כי ומן מה לפני יהגיעם למקום ההתקפה באח לק - ראת השיירה מכונית קטנת ובה נוסעים עדבים לבושי אירופית. י…"
1936-08-20	dav	dav19360820-01.2.3	… הפשע האלה, שלא היו כדונטתם אה במלחמות הקשות ביותר בשום זמן ובשום מקום נעולם. העתק נשלח לנציב העליון. האחי. ות היהודיות בבית החולים הממשלתי בחיפה פרסמו גילוי דעת זה: אנחנו הא חייו ת היהודיות העובדות בבית החולים הממשלתי בחיפה . מביע- , ־ת את רגשי הזיעה שלנו על הרצה הטה־ ריר של שתי חברותינו בבית החולים הממשלתי ביפו. האחות העברית יא תרתע על ידי …
1936-09-09	dav	dav19360909-01.2.51	… את תשומת לבו לזה, שחקהלה לא תוכל למלא בשנה הבאה את כל צרכי הישוב בחינוך ובבריאות בלי עזרת הממשלה, הם הדגישו במיוחד, כי בית החולים י אינו _מםפי־ן ' ;ירכי הישוב הגדל, והקהלת לא תובל לקיימו בלי עזרה דחופה של השלטונות. צייני גם את התפקיד החשוב, שבית החולים ממלא בזמן המאורעות. המושל הביע דברי הערכה לפעולות בית החולים ביטים א…
1936-09-23	dav	dav19360923-01.2.10	"…ובות מההרים. אומדים את המתנפלים ?־‭— 150 ‬ 200 איש בערך. הצבא ענה באש וקרא לעזרת ע""י האלחוט, _תנבורת צבא יעץ‭, -‬מצפת ומחיפה, לעזרת הנתקפים. הקרב נמשך ער 8 בערב בערך. ב־‭8. 30‬ הו-בא ע""י מכונית משו-דיינת _חלאנפ־ קירפורא?מ$ךי ?ביה""ח הממשלתי בצפת כשהוא פצוע ק‭2'‬ה בצוארו, נטו-ל הכרח. העזרה הראשונה ניתנת לו ע""י ‭""- , ‬ר _שטרנברג. כעבור חצי עעת מת ח&צו-…"
1936-10-23	dav	dav19361023-01.2.59	"…הודים מוותרים על מלאכת השוחט. השבת אבדה אבד ארנק קטן ובו סכום כסף וכר־ •טיפ־םנוי לאיטובופ מסי ‭. 14‬להחויר לסניף. דבר"" בחיפה. הקצין חלים _נאקטא יצא מבית החולים הקצין חלים באסטא, שנפצע _ב־7 בה. ז‭,. ‬עזב אתמול את בית החולים וירד בימים הקרובים למצרים. בחינות-לילדי עולים בחינות לילדי עולים שנרשמו במשרד ועד הקהלה תתקיימנה ביטים ‭29 , 27, 25‬ לח…"
1937-02-21	dav	dav19370221-01.2.94	"… במשק: חסכון ב&_שק־הבית של -הפועל חגה היימו _לשאלותיו של משק־ההלב צפורה בוים בעמדה: ־ . פעולתנו הסוציאלית א. א, עובדות בחיפה חג -התוצרת החקלאית שושנה הראלית פועלות הלשכה _. מרים אדניץ בנתניה ~ מ, גביית החרושת ""אתא טקסטיל‭:""‬ א. פועלת של ביה""ח ב. טריפ- שלימובי? ?מיומנו!ושל מועצת הפועלות מתוך, אגרות ופנקסים: המנחם . מאניה גבאי ? בכינוס ""השומר"" , רבקה דנית מבני ה…"
1937-02-28	dav	dav19370228-01.2.36	"… על יד ביתח""ו ותורות לו א־פשר הרפוי _בקוללפםוחדפיח;בשנת 1932 נקבע שיתוף פעולת ב ין ייהח""י בצפת לבין המחלקה החירורגית של בית החולים "" תדם‭""-‬ בחיפה, וע""י -כך נהנו חולי ביחח""ו בצפת מכל שיטות הרפוי חתירורגיות החדישות ביותר של שחפת. פעולות בי־ח""ו בשנים הראשונות לקיומו כ…"
1937-03-11	dav	dav19370311-01.2.80	…בי קשה, אני הרה ושרויה ב>חת, אין היא יכולה לקבל על עצמה את האחריות לשלומי מגיה שוחט גרה אז בחיפה - ויהחיבשת הביאה אותי לחיפה וסדרה אותי במלין. הודיעו במלון לבל יגלה לי איש את דבר האסון. י למחרת העבירו איתי למניה שוחט, כי חששו פן במקרה ייודע לי האסון. לפני _הכנסי לבית החולים הגרמני ספרו לי , כי בדרך התנפלו על יחזקאל ניסנוב וצבי נדב, וכי יחזקאל הרג ערבי ומוכרח היה לברוח למתולה. כעביר ימים מספר…
1937-04-05	dav	dav19370405-01.2.64	"… הקהלה ?במסיבת ב""כ כל חוגי הקתלה נדונה שאלת הגדלת הכנסות הקהלת כדי שתוכל למלא את תפקידיה הגדלים והולכים עם ריבוי הישוב בחיפה. יו""ר ועד הקהלת מר ג. לוין הסביר את המצב. הקהלת מחזיקה בקושי את בית החולים, אין בירית לספק את דרישות הציבור בעניני החינוך, בפרט גרוע המצב בשדה הפעולה הסוציאלית. האמצעים אינם מספיקים. מקור ההכנסה…"
1937-04-12	dav	dav19370412-01.2.55.4	"…ות, צנו־ י רות וכו י וכו י . ביום הראשון 18 אפריל ‭, 1937‬בשעה ‭4—3‬ אחה""צ יימכרו _בפומב־ בבית סבע וותבת, וואדי ניסנאם בחיפה החפצים ?הנ""ל. לבס1י חוב. על המעונין. בקניה להיות נוכח במקום, ביום ובזמן חנ""ל. - (חתום) פקיד ההוצאה לפועל ‭8. 4 ""7 ‬ תורת. בית החולים הממשלתי למוסד •בית תבשיל אליאך והכנסת אורחים בירושליםו‭'_^‬ו. ; ?בית החולים י הממשלתי ירושלים, ‭8. 4. 37-‬ ?כבור בית תב…"
1937-04-16	dav	dav19370416-01.2.59.1	"… זיפזיף) בקרית-ח""ם י ‭??. 1 - . 1 —‬_־? ‭—?? — תורה לבבית לד'ר _אוסטרוג&קי_, דיר שפירא, : ד-ר _פיילר ולאחיות . היסה‭/'‬ חיפה י אשר ספלו במסירות כה רבה _בבננו דניאל ‭.. ‬ הוסיפן להציל את ילדי ישראל והיו ברוכים . משפחת הרץ, חיטז? י י לרופאי בית החולים • המרכזי י בעפולה ולחבר עובדיו ולרופא . הראשי ר""ו לבקוביץ }אנו אסירי תודה על הצילכם את * בננו היקר מרדת שחת ומארס! של ה…"
1937-05-06	dav	dav19370506-01.2.56.4	"…ור שנייבויס, רח' מזאה 31 בשעות ‭. 7 — 9, 8 — 10 ‬ הועד המנהל של ביה""ח העירוני הדסה"" בת""א "" מכריז על 3 משלות של לופא־גית בביה""ח העירוני זמן ד_, גשת הבקשות עד ‭| . 20. 5;37‬ פרטים אפשר לקבל אצל מנחל ביה""ח בכל יום מלבד ששי ושבת בשעה 0־4 ער 5 אחה""צ, _משרד ההוצאה לפועל בחיפה הודעת מכירה בחדרה היק מספר: 36־2933 ?התובע ‭: ""‬ מ. קובלסקי ובנו עי ? עו""ד ארנט ור_. לוי ; ייחייבו‭:;‬ שושנה קונשטיק_, …"
1937-05-11	dav	dav19370511-01.2.3	…בת החולם הממשלתי נחיפה _^בנה בקרוב‭—. ‬העבודה תעלה כמ_8ה אלפ לאי/ ממקור נאמן-נודע . לנו ש בימים הקרובים תי. ש ־ממשלת להוציא לפועל -עבודת בנין חדשה וגדולה —הקמת בית החולים . בחיפה־ ‭. - ., ‬ עבודה זו עומדת כבר מזמן על הפרק ונדחתה לרגל הקמוצים שנעשו יתקציבי הממשלה- עם . פרוץ המאורעות. לעד . …
1937-06-09	dav	dav19370609-01.2.71	"…מאוחר. בלילה לחזור. הכי-תת ? _ולב־ת -המלון, ־ ־ ‭' ' ‬ בסביבה הקרובה ביותר נמצאים כמה נקו-דות חירות חשיבות מחוברות עם ? חיפה ע""י שרות י מכוניות צבוריות ‭,, ‬קשר‭. ""‬כאן יגור הקבוץ הגדול ביותר בארץ, ביה""ח ‭,, ‬נשר‭, _""‬שער העמקים, קבוץ השוה""צ, הטופר החינוכי של השומר הצעיר במשטר העמק ועוד. י עמקזבו-לון על _ישוביו ההולכים ומ…"
1937-06-16	dav	dav19370616-01.2.65	"…• מודע־ ואזהרה ‭??‬אנ י _"" תח""מ-רו* שטרנהל- מצהיי-בזה ששכרתי ביחד עם מר אמסטרדם ביה""ח 1 לאטריות וצנימים של האחים ביינל־ הנמצא _בחליםה, בחיפה, למשך של 3 דורשים מיום 10 למרץ ועד 10 ליוני ‭. 1937‬ היות ובקשר עם העסק הנ""ל נתעורר סבטו-ך בינינו, שעומד להתברר י - -־ בימים ?הקרובים בפני משרד הרבנות . בחיפה, והיות והאחים כי יגל מכרו סחורות לקונים, שונים בהקפת במשך תקופת שלשת החרשים הנ""ל וביום 11 ליוני קבלו _האחים ביעל סחורה מביה""ח בלי ידיעתי וחלקו בין הסוחרים בהקפה — לפיכך הנני מצהיר בזה את כל הלקוחות שקנו סחורות בהקפה פביה""ח הנ""ל בין _ה־10 למרץ וה…"
1937-06-18	dav	dav19370618-01.2.93	"…התחלת עבודה סופרנו בחיפה מודיע: התחילו העבודות בבנין בית־החולים הממשלתי בבת גלים. העבודה ־ נמסרה, כידוע, ל "" _סולל בינה‭. ""‬כ־80 פועלים יהודים וערבים עוסקים בניקוי המגרש ובחפירות.…"
1937-06-21	dav	dav19370621-01.2.37	"…ן המשטרות . בערב ובלילה. העבודה המפרכת הורסת במשך _הזטן את בריאות האחות : ורבות מחן נעשות אינבליריות שלא בזמנן. האחיות בחיפה סובלות במובן זה יותר מאשר אחיות אחרות- זו היא העיר היחידה בארץ שאי;בת בית־חולים מותאם לתפקידו. אין דידה עם נוחיות ושכלו-לים מודרניים, ביה""ח נמצא כבנין ישן. ? כל זה מחייב להתאמצות גדולה ומכביד על העבודה הקשת בלאו-הכי. המספר תקטן של האחיות בייח""ת משפיע על מחזור…"
1937-06-21	dav	dav19370621-01.2.37	"…ות המשמרות בלילות, ואם נשווה את משכורת האחיות האלו עם משכורת אהיות בבתי־חולים אחרים נמצא הבדל גדול לרעת האחיות המעשיות בחיפה, למשל: בביה""ח העירוני בתל־אביב המשכורת היסודית היא ‭8. 500‬ לא""י בקו""ח 8000 ואילו בחיפה ‭7. 000‬ לא""י. י ועוד לענין אחד שדו-בר עליו ל…"
1937-06-28	dav	dav19370628-01.2.61	"…מוביץ, בו הוא מביע את תודתו לי. רוקח, אל. פרלםון ויתר חברי הוער הפועל של בית החולים העירוני, על עבודת משותפת אתו בהנהלת בית־ החולים. נכאב ציין ד""ו אברמוביץ את היחס שבהפליה לועה מצד הממשלה בלפי ניהה""ו העירוניהדסה"" נת""א. בעור שמנהל ביהת""ו הגרמני "" בחיפה !כה להבעת תורת מצד ממשלת אוץ-ישראל (בדו""יז של ממשלת א""י לחבר הלאומים, בפרק . הבריאות‭-, (‬על שירות בית החולים הגרמני בי…"
1937-07-13	dav	dav19370713-01.2.36	"… "" שאלת האהות־ המעשית"" נפלו אי-אלו שגיאורנ הזקו-קות לתיקון. ‭(1‬ הכנםת האתיות המעשיות לסוג ב' נעשתה לא על דעתת של הנהלת בית החולים בחיפה, כי אם על יםוד מכתבה של הנהלתהדסה"" בירושלים שסדרה יחד עם טר‭"" _3‬ ז הסתדרות ו_!_עוב־ דים את -החוקה הקיימוז, ‭(2‬ אחותמע…"
1937-07-29	dav	dav19370729-01.2.76	"…שלחו מחאת לממשלה על היריעות בטיימס"" ‭_!_2‬_פגע1 בטו-פתי _הירושלמי. _"" אגו. דת -הפועלים הערבית בחי-פח מחתה על מסירת בנין בית־החולים _הממשלתי י ?בחיפה ל?בלן יהודי (סולל בונה‭, (‬האגודה מיעצת שמוטב לה לממשלה, שהיא* עצמת הוציא עבודה זו לפועל.…"
1937-08-09	dav	dav19370809-01.2.21	"…מכתב י ם למערכת . לשאלת. האחות המעשית תשובתו של ד""ר ברגר, מנחל ביה""ח בחיפה, בה הוא מחפש שגיאות במכתבנו, במקום לחפש דרך לתקנת המצב מאלצת אותנו‭., ‬לתת באירים נוספים. ־ ‭(1‬ העובד־ ‭,, ‬כי האחיות …"
1937-08-09	dav	dav19370809-01.2.21	"…הרגשנו ע""ד המשכורת היסודית‭).. ‬עליה מדברת החוקה ואי!הוספת היוקר נזכרת בחוקה) א ולקן, לא רק בזאת נבדלת - משכורת. . אחות מביח""חהז־םה"" בחיפה ממשכורת אחות בקופת חולים "" . משכורת _הטכםיקום של אחות מעשית בביה""ח ‭,, ‬הך. םח"" היא ‭9. 750‬ ואילי של קופת חולים היא ‭-…"
1937-08-09	dav	dav19370809-01.2.52	…לים קיבל המהנדס יומן* _ויינשל, המוציא לפועל את י עבודות החשמליות-כבנין בנק _ברק־ לייס _באיזור המיובש, כבבנין ברקליים כן בבית החולים עובד מר ויינשל תוך הסכמת מלאה עם ט‭. 6. ‬ח. עלי בפיס עבודה. עברית מאורגנת. התחלת העבודה בבני] -בית -החולים תחסל את חוטר העבודה בין _ההשמלאים בחיפה י ‭-.. ‬ טועים בתחנות התחנה הישנה (מרכזית לשעבר) היא כעת תחנה מזרחית והתחנה החדשה במרכז המסחרי . החדש היא התחנה המרכזית…
1937-09-05	dav	dav19370905-01.2.129	"…בארץ‭. ""‬התושבים חתמו על תזכיר _בענין זר. שנשלח לנציב העליון. שביתה ?העתונות הערבית מודיעה, שהערים הערבים העוברים בבנין בית החולים הממשלתי בחיפה הבריזו שביתה. משלחת מהשובתים ביקרה אצל סנן מושל מחוז הצפון וקבלי על שכרם היומי העולה ל־‭32—27‬ גרוש "" בו בזמן ששכר הנגר…"
1937-09-05	dav	dav19370905-01.2.71	"…ה כדי לעורר את צבור הפקידים. ברית 6ועלי ארץ ישראל בגלל . המצע הפוליטי המתוח הצטמצמה פעולתה המעשית של ברית פא""י השנה דק בחיפה. הסניף _החיפואי ארגן את פועלי מחצבת ‭,, ‬נשר"" הערבים ‭45 —‬ חבר. ב־90 פועלים ערבים העובדים אצל המשרד הקבלני בבניני בית החולים הממשלתי בבת נלים נתקבלו באמצעות הסניף הזה, והם מאורגנים בו. פועלים ‭**‬לה חם בחל־ ?ם חברים ותיקים שעבדו אצל אותו משרד ב…"
1937-09-17	dav	dav19370917-01.2.43	…חבתם. הרחבת תחנת הרכבת בתל אביב מצטרפת לרשימה זו. בין העבודות הממשלתיות שנמסרו לידי יהודים (סולל יונה) יש לציין את בנין בית החולים בחיפה. על תשלומי פיצויים לחלק מניזוקי מאירעו'־נ תדצ'יו הוחלט רק בםו _י ן‭;9'?‬ד, ז1 זהתשלוטים לא מגשי. עוד. תנאי עבודה ומחיה …
1937-11-17	dav	dav19371117-01.2.67.2	"…לחברנו יעקב יץ ברבות 1אמנזת ל11ט1אי1 מנהלת סולל _בוגה חברי!בבנין ביה""ח הממשלתי בחיפה הו3 , ברכת םזל-טוב נאםנה ‭3151_^‬ בנ־0דו1 _והנוייק שושנה ליטבק ‭,. : ?‬ 5…"
1937-11-25	dav	dav19371125-01.2.41	"…ה נוספת"" ומזמין את מערבת ""הדי ?חי&ה‭'_'‬ לבקר ביומן הנהלת העבודה וכו י. אין כל צורך בבקר רת כזאת, במכתבה של מועצת פועלי חיפה להנחלת סולל בונה, _מ־‭4. 10‬ ש""ו, שהעתקו נשלח גם לועד פועלי ביהח""ו, _נאמר בי1 השאר: "" הוכה לנו כי כבנין כיחח""י עוברים שעות נוסכות בלי גבול"" ‭— —‬ הניעולידינו רשימות ‭, ""‬ שביום ‭1. 10‬…"
1937-12-06	dav	dav19371206-01.2.33	"…וצרת החקלאית. כל יום המבדיג בינינו לבין גמר השוק המרכזי קרבת את הקשיים בבקורת ממשית על שווק התוצרת. . ז) ואחרון אחרון — בית החולים של יעד הקהלה. לחיפה העברית אין בית חולים הראוי לשמו. בית־תחולים ‭,, ‬הדםה"" אינו הולם ןת בבר את צרכי העיר הגדלה והולכת. בל התנאים המוקדמים _…"
1937-12-09	dav	dav19371209-01.2.51	"…‭_*4‬בל הפתיל כבת לפני ההתפוצצות. גופתו של זורק הפצצת שנורה ג:שעת בריחתו, נשארה ביית. החולים הממשלתי, ואיש לא בא לקבלת. בית החולים פנה לעירית שתחיה אחראית לקבורה, מפעל להקלת הוסר הענווה- ביזמת וער הקהילה בחיפה נתכנסו ביום‭?'. :‬ ב""כ מוסרות וארגונים לדיון על מפעל לעזרת _־ _טהופרי. פרנסה ומחוסרי עבודה. לאחר דברי א, זכרת לד""ד לידי…"
1937-12-20	dav	dav19371220-01.2.42	… החרדה. לגורל חאתים. והסדרנים טרודים לשמור. על השקט בםימטח שדרכה עברת זח לא כבר הלויתי של י אלימלך נלומט. קרבן הט_^ריר בחיפה‭..... ‬ ובפעם המאה ואחת. מנסרת השאלה: מתי ינשו ראשי ה_^הלה יחיפת לבני) בית החולים שיהלום-את צרכי הישוב הגדל והעומר בחזית דמים קשת ‭? :. ‬ ‭- -- .. ?_- . -? :. :- . _- . -‬ _חשפ…
1937-12-24	dav	dav19371224-01.2.43	"…ותיו _השנתיות של ועד־ הקהילה. הנני חושב לחובתי הציבורית ל2רפם את _העובדות ששימשו לי בסיס מעשי לדברי במועצת העירי־. ‭(1‬ לבית החולים העירוני לא שילם י/עד הקהילה במשך בל השנת ארי פרוטת אחת. כדי להעריך את העו-בדח הזאת כהוויתה, כדאי להזכיר‭', ‬טועד הקהילה בחיפה, שתקציבי הוא כמחצית תקציבו של ועד הקהילה בת""א, העניק לבית־ החולים גחי&ה 2300 לירות בערך (במ־ יטך שנה‭. (‬ ‭(2‬ להחזקת ב…"
1938-01-10	dav	dav19380110-01.2.53	"…מרוע מתעכב ננין בית החולים ידוע -לישוב בחיפה כ־ המגרש שנית ‭;, ‬ מאת פיק""א לקהילה לשם בני!כיח חולים נמכר ב־25 אלף לירית ובמקומו נקנה מגרש אחר, זול ייתר, מאת חברת הכ…"
1938-01-10	dav	dav19380110-01.2.53	…לל?אם ין, מדוע הפריחו הודעות? ! כעין קללה רובצת על בנינם של מפעלם צבוריים, שיהא נרתח ומתאחד. שנים עוברית, הישוב היהודי בחיפה גדל בעשרות אלפים -ובית החולים הקט! איני יכול למלאות את חפקירו, והעזרה הרפואית וההוםפיטליוצית של חתולים מוזנחות. כל ה&בל חזה הוא על גבה של -השכבה העממ…
1938-02-03	dav	dav19380203-01.2.57	…ז יכו?היה ?נ?ות יכולת _משקיו‭§|1‬ וכשרון ארנווי _בחוצות ?פועל של _בני־‭§§‬ נים גדולים, כבנין תחנת _ריר־ננ בת‭§|?‬ אביב, בית החולים הממשלתי בחיפה‭|||‬ בנין ברקליס בנק בחיפה. לו כל, זה א5שףי‭1|‬ רק למשק מתיז, שיש ריוח _^ בשיק אחד והפסד בשני, כסף מזומן בחלק‭||‬ אחד של המשק ואשראי בחלק שני‭!-*-…
1938-02-06	dav	dav19380206-01.2.94	… ושנים מחבריו. העד אומר בי הוא ועוד אחד מחבריו לא לקחו חלק בקטטה. בזיהו-י שנערך למחרת הכיר הער את הנאשם. הרופא _טומפסון מבית החולים הממ־ שלתי בחיפה העיד על בדיקת העד ועל הניתוח- שעשה לו בליל חג המולד בהיותו פצו-ע עמוק בבטן _ובטעיים. במשך חמשה ימים היו חייו בםננח. ב־2…
1938-02-09	dav	dav19380209-01.2.82	"… הוצאת אתמול לפי בקשת דוסניגורי-ת: גופת הנרצחת מקברה לשם בדיקה רפואית נוספת על פיבת מותח. הגופה נבדקה ע""י ד""ר מלחי רופא בית החולים הממשלתי בחיפה \ד""ר ג‭.. ‬_עביאד‭—. ‬ מודיעים ל:ו, כי לשם בדיקת סיבת המות חבדיק־ הוכיחה, שהגופה. לא נותחה בזמנה. בעדותו לפני בית הדין …"
1938-02-09	dav	dav19380209-01.2.82	"…יד כי הפשע ביצע _ב־‭. 20‬בספטמבר ‭1 1937‬_ב־23 לחודש מתה אם הנאשט מפצעיה. כן נמסרה חיום עדות בשבועה ע""י האחות הראשית של בית החולים הממי שלתי בחיפה. בעניו מותח של אם הנאשם. העדות נמסות לפני השופט חביבי.…"
1938-02-21	dav	dav19380221-01.2.46	"…ע:קו בעבודות הרגילות , לפעמים בחילופים חמורים, ובלבד שיקל מצב מחוסרי העבודה. תפקיד חשוב מלאו הפנינים בשטה המיובש, הרחבת ביח""ר ‭,, ‬נשר‭, ""‬הזמנה גדולה של עמודי חשמל לחברת החשמל. הי־ גם גיוס ימי עבוד־ שנתן 600 ימים במסגרות בלבד. בסוף 1937 קיבל בית החרושת _סברנסקי הזמנה דחופה לעמודי חשמל י שקלט־ עד 70 פועלים. "" להט'י עשה את הקונסטרוקציה לבנין "" פרדס"" ועבודה /י קלטה עשרות מחוקרי עבוד־ זמן רב. ב…"
1938-03-17	dav	dav19380317-01.2.52	"…ק רב לדרישות הספרדים _ביז־פה. אולם הקבוצה המתברלת דחתה את כל ההצעות והיא ממשיכה בפעולתה המהרםת וחותרת החת ארגו!והקהילה בחיפה. וער הקהילה בחיפת הממלא יום יום תפקידים ציוריים חשובים בענפים שונים של עבודה לטובת הצבור במו ען‭- , -‬ רה סוציאלית לטובת הענייס, החזקת בית החולים ""הדסה"" והחזקת החינוך של אלפי ילדי חיפה, סידור מוסדות הרת הצביריים: הרבנית, השחיטה, רבני חשבונות ישא־ צרכי הדת הצבוריים,…"
1938-03-29	dav	dav19380329-01.2.2	"…עמדי ליד בית חהולים הדסה"" וחיכו לגויות הנרצחים. "" י , מביו‭., ‬שירד . הלילה נדחתה הבאת החללים לצפת עד הבוקר, והם -נשארו כבית ההולים הממשלתי בעב, ־. שלום. ביבר, חבר קבוץ "" יודפת"" (פל־־ גת הקבוץ המאוחד בצפת‭, (‬שחיה בין ? הנובעים במכונית . מסר • _לבא־נוחנו בחיפה: . י . המכונית יצאה . מחיפה ב‭. 125-‬אחד הצהרים. _ימרחי‭2!‬ קילומטרים ט=פר לט־ בערך, _ב־‭, 2. 25‬דאינו 9 ערבים מסתדרים.…"
1938-03-31	dav	dav19380331-01.2.5	"…במר שחרור ואלגרה מוצרי נמצאו הרוגים סופרנו מחיפה מודיע לנו: נשעות המוקדמות שלאחר הצהרים נתקבלה בחיפה הידיעה המחדירה על המצא גויות הנהג בכור שחרור והצעירה אלנרה מוצרי. שניהם הרוגים נירי המרצחים הנתעבים. הגויות הועברו לבית החולים ‭,, ‬הדסה"" בחיפה־ קרוביהם וידידיהם של הקדושים נהרי לחצר בית החולים לראות את הגויות שנמסרו מיד לרופא לשם בדיקה. הבדיקה נמשכה כסה שעות. בחצר בית החולים _התיפחו הקרובים ועיני כ?הרואים דמעו למראה המחריד. הגויות נמצאו אתמול ב־1 אחר הצהרים ע""י פלוגת שוטרים מעכו, _מג'ר י אל -…"
1938-03-31	dav	dav19380331-01.2.5	"… —‬ ם""מ. בגופה ניכרים סימנים קשים של אינוס. ב_1 מודיעים, כי הנהג שחרור חי כעשרים דקה לאחר שנהרג. התלויה תצא הבוקר ב‭9-‬ מבית החולים ‭,, ‬הדםה"" לבית _הכנסת המרכזי כחדר הנרמל. אלגרה מוצרי תובא לקבורה בחיפה ובכור שחרור בצפת. אלגיה מוצרי, בת ‭., 19‬בתו של החכם יעקב מוצרי מחיפה. עמדה להנשא לארוסה, שוטר בצפת. ביום _האסוז יצאה מחיפה לשכור בצפת דירח, כי עמדה להתחתן ביום א' הבא. עבדה כאחות בקליניקה …"
1938-04-13	dav	dav19380413-01.2.45	"…. סולק בונה ב ע "" ט, עבודות החבר־ הגיעו בשנת 1937 להיקף של למעלת מהצי מיליון לירח. מן העבודות החשובות ־ש להזכיר את הקמת בית החולים הממשלתי בדרך לבת _גל־ם ואת בנין בנק ברקלים בדרך המלכים‭9000. ‬ לירה הושקעו בבני!בית החברה בחיפה. "" סולל בונה"" קבלה חלק מסבלות חמבם ומעמיקה בעבודה זו ב‭50-‬_ו 5ו־ הבנקים עסקי הבנקים בחיפה ־יו כררך_^כלל מוצלחים נם השנ…"
1938-06-27	dav	dav19380627-01.2.7	"…ים ירו מעל לראשים של ההמון יעם בוא תגבורת המשטרה — הושב הסדר. על כנו. — אתמול אחר הצהרים ידו אנשים מזוינים בילאד _א־שיך חיפה, ופצעו שני כפריים ערבים, אחד מהם. קשה, ?ואמש בשעה מאותרת ירו שני אנשים מזוינים והרגו -ערבי בשטח בית החולים הממשלתי בחיפה. — הבוקר בשעות המקודמות ;דקר יהודי ונפצע קשת בגבול יפו—ת""א , וזמן ימח :אח_""כ ליד ידושליפ _היתה התנפלות על…"
1938-06-27	dav	dav19380627-01.2.99	"…ות ישור בדרום יוצאים בימים אלה ‭400 —‬ איש, וכן לעבודות העיריה ‭300 —‬ איש נוספים. הכל יחד מה‭1. 400 7‬ איש‭\. ‬ ‭;, ‬ בחיפה: למשקים נשלחו ‭70 —‬ איש, למושבות ‭, 200 —‬ לקרית שמריהי ‭, 50‬לחיצוב בבנין הדואר ‭, 50 —‬לעבודה בחירת החשמל ‭, 35 —‬לביח""ר למצות ‭, 50 —‬לביח""ר למצות וביח'יר ""תמצית"" ‭35 —‬ איש, לעבודות השוק של הדר הכרמל (מלבד הפועלים הקבועים) ‭, 10. —‬ביחד ‭510 —‬ פועל, כבישים…"
1938-07-04	dav	dav19380704-01.2.13	"…פצצת אל מכונית הדר הכרט? ירחיב ההר בשכונת הרצליה ליד בית החולים הממשלתי בחיפה נזרקת אמש ב־‭6. 45‬ פצצת אל מכונית גזשירות ‭,, ‬הרר הכרמל‭. ""‬הפצצת התפוצצת אך לא גרמה כל נזק, בין הנוסעים במכונית היה …"
1938-07-05	dav	dav19380705-01.2.33	"…כבתה"" והדסה"" ‭783 808‬ בבתח""ו "" פרטיים וכבית ‭965 1725 ‬ מוסוות. קופת חולים נ‭1937-‬ בית החולים בעמק יזרעאל (עפולה‭, (‬ בית החולים בילינםון (פתח תקוה‭, (‬ בית ההבראה ארזה במוצא, בית לזהבראח על הכרמל (שמש מקום הבראת _ב־1937 למשקי הגליל‭3, (‬ מרפאות •מרכזיות — בתל אביב, חיפה וירושלים‭22, ‬ מרפאות _איזוריות‭159, ‬ מרפאות כפריות ותחנות לעזרה רפואית, 4 מבוני רנטגן, מחסן מרכזי לרפואות‭4, ‬ בתי מר…"
1938-07-05	dav	dav19380705-01.2.33	"…חנו להתקשר עם בתי חולים שונים בדבר מיטות נוספות לקופת הולים בתשלום מלא. למקרים כירורגיים דחופים בשביל צ&_ון הארץ הו-קצי בבית החולים ‭,, ‬הדםת"" בחיפה 10 מיטות נוספות לקופת חולים בתשלום מלא ‭10 —7, ‬ מיטית בבית החולים הפרטי ‭,, ‬עזרה‭. ""‬ התקשרנו גם עם "" בקור חולים"" ביר…"
1938-09-21	dav	dav19380921-01.2.7	"… אהרן דוד כהן שנפצע אתמול בירית ברח' סנט־פאול — קשה מאד. לא נתקבלו שום ידיעות על תוצאות החקירה _בהתנגשות זו. מ "" חדםה"" בחיפה מודיעים, כי לא חל :ל שינוי במצב הפצועים השוכבים בבית החולים שם. מסיבת עתונאים בהנה""ס ?פישת עתונאים באי בו־ עתוני ‭, ;‬ הארץ _יעתונות חוץ עם הנהלת המחלקה ־מדינית של הסוכנות היהודית…"
1938-09-25	dav	dav19380925-01.2.85	"…"" שובע"" (מאפיה) בתל־אביב. סיבנת השביתות היו: פטו־ יי פועלים, הורדת שכר עבודה, פצויים כמקרה פטורים ובדומה. פבםוך קשה פרץ בבית החולים לחולי רוחי בבני־ברק לרגל פטורי עובדים ונםיון להחליף אותם _באחר־ם. חוברות שביתה כללית של קצבים בחיפה מחטת הורדת שבר לפטורים הסבלים היהודים בתחנת הרכבת ; _בתל־אביב העובדים אצל הקבלן הערבי שבתו על קבלת פועלים זולים במקום ה…"
1938-09-25	dav	dav19380925-01.2.85	"…מגע עם אנשי ברית פא""_י. פרטים בעני!זה אינם ניתנים לפרםו-ם. אפשרות של פעו-לה ארגונית מקצועית מלאת ניתנה לברית פא""י, סניף חיפה, כמחצבת ‭:,, ‬_שר"" יבבנין בית החולים הממשלתי ע""יסולל בונה"" יוכנמל. "" הפעילה הזו מתרכזת בקלו-ב של ברית פא""י ומקיפה כ‭150-‬ חבר. עליהם יש להוסיף חברים בודדים …"
1938-10-21	dav	dav19381021-01.2.58	"…חיפה יצאו את בית החולים. הפצועים הנוטר חפץ, השוטר המיוחד של הכבאים קד_5_יבק והנוטר ראדר הבריא. ־ ועובי את ביהח""יהדסה"" _בחיפה. "" דליקות בבית החרושת _^חוטי ברז?ש? וי5_בועוביץ, בדרך _5מפרץ חיפה. פרצה אתמו‭_5 5‬פנת""צ ד_5יקה. הכבאים הצ…"
1938-11-09	dav	dav19381109-01.2.45	…היש בית חולים יהודי בחיפה? . עיין זה צריך היה להופיע על דפי העתונות מכבר. אשמים בל אזרתי חיפה לבל זרמיהם, על שלא דאנו לבית חולים ט. _־דרני בעוד 16עד והסתפק־ ומסתפקים נם ביום, בבית פרטי שבי־ חוב הטכניון, רחוב צר, ב…
1938-11-15	dav	dav19381115-01.2.90.1	"…ינה ומנתם חרובי ‭/ /‬ ‭__—_. _"". *?* _ >**^***‬_•‭__________.. — ‬ ‭^^ _* ** * * * *‬ 1 דרוש מנהל שבד 1 1 למחסן טקסטיל בחיפה ? £ רצו־ אדם שיש ל!קשרים ‭₪ ?‬ ו1ם משקים, קבוצים ומוסדות ‭_^ ?‬ _^_פנות בכתב: ת, ד‭199. ‬ בשני‭, ?‬טקסטי9י ‭0 8 ‬ למנה (מטה) לסרק אפיננר • בת ן בית החולים ביתר, חיפה 1 לאהרו ומרים _כהנסקי רמת השרין ־ ‭/?‬ שא!את. ברכתנו לכלולח בחכם שרה !לאה ויונה הלץ ומשפחתם ן כפר בהדדגד‭. ,…"
1938-11-16	dav	dav19381116-01.2.35.2	"…_צלינוליט גומי לרצפות בבית החולים הממשלתי בחיפה נווטה _0ל י7י ‭03 *9**9 ‬ סוכנות כללית לארץ־ישרא_? ‭_"" ;‬ אינר1פ"" נזחלקת־המסחר חיפה ת. ד‭1267. ‬ טלפון: ‭1671 ‬ _אורטרק שר1ת מזרחי לטלפונים ‭_^ ^^ ^^ _^ . ‬ _ולשעונים חשמליים ירושלים _הל־אביב מיפת התקינו…"
1938-11-16	dav	dav19381116-01.2.35.2	"… כ‭*""* ‬ קבוצה קואופרטיבית חיפה, מרכז _םסחרי החדש. מנין הלואה וחסכון. םלפ1ן: 661 כרמל""- קמצה קואופ, לעבודות נגרות בע'ם. חיפה. ח. ד‭261. ‬ טל. ו93_ז הוציאה לפועל כל עבודות הנגרות בבנין בית החולים הממשלתי בחיפה ""…"
1938-12-08	dav	dav19381208-01.2.32	… מוסמכים מבטיחים, כי השנה יוציא, ־ לפ, _־על את שתי העבודות האלה. עם כל הרצון להעריך הערבה־ מלאה את התאמצות הישוב העברי בחיפה בשנה השלישית למאורעות, ובפרט בשכונתו המרכזית בהדר הכרמל, אין אנו יכולים להתעלם מדבר המבייש את הישוב העברי עד מאור: בית החולים היהודי בחיפה נמצא עדיי: בבני!פרטי, אשר בו חסרים התנאים הפרימיטיביים לבית חולים. הצפיפזת עוברת כל גבול, החולים הנאלצים לשכב בבית זה — ובשנות המאורעות גדל מספרם הרבה — סובלים עינויים _קשים, נוספים לעי…
1938-12-08	dav	dav19381208-01.2.32	…-זקוקים לבית החולים, אבל אי, הם יכולים להתגבר אי!על הקשיים והמעצורים הבולטים ביותר. מהלקה למחלות פנימיות אינ- קיימת בלל בבית החולים. בשנות המאורעות הובלט עוד ער יותר, כ_^ה מנסר זה ר‭;, ‬א?ץ לתת־ קייס בבני!הגרוע‭\, ‬זה\ות חרפה לי - שוב העברי בחיפה. והבושה גדולה שבעתיים, הואי?ויודעי דבר מבטיחים, כי אפשר להתגבר על הקשיים העוטדים בדרך ולגשת לבנין בית החולים במקומן הקב…
1938-12-13	dav	dav19381213-01.2.18	"…לדתו של דייבפלד לויתו של ואלטר ריינפלר יצאה אתמול בצהרים מבית החוליםהרסת"" "" בחיפה, המלוים — רובם מעולי גרמנית. מחצר בית החולים נישא. הארון עד לרחוב התכנית, ומשם הובל לקברות בבית הקברות החדש.…"
1938-12-16	dav	dav19381216-01.2.26	"… -‬ מבית החולים _בילינסון מסרר לנו אמיט _ב־‭, 11. 15‬כי במצבו _ש_$ יום טוב ארבוז, שנפצע בדרך למגדל צדק, לא חל כל שינוי. מבית החולים המרכזי בעפולה מ&רו לנו אמש _ב־‭, 11. 30‬כי הוקל מצבו של יוסף לוין, מפצועי מעוז. מבית החוליםהדסה"" בחיפה מטרו לנו באותה שעה "" כי, מצבו של הארי איידלמן קשה מאד. במצבו של שלמו? י קויפטן חלה _הטבת־מה‭.. ‬־ יצא את בית-תחולים אתמ…"
1938-12-20	dav	dav19381220-01.2.77	…חיפה הנציב העליון בחיפה ביום ח י תיערך הפתיחה הרשמית של בית החולים הממשלתי החדש _בבת־ גלים, חיפה. בפתיחה יחיה נוכח ח. מ. הנציב העליון. מחמירים בקנסות על עוברי העוצר השופט הבריטי דן 3 יהו…
1938-12-22	dav	dav19381222-01.2.83	"…הנציב העליון בחיפה אתמול אחה""צ הגיע הנציב העליון לחיפה. הבוקר ישתתף בפתיחת בית־ החולים הממשלתי החדש בבת גלים.…"
1938-12-23	dav	dav19381223-01.2.49	"…לתי להחלטה זו, החליטה מליאת ועד הקהילה להעלות את המסים עד המכסימום המיתר, מ&ני שנם הצרכים רבי לאיז שעו-ר _עמ גדיל הישוב חיפה והגברת הםצו-קה הכלכלית. בפגישיו סו-פר על לבטי בית החולים "" הדסה‭/'‬ שעובדיו לא קיבלו משכורת זח כמת חדשים. םו-פר על מצב החינור, על 1200 ילדים האוכלים את ארוחת־ הצהרים בבתי הספר,…"
1938-12-23	dav	dav19381223-01.2.66	…נפתח נית־החולים הממשלתי החוש בחיפה _הבגין עלה ‭120. 000‬ לירות. • מודיעים רשמית: הוד מעלתו הנציב העליון פתח אתמול את בית החולים הממשלתי החדש בחיפה. _תכנית בית החולים , היכנה על ידי המהנדס מד א. מנדלםון. חבנינים נמצאים במקום יפת הנשק‭?1‬אל הים. בעבודת הכני;הו‭:6>_-‬ …
1938-12-23	dav	dav19381223-01.2.66	"…המזרח הקרוב. יש להודות לאדריכל מנדלסון ולד""ר _קאמפינםקי, לקבלן "" סולל בונה"" ולכל קבלני המשנה, לקול הארון ופקידי מחלקתו. בית חולים זה הוא פרט אחד בפעולת הפיתוח העצומה בחיפה שנעשתה בשנים האחרונות. לא הכרתי את חיפה לפני בואי לארג במארס השנה, אך יכולתי להעריך את התפתחותה הכבירה החל מייוש ביצות עמק זבולון, בנין חננ;ל, הקמת מפעל הברת ה…"
1938-12-26	dav	dav19381226-01.2.11	"…שוב ופצועים בחיפה הבוקר תקפו כמה ערבים שני יהודים בואדי שליר המנזר בהר, הכרמל. אחד היהודים נפצע קשה והובא לבית החולים. נאסרו 8־ ערבים. ־ י סופרנו מודיע: אתמו-ל: סמו-ר ל־11 לכנה""צ • טיילו ? מאיר לנסברג, בן ‭, 18‬ פקיד באחד-הבנק-ים . בהי&ח…"
1938-12-26	dav	dav19381226-01.2.11	"…ה ג‭!_-‬יא‭2'‬ו־־וב;ופ1־־־־ינ‭6_*‬אף לטיפול בבית־ י החולים. ‭? ? ?‬ • ‭-:? - ??‬ • • • מכונית צבאית העבירה את הפצועים י בית החולים הממשלתי בבת גלים !טשם העבירום‭.. ‬להדםה‭. ""‬הצעירה נחבשה ונשלח־ לביתה ‭. ""‬ הערב ב־5 ירו אל יהודי. בשם ל. _פיש־ בויס, בעל חנות ברחבת חמרה בחיפה. הוא נפצע ברגלו ובידו. _. לדגל פשע זה נעצרו שלוש- ערבים. . סופרנו ־ מודיע: אמש סמוך ל־5 הביאו לגית החוליםהדסה"" את לייב …"
1938-12-27	dav	dav19381227-01.2.16	"…ון העברית . נודע לנו, כי הנהלת הועד הלאומי הביעה במכתב אל המזכיר הראשי של ממשלת ארץ ישראל את מחאתה על המקרה שהיה בפתיחת בית החולים הממשלתי החדש בהיפה- — _שנאומים הרשמיים אשר הושמעו שם לא תורגמו לעברית, וכן לא תורגם לעברית נאומו של 7א‭1""‬ עידית חיפה. כלפי פקידי הממשלה לפי פקודה של מנהל מחלקת המדידות צפויים פיטורי!לכל פקיד שיימצא מחוץ לעיר בשעת הטלת עוצר עליה, או במצב…"
1939-02-17	dav	dav19390217-01.2.7	"…יתה במרהק כמה מאות מטרים ' בהרים. לפני הצהרים נערכה הלוית בקרית־ עמל. השתתפו בה כל החברים, וגם הורי הנרצח ואהיו — פועל בחיפה‭'. ‬ הספידו: דב י פטישי, שאפר וליטואק (אחד מהורי המשתכנים‭. (‬_ב־‭12. 30‬ הובאה הגויה לבית ההוליםהדסה"" בהיפה וב־3 "" יצאה הלויה משפ לבית תקברות הח־ש. את הארון ליוו• חברי ההסתדרות, רובם מםקצית הנגרים, שהמנוח נמנה על חברי…"
1939-03-14	dav	dav19390314-01.2.32	"… וההכנסה היא. רק ‭. 5000‬כנסת ישראל‭;!‬־ אינה מטפלת כלל _בגניפ. והדי שוב גול _עון של 15 אלף ' לירה‭.. ‬ י י ‭'; ' . ‬•• בית־החולים העירוני יעלת . בשנה! הבאה. יותר מ־50 אלף לידה וחהבנ_*ה? 16 אלף לירה מתשלומי החולים ועוד; 7000 לירח מחממשלח. ' בחיפה טחזיי)ח; הממשלה י על חשבונה בית?חולים?עצומ; שבנינו בלבד עלה ב־100 אלף :לירה‭'. '‬ מה יהיה בסופו של 'המצב הזה‭_?. ‬ס""ז־;…"
1939-04-19	dav	dav19390419-01.2.17	"…לויתו של שמואל השומשני קהל רב בא אתמול לבית החולים ‭,, ‬הדםה'י בחיפה ללוות את שמואל השמשוני לדרכו האחרונה. עסקני ועד הקהלת ומוסדות ישוביים, חברי "" בני ברית"" , ־תבו:ים _התפש־ים"" מחיפה וערים אחרות "" עמדו במשמר כבוד ונשאי את הארון מחצי בית החולים למכונית שיצאה בלוית הקהל עד ר־' י1 הרצל. משמר מכבי אש וצופ…"
1939-04-30	dav	dav19390430-01.2.77	"…מתי ייבנה _בית־החולים היהודי בחיפה? בישיבת המליאה של ועד הדד הכרמל דו-בר על מצב בית החוליםהדסה"" שועד הכרמל ט'טתתו_* בתקציבו "" ב־2000 לי ‭--, ‬ לשנת. ג מט‭…"
1939-05-22	dav	dav19390522-01.2.66	"…. ‬ אתמול _ב־‭10. 30‬ יצאה הלוית של השוטר _הנוסו* יוסי‭-*‬ (לא ? זאב, כמו שהודענו- בטעות) זילר מבית _החולים ‭,, ‬הדסה"" בחיפה. חבריו הנוטרים שע6ו־־ דו כל הזמן כמשמר ? כבוד ליד גויתו כבית החולים, נשאו את הארון. בלויו! השתתפו האלמנה הצעיר־, אתי הנ־רג, פקידים מהמחלקה לעבודות צבו־ דיות -של‭--‬יהממשלה, רבים, מהנוטרים…"
1939-05-31	dav	dav19390531-01.2.85	"…מדוע אץ בונים בית חולים בחיפה ארוכח מאור היא ה־יםטוריח י- של ‭"". ‬• יית חולים בריפוי. "" תחילתה נעוצה ‭;;‬ גיד בתק. ופה ש _"" חדטה"" היתה _הדואגת _ה־הידה לעניני הוםפיטליזציח בחיפה. בבר או ־ועלתה על ""פרק שאל־ -נץ בית־הולים שיתאים לצריי חישוב. חלק הגי;מתקציב _הבנין היה מובטח ממקורות שונים, אבל ‭~,, ‬…"
1939-05-31	dav	dav19390531-01.2.85	…ת־חולים שיש ייבלתה להבטיח חוס־ _פיטליזצית לחבריה ביית־החולים שלח — אינה יכולת לעמוד _מווצד. חירי קופת־חילים גם הם תושבי חיפה, משלמים מסים כמו ־תר התושבים ורשאים ליהנות מ־שרותים תצבוריים. בטוחני, שאם בל הגורמים שמניתי לעיל יתענינו בדבר — קום יקום בית חולים יחודי בחפת. _ב־ת־חה־ליכ, היתה התשובה ביובנח: אדרבא, א‭. :‬ו מוכנים להשתתף, אבל איל !ת מתפקידנו לבנות בנינים, הלח עלי־ ה…
1939-05-31	dav	dav19390531-01.2.85	"…קהל־ ת־יח היונה. הדברים נמשכו ללא תוצאות סכום -השתתפות ; שהובטח הלך יקטן מפעם לפעם עד ש _"" חדסה"" הודיע־ שהיא ננשת לבנין בית־חולים מרכזי גדול ולא תובל להש - תתף בבני;בית־חולים בחיפה. אלה…"
1939-06-20	dav	dav19390620-01.2.4	"… קאראמאן. נתקן!ע""י נשים ערניות ונדקר עוד אומרת החור*־!הרשמית: לארח ההתפוצצות נכנס יהודי בשפ אלפדד כהן לתוך הדר המתים של בית החולים הממשלתי ? בחיפה שבו שכבו קרבנות, ההתפוצצות. סבורים, בי עשה 1את מתוך סקרנות. הוא הותקוי ע""י נשים ערביות , י. נדקר בגבו. הוא נמצא עכשיו במצב חמו-־ בבית החולים (לפי ידיעותינו שם הפצוע הוא חאן ולא כחן — המעתיק‭. (‬ עוצר המפקד הצבאי הטיל עוצר על בל חיפה משעה 9 בבוקי עד להודעה חדשה. העוצר הופסק ישעה 4 אחה""צ ואמש חורש. ב""י היהודים אצל מפקד הצבא מפקד הצבא במחוז חיפה, הבריגא…"
1939-06-20	dav	dav19390620-01.2.4	"…ורת ההרוגים הערבים מתחתנים העדיים נקברו 15 בבית הקברות המוסלמי בנשי, שנים הובאו _לקבורת בצפת ואחד — בשפרעם. הלווית יצאו מבית החולים הממשלתי בחיפה, ג־1 אחח""צ. מצנ הפצועים מצבו , של הפצוע אל-פראד חאן — טוב. גם מצבו של צדיק היטב במקצת. אם כי עודנו חמי-י. הנשים. הערביו…"
1939-06-20	dav	dav19390620-01.2.44	"…נפגעו עשרות ערבים עוצר בחיפה ובהןר־דגרםל אלפרד האן פגוע לבית החוליםהדפה"" בחיפה הו-בא _ב־7 בבוקי אלפרד "" ה ‭!5‬ן, בן ‭, 27‬פצוע ימיות ובאבנים ליד בית החולים הממשלתי. אלפרד תאן הוא המעפיל שנשבה עם אשתו ע''י הערבים ליד _, _נ!גדל‭), ‬סיפור ההתעללות פורסם _כ "" דבר‭. (""‬מצבו לא קש…"
1939-06-28	dav	dav19390628-01.2.16	"…_לקר_^ת הקמת בנץ לבית החולים של ועד הקהילה בחיפה מועד הקהלה בחיפה . מודיעים‭., ‬כי ביום א י היתת ישיב־ משותפת של נשיאות ועד הקהילה, היעד המנהל של בית החולים וב""כ חברת פיק_""א, בה דנו באפשרויות. הממשיות לגשת בקרוב לבנין- בית החולים. הקהיל־ קיבלה על עצמה את האחריות לבנין הבית והתחייבה לאפוף! למטרת זו בין תושבי חיפה ובין גורמים אחדים סכום של ‭15, 000‬ לירות, ב""כ פיק""א הודיע יי אם השיג חקחילה לבניז -בית החולים את הסכום הזח תש־ תתח אף …"
1939-06-28	dav	dav19390628-01.2.16	…. בחלוקת התפקידים נטסר ריכוז הפעילה לד. _ביניאק. • ? מקוים, כי הישוב יחיפת ידע להעריך את. הפעולה החשיב-ז ? ויעזור להקמת בית החולים רוטשילד של ועד הק־5ת בחיפה. - בקרו‭. ;‬תונח אבן הפינת_\ ?…
1939-06-30	dav	dav19390630-01.2.7	"…בחן _הום־ י'וז המעפילימ אל תחלה _ה־ננה . הדא־ שונה‭., ‬נתהפכה. ‭. 8‬מעפילים _נפןיעו. הנה הצבאי נהרנ. הפצועים תובאו אל ; ביה""ח "" י!ד6וז'י , בחיפה‭?. ‬־ _המעלילים הם ברובם מגולי דאנציג, _המיטקטליפ ? זת חדשיפ מחו1י לחוף ומאי לאי, ? מחדרה- י מודיעים לנו: _ב־‭. 6. 30‬ע…"
1939-07-11	dav	dav19390711-01.2.106	"… הטם־ _שלתי בכביש פתח תקוה. ?י , י —ט_> שראה את מקרה ההתנגשות י בין שתי מכוניות. טכסי ב_6וצ""ש‭8, ‬ ביולי _ב־‭6. 30‬ ליד ביהח""ר עלית, מתבקש לסוך למשטרת רמת ־ ‭\:‬ בהקדם האפשרי למסור את עדותו. לרגל- הפצצה נחיפה ‭? ;‬ -הנחלת בית הספר התיכוני הממשלתי בנצרת מסרבת להחזיר ללמודי־ הם. את תלמידי _המתלבה -השניה (והאחרונה) של בית הספר הז…"
1939-07-11	dav	dav19390711-01.2.85	"…*1‬ פועל יהודי אחד. על . הקבלן הערבי אינה חלה כנראת חובת הממשלה, אולם מת דעתה של הנהלת הדואר? זכור לנו, כי בזמן שבנו את בית החולים הממשלתי בחיפה שמרו בקפדנות :של‭1 החיד‭. 8'‬הג‭""1‬ _טיקיס שנסכת כוחם י£ד‭,, ‬הערב ג־8 בקלוב ‭_6?‬נ‭. ‬י רדיו ךקא _ויקטור מייחד לתערוכה…"
1939-08-10	dav	dav19390810-01.2.88	"…ג "" נ וחוששים שטבע עם האניה. השוטר הבריטי _בסרטון והשוטר ישראל _גורדן נפצעו ‭—. ‬ שוטר בריטי ושופך ־הודי נפגעו 1והוכנסו לבית החולים בחיפה. מודיעים ובי מצבם אינו חמור, יתר ארבעת חב1רי הפלוגה סבלו בזעזוע, אולם לאחר _>טיפול יצאו את בית החולים. הסירה טבעה בין כמה דקות. הוזמנו אמוראים מיפו ומחיפה להעלותה ו.…"
1939-08-28	dav	dav19390828-01.2.88	"…לי הטלא־ כה במקצוע זח. א. _לוברמן, א, _רוזנ־ בלט, ד. _רקובםקי וע. שבת נבחרו כועדה מיוחדת שתבוא במגע ומשא עם הועדת לבני] בית החולים שעל יד ועד הקהלה בחיפה, כדי להבטיח את עכודות־המשנה לחברי האגודה. הכלל לכלל"" המוסד הידוע "" להספקת מזון לנצר־ בים, טציא בכל שבוע צרכי אובל לשלוש…"
1939-09-01	dav	dav19390901-01.2.31	…_5 וקניית הפירורים הטכניים‭. (‬ תחנות לגזרת ראשונה מודיעים רשמית כי הוקמו. תחנות לעזרה ראשונה לקול במקרה התקפות אויר על חיפה במיומות דלקמן: בית החולים הממשלתי יחדש, משדד חברי־ אות הישן, מרבו מגן דוד, בית הקפת קאובאב אל סבאח, וחוב המלך, תחנת החיטוי של הנטל, ותנת החיטוי ל…
1939-10-02	dav	dav19391002-01.2.59	"…1_£ >‬ כיתה טי _בביתיהספר. עד תשנה תיו גם חורים לא־פועלים מעפולה שולחים את בניהם _לביח""ס המחוזי בכפר־ייד""מ לאהד גמרם את ביח_""ם המקומי (ח י כיתות‭. (‬היו גם מיני עפולה שגמרו כיתות ט_'־י י בבפר־ילדים וחיו נבחנים אחר נר בהצלחת לביח_""ס הריאלי בחיפה. בשנת תרצ""ט יי מספר בוגרי ייחס המקומ* וגדל חלקי!של בני בעלי־ הבתים בתוכם. החליטו לפתוח _בעפ־ יי ת כיתה ט/ בעזרת תמיכת מ…"
1939-10-11	dav	dav19391011-01.2.155	"…חיפה למצב בית החולים העברי בחיפה ועד הקהילה העברית בחיפח מודיע, כי לביהח""ו העברי צפויה סכנה, אם המוסדות המרכזיים ‭.. ‬לא ימלאו את הדרישה _לתשתתוי בסכום של 1400 לירות כתקציב השנת, ־ ובסיום של 1…"
1939-10-11	dav	dav19391011-01.2.155	…עד 7 בערב. במוסרות _ובהסתדרויות מועד הזמנת מסכות גאז הוארך עד יום א י ‭15-‬ באוקטוב־. המועד הזח סופי הוא. ־ הועדה לבנין בית החולים בחיפה מודיעה ; נמשכות התכנות בקביעת התכנית לבנין ועומדים ־ בקשרים עם מוסרות שונים בדבר עזרתם להקמת הבנין.…
1939-10-24	dav	dav19391024-01.2.35	…למגבו ש?בית־החולים בחיפה העברי בחוגים רחבים בחיפה ידועות טיבר י התלבטויותיו של בית החולים העברי. זה מקרוב נודע, כי ההיהלה הקטינה את _מפפי המיטות לשם קימוץ בהוצאות ולפני ימים אחדים פורסמה תודעה טט־ עם ועד חקהלה העברית בחיפה, העוסק בעני!המצב הכספי החמור מאד של בית החולים, שאין הקהילה יכולה לכלכלו, ביחיד בשנה האחרונה, משירדו ההכנסות מתשלומי החולים ואף הכנסות הקהילה ירדו מחטת המשבר. ההודעה מדגישה גם את העובדה, כי חיפה נעשתה בשנה האחרונה מרכז מאורעות הדמים ומרכז הורדת המעפילים, שחלק הגו;מהם מקבל טיפול רפואי חינם בבית החולים הזח. מובן שה…
1939-10-24	dav	dav19391024-01.2.35	"…מוסדות המר - כזיים בירושלים העל1 את סכנת סגירת ד/מ1סד ונוכח פני סכנה זו יש לעשות קודם כל את הנםיונות שדיברתי בהם. הנהלת בית החולים מנסה, לפי דעתי, להיאחז בגירמים, שחלקם אינו רב בהרעת המצב ודבר זה עלול להטעות. אמנם, חיפה וסביבותיה נעשו בשנה האחרונה _מ־־כז של מאורעות הדמים, אולם על חשבון הטיפול בקדבנות המאורעות קיבל בית החולים מ "" כופר חיש…"
1939-10-24	dav	dav19391024-01.2.35	…י ו ו-ן הגנון, כדי שחהתאטצויות הנוספות לא תהיינה לשוא _ונן אין להזניח את ניציל האפשרויות הכספיות של החשת הקמת הנני!החרש לבית החולים. כי רק בזי - יש לטציא פתרון מלא לשאלה החיונית של בית חילים עב־י בחיפה, היכול למלא את תפקידו לקורת רוחם של כל המעונינים. מ. זענו…
1939-11-15	dav	dav19391115-01.2.92	"…הבקר ומנ־ דלבלט מ "" תנובח"" תל־אביב. הוקרא מברק ברכה מאת אליעזר יפה. בחנוכת המחלבה החדשה, שהוקמה במרכז התעשיה החדש במזרח חיפה. באזור החולות שבסביבות ביהח ''ר "" שמן‭, ""‬השתתפו חברי מועצת מרכז ""תנובה"" וחברי המועצות של ‭,, ‬תנובה"" ת""א, "" תנובה"" ירושלים, כמאה איש מכל הארץ ומשק…"
1939-11-20	dav	dav19391120-01.2.50	…איל יבטיחו את מצבו של בית החולים בחיפה? ץ_*ן‭1. _1_^;‬ ווי‭_-_'. *?1 : !!*. ‬ וי__י‭_^1‬ו ‭. £? ** , ‬ חשיבותו רבה כל כך לישוב העבר־ בעיר ובסביבה. הצעתי, למסו…
1939-11-20	dav	dav19391120-01.2.50	…החיובי עם הרופאים מוסיפים לדון על התבניות השונות כמקודם רק בהנהלה ובכל פעם מתעוררות סכנות חדשות העלולות להפריע את פעולת בית החולים, בדברי על העובדים, הנני מתכוון לא רק אל הוער שלהם, אלא . גם _ילביאות־כוח הפועלים במקום, מועצת פועלי חיפה. עני בית החולים הוא עני!צבורי־ ; חיוני ורצוי שהצבור ידע בזמן על התכניות לתיקון מצבו ולא באופן סתמי ולא לאחר המעשה. מ. ז…
1939-11-20	dav	dav19391120-01.2.60	"…ת הדין המחוזי באשמת רצח של הרועה מוםח נםאר, ע""י מכה- באלה בראשו ביולי ‭. 1938‬ ?נידון למאסר 7 שנים ותשלום 15 לירה הוצאת בית החולים שבו שכב הנרצח עד מותו‭-. ‬ תיקון לספורט בטעות נמסר בדבר'י אתמול כי ‭, , , _""‬הפועל"" חיפה ניצח בתח־ות כדורגל את _"" מבבי""־ת_""א. הנכון הוא ש _"" מכיי"" ניצח בשיעור ‭. 3 :4 ‬ בועד קהלת חיפה‭—. ‬ דו""ח על הועדות בישי…"
1939-12-03	dav	dav19391203-01.2.52	"…שבוע הספורט בחיפה נלינה החיפנית לכדורגל חמישה מישחקים נאים הוראו הש־ בוע במסגרת הליגה. הצבא מבת־גלים גבר על אי. פ. ם‭. 0 : 5. ‬גדוד השירותים ניצח את בית החולים הצבאי ‭2 : 4‬ ו "" חפועל'י הכה את ח "" פריגד־'י ‭, 0 : 4‬ אף על פי שהופיע בבמה שחקני־מלו־ אים. בר־בוכבא השיג נקודה ראשונה…"
1939-12-10	dav	dav19391210-01.2.47	"… חלוצי "" חרמם"" לא יכלו לה וגם תוקפי הבריגדה"" עמלו לשוא. הקרב המרתק "" בר־בוכבא"" והבריגדה '' _נגמי ‭. 0:0‬ בין ‭""""‬ קבוצת בית החולים בחיפה נתפזרה, ואין בית החולים יכול להרכיב קבוצה אחרת ראויה לשטח. הצבא מבת־גליפ עושה חיל, ? בטניס השולחן טניס השולחן בחיפה זבת לאורח חשוב: קבוצת "" מבבי־תצפון'י ? מתל־ אביב בראשות האלוה פפרבוים. האורחים ניצחו בקלו-ת. א. שלפנברג, לשעבר אלוף לוי…"
1939-12-24	dav	dav19391224-01.2.70	"…שבוע הספורט בחיפה _מישחקי הליגה החיפנית מתנהלים בסדרם. תחרויות השבוע הביאו תוצאות אלו: "" מכבי"" חיפה ‭, , —‬הרטס"" ‭0:0‬ הנטייה — הבריגדה ‭0:6‬ המ‭- ; ;-‬ הנדסים — הםניטרים ‭1:4‬ הצבא ; מעכו — הדיביזיה ‭1:9‬ ביה""ח הצבאי ‭— ;‬ אי. פ. ס. ‭0:1 . ‬ הצבא מבת־גלים ‭; —‬ הפועל"" כפר עטה ‭0:3‬ המהנדסים ‭; "" —‬ הבטריה ‭* . 1:2‬ מה הן אפתעות …"
1939-12-25	dav	dav19391225-01.2.73	"…ך זה ‭391. 4 —‬ ט""ט. הוקצבו ‭15. 000‬ לירות לבי-ץ ביהת""ו הנהלת מגבית _טס־החידופ כה־פה החליטה- להקציב 15 אלף לירות לבנין בית החולים בחיפה, אם יועבר לארץ הסכום השוה לזה, אשר הקציב־ הנהלת כיק""א למטרה זו. כידוע, הקציבה פיק""א פכום זהי בת־אי, שקהילת חיפה המציא את המחצית השניה של הוצאות דכנין. מעריכים, כי כנין ייהח""ו וציודו ־מינימאלי יעלו כ־45 אלף לירה. מעפיל - כמנצח התזמו…"
1939-12-26	dav	dav19391226-01.2.76	"…ים ומפלגות מקבל־ם את המוזמנים ומתרימיפ אותם. • ה־הלת מס . החירום החליטה, כידוע ‭, _^‬ להקציב ‭15. 000‬ לייית לטובת בני] בית החולים בחיפה (המגבית לבנין ו בלת ־הולים, שהוכרזה בשעתה, בוטלה, בדי לא להפריע לפעולות ‭,, ‬מס החירום‭. (""‬צער זח _מוכ־ח, בי _מפ־ החיר…"
1940-02-11	dav	dav19400211-01.2.77.3	"…‭-. -_?1?‬ ־־נ ? י ?־ ‭- -.. ? "". . . , _^ . ... — .. - - >‬ ־— ‭\, ‬ _־־־_^י ‭\ _^?‬ ועד הקהילה העברית בחיפה 1 בהסכם עם אגודת האינז""נרים _והאדכיטקטים בארץ-ישו4_ול מכריז על ה ת ח ר ו . ת 1 בין האדריכלים באדץ לעיבוד תכנית עבור הקמת בנין ו בית החולים העברי בחיפה סכום הפרסים הכללי ה ו-א-יי ‭23 0‬ לירות. ה נטופטים: ילן ותיאל בהרב. ד""ר הרי הלר, ד""ר חיים יסקי. אדריכל מכס …"
1940-02-11	dav	dav19400211-01.2.77.3	…המועד האחרון להגשת הצעות ‭14. 3. 1940:‬ י י את החומר א‭_*_9‬ר לקבל _גאהד 8הג!קוקות הבאימ בנד תשלום‭_$. ‬ך 300 מיל‭-. ‬ נחיפה‭-. ‬ נמשו־ וער-כנין ־ בית החולים, ויוונ פב!נו ‭, 3‬הור‭- ?-‬ -הכרמל;: כתל-אביי: ב&שרד אגודת האיננ'ינריט _יהאיגי‭?_8‬טיפ, וחוב . ־ . דיונגו‭. ;_200?1‬_ני…
1940-03-21	dav	dav19400321-01.2.18	"… לברטוב. בישיבת הועד הל8ו13י _; _יהקנהלתלדנה ;אח‭'_^‬כ- בשאלת השתת־ ‭. . ‬ י פותו של _6פעל טס החירום, בהקמת בנין. ] י י בית החולים בחיפה, וקיבלה החלטות י י י אשר תאפשרנה את הגשמת . ־מפעלי י י בהשתתפותה . ש‭5?‬יק""א‭.. ‬־;־ ולבםווי. נדונו בהרחבה הצעות מקומיו…"
1940-04-17	dav	dav19400417-01.2.70	"…;ביית הספר הימי, סניטריות פלוגת ב' — ד""ר ויסר, ד""ר גולדיפון;בחצר מכבי ־יאש, שירות הכבאים המוספים. _תערנכת התכניות לבנין בית החולים "" רוטשילד"" של הקהלה העידית בחיפה בשוק ‭"". ‬ תלפיות‭, ""‬פתוחה עד סו‭?!‬השבוע מ־4 עד 8 בערב. בקלוב הפועלות. תערב ב־‭, 8‬החוג למלאכת־יד. הלשכה המשפטית מודי…"
1940-04-30	dav	dav19400430-01.2.70.1	"…\־־־‭—?—‬־־־־‭—""‬־_^־־־ ־ ‭/~~‬ הועד המנהל של בית החולים הדסה של הקהילה העברית בחיפה נ‭_3*‬ליז קובקורס למשלד רו‭_$!3‬ נוש_?בית התולפ (מקורה שלמה) להגיש בקשות בצרוף התעודות עד 10 במאי ‭* 1940‬ ?פי המען: ""ה…"
1940-05-02	dav	dav19400502-01.2.83.2	"…-י ‭_^_7 1 1 \ ^_ 1‬_י\ ‭^^‬ יי_"" 1י‭^>‬ ־י ‭\\\\§_8₪)^!§11 :‬ז‭\*‬ ‭1₪_119|^_00‬ _3 ק ‭_, _^. -—. . _‬ א ה1ער המנהל של בית החולים הדסה של הקהילה העברית בחיפה מבריז ק1ב7ןול0 לו_&_שרת רופא נושל בית _השניפ (משרה שלמה) להגיש בקשות בצרוף התעודות עד 10 במאי 1940 ?פי המען ‭* ;‬ ""הדסמי חיפה, ת. ד‭). 940. ‬על _המעטפה לרשום- קונקורס) * _ןןןמוון ‭111111111‬ מןה־‭7_^ ‬ שבועון הקיבוץ הארג־ גלי 11 אהד 3מאי דמי־חתי…"
1940-05-09	dav	dav19400509-01.2.64	"… של ההנהלות ואספות ושיחות בתר הקואופרטיבים. 1 אנו בטוחים, כי יעלה בידנו לעבור על בל ? הקשיים העומדים בדדו האיתור. לבנין בית החולים בשבוע שעיר ייקרה משלחת מטעם ועדת בנין בית ־הולים "" רוטשילד‭, ""‬ של הקהלת העברית בחיפה, אצל טית ך. נ_'ייקובס, סגן־נשיאת של ‭,, ‬הדסח"" כאמריקה, שהית־ בחיפה. בשיחה נכחו גם ד""ר יסקי ור""ר ברומברג. דנו על השתתפתת של "" הדסה"" בחקמת בית־ חתולים, מרת ג'ייקיבס _התענינת באפשרויות החדש…"
1940-06-03	dav	dav19400603-01.2.72	"…האפלה ביום ו, נקנס א. שווא:או ע""י מושל _תמחיז בסך 5 לירות, בעוון עבירה על חוק ההאפלה. הנקנס הוא בעל בית קפה כרחוב הרצל בחיפה. הוא חניה את האורות עש ר דקות לאחר זמן ההאפל יה י. ישיבת המליאה ? של הקהלה הערב ב־‭6. 30‬ בסניף הקהלה י הב־ חירות, ‭-1‬ בנין בית החולים, שוגות. ישי־ בת המליאה פתוחה לקהל; ? נעל נית שעשה דין לעצמו מר שמואל פישר, באחוזת שמואל, עשה ישבת מעש־־ שעורר התמרמרות …"
1940-06-20	dav	dav19400620-01.2.4	…בון הסכום חזה שולט למס ־ י - חירום ‭24, 670‬ לירה. . לא כלהכסףו נכנס : לקופת מס. החי־ רו-ם. י לפי ההסכם עם הקהלת‭?. -‬ בחיפה נשארים 50 אחוז-ממם החירום בחיפה להקמת בית החולים בתנאי שיעסיקו מחוסרי עיודח, שאם לא כן יזדקקו לסיוע‭75. ‬ אחוז מיל ההכנסות בתל אביב נשארים יעיר וכ;מקבלת העיר שליש מהשתת…
1940-08-11	dav	dav19400811-01.2.37	"…חנות לעזרה ראשונה _ולמילן הנפגעים ליד בתי החולים. המרכז הרפואי נדרש לתת את תשומת לבו המיוחדת להרחבת רשת _ההוספיטליזציח בחיפה, לאחר הישיבה ניקרו המשתתפים, בלויתו של הדיר הירשוביץ — הממונה הרפואי במחוז ת""א, את בית החולים הרזרבי אשר הוקם בביה""ס ""הכרמל"" בת""א ל־170 מיטות. המוסד החדש, המצטיין בפשטותו ובנוחיות! חרבה והעומד מוכן לטיפול בנפגעים …"
1940-09-10	dav	dav19400910-01.2.43	"…הכנות להקמת בנק בית-חולים בחיפה ‭.. ‬חיפה העברית גדלה. והתפתחה, אך. בית־ חולים מתאים אין עדיין בעיר‭.. ‬בית החולים ""הדסה‭-""‬ נמצא בבנין פרטי. בלתי מתאים , ומספר …"
1940-09-10	dav	dav19400910-01.2.43	…ות אינו _מספיק, ביחיד סבל הישוב בזמנים שלא בתיקונם — בימי יהמ־ אורעות ועתה בימי המלחמה, אבל גם בימים כתיקונם מורגש העדר בית חולים. _מטודר •וחולים רביט נאלצים לנסוע לשם ריפוי -לערים אחרות (בבית החולים. בחיפה אין 0חלקה למחלות פנימיות‭. (‬ ליד ועד הקהילה קיימת ועדה המטפלת בשאלת : בניו בשביל בית חולים. אתרי מאמצים. רביט עלה גידי…
1940-10-23	dav	dav19401023-01.2.52	…ה- בעיר וישנם סיכויים • לעבודות נוספות בשבועות ן ־ ‭!*‬ באים. יהלו בבנין בית החנון בהדר הכר־ _ מל' כן דורשת מועצת פועלי חיפה כי יגשו ‭^—, ‬בנין בית החולים הואיל וחלק ניכר של י ־ _הוצאות הבנין נמצא כבר בידי הועדת ויש ‭> ??; -‬ וות בי ישמעו לדרישת המועצה. כן יש _, _י־_^ קוות,…
1940-11-06	dav	dav19401106-01.2.61	"…מי החגים: שחרור. מהעבודה והקלות בדרד הספקת הכלכלה. מצד השלטונות נעשו ההקלות מתוך תבנה ורצון טוב. פונקורס הדש למשית מנהל לבית-החוליפ ישינת הועד המנהל , של בית החולים ‭"" . ‬ הדסה"" בחיפה, בהשתתפו-תי באי־ כיח הסתדרות הרופאים דנת על המועמדים למשרת רופא־מנהל לבית־חחולים. הואיל ובין המו-עטדים לא נמצא איש המתא…"
1940-11-13	dav	dav19401113-01.2.61	…בית חולים חתי נוסו בחיפה שמענו שהמרכז הרפואי לשעת חירום אשר ליד הועד . הלאו-מי החליט להקים בחיפה _בית־חולים רזרבי נופו5 בן מאח מטות. המרכז השיג כב־ את הסכמתה של קופת חולים להעמיד לרשותו למטרה ־ זו את בית ההבראה שלה על שם י ב, ברוכוב - אשר באחוזה על תר הכרמל. לאחר-משא ומתן השיג המרכז גם את הסכמתה של מחלקת הבריאות הממשלתית להמציא לבית החולים הרזרבי הזח את הציוד הד־וש למאה יחידות. הפעולה המעשית להגשמת החלטת זו נמשכת כבר, לפי זהי יהיו עתה בחיפה שני בחיתולים רזרביים ובהם ‭150. ‬ מטות‭50. ‬ ?_ז טיוות האחיות סורר. ־ כ בי באחד מפנ- יני _נית הספר הריאלי, ליד בית החול…
1940-11-19	dav	dav19401119-01.2.40	"… —‬ לירות. רוב המפעלים לשעת חירום, שהתחילו בהם באמצע שנת התקציב החולפת, כטן;קרן ד, חוספיט־ ליזאציה, תמיכות לבית ־תולים בחיפה, בית החולים‭,,. ‬ש1 _י יצר"" בטבריה, _הםאנא־ טוריי-מ לחולי שחפת במקור-חיים, הרחבת מרכזי הבריאות לרפואת‭), ‬לרבות תמיכה לעירית תל־אבי…"
1940-11-28	dav	dav19401128-01.2.47	"…‭?!‬ לחקלאות של התאחדות אכרים — בעניו מתן לואות לחקלאים לסידור השקאה. הכינוס הי""ב של הנוקדים העברים ?ייפתח מחר, יום ו/ בחיפה, באולם י מפלגת פועלי _ארץ־יישראל (רח י _ארלוזו־ רוב ‭(6‬ ויסתיים בשבת. בית החולים ברחובות בית החולים צוייד והוכן לפתיחתו. בסייר ?שנערף לעתונאים וחוגים מעונינים במושבה סיפרו ד‭''‬ר אבלס שנתמנה מנהל בית החולים, ומרת ד. קיפ…"
1941-03-18	dav	dav19410318-01.2.35	…להתחלת בני?בית'־החולים בחיפה הישוב בחיפה התבשר בימים אלה בשורה טובה על התחלת מלאכת החציבה להכנת -מגרש לבנין _בית־החולימ. נקוה שאחריה תבוא הבניה ממש . חלפה כמעט שנה מאז הוכרזה התחרות על התכנית. מובן, שעיבוד תכנית לבנין בית־חילים לכל פרטיה, …
1941-03-18	dav	dav19410318-01.2.35	"…הוכרזה ההתחרות שמענו מ9עם לפעם הכרזות מטעם הקהילה וועדת הבנין שעל ידה, שההכנות נעשות ובקרוב יגשו למלאכה — לחזקה על קהלת חיפה שהיא עומדת בדיבוריה ובהבטחותיה. בהתחלת מגבית מס החירום לשנת ת""ש הבטיחה הקהילה לתושבי חיפה שהחצי מהכנסות המגבית יוקדש למ־ טרה קונסטרוקטיבית, כמו בנין בית־החוליט, _יאין להעלות על הדעת שתרומות שנאספו למטרה מסויימת לא תוצאנה לאותה מסרה שלשמה נאספו. א פשר _^ להג_^ד בודאות__שאם הציבור בחיפה בכללול וביחוד""'החלק—הלזר אמיד שבו, מילא את חובתי כלפי מס החירום — הרי זה ודאי לא במידה קטנה על־ ידי התנקתה הברורה שניתנה לתורטיב שסוף־סוף יגשו להקמת בית־החוליט. ויש להצטער מאד שבפעולת _מס־החירום לשנת תש""א הושמט לגמרי הסעיף הזה מתוך תבנית העבודה של הקהילה . נקוה שהיא תתקן את הטעיות. אמנם במשד השנה הזאת נשמעו דעות שונות, ובעיקר מאנשי מוסדות מחיץ לחיפה וגם מאנשים בודדים בחיפה — שלא עתה הזמן לבנות _בית־חולים: החמרים התייקרו מאד, ישנם צרכים דחופים יותר, הכסף הנדרש איננו בעין, ובכלל, מה טעם להקים עכשיו בנינים ג דולים בשעה שאין …"
1941-03-18	dav	dav19410318-01.2.35	"…ין אינה קלה. הנה הוכתה קשה בזה שחברת פיק""א שצריכה היתד. להיות השותפת העיקרית כבנין — יצאה לעת עתה מהחשבון. סיף סוף בנין בית חולים אינו עניו לא לחודש אהד ועוד לא אבדה תקוה כי במשך הזמן תשוב פיק-א להיות _גןרם כשהיתה. האם אפשר להעלות על הדעת שחיפה העברית, ששת יבבות נפש, תוכל עוד זמן רב להסתפק בבית־החולים שלה על ‭50—40‬ מיטות, בבית לא מתאים משום בחינה לביתחולים, בלי…"
1941-03-18	dav	dav19410318-01.2.35	"…יחי עתי. לימין המפעל ובודאי לא , _ןימשוד־את־־יידו ממנו גט עתה — הסתדלות מדיצינית ""הדסה‭"". ""‬הדסה"" תומכת כל השנים בהחזקת בית החולים והיא ודאי תטה את שכמה • גם לבנינו. ־ בית החולים בחיפה משרת כיום, וודאי גם בעתיד, בעיקר את החלק המחוסר אמצעים, ובתוכם חלק ניבי של חברי קופת חולים. עם הקמת הבניו ייגדל מספר המ…"
1941-06-18	dav	dav19410618-01.2.33	"…ויר. הוקמה ועדה לעזרה סוציאלית _ולהזנת ילדים. נתקבל רופא המגיש עזרה _לןואית למחוסרי אמצעים- על חשבון הוער וטורד ה&כמ עם בית החולים ""הרסה"" בחיפה בעניו _חוספיטליזציה ועזרה בשביל תושבי כפר־עטה שאינט חברים בקופת _חולים. בדאי גט לציין את פעולתה הראוי־ ?ענח ‭\1‬ל ועדת …"
1941-08-08	dav	dav19410808-01.2.32	"…ל, באיזה אמצעים "" נקט הועד נגד חפצת ידיעות מזיקות באלה. _השאילתה השניה חיתק בדבר התבנית שזכתה ב_£רם ראשון בהתחרות לבנין בית החולים העברי בחיפה, אשר חברי ועדת _הבנין שינו אותו, אף מסרו את _הבנין לאדריכל אחר. בועדת הכני!_יוש־ י י ב-םב""כ וער חרר הכרמל ומה דעתם י בע…"
1941-09-26	dav	dav19410926-01.2.37.1	"…ר15 יי""ניד אתה בבדיל־ ‭00!8*1^^‬ ‭/'_^ ^^^^/1‬ ב משחת _י השונר _ייקרי . המושלמת ם י ‭//‬ ל‭[ -51\\_2‬ וו‭ הוער המנהל של בית החולים "" הדסה"" של הקהילה העברית בחיפה - י מכריו כוח על _קובקורס ל־2 משוות של רופאי בית, במחלקות;כיתרנית-גיניקולוגית וילדים. ת=ש. - . _־ח ח1 שלמות בלי זכוה לע…"
1941-09-26	dav	dav19410926-01.2.37.1	"…ולדות חיים ותעודות י (העתקות) לא יאוחר מיום ‭10. 10. 1941‬ במעטפה סגורה שעליה רשומה הטלה _קונקודם, עפ''י -ובחובת: הנהלת בית החולים ‭.. ‬ הרסה"" חיפה ת‭-. ‬ד‭940. ‬…"
1941-10-28	dav	dav19411028-01.2.22	"…קיבצה במשך 8 _חדשים אה כצ העזרה חמגיעח צה צפי תקגון חמוסד ‭55)‬ צא""י‭. (‬לאחר שאזלו בל הכספים אש־ הוקצבו לעז־ רתה הודיע בית החולים הפרטי אשר בו נמצאה החולה שהוא מוציא אותה. בעלה — מחוסר 'עבורה שאין ביכלתו להמשיך ברפוי — פנה צועדה לטיפול "" בחוצי רוח חיפה"" בבקשת עזרח. חוע־ דח חודיעח צו ב־9 בספטמבר בכתב, שאין חיא יכולח 'לעזור לו מפאת הנד צב הקשה של הועדה וכו י . עד כאן חכל …"
1942-01-22	dav	dav19420122-01.2.60	…. ־3 . ־ד ח־. _י . פ ו אליה וקיצים בה י על אם הדרך בין הדר הכרמל והד הכרמל נבנה- והולך בנין קטן וחשוב עד מאד: חלק מכניו בית־החולים. אשר _*ל הקמתו הוחלט מזמן ואשר הלק מהוצאותיו אף הויטח. אולם המלחמה עכבה את ההגשמה. היודע את המצב בבית־ החולים הנוכחי בחיפה, ידע להעריך את החשיבות של הבנץ החדש‭; העיריה. יט*א בגין בית החולי‭.. -‬ כבישים חשובים שיפריעו את מ‭..., ::‬ המוסד. העיר…
1942-05-31	dav	dav19420531-01.2.57	…אםט, את איגנאצי וינרב, אדלר וגולדברגר_, יחיאל בורז-םוקניס מחפש את שלמיה קאצקובםקי. — החייל הפולני שלמה גוטליב שובב חולת בבית־החולים האי_&לקי בחיפה. מחפש את אחותו רייזל גוטלינ וגיסו אהרן אהתנםון ומבקש שיבקרו אצלו. — בשביל טירםקי _בתל־אביב (רח' זולה ‭(11‬ יש טלגרמה מר…
1942-05-31	dav	dav19420531-01.2.57	"…רחל לבנזין מבקשת מבנותיה הנשואות לגיוני יקיר ולישראל גימפלטן להחיש לה עזרה, ? ר־זה שוחט מבקשת מאחיה. דויד אולינוק עזרה וחופה. פרטים — אצל צילה טארלו, בית החולים ""ביקור־ חולים"" בירושלים. ה' מיכאל _שטתימאיר מתבקש לסור למחלקת העליד. של המוכנות היהודית בירושלים או להודיע את כתבתו ולה…"
1942-06-11	dav	dav19420611-01.2.69	"…המובאה מחוץ־ לארץ־ ג) _ומגיקל‭. ""‬בית־חיושת ל מ לס. בהיותנו עוד בחרן-לאיץ באני 3ע1ין זה בםו""מ עם הפירמה הידועה קדו‭. 3‬מחיפה שלחנו לפירמה זו דוגמ - אות מהחומר הגלמי שמצאנו בקרבו * המקום, אשר בו נמצא ביה''ח ""נשי* וקיבלנו משט תשובה _טלגיקית היובית, האומרת, בי מהחומר הזה אפ_&ר לייצר את _הצמנט הטוב והמשובח ביותר. גל יסוך זה עיב…"
1942-10-11	dav	dav19421011-01.2.67	"…לילה מסר סגן היו""ר ד. בר - ב האי דו""ח על פעולת הועד וד""־עד הפועל, הודיע על החלטת הממשלה להשתתף ב־5000 לילות להשלמת בנין בית החולים רוטשילד. הודיע בסיפוק על חיקלל מגפת _הט־גוס בחיפה. ז. כרסי שמ־לא א‭:-. ‬ריו הביע את ספקי־ תיו בנוגע להסדרת שאלת המשכורת לגורים. אנשי ה""עליה החדשה"" אשי עד כה סירבו להשתתף…"
1942-10-28	dav	dav19421028-01.2.59.3	"…ת ט-טב ברכותיהם הנאםמח למשלם הצע-ר ‭"""" ""_*‬_ס_^ח‭. _^"""" _""^""""?""‬ מקס ד, אבוטבול ‭₪^^ . ‬ הייח עילה ; הייח שיקע לחנוכת | בית החולים רוטשילד בחיפה, יהי רצון ‭_^ [ |‬ בעיג ' _^_י פ"" י ף יי _גגןיזכה לתזות בעיניו את חיפה הבנויה על תלת ‭_*61‬י ""יו ב‭9. 56-‬ בערב . לאור היו -בהוסיפו לבנות לגדולתה ותפארתה. ‭_£*‬ י_^י _(ייושלי‭(0‬ מ־23 _־6 בע…"
1942-10-28	dav	dav19421028-01.2.59.4	"…1 לח —לי_^ חברה לבנין בע""מ / חיפה קבלנ 1 בנין בית החולים רוט גט י לד ‭__. . ‬ שולחים אח מיטב ברכותיהם לומד הקהלה העברית בחיפה לחנוכת בית החולים רוטשילד ע הוד _םעלחו הנציב העליון _הבנין של בית החולים שביעים בזה אח חורתם לועדת על פעולתה ועזרתה הרבה בהקםת הב1_ין ו ‭…"
1942-11-17	dav	dav19421117-01.2.57	"…מהקבוע, ונקנסו?על ידי השופט ד""ר _רוזנצוויג ב־20 לירה, או תמורת מאסר חודש ימים. מחלת טיפוס ?שלושה יחידים מתו בשבוע שעבר בחיפה ממחלת הטיפוס. תאונת דרכיפ ליד חוף חיאט בחיפה התנגשו ביום א' בלילה שתי מכוניות צבאיות‭5. ‬ חיילים נפצעו והועברו לביהח""י הצבאי. מרפאת קופת חולימ בקרית- חייט פתיחה מהיום אחה""צ מ־‭3. 30‬ עד ‭, 6. 30‬ ולפנה""צ בלי שינוי‭"". ‬טפת־חלב"" פתוחה בימ…"
1942-12-13	dav	dav19421213-01.2.54	"…יתוק ז העולד'נעשה _לאחיות בוגרות ‭0x7 ‬ שהצטיין ברצינותו . וביסודיותו‭,, ‬ מ_^ום לקוות, כי יושם קץ להפליה. ואמנם בחיפה הושוו בוגרות האולפן בכל- לאחיות מטוס־ מכות. י ? בת‭''‬א נמשך המאבק בין בוגרות האולפן ומנהלת ביול""ח העירוני. לבסוף ההליט הועד המנהל של ביה""ח להשוות את האחיות 1 במילוי תפקידים, בחופשה ובתשלום הותק. לפני שבוע הודיעה מועצת עובדי העיריה שליד ט. פ. ת""א לראש, העיריה…"
1943-02-19	dav	dav19430219-01.2.38.2	"…‬ _מרקויביץ _ ‭_^. . ‬ ל0נהל בית הח1לים_ ‭.... ‬ ד""ד יו_1ק3 ז""דה ור _^יתו ברכת נח־ט ־ ־ להולדת הבת . • ‭.. ‬ הפרסונל של בית החולים. רוטשילד . _והםרפאה־של הקהילה העברית בחיפה לשושנה ומשה ש""ן לנשיאי בתכם מרים ומשר‭(. ‬ עם _בח־ל - םז""ט משפי גרתדמ] | לצפורה _ומדו־ק־ ‭15‬ י י3ר ‭_? _}‬ ן ברבות להו…"
1943-02-19	dav	dav19430219-01.2.48	"…ו עתה וציין כי אתמול מלאו 9 שנים לביא קבוצת הילדים הראשונה מעלית הגוער הגרמני. גהיכ-ד! רבה היתר. התכונה במוסדות השונים בחיפה לקראת חבא־ם. בבנין בית החולים הישן‭"". ‬הדסה'' ה_!קם מטעם הארגון הארצי ש. ל "" דוד אדום"" בית הולים למבוגרים מגן ולילדים ־ החוליפ, הרופאים והאחיות התנדבו כולם. בית־החולים נוקה ןר, כל ט־ _מצוחצח. ר""זדריפ במחלקת הילדיפ צו…"
1943-02-28	dav	dav19430228-01.2.40	"…ם בואם של הפליטים מטא־ _האראן. העבודה נו נעשית ע‭_-'‬י הברית ‭,, ‬מ. ד. א‭"". ‬ ואחיות מתנדבית. בית הח. ־לים שוכן _בבנין בית החולים ‭!,, ‬־, דםי‭"", ‬ הישן בחיפה. מכיל כ־5ל מיטות, מחציתן לילו-ים. _ביוט בוא העללים _מטןגוהאראן יצאו משלהית של חברי ‭,, ‬מ. ד. א‭'_'. ‬ עם מכוניותיהם מת…"
1943-03-29	dav	dav19430329-01.2.36	"…על שוס מה ההפליה הזאת הכפר לאחיות ‭., ‬ד, דסה'' בירושלים. בבית החולים ‭,, ‬ד, ד0ה"" בחיפה ובקופת־הו־ לים ניתנו לאחיות בוגרות האולפן כל הזכויות. בגלל 8ה אץ העויון הזה בבית החולים"" _העירוני ב ת""א י בשקס הקיום של…"
1943-03-29	dav	dav19430329-01.2.36	"…יים את המגע בין העובדים ובין הנהלת הרנב-־ת) ביקר ביום ה' במרכז ההס־ !תדרלת -בינלאומית של עובדי הרכבת, הד"" 1 אר יהטלגרף בחיפה. בוגרת ""האולפן לאחיות"" פונה בזאת לראש מעיויד, ולועד המנהל של בית החולים העירוני ""הדמה* בת""א. היתכן שלאחות העובדת שנים רבות בבית התולים לא יהיו כל סיכויים לעלות בעבודה ר _גמרני את ה־ק הלמודים …"
1943-04-11	dav	dav19430411-01.2.48	"…ךץ. אחד י מפליטי־ _טןגהראן, סר 3םלר, דיבר בהתרגשות רבר, על קבלת הפנים מגד. הישוב;וביחוד‭,. ‬_ציין את . היחס לחולים מ_5ד בית החולים בהינ*־ ‭., ‬גם שאר הפליטים שה‭, ^!5‬_קי . בשיחה. הניעי את הוקרתם לאנ - שי -חיפה, וקיבלו ביצת את פעולת הועד כלי. שיוכלו‭, -‬ללמ־ד את שפד-נו זלה""ת חיי י ב""ם במילית‭.. ""‬ י י ‭- :‬ למען ;יופ ח:שיפ . באס…"
1943-05-20	dav	dav19430520-01.2.29	…דיזיח םו‭_*1‬ םוח על עצמה כנושאת בעול הדאגה לאישפוז י בחיפה‭.. ‬צעד אחראי מאור, שיגביר י ודאי את ‭.. ‬האחריות של תושבי. חיפה ושל המוסדות . התומכים. הקהילה רשאית לק-וות שכל השכונות, שעד עכשיו, לא השתת&ו _בהיחזקת בית החולים יטו שי-מם מעכשייו. נקוה שגם. הממשלה והעיריח יעריכו את השרותיפ הסוציאי ליים של הקהילה ולא יתעלסו טחשתת- ‭— ?‬ פותם בתקצי…
1943-05-23	dav	dav19430523-01.2.38	"…‬ _ןלתגבורת המא‭- ;-‬ מצים לפתיחת ישער אל רוסיה. הדברים נש־ מעיו . _בהקשבה מרובה. את האסיפה פתה ונעל משה ברעם־ _עזגו את בית־ החולים • מילדי הגימנסיה ""רחביה"" בירושלים שנפצעו בש-עת הטיול, עזבו ארגעה את נית־ החולים דוטשי-לד בחיפה. ואלה הם: יונה מנדלבסקי, לאה מזרחי, שולמית קרינסקי, א. ליהו סלטה. מפכת כרירח למ_9קח מר מ. מוג. ־לניק תחנת המשטרה בעיר ר…"
1943-06-25	dav	dav19430625-01.2.50	… ל_>תזקת מיטה _פבתי־חולים ממשלתיים ־עולה _למעללז _פ־240 לירות בשבוז. דיר מ. כהן הציע _לתיבוע מהממשלה _ותיטול לרשותי. את בית־החולים העירוני בתל-אביב, נ‭0_*‬ _^_ג&_ווא _^ת ?יפו וגשם שהיא מחזיקה ?בתי חוליפ שלה בחיפה, עכו‭4', ‬כט, עזר. ועוד, או _ישלשלם את הסכום הטלא שעול י* _ליר. הח!_קת -סיטל רוקח, גי הממשלה -מפנימה לקבוע את הקצבתי. ה…
1943-12-22	dav	dav19431222-01.2.62	"…ש לבריכה נופפת ?ועד הדר הכרמל. רכש מגרש של 900 מטר מרובע, שעליו תיבנה _בריבת־מים נוספת. המגרש נמצא ברח' מונט־פיויי, מול בית החולים רוטש י לד‭"". ‬ 'שבוע גר־ ישם בטאבו על שם הועד. למען גאולת הקרקע במסיבה _#ערך הועד המקומי של הקה""ק ב""ביתנו"" _לנוטרי חיפה והסבי־ בה, הרצה א. הרצםלד על ההתישבות החדשה. אהרונ&ץ מסר שלמעלה מאלף . נוטרים בחיפה ובסביבה משתתפים כבר במפעל מס גאו?־ …"
1944-02-03	dav	dav19440203-01.2.39	"…בשפ ד. ועד הפפקח ל מחוז הגליל. רזניק, מנהל קופת חולים במחול תיפה, הביע תודה לפקידי הממשלה שגילי פאמצים למתן רשיון בניה. בית חולים זה ישמש בית אב ובית אם גם לחברי קופת־חוליפ בחיפה. ד""ר מאיי ממרכז קופת חללים ציין שרק קופת חוליט בונה בשעה זו בנינים של קבע. ראשית דאגתה של קופת חוליט היתה נתונה לילד, ב…"
1944-02-20	dav	dav19440220-01.2.56	"…המכונית מד‭''‬א העבירוהו לב-־ת התולים רוטשילד ובריר מת מפצעיי. תאונת _דרגימ עסף _גיטסמן, מכונאי ראשי _ימוסך ‭>9""‬ ־רד"" בחיפה _נסצע ברגליו נשמכיניתו תד&נה בדול לתל־אביב. דוד הכהן, שעבר במקרה במכוניתו _זגעלה הפצוע והעבירו אל בית החולים רוטשילד. יריות ופצוע קשו?בשוק הערגי המשטרה מידיעה: • בשוק העובי בקרבת תחנת המשט־ יי!המרכזית ירו בליל שבת _טמוך _ל־ ‭5 8…"
1944-04-27	dav	dav19440427-01.2.40	"… שומן. בביצוע התזמורת הפילהרמונית מלונדון בניצוחו של יוג'ין גוסנס‭5. 55. ‬ הלשות. ‭8. 00‬ תכנית ""כבק'גחד* מיוחדת לאחיות בית החולים הממשלתי בחיפה‭8, 15. ‬ ז/ד־ שור‭8. 25.. ‬ שיחה על מאורעות י _"" יוט‭8. 30. ‬ שנה ב‭. -, ‬יואף"" — _תכגית וזוגשין ע""י גשיט ארצישראליות ה…"
1944-06-21	dav	dav19440621-01.2.29	…־ גוז הםטאטיסטיקה הרפואית, שיתוף כל הגורמים בפעולית ליגיעת חירום (בתי הולים רזרביים, אספקה רפ־ ־ אית וכוי‭. (‬ ד. החזקת בית החולים בטבריה, היחידי באזור הגליל ועמק הירדן, השתתפות בהחזקת הסנטוריום לזזו־ לי ריאות של הליגה _למלוזו&מ 0שח־ פת, בהחזקת בית החולים של הקהילה העברית בחיפה ובהנהלתו, ועזרה ארגונית וכספית. למוסדות רפו- איים ‭!'‬_דני‭. 6‬ ה- עזרה רפראית למשפחת ל'חייל ווזגוטר וטיפיל רפואי בנכי …
1944-07-20	dav	dav19440720-01.2.56	"…גקשת מליחה (מנתב לטעינת) בקשר למכתב שפורסם ב""דבי* בחתימתי ובחתימת עיר חברים מעובדי ביה""ח ""עורה"" בחיפה על _חתימותינו תחת הצהרת החברים הבלתי־מפלגתיים, הנני להודיע בזה, ני לא הח' צפורה בת־גוריון עשתה את הפעולה הזאת אצלנו. ־ …"
1944-09-24	dav	dav19440924-01.2.38	…הוטלה השכר היסודי קזל עוברי גית החולים . רוטשילד' בחיטה עובדי בית החולים של ועד הקהילה היהודית בחיפה לסוגיהם השונים — אחיות, פועלים ופועלות, עובדי המשק‭9, ‬קידים בבל הדרגות — מקבלים העלאה בשכרם היסודי. זר, כעשר שנים נהוג…
1944-09-24	dav	dav19440924-01.2.38	"…. (‬טעתה יעלה המינימום ל־‭9, 5‬ והמנ־ סימום עד ‭. 17‬ בערב ראש השנה נסתיים _המשא־ומתן בענין תיקון השגר. ד""ר זיידה, מנהל בית־ החולים, והה' א. _בלופולסקי מטעם מועצת פועלי חיפה סיכמו את פרטי ההסכם, ובאפיסת כללית של העובדים אושר ההסכם 9ה אחד. דרגת היסוד של אחות מוסמכת נקבעה לפי ההסכם (בלירות, מינ…"
1944-09-24	dav	dav19440924-01.2.38	"… ההסכם, החליטה אסיפת העובדים לייסד _קופת־תגמולין של עובדי _בית־החולים, להפריש לה 5 אחו־ זיט ממשכורתם, ולדרוש מאת הנהלת _בית־ החולים שתשתתף בקופה בסכום מקביל. מזה חדשים מתנהל מו""מ על תיקון שכר העובדים ועל תוספת היוקר במוסדית צי־ בוריים ובחברות מסחריות בחיפה. בועד הקהילה קיבלו העובדים מפרעה לחשבון תיקון המשכורת ולתוספת־הותק. _תוספת־ יוקר לפקידים, לפי המכסה שנקבעה ע""י הועה‭_-'…"
1944-10-17	dav	dav19441017-01.2.70	"…שלם השלב העיקרי בעבודתה. ועדה חדשו;תיר - טב על ידי הועד הפועל של הקלילה ומתוך התחשבות בכל הגורמים הצבוריים. בענין החזקת בית החולים הובאו הצעות שונות וביניהן הצעת שיתוף הממשלה ועירית חיפה, שיתוף רחב עט קופת הולים לפתרון בעיית התוספיטליזציד, לישוב העברי בחיפה וסביבותיה. בפתיחת הישיבה אמר היו""ר, מ. ג. לוין, דברי־הספד לב. כצנלםון. בויפקד לבל פועלי העץ אגודת פועלי העץ מכריזה על ט…"
1944-10-25	dav	dav19441025-01.2.52	"…. י ל י פ ב י ל ינ־ הותאמו משחתים הפנימיים לגידול סין במספר המיטות שבא לקני שנה, וכן הוקמו 3 ביתני־דירה לעובדים. להתקנת בית החולים החדש שלנו בחיפה על הכרמל העומד לתפתח בראשית השנה הבאה הו־ צא סכוט של 8000 לא""י. עם פתיחתו יבוא פתרון מה לשאלת האשפוז החריפה בצפון הארץ.…"
1944-12-21	dav	dav19441221-01.2.39	…רורם של העולים ממחנה עטלית. הילדים נתונים לטיפול רפואי מוגבר, לאחר שנתגלה שיש ביניהם אחדים חולי־שנית. החולים הועברו מיד לבית החולימ והבוגרים בודדו משאר הילדים. ארגון הסוחרים בחיפה שלח 400 חבילות מיני־מתיקה לילדים במחנה. הכוקר _מגחן חצו3די_0 בחיפה אין הקמל נדרש לעשות ב: פעולה. לה‭3;‬רת הבטחון גהדר הכרמל ארגון החיילים המשוחררים הרחיב את שירות השמירה. בחר־הברמל תימסר…
1944-12-24	dav	dav19441224-01.2.30	"…יטה למספר תינוקות גדיל יותר. לקראת פתיחת גית חולים בחי_9ח ל. _ב־ת שנרכש על הר־הכרמל _הי, _לך ו0ות‭1, !‬ם לתפקידו ?־אכסן בית־הול־ט כלליישקיפ""ה החליטה _לפחזת בחיפה. מחמת העיכובים מצד הדיילים באל, דחי‭?!‬ בהכנות לפתיחה. אך בשבועות האח - רונים מתנחלת העבודה בקצב מהיר וכבד נרגש 4טו>וד …"
1944-12-24	dav	dav19441224-01.2.30	"…סונל _שמוכליח לגור בביז‭- ;-‬ התילים. _למחלקה המדיצינית של קו'פ""ח עוס - קת בהרכבת פיט , _ינ1ל לבית _הח־לים העתיד, כמנהל בית החולים ורופאה הראשי >ר. יל_. ד''ר רוזנקרנץ - כיום הרופא 0ראשי נקיפ""ח בחיפה. שמונף, ש:י8 _לגית חוליג! מן הנעשה גקופת-חרלים- - מגרש ? למרפאה בשכונת • _. _התקוה* בת*א . לעת עתה נמצאת המרפאה בשכונה …"
1945-01-19	dav	dav19450119-01.2.50	… הכל מצויים בספרית האגודה למעלה מ־35 אלף ספרים. במ־ 22 מתו בדבר‭50, ‬ נרפאו החורף עקר את המחלה האחרון מבין האנשים שחלו בחיפה במחלת הדבר עזב את בית החולים ר&_גשלתי לפני יומיים. מאז ראשית ינואר לא נודעו מקרי־הבר נוספים. מזג האויר הקריר השפיע כנראה לעקירת המהלך‭., ‬ 22 אנשים …
1945-01-21	dav	dav19450121-01.2.48	"…ח י 3 ה ייפתח גי'ת חולי0 של קומת חולים גחיפה בית־חולים חדש ייפתח בבית קופת הו־ ובתשלום מלא, מעורר את חמתם של לים אשר באחוזה. לעת־עתה נעשות הכנות אחרונות, ומרכיבים את הפרסונל היפואי (העדר הפרסונל הוא העיכוב היחידי‭. (‬ בית החולים יכיל בפתיחתו 40 מיטות, והוא ישמש גרעין לבית החולים הגדול של קופת חולים ־שיוקם עם הזמן. בישיבת המועצה העירונית של קו""ח בחיפה דובר על המצב הקשה באישפוז חולים. גמאה מיטות דרושות יום־יום לחברי קופת חולים היפה. בבית החללים רוטשילד ניתנות לחברי קופת חולים רק 30 מיטות. אני מתבייש בכך — אסר הח' ל. שמעוני שחולי עיריגו צריכים לנוד על פני כל הארץ, לעפולה, לבית החולים בילינסון א וב, ול""מולדה"" ואפילו לטבריה וכוי. אגב, גם המקום המעט השמור לחברי קל""ח נבית החולים של הקהילה בחיפה ‭"")‬רוטשילד 23_ןידי הקואופרטיבי‭;!‬תובעימ ? . . זבותמ באי כוח עשרות הפקידים השכירים בשירותי התחבורה _הקואופרטיבייס בחי־…"
1945-01-30	dav	dav19450130-01.2.24	"… אין קמע-ט גנין גדול שהוקם בעשר הש - נים האחרונות‭""_^, ‬נמליט"" לא ס""פק לו את רוב מהפרים _תחנת־הכזח של חב־ ; י ףת החשמל, בית־החולים הממשלתי. בית מעיליה' ""ב יתנו‭, ""‬בתי־הזיקוק, נמל היפי‭,, ‬בניני המשטרה, בית ‭,, ‬בוביס'י, שוק ""תלפיות‭, ""‬בניני הקריות במפרץ חיפה ויו' _יכוי. הקשיים העיקריים של ‭,, ‬נג!ליט'י הם עם ""סולל־בונה"" וי_&חלקה להטרי ביין של • . המשכיל‭, ""‬אבל קשיי הוא עם רי…"
1945-02-20	dav	dav19450220-01.2.16	…ים הקוד־ מות לרבע מיליון לילות ויותר, וזה לאתי ניצול קאכסימאלי של כל מקורות ההכנקי, הפנימיים — פסים, תשלומי חולים וכוי. בית החולים של הקהילה העברית בחיפה מסיים את שנתו בגל־עון של עשית אלפים לירות, גפ שאר בתי החולים מפסל־ דים יותר ויותר את האופי הסוציאלי של* הם. י הגיעה השע…
1945-02-21	dav	dav19450221-01.2.55	"…משפחות הנוטרים הגיעו בחר דש זה לסך 450 לירות. דורשיפ השתתפות הממשלה בהחזקת 3יה""ח "" רוטשילד"" משלחת של נציגי הישוב העברי בחיפה נתקבלה אתמול ע""י _מישל המחוז ודנה אתו בדברי מצבו של ביה""ח ‭,, ‬רוט־ שילד‭. ""‬המשלחת _ךישיו _שהממשלה תכיר בבית ההילים כבמיסד בעל השיבות צי - בורית ותשתתף בהחזקתו. במשלחת הי! מי ש…"
1945-02-21	dav	dav19450221-01.2.55	"…ית החרושת לחוט־ חשמל במפרץ חי&ה, הרים משא נבר בעבודה ונהבל קשה בגופו. יש השש לקרע בשיירי הגב ולשבר בעמלו ?שדרמ. י!_יעבר לביה""ח רוטשילד. דרישות שלום חרב בר קריקשטאנסקי (מעיני) ויהודה _ןירקשטאנסקי (מעיני) מתבקשים לפנות !קפלן. חיפה, _רחי־ יוסף ‭!51‬לפאול צו־ !ר ד""ש מקלוטיה, לפנות לא. י פרן, היפה, ־ח' יוסף ‭;57‬ . נט‭. 8. ‬ת. ובאגודות ; מחלקה לעובדי …"
1945-05-13	dav	dav19450513-01.2.40	"…כנות היהודית לכסות את ההוצאות הנוספות י ?של העזרה למגוייסים. לעולים ולהתיישבות הצעירה, הישיבה העבירה טלגרמת־ברכה להנהלת בית החולים ‭,, ‬ברמל"" בחיפה שנפתח באותו יום. הצנה _חניגית ה־300 ל _"" חייל האמיץ שוויקמחר (יום ב‭('‬ יציג . אהל"" בפעם ה־300 את ד‭,,, ‬חייל האמיץ שוי…"
1945-05-27	dav	dav19450527-01.2.35	"…1יו הנוושה 3ק38ת-חול""מ פתיחת בית החולים החדש בחיפה גידול האונלוסיה של קופ""ח והמחסור במיטות בבתי־החוליט מבריח את קופ""ח להטיל על עצמה פעם בפעם משא נופף להחזקת בתי־הילים נוס…"
1945-05-27	dav	dav19450527-01.2.35	"…־ לות רפואה י אחרים בארץ הרחיבו את מאש־ פזה שלהם רק מעט מאוד בשנות המלחמה, וגם דבר זה מגדיל את דאגת האישפו־ של קופ""ח. י בית החולים-החדש _שגפתוד בחיפהב‭8-‬ י למאי;יום הנצחין, מגיל 42 מיטות ומשמש גנית־חולים כללי לנעיקר למחלות פנימיות. נית החולים _־ _נולל גפ _מנון־רנטגן ו…"
1945-06-25	dav	dav19450625-01.2.21	"…ה חדשים והענין לא זז. בלי מלוי תביעה צודקת זו לא יובל הישוב להמשיך בהחזקת בתי חתולים שלו. בהיפר, כבר ק""מת סכנה של הקטנת בית החולים הקיים, שאיגו מספיק אפילו כוי שליש הצורך המינימאלי‭,. ‬ חולי השחפת תביעה דחופה אחרת ממחלקת הבריאות הממשלתית היא השתתפות הממשלה _באיש־ פיו חולי השחפת. כידוע עומד -ישוב להקים שני בתי חולים לחולי שחפת,…"
1945-06-25	dav	dav19450625-01.2.21	"…בנינים, וכן במחצית תקציב החזקת בתי החולים _לאהר הקמתם. הדאגה לחולי שחפת היא מחובת כל שלטון תרבותי, הממשלה מתכוננת להקים בית הולים כזה לערבים בבית לחם ו. ר‭;, ‬א חייבת להשתתף בסיפוק צורך זד, גט ליהודים. המלחמה במלריה התביעה הדחופה השלישית של הישוב לממשק"" בעניני בריאות היא _בשעח ד. _מק־ חמד_, במלריה. הארץ עומדת כעת בפני סכנת מגפת קשה ביותר של המלריה…"
1945-07-18	dav	dav19450718-01.2.73	"…גישה של _באי־כוח הישוב (י. בן־צבי, ד""ר א- קצנלסון וד""ר י. מאיר) עט מ""מ הנציג העליון מר שאו גיוס גי, השתתפי גמ ראש עירית חיפה מי ש, לוי וראש קהיי לת חיפה מר ט. ג- לוין שהביעו דרישת _לממשלה להשתתף בהחזקת בית החולים רוטשילד בחיפה. מר שאי הביע את אהדתו מר חולם עם עתונאי חיפה לרגל פתיחת הסניף של לשכת ד&ו־ דיעיז הממשק‭5;!‬ ת מ/יעד, ביקר…"
1945-08-28	dav	dav19450828-01.2.7	"… שמסרו לו, בי הטיפול הרפואי בנולי מאוריציוס החל בעצם. עוד בהיותם נאי- המשלחת הרפואית הרשמית (ד''ר _שופארט, ד""ר בז‭ להם: לבית ההוליט . הדסה"" בירושלים ‭, 7 —‬לב־ת־החולים . _דוט־&ילד"" בחיפה ‭, 18 —‬ ביה""ח ""הכרמל"" של קופ''ח בחיפה ‭, 8 —‬ לבי""ח בלומנטל בחיפה ‭, 6 —‬_ולטבריד‭—. ‬ ני""ח ע''ש _שוייצר ‭. 3 —‬ אין גם אחד שלא תלה במלריה _נלנד התולים האלה* שנלקחו טיד לטיפול‭7 >?, ‬ י…"
1945-08-31	dav	dav19450831-01.2.89	"… כל הירי ההנהלה, אלא מה־ _צ־תם. להנהלה נבחרו: י. פינגילד, י. רוזנברג, י- פלידרבויפ, ל. שמעוני, ‭. 1‬ מנשה עמנואל _לי־אק בית החולים ""רוטשילד בחיפה מת ביומ ד' בלילה מנ‭. -‬י;ת עמנואל ליזאק, שהגיע לארץ עם גולי מאוריציוס. בן ‭. 68‬מיוצ־ אי קוטנה בפולין. הובא לקבורה ביו…"
1945-09-11	dav	dav19450911-01.2.9	…ית צבאית שהסיעה פועלים ערנים בכביש עכו. המכונית התנגשה במכונית נוטעים _ו־17 מבין הפועלים נפצעו. _הפצו־ עיפ קשה נאטפו אל בית החולים הממשלתי בחיפה. _חמר3ז החקלאי מודיע: ישיבת הועדה לקליטת ילדים וגוער עולים _גמשקיפ . _־ וכן- הישיבה של ועוון־ המשנה לעניני. הציוד לנוער…
1945-09-14	dav	dav19450914-01.2.68	"…‭. . ‬ מימ הגציב העליון ממשיך בביקוריו בחיפה ובסביבה מ""ט הנציב העליון פר שאו ביקר אתמול ב־‭9. 30‬ בבוקר • בבית החולים ""רוט - שילד‭. ''‬ליוו אותו המושל מר לאו, קצין המחוז מר לבהר, מפקד משמרת חיפה קולונל ג'ימס ואחרים. תהילת ביקרי בבניו הישן, שבו נמצאת מחלקת היולדות ובית החולים הזמני לעולים חדשים, אוזר כד סרו לבנין החדש ולחדר המתים. את פגי האורחים קיבלו האדונים ש, לוי, מ- ג. לוין'י. בחרב והרופא …"
1945-10-14	dav	dav19451014-01.2.20	"…המשא שלהם ע* הר הנר3ל — נמשכת החקירה. יצא מבית-החולימ אחד השוטרים הערבים שנ0צעי כשעת שחתר המעפילים מהמחנה בעסלית עזב את בית החולים. הובאה לקבורה האשת, שנמצאה מתת במחנה בעסלית, שמה אנה יוראש, הובאה _לקנורד. בשבת י _בבית־הקברות של העדה _היוגיתי קאתולית בחיפה. ""פלשתין"" מודיע, ני לאחר שהנוצרי0 סרבו לקבור את האשה שנחנקה ג&חנר. עתלית, נקברה בנית קגרות יהודי.…"
1945-11-13	dav	dav19451113-01.2.50	"…ניים בטורי העבודה, יביאו הקלה ניכרת במרפאות. כן נעשתה פעולה להרחיב את האיש־ נורז. נוספו מיטות בביה""ת המרכזי בענזק ונפתח ביה""ח ""הכרמל"" בחיפה. כן הוגלל מספר המיטות בבתי ההבראה וחברים רבים ניהנו מהבראה _בבתי־הםרגוע של המשקים ובשני בתי המלון בצפת ומטולה. לעונת הח…"
1945-12-12	dav	dav19451212-01.2.35.4	…אים סיגה בצירת _6גיפוז ‭;:) . ‬_יי) מוכרת משפחתית, משובצת יהלומים אדומים _ולבניפ 08 פלטינה וזהב אבדה ביום בי‭10. 12, ‬ בחיפה. הגוצא הישר מתבקש להחזירה לי. גוטמן, בית החולים רוטשילד. חיפה. ויבוא על שכרו. ל5ל המעונינים א:י קונה צרי6י‭, _8‬חדשים וישניב, מנקר בכל פינות הארץ לפי הזמנה. לפנות: פתה…
1946-01-23	dav	dav19460123-01.2.44	"…. בן זאב;וכסמן ב־‭:12‬ צ. קוגל_: שמיר ב־‭:12‬ 'ע. ברלין;אבן־ספיר ב־‭:11. 30‬ מ. ברנשטין כהן. היום. סיור בהחשת ההסתדרות יחיפה — •_#ל ב""כ ועדי פועלים ‭!^‬ מביח""ר: אריץ, גרינפדד, גרז' גולדברג, הנמל, ויסוצקי, חב' החשמל, חברה לקמר, טיץ, לויךאפשטין‭?, ‬וחי. ־ לב, מספרו, "" סקוסובפקי,…"
1946-01-30	dav	dav19460130-01.2.46	…ותי נדף דית ' הזק של יין. בזמן שאסר אותי, השמיע קללות גסות מאד‭. . ‬ א. צ‭,. ‬בן ‭, 15‬אף. הוא תלמיד _בית־הספר המקצועי בחיפה, מספר: בשית ב־4 איחר . הצהרים ? עמדתי יךןך עם קבוצת נערים ליד תחנת האוטובוסים שליד בית החולים י הממשלתי בצאתנו מפעולת טפירטיבית־ י ימית בנמל. אל מקום עמידתנו הגיעה מכונית פרטית וממנה יצא קצין המשטרה בעל קומה גבוהה…
1946-03-08	dav	dav19460308-01.2.67	"…‬ להשכיר 200 מטר מרובעים מגרש בנחלת־יצחק ע""י כביש. לפנות ת. ד. ‭, 1427‬_תל־אביב ‭. _*.. ‬להשכיר חדר גם עם פנסיון בסביבת חיפה. פרטים: חיפה, ת. ד ‭_^ . 413. ‬ בית‭2, ‬ חדרים וווחיית להשכיר במרכז רעננה, לפנות לא. כוזין רעננה. _^ רוצים לשכור ביח""ו' לגזוז £ו למשקאות קלים. לפנות בל יום בין ‭*—1 — 3—5‬ לרוזנפלד, אלנבי 132 בםימטה ‭2. _*.. ‬ דירות להשכיר, למכירה דירות…"
1946-03-08	dav	dav19460308-01.2.67	"…ות, הוילות, בתים, אולמים לעסקים, פנסיונים, דירר, של 2 חדרים, תיווך, השכרה, מכירה, חילופין, אינפורמציה, התיעצות. סלומון, חיפה — אחוזה, • רח' מאפו ‭. . 2‬ מגרשים' משקים ‭. _* 1_^‬ מגרשים למבירזז. ע""י בית־ החולים "" הירקן‭""*‬ וע""י בית מזפר מקוה־ישראל"" כ""א 900 פיק (קושנים "" בודדים) מהיר: 40 גרוש הפיק, לפנות לא. פומרנץ, רח' לילינבלום…"
1946-03-24	dav	dav19460324-01.2.17	"…ות. למדות קשיי ־בנייד, והיוקר בשנות המלחמה, הגדילה קופ""ח את. בתי ההוד י ים שלה הקיימים ופתחה 3 בתי תו' לים נוספים: ‭(1‬ בית הולים כירורגי, בילינסון בי, בפתחיתקוה‭(2, ‬ בית 'וד י ־ דור, ברחובות‭(3, ‬ ובית חולים למחלות פנימיות בחיפה. מפאת מצבה התקציבי הקשה דא יכ־ לה קופ""ח להוסיף ולהרחיב אה בתי־ ־חולים שלח גם בחדשים האחרונים, 436 מיטות בבתי־חחולים שד …"
1946-03-24	dav	dav19460324-01.2.17	"…ה. מצב זה מסכן את חייהם של החולים הקשים שאינם מתקבלים לבית ההודים. 560 חולים מבין חברי קופ""ח בת""א מחכים בתור לקבלת מיטה בבית חולים ‭--‬ ואין. עירית תל־אביכ :תבעת לפע־לח דחופה ועליה דפתוה מיד מחלקות נוספות בבי הים שבודים עד הגשמת התכניות לבית• החודים החדש. 223 אקכ לירות הוציאה קופ""ת בשנה 1945 ל…"
1946-04-24	dav	dav19460424-01.2.19	…על שהסיבה שבת מנמקים את סגירתו היא — נסיעת החובשת הראשית, מרת בדאון לאנגליה. העתון מעורר את מחלקת הבריאות לקבל לידר. את בית החולים. לעתון נוחי שבית החולים יהיה סגור במשך 6 חדשים. החולים 'הוצאו ממנו. מנהל חברת הובלה נאםר על הכרחת צמינים 17 צמיגים הוחרמו , במחכני חברת הר ילה בחיפה. המנהל גאסד• כתאונת דרכיכ שכמית צבאית התנגשה באחרון של עפה במכונית של מר א, *יון _בכניש ר‭7. ‬־ אביב יחשליפ. משד, צען נ…
1946-05-13	dav	dav19460513-01.2.31	"…ת "" מצוקת המיטות"" בחיפ‭, ""‬שלא נפחרה עזד עד עתה. הבעיר. לא, תיפתר, כנראה, עד אשר יוקם המרכז הרפיאי הגדול של קופת חולים בחיפה, דוגמת בית החולים _בילייסון ליד תל־אניב _י — שיוקםלפי ההשערה על המגרש הגדול שהיה ?ו _בית־ההבראה ע""ש ברוכוב על הר הכרמל. בבית החולים ""הכרמל"" 42 מיטות, ומספר העובדים בו ‭. 22 —‬במשך השנה עברו את בית הה־לים 800 איש, שקיבלו טי - פול במשך 15 אלף ימי מחלה. …"
1946-05-27	dav	dav19460527-01.2.43	"…וש ־ארג־ן ־התנדבו עשרת הרא־ _שונ־ם — רופאים ידועים בהיפר‭;, ‬ילאדוקא מן הצעירים גיותר‭(... ‬ יתרמו מדמם ל""בנק הדפ"" שליד בית החולים רוטשילד. אין גל חשש להפרעות _ב־_^_כודה, ‭/-*‬ כאבים . לשער. ההקזה. _לת־דיע _ל־גן דוד אדום יכל‭. (3056. ‬ ישופרו הסדרים ב:מ7 _ח־פת עמילי המכס בחיפה נועדו לראיון ע: בגן מנהל הנמל. הם הגישו לקניו תלונו- . בדבר הקשיים שהם נתקלים כהב בבו־ אם לשחרר סחורות מן הנמל. סגן המנ…"
1946-05-28	dav	dav19460528-01.2.52.3	"…גתנו מר נחוכ ניר רפאלקס להולדת הנכדה — מזל טוג מועצה מקומית גבעתיים תודתנו העמוקה נתונה _למנוול וזכוחלקר, הכירורגיה עול בית־ החולים . רוטשילד"" בחיפה קי ל-ר פיי""ר' _לעלזרי ל‭""""‬ לי־ :ולסקי. לאחיות גב- לאה _קלגנוב וגב' יוג_3ד מלזיגי, לכל האחיות ךהנזטפ־יט והנזטפלות ולהנה…"
1946-06-07	dav	dav19460607-01.2.36	… שאר פעולותיה המרובות. במידת התחזקות הישוב היא מעבירה לרשותו כמה מפעלים, נהמשיכה לתמוך בחם, בגון, ביר-־החולים בתל־אביב. בית־ החולים בטבריה ובחיפה. היא עוזרת למוסדות הרפו_&ה בארץ באספקת רפואוון ומב־ שירי־רפואה, ועד הזמן האחרון היא מוסיפה לחלק לבנים וכלי־מטה לכל מוסד…
1946-06-14	dav	dav19460614-01.2.47	"…יבה תיק‭-, ‬ דוד סגל‭. _^. ‬אבול העזרות זהות ותעודת אזרחות א""י ע""ש מרדבי־מבדל כהן. להחזיר לרח' דניאל 3 או לסניף . דבר* בחיפה‭. _*.. ‬אבד שיק מסי 13519 מילט ‭10. 5. 46‬ המשיך ע""י בית החולים המרכזי, בעמק יזרעאל, על בנק הלואה וחסכון — עפולה, לפקודת גאולה קופלים, על סך ‭37, 589‬ לא""י. בזד, השיק ד, נ""ל בטל למנלט…"
1946-07-05	dav	dav19460705-01.2.49	"…ור של ר""ר א. קצנלסון‭0, ‬נהל מחלקת הבריאות של ל1_־עד הלאומי וד""ר יוסף מאיר. ה_&נהל הרפואי של קופת־ התולים של ההסתדרות — לבית החולים _הממשלתי בחיפה. פצועי מאורעות השבוע אינם פט. הם בשלחו לבתי־חולים צבאיים, והמשלחת _הרסואית תשתדל לבקר אותם היום. בבית החולים ראתה המשלח…"
1946-07-22	dav	dav19460722-01.2.40	"…ח פ ה בית-חולים גדול יוקם במעלה־הכרנזל במסיבת עתונאים. שנערכה אתמול לפני ? הצהרים בחיפה' הודיע ד''ר ב. הירשוביץ1 (מ_^הל ""אסותא"" בת""א‭, (‬כי הוא מקים בחי - פה בית חולים פרטי גדול ‭150)‬ מיטות) על ‭1;‬ שטח של …"
1946-07-22	dav	dav19460722-01.2.40	"… גיש למפקח על ד. ר. _יע. שיה הכבדה ירושלים עד 9 לאוגוסט ‭. 1946‬פרטים — בלשכה. פגישת. המוכתרים של הישוביט העבריים במחוז חיפה ש:_לע7ר לה. תחק_1ת שט על השכלולים האחרונים _בבגין בתי־חולים. בית החולים ""אלישע"" יקל בהרבה על 0צב _האישפה בחיפה. לפי הערכה זהירה יש צורר ב־200 מיטות, כדי לספק את הצו־ 1 רך בחיפה של היום, בלי לקחת בחשבון את ? גידולה של העיר. ואין _0פק, כי בית חולים פרטי יוריד מן המעמסה המוטלת על בתי־ החולים הצבודיים, של ועד הקהילה ושל קופת חולים. 30 מניות, בגות אלף לירות כל אחת, _תה…"
1946-07-29	dav	dav19460729-01.2.58	"…באקדח תבע טמנה כפף. מחמוד נאסר, _ומהיפוש שנערך בביתו בתוך הכפר _בגיגוא _אקדח טעון כמון _באיכה. 7 לי י* מרדכי ק_73_כיקו3 מבית החולים _הממשלתי בחיפה יצא, _־ אתגול הלויתו של מרדכי _קפלגיקוב, חבר גרעין עין ־הכפיץ שטבע _בהתרחצו בשבת ליד _משג־י־ה־ט. בן ‭, 23‬עלה לארץ לפני מלשים אחלים. _עמירמ _סזזגיאק החליט הילד עמירפ, שנפצע עם אמו ברחוב הרצל לאחר ההפגנה, החלים ואתמול עזב את בית החולים ""רוטשילד‭. ""‬ _תור;יה. גית־קרקחח' ""ה חלוץ"" ' רה' החלוץ ‭. 1 ‬ _ונשמרתם לנ3שותיג‭13‬ מן הועדה להיגיינה מקצועית של מועצת פועלי חיפה מבקשים אותנ_?לפרסם אזהרה לפועלים — להיזהר עתה, בחושי הקיץ, ?מפצעיס, שריטות, לקירות וכוי. הרשימות של _קופת־חולים מראות ע…"
1946-09-12	dav	dav19460912-01.2.62	"…טלאנד. הי_8ב לקוגי _הפצועימ שני החברים שנפצעו בכיוונים בחיפוש שהיה. בשוות־ים_, אברהם מאטלר ופרץ שונינו ‭-_^‬ היו בטיפול בבית החולים הממשלתי בחיפה. אתמול , הוטנ _מצב‭, _6‬ והם יצאו את בית החולים. ן _"" ה_&_לף דור־ תסחייפ היומ י ‭^"" ""‬־12 דוד *י צל פעמ יו יןי""עקה של מ…"
1946-09-20	dav	dav19460920-01.2.65	…נפתח ביית ספר לאחיות ליד בית החולים רוטשילד של ועד הק־ הלה בחיפה נפתח בית ספר לאחיות — מוסד הדרוש לחיפה ומוסדותיה _הרפואיים מזה שנים. קשיי־התקציבים העמידו את ביר. הספר בראשיתו על מספר מצומצם של מתלמדות. אולם ההנהלה ולעד הקה…
1946-10-02	dav	dav19461002-01.2.4	…כך שהישוב בכללו, פיט לקופת חולים של ההסתדרות ועירית _תל־אגיב, אינו ממלא את חובתו מבחינת סיפוק הצרכים לבריאותו של העולה. בית החולים של מקהלה בחיפה לא זו :לבד שהוא תובע את כיסוי הקרן להוצאות העילה החולה, אלא לעתים _0ף למעלה מזה, התקציב הוא לפי שעה בן 46 אלף לירות לשנ…
1946-10-23	dav	dav19461023-01.2.41	"… _ערסלאן מהלבנון. יצא לחופשת קצין המחוז מר א, ד. לבהר. במקומו בא קצין המחוז בר י. ברגמן. על מחיר יום המחלה לעולים חדשים בבית חולים ""רוט־ "" ילד"" ביה החולים רוטשילד בחיפה מכחיש את הידיעה שלפיד. משימים העולים החדשים דמי מחלה בשיעור העולה על מחיר יום המחלה בבית החולים. בשנת 1941 עלה יום מחלד…"
1946-10-23	dav	dav19461023-01.2.41	"…ולה שילם ג133 מיל. מספר ר_&וליגז החרשים ששכבו בכית החולים עלר, _מ־322 ?בשנות ‭1941/45‬ ל־3077 בשנות ‭. 1945/46‬ סופרנו בחיפה מעיר: למן חודש אפריל שנח זו משלמים העוליג והמעפילים בבית החולים ""רוט - שילד"" ‭1. 800‬ מיל געו ? כל יוס מחלה, _ז־16 לירות בעד ליוה, בלומר, תעריף העולים הוא התעריף הרגיל — ללא כל הנחות.…"
1946-12-03	dav	dav19461203-01.2.48	"…ופיסור משנת 1930 באוניברסיטת שלא מן המנין וירצברג_, ומשנת ‭—*1936‬ פרופ' מז המנין באוניברסיטה של קושטא. ב־1943 השת־ קע בחיפה. ר . מחלקה נמצ-את - לפי שעה-בסניף של בית החולים, בהדר הכרמל. ע0 מת פתחותה תיעבר המחלקה לבית החולים עצ ייכנה מעון־ילדים כגפר-עטה להסתדרות ע""י המועל הפיגרש, שניתן עצה המקומית בכפר עטה, _יוקפ טעה־ ילדים. ארגון אמהות עובדו…"
1946-12-06	dav	dav19461206-01.2.54	"… של הישוב אל גידולם הכללי של־ האוכלוסים העבריים בארצני: מטות לרשות הישוב העברי _בתיהח־ו חישוב ב, הדסה* ב, הדםה"" ב""הדסה"" בי""ח שוויצר ט""ה של השנה: העברי: תל־אביב ירושלים חיפה טבריה ־־ _ןופ''וז ‭307 346 600000 1946 153 240 360000 1935‬ אם בזכור כי גפ בשנת ‭935‬נ שרר טח־ סור גדול כמטות בבת' החול…"
1946-12-06	dav	dav19461206-01.2.54	…אלד. סומנו ק־־ב לדמותו של בית ה ־ולים בעתיד. *ת המעבר ס?הארעי אל הקנע למן המקרי אל השיטתי בתחום _האישפוז סימל ייסודו שי בית החולים המיכזי לעמק יזרעאל בעפולה בשלהי ‭. 1929‬ נימים ההם היה עמקייזרע_&ל טבורם של עשרות ישובים עניייים בעמק־הירין _ובפרברי חיפה. צנור הפועלים בחיטי, גופזו היה קטן, וטבעי היה שבית־החו־ לים היאשץ של קופת־ףזלים ייבנה ויכון במרכזו של עמק יזרעאל. חנוכת…
1946-12-06	dav	dav19461206-01.2.54	"… עם געץב לנפשו לחלוטין. שום מר סד צבורי לא הראה שמץ דאגה לאיכסון מאות ־חילים המצפים למטה גבית־חר לים—ואין. לא ייאמן כי בחיפה או בס־ ביבה אין עד היום טחלקה פנימית בבית חולים יהודי. לא ראינו את עצ8ני רשאים לחשוף את צבוינו לסכי־ת ונרתמנו גם ‭8'‬ם 7מאמץ: פתחנו _בית־חולים של 42 מטות. רובן ל&חלית ם:ימיוח ומיעוטן למקצועות _אחריט_, ובד הונח "" -סיד לבית _יווליט גליל _העיןיד ל_?וט בצפונה של נון, ומהם תצא ותתפשט העבידה היפואית בשנים הקרובות: בית־החולים בעמק יזרעאל — לעמקים ולגליל!_גיגז החולים בחיפה — לחיפה _ובבתיה ולשומרון־ בית חולים בילינםץ — ליהודי?ולשרון. וזו התכנית שהותוותה לכי "" ""ח געטק התכל־ת היא _להרח־ג את ניהר""ו על …"
1946-12-06	dav	dav19461206-01.2.54	"…‬ תלמידות, וגבר עוסקים בעריכת התכניות. התכנית מביאה ב""שבץ הכפלת הישוב העברי גע2ק יזרעאל ובעמק הירדן' לנל הנבנה עתה בשטח ביהח-ו עשוי לפי הקווים של התכנית הגדולה. עם פתיחת ביהח-ו . הכרמל"" בחיפה הונחו אריחים ר&שינ-ם לביח‭''‬ו ־ יזסון הא־ רץ. פרטי התכנית לביח""ו רחב־טידית בא־ זור זה עדיין טעונים ליבון רב. ולפי שעה …"
1946-12-08	dav	dav19461208-01.2.4	"… רביפ ג'הקהל יצאו לרחוב, לאחל כמה רגי עיט _חתחר_&ה קקצגמ. תשע"" השורים ?לאגזרון 9 צעירים מתל־אביב נעצרי לפני ימים אתרים בחיפה כחשודים בהשתייכות לקי בוצת א‭.. |^‬ז1ם נ""־ונו באופן אדמיניסט־ ראטיבי י למאסר שנח וך'ועבל. ללאטרין. נולדו בעתלית בבית החולים ""מולדה"" בהי הכרמל הוחגו מום ו' ובשבת שליש . בריתות"" של יללי. _מעפיליט דמצא. י0 בעתלית. ‭;, ‬…"
1946-12-20	dav	dav19461220-01.2.80	…רת בשיחה _לבירבוחנו: אבי יושב בארץ 26 שנים, אני נולדתי כאן. אבי כתב ספר מדעי על _מחלות ותרופות. בעזרת המיסיון הקים אבי בחיפה בית־ חולים. שבמשך כל השנים רפא אנשים רכים ללא הבדל דת ועם. כשהכריז־, איטליה מלחמה על _בגות וזברית, נעצרו גל בני משפחתי ובתור שבויי…
1947-02-12	dav	dav19470212-01.2.6	"…המעפיל האלמוני הובא לקברות המעפיל שנפצע ומת בהתקפת חצי. על ספינת המעפילים ‭,, ‬לנגב"" הובא לקברות ?אתמול. קהילת חיפה הזמינה את הצבור . להשתתף בהלויה. _בי10 לפני הצהרים נתאספו לפני בית־החולים : הממשלתי בבת־גלים משלחות מטעם הסוכנות היהודית, הקהילה ־עברית בחיפה, מועצת פועלי היפה ומוסדות אחרים. הסטודנטים בטנניון …"
1947-02-19	dav	dav19470219-01.2.68	"… שמחיר הספר ""עברי ""מוזרות לישוב הסכסוך עפ בעלי הדפוס. בנין ובו טעון לילדי המגוייםים ובית החייל העברי, יוקם במעלה הכרמל בחיפה טול בית החולים רוטשילד. היזמה יצאה מארגון נשי החיילים ומאת יחידות המתנדבים, שהכניסו את הסכום הראשון. המגרש ניתן על ידי ועד הדר הכרמל. …"
1947-03-13	dav	dav19470313-01.2.31	"…לצפק ה בדפנה!אל דאגה, אצלנו הכל בסדר. דואגים לן. נשיקות מנרגח'לה, משפחות נחוט _הלוי‭,. ‬ _סינין פ""ת. למאיר בחדרה. למשה בחיפה, לקרובי המשפחה באשר הם. אמא יצאה יאת בית החולים ונמצאת בדירתי יהושע, קרית 8איר 3…"
1947-03-31	dav	dav19470331-01.2.38	"…קי בן ‭. 62‬מפועלי בית החרושת ""עמק טכסטיל"" ברמת־ישי. אורג ותיק מיוצא־ ביאליסטוק. מת פתאום בנוה שאנן, היפה. הובא לקברות בחיפה ביום א‭. '‬בין המל־ וינ_) — יביט מפועלי בית החרושת ברמת־ ישי. הניח אשד, ובת נשואה. _נ_^טחדרוקר ‭____‬ בן 49 מת בשבת בבית החולים המרכזי בעמק אהרי מחלה ממושכת. הובא לקברות במוצאי שבת בכפר יהושע. עלה לארץ _גגשפטובקה לפני 26 שנים, ממייסדי בפר להושע, ה…"
1947-04-16	dav	dav19470416-01.2.90.2	"… • ‭. _. ‬• ‭_*' ]‬ י ‭?. . ? . ‬ ברמז להולדת ‭80‬ח-ליהר־י‭; :. ‬ ‭_50 ?‬ת ‭. *‬ע&רי 1 ביקה 1אהו־ן ק31ריק חובקים בן _"" _ביה־ח בילנסון ל‭15. 4. 4 ‬ וו לכל ועלות התרגות גאזור דוגלכע גיוס זז8י9י ‭17. 4. 47‬ בשעה ‭-1‬אהה‭—*''‬ישיב־ דחופה בבית _שטורמן. ועדת התרכות האזורית…"
1947-04-28	dav	dav19470428-01.2.28	…חשבון התיקונים בדרגת־ השבר) — מחייג גם מוסדות צבור אח־ ריט, _שמשכורת העובדים בהם צמודח לדרגת הסובבות. ועד סניף הפקידים בחיפה טיבם את הפעולה ואת 60 האחוזים קבלו עובדי ועד -קהלה, בית החולים רוטשילד. ועדי השכונות (הרד הכרמל, _נוה־שאנן, בת־גלים, הר־הכרמל, קרית־ ביאליק‭. (‬ומוסדות אחרים. ששים שנה לי. ליפשיץ איש…
1947-04-28	dav	dav19470428-01.2.28	"…וציאו — התחלק ונפל. תאונת דרכים ליד נשר התנגשה מכונית צבאית באופנוע. יהווה ושמחת פסובסקי שרכבו על האוםנוע נסצעו והועברו לבית החולים וו88_שלתי בחיפה. כמ‭. 9. ‬ה. ובאגודות תערוכת ההסתדרות בביתנו- . תינעל העיב. התערוכה תהי "" ה פתוחה היום משעות ‭. 10—3, 1—8‬ בקורסים לערב…"
1947-05-14	dav	dav19470514-01.2.22	"…חלקי גויה גט3או בחיפה שתי ידים ישתי רגלים נט, צאו שלשום ע""י פועלי _גקיון ערביים בחלק המזרחי של חיפה. חלקי גוף אלה הועברו לחדר _המתיפ של ביה''ח _המשלתי. מתנהלת הקידה. כמה אסירים עודם חפשים (לפ""ט) המספר. הכללי של האסירים הערביפ שנמלטו מבית הסוהר בעכו ועודם חפשימ ה…"
1947-05-19	dav	dav19470519-01.2.81	"…יוליום שטקלמאכר קיבל זעזוע מוח והמהנדס בירגמן (מקרית שטאנד) נפצע פצעים קלים, אולם אבר את הכרתו. שני אלה הועברו ע""י מו""א לביח‭''‬ח רוטשילד. מעשה 3תי;וק ש:ח8_ף ל0ני עשרה ימים נדוטף תייוק של ערביה ממחלקת היולדות של בית־החולים הממשלתי בחיפה. לפי מכתב אנונימי שנתקבל במשטרה נמצא התינוק אצל ערביה. תרמאת רסאן, בואדי רר*מיה בחיפה. הערבית נעצרה ובמשטרה טענה שהתינו…"
1947-05-20	dav	dav19470520-01.2.19	"… _ייגןגעו ע""י ועדות חשגיתה ויצוידו גתעודות מתאימות. . זעוי הפועלים והפקידים מעובדי הצבא התכנסו אחמול באולם ""ביתנו‭"". ‬ בחיפה. נמסר דו'יח על הגנות לשביתת האזהרה שנועדה להיום. באסיפה נמסר שבל העוב־ דים דרונים לקראת השביתה ‭.. ‬לפי בקשת ההנהלה של בית החולים הצבאי בחיפה הורשה למספר עובדים לבוא לעבודה היום. נן הותרה העבודה למספר _מצומצם של . עובדים הממלאים ח&קילים מייהןיפנמה ק…"
1947-06-11	dav	dav19470611-01.2.73	"…ק8נווי _ידיע!וומן חאךץ _ י ‭""""‬ל לא_31ל, רופא ששרת בשנות . המלחמה בצבא הבריטי, נתמנ* . סגן מנהל ביה''ח הממשלתי בחיפה. יצהלן _גליכטון, מזכיר י משטרת אזור רחובות, הועלה בדרגה. כ3_ית הלין _הצגאי ב-רושליס החל להתברר אתמול דינו ש7 אפריפ מיכא…"
1947-06-18	dav	dav19470618-01.2.43	"…העולים החדשים. האכסון ב""בתי חלוצים"" הוא שיסד, הדשה של קליטת עולים. בכמה מושבות קיימים -ר. כבר מוסדות־קליטה כאלד‭., ‬גם בחיפה ע-מדים לייסד _"" בית חלוצים‭, ''‬שמטרתו להשכיח מלב העולה החדש את חיי המון־ נד, ולעודד יו שוב הרגשת־ביח. לכבוד ר- מרד3י אזרחי נימים אלד, ימלאו 85 שנד, לד' מרדכי אזרחי (קרישבסקי) ו־50 שנח לעליתו לא־ רץ. אמן פדגוג, מהראשונים …"
1947-06-18	dav	dav19470618-01.2.43	"… הטוב — ב־‭12. 30‬ בביה''ר בלום;ה. _יוסמן. מפעל לפועל — (רשמי הוי מבית הכפר לפעילי ההסתדרות) _ב־12 בהמלהים;גדעון נקריץ (חיפה‭!(‬בביח''ר ליבר: ש, רטהיכר (ת""א‭;(‬ ביהל: י. רוט (חיפה‭:(‬ במגן צ'טווד: י. _שיייאר (ת""א‭((‬ בביח""רגרינפלד: א. בוש־ די (ירושלים‭!(‬נ־‭12. 30‬ ביחלומי בוכרה; משה סולץ. פרקי אמנות י־12 בביח""ר סי־ ניבר: צ. קוגל;_בסולל־בו…"
1947-07-15	dav	dav19470715-01.2.40	… ומ. מגן. רגשו את השקל > צו ה'טעה להגביר את כוחה של ד, הס־ תדרות הציונית. אץ מקרי דבר נוקפימ שגי חולי דבר עזבו אתמול את בית־ החולים. נשארו עוד עשרה, ומצבט מגיח את הדעת, זר, ששד, ימים לא היה מקרה דבר נוסף בחיפה. _היוט משפטל של י_3חק _כוזגליו בבית הדין הצבאי בחיפה יתחיל היומ להתברר משסטו של יצחק בוזגליו, בן 20 מהיפה, הנאשם בנשיאת פצצה ב־20 במארס. הפצצה התפוצצה אן בידי־ ברחוב םירקין…
1947-08-01	dav	dav19470801-01.2.63	…יחסים בין החיילים לבין החושבים ?הרשאים החיילים בנסיבות כאלה להתגרות בצעירים יהודים! מעשה כעקרת לפני השופט כליל עבושי י בחיפה הובאה ערביה צעירה באשמת גניבת תינוק מבית החולים הממשלתי בחיפה. בחקירה נתגלתה שוב תמונה מענינת ניהוי החיים הערביים. הנאשמת — חיכמאת קאסם, בת ‭, 22‬נישאה לפני 5 שנים למו…
1947-08-13	dav	dav19470813-01.2.43	"…ועצה המקומית. _טיפופ בכפר ערבי בכפר כפרין, בסביבות זכרוךיעקב. פרצי. מגפת טיפוס‭25. ‬ מאנשי הכפר הועברו למחלקה מיוחדת של בית החולים הממשלתי בחיפה. על הכפר הוטל הסגר. זכר""ן־יעקב. הערב במפלגת פועלי ארז ישראל, י. נצני: המועצה ודיוניה, כפר-אז""ר. באגודת שוחרי _האיניבר־ …"
1947-08-15	dav	dav19470815-01.2.72	"…וחות צבא הקיפו את שכינת אבי־ כביר וערבו בה חיפושים. כמה ערכים שלא צייתו לפקודות החיילים נפצעו ביריות החיילים והועברו אל ביהח'ץ הממשלתי ביפו, כן הובאו אל בית החל־ ע ו ל י 3 באניה ""קדמה"" באי אתמול 172 נוסעים. מה‭15 0‬ ארצישראליים חוזרים ושלושה תיירים. לתל-אניב יצאו 34 איש' לחיפה ‭, 21‬לירושלים 4י לקינוציס ‭, 20‬למושבות, ‭, 11‬ן&ח־ 18 יצאו . לחברות עלית הנועד, ‭— 34‬ לבתי עוליםק9י_8ו!ו_^_ףליפ _וזי…"
1947-08-17	dav	dav19470817-01.2.34	"…_^_ביתת־ר‭55 _^ 3_^‬ חוזיות ביופ ך- מן הבוקר הוזלו ולאחיות של בית ההוליפ הממשלתי בחיפה בשביתת רעב. הי הודיעו להנהלת ביח""ח, כי -יעדן זה בא כתגובה על האוכל הרע, שמ - גישים להן. זה מגב‭-, ‬ דורשות האחיות את שי…"
1947-08-17	dav	dav19470817-01.2.34	"…_וההתפוצצות _שאירעה במנונית טכסי בשבוע שעבר . ביום א' בפינת הרחובות _הלצל־ביאליק בהדר־הכרמל נפצע כידוע צעיף אחד, שהועמד לנית החולים ""ר וטשילד"" ושם נקטעה לן ידו תימנית. גיוס ת' ה1ע‭3-‬ר הפצוע, ששמו ס. שה כקן, לבית החולים הממשלתי בחיפה. _ביומ ד הוציא _עלע השופט ד""ר _רווגצוויג _טקודת־ מעצר לשבועיים. גן נעצר לשבועיים חיים אקאייזן _סתל־אביב, שנאסר ז‭_\1. ‬…"
1947-08-17	dav	dav19470817-01.2.34	"…אלדי בקרית מדוש 11 שו‭_3§‬ז יצא לתת פקודת _מע3ר ? בלוית קצין המשטרה זקס, יצא ביום ו' שופט חשלום . הראשי ד""ר דל""צויו. אל בית החולים הממשלתי בחיפה כדי להוציא פקודת מאטד ל־15 יום נגד הצעיר שנפצע בטכסי שבו התפוצצת פצצה בהדר הכרמל. כז, כור, סירב הפצוע מלמסור את שמו. או…"
1947-08-19	dav	dav19470819-01.2.41	…3לתי רגילה תאונה לא רגילה אירעה ברכבת בשבת בקרבת עכו. נגבה עלי והאגן נפצעה ק שה על ידי הרכבת בק''מ ‭19. 350‬ והועברה אל בית החולים הממשלתי בחיפה. משהגיעה הרכבת אל התחנה הקרובה בטנשיה, הרגישו בילדה בת שנה וחצי פצועה אנוש ומונחת כחזית הקטר. היא הועברה לנית־ החולים ה…
1947-08-19	dav	dav19470819-01.2.41	… באפ נזרקה הילדה אל החלק הקדמי של הקטר מבלי שאיש הרגיש בבד. מי היא? נערה, בת ‭, 16‬שלא זוהתה, נפגעה על ידי מכונית בכביש חיפה — עכו בקילו־ מטר ‭-116‬ בבית־החולים הממשלתי בחיפה, מתה מפצעיה. הועלת גדרגה קצין מחוז חיפה מר י. ברגמן. הועלה לדרגת קצין _אדמיניסטרטיבי סוג א‭'. ‬ נדקר _גגי…
1947-08-27	dav	dav19470827-01.2.67	"… יהודים י _עצר ו_5י_3ח להתאגד ; ל. ל‭,. ‬בן ‭, 54‬נעצר בהדרה על ידי ־משטרה, כחשוד בהוצאת כסף במרמה. בדרך לתחנת _הגשסרה בחיפה, פנ־ אל _בית־חכבוד ד_&יבודי ברחבת חמדה ושם ניסה לשלוח יד בנפשו _בסגין גילוח. הועבר לנית־ההולים הממשלתי- נהיפה. הוצאה נגדו פקודת מעצר על _נסיון _התנכלות. . ‭. . ‬ מנזרים* ‭. -‬תגוא מהר טטשרד -הלל _ושות""' מודיעים, כי…"
1947-08-27	dav	dav19470827-01.2.67	"…מרקחת רפב""ס — ארלווורוב ‭. 29 ‬ אסכרה _גסביבלת חי3ה מעכו. מנצרת ז8ט8נטורה הל-יא י השבר! ילדים _חולי־אסכריי (דיפטרי־) אל בית־ החולים הממשלתי בחיפה. אחד מהם תינוק בן 6 חדשים, מנצרת, מת. בקשי לזה מודיעים- כי המצב בשכונות היהודיות של ד, י0ד, אינו מעורר דאגה. ‭,, ‬גית _…"
1947-09-01	dav	dav19470901-01.2.30	"… ‭1 111‬ר_^ תאונת _ררגימ אסלים שדמן בן 23 מקרית חיים המערבית נסע אתמול על אופנוע לעבודה ונפצע. הועבר על ידי מ. ד. א. אל בית־ החולים רוטשילד בחיפה. נקבע שבר ביד. שדדו נ5פי מתים שודדים מוויינים חדרו במוצ""ש אל בית העלמין החדש בחיפה ושדדו חפצים שונים וכלי עבודה מחדר המתים ומהמתסן לאחר שאיימו על השומר בנשק. הנזק נערך ב־150 לירות. כמ9לטת, _כארטניט ובמו…"
1947-09-10	dav	dav19470910-01.2.63	…ערבי קילומטר אחד מדרום לחדרה. מעוצם ההתנגשות נהפכו ‭' ;‬ _גתי המכוניות. ישני חיילים ושתי חיילות־ נפצעו / קשה והועברו אל בית החולים הצי באי בחיפה. אחת החיילות מתה מפצעיה. י מצב השאר — קשה. גט נח;המכונית העל'נית נפצע והועבר אל בית החולים \ הממשלתי • משטית חדלה חוקרת…
1947-09-26	dav	dav19470926-01.2.62	"…_מגויי6י‭3 8‬חי3ח ןןאייה ""ארגנטינה"" שצריכת היתה לע מהנהלת _הגעון לילדי מגוייסים מודיעים לנו: ־ בפברואר השנה הונחה בקרגת בית החולים ""רוטשילד"" *בךה8יגה למעון לילדי _מגןייסים _בחי_9ה. בקומת־הקרקע של הבנין •היה _גן־ילדיט. בקומה א' אולם גדול, לזכר הפעולה של ארגון נשי החיילים בחיפה ולזכר חברות הארגון שמתו והחיי־ לים שנפלו ונשותיהם נתאלמנו, בקומה השניה והשלישית יהיה מעון יום לילדים (מ־7 בבוקר עד 7 בע…"
1947-10-17	dav	dav19471017-01.2.114	"…ן"" _' מחר ייכרה לו קבר באדמה זו, אשר על כמיהתו אליה נפל. ושוב עבר יום וחבורות אבלים מוכי האסון עמדו קודרים ואומללים ליד בית־החולים הממשלתי בחיפה, שעות מעטות לאחר שקול הנפץ העז הרעיש את העיר, הנמה עדיין ישנתה. בני שלוש העדות היו האבלים, מאמיני שלוש הדתות. שונים כל־…"
1947-10-28	dav	dav19471028-01.2.43.3	"…נו הותיקים חלוצי ובוני נחרים ‭_^ 1‬ דזדספקטוד ושלום קפלן ןןי ברמת חנזות לרגל העברתם לתפקידים ‭. . . [)!‬ . ־ . . חדשים בחיפה. 111 י יי :במקלם נשף פרידה חרמנו 10 לא""ילקה""ק‭.. ‬ . ‭.... ‬ועד וצבור העובדים, נהיים ? ו‭, . :. !‬לחבל-הוטד . המנהל. של בית החולים י . . רוטשילד'־בחיפה והעסק!הצבורי‭- ... :.. :. -. . - . -‬רב הפעלים הד""ר ברוך _ניסנבוים ורעיונו : . •־ . ברמתינוהלבביות…"
1947-10-28	dav	dav19471028-01.2.43.3	"… . . -‬ ‭""""‬י •־‭? . :‬ ־ ‭?? . : -?-??? -. ‬ ?הועד־המבהל, ההנ‭_*1‬ה, הפרסונל'יארגון ‭:. ; ?‬ • הרופאים ווער העובדים של בית החולים ‭:,, /‬ ־‭:... . _""_- .. ‬ . רוטשילד- והמרפאה בחיפה ‭//‬י לידידי גבין שור בגבעת והשלושה ‭?? . —‬• ""ייי‭1""‬י יי ‭... : --|[ ? ""‬ב? רכתי להולדת> ‭5 ?‬ן ‭"" .. ? ?? ? ?? -: //…"
1947-11-07	dav	dav19471107-01.2.62	"…אוי לעניים הנזק קיפ _לביודח הממשלתי המצב בבית החולים הממשלתי שימש נושא. חשוב. בישיבת בית הדין המחוזי בחיפה. י השופט המחוזי חליל שחאדה ביקר קשה את הסדרים בביהח""ו בהיפה, ותוכחתו שימשה להקלת ענשו של _נאשט־כרצח. והמעשה כך היה‭, :‬…"
1947-11-07	dav	dav19471107-01.2.62	"…אשוואן בבקבוק בראשו ואף דקי אותו בסכין. המכה עצמו נדהם ממה שעשה, והסגיר את עצמו למשטרה. בינתים — והפצוע י יאשוואן הועבר לביהח""ו הממשלתי בחיפה, ואחר שבועיים יצא משם. עביו עוד שבועות אחדים, ופצעיו נסתחו ש_*_יב _ווןעלו מוגלה, ואו הביאוהו "" לבית החוליים בשנית, ושם …"
1947-11-07	dav	dav19471107-01.2.62	"…ונשו של הנאשם. הוא ציין בפסק הדין, כי בששת השבועות האחרונים זה 5ו המקיה השני, _שפצועים נטרדו מהעולם בגלל הרשלנות השוררת בבית החולים הממשלתי בחיפה. הטיפול בעגיים, שאי1מ משלמים — אי1ו משביע • וצץ. את החולים מוציאים מביהח""ובטרם הבריאו כראוי, וכך _גגר־ מיט סיבוכים־ לפצ…"
1947-11-16	dav	dav19471116-01.2.39	"… ] בתי הקפה הודיעו שרק אם הארגון יוותר על יום המנוחה ביום ו‭, '‬יזמינו גם הם י מנגנים. קרוב ל־40 חברים הם מחוסרי עבודה נחיפה, גם נתל־אייב הורע מצב העבודה. י בישיבת הועד נידונה הפעולה לקראת . חתימת חוזה קולקטיבי לעונה החדשה. א3_ן פינח לבית חולים ער2י _צכורי ראשון אבן פינה לבית חולים ביפו הונח ביום ר (ראש השנה המוסלמית) — ע""י אגו!דת החסר המוסלמית שבראשה עומר חשו־ פט ו עזיז דאודי. בחגיגה השתתפו כמה קונ…"
1947-12-09	dav	dav19471209-01.2.35	"…ין חרוד) וכו‭, '‬כניסה למחצ־ בת . נשר‭. ''‬עבודות הסבלות בנמל היפה. עבודות שיכון נרחבות בת''א, קרית ~ עבודה, קרית חיים, בית החולים הממשלתי בחיפה. הקמת נ8ל ת""א בשיתוף המש־ רד הקבלני ו0ולל בונה וקפט. קלוד גרינבלט. עבודות במצרים (בשות5ות עס קבלן מצרי‭. (‬גדר התיל בצפ…"
1947-12-10	dav	dav19471210-01.2.26	"…גנה רדפו אחרי הגנבים וארבו לחט. הגנבים הצליחו להמלט מידי אנשי ההגנה. אבל את הפרות השאירו ומן הוחזרו לבעליהן. שוטר נהרג בחיפה (למ""מ) ב־‭8. 30‬ בערב נורה שוטר צבאי נריטי שנסע בג'יס, מתוך מגרש ריק ליד קפד‭_"", ‬אלדויאדו"" בכרמל המרבוי. הוא נפצע והובל לבית־החוליט הצבא/ _* _ך נדרו מת.…"
1947-12-23	dav	dav19471223-01.2.70	"…_בניני־צבור מוקמים בחיפה הרוכא כד, יפר, הולך ונגני. גית הראשון גארץ בימים אלה התחילו בבניו _נית־חייפא, על פגרש שבין בית החולים ""רוטשילד"" לבין רה' החשמונאים בהדר הכרמל. בשלב הראשון תבני. קונלה אחת, שבה יהיו: _אולכ־הרצאות למאתים איש. אולפ־קרי־ אה. …"
1947-12-25	dav	dav19471225-01.2.44	"… 7. 45‬נפצעו 4 מהפורעים ונלקחו מן המ־ קום באמבולאנסימ של ""הסהר האדום‭. ""‬ כתגובה להתקפות על התחבורה בין הדר הכרמל ומפרץ־חיפה, יצאה אתמול בשעות הערב המוקדמות יחידת ההגנה לסביבות וארי _רושמיה. היחידה התנגשה בפורעים ופגעה לגהות בשלושה סהס. להרגו 6 _פורעיפ ודגים ל_3_־געו לבית־ההולים הממשלתי הובאו אתמול כמה ערביט שנפצעו ביריות. שנים מהם מתו בצהרים מפצעיהם. בשעה מאוחרת יותר בערב מםרו לנו ממקורות ערבייט…"
1947-12-25	dav	dav19471225-01.2.44	…בים בוולד־ היים ליד היפה שפינה ייבים אנגלימ, כמות גדולה של תחמושת ופצצות אחדות מסוג סילס. בשעה מאוחרת בלילה מודיעים לנו מבית החולים רוטשילד בחיפה. כי הפצוע מר־ טין כהן מת מפצעיו. עקר־ עציס כאילץ אור ליום ג' עקרו ערבים 100 עצים במשק _אילון (חירבת־צמח‭, (‬מזרחית לחניתה. אנשי הלגיון הערבי מהגלים אנשי הלגיון הערבי, החונים בכורתי. חיבלו _בבריכת־דגים השייכת ליהודי מחיפה. הנזק איננו גדול. הותקן?גיר* החוליס הממשלתי גהי9ד‭?!‬ מיפו הודיעו לנו אמש, כי ב־‭8, 30‬ חת־ קיפה כנופיה ערבית את בית החולים הממ־ _עלתי בחיפה. התחקפה נמשכה כחצי טעה, איש לא נפגע.…
1947-12-31	dav	dav19471231-01.2.10	…הודעת ועדת המצב כל היום רבתה ההגונה _גהיפה טפביב למאורע העגיס בנתי הזיקוק- קרו-ים ובני משפחה הצטופפו בנית החולים רוטשילד, צגא!על מערגלת _העתוניפ, שאלו במועצת פועלי חיפה וחקרו לשלום _קרזביהק. ועדת המצב שהתכנסה מיד בועד הקהילה פירסכה הודעה זו: הישוב העברי בחיפה נסער ומזועזע עד עומק הנפש סן הטבח האכזרי של 39 עובדי בתי הזיקוק היהודים אשר נטלו קרבן להשתוללות פראית של חבריהם הערבים …
1947-12-31	dav	dav19471231-01.2.10	"…הבוקר _ב־8 לאסיפה ב""ביתנו‭. _""‬ 3צ5ית על אוטוגופיפ יהודיפ שלישה מקרים של זריקת _םצנ־ות על _אוטובוסים יהודיים היו אתמול בחיפה: ג־‭3. 30‬נ — על אוטובוס כס' 3 בקרבת בית החולים _הממשלתי!_ב־‭12. 45‬ על _ז‭7!‬_קזמט מסי ‭, 6‬זנ־‭!! 4. 30‬ל ־אזקזבזס ק0י י 6 במושבה הגרמנית ‭'/_1‬־ מלון _אקיגגר. לא נפ…"
1948-01-04	dav	dav19480104-01.2.2	… הצלפים הערבים, אך לא הסתפקו בכך והמטירו אש במשך שעות על השכונות היהודיות. התקפות ערביות קשות בוצעו גם על שכונות אחרות, ביח'ד בעיר העתיקה, כולן נהדפי תוך אבדות למתקיפים. בפעולות תגמול של ההגנה הופצץ בית ששימש בסיס למתקיפי המכוניות להר הצופים. בגבולות תלי א גי כ ובחיפה נמשכו התקפות ביריות- ימי מתיחות עברו על צפת וסביבתה הקרובה. בפעולות תגמול של ההגבה נפגעו אנשי כנופיות ונהרס ביתו של אחד…
1948-01-14	dav	dav19480114-01.2.15	"…חה‭2""‬ ?ריות אל מכונית ‭,, ‬משסר ה_30_רץ‭. ""‬אהד הנוסעים נפצע קל, שתי גויות שלא זוהו בביה""ה הממשלתי כהיפה בחדר המתים של בית החולים הממשלתי בחיפה מוטלות שתי גויות, האחת נמצאה ביום ב' בערב בקרבת כפי טירה: האחרת הובאה לבית־החולים ממזרח העיר חיפה. כל מי שיווע על י ה ו ד י נעדר מתנקש לפנות לחברת קדישא בהיסה (טלפון ‭(3923‬ או אל המשרד בהדר־הכרמל, יה' הגלעד לוית מאיר…"
1948-01-14	dav	dav19480114-01.2.15	"…ועדה הלאומית הערבית לא התחשבה בדרישתם והפקידה שומרים מוסלמים בקולנוע . אמין"" ברחי יפו. _בית־חזלים :מי _לערביט ; הערבים בחיפה פתחו בית חולים זמני בשוק אל־אביאד ליד משרד האחים המוסלמים. ניים 1יי_5 של השכונה‭-. ‬ הוא עוג _אוז ז!ע‭*5‬־£ דד, שלו ורץ לעמדה הקיצונית…"
1948-01-18	dav	dav19480118-01.2.9	…מצד הכנופיות שפעלו בנשק אוטומטי, אול6 פעולת הלילה של ההגנה בוצעה בשל- ? >ות. את מספר האבירות של הערביפ קשה לקבוע בדיוק. לבית החולים הממ־ שלתי בחיפה הובאו 14 הרוגים _ו־14 פצועיו* _מוטרים בי היו עוד 2 !_זיוגי ‭; _2‬ לפחות. בערב שבת ובשבת היתה חיפה שקטה בעדך. ב־‭11. 30‬ לפני חצות בליל שבת נתקלה יחידת סיור של ההגנה בכנופיה ערבית בואדי ני6נ‭. 6‬אנשי ההגנה פגעו בכנופיה…
1948-01-18	dav	dav19480118-01.2.9	…אה ביום ה' ברגל בדרך לבלד _א־שיך. אנשי הנפר התנפלו עליה ודקרוה בסכינים עד מות. ביוט ף נמצאה הגויה והועברה להדר הגתים של בית החוליפ רוטשילד. שגתאי בלאט מת . ביום וי בחיפה. בלכתו _מקרית־ חייט ביום ב' שעבר נדרס בזדון על־ידי מכונית של הלגיון הערני. ־ מא&צי הרופאים להציל את חייו חיו לשיא והוא …
1948-01-25	dav	dav19480125-01.2.55	"…בבית החולים _הטפשלתי בחיפה _מתהלננים פור9ים חמושים כבתוך ש?ר. מ לפני -שלינה שטעית עזבו גל העלב־ דים _הימורים את בית־החולים הממשלתי בחיפה ועד עתה לא נעשו שם כל סידורי בסהון שיאפשרו. להם לחזור לעבודה. בבית־חולים זה עבדו רופאים, אחיות, _ואחיות־מתלמדות, בם""ה ב…"
1948-01-25	dav	dav19480125-01.2.55	…יות הרצחניות החדירו לתוכו הלד־רוח של טירור. שלטונות הבריאות לא שעו לאזהרות, וכאשר הרגישו העובדים. כי חייהם בסכנה — יצאו מבית־החולים. יחד אתם הוצאו החולים היהודים המועטים, שננו־ צאו שם באותם הימים. ועדת המצב בחיפה מינתה ועדה מיוה־ דת, וזו העלתה, אחרי _חק־רות נודויקות, כמה עובדות, שראוי להביאו בפני הצבורבית- החולי3ז הממשלתי פרוד בפנ…
1948-01-29	dav	dav19480129-01.2.76.2	"…ל מותה ללא עת של האחות הוותיקה / רחל בהגון-גולז""שטיין ז""'ל ומביעים את השתתפותנו הכנה בצער המשפחה השכולה‭]. ‬ ועי־ עוכרי בית החולים רוטשילד בחיפה למשפחת אבטיח- או""ה כוס תנחומים בנפול בנכם היקר ‭0 0 3 ¥$‬ על משמר המולדת. בבניו המדינה העברית תנוחמו. ארגון יוצאי אוסטר…"
1948-02-08	dav	dav19480208-01.2.18	"…יריות צלפים והת&פורנ־נגד בחיפה ביום ו' ב־‭8. 30‬ בבקר ירה צלף ערבי אל רח' השומר וסגע בנער מרדכי 8יוני, בן ‭. 10‬נפצע והועבר לביה""ח רוטשילד. אנשי ההגנה השיבו אש. אחד הצלפים הערבים בעכדה שממנה ירו אל הנער היהודי נהרג ושני נ&צע. איזודור _יונדלר נהרג ‭..…"
1948-02-08	dav	dav19480208-01.2.18	"…ושדרות הכרמל, ביום ששי אחה""צ. אחד מאנשי הכנופיות קפץ על כבש המכונית כאשר נעצרה ע""י ערבים אחרים לירה אל הנהג מקרוב. בדרך לביה""ח הממשלתי מת _גפצעיו. נ5צעה ב_3דור תועה חנה לדמן, בת 48 מדחי עקרון 19 בחיפה, נפצעה אתמול ב־11 לפני הצהרים בכיור תועה. נחבשה בבי""ח רוטשילד ונשלחה לביתה, אברהם צורי באחד הצריפים בשכונת תל""עמל הסמוכ…"
1948-02-25	dav	dav19480225-01.2.22	"… צו0יט. מה, כבד טתזן מקד 7 עוד לא גנזרתי לקרוא אח _עתוני הערב! ו ב ח י 3 ה אור ליונו ג' עברו _חייליט במרכז המסחרי הישן בחיפה, ירו לתוך בית מלאכה יהודי ומיד הסתלקו. בליל ב' נסעה מכונית צבאית בעקבות אוטובוס יהודי שעלה להד הכרמל. בקרבת בית החולים ‭,, ‬עזרה"" ירו מתוך המכונית הצבאית אל נוסעי האוטובוס. בדרך נס לא נפגע איש. קבוצה של שלושה שהיו ביניהם כנראה חייל אחד, מ…"
1948-03-07	dav	dav19480307-01.2.7	… שנ_^אל גטי, משכו־ נת בווכוב, _יצחקהנמן ויחזקאל סנ‭:-‬בורג, םמגדיאל, ואולגה קריגי מרמתיים. מצבט אינו רציני. אך הפ נשאיו בבית החולים. איחרה לבוא הסתלק הצבא מהשמירה וקברו ששה פתים בסנהדייה. ‭... ??‬ 15 אנשי כנופיה נהרגו: ? בחיפה . ־ רושם רב עשתה פעולת התגמול של אנטי ההגנה בואדי ניסנאס שמשם הותקפה נימים האחרונים התחבורה העברית ואנ־: שי הגשמי. משער…
1948-03-07	dav	dav19480307-01.2.7	"…טון התנפל עליו אספסוף והרגו במקום. האספסזף התנפל על הגויה ושדד כל מה שהיה בכיסיו של היהודי. הגויי, הועברה לחדר המתים של בית־ החולים רוטשילד. מאין בל תעודה בכיסו לא יכלו עד כה לזהותו. פוצצה קצצת-הבית (למ""ס) פצצת־חבית בת 160 ליטר ובה נפט ואמונאל נמצאה בחיפה אור ליום ו במעלה מדרגות טאנטורה, ליד בית הספו _האונלי לנערות. הצבא- פוצץ אותה. נגק_^ת חזרו המשוריינים היהודים למשקיהם. …"
1948-03-08	dav	dav19480308-01.2.40	"…פיות — מך דיע ""פלשתי‭. ""!‬ טתא‭?3‬ים ע?מותו של ראש כנופיה נכבד העתונות הערבית מלאה מודעות אבל על ראש כנופיה חשוב שנהרג בחיפה, הלויסננט התורכי, מוחמד פחי א־דיו _אורחאן, בנו של מופתי אנאטוליה. לדברי ""א־דיפאע"" נהרג האיש ביום ה' שעבר בידי אנגלים ליד בית החולים _אל־אמיו (בית חולים חדש ע''ש ה""מנהיג‭(""‬ בבכר ג'רלני. אורחאן בק היה מדייר לאנשי ""ארגון הצעירים"" בחיפה. בהלויתו השתתפו כאלפיים איש. גופתו תי…"
1948-03-17	dav	dav19480317-01.2.15	"…ברגר והוא נלקח לטיפול בקופת־חולים בקרית־חייט. מצבו אינו-קשה. הובאו לקגר ישראל שתי הגויות האלמוניות שהיו בחדר ד, מתים של בית החולים רוטשילד בחיפה, הובאו אתמול לקבר ישראל. האחת של הגבר הצעיר שנמצא בירך ת""א חיפה והשניה של אשה שגסצאה ברחוב _סטנטון בכוצאי שבת. (למ''מ) שתי מכוניות־משא _*ל חברת הנפט העיראקית בגנבו ביום גי בבוקר בחיפה…"
1948-04-19	dav	dav19480419-01.2.14	"…םהלקת־הבריאות הממשלתית יעבור לרשות הוער הלאומי ובזה מתבקשים העובדים להישאר על משמרתם. הוער הלאומי הציע לממשלה שתמסור את ביהח""ו הממשלתי בחיפה לרשות עי־ רית חיפה. מלאי של תרופות ל־6 חדשים בקשר לסידורים הנ""ל ביקש הועד הלאוי מיכי הממשלה תוסיף לקאת _נהוגאות המוסדות הללו לפחות במשך שש…"
1948-04-28	dav	dav19480428-01.2.50.4	"…^ה 2 ועד שעת 5 _אחוו''צ. נא _להגין פתקאות מתאימות ער החג התאחדות בתי החרושה לקרח הקרח . ביה'ס לאחיות ע""י ניה'יח רוטשילד חיפה הרשמת תלמידות לשנה א הנהלת בית הספר לאחיות ע""י בית החולים רוטשילד בחיפה מודיעה , בי החלה הרשמה למחזור ג' של בית _הםקד אשר ייפתח כהתחלת החודש ס2טמ3ד ש. ז. מועמדות שגמרו לא פחות מ…"
1948-05-04	dav	dav19480504-01.2.23	…!תאם לתפריטים שיירשו להציע ללקוחותיהם. בדרך זו תימנע צריכה מופרזת של צרכי מזין, הגורמת קניה מוגברת י בשוק השחור. להעגרת ביח'ח הממשלתי _גהיפח ד''ר א. _קצנלסון, מטעם מחלקת הברי - אות של היעד הלאומי, ביקר בחיפה ודן עט חעיריה והשלטונות _בדגר גורלו _של נית החולים הממשלתי העוקד להיות מועבר לעירית חיפה. הועד הלאומי הכריז על נכונותם של המוסדות היהודיים לקבל על עצמם את הטיפול גם בחולים ופצועים ערבים הנמי צאימ בבית החולים.…
1948-05-04	dav	dav19480504-01.2.23	"…בגבו באשר נורה ע""י חברו, שוטר בריטי אחר, ליד בית קפה על הר הכרמל אור ליום אתמול. השוטר הפצוע קשה הועבר ע""י מגן דוד אדום לבית החולים. התפוצצות אדירה החרידה את כל חיפה והסביבה אמש רגעים מספר לפני שעה ‭. 9‬ממקורות רשמיים נמסד שההתפוצצות אירעה איישם בים, צפונית מחיפה, מאחורי אזור המפרץ, אולם טרם נתקבלו פרטי0 על המקרה.…"
1948-06-08	dav	dav19480608-01.2.36	…שעות 3יל_, ור חוליפ ? בית החולים העירוני בחיפה מודיע, כי שעות ביקורי הקהל לחולים קבועות בכל יום בין השעות ‭4—2‬ אחר הצהרים. הקהל מתבקש לשמור על שעות הביקורים. שעות לק…
1948-06-20	dav	dav19480620-01.2.42	"…ת י . פ ה י . בית החולים הממשלתי בחיפה מתארגז מחדש בקשר _לידיעות בלתי מדויקות, שפורסמו בעתונות על גורלו של ביה''ח הממשלתי בהיפה, מביאה מחלקת הבריאות לידיעת הציבור את הדבריט הבאים: ביה""ח הממשלתי כהיסח היעבר ב־15 במ_^י לרשות עידית חיפה. מחלקת הבריאות התחייבה להשתתף לער, עתה ב־0_ל50 מהוצאות החזקת ב־הוז. הוקם ועד מנהל בראשותו של ראש העיר, בהשתתפות ב''ב מח…"
1948-06-21	dav	dav19480621-01.2.48	"…ריה, כי ה""נטל"" שלקחה על עצמה בבית חולים זה, משחרר אותה מהשתתפות בתקציבו של בית החולים רוטשילד העובד בתנאים קשים מאד. גם בית החולים של קופת חולים ‭"")‬הכרמל‭(""‬ אין תקציבו מובטח. במקום הפיצול, שאינו מוסיף בריאות, ואוי לרכז את כל עניני האישפוז בחיפה רבתי , להעביר אל בית החולים הממשלתי את רוב המחלקות של שאר בתי החולים, ולהעמידו על הגובה המתאים. עד שיהיה מרכז רפואי ישו…"
1948-06-25	dav	dav19480625-01.2.48.1	"… בצרוף קורות חייט והעתקות של תעודות לילי מזכירות הממשלה הומנית לא יאוחר מב''ז לאב תש""ה ‭1)‬ בספטמבר‭. 11948, ‬ _^ירי _ת חיפה _על ה_3רוה _^_ונקורט למשרות רופאים הועל המנהל של בית החולים העירוני בחיפה החליט להאריד את מועד הגשת הבקשות למשרות הרפואיות ""באות עד יום שלישי ‭27. 7. 48‬ שעה 2נ בצהרים: ‭. 1‬מנהל לבית החולים במשרה מלאה‭- . 2-‬משרות חלקיות של שתי שעות לי לס למנהלי המחלקות הבאות: א. מנהל מהלקה כירורגית. ב. מנהל . מחלקה פנימית. …"
1948-08-09	dav	dav19480809-01.2.22	"…ערבי הממעיט להשתמש בבמי־חולים. משמע, להוסיף ‭1, 000‬ מיטות. את אלף המיטות החמרות אפשר להקים ימ‭!1‬ירות ג־3 מרכזים _והט: בביה""ח הממשלתי בחיפה, שעבר בעת לרשות העירית. יש מקום ל־600 מטות. אפשר לפתוח בו , בית־חוליט צבורי משוכלל לכל הסביבה. תבני!הקייט פוטר מלהוציא …"
1948-08-09	dav	dav19480809-01.2.37	"…_חיפה 1נית ההולימ _הוזמנתי _בחי_&ה _לר'_עוות י_^_רונל בהתאם להסכם שהושג בין נציגי הממשלה, באיכות עירית היפה יועד קהילת חיפה יועבר בית החולים הממשלתי בחיפה -אשר באופן זמני היה בהנהלת העירית — לבעלותה של ממשלת ישראל. בית החולים רוטשילד בחיפה שעמד להיסגר מחוסר אמצעים כספיים יועבר לבעלותה של עירית חיפה והממשלה הבטיחה את תמיכתה בבית חולים זה. _, בנק הפועלים"" של חי&ח "" _בקופת־מלוה־וחקכון נמשך הגידול גם בשנה ‭—!/‬ בגל סעיפי המעולות. נוסף על הפעולות הרגילות ש…"
1948-09-17	dav	dav19480917-01.2.19	…א, עהיה או • ומתייצב לפניך בגל תפארתו. ועם זאת, אתה _רואה אותו כחומר ביד היוצר. כמנגנון בידי המכונאיעברתי _גיאולט לאולם בבית החולים הממשלתי בחיפה. בנין גדול ונהדר וה על ? שפת הים של בת־גליט, היה במשך חדשי‭£1‬ לבים אחת מעמדית ההזיה שלנו. אחיות ורופאים ועובדים יהודים…
1948-09-17	dav	dav19480917-01.2.67	"…תז/בודה, ביהוד _בענסי הקשר לרוסיה. ‭6:‬החו בח, י־פ8ר ?אחיות מטעם משדר הבריאות . הממשלתי נפתחו השבוע בית הספר לאחיות ליד ביה""ח הירקון בתל־אביב ובית הספר לאחיות ליד ביה""ח הממשלתי בחיפה. מסט־ התלמידות בשני בתי־הספו הוא ‭. 70‬ תזמורת "" ירושלים"" קול המשמשת גט תזמוות _י החטיבה היוו־ שלמית תצא לסיבוב קונצרטי…"
1948-09-29	dav	dav19480929-01.2.53	"…ית התולים . ברוכוב י על חד הכרמל, אשר שימש את פצועי זזמאורעות, ולאחרונה את החיילים של צבא ההגנה, נסגר והחולים הועברו אל בית החולים האיטלקי לשעבר בחיפה. במסיבת פרידה נלבבת נסתיימה שהותם של הפצועים בבית ברוכוב. במכתב ששלחו הפצועים למערכת . דבר* בחיפה, נאמר: אנחנו ד""ברוכר כיסטים* מביעים גזה רגשי תורה ואהדה לחבר הרופאים, האחיות והעוזרות. ברר כות הידים אשר ככד, ידעו לטפל…"
1948-10-03	dav	dav19481003-01.2.74	… בעלי המקצוע, איפשרו למלא חל?ניכר מדרישות המעבידים לפועליס נוספים. . החופי* המצ3 בנין העובדים בבית-החלןים הממשלתי עובדי בית־החולים הממשלתי בחיפה סירבי לקבל את טשטרתט בעד חודש ספטמבר. גרגר. לכך קביעת משכורתם על ידי הממשלה ללא כל באופן חדךצדלי התחשבות עם מצב החברים …
1948-10-10	dav	dav19481010-01.2.32	"…ט־1 באוקטובו ליוה והצי ליום 8ח־ י לה לעומת ‭1. 300‬ ל""י עד כה‭.. ‬נז־־ר י. היכמן _ רופא ראשי ‭6'‬ז_46 המרפאה _המרגזית _גחיפה * עט שובו של ד-י רוזנקרנץ להנהלת בית החולים . כרפל* נכנס ד""ר י. הייכטן לתפקיד שנקבע לו _סזטן בתור יו‭**‬ ־ ר*־ שי במרפאה המרכזית בחיפה.…"
1948-11-21	dav	dav19481121-01.2.67	…380 אלכר מותיקי הפועלים בנשר מת ביום ר אחרי מתלה. היה בן ‭. 50‬עלה לארץ _ב־‭_, 1926‬הניח אשה ובנות. לויתו תצא היום ב־12 מבית החולים רוטשילד בחיפה. שוכ תאונת דרכים בבביש הי6ה עכו. ליד הצטלבות הדרו לכפר אתא, התנגשה ביום ו' מכונית אז־ רחית במכונית נוסעים צבאית. החייל …
1948-12-29	dav	dav19481229-01.2.40	"… בנית העם תהלות ארצית. על הטיסו ""סנונית"" נדחתה. עצרות חנוכה מטעם המחלקה לתרבות של הועד הלאומי ; בג'ביליה-יפו: ב־‭7. 30‬ בבית החולים לחולי שחפת: הצגת המחזה . החומה"" לאשמן* שילה בציבור בהדרכת גלעדי. בחיפה — בת-גלים: ב־8 גביח""ס, למשפחות המגוייסים: דברים — ד''ר ד. מראני שילה — עדינה רפ5ולט_> נגינו! ־ — ב. רודשטיין—גומפרץ_. ג…"
1930-01-29	dhy	dhy19300129-01.2.24	"…ש*ישי קראנו על סנירת ביח""ההדסה "" בעירנו. זד, בא מאי חיכואת של ‭"" , ‬ בני עירנו אחמציא את שמונה מאות האיתת הדרושות אקיום ביח'י ח. אני רוצח אפנות במאים מו־ _עטוי1 אא ועד העדה העברית בחיפה שחבריו נעשו בתאם עורים ותמימים _אענין החשוב הזה, _ואהעיי את תשומת אבם. מה גדוא יהיר, האסון אסהדסה"" תס ג ד. "" והאם באמת …"
1930-01-29	dhy	dhy19300129-01.2.24	"…"" בעירנו בימי המ- "" אורעות, שאואא היא, היו מאות אנשים פצועים ורעבים מחגואאים ברחובות' ומצפים *עזרת השומר _רלרבי שיביאם *ביה""ח _חממשאתי. זכרו נא זאת ועד העדה העברית א* תזניחו _את העני‭, !‬אא תחנו א הד מ ח "" *הסגר־ ‭2*1. 3"" ""‬ תושב חיפה…"
1930-04-10	dhy	dhy19300410-01.2.27	"…לשיפור העיר _^ ת ‭?'_^121 ! 1!!_£ . ""‬ ־ פועלים ברכבת פטורי ביום 8 פוטרו שוב מעבודות חרכבת, ממחלקה בתי המלאכה והקרונות בחיפה שלושים 'םוע־ לים יהודים וערבים. סיבת הפיטורין קימוצים. בית החולים החדש בעמס יזרעאל חנוכת _הבנין . החדש לבית החולים בעמל יזרעאל תערך ביום 29 באפריל. בשעח שלש אחרי הצהרים תתקיים חגיגת הםתיהה שצ בית רחוצים. צפני חהניגח תחיה בשעת אחת אהה""…"
1930-04-20	dhy	dhy19300420-01.2.33	"…ן, מושצ העיר שצח "" מכתב ברכה. הד הסכסוך בכפר־סבא בעיר הודבקו כרוזים מטעם בית ר כ ק שר "" עם מאורעות כפר־םכא. לקראת העברת ביה'ח ""הדסה"" לרשות הקהלה היום ישיבת 'חנהצת ועד הקהצח יחד עם ועדת _חבייאות. ידונו עצ חעברת בית החוצים הדפה"" צרטות הקהצה, ועצ הבנין צבית החוצים "" חדםה בחיפה.…"
1931-03-01	dhy	dhy19310301-01.2.41	"…רקציה הידוע יוסף גולטפריד מירושלים בקשר טי־‭"". ‬היום האדום‭"". ‬ מבתי המשפט ביום התמשי וביום הששי התנהל בביהמ""ש דנזחוזי בחיפה המיטד משפטם של שליטת הדרוזים ט""דליית אל כרמל"" שנאשמו ברצה, ננבו עדויותיהם של מפקח המשטרה מר עבוד"" אחות ופקיד ‭2'‬ל _ביה""ח הממשלתי שטפלו באשה הפצועה, ‭:.. ""‬שפט ימשך עוד כמר. ימים. בזכירת בשר כשר _ עפ""י רשיון ועד הקהלה בחיפה מפנה את תשומת לב …"
1931-06-05	dhy	dhy19310605-01.2.62	"…. ה. ד. נולדשטיין, ירישלים טהנה יהודה. י. חצריט, ירישלים מחנה יהירה. י. טוחן, ירושלים, רחוב יפו. גח זגגי, ירושלים כבנין ביח""סבצלאל ‭"" . ""‬ מאיר דרוק, ירושלים שכ' טזכרת. וטקין, ירושטם שכונת אחוה. משה בלוי, חיפה מרכז חעית ייטוינובסקי . מאיר, ת""א שכונת אהל כדשה בית פרטי. פריד, ירושלים שכונת שערי הסת קלינטן, ירושלים רהוב יפו תל‭. 1…"
1931-08-24	dhy	dhy19310824-01.2.14	"…סכ1מ סגירה בשל הסתלקות *הדסה' מצב מחןממ בחיפה ביום ה' התקיימה ישיבת ועה"" פ וועדתי יהבריאות של ועד הקהלה!חעבדית בחיפה _כימאית העברת בית החולים הדסה"" לרשות הקהלה. "" לפי דרישת הנהלת הדסה "" בירושלים לתת "" השובר, מסרטת בטשד השבוע בדבר העברת בית החולים להקהלה, כי אהד…"
1931-09-01	dhy	dhy19310901-01.2.30	"…שנעשה בין ועד הקהאה ובין הנהאתהדסה"" בידר "" שאים ביום י""א אאוא, בישיבה המשותפת של באי :ח הדםה, ב""ב הועד הלאומי וב""כ קהלת חיפה שלפיו עובר ביה""ח לרשות ועד חקחאח מן חראשון לאוקטובר יחד עם המרפאה. באשר אחחאטתחדסח"" אחרי זה לסגוד אה "" המרפאה מא' לספטמבר, בנגור אחסכם —…"
1931-09-27	dhy	dhy19310927-01.2.29	"…י עמל של שער' וחצי. עבודת הכבוי עודנה נמשכת• גודל הנזק אי־נו ידוע עדיין. המחסן הזה נשרף זו כבר הפעם השלישית. הסכם בענין בית החולים"" ""הדסה בישיבה המשותפת של ועד הקהלה העברית I בחיפה וועדת הבריאות שע""י הועד הלאומי בהש ־ י תת פ!ת ב""כ הנהלת ""הדסה"" בירושלים — הד יי ר ברומברג, שנתקימה ביום' ה בערב בדירת ו…"
1932-01-14	dhy	dhy19320114-01.2.13.1	"…ו1י‭_^3‬ מו?וי ‭8 _§3‬ת _הכתבים ‭3 8*^‬תקג_$ $ד_^ו_3 ישגה משרה פנו י ה כשביל _חעא מנהל שצ ועד _ניןךמוןלים הקהצה חעברית בחיפה הוטה — המשרה היא הצקית ~ עצ המעונינים צפנות עד 20 לר. ז. עם הצעות במעטפה םנורה צועד המנהצ שצ ביה""ח הדסה בתיפה"" עם"" י הכתובת ; הרד הכרמצ ת. ד‭40. ‬ היפה. ועד המנהצ ביח""ח של הקהלה העבר ית בחיפה רוקחי א ' י _חםתדרות ‭_ I‬ ס נ י ף י ר ו ש ל י ם — משתתפת כאבלה הכבד של ‭0 I‬_שוחו 1 וזרוקהן ן בהצקה ממנה באופן פתאומי …"
1932-02-16	dhy	dhy19320216-01.2.34	"…נאסר• ביום א"" פרצה קטטה בין צוענים על תוף הים, סמוך לביהה""רשמן‭. ""‬ארבעה מהמתקוטטים נפצעו "" והובאו לבית חחולים הממשלתי בחיפה. שלשה עשר איש נאסרו‭8;... ‬־. . במפורט ההתחרות בכדור רגל בםבוב הראשון על הגביע _הארצישראלי, שנערכה אחמ. ל בין קבוצת בית החולים הצבאי בצרפנד וחפועל"" א"" חיפה — נגמרה "" ב־‭4—0‬ לטובתהפועל ‭? "" . ""‬ ישיבת ועד הסהלח הערב בשעה 8 באולם _התפניון ישיבח מל…"
1932-02-18	dhy	dhy19320218-01.2.23	"…‭§/ V 1£%@|‬ך ‭4_^11% 1 ‬ בזמן חאחרון הרהיב בית החרושתשמן"" "" בחיפה את תעשית הסבון והתחיל בתעשית סחו־ רות חדשות. י לפני זמן קצר הוציא ביהח""ר שמן "" לשוק "" מין הדש של סבון הנקרא "" סבון לתינוקות ‭* ""[100‬ זהו סבון נויטרלי המבושל לפי שטה מיוהדת אך ורק משמן זית ז…"
1932-05-11	dhy	dhy19320511-01.2.15.2	"… _"" מהצקה יי ניניקוצונית‭. (‬ המשרה היא שדמה עצ המעוגיגים אפנות עד 1 ציוני ‭, 1932‬עם הצעות במעטפח סגורה, צועד המנהצ שצ ביה""ח הדם־ שא הקהצה העברית בחיפה עפ""י הכתבת : הדר הכרמא, ת. ד‭. 40. ‬ משרד -המתווך המתעסק בכא מיני- סרסוריה תייר . שכירות !בתים ומשכנתאות קגיות ומכירות …"
1932-07-28	dhy	dhy19320728-01.2.40	…אחרונות חיפה בעמק לאחר סגירת בית החולים עא 3 מקרי הטיפוס שנרשמו ב־21 ציוצי נו־ םפו ביום השבת וביום הראשון עור 3 מקרים תשו־ דים אטיפום, אחד — בקבוצת _חחוגים בעי…
1932-08-02	dhy	dhy19320802-01.2.39	"…ם חךפב"" גמיפח ו'וגקנתח ממ_^־לפי פחלמת ועדת "" חשופטים, חוםרח _V_חוכנח בשגתפות עב ־המהנדס לבנין ש. פונרוב מתל _אביג :ימין בית החולים בחיפה־ ' ביום ‭29:7. 32‬ דן חבר השופטים, המרכב _צה""ה: חיו""ד קורנברנ, אדריכל, ירושלים, ד יי ר י. _*יצקוביץ, רופא, חיפה. ח"" ברטלר אדכיטקט חי־ פח. ד""ר-ניסנבויס מפא חדסח חיפח• ח' רוזנפלד טחנדם פיק""א, •חיפח. ח' רייך, מחנדס, חיפח, :הצעות להתחרות לבנין בית החולים הדסה של ־זגנ'חצח חעברית בחיפה. בהתחרות זו לקחו חלק 16 ארכיטקטים חיפואייכ_^ תוצאות חהתחמת: הפרס הראשון לא נטסר לא‭**‬ אחד. פרס ש י ני (יהד עם זטת לחוצ…"
1932-08-10	dhy	dhy19320810-01.2.29	"…פיסיפ בלל‭_#__ \. ‬ _מ אור ליום' ב שבק חיים לכל חי‭*. ‬חר* _שזלה קצרה מר אולשנצקי דל' ששמש שנים רכות צייר בבתי הקולנוע בחיפה. השאיר אהריו אשה ושלשת ילדים. אהד מבניו נולד על גבי אניח איםלקית, ומקבל קצבה מאת ממשלת איטליה. אסון התפוצצות י !כיוס ופ' נפגע המכונאי של בית החולים ‭,, ‬הדסה"" כצפת , נפתלי וקםלר_, בן ‭, 25‬על ידי התפוצצות מני‭:_?‬ השמלי בזמן עבודתו?הפצוע הוב_* מיד במצב אנוש לנכיה""ה ה…"
1932-09-19	dhy	dhy19320919-01.2.11.1	"… II X—‬ _ז ‭)_¥ I—1V‬י— *זו ‭—* *‬א־־ ‭* 4‬ י—א "" •• ""• י• •• ‭* *‬ מודעה דרוש רופא בית לביה""חהדםה"" "" של הההלה העברית' בחיפה בהצעות עם צרוף התעודות הדרושות ?פנית "" עד 25 ?ספטמבר ?הנהאת ביה""ח. ת• ד• 40 הדר הכרמ?• הועד המנהל ‭* ** * _^ 0?? *—*— —¥ , -*—*~_+> - -…"
1932-09-21	dhy	dhy19320921-01.2.24	"…ממשלה לעזור במה שהוא למוסד העומד זה 10 שנים על משמר 'הבריאות של התושבים בעמק ולהברי קופת חולים בגליל בשומרון ובחלקם גפ בחיפה. ברור היה כי קופ_""ה אינה רשאית להגדיל עוד יותר את עול המסים והתשלומים הרובץ עא צבור ההברים שאה לשם כסוי מלא של תוצאות בית ההולים. הלקו של צבור המובטחים בהכנסות הקופה הגיע ל‭42. 500‬־אא""י מתיר המסה ־ כאאית שא, ‭52. 50(‬ לא""י, היינו •ליותר מ80 אתוזים…"
1932-09-21	dhy	dhy19320921-01.2.24	"…וח חפשי אעבור את הנבוא הזה. היות ונם הסכום הקטן שהוקצב ע""י הסוכ- נות היהודית בשנה זו *לא שולם במלואו, והיות והפעולות •הדחופה מצד הסוכנות היהודית להבטחת השתתפות הממשלה בהוצאות בית ההוליט """" בעמק לא נתנה תוצאות נסגר בית ההואים ב־5 ליולי. מצד •מרכז קופ""ה נעשו כל הצעדים לסדור הואי העמק והסביבה בבתי הולים אהר…"
1933-04-07	dhy	dhy19330407-01.2.29.1	"…^ _^ _^ _^ _^ ^^^ _^ _^‬ והכשרים בתכלית הכשרות. ‭: 'I ^?^^^ _^ _^ _^ _^ _^ ^§ I :_*:‬ י לפי תעודת ההכשר של משרד הרבנות בחיפה ‭_^ :]:‬ _^_ע ‭??? _^_6_^ _^_14_^‬ כל התוצרת של ביהח ‭! "" _|‬ ר "" שמן"" אין ‭"" ^^^^ ^^ _^ _^ _^ _^ _^ _^ _^ , _^ _^ ^^3 _^ _^ ^^^‬ ן ן ן 11110 בר. תערובות איסור וכשרח היא לכ…"
1933-06-28	dhy	dhy19330628-01.2.27	…י חולים במשד החדשים האצה — שבהם _עלולות המחצות להתגבר — גרם לז_^ ח שמצב הבריאות בנקודות הישוב שבעמק הורע במ ידה רצינית. בית החולים טיפל במשך השנה ב־‭12_!7‬ חוצים, שמהם 194 נגועים במחצות מדבקות. שני בתי ההבראה של הקופח במוצא (בקרבת יתשצים) ובחיפה הוסיפו. בעבודתם המועילה וטיפציו ־ב1263 מבריאים' בתי המרפא של הקופה . הרח י בו את הוג-פעוצותיחם, וכזאת עשתח גם מחלק ת הע…
1933-07-26	dhy	dhy19330726-01.2.32	"…־ : בשעת הדיון בתקציב ועד הקהלה ‭. '‬ בחיפה ה ו ברר , שהסתדרות וה דסה ‭''‬ לא _תשתחף השנה בתקציב ביח""ח י חד"" ס ה_"" המקומי בסך 300 לא י'י _"" לחדש אלא רק בסד 200 לא""י. לאתר דיון ממושר הוחלט להגדיל את השתתפותו של ועד הקהלה …"
1933-11-28	dhy	dhy19331128-01.2.35	"…מפעולות ביה""ח "" הדפה"" ‭? !‬ בחיפה דין. וחשבון של ביודהחוליס הדסה של הקהלה העברית בחיפה לשנת ‭1932. 33‬ והמאזן ליום 30 בספטמבר ‭:1933‬ בית־החולים: בשנת ‭1932. 33‬ מספר ימי מחלה בביה'י ־ח היה 17864 לעומת 1299…"
1933-12-08	dhy	dhy19331208-01.2.25.4	"…‭—^""‬ 'יי ־‭* * *—‬ *־ * ?_ממיוע_^_וי. ‭''‬ י בחיפה ‭; ... ‬ ־ י מו דיע ה כי ביה""חיהיה ? סגור מה־13 דצמבר 1933 עד ה‭!5-‬ינואר ‭. 1934‬ ובמשר המועד הנ""ל לא יתקבלו הולים. לרגלי נסיעת מנהל ביה""ח, הך""ר קםטרו, לאיטליה. ‭—*—** *‬־י‭*—*‬ י* ‭. _^‬ ־—־_*י-־‭8_*'‬י—מ•‭I— ‬ ‭*^*^^_-'.. . --‬ •-••‭_*-'. >--_*""-‬ ־*־ . -_…"
1934-05-22	dhy	dhy19340522-01.2.31	"…בחיפה לבנין ביה""ח , ועד הקהלה בחיפה קבל אתמו? ידיעה מירושלים שהנהלתחדסח"" בא"" "" מריקה העבירה כבר את סכום השתת‭--‬-פותה _בבנין ביח_""ח בחיפה בהתאם לבקשת ועד הקהלה.…"
1934-10-24	dhy	dhy19341024-01.2.67	"…תימת דוד שמואל דוד בקשר עם הסכסוך בבנינו. כבאים אדיפאע"" מודיע כי בעירית היפה "" נערכה אספה שבה __ השתתפו• הרופא הראשי של בית החולים, מנחל מחלקת הבטחון ומושל חיפה. הנאספים דנו ? בשאלת יצירת פלוגה של מכבי־אש בחיפה. חדרה —הערב, ב־‭, 9‬בבית הפועלים חדרה, קונצרט המזמרת פאני קלוה. ע""י הפסנתר הגב' א. הרשקוביין.…"
1934-12-13	dhy	dhy19341213-01.2.59	"…בקשר עם זה מתנהל בזמן _האהרון מו""מ עם הדסה עצ פקות משותף מצד שני הנופים עצ המפעצים הרפואיים — הנתמכים מכספי הממשצה (כמו ביה""ח צהוצי ריאות ומה' היגעה בבתי ספר, תחנות לטפול באם וביצר‭. ( ‬ הדסה הסכימה צהצעתו של הועד' תצאומי בדבר מתן תמיכה שנתית לביה""ה שצ הקהצה רעברית בחיפה באמצעותו של הועה""צ ועל אחריותו. כמו""כ הוסכם שב""ב הועד הצאומ' ישתתף בועד המשותף שצ הדסה והאוניברסיטה אשר יוקם ע""י ביה""ה …"
1935-01-22	dhy	dhy19350122-01.2.73	…ים אולי עוד לרפוי, ואת הנגרם למשפחות החולים ולילדיהם, וגם לילדים הנפג־ שים ברחוב בחולים אלה. ביהוד קיצה הוא מצב החולים בחיפה, איצר אין בה בית־חולים לחולי רוח, ואשר מספר גדול של חוליה נמצא ללא סדור. ידועים‭?, ‬משיל, _כיקריס של אמהות הולות־רוה הנרות יהדר אהד עם שי־שיה …
1935-01-22	dhy	dhy19350122-01.2.73	"…ו'צלים "" על סדור חולי־רוח. אנו• נגשים לסדר אוסר בספים רחב בי;הצבור החיפאי. אחו-זים ידו-עים מן הסבו-ם שייאסף יהיו? לטובת בית החולים _בירושייים ורוב הכסף יהיה לסדור חולי העיר חיפה. אם תהיה מצד הצבור הרהב ההגבה : הדרושה, תמצא האפיצדו־ יסדר כמה מחמקרים הדהופים ביותר. ביד' הק־ הלה _תיויה אפשרות העזרה …"
1935-02-13	dhy	dhy19350213-01.2.66	"…ת המקומיות. הקול' _הידו ! הבטיח שהד""ר פרניסון, ממשרד הבריאות הממשלתי ביפו, ישתתף כיועץ כועדה המיותרת להקמת בתי""ח. הנהלת ביה""ח של חקחלח העברית בחיפה הודיע לשתי קופות חחולים, שבעתיד לא תתקבאניי לביח""ח יולדות מהמושבות אלא במקרים פטולוגיים. קוח""ע פנתה' להדמיה ולועד הבריא…"
1935-02-24	dhy	dhy19350224-01.2.13	"…ברה להיום אהה""צ. שכר הפועלים של ההברה היה, ההל מ־120 מא""י עד 550 מא""י ליום. תאונה בשעת מטען תפו""ז על האניה "" דציח"" בנמל חיפה, נשמט ארגז אחד שפגע בסבל הורני ושבר לו רגל. בתהשמל בביח""ח לרעפים גתהשמל הפועל אהמר איברהים הידר. בעל ביה""ח נאסר. נהג רמאי נהג ערבי שלפני זמן קצר נשלל ממנו הרשיון לנהוג ושהצליח בינתיים לקבל רשיון חדש בהונאה, נדון למאסר 6 הרשים.…"
1935-03-26	dhy	dhy19350326-01.2.30	"…דולה. בקר-לב יתהילו גם בי־ ציקת פלדה שבוה יהיה היחידי בכל המזרח הקרוב. "" חרושת לבני סיליקט היפה"" בית החרושת הנמצא במפרץ חיפה מעביד 33 פועלים קבועים חת םזמניים. לעת עתה משתמשים במכבש אחד המד ציא 3000 לבנה לשעה. כל התוצרת נמ־ כדת מיד. בקרוב יתוקן בביח""ח מכבש שני. ביה""ח שייך למהנדס מ. _היכפלד שחש־ קיע מו למעלה מעשרים אלף לא'יי. הברחת משי דרד עבר לירד ן בעתון הרשמי מ־‭15. 11. 34‬ התפרסם ת…"
1935-03-26	dhy	dhy19350326-01.2.30	"…טים יתבות לאזטומובילים ""פדיגידר חרמץ"" ע'"" ת. ח. מ. מקררים חשמליים תיבל"" עכל מגעילים, פרימוסים ועבודות ברזל "" תעשית מתכת חיפה רהיטי פלדה ונברשות ברנהרד קנטור רהיטי הולדה ונברשות "" קדר"" הדםינה תעשית קרמיקה א""י קרמיקה ""קרנה"" מים מינרליים ""גלודידד עכו מים מינרליים בי""ח לבגדים שטעברגד קונפקציון לגברים ""תמציץ"" א""י בע""מ מיצי פירית וקונסרבים ""אחריות"" מרצפות ""צבע"" כפר עטד, לכה וצבעים ""אםטרדד…"
1935-05-20	dhy	dhy19350520-01.2.44	"…מפעולות ועד הקהלה מעניית בחיפה במשך ‭::‬ חדש מפליל ‭. :‬ בנץ בית החולים . גישיגח שנקראה '־ _במיוחר בשאלה זו 'בחשיתתפות חברי הועח‭'""‬פ, יו""ר הועד חמ־ גחל של ביח""ח חד""ר חלל יפח, יו""ר ועד !הדר ;הכרמל- מך . אליניקויב ינ עחל. •ביח""ח "" ?הדסה"" שע""י ועד הקה‭_^'‬ז חד""ר ברגר, גבחחה ועדת ב…"
1935-06-20	dhy	dhy19350620-01.2.42	"…אחראים לבריאות הצבור. לפעולה מחירה ונמרצת ‭.. ‬רק חלק קט; מהישוב — באיזור ירושלים, עמק יזרעאל והגליל (אם יובטח קיומו של ביח""ה שויצר) מובטה פתוה או יותר במטות להולים. לעומת זה נמצא איזור החוח — מסביבות חיפה ועד מושבות הדרום — כמצב של מצוקה הוםפיטלית מתמידה המח- מירה והולכת עם קליטת אלפי עולים חדשים מרי חודש בחודש. כאיזוד הזה, חמונה ביום כ־250 אלף תושבים יהודים, ישנם 2 בתי חולים צמריים — ביח""ח העירוני כת""א וביה""ח של הקהלה העבריה בחיפה, אשר מספר המטות בהם עולח רק במקצת על ‭, 250‬ז""א, מטה אחה לאלף תו‭--‬שבים;אם נוסיף על המטות חאלו אה חממות בביה""ח חממשלהי…"
1935-06-20	dhy	dhy19350620-01.2.42	"…ית, הצריכה להתגשם ככל האפשר ב'טנתים הקרובות, היינו ‭5_(‬עונה הקיץ ‭. 1937 ‬ בהי חולים צבוריים כלליים: ‭(1‬ התכנית לבנין ביח""ה העירוני בת""א צריכה ?הבטיח 600 מטות לזמן פתיחתו של ביח""ח. ‭(2‬ חתבנית לבני;ביה""ה של חקהלה העברית בחיפה צריכה להבטיח• 100 מטות לזמן פתיתתו. ‭(3‬ יש למקים במושבות יהודה, השרון והשומרון בתי הולים כפריים של המועצות המקומיות: כ…"
1935-07-30	dhy	dhy19350730-01.2.84	"…מן, חוצע מאת חא' י חג י / טיחער אפ' ק _ראטאן סך ‭4. 000‬ (ארבעת אלפים )• אא""י‭.. ‬ ‭( ' 3‬ בעד המניות שא חחברח חנ‭'_'‬א בביח""ח. אקדח שבחיפה אפי כא הפרטים דאקמן_, חוצע מאת ח' חגי י טיהעי אם7־ אאמםיי סך ‭6. 000‬ (ששת אאפיס אא""י. ‭(4‬ בעי חאקת אימה הנמצאת אמד רח…"
1935-07-30	dhy	dhy19350730-01.2.84	"…כת ‭2882, 88‬ מ""מ, הכואא בתוכה הכיח ""ח אקרה, רשומה בספרי הא־ חוזח תחת חברך מם' ‭:, 10‬ פוליו ‭. 43‬ ב) בנין הכולל בתוכו ביה""ח לקרח הטוציא 8 טון איום. ג) עגלה להעברה קמח. ד) מוטורסיקא‭'. ‬ חאקח ‭(3‬ נמצאת בחיפה בדרך לד צרת מוא חבית ' חישן שא מטנבמ, וכד כיאח כדאחאן:א י ) אדמת שא שטח ‭3505. 63‬ מ""מ, ישומח בספרי חאחוזה תחח חכיך 39 פואיו ‭. 199 ‬ . חאקה ‭(4‬ נמצאת בחיפה, בע־י העל תיקח, תופסים מקום ‭. 16‬ חאקי 24 מהר שומים מטה: "" . א‭.. (. ‬אימח שא שטח ‭2243, 96 ""‬ מ""מ, אשי בתוכה הביה""ח לקיח הימע בשם הביתביטל מנוי םקטויינג‭""'. ''‬ ב‭:(‬ בנ־ן "" חכולל בתוכו הביה""ח אקיח המוציא 20 טון ליום• ) שני חימ קוד עם …"
1935-08-01	dhy	dhy19350801-01.2.44	"…יל בו לפי הפרטים דלקמן, הוצע כמת הא' חג'י טיהר אפ' קראמאן מך ‭4. 000‬ (ארבעת אלפים) לא""י. ‭(3‬ בעד המניות של החברה הנ""ל בביה""ח לקרח שבחיפה לסי בל הפרטים דלקמן. היצע מאת ה' חגיי טיהער אנך איל מסרי םד ‭6. 000‬ (ששת אלפים) לא""י. ‭(4‬ כעד חלקת אדמה הנמצאת למזרחו של חיפה ע""י תחנת ""דוטנברג"" וכל אשר מכיל בה לפי * הפרטים דלקמן, הר צע מאת ה' חגיי טייהר אפ' איל מסדי ע""'ם ‭1. 500‬ (אלף וחמש מאר…"
1935-08-01	dhy	dhy19350801-01.2.44	"…ת ‭2882_^8‬ ?מ""מ, הכולל בתוכה הביה""ח לקדה, דש ומד, בספרי האחוז. ־ , תחת י הכרך מם' ‭, 10‬פוליו ‭. 43‬ב) בנ? הכולל בתוכו ביה""ח לקרח המוציא 8 טון ליום. ג) עגלה להעברת קמח. ד) מוטורםיקל‭.. ‬ הלקה ‭(3‬ נמצאת בחיפה בדרך לנצ‭--‬-רת מיל? הבית. הישן. של רוטנבדג, •ומל - כילה כדלהלן :יא) אדמה‭;'‬של ? _*טח י ‭. 3505, 63‬מ""מ' , רשומה‭'?‬בספרי;• ?האחוזה תחת הברך 39 פוליו ‭'?""'. 199‬ י ‭. "". {?‬ י , י‭-\?. .. . ;:;';;;:‬ . יא: _^ ;ןןלקד‭:(4. ‬ •נמצאת בחיפה‭-., ‬ בעיר ד'ע' תיקה' תופסים מקום ‭, . 16‬ חלקי 24 מהר* יעז ימים;מטה ‭. ', :‬ א) אדמה של שטח ‭?2243, 96‬מזמ‭:?,, ‬־ י אשר ••בתוכה‭, :‬הביה""ח לקרח הידוע בשם חבית ""כרמל , מנופק* טורינג‭. ""‬ב‭, (‬בנין הבולל בתיבו. הביה""ח לקרח המוציא‭20, ‬ טץ‭"". ‬ליום‭-. ‬ג‭. (‬שג…"
1935-08-04	dhy	dhy19350804-01.2.43	"…לפי הפרטים דלקמן, הוצע מאת הא' חג'י . טיהר אפ' קראמאן סך ‭4. 000‬ (ארבעת אלפים) לא""י ‭(3 .. ‬ בעד המניות של החברה הנ''ל בביה""ח לקדה שבהיפה לסי כל הפרטים דלקמן, היצע מאת־ ח' 'חגיי טיהער אפי איל מסרי סך ‭)' 6. 000‬ששת . אלפים) לא""י. ‭(4‬ 'בעד חלקת אדמה הנמצאת למזרחו של חיפה ע""י תחנת ""רוטנברג"" וכל אשר מגיל בה לפי הפרטים דלקמן, הוצע מאת ה' חגיי ' טייהד אפ' איל מסדי ע""ם ‭1. 500‬ (אלף והמש מאות)…"
1935-09-03	dhy	dhy19350903-01.2.84	"…שביתת דמנימ בחיפה בביח""ר הערבי לסיגריות כפי ‭2|‬יהודענו כבר, פרצה שביתה בבית •_החרועחז לסיגריות של קרמן, דיק וסלטי בחיפהן ביום הראשון הביאו בעלי ביה''ח מפירי 'שביתה. הפועלים השובתים התאספו _£יד לאספה והלכו לביה""ח. פרצה י קטטהבין הפועלים השובתים _ומאירי י השביתה. •5 מבין …"
1935-09-05	dhy	dhy19350905-01.2.100	"…חיפה התנגשות ליד ביהח""ר לטבס אתטו?אחה""צ התאספו שוב כ 300 שובתים ע""י ביח""ח ש?_קרמן, דיק ופ?טי. פרצח חתנגשות ביניהם ובין מפירי השביתה, העובדים תחת חסות משמר ש?שוטרים. כמה אנשים נפצעו באופן ק‭. ?‬המשטרה אסרה כ־20 איש והחחי?ה בחקירה. ע""י ביה""ח ובסביבה עומדת הכן כ?הזמן פלוגה ש?שוטרים ארציישרא־ יים _ובו־יטיים. משפט השובתים שהפריעו את הסדר ש?שום ואתמול התקיים בפני שופט הש?ום הבריטי בחיפה משפטם של חשובתים, הנאשמים בהשתתפות במהומות והתנם?ות ע?עובדי ביה''ח. עות""ד חגא עצפור הנן ע?הנאשמים. 10 נאשמים נדוגו ?מאס…"
1935-09-05	dhy	dhy19350905-01.2.100	"…מגן ?משק העברי ולבצור חישוב‭. ""‬ פסקה שביתת פועלי הרכבת אחרי שמגח?הרבבות הבטיח לבא כוחם ש?הפועלים, השובתים בתחנה הרכבת בחיפה‭?, ‬המליץ על דרישותיהט ?פני הממש?ה המרכזית, הפסיקו הפד ע?ים . את השביתה ושבו אחמול בצה־ רים ?עבודתם. שריפה ש?שום כערב פרצה:מרפה בביה""ח ש?צבעים ש?ה' איי1נר, בקרבת מהסני * של‭"". ‬ המשטרה, _שהניעה . למקום, כיבתה את _האמ. ביה''ח כולו _נמח* והנזס עולח לבמה מא…"
1935-09-09	dhy	dhy19350909-01.2.46	"…פת אזכרח. הספידו את הנפטר בא־כת הרבנות הראשית ובא־כח ועד הקהלה. לסברות-ישראל מרת צביון, אשת כבת 70 _מלאט־ וויח, שחגיעה לחיפה באניה "" רצייה"" גלים לביח""ח "" הדסה‭. ""‬בשבת בערג מתח‭_,. ‬ _חזקנח חיתה חולח במחלת חסרטן ובאניה חחזיקוח בחיים באמצעות זריקות. במכבי מזכירות האגודה…"
1935-09-09	dhy	dhy19350909-01.2.46	"…?הר ' הכרמל לקבל את הילדים הואיל וסוגרים את הקייטנה באותו יום. גמר השביתה בביחח""ר לטבל ו אחרי שכמה עסקנים ערבים השובים בחיפה התערבו בםכסוך של בעלי ביח""ח "" _קרמן, ריק וסלטי"" שחביא, כידוע, בשבוע שעבר למהומות ולחת־ נגשויות בין חשובתים ובין מפירי הש* ביתה, הסכימו בעלי בית ח…"
1935-09-23	dhy	dhy19350923-01.2.54	"…ד: 3 בקר ארץ‭325, ‬ בקר מו""ל‭362, ‬ כבש, (באותו ממודש בתרצ""ד נשחטו ‭4 —‬ ארץ‭— 207, ‬ חוץ‭221, ‬ כבש ‭"" . (‬ ה ד ס מ "" 'בית החולים של הקמלמ. דו""ח לחודש יוני 1935 חשבון עודף •וגדעון לחודש יוני הכנס ה תקציבים: מרכז הדטמ בירושלים ‭150. 000‬ ועד מקהלה בחיפה ‭250. 000‬ ועד הדר מכרמל ‭100. 000‬ בית מחולים ?י ‭292. 660‬ בית ממרפא ‭44. 505‬ גדעון במודש זמ ‭44. 198‬ ם""ה ‭881. 363…"
1935-12-09	dhy	dhy19351209-01.2.54	"…על־ רק אחרי תום זמן מאסרם בארץ. נפגע בחוט השמלי בועל ערבי, העובד בדואר, נגע בזמן עבודתו בחוט חשמלי ונפל מהעמוד. י מגר""א חיפה הביאה אותו לביה י ""ח הממשלתי. בעלי סכינים תתחילו להתברר לפני ביח""ד המחוזי 2 משפטים בקשר עם דקירות בסכין. נאשם אחד נדון למאסר 18 חדשיפ_, ומשפטו של השני נדחה ליום ב‭. '‬ על הגשת תעודות מ…"
1935-12-09	dhy	dhy19351209-01.2.54	"…1‬ לפה""צ. המאחרים לא ייענו עד פתיחת כתות חדשות ב־ט""ו כשרו! למופת לפני חדשים אחדים ה תגגש האוטו ל מר זאב גוםינסקי, קבלן מחיפה _^ באוטו שבו נמצא שופט כיה""ד המחוזי בחיפה עזיז ביק דאות. כתוצאת ההתנגשות נשברה ידו של השופט והוא שכב הדשיים בביח""ח ור_, תבטל מעבודה במשך 3 חדשים. בא כח הקבלן עוה""ד צ. 'ע פירה פנה אל , השופט בהצעה לשלם לו א ת רמי הרפוי 'והבטלה ו ה צי…"
1935-12-09	dhy	dhy19351209-01.2.54	"…יה, שהגנה על כבודה ביום השבת התברר לפני שופט השלום הבריטי משפטה של הגב' אלמה דוים (אנגליה) מנהלת העבודה בביה""ה הממשלתי בחיפה, שנשאמה בזה, שהיכ־ תה ודחפה ערבי מעובדי ביה""ח, ובתוצאות הדבר נשברה ידו. על הנאשמת לימד סניגוריה עוה""ד האנגלי ריצ'רדםון מיפו. נשמעו עדותיהם של""יהתובע ועוד 2 עובדים שא…"
1936-01-01	dhy	dhy19360101-01.2.71	"… ‬ אחת העובדות המעציבות ביותר בשטח פעולת הבריאות היא: מצב מהום־ פיטוליזציה בארץ, אשר ממנו סובלים בפרט בהיפה. בבנה והולך בית החולים ביהודה. ע5 גמר בנין זה יוקל על בית החולים בעפולה ותיגדל ' האפשרות להש־ תמש בביה""ח בעמק בשביל החברים בחיפה. בית החולים ביהודה יעמוד לרשות מקופות בכל הארץ ובחלקו ישמש גס לחברים במיפה. י'ש םכוייפ טובים, כי מצב מהוס&יטליזצימ יוטב בזמן מק־ רוב בשביל מברי מקופד, במיפמ. נוסף לזמ מתכוננים לבנות בקרבת קדית חיים במשך משנים מבאות בית־ חולים בדוגמת בית חולים מנבנמ ומולך עכשיו ביהודמ. לשם מגשמת תכנית זו נושאים ונותנים כבר עם הועדה לשכון ובימים הקרובים יגמר המשא ומתן. הנהלת הקופה בחיפה משתדלת לה ת־ אים את פעולת מוסדותיה לגיתלמ של העיר ולהתרחבותה. להגשמת תכנית *ל 'נהוצה עוד עזרת גורם חשוב אחד : עזרת צבור…"
1936-01-09	dhy	dhy19360109-01.2.35	"…וה'עוליוז ל‭48-‬ אחוז, מקבלים בתי החולים בית־ שלם ובצפת יחד עם המרפאות והמכונים שעל־ידם. בתי החולים שהועברו לישוב, כגון בית החולים בתל־אביב, בחיפה ובטבריה, מקבלים קצת יותר מחמשה אחוזים מהתקציב. הנותר מתכסה ע""י הישוב. המחיר שליום מחלד‭"", ‬ גם והו_^ "" מענין. מתוך !הלו…"
1936-01-26	dhy	dhy19360126-01.2.59	"… הדו""ח של הדסה, שנ ה ‭1934 ‬ ר""ר א. י. לוי (סוף) המוסדות הרפואיים הנתמכים. תחת הכתרת הזאת נכללים בת* התולים בחל־ אביב, בחיפה, ובטבר־ה ביח חולים שוי־ צר דרך קופת הולים הכללית וקופת חולים עממית. זה ביר שנים אשר בית חתולים העירוני בתל אביב אינו יכול לספק את הד…"
1936-01-26	dhy	dhy19360126-01.2.59	"…דו""ח לא ציין אח העיבדח הזאת. גם מספר החולים החדשים שפנו למרפאות מוקטן במרבמ מלבד המחלקה הפנימית ומחלקת העי־ . גם הצבור בחיפה זקוק לבית חולים יתר גדול, כי כשם שתל אביב מספקת את צרכ־ הה־םפיטליזציד_, לישוב ולמושבות אשר בםביבוחיח, כך גם בי""ח זה ביחס לעמק והגליל. גם _בליח מהשואה של עבודת המרפאות בחיפה אגו נתקלים בירידה, בין במספר הבקותם ־חדשים ובין הבקורים החו…"
1936-03-26	dhy	dhy19360326-01.2.40	"…העברת מפעלי ""הדסה* מעןן""ל מצוקת בית החולים בחיפה (מישיבת ועד הבריאות לכנסת ישראל) בישיבת ועד הבריאות לכנסת ישראל מ־23 לה' מרץ הודיע הד""ר א;קצנלסון, מנהל מהלקת הבריאות ש…"
1936-03-26	dhy	dhy19360326-01.2.40	"… להציע לפני הועה""ל, שיעמוד בעיקר על קביעת םכום השתתפותה של הדסה לשנה נוספת. הש_&לה השניה אשר י עמדה לדיון בישיבה — המצב בביה""ח של הקהילה העברית בחיפה‭'. ‬ביה""ח הזה על 46 !המטות שלו אינו יכול בשום פינים לספק את צרכי הישוב התיפואי הזקוק לפחות לי100 מטות. הצפיפות במחלקות …"
1934-03-22	djs	djs19340322-01.2.28	"…צעריסען. וייגע ברילען צי' !ראכען און זיין גאגץ אויםזעהן איו :_עייען מורא'דיג. די ?רשכע הילף ־ . אט מען איהם ערטיילט אין בית־חולים . הדסה' און אט איז דער טעקסט פון די תעודה פון בית־ ־חוליט. . בית החולים הרסה על הקהל ה העברית בחיפה ‭4. 3. 34 *‬ תעודה האדון א‭. ק. א. ‬הבא ביום ‭3, 4 34. ‬ בשעה ‭23 , 30‬ אל ביה""ח משוק מתחת לברק היו 15 פצאי עור רבים כמ…"
1931-05-28	haam	haam19310528-01.2.40	…חיפה להעברת ביהיה הדסה לרשורת הקהלת שלשום היתה ישיבת הניועצה טול ועד הקהילה בחיפה יחד עס ביכ הרסה על העברת בית החולים לרשור־ז ועד הקהילה נבד־זרה ועדה מיוחדת ד־ר א. וויינשל ז. וויינשל המהנדס רוט וה־ בינח בכד־ להכשיר את המו• ני. שלשום החקי…
1947-05-29	haderechjlm	haderechjlm19470529-01.2.13	"…שעי׳, קאמפ 66, א. 39, לאחיו ישראל קליין, קרית ים ע״י חיפה, דואר קרית חיים. קרייאר קילא, קאמפ 67, לחנה ו־ ישעי׳ קמינצקי, חיפה, גאולה 4. קצ׳קוביץ אלכסנדר, קאמפ 67, ל־ קצ׳קוביץ מרקו, ירושלם, שכונת ה־ פועלים, בית הכרם, בית חלפוני. רובוז לסלו, (רוחני צבי), ביה״ח הצבאי בניקוסי-ה, מבקש את אגון שורץ בחיפה, הר הכרמל, נחשון 6, לכתוב לר. ""^.^ פריד שמואל, קאמפ 67, למנחם פריד, ת״* הירדן …"
1930-06-27	hadoar	hadoar19300627-01.2.9	"…יות, מבאלפוריה ועוד. באו אליה גם ראשי ה״סוכנות היהודית"", ראשי מפלגת העובדים ומוסדותיה, רופאים רבים מתל־אביב, מירושלים, מחיפה. כל האורחים נתקבלו בסבר יפה בבית המשק אשר לבית־החולים. ד״ר הירשוביץ, מנהל בית־החולים, יסקר על מצב הרפוי בעמק, מעת היות בית־חולים עראי בצריף רעוע במושב עין־חרוד ועד הבנות בית־החולים הגדול והנהדר על אדמת כפר־ילדים. בית־ החולים מכיל גם מחלקה ליולדות. …"
1948-12-23	hador	hador19481223-01.2.49	…יכוזי העולים — הי ערב בי6 פגישה בבית הפועלים. קוגצרט של פנעה זלצמן — במוצאי שבת ב״ביתנו״. (סיפריה רפואית בצה״וו הממשלתי בבית החולים הממשלתי בחיפה מורגש במאוד מחסור בטפרים רפואײם חדישים, בשלטון הבריט הױ רק ספרים מעטים ל■ רשת העובדים ותלק מהם נע/ יהד עם הרופאים הערבי…
1948-12-27	hador	hador19481227-01.2.60	…שים את המפרעה שניתנה כבר לכל יתר עובדי הממשלה כלומר 40 ל״י לעובדים קבועים ו°ס2 ל»י לעובדים יומײם. באספה הכללית של עובדי בית החולים |הממשלתי הוחלט לבקש ממועצת פועלי 1 חיפה להכריז על שביתה אם הנהלת בית החולים תחזור על תשובתה המתחמקת שנתנה בעױן זה לפױ זמן מד״ יום עױן לעוליש הדשיש במעמד 140 פע…
1935-08-15	haolam	haolam19350815-01.2.13	"…־אביב הגדילה אח הונה מ־‭4000 ‬ "" עד ‭7000‬ לא""י — בתי־אביב נוסד בית חרישת בשםגמא"" לעיבוד קני־קש לגמיאת "" נ־זלים קרים — בחיפה פתהו ה יי ה ווילבושביץ וזיידל ביח""ר לקרח העובד עפ"" י שגיד, חדשה ויכול להכין ‭2500‬ שדדי קרח ליום — חברה פרטית הקימה בחיפה מחסנים לסחורית עי שטח של ‭3000 …"
1936-06-04	haolam	haolam19360604-01.2.23	"… את האופי הצבורי שלב ית האריגה ""גזה"". שהוא קואופרטיב שנוצר מטעם קבוצת חברות מקבוץ יגור ומשמר זבולון, בעזרת בית החלוצות בחיפה. את ענף האריגה שבתערוכה משלימים עוד: ביה""ח של פ ר י י ט ג, כל המייצר מיני ^ד:ם לבגדים וללבניס ובדי־פרוטה למגבות, לסדינים, למעילי־רחצה וכר, וביהה""ר של האחים ירושלמ…"
1936-06-04	haolam	haolam19360604-01.2.23	"…שוק גדול ונאמן לתמציות אלה. נמצא, שבנות־הארץ המעדיפות את תמרוקי־פריז, אינן עושות זה, כנראה, אלא מתיבת תוצרת־הארץ.. . את ביהח""ר שבבנימינה משלים עכשיו ""תמציץ"", ביחיד חדש לתמציות־פירות, שנפתח לא מזמז במפרץ־חיפה והעובד גם הוא לאכםפורט. # # • שורה שלמה של מפעלים חדשים, בינונים וקטנים, מייצרים אמצעי ניקוי וחטוי, כל מיני דיו, דבק, טוש, נייר־פחם וכלים מחמדים הימיים. לתשומת־לב מיוחדת ראויים בתי־ההרושת, המוציאים לשוק סחורות חימיות ל צר כ י בנין: ""צבע"", ביח""ר לצבעים וללבות? ""שרף"" - ביח""ר לניר־אספלט ולחמרי איזולצית השנה האחרונה העשירה אותנו בתעשיה פרמצבטיח ענפה, שמפעליה מפזרים גם בת""א, גם בירושלים וגפ בחיפה. אבל לשוא נבקש את השמות: ""דלל"", ""צרי"", ""טבע"" וכר בין המציגים. מדוע ?.. . כדי לנמור את המדור המעניין הזה כדאי עוד להזכיר…"
1936-06-04	haolam	haolam19360604-01.2.23	"… עומדות עגלות־הילדים של ""ברזילי את ל ו י, "" זו תוצרת־הלואי של תוצרתנו היקרה ביותר. ויש לציין באופן מיוחד את כלי־החרס של ביהח""ר ""קדר"" בחיפה בגלל יפייס וטוב־טעמם. ארמון תוצרת הארץ איגו מכיל, כמובן, את כל התעשיות שבארץ. כבר הצבענו על העדרה של התעשיה הפרמצבטית. …"
1937-06-17	haolam	haolam19370617-01.2.10	"…עה מאסירי . המאורעות, שהסוכנות היהודית ביקשה על חנינתם. — מחלקת הבריאות של הממשלה חתמה על חוזה עם""""סולל־בונה"" בדבד בנין בית־החולים הממשלתי בחיפה. הבנין יעלה כתשעים אלף לא""י, עבודת האינסטלציה נמסרה לחברת ""חירות"". בתור השאר התנתה הממשלהבחוזה, שעל ""םולל־בונה"" להעסיק …"
1937-11-11	haolam	haolam19371111-01.2.6	"…יום ‭40‬ בתים. היא נבנתה מכספי קרן ""בילינםון"". חשטח מקיף ‭200‬ דונם ונרכש בעזרת הקה""ק. כל משתכן קיבל שטח של דונם וחצי. בחיפה. — העבודה בבנין בית־החולים הממשלתי מתקדמת בקצב מהיד. העבודה הנערכת ב־‭100. 000‬ לא""י נעשה ע""י ""סולל בונה"". דוב הפועלים נלקהו מבין מהוםרי־העבודה. ע…"
1937-12-23	haolam	haolam19371223-01.2.9	"…שקיע בספים בארץ־ישראל. בשנת הדו""ח השקיעה סכום נוסף של ‭8000‬ לא""י בשטרי התחייבות של הבנק האופתיקאי הכללי של אדץ־ישדאל . ביהח""ר גידה לתחיה. — על אף ימי השפל עובד ביהה""ר לאריגים מגידה ליד חיפה זה שבעה הדשים בלי הפסק. עיקר הייצור כיום הוא אגד לתהבשות, בד לבגדי עבודה ועוד. התוצרת נמכרת חיש מהרה בחיפה ובישובי העמק…"
1938-02-10	haolam	haolam19380210-01.2.8	"…מכל המפלגות והאירגונים למיניהם. מפעולות ""םולל־בונה"". — פעולה ענפה בשדה כיבוש עבודה עברית ביחוד בםיקטור הבנין הלא יהודי בחיפה ובסביבה נעשתה הודות לאיחוד שני המוסדות הקבלניים: ""המשרד הקבלני"" ו""םולל־בונה"". העבודות . בשדה זה נתנו ‭140. 000‬ ימי עבודה, ובהן בנין בנק באדקלייס, בית החולים הממשלתי, עבודות הצבא ואחרות. ‭100. 000‬ ימי עבודה ביתנה בסלילת כבישים ע""י העידיה הממשלה ועוד. ‭50. 000‬ ימי עבודה היו ב…"
1938-05-12	haolam	haolam19380512-01.2.5	"… ‭, 1938‬ היינו במשך 5 שנים, קבלנו בס''-ה מהממשלה כ־‭35, 000‬ לא""י. הסכום הזה אינו כולל את התמיכה הניתנת ישר ע""י הממשלה לביח""ח העירוני בתל־אביב, וכן מספר הקצבות שהושגו בהשתדלותי ונמסרו ע""י הממשלה ישר לתעודתם. במצב כספי קשה ביותר נמצאים בתי החולים של הקהילות העבריות בחיפה ובטבריה. חוסר אמצעים בידי הועה""ל, מחוץ לכספי התמיכה הממשלתית, שולל ממנו את האפשרות להושיט עזרה* מינימלית למפעלים הרפואי…"
1939-07-20	haolam	haolam19390720-01.2.9	…ים, יערבי אחד ששמר עליהם נאסר• — דוגמה שניה לדרכי הטידוד הערבי היתד, ההתנקשות של שלושה ערבים מזויינים בחולה ערבי , בתוך בית־ החולים בנצרת. המרצחים פצעו את החולה ביריות מאקדחים— היו עוד מקרי ידיות אל שוטרים בריטיים בחיפה. בכלל משמשת סביבת נצרת קן למרצחים ובשבוע זה נתפסו שם שבעה עשר ליסטים מזויינים יכן ראש כנופיית ידוע. — על מקצת ממלאי הנש…
1941-01-16	haolam	haolam19410116-01.2.17	"… ו""בנלאל*. ביחד — ‭335‬ לא""י. בסך הכל הונא לעבודת מיוע סך — ‭134*27. 269‬ לא""י. ב) לעזרה קונסטרוקטיבית 1) בערים : לבנין בי""ח בחיפה — ‭2, 100, 514‬ לא""י; יישור חולות בתל-אביב — ‭1. 650‬ לא""י! אוצר מפעל הבונים, ע""י התאהדות בעלי הבתים בת""א — ‭500 ‬ לא""י…"
1941-01-16	haolam	haolam19410116-01.2.17	"…קות ברמת־גן • — ‭100‬ לא""י. ביתד — ‭3. 300‬ לא""י. בסך הכל לעבודות קונסטרוקטיביות — ‭8*46, 672‬ לא""י. ג) בריאות. •להחזקת ביה""ח ""הדסה"" בחיפה — ‭550‬ לא""י; בי""ח שווייצר בטבריה — ‭500‬ לא""י! לבית ההבראה לחולי שחפת בירושלים — ‭400‬ לא""י; ולשרויות שונות של מחלקת ה…"
1941-10-23	haolam	haolam19411023-01.2.8	"… לשם חלוקת המסכות חינם בהתאם למידות הדרושות. בשביל תושבי ירושלים נועדו ‭120, 000‬ מםכות־גאז. תל־אביב תקבל ‭. 150, 000‬ בחיפה הוכנו עי'י פקחי ה. ג. א. אלפי מסכות־גאז עוד לפני שנה. יש לציין שרב מספר התושבים בכל הארץ שכבר רכשו מסכות־גאז מכל המינים בכספם הפרטי. בבית־החולים האוניברסיטאי ""הדסה"" בירושלים הושלמה חציבת המנהרה שתשמש מקלט לעובדים ולחולים. המקלט שהוא הגדול והמשוכלל בארץ ארכו כתשעים…"
1942-11-05	haolam	haolam19421105-01.2.5	"…יעת כלי־רכב באיזיר החיץ מבלי רשיון מיותר לכך מאת השלטונית. איםיר דה איני חל על אמור החוץ העירוני של תל־אביב ויפו. חנוכת בית החולים רוטשילד"" בחיפה השבוע נערכה חנוכת "" בית־החולים ""רוטשילד"" בחיפה, שחלקו הראשון כבר הושלם. הבנין הוקם ליד דרך־ המלך מהדר הכרמל להר הכרמל. בטכפ החגיגי השתתפו הנציב העליון (שפתח במפתח כסף…"
1944-11-30	haolam	haolam19441130-01.2.27	"…סתדרו הצופיפ, ""הפועל"", השומר הצעיר, ויצ""ו הצעירה, מכב מכבי חצעיר, שבטי חבוניפ, כיתוח ז' וחי של הגימנס• העברית בירושליט, ביח""ם חתיכון בירושלים (בית חכרב בית חחינוף התיכון בירושליפ, בית־הפפר התיכון ""במעלד בירושלים, הגימנסיה ""בלפור"" בתל־אביב, בית־הספר הריאל בחיפה, ב יתהמדרש חעברי למורים, ירושלים (כיח הכרג אל הכרוז הצטרפו אחרי־כן גם תלמידי בה""פ האלה גימנטיה ""הרצליה"" בת""א, ביה""ט התי…"
1945-07-26	haolam	haolam19450726-01.2.11	"…ו בענין זה. המשלחת היתה מורכבת מה""ה הבאים : י. בן־ צבי וד""ר א. קצנלסון מהנהלת הוועה""ל, ג. לווין, יו""ר ועד הקהלה העברית בחיפה, ש. לוי, יו""ר הועד המנהל של ביה""ח ""רוטשילד"" בחיפה, והד""ר י. מאיר, המנהל הרפואי של קופת החולים. מ""מ הנציב העליון הביע את הערכתו לשירותים הרפואיים של הישוב…"
1946-07-25	haolam	haolam19460725-01.2.7	…וע, עומד בהרחבת מרכז הטכססיל ברמת־גן, לאחר שכבר הזמין באמריקה ובאירופה את המכונות ואת דח־בר הגלמי הדרושים לייצור. להקמת נית־חולים נזול בחיפה נוסדה חברה -אלישע־ בהון יסוד של ‭100. 000‬ לירות. המוסד יהיה פרטי ו־%‭50‬ ממניותיו תהיינה בידי רופאים. ביה־ח יכיל ‭150 ‬ מיטות וציור משוכלל, ויקל הרבה על מצוקת האישפוז בחיפה. ספינת־א־ממ-מ לב-היס ר-מ־ שליד התכניון העברי בחיפה. נוספה עתר, עם רכישת םפינת־מפדש־ומנוע גדולה שהותקנה וצויירה במיטב הציוד לתפקידה החדש• נסח הםפי' נה — ‭106‬ טון והיא תוכ…
1946-12-12	haolam	haolam19461212-01.2.10	…ות על סיפונן ‭240‬ איש. המע־ פילים באי סובלים בעיקר מחוטר מקלס מפני חגשם. יושבים עיר באי ‭510‬ איש. 8 חולים קשים חוענרו לבית־חולים ברודוט. 750 הגיעו מקפריסין לארץ ביום השלישי לפנות ערב הגיעו לחיפה 750 מעפילים מק-פריפין, בני ארצות שונות מאירופה, ומהם : ‭313‬ נש־:• ‭29‬ ילדים והשאר גברים. העולים שוכנו בבתי הסוכנות שנ…
1946-12-12	haolam	haolam19461212-01.2.10	"…שימשו קודם מועווני־הארהה לצנא. המוסד עומד נקשר גט עם נתי־מלון, המפנים אליו את האורחים הפעוניינים. נם עתונאי־חוץ, הנאים לחיפה או מזדמנים אליה, מוצאים פה עזרה, עצה והדרנה. הלשנה משמשת מקום פגישה עם תיירים מתו-ל, שנרצינם להניד מוסדות ומפעלים נארץ ולסייר נהם. להקמת בית־חולים מרכזי לחולי שחפת כנר נאספי ע""י . הלינה למלחמה נשחפת- ‭50. 000 ‬ לירות, והן מתצית הסכום הדרוש להוצאות הבנץ. במעמד אורח־ם…"
1947-07-24	haolam	haolam19470724-01.2.7	"…תה יופיים לאחר לדתה. בעלה והתינוק נמ־ מדם באניה• ויליאם ברנשסיין, בן ‭, 28‬ ממאן פראנציפקו, יהודי מעובדי תאניה, מת בורך לבית החולים הממשלתי. מרדכי ביםשטיין, בן ‭. 23‬ צבי יעקובובין(?* בן ‭. 15‬ נהרגו ע""י מלחי הצי הבריטי. בביה""ח הממשלתי בחיפה שוכבים המעפילים : אריה בירנבאום, בן ‭, 26‬ מצבו קשה! ויליאם מילמאן, בן ‭, 24‬ ננרם לו שנר בלסת: ארנטט וייס, בן ‭, 24‬ פ…"
1947-07-24	haolam	haolam19470724-01.2.7	"…. אנשי הכנופיה דקרו אותו בסכינים, כוי להשתיקו. בינתים שמעו היהודים את הצעקות ובאו אל המקום. אז ברהה הכנופיה. הפצוע הובא לבי""ח. מצבו קשה. באור ליום ב' נערכו בחיפה שתי התקפות על מחנות צבא בהר הכרמל בחיפה. באחת — התקיפו במכונות יריד, ובפצצות והתכוונו לפוצץ את תחנת הראדאר. בהתקפה זו נהרג אליעזר ארקין מעקרון. התקפה שניר, בוצ…"
1948-01-08	haolam	haolam19480108-01.2.14	"…ו לארץ לפ:' שביעי־ם םקפר־םץ, הותקף בין חסה לאשדוד על־ידי ערבים, שירו עליהם מרובים יםמקלעי־סטן. שח־ :עייל :: צעי והועברו לבית־חול־ם. שתי מכמיותיצבא שנסעו אחרי האוסובום, לא השיבי אש לתוקפים והמשיכו את דרכם. בחיפה נורה ע""י אלמונים ונהרג מרכוס וייצמן בשעה שנהג מכונית דלק ברחי ההר, סמוך לכנסיח סט. לוס. המכונית נתגלגלה במדרון. ברחוב ה…"
1948-01-08	haolam	haolam19480108-01.2.14	"… מהמשטרה או הצבא, ביריות אלה נתקפחו חייה של חנה גרדי- בת ‭-20‬ תלמידת בי-ס לאחיות ב. הדסה• אשר חזרה לעבודתה למחרת שובה מחיפה, שם ליותר. לקברות את בעלר"" היא נסעה במכונית משורייגח עם עור אחיות ועיבדם בבית החולים. כדור חדר דרך בג המכוגית ופגע ישר בראשה של הצעירה והיא נהרגה כמקום. למרפאתהדסה־ - במרכז העיר הובאו עד שעות הצהרים תשעה …"
1948-01-08	haolam	haolam19480108-01.2.14	…יזור ערבי בחיפה• גופת אלמוגי שטרם זוהתה, וכפי שמוסרים ממקורות ממשלתיים חושבים שהיא של יהודי. נמצאה אחה-צ ברחוב הכנסיות בחיפה. גוית אשד. שנהרגה ביריית כיוס הי. 1 בינואר, בבוקר הובאה מהשוק הדמשקאי בקרבת בית הכלא בחיפה לבית החולים רוטשילד. ערבי נורה בבטנו ונפצע קשה במרכז המסחרי בחיפה בצהרי יום זה. הוא הועבר לבית החולים הממשלחי בחיפה. ביום ו־ נורד יריות רביח מהרובע הערבי בצפת לעבר הרובע היהודי. אנשי המגן שנמצאו בעמדותיהם השיבובאש, וחלופי…
1948-01-08	haolam	haolam19480108-01.2.14	…חרים ברחו. ברחוב הנאמנים כמרכז המסחרי החדש הבחינו אנשי ההגנה בשבח בערבי מזויין שברח כשהתקרבו אליו. ירו בו ופצעוהו ברגל. לבית החולים הממשלתי בחיפה הובאו גויות של שני ערבים שנהרגו ביריות. מסיבות מותם אינן ברורות. גוית אשד. הנראית כיהודיה נמצאה בשבת בבוקר השכם בקרבת בית הסוהר ליד השוק הערבי בחיפה. הועברה לבית החולים רוםשילד• כבת ‭. 40‬ טרם זוהתה. מתוך טנדר (סבורים שהיה צבאי) שעבר בקצה דחיב שבתי לוי נורו יריות במוצ-ש ב־‭. 9‬ שני יהודי…
1948-01-15	haolam	haolam19480115-01.2.10	… בבתיהם ברחובוח. מומת ההרוגים הונחו בבית ה-סכבי• ברחובות ומסד- כבוד ייצב לידס. בסבת בשעות הבוקר נמצא הרוב ברחוב חיג'אז בחיפה ארם בשם אריה בגר. בן ‭. 50‬ בתיתו הועברה לבית החולים הממשלתי. פפקור ערבי נמפר באילו ההרוג נפצא פשי־ טס ברובע הערבי בחיפה ונלקח לחקירה למקום מסוים על ידי אנשי . המשמר הלאומי…
1948-01-15	haolam	haolam19480115-01.2.10	"…את זהותו, אך בדרך ניסה, לרבת הערבים, לברוח. אז ירו בו והרגוהו. בסבת אחרי הצהרים נורו יריות מבית שבקרבת תחנת הכוח הישנה בחיפה בסביבות נשר ""שאל־ על איפיבים יהוד. צבי שתארץ• בז ‭. 35‬ מקרית ים' נפצע בידיה והועבר במצב לא קשה לבית החולים רוטשילד. כעבור זמן מה נורו באותו מקום יריות על שני אוטובוסים ערבים. לבית החולים הממשלתי הובאו בשבת עור שני פצועים ערבי*…"
1948-01-29	haolam	haolam19480129-01.2.12	…סוריים. םבורים. כי לכנ־פיות ננדמו אבירית נוספות. בהתקפות היום הקודם נפצע גם הבוסר אליהי אדלר. יתד עם פצועים אחרים הועבה לבית־ההולים הצבאי בחיפה ושם מת מפצעיו. יצויין, כי בליל יום ג־ יעצו השלטמות הכריסיים לסובנית 'היהודית בירושלים >הו!יא :זק-ד־־. פינן ־־ של מצורת …
1948-01-29	haolam	haolam19480129-01.2.12	"…ה פורקה על ידי חיל המהנדסים המלכיתי. ביום ד• אחה-צ נירה ברחוב אבאס ערבי בן ‭, 35 ‬ שנפצע קשה וילד בן ‭. 12‬ ש מתבליל ה' בביה""ח הממשלתי בחיפה. מהררבע הערבי בעיר העתיקה בטבריה ירו אל השכמות היהודיות שבעיר התחתונה. הערבים השתמשי במ בנשק אוטומאמי. חילופי־היריות נמ…"
1948-01-29	haolam	haolam19480129-01.2.12	"…נין עחעף באוויר ונהרס כולו. אנשי ה""הגנד. "" חזרו אחרי כן בשלום לבסיסם תוך חילופי יריות עם המרצחים שבסביבה. אחרי בן הובאו לבית החולים ביפו כ־20 ערבים פצו־ לס, שכפי שסבורים נפצעו בהתקפה זו. בליל שבת מת מפצעיו שלמה לזר? מנפגעי הפצצה ב־‭14‬ לח. ז. במרכז המסחרי החדש בחיפה על תור האיטי־ בוסים. בן ‭. 61‬ מוותיקי המדפיסים בחיפה. נפגע מהפצצה כשעמד לחזור מעבודתו הביתה. זהו הקרבן השביעי של הפצצה? פועל נמל ערבי בן 25 שנורה כיום החמישי במרכז הססחרי החדש בחיפה, מת בבית החולים הממשלתי. במדרגות הנזירות. שבהמשך רחוב הנביאים. נורה ונהרג ערבי בליל שבת. כמה יהודים נעצרו' ע־י צבא ומשטרה כשברשותם נשק,…"
1948-01-29	haolam	haolam19480129-01.2.12	"…מו־ נים עליהם והובטחה חקירת המקרה והכאת האחראים לכך לב ה־ד? בשבת ירו כוחות ההגנה אל ערבי, שנראה נ ז- . בת מדרגות סיברי בחיפה לביה""ח הממסלתי הובאו בשבת עוד שנירב־ם ע. סנםצעי בםביבות מדר:-"". ע כד כממאד שבת מתו שניהם מפצעיהם. הצבא פירק מםנדר־נוטרים כדרך …"
1948-02-19	haolam	haolam19480219-01.2.16	… אחר• זה נורה. בפעולת תגמול. ערבי מזויין ונהרג. ערבי שני נטול הכרה הובא לביהיח. ביריות מצד השכונה הערבית נהרג בתל־עמל שבחיפה הנהג משה מופקוביץ. בן ‭. 45 ‬ זלמן האבר. בן ‭, 36‬ שנפצע כיום הקורם םכדור כנוס־ יה ערבית, מת בבית החולים. אש עזה הימטרה על מכונית יהודית ומכונית משם* רה. שנסעו לעין זיתים. נם מכונית המשטרה שבאה לעזרה הותקפה באש? ירושלים זועז…
1948-02-19	haolam	haolam19480219-01.2.16	"…ק• כפי שמוסרים נעצרו 12 ערבים' אך שבעה מהם שוחררו. ביום זה נפצע ביריות ימת אחר כך אריה כריראי. בן ‭, 64‬ מותיקי המורים בחיפה. באותו יום נספה באסון מאיר כהו. בן ‭, 25‬ איש ההגבה. ביים השבת נפצע מיריות ערבים נער בן ‭, 12‬ אהרן לוי ומת כעבור שעות אחדות. לביה""ח הממשלתי הובאו ערבים פצועים אחרים, ובי-ניי-ם אחד קטוע שתי ידיו. בביתו של זה מצאו אחר כך רימו! ורובה. אחד הפצועים מת. נמצ…"
1948-02-19	haolam	haolam19480219-01.2.16	"…שוחררו אחר כך. היו התגגשויות אחרות בין ערבים וחיילים. ארבעה חיילים גהרגו. וגם מספר ערבים נפצעו. ערבים מזמינים התקיפו את ביה""ח הממשלתי בצפח והוציאו משם מפקד כנופיה פצוע אמיר. חיפה הפכה ביום אי. ‭15‬ בפברואר, לשדר. קטל לי? הודים באשמת הלגיון הערבי. שפתח כיריוח ללא הבחנה על אזרחים שלווים. משעות הבוקר…"
1948-02-26	haolam	haolam19480226-01.2.14	…. 22 ‬ נתברר כי שם איש ההבנה שנפל בעמדה ביום ב' אחר הצהרים. במזרח הדר הכרמל הוא יצחק יזיינברנ. אור ליום נ־ הביאה המשטרה לבית החולים רוטשילד גבר כבן ‭20‬ שזהותו נקבעה כיהודה ניימרק. גווייתו נמצאה על יד רח' הנביאים בחיפה. מכונית הלגיון העהבי הותקפה כבוקר ביריות. שנורו מאחד הבתים במבואות חיפה, נמםר כהודעה לעתונות. מאותו בית נורו אחר כך ירי…
1948-02-26	haolam	haolam19480226-01.2.14	…ש. כשעח החיפושים ביום ו? כתל־עניי ובשבח כהדר הכרמל נאסרו שמונה יהודים והוחרם רובי אחד. בשבת נערך חיפוש גם בא־זור הערבי בחיפה והוחרם שתי מרגמות ושבעה רובים. יריות רבות נורו ביום ו' אחה-צ לרובע היהודי בצפת מעבר הרובע הערבי. יהודי אחר. פרחי אלחנן. בן ‭. 19‬ פועל ביח־חרושת לאריגה במרכז צפת, נהרג. בשבת התחדשה התקפה על הרובע היהודי מכוונים שמים- אנשי המגן השיבו ביריות וסבורים כי ארבעה פ…
1948-02-26	haolam	haolam19480226-01.2.14	"…ר שהוציאו ממנה נשק. הטחנה נהרסה ושני ערבים לפחית נהרנו. אנשי ה""הגנה"" חזרו בשלום לבסיסם. אחרי הפניעות באוסובוס מס' ‭14‬ בחיפה בוצעו כיום ב? ‭16‬ בפברואר על ירי ה-הגנה־ פעולות תגמול נגר מכיניות צבוריות ערביות. שהובילו אנשי כנופיה. לבית החולים הממי שלחי בחיפה הובאו שני ערבים פצועים שנפגעו, ביום ני, ‭17‬ בפברואר בבוקר. סיכלה יחידה של ההגנה הנחת מוקשים חשמליים בכ…"
1948-03-25	haolam	haolam19480325-01.2.27	…רבו 6 ערבים מזויינים בואדי ניסאנס ופצעו ד. נפגעה קשה נם התחבורה הערבית, 9 אוטובוסים ערביים ושתי מכוניות טכסי נפבעו קשה. לבית החולים הממשלתי בחיפה הביאו ביום ו־ ובשבת ‭10‬ הרובים ערכים ו־‭18‬ פצועים. כבופיה ערבית פתחה בהתקפת יריות עזה לעבר הרטוב, בהרי ירושלים, בשבת …
1948-03-25	haolam	haolam19480325-01.2.27	…מרחובות לנגב בלוית משמר צבאי? עלו על מוקש בקרבת הכפר הערכי בית בירב'יה. לא רחוק מקיבוץ -יד מרדכי'־. נפצעו שלשתם והוכנסו לבית חולים. יום אי, ‭21‬ במארס, היה יום התקפות חוקות על התחבורה היהודית וקרבנות יקרים רכים נפלו חלל. בערים לא היו נסיונות של התקפות רציניות. מלבד ההתנקשות בחיפה בעזרת מכונות־תופת, . שברמה נס היא לשפך דם רב. יריות נמשכו במשך כל הי־ם בירושלים על השכונות היהודיות- למבינים לא נברמו א…
1948-04-08	haolam	haolam19480408-01.2.13	…הצלפים הער• בים' שלא פסקו כל אוחו יום. יהודי אחד נפצע. בנימין הורדום, מפקידי חברת -שמן-? נהרג ביריות על מכוניחו בכניסה לחיפה. הוא נורה בגבו וחיילים אספוהו לבית־חולים, אולם בדרך הוא מת. מחצבת םובא שליד מוצא הותקפה בצהרים. כנופיה ערבית גדולה תפסה עמדות סביב המחצבה והמטירה אש מ*3 כוונים:…
1948-08-05	haolam	haolam19480805-01.2.11	"…-ד. ישתרעים לדגלי הר הגלבוע בין מסילות ונירידוד ובין שדה־אליהו וםירת־צבי. הם מקיפים כחמשת אלפים דונם ממיטב האדמות סבעםק ביח־שאן. הגופים העולים — קבוצת ""שלוחות- של הפועל המזרחי. בוגרי עלית הנוער מגרמניה ומצ'אכיה! וקיבוץ ""רשפים"" של השומר הצעיר ממפרץ חיפה, שרוב חבריו מעולי רומניה• לאדמות שפון, אשר בין רחובות וכאר־יעקב, עלה קיבוץ . בוכנואלד?' מראשוןילציון (הקיבוץ המאוחר). ה…"
1948-09-23	haolam	haolam19480923-01.2.15	"…ששרהסנים טרם נתן את הרשיון להפעלת המשדר. נפתחו בתי־ספר לאחיות מטעם משרד הבריאות הממשלתי נסתחו השבוע בית הספר לאחיות ליד ביה־ח הירקון בתל־אביב ובית הטםר לאחיות ליד ביה""ח הממשלתי בחיפה. מסםר התלמידות בשני בתי־הסםר הוא ‭. 70 ‬ קבוצת הכדורגל לאמריקה יגאה לאמריקה נבחרת ישראל בכדורגל. הנבחרת מונה ‭18‬ שחקני…"
1930-01-31	haretz	haretz19300131-01.2.3	"…‭? ' ‬ האחדות ולאומיו! והכוס. הפרטי!?. ז 1 בענין השביתה בביח""ח מבתק של ה""ןז קאראמאן| דיס וסאלטי בחיפה נודעו לסופרנו הפרטים דלקמן: לפני פרסים הכרוז, שכבר ספרנו עליו, היתה פניי! שת בין הועד המרכזי של אגודת הפועלים הערבים וב…"
1931-04-10	haretz	haretz19310410-01.2.18.1	"… אטיננחן עבה מוזו""ל I ומקבלת שעורים בנגינה ן לפנות אלנבי ‭. 13‬ קומה ‭6-4 , 2‬ אחהיצ ן ? ־ ‭! 1 ‬ י> ברוך ניםנבוים מנהל בית החולים . הדסה"" בחיפה 'ק:ל חולים במחיי ות פנימיות I , , ! החל מ־‭20‬ לאפיייל־1 ש*ז ו גם באופן פרטי 1 הדר־הכרפל, רחוב גלעד, נית פולק קבלת הולי…"
1931-04-16	haretz	haretz19310416-01.2.41.2	"…"" נותנת שעור בעברית תמורת שעור באנגלית לפנות בכתב למשרד . חארץ"" בשביל ש ? ? ‭? = .... .. -. -? ‬ בגברוך ניםנבוים ן סגהל בית החולים . הדסה"" בחיפה I יקבל הולים במהלות פנימיות ן חחל מ־‭20‬ לאפריל־' ש*ז I גם באופן פרטי I הדר־רכרמל, רחוב גלעד, בית מולק ; ן קבלת חולים ר…"
1931-04-20	haretz	haretz19310420-01.2.18.1	"…‭? — ?I ‬ י> ברוךניםנבוים ! מנהל בית החולים . הדסה. בחיפה ן I מקבל חולים גם באופן כרטי | I הדר־הבדמל, רחוב צלעד, בית פולק I קבלת חולים דק מ־‭3-5‬ אחהיצ ד""רנחכהן ן \ ן סגהלמחלקת …"
1931-07-21	haretz	haretz19310721-01.2.23	"…עדת מומחים אשם חקירה ההוצאות בבתי ההואים שי המוסדות הנתמכים כאת הסוכנות. הועדה חקרה עא המקום בשני בתי החואים שא חדםח — בחיפה ושא קפת תהואים בעמק, בתנה את תקציבי שני בתי החואים האמורים וחגישח לועד הבריאות את מםקנותית. תכנית הקמוצים שהוצעה ע""י היעדח בשביא ביח""ח בחיפה היאכתמתגש־ י מת כעת, !תביא אהפחתת ההוצאות בביח""ח מ־‭11. 000‬ אא""י א־‭8. 200‬ אא""י בערך. וער הבריאות מעיין בעת בתכנית, שהוצעה ביהס אביה""ת בעמק. תקצרבי הבריאות של מוסדו…"
1931-07-21	haretz	haretz19310721-01.2.23	"…שלש נקודות בעמק. בהתאם אררישת המזכירות לעניני תבריאןת נענתה הממשלה ואפשרה הוםפיטאיזציה נוספת (מהוץ אביה""ח של קפ""ח בעמק) בביה""ח הממשאתי בחיפה, העמידה ארשות תעברת החואים אביה""ח אמבואנם מיוחד, אפשרה את סדור ' ההרכבה הכאאית שא התושבים ואת סדור הבדיקות הםריאוגיית י…"
1931-08-09	haretz	haretz19310809-01.2.15	"…פרנס מתיפת שתתארהה בשפיה (בת ‭, (28 ‬ ושתי תניכות ש? בית היתומים. דבקת פרנס ותהניכה הביבה יצתקי תובאו מיד באוטו ?הדסה"" בחיפה והשלישית הועברה ?ביה""ח "" בזכרו! יעקב. הגב' פרנס מתה מפצעיה בו בערב. מצב! ש? שתי החניכות קשה. המנוהה השאירה אחריה בעל, פועל בשמן•/ "" וילד ב! ‭.…"
1931-08-14	haretz	haretz19310814-01.2.40	"…בחיפה דיג של פצצות דיג מםא־, פ, :ד שבסביבת עתיייט ־צא ?דוג בים ועמו פצצה. בשעת הדיוג נתפוצצה הפצצה ואחת מי• ־ דיו נקטעה. הפצוע הובא ?ביה""ח הממש?תי בחיפה, וכשנחקר ספר שרג גרו? כרסם את ידו. והוברר כ־ העדות כוזבת, נימנה פקודה ?אסרו. תמו? נאסרו עוד שש־ אנשים מן …"
1931-08-21	haretz	haretz19310821-01.2.31	"…; • בחיפה עניני נית־החוליםהדסה"" "" ביום ד' התקיימה ישיבת ההנהגה של ועד הקהלה וועדת הבריאות, שדנו על מכתב שנתקבל מהנהלת הדסה"", שבו היא דורשת מן הועד תשובה ברורה "" ותכופה בעני! העברת ביה""ח המקומי ?רשות ועד־ הקהליה. ""הדםה"" מאימת גם בסגירת מוסדותיה בחיפה. בוכוחים צוין, שקורם הבטיחההדסה"" להשתתף "" בששים וחמשה אחוזים מ! התקציב השנתי של שמונת אלפים וחמש מאות לא""י. בגאצ ירידת …"
1931-09-24	haretz	haretz19310924-01.2.33	"… "" מ־יקה, על ההסכם עם ועד הקהצה בדי־ מסירת המוס תת ידיעות הועד — ניתנה פקודה ביום ג' מהנהצת הדסה"" בירושציס צהנהצתהדסה"" בחיפה שצא צק־ "" "" בצ חוצים צמחלק־ ־פנימית של בית החולים. ועד הקחאה 'עלה מדאה יהנהלתהדס־ו"" בי־י""־! "" ליבו עי הההיטה ־מהירה צפני שתברר השאלה. ־וער מדגיש, כי בועדה שבררו! את השאל…"
1931-09-27	haretz	haretz19310927-01.2.35	"…בחיפה המכס נין ועד הנןהלה והדסה"" "" ביום ה' הושג הסכם בין ועד הקהלת והדסה"" "" על דבר החזקת בית החולים על *ד' חקהלה בהשתת־ פותהדסה"". להסבם 'ש תוקף מאחד באיקטובר עד "" ‭31. ‬ בדצמבר ש. ז. גשש שוטר אתמול השתרר בחיפה מזג אויר …"
1931-09-29	haretz	haretz19310929-01.2.33	…ומת? יא הביא עיי־ן ייר־ עוס תוצאות, ויש יחשוש שמפני המצב החומרי הדחוק, שבו נתון ימיפד, יוברח אהפסיק קב ל ת ־ואים עניים. בית החולים בחיפה אח־־ השיחה נודע לנו ע־נהאת הדסה באה אידי הפכם עפ ועד הק־יה בחיפה. לפי חחסכם מקבא ועד חקהאה לרשותו את בית החולים מן הראשון באוקט־בל לשלשה הדשים, והדסה מתחייבת ייתן לועד םבום מסוים אהחזק…
1931-10-07	haretz	haretz19311007-01.2.30	"…בחיפה לאחר ההסכם בין ""הדסה"" וועד הקהלה בידוע, נגמר סוף סוף חחסכם בין ועד המהלה והדסה"" בבדבד העברת בית החולים וחטרפאהר־ ל "" שות הועד. ההסכם הוא, לפי שעה, בתורת נסיון, לט־ שך ג' חדשים, חיינו: טאחד באומטובר עד חאחד בהצטבר ש. ז. חדס…"
1931-10-29	haretz	haretz19311029-01.2.16	"…5‬) קבוע ועומד בערך במשך חמש השנים האחרונות. ללה בעזרת המכשיר של פאטידםוןכלורונום"" לכלו- "" רוניזאציה של המים. משהתקינו בחיפה, בירושלים, ביפו ובשכם הספ קתמים מסודרת נשתפר במד־ ניכרת המצב בערים הנ""ל בכל הנוגע למחלות המעים וה־ בורדם. מחלת הגרענת עם בל פעולותיהם של בית החולים חמיוחד למחלות העינים מיסודו של האורדן םיין דז'ון ועוד ששה נתי חולים ממשלתיים, אין לראות חפחתה ניכרת במה 'ת חנרענת. . חח…"
1932-01-26	haretz	haretz19320126-01.2.19.2	…*>ז*ג*ג*>*גז*נ*ג')א xx0•0^0xג^^9I‬ו>xג^‭<>#(x‬•נxג 0 ‬ ברגר ^ מומהה למהלות נשים ויולדות גמד את עבודתו בתור סנהל זמני של בית החולים ‭,. ‬ יי'. . הדסה• בחיפה — ושב לירושלים מקבל תולות בקליניקה שלו רחוב המלך, נ'ורג' בית ולירי? טלפון ‭549 ‬ ‭₪11^1^^88^^^. ‬ מ^^‭ הורסים לגזירה. פ…
1932-01-27	haretz	haretz19320127-01.2.26.1	"…פחת יעקב מדליה, םנ'רה י ""ף ירושלים ך דףידךי מומהה למהלות נשים ויולדות נמר את עבודתו בתור מנהל זמני של המחלקה ליולדות של בית החולים . ה ד ם הי' בחיפה — ושב לירושלים מקבל חולות בקליגיקח שלו [ רחוב המלך נ'ורג' בית ולירו. טלפון ‭549 ‬ ‭I ?8£(1!168 I ‬ ‭I ¥4104 ‬ ן ן גרגיר…"
1932-01-31	haretz	haretz19320131-01.2.16.1	"…ן* דףיךך ירושלים מומחה למחלות נשים ויולדות ; נמר את עבודתו בתור מנהל זמני של המחלקה ליולדות של ביתהחיי י ים . ח ד ס ה? בחיפה — ושב לירושלים מקבל חולות בק ליניקה שלו רחוב המלך נ'ות' בית ולידו. טלפון ‭549 ‬ סורסים לגדרה' בצ רחוב אלנבי ע""י בית החולים האיטלקי ?צפ־ירי / החל מי ום ‭1י2י!932‬ מתהדשים הקורסים לגזירת בגדי גבירות וגם למוד גזירת בגדי גברים לפי שיטת המקבילות (…"
1932-02-08	haretz	haretz19320208-01.2.21	"… — חברו־ ! תיה — למחלקות היו?דות של בתי החולים חקיימים, ! בעיקר שלהדסה"". "" בשגת תרפ""ד פתחה קופ""ח, מהלקה ליולדות על ; יל ביה""ח בעין חדור, המשמשת את נקודות העמק. בערים (ירושלים, תל־אביב וחיפה) המצב במובן זה | גרוע, כי מספר המטות במחלקות היולדות אינו מספיק, ועשרות יולדות, מהוסר מקום בבתי החולים, !מוברחות ללדת ב…"
1932-02-19	haretz	haretz19320219-01.2.35.1	"…הזמנות למשלה הבילות־דאר לחו'ל מתקבלות : בתל־אביב 1) במשרד ע'יי בית־חחרשת 2) במחסן ביה''ח ר' אלנבי' ע־י הדאר המרכזי וגם נמצא למבירח: קמח רגיל ופסח, קמח מצות ומצות באריזה ובמשקל-ם שונים. ביררםלם יצחק רייכמן, מאה שערים בטבריה מכאל ק ליין בחיפה ש. בדשי את א. פינשמין, בימ'ס סימוני רחוב יפו מול בנס א פ' ק הברה הדדית בע""מ בנק אשראי הוצאת סריה שד אובל־ינציות נושאות …"
1932-04-28	haretz	haretz19320428-01.2.45	"… סניף קופ""ח כעיר עזרה רפואית צשצשת אצפים חברים וחגדות, שביחד עפ בני ביתפ הפ ששת אצפיס נפש. צסניו* בהיפה כפופים גם פועצי ביהח""רגשר"", פשק "" יגור, כפר הסירים, משמר העטק ועטצית. הפרםונאצ הרפואי שצ הסניו* מונה עשרה רופאים בחיפה וארבעה במהוז. מספר ההובשות ארבע, ומספר הרוקהים שנים. העבודה האדמיניסטראטיבית מעסיקה אהכעה אנשים. טנהצ הסניף הוא מר ר. ,…"
1932-07-08	haretz	haretz19320708-01.2.9	"…אים הינייניים. בבית התולים הממשלתי בחיםח אין מחלתה ליולדות ומחלקת הבריאות הממשל ית מסתלקת מלדאוג ליולדות בביה""ת שלה. גם בבית החוליםחדסה"" בחיפה מספר המטות מצומצם מאד "" ואיננו מספיק לצדכי הישוב העברי בחיפה והסביבה ובשומרון. סידור היולדות מן העמק במוסדות פרטיים בחיפה כרוך בהוצאות גדולות מאד (החזקת היולדות בעיר לפני הלידה, תשלום למוסד והוצאות אחרות), שהן למעלה מיכלתם של הםתישבים. יש לצ…"
1932-07-12	haretz	haretz19320712-01.2.37	"…ות גבעת המעיז והציפה. כמו כן התענינה הועדה בהוק החדש צבגין ערים, הגדלת מס הוירקו, מצבנו בעירית ועוד. יו""ד הועד הפיה? שצ ביה""ח חדםח בחיפה, ד""ר יפה, סקר קצרות עצ מהלך הריאורגגיזציה שצ ביה""ה. לבסוף הוהלט לערוך אסיפת אזכרה להרצל בכ' תמוז. אפון בענווה ביוס א' צ…"
1932-07-18	haretz	haretz19320718-01.2.11	"… סידור ה*ידות בכתיהן של היולדות גתקל בקשיים רבים, וגעשה רק מתוך הכרח. חחולים והיולדות ממהוז השומרון שהיו גשל־ הים כרגיל לבית החולים כעמק נמצאים כעת במצב קשה מאד, כי בית ההוליפהדסה"" בחיפה אינו יכול "" להקצות מטות לחולים מן חשומרון, ובית התולים הממשלתי מוכן לקבל חולים במחלות מדבקות בלבד. נד‭19‬ לח. ז. יבקר מ…"
1932-08-02	haretz	haretz19320802-01.2.12	"…םנרו בתי המשפט אהופשת הקיץ. במשך חחודש יתבררו רק טשפטים פאיאיים חשובים. בקשו עם זח פתוחים משרדי העו""ד דק אפה""צ. | לבנין בית החולים ""הדסה"" 1 . האדריכא מר א. פפר מבקש אותנו אחודיע, כי ? התכנית שהניש אהתהרות אבנין בית החואיםהדסה"" . "" בחיפה ושנתקבאה הופרה והוכנה בשותפות עם המהנדס אבנין ש. פונרוב מתא־אביב. אספות , הרצאות, נשפים — הערב ב־‭7. 30‬ תתקיים האוקת ה…"
1932-08-24	haretz	haretz19320824-01.2.6	"… אספה •פומבית באמפיתיאט־ , רון בהשתתפות המשורר ובמוצאי שבת — מםבה הבי־ :ית בעאת תוכן אטנותי בבית החאוצות. • ואימתי יפתח בית החולים בעמק? ‭- '""?'. ‬ ביןפ ששי שעבר קדח מקרח טיפוס בעפואח; ־חואה הועבר אבית החואים הממשאתי גחיפה. ביום ראשון סרה מ י קרה טיפוס בבית אאפא. חוזמן מקום אהואה בבית החואים הממשאתי. בשבוע שעבר היו מקרי טיפוס אחדים בבאפוריה…"
1932-09-12	haretz	haretz19320912-01.2.4	"…חו. ?קו' צעקותיו בא ה י ר. ומצא, כי ש?שה שקי שקדים נגנבו מ! המחסן. מיד באו שוטרים ?מקום. הנפצע נ?קח ?רופא, אתר כך הובא ?ביה""ח הממש?תי בחיפה ושם מת כעבור חמשה ימים. עוד באותו ה?י?ה ה?ך העד יהד עם נשש ושוטרים בעקבות הצעדים ?כפר בריקי ואחרי חקירה נטר־ צת נהשדו ב…"
1932-09-19	haretz	haretz19320919-01.2.16.1	"…על שם דאש הע-ריה, לא יאוחר מיום ‭26‬ ספטמבר-‭, 1932 ‬ בצהרים. ראש העיריה חפן שוק! ־ ‭'1 ‬ היפה, ‭14. 9. 32 ‬ וחש רזרבית לבית חולים . המה"" של הקהלה העברית 'בהיפה. בהצעות בצרוף התעודות לפנות עד ‭. 25. 9, 32 ‬ להנהלת בית החולים ת. ד. ‭. 40‬ הדד הכרמל חיפה י י הועד המנהל . 7ולשלוע^משפהת^7פל משתתפים באבלו הכבד של דודם סליםבטיש בהלקח ממנו אחיו הישיש הנכבד מנשה א• בטיש דל המהי…"
1932-11-07	haretz	haretz19321107-01.2.25	"…00 ‬ "" הממשאה תא""י, בתור תמיכה ‭_ _ 135 2500 ‬ תשאומי חחואים ‭25 1500 21 3900 ‬ עירית תא אביב ‭_ — 135 2500 ‬ ועד העדח בחיפה - - ‭900 ‬ __ 15 חכפרים שבקרבת ת""א ‭_ 2 400‬ . ־. . ‭6000 18600 ‬ בית ההולים שא הדסה בטבריה ע""שפטר שוןיי• צר"", שנפתח בטאי ‭, 1930‬ נאא'ז אהםסיק "" את שחתו במרס ‭1931‬ ארגאי חוסר האמצעים שערם ע""י המ…"
1932-11-07	haretz	haretz19321107-01.2.25	"…נה ‭60‬ ילד ליום. חחזקת ששת המוסדות האאה אשנת ‭1831‬ עאתה ב0מי, 5 אא""י. **) (עוד יבוא) *) לרנלי חוסר כספים להחזקתו נפגר בית החולים ביולי ‭1932‬ ועד כת לא נפחת. כיום (אבנוסט ‭1932‬) אין, איפוא, בית חולים בשביצ תישוב בעטק, מלבד בית ההולים הממשלתי בחיפה >'!בלאו הכי הוא עמום יותר מדי. כמו כן אין כא בתי חוא־ם איואדות ולמחלות של הינוקות, כי בתי החולים של הממשלה אינם רנילים …"
1933-01-25	haretz	haretz19330125-01.2.42	"… למתנת קרקע בראשון לציון מאת חבארון רוטשילד לד""ד גיאורנ ד'ארבלה (מקודם יצהק אסציסבלסקי), מי שחיה הרופא הראשי והסגחל שלי בית החולים בירושלים). ‭. -‬בימים אלו הוציא מר לים, מי שהיה סגן המושל בחיפה וזה לא כבר הועבר ליפו בשופט כעניני סדור הקרקעות, — פסק ד י ינו ־בענין תביעת זכות בעלות על שטח קרקע של עשרים וששה דונם ע…"
1933-02-08	haretz	haretz19330208-01.2.31	"…ך ^ קולנוע או&רה-טוגרג ^י־־' ‭. |‬אעםן, יה י5ה ןן א2ף?הלןה8ח ^ ^ בחיפה במועצת תעדיה בישיבת טועצת העירית שנתקייטח ביום ב' חוח: למ להפקיע את הטנרש השייך לה""ה קרקבי וטנסור| ו ברחוב בית החולים הנרטני, לשם סליל‭11‬יה!לך שתפנה חלק טן חרחוב הראשי הנדול של חיפה, אשר יסלל בש נים חקדובות. דרך זו תחבר גם את רחוב בית החולים : י הנרטני עם הרחוב הראשי של המושבה הט־טניו^ חוח־ לט לבקש אישור תכוף להפקעה זו כדי שאפשר יהיה לנשת לעבודה זו בהקדם. חלק…"
1933-04-06	haretz	haretz19330406-01.2.34.3	"…במזכירות העירית עד ליום החמש? 20 באפריל 1933. אין הועד מחחיב לקבל את ההצעה הזולה ביותר או איזו הצעה שהיא. הועד המנהל של ביה״ח העירוני ""הדסה"". מכירת נכסים ברחוב סטנטון חיפה מודיעים בזה כי ועדת פשיטת הרגל של הפירמה ם. נ. חורי החליטה למכור חלקת אדמה הנמצאת ברחוב סטנטון ועליה בנוי בנין קטן. השט…"
1933-04-13	haretz	haretz19330413-01.2.34	"…אוטית לשחיה ונכנסה לתוכה כסניר ארצי. כל האגורות הספורטיביות המטפלות בענף זח נדרשות להרשם אצל המזכיר של ההתאחדות הארצית (חיפה ת. ד. 343). בטלפון מליוורפול ד״ר ווטשמן מליוורפול שרצה להודע על שלום אחת ממכירותיו, שנמצאה לפי ידיעתו בבית החולים ""הדסה"" בחיפה, פנה אתמול בבוקר מליוורפול באמצעות הטלפון לחיפה ומזכיר בית החולים מר נוטמן נתן לו את הידיעות הדרושות. קונצרטים תערב באולם ""המכבי"" שני קונצרטים של הגב׳ אסנת הלוי. הראשון ב8 והשני ב9.…"
1933-05-10	haretz	haretz19330510-01.2.23.1	"…לירות (ארבע לא״י). המוצא מתבקש , להחזירם למערכת ""הארץ"" עבור י. ר. מודעה וחש חsא בית בבית התילים ""הדסה"" של הקהלת העברית בחיפה. למחלקה כירורגית וגנוקולוגית. בהצעות עם צרוף התעודות הדרושות — לפנות עד 20 למאי 1933. למנהל בית החולים, ד״ר פ. פיזר, ד. 40 הדר הכרמל. רד מד. ש. טשתיהובסהי מחלות פנימיות וכירורייה י״ירה רחוב הרכבת 9 פנת שדו סילו־ השעות : 11…"
1933-06-07	haretz	haretz19330607-01.2.15.1	"…ימי השבוע אין לו עצה טובה יותר מאשר לבלות ימים אחרים במלון ""הרצליה"" המסודר באופן מודרני ובכל הנוחיות. ד״ר פ. פייזר מנהל בית החולים ""הדסה"" חיפה. ד״ר א. סימון מורה בבית הספר הריאלי בחיפה. ?*OX W M *KX»4 $ סו מכס א. גרינבורג ורעיתו | מתכבדים להזמין את כל קרוביהם וידידיהם * לחגיגת הבר־מצוה של בנם | 1 קרל־יה…"
1933-06-12	haretz	haretz19330612-01.2.52.3	…יצאו אתמוא אידושאים והיום ן יתראו עם ממאא מקום חמזכיר חראשי ח' מיאס ן ומנהא האוצר ה' נ'ונסון בקשר עם אשור תקציב : עירית חיפה אשנת הכספים חנוכחית חמתחיאה ב‭| 1 ‬ אאפריא שנת ‭. 1933 ‬ בענין בית החולים הגרמני נודע אנו, שאין ממש בידיעות עא שינוי יהם י איהודים בבית ההואים הגרמני בחיפה, שנפוצו באיאו י הונים. הנהאת בית חחוא…
1933-06-25	haretz	haretz19330625-01.2.16	…רות הרפואית הדסה הוסיפה לשאת באחריות להחזקתם הגמורה של בתי החולים בירושלים ובצפת, ולספק 50—60 למאה סהוצאות בתי־ החולים בחיפה ובתל אביב. לארבעת בתי החולי□ האלה יש יותר מ4 OO מטות, ובמשך ■השנה נתקבלו בהם 11,674 הולים, בית החולים בירושלים, המשמש *) ראה פרק ו' של תזכיר 1932. בית הולים מרכזי כשביל כל הארץ (4 0 למאת מן החולים הרציניים כיותר. ביהוד הורגש הרוחק במחלקת תיו מ1 35 ל143, אך לא יכול עדיין ■לקבל…
1933-06-25	haretz	haretz19330625-01.2.16	…טות עוד עלה כהרבה על ההצעה; במשך השנה •נתקבלו 5,630 חולים, ונפתחו מהלקות חדשות למחלות האוזן, האף •והגרון ולפיסיוטראפיה. בית החולים של הדסה בחיפה הועבר לרשותה של הקהלה המקומית, שקבלה תמיכה בסך 36,00 לא״י מאת ההסתדרות הרפיאית הדסה ■להחזקתו; במשך השנה טפל ב1 ,571 חול…
1933-07-03	haretz	haretz19330703-01.2.12	… אחות לרפוי החולים. כתי חולים מספד המטות בבתי החולים למחלות כלליות מספיק לצרבי תושבי ירושלים והאזור הדרומי. מפני שהרחבת בית החולים הממשלתי בחיפה נדחתה, נעשה שם המצב קשה בעונת חולי המעים. בגליל המזרחי מורגש בבתי החולים חוסר במטות ובהכרח מסתייעים אנשים בבית החולים ש…
1933-07-03	haretz	haretz19330703-01.2.26	"… כמו כ! הוחלט לערוך מפקד כללי ויסודי לתדרים ולהוציא לפועל את המשפט הפומבי נגד המסרבים והמפגרים ישלם את מסי הקהלה. עניני ביה״ח ""הדסה"" על הודעת ""הדסה"" בדבר הקטנת השתתפותה בהחזקת בית החולים בחיפה בסך 100 לא״י •לחודש (2 00 לא״׳ במקוס 300) החליט ועד הקהלה להשיב ל,.הדסה"", שאין לקהלה אפשרות להגדיל את התחייבויותיה בקפי…"
1933-07-12	haretz	haretz19330712-01.2.45.3	"…וחשים פחחים מומחים לבי׳ח ,המומחה׳ תעשית אוטובוסים. לפנות למשרד ביה״ח דרך פתח־תקוה ע”י שרונה. ■ בצער וביגין הננו מודיעים על מותוו של אבינו היקר ן שמואל זנביל (פלlי) 11 ר ש 1 ב O שנפטר ביום א' ט״ו תמוז תרצ״ג בחיפה המתאבלים: ffl 1 אשתו, בניו, כלותיו ונכדיו S אנו משתתפים בצערה הגדול של הגברת ד׳ר ארנוב "" ? אמה דופאי בית החולים »הדםה"" …"
1933-07-17	haretz	haretz19330717-01.2.19	… תמיכה מאת הממשלה סך 60.000 לא״י. בעוד שעירית תל-אביב קבלה באותו פרק זמן רק 49.000, ובכלל זה 30 אלף לא״י למשטרה ו־7 ooo לבית החולים העירוני. למעשה קבלה עירית חיפה הרבה יותר מ! הסכום האמור מכיון שבחיפה מהזיקה הממשלה על חשבונה את המשטרה ואת בית החולים, ואם נקה דבר זה בחשבו! נראה שלמעשה הסכומים שניתנו על ידי הממשלה לעיריה הם תרבה יותר גדולים. בנגד זה מכניסה חיפה לממשלה במסי ווירקו הרבה פחות מתל אביב. שאלת העבודה העברית השאלה הכאובה ביותר היא שאלת העבודה העברית, המטרידה מאד את חבר…
1933-07-21	haretz	haretz19330721-01.2.22	"…בחיפה לא השתת^ ■ בזמנו הודענו, כי בועידת הרופאים הערבים בחיפה, שקיבלה החלטות נגד הכרזת בלפור, נגד עלית יהודים ובו', השתתף גם ד״ר הופמן, מנהל ביה״ח הגרמני בחיפה. ממקור מוסמך מודיעים לנו, כי ד״ר הופמן לא השתתף בועידה זו כלל. אניות כאות ביום השבת יגיעו לחיפה האניות ""רו…"
1933-07-24	haretz	haretz19330724-01.2.49	…משלתית געשו חפירות במקומות שונים של המגרש שנוער לשמש בית עלמי! (סמוך לכפר סמיר) בעומק של שגי מטרים. מנהל מחלקת הבריאות בחיפה הבטיח להמציא לועד את חוות דעתו בעגין זה בזמן הקרוב. — הכנסות בית החולים במאי הגיעו ל־l 9o לא״י ובית המרפא 38 לא״י, יחד עם השתתפות ועד הקהלה והדסה הגיעה ההכנסה לסך 602 לא״י. עודך ההכנסה על ההו…
1933-07-24	haretz	haretz19330724-01.2.52	…ל׳ לעמק הירדז ולגליל תכנית הטיול: המטיילים יוצאים מתל-אניב ומירושלים לעפולה ביום ראשון, י״ד באב (6.8.33) בשעה 6 בבוקר. מחיפה יוצאים לעפולה באותו יום בשעה 8.30 בבוקר. יום א׳, י״ד באב: בקור בגוש עפולה: מרחביה (הקבוץ והטושב), בית החולים המרכזי, בלפוריה, כפר גדעון מזרע, תל־ עדשים, דרך נצרת וטבריה לדגניה א׳ וב׳ (שירה על ההתישבות בעמק הירדן) כנרת, כפר־ג׳ון …
1933-07-30	haretz	haretz19330730-01.2.43	"…בחיפה תקציב הקהלה ועדת התקציב שע״י ועד הקהלה נעשה בימים האחרונים לעריכת תקציב הקהלה לשנת תרצ״ד. אחד הסעיפים הראשונים שעמדו לדיו! היה תקציב בית החולים ""הדסה"". הוברר, כי הואיל ו״הדסה"" משתתפת ■בשנה הבאה בתקציב בית החולים של הקהלה רק בסך 200 לא״י בחודש במקום 300 לא״י, יש ה…"
1933-09-05	haretz	haretz19330905-01.2.30	"…בוע זה. אומרים, כי הממשלה עומדת לצמצם בהרבה את תכנית החגיגות של חנוכת הנמל. ניקור אניות מלחמה כריטיות אתמול בבוקר עגנו בחיפה 4 אניות מן הצי הבריטי מים התיכון, בתוכן אנית המלחמה הגדולה ""רויאל־אוק"", אנית בית החולים ""מיין"" ושתי אניות מהרסות מוקשים. כאן יעגנו כl O ימים. מוסרים, כי במשך החודש יבואו לחיפה לבקר עוד אניות אחרות מצי המלחמה…"
1933-09-19	haretz	haretz19330919-01.2.4	"…מלא עשן ;בעלי צעק: ""זה הוריד לי את כל היד"". יצאתי החוצה, התאספו אגשים וראו מה שקרה. מלבד בעלי נפצע גם ילדי. שניהם נלקחו לבית החולים ""הדסה"" בחיפה. הסניגורים אינם מרבים לחקור את העדה. בתשובה לעספור היא אומרת, כי כל המקרה נמשך כשעה, בין 9 ל־lo. מן הרנע שנשמע קול שבר …"
1933-09-19	haretz	haretz19330919-01.2.4	"…זרקה הפצצה היח פתוח, ומלבד וילון דק שהיה תלוי על החלון לא חיה דבר שימנע איש מהחוץ לראות את הנעשה בבית. ד״ר ליובה סויפמן מבית החולים ""הדסה"" בחיפה מעידה. בתשובה לשאלת אליוט היא מספרת: ביום 22 לדצמבר שעבר עבדתי בבית החולים כרגיל. בו בלילה הובאו לשם יוסף יעקובי בן 41 …"
1933-10-10	haretz	haretz19331010-01.2.37	"…ה שניה של ""ריגוליטו"" ! ע״י האופירה הא״י. ) נפצע מאוטו ומת ביום הששי בבוקר הודיע הנהג של אוטו משא אחסר עלי סיבלגי למשטרת חיפה שבזמן נסיעתו מעכו לחיפה, קבל הנוסעים, יונס אחמי ארג׳ב, שרכב על גב האוטו, מכה מאוטו שעבר על ידם. הנפצע מת שעה קלה לאהר שהובא אל ביה״ח הממשלתי. החקירה הראתה כי באוטו היו 70 תיבות ירקות ושבעה עשר נוסעים. שנים מהם ישבו ליד הנהג. הוכח גם שהואוטו נסע לא בצד …"
1933-10-30	haretz	haretz19331030-01.2.45	"… — 35 צריפים (רובם בכספי הברת דרום אפריקה א""' והבנק האס תיקאי), הפאב־ אסים 230 משפחות. רובם פועלים ופקידים בבתי החרושת בחיפה, בחברת החשמל (לצרכי האחרונים הוקמו 21 בית לפני שאש שנים) ובמפלת הברזל. יש נם כעלי מלאכה ובעלי תעשיה זעירה וביח״ר לנאזוז ו״מות יתוש""^ במשך עשר שנות קיומה של השכונה הושקעו על ידי האוכלסים 10000 לא״י בסלילת דרכים ולמעלה מ־4 ooo לא"" י…"
1933-10-31	haretz	haretz19331031-01.2.6	"…ין המגויסים שנשלחו למרכז המשטרה ה״ה קונסטאנט, מנהל הבנק העותומאני, וח׳ ארמם־ טרונג, מנהל הפירמה וואיט. כחות טיפו נשלחו לחיפה . ולירושלים, כדי לשמור על הבטחון. אחד הפצועים הערבים יצא שלשום מבית החולים. י ״פלשתין"" מספר, כי עורך ה״דיילי אכספרם"" 1 בלונדון ניסה שלשום להתחבר עם ה״פלשתין"" על ידי הטלפון, דרך מצרים, כדי לקבל א…"
1933-11-05	haretz	haretz19331105-01.2.8	…ן בריטי) וקארול פון נידרניזים יועה גם בתור ז׳אן ווינטרם, נתינה אמריקנית, בשני־ c נורו יריות. הגופות הובאו לחדר המתים של ביה״ח ממשלתי. שניהם ירדו בחיפה מן האניה ״ווינה״ ביום 29 אוקטובר וביקרו בירושלים. הגבר עמר לצאת בקרוב זודו והאשה. לנאפולי. נראה הדבר, שהיו ידידים ־ובים…
1933-12-17	haretz	haretz19331217-01.2.31.3	"…י האפמז שהיה מנהל החירורני בביה״ח רוטשילד בפרנקפורט א. ט. ולפנים• אסיסטנט של החירורג הגדול המפורסם, הפרופיסור ד״ר ביהר, בביה״ח של האוניברסיטה בברלין. הוא עונה במרפאה של כיה״ח בבל יום ראשון, שלישי והמשי משעת 10.30 עד שעה 11.30 לפנה״צ. הזמנה לצו הנהלה ביהמ""ש המחוזי בחיפה 27.11.33 בענין המנוח יצחק בן יעקב לוי בתוקף הצו מביהט״ש הנ״ל, הנושא את תאריך היום הזה, הנני מזמין בזה כל מיני אנשים, לה…"
1934-01-12	haretz	haretz19340112-01.2.14.2	"…בית החולים האיטלקי לבתוחים החדש בחיפה יפתח מחדש ב־6ו לח"" ז• עם שונו של דיר סוסטרו מאיטליה ‭2000‬ ילא""י >נ0 נחלקים) ‭1כ!8‬יםלהנתן למשכנתאות נ0הוו9 לפנות : ת. …"
1934-01-25	haretz	haretz19340125-01.2.53.1	"…יות מחלהת הבריאות בחיפה מודיעה לכל המעונינים על מכירה פומבית של לןרון, ופרד עט דתמתו השלמה שתתקיים במשרד מחלקת הבריאות בחיפה, ביום ו', ‭, 26. 1. 34‬ בשעה 9 לפנה""צ. רחוב ההר, ע""י ביה""ח הממשלתי.…"
1934-03-21	haretz	haretz19340321-01.2.2	"… ווטסון, רופא הצבא המאיור רוברטםון, השופט הרכבי יו""ר לשהמ""ס ה' נתנזון, מנהל המח. הםאניטא־ ' רית של העיריה ה' אוקי. מנהל ביה""ח האיטלקי ד""ר קוםטירו י , מנהלה הראשי של ה' לויד טריאםטינו ה' קאזאטי. ועוד. כיז העתונות באו ב""כ העתונים היומיים העבריים בחיפה וכעשרים !עתונאים מירושלים ותל אביב (בהם גם כמה מב""ב עתוני חוץ לארץ, שהוזמנו ע""י ההברה לבוא לחיפה. מהעתונות הערבית באו ע…"
1934-05-28	haretz	haretz19340528-01.2.47	"… האי מטעם התאחדות שכנים ודייריפ באולם ביה""ם הריאלי על הנושא: מ! י נותן לנו חוק הדירות החדש ומה צריך היה לתת. *קראת בנין בית החולים של הקהלד ועד הקהלה בחיפה קבל ידיעה מאמריקה, בי ‭3000‬ הלא""י שנמצאו ברשותהדסה"" בארץ זו לשם "" בנין בית ההולים של הקהלה בחיפה, הועברו לא""י. עוד סכום של ‭1000 ‬ לא""י ניתן על ידי הברונית רוטשייד. 5000 לאי נלקחו בהיואת והשאר יש "" לאסוף בעיר ובסביבה…"
1934-06-13	haretz	haretz19340613-01.2.21	…ארץ. טחלקה זו טטלאת צורך גדול בשדה הרפואה בארץ ובארצות השבנות. לערך ‭22, 000 ‬ בדיקות הוצאו לפועל. במעברה -המר־ כזית של בית החולים. . בתי חתולים של י תל-אביב, חיפה וחעטק ושל קופת חולים גם חס חזטינו רופאים חשובים חדשים טקרב עולי נרטניה. ‭. 45‬ בית הספר לאחיות שעל יד בית החולים רוטשיל…
1934-06-13	haretz	haretz19340613-01.2.21	…ת לאלקטרו־טיראפיה ‭. 8‬ טרכזי בריאות לתיגוקות ‭12 . 9‬ טרפאות לשגים. במשך שגת 1933 הוסיפה קופת־ חוליט מכון לקרני רגטגן בחיפה, בית חוליפ טיוחד לשגרון (ריכםטיזפ) בטבריה וטרפאות הדשות לשניפ ובתי טרקחת בכפרים. הוקטו 6 בנינים: לטרפאות. !5 טקורות ההכנםה כאחוזים…
1934-10-08	haretz	haretz19341008-01.2.15	"… "" אגד"", שנסע מירושלים להיפה. הדבר "" קרה בשעה שהנהג רצה להמנע מפגישה עם ערבי שרכב על המורו בכביש. אוטו של מגן דוד אדום מחיפה יצא למקום וחגיש עזרח לששח אנשים שנפצעו פצעים קלים, שלושח מחם חוכנםו להדםח"" ולאחר קבלת עזרת עזבו את "" בית החולים. ביום ו' נפל מקומה שניח של אחד הבנינים מבית החרושתשמן"" הפו- "" על יעקב פרנס. הוא נפצע בכל גופו, והועבר ע""ימנן דוד אדום"" "" לבית החוליםהדסה"". מצבו רציני "" מאוד. בין הבאים באניהספינקס"" שהגיעה אתמול "" ממרםייל בא העסי י־ז קריינין מפאריס. בנמל הקמת המחסן השלישי לנמל חיפה נמשכת במרץ, ומחלקת בטוח הנמל עושה את כל הדרוש, שהמחסן יגמר לראשית עונת ההורף. מכיון שבנין קירות מבלוקים של ביטון דורש ז…"
1934-10-21	haretz	haretz19341021-01.2.52.2	"…. מזכיר ראשי של בית משפט | השלום עבד אל רהים אלמי בי""ח שמתקיים בהצלחה מטש שותף עם הון של ‭800 1000‬ לא י בכדי להגדיל את ביה""ח לפנות: ת. ד. ‭233‬ ת""א בשביל בי""ח""• "" הזמנה לצו אפוטרופסות בבית חמשפט חמחוזי של חיפה בעני! חמנוח ברוך גורינגוט. בתוקף צו מבית המשפט חמחוזי של היפה מהיום, הריני מזמין בזה כל אדם ל הופיע בבית המשפט הנ""ל בתו…"
1934-12-13	haretz	haretz19341213-01.2.51	"…תנה ל בזמן האה־ רו! מו""מ עם הדסה על פקוח :"":':־ ? ? "" מצד שני הגופים על המפעלים הרפואיים — הנתמכים מכספי הממש ל ה, (במו ביה""ח לחולי ריאות ומח ל קת היגיינה בבתי ספ־, תהנות לטפו ל באם ובילד). הדסה הסכימה להצעתו של הועד 'הלאומי בדבר מת! תמיכה י לביה""ח של הקהילה העברית בחיפה באמצעותו של הועה""ל ועל אחריותי • כן הוסכם, שב""כ הועד תיאומי ישתתף בועד המשותף של הרסה והאוניברסיטה, אשר יו־ם ע־ יד ביח""…"
1935-01-04	haretz	haretz19350104-01.2.68.1	"…ררי. "" קולנוע ""גן-העיד"" זוי8ה י חחל מיום ששי 4 לינואר בשלשח הלילוח הראשונים ן (ששי, 'אבח וראשון) הורעה מבית משפט חשלום בחיפה לח• חייפ טילו, נהג, בחיפה, ועבי שיו מקום מגורו בלתי ידוע. חנידון: חיק אזרחי מספד ‭6515/34 ‬ עליך להופיע ביום ‭, 29/1/35‬ בביח משפט השלום בחיפה, בשעה 9 בבוקר, לבירור התביעה שהוגשה נגדך ע""י ח' חנח עצפוד, ע""י ב""ב עו""ד בדרי י אל־עידה, התובע ממך פר ‭…"
1935-01-09	haretz	haretz19350109-01.2.37	"…דים עומדים לרשות הברי קופת חולים %‭35%—30‬ ממםפ־ המטות של ביה""ת כמתיר ‭320‬ מא""י ליום; בדרך כלל מקבלים חברי קופת חולים בחיפה ‭6000—5000‬ ימי מח־לי בביח""ח הדסה במשך •השנה"". הריני מתכבד בזה י'בקשכם להכחיש את התלק הזה מן המאמר הנ""ל המתנגד לאמת ונא למסור . בעתונבם פרטים אלה:…"
1935-01-20	haretz	haretz19350120-01.2.50	"…בחיפה בין החוזרים חזר לארץ א. סמםונוב בנו של ד""ד סמסונוב מנוטרי ביה""ד הריאלי בחיפה, שנמר בהצטיינות את ביח""ם למהנדסי תעשיה בפאריס. ה' א. ם. הש־ תתןז בקונקורד שבו לקחו הלס 62 מהנדסים ושמו נתפרסם בעתונים גדו- לים בצרפת. ן בכית מ…"
1935-01-20	haretz	haretz19350120-01.2.50	"…ים אולי עור לרפוי, ואת הננרם למשפחות החולים ולילדיהם, ונם לילדים הנפגשים ברחוב בחולים אלה. ביחוד קשה הוא מצב החו- י ים בחיפה, אשר אי! בת בית חולים לחולי רוח, ואשר מספר גדול של דולית נמצא ללא סדור. ידועות למשל אמחות חולות רוח תגרות בחדר אהד עם שלשה חמשח ילדים. אין הדברים יכולים להמשך בצורה זו'. חבא. עלינו מוטלת חחובה לתקן ' את' מצב חדברים. הועדח לסדור חולי רוח בחיפה באה ?'*די הסכם עםעזרת־נשים"" בירוש- "" לים על סדור חולי רות. אנו ננשים לסר - אוסף כספים רחב בין תצבור. אחוזים ידועים מן הסכום שיאםו* יהיו לטובת בית החולים בירושלים ויוב הכסר יהיח לסדור חולי חעיר חיפת"". תביעת •ה' סאיון שמענו, כי חבר מועצת העיריה ה' אברהים םאיון (שהוא חבר ועד…"
1935-04-14	haretz	haretz19350414-01.2.53	"… אא היה או. בשם חקטינוריח טען חתוכע הכאאי ה' שפירא. פועלים עדנים נגד חורנים"" פלשתין"" מספ־־, שמשאחת שא פו- "" עאים ערבים בחיפה בקרה אצא מושא מחוז הצפון ובקשה אותו שירחיק את חחודניס המתחרים בהם. "" המושא בקש איתם אכחור במשאחת בת ארבעה אנשים שתפנש אתו ביום ח י , ' כדי 1 דו; | בית החולים העירוני ביפו נמסד למנזעלה פאשתין מספר, שבית חחואים ביפו "" שעאה אעידית יפו ב‭20‬ אאף אא""י, נמסר לממשלת ויתנה"" מעכשיו עא …"
1935-05-24	haretz	haretz19350524-01.2.20.1	"… בתים, פגרשים, פרדסים )ן 1 וקרקעות למכירת ‭II ‬ /ש. אידלסון, תל־אביכ\ #!וזד יחודח חלוי •‭% 1 ‬ טל. 3• ^ ^^^^ "" ? •*1ז ן ביהח הגהלת ""ר ""עלית"" ן בדמת'גן מברבת את םוכנה בחיפה יע2ב גבדיאלי ן מי כברבת מזל טע ‭9 |‬ ג ש ו א י ו 1 ןדדוש "" ילד| )עבור משרד) I תא-אביב, רה' אהד העם ‭I 30 ‬ ! חדר מם' ‭I…"
1935-06-10	haretz	haretz19350610-01.2.24	"…דוטנברג 'ומכילה כדלהלן: א) • אדמח שא שטח ‭3505. 63‬ מ""מ, רשומה בספרי חאחוזח תהת הברך ‭39‬ פוליו ‭. 199 ‬ חלקה 4) נמצאת בחיפה, בעיר העתיקח, תופסים מקום ‭16‬ חאקי ‭24 ‬ ' מהרשומים מטה: א) אדמה שא שטח ‭2243. 96‬ מ""מ אשד בתוכה הבי""ח לק־ח הידוע כשם חכרתכרמא "" מניפקטורינ-ג"". ־כ) בנין הבול* •בתוכו חבי""חח אקרה המוציא ‭20‬ טון איום. נ) שני חדרי קור עם כא …"
1935-06-13	haretz	haretz19350613-01.2.49	"…דמה בת ‭2882. 88‬ ם""מ הכולל בתוכה הבי""הח לקרח, רשומת בספרי האחוז־ תהת הברד מס' ‭, 10‬ פוליו ‭. 43 ‬ ב) בנין חבולל בתוכו ביח""ח לקרח תטוציא 8 טון ליום. נ) עגלח להעברת קטח. ד) טוטודםיקל. חלקה • 3) נמצאת בחיפה בדדך | לנצרת טול הבית הישן של רוטנברנ •וטבילת כדלהלן: א) אדטה של שטח ‭3505. 63‬ מ""מ, דשומת בספרי האהוזה תהת הכרך ‭39‬ .…"
1935-06-16	haretz	haretz19350616-01.2.53	"…מה בת ‭2882. 88‬ מ""מ הכולל בתוכה הבי""הח לקדה, דש'ומת בספרי האחוזה תחת חברך מם' ‭, 10‬ פוליו ‭. 43 ‬ ב) כנ-ן הכולל כתובו ביה""ח לקרח המוציא 8 טון ליום. נ) ענלח להעברת קמח. ד) מוטורםיקל. חלקה 3) נמצאת בחיפה בדרך. לנצרת מול הבית הישן של רוטנבר; ומכילה כדלה';: א) אדמה של שטח ‭3505. 63‬ מ""מ, רשומה בספרי חאחוזח תהת הברך ‭39‬ פול…"
1935-06-17	haretz	haretz19350617-01.2.39	"… בת ‭. 2882. 88‬ מ""מ חכולא בתוכה הבי""הח לקרח, דשוטה בססדי האהוזה תחת הברך מם' ‭, 16‬ פוליו ‭. 43 ‬ ב) בגין הבולל. בתוכו ביח""ח, לקרח המוציא 8 טון ליום. ג) עגלה להעברת קמה. ד) מוטורסיקל. חלקה 3) נמצאת בחיפה בדרך לנצרת מול הבית הישן של רוטנברנ ומכילה כדלהלן: א) אדמת של שטח ‭3505. 63‬ מ""מ, רשומה בספרי האחוזה תהת הכרך ‭39‬ פולי…"
1935-07-03	haretz	haretz19350703-01.2.88	…בועד הבריאות לכנסת ישראל נידונה בשיחה הזו על סעיפיה השונים. התכנית מסכמת את ההצעות השונות להרחבת ההוס־ פיטליזציה בישוב: ביה״ח העירוני וביה״ח הממשלתי למחלות מדבקות בתל אביב, ביה״ח של הקהלה העב־ דית בחיפה, בנין בתי חולים במושבות יהודה, השרון והשומרון. מנהל מחלקת הריאות חוה את דעתו על ההצעות השונות הכלולות בתב־ ינית והביע א…
1935-12-16	haretz	haretz19351216-01.2.40	"…ואיים *טלנו — היתח תמסורת של התבדלות מצד אחד ושל זרות מצד *טנ*. כשנדרשת הממשלת ב""‭, 1926‬ בזמן מגפת חטיפום כעמק, להבטיח בביח""ח שלה ?בחיפה את מם- | ; פר הממות הדרוש צהולי העמק, וחיא נענתה ברצון לדרישה זו, נחשב הדבר להישג גדול. אולם דרושים היו מאמצים גדולים כ…"
1935-12-16	haretz	haretz19351216-01.2.40	"… באבר, ו־נםיון •טל ־שינים האחרונות הוכיח, ב־ באותם כתית""ח ־ממשלתיים שהתנאים בתם מתאימים אצדכי החוצח היחודי, כמו, אפדטא, ביה""ח הממשאתי בחיפה, . תשמוש במוסד מצד ־קהל היהודי גדצ במרת נכרת מאד. אותת עמדח נקטנו נם ביחס אשאאת : יתטפול בחוא-רוח. אא חדאנו אדרוש מתמסש…"
1936-03-06	haretz	haretz19360306-01.2.67.1	"…כנתא. צפנות מיד צמשרד הרפפי""צחנופפקי, נתצת־בנימין ‭, 58‬ טצ' ‭. 1647 ‬ ‭?1938 ‬ לאפרושי מאסורא היות שאבד הכשר עצ נקניקי ביה""ח שנידר שניתן ע""י הרב משה אשכנזי מעיר םירט 'בוקובינת (רומיניה) עצ שמי מצאתי צחובתי צפרפם את זה צמען 'חסרת מכשוצ מרבים. במקרה שמי שהוא ירצח צהשתט>0 גג חיפה י' *>דד תרצי'ו. מיזףץ ^§וו3ף ‭0?7‬ג ‭180^ ‬ ‭""=?^ 8. 53 . 1111. V. I‬•?‭/^ 0??''. ^? . 9‬•^‭_ ' VI 90101‬ • | ישיא? ווי…"
1936-04-01	haretz	haretz19360401-01.2.27	"…), ובן גם ‭16, 580‬ מ""מ בהר הצופים לצרכי האוניברסיטה ובית־'ההולים שעל ידה. — בהנחות מיוהדות נמכרו שטתים עירוניים: לבנין בית־ההולים הדסה"" על הכרמל בתיפת, לבנין בית "" החולים של קבוצת רופאים ברחביה ,, בירושלים ולבניןתנובה באזור "" התעשיה בחיפה. המכשולים בזמן האהרון השתרר שקט מה בתנועת המיקה־והממכר בקרקעות בארץ גופה, ועל ההברה להדש את פעולות המכירה בהו""ל, שפסקה …"
1936-06-08	haretz	haretz19360608-01.2.83	"…אאמות, השתתפות בהתקהאות אסורה, דנימת שוטרים וקצינים באבנים ורציחת ד יי ר ס. פאדברג כשעת ההפגנה ברחוב חמאבים. ערות רופאי ביה""ח הממשלתי העידור""ד חדאד וד יי ר נ. חמזה, רופאים בכית חחואים ? הממש?תי בחיפה. הראשון מספר: באחד במאי נקראתי אבוא אמרכז המשטרה העירונית בקשר עם המאורעות שאירעו כאותו יום בהיפה. שם ראיתי הרבה כצועים…"
1936-07-20	haretz	haretz19360720-01.2.19.1	"…שמל) ן עומד להבנות מרט מסחר י I על כל המעונינים ה? !ברכישתיקות | במגרש מנ""? ן לשפ בנין חנויות' משרדים וכר ו לפנות למנהל בית החולים •הדסה"" ן של הקהלה העברית בחיפה 0 במשרדו' בכל יוםמ־‭12-10‬ לפה""צ ‭??!!!!!?!??]!???‬תמיזד??!???????????!??!^"", '?"""" ‭!!!^^*!!'""*""""'"", 1 ‬ —זו—ו——————^‭0…"
1936-07-22	haretz	haretz19360722-01.2.19.2	"… י חברת החשמל) י מסחר ?הבנות עומד על כל המעונינים מרכז חלקות ברכישת במגרש הג''ל לשם בנין חנויות' משרדים וכר לפנות למנהל בית החולים •הדסה' ""־ של הקהלה העברית בחיפה 5 במשרדו' בכל יום מי‭12- 10‬ לפהיצ…"
1936-07-24	haretz	haretz19360724-01.2.11.1	"…ש לפנות: בניז ח י ין, ליעל הבית בכל יום בשעות ‭10-12‬ בצהרים במקום ‭? 5040 ‬ מודעה הוצל על המגרש עומד מםחרי להבנות מרם נחיפה בדחי בהדו־הכומל לעיי הטרנספורמטור של חברת החשמל) על כל המעונינים ברכישת חלקות במגרש הנ""ל לשם בנין חנויות' משרדים וכו' לפנות למנהל בית החולים ""הדסה* של הקהלה העברית בחיפה במשרדו' בבל יום מ־‭12-10‬ לפהיצ• הננו משתתפים באבלם הכבד של ידידינו הרב יעקב בדמן ומשפחת (…"
1936-09-08	haretz	haretz19360908-01.2.37	"…8%, ובממוצע לכל ביה״ח — 81,0%. נזכיר לשם השואה כי בשנת 1934 היה אחוז תפיסת המטות בבית זהולים של ״הדסה"" בירושלים 96.6%, .ביה״ח העירוני ""הדסה"" בתל אביב — 100,5% ובביה״ח של הקהלה העב־ -ית הדסה בחיפה — 108,9%. זמן ושהיה הממוצע.של החולים היה 15,4 ום. גם כאן נבדל ביה״ח זה לטובה מבתי החולים האחרים, שהרי זמן ושהיה הממוצע בביה״ח של ""הדסה"" ■ירושלים חיה 12,1 יום, בביה״ח העיוני בת""א 12,4 יום ובביה״ח של זקהלה בחיפה — 10 ימים. 40% מימי המחלח בביה״ח המרבי‘ היו של חולים ממחוז העמק. אחר •ך באו מחוז חיפה (17%), השומרון 14%), והגליל (13%). ■l l% מימי ומחלה היו של חולים ממושבות יהו־ ה. כי למדות המרחק הרב הוכרחה זקופה לשלוח …"
1936-09-23	haretz	haretz19360923-01.2.18	…ל מחמוד עב־ דול פתאח מטירה, א־ד הנאשמים ברצח יוליה קולר מהיפה סמוך לטירה הגרמנית ב־l s בפרואר ש. ז. העיד ד״ר מלבי, רופא בית החולים הממשלתי בחיפה, שבדק את גוית הנרצחת למחרת הרצח. הוא מצא שבר בגולגולת, שפך דם פנימי במה, באוזן ובעין. אחריו העיד הליד מוחמר, נהג אבטובו…
1936-10-09	haretz	haretz19361009-01.2.95	…היה בבן 55 ואמו ^נ, 75. הוטב מצבו של הקצין חלים נאפטה במצבו של הקצין חלים באסטה, מנהל משרד החקירות של משטרת מחוז הצפון בחיפה, שנפצע על ידי ערבי ביום ד׳ אחרי הצהרים, הוטב בשני הימים האחרונים במדה ניכרת. הרופאים מקוים שבעוד 5—7 ימים יוכל לעזוב את בית החולים. רבים מבני העיר, ביניהם פקידי הממשלה והמשטרה, באים לבקר את הפצוע, כמו כן נתקבלו על שמו בביה״ח פרחים רבים. אזכרה לראש הכ…
1936-10-09	haretz	haretz19361009-01.2.95	…י, בפני כ. מ. השופט שרויל, משפטו של השומר נ. בקמן מזברון־יעקב, שנאשם ברצח ערבי בליל 5 ליולי. העיד החילה ד״ר שפירא, רופא בבית החולים הממשלתי בחיפה, שברק את גוף ההרוג ואחריו העיד הנאשם, שסיפר על פרטי העני! ,בפי שמסר למשטרה מיד ^אהר המקרה, היינו שהכדור נפלט במקרה מהרו…
1936-10-16	haretz	haretz19361016-01.2.59.3	…וב לבבית למשפחת בלומרוזן־אסתרטן מאהלים . משפחת דד״וברבסקי עפולה בזה הננו מביעים את דגשי תודתנו הלבבית לד״ר א. מלחי רופא בית החולים הממשלתי בחיפה על הטפול המסור במחלת בתנו ואחו־ תנו, שהציל אותה מרדת שחת והחזיר אותה לחיים ולבריאות, אנו מאהלים לו הצלחה מרובה בכל אשר …
1936-10-23	haretz	haretz19361023-01.2.53	"…יתנה מרצונו הטוב, הקטיגור היה קצין טuvו־ה טזכרון יעקב. אניות באניות ""אספריה"" מגנואה ו״פטריה"" ממרסיליה, שעגנו אתמול בנמל חיפה, באו כמאה, נוסעים. הקצין חלים באסטה, מנהל משרד החקירות של משטרת מחוז חיפה, שנפצע ב־7 באוקטובר ש. ז. על ידי טירוריסט ערבי, שהתנקש כחייו, עזב אתמול את בית החולים הממשלתי, שבו נמצא כשבועיים. בימים הקרובים עומד הקצין לצאת לחופשה למצרים. שרב זה יומיים שורר שרב חזק בעיי* ובסביבה. משלו…"
1937-01-31	haretz	haretz19370131-01.2.26	"…להרחבת כית־ההוליפהדפה"" "" בית חתוליםהדםה'י-הוא בית התו- "" לים חצבורי חיחידי בחיפה. ביתר דיוק: בית דלחוליפ הצבורי 'היחיד בחיפה "" בעמק ובגליל. המחלקה ־חחירורגית של בית־חחוליםהדפה"" בחיפה משמשת "" גם את האוכלוםיה היהודית בעמק ובגלי'. המקרים היותר רצינים והקשים ?מובאים"" להיפה — לבית ההולים "" הדסה"". גם מושבות השומרון נהנות "" מ! חמחלקח חחירורגית של בית־ההו־ ליםהדסה"", שמנהלת חוא ר""ר פ--- "" וזר. כדאי איפוא לסקו…"
1937-01-31	haretz	haretz19370131-01.2.26	"…בית. מקורות לתקציב זה הדרוש להרחבת בית חחויים הדסה"" — אין בעת. 'מצבו התקציבי "" של בית חתוליםהדסה""־ הוא גם בלא "" כן קשת. בית־החולים עבר בשגת 1931 מרש ותה שלהדסה"" לרשות הקהילה חעב־ "" ריח רחיפה. אולם איז הקהילה יכול־ לשאת בעול כל התקציב. בהחזקת בית־ החולים משתתפים כמעט במרה שות ועד הקהילה וועד הדר הכרמל. במידת מ…"
1937-02-14	haretz	haretz19370214-01.2.17	"… נפצע. על , ההתנקשות הזו מודיע לנו סופרינו מהיפה: בליל שבת ב־‭10. 30‬ התפוצצה פצ־ צח בביתו של רשיד יאםין ברחוב היהודים בחיפה. 'הפצצה הונחה על סו* דלת הכניסה. בעל הבית, שלפני כהודש . ימים נפצע מידית טירוריסט ערבי ורק לפני ימים מספר עזב את בית־החולים הממשלתי, • ירד ממטתו כשידו חבושה, אך הוא לא נפגע ורק הדלת ניזוקה. כשבאו שוטרים לחקור י פנה אליהם רשיד בקריאה: ""זוהי האו…"
1937-03-08	haretz	haretz19370308-01.2.14	…עושי הפצצות בחיפה שוחררו 3 מהערבים, : שנפצעו בשעת ההתפוצצות במוצאי שבת ברחוב השוק, עזבו אתמול יאת בית החולים המט־ שלתי ולאחר שנגבתה מהם עדות שוח הרו. מצב הרביעי שנשאר בבית החו לים אנוש וחוששים לחייו.…
1937-03-08	haretz	haretz19370308-01.2.45	"…יבותו של הכביש החדש למותר להרבות דברים. אין ספק, שמלבד ערכו הגדול להקלת התחבורת בין הדר הכרמל ובין ההר, יתן סיום המפעל דחיפה עצומה לפיתוח תנועת הכני! בכל השטח רחב הידים שבמדרוני הר הכרמל — בי! ההר והדר הכרמל, המכיל כשלש מאות מגרשי בנין. בראש וראשונה יקל על בני! בית החולים הגדול של הקהלה, שיוקם על מגרש גדול שנרכש לשם כך על ידי הקהלה מאת ""הכשךת הישוב"" (אדמת הגרמני אונגר לשעבר) באחד המקומות ה…"
1937-03-26	haretz	haretz19370326-01.2.103	"…יכן חוסר סדור מתאים וחוסר דאגה להוספיטליזציה פוגעים קשה מאד בעבודתנו. המצב הזה מכריח לסדר בבתי חולים פרטיים בעיר ומחוץ לחיפה אשר מצריכים סכומי כסף גדולים וגורמים לקושיים מרובים. במשך השנה הוצאנו להוספיטלי־ זציה בשביל 55 חולים סך 208 לא״י בבית החולים הגרמני ובית החולים ""הדסה"" בירושלים. הבראה. במשך השנה אפשרנו הבראה כצורות שונות למספר רב של אנשים. לתועלת רבה שמש לנו למטרה זו המוסד לעולים…"
1937-03-26	haretz	haretz19370326-01.2.103	…ה האפשרות במשך שנת תרצ״ו להחיש עזרה ל־2 B מקרים של הולי-רוח אשר סודרו במקומות שונים בארץ (קיים הסכם בי! הועדה הנ״ל לב•! בית החולים הפרט• בחיפה על סדור חמשה מקרים בקביעות בסך שמונה לא״י כל מטה) אשר עלו 805.791 לא״י. בזה השתתפה הקהלה בסך 120 לא״י, ועד הדר הכרמל 50…
1937-03-26	haretz	haretz19370326-01.2.93	…, השייכים לערבי בקרקעות נאביה אל תחתה בנפת היפה, 3 סוסים נהרגו והיורים ברחו. כפפורט התחרות הוקיי שהתקימה אתמול בין מבב־ חיפה ובין משחקים מהגדוד אסקס נגמרה ב־2 :3 לטובת המכבי. התחרות כדורגל בין קבוצות העוב־ דים של בית החולים הצבאי האנגלי ומכבי ב׳ נגמרה ב־l :2 לטובת קבוצות בית חולים. התחרות בכדורגל מן הנדוד הצבאי אסקם ומכבי מעורבת נגמרה ב־l :2 לטובתי גדוד הצבא אסקם. דין כעל פספורט מזוין? ביום ה' נתבר…
1937-04-18	haretz	haretz19370418-01.2.31	"…״י ועד הקהילה. אחוז הנזקקים לעזרה סוציאלית בין האוכלוסין הערבים הוא בהרבה יותר גדול אלא שאין מי שיטפל בהם. חסרים לגמרי בחיפה בתי־חולים עירוניים צבוריים. בית החולים הצבורי הי־ הודי בעיר המתבלכל על חשבון הקהילה, ועד הדר הכרמל וחברת ""הדסה"" חסר מחלקה פנימדח, לכאורה המחלקה הראשית והעקרית…"
1937-04-25	haretz	haretz19370425-01.2.52	"…ים בבית קלוב ""הדר"" רחוב בית המשפט: על הפרק: ""שאלות סניטאריות והיגייניות במפעלי התעשיה"". הפותח בשיחה ,ר״ר י. שפירא, רופא ביה״ח הממשלתי בחיפה. - הערב בשעה 8 ירצה ד״ר שטיג־ הדין מ״נשר"" בתבניון חדר מספד •l 2 מטעם הסתדרות הכימאים על הנושא:• ""שיטות חדשות בבדיקות טכ…"
1937-05-11	haretz	haretz19370511-01.2.56	"…קעות. "" מהלקה אזרהית התואר קצין הקיסרות הברטיית (. £. פ0) למר א. ר. םפיגיי. התואר קצין הקיסרות הבריטית: לבכור ראש עירית חיפה הסן ביי שוקרי; לד ייר וויליאם הופמאן —מנהל בית החולים הגרמני בחיפה. התואר הבד הקיסרות הבריטית לגברת פ. ו. טשנל — בית חולי רוח בכית לחם; לנברת ם. פ. אמרי—מנהלת בית הספר התיכוני האנגיי כחיפח. התואר הבר הקיסרות חבריטית: למר טאופיק אפ. יאזדי — פ…"
1937-05-12	haretz	haretz19370512-01.2.43	"… המחוז ובאי בח הצבא את ברכת העיר יה. מלכותם לחנ ההכתרה. — בקשר עם חג חחכתרה מודיעה הנהלת ביח""חהרסה"" בתל אביב, "" שמרפאות ביה""ח ־היו סגורות במשך כי י היום. -*- היום ? ?כי5 אהר הצהר־ם הגיגה יבבוד ההכתרה מטעם עירית תי־אביב בגךהנביאים (קר; רחובות דיזנגוף־ I מל^כי). בחיפה חהכנות יקראת חגיגות ההכתרה נמשכו נם אתניול. במשך היום קושטו בתי מסחר של יהודים בעיר ובהדר הכרמל בדגלים בריטיים ודגלי צי…"
1937-08-12	haretz	haretz19370812-01.2.32	"…דבת־תורתם לרופאי בית־חחולים שווייצר"" כטבריה, ד יי ר בובמן וד""ר "" זכאי, שהגישו להם את העזדה ת־א־ שונה, 'רופאי ק ופת־הוליםחיפה ד""ר וסטרדינגר וד""ד רוזנקרניז, לרופאי בית־הוליםעזרה"", לכל האהיות "" והעובדים של המוסדות הנ""ל אשר טפ ל ו בהם במסירות רבה ולא חשבו . כל עמל ויגיעה כדי להקל את מכאובי' הפצו…"
1937-09-13	haretz	haretz19370913-01.2.67	"…ד דוד. שוטרים הוציאו מן האולם את האיש, שהמשיך לטעון כי הוא הוא דוד המלך. רוצים שומן בשכר פלשתין"" מודיע שהפועלים הערבים בחיפה "" הגישו תזכיר לשלטונות בו מבקשים אותם להשוותם בשכר עם הפועלים היהודים בבנין בית החולים בהיפה. , ןוז^^ז אחסאן ג-אכדי ציר פוריה בפאריס מודיעים שה' אחסאן ביי ג י אברי, מי שהיה הבר המשלהת הסורית הפלשתינאית בג'י…"
1937-11-07	haretz	haretz19371107-01.2.1	… הפסיק את שביתתי ב. מושיוב, שהכריז שביתת רעב ביום ה י , הפסיק אןזמול את שביתתו. מצבו של מוכתר טירה מוכתר כפר טירה על יד חיפה טרי חמד עזקול שנורה בליל שבת עזב את בית החולים וקיבל תעודת רפוי ל־‭20‬ יום. הוא נפצע בירכו ובזרועי באופן קל. זוהה גנכ ערכי זוהה הערבי שנהרג בנסותו להדור למהם! הצבא סמ…
1938-01-07	haretz	haretz19380107-01.2.63.1	…צל יוק אברהם ורעיתר בדכוח לבביות להולדת הבת תזכו לחנכה לבת נאמנת ליעכונו ביבדבים הדוםא־ים, הפקידים. האחיות והעובדים כול בית החולים והמדפאה עול חקהלח השבדית בחיפה ‭-^ ^8!‬ ן ייחלוקת ההלואוח ^^ ^. ‭13 \V ‬ | הי‭67 ‬ ץ^מ 1בד־1ן הקר! נט־ד?'] הבנק לקוני , אגרות החוב של \^\^| ^^^ \ ן תת…
1938-01-10	haretz	haretz19380110-01.2.43	"…בחיפה ‭**‬ לשכית-ת המורים םביה""ס ת""ת ?יפוד הדת"" "" - מרכז הסתדרותי, המורים מעיר, לרגל ^ 4 הידיעה שנתפרסמה כאילו השביתה V בביח""ם ת""תיסוד הדת""נסתיימה"" "" "" לאחר שהוסכםלמסור את העני; לבו- "" ררות"", ?כי חידיעח חנ""ל אינח נכונח: השביתה לא נסתיימה, אלא נ…"
1938-01-20	haretz	haretz19380120-01.2.72.1	…בד בועוה של בנם ע ב י שתתקיים ביום העזבת ‭. 22. 1. 58‬ קבלת אורחים מעיקה ‭11. 30‬ לפנח־זנ, בדירתם ברחוב . ‭. 0‬ק. ג דיי בית החולים הממשלתי בית פדםון חיפה יום ראשון ‭23. 1. 38‬ אולם הקונצרטים בתערוכה בשעה ‭8. 30‬ בערב קונצרט סימפונ' לטובתשלא בדיון מ ן עבודה המניו בי המנצח: …
1938-01-24	haretz	haretz19380124-01.2.25	"…, כי מן הנסיון בעבודת המרפאה נוכחנו לדעת את גורל הצורך ולא פעם השבנו פני ־ולים עניים ריקם, כ־ לא יכולנו להתחייב להחזיקם בבית הולים חדשים ונם שנים. עכשיו עם 'כ־־ ־כ:־־ בחיפה וע ־הב::־־־. יפתה מעין זה במקומות אחרים תוכתר פעולתנו כמרכז העבודה •טי;־ - בית חולים אורטופדי"". אחריו דבר הא' מיטה רוזנ…"
1938-01-24	haretz	haretz19380124-01.2.25	…פשד 'הב־ 'טי. ה?• ימים •גם מרפאה לנכים יא היתה וכיום היא עונה יכי דורשיה בירושלים וגם נותנת את העזרה ב--בי תיטיום. וגם בחיפה כבר הונה היסוד ובת ־!! יפב־וא־ תפתה המרפאה. וכמו שזכינו לקדום המרפאה, כ; נזכה להיות בין מיםדי בית החולים האור־ טופדי. ובאם ירייה שכורה נכנם כעת, תהיה זאת לנו רק ישיבה ארעית, כי עינינו נשואות להטבת המצב בארץ ואז קום יקום הבנ•…
1938-02-20	haretz	haretz19380220-01.2.42	"… בעלה מ תלעיניה. היא כ־עה ביר על ידו, נשקה אותו, הרימה את ידיה, התפללה ואהר כך עזרה לטפי' בירידתה הפצועה, וגם לותה אותה לבית ההולים, באמרה כי היא מר־ גישה עצמה אשמה כלפי ידידתת זו, שעל פי בקשתה נלוותה אליהם בנסי־. עתם לחיפה. * . הפצוע שלמה מאהוב- מתל אביב תובא ביום ו' י!פנות ערב יבית החוליםהדםה"". הוא פצוע פצע קל ברג־ "" לו ומצבו טוב. חוא יעזו…"
1938-03-16	haretz	haretz19380316-01.2.64	"…ההלבשה החדש לפועלים, המכיל ‭80‬ מקדחות מודרניות ו-‭300‬ ארונות בגדים. כתום המסיבה נתקימה הגרלת ‭2500‬ תשורות, אשר הנהלת ביה""ח חלקה לכבוד המאורע לקהי צרכני ו. התזמורת חא""י בחיפה הערב בשעה ‭8. 30‬ באולםארמון"" ה- "" קונצרט ה־7 . לפועלים ש. ל התזמורת. בתכנית: בטהובן, היידן, וצ'יקובסקי. המנצה: ? י. דו…"
1938-06-12	haretz	haretz19380612-01.2.38	"… השופט העליון נרין. נפצע עי• י אוטו משא מרדכי קאראםיק מגבעת השלושה, נפצע קשה על ידי מכוגית משא שפגעה בו ליד טבריה והובא לבית החולים חדםח"" בחיפה ושם קטעו לו את "" הדנל הימנית עד הברך. ככיח""ס חתיכוניחוגים'־ "" ההרה הרשמת תלמידים ותלמידות לשנת תרצ""ט למכינות ולבהות א'—…"
1938-06-27	haretz	haretz19380627-01.2.1	…רצחו ערבי חולה בחיפה ־^ נתכוונו לשני חוליפ אחדים, שנפצעו בהתנקשות טידוריסטיפ גכלד־אל־שיך בט־צא' שבת, סכ־וך ?חצות, חדרו עני ערבים מזוינים באקדחים למסדרון בית־החולים הממשלתי הסמוך ?רחוב ההר, וירו דרך אחד החיצונות ?תוך הבית. אחד החוצים מוחמד אחמד םולימאן משכם ;הר: ובמה כדורים פגעו בקיר…
1938-07-03	haretz	haretz19380703-01.2.48	"…מ ע נינ י חיפה וי. כ"" ד הוצפת המרצהיפ גדלה והולכת חרצח המתועב, שאירע בבית החולים חממשלתי בחיפח בליל מוצאי שבת שעבר (אור ליום ‭26‬ ביוני) ושעורר התרגשות רבה בין האוכלםיפ, מפנה שוב את תשומת הלב לשאלת מצ…"
1938-07-03	haretz	haretz19380703-01.2.79	"…ושב א?לסם כץ, הנוטר מךןניתה '?נפצע נן'8ה בראתו ב'ט?ת ההתקפה הגדולה על חני&ה ביום א', ‭22‬ במאי אחרי הצהרים, מת ה? . קן ?בית החולים הדסה בחיפה #בז ד\ה מטל מיום ‭23‬ במאי במ#ךכל הזמן(ממךןלת ההתנפלות). ?ידון נהרג ?אותה התנפלות הניטר . יחזקאל מונצ־ק י ""%. ?£#ןז חמ#…"
1938-07-24	haretz	haretz19380724-01.2.36	"…ים במקומות שונים בעיר. פצעיהם לא היו קשים ביותר והם נשלחו לבתיתם לאהד שנחכשו. ד""ד ב. ניםנבויב, העומד בראש מנן דוד אדום בחיפה, שתנאי בית ההוליםהדסה"" נהירים לו "" מאז היה מנהל המוסד, בא בדרישה נמרצת לגשת מיד לפתיחת אגף נוסף על יד בית תתולים. דרישת זו נתקכלת על דעת ב…"
1938-07-24	haretz	haretz19380724-01.2.36	"…אלח זו. חחזקת עשתם המי־ . טות חנוכפות תצריך לכל חפחות מאתים לא""י לחוד'ט. מלבד כל חנימוקים חאמורים, המצ־ ריבים חחשת בנין בית החולים, יש עוד נימוק חשוב מאד אף כימים כתי־ קונם, ואולי ביחוד בימים כתיקונם, והוא: בבית חחוליםהדפה"" בחיפה "" המשרת אוכלוםיה יהודית גדולה בעיר ובםביבח, אין בו מחלקה פנימית, וחםיבת תעיקרית לכך חיא — חוסר מקום בבנין שבו חמוםד ־כי…"
1938-08-02	haretz	haretz19380802-01.2.61	"…!הקדוש מנדל ציודנובסקי ) !הרבץ שני של ההתנקשות באוטובוסחבר"" בחיפה "" ה?קר ?שעה ‭7 30‬ מת ?בית החולים הלק!ה"" קל?ן שני על ה־תנקשות ?אב־ "" טובות מערוחחבר י' מיום א1תמול — "" מ;לל צ'ודגובםקי, ?ן אלבעים, תושב תל עמל. הוא נ?צע …"
1938-08-03	haretz	haretz19380803-01.2.4	"…יפה והשומרון ה' ביילי, שנתפרםמח אתמול אחה""צ, בוטלה פקודת העוצר שהוכרזה בחיפה ביום השני שעבר, שהיתה חלה על כל תחום עירית חיפה. בו בזמן הוצאה פקודת עוצר ־דשה חחלה על חלק חשטח חמזרחי של העיר ושבו תהיה אסורה ההליבח מ‭6. 30 ‬ בערב עד 5 לפנות בוקר. עוצר זה חל על סביבות ביהח""ר לטחינת אורז. ביה""ר שמן"" ומקיף* את כל אזור הנפט בחי- "" פה, מפעלי הברת הנפט העירקאית ואת סביבות גשרשל"" ומגיע' עד הצטלבו…"
1938-08-09	haretz	haretz19380809-01.2.71	"…רות בנפת היפה, ביריות: כפר הנוך ושער־העמקים. לא היו אבירות. נורה ונפצע בקטטה בשעת קטטה, שפרצה אתמול בבאלד־ אל־שייך, ליד חיפה נורה ונפצע אחד מכני חכפר מחמוד עיסה םחאטה. עלכ את כית־ההולים יוסף נרום, בן ‭, 14‬ שנפצע קשה בשעת זריקת חפצצה באוטו שלחבר"" "" ב־‭10‬ ליולי, ושהיה מוטל בביה""ח הדסה"", עזב אתמול את ביה""ח. "" הכלה בקרבת ירושלים ב־־י שלשום נשרפו על ידי מהבלים ארבעה ארגזים של כבלי ההשמל, של הכרת החשמ…"
1938-08-30	haretz	haretz19380830-01.2.2	"…עבר. אתמוא נשמעו עדויות בקשר עם קביעת •ניאו שא הנאשם, כיוון שהםנינוריה טענ־ה י כי הוא פחות מבן ‭. 18‬ תהיא־ העיד צאם שא ביה""ח הממשאתי בחיפה שעשה מגופו צאומי רנטגן. רופא בריטי מאותו בית ההואים, שבדק את הנאשם, העיד, כי מהבדיקה הוברר או שהנאשם הוא כבן ‭. 20 ‬ הנ…"
1938-10-06	haretz	haretz19381006-01.2.72	"…בחיפה דין מצ""ת בכי־ המשפט המהוז' בהיפה התבדר השבוע משפטו של פאריד הכאן שאוואש, בן ‭22‬ מביר אל שייך, הנאשם בהצתת ביה""ח לגגרותכרמלי' "" ברת' נצרת ביום ‭25‬ ביולי ש. ז. (יום התפוצצות המוקש השני בשוק הערב•!. הנאשם נתפס ע""י 2 שוטרים לאתר שהצית…"
1938-11-16	haretz	haretz19381116-01.2.38.1	"…81‬• ח • 3 ה ח. ד. ‭3*1 ‬ הוציא לפועל כל עבודות נאדות של כנין בית החודים הממשרת• החדש המראות ותזכוביות למנויות ורדהיט""ם לבית החולים סופקו עיי מלאכת זכוכית רקועה וחרושת צבעים בא""י בע""מ בלמידה מנהל ש. ביין, חיפה, ת. ד. ‭, 536‬ טל. ‭300 ‬ -בככבכבבכבכבכ^בככבבכ^ב ו סולל בונד. ב וו"" מ מרבו קבלני של הסתדרות הכללית של העובדים העבדים באדץ •שדאל # הקבלן של בנין בית החולים הממשלתי החדש בחיבה * המשדד הראשי: חיפה רחוב הנמל בית סולל בונה ת. ד. ‭563‬ טלפון ‭2091/4 ‬ ן ־ ""…"
1938-11-27	haretz	haretz19381127-01.2.24	"…לשאלתבניןביה""ח , הדסה"" בחיפה הקמת בית חולים יהודי בהיפה, שיהיה ראוי לשמו, היא שאלה העומדת על הפרק זה זמן דב. בית החוליםהדסה"" של הקהלה העב- "" רית בהיפה, ההל מיום הוסרו ועד היום, דוא בבית שכור בהדר הכרמל, שנבנה לצרכי שיכון בשנים הראשונות לאהד הכבוש הבריטי, ורק מפני שלא היתה ברירה אהרת הותאם הבית הזה בשע־ תו במרת מה לשם בית הולים קטן. עצם הסידור הזה עורר בשעתו תרעומת ביהודי היפה, אף על פי שבדרך כלל התאים הסדר האמור לצרכי הישוב הקט; של הימים ההם בחיפה. והסבה לכך היא, שבכל קהילות היהודים בעולם, ואפילו באותן הערים שהשלג""; נושא בעול ההוםפיטאליזאציה המלאה שלכל חאוכלוםים, יש בתי חולים יהודים משוכללים, העומדים על רמה גבוהה גם טבהינה ט$ןכנית וגם מבהינה רפואית. ומפני כך לא רצו יהודי חיפה להשלים עם העובדה, שבקהילתם לא יהיה הדבר כמו ביתר קהלות ישראל. אך ממון שהם ראו מראש, שהישוב בה־פה יגדל מהר וממילא יהיה בית ההולים הנ""ל בבנינו השכור צר מהביל את כל אלה שידפקו על דלתו י תיו, תיפתר שאלת בית חחולים מאליה. יואכן בא חחזון והיה — ומום קהלת היפה היא השלישית בגדלה ובהשיבותה בארץ, ומובן שבית ההולים הקטן איגו יכול לספק אף י הלק מדרישת הצבור, ואולם שאלת בית־ההולים במקומה עומדת ללא כל פתרון. הרי לא יתכן הדבר, שאותו בית־ החולים הקטן שגועד לישוב בן כמה אלפים נפש, יוכל ליתן אותו ' השרות לישוב היהודי בחיפה, המונה כששים אלף נפש (כן ירבו), מלבד הישוב :•בסביבות. ומפני כך אין פלא בדבר, שהמחלקות ההשובות ביותר, כגון למהלות פנימיו…"
1938-11-27	haretz	haretz19381127-01.2.24	…ם זרים. וגם במהלקות הקיימות הדוהק נורא, ורבים חם חחולים שמפני חוסר מקום הכרח לחם לשוב כלעומת שבאו. כל זח לא נעלם מפרנסי חיפה, ובין הועדות השונות שבוער הקהלה יש גם ־ע־ה לבנין בית החולים. ועדה זו מטפלת בדבר זה כמה שנים, וברשותה מגרש רחב ידיים המתאים למטרה זו מכי הבחינות, אף על פי כן לא הצ־ ליהה עד עתה לפת…
1938-12-23	haretz	haretz19381223-01.2.19	"…חנוכת בית החולים הממשלתי (סוף מעמוד 1) מנאום ראש העיריה ראש עירית חיפה הסן ביי שוקרי, שדבר ערבית, נאם אחריו. חוא קידם בברכת את ה. מ. בשמו ובשם העירית וציין, כי הבניז ויישן שבו נמצא ביח""ח עד …"
1938-12-23	haretz	haretz19381223-01.2.19	"…-מנדלםון, לבא כהו קמפינסקי, לקבלןסולל בונה"", לד""ר הירון וא- "" נשיו, שבולם הקדישו ממרצם ומזמנם להשגת התוצאות היפות הא־־. בית החולים הזה מהווח חלק מן המפעלים הגדולים, שבוצעו :־יפה בת־ טש־עשךה השנים האחרונות ושהלק מהם נשאר עוד לבצע. את חיפה לא הכרתי עד בואי לארץ במארס שנה זו, אך ממה ששמעתי והמעט שראיתי בת־ מונוה:־יי פי־ם"", נוכחתי שאין "" הפרזה בדברים המסופרים…"
1938-12-23	haretz	haretz19381223-01.2.5	…חנוכת בית־החולים הממשלתי בחיפה ה. מ. הנציב העליון רואה עתידות של בנין ושגשוג לעיר הכרמל הנואמים ממי כל העדות, מציינים את ההארמוניה, ששדדה כין הפועלים …
1938-12-23	haretz	haretz19381223-01.2.5	"…ם, שעבדו כהקמת הבנין. — הנציב העליון רואה כשיתוןן־עכודה זה סיכויים למדינה בעתיד אתמול לפה""צ נערכה הפתיחה הרשמית של בנין בית החולים החדש בחיפה, שהוקם על יד בת גלים. ההגיגה נתקיימה באתת הגזוזטראות הגדולות שבקומה התחתונה של הבנין המפואר. נוכחו כמה מאות מוזמנים, בה…"
1938-12-28	haretz	haretz19381228-01.2.47	"…י־פיגלין, רה' הרצל ‭. 57 ‬ מפיבה מטעם פיה""היאל"" "" בערב יום א' נערכה בבית קפהוינה"" "" :•:':ה מטעם בי""חיאל"" -שכיני גיות "" בחיפה בה נמסרה סדירה על התפתחות ביח""ח מפי בעי ביה""ח מר י . אגסלכן. הגרלת מגרש ע- הר הכרמל לצרכני ‭.. ‬יא־ שעמדה להתקיים במסיבה, נדהתה מסיבות שונות, עד ט""ו בשבט. הודעות המו…"
1939-01-22	haretz	haretz19390122-01.2.2	"…ת מקום, פתחו באש על קבוצת ערבים שנחשדו' בזריקת חפצצח ופצעו חמשח מחם. י סופרנו מוסיף: ביום ו' ב־‭4. 30‬ אהה""צ בערך הובאה לבית החוליםהדסה"" בחיפה גויתו של גד מזרחי "" , מפועלי בית המלאכה למסגרות טייפר את קנופ שברחוב נצרת, שנהרג כשעה שנזרקה פצצה אל קבוצת פועליים יהוד…"
1939-06-06	haretz	haretz19390606-01.2.26	"…וגת הים, שנפצעו בהתמוטט המגדל בשעת עלית הקבוץ על הקרקע בעמק זבולון דרומית לעכו והוכנסו לביה""חהדפה"", החלימו 5 "" ועזבו את ביה""ח. . שלושת הנשארים צוידרר, איזבוניצקי ולבני מהלימים מפצעיהם ומצבם מוב. נשם •גם אתמול בשעות לפה""צ ירד בחיפה ובסביבה גשם בכמות ניכרת, שעלתה על זו של שלשום. השמים נשארו מעוננים במשך רוב שעות היום. כתריאלים"" כהבימה"" """" . מחר ב?8 ב…"
1939-06-07	haretz	haretz19390607-01.2.46	"… תתקיימנה 3 הצגות ,. כתריאלים"" באולם ארמון"" בחיפה. "" הרצאת מאיר נרופמן ביום ששי, בשעה ‭8. 15‬ בערב, תתקייש בבית המכבי"", חיפה, הרצאת מר מאיר "" גרוסמן, על הנושאלקראת הקונגרס הכ""א"" "" שתהיה מוקדשה לבירור המצב המדיני הנוכחי ותפקידו של הקונגרס הבא בג'יביבה. הודעות מטעם ביה""ח בז'ראנו חולקו ‭250‬ קופסאות סיגריותאודם"" למעפילי אנית "" ליזל"". "" שלשום נמצא ארנק ברח' גדעון. לקבלו לפי סימנים אצל מר בר…"
1939-07-26	haretz	haretz19390726-01.2.86	"…\: * ‭**'8‬י משעה ‭9. 30‬ יבקרבצוית ב""כ הקהצה, הרבנות וועד העדה הספרדית, את המוסדות הצבוריים שבעיר ואת תמ%ש הנועד צבנין ביה""ח. ביום שני בבוקר יעזוב כת""ר ביחד עם מצויו את חיפה. הרבנות הראשית ועד הקהלה ועד העדה הספרדית >…"
1939-08-10	haretz	haretz19390810-01.2.3	…גה בת שבעה אנשים נעדר הםרג'נט הבריטי קינג והוששים שטבע עם האניה. השוטר הבריטי באר־ טון והשוטר ישראל נורדן נפצעו והוכנסו לבית החולים בחיפה. מודיעים כי מצבם אינו רציני. יתר ארבעת חברי הפלוגה, שנזדעזעו טיפלו בהם והם יצאו את בית החולים. מנתניה מודיע לנו סופרנו:…
1939-08-24	haretz	haretz19390824-01.2.34	"…ה בסירות המעפי- "" לים! שהועברו אחר־כך להיפה. מהצימ אפיףי הגימדיפ ישוהרדו שמענו כי מ־12 הביתרים שנאסרו י בקלוב ה. ע. ל. בחיפה לפני כ־‭10‬ ימים ישוהררו השבוע 5 והשאר ישלהו למחנה הריכוז בצריפין. תאונה לנומר אתמול בבוקר הובא לבית החולים הדסה"" בחיפה הנומד חיים לכםמן "" כשהוא פצוע ברנלו. כפי שמתברר נפ־ נע בברור, שנפלמ מאקדחו. מצבו אינו קשה! גשפ אתמול ב־^. 2…"
1939-10-10	haretz	haretz19391010-01.2.41	"…בחיפה מפקודי הנציב העליון כהיפה בהיותו בהיפה, לרנל שו-ב רעיתו ובנותיו מאננליה, בקר הנציב העליון בכמו! בתי הרושת ערבים בעיר, ביניהם ביה""ח לםינריות של קרטאן, סלטי ודייק. ביום א' לפנות ערב בקר ה. ט. בלוית טושל הטהוז םר פולוק בהדר הכרמל ועשה כמה קניות בבי""ט לד…"
1939-10-12	haretz	haretz19391012-01.2.45	"…ציב השנה השוטפת :ב־ ו‭1000‬ לא""י בכסוי הגרעון, יש תקוה ואפשרות לביה""ה להמשיך , את -קיומו, ולו אף בצורה מקוצצת ומצומצמת. בית -החולים ' של הקהלה העברית בחיפה נמצא "" י זה שנים . צציצב- "" כספי. המור . מאד, . הךאיל ואין ביכולת הק־ חלה לכלכל מוםד גדול זה, הדורש הקצבות גדולות. קושי…"
1939-12-04	haretz	haretz19391204-01.2.32	"…מה יהיה על ביהי'ח ""הדסה"" בחיפה ן בית ההולים . של הקהילה העברית בהיפה נתון בזמן האחרון במצב כספי קשה: שנת מהשבוז תרצ""ט נגמרה בגדעון בפך' ‭1337‬ לא""י, מלבד הוב מסופק…"
1939-12-14	haretz	haretz19391214-01.2.43	"…ף נמסרה להם חזמגה לצפוי של חכגיםח באחד חבנינים של בתי חזיקוק בחיפה בשיש זה. חמגפר: זהו שם בית החרושת הקואופרטיבי שבמפרץ חיפה לחידוש צמינים למבו־ נותצבוריות ומשא. כיום עסוקים כ־ ‭11‬ איש. אולם מראשית ינואר יורחב לחידוש צמינים נם בשביל מכוניות ביח"" חע""י תוספת של מכונות חדשות קטנות. חשיבות ביה""ח עולח כמובן כעת עם חתייקרות הצמיגים והקושי' שבחספקתם. אולם נם בזמנים כתי…"
1940-01-02	haretz	haretz19400102-01.2.84	"…ים במל ו י תפקידם בשעת חחרום ועל חצורך להתמיד ברכישת ידיעות נוספות. ד""ר א. מלחי. שבתן במשך שנים רבות ברופא ממשלתי במחוז חיפה, נתמנה כמנהל בית החולים הממשלתי למחלות מדבקות בבני-ברק ליד תל אביב. לרגל מותו של עוה""ד מ. קוריאנסקי, ששימש בעבר בשלטון חמחוז בירושלים, שלחו כמה…"
1940-01-05	haretz	haretz19400105-01.2.63.5	…לרגלי החמש הראשון לקיום ביה־ח נטלנו % אנו מודים צכצ צקוהותינו הנכבדים בחיפה, תצ '^^ אביב וירושצים עבור מסירותם ואימונם בני• (8 ביאטום אח זינגר ח י פ ח מרכז מסחרי חחדש רח' שרה טצפון ‭. 592 ‬ ; בי-…
1940-01-29	haretz	haretz19400129-01.2.18	"…הכנות לבנץ בית־-החולים של קהלת חיפה נודע אנו, בי אאחר מו""מ בין אגודת המהנדסים והאדריכאים אועד הבנין שא ביה""ה שא הקחאח בחיפה הסכים הועד אהכריז עא התחרות פומבית שא אדריכאים אתכנית בנין •ביה""ח. ההת־ הרות תוכרז בקרוב אאהר שיסיימו ־בהכנת ההומר הנהו…"
1940-02-11	haretz	haretz19400211-01.2.47.3	"…^^\ 9 ‬ ‭0|‬ איכותו המיוחדת כרובה ברב־גוניות 8 \£‭\%0$018 ‬ תערבותו. מומחי ־,, עטרה"" בוחרים ‭1 ^ י [ ועד הקהלה העברי!! בחיפה בהסכם עם אמדת האי1גי1רים והארכיטקטים באדץ־יומראל ם כ ר י 1 על התהדות בין האדריכלים כארץ לעבוד תכנית עכור הקמת כנין ! בית החולים העברי בחיפה י י סכום הפרסים הכללי הוא ‭230‬ לא''י :• ? ‭11י12‬ ו _. ""השופטים: ה""ה יקותיאל בהדכ, ד""ד הרי הלד, ד"" ר היי* …"
1940-02-11	haretz	haretz19400211-01.2.47.3	"…ועד האחרון להגשת הצעות הוא ‭14‬ במארס ‭. 1940 ‬ ־ את החומד אפשר לקבל באחד המקומות חבאיס נגד תשלום של ‭300‬ מא""י: י ־ י בחיפה: במשרד ועד הכנין של בית ההוליפ, רהוכ פבזנר ‭, 3‬ הדר הכרמל. בתל־אביב: כמשרד אגודת האינג'נרימ והארכיטקטים, רהוב דיזנגוןן ‭. 200 ‬ בידחםלים: במשדד הראשי…"
1940-02-11	haretz	haretz19400211-01.2.66	"…התחרות תכניות לבנין בית החולים העברי בחיפה הוכרז על התהדות בין ארדיכלים בארץ להכגת תכגיות לבנין בית חחו־ לים העברי בהיפה• השופטים יהיו ה""ה מ. לב, • ד""ר ה. יסקי •ו…"
1940-02-28	haretz	haretz19400228-01.2.79	"…שוב הערבי) ולפני עשר שנים נתכבדה ע""י הממשלה על פעולתה זו באות כבוד מ. ב. א. הקצין מוהי דין אל עסאף סגן 'מפקד משטרת העיר חיפה הועבר לעזה ובמקומו :תמנה הקצין אברהים ביטאר. קצין המחוז בירושלים מר י. קיםלוב יעדר בימים הקרובים ממשרדו מחמת מחלה. גרטרוד קראוס ההלימה ועזבה את בית החולים ""הדסה"" בתל-אביב לאחר ששכבה שם כחודש ימים. בקרוב תשוב לעבודתה ותנהל בעצמה את כל הקורסים שבמשך העדרה נוחלו ע "" י ארזה שרף…"
1940-03-19	haretz	haretz19400319-01.2.43	"…בחיפה ? , ןזפו אתחרפה"" "" בימים האהדונים עזבו את ביה""ח הדסה"" כמה מן הפצועים שנאספו "" אאיו בימים הראשונים אהורש מארם: ד. זוננשיין, א. קרוק, י. וואדברג (נו־ , טר), מ. הברמאז וי…"
1940-04-14	haretz	haretz19400414-01.2.45	"…ת הבריטית הארדי"", שאבדה בקרב ימי ליד הוף "" נורווןןניה. הארדי"" יהד עם. עוד כמה "" אניות משהית שהתה במשך כמה שבד עות במימי חיפה באמצע השנה שעברה. ז. הםץ ז""ל ביום ה' מה בהיפר. מיתה חטופה ה' ז. חפץ, . מי שהיה בבעך 'כנים. רבות מנהל ביה''ח לתמרוקים של הברת פיק""א בבנימינה. ח*מא* ל4י מקצועו, גמר אח חוק למןדי־ו בצרפת. בן•‭52‬ חיה במותו, הניח אשח ו-2 ילדים. הלו…"
1940-07-17	haretz	haretz19400717-01.2.88	"… ש. ווארמן פירושלים, כבן ‭, 41‬ גפצע בפגיו; הגהג מארקוס, כבן ‭, 26‬ גפגע בראשו ובידיו; גב' דאפריז גפצעה אף היא וכשהובאה לבית ההולים היתה גטולת הכרה. גוית ההרוג הוכנסה על ידי. ^זבונית מנד""א להדר המתים ש? בית החולים הדסה"" בחיפה. יתר שלשה י הפצועים ^ "" הועברו ההילה ע~ •די מכונים צבאיח של הצלב האדום לבית החולים הכימ־ שלתי בהיפה, אולם לאדר זמן קצר …"
1940-07-17	haretz	haretz19400717-01.2.88	"… שהנהג רצה לעכור מכונית אהת, שנם־ , עה בכביש ואז התנגש עם סכוגיר המשא, שניזוקה במקצת. זוהי התאונה הקטלנית ' השניה בכביש חיפה—תל־אכיב במשך השבועיי: האחרונים. המנוה בבן ‭, 48‬ עלה ב־‭1925‬ מהאר קוב. מבעלי ביח""ר למרצפותהכרמל' "" וטחנת הקמחמן"" בחיפח. "" המנוח היה אח פעיל בלשכת הכוכב מס' ‭. 13 ‬ גויתו תועבר היום מחיפה, . לקבורו בתל…"
1940-11-28	haretz	haretz19401128-01.2.42	"…על תכנית בית החולים בחיפה (תשובה לבקורת) בגליוןהארץ"" מיום ‭10‬ לאוקטובר נת- "" פרסמו דברי בקורת מאת המהנדס צבי כהן על התכנית, שנבהרח להוצאה לפועל …"
1941-01-28	haretz	haretz19410128-01.2.56.1	"…עה 9 בבוקר. אם לא תופיע אפשר יהיה ליתן פסק דין שלא בפניך. מזכיר בימה""ש בהיפה היום: ‭. 26. 1. 1941‬ משה נהמגי. ועדת בנין בית החולים רוטשילד של ועד הקהלה העברית בחיפה הודעה לקבלנים מזמינים בזה קבלנים להוצאה לפועל של עבודות חפירה ותצוב במגרש בנין בית־ההוליס ברהוב טונטיפיורי. פרמים אפשר …"
1941-03-06	haretz	haretz19410306-01.2.50	… הזאת ובנח המעאשר נגשו לעשותו, ברצון הנאמן של -היכולת אשר בעיר ובגכונות למאמ־ נוספים מאת כל שדרות העם, יקום :ל־סוף בנין ביח-החולים בחיפה, שזת התתילו בבניתו• שר והאמונה העזה_ ביותר לא היתה ־! להאיץ בא?שי‭'5‬ לגשת לעבודה, אל־ הכאב חצירב בלב טובי העיר אשר למע…
1941-03-06	haretz	haretz19410306-01.2.50	…וק במחיר השוזה, רשאים לדרוש ממנה ואין ספק שאף היא לא תמנע אותו ממנו. כך מאמינים הםטפדיס כבנין זה. כך * מאמינה ועדת בנין בית החולים של ועד הקהילה העברית בחיפה, שראש . עירית היפה הוא חבר לה וראש ועד הקהילה הוא נשיאה. זז—י.…
1941-11-14	haretz	haretz19411114-01.2.37	"…ל נתקבל בועדהדר "" הכרמל"" מבתב מאת ועד בעלי הצריפים, שבו הס מודיעים, בי המתפרץ הוא אדם שאינו שפוי בדעתו ול-א מזמן עזב את בית החולים למחלת רוה. הועד מביע את צערו על מעשהו שהעליב את חברי ועד ""הדרהכרמל"". אפפ ת העוכר הציונייי לקראת הבהירות לועידת ההשתררות ליד שבת בחיפה — ב-8 אספת חברים במועדון ('פבזנר ‭. (48‬ ישתתף ד. ציכנד. בהל־אביב — ב-8 אספת תאי-הבנין במועדון (אלנבי ‭. (117 ‬ ־ בפר ג…"
1942-03-20	haretz	haretz19420320-01.2.47	"…בחיפה מת קרפן תאונת העפודה גרשון אליהו פועל בגראז' של קראם ו שנפצע קשה ביום ד' דפנה""צ מת מפצעיו בבית החוליםהדסה"". היה בן ‭18‬ (ולא "" ב; ‭30‬ כפי שמסרנו אתמול בטעות). נולד בחיפה והוריו דרים כאן. חהלויה התקימה אחמול. לתיפון תפניות…"
1942-03-22	haretz	haretz19420322-01.2.52	…בחיפה I להקמת פית חחוליפ חחדש בנין בית החולים החדש לשעת חירום של קהילת חיפה על שם רוטשילד (בדרך להר הכרמל) הולך ונגמר ויחיה מוכן כעבור ‭6—4‬ שבועות. הוא יכיל־ כ‭70 ‬…
1942-05-21	haretz	haretz19420521-01.2.41	"…רמל המשטרה מוסרת: ביום ג' הופצו בהדר חכרמל כרוזים קומוניסטיים חקוראים למלחמה בספסרות. ע ליזח פייזר זי' ל ־ אתמול נפטרה בחיפה גב י עליזה פייזד, אשתו של המנתח הראשי של בית החולים ""הדסה"", בת ‭'50‬ ממשפחה ידועח בקאטוביץ. בהלויתה השתתפו רבים מהרופאים. פמל. ג ־ ץ ביום ג' נערכה בחיפה ברית-מילה ו לנער ב…"
1942-06-03	haretz	haretz19420603-01.2.28	"…ס ‭8040‬ לא""י, ההוצאות הגיעו ל־‭2200 ‬ לא""י, השאר חולק: שליש למשפחות המגוייסים, %‭25‬ למרכז בתל־אביב, והנותר נועד לצרכי חיפה: הזנת ילדים, עזרה סוציאלית והלוואות קונסטרוקטיביות (""מפדה אזרחי"" ועוד), העסקת פקידים מובטלים, החזקת בית החולים ""הדסה"", כן ניתן סכום מסוים לבנין בית החולים. ההתחייבויות למס החירום על סך ‭13. 500‬ לא""י, מספר התורמים — ‭5000‬ ראשי בית אב, לערך. בפרק זמן של הדוה""ח צומצם מנגנון …"
1942-06-03	haretz	haretz19420603-01.2.47	"…קרן מיוהדת לשעת הירוס ""הדסד, "" יסדה כבר בהתחלת המלחמה קרן מיוחדת לשעת חיתם. בקיץ שעבר, בשעת הצורך, עזרו מכספי הקרן הזאת לבית החולים בצפת, ציידו את בית החולים באילת־השחר, השתתפו בפעולות המיוחדות בחיפה וכוי. באמריקה מתכוננים למגבית מיוחדת בשליל . מגן דוד אדום'' בארץ־ישראל. ""הדסה"" באה לעזרת בתי החולים לשחפת בצפת ובמקומות…"
1942-06-29	haretz	haretz19420629-01.2.36	"…בחיפה משרדי פיה""ההדפה"" הועבדו לפנין "" ההדש משרדי בית החולים ""הדסה"" הועברו בימים חאחרוניס לבני ף החדש על יד כביש הדר-חכרמל—חר-חכרמל. "" לפי כקשת הקהל הוארכה חתערוכה ""עמל כפינו שי לק…"
1942-09-01	haretz	haretz19420901-01.2.53	"…ל קילו אחד, חצי קילו, ‭200‬ גרס ומאה גרם. י כפי שמוסבר בתחלת ההודעה היא מתפרסמת על סמר החלטת הממשלה להנהיג בתיאום עירית חיפה את השיטה המטרית לגבי משקלות. . תאונה לד-ד פייזר לד""ר י. פייזר, המנתח הראשי של ביה""ח רוטשילד של הקהלה, שיצא לחופשה לפני זמן מה, אירעה תאונה: ברכבו על סוס בסביבות נד־ריה נחבל והנהו מוסל חולה בביתו. חמחפור …"
1942-10-11	haretz	haretz19421011-01.2.50	"…את המליאה על העובדה המשמחת, כי בפעם הראשונה ביד הקהלה בנין בית ת־לים . משלה. אין לתאר, מה היה מצבנו הבריאותי אלמלא יכול בית החולים לטפל ב־‭400‬ חולי הטיפוס, שטיפל בהם בחדשיב האחרונים (‭120‬ מחיפה, והשאר מהסביבה), שביניהם היו רק שני מקרי מות. אחר כך גיגשו לבחירת מלואים לועד הפועל (עין ""הארץ"" מיום וי). ה""ה נייגר ודי…"
1942-10-28	haretz	haretz19421028-01.2.29.1	"…פ ל ס "" "" חברה לבנין בע'־םחיפה שולח י ם את מ י טב ברכות י הם לועד הקהלה העברית בחיפה לחנוכת ביה־ח רוטשילד ע""י ה. מ. הנציב העליון !מב י ע י ם בוה את תודתם לועד הבנין של בית החולים על שתוף הפעולה ועורתו הרבה בהקםת הבני ן ""פלס"" . חברה לבנין ב ע־ ט חיפה דטהנדשיפ, הפקידים ועובדיפלשי' חכרה לבנין כע""מ חי…"
1942-10-29	haretz	haretz19421029-01.2.64	"…עמר ה. מ. הנציב העל י ו 1 ומושל מחוז חיפת ת' א. ג. לאו, ראש עירית חיפח ח' ש. לוי וכמח מאות מוזמנים מנכבדי הקהלת העברית בחיפה ופקידי ממשלח נכוחים, נערכה אתמול אהרי הצהרים חנוכת בית החולים י רוטשילד"" של הקהלת חעברית בהיפה, "" מיסודה שלהדסה"", שהוקם על-יד דרך "" המלך מהדר הכרמל להר הכרמל. על חכניםח לבנין והבנין…"
1942-11-16	haretz	haretz19421116-01.2.25	"…בות שניתנה ע""י מדינות ההסכמה. ד""ר הוםיין כאלדי הזר לארץ ד""ר חוסיין כאלדי, מי שהיה ראש עירית ירושלים, הגיע אתמול מבירות לחיפה בדרכו לירושלים. הוא ינהל את בית החולים הערבי, שייבנה בתרומתה של הנדבנית בת משפחתו. מוסיפים לשלוה מהאות מועדון ""אל שעב"" בחיפה ונוער ערבי בעכו שלחו טלגרמות של מ…"
1942-12-14	haretz	haretz19421214-01.2.36	"…בחיפה הוטם מצבו של מ. מנדלסץ שנפצע קשה ביום ב' שעבר בשעת היריות ברחוב סירקין, והמוסל בביה""ח רוטשילד. צבי סוברין שנפצע יחד עם מנדלסון ברחוב סירקין ביום ב' שעבר, עזב אתמול את בית החולים רוטשילד לאחר שהחלים. תוקם מ…"
1943-01-11	haretz	haretz19430111-01.2.49	"…ביה שיש לארץ ישראל לאחר "" חירדן"" חוא צורך חיוני. מר רוקח דיבר גס על חכגיח חעמקח חירקון וחטיחו לערוץ אחר: לעומת ירושלים וחיפה חשומח לב מיוחדח רוצח חעידיח לחקדיש למפעלי ספורט וחינוך גופני. בירושלים האוניברסיטה, בחיפה — הטכניון, ומדוע לא תקים תל־אביב בחחומיח מעין ביח ספר גבוח לחינוך גופני, לחכשרה ספורטיבית, להקמח מחנכים, ישו-ד בריכוח שחיד. וכו/ "" יש לנו קרקע ומים לצרכים אלח"". הככר האז…"
1943-02-12	haretz	haretz19430212-01.2.38	"…י רב הנהנה מקופת ועד הקהלה, ובהדר־הכר־ | מל עיי פקיד במוסד הכפוף למרותה של הקהלה. ההלה אעיית מצות השבוע הוחל באפית מצות בביהח""ר למצות של הטחנות הגדולות בחיפה. העבידה נעשית בשלש משמרות ואם כי השנה נפתח ביה""ח בא־ חור זמן במקצת, מקווים שהאסיה תגמר במו־ עדר"" המצות נאפות מקמח קאנאד…"
1943-02-26	haretz	haretz19430226-01.2.51	… העולים. אך כיון שבינתיים היתד. השעה מאוחרת נשארו עוד ללון בבית העולים. ורק היום ישלחו לכפר הנועד הדתי. ביום ד' עזבו את בית החולים של מגן דוד אדום לשעת חתם בחיפה 10 מהחולים שהיו שם מפליטי םאהאראן. אתמול הובאו לשם עוד שני ילדים ממעון לעולים על הר הכרמל — אחד מהם חולה במאלריה שחלה ב…
1943-04-08	haretz	haretz19430408-01.2.50	"…הוה""פשלקהלת חיפה שב לגנות את מעשי האלמות מועד הקהלה מוסרים לנו: בישיבת הועה-פ של הקהלה נתקבלו ההחל־ סות הכאות: חופת עבודה לתפאי בית ההוליפ . דומשילדלאחר דיון משותף עם. הנהלת בית החולים . רוטשילד"" בדבר קביעת חוקת עבודה לרופאים ובירור חילוקי הדעות בין רופאי המ…"
1943-04-14	haretz	haretz19430414-01.2.32	"…להשתתפות הממשלה . כההזקת כיה""ה של הקהלה ועד הקהלה פנה . בתזכיר למושל המחוז בענין זה, ובו ציין שזה למעלה מ־‭20‬ שנה קיים בית־החולים רוטשילד של ועד הקהלה בחיפה מיסודה של ""הדסה"", ובמשך תקופה זו קבלו בבית החולים עזרה רפואית אלפים רבים של חולים מן האוכלוסיה החיפנית ללא הבדל דת וגזע…"
1943-04-14	haretz	haretz19430414-01.2.32	"… הגר־ עונות. מצבו הקשה של מוסד רפואי זה מדאיג שבעתיים דוקא בתקופה זו, המבליט־ ביותר את חשיבות קיומו בשביל כל האוכלוםיה בחיפה. נציין, לדוגמא, את שרותו הכביר שנעשה על יד• ביה""ח בקיץ האחרון, כשמאות חולי טיפוס מצאו אישפוז בתוך כתלי ביה""'ח, וכל העיר נהנתה מבידור החולים ומניעת התפשטות המחלה. במצב זה ומתוך דאגתנו לקיומו של ביה""ח בעתיד הקרוב אגו פוגים בבקשה דחופה, שלשנת הכספים החדשה (אפריל ‭— 1943‬ מארם ‭1944‬) תוקצב תמיכה מתאימה של הממשלה לבית החולים שלנו, בהתחשב עם השרות המקיף וערכו החיוני לכל איכלוסי חיפה. אם ההחלטה בבקשה זו תלויה בהסכמת הממשלה המרכזית אנו מבקשים לתמוך בה ולהמליץ עליה. יכקשו להפ כפפה.. . בקשר עם מסירת מצות…"
1943-04-18	haretz	haretz19430418-01.2.35	…עניני הבריאות בועד הקהלה בחיפה ד^'ד גישנבויש, ראש ועדת הבריאות של קהלת חיפה, הרצה ע ל העבודה בשטח הברי-1 אות של קהלת חיפה ומוסדות אחרים• לאהד שהמרצה עמד על הישגי הקהלה, שהושגו עתה, לאחר ‭10‬ שנים, מאז קבלת האהדיות המלאה לבית החולים, ויסוד לשכת ?הבדיד אות, דרש שועדת הבריאות של הקתלה תדכז בידיד. את הפיקוח על כל הארגונים העוסקים בבריאות הצבור, בדי למנו…
1943-05-02	haretz	haretz19430502-01.2.44	…משלה לקוי בחסר במידה רצינית. בין הדרכים הדוחקים ביותר יש להזכיר מוסד מיוחד לטפול בחולי שחפת, בתי־חולי־רוח נוספים, הרחבת בית החולים החדש בחיפה, בית־חולים נוסף בעמק השרון ובית חולים ברמלה. יש צורך גם בבתי סוהר חדישים. כן רצוי מאד להרחיב את שרותי העזר כגון מפעלים …
1943-06-04	haretz	haretz19430604-01.2.56	"…סוציאלי של אוכלושי הארץ. הקמת פניניפ לפתי פפר עדפייפ פלכד תדרוש רפע מיליץ לא""י. בן צריך יהיה להקים בתיחולים חדשים, כגון בית חולי שחפת, בית חולים למושבות השרון, בית חולים חדש ברמלה, יהיח צורך להרחיב את בית החולים הממשלתי בחיפה ולדאוג להטבת התנאים בבתי הסוהר. לפי שעה עוד לא נעשתה על ידי תכנית מפורטת ביחס להקמת בנינים לבהי ספר יהודים, אך אין פפק …"
1943-06-20	haretz	haretz19430620-01.2.36	"…המוסדות היו הולכים אהריה ובאופן יהםי תנאי העבודה ב "" חדסה^ז־ם הנרועים בארץ-ישראל. כבר היו מוכנים לחתום על הסכם עבודה עם בית־ החולים של הקהילה בחיפה ובאה ""הדסה"" ותפריעת. אין זאת שהדסה"" אינה רוצה "" בהיזוק ארגון הרופאים בארץ. . דיברו הד""ר ביקלס עלהרפואה"" שהו- "" דיעו עד …"
1943-06-28	haretz	haretz19430628-01.2.38	"…ם, תוצרות הקשו־ רדתי במישרין או מקיפין במלאכת הבדן. בחצר 'התכדון־ בולם לעין המבקר הבדן היפה של בחי החרושת ללבני סיליקט בחיפה ובתל אביב, — המראים שיטות בנין 'בלבני סיליקט, ללא צורך בברזל ומלט, וכן לוחוח קיר,. שהם חדשים בארץ. רושם רב עושה •נם הקשת־ הבנויה. מלבני חומר של ביה""ח ""ג ע מ ןי. בעמק. זבולון המציג מלבד הלבנים הרגילות שלו גס תוצרתו החדשה: לבני שמוט' העומדות בפני חום עד ‭1450‬ מעלות. ‭||…"
1943-06-29	haretz	haretz19430629-01.2.47	"…ן ועכו החייל הבריטי רוביגזון. תאונת דרכים ־אתמול לפני הצהרים א י רעד. התנגשות של מכונית משא נהוגה בידי מ. צרן מנוהשאגן בחיפה ומכונ יתמשא ערבית. נפצעו 4 אנשים שנאספו לביה""ח רוטשילד בחיפה. שנים נחבשו ונשלחו לבתיהם יענים נשארו ' לטיפול בביח""ח: הנהג צדן, בן‭, 33‬ שנגרם לו שבר ברגל וגב' אטקה קל י סקר, בת ‭, 32 ‬ מעובדות מטבה-הפיעלים שנחבטה בראשה וברגלה. מצב הפ…"
1943-07-12	haretz	haretz19430712-01.2.25	"…ים במזרח• התיכון. קינג הועכד לירושלים שמואל קיגג מתלמידי גמנסיה -דוד ביה- ירושלים, האחרון מפצועי הפצצה ע-י קיסריה עע את ביה""ח רוסשילד בחיפה והועבר לטיפול רפואי לירושלים. הוא שוע בבית החולים -הדפה- ומצבו הולך ומשתפר. נתפפו כדורי אקדה בעיר.. העתיקה גמצאו . אתמו…"
1943-07-12	haretz	haretz19430712-01.2.29.2	"…י לינה בהנהלת רופאת ילדיפ הד"" ד רבקה קדוק. לפנות לקיטנה: בכל יום ‭12—10‬ לפנה""צ ‭6—4‬ אחה""צ רחוב החבשים, פנת נביאים ע""י בית החולים האיטלקי, י *י ‭"" ) ~‬ בית ע""י פנסיון הגלברג. ‭. 1?‬ . י ‭. 1ן1‬ . נו - . ‭11‬ ו . ?... '!' "" י י ארגון מל מלי מלונות, מסעדות בחיפה והסביבה ובתי קפה ‭... ‬ מתכבד להודיע אקהא שהעסקים הרשומים מטה ""ונתח! מחדש ב־ום שלישי ‭13‬ ביולי ‭1943 ‬ אחרי תום תקופת …"
1943-08-20	haretz	haretz19430820-01.2.35	"…בחיפה ‭6000‬ חדדיפ חפריפ כעיר: לפי הערכה חסרים כיום בחיפה כ־6000 חדר כדי לעמוד בדוחק הדירות. דוד טפציניק זיל אתמול בצהרים מת בבית החולים רוט־ שילד בחיפה דוד מבצ'ניק מטבריה שנפצע קשה ביום ב' ה' באב (‭9. 8‬) כתוצאה מפגיעת מכונית צבורית ע רבית מקו מס' 5 (חיפה המזרחית — בית־החולים הממשלתי) ברחוב יפו. היה בן ‭, 68‬ מיוצאי באר בפודוליה, הניח אשד"" שני בנים ושלש בנות, הדרים במקומות שונים בארץ. היה מתוש…"
1943-08-20	haretz	haretz19430820-01.2.35	"…עבודות הצבוריות. התאונה אירעה לאחר שיצא מביקור במשרד בנו. מת לאחר יסו־ רים קשים משך '‭10‬ ימים. ההלויה היום ב־12 בצהרים מבית החולים רוסשילד בחיפה לבית העלמין החדש. ערב קדאיח ככיצר; משח הלוי בקרית הייפ הערב ב־‭8. 45‬ בבית העם הופעת בכורה של משה הלוי (""אהל"") בערב קרי…"
1943-09-19	haretz	haretz19430919-01.2.20	"…מאה לא""י על העלמת 96 קילו בשר שלא היה ה תופ• פצועי תאונת עטה מהלימים א. קזימירםקי מפצועי התאוגה בכפ־ עטה עזב ביום ו' את בית החולים רוטשילד• גם במצבם של שגי הפצועים הא-י חיים, גנ' חשיה נן שמואל והנוטר קוזלוביץ, חלת הטנה. לטובתהצלב האדופיי "" ההכנסה הנקיה מחגיגות הצלב האדום הנריטי נחיפה, שנערכו ביום ד' וה' — הגיעה לפך ‭1500‬ לא""י. כועדת ההנוך ביוש ו' התקימה ישיבת ועדת הה־ :וך הערנית שליד העי ר י ה. הוחלט…"
1943-10-05	haretz	haretz19431005-01.2.35	"…כנית לפועלים ולנוער, שהסתדרות המהנדסים מכינה או־ יצא מפית ההוליפ הצעיר פנחס שובר, שנפצע בבטנו בשעת היריות. ברחוב הפועל בחיפה לפני כמה שבועות עזב אתמול את בית החולים ""רוטשילד"" לאחר שנדפאו פצעיו. נאפר מדפיק פרוזיפ יצחק חסמן נאסר ביום ד' ברחוב הרצליה בשעה 'שהדביק על הקירות כרוזים לא חוק…"
1943-10-05	haretz	haretz19431005-01.2.35	…ל שנשק את הגבר י ת רות י. אשת, שוטר בריטי נגד רצונה, בשעת ששלמה לנאשם שכר הדירה. הנאשם זוכר. . , דרזשיפ תורמי דפ •הנהלת בית ההוליים רוטשילד של קהלת חיפה מבקשת להודיע, שבזמן חאחרון קרח לא פעם שחולים קשים, שניזוקו באסונות דרכים או בתאונות עבודה זקוקים לעירוי דם להצלת חייהם,…
1943-11-17	haretz	haretz19431117-01.2.20	"…בתריאנ*ב1 פית ההוליפ ־ הממשלתי ייפתה פהודש הפאי בית החולים הממשלתי החדש בתל אביב ייפתח לצבור כנראה בראשית דצמבר. ד""ד בטיש, הרופא הממשלתי בחיפה, יתמנה כנראה למנהל בית החולים• הרופא הממשלתי ד""ד סטולםקי יהיה הכירורג של בית החולים. נוסף להם יתמנו שני רופאים עוזרים ל…"
1944-01-18	haretz	haretz19440118-01.2.35	"… את ידי מקבליהם. נערכה גם מסיבה קטני־. . בין מקבלי אותות ההצטיינות היה קציי המחוז יוסף קופרמן; ד""ר משר. תאל־ י אך, מנהל בית החולים ""שערי צדק"" בירושלים; מר אריה סקלוביץ ממחלקת הרכבות; מר עמיהוד גור, ממחלקת הי־עיד; מר כ. איזגברג, מנמל חיפה; מרת אהובה ברי־ פובסקי, ממחלקת החקלאות והדייג; דוד הרוזי, ממחלקת הדואר והטלגרף; קצין' המשטרה מר ד. לוסטיג. הקונסול הטור…"
1944-02-06	haretz	haretz19440206-01.2.40	"…ת הישיבה הראשונה לשםדיון על תקציב תש""ד—תש""ה ביום ג' הבא; ד) ליתן הנחה גוספת לגשי החיי־ לים . באישפוזן במחלקת היולדות של בית החולים; ה) לבחור בד""ר א. יאור־ באך כבא כח ועד הקהלה לועד המקומי של מגבית ההתגייסות וההצלה. 32 עולים מטורקיה ביום ו' הגיעו לחיפה ‭32‬ עולים מטורקיה שהוכנסו לבית העולים בבת גלים. נפלה ממדרגות• בליל שבת הובאה לבית החולים רוסשילד על ידי מכונית ""מגן דו…"
1944-02-15	haretz	haretz19440215-01.2.23	"…תפרסמו בשבועוןמשבת לשבת"" (אחר "" כך נשתנח שמו ל""על המשמר""), שיצא אז בירושלים על ידי חבורת עתונאים. תד־אביב. א. ל. הסדרים בבית החולים בחיפה ־ פעם, בעברי ליד בית החולים רוטשילד בחיפה (מחלקת היולדות) ברחוב שמריהו לוין בשעה ‭630‬ בבוקר, נתבקשתי על ידי איש אחד להכנם אתו לבית החולים ולהעביר חולה מחדר אחד …"
1944-02-20	haretz	haretz19440220-01.2.24	"…לבטי אישפוז החולים היהודים י (מאת סופרנו בחיפה) ! לפגי למעלה. משנה וחצי גפתח בית החולים של קהלת חיפה -לשעת חירום על שם הבארון. רוטשילד. הממשלה הסכימה "" שיעבירו מבנין בית החולים הישן של ""הדסה"" ברחיב שמריהו לוין רק 2 מחלקות: את המחלקה הכירורגית ואת מחלקת הילדים' יבב. ן הישן ישארו רק מסות רא־ מרביות ' לשעת חירום. מחלקה למחלות פנימיות לא היתד. בבית החולים הישן לל אף הצורך הדחוף שהורגש בכך זה כבר. והנה בשלה שפרצה בליר מגפת הסיפ־ים בשנה שעברה, והיה הכרח למצוא מקום לעשרות חולי הטיפוס שהיו אזי בחיפה, נתנה הממשלה את הסכמתה להלביר את מחלקת היולדות לבנץ החדש, כדי לפנות' מקום בבנין הישן לחולי הטיפוס המרוביב, > ולרשות החו…"
1944-02-20	haretz	haretz19440220-01.2.24	"…. גורמים אלה הם: ולד הקהלה וקופת חולים, הממציאה לבית החולים רוטשילד לפי הסבם' >בץ הקהלה וקופת חולים) — %‭50‬ מן! החולים שבית החולים יכול לקלוט. I והנד. נודע, שהועד המפקח של קופת ב חולים להסתדרות העובדים החלים לפתוח בית חולים כללי בחיפה, ולשם כך נרכש על הר הכרמל בית בן 3 קומות, ‭23‬ חדרים עם שסח אדמה, קרוב־ ל4 דונם במחיר ‭18000‬ לא""י. בית זה נועד לשמש בית חולים לחיפה ולסביבה, ויהיה בית החולים , העירוני הראשון לקופת חולים. לפי התכנית יהיה זה בית חולים כללי שיכלול מחלקה פנימית ומחלקה לי…"
1944-02-20	haretz	haretz19440220-01.2.24	…עוררת השאלה, אם באמת היד. צורך לעשות במקרה זה מעשה, שיש בו משום כפילות ומשום חסרון כיס גם לקופת חולים וגם לקהלה העברית בחיפה, ואם אי אפשר היה למלא את החפר בכחות משותפים לתועלת צבור העובדים ולתועלת מיעוםי האמצעים האחרים שבעיר, שלא מצבור זה. בהקמת בית חולים יהודי צבורי מטפלת קהלת חיפה כ־‭15‬ שנה, ורק בשנים האחרונות יצאה למרחב. רכשה ‭14‬ דונם קרקע, הקימה בנין מתאים בשמח של 15…
1944-02-20	haretz	haretz19440220-01.2.24	"…מנוסה בבנין בתי חולים בארץ, יודעת שלא בל המינים, אף אלה שהוקמו בעבר במיוחד לבתי חולים, מתאימים עתה לדרישות ו הזמן של־ י בי""ח מודארני, ומה גם בנין שלא נמה כלל לתכלית זוי למען האמת יש לומר, שהנהלת קו&ת־ וזולים בחיפה קבלה כל הזמן ־על העדר מחלקה פנימית בביה""ח של הקהלה' ויתכן שאילו נתמלאה דרישה זו לא היתד. קו""ח רואה הברח להקים לעצמה בי""ח משלה. העדר מח' פנימית בחיפה הכניס את קו""ח במצב קשה מנשוא. אם י הקהלה יכלה להרשות לעצמה להיות ""אדישה"" למצב של הוסר מח' פנימית לגבי מחוסרי האמצעים הא…"
1944-02-20	haretz	haretz19440220-01.2.24	"…לה כזו של אישפוז מ־35 מיטות עד ־ ‭110‬ תוך שנה אחת, דרוש מאמץ גדול מצד הכל — מצד הקהלר. ומצד קופ""ח, וכמובן גם מצד הנהלת ביה""ח. ועוד דבר חשוב יש להביא בחשבון! בפעולות מעין אלה, שהתחילה בהם קופת־! חולים. בחיפה, פחות מאשר בכל מקום אחר, יש מקום לפעולות נפרדות ממין זה. חיפה למדה לדעת מזמן, שצרכי העובד הם צרכי הכלל, וצרכי הכלל הם גש צרכי העו־ בד, ובעדן זה שוררת הרמוניה מסוימת בצבור היהידי בעיר על כל שכבותיו. אך מעשה זד. של קו""ח בחיפה עלול להביא בעתיד לחיכוכים בועד המנהל של ביה החולים ואחר כך גם בועד הקהלה. כיום שומר ביה""ח הכללי אחוז מסוים של מיטות בכל מחלקה לצרכי קופ""ח, אבל אם קופ""ח תפתח בי""ח כללי משלה — תחלה קטן ואח""כ מורחב — הרי אי אפשר …"
1944-02-25	haretz	haretz19440225-01.2.61	"…שוב התפוצצו פצצות בחיפה ן פנן מפקח חמשטדח פחיפה מר הורפבורו נפצע פצעיפ קליפ פירו ופקדקדו אתמול־ ב‭8. 20‬ לפנה""צ התפוצץ בסביבות בית החולים ""רוטשילד- בחיפה מוקש, שהיה מונח כנראה על יד הכביש מהדר־ הכרמל להר הכרמל (בשדרות קיתרוטש שבית החולים נמצא בקרבתו). מעצמת ההתפוצצות נתהווה בור גדול בצורת משפך, במקום המעשה על יד הכביש. נפגעו חוטי החשמל בסביבה וגמ הרשת החש…"
1944-02-25	haretz	haretz19440225-01.2.61	…טונות הודעה רשמית אומרת: ב־‭24‬ בפברואר בשעה ‭8. 10‬ בבוקר, בערך, התפוצצה פצצה, שהוטמנה במבוא המוסך של סגן מפקח המשטרה בחיפה מר . פ. ק. הורסבורו, על הר הכרמל, בשעה שהוציא את מכוניתו מן המוסך. מר הורסבורו נפצע פצעים קלים בידו ובקדקדו, והובא לבית החולים. סבורים שיצטרך לשהות שם מעת לעת. בשעה י‭8. 4‬ בבוקר י בערך התפוצצה פצצה, שהוטמנה בצד שדרות קיםרוטש בחיפה, בשעה שעברה במקום מכונית של משטרת התנועה ובה המפקחים הבריטיים מר ו. ק. מילר ומר ו. א. פרוסט והםרג'נט הבריטי ד. ד. םארםול. שלשתם הובאו לבית החולים מחמת שסבלו מזעזוע, אבל נשלחו לבתיהם לאחר זמן. הפצצה היתד. קשורה בחוט באורך ‭16‬ מטר, שנמשך אל הנחל הסמוך, והיא נתבקעה ב…
1944-04-03	haretz	haretz19440403-01.2.3	…הצעיר שנפצע בשבת בחיפה, מת מפצעיו הצעיר ' היהודי שהובא לבית החולים I רוטשילד ביום שבת בבוקר כשהוא פצוע! קשה בבטנו מת אתמול בבוקר מפצעיו:. ן בבגדיו נמצאה תעודה על שם יוסף דוזנ־ ן באום, אב…
1944-04-16	haretz	haretz19440416-01.2.38	"…‭18000 ‬ לא""י ובעזרת מוסד יותר עשיר של ה-הס-תדרות"" רכשה גם קרקעות ובית של פאנםיון אחד בחוף שבי ציון). כווגתה לעשות אותו בית חולים, ולפתוח בו מחלקה פנימית, החסרה כעת בחיפה. מפות. מפפד יעמדו לרשות בית־החולים על שם רוטשילד שיאכסן גם להבא חולים, חברי קופת חולים, במחלקותיו השונות (ו(חי־ רורגית ומל ילדגת). לא נסתבך כאן בשאלת אושפיז חולים ' בחיפה, כי קשה היא. בית החולים החדש המכיל ‭. 25‬חדרים, יצליח במענו לתתס הדומה חשובה לטובת . ד""אושפיז• ואולם: האם לא יפקד מקומו…"
1944-04-16	haretz	haretz19440416-01.2.69	"…סיוד נזדמנו חאורחים עם חמארחים במלוניםדפ- "" נה"" וגוברמן"" ושוחחו ע לתפקידי "" חקח""ק בשעח זו. נאמו ח""ח רוקח, מר פ^שמן מנחל ביח""ס, ומר לבר. מנחל חדואר בטברית מישל מישותי חועלח בדרגח וחועבר 'לדואר חמרכזי בחיפה. מנחל דואר אחר בשביל טבריה, במקומו, עדיין לא נתמנח. בטכס חברית של בנו של מנחל חשעת חעבריח בראדיו א""י, מר מרדכי זלוטניק,…"
1944-05-08	haretz	haretz19440508-01.2.27	"…יטי באונררא"" בקאהיר , הגיע לירושלים. "" מתאכסן במלון ""עדן""• ‭~־~~~ ‬ ערק ים 15 עולים מארצות שונות הגיעו בסוף השבוע שעבר לחיפה דרך טורקיה, בהם משפחה אחת מבולגאריה• ""לייכלה"" - הולה אהמת הילד לייבלה, מפליטי טראנסדניסםריה, שנאסף לבית־ז£זולים ""רוטשילד"" בחיפה, הועבר אתמול לבית החולים הממשלתי לאחר שנתגלו בו סימני אדמת. כית משפט השלופ. תל־אפיכ תיק מספר ‭. 971 /44 ‬ בין שמעון חסין, פקיד, משדרות רוטשילד ‭…"
1944-05-16	haretz	haretz19440516-01.2.42	"…ל דוד גולדשטין, רבקה ופייגה, הנמצאות ביום בלנינגראד (רו־ סיה) מחפש־ת את אחיהן הנ""ל, מיוצאי לודז, בן ‭, 35‬ לשעבר, נוטר בחיפה. לפ־ נות לגב' י־וזנבלום, רחוב בית החולים ‭, 19‬ במושבה הגרמנית בחיפה. פרט ?הזנת ילדים יופץ היום ומחר ברחובות. הקהל' מתבקש להענות בעין יפה. כגלל האכל לא יתקיים כ…"
1944-05-25	haretz	haretz19440525-01.2.21	"…ב הועדה ‭2200‬ לא""י. ואשר ליחס הממשלה יש לציין, שבדרך כלל 'היא אדישה לבעית חולי הרוח, "" ואף אחד מאלה שהיו זקוקים לעזרה בחיפה לא סודר באמצעות הממשלה. ביה""ח היחידי שלה בבית לחם מלא תמיד עד אפס מקוב והצפיפות בו גדולה. גם ביה""ח ""עזרת נשים"" בירושלים ובית החולים מבגי־ברק הותמכים מאת הממשלה אינם מקבלים חו־ לים מחיפה, ויש לחשוש שגם בבית החולים החדש לחולי רוח הנבנה על ידי הממשלה בסביבות יפו לא יוכלו לאשפז חוליב . מצפון הארץ. בשיחה גתעוררה גם שאלת בית חמחסה, שנפת…"
1944-06-04	haretz	haretz19440604-01.2.26	"…רשימות מהיפה בית ההולים ., רוטשילד"" שקהילת היפה במאמרי ב""הארץ"" (מיום ‭20‬ בפברואר). ימדתי בפרטות על ""לבטי אישפוז החולים ;יהודים בחיפה"" ועל הצורך בהרחבת מת ־. חולים רוטשילד של הקהילה (לשכת חי־ ־ום), שנפתח לפני כשנתיים על יד הבי :יש החדש, המוליך מהדר הכרמ…"
1944-06-04	haretz	haretz19440604-01.2.26	"…ה לצרכי הישוב רק לפי מדת יכלתו המצומצמת. יש לזכור, שועד הקהילה, שהוא בעל המוסד לא סילק עד עתה . את הגרעון שהצטבר בתקציב בית החולים בשנים הקודמות בסך ‭1600‬ לא""י, ודבר זד. מעיק מאד על מצב המוסד. - >* י* £££! ועד הדר הכרמל משתתף בהחזקת המו־ 0ד מ‭3000‬ לא""י ועירית חיפה הקציבה אשתקד לועד הקהילה, לצרכי בית החולים ‭2000‬ לא""י ונוסף לכך מסרה במישרין למוסד ‭300‬ לא""י על חשבון קבלת חולים ערבי…"
1944-06-04	haretz	haretz19440604-01.2.26	"…ף את? הסכום מתרומות, ואת השאר ללוות ממקורות שונים. בשאלה זו מתנהל כידוע משא ומתן עם קופת חולים, המעונינת באישפוז חבריה בחיפה ובאי כחד. הודיעו, שהם מוכנים להלוות את מחצית הסכום הדרוש להוצאות הבניה. אך ממון שביצוע הדבר, היינו הרחבת בית החולים לא יוכל לצאת לפועל לפני שיעברו שנה וחצי, וממון שצרכי קופת חולים בעיר דחופים מאד ואין מכלתה לחכות עד שיעלה בידה לאשפז את כל חוליה בבית החולים של הקהילה, תהיה קופת חולים נאלצת סוף סוף לגשת לפתיחת ביה""ח שלה. על שאלה זו עמדתי בפרטות במאמרי, מסוף פברואר ש. ז. וציינתי את הצדדים השליליים שבפתיחת בית חולים מיוחד לקופת חולים בחיפה, אך מאז נכתב המאמר הנ""ל חלו שנויים בעדן זה, וכנראה שפתיחת בית החולים של קו""ח תצא בכל זאת אל הפועל, אך הד־ בר יעשה כנראה…"
1944-06-26	haretz	haretz19440626-01.2.19	"…‬ ועוד. ם""ד, של ההוצאות הרגילות באפריל ומאי — ‭11129‬ לא""י. :פגר כית-חחודים למהלות מדבקות נודע לנו, כי השלטונות סגרו את בית החולים למחלות מדבקות שבמחנה ההם־ גר במזרח העיר, לאחר שלא היו בזמן האחרון מקרים של מחלות אבעבועות. תו להזנת ילדים אתמול ח וחל בחיפה במסירת תו לטובת הועדה להזנת ילדים בבתי חספר, המספקת אובל לאלפי ילדים. עתה עומדת הועדה לפתוח מועדונים וקייטנות לילדים חז…"
1944-06-29	haretz	haretz19440629-01.2.27	"…מנה הודבקה על עץ שע ל יד הבית כרחוב גלעד, בו דרה המנוחה. וזה תוכן ההודעה: ועדת הרופאים הציבורית, על יד הסתדרות חרופאים :חיפה בדקה היום (ז' בתמוז ‭28. 0‬) בשעות ‭10—9‬ לפנה""צ בחדר המתים שעל יד בית החולים של. הקהילה את גוית חמגוחד. יפה כהן וקבעה שאין בה בל פגיעה סיבת המות עדיין לא נקבעה. היקים פנימיים של הגוף נש ־ לחו לבדי…"
1944-07-28	haretz	haretz19440728-01.2.37	…בחיפה כאו העולים מתימן אתמול הגיעו לחיפה רכבת מיוחדת געיצ־ רים ‭576‬ עולים מתימן — שליש• נשים, בערך שליש גברים, והשאר ילדים. כולם, פרט לאחד שנאסף לבית חולים' הןכנםו למחנה ההסגר בעתלית. התנגשות מכוגיות צבאיות בכביש הראשי של הר הכרמל בשדרת האדנים התנגשו אתמול שתי מכוניות צבאיות…
1944-08-08	haretz	haretz19440808-01.2.26	"…ב־ דוד לאסים, ועבדול־עדי - באדרי. מחלקת חיולדות שלחדסח"" !חיפח _ לא ליולדות "" אמידות בחילוף מכתבים בין ההשתררות הרפואית בחיפה והנהלת בית התולים הדםח"" נקבע, כי מחיקת הי. /'דוח שי "" בית חוליםהדשה"" אינה מיועדת ל- "" י י- י-דות אמידות. ‭88, 87 0‬ של כי ה־ וי ־ דוה יא שלמו אפילו את תמחיר הרגיל ייידד, ן!) לא""י) !?ן:…"
1944-08-23	haretz	haretz19440823-01.2.32	"…פנקם חיפני חשכיתה. ‭*5‬ית חחולי6 *זל ד''ר "" כלומנטאל •? שביתה זו אינד""-אולי השובה כל כך כשלעצמה' כי בית החולים ?ןסן ביחס. אבל היא מקרה אחד מרגים מיהסי העבודה, ויתכן שמשום כך יש ענין- בה, סכסוך העבודה, שגרם לשביתה, *וא בין ארבעת בת י ההולים הפרטיים בחיפה ועובדיהם, והדברים הגיעו לידי שביתה רק בבית־ ההולים של ד""ר בלומנסל. יש אמש ארצות, שבהן גם בשעת שביתי- כללית אין שובתים ב…"
1944-09-03	haretz	haretz19440903-01.2.18	…פנקס חיפני כית המקת המדכזי ?הדי-חפדמל — ^וכ על ה?רק. אין לד? לחיפה מזל בבנינים הצבוו^ים הגדולים. הנה בית החולים נבנה, עד כפה שנבנה, תוך לבטים קשים, ותולדות הבניה הזאת ארובות, והפעם לא נעמוד על כך. מגרש לבנין הזד. נתקבל מאת הברון רו…
1944-09-13	haretz	haretz19440913-01.2.21	…נגלי, פקיד ?גתי הזיקוק בתיפה, הגר בשדרות הכרמל במושבה הגרמנית, שהובא . ביום השבת (‭9. 9. 44‬) למחלקת המחלות המידבקות של בית החולים הממשלתי, אחר הלותו במחלת הדבר, מת . אתמול. היה בן ‭. 24‬ זהו המקרה ה־‭25‬ של מח- ' לת הדברבחיפה מאז ה-‭20‬ ביוני שגה זו. מחחולים שנפגעו ממחלת יזו מתו 9 (7 ערבים, יהודי אחד ואנגלי אחד), ‭10‬ הבריאו ו-6 נשארו לטיפול ב…
1944-09-13	haretz	haretz19440913-01.2.21	"…מאותה החנות לפני מעשה התנקשות הנ""ל בשומר. נשמעו כמה עדים. נושאי אקדהיפ ב-‭10‬ לחודש ב־‭8. 30‬ בערב ניסה שוטר מוסף זמני בחיפה לאסור אדם שנשא אקדח. האיש זרק את האקדח וניפח לברוח. השוטר המוסף ירה שתי יריות מאקדחו ופגע בזרועו של חאיש. סמוך למקום נמצא אחר כך אקדח. הנאשם הועבר לבית החול י ם הממשלתי בחיפח. החזיקו השיש לפני שופט השלום הבריטי ה' רוג'רם הובאו ביום ב' השוטר הבריטי אנרי י תומסון והנהג םובחי מח…"
1944-10-03	haretz	haretz19441003-01.2.34	…בחיקה 0 ( עולים ביום א' הגיעו לחיפה ‭10‬ עולים מאר־ ציות שונית, שבאו דרך טורקיה. שוב מקרה דבר שלשום הוכנס למחלק־? של מחלות מדבקות של בית החולים הממשלתי ערבי ממזרח העיר שחלה בדבר. בוטלה התביעה השניה נגד ה. מגצור שמענו שלפי הוראות היועץ המשפטי בוטלה התביעה השניה גג…
1944-10-03	haretz	haretz19441003-01.2.34	"…יטלי שנתבע לדין על שלקח לעצמו שעון יד מידו של ע. זהבי שנהרג ע""י מכונית ברחוב המלכים וסכום כסף בשעה שהעביר את גוית ההרוג לבית החולים הממשלתי נמצא חייב בדין ונידון למאסר שש חדשים. קנס ‭1000‬ לא""י כעוון ההזקת ‭64‬ שקי: קמה לפני כמה זמן התבררה לפני משפם השלום בחיפה, תביעה נגד י. ברקוביץ, בעל טחנה על יד גשר ""של"" בחיפה, על שנמצאו ברשותו ‭64‬ שקים קמח לבן. הקמח נעלם למחרת היום שבו נמצא…"
1944-10-11	haretz	haretz19441011-01.2.23	…בחיפה מליאת ועד הקהלה _ כיום אי במס א' הביא (‭15‬ באוקטובר) תתקיים מליאת ועד הקהלה שתוקדש לוכוחים על הדין וחשבון של ועדת הבניי ין. של בית החולים ובחירת ועדת בנין חדשה. בן ידונו בישיבת זו בשאלת החזקת בית חולים. שכוע הככאים המתנדכיס מ-8 עד ‭14‬ אוקטובר שבוע תו לטוי …
1944-10-15	haretz	haretz19441015-01.2.24	"…פת ועד הקהלה היום ב־5 . אחה""צ בטכניון, ישיבת המליאה של ועד הקהילה. על סדר היום ויכוחים על הדין הוחשבון של ועדת הבנין של בית החולים ושאלת החזקת לבית העולים בבת גלים. האמכולנפיפ לצכא האדופ, הגיעו להיפה ביום ו' הגיעו מתל־אביב לחיפה שלו־ שת האמבולאנםים ושלושת קרונות הניתוח שהוכנו בארץ, מכספי מתנת יהודי דרום־ אפריקה לצבא האדום, בסך ‭12‬ אלף לא""י. המכו…"
1944-10-17	haretz	haretz19441017-01.2.33	"…בחיפה עניני כנין בית חהרליפ -ישיבת חמליאח של חקחלח ישיבת המליאה של ועד הקהלה ביום א' הוקדשה לדיון על הדין והחשבון של הועד לבנין בית החולים ""רוטשילד"" של הקהלה שנתפרסם לפני ןזדשים מספר לאחר פתיחה קצרה של ראש הקהלה ה' מ. ג. לוין, דיברו ד""ד א• אורבך יד. טנד. מ""ע…"
1944-11-17	haretz	haretz19441117-01.2.59	"…ת , ' כרמל לשעבר, במערב העיר, והשני בכפר באלד־אל־שייך על יד יג'ור. שניהם, גבר ואשה, הוכנסו למחלקה למחלות מידבקות שעל יד בית־ החולים הממשלתי בחיפה. עם המקרים הג""ל מגיע מספר מקרי הדבר בהיפה מאז ה־‭20‬ ביוני ל־‭18 . 64‬ מן הגגועים מתו, ‭36 ‬ הבריאו ו־‭10‬ נמצאים עדיין…"
1944-11-23	haretz	haretz19441123-01.2.34	"…רושים כדי להכשיר אותו לבית־ . התולים של. ""קופת־חולים"". בחצר הבית : ' הוקם בנין ובו שלשה חדרים לעובדים. 'אומרים לפתוח את בית החולים בעוד -חדשים מספר. !השקה נטשו פפפד על פעית א""י י מוחמד אבו נעאס, שוסר נוס^, ששמר :בליל ג' את משרדי שלטון המחוז בחיפה ?פרץ באותו הלילה לחדרו של פקידיהמ־ !וזוז נאזמי ענבתא(יוי לאחת שפתח את הדלת ?במפתח מזויף ?והוציא משם את הס־ פר ""הבעיה הפ…"
1944-12-03	haretz	haretz19441203-01.2.42	…, שאין ביכולת הקהילה לקב: עליה עיל זה, עליה לבוא בקשרים עם מיסדור. אחרים (ועד הדר הכרמל ועוד) לעם הקמת גוף משותף להחזקת בית החולים, שבהנהלתו ישתתפו ־.. מוסדות לפי השתתפותם 'בתקציב• הענין נידון כעת בחדרי חדרים בקהילה. מאפר שנה על ההזקת עתון כלתי־ליגאלי לפני שופט השלום הבריטי בחיפה מר־ תקינסון הובאה ביום הששי מרים הפגר בת ‭, 20‬ שנמצאו אצלה חמשה גליונות של עתון בלתי ליגאלי עם מאמר הסתה נגד הנציב העל…
1944-12-04	haretz	haretz19441204-01.2.20	"…בר הבוררים שהוצע. עוד הוחלט לכנס את 'מליאת הקהילה לישיבה ביום ב', !! בדצמבר. גדעון כית החוליפ חשבון ההכנסות וההוצאות של בית־ החולים ובית המרפא ע""ש רוטשילד של הקהלה העברית בחיפה מראה גדעון של ‭816‬ לאי. ההכנסות היו ‭1019‬ לא""י — הקצבות של המוסדות, ‭1019, 471‬ כבית־ החולים עצמו, ‭512. 900‬ מהסניף,…"
1944-12-14	haretz	haretz19441214-01.2.16	"…א מעסים קראנו במשך השנים, גם בדברים גדולים וגם בקטנים, כאילו מקומיים. האחרון, שראינו, הוא הדין והחשבון של ועדת הבנין של בית החולים בחיפה, הוא מלאכה רצינית יסודית בנוגע לאופן ההרצאה. בדרך כלל צריך כל דו""ח להתחיל בהזכרת גדר הסמכות ‭ הועדה חקרה ‭31‬ עדים, ‭16…"
1944-12-27	haretz	haretz19441227-01.2.21	"…בחיפם כית-הוליני *־• הד הכרמל באמצע פברוא' גמר העבודה בציוד בית החולים של ""קופת הולים"" באחוזה על הר הכרמל (בית עולים לשעבר). בית ההולים יכיל ‭42‬ מיטות, מהן ‭30‬ למח־ לות פנימיות. עוד ‭26‬ מ-מ גשם כהיפה ירדו בחיפה בכ""ד השעות שנסתיימו אתמול בבוקר' בם""ה מתחלת העונה — ‭505, 5‬ לעומת ‭90, 9‬ באותו פרק זמן אשתקד. מענין לציין כי ב־‭1937‬…"
1944-12-29	haretz	haretz19441229-01.2.70.1	"…ת הרפואית העברית באדץ־יעדאל סניף חיפה I מודיעה בצעד רב על פטירתו של חבר המועצה I ד""ד בתר יצחק אדמונד אחד מחלוצי הרפואה בחיפה. * ועד הסתדרות רפואית ענוית נאוךישואל, סניף חיפה . ן מלאי צעד אנחנו, כי I הד""ד א* י. בתלהיקד לנו איבבו I ן עובדי בית החולים ד""ד בהד חיפזון אגודת בעלי בתי החולים הפרטיים בחיפה I מודיעה בצער רב על פטירת חברו הד""דא. י. בתד ז אחד מהמיסדים הראשונים…"
1945-01-07	haretz	haretz19450107-01.2.21	"…רך (מזה מקופת הקהלה ‭5755‬ לא""י, מה־ עיריד, — ‭2360‬ ומהשכונות — ‭, (300‬ ועד דדר הכרמל — ‭, 3500‬ הדסה —'‭1300‬ ועירית חיפה ‭900‬ לא""י בתורת תמיכה נוספת . לחולים עניים ערבים, הנשלחים לבית החולים בהמלצת העיריה. התמיכות מצמר ־ פות לסך ‭14000‬ לא""י בקירוב והשאר בא מתשלומי חולים. ועד הקהלה משתתף בתקציב בשיעור %‭18‬ ע…"
1945-01-07	haretz	haretz19450107-01.2.21	"…מיטות, שניתנו לקופת חולים לפני שנים אחדות נתפסות כיום על. ידי קלפת חולים לאפחותמ־%‭. 60‬ ב) קופה־ חולים נעזרת גם על ידי בית החולים המרכזי שלה בעפולה, הסמוכה לחיפה (מהלך שעה נסיעה במכונית), מד, שאין. כן ביחס לחולה מן המעמד הבינוני, שאין •לו לאן לפנות. ג) לקו""ח. עצמה עולה. יום מחלה ב…"
1945-01-07	haretz	haretz19450107-01.2.21	…ולים הוא מוסד של . הקהלה, אך למעשה אין הועד המנהל מורכב לפי יחסי הכחות בקהלה אלא מנ־ ציגי מוסדות שונים, המשתתפים בתקציב בית החולים ושחלק ניכר מהם נמנים עם הסתדרות העובדים. כך , למשל, משלשת נציגי הקהלה בועד המנהל אחד מהם מא? מנהל קופת חולים בחיפה, והשני — סבר בועד המפקח של קופת חולים, גם אחד משני נציגיו של ועד הדר הכרמל ־ . נמנה , עם ראשי ההסתדרות . בעיר* וכי ייצא…
1945-01-07	haretz	haretz19450107-01.2.21	"…ת בהנחה לקופת־ חולים בבית החולים הכללי היא מוצדקת. : הסתלקותח של ""חדשח"" כאן המקום להדגיש , שלרוע מזלסשל• האחראים להנהלת בית החולים הפסיקה "" גם ""הדסה"" את השתתפותה בתקציב*בית החולים בסך ‭1300‬ לא""י (שהוא בעצם סכום סמלי) — מאוקטובר ‭, 1944‬ מתוך שקהלת חיפה עשירה למדי, 'ויש נימור* ביכלתה להחזיק את בית החולים שלה מהכנסותיה היא, ועל ידי בך; נעשה המצב עוד יותר מסובך. להשלמת התמ…"
1945-01-07	haretz	haretz19450107-01.2.21	"…פי המסובך שבו נתון •המןםד ושתחלתו עוד בשנים האחרונות, לא טיפ־ י הישובייס ביתר מרץ בה^גת לוהמוסדךת תמיכה ממשלתית . הגונה לבית חולים . ""רוטשילד"", בהתאם למיכסה המגיעה ;לי־ שוב היהודי בחיפה ובפרט שבית החולים הממשלתי הגדול משמש כמעט רק את הישוב הערבי בלבד , והאוכלוסיה היהודית נהנית ממנו אך מעט מאד (בעיקר ?מחל…"
1945-01-07	haretz	haretz19450107-01.2.21	"…הויוה מצב משונה' שהמחלקה לעזרה סוציאלית של הקהלה נאלצת להחזיק את החולים הנזסקים אליה בדירותיהם הם, ורק חברי קופת חולים בחיפה נהנים מאישפוז בבית החולים מפני מציאות. בית . החולים המר־ כזי בעפולה, והמצב בנדון זה החריף כל כך, שבחדשים הקרובים עומדת קופת חו־ לים לפתוח בית חולים משלד,, על הכרמל עם מחלקה למחלות פנימיות. הישוב היהודי המשלשל מקופתו מסים רבים לממשלה בעיר, המונה כ־‭70. 000‬ יהודים, רשאי. לת־ בוע את החלק. ז/מגיע לו לאישפוז . חוליו, דבר שיקל . במידה . ניכרת גס. על . פתרון :> • הבעיה הקשה של 'הגרעון. כבית החולים ""רוטשילד"" !שהאחדאים למוסדות הישוה בחיפה הועמדו בפניה ב י שנים האחרונות; עם זה יש לגשת' כמובן, . להבראת המצב הכספי של המוסד על ידי הסכם 'צודק ?ס כל הגורמים המעו…"
1945-01-17	haretz	haretz19450117-01.2.39	"…ומ^^ו ־מדון: מעוט מאורגן מול חע שי אבק־אדפ מן ?הראוי, שדברי פופד ""הארץ"" בחיפה על1 המצב בבית־ההולים של^הקהילה (*והארץ"" 'מיום כ""ב טבת), הקשומז בשי־ חזלישהיו>ה לו עם ראש הקהילד"" $ כת‭ז 2‬{תה: י ומצבם איגו גרוע, על כל פני*…"
1945-01-22	haretz	haretz19450122-01.2.28	"…בחיפה נדהתה מליאת ועד הקהלה ישיבת המליאה של ועד הקהלה שנק־ בעד. להיום אחה""צ כדי לדון בעניני בית החולים ""רוטשילד"" נדחתה ליום ד שבוע זה בשעה 5 בחדר מס' ‭20‬ בטכניון. פיה־־פון? - גדרות' אך בצמצום לאחר צפיה ממושכת קבל סוף סוף …"
1945-01-23	haretz	haretz19450123-01.2.18	"…הגרעוןבביודה בחיפה-מגין? ן ‭, 9 ‬ בהשתוממות קראנו ב""רשימות מחי־ ( !ה"" (""הארץ"" מ־ד לינואר) את המאמר על. ו . גדעון בביה""ח רוטשילד בחיפה, שבו :יתנה הסברה כה חד־צדדית' ואף מסולפת, ו צאנו רואים צורך להעמיד את הדברים ' ;יל אמיתותם• 1 בטרם נעבור אל הצד העקרוני שבשאלת ו קיומו של ביה""ח בחיפה נעמוד על כמה ; דברים במאמר, שנכתבו. על. יסוד . אינפור־ • :ןאציה מטעה. והנה הדוגמאות. ו בעל ' הרשימות כותב: ""קופ""ח…"
1945-01-23	haretz	haretz19450123-01.2.18	"…"". לא הרגיש מוסר האינפורמאציה ששוב הכשילו 'פיו: בתוך עשרים אלף ימי המחלה האלה כלולים. למעלה מ־‭4000‬ ימי שהיית יונקים ' בביה""ח, שכרגיל מחשבים אות?1 בשליש — לכל היותר בחצי — מן ההוצאה לבוגר. כן לא נזכר שבעד 4000 ימי מחלה של חוליה י"" שבסביבות חיפה שילמה קופ""ח תשלום מלא' בלי כל הנחה. גם הדברים ""על קביעת מיכסה של %‭0%—60‬ד מסות בהנ י חה 'לקו י פ""ח' בביה""ח ""רוטשילד"" ר…"
1945-01-23	haretz	haretz19450123-01.2.18	"…. א. , כ%‭60‬ מתוך האוכלוסיה העברית הכללית הנערכת ב־‭70. 000‬ 'ניסשות, ואין איפוא להתפלא על פרופורציה זו גם ביחס למיטות בביה""ח. למעשה חלק גדול של חולי קופ""ח בחיפה נשלחיס לבתי־ חולים אחרים, כי הם אינם יכולים לקבל מטה בביה""ה רוטשילד בחיפה. אין אמת בדברים: ""בעקיפין מקבלת קופ""ח הנחה נוספת בביה""ח ע""י פך, שבני משפחתם של חברי הקופה, שאינם משתכרים הרבה ושהם עצמם…"
1945-01-23	haretz	haretz19450123-01.2.18	"… ועובדה היא, ש־%‭85‬ משלמים לפי דרגות שכר של עד סך ‭25‬ לא""י לחודש, בכלל זה תוספת היוקר המלאה! עובדה היא, שתשלומי קופ""ח לביה""ח רוטשילד בחיפה היו כל השנים גבוהים יותר בממוצע. מתשלו־: מיהם של שאר סוגי חולים, וקופ""ח ראתה בכך קיפוח. מוזרים, איפוא, הדברים: ""ואילו פ…"
1945-01-23	haretz	haretz19450123-01.2.18	"…ביה""ח הוא מוסד של הקהילה, אך למעשה אין הועד המנהל מורכב לפי יחסי הכוחות שבקהילה אלא מנציגי מוסדות שונים המשתתפים בתקציב ביה""ח וחלק ניכר מהם נמנים על הסתדרות העוב־ י דים"" וכותב ""הרשימות מחיפה"" נותן היאור כזה — ביחוד על ידי העלמת העובדות, — שלקורא יכול להיות הרושם, של־ געשה הועד המנהל הוא בידי הסתדרות ־. עובדים…"
1945-01-23	haretz	haretz19450123-01.2.18	"…־ :ב מ־9 חברים ובהם 3 חברי ההסתדרות, פזהם מבין באי כח הקהילה והדל הכרמל. :רור, איפוא, שחברי ההסתדרות הם מי־ ונוס בהנהלת ביה""ח בחיפה. ובכל אופן א־נם - מגיעים לאחוז המגיע להם לפי הרכבו של ועד הקהילה בחיפה. כל התאור הנ""ל ־וא איפוא מסולף. ואשר לקופ""ח הרי ברור, שיש לה יסוד להיות? בלתי מרוצה כמצבו הכללי והכספי של בית החולים, ואמנם באה בהצעה להנהלת בי י ה""ח ולקהילת חיפה בדבר שינוי ההרכב של הועד הפונהל והבטחת קיומו של ביה""ח י בצורה מון יי קה יותר. הצעתנו היא' שהועד המנהל-יהיה מורכב. מ־3 ג…"
1945-01-23	haretz	haretz19450123-01.2.18	"…וסדות י האלה ישאו באחריות שווה להנהלה ול־ כלכלת גיה""ח. ואכן, השאלה העיקרית אינה מצסמצמת באותם הדברים שציין בעל הרשימות מחיפה, אלא בעצם קיומו של ביה""ח בהתאם לצרכי הישוב שבמקום. בעל האיגסורמאציה מחיפה רואה את הב־ עיר, בפשטות יתירה: משגדלו הוצאות ביה""ח — יש להטיל את הגרעון על החו ־ לים. ל. וא רואה בכך את ""הדרך הפשוטה האפשרית ביותר להגדיל שוב את תשלומי החולי י ם ובמובן ג…"
1945-01-23	haretz	haretz19450123-01.2.18	"…על עסק פרסי, והיא וחוקה מהבנת הצרכים של שירות רפואי צבורי, המיוסד על ארגון מוניציפאלי. אנו גורסים שאלה י זו לגמרי אחרת: ביה""ח י בחיפה אינו מוסד הקבוע לשאת אתעצמו ע""י תשלומי החולים, השייכים ברובם לסוג נ&עוטי־האמצעי י ם. מאילך לא נועד ביה""ח רק לעניים ולנצרכים לתמיכה, אלא הוא בי""ח ישו י בי צמרי, שתעודתו לסיפוק איש ־ פוז לחלק גדול מן הישוב בחיפה. הישוב החיפני משלם מסים לממשלה, לעיריה, ־ ל קהילה ולהדר־הכרמ יל — וסכום ג י דול למדי י -• והוא זכאי לתבוע אישפוז בצודה נ&ו־ הה ומספיקה. עובדה היא, שמתוך ‭23. 343‬ ימי־המחלה במחלקה הכירורגית ובמחלקת הילדים בביה""ח בחיפה 'בשנת ‭— 1944‬ ניתנו רק ‭10. 644‬ ימים, ז. א. , %‭45‬ (בממוצע ‭30 ‬ מטות ליום) לחברי קופ""ח. אישפוז בזה אינו מספיק בהחלט. קופ""ח מוכרחת אי־ פוא לשלוח את ח־ב חוליה לביה""ח בעמק ולב י יה י ""ח בילינםון, ובשני בתי־חולים אלה תופסים חולי חיפה 46 מסות ליום בממו־ . צע> וכל זה מלבד '‭12‬ המטות התבוסות י' . ע""י חברי קופ""ח מחיפה בביה""ח "" הדסה"" בירושלים. בלשון אחרת: החלק ה מ ־ כ דיע (כ־%‭!65‬) של החוליה של קופ""ח שלנו בחיפה א י נ ו נ ה נ ה כלל מ א י ש פ ו ז בביה""ח בחיפה, אלא בבתי־חולים המתכלכלים ע""י קופ""ח ־ללא י כל השתזזפו ־ ת מצד הקהילה או ועד הדר הכרמל בחיפה. • נוסף לכך מוציאה קופ""ח בח…"
1945-01-23	haretz	haretz19450123-01.2.18	"…החולים בהיפה צריכה לעמוד לדיון בכל היקפה ורצינותה, כדי שתיפתר 'בצורה ההולמת מוסד מוניציפאלי כה חשוב בישוב י העברי החלש כחיפה• אין ספק, שיש בכוחו של הישוב בחיפה להחזיק בי""ח, אף 1דול יותר מן הקיים. אך דא עקא, שהמוסדות בחיפה עדיין לא התרגלו לגייכ את האכוצעיפ הדרושים לכך בדרכים הנ־ אותים לצ י בור מאורגן. משוס בך אין ""בעלים ודואג"" לביה""ח רוטשילד בחיפה, וקיומי מוטל כעומס בלתי הוגן על שכם החולימ עצמם (בעוד שבתל אביב מכניסים, החוליפ לביה""ח . העירוני %‭18‬ מן ההוצאה/ משלמים חולי חיפה למעלה מ־ %‭!66‬) אנו מצייניפ בצער, שעד עתה. לא נעשה די לביסוס ביה""ח בחיפה, שהוא גם. זקוק להרחבה ניכרת. מן הנימוקים הרציניים , שפרטנו ברור, שיש לקופ""ח יסוד לטעון על מצב האיש- . פוו בחיפה וחובה על הקהילה ועל ועד הדר הכרמל ועל העיריה להיכנס בעובי הקורה ולגייס סכומים הרבה יותר גדולים להחזקת ביה""ח רוטשילד והרחבתו' וגם להשיג תמיכה הוגנת מן הממשלה. א. פרלפדן מרכזקופת חולים…"
1945-01-23	haretz	haretz19450123-01.2.35	"…בחיפה הישיבה. _ש^ מליאת הקתלמ גדהתה 'שוב . ישיבת, המליאה, ?זל ועדהקך .. לה בעניני בית החולים. ""רוטשילד"", שנדחתה . מיום ב' ליום די, נדחתה שוב עד להודעה חלשה. . פצןיגדיץ. לידיעת , הגדלה ־ י . סמינריון. מקיף, לידיעת…"
1945-02-07	haretz	haretz19450207-01.2.36	"…בחיפה ישיכה של מלגאת המחלה העכרית תיערך היום ב־5 בבית סבמר. על הפרק: עניני בית החולים ""ךוסשילד"". כיו* פפר מקצועי בקרית חיים היום ב־‭330‬ . אחה""צ חגיגת הנחת אבן־ הפיגה לביה""ס המקצועי:ע""ש ל. ליפשיץ וא. ענבי …"
1945-02-07	haretz	haretz19450207-01.2.36	"…מבקרים. כן יהיה ביה""ק פתוח בכל ערב ראש חודש במשך כל היו* חמדריכיפ לגידול בקר י. כבשנה וח. עפרוני לא יקבלו קהל־ דורשיהם בחיפה בבית הסוכנות, מחר יים מהלקת היולדות של ביח""ח רומשילד נסגרה היום לימים מספר בגלל המסת מזזלה מיבקת מ?^ז; תורנות כתי . המר . **.. * קחת •** הערב — ""החלוץ"" (רחוב החלו…"
1945-02-08	haretz	haretz19450208-01.2.35	"…&ח-על מדוכו! י י וזג^ן. בביה""וז רוטשילד ־ועדת בנץ חדשה לביתיהחולים ""רום ־ שילד"", נבחרה אתמול בישיבת המליאה של ועד קהילת חיפה, שהוקדשה כולה לעניני בית החולים והגרעון הגדול שלו (כ־‭10. 000‬ לא""י). המתוכחים הרחיבו את 1 הדיבור על המאמר שהופיע :בענין • זה ב""-הארץ"" ותשובת ה' פרלסון מטעם קופת הולים, שנדפםה גם היא ב""הארץ"". הממשלה נדרשה לחדול מהתעלם מעניני בית החולים ומלקפח על ידי כך את האוכלוסיה היהודית בחיפה. עוצר עיךק |צ לבגךד האמיר עבד אל אילאה עוצר עיראק ונורי פחה סעיד טסו אתמול מלוד לבגדאד, לאחר בקורם הקצר בירושלים והשתתפ…"
1945-02-15	haretz	haretz19450215-01.2.34	"…רב ע ''י אלמונים בשעה שבאו לשדוד את חנותו — נתקיימה אתמול אחה""צ במעמד קהל רב. באו כל חברי ארגון השענים וסוחרי התכשיטים בחיפה, שהמנוח נמנה עליו. הם פרסמו גם מודעו* אבל מיוחדות וסגרו אך. בתי־המסחר לשעות ההלוויה. מחדר המתים של בית־החולים ""רוטשילד"" — ירדו המלווים במכוניות להדר הכרמל. וכשהגיעה ההלוויה לרח' הרצל ‭, 50‬ ע""י בית. המסחר של. המנוח, התעכבה־ ל2 רג…"
1945-02-15	haretz	haretz19450215-01.2.34	"…שם דיון . על האמצעי* להגברת השמירה ־ ברחובות. נפצעו מתאונת עבודה מתברר ששני הפועלים הערבים, שנפצעו כמחצבת אבן וסיד בדרך חיפה — יגור ושהועברו ע""י מ. ד. א. לבית־החולים הממשלתי, נפגעו לא כתוצאה מקסמה אלא מתאונת עבודה ואתמול עזבו את בית־ החולים. בכית החולים של קופ""ח כאחוזת שמואל בית החולים למחלות פנימיות של קופת חולים בהר הכרמל, באחוזת שמואל, לא ן ייפתח כנראה לפ…"
1945-02-20	haretz	haretz19450220-01.2.10	"…פעיה המורה היא, אפ אפשר יהיה לקייפ להפא את מע רכת השירותיפ הרפואייפ. י גרעו! ""קופת חולים'' יעלה השנה־ ל‭250. 000‬ לא""י. בית החולים של קהלת חיפה מסיים ' את השנה בגדעון של ‭10400‬ לא""י. השירותים שלנו רחוקים מלספק את הצרכים הרפואיים של הישוב. מטפר המיסות הוא רק כממצ…"
1945-02-22	haretz	haretz19450222-01.2.25	"…פולי&מ ו^יד הקהילה נחיפה ז3ל מ1וכת ביה""ח רוטשילד לפני זמן־מד. התקיימה בבית־םבזנר י ישיבת המליאה של ועד הקהילה, שהוקדשה לעניני בית החולים רוטשילד. פתח הא' ג. לוין, ראש הקהילה, שהודיע, כי הגרעון של בית־החולים עד גמר שנת התקציב ב־‭31. 3‬ ש. ז. יגיע ל־‭10, 000…"
1945-02-22	haretz	haretz19450222-01.2.25	"…ליון מיום 16 בינואר — המודיע) אם כי ניתוח המספרים אינו נכון משני הצדדים ומסך בירורים־ ב ענין זה. להלן הדגיש, כי חובתו הדחופה של ועד הקהילה היא לדאוג מיד לכיסוי הגרעון הגדול, ולא — קיימת סכנה לקיום בית־החולים. בוויכוח השתתפו עוד ה""ה ל. שמעוני מסיעת ה""הסתדרות'', שדבר חריפות על העתונות בשל התקפותיה על קופת־חולים, ה' י. ארדשטיין …"
1945-02-22	haretz	haretz19450222-01.2.25	"…סוד את ההצעות לועד הפועל על מנת שידון בהן ויביאן לפני המליאה. יש להעיר שכל הנואמים היו בדעה אחת שהממשלה, המתעלמת מעניני בית החולים ואיננה מסכימה לכל תמיכה, מקפחת על ידי כך במידה רבה את האוכלוםיה היהודית בחיפה ודרשו תיקון המצב בענין זה. בתי חילת הישיבה הזכיר היושב ראש את המ נוח ד""ר א. וואשיץ, שהיה חבר ועד הקהילה בשנים הראשונות …"
1945-02-22	haretz	haretz19450222-01.2.25	"…גדיל את הקצבתה, אך מובן ש, ם על הקהלה וועד הדר הכרמל להתאמץ ולהגדיל את השתתפותם. מכל מקום, מסיים הנואם, ברגע זה השאלה הדחופה ביותר היא כסוי הגדעון הקיים, שיש בו כדי לסכן את קיום המוסד. קטרוג על העתונדת ה' ל. שמעוני מסיעת ה""הסתדך־ת"" (חבר פ""צ שמאל) סבור, כי מצבו של I ביה""ח אינו רע, 'כי אין מוסד העובד בלי גרעון. הצרה היא, לדעתו, שבעניני ביה""ח י""וויטשילד"" החלו לעסוק עתונאים (הכוונה היא לסופר ""הארץ"" מחיפה) שלא הת - עמקו בבעית ביה""ח• לטענות נגד קופת חולים מציין הנואם' כי תקציבה של הקופה בחיפה היא כפול מזה של כל תקציב ועד הקהלה ועולה לרבע מיליון לא""י לערך ובו בזמן היא מקבלת בביה""ח ‭31‬ מטות מבין ‭. 100‬ כאן מפס…"
1945-03-16	haretz	haretz19450316-01.2.34	"…בחיפה אזפדה לגפ' ה. מולד זיל נערכה ביום ג' בערב בבית החולים ""רוטשילד"" ע""י הנהלת ביה""ת, במלאת ‭30 ‬ י לפטירתה. פתח ד""ר אוטםדובסקי ואחריו דברו דייר ב. ניסנבוים והאחות הראשית גב' ייל…"
1945-03-16	haretz	haretz19450316-01.2.34	"… הדגולה ופעולותיה הכבירות של הגב' סאלד. החזן י. חומש קרא פרקימתהלים והאזכרה גסתיימה־ ב ""קדיש"" ואל מלא רחמים. נכחו עובדי בית החולים, אחיות ""הדסה"" ורופאים רבים. יעשו למניעת תאונ1ת-עבודה אתמול נתכנסה בבנין העיריה המועצה למניעת תאונות עבודה ליד מחלקת הע־ בודה לחיפה וצפון הארץ לישיבתה הרא־ שונה. ישב ראש מר ס. א. קוזינם. נכח גם המנחל של מחלקה העבודה הארצית בפועל. ה' קוזינס דבר על תפקי…"
1945-03-28	haretz	haretz19450328-01.2.13	"…רשימוו1עפף# . 'מקור ז$ש לכיסוי גחךנות!* פרשת הגרעון בבית־החולים •רוסשימ‭*3 ‬ בחי&ן י 'ידועה לקוראי ""הארץ"" ממכתב |מד דנו בחיפה^""האדץ"", כ""ז טבת) ומתחנת מרפר^טון (שפ, ם' שבם). הפו$סום מעל עם*יד £עתון עבר לישיבות ועד לקהילה בתיטה. — וביום י""ז אדר גתפרמןה ב""הארץ"", במדור חיפה ידיעה זו: ""נוו^ לנו, כי הנהלת בית החולים החליטה לסגוד את מחלקת היולמ*שמית ה1ןו$* כפי שמוסרים, מסרבת קופת חולים. התופסת כ־%‭75‬ מן תמיסות ־במחלקת היולדוו! להגדיל…"
1945-03-28	haretz	haretz19450328-01.2.13	"…, :ד, פיפול בכל מיטה במשך הזמן הנ""ל %*1 לא""י. הנהלת המוסד נאלצה לעמוד. *ל דרישתה לגוכת מצבה הקשה לדגל!זגרעוג ' הדוצץ על בית החולים בסך ‭10. 000‬ לא""> יש עוד להוסיף, כי עד כמה שיז^ע משלמת קופת ' חולים בבתי חולים פרטיים בחיפה לכל ז יולדת במשך ש*וע-מ־^'עד ‭17‬ לא""י"". (ב""האדץ"" מיום. ס' בניסן. באה ידיעה, שמחלקה . זו נפתחה שו‭. (5 ‬ לאחר ידיעה זו …"
1945-03-28	haretz	haretz19450328-01.2.13	"…ת ""רוטשילד'' "" נפגשו עמ ד''ריא. בדם מהנהלת תמי ג 'ביון להתגייסות והצלה ובקשו ממנז/ שהמגבית תפריש סכום. מסוים לכפר גרעון ביה""ח הנ""ל. מצד הנהלת המגבית גיכדת נטיה למלוי הבקשה, אך תשובה סופית טרם נתקבלה"". (ההטעמה לי — ב. מ. ). ה' ש. לוי, הנזכר בידיעה, הוא יאש עירית חיפה, ועל יחסה של העידיה אל צרכי היהודים אנו קוראים באותו גליון ""הארץ"" ברשימה בשם ""קיפוח יהודי. חיפה י עלי ידי העיריה"" וממנה…"
1945-04-01	haretz	haretz19450401-01.2.32	"…קיד העיר ה' ג. חורי וכמה מחברי העיריה הערבים וכן ה' ראשיד חורי ממד כירות העיריה ביקרו ביום א' של החג בביתו של ראש עירית חיפה ה' ש. לוי וחבר העיריה ה' י. ארדשםיין וכרכום לכבוד החג. הד""ר א. מ'*חי , מנהל בית החולים הממשלתי, שב מנסיעתו למצרים מטעם מחלקת הבריאות ונכנס לשירותו. — ה' ר. ספיגי גבחר באסיפה הכללית של הרוםארי קלוב בחיפה לגש…"
1945-05-02	haretz	haretz19450502-01.2.51	"…במאי לחיפה. הדבר אירע לא דחוק מהקיבוץ• נפצעו למעלה מ־20 איש מנוסעי המכונית. הפצועים הועברו מיד לבית החו־ לים ""רוטשילד"" בחיפה במקום שנעשו להם . גיתוחים. לשם כך גויסו כל רופאי בית־ החולים. גם הוכן מקום בבנין הישן של . בית החולים בהדר הכרמל. 4 נפצעו באופן רציני והשאר נפצעו פצעים קלים. כפתח־תקוח בפתח־תקוה עבר ה־1 במאי בסימן של התיחדות עם זכר גבורי …"
1945-05-08	haretz	haretz19450508-01.2.33	"…לעולי* בבית החול י ים כ־‭40‬ מיסות, כמה מהן למחלות גרון, איזן ואף. קנית הבנין והכשרתו עלו לכעלה מ־‭30. 000‬ לא""י. למנהל בית החולים נתמנה ד""ד רוזנקרנץ, רופא מחוזי של הקופה בחיפה. ד""ר איתמר. ציציקפ ז""ל בליל ב^פפד?ב‭^5‬חוליס?רוטשילת בחיפה בשנתו ה־ד5 ד""י' איתמר צ'צ'ק* מיוצאי גאליציה המערבית, התישב 'בחיפה לפני 23 שנים והיה רופא הילדים הראי שון בעיר. לפני כמה…"
1945-05-10	haretz	haretz19450510-01.2.26	"…היה ניכר, במעבדות לא הופרעה העבודה אף לרגע אחד. הדר־הכרמל לא ניזוקה כלל. באותו יום הצטיינו אנשי מד""א, אשר עז־ רו לעובדי ביה""ח הממשלתי ' שידיהם היו . מלאות עבודה. נשלחו גם 2 רופאים מנתחים יהודים לדרישת הנהלת ביה""ח תנזכר. מכל? מקום יש לציין, כי אף על פל שחיפה ־ היתה שרויה באבל ביום א' נמשכה העבודה כרגיל בכל מקום ורבים ביקרו עוד ביום שבת ולמחרתו ברובע הנפגע, שמראהו עורר זוועה. …"
1945-06-17	haretz	haretz19450617-01.2.41	"…של ועדת החקירה ויגשו להצבעה על התקציב; בית ההודים הגרמני - * לפועלים ע רכיפ י שמענו, שנציגי הסתדרות הפועלים הער; י בים בחיפה פנו לממשלה בבקשה לפתות י את בית החולים הגרמני שבמושבה הגר מנית לצורך הפועלים הערבים. נפצע כשעת נני-, ־? בליל שבת נעצר על הר־הכרמל איבר הים מאברוק איבראהים בנסותו לגנוב צמיגים תמכורת:3 •מוזר־־נפצעי בשעתי ־מעשה' ביןו־יעל-יד שוטרים והועבר לבית חולים ממשלת י י. '‭. - :"". 1 ‬ הפדעליפ. הערכיפ מכצןשיפ את . כית י ההול""פ הגרמני ה""ה' סאמי םאהא וחנה. עצפור ' גציגל אגודת הפועלים הערבים ' בחיפה פנו בבקי' שה למושל המחוז, שימסרר . את בית החולים הגרמני בעיר לרשות האגודה בשביל הפועלים הערבים. דליקות י ^ ביום ו' ואתמ…"
1945-06-17	haretz	haretz19450617-01.2.54	"…בעית הנרעון של ביה""ח רוטשילד בחיפה . בישיבה שהיתה בתל אביב בהשתתפות ב""כ הועד הלממי, מרכז קופ""* ועד הקהלה ועד הדד מכרמל וה' ש. לוי־, מ""ר הועד המנהל, דנו בע…"
1945-06-19	haretz	haretz19450619-01.2.46	"…התנגד להפרדת תקציב בית • החולים רוטשילד י מתקציב הקהלה ולהעלאת מסי הקהלה, הואיל !ואין אפשרות עוד ""למתוח"" את המסים יותר בחיפה, כי סוף סוף הקהל ימתד ויחדל לשלם. יש להשתמש יותר בבית החולים הממשלתי. הנואם התנגד להשתתפות הקהלה בתקציב הדתי ובנין בית הכנסת. גבי ר. כגן (ה. נ. צ. ) מתנגדת לדעת ה' טנה (מ""עליה חדשה…"
1945-06-27	haretz	haretz19450627-01.2.29	… ועם מר סקוס. יש תזוזה ידועה אך הדברים הס דחופים וחיוניים והמצב הוא ־ חמוד למדי. על כך מעידה ־ בראש וראשונה העובדה, כי בחיפה דנו עלי הקטנת מספד המיטות בבית החולים של קהלת היפה מחמת חוסר אמצעים. י בעיה נפרדת היא בעית ההוספיטליזציה של הולי השהפת. על תכנית להקמת שני בתי חולים חדשים דו…
1945-07-02	haretz	haretz19450702-01.2.29	"…שנים מהם נשרפו. האש כובתה על ידי כבאי הדר הכרמל. כבאים אלה היו עסוקים בכיבוי עוד שתי דליקות כתוצאה מהתלקחות קוצים על יד בית החולים . רוטשילד"". בחודש יוני נקראו כבאי הדר הכרמל לכבות ‭43‬ דליקות, ביניהן ‭30‬ דליקות קוצים. נקנפו מפקיעי שערים מוחמר עבדללה יוניס מבלד אל שיך ע""י חיפה, נידון לתשלום קנס של מאה לא""י או למאסר 3 חדשים על מכירת 2 אוקיות בשר כבש ב־‭200‬ מא""י במקום־ ב‭. 134‬ מוסד. מוחמד אל סע…"
1945-07-09	haretz	haretz19450709-01.2.43	"…בחיפה , עזפו את טית־ההוליפ מארבע הצעירות שנפגעו מתאונת דרכים ביום ב' שעבר על יד גשר . של"" עזבו שלש את בית החולים . רוסשילד-. נשארה בסי־ פול בבית החולים הגב' גאניה צוקרבארג• תורנות פתי המדקהת י הערב — . ארמון"" רחוב הנביאים ‭, 6 ‬ טלפון ‭. 4176 ‬ היופ והעדפ במכון למוסיקה: …"
1945-07-10	haretz	haretz19450710-01.2.24	"…ם :ב־ ‭1939‬ בתחילת המלחמה. באותה שנהם־ נ תיים גם המין בשדה התעופה בלוד ונם־ סר למחלקת התעופה האזרחית• בשנה זו נבנה •גם בית החולים הממשלתי למחלות מידבקות בדרך מת לח* הושלם מץ םוכז הפלפון האוטומטי בחיפה ונבנו כמה בתים לשיכון עומי תחנות השאובה של אספקת 'המיס הירושלמי* ‭55‬ בניני משטרחשעזובשנ* מדון-לא""י ‭55‬ בניגי -טיגאדמ•…"
1945-07-10	haretz	haretz19450710-01.2.24	…כד 1 , . מחלקת העבודות הצבותות שיתפה אח עצמה בפעולות המלחמה במגפת הדבר. המחלקה הקימה ב־1942 מחלקה מיוחדת לנגועי דבר ליד בית החולים הממשלתי בחיפה, ובאותה שנה — הוקם גם ביתן בידוד הכולל ‭14‬ מיסות לבית החולים הממשלתי בבית צפפה שליד ירושלים. בי‭1943‬ הוציאה המחלקה לפועל — בעיקר עבודות של הוספה למינים הקיימים של בית החולים למחלות מידבקות בבני ברק, בית החול י ים לחולי רוח פליליים בבית־לח* למעמות של מחלקת הבריאות הממשלתית וכן לתחנות הסגר לבהמות בחיפה לוד וצמח• גם ב־1944י ביצעה המחלקה את רוב עבודות המין לצרכי השרותים הרפואיים - וההסגר לבהמוה. בוצעה לפועל התכנית הגדולה …
1945-07-10	haretz	haretz19450710-01.2.24	"…המות גסות• ממהנה מעצר - דכית הול'"" דוה • מחנה המעצר בודים נהפך לביר. חולי־ רו* המכיל ‭175‬ חולי* ולשם כך הותאמו הבניני* בית החולים •הירקון"" עבר לת י שות הממשלה והושקעו בו עבודות גדולות ולבית החולים הממשלתי בחיפה גוסף ביתן עם ' ‭20‬ מיסות. כמו כן בוצעה עבודה היונית ביותר ' בעכו לקיום קירות הים. *נפמלי ־ הפפקת מיפ בשנות המלחמה ביצע…"
1945-07-18	haretz	haretz19450718-01.2.27	"…בחיפה דרישה מהממשלה להשתתף כתקציב ב""ת ההולים ""רוטשילד"" דרישת קהלת חיפה להשתתפות הממשלה בתקציב בית החולים *רוטשילד"" של הקהלה נידונה בין השאר בפגישה שהיתר. ביום ב' בירושלים בין מ""מ הנציב ה' שאו ובין חברי הנהלת הועד הלאומי ה""ה י. בן־צבי וד""ר א. כצנלםון. נוכחו ה' ש. לוי, יושב ראש הועד המנהל של בית החולים, וראש קהילת חיפה ה' ג. לוין וכן דייר י. מאיר מהנהלת קופת חולים. נציגי קהילת חיפה עמדו על הכרח למילוי דרישתם נוכח המצב הכספי הקשה שבו נתון גית החולים בשנתיים האחרונות. מ""מ הנציב העליון ה' שאו הבי עאת א…"
1945-08-13	haretz	haretz19450813-01.2.16.1	"…, ידידיהם ומכריהם מידה להשתתף בשמחת כלולות בניהם יעקב ־>=""־' ' ביום החמישי , ד אלול, תש""ה (‭16. 8. 45‬) בשעה 5 אחה''צ, בחיפה, בבית הרב קניאל. המען למבדקים: הפנר־סבציניק, כפר־עסה. י אמנון וחכה מירון(מזרחי) חובקים בת ליאורה־ * ביה""ח ד""ר פרויד א' אלול ר""ש""ה ‭10. 8. 45 ‬ בת נולדה לנו ושמה יעל רבה ואהיז קזנ'לםקי כ""ו באב תש""ה. ירושלים תשומת לב! אימפורטרי…"
1945-08-13	haretz	haretz19450813-01.2.16.3	"…של י ' ההפד, עודך־הדין יוסף ברבבלום ז""ל י שנפל פידי מרצהיפ , . התלויה תצא היום, ד' אלול תש""ה (‭13*45‬) בשעה ‭11‬ לפנה""צ מבית־החוליס החדש רוסשילד. בזמן ההלויה יהיו משרדי עורכי־הדין בחיפה סגורים. ‭^? 001001^00^0^00 ? ‬ ‭. ^. $. ‬ס. > הקבין הממקד של ביה""ח הכללי ‭42 ‬ וקביגי. ‭*. *. *\. 0‬ של בית החולים והאז…"
1945-08-26	haretz	haretz19450826-01.2.41	… הממשלה עומדת בקרוב לבנות בית חולימ שיכיל ממאתיימ עד המש מאות מימות . לחולי שתפ* בקרבת ירושלי* במביבה הרתת. כמו כן יבנו בית חולי רוח אף הוא בקרבת ירושלי* שיכיל ‭360‬ מימות. ימו גם בתי חולימ כלאים בתל־אביב, יפו, חיפה וירושלימ שיכילו' מאות מיטות. מלבד התכניות הממשלתיות קיימות ועומדות לפני מימוש תמיות של מופרות מימיי* בהמ של עזבון אמינה כאלת — בית חולימ למחלות כלליות מרושלי* של עזבון הגב' אכו כאדרה בעזה, של המועצה המקומית ברמאללה ובית הולים ליולתת מפו. תר מק קווין הזכיר גם את התמיות של המופרות היהותיפ לבנין במי חוליפ: על שט רוטנברג בחיפה, בראשון לציון, בית חוליפ גדול של קופת חולי* ועוד המיות חשובו* תר מק קוזין מקוד. כי תוך חמש השניפ הבאות יוכפל מפפר המימו…
1945-09-14	haretz	haretz19450914-01.2.73	"…מביקורי מ""מ הנציב העליון . אתמול לפה""צ ביקר ה. מ. הנציב העליון ד. ' שאו בבית החולים רוטשילד בחיפה, בלוית מושל המחוז ה' לאו ופקיד המחוז ה' א. לבהר• הוא נתקבל ע""י יו""ר הועד המנהל ה' ש. לוי, ראש הקהלה ה' ג. לוין, מנהל בי…"
1945-09-24	haretz	haretz19450924-01.2.69	"…הפרט ה' ר. גוטליב, המנהל הראשי של פיק""א בארץ ישראל, חזר מנסיעתו ללונדון בעניני החברה ונכנס לעבודתו במשרד הנהלת . פיק""א בחיפה. ר""ר באלה גאלו, תלמידו של פרופ' פראנקו מ""הדסה* נתמנה לפאטולוג של ביה""ח ""הדסה"" בחיפה. ד""ר גאלו עבד עד עכשיו ב""הדסה"" בירושלים כעוזרו של הפרופ' פראנקו. כשפילדמארשאליפ מגליפ דעתפ לעתונות ל ו נ ד…"
1945-10-04	haretz	haretz19451004-01.2.28	"… את־ מול בצהרים בראובן אהרונוביץ, נער בן 6 מרחוב הקישון ‭, 14‬ והרגתו בו במקום. הגוויה הועברה על ידי מד""א לחדר המתים של בית החולים ""רוטשילד"". 10 שנות מאפרהודגי־־אדפ ל בבית־הדין לפשעים חמורים בחיפה נתברר היום משפטם של מארון וטאנוס ססין, הראשון בן ‭20‬ והשני בן ‭, 22‬ נוטרי* מצור, שנתבעו לדין בהאשמה, שב־9 באפריל השנה…"
1945-10-23	haretz	haretz19451023-01.2.20	…ים, קו מספר ? ‭. 7‬ על ידי כך נוספו לשרות המאוחד ‭18‬ מכוניות ו־‭28‬ חברים. ברשות השרות המאוחד הכולל מזמן את קו מספר 8 (חיפה—יגור—משמר־העמק) וקו מספר ‭20‬ (חיפה—תחנת החשמל—תל־עמל) יהיו מעתה ‭78‬ מכוניות. מספר חבריו — ‭. 132 ‬ . המכוניות של מספר 7 . מהלכות מבת־ גלים דרך בית־החולים הממשלתי לתחנת הרכבת המזרחית, וכן מתחנת הרכבת ' לקצה המערבי של חיפה (קצה רחוב אלנבי) דרך קריתיאליהו. מלבד זה היתד. התנוע…
1945-11-02	haretz	haretz19451102-01.2.1	…י. יש אומרים, שבכיסו נמצאה תעודת זהות על שם יעקב גולדברג, אך אין בטוחים בכך. יש מוסרים, ששמו יעקב גרינברג. הגוויה הובאה לבית החולים הממשלתי בחיפה והבוקר ב־‭8. 30‬ תצא הלויתו מבית החולים לבית־ העלמין החדש. במשך היום טסו מטוסים בשמי חיפה. הרוג יהודי הובא לרמלה אתמול לפנות ערב הובאה על ידי פלוגת חיילים, לחדר המתים של בית־החולים הממשלתי ברמלה, גופתו של צעיר…
1945-11-18	haretz	haretz19451118-01.2.31	"…נות ערב. ניתנה עזרה לאורי יאגאר, בן ‭, 23‬ חבר קיבוץ ""רשפים"" בקרית־חיים, שנפל מגג. יש חשש לסדק באגן ירכיו. גם הוא הועבר לבית החולים ""רוטשילד"". ע רכים נגועי דבר ב־4 השבועות האחרונים הובאו למחלקה למחלות מדבקות של בית החולים הממשלתי בחיפה 5 ערבים ' נגועי דבר. אחד מהם מת, שלושה הבריאו, ואחד נשאר בבית החולים. כל הנגועים_הם מותאוואליט מיוצאי סוריה, המתגוררים ברובעים המזרחיים הקיצוניים של העיר. מאפר שנתייפ למהזיק רפוש ננוכ ""בבית הדין המחוזי בחיפה, בפני השופ־ טיס א. שמש וא. נאסר, נתברר דינו של שרגא פליישמן, שנתבע לדין בשתי האשמות: שגנב ב־‭45. 5. 26‬ מבית המלאכה ""הע…"
1945-11-28	haretz	haretz19451128-01.2.61	"…. במקומו נתמנך. הקצין קמפבל. ג' בן־בשת, שנפצעה בתאונת הדרכים ביום ה' שעבר ע""י מחנה ע תליט (כשבעלה נהרג) עזבה ביום ב' את ביה""ח רוטשילד. חיפה…"
1945-12-11	haretz	haretz19451211-01.2.55	"… השער. הערבית בראתו ירושלים, באורדאן של . איסתקלאל"" דרגה ב', המקנה לו תואר ביי. תר איבראהים איטאים משכם נתמנה לסגן מנהל בית־החולים הממשלתי בחיפה, במקומו של ד-ר מישלאני, שנתמנה מנהל בית־החולים הממשלתי בשכם. תר איםאים החל אתמול בעבודתו. ב־18 בנובמבר תתקיים בלונדון ק…"
1945-12-19	haretz	haretz19451219-01.2.31	"…ה 'להתקרבות ולשיתוף יהודי־ ערבי; נבחרה מועצה בת ‭16‬ חברים, שמ־ תוכה יבחר היעד. עורכי האספה השמיעו הצעות לפעולות הליגה בחיפה, שנתקבלו על ידי הנאספים. הילופין בבה •ה הממשלתי שמענו בי ד""ר פוטינגר, מנהל בית־החו' לים הממשלתי בחיפה, יועבר ליפו כמנהל בית החולים הממשלתי שם. בתערוכת התעשיה של ה""הפתדרות"" בקרו ביום ב' כ־‭1800‬ איש מכל החוגים. והחלו הביקורים של תלמידי הכתות הגבוהות ש…"
1946-01-03	haretz	haretz19460103-01.2.39	"…הקהק""ל, בה ירצה ד""ר ה. פומרנץ על דרך ההתישבות מד־ גניה לנגב (עם פנס קסם). כית חוליה מודרני כפירות? סופרו של . א־דיפאע"" בחיפה מודיע, כי האוניברסיטה האמריקאית בבירות החליטה לבנות בית חולים גדול מודרני שיכיל 350 ממרת ויהיה בית החולים המודרני ביותר במזרח התיכון. הרא יבנה מכספי תורמים. באמריקה ומתרומות בוגרי האוניברסיטה בעולם הערבי. התרשימים של הבנין נת…"
1946-01-20	haretz	haretz19460120-01.2.16	"…תקציב הבריאות של קהלתהיפד. סקירה על המצב בשירותי הבריאות של ועד הקהילה בחיפה מסר ד""ר נ. נ־סנבוים' יו""ר ועדת הבריאות של הקהילה, בישיבת המליאה ביום ה' בערב. בין ההישגים של שחתי הבריאות הזכיר את הקמת מכון הראנםגן בבית החולים ואת המעבדה ה־ באקטאריאולוגית, שציודה אמנם עדיין לא הושלם. הוצאה למעלה מ־‭3000‬ לא''י לשנה וגרמת על ידי העובדה, ששני חלק…"
1946-02-14	haretz	haretz19460214-01.2.31	"…ליה. הראשונים בתור הם אלד. לד. שהגישו. בקשות לפני 3 שנים בערך. מעניו לציין כי במשך 3 השנים האחרונות הוגשו להנהלת הדואר בחיפה כ־‭1400‬ בקשות לטלפונים חדשים. מתה קרבן התפוצצות הפרימופ גב' א. קאופמן מקבוץ . עברון"" ע""י נהריה, שנכותה ביום ג' בהתפוצצות ""פרימוס"", מתה אור ליום' ןי בביה""ח ""רוטשילד"". הניחה בעל, ילד והורים, היתד. בת ‭. 28 ‬ י תאונה להשמלאי כבתי הזיקוק פרידריך ליאופולד, בן ‭, 37‬ 'חשמלאי העוב…"
1946-02-17	haretz	haretz19460217-01.2.41	"…ילדי המקום. דיכ שכנות . כועד־' פרימוס בוער נזרק על מלכה ברנר מנתניה בשעת ריב בינה ובין שכנתה. הנפגעת נכוותה קשה והועברה לבית החולים . הירקון"" בת""א. פתה תקוה בהתאחדות נשים לשווי זכויות, הערב ב־‭, 8‬ בפיק""א הרצאת הגי חולודנקו על: ראתבון ידידתנו. כמועצת אזור אפדיפ שלסונות המחוז בחיפה נענו לדרישת המועצה ליתן מקום לנציגי המשקים שבא־ זור מקום אחד בועדה המחוזית לתכנון ובנין. נבחרו לשם כך ה""ה א. פיין וס. ש…"
1946-02-24	haretz	haretz19460224-01.2.7	… מצבו של הקצץ מקלאגלין מצבו של הקצין האנגלי מקלאגלין, ממשמרת שפרעם, שנפצע בשעת ההתקפה •על התחנה בליל וי, הוטב. הוא מוסל בבית החולים הממשלתי בחיפה. מתברר, כי התקפה זו גרמה נזק בתחנת המשטרה הניידת בשפרעם. בליל ההתקפה ולמחרתו נערכו חיפושים בסביבה ובחיפה, כי בכל האזור של ההתקפה קיים עוצר בשעות הערב, החל משעה ‭. 9 ‬ כל השמשות כבניני המחנה נופצו. חילופי היריות בין המתקיפים …
1946-03-07	haretz	haretz19460307-01.2.55.1	"…ז ל־ס ו ב ש. מועד ושמד בע""מ תל-אכיכ נעמי ודב טבשניקוב ראשון לציון שמהיפ להודיע שנולדה להט כת ולשילה - אהות ‭3. 3. 1946‬ ביה""ח ""אסותא* כמות הגשמים עד 6 במארס בשעה 8 בערב ב־24 השעות האחרונות ז ס""ה מ""מ עד עתה הרגיל הר כנען ‭662 457 2 ‬ חיפה ‭460 2 ‬ הר הכרמל ‭581 493 4 ‬ טבריה ‭588 320 0. 3 ‬ רמת־דוד ‭383 3 ‬ תל־אביב ‭509 500 * 2 ‬ לוד, שדה התעופה ‭442 655 7…"
1946-05-05	haretz	haretz19460505-01.2.25	"…ולם הקודמת לארץ באניה הראשונה ""רופלאן''. עבד בתחלה כרופא כללי בהדסה ירושלים, אחר כך נשלח מטעם הדסה לשמש רופא כללי למחוז חיפה והגליל, ומשנת ‭1926‬ שימש גם מנהל ביה""ח הדסה בחיפה. כדאי לציין את מסירותו לעבודה בשנות ן המהומות ‭1939—1936 , 1929‬ ובזמן המל־ ו חמה. בשנת ‭1932‬ עזב את משרתו כמנהל ביה""ח הדסה, אלא שלא הפסיק את קשריו עם המוסד, והוא גם כיום חבר פעיל בועד המנהל של ביה""ח הדסה שעבר עתה לרשותו של ועד הקהלה העברית. ד""ר נ. יסד את מגן דוד אדום בחיפה, השקיע כוחות רבים לבנין בית למ. ד. א. דייר נ. פעיל גם בועדת הבריאות של דקהלה. כיו""ר ועדת הבריאות של הקהילה הוא דואג לכל…"
1946-05-13	haretz	haretz19460513-01.2.37	"…"". הוא סובל מחבלות פנימיות בגוף, ? כן הוגשה עזרה לפסיה וויטלין, בת ‭, 78 ‬ מרחוב' יחיאל שנדחפה בפגיעת מכוני* היא הועברה לבית־החולים ""רוטשילד"" ויש חשש לשבר ברגל. מגן דוד אדום באפריל '| מגן דוד אדום בחיפה טיפל באפריל ב־‭100‬ מקרים_בתתנ* ו־‭27‬ מקרים כחוץ. מן ‭127‬ מקרי־אסו י ן אירעו ‭73‬ וברחוב, ‭27 ‬ בבית, ‭25‬ בעבודה, 2 …"
1946-05-14	haretz	haretz19460514-01.2.24	"… ט. — ישועה הנהפכת לשע־ רוריה"" בגליון . הארץ"" מיום ‭30. 4. 46‬ הובעו עצות, שאני רואים צורך להעיר עליהן. גם אנחנו — בעלי ביה""ח . כפיה'' בחיפה המוציא תוצרת חימית לשוק זה שנים נלחמים באותן ה""פירמות"" האנונימיות, העלולות בזיופיהן להביא נזק רב לתוצרת הארץ בכלל. אולם…"
1946-05-14	haretz	haretz19460514-01.2.24	"…ימית ותיקים אחרים מצויינת בשם היצרן ובכמבת המלאה. | וזו ערובה מספקת לגבי הצרכן, שיוכל, לפיהם לתבוע מאתנו אחריות מלאה. | ביהח""ר . כימיה"", חיפה. א. גוטפן |…"
1946-05-14	haretz	haretz19460514-01.2.53	"…קשה נאסף ? לביה""ח י הממשלתי. גדקדו כשעת קטטות מםואלי אבו סועוד, בן ‭, 19‬ מצרי מיפו העובד בבנימינה נדקר בשעת קטסה ונאסף לביה""ח הממשלתי. מצבו אינו קשה. — לאותו ביה""ח נאסף מוחמד אל קאםם, בן ‭, 23‬ מחיפה,. שנדקר בבטנו בש י עת קטמה עם ערבי. מצבו חמור. רמאות ביום א' אחרי הצהרים שילמו אברהם גולדשטיין מרחוב םלורנטין 47 בתל־אב…"
1946-06-04	haretz	haretz19460604-01.2.30.3	"…קים עזרה בלמודים. ן חחגחלח ן בית ספר לאחיות עיי פית החולים רוטשילד םחיפח ., _ הרשמת תלמידות: הנהלת בית הספר לאחיות 'ע""י בית החולים . רוטשילד"" בחיפה, מודיעה בזה כי החלה ההרשמה למחזור ראשון של בית הספר, אשר י ייפתח בהתחלת החודשפפסמבר ש. ז. מועמדות שגמרו לא פחות מ־6 כתו…"
1946-06-07	haretz	haretz19460607-01.2.42.2	…ד. ‭233‬ עבור ‭. 11225/2 ‬ בית ספר לאחיות ־ עיי כית ההולים רוטשילד כהיפה ^^^^^ הרשמת תלמידות: הנהלת בית הספר לאחיות עיי בית החולים . רוטשילד' בחיפה, מודיעה בזה כ־ החלה ההרשמה למהזור ראשון של בית הספר, אשד ייפתח בהתחלת החודש ספטמבר ש. ז. מועמדות שגררו לא פחות מ־6 כתות…
1946-06-21	haretz	haretz19460621-01.2.64	…י נוער. כל הגליל שרוי באבל כבד. בצפת ובראש־פינה נסגרו כל החנויות ושבתה כל מלאכה בשעורי ההלויה. כל העצורים שוחררו אתמול. לבית החולים הממשלתי בחיפה הובא שלשום מ. מינצר, שנפצע במאורעות ליל ב' בסביבות עכו ונעצר אחר כך. הוא הובא לבית החולים מבית הסוהר בעכו.…
1946-06-24	haretz	haretz19460624-01.2.25	…מעוצבנים, והם אבדו את השליטה ברוחם. מצכ פצועי היפה טוכ מצבם של הצעירים היהודים שנפצעו בעתההתקפה על בתי המלאכה של הרכבת בחיפה, השוכבים בבית התולים הממשלתי, הוטב בימים האחרונים. גם במצבה של מלכה גרינביץ חלה הטבה קלה. בשבת הועברו הפצועים לאגף האסירים של בית החולים ועליו הופקד משמר חזק. ‭13‬ הצעירים הבריאים, שנאסרו בקשר להתקפה, הובאו אתמול במשמר חזק מבית הסוהר בעכו לחיפה לשם חקירה. …
1946-07-08	haretz	haretz19460708-01.2.40	"…ל רב, בהם קציד* מלחים ועובדי נמל. בחיפה מכל העדו* באו אתמול אחר הצהרים להלוויתו של הקפיטן ה., ר. וינד־ מילר שנפטר בשבת בחיפה. ־ הובאו זרי פרחים מעובדי הנמל הבריטים, החי""ל וצופי הים שהמנוח היה ' נשיאם. ההלוויה יצאה מבית החולים הממשלתי לבית העלמין החדש ושם הספידוהו ה' א . שרפשטין בשם אגודת רבי החובלים, הקצינים והמלחים היהודים וה' מ. היגדס ' בשם החי""ל. •בית חוליפ חדש בחיפה עומדים להקים בית חולים פרסי חדש על שפח של 10 דונאם במרכז הכרמל על ידי החברה . אלישע"" בע""מ שנוסדה זה עתה. עם הון רשום של…"
1946-07-22	haretz	haretz19460722-01.2.32	"…מהתכניון, רכטר והאדר נויפלד הנמצא כיום באמריקה והעומד להזור בזמן הקרוב לארץ עפ""י הזמנת עירית תל אביב, כדי לתכן את תכנית ביה""ח העירוני הגדול בן ‭800‬ מטות שיוקם בעיר זו. חכד-השופטיפ חבר השופטים מורכב מפרופ. ראדינג היועץ הארכיטקטוני של עירית חיפה, נציג אג. האינג'נרים והארכיטקטים. יו""ר החט־ תזזיות הרפואית בחיפה ד""ר י. איצקוביץ וד""ר ב. הירשקוביץ. יש לשער שעבוד התבני…"
1946-08-15	haretz	haretz19460815-01.2.65	"…אשמים לבית־הדץ ומבלי לשיב לב להפרעותיהם ימסד להם על מהלך המשפט ופסק־הדץ. קבלו אותות הצטינות ארבעה שוטרים נוטפים ערביים בחיפה קיבלו אותות הצטיינות של משמרת המושבות על אומץ הלב שגילו בעת ההתקפה על בתי המלאכה של הרכבות בחיפד- מודיע . א־דיפאע"". טי הפ הנאשטיפ בפשר להתקפה על בית ההוליפ הטטשלתיפיפוז . פלשתץ• מודיע, כי 3 מ־5 הטארוריס־ כים שהתקיפו את בית החולים הממשלתי ביפו הם תימנים, והשנים משאר עדות המזר…"
1946-09-05	haretz	haretz19460905-01.2.21	"…ארו בארץ, ‭39‬ מהם הועברו לבית־החו־ לים־ישל הסוכנות במחנה המעצר בעתליט, בהם ‭20‬ נשים, ‭16‬ גברים, ו־3 ילדים. ששה נאספו לביה""ח הממשלתי בחיפה, אך יש תקוה שגם הם יועברו בימים הקרובים לביה""ח שבעתליס. ואלה שמותיהם של ששת החולים שב־ ביה""ח הממשלתי: 1) צפורה מוסקוביץ…"
1946-09-11	haretz	haretz19460911-01.2.25	…וית הופרג'נט מארטין אתמול לפנות ערב נערכה בטכט צבאי הל י ויתו של הסרגימן מארטין מהבולשת ש־ נרצח שלשומ בנןו&זבה הגרמנית בחיפה. ההלויה יצאה מבית־החולימ הממשלתי ל־ בית־הקברות הבריטי ליד חוף חיאט ובה השתתפו בין השאר מושל המחוז, מפקד המשטרה ג'יימס, ראש הבולשת הקצין קונקווסט…
1946-09-11	haretz	haretz19460911-01.2.25	"…לתי בדמיה ארצברג, בת‭, ' 21‬ ומזה. סטריקוב־ סקה, שתי מעפילות הנמצאות במחנה עת־ ליס, הועברו אאתמול למחלק*־ , 'הפגימית של בית־החולים הממשלתי בחיפה. שתיהן יוצאות פולין. מהזור כ""ז של כיה""ס הריאלי ביום ב' נערך טכס ו1סץם של מחזור כ""ז של בית הספר הריאלי. סיימו ‭65‬ תלמיד…"
1946-09-25	haretz	haretz19460925-01.2.60	"…ים בלאסרון. מביה""ח-למחנה עתליט 3 המעפילים, בשה זילבר, בת ‭, 25‬ ברכה שווארץ, בת ‭, 24‬ וירחמיאל לויט, בן ‭, 21 ‬ הועברו מבית־החולים הממשלתי למחנה ב• עתליט. נתן כהן בן ‭, 20‬ נשאר במחלקה הכירורגית של בית־החולים הממשלתי בחיפה. יש מקווים, כי ל־4 המעפילים האלו יורשה להשאר בארץ, אך אין כעת כל אישור לכך. המעפילים שנשאלו לארץ מוצאם סירבו לענות על כ…"
1946-11-13	haretz	haretz19461113-01.2.66	"…שותו נמצאו ח י פצים I גנובים . 1 שוכ תאונת דרכים חמוד מחמוד, מכפר םכנין שבנפת 'עכו, נדרם ביום ב' ע""י מכונית צבאית בכביש חיפה־עכו, ובמצב קשה נאסף לבית ה־ חולים הממשלתי. לאותו בית חולים גאסף גם אחמד חג' צליח, מיוצאי עבר הןרדן, 'שנגרם לו שבר בגולגולת, לאחר שנדרס > ""' דכינית בחיפה, ורשיד סלאמי סולי' מאן, ש…"
1946-11-27	haretz	haretz19461127-01.2.26	"…עולים. לפני כעשרה ימים, ;ל מנת להכניס שמה כמה חולים מכין מעפילי ""כנסת ישראל"". הל^כה הסכימה לכך, ואתמול אחר הצהרים נאספו לבית־החולים במחנה עתליט 12 מבין החולים שבאנית המעפילים. 5 . חולים אחרים גאספו. בית־ ל החולים הממשלתי בחיפה. כן נתבקשה לשכת־העליה על־ידי השלטונות להמציא אוכל לתינוקות שבאניה, ואתמול אחר־ הצהרים נשלחה מנת־אוכל ל־‭. 20‬ תינוקות, שמהם כתריסר נולדו בשעת הנסיעה. המעפילים שהועברו לבית החולים הממשלתי הם פצועים שנפגעו בשעת הפעולה. יחד עם זה מתברר עוד, כי שנים מהמעפי־ לים שינפצעו, . נמצאים בבית החולים הצבאי מס' ‭42‬ בחיפה (בית החולים האיטלקי שעבר)• שם האחד עזריאל . פרנקל, פצוע ביד, כבן ‭. 30‬ יש לו קרוב בירושלים בשם פיניה וןיים. השני רשום …"
1946-11-27	haretz	haretz19461127-01.2.26	…ניהם כמו, גברים וילדים, לים ונתפסו על ידי סירת מוטור. . בהוד, עה לעתונןת מאתמול כערב נמסר: בעת העברת עולים בלתי חוקיים מחיפה היום (אתמול) נהרג עולה יהודי , שני יהודים נפצעו והם נלקחו לבית החולים. הראויו הבריטי מוסר, כי בשעת התנג- דות המעפילים להתברר. נפצעו גם ‭10‬ חיילים. שלטונו*! הצבא אסרו צאת המובאים לקפריסין מ…
1946-11-29	haretz	haretz19461129-01.2.84	"…צילומו של ברגהיים הו ־ פך אותו, בכחיתר"" אמנותי זה, לדבר "" של יופי. מקום מיוהד תופשים כאן תצלומי הארכי־ םקטורה, בעיקר של ביה""ח ""הדסה"" בירושלים ושל ביה""ח הממשלתי בחיפה, פרי כשרונו של אריך מנדלסון, האדריכל המהולל. אתה מביט, למשל, אל חללו של או־ לם־הכניםה לביה""ח ""הדסה"" (מס' ‭48‬) ורואה $1…"
1946-12-08	haretz	haretz19461208-01.2.38	"…בחיפה !פית-החוליפ הגרמני - למחלקת הכ ריאות בקשר לידיעה על פתיחת ביה""ח הגרמני מוסרים לנו כי מחלקת הבריאות הממו שלתית? מתבוננת לפתוח מחדש את ביתהחולים הזה בעתיד הקרוב בהנהלת המח- ! לקה. רוצהיפ למאפד בבית־המשפט המחוזי בחיפה נתברר דינם של סב־ח ומוסאלם מיחמד, שלפני 3 חדשים…"
1946-12-08	haretz	haretz19461208-01.2.38	"… כל אחד. נדקר כעורפו ע-י ערכי אתמול בחמש לפנות ערב ניתנה עזרה ראשונה על ידי מד""א לב. פרפטר, בעל מוסך במרכז המסחרי החדש בחיפה, שנדקר בערפו על־יד האוזן על־ידי ערבי שבא לגנוב במוסך. הוא הועבר לבית החולים ""רוטשילד"" לטיפול. מצבו הוטב אחר כך. הדוקר ברח. נפותח רגינה ניגם, בת ‭, 16‬ מרובע הסליויאני הובאה ביום ו' לביה""ח הממשלתי לאחר שנכותה בשעה שעסקי, בהסקת תנור. מצבר, הוטב אחרי כן. ""ועדת־ההרפ"" אורגנה מהדש מוסרים לנו, כי ועדת החרם הערבית בחיפה אורגנה מחדש ובה 14 חברים נציגי לשכת• המשחר ־ערבית, האגוד* המוש־ למית ומוסדות ערבים אחרים. פרט לטוכת ""מושכ זקנים"" היום מ…"
1946-12-24	haretz	haretz19461224-01.2.93	"…גר, בת ‭78‬ מתה, על האניה , סראנסילוואניה"". היא רצתה לנסוע מקונסטנצה לבנה במרסיל. גופתה הועברה שלשום בערב לחדר־המתים של בית־ החולים ""רוטשילד"" ונקברה אתמול בבית־ הקברות החדש בחיפה. דליקה כסירה כנמל סמוך לארבע אחרי הצהרים עד 3 אתרי חצות אתמול היו מכבי אש של עירית חיפה עסוקים בכיבוי שריפה, שפרצה מסי• בה בלתי־ידועה בסירה מעונה שקי גפרית. הכבאים הוציאו את הסירה מהנמל, וחלק השקים ניצלו. גו…"
1946-12-27	haretz	haretz19461227-01.2.70	"…‭10. 000‬ לכיסוי הגרעון , ו בבי""ח, רוטשילד בחיפה מחיפה מודיליס לנו: ממים האחרודס קיבל ולד מקהלה בחיפה המלה ממושל המחוז כי ה. מ. הנציב העליון נענה לבק־ שת הולד שהוגשה לו עדד מוני 1945 להרשות לו קבלת הלואה בסך ‭10*00 ‬ לא""י…"
1947-01-10	haretz	haretz19470110-01.2.54	"… ר בערב בהדר האמבטיה של קרובו מר כץ, ב־הוכ דהל, על הר הכרמל• סבורים שהוא הורעל מאדי ביטאנז. הגוויה הועברה לחדר המתים של בית החולים ""רוטשילד"". זהו כבר מקרה שני בחיפה מטין זה. נעצרו 5 השודיפ בהדבקת כרוזי אצ""ל בליל ה' נעצרו ברחיב הרצל בהדר הכת מל 5 צעירים יהודים, החשודים בהדבקת ן כרוזי …"
1947-01-10	haretz	haretz19470110-01.2.54	"…ה""ד הצבאי בית הדין הצבאי בחיפה זיכה ביום דאת האפז ג'אראר מג'נין' שנאסר לפני זמן מה באשמת נשיאת אקדח במכונית, שבאה מיפו לחיפה. הוא נאכר על יד בת־גלים. ן נפגע כמכונית יהודה כהן, בן *:‭'1‬ נפגע אתמול אחר הצהרים על ידי מכונית סמוך לעיר גנים, והועבר על ידי מד'-א לבית החולים . רוט־ שילד"". חוששים לפגיעה פנימית. םמינריץ למדעי ההכרה סמינריון למדעי ההברה מטעם המחלקה לעניגי הנועד של ההסתדרות הציונ…"
1947-01-19	haretz	haretz19470119-01.2.56	…השיכון, על המאמצים שהשקיע בעדן זר, וכן הודה למהנדס העירית ה' י. ל. ווטסין ?ופקידיו. עזב• את פית החוליפ' ביום ו' עזבו את בית החולים הממשלתי בחיפה עת 2 נוטרים ערבים, שנפצעו בהתפוצצות ביום א' שעבר בחיפה. ניסתה דהתאכד אסתר ברזלי, מצפת, כבת ‭, 30‬ נמןיאה אתמול, נטולת הכרה באחד מבתי המלון בהדר הכרמל. מתברר שהיא ניסתה להתאבד…
1947-01-19	haretz	haretz19470119-01.2.56	"…וסף אדיב ' סילימאן שמאש, עובד במוסך . קלי־ מאני', נכוה ביום ה' בהתלקחות פח בנזין שעמד > '"" פרימוס בוער. במצב קשה נא־ סף לביה""ח הממשלתי. שוכ תאונת דרכיפ ילד, בן 8 מהכפר בלד אל שיך שע""י חיפה נפגע ביום ו' עיי מכונית שעברה בכ-ב-ש ע""י הכפר ושתי רגליו נשקרו. נאסף לביה""ח הממשלתי. נרקד כעת עכידתו ביום ו' הובא לבית החולים הממשלתי בחיפה מוסטאפה עלי רנה, פועל בנמל, שנדקר בעת עבודתו באניה. תורנות כתי המרקהת | הערב — . זוהרי (ר' ארלוזוחב 4) סל. ‭. 3532 ‬ הי…"
1947-01-22	haretz	haretz19470122-01.2.62	"…‭15‬ מפצועי היפה - בכיה""ה בבית החולים הממשלתי בחיפה נשארו? עדיין לטיפול עוד 6 ערבים (5 נוסדים וס* בה גמרי) ך9 אנגלים. . ‭330. 2‬ מימ גשפ כמות הגשמים השנה כבר עברה את הכמות…"
1947-01-22	haretz	haretz19470122-01.2.62	"… שעות במניעת שטפון שנגרם על ידי הגשמי* שוב מכונית צפאית דרפנית השוטר המוסף , עכדול מוחמד נדרס על ידי מכונית צבאית בכביש חיפה—עכו ליד קרית־חיים כשירד מאוסובוס. במצב רצי־ ד הובא לבית החולים הממשלתי, ששם נקבע לו שבר בגולגולת. נגרמו לו גם פצעים כפני* גנבות אתמול נכנסו אלמונים למוסך של פרוש ברחוב תל־אביב בחיפה ולדברי השומר אח־ מד מוחמד נגנבו ממנו 8 לא""י ומהמוסך שני צמיגי* אתמול בבוקר ב־6 ניפצו אלמונים חנות צלמניה ברחוב המלכים בחיפה וגנבו משם מכשירי תצלום בערך של ‭80‬ לא""י. נמצא תינוק מת בשטח בית החולים הממשלתי בבת־גלים נמצא אתמול תינןק זכר מת. המשטרה חוקרת. תורנות כתי המרקחת הלילה —בלפור"" (מסדה 1) סל. ‭. 2289 ‬ היופ והע…"
1947-02-02	haretz	haretz19470202-01.2.36	"…פן נפרד. חלק מהנזקים ישולם, כנראה, . בתורת חסד"". הדי ההתפוצצות השומר המוסף הערבי האחרון מפצועי ההתפוצצות כבניני המשטרה בחיפה 'לפני 3 'שבועות עזב ביום ו' את בית־החולים הממשלתי. בבית־החולים נשארו רק כמה שוסרים בריטיים מנפגעי ההתפוצצות. ""דמי מפתה- מקופת הקהילה נודע לנו כי ועד הקהילה בחיפה נאות בימים האחרונים …"
1947-02-14	haretz	haretz19470214-01.2.64	"…בחיפה קדכן תאונת דרכים בליל ה' מת בבית החולים ""רוטשילדארוץ גרפינקל מקרית חיים שנאסף א ביה""ח ביום ד אחה""צ לאחר שגפגע ע""י מכונית במזרחה של חיפה בסביבות גשר ""של"" ונפצע קשה בראשו. היה מסגר לפי אומנותו והניח אשד. ושלש בנו* הלודתו נערכה אתמול אחה""צ. תאונות חוסץ מוחמד אבו ג'יתס, שגפגע בתאונת דרכים במזרח העיר ביום ב' ע-י מכונית ונאסף לביה""ח הממשלתי, מת אתמול מפצ־ עיי. מוחמר אחמד כנען מסיר* כבן ‭, 50‬ נפגע ביום ת ע-י מכונית בשעה שהלך בכביש שבין חיפה וטירה. נאסף לביה""ח הממשלתי במקום שנקבע לו זעזוע מו* תורנות כתי מרקהת בהרי הכרמל: בליל שבת: ""אסותא- (הת צל ‭56‬) סל. ‭;2…"
1947-04-15	haretz	haretz19470415-01.2.25.5	"…בי""ס לאחיות ע""י ביה""ח רוטשילד בחיפה הרשמת תלמידות הנהלת בית הםפר לאחיות עיי בית החולים רוטשילד בחיפה מודיעה בזה' כי החדה הרשמה לונחווו־ וווו־ שר ‭'3‬ת הספד. אשד ""מתח בהחחרת החודש ספטמבר ש ‭. 1 ‬ מועמדות שגסדו לא פחות מ־6…"
1947-04-25	haretz	haretz19470425-01.2.21.1	"…קרוביהם ידידיהם ומכירהם למקם הכנסת בנם בבריתו של אאע""ה • שיתקיים ביום ראשון ז' אייר תש""ו (‭'27. 4. 47‬ בשעה ‭10‬ לפנה""צ בבית החולים ""מולדת"" בהר־הכרמל חיפה. נא לראות ה זבנה זו באייטית למר אליהו פרדת ררי>יתר חיפה ברכה לבבית להללדת ה ב ן ד""ר ז. פרומוביין ד'יר א. זוננשין בית הספר הריאלי העברי בחיפה הרשמת תלמידים לשנת תש־ח למכינות בה…"
1947-04-27	haretz	haretz19470427-01.2.27	"…ם הצעירה ברחה. פעולת לה''י אנשי לח""י ביצעו את ההתנקשות במח־ נר? שרונה' הודיעו עתונאי חוץ אתמול. נורה ונהרג מפקד הבולשת בחיפה מר א. א. קינקוואפט, מפקד הבולשת כמהוז היפה, נורה אתמול כצהריפ ומת מפצעיו כבית ההוליפ הצכאי. הדבר אירע בשבת ב־‭. 12. 25‬ מר קונק־ דאסט נסע משכונת הרצליה בדרך שדרות הכרמל (המושבה הגרמנית לשעבר)• ליד מלון ""א…"
1947-04-27	haretz	haretz19470427-01.2.27	…ע על המקרה מיד למשטרה. אחרי חקירה שוחרר אתמול אחר הצהרים. ההודעה לעתונות קצין המשטרה שנפצע בבוקר יום השבת בשדרות הכרמל בחיפה מת ב־‭3. 30‬ אחר הצהרים בבית החולים הצבאי, נאמר בהודעה לעתונות. מתברר שהקצין נורה ונהרג כשעמד על יד מכונית סמוך למוסך ושוחח עם מכרו. נורו 4 יריות. אהרי מכו…
1947-05-07	haretz	haretz19470507-01.2.67	…מכיניותבהן השתתפו בהתקפה? מכונית משא בת 3 טונות, שני טנדרים ומכוגית ג'יפ — כולן מסומנות במספרים מזוייפים, גמצאו עזובות בחיפה ביום ב' אחרי הצהרים. ביום ב' ב־‭11. 15‬ לפגי הצהרים גגבו יהודים מזויינים ליד בית החולים בילינסון בפתח תקוה מכוגית טאכסי גהוגה בידי דניאל מקצאני מרחוב בן יהודה בתל־אביב, נאמר־ בהודעה לעתוגות מאתמול. מקצאגי הו…
1947-05-08	haretz	haretz19470508-01.2.43	"… המסחר הסיטונאי והקמעוני וארגוני הנשים. משרד המחלקה החקלאית נמצא בבית השעון. נפגע כתאונה ביום ג' אחה""צ אירעה בחוף חייט בחיפה התגגשות בין מכונית משא ואופנוע. רוכב האופנוע מרדכי גפני, בן ‭, 40‬ נפצע קשה וגגרם לו שבר בגולגולת. הועבר־ ל ביה""ח הממשלתי בחיפה ומשם לביה""ח רוטשילד. נכוותה כהתפוצצות פדימופ וואפיקה מוחמד. מחמוד, מכפר עין חוד באזור חיפה, נכוותה בכמה מקומות בגופה, בהתפוצצות פרימוס בביתה, ביום ד אחה""צ. הועברה במצב קשה לביה""ח ה־ ממשלתי בחיפה. הודעה לבעלי כתיפ בעלי בתים שהגישו בקשות לעירית חיפה בששת החדשים האחרונים לשם קבלת רשיונות לתוספות ושנו…"
1947-05-12	haretz	haretz19470512-01.2.37	"…ה""צ לארגון אמהות עובדות (חדר ‭25‬ בבית הפועלים). נורתה ונהרגה ע""י בעלה בשבת ב־‭1. 15‬ זנחת הצהרים נורתה ברו־ בע קוליזה בחיפה בינת אד ג'אבה, היא הובאה לבית החולים הממשלתי בחיפה. מקום שם מתה ביום א' לפנות בוקר. במקום הרצח ננעא כדור. בעלה עבד קאדים חוםיין, התשיד ברצח' נעצר. הרקע אינו…"
1947-05-12	haretz	haretz19470512-01.2.37	"…ממולו. יש חשש שנגרם לו שבר בצלע. הועבר על ידי מד""א למרפאת קופת ־ חולים. נגנבה תינוקת תינוקת, שנולדה ביופ בשבת ב־9 בבוקר בבית־החולים הממשלתי לנעמה פוגיכ חאג' מחיפה' נוצריה, נגנבה מחדר התינוקת לפ־ ני ‭2. 30‬ בצהריפ באותו יו* הדבר נתגלה כאשר באו קרוביפ לבקר את היולדת. הם הלכו לחדר התי…"
1947-05-12	haretz	haretz19470512-01.2.37	"… ונהרג עוואד אחמד סעמרי, בן ‭, 5‬ מושלמי, מרחוב םטאנטון כחיפ* נפל בשבת־ ב‭11. 30 ‬ לבור, מול מתו• הוזנא מהבור והובא כ'3 לבית החולים הממשלתי בחיפה, שם מת ב'©‭10. 3‬ באותו ער* , כגיתהאמפיתיאמדון כהד-הכרמל היום יתחיל ""סולל בוגד, "" . בבנית האמ־ פיהיאפרוןיעל הר־הכרמל, ל…"
1947-05-28	haretz	haretz19470528-01.2.51	"…ן היסוד. הלמה תצא הבוקר־ ב‭10‬ מביתו ברחוב יואל ‭. 9 ‬ כנץ לכי-פ הקצועי לנערות אבן פנה לבנין בית הספד המקצועי של ויצ""ו בחיפה, תונח מחד בבוקר ב־‭11 ‬ בשדרית קית־רוץ' מאחרי בית החולים רוטשילד. ביוד ספר זה על שם הנתיסד. אירוול, קיים כבר ‭13‬ שנה, נמצא עד כה בדירה שכורה. המגרש נרכש בתמיכת פדרצית ויצ""ו בא…"
1947-06-04	haretz	haretz19470604-01.2.40	…תוק של נשק אומומאתי. בכפר עקיר, בנפת רחובות, הותקף ביופ ב' לפנות ערב מוחמד מאיאד דיידאן, על ימ שני ערבי* והוא מת אחמ כן בבית החולים הממשלתי ביפו, נאמר בהודעת הפשסרה. שני מתקיפיו נעצרו. ניסו להבריח סמים 4 ערבים מחיפה גורג' ג'אבור, שוקרי ג'אד* נעאמי חליל חנא ונאיף סלח מוחמד ניסו בשבוע שעבר להבריח סמימ משכרים למצמם על ידי חיילים בריטיים…
1947-06-12	haretz	haretz19470612-01.2.39	"… שבא לכהן במשסרת רחובו* נערכה מסיבת היכיות ""בבית האכר"" במושב* תר לאופר, לשעבר מנתח ראשי בחבש' נתמנה לרופא מנתח וסגךמנהל בית־ החולים הממשלתי בחיפה. הגיע לארץ ה' נימן דזניק, אחד מראשי הפארםיזאניס ומחבת המפקדה הפארםיזא־ נית בווילנא ויערוחיה בימי הנאני* מאנשי ""העובד הנ…"
1947-06-19	haretz	haretz19470619-01.2.44	…י ו לי ו ס מ ו ה ם הוא גיאולוג־חוקר. . ומומחה ' ידוע להפקת נפט. ניצל ממכיעה מוטקאל עבדול לאטיף, שוטר ממשטרת התופים בנמל חיפה נפל המימה אתמול ב־‭8. 15‬ בבוקר ליד קלוב הסירות בנמל. ניצל ונאסף ל י בית החולים הממשלתי בחיפה. מת מפצעיו הפועל יצחק עומר, בן ‭. 23‬ שנפצע בעת עבודתי בנמל חיפה ביום ה' שעבר, מת מפצעיו אור ליום ד' בבית החולים רומ־ שילד. התאבד משה בייאטוס 7 מרחוב הים בהר הכרמל, איבד אתמול בבוקר את עצמו לדעת על י ידי חתך בגרון. במצב אנוש הועבר ל…
1947-06-30	haretz	haretz19470630-01.2.6	"…! מתו שנים מפצועי מוצאי־־שבת בחיפה ותיא אחד הקצינים הבתטייפ, בירגת קפיסאן, שנורה במוצאי שבת בקסד. אסםותה בהיר מח הכרמל, חפול מצעיו בבית החולים ^ הצבאי בחי*"". . הלוויתו תתקיים היום. אחד משני החיילים שנפצעו בליל שלשום ברחוב אלנבי מת *ומול עם שחר בביה""ח העירוני בתל-אביב וםםפר קדמות שחי ההתנקשויות בפונאי־שבת הגיע לארבעה הרוגי* מיי אמרי היריות לתוך הקפה ""אססר !1 !־• בחיפה י1א^ חיילים בריס""ם אחרים שישמ בפינת הקפד. החוצה והתחילו לירות לעבד מכונית הםאבסי שבה נמלםו המתנקעים. 5 כדורים פגעו במכו…"
1947-06-30	haretz	haretz19470630-01.2.6	…רה. העוצר בדרכים הוארך אתמול במבואות חיפה עד שעה 8 בבוקר. במשך כל היום נמשכו החפושים בכל המכוניות והאוסר בוכים שיצאו את חיפה. המכה כמצכ הפצוע כמצבו של החייל הרביעי מפצועי חלאביב חלה הסבת מה אם כי הוא עדיין לא יצא מכלל סכנה. בצהרים הועבר הפצוע לבית חולים צבאי. אצל הפצוע בקר אתמול בבוקר הבריגדיר מור. אחרי הצהרים הועבדו גומות שלושת ההרוגים לחדר המתים של בית החולים הצבאי.…
1947-07-01	haretz	haretz19470701-01.2.45	"… במפרץ היפה, נדרפ אתמול בבקר על ידי מכונית צבאית נהוגה בידי אזרח בסביבת בית החרושת. במצב אנוש הועבר למת החוליפ רוםשילד בחיפה ע""י מתא ומת שם מפצעיו. הניח אשה ושני ילדם. מי נפגע ביריות ההייליפ לפי הודעת ביה""ח הממשלתי בהיפר. נפגעו ע""י יריות החיילים ביופ א' בערב הילד חערבי מחמוד אחמד מוחמד, בן ‭, 13 ‬ והערבי רושד סלאל אחמד, בן ‭…"
1947-07-14	haretz	haretz19470714-01.2.30	"…ן הפוך. היא נהרגה בו במקו* •אין דבר בחר חכרמל מועדהר הכרמל מעירים, כי בהר הכרמל לא אירע כל מקרה של דבר, כביתר החלקים של חיפה העברית. שני היהודים שגם־ בדבר געו ושוכבים בביה""ח הממשלתי עבדו בקרבת גשר ""של"". גשר?, חדר חמכוגות כ""עץ-דור"" אדם אחד נכווה כאשר חדר המכונות בקולנוע ""עין דור"" החורפי (הישן)…"
1947-07-14	haretz	haretz19470714-01.2.30	"…1‬שנתייס מאסר ‭. *. ‬ גפצעה בפגיעת מכונית מתם כהן' בת ‭, 17‬ מקרית אליהו נפגעה בשבת ע""י אוטובוס ערבי מקו מס. ‭. 3 ‬ נמה לביה""ח הממשלתי. במצבה חלה הסבה נכרת. גוגכיפ מכיח-ח ""רוטשילד"" כשחזרו כלום א' פקידי המשרד של. ביה""ח ""רוטשילד"" בחיפה הרגישו, כי חסדה מכונת חישוב מטיפוס ""פיקסי"" מם. ‭. 39427‬ שמשות•, החלון היו שבורות. ' נפרצו חלונות חדר המתים אך משם לא נ…"
1947-07-21	haretz	haretz19470721-01.2.21	… ‭1947‬ בקשתי להתקבל כקצין רפואי. ניתנה לי תשובה, שאתקבל מיד לאחר שיזדמן מקום פנוי. בחודש מאי ש. . ז. נתמנה כקצין רפואי בבית החולים הממשלתי בחיפה איש שנתמנה לרופא'בית חדשים מספר אחת' כשאך גמר את לימד תו הרפומיס בבירות, ושכמובן לא שרת בצבא. חשבתי אימא, שתקוותי לעליה…
1947-07-21	haretz	haretz19470721-01.2.58	…מ והוחל שט במסי' יטות בת. ת. מ. מחלת הדבר גתגלתה כששלושה מפועלי המזנה חלו לפגי כשמע מופן פמומ וקבלו . ממ גבוה. הב הועבת לביתהחולימ המת כזי לבתק* כעבור 7 ימים. כשנתגלו עקבות וממני עכברושים כטחנה, חשדו שהם חולימ מבר. בשבת בצהרים הועברו למה־החוליב הממשלתי בחיפה והחשד נתאשר. מוקד נתקיימה במשרדי קופת־חולימ אמפת־התיעצו* בה השתתפו הרופא המרכזי למחוז חגליל, תר חת, הרופא הממשלתי מגצר*…
1947-07-23	haretz	haretz19470723-01.2.75	"… בארץ. אביו זקנו היה בין מיסדי המושבה. בוגר ביה""ס במקוה־ישראל. חבר . הנוער העובד"". כהיפה מאות איש נאספו בשעות הבוקר ליד ביח""ח הממשלתי בחיפה. בין הנוכחים נצי־ גי קהילת חיפה. ב־‭10. 35‬ הוצא הארון מכיה""ח הממשלתי כשהוא עטוף בדגלי צי. ן ונישא בידי חברי המנוח מבוגרי ביה""ס החקלאי ""מקוה ישראל""• אחריו נישא זר שעליו היה כתיב ""על קברך הרך אליעזר עומדים דום חבריך"". הארון עבר בין שני טורי צעירים שעמדו דום. ליד בית החולים אט ר דברי הספד קצרים מר נ. מירסקי. מאות המלוים הלכו אחרי הארון עד דרך חיפה — ה""א מקום שם היעלה על מכונית שהמשיכה דרכה לעקר 'ן בלוית חברי ועד המושבה.…"
1947-07-25	haretz	haretz19470725-01.2.59	"… ניסץ, מר בלומנפיד הוד־ למבר-פיו. , המסיבר. I נסתיימה במסירת תעודת רשו*בספך הזהב שהוגשה למר בלומנםלד ורעיתו רבקה. עובדי בית החולים ""רוטשילד"" בחיפה הרמו לנטיעת ‭25‬ עצימ ע""ש מר יהושע גיכמן במלאות . ‭25‬ שנה לכהונתו כמזכיר כללי של בית החולים. גב' שרה רם מוויצו חזרה לא…"
1947-07-25	haretz	haretz19470725-01.2.60	"… העוצר. למקומות הורושיפ. נסיונות למניעת מעגן אניות תמרץ עזרה ראשונה ביום השבת יערך תמרון עזרה ראשונה לכל חברי מ. ד. א. בחיפה. מתאםםיסע""י ביה""ח רוטשילד־ ב‭7. 45‬ בבוקר בתלבושת נוחה. י נכוותה פהתפוצצות פהימופ םאמקה סאלום ביוןאן, בם ‭, 18‬ גטזתה אתמול בבוקר בהתפוצץ פממ* בבית* . י הובאה לביה""ח הממשלתי בחיפ* הוכתה עיי פעלה' האשה סאמקה אל חג' ראשיו־ אבריאן, מעכו, נכוותה קשה . כשבעלה. זרק. •עליה ו בעת מריבה מנורת נפט. הועברה לביה""ח הממשלתי בחיפה. י , נודה ונפצע עיי הייליפ חפיז עבדול רחים המיר' עובד בןאאפ-י ־ נורד. ע""י חיילים אור ליום ה' ונפצע־ ב ירכו. הובא לביה""ח…"
1947-08-07	haretz	haretz19470807-01.2.69	…ה של דבר. החולד. הוא עבד אל עזיז שייך. חסן. השלםוגות אחזו באמצעים ה־ נחוצים. ההלימו הולי הדפד פהיפה כל הוא הדבר יצאו את בית החולים הממשלתי בחיפה פרס ל־3 חולים שהועב־ ת לפני י זמן מה מעפולה.…
1947-08-10	haretz	haretz19470810-01.2.44	"…פגש עם םוחרים המעונינים בקשרי . מכחד עם אוסטרליה. כן סייר בבתי החרושת ""שפן"" ""בלו בנד"", ""נשר"", ""וולקאך ואחתם. בעת שהותו בחיפה בדק הנציג את סיב פשלוחי הסחורות שהגיעו באניה פאוסטראלמ* תר אברפוביץ, פנהל ביה""ח העירוני . הדסה"" בת-א, חזר פחופשתו. פסיבה נאה נערכה לד""ר ו. אבלים, יו""ר הגהלת . פגן דוד אדום"" ברחובות, פטעם הגדוד, שהוא …"
1947-10-26	haretz	haretz19471026-01.2.35	"…ק> לגהלל ולגצרת. אמש הגיע למלון ""לב־ הכרמל"" על־הד הכרמל מקומ שמ לן. בערב ; גערכה לו ממיבה בביתו של ד""ר קארל להניאו מנהל ביה""ח ""גשי"" בכימל המע־ י רב*. בתכנית מיוריו הממ: ביקוי במכניון חעביי בחיפה, מיוי בעמק זבולון, ביקוי בקוית־יס של חבית ""גב-יפ"" וביקוי בא־ זוד התעשיה ביחוי במפעלי ""סולל בוגה"". ליווהו בייכו ה""ה לואי…"
1947-11-25	haretz	haretz19471125-01.2.27	"…ז""ל, אלמנת המהנדפ בן־ציון רוגוב, אחותו של ד""ר הלל יפה ז""ל. בצוואתה הגיחה . המנוחה את רוב הונה לקהק""ל ולהסתדרות הרופאים בחיפה. פרג' קילי-ההלים הסרג'נט קילי, המומחה לעברית של בו־ לעת חיפה, שנפצע בהתנקשות הטארוריס־ טית ליד קפה -האז"" בחיפה־ ב‭12‬ בנו־ בכבד, החלים ויצא את בית החולים הממשלתי בחיפה. גדרות התיל פרה' המלביפ - נזק לפעלי העסקיפ וההנויות לפני מושל מחוז חיפה מר א. נ. לאו הת־ יצבה משלחת של בע…"
1947-11-26	haretz	haretz19471126-01.2.54	…בחיפה חחליפ מפצעיו עמנואל בן־גוריון, שנפצע ביום ו' ‭14. 11 ‬ בנסעו באוטובוס להר־הכרמל בחיפה החלים ויצא אתמול את בית החולים רוטשילד. חוגכלח מפירת חנפט חברות הנפט בחיפה החלו להגביל את־ מיל את מכירות הנפט. כמות הנפט שקבל כל רוכל ברחובות לא עלתה …
1947-12-12	haretz	haretz19471212-01.2.46	"… הרצח האכזרי של שני יהודים ליד באלד אל שייך ביום ג' בערב, ביצעה ה""הגנה"" אתמול בשש בבוקר פעולת עונשין באותו כפר. שבסביבת חיפה. כמה בתים, ששימשו מרכז לפעולות, פוצצו. כפי שמוסרים ממקורות רשמיים, ערבי אהד נהרג ו-5 פצועים ע רכים מכאלד אל שיך נאפפו לבית החולים הממשלתי בהיפה. אור ליופ ה' הופצצו גפ כמה כתים ערבים בואדי־ רושמיה על ידי כוהות המגן אתמול קדום ל‭6- ‬ כבוקר גשמעה כהיפה…"
1947-12-12	haretz	haretz19471212-01.2.46	…וניים עמלו במשך שעה וחצי בדיש־ תתפות עם כבאי הצבא בכיבוי הדליקה, שפרצה במחנה הצבא אחרי ההתפוצצות. ב־‭6. 30‬ בבוקר הובאו לבית החולים הממשלתי בחיפה 3 נערים ערבים בגיל ‭15—13‬ שנפצעו בהתפוצצות בבת־גלים. לדברי ההודעה הרשמית, נפצעו הנערים מפצצה שנזרקה עליהם ממכונית משא בבת־גלים. נהרג ביריות זקיר מהלגיץ הערכי ב־8 בבוקר הובאה לבית ההוליס רוטשילד בהיפה גופתו של־זיג־ מדגד מאכפ, בן ‭. 32‬ הוא נהר: ביריות זקיף מהלגיון הערבי, בעברו בסביבת בית החולים הצבאי בחיפה. זיגמוגד מאכס מקרית אליהו עבד בצבא ועבר כמקומ יחד עם עוד 3 יהודים. הזקיף הערבי , שפתח באש ללא אזהרה טען אחרי כן שהיהודי…
1947-12-16	haretz	haretz19471216-01.2.20	…ין תחנת ראש־העין והצ-לבות הדרך לוד ביום ב'־ ב‭12. 30‬ אחרי הצהרים, נמסר בהודעה לעתונות מאתמול. * י ‭3 . ‬ נטומ ערבים אל בית החולים הממשלתי ביפו הועברו אתמול 3 גופות של אחמד דרויש חנאווי, בן ‭, 40‬ שנהרג בכביש חיפה; עבדול חמיד חאזנה כתאבה, בן ‭, 25‬ שנהרג בכביש סלאמח; ועלי אבו מסלם, כבן '‭, 20 ‬ שנהרג בקרבת כפר מיסקה (בקרבת כפר־ 6בא…
1947-12-30	haretz	haretz19471230-01.2.28.3	"…יגת חברו. כששיחק באקדח ונפלט כדור שהרג את חברו. עזבו את בית-החולים דממשלתי 6 רופאים יהודים ו־‭27‬ אחיות עזבו את־ מול את ביה""ח הממשלתי בירושלים. כפי הנראה עשו את הדבר לאחר שהשמירה במקום והבסחון בבית החולים עצמו לא שופרו ולאחר מקרה הרצח של תר להרס בבית החולים בבית צפפה. בחיפה לב ט ‭""011, 1115 ‬ "" דבטחונך 8 אזכרה לרב י. מולדכפקי ז""ל תערך היום, ביום השלושיט לפטירתו בבית הכנסת בבת־גלים בשעה ‭. 5 …"
1947-12-31	haretz	haretz19471231-01.2.68.3	"…בחיפה רבטחון העם"""" * דבמחונך! נפצעו ערכיפ שני פצועים ערבים מיתות הובאו ל־ ביה""ח הממשלתי בחיפה אתמול בבוקר. חמד רחאם אמד, בן ‭, 22‬ מחיפה נפצע בראשו ע""י יתד. ב־2 בבוקר בביחו שברחוב עיראק. מצבו קשה. סב…"
1948-01-05	haretz	haretz19480105-01.2.45.3	"…ין — הקהק""ל — בבית הספר האגגלי לנערות. בחיפה אפ ניתנת לן ארכה—אל תחמיצנה ,, לבטדוו! העם "" הגיעה""טראנפילוואניהאמש הגיעה לחיפה האניה ""טראנסיל־ וואניה' "" עם ‭309‬ עולי* היום עומדות להגיע לחיטה האניות *קיתגיה- ו""את גנסינה-. בית הוליפ הדש בעוד ימים ספורים יפתח בחיפה בית חולים חדש, שיכיל ‭100‬ מיסו* בית החולים יפתח באחוזת־שמואל על הר הכרמל, בשמה בית ההבראה של קופת־חולים של הסתדרות העובדים, שסוד…"
1948-01-06	haretz	haretz19480106-01.2.46	…ר נורו יריות אתמול ב־‭4. 30‬ אחרי צהרים על שני אוטובוםים ערבים, האחד זל באלד־אל־שייך והשני משרות נצרת. :שער שנטעו בכביש חיפה נצרת. כל ;פגיעים, בהט נהג אחת המכוניות, הובאו בית החולים הממשלתי בחיפה. מוכרים, כי היריות על האומובוםים ערבים נעשו כתגובה על הפגיעה באוטר :ום יהודי מקו מם' ‭30‬ במושבה הגרמנית …
1948-01-15	haretz	haretz19480115-01.2.46	"…בחיפה הגוויות הוגברו 37ית שתי ההוליפ רומשילד שתי הגויות שהיו מומלות בבית־החו־ לים הממשלתי בחיפה הועברו אתמול לפנה""צ ע""י אנשי החברה קדי. שא לבית ההולימ רוטשילד. הן תהיינה מוסלות בחוד המתימ של בית ההוליס עד יום ה' בצהרים לשם זיהוי. ע רכי נורה כרהוכ פטאנטון לבית החולים הממשלתי בחיפה נאסף ביום גי בערב קרנל נאיף חליל, בן ‭, 20 ‬ שנורה בלכתו ברחוב טטאנםון בחיפה בשעות אחה""צ. הוא נפגע ברגלו. לפני התהלת כנין כית-ההוליפ רוטשילד נודע לנו, כי נתקבלה חחלטה בועדת הננין של בית החולים רוטשילד, להתחיל על מגרש בית החולים בירכתי הכרמל בימן הקרוב ביותר בבנין בית החולימ על פ־ התכניות של האדריכל נויפלד שנתקב־ >ל כבר לפני שנים: לפי שעה אומריפ …"
1948-01-15	haretz	haretz19480115-01.2.46	"…אשון. הבניה של הקומה תעלה ‭20. 000‬ לא""י בערך: הקומה תכלול כ־‭30‬ מטות, אליה רוצים להעביר את מחלקת היולדות הנמצאת עדיין בבית החולים ""הדסה"" הישן ברחוב שמריהו לוין. נקראה ישיבה דחופה של ועדת הבתאות של הקהל* כנראה לשם טיפול בשאלת הבנין. כית-הוליפ לשעת הירופ כאהוזה בית־החולים לשעת חייום, נפתח בשטח של בי…"
1948-01-15	haretz	haretz19480115-01.2.46	"…ופת החולים הכללית באחוזת שמואל. לעת עהה כולל בית החולים ‭50‬ מטות, ואיכתמ להכפיל את המםפר, וגם לצרף מדלקה למחלות מדבקו* בית־החולים מיועד למקרים כירורגיים. מרכז לשירות העם מותני העבודה המרכז הנ""ל פונה לנותני העבודה בקריאה דחופה, למלאות מיד את השאלונים שי עובדיהם. אם אין אצלם עובדים חייבי־ גייט? יש להעיר זאת בטופ* נותני עבודה, שטרר קיבלו את הטופס…"
1948-01-15	haretz	haretz19480115-01.2.46	"…‭10‬ מא""י לכל ממ""ע מים על צרכני המי* בתנאי, כי המט הזה יוטל גם בשאר השכונות בהיפה: המט ייגבה שגה אחת בלבד. תאונה כעבודה לבית־החולים רוטשילד בחיפה הועבר ^ אתמול אלימלך וקסלבוים בן 41 מרחוב יל""ו שנפצע בתאונת עבודה במחלבת ""הנובה"". נגרם לו זעזוע מוח. שיהק כאבק שריפה ונ…"
1948-01-15	haretz	haretz19480115-01.2.46	"…טבול בן ‭'11‬ מרחוב השומר השתעשע באבק שריפה שמצא בחוץ. אבק השתפה התלקח והילד נכווה קשה באצבעות מיו. הועבר ע""י• מ. ד. א. לבית החולימ רוטשילד בחיפה. דרושיפ מתנדביפ בלשכת מרכז המפקד לשירות העם, לעבוזות משרדיות לשבועיים ימי* וכן מסבר בעלי אופנוע לעבודות דחופות. תורנות …"
1948-01-16	haretz	haretz19480116-01.2.4	…הקרבנות יעקב כן-אריח, כן ‭, 18‬ מקריית חיים; פיליפ פולי, יחיאל ויל נר (אלמר) בן ‭, 22‬ גב' דיכלח, מורה ידועה לאנגלית בחיפה, חיינץ חירש מקיסריה, פרומח פלצמן (?) עולה חדשה — נורו ונהרגו בחיפה. גויח עירומח של יהודי מגבול הלבנון הובאה לבית החולים הממשלתי בחיפה. אריח זלישניק בן ‭, 30‬ שנפצע ביום ד' מן הפצצה במרכז מסחרי החדש בחיפה, מת מפצעיו. ידידי? פנל, בן ‭, 21‬ מאחוזת שמואל זוהה כאחד משני ההרוגים שהועברו מבית־החולים הממשלתי־ ל בית החולים רוטשילד לפני 3 ימים. חייפ יעקוכוכיץ שם ההרוג חשגי בחיפה שלא זוהה עד אתמול. יאיר גרונר מרכדיפ, ארז חירשלר מרכדיפ ויחושע מרקפ מכפר־עציון, *הרגו ביום ד בעת הקרב בגוש עציון. חנוך …
1948-01-23	haretz	haretz19480123-01.2.49	…טים ומוכרים בשר כרצון רודפי בצע הפטו־ ־ים מפיקוח ומאחריות לבריאות הצינור ולעמדת הישוב בענין זה, ביחוד גם ביהיח הממשלתי בחיפה -, נקי מיהודים* כל החולים היהודים הוצאו מבית החולים :ממשלתי בחיפה והעובדים היהודים עז־ :ו את העבודה, מאחר שהשלטונות לא ;טו אוזן לתביעתם להגברת אמצעי הבט־ זון במקו* קדם לעז…
1948-01-23	haretz	haretz19480123-01.2.61	"… ידי חיל המהנדסים המלכותי. הרוג ופצוע *יום ד אחה""* גורה ברחוב אבאס ערבי בן ‭, 35‬ שנפצע קשה וילד בן ‭, 12 ‬ שמת בליל ה' בביה""ח הממשלתי בחיטה. נמצאה גוויה ערופה בחדר המתים של בית החולים הממשלתי בחיפה מוגחת זה כמה ימים גוויה בלי ראש. על הגוויה גמצאת חולצת חאקי, התחתונים הם כהים. עוד אי אפשר היה לקבוע אם הגוויה היא של י…"
1948-01-29	haretz	haretz19480129-01.2.67	…חזרו לעבודתם עובדי בית החולים בחיפה אתמול חזרו לעבודתם בבית־החולים הממשלתי בחיפה 8 הרופאים היהודים ו־‭20 ‬ עובדי מחלקת הבריאות היהודי* בבית־החולימ הממשלתי הוצבה שמירה של 8 שוסרים בריסים ושני שומרימ ער…
1948-02-04	haretz	haretz19480204-01.2.57	"…נות האניות הסקאנדינאבית מתל־ אביב להיפה לשם פריקה. האניה הזאת הביאה כמה מאות טונות מטען כללי ובזה הרבה חמרי רפואה בשביל בית־החולים ""הדסה"" בירושלים. על ידי הרחקתה לנמל חיפה יקשו מאד על העברת החומר הרפואי לירושלים גם מפני שיבוש הדרכים וגם מפני שהאדר. תצטרך לחקות לתורה בחיפה ימים רבים. האניה ""ליברוויל"" מגיעה לחופי ה־ ארץ כל חודש ומקשרת בין ארץ־ישראל ובין ארצות־הבדית. היא עגנה בנמל תל־ אביב 5 …"
1948-02-05	haretz	haretz19480205-01.2.35	"…מריקאית. מר רוזנטאל, סנה לועד־הקהילה בירושלים וביקש לקבור אותהבקבר ישראל. בינתיים מונחת הגופה זה היום ה־6 בחדר המתים של בית החולים הממשלתי. רכילות לעתליט מרכז ""לאסירינו"" מודיע: חבילות למחנה העצירות בעתליט נשלחות ע""י סניף ""לאסירינו"" בחיפה פעם בשבוע ביום ששי. החבילות צריכות להגיע למשרד הסניף ברח' הרצל ‭, 2‬ לא יאוחר מיום חמישי בשעה ‭12‬ בצהרי*…"
1948-02-09	haretz	haretz19480209-01.2.44	"…משלחת הצלב האדום מסיירת בחיפה משלחת הצלב האדום הבינלאומי ביקרה אתמול בהיפר, . סדרת בקוריה כללה תחגת מגן דוד אדום, בית החולים רוטשילד, בית החולים בורוכוב, מרכז הצי לב האדום בחיפה, בית החולים הממשלתי ובית החולים הערבי •אל אמץ"". אחרי הצהרים טולדו חברי המשלחת במלון וינדזור כאורחיה של אגודת הרופאים הערבים בחיפה• מילדות מופמפות ראשונות בארץ בבית החולים •ביקור חולים"" בירושלים נסתיים עתה הקורס של מילדות מוסמכות ראשונות בארץ• הקורם …"
1948-02-09	haretz	haretz19480209-01.2.58	"…6 ערבים נהרגו בחיפה מבית חחולים חערכי ""אל אמין"" חנמצא כרחוב חאמפ־אל־כאשא ירו אתמול ערכיפ אל צבא. חחייליפ חשיכו אש ומחיריות נחרגו שלשה ערביפ ונפצע אחד קשח. הנהלת בית החולים פנתה בתלונה אל הצבא על שירה על בית־החולים. לבית חחוליפ הממשלתי כהי• פח חובאו אתמול אחר חצחריפ גוויותיחפ של חופיין שיד מ…"
1948-02-11	haretz	haretz19480211-01.2.67	"…והי קבוצת. סחטנים מזוינים מהעולם התחתון. מעשיהם אלה עלו־ לים לסכן את המלחמה בספסרות• משלחתהצלב האדום"" "" במוסדות הרפואה בחיפה המשלחת של ""הצלב האדום"" ביקרה של־ שום במרפאה הראשית של ""קופת חד לים"" ברחוב החלוץ בחיפה, לאחר שכבר ראתה את מוסדות ""מגן דוד אדום"", בית החולים רוטשילד ובית החולים לשעת חירום ""בורוכוב"" באחוזה. קבלת פנים נערכה לה על ידי ההסתת רות הרפואית, ועד הקהילה וועדי השכר נות הדר הכרמל והר הכרמל…"
1948-02-20	haretz	haretz19480220-01.2.32	"… בכתפו ב־3 כדורים ואחד ממלוויו בהרג עומר אל מחרים נפצע קשה. הנהג מוחמד מחמוד הרחל נפצע קל, אך הצליח להביא את המכונית עד ביה""ח הערבי ""אל־אמיך' ברחוב תאמ־ אם־אל־באשה. שיך נימר נותח ומצבו הוסב. שיך נימר אל חאטיב הוא בן ‭, 32‬ חניך ""אל־אזהר במצרים, מטיף במסגד ""אימ־ תיקלל"" בחיפה מראשי האגודה המושלמית, הבר הועדה הלאומית בחיפה וראשי ""המשמר הלאומי"", ידוע כלאומני קנאי.…"
1948-02-24	haretz	haretz19480224-01.2.14.1	"…ז1‬ט^- , ‭88, 03ם1{) 1001‬םג!£‭!0111‬ם—•‭#61‬ו •‭15. 1. 194 ‬ למיכאל גדסונקל ובח""ל אחולים לבביים לנשואיכם חביב קרומחולץ לבית החוליםדוטש-לד"" "" של הקהלה העברית בחיפה דדושה אחות ראשית ומנהלת בית ספד לאחיות המועמדות שיש באפשרותן למלאות את שני י התפקידים האלה מתבקשות להגיש את בקשותיהן בצ…"
1948-02-27	haretz	haretz19480227-01.2.14.4	"…יהם - ידידיהם ומכריהם לטפה ח בגפ ת כגם ככריתוי של אאע""ח ביום זר י-מ אדר א' תש""ח (‭*. 2. 48‬) בשעה ‭11. 30 ‬ לפני הצהרים בביה""ח ""אמהות"", חיפה הר הכרמל הזמגות פרמיות אמן גשלחות ברכות מאליפות זלמןקצורץ "" למי ורעיתי לנשואי בנכם י• אפרים עב""ל חפיה מחגת הקמח מ. שכטר…"
1948-03-02	haretz	haretz19480302-01.2.40	"…ת דגון שעה שטיפל בפצץ של רימון יד. הוא נפגע :בטנו ונקטעו אצבעות יד שמאלו. הפצוע י ־ועבר על ידי מכונית מד""א ראשון־לציון 'בית החולים ""הדסה"" בתל־אביב. נפצע קשה ביריות לבית החולים הצבאי בחיפה נאסף אתמול ארנסט זאף' בן ‭. 36‬ שנפצע ביריות בלכתו ברחוב עצפור ליד המושבה הגרמנית בחיפה. הוא נפגע בצוארו ומצבו קשה. ממקור אחד נמסר שהוא יהודי ואמבולנס של מד""א בא להעבירו לבית חולים אחר, אך הוא נשאר בבית החול…"
1948-03-04	haretz	haretz19480304-01.2.1	"…שה בית ערבי סמוך בן 6 קומות. נזק נגרם גם לבתים יהודים בסביבה. כמה דקות לפני ‭8. 45‬ הגיעה לפינת החמי בות אלנבי—ססאנטון בחיפה מכונית מ}• אית קטנה, שחנתה ליד בנין העירית לשן"" בר. בבנין זה, השייך לאיסלקיט ושימש לפני שנים בית החולים האיטלקי בחיפין? נמצאים עתר. משרדי המחלקה הממשלתימ לעזרה סוציאלית. בית זה שימש גפ ער לפני זמן קצר בית מעצר לעבריינים צעי…"
1948-03-04	haretz	haretz19480304-01.2.59	…ילדה וגבר נהרגו בחיפה אתמול לפני הצהרים נהרגה נעמי מזרחי, ילדה בת ‭, 5‬ ביריות צלפים ערבים בגבולות הדר־הכדמל. אחר הצהרים הובאה לבית החולים רוטשילד גופת יהודי הרוג שנורה על ידי צלפים בחיפה. שם ההרוג היינץ םמואלזון, כבן ‭. 45 ‬ נורו יריות אל אוטופופ אתמול ב־3 …
1948-03-10	haretz	haretz19480310-01.2.83	… הוא הוכר. ושוחרר כעבור זמן מה בעזרת הכבאים העירוניים. יריות אל אמפולאנפיפ ב־‭6. 15‬ נורו יריות אל אמבולנס של מ. ד. א. בחיפה בואדי רושמייה. כדורים פגעו במכונית. איש לא נפגע. גויות שטרפ זוהו בחדר המתים של בית החולים רוטשילד בחיפה גמצאו אתמול בבוקר שלוש גויות: צעיר, שנמצא הרוג עוד ביום ו' ברחוב עיראק; זקן, כבן ‭'70‬ ואשד. בגיל העמידה …
1948-03-10	haretz	haretz19480310-01.2.83	…יף. מכוניות נורו כמושכה הגרמנית אתמול אחר הצהרים ב־‭2. 45‬ נורו יריות על מכוניות יהודיות ברחוב הגפן. שב־ מושבה הגרמנית בחיפה. מהיריות נפצע קל בידו אברהם דאר, בן ‭. 23‬ הועבר ל־ בית החולים בורוכוב. כן הובא אתמול לבית החולים בורוכוב בחיפה מרדכי פליישר, בן ‭, 21‬ שנפצע בידו. הוא היה בשיירה בדרכה ל־חיעם. התפוצצויות כוואדי ניפאנפ אמש ב־10 לערך נ…
1948-04-02	haretz	haretz19480402-01.2.10.5	"…נו, אהי ודודי סטיש ליב אריה בשנת ה־60 לחייו מהלויה תצא מיום יוה ו' כ*ב אדר ב' תש""ח ‭2. 4. 48‬ בשעה 1 •זוז־ הממיט שעל יד בית החולים רוטשילד בחיפה. המתאבלים אשתו, כתו, התנו, נכדיו, __^_^_^^_ אהיו ומשפהתו ושאר קרוביו. לאליהו י. וימה לבנון אתכם אגו סאבלכם הכבד בחלקה מ…"
1948-04-06	haretz	haretz19480406-01.2.26	"…ו כתתף. לפתע פתאום. זריז וער לכל תופעת חיים מצא את מותו בדרך, ברהוב' בקרב הסון ישראל. מלמולי פצוע לאחר שהתחבורה העבתת' בחיפה מותקפת על ידי צלפים ערבי* מכריזים חאנ• גלים עוצר בשעות הלילה בגבולו*"" חדר הכרמל. ובמעלה הכביש להר הכרמל ליי בית החולים רוטשילד עומדימ ערב ערג חיילים חמושים ורומזים למכוגיות •עד פה תבוא ולא תוסיף"". בשבוע שעבר הותקפה מכונית יהודית ליד תל־עמ…"
1948-04-15	haretz	haretz19480415-01.2.17	"…מה האחרונה בין הרופאים הצבאיים שעשו בארץ. יצא לו שם כמארגן מעולה, וידו היתד. גם בהנהלת בתי־חוליפ אחרים בארץ, בתל־אביב ובחיפה ועוד. ד""ר יסקי ז""ל נפל על משמרתו. לא היסס מלצאת לבית־החולים -הדסה"" שעל הר־הצופיס אפילו רגע אחד. ובדרך אליו מצא את מותו. לא זכה לראות את בגו, שחזר רק לפני כמה ימים ארצה, נאמן לציוו…"
1948-04-20	haretz	haretz19480420-01.2.49	"… בבוקר פוצץ הצבא שני פגזים שנמצאו בגבול הדד הכרמל ולא גת־ פוצצו. ,.. • יהודי נהרג בידיות אליהו מלול, עעובד בחברת החשמל בחיפה, נהרג אתמול בבוקר בגבולות הדת הכרמל בצאתו מפחח ביתו. ע ערבים הרוגים ביום אי בערב הובאו לבית החולים הממשלתי בחיפה 9 גויות של ערבים. לרבת מחלקת המודיעין הממשלתית. נמצאו הגוויות בגבולות הר הכרמל. אותו ערב הובא לבית־החולים הממשלתי מוחמר אחמד עבדאללה, בן ‭25‬ פצוע קשה בפניו. לדבריו, ', נחטף ברחוב המלכים, הובא להדר־הברמל ושם נפצע"". הובא גם ער…"
1948-04-20	haretz	haretz19480420-01.2.49	"…וס, יעקב פלפל, שנפלו במערכת רמת־יוח ן; יוסף לייבוביץ, משד, םונדובסקי, שנפלו בג־ בולות הדתהכרמל; פאני אלםמן, שמתה מפצעיה בבית החולים; אליהו מלול' שנוד־ג אחמול בבוקר בגבולות הדר הכרמל; א י יעזר גולדשמיט, שנהרג בתאונה ביום א' לד בית ""המכבי"" בחיפה. ההלוויה יצאה ב־2 אחר הצהרים מהדר המתים של בית החולים רוסשילד והשתת־ פי בה אנשי המגן במדיהם, שחילקו י' ופ־ לים כבוד צבא…"
1948-04-28	haretz	haretz19480428-01.2.48	…לה על נכונותה לקבל את בית החולים לרשותה בהתאם להצעת הממשלה. מת מפצעיו [ יעקב סקולניק, בן ‭, 19‬ מכפר־חסידים, מלת מפצעיו בבית־החולים בורוכוב הוא ןובא לקבורה בכפר־חסידים. הוא נפצע־ ב *2 לחודש בוואדי רושמיה בחיפה.…
1948-05-03	haretz	haretz19480503-01.2.39	"…גיה""ח הממשלתי בחיפה-לעיריה ן י (מאת סופרנו בחיפה) בית החולים הממשלתי נחיפד, הועבר אתמול לרשות עירית חיפה וישמש מעתה בית־חולים עירוני. בית־חולים זה מכיל 288 מטות והוא אהד מנתי החלים הגדולים והמפוארים בארץ, לעת עתה תפתח נו מחלקה למחלות מדכקות' מחל־ קה בירודגית וקלי…"
1948-05-03	haretz	haretz19480503-01.2.39	"…־ תפח של יהודים ושוטרים בריסים, כמה ר־פא""ם יחידים יברי^יפ יאחיית בריטיות, אין בו נפש חיה. לסופרנו נמפר. כי מיד עם כיבוש חיפה החלו העובדים והחולים הערבים לעזוב את בית החולים בהמוניהם• חולים רבים הועברו באמבולנסים לסביבות חיפה, ר3יס אחרים הועברו בסירות לעכו. ־ כ‭60‬ ערביס' אחרוני החר לי‭, 9‬ הוצאו מבית החולים ביום ה' שעבר• יחד אתם עזבו גם אחרוני האחיות ברובן ארמניות. גם הרופאים הערבים עזבוהו ואחדים ,.. לקחו אתפ חלק מהציוד. בשב…"
1948-05-04	haretz	haretz19480504-01.2.42	"…ת ונעשו כל הסידורים להקמת לב מיוחדת נתנה לשרותי הדואר, הט־ פקוחה של מנהלת העם. נמשכת הפעולה להקמת קשר דואר עם הוץ לארץ. בית ההולים הממשלתי בהיפה ד""ר א. כצנלסון, מסעם מחלקת ה־ בריאות של הועד הלאומי, ביקר בחיפה ודן עם העיריה והשלטונות בדבר גורלו של בית החולים הממשלתי העומד להיות מועבר לעירית חיפה. הועד הלאומי הכריז על נכונותם של המוסדות ההודיים לקבל על עצמם את הטפול גם בחולים ופצועים ערבים, הנמ־ צאים בבית החולים. …"
1948-05-07	haretz	haretz19480507-01.2.59	…הריאה לערבים לחזור לחיפה ללא חשש ראש עירית חיפה, מר שבתאי לוי, פנה לכל העובדים הערבים של בית־החולים הממשלתי ולעובדי מחלקת רישום־הקרקעות, שישובו לעבודתם וכי הוא אחראי לבטחו־ נם האישי. ראדיו ירושלים מסר, כי ער־ בים רבים ח…
1948-05-17	haretz	haretz19480517-01.2.38	"…ושלים). המשנה היומית שבת. פרק י'. משנה א'—ב'. הפרק היומי כתנ""ך הפרקים לא—לב בתהלי* פית ההוליפ הממשלתי פךק בפני עצמו הוא בית החולים הממ־ שלו^ בחיפה. בעוד שמחלקות הממשלה עברו לעיריה בחינת ""נאמן על הרכוש"" לטובת ""מי שנוגע בדבר"". עבר בית החולים לרשות העיריה והפך לבית חול…"
1948-05-26	haretz	haretz19480526-01.2.29	"… למניעת התפשטות המחלות הוא — אישפוז מהיר ומלא של החולימ שנוגעו במחלות אלה. לצורך זה מסדרים מחדש את המחלקה למחלות מדבקות בבית־החולים העירוני (קודם הממשלתי) בחיפה. בית החולימ למחלות מדבקות בפרדרכץ (ע""י בני ברק) ממשיך בפעולתו. במחלקות אלה מוכנסים שיפורים לשם התאמתן לצרכי הישוב העברי…"
1948-07-01	haretz	haretz19480701-01.2.3	"…ו את הארץ כ־‭5000‬ חיילי* ברימיר באניות , אורדונה"", , איסטרן פרינס"" ""אושיץ ויגור"", ""רגינאלד קר"", ""מ^ינד. "", %ייפ"" ואנית בית החולים , אוקפורדשייר. לרגל הפנוי היה נמל חיפה סגור אתמול בפני תנועה אזרחית. נמל חיפה נמסר ליהודים בפיקוח משקיפי האו""מ. הצי הישראלי נכנם לנמל חיפה ב־ שעה 6 ונתקבל על ידי מפקד העיר היפה יעקב לובלינר. אחדי כן הגיע לנמל ראש הממשלה הזמנית מר ד. בן גוריון. ימי בריטניה הא…"
1948-07-22	haretz	haretz19480722-01.2.52	"…שביתת־שבת בבית חולים כ־‭80‬ עובדים סבועיס של ביה""ח י רוטשילד בחיפה, מיסודה של הקהילה, ערכו אתמול שביתת שבת במשך שעתיים כמחאה על אי תשלום מש־ כור* העובדים סרם קבלו את משכורתם עבור הודש יו…"
1948-07-25	haretz	haretz19480725-01.2.55.3	"…בכל יום ב' ויום ד' בשעות ‭2. 30‬ עד ‭530‬ אחה""צ. פנסיוןלאה'' לאחר שכלול "" יסודי נפתה מהדש שדרות הברושים ‭, 14‬ הר הכרמל חיפה, טלפון ‭3239 ‬ שוכן ביער מוצל, מקום הבראה אידיאלי, מטבח כשר ממדרגה ראשונה הזמנה למפרע רצויה ^__ לבית החולים הע""דוני בחיפה דרושות: א) מנהלת משק (םטבה) עם ידיעות בתזונה דיאטית וסגולות ארגוניות. ב) מנהלת מכבסה. בעלות נסיון השולטות בשפה העברי* יכולות להגיש את בקשותיהן בכתב להנהלת בית החולים העירוני בחיפה. ‭₪. 0ק*[0ו/18811/\₪0 י""‬א] ההוצאה האחרונה. 2) התוספת האחרונה - ‭***11-800 א 1947 ‬ 3) אנציהלופדיה לנער: *‭7*11111£* . …"
1948-08-03	haretz	haretz19480803-01.2.44	"…פלאסמה ה- יבשה אפשר לשמור בלי מקת מה שאץ כן בפלאפמה הרגילה. הפלאפמה נתקבלה בשדה התעופה ע""י נציגי מגן דוד אדום מתל־אביב וחיפה ותועבר לכל מרכזי מגן דוד אדופ בארץ. יהודי פינלנד תרמו בית חולים של שדה לישראל יהודי פיגלגד תדמו למגן דוד אדום בית חולימ־שדה על כל ציודו, המותאם ל־‭150 ‬ חול'* בית החולים ישלח לישראל מפיס הקרומ*…"
1948-09-19	haretz	haretz19480919-01.2.24	"…הגוויות נחבטו בחיפה ארונותיהם של הרוזן פולקא ברנאדוט והקולונל הצרפתי פארו, הועבדו ביום שבת מירושלים לבית החולים הממשלתי בחיפה לשם חניטה. את השיירה, שהובילה את שני הארונית' ליווה משמר של אנשי המשטרה ה-צבאי-ת הישראלית. בגבולות חיפה באו לקראת השיירה אנשי מטה או""מ בחיפה. האמבולאנפ הגיע לשעד בית החולים בחיטה בשעה ‭. 1. 15‬ בין מלווי האמבולנט היה: הגנראל לונדשטראם, ראש מסה המשקיפים, ד""ר ראלף באנץ', יועצו המדיני של הרוזן,…"
1948-09-19	haretz	haretz19480919-01.2.24	"…ארונו של הרוזן היה עטוף דגל שוואדי, וארון הקולונל סאר‭, 1 ‬ י "" דגל צרפתי. על שני הארונות היו גםדגלים קטנים עם סמל או""* בבית החולים חיכו לארונות מר הארי ביילין, נציג משרד החוץ של מדינת ישראל, קצין הקשר של צבא ההגנה לישראל, והקונסולים של ארצות הברית, שויאדיה וצרפת בחיפה. הארונות הועברו בין ' שתי שורות של קציני או""מ, שחלקו לי כבוד צבאי. בפתח בית החולים חלקו לארונות…"
1948-11-10	haretz	haretz19481110-01.2.56	"… ו־‭3000‬ נכיפ ו־ הוליפ כדונייפ, שעפ ישראל יצטרך לדאוג להפ. מורגש מחסור גדול כאתיות. הממשלה פתחה שגי בתי ספר לאחיות ליד ביה""ח . הירקון' בתל־אביב ובית החולים הממשלתי בחיפה. עם גמר המלחמה יש תקווה שהלק מבתי החולים הצבאיים יוכלו לשרת את האוכלוסיה האזרחי* העזרה לאוכלופיה הערכית משת הבריאות מגי…"
1948-11-28	haretz	haretz19481128-01.2.42	"…בחיפה מה תמסור קהלת היפה לעיריה? ‭128‬ אלף ל""י שווי האקטיבים שקהלת חיפה תמסיר עם פירוקה לעירית חיפה — נמסר לנו כממד• נאמן. ‭43. 000‬ ל""י ערך המגרשים שהם בידי הקהלה, ‭50‬ אלף ל""י נחשב ערכו של הבנין של בית החולים רוטשילד עם ציודי, העובר לבעלות העי־ רה. נושף על כך מגיעים לקהלה כ־‭20‬ אלף ל""י מתביעות מסים שחייביהם פיגרו לש־ לס: יחד …"
1948-12-19	haretz	haretz19481219-01.2.41	"…בחיפה הגיעו עוליפ ‭443‬ עולים הגיעו לנמל חיפה. ציוד למעון לילדי מגוייפיפ כדי לרכוש ציוד למעון לילדי המנויים , הנבנה על מגרש ועד הדר הכרמל, * מול בית החולים רוטשילד וקיפתו הראשונה נבר נגמרה, ייערך בחיפה מפעל־תו עד פוף החודש. יום התו בשנה הקודמת הכניס ‭600‬ ל""י — אולם השנה יש …"
1948-12-20	haretz	haretz19481220-01.2.28	…ים שולד, נעצר על ידי המש־ טרה הצבאית. הפצוע הועבר לבית החד 'לים הממשלתי בבת גליט. שעות חכיקור ככית חחולים חממשלתי הנהלת בית־החולים הממשלתי בחיפה מודיעה, שמיום א' הבא יהיו שעות־הביקור בבית החולים ביומ ב', ד ושב* מ־‭1. 30 ‬ עד 3 אחהיצ. חפצים שנעזבו כבית חחולימ בבית …
1938-07-26	hashaah	hashaah19380726-01.2.38	"…ים במקומות שונים בעיר. פצעיהם לא היו קשים ביותר והם נשלחו לבתיהם לאחר שנחבשו. ד״ר ב. ניסנבוים, העומר בראש מגן דוד אדום בחיפה, שתנאי בית החולים ""הדסה"" נהירים או מאז היה מנהל המוסד, בא בדרישה נמרצת לגשת מיד לפתיחת אגף נוסף על יד בית החולים. * דרישה זו נתקבלה על דעת באי כה המוסדות וביום הששי (8 ביול«) נפתח אגף חדש לבית החולים המכיל עשרים מטות (בצריך השייך לב…"
1938-07-26	hashaah	hashaah19380726-01.2.38	"…לים בשאלה זו. החזקת עשרים המיטות הנוספות תצריך לכל הפחות מאתים לא״י לחודש. מלבד כל הנימוקים האמורים, המצריכים החשת בנין בית החולים, יש עוד נימוק חשוב מאד אף בימים כתי־ קונם, ואולי כיחוד בימים כתיקונם, והוא: בבית החולים ""הדסה, , בחיפה המשרת אוכלוסיה יהודית גדולה בעיר ובסביבה, אין בו מחלקה פנימית, והסיבה העיקרית לכך היא — חוסר מקום בבנין שבו המוסד כיום.…"
1938-09-17	hashaah	hashaah19380917-01.2.2	…שיארע להם בל אסון. עם בוא תגבורת הצבא הוחזרו לים המלח. גופותיהם של שני הפועלים הערבים והלסטים שנהרג על ידי המשטרה הובאו לבית החולים הממשלתי בירושלים. הנזק שנגרם לנהגים הוא כ־4 .500 לא״י מלבד הנזק שנגרם לחברת האשלג כתוצאה משריפת המשא). K התנקשות כחיפה ביום ששי בשעה 1.30 אחה״צ נפצע באופן קל יהודי בהתפוצצות פצצה בשכונת נוה שאנן בכניסה לחיפה, ובשעה שתים אהה״צ נפצע קשה במח…
1939-06-19	hashaah	hashaah19390619-01.2.4	"…וא גהרם כלו. כן מרקה ?צצה אל הץלת הכ?ל הטלפוני ?פנת ארלוזורוב־כלפור בחדר הכךמל, אך #ם לא מרם גזק. ??רך ?#?ה ק 1מ;ה הובא לבית החולים ""הדסה“ ?חיפה היהוךי אלפרד הן, #?צע מרגימת אבנים ואלות על :י ךי ערבים, #התנ?לו עליו בסביבות בית החולים המ^תי במערב העיר. הוא געצע ?מצ…"
1939-07-25	hashaah	hashaah19390725-01.2.46	…ו. ביולו swum משעה 9.30 יבקר בלוית ב״ב הקהלה, הרבנות וועד העדה הספרדית את המוסדות הצבוריים שבעיר ואת המגרש *הנועד לבנין ביה״ח. ביום שיני !־במר יעזוב בתר ביחד עם מלויו את חיפה. ’הרבנות הראשית ועד הקהלה ועד העדה הספרדית…
1939-08-15	hashaah	hashaah19390815-01.2.27	"…א את תרועתו — ""תרזמת־אולם"", ""תרומת־חךר"", ""תרומת ססה"" וכל תרומה אשר .י.רעמז על עמו לכבוד ולזכר צךקתו אשר עשה. ’ו^דת ^ין‘ בית החולים על נד ועד הקהלה העברית בחיפה חיפה, ןנחם_אב, מרצ״ט.…"
1939-08-17	hashaah	hashaah19390817-01.2.21	"…תף בויכוח זה, כי הוא מסכים לדברי מר ילין, אלא שהוא ""מחותן"" בענין. עניני החינוך בחיפה מסורים בידיו, וההצעה מכוונת בעיקר לחיפה. והנה בדאגתו את עצמו בעוד חודש כבעלים לחינוך הריהו רואה הרם וחורבן ממש! אין חיפה יבולה ולא תוכל בשום אופן להחזיק את התנוך. בית החולים שם עומד להסגר — ומה יהיה על התנוך? הנהלת הועד הלאומי לא הראתה לא רצון ולא כשרון למצוא אמצעי לחנוך. אולי צריך לבקש אנשים…"
1939-09-13	hashaah	hashaah19390913-01.2.16	"…וכנות. בכל השאלות יש לפנות למעונינים לפי הכתובת: יצחק וילנר, ראשון לציון, תלפון 225, בית מסחר לחמרי בנין. בפצעו בתאונה בחיפה שבי יהודים אתמול אחרי הצהרים התהפך אוטו משא ליד בית החולים ""עזרה"" בדרך להדר הכרמל בחיפה. שנים מהנוסעים, א. מלר וש. סאנדור, נפצעו קל ולאחר שנחבשו בבית החולים, ,עזרה"" נשלחו לבתיהם. התאבד בהג בחיפה אתמול בערב מת בבית החולים ""הדסה"" בחיפה הנהג ש. שוסטר משרות ""חבר, ,, שהתאבד בשתית רעל לפני כן. סבת ההתאבדות — משפחתית. אסוד להוציא שעורה מעזה השלט…"
1939-10-10	hashaah	hashaah19391010-01.2.33	"…קשה לעמוד על טיבה, כי טרם הופיעה באיזה משחק שחוא). נקבעה שורת המשחקים הראשונה, הצריכה להסתים עד 15 באוקטובר, כדלקמן: א) בית החולים הצבאי — משטרה א׳; ב) מפקדת דיויזיה 8 — מכבי; ג) קלוב ההוקי חיפה — ליספטר עכו; בר-כוכבא — מפקדת בריגדה 16; מששרה ב׳ — גדוד שרבוד פורסטרס; בטרייה 17 — גדוד השרותים. ""משכי"" פתח תקרה היום…"
1940-01-31	hashaah	hashaah19400131-01.2.16	…לחולים אף במקרים קשים. אם הממשלה לא תיענה לדרישת הצודקת של תל אביב, מציע הד״ר כהן שהעיריה תדרוש אז, שהממשלה בעצמה תחזיק בית חולים משלה בתל אביב כמו בחיפה.…
1940-02-14	hashaah	hashaah19400214-01.2.27	…נצחונו של עיקרון אחד (להתחרות המהנדסים על תכנית בית־החולים של הקהלה העברית בחיפה) עם הכרזת ■לתחרות מהנדסים לתכניה ביה״ח בחיפה נסתיים ויכוח ממושך ועקרוני,- שהתנהל בין אגודת המהנדסים והאדריכלים ובין ועד בנין בית החולים׳ בחיפה. לפני כחצי שנה החליט ועד הבנין לערוך התחרות מצומצמת לתכנית' בית־החולים, שבו יהין דשאימ לחשוזגוף ר? ו זחורגויגו. שבוג בבר לפרי כ\ בתי־דגליוץ. 'אגודת המהנדסים בחיפה ערערה על החלטה זו, שלכאורה היא הגיונית. הם ראו אותה בחסדת־זסוד גם שבחינת האינטארס הצר של בית החולים, וגם מבחינה ציבורית…
1940-02-14	hashaah	hashaah19400214-01.2.27	…וין מבמקרים יוצאים מהכלל. ובמקרה הנידון כדאי להביא אוןה#ובדה המענינת שכל בתי החולים באר*(; שנבנו בשנים האחרונות, ובכללה בית החולים האוניברסיטאי הגד^^וקמו על ידי מהנדסים שלא בנו^מלפ בתי־חולים! לפי זה היו יכול^^^שתתר בהתחרות על תכנית ב*ה״ח בחיפה רק מהנדסים, שכל נסיונם — בית־חולים אחד. וכי לא טוב יותר לערוך התחרות פתוחה לכל מהנדסי ואדריכל, שבה ישתתפו עשרות (בהתחרו…
1940-02-14	hashaah	hashaah19400214-01.2.27	…בין שני הבנינים האלה, ולצערנו הוא כולו לרעת בית־הכנסת. גם ההשואה בין השוק ההדש בתל־אביב, שנבנה ללא התחרות, ובין השוק של חיפה, מן התבדח שתביא כ4 ארם לא־ משוחד לאותה המסקנה. ועד הבנין של בית החולים בחיפה למד משגיאות העכר•…
1940-03-20	hashaah	hashaah19400320-01.2.47	…3 ערבים, רובם . קורנים, שנכנסו לארץ באורח לא-חוקי, ונתפסו בהיפה ובסביבה בימים האחרונים. מועד הגשת התכניות בהתחרות לבנין בית החולים של הקהילה בחיפה, הוארך שו-ב לשבוע ימים עד 28 לח. ז. פעם אחת כבר ניתנה ארכה של שבוע ימים. תקונים כבנץ כית המשפם השבוע החלו לתקן את הנדר,…
1940-04-17	hashaah	hashaah19400417-01.2.19	"…התפטר מנהל בית החולים הדסה בחיפה בישיבת הועד המנהל של בית החולים ""הדסה"" בחיפה הגיש הד״ר י. בדנר את התפטרותו. הועד קבל את ההתפטרות, אולם בקש ממנו להמשיך בעבודתו, עד שימצא ממלא מקום. בימים הקרובים יכ…"
1940-10-06	hashaah	hashaah19401006-01.2.27	…ס״ה — 95300 לא״י; ממקורות שונים: הכנסות מערכת החנוך (מהרשויות המקי מיוו^ שכר לימוד ומשונים) — 77.700 לא״י; מהדסה להחזקת בית החולים בחיפה — 900; מקרן גולדברג למחלקת התרבות — 50; מלשכת עלית הגוער לעלית ילדים — 6600; מפדיון שבויים למטרה זו — 1800; תרומות ותשל…
1941-07-22	hashaah	hashaah19410722-01.2.13	"…שם בעזרת חגירת הצלה את נתברר, שהוא נחנק מן הגאזים שבבר השופכק. שם הפועל אשר שייגטוך כבן 28. הוא נלקה מיד ע"" י מ. ד. א. -בית החולים העירוני והוכנס לחדר המתים. מעדיפים הצח אוסכראלית בחיפה נתקבלו כמויות קטנות של הטה כעבר הי־דן. אך מפני מחירה הגבוה מעדיפים האוכלוסים חטה אוס־ טראלית. אתמול מתה בבית האינוואליד…"
1941-08-26	hashaah	hashaah19410826-01.2.12	… W,!^•j i ^ ■סינאו לכתלות אוץ, אץ וגרץ מודיעים בזה לל־־, בי עד -הודעה הדשה תהי־ סגורה המרפאה למחלות אוזן, א־ ונדון, ש-ד בית החולים רכר-ר שנמצאה מתר נכלה מג; נאטי בי־ש, בת 21, שניית־ נמצאה בנן בית ב־חוב ה־־ בחיפה, אתמול בבוקר, ע־ יד־ נפילה מנג. היא נהכמח בחומת מקלט ומפ־קתה נשב־ח. ־יא בחיפה בנוסחות אהות־.…
1941-11-12	hashaah	hashaah19411112-01.2.24	"…תעודות גמר ל-5 2 אחיות בחיפה אתמול נערך בטכניון בחיפה בכם מסירת תעודות הנמר ל־5 2 אחיות רחמניות, שגמרו חוק לימוד של שנתיס בשעורים מטעם מחלקת הבריאת של הועד הלאומי. השעורים היו עיוניים ומעשיים ליד בית החולים ""הדסה"". הטכס נפתח על ידי ד״ר דוסטרובסקי. הנואמים אמרו, כי אף על פי שהשעורים נוסדו מתחילה לשם צרכי שלום, יהדי נתבררה חשי…"
1940-12-27	hashaharerev	hashaharerev19401227-01.2.11	"…..תאומי־ סיאם"" אמישראליים. הרכים • הנילדים׳ אשר צורתם היא אחד הפלאים ־המתרחשים רק לעתים רחוקות, נלקחו למחלקת היולדות של בית־החולים הממשלתי בחיפה. לשניהם גוסית שלמים ושום אבר אינו נעדר ירק הכבד משותף לשני הילדים. את הילדים מזינים בצורה מלאכותית. אילם סבורים. כי לא …"
1932-08-03	hator	hator19320803-01.2.7	… תושבי העמק דורשת הסתדרות מאת מחלקת הבריאות ל־ימלא את חובתה כלפי התושבים הא^ה ולהקציב סכום כסף מתאים שיאפשר לד-ושאיר את בית החולים בעפולה פתוח לתושבים׳ ביחור בתקופת קיץ הרת סכנת של מיתות. הדואגים למעמד הביניגי. בחיפה נוסד ארגון המעמד הבינוני. באספה הכללית של החברים נכחדו מועצה והנהלה. וגם עבדו תקנון לארגון. התארגנה גם ועדה להתישבות המ…
1934-08-03	hator	hator19340803-01.2.7	…יאנוא עושים הכנות ליסוד בית חרושת לסירות• בית החרושת יוצאו סירות דיוג׳ טיול׳ התחרות׳ שיט׳ משא, ניפרש׳ סירות־מנטור ועוד׳ ביהח״ר יוקם במפרץ חיפה. שערוריה (מכתב אל המערכת) אנחנו חברי הנהלת בית הכנסת הגדול בת״א מביעים בזה את מחאתנו הנמרצה על השערוריהשנעשתהעל ידימחלל…
1934-10-26	hator	hator19341026-01.2.12	…המזרח הקרוב׳ שהיא מאיכות נמוכה מאד• בית חרושת לנייר בא״י נודע לנו׳ שבזמן הקרוב יתחילו בהקמת בית חרושת לנייר בארץ ישראל• ביה״ח יבנה במפרץ חיפה או על אדמת פיק״א בכברה♦ המכונות בשביל ביה״ח כבר הוזמנו בהולאנד ויגיעו לארץ בעוד איזדה שבועות• בעלי בית החרושת הם חברת ה…
1934-08-09	hayesod	hayesod19340809-01.2.19	…חשוב כת״א, על יר החנויות עומרים משטרות מהפועלים עם פתקאות אדומות ביר 'בכדי -להשפיע על הקונים שלא יכנסו לחנויות. •'.בעלי ביה״ח מבקשים למסור את הסכסוכים לבוררים והמפא״י ממאנת בבוררות של זבל״א, מדוע? חיפה חברי סיעת המפא״י בועד קהלת חיפה התקיפו בבזיוו בישיבת ועד הקהלה את רבני חיפה על חתטם על הכרוז לטובת סטבסקי, חכרי סיעת המזרחי והפהמ״ז איימו בעזיבת הישיבה אם ההתקפה תמשד. הפועלים החליטו לשלוח לרבנים…
1948-01-22	hayomjlm	hayomjlm19480122-01.2.47	…דים, אולם בכוונת הממשלה להעביר את החולים בקרוב למקום אחר. הממשלה סבורה, כי המקום ■בגבול ישובים יהודים וערבים אינו מתאים לבית חולים, לא כל שכן לבית חולים ממין זה. בתי הזיקוק בחיפה יחדשו היום את עבודתם בקנה מידה מצומצם ויעבדו שבועות אחדים, עד ששוב יוכלו לעבוד במלוא הקיטור הוסיף ואמר דובר ממשלה.…
1948-02-09	hayomjlm	hayomjlm19480209-01.2.37	"…3ח־9ה מביקורי משלחת הצלב האדום משלחת הצלב האדום הבין־לאו־ מי ביקרה אתמול במוסדות רפואיים בחיפה. לפני הצהרים ביקרה המשלחת, בבית החולים הממשלתי הוזמנה לארוחת צהרים כאורחי האיגוד הרפואי הערבי, במלון וינזדור. אחר הצהרים ביקרו חברי המשלחת בתחנת ""מגן־דודאדום""…"
1948-02-09	hayomjlm	hayomjlm19480209-01.2.37	…ית ההבראה על שם בורוכוב. היום (יום ב׳) תבקר המשלחת במוסדות רפואיים אחרים, כגון קופת חולים׳ ומוסדות ממשלתיים. נמצא שימוש לבית־חולים בית החולים הערבי אל-אמין בחלק המזרחי של העיר התחתית בחיפה, שימש אתמול כעמדות צלפים. צלפים הערבים ירו לעבר עמדות הצבא׳ שהשיב באש חזקה, ביריות. הצבא נהרגו שלשה ערבים, אחד בגיל 26,…
1948-02-26	hayomjlm	hayomjlm19480226-01.2.31	…מרכזית נפצעו שני שוטרים ערבים ואזרח ערבי אחד. ״ ברחוב יפו נפצע שוטר בריטי אחד. תאונה בתאונה במחצבה בחלק הצפוני מזרחי של חיפה נפצעו אתמול 4 יד״דים: מרדכי ארליך (30) משה מערבי (22) אליהו אושרוב (44) ויוסף שריימן בן חמשים מת מפצעיו בבית־החולים. יריות אתמול בבוקר התרגשו בכל חלק חיפה התחתית יריות נגד התחבורה העברית, ואולם היא נם־ סקה רק לזמן קצר. בשעה שמונה ורבע …
1948-03-10	hayomjlm	hayomjlm19480310-01.2.36	"…אותו רגע פתחו עליו השלושה ביריות והמכונית החדשה נוקבה ב־1 2 כדורים. הוא הצליח להסיע את המכונית אחורה עד קצה הרחוב. וליד בית החולים פנה והתחמק מן השודדים. לבל עצמו לא נפגע. 3 ערבי□ עדקו.על נשק□ הנוטר הערבי ש״שמר"" על בית־ הדין המחוזי בחיפה ""נעלם"" אתמול על נשקו. כן נעלמו שגי נוטרים ערביים אחרים אולם לא שכחו לקחת אתם את רוביהם האנגליים ואת תח־ משתם. פרשת האני…"
1948-03-18	hayomjlm	hayomjlm19480318-01.2.32	"…משטרה. לשירות הכנופיות הערביות. שם העריק מרטין׳ מם. 128. שהיה אלחוטאי במשטרת ירושלים. השלטונות מניחים כי הוא נימצא כעת בחיפה. הדסה פונה לוואשינגטון גיו־יורק. — תזכיר על ההתקפות הערביות החוזרות ונשנות על בית החולים של ""הדסה"" ברושלים. על אמבולאנסים של ""הדסה"" ועל עובדיה הרפואיים. נימסר אתמול על־ידי הגב׳ רוז האלפרין בשם ""הדסה"" בארצות־ …"
1948-04-19	hayomjlm	hayomjlm19480419-01.2.17	…ין. בית החולים למחלות מדבקות בפרדס כ״ץ ובית החולים לחולי רוח בבת־ים — מועברים כבר למחלקת הבריאות היהודית המרכזית, אם כי בית החולים בבת־ים ישאר לפי שעה בפיקוח הצלב האדום. היהודים מציעים כמו כן את העברת בית החולים הממשלתי בחיפה לידי העיריה ומנהלים משא ומתן על העברת בית החולים לחולי שחפת בצפת לידי היהודים. מחלקת הבריאות החדשה תנהל את הש רותים הרפ…
1948-09-03	hayomjlm	hayomjlm19480903-01.2.37	… לרשות הועד הלאומי בסוף חודש אפריל. ביפו פועלים עתה כמה מאנשי השירות הרפואי לשעבר, ביניהם קצין הרפואה הראשי, ומנהלים את בית־החולים הממשלתי ביפו המשמש בעיקר את שבויי המלחמה הערביים. המו״מ על העברת בית־החולים בחיפה הגדול ביותר בארץ עם 350 מטות — לא נסתיים עד שצבאות ישראל כבשו את חיפה. על אף בקשתם של מנהלי מחלקת הבריאות .הישראלית סירבו עובדי בית־החולים הערבי להישאר בעבודתם ולדאוג לפצועים הערבים. רובם ע…
1948-09-03	hayomjlm	hayomjlm19480903-01.2.37	… ואף החולים סונו. בית־ד,חולים פתוח עתה ובין עובדיו ישנם גם כמה ערבים, ביניהם מיילדת אחת. אולם רופאים ערביים אינם משרתים בבית־ החולים שבחיפה. עם כיבושה של עכו על ידי כוחות ישראל פתחה מחלקת הבריאות הישראלית בית־תו־ לים קטן בעיר לשם מלחמה במגיפת הטיפוס שפרצה שם.…
1948-09-03	hayomjlm	hayomjlm19480903-01.2.37	…בעו תכניות בדבר טיפול מיוחד שיינתן לאחר יציאה מבית־התולים כגון טיפול אורטופדי, ניתוחים פלסטיים, ניתוחים אופתלמיים וכו׳. בית החולים בחיפה אורגן מחדש וכמעט מחצית מטותיו תוקדש לטיפול כזה שיינתן בעיקר על ידי מומחים מחו״ל שהתנדבו להשאר במדינת ישראל לזמן החרוש כ…
1942-07-15	hazmantlv	hazmantlv19420715-01.2.7	"…צזת הלילה״ — כותב קצין הפלוגה אל משפחתו. אחרי קבלת המכתב הגיעה גם טלג־; רמי׳; המאשרת כי כל אנשי הפלוגה י שלמים ובריאים• בביה״ח לזכוכית ""פיניציה"", במפרץ חיפה הודלק אתמול התנור. בהדלקה נתכבדה החיילת מרים פרו־| ד־בסקי; מעובדי סולל בונה שנת־! גייסה. מקיים; כי בעוד כודש יימים .■יו…"
1942-08-02	hazmantlv	hazmantlv19420802-01.2.13	"…ת נגד טיפוס ע״י מחלקת הבריאות בחודש איגוסט• הטיפול יינתן חנם אין כהף, ן יכל הרוצה בזריקה יפני׳ למרפאה י הממשלתית בת״א, בחיפה — בבית החוליים הממשלתי, ״הדסה״׳ קופת. חולים, בירושלים — ביה״ח הממשל־ יי תי, ""הדסה"", קופת חויים שערי־ צדק, משגב לדל. בבת הח-לים ביפ' שוכבים עכשיו 68 חולי טיפים, מלבד אלה ה־ | שוכבים …"
1943-05-02	hazmantlv	hazmantlv19430502-01.2.17	…שלה להוי בחסר במידה רצינית. בין הצרכים הדוחקים ביו־ תל יש להזכיר מוסד מיוחד לטפול בחולי שחפת, בתי חולי רוח נוספים הרחבת בית החולים החדש בחיפה׳ בית חולים נוסח בעמק השרון ובית חולים ברמלה. יש צורך גם בבתי סוהר חדישים. כן רצוי מאד להרחיב את שרותיי העזר כגון מפעלים…
1943-08-11	hazmantlv	hazmantlv19430811-01.2.44	…ועוד התנגשות י סמוך למשק יג׳ור התנגשו מכונית משא אזרחית אלמונית עם אופנוע צבאי, שרוככו, סרג׳נט בריטי, נפצע קשה ונאס^ אל ביה״ח הצבאי בחיפה כשרגלו וידו שבורות. מכונית המשא נסתלקה וזהותה אינה ידועה עדיין. נפצעה קל בדרך נם הגב׳ מאיה אידלבוים, בת 32, הדרה ברח׳ מיכאל בהדר הכרמל, נפגעה בראשה נ־ נסווזה לעלות על אוטובוס סמוך לקריה חיים כשמכונית צבאית עברה באותו זמן. הפצועה נאספה אל ביה״ח רוטשילד ב־ חיפה ומצבה קל. רק בדרך נם נמנע אסון יותר גדול. , להסיר מכשול לשכת הרבנות הראשית בחיפה מודיעו ברבים, כי באטליזו של מר אדלר ברחוב החלוץ בחדר הכרמל נמכר נקניק טריפה ועל הקהל להמנע• מקנות שם. למען הסיר מכשול מ…
1943-08-12	hazmantlv	hazmantlv19430812-01.2.52	…של ההסתדרות. נשיס נפצעו קשה בתאונות דרכים שלשום אחה״צ פגעה מכונית צבורית. סמוך למשטרה הישנה בקרית חיים, בגב לוסיה מראד מחיפה, שנפצעה קשה והר עברה אל ביה״ח הממשלתי בחיפה. בו ביום פגעה מכונית צבאית באשה אחרת שעוד טרם זוהתה ושהועברה אף היא במצב קשה אל ביה׳ח חססשלתי בחיפה. « עולים מתורכיה — אתמול הגיעו לחיפה דרך ראש הנקרה, 29 עולים מתורכיה, המהווים 7 משפחות. הם הועברו מיד אל …
1943-08-17	hazmantlv	hazmantlv19430817-01.2.42	…מעמד פל בני המשפחה וידידיה. בנה מר יחיאל ויעמן אסר קדיש על הקבר והחזן נוסברג התפלל אל מלא רחמים. יצא לחופשה שופט השלום בחיפה, הד״ר לנדוי, יlא אתמול לחופשתו השנתית. גויה בשוק בשוק הערבי בחיפה נמצאת בליל ■׳ גויתו של ערבי שלא זוהה ושהועברת ל־ ביה״ח הממשלתי. לפי חצוניותו סבורי■ שזה היה פושט יד, אשר מת פיתה חטופה באמצע הרחוב. גונבי צמיגים ביום ב׳ לפנות בוקר הורידו אלמ…
1943-08-17	hazmantlv	hazmantlv19430817-01.2.42	…תו סמוך לפנסיון לב על הכרמל. נדרסה למות פטמה חסן בינת חמדן, ילדה בגיל 8, נפצעה קשה ביום א׳ לפנות ערב ברחוב הג׳אז שבמזרח חיפה בהדרסה ע״י מכונית משא שהיתר, נהוגה בידי משה מיכאל, בדרך לביה״ח הממשלתי מתה מפצעיה. מעשה שהיה בדואר גברת צעירה, דוברת גרמנית וכולה אומרת הדר, ניגשת ביום א' .זך. בשעות שלאחרי הצהרים אל…
1943-08-17	hazmantlv	hazmantlv19430817-01.2.42	"…הטרי מעליו. הקהל סלח לפקיד, הקהל הבין אותו. מפגעי הדרכים ז מכונית צבאית, שטרם זוהתה דרסא בשבת את חסן אחמד שחצה אח הכביש חיפה—עכו. הפצוע נאסף לביה״ח הספ־ שלתי בחיפה. ב״יער החייל"" פלוגת מהנדסים מלכותיים (אי־שם) נטעה 10 עצים ביער החייל ע״ש הקצין יצחק בן־צבי (פסיר) עם הע…"
1943-08-22	hazmantlv	hazmantlv19430822-01.2.42	"…הקצין סלימון. רפא לו הילד אמנון כרמי, בן העשר, אשר נפגע בשבוע העבר ע״י אופנוע צבאי בטיילו על הר הכרמל, עזב ביום הששי את ביה״ח רוטשילד לאחר שפצעיו נרפאו וחזר לבית הוריו מקום שם יהיה זקוק עדיין לטפול מסוים. לטובת בית התינוקות , בימים ב׳ וג׳ יופץ בחיפה סרט לטובת בית התינוקות שב״אהל שרה"" של ויצו וארגון אמהות עובדות. המוסד קיים זה 14 שנה ואעפי״כ הנהו מתנסה זו הפעם הראשונה…"
1943-08-30	hazmantlv	hazmantlv19430830-01.2.40	…?בחיהה שלמה גדליה ורהפטיג ז-ד ביום השבת מת בביה״ח רוטשילד בחיפה לאחר יסורים בוראים שלמה גדליה ורהפטיג, נכדו של הרבי מ־ סטולין, בן למשפחה ענפה שאבותיך, התיישבו בארץ לפני 150 שנה לערך. …
1943-08-30	hazmantlv	hazmantlv19430830-01.2.40	…נצרת שבמזרח חיפה, כאשר הוציא ידו החוצה רז־ נפגעה ממכונית משא שעמדה בצד הרחוב. טובע שניצל השוטר הנוסף עבדאללה חסן מחמוד מחיפה החל לטבוע בי־ם השבת אחה״צ בשעת רחיצה במפרץ היפה. שאר המתרחצים חשו לעזרתו ומשוהו מן המים כל עוד ר־ח באפוהעבירוהו במצב של חוסר־הכרה ל־ (ביה״ח הממשלתי בחיפה.…
1943-09-03	hazmantlv	hazmantlv19430903-01.2.20	"…תן. ההסכם יכנס לתקפו מיום 6 בספטמבר. נסיון לרצח אור ליום ה׳, בשעה 10 בלילה, ירו שני אלמונים באהת הסמטא""! של השוק הערבי בחיפה בעבדול לטיף רשיד. הוא נפגע בצווארו. המתנקשים הצליחו להמלט. הפצוע הועבר במצב אנוש אל ביה״ח הממשלתי בחיפה ועדיין לא חזרה אליו הכרת־. הפריע למפקחים והתחצ? כבית המשפט מר פלדר, בעל המזנון שבקורצאני בעמק זבולון, הוע…"
1943-10-26	hazmantlv	hazmantlv19431026-01.2.31	"… התפתחותם. ככיה״ד לשכר דירה לאחר חופשה של חדש ימים לרגל ■ החגים, חידש ביום א׳ זה את ישיבותיו ביה״ד לשכר דירה שע״י עירית חיפה. 10 7 3 הוא מספר הטלפון החדש של סניף ביה״ח רוטשילד (מחלקת היולדות) שברחוב שמריהו לוין בחיפה. סוס שכעט כבעליו אתמול בבקר כשחבר ""שבי ציון"", סלי קראוטמאן, בן 31, ניס…"
1943-10-31	hazmantlv	hazmantlv19431031-01.2.21	"…ו. מפגעי הדרכים בליל ששי התנגשו י. מאירשטיין וא. דוברמן באופנים במכונית צבאית ליד תחנת המשטרה ג׳לאמי בסביבות יג׳ור שליד חיפה ובתוצאת ההתנגשות נפצע אדיה לוברמן מתל אביב, כבן 19, בראשי ובזרועו. היא הועבר באוטובוס של -אגד"" שנזדמן במקום אל ביה״ח רוטשילד בחיפה וכפי שמודיעים משם הוטב מצבו ואין כל סכמה לחייו.…"
1943-11-08	hazmantlv	hazmantlv19431108-01.2.40	…ו לירי משטרת חד- ’ רה הסמוכה, שאסרה את כפיי הטובה והחזירה את הארנק לבעליו. מפגעי הדרכים במוצאי שבת נהרס ברחוב המלכים ; בחיפה סאצקי דאהר עבדול הארי ע״י מכונית צבאית בשעה שניסה לחצות את i הכביש. הנדרס הוציא את נשמתו בטרם י הספיקו להעבירו אל ביה״ח. גם בכביש , חיפה־נצרת דרסה מכונית צבאית את . מוחמר חסן יוסף מבלד א־שייך, שנפצע קשר. ונאסף לביה״ח הממשלתי , בחיפה. 1 תינוקת שנהרגה כנפילה בשעת משחקת על גדר ברחוב נצרת , בחיפה נפלה התינוקת זינאת בינת צלאח בגיל שנתיים מגובה כמה מטרים ומתה , מפצעיה בבית החולים. לקראת שיפורים כתחבורה בשעת בקורו של סגן מושל המחוז. ; סר פולר בלוית קצין המחוז פר בינה, , במשרדי ועד הדר הכרמל, עמד יו…
1943-11-10	hazmantlv	hazmantlv19431110-01.2.35	"…יא נידונה לתשלום קנם בסכום 20 לא״י או למאסר חדשיים תמורתו. חנוכת סירה חדשה בשבת בשעה 10 לפנה״צ תיערך מטעם סניף ""הפועל"" בחיפה חגיגה ימית ב־ ממרץ ע״י ביה״ח ""שמן"" טכס הורדת הסירה החדשה על שם ניסן סט זיל. בתכוית: מסדר וטקס הנפת הדגלים, נאום א. חושי, הורדת הסירה וברכות. הגברת א…"
1943-11-11	hazmantlv	hazmantlv19431111-01.2.29	"…רום אף הוא מצדו כסכום הזה. בצורה זו, שהיחה מן המקובלות בתקופה ההיא, נתרמו סכומים הגונים שבזכותם הוקמו מפעלים לתפארת כמו ביה״ח רוטשילד, למשל, מתרומתו של ^הנדיב הידוע"". אולם מזל משונה לה, לחיפה: כל מפעל חילוני זוכה כאן להצלחה ואילו כשהדבר נוגע למפעל שאינו חילוני — אין הברכה שורה עליו. התרומה של מר פולאק מוטלת, א…"
1943-11-18	hazmantlv	hazmantlv19431118-01.2.43	…ור בוועד הארצי, שייבחר בישוב המועצה הקרובה. הרוג ופצועים בתאונות ביום ג׳ נדרס על ידי טאכסי בשדרות הכרמל במושבה הגרמנית בחיפה חביב עספיר כשניסה לחצות את הרחוב. הוא מת מפצעיו בו ביום אחה״צ בבית החולים הממשלתי. מכונית טקסי נהוגה בידי ניקולה אד התנגשה ביים ג׳ לפנות ערב במכונית אחרת בכביש חיפה — ג׳נין. המכונית השניה ניזוק…
1943-11-18	hazmantlv	hazmantlv19431118-01.2.43	"… שובלאק, שקפץ מעל אוטובוס צבורי של קו 4 בשעת ה לוכו ברחוב ש. לוי ליד ביד,""ס האנגלי לבנות, נפצע בנפלו על הכביש והועבר אל בית החולים. הממשלתי בחיפה. סימטאות חיפה נהירות לגנבים ערביה הגרה באחת הסיכטאות במזרח חיפה, הודיעה אתמול למשטרה שממגי־ רתה נגנב סכום של 420 לא״י במזומנים. מוסיפים לגנוב צמיגים מחנותו של פישר קסטלאק שברחוב הרצל …"
1943-12-02	hazmantlv	hazmantlv19431202-01.2.44	…פשתו. ה-ש-הה נסבה על ענינים אקטואליים העומדים על הפרק ובתוכן גם שאלת הפיקוח על מפעלי המים בעיר וכן על היחסים שבין עירית חיפה לבין ועד הדר הכרמל. נדרם הילד מנחם מנדלסון, בגיל 6, מכפר עטה נפצע אתמול בבקר בראשו מפגיעת מכונית משא ערבית. הפצוע נאסף אל ביה״ח רוטשילד בחיפה. תאונת דרכים אור ליום ד׳ בשעה 7.30 בערב נתקעה מכונית משא נהוגה בידי אברהם סמבור בעמוד של אי־התנועה שבפנת …
1943-12-07	hazmantlv	hazmantlv19431207-01.2.35	…עות, תוך איום שירצחו נפש, אם לא יעויב את הדירה. הדייר נפצע ע״י שברי הבקבוק ביום 16 באוקטובר ש. ז. וקבל תעודת רפוי מרופא בית החולים רוטשילד בחיפה. כבוד השופט ח את הנאשם למאסר 7 ימים ולתשלום 20 לא״י פיצויים עבור הנזק שנגרם לתובע וציין בפסק דינו, כי ה-א מביע את תמהונ…
1943-12-08	hazmantlv	hazmantlv19431208-01.2.44	…כים אור ליום ג׳ פגעה מכונית המשטרה ביער אפרים קסאן, בגיל 15, בנו של רופא קופת חולים בכפר עטה שליד ח פה, בהצטלבית הדרכים חיפה — עב/ ה.ער נפגע קשה ומת רגעים מספר לאחר שנדרס בטרם הספיקו להגיש לו עזרה ראשונה. גייתו הועברה לבדיקה אל ביה״ח הממשלתי בחיפה. היא נדת ע-י מכונית משמרה, ובו ברגע נדרס ע״י אוטו משא צבאי. סיבחי חליל נפגע ע-י תחנת הרכבת המזרחית על ידי מכונית משא ונאסף אל ביה״ח. סובחי זאריב נפגע ע״י מכונית טקסי ברחוב המלכים וקבל תעודת רפוי ל־4 שביעות. מרים גרינברג נפצעה על הר הכרמל ע״י אופנוע צב…
1943-12-17	hazmantlv	hazmantlv19431217-01.2.62	…ארצנו בפרט. מתאונות הדרכים. זינאב אבאסי נדרסה ברחוב נצרת ונפצעה קשה ע״י מכונית נהוגה בידי שלמה איזנברג. הפצועה נאספה אל ביה״ח דממשלתי בחיפה והנהג שוחרר בערבות. תמונות מחיי א. טס. וחיל חווא״ס בשבת בשעה 5 בבית פבזנר בהדר הכרמל הצגת תמונות מעבודתן וחייהן של חיל …
1943-12-29	hazmantlv	hazmantlv19431229-01.2.45	"…שכין שלוב בין שני ד״ציס ומשלא הצליח לשכנעם באמרות פיו, הרים מ־ט ברזל והניפי בכח על פני אחד הנצים, אשר נפצע קשה ונאסף אל בית החולים הממשלתי בחיפה. ..משכין דשלום"" נאסר ויועמד לדין. תאונה קדה איר ליום ג׳, בשעה 2.15 אחרי חצית עבדה הגברת יהודית ישראל־ בצד דכב־ש של רחוב…"
1944-01-04	hazmantlv	hazmantlv19440104-01.2.50	…שנמצאו ברשותם שטרי כסף מזויפים, נעצרו אף הם ל־l 4 יום. מצכם •טל פצועי התאונה הקטלנית המוטלים עדיין בבית הח־לים רוטשילד בחיפה, לא חל כל שינוי, ובפרט במצבו של א. פריד, הפצוע קשה. כמה מהפצועים קל הולכים ומחליטים. אחד * מהם, השוטר משה גולדמן, עזב אתמיל לפנה״צ את בית החולים. גוויה אלמונית עוה״ד ביסטאני, שעבר במכוניתו על פני מסילת הברזל בסביבות בת־גלים. הבחין בגוויה אלמונית מוטלת על הפסים. הו…
1944-01-05	hazmantlv	hazmantlv19440105-01.2.54	"…, כבת 30, נכוותה קשה מהתפיצצות פרימוס אתמול בבוקר בדירתה מול שוק ~תלפיות"" בהדר הכרמל. היא הרה. במצב קשה הובאה לפנה״צ אל ביה״ח רוטשילד בחיפה במכונית טקסי. מצבם של פצועי התאונה הקטלנית המוטלים עדיין בבית״ח רוטשילד ב־; היפה, לא חל כל שגוי. מצבו של א וכת* סנדר פר…"
1944-01-12	hazmantlv	hazmantlv19440112-01.2.25	"…דרישת שלום מממלכת הנגוס שיחת סופרנו כחיפה עם הד״ר י. וייצמן, שחזר מאדים־אכיבה ׳ בשיחת סופרנו בחיפה עם הד״ר י. וייצמן, מנהל ביה״ח לגפרורים .נור"" בעכו, שחזר זה עתה מבקורו בחבש, מסר הלה כסה פרטים מענינים מן ההר׳ החבשי כיום. איש שיחנו בילה באדים־ אביבה…"
1944-01-16	hazmantlv	hazmantlv19440116-01.2.59	"…י פועלים מסוריה ואחד פרם, פאוזי אל שאמי מדמשק דקר למוות את♦ חברו תורכי אל קאוד. הדוקר נאסר וה־ ' גויה של הנרצח נאספת אל ביה״ח הממשלתי בחיפד"" רוצח נידון למוות אתמול ב־9 בבוקר נתן השופט מר אדוארדם בחיפה את פסק דינו נגד מ,חמד עבאס שרצח את חברו ב״אחוזה"" במאי 1943. הרוצח נידון למיתה בתליה. גניכה מחנות כגדים ביום החמישי בערב…"
1944-01-19	hazmantlv	hazmantlv19440119-01.2.60	"…נאחז בדלת האוטובוס של .אגד"" כשניסה לקפוץ מתוכו בשעת הילוכו ונסחב למרחק כמת מטרים אחרי המכונית. הוא נאסף לבית״ח הממשלתי בחיפה. — סעיד חוסיין נפגע ע״י מכונית משא ברחוב המלכים בחיפה וידו נשברה הוא ה־עבר אל ביה״ח הממשלתי וה־ . נהג ארנסט שטרנברג נעצר ושוחרר בערבות.…"
1944-01-24	hazmantlv	hazmantlv19440124-01.2.41	…באית ואוטובוס ערבי מלא נוסעים. בתוצאת ההתנגשות ופצעו 6 מנוסעי האי* טיבום ובתיכם גם דוהג אחמד יוסף עבת. הפצועים ואספי אל ביה״ח הממשלתי ב- חיפה. שתי המכוניות ניזוקו קשה. בו ביום אירעי עוד 3 תאונות דרכים במקומות שווים בעיר, עישתים מהן עברי בשלום ואיל• בשלישית ופצע שוטר מוסף ערבי שנלקח לביה״ח הממש :י כאגודה להשתלמות כמדע ד״ר רוכנשטריך — ב־ד בע־ות ה־ עילם החיצוני. ב־8 .30 — מהותה של ההיסטוריה. תערוכת אמני חיפה פתוחה היום עד 7•…
1944-01-30	hazmantlv	hazmantlv19440130-01.2.41	…בפברואר ש• ז• ולפיו יימכר הנקניק במחיר ממשלתי לפי נקודות. כנין שלם כמקום חדר מתים הולכת ונשלמת הקמתו של בנין לט תים ע״י בית החולים רוטשילד של ועד הקהלה העברית בחיפה, אשר עד כה לא היה בו אף חדר מתים רגיל, כפי שהעירונו על כך בשעתו. בנין נוסף זד, שהוקם במשך החדשים האחרונים והמשולב בתוך …
1944-01-30	hazmantlv	hazmantlv19440130-01.2.41	… הראשון נפצע ע״י מכוניתי משא נחוגה בידי משה■ כהן והיעבר לביר. החולים רוטשילד ויתר השנים נפגעו ע״י מכוניות צבאיות ונאספו לבית החולים הממשלתי. שלושתם נפצעו בידיהם וברגליהם. גנכ ככיפה - למאסר שלמה דהאן מת״א נידון ע״י כב׳ השופט רוזנצוייג בחיפה למאסר 6 חדשים בעוון גניבת כביסה שהיתה תלויה על חבל בהדר הכרמל. מוחמד חוסני נידון למאסר 6 חדשים על גניבת מיצרכי מכלת ממח…
1944-01-31	hazmantlv	hazmantlv19440131-01.2.34	…Bnmnai נמצאה גויה במוצאי שבת במצאה ברחוב המלכים גוויתו של שלמה יעקב חלבי. הגוויה באספה אל בית החולים הממשלתי בחיפה ולפי הסימנים סבורים, כי בדרם למות ע״י מכונית אלמונית. המשטרה חוקרת בדבר. מכרו כשר כמחיר מופרז בביה״ד לספסרות נידון אחמד…
1944-02-08	hazmantlv	hazmantlv19440208-01.2.52	"…גילה. תאונה כשעת מישחק •הנער משה נעים, בן 13, בנו של פקיד אפ״ק מר נעים, נפל אתמול בשעת משחקו עם חבריו ונשברה ידו, הועבר לבית החולים ""רוטשילד"". כ״ויצו"" הערב בשעה 7,30 ב״אוהל שרה"" רחוב החלוץ מסיבת ט״ו בשבט. כל החברות מוזמנות. משפחת ריינד בחיפה מתבקשת לפנות אל סניף ""ה;מן"" ב־ חיפית בקשר לפנקסי הנקודות של המשפחה ועוד כמה דברים, שנמצאו בתוך ארנק ברחוב הרצל בהדר הכר…"
1944-02-09	hazmantlv	hazmantlv19440209-01.2.44	"…ל דגליהם ברחובות בלפוד, ארלוזורוב, הס, מונטיפיורי עד הגיעם למקום הנטיעות ברמה הנשקפת על פני הדר הכרמל והנמצאת בדרך שבין בית החולים רוטשילד ורח׳ הפנוראמה. טכס הנטיעות יתחיל בשע־ 9.15 והנטיעות תמשכנה כשלש שעות. בסיום יחלק ועד הדר הכרמל לתלמידים סירות ט״ו בשבט. עירית חיפה מספקת את השתילים ונותנת את ההדרכה והעזרה הטכנית. אוטובוסים של ""חבר"" עם השלט ""חשמונאים"" יסיעו את הקהל מבית הקרנות ומתחנו…"
1944-02-10	hazmantlv	hazmantlv19440210-01.2.51	…ון מעמדית נמשך גם אתמיל וכפי ה.ראה יימשך ■ עיד כמה ימים. ה-תקפו י אחיות מבית החודים רוטשילד | בליל ד׳ כשחזרו 2 אחיות של ביה״ח רוטשילד בחיפה לבתיהן בהדר הכרמל י י בשעה 7.30 בערב לאחר העבידה. חות־ , , קפי ברחוב בלפיד ע״י ש״י אלמונים . שדצליחו לשדיה את ארנקה שיי…
1944-02-13	hazmantlv	hazmantlv19440213-01.2.39	"…פנה״צ■ בשעה 3.30 בו ביום תערכנה על מגרש הספורט מאחורי ""מוריה"" התחרויות ספורטיביות מגוונות. • חנוכת הכנין החדש שהוקם ליד בית החולים רוטשילד ב־ חיפה, שנועד לחדר מתים, חדר כתרה. חדר המתנה ועוד (כפי שהודענו בזמנו) תתקיים היום בשעה 3.30 אחה״צ ורבניו יימסר רשמית לרשות הנהלת בית החולים• התחשמל ביום ה׳ אחד,""צ נתפחם הפוע־ חסי איברהים אגב נגיעה בחוט חשמל בשעת עבודתו בבתי הזיקוק שבמפרץ חיפה. הוא מת במקום וגווייתי הועברה לבי ה״ח הממשלתי• שמואל גליקסמאן זוכה ביים י׳ מאשמת גניבת ארבעה צמיגים מדברת החשמל בחיפה, …"
1944-05-25	hazmantlv	hazmantlv19440525-01.2.20	"…למרגלות הכרמל (שרטוטים) כית החולים של חקהלח קיים בחיפה בית חולים ממשלתי גדול■ ורחב־ידים, אשר היישוב העברי אינו נזקק לו בדרך כלל. לעומתו משמש בית החולים של הקהלה העברית בחיפה שעל שם אני היישוב הברון רוטשילד, מקלם יחידי לאישפוזם של חוליי הסקטור העברי בחיפה וסביבתה הקרובה, בבחינת בית חולים עירוני על כל פרטיו ודקדוקיו, פרט למקרים בודדים בלבד, כשד,חולים אינם מוצאים מקום בבית החולים ""רוטשילד"". בית החולים ""רוטש…"
1944-06-05	hazmantlv	hazmantlv19440605-01.2.42	"…ביום הגיעה לארץ, נפלה לתור דוד של מים רותחים ונכוותה קשה בכל גופדג התינוקת הועברה במצב אנוש באמבולאנס ""מגן דוד אדום"" אל בית החולים רוטשילד בחיפה זריקות נגד אבעבועות החרדה לרגל מחלת האבעבועות שהפילה למשכב עוד מספר אנשים בחי^י ובתוכם גם אחות של האיש שמת ממחלה זו בשב…"
1944-08-17	hazmantlv	hazmantlv19440817-01.2.38	"…ית העולים בחיפה׳ בבית העולים בתל־אביב או ליד תחצות ""אגד"" בערי הארץ. חיפושים ומאפרים אור ליום אתמול נערכו חיפושים חדשים בחיפה, בהיקף רחב. א.שים רבים נאסרו. נאסרה כמשמרת האחות בלומה מבית החולים ""בלומג* טאל"" ;שבו נמשכת השביתה) שעמדה במשמרת ליד בית החולים נאסרה ע״י המשטרה. האיטלקים אינם ""אויבים"" שוחררו ממעצר וחזרו מאפריקה מספר איטלקים תושבי הארץ שנעצרו עם כניסת איטליה למלח…"
1944-09-04	hazmantlv	hazmantlv19440904-01.2.27	"…ער שמספר הפקידים, אשר ישתתפו במיבחן לא יהיה רב מפאת התנאים דלעיל• ־ קנה מכשירים וצידר^רסדאי גנויכי*^® אתמול החל להתברר בחיפה דינו של אברהים כליל, זן^ןנשם. בקנית 80 מכינים, כמות גדולה של מכשירים וציוד רפואי, שנגנבו מביה״ח לשעת חירום ב״אחחה"" שעל הר־הכדפל לפני שבועגאו-פספר. כעיר! כית-החולים ג£sמ*«ןצקין ממועצת קרית מוצקין ;'סמץע«ס לנה הואיל ובקרית־מוצקין קיים ועד קהילה נפרד מהיפר׳ אץ תושבי הקריה ""מקבלים בבית החולים ""הדסה"" בחיקה (השייך לוועד קהילת חיפה) שום ד…"
1944-09-10	hazmantlv	hazmantlv19440910-01.2.41	… מהם 23 מיוון ו־l l מבולגריה. כולם אוכסנו זמנית בבית־העולים שבבת־גלים. עוד מקרי דגר בימים האלה הובאו לבית ההסגר המיוחד בחיפה מקרי דבר נוספים משכונת ואדי נסנה. שניים מחולי הדבר הבריאו ויצאו את בית החולים. מ־2 o ביוני עד היום הובאו 24 נגועי דבר. מהם מתו 8, 10 הבריאו ו״6 נמצאים עדיין בבית ההסגר. כיגוס המשמרת הצעירה של מפא־י…
1944-09-14	hazmantlv	hazmantlv19440914-01.2.26	…iisinii מת. כתאונת דרכים אתמול מת בחיפה החייל י. ל. לנגה שנפצע קשה בתאונת דרכים בסביבות חיפה בליל ב׳. היה בגיל 25 והניח אחריו אחות בחיפה. התגייס לצבא ב־1942. הל־ וויתו תהיה היום ב־l o לפנה״צ מבית החולים הצבאי אל החלקה היהודית של בית הקברות הצבאי בחיפה. אספקת הכשר לחגים ראש קהלת חיפה, מר מ. ג. לוין, פנה אל סגן מפקח האספקה…
1944-09-14	hazmantlv	hazmantlv19440914-01.2.26	…ה ודן את הנאשמת למתן ער־ בסך 50 לא״י על התנהגות טובה במשך 3 שנים. התינוקת תוחזר לאמה לאחר v~ תגמל מן החלב ולפי שעה תשאר בבית החולים. הד היריות על השומר יצחק לזר בפני השופט החוקר בחיפה החלה חקירתם של מחמוד חמד ואחמד סעיד׳ הנאשמים בהתפרצות לחנותו של ברוך ויניק בליל 1.7.44, משם גנבו פרימוסים וחפצים אחרים …
1944-09-29	hazmantlv	hazmantlv19440929-01.2.30	… השופט קארי למאסר 6 חדשים לאחר שנמצא חייב בשדידת 10 לא״י ושעון־יד מעל גוויתו של עוזי זהבי מפתח־תקוה, שנדרס ברח׳ המלכים בחיפה ב־6 לאוקטובר 43״1, בשלה שתעביר את הגויה אל ביה״ח הממשלתי בחיפה. נקנס כ־סססו לא״י עד החזקת י קמח דלא רעיון יקותיאל הרשקוביץ׳ אחד מבעלי טח־ נת־קמח בחיפה שנקנס בשעתו ב־6 0…
1944-09-29	hazmantlv	hazmantlv19440929-01.2.7	"… המשטרה. בשעתו קיבל כמה 1 אותות הצטיינות. טכעףרי ט״מ הנציב מ״מ הנציב העליון, מד שא"", בקר ביום ג׳ בלוית המושל, מר פולר, בחיפה־ תחתית והראה התענינות באמצעי המל־ 1 חמה נגד מגפת הדבר. אחרי זה ביד"" ־ ז־ י הבריז סט ־*. הר־ערץ ה ילה מ הבריטי, בבתי המלאכה של הרכב־ת, ב־ י ביה״ח לס־גרירת _.ה .־ , ה •־ .׳־ ■יחכרת הדלף I. ~r .• :.-;ד ה״ 1 ~ ואמרו: חנה מבשרו של ילד יהודי t זה אכלתם היום... ד״ר גרנוב…"
1944-10-11	hazmantlv	hazmantlv19441011-01.2.41	"…5151031^ מליאת הקהלה תתכנס באולם התכניון ביום א׳ בשעה 5 אחה״צ. על סדר היום: דו״ח של ועדת בנין בית החולים, בחירת ועדת בנין ושאלת החזקת ביה״ח. ׳ נסיוב לסוסים הנגועים כמחלה האמריקאנית אתמול הגיע לחיפה הנסיוב לסוסים הנגועים ב״מחלה האפריקאבית"". כל בעלי הבהמות באזור חיפה נדרשים להביא את בהמותיהם למשרד הקצין הווטרנירי המחו…"
1935-11-05	hbkr	hbkr19351105-01.2.51	"…ך לכפר םמיר, גפלטה מפתי של המלח מוחמד אל ממבי בהופי עכו וגמשתה ע""י שימר הברת הנפט העיראקית בהיפה. הגופה נלקהה לבדיקה אל בית־החולים הממשלתי בחיפה. מעשה נבלה מזכיר ה""הברה קדישא"" בת""א הידיע למשטרה על מעשה מהפיד יממש שקדה אתמיל. אלמונים תדרו לשטת בית הקברות הי־ שן והו…"
1938-02-07	hbkr	hbkr19380207-01.2.44	"… בונדד"" בהיפה. שנפצע בעת שמכוניתו נתהסכה ליד בנימינה. (ראה גליון הביקר). הוא היה בן !)3 במותו ותמך בהוריו הזקנים הגרים בחיפה. גופתו הועברה להיפר, לקבורה. מעבם של יתר הפצועים, אשתו של המנוח חבקין ואשת הנהג חסיד, הנמצאים בבית־החולים בחדרה — הו־ טב. בתו של חבקין ז""ל, בת ‭, 7‬ יצאה את ביה""ח ונמצאת בביתם של משפחת א. סמסנוב. מעירים לנו כי לשתי הבחורות מק…"
1938-02-25	hbkr	hbkr19380225-01.2.40	…ש ל הששש ל ה הורהב הטבניין ינסתח בית שפר ממשלתי הדש לשלאבה. שני השיס־ דות האלה הם מוסדות חשובים מאד. אני מציין בשמהה כי בית החולים הממשלתי החדש יפתח בעוד זמן קצר ומק ת אני. כי כביש ששת ה-ם יגדי ל אה נוחותה ויופיה של העיר הזאת. אש כי ריאים אנו את חיפה החדשה כשהיא מתפתחת ־סה מאד מבחינת בנ־ ניניה ותכונת? בבל זאת עיד ניתר שטה גדול של משכנור. עיני - שלא יצלחו למשכן לאדם ימ…
1938-03-28	hbkr	hbkr19380328-01.2.3	"…תומת כמחנה האסירים בעתלית. רק הודות להשתדלויות . מיוחדות שחרת סן מפשפרה את הנוסעים וגם הביאו את הפצועים בשעה ‭9. 30‬ אל בית החולים . הדסה"" בחיפה. נהנג ביבי נחבש ונשלח לביתו. לתי? זלוצ'יסטי געשה ניתוח ברגלו חזונא רסיט של כמר. הוא יצטרי לחזקק לסי* פיל ממושך…"
1938-04-07	hbkr	hbkr19380407-01.2.108	"…מיייס בזח חשימח לב חקחל הרחב בגמולים שחמאסיות שמלאו אח הובחן נלמךועד חקחלח ביחס לתשלום מס חסמת חן: חסחנוח חנתלוח בהיפה. ביח""ח לימת של חאחיס זליבנסקי, חל־אביב. ביח""ח , מצח זו- בחיפה, ביה''ח לסמח •:צמת. • התלבושת וההנעלה של תלשיד' ירושלים -יעי חחותס חמיכזי בישיבתו חאה• יונון. חחליס על חובת תלבושח וחנע…"
1938-04-17	hbkr	hbkr19380417-01.2.8	"…שא של חניתא מלייה על ־די נוטרים. הוא נותח מיד יעד שעת ערב מא־חרת לא שבה אליו הכרתו. היא אבד הרבה דם• כעב־ר זמן מה הובא־ לביה""ח .. הדסה"" בחיפה גיפ־ת שני ־קדושים יוסף רוטבלט ואברהם דניאלי. הגינות הינ־ חו בחדר המתים. גופתו של הקדוש דוד בן־גאון (קורט האגן) היבז. ־! לנהריה. אל משפחתי. הלוית ר־שב־יט ודניאלי נקבעה־ ל?־. ""ם בשעה 1 אח־""צ מביה""ח .. הדסה"" בחיפה. בן־גאון יובא לקבירה בנהריה. מיד עם ־באת הגויות לביה""ח .. הדסה"" התאסף קהל גדיל לפני ביה""ח כדי לשמ;ע סרטים על האסון. המת…"
1938-04-18	hbkr	hbkr19380418-01.2.2	… קפה. חנויות ונו' יהודים ואין לבטל את הנירסה, כי אמנם נם פצצה זו היתה מכוונת נגדנו, כ' הן המקום וה; מטרות הפירור הערבי בחיפה בזמן האחרון מחזקים את ההנחה, כי הפצצה . הה מכוונת ליהודים. ־־ :בית החולים התברר, שאליהו דואר נפצע באופן קל בדגלו ובמצחי. אהר־ ש:חבש וקבל זר־קה :גד הרעלת דם נשלח הבי־•. ־?;. הפצ־ע דואר ה־א תושב …
1938-05-05	hbkr	hbkr19380505-01.2.2	"…־ה כץ קבוצת הפ־עליס שעלחד. להת־ ישב ע?1 אדמת חקהק-ל בכרכור. מיסרים ש:שעת ההתנקשית לא ה־ה אתי נשק. בחצ־ת מיסה לני סיפרמ בחיפה: הכרתו של חייססופר הנמצא בביה""ח . הדסה'' עדיין לא ?שבה אליו. בערב נתחילי יבררו כי היא נפצע בראשו ובג־ בו בסכין ובאלין! הרופאים נותנים תקיה לחייו. חומש …"
1938-05-05	hbkr	hbkr19380505-01.2.81	"…טיפופ . אתמול אחה""צ נערכה הלויתו של תסדג'נט הבריטי ג'ק אלדריד ממשטרת הגבול ששרת מקודם במשטרת הי* פה. הוא מת ממחלת טיפוס בביה-ח הממשלתי בחיפה. בהלוימ השתתפו סגן מישל המחוז מר סקריבנר. סר םפינס ועוד סקימ ממשלה, קציני משטרה ופלוגת שוטרים בריסיים וארצישראלייס. שלח…"
1938-05-30	hbkr	hbkr19380530-01.2.13	"… גם בבתים. אחרי זה נירי כ־‭300‬ יריות על כפ־ אושה ורמת י-הנן. השומר 'הישע קסטנ־ בן 21 מקביץ שמיד נפצע קל בדר־ע' ונלקח ל ביה""ח .. הדכה"" בחיפה. שם ניתח יאין כל סבנה נשקפת לו. הכנופיה שמנתה כ־15 איש ה־ברחה לאח- הליפ' יריית עם נוטרי המקים שהשיבו אש חזקה. כעבור חצי…"
1938-05-31	hbkr	hbkr19380531-01.2.70	"…כהן־צדק, שנפצע במיצי דרת במא־רעית יים גי. פציע שני. כיחי, עומד אף חוא לעזוב את בית החולים היום או מהד. מיחידי שישאר עוד בבית החולים לתקיפת יותר אריכח (‭6—9‬ שביעות) הוא אהרן באק, שנפצע די קשה בשתי ידע ותן נתינות בגבס. אוננלד""דוייג ירזה כירושליפ בגרמנית הסופר אדנולד צווייג. הגר בחיפה. ירצח הערב הרצאת א־דח ביתשליפ על הנושא: ""לשס מח אחח קורא רומן-. חחרצאד? תתקיים נשעה ‭8. 30‬ בערב באולפ בית העולים. לשון…"
1938-06-09	hbkr	hbkr19380609-01.2.73	…היוס סגורים משרדי בנק אשותיקאי בתל־אביב. — ליום אי. ‭12‬ לחודש יוני נקבע מטעם ועד הקהלה העברית בירושלים. יום הםרס לטובת בית החולים הכללי . סשגב לדד־ בירושלים. — פאת הועדה לעזרה סוציאלית בחיפה נתבקשנו לפרכס כי הילדה חוה קרנש (נוח שאנן) תרמה סד ‭0. 250‬ לא־י לטובת הקרן להזנת ילדים נצרכים. ביום בלאות לה תשע דנים.…
1938-06-22	hbkr	hbkr19380622-01.2.79	"…‭^^8 ‬ החליפ שלשום עזב את בית החולים . הרכה"" בחיפה אברהם סופר מכרכור שנפצע לפני שלשה שבועות בערך ליד עתלית. מפנה מטעפ הצה""ר למונת מחוסרי העבודה מחי, יום הי, בשעה 8 בעיב ת…"
1938-06-24	hbkr	hbkr19380624-01.2.50	"…ה ערבים שנאשמו ברצה ערבי מכפר עראבת ב־19 למרץ בת־ך ביתו. נשמעו כמה מעדי הקטיגוריה. התמשך היום. הנוטר מיכאל אנטון עזב את ביה""ח הנוטר מיכאל אנטון' שנשצע בש - ב-ע שעבר ליד התיל . תדוקדנ־ עזב את בית החולים .. הדסה"" בחיפה.…"
1938-07-07	hbkr	hbkr19380707-01.2.5	"… את הצבע' הירשקימ? כבן ‭36‬ שברה לשמע היריות על אהמ הסימטאות שברחוב המ־ לכים ולא נמצא אצלו דבר. היא ממשיך ''היות במאסר. בביה""ח .. הדסה"" בחיכ י . ישבו הלילה 4 ע-רכ' דין יה־דים שגבו עדויות של עדי ראיה ביחס ליריות השוטרים. נעצרו ""! נפיריש ערכיפ בחצות מוסד סופרנו בחיפה'. שתברר שרוב היריות עיי המשטר־. ירו ־. נ-טרים הערבים. כחרם המהומית נעצר' ינכלאו בתיך בנין המשטרהד־ ג חיב השוק יותר מ־10…"
1938-07-07	hbkr	hbkr19380707-01.2.5	"…מליטא לפני ‭40‬ שנה בערך היה בן ‭01‬ בהדצחו. השאיר אחריו אשר. (אחותי של הד""ר חיים ווייצש! עהיא יויר של המכון למו־ סיקח בחיפה) ושתי ילדות בגיל ‭16 ‬ ‭. 8-. ‬ ה־א היה שהראשונים שפתחו ביחד עם איצק־ביץ ' ושמ־אל פבזנר ז""ל ביח""ר ,. עתיד"". היה ממישדי הדד הכרמל ובנה את הבית הראשין שהדר הכרמל. באד תם הזמנים נקרא הדר הכרמל על שם בית דוניה. בזשן השל…"
1938-07-21	hbkr	hbkr19380721-01.2.88	…ליריא שמעץ? סטרימזה עדה. סר־ גר הנה, שר־טטק דב, קרבצוב אסת)־, רפפודם מרים. רפפודט נחים. שטילרמן עדינה. 300 תיירים באים לחיפה מאניה . רומאי תגת לחישה־ ב‭23‬ ביילי עם 300 תיירים אמתקנים וגרמנים• וינקת ביתשלים. החלים ועזב את ביה־ח אתמיל עזב את ניה־ח . הרסה' חי - פה המחסנאי של ביהח-ר לגפרורים . ניר־ לאחר שהבריא מפצעיו אשר נפצע בעכו ביום אי. עוד 6 נוטרים יהודים בחיפה אתמול נתקבלו גמישה עוד 6 ניט־ דים…
1938-08-02	hbkr	hbkr19380802-01.2.12	"… רציניים)• הנוטר היציע קשי? הועבר ע""י מכי- ' ניח הדואר שעברה במקום אל ביה""ח חממשלחי — ושני הפצועים האחרים נלקחו אל אותו בי""ח ע־י מכונית "" מגן ד־ד אדום"". בערד באיתי זמן גתפוצצה פצצה גם ברחב נצרת• סמוד לארד איל יאהוד, אדלא גרמה שים נזק. חיפושים בחיפה אתמול בשעה 4 אחה""צ ערכו חיילים ומלחים תשושים מדיקדקים אצל חעוב־ ריס והשבים ברחוב הרצל בחיפה. הח־ פוש נמשד כחצי שעה. העוצר בחיפה נמשך מ־9 בערב עד 4 בבוקר. הלוית מנדל שודנובסק• אתמו^שער, ‭2. 30‬ אח־"" צ נערכה הלויתי של מנדל שודניבסקי שמת מפצעיו אתמול בבוקר בביה""ח -הדסה-. הספידו הרב קניאל.…"
1938-09-04	hbkr	hbkr19380904-01.2.54	"…אי (איפה) לכתה א' ולא קבלו הודעה על סידורם. מתבקשים לפנות בימים אי. ב' וג' (‭5 . 4‬ ו־6 בספטמבר! למשרד ביה־ס .. גאולה• בחיפה בשעות ‭12—10‬ לגה""צ. — ביום ראשון חי אלול ‭4. 9. 1*38‬ . ויתחיל רופא־העיניט דיר י. ד• ברנד לענות '*חולים במחלות עינים בקליניקה של בית החולים . בקור חולים חוםטיפל- (ירושלים) ננל 'ים אי. ג• והי. משעה שממד, וחצי עד תשע וחצי בבוקר. — הרקת קופסאות הקחק""ל בירושלים ב…"
1938-09-22	hbkr	hbkr19380922-01.2.31	"…ים של תחנת חנסיונוח החקלאית של עדוכ בכביש חברון. מהתחנה גננבו גש 3 פרדות. ? ו הוצתה חנות יהודית חנות יהודית ברזדב אלנמ בחיפה הוצתה ונשרפה אמש. מצב הפצועים - קשה ירושלים. עם ד' לסנה""צ? — מצב 2 הפצועים בביה""ח .. הדסה"" בי־ רושלים: אהרן דוד כהן והנוטר לוי מישיף להיות קשה.…"
1938-09-25	hbkr	hbkr19380925-01.2.76	"… ליין ש""אין אף אדם אחד , שממנו למדתי ייתר הכמה ישחיתח לי בפניי יראת כביד נדילח ייתר מאשר בפני ד""ד שמריהי ליין"")• ביפי, בחיפה. בנתניה הניח אבן יסוד לבית חולים על שם אנדריופ. אדר ב' הנציב העליין סיר ארתור וואוקפ עזב את תארץ. יביים א' דר""ת אדר ב', 3 במרץ. הניע לארץ הנצינ העליון ה…"
1938-11-04	hbkr	hbkr19381104-01.2.55	"…שם עלי עאריף גיובאן בשעה שגטה להתס פצצה באיתי מקום. פופרגו מופר: אתמול (ביום ה') לפנה""צ גיסה ערבי לזתק טצצה בשוק אביאד בחיפה. אך הפצצה גתםוצצד. בידו שגתדסקה. הפשט־ רה שהגתה לפקופ אספה את הערבי הפתביסס בדפי יפתשתל פפנאוביו אל בית־החולים הממשלתי בחיפה ורסיסי הפצצה הובאו למשסיד. .…"
1938-11-06	hbkr	hbkr19381106-01.2.83	"…דש בחיפח וקבל זעזוע כללי, הוא הועבר במצב של התעלפית עיי . מ, ד. א. ' ל.. הדסח־ אבל שם הוטב מצבו והיום הוא עומד לעזוב את בית החולים, "" נידון ל־6שניפ על החזקת נדוריפ בית הדין הצבאי בחיפה דן אתמול את חסן פוחמד חמודה מ־אסירה איםמליזז מנפת שכפ למ*סר חמש שנים על החזקח חפשה כדורי רובד, ב־‭26‬ לאוקסיבר ‭, 1938 …"
1938-11-06	hbkr	hbkr19381106-01.2.83	"…פקיד דואר ערני היום ב־1 אחה־צ ירו אל פקיד הדואר והסלגרף, עזיז נור שמו, ליד ביתי ברחוב נצרת בחיפוי ופצעוהו. הוא פח אחה""צ בבית החולים. הנרצח היח כבן ‭'30‬ פקיד במחלקו טלגרף, מושלמי. מוצאו מתורכיה. נורד בלכתו חביתה במרחק כמה בפרים מביתו. היי. חזק. דליקה נגרר בחיפה ביום ר אחה""צ פרצה דליקה בגרז בית החרושת של פילר ברחוב נצרו בחיפח מכונית משא שהיחה נפנים ני' 1 זוקו"" מכני מאש נכו את האש…"
1938-11-18	hbkr	hbkr19381118-01.2.28	…בית החולים הממשלתי בחיפה ן י ‭£. ‬ בהדש יוני מט גחול בהקמתו •ל ־־ המין' הענקי שמעי לשמש בבית הד ליוס םמשלתי מוי?!• על שסח של ‭60 ‬ חגב* מערבית מגםל חיפה בקיבת ‭*89 ‬ \‭x&x‬ הפנרש היד שיין פקויע לפנזר לןכדםלית^ס'-ונרכש עיי הממשלה כפכופ ''. ^לה *ל ‭41‬ א^ף לודי. ממין עצפו _…
1938-12-19	hbkr	hbkr19381219-01.2.12	"…ע ננזל נהרג. ושני נוסעים אחרים נפצעו באופן קל משברי זכוכית. נה: האוטו השיב אש מאקדח שיש לו ברשיון 'המשיך בדרכו. סופרנו בחיפה מוסר: הנרצח יהושע גנזל הובא אמש בשעה 8 אל ביה""ח . הדסה"" בחיפה ע""י מכונית ‭.. ‬מגן דוד אדום"" וגופתו הונחה בחיי המתים. יחד עם הגופה הובאו שלשה פצועים אשד נחבשו ונשלחו לב…"
1938-12-23	hbkr	hbkr19381223-01.2.57	"…! טכס הנוכת בית החולים הממשלתי בחיפה ו (מף מעמד 1) לפנזדצ בלוית שלישו ומשל מחוז הצפון פר מילי. מכתבו של נונה ניה""ח האדריכל מנדלסון מנהל מתלקת הבריאות הממשלת…"
1938-12-26	hbkr	hbkr19381226-01.2.17	"…צעיר וצעירה נפצעו בשעת טיולם בכרסל הצרפתי סוחר נפצע בשבתו בפתח חנותו בגבול המרכז המסחרי הישן בחיפה רשמית: אתמ־ל בבוקר תקפו כמה ערבים עני ־הידים בואדי שליד המנזר דהר הברמל. אחד היהודים נפצע קשה והובא י י ביה""ח. נאסרי 8 ערבים. אמש ב־5 נורה 'היד־ בשם פישבוים. בעל חנות ברחבת חמרה בחיפה. הוא נפצע ברגלו ובידו. בקשר עב פשע 3) נעצרו 3…"
1938-12-26	hbkr	hbkr19381226-01.2.17	"… בשעה שבעל החנות ישב על כסא בתוך החנות סמוך לפתח. אחד הכדורים שגע בשוק רגלו הימנית וקצה אצבעותיו. יזפצוע נלקח מיד בטכסי לביה""ח .. הדסה"" בחיפה. מצבו אינו קשה מכיון שהכדור פגע בבשר בלבד. היורה נמלט לתוך הסימטאות הסמוכות ולא נתפס. נוטר ערבי שעמד בקרבת מקום ירה ידי…"
1938-12-27	hbkr	hbkr19381227-01.2.16	"…זוהה האחד ע"" י הנפוע פישבויס - ואח'כ זוהה אותה הערבי וחברו ע- י השוטר הפווע חזניביז כרווח חכרו מיד. רשמית: אתמול נאנ־ו בחיפה שני עדנים כאשמת רוח ונשיו! לרווח שני שוטרים נ־‭20‬ לדומבר בחיפה. סופרנו בחיפה מוסר: אתמול בשעה 2 אחה""צ הובאו ע""י המשטרה אל ביה""ח . !זדסה"" בחיפה כ־15 ערבים שגעצרו לרגל ההתנקשות בסוחר ליב פישבוים ביום א' לפנות ערב. (ראה גליו! אתמול). הפצוע זיהח את אח…"
1938-12-27	hbkr	hbkr19381227-01.2.17	"…עברית ע""י כ""כ השלטונות הנהלת הועד הלאומי הביעה במכתב למזכיר הראשי את מחאתה על שהנאומים של ה• מ. הנציב העליון וראש עירית חיפה ביזם ה' ‭22‬ ח""ז בפתיחה החגיגית של ביה""ח הממשלתי לא תורגמו לעברית. . העובדה יעיל — נאמר במכתב — פגעה קשה ברגשותיו של הצבור היהודי בארץ. הרואה בה זלזול בזכויות ה…"
1939-01-15	hbkr	hbkr19390115-01.2.10	"…ו —*^?^ ??וו ווו ‭??! 1—111‬ ו? ????ודו —ז*זד‭111‬ד—‭——1‬ואו עוד שלשה קרבנות של-הסידור הפנימי""-הוצתביהח""ר של דיק וסלטי בחיפה ביום ששי. כ-‭2. 20‬ אתה""צ. ירה ער- , : ופצע יהודי בשם אברהם ב; אליהו :גזרתי ברחוב הבליל בטבריה. המתנקש :מלט אל השוק. מזרחי מת אחר כך :בית החולים. בן ‭. 45‬ יליד טבריה. הניח אשד. ושמד ד. ילדים• כוחר בבגדים ישנים• שלשה מקרי וצח זזהיז־עוח תדש5יות מסרו אתמול על 'גיישה…"
1939-01-22	hbkr	hbkr19390122-01.2.4	…לק לנרצח את הכבוד האחרון כשהם ענידיפ סרטיפ שחייים• ממז של הנער נד מזרחי רשמית: ביופ י' כ־5ו. ו? אחה־צ נתפוצצי שתי :צצית בי־ח־ב נצרת :חיפה. אחת בפה אשפה ־אחת בכית מלאכ^• הראשונה לא ;ימה נזק• אולפ השניה גרמה למותי ':ל יהודי ולפציעתם של חמשה אחרים. מהטצצה מת: …
1939-01-22	hbkr	hbkr19390122-01.2.4	…חת מכהן. פצעיהם קי י ים• אולם כפי שמוסרים איו סננה נשקפת גם לחייו של כהן. המשטרה שהגיעה למקום אסשה את הזציעיפ הערבים '1 בית החולים הממ־ שלתי בחיפה. גד מזרחי הוא יליד הארץ יתופ מא־ ביי ושימש משען לבני משפחתו המתגוררת בתל־עמל. לשני שנתיס התחיל ללמד את מלאכה המסגרות ונ…
1939-04-17	hbkr	hbkr19390417-01.2.5	"…אשה ושני ילדים! נתן קליגר השאיר אשד. וילד. שני־ הם היו מבאי בית הכנסת .. בית ישראל"" של עולי גרמניה בחיפה. הפצוע הרביעי בחיפה היה סטודנט הטכניון חנינא סאלק. היא עמד בתחנת האוטובוסים מס. ד בקו בת־גלים? בקצה דחיב יפו. וחכר למכונית העילה העירה. אותה שעה הותקף מצד בית החולים ונפגע בפניו וביד־. המתנקש נגש אליו. ירה בי ונמלט דרך גדר בית הקברות הצבאי אל הרובע הערבי הסמיד. לאחר ההתנקשות בסטודנט ח…"
1939-04-23	hbkr	hbkr19390423-01.2.10	"…בסקי• אחת מחמעטי* לות שהורדה כשהיא הולה מהאניה היונית ., אסטיה"" אשר גורשה מחופי הארץ ב־ ^ לאפריל ‭. 1939‬ עזבה אתמול את בית החולים בחיפה ושוחררה בערבות של 0ו ושרה לבקוביץ אשר טרם חחלימו לגמרי. קרוביהן וידידיהן' בארץ מתבקשים לפנות באופן תכוף ללשכה המשפטית ש…"
1939-04-26	hbkr	hbkr19390426-01.2.57	"…רכי לגוה־ שאנן יהסצוע נחבש ע'־י רופא המקום המר שטיינר. סמוך לשעת ‭10. 30‬ בערד הועבר הפצת עיי מכונית . מגן דוד אדום"" אל ביה־ח .. הדסה' בחיפה. קרה עוד מקרה שהצעירה שולמית אלדיס כבת !)2 נשרטה בזרועה ברחוב גאולה בנפלה בשעת ריצתה לקול הימות. נחבשה במ. ד. א. והלכה …"
1939-04-30	hbkr	hbkr19390430-01.2.32	"…יהןמת בנין לבית החולים. הדסה* בחיפה ביי ם־שלישי. ‭. 25. 4. 39‬ נתקיימה ישי - בת המליאה של יעד הדר הכרמל שהיתה מוקדשת למצב בבית החולים .. הדסה"" אשר הועד משת…"
1939-05-08	hbkr	hbkr19390508-01.2.70	"…! לאיי מאלצה שלא להיענות לדירשידל. בשבוע -לינת הצדק"" נקרא הצביר לסייע להכרה. פקיר יהיר־ ראשו; במחלקת החשבונות של ביה""ד בחיפה פקיד ביהמ""ש בצפת• מר צ• דהאן הועבר למחלקת החשבמות בביהמ־ש כהיסה. עד כה לא היה שום פקיד יהירי במחלקה זי. אחד מ; הי""ז הועבר מ; הכלא לבי-ח מקם ל וריה. אחד מבין ‭17‬ המעפילים תכלואים בעכו. הועבר אתמיל אל בית החולים הממש ל תי בחיפה לרגל מחלתו. אשר חיה בבית הכלא.…"
1939-05-11	hbkr	hbkr19390511-01.2.98	"… ?תאניה .. ארטמיזד. "" שנידונו למאסר ו דדש ם כ""א והמלצת גירוש כן הארץ. . כידוע הועבר לפני ימים מספר אחד המעפילים הנ־ל אל ביה""ח הממשלתי לרגל כחלת' שחלה בה. שאר ""1 המעפילים• שמועד מאסרם תם הועברו ביום ג' מבית הסוהר המרכזי בעכו אל בית הסוהר בחיפה עפ־י דרישת המששרה. הממכוננת לגרשם מן האי יץ עם תים ד ־עד מאסרם ביים 5 לח ז.…"
1939-06-20	hbkr	hbkr19390620-01.2.28	"… וגדשו את כל מתוש* בימ לבתיה* מקמל שעוד גמצא בדתב ממר לבתיהם ובעיר משתרר שקט מוחלט. כעבור זמן מח נדנט באבנים ובאלות ליד בית החוליה הממשלתי אלפרד מאן. בן ‭'27‬ והובא לביה""ת . *יסוד. הוא נפצע קל' התנתה מחיפה ולתיסת הופסקה אף היא לדגל העוצר. השריפה כטשק ברחה ירושלים יום נ'. — נזקי השריטה במשק ברואו נאמדים כאלף והסש מאות לאיי. …"
1939-06-23	hbkr	hbkr19390623-01.2.53	"…, ח־ צי אחוז ועל מנ־ות בכורה . ניתנות לפרי -ץ• סצסבי־ות־משתתפית ' ברווחים בנות־ חמש וחצי אחוז. לשלוש המועים ב""הדסה''. , חיפה במצבו של אברהם צדיק' אשד נסיע קשה מידיות ע'"" קדית אליהו ביום א' בערב. חלה הטבה ניכרת ?•הסכנה לחייו חלפה. מצבי על אלפדד לזאן. שנפצע בחצר ביה""ח חממ זולתי בחיפד, ביום ב' בבוקר בלפת' להתרפא שם הוטב ובעיר ימיח מספד יעזוב את ביח""ח. סוור ילדי מעפילים בחיפה בעזרתם הגדיבד' של תושבי קרית ביא־ ליק וקדית חיים עלי. בידי התאחדות עילי גרמניה ועז לי איפטריה ח :־ וסדיין ' ־. ;שמיים ל…"
1939-06-29	hbkr	hbkr19390629-01.2.45	"…להקמת בית החולים ע""ש רוטשילד בחיפה לאהד לבטים רבים תגש סוף סוף ועדת בנין ביה""ח ריטשילד של ועד מק־ הלה העברית בחיפה להקמת בנין שיעלה ב־>י‭30. 00‬ לא""י. בימים אלה התקיימה •שיבר. משיתפת של נשיאית יעד הקהלה. הועד המנהל של ביה""ת יב""כ פיק""א…"
1939-06-30	hbkr	hbkr19390630-01.2.5	"… נהפכה בכביש אחת המכוניות הצבאיות והנהג. חייל בריסי. גהדנ במקום ו־‭!1‬ מהניסע־ם נפצעו והיבאי גש הס ברכבת אל ביה העולים בחיפה• מבית העולים הועברו תשעה פצועים ע""י מכונית ""מ. ד. א. * אל בית החולים .. הדפה''. בין הפצועים שמו־ נה גברים ואש־ אחת, אחותו של הקדוש קומורניק הי""ד מגבעת עדה, אשר נפצעה עוד על האניה בנפלה מהמ…"
1939-06-30	hbkr	hbkr19390630-01.2.5	…של חוסר הברה. מקווים כי אין סכנה נש־ ק:ת לחייה. מצב שאר הפצועים אינו קשה. למעפילים הובא מיד אוכל ע''י המוסדית המקומיים בחיפה. יש לציין כי בין המעפילים ישנם שני תינוקות שנד לדו על האניות. חברית .. ויצרי דאגו להביא לתינוקות מלבושים ואת כל הדרוש לטיסילם. גמרנו בהיפה ביקר אמש בבית־ החולים ומפי המעפילים נידעי לו הפרשים הבאים: המעפילים עלי על האניה עוד ב־9 למרץ ש''ז והיו כ־‭700‬ איש ויותר בנמל ורנה בבולגריה.…
1939-07-13	hbkr	hbkr19390713-01.2.71	"…נידו! לתליה אתמול בשעת הצהרים נסתיים בפני ביה""ד הצבאי בחיפה משפטו של מוחמד מחמוד עבדול נאג'יב צלאח מצפת. שנאשם א) ביריות אל האמבילנס של ביה""ח הממשלתי בצפת ופציעת המר שטרנברג שנסע במכונית. נ) ביריות אל מנתם טמביץ בצפת ופציעתו. ג) בנשיאת אקדח וכדורים. (ראה עמוד ר…"
1939-07-20	hbkr	hbkr19390720-01.2.10	"… תחת המים. בעזרת אנשים אחרים משתה אותם מתוך ד. 5ים בלי דוח חיים באפנ. במכונית :ונזדמנה בלקום העבירה האם את שני ילדיה אל בית החולים ""הדסה'' בחיפה והדעה לשג בערך בשעה 7 בערב. הרופאים נגשו לטבל בילדים אבל כל המאמצים להצילם עלו בתוהו. האם פרצה ביללית, החלה למרוט את שע…"
1939-08-02	hbkr	hbkr19390802-01.2.76	"…^ןן^^ן להקמת בית החולים בחיפה ביום ב' לפנות ערב נערף מטעם ועדת הבנין של בית־החולים ע'"" ועד הקהלה העברית בחיפה סיור במגרש שעליי ־וקם הבנין (המגרש נמצא בדרך מהדר הכרמל אל הר הכרמל ליד הכב־ש החדש בסביבות מצפה) בהשתתפות עש־ ודת מוזמנ…"
1939-08-02	hbkr	hbkr19390802-01.2.76	"…שולים שעמדו עה כה בדרך הגשמתו של המפעל והביע ת־דה לפיק""א על הסכום של ‭15‬ אלף לא""י שהקדישה למטרה זו בתנאי שהישוב העברי בחיפה יעמ־ס על עצמו את עול השגת טכ0ם נוטף של ‭15‬ אלף לא""י לשם הקמת הבנין של בית־החולים. בשם הסיק""א נוכחי המנהל מר וולםםון ומר ש. לוי שהנהו יו""ר ועדת הבנין. הובעה התק. ה, כי הישוב חעברי בע־ר ידע להעריד את המ…"
1939-12-10	hbkr	hbkr19391210-01.2.59	"…‭4^019 ‬ ‭- 600. 000‬ משלוח ההררים לנמל חיפה במשך השבוע האחד־ן, עד 6 לדצמבר נשלחו מנמל חיפה ב־7 אניות למעלה מ־‭155. (100‬ תיבות הדר• מתחילת העונה נשי י ח' מנמל חיפה קרוב ל־‭600. 000‬ תי-ב-ת הדי. הובטח תקציבי של ביה""ח עריצי ד""ר פ. אפרתי נתמנה למנהל מחלקת הבריאות של הועד הלאומי מודיעה כי הועד המנהל של ביה""ח שויי־ צר אישר את תקציב ביח""ח …"
1939-12-10	hbkr	hbkr19391210-01.2.59	"…משסהת שוייצר באמריקה. הש - אר מצטרף מתשלומי חולים ומהקצבות ־עד הקהלה, ועד קרית שמואל וקופות־ החולים. ד""ר פ. אפרתי, רופא ביח""ח ""הדסה"" בירושלים במשר שנים רבות, נתמנה לרופא־מנהל של ביח""ח, בהתאם להצעת ועדת הקונקורס. וכבר נכנס לתפקידו. נד""סה ילדה מילדה חוה שלוש, ככת ‭, 8‬ בחיפה, נדרכה על ידי מכונית נהוגה ב־די ח. שיקרי • בעברה ברחוב יפו. הילדה נפצעה קשה והועברה אל ב־ה""ה הממשלתי. הנהג •. -חרר בערב…"
1939-12-31	hbkr	hbkr19391231-01.2.45	"…שמוגשת, הובערה לדירתה במקום שתזקק לטפול ממושך. נאמו משה שפר נאםר ביום ו' על הר הכרמל בעוון רמאית. נכווסה ומתה אתמול מתה בביה""ח .. הדסה"" בחיפה לאחר ענויים , ?ך־: הגב' צלה וורצל. כבת ‭5* . 27‬ י >'. ביים ד' העבד בתנור חמים בדירתה ^רח' אחה""ע ‭11 ‬ בחיפה. הניחה. !על ותנוקת בת 3• בעלה מהנדס בבתי • ה'""יוק. ""…"
1940-01-01	hbkr	hbkr19400101-01.2.81	"…משלתיים. הממוצע היומי חגדול ביותר בין בתי החולים הוולונטאדיים הוא של ביה''ה הדסה בירושלים — ‭. 181. 2 ‬ במקום השני עומד בית ההולים בי־ לינסון של קופת הולים — ליד סתת־ תקוה — ‭. 102. 2 ‬ במקום השלישי בא בית ההבראה של קופת חולים במוצא — ‭. 73. 3 ‬ במקום הרביעי בית החולים הדסה בחיפה ‭. 67. 5 ‬ אחרי זח באים ביה""ח של קופת חולים בעפולה ‭, 64, 2‬ ביה""ח לחולי שחפת בצפת — ‭. . , 56‬ביקוד הולים"" ההדש בירושל…"
1940-01-10	hbkr	hbkr19400110-01.2.22	"… יהאיניברםיטה. *עברית ‭3100‬ לאיי, לממשלת - . עבי ה י ידן ‭900‬ לא""י יבוש חביצה בבייכת ימת ‭1300‬ ליתת, •ייחוט *ציוד של בית החולים הממשלתי בחיפה ‭4913‬ •ל. המשתמש הישוב ואפוי במיפאות ובבתי החולים של הממשלה ז כן, ובמדה רבה. בסוג אחד שי בתי החולים הממשלתיים מהווים א…"
1940-01-31	hbkr	hbkr19400131-01.2.76	"…ב^־זו - היום קריאה בפרקיש י""ט-ב' ^ — הלילה פתוחים בתל־אביב בתי המד־ קהת פרנקל (ברחי המלד ג'ורג' ‭. (28‬ שלוס־ ברג־יינר (ביח' צ'לניב ‭. (27 ‬ — בחיפה פתוחים הלילי בתי הנ־רקהת ,. רסדה"" והרצל"". "" , — הועד הארצי של הקהק""ל מודיע שחב־ רת ""רמאק"", העיסקת באוסף ניירות משובשים.…"
1940-02-09	hbkr	hbkr19400209-01.2.86	"…הסדגינטוול3 אולמן | התאבד ביריד. אתמול לפנה""צ חתאבד בחיפה ביריד, הסהג'נט היהודי בצבא, וולף אולמן. כבן ‭, 26‬ ששרת בצבא בבית־החולים הצבאי שבמפרץ חיפה. המנוח היה יליד קארדיף באנגליה, שרת בצבא כשבע שנים והגיע ארצה עם פלוגתו בשנה האחרונה, אביו הוא פרו־ פיסור ידוע בוילס ויש לו שני אחים מהנדסים באנגליה. הוא עמד לסיים בקרוב את תקופת שתתו בצבא, התהלך עם בחודה מחיפה. אולם, כפי שמיסרים, עזבתו וכפי הנראה היתה זו גם סיבת ההתאבדות. לשמע היריה מצאתזו חבריו החיילים מוטל בלי רוח חיים ע""י בית־ החולים הצבאי. החבדר, כי הכדור סלח את רקתו. ח""חברה קדישא'' מחיפה טיפלה בענין קבורתו, אולם בחיגי הצבא טרם החלט היכן יקבר. כפי שס…"
1940-02-13	hbkr	hbkr19400213-01.2.67	"…רח היקר הזה. הנודע לתהלה בכל העולם, נקלט יפה בקרקע ארצנו יז!איש שקנה את האורכידיאה הראשונה בחדר הכרמל. הד""ר קסטרו. מנהל בית החולים חאיטלק' בחיפה, שלם תמורתה סד של ‭500‬ מא""י בלבד. ביקור באיזור התעשיה ביום א' נערף ביקור עתונאים באיזור התעשיה במפרץ חיפה בלוית מנהל הב־ דת ""גב ים"" מר אטינגר יעוזדו מד וויינ־ שטיין. העתונאים קבלו הסברה מקיפה על פעילות החברה בשטח התעשיה ־ה־ ש…"
1940-02-13	hbkr	hbkr19400213-01.2.68.1	"…**#? I‬ ית ? * ־א ^ 1*• ""' ?־ מיחאהארצישראלית בתערוכה תלכו ש ת ע ר נ־ , צ ו ־ : מ ז : ־ ה?ס נ י ה [ ן ועד ה2הלה העברית בחיפה גהסבם עם אגודת האזגינריס דהארכיטלןטים !אוץ־ישראל מכריז על התחרות ני! הארדינליפ יא*ץ ־ע:וו תכנית ענד הקמת נגי! העברי בחיפה בית החולים סכום הפיםים הכללי הוא ‭230‬ לא""י השיפט־ם: ה""ה יקותיאל נהרנ, ד""ד־ ;' ה"". ־''־. חייש יסקי . א־דינ: מנש לנ. אדריכל זאב רכט…"
1940-03-21	hbkr	hbkr19400321-01.2.67	"…ן חלוקת הסיוע נתקבלו החלטית, הק־בעות את סדר הסמכויות יהסעילד. להבא. ההנהלה דנה אןז""פ בשאלת השתתפית מם החירום בהקמת בנין בית החולים בחיפה יקבלה החלטות, אשר תאפשרנה את הגשמת המפעל בהשתתפיתה של פיק""א• לבס־ף נידונו ?הרחבה הצעות ארגוניות אשר הדיון עליהן ימשך בי…"
1940-04-08	hbkr	hbkr19400408-01.2.57	"…‭£-^1^ ‬ האדריכל : ־ ויעדר זצה' בפה בהתחרות לבנין ביה''ח רוטשילד בהתחרות לתכו־ת בנין בית החולים רוטשילד בחיפה. אשר בת השתתפי 54 אדריכלים זכה בפרס ראשון המהנדס יוסף גויפלד ?מת""א. שגי פרסים שלישיים ניתנו לה""ה. מקר ושי - לה מת""א ולו…"
1940-04-11	hbkr	hbkr19400411-01.2.59	"…או כל היודע את כתבתה מתבקשים לפנות בכתב למחלקה הסיציאלית של חיעד חלאומי ירושלים. ת. ד. ‭. 1088 ‬ - תערוכת חתכניות לבנין בית החולים . רוטשילד"" בשוק המרכזי ""תלפיות"" בחיפה תחיה פתוחה לקהל עד יים בי. ‭. 15. -1. 40 ‬ משעה 2 עד שעה 6 אחה""צ חוץ משבת. - נמצא עפרון כסף בתל־אביב. לקבלו אצל ד, ־ מ.…"
1940-04-17	hbkr	hbkr19400417-01.2.55	"…ות 9 מחב־ ר' הועד הקודמים. במקום 3 שיצאו מהועד והם ה""ה איזמוז'־ק. מסלר ואמ־ בור נבהרו ה""ה גבריאלי, שפירא וגרזון. תערוכת בית החולים ""חפשהו"" של הקהלח העברית בחיפה תהיה פתוחה לקהל עד סוף השבוע משעה 4 עד 8 אחה""צ בבניו השוק ., תלפיות"" בהדר חכרמל.…"
1940-05-09	hbkr	hbkr19400509-01.2.66	"…גב' נ'יקובם מעיינת בפרטי כנץ ביה""ח רוטשילד בשהותה בחיפה קבלה הגב' רוזה ג'יקובס, סגן נשיאת .. הדסה"" באמריקה, לראיון משלחת מטעם ועדת בנין בית־ חחולים רוטשילד של הקהלח חעברית בחיפה. בהשתתםותם של הד""ר יסקי והד""ר ברומברג. הראיון הוקדש לשאלת הקמת בית־חחולים בחיפה והגב' ג'יקובם התענינה בפרטי המפעל ובאפשרויות של ביצועו. לבטוף הבטיחה לדון עם המוסדות המרכזיים של ‭.. ‬הדסה"" באמריקה על השתתפותם בהקמת בנין בית־החולים בחיפה. סוחרי הטקסטיל בחיפה מוחים מהתאחדות סוחרי הטקסטיל בחיפה מודיעים לסופרנו. כי חשוחר הקמעוני אשר תמיכתו בתוצרת ביהח""ר ""אתא"" ידועה, עומד להפגע קשה ע""י זה ש־ ביהח""ר .. אתא"" עומד לפתוח חנויות משלו למכירה קמעונית עם תפירה עצ־ מית של כל הקו…"
1940-05-09	hbkr	hbkr19400509-01.2.68	…ו משרדי חדאד י לדירה רחבה בפסג' רבינוביץ. הותקן גפ תא לטלפון צבורי ברחבה של הפכג'. — האדריכלים, שהשתתפ־ בהתחרות לבנ־ ין בית החולים רוטשילד של הקהלה העברית בחיפה, יכולים לקבל את התבניות של־ הם בחיפה: משרד ועדת בנין ביה''ח, דוד פבזנר ‭, 3‬ בתל־אביב: אגודת האינג'נרים והארכיטקטים. רחוב דיזנגוף ‭, 200‬ בירוש־ לים: המשרד …
1940-06-10	hbkr	hbkr19400610-01.2.69	"…ביה""ח האיטלקי בחיפה עובד כרגיל בית־החולים חאיטלקי בחיפה. שנוסד ונתמך ע""י חוגי הואתיקן. ממשיך בפעולותיו כרגיל. משרדי אדריאטיקה פתוחים עדיין כרגיל. אם כי זח חיום חרביעי שאין מני…"
1940-06-19	hbkr	hbkr19400619-01.2.6.1	"…ל בירושלים במות עליהם אפס חאשמ חננוומ והצנועה הרבנית בקודה ־ ?ו""ו""ל ז""ל יחד עם שאר אגלי ציץ ובננץ ירושלים תנוחמו. הנהלת בית החולים הכללי משגב לדד"" ניוושלים "" ההנהלה ופקידי בנק מרבנוןיל מ""מ בחיפה משתתפים בצערו העפוק של שקידם וחברם בעבודה…"
1940-06-21	hbkr	hbkr19400621-01.2.65	"…שרות מנתיני אמריקה. ברובם פקידי בתי הזיקוק. טרם ידוע מתי תגיע האניה .. בסרביה"" שמחכים לבואה. ואם תגיע בכלל. בה""ח.. הדשה-חיפה לא נשגר מועד הקהלה בהיפה מודיעים לסופרנו' כי הידיעות שנפוצו בעיר שכאילו נסגר ביה""ח .. הדסה"" בהיפה אינן נכונות• אמנם צומצמח קבלת חחולים. אולם לא הופסקה כליל. משקל הלחם הולך ופוחת מחי• הבשר עולה לסי הידיע…"
1940-07-01	hbkr	hbkr19400701-01.2.86	"…תאונות האפלה בחיפה נוע מכונית משא, יוסף אחמד, שהת־ וגש אמש כמכונית צבאית, !נפצע ונלקח לבית החולים הממשלתי בחיפה. בליל שתת נפצעו ששה אנשי* אזרחים ואנשי אבא בתאונת דרכי* מכונית צבאית התנגשה •במקדה זה עם מכונית פרוטית גהוגהוע""י יעקב האםה, ברחוב יפו. בל המאועים עזבו את 'בית החולים לאחד טפול רפואי. שתי המכוניות נזוקו קשה. ווכוגית שהיתה נהוגה? במהיתת מופרזת !:רובע םוק בחיפה, פגעה בשחדאה עיסה אחמד וית נשברה. המקרה ארע •זכיות ששי והפצוע נלקח לבית החולים הממשלתי בחיפה.…"
1940-07-17	hbkr	hbkr19400717-01.2.32	"…כבן ‭, 41 ‬ מירושלים, נפצעו קשה, אולם הרופאים סבורים שאין סכנה נשקפת להייהם. ההרוג הובא במכונית שנזדמנה למקום התאונה אל בית־החולים .. הדסה'' והפצועים נאספו ע""י מכונית צבאית שעברה בכביש אל בית־החולים הממ־ שלתי בחיפה. במקום שם הוגשה להם עזרה ראשונה ובשעה 2 אחה""צ הועברו ע""י מכונית ""מגן דוד אדום"" אל בית־ החולים -הדסה"" בחיפה. כולם נחבטו בראשיהם. בפניהם ובמקומות אחרים בגופם והרופאים מטפלים בהם. בשעות הערב עדיין לא חזרה הגב' דה־פריז להכרתה. האסון זעזע את תושבי חיפה. מציי־ נים. שזהו כבר המקרה השני בשבועות האחרונים באותו הכביש ובאותן המסיבות כמעט.…"
1940-07-28	hbkr	hbkr19400728-01.2.36	"…מתן ערבות להת־ נהגות טובה במשך שנה נסך ‭20‬ לא""י. קרונית נפלה על פועל עמנואל קצפ! נפצע בעבודתו בבית־ החרושת קרמנד במפרץ חיפה ע""י קרונית שנפלה עליו. כמה מאצבעות ידיו נשברו. הובא ע""י מכונית ""מגן דוד אדום"" אל בית־ החולים ""הדסה"". פתת""תקוה היום ינסה מר קופרמן לישכ את ! הסכסוכים כבנין המשטרה ; עם המשכת העבודה כבנין המשטרה ו בסתח־תקוה נמשכים …"
1940-08-07	hbkr	hbkr19400807-01.2.14	"…ניזוק. במקום אחו פוצה נם וליקה. אבל הנזק החמוי ש נגוס לא היה וציני. תותחי ההגנה פתחו מיו באש והניסו את התוקפים. סופרנו בחיפה מוסיף לכר: מהחדעשח של יום אתמול בחיפה נהרג הערבי םעיד אברה ונפצעו עלי מצרי, מוחמד חסן, וואדיח אל שוקרי, סולם פועלים. בולם הועברו *ל בית החולים הממשלתי. עלי מצרי פצוע קשה. מהפועלים היהודים נפצעו קל מרסיפי הפצצה ונשלחו לבתיחס לאחר שנחבשו בבית החולים . הדסה"" יצחק ל…"
1940-08-20	hbkr	hbkr19400820-01.2.36	"…. מר !יטמן והגנרל בריגדיר מקניל ממזרע שע""י :כו אשר נפצעו בהתנגש מכוניותיהם ביום ;שבת. מבריאים והולכים. חם עזבו אתמול ;ת בית־החולים הממשלתי בחיפה, במקום והוגשה להם העזרה הרפואית הדרושה.…"
1940-09-10	hbkr	hbkr19400910-01.2.1	"…ובאו הפצועים לביה""ח ""הדסה"" בקר אצלם ראש העיר מר י. רוקח בלוית מזכיר העיר מר י. נדיבי וכמה מחברי המועצה. יותר מאוחר ביקר בביה""ח הקונסול הפולני חכללי ד""ר רוזמרין. האזעקות בהיפה במשך יום אתמול היו בחיפה 3 אזעקות. כל שלשת הפעמים יא נראו אוי־ דיי האויב וגם תותחי ההגנה לא פעלו. כמה איירונים בריטיים המריאו וטסו מעל העיר סביב…"
1940-09-11	hbkr	hbkr19400911-01.2.41	…לבנין בית החולים של ועד הקהלה בחיפה בשבועית הקרובים עומדת ועדת בנין בית החולים של ועד הקהלה העבר־ת בחיפה להתחיל בעבודת החצוב על המגרש שנ-עד לבנין בית החולים והמשתרע על 15 דונם על צלעות הד הכרמל. מקוים, כ' בקדיב מאד. עם אשיר …
1940-11-06	hbkr	hbkr19401106-01.2.41	"…נהלהדסה"" שלשום נתכנס הועד הפנחל "" של פית החולים . הדפה"" בהיפה יהד עפ ביב הס- . תדרות הדופאיפ >דון על הפועפמפ למשיח מנהל ביה""ח . הדפה' בחיפה. שהגישו את בקשותיהם לאחר הכמת הקונקירס למשרה הן""ל, אולם מתון יותר מפגין םו־ עמדים לא נ?!צא אף אחד המתאים למפעל. על כן ה…"
1940-11-08	hbkr	hbkr19401108-01.2.48.2	"…, יפו, ירושלים' היפה, הדר הכרמל טבריה, צפת' פתה־תקוה' הדרה, רהובות כד ? עסס' בגק בתנאים הנוחים ביותו־ ^ I הועד המנהל של בית החולים ""הדםה"" ! של הקהלת העברית בחיפה מכריז על קונקירם למשרת רופא מנהל \ ‭""3‬ת הח1ל*0 (משרה שלימה) (ידיעת השפה העברית הכרחית) על המעונינים להגיש את בקשותיהם,…"
1940-11-21	hbkr	hbkr19401121-01.2.30	"… על הוריהם לחתום על ?רבות בזאת. בעלי שינה קלה.. . . תלונה מיוחדה במינה הוגשה לעירית תל־אביב עיי בפה מדיירי הבתים שמסביב לביח חעירימ. חפ מבקשים לטגור את מזדקח חמים בכבד העיריה. הואיל ושאון חמים בלילח משריע לאנשים לישון. תימה ברית הצייניש הכלליים בחיפה פונה לכל החברים שאין להם עוד תפקידים בקשר עם ה""משקד"" לפנות תו""מ לטזכירוח לשם קבלת חומר. גמו""ג מודיעים לכל האוהדים של ה-…"
1940-12-15	hbkr	hbkr19401215-01.2.27	"…ת החדשית. הי3ה מנהל הדש נניה""הד"" • "" הד־ר זיידא. רופא למחל־ת פנימ ""יית וחבר הנהלת קיפת חילים בתל־אביב. נתמנה למשרת מנהל ביה''ח . הדסה"" בח-פה כתיצאה מן הקונקירס שהיכרי ע""י יעד הקהלה בחיפה למצדד, זו. >י בתה־תסוה י . שפי* - נמישדות. א. קפ־ןנק־ י השנוע נפ""ת ראש עידית פ־ת. מד י. ספיר. ביקר בשבוע שעבר בועד הלאי…"
1940-12-26	hbkr	hbkr19401226-01.2.46	…: ההסתדרות הכללית של חעובדים יה־עד הפועל ומועצת השועלות). מרכז קושת חילים. ההסתדדות העולמית של ויציו, ארגון ויודו בארץ, ביח־ו! . הדפה־ בת־א (ההנהלה והע־בדים). הישוב חעברי בחיפה, הרשמה משותשת של בנק השועלים. קישת מלוה וחסכ־ן של העובדים. חמשרד הקבלני. . הסנה־ ימרכז הקואושרציח. הרשמה משותשת של המשכ…
1940-12-29	hbkr	hbkr19401229-01.2.54	…ה זו בטוחים היו מראש כי לא יאריכו ימים. אמם, פלחיה מכפר שפרעם. בריאה בהחלט ונמצאת בביתה. במשך היומיים מאז הובאו התאומים לבית החולים בחיפה הורשו כמה מן הרופאים. שהתענינו ב; פלא זה. לראות את התאומים. הרופא הראשי של בית החולים הממשלתי־ ב, ־־ '־ ־ ז…
1941-01-28	hbkr	hbkr19410128-01.2.39.3	"…‭9־ ""? ‬ אנגלו־פלשתינה בנק בערבון מוגבל לונדון, תל־אביב, יפו, ירושלים' חיפה, הדר הכרמל טבריה, צפת' פתח־תקוה' חדרה, רחובות פל עםק? כנס בתנאים הנוחים ביוחד ? ^ ועדת בנין בית החולים רוטשילד של ועד הקהלה העברית בחיפה הודעה לקבלנים , מזמיניש כה קכלניש להוצאה לפיע־ של עבורו: ־פ"" י חצוב במד־:' כנין כי: ה…"
1941-02-06	hbkr	hbkr19410206-01.2.27	"…ות על הפלאי שברשותם ולא ניהלו פנקסים בחחאפ לחיק• ישב במן חשופט קנטריביץ• חפשפטים מסיג זה חולבים ורבים בארץ. ח י פה ?כנץ בית החולים נחיפה מחוגי ועד הקהלה העברית בחיפה מודיעים, כי בזמן הקרוב יוחל בהקמת הבנין של בית־החןלים לאהד שייעשו כל הסדורים הדרושים לכך. י מרב; מסחרי נקרית־יפ חברת ""ג…"
1941-02-24	hbkr	hbkr19410224-01.2.52.1	…‭:!‬ לועד בנין בית החולים *רוטשילד* של הקהלה העברית בחיפה (מיסודה של היסה) -= נח וצי ם־־ = א. מהנדס ממנאי (יועץ) המומתה בעבוד תכניות מפורטות של מתקנים של סניטריות, הסקח מרכזית, …
1941-02-28	hbkr	hbkr19410228-01.2.24	… כי ה• ע. ל? פרסמה הודעה מעירפלת המעי לימה את האמת. והעלמת האמת. בודאי. היא האמצעי הטיב ביותר לשמירה על שם טוב.. . כנין בית החולים של הקהלה בחיפה ביום ג' זה החלו כבר בעבודית החצוב של בנין בית ההולים העברי בחיפה לאחר לבטים רבים. מקוים שבשנת ‭1941‬ יוקם הבנין על תלו בעזרת הצבור כילו על מוס־ דותיו.…
1941-03-12	hbkr	hbkr19410312-01.2.27	"…בנין בית החולים בחיפה לכ• •נבנה.. . לא נחיר. עוד חרפה (נחמיה ב- י""ז). חל־ס של שנים סיף סוף הולד ומתנשם •הצבור העברי בח־פה חייב לנרד ברבת שהחי…"
1941-03-12	hbkr	hbkr19410312-01.2.27	"… הבנין במלים המועטות חאומרית חרבח ""ולא נהיה עיד חרפה"" הרי אין בזה לא הפרזה ולא הנזמה, כי כלימה תכסה את פני הישוב העברי בחיפה אם לא הסיר פעליו עד עתה את החרפה של חופר בית חולים הראי־ לשמי ואם הודות למאמצים יוצאים מן הכלל סוף סיף הגענו לידי נד שישנה כבר התהלה סובה. יש מגרש רחב ידים ויש תכנית ויש …"
1941-03-25	hbkr	hbkr19410325-01.2.30	"…טד דיד שניידר נפצע קל כשהאיפ־ ניע שלי. בכביש ידושליפ—ת""א ?בקרבת מוצא) התנגש עם מכונית בכביש. הפציע נלקה לביהיח הכמשיתי• חיפה ה־כב ועדת בית החוליס בחיפה בישיבת המליאה של ועד מקהלה העברית בה־ביז אישרה הועדה לבניו בית החילים .. ריטשילד הדסה"" בהרכב הבא: י. במרב, ר. בינ…"
1941-03-26	hbkr	hbkr19410326-01.2.36	"…ס• מול בית החילים האיטלקי במושבה הגרמנית. משחק ה. ג. א. באשור יועץ חםוכנות היהודית לעניני הג''א הוצא לאור משחק חג""א עיי ביח־ר ""שמן'' חיפה. המשחק המודפס בו^דוד גי4 צבעים נותן תיאור של התקפה מאויר וכולל הוראות ""עשה ואל תעשה"" לעת אזעקה והפצצה. את המשחק אפשר לק…"
1941-03-26	hbkr	hbkr19410326-01.2.36	"…ורה"" או מסבון שנים ""שמן"". תאונת דרכים פועל הגקיון של העיריד, ג'אמיל מורמי נפצע קשה ביום א' בחחחסד מכונית הנקמן של עירית חיפה ברדחח מהר הכרמל בסיבוב לרחוב ההר. חפצוע נלקח לביח""ח חממשלתי. המכונית ניזוקה, אבל לנהג ולשאר הפועלים לא אונה רע. 3 ג-3רק נדחתה השביתה בבני גרה ועד העובדים של בית החולים ל…"
1941-04-07	hbkr	hbkr19410407-01.2.16	"…היפה I ביום הראשון ואחרון לפסח יתפלל החזן מר יהודה קלמן בבית הכנסת המרכזי בהדר הכרמל. !הקצין קרמר ממחלקת הבולשת במשטרת בחיפה ה־עבר חחל סיום ‭1. 4‬ שיז לירושלים. נשוך נזוע ביום הששי הובא אל ביה""ח .. הדסה־ בחיפה הילד מיכאל גךינגרט. בגיל ‭, 7‬ מקרית עמל שליד חינור. , •שנשכו נחש. כל מאד מצי הרופאים לחצילו לא נשאו פרי…"
1941-07-21	hbkr	hbkr19410721-01.2.24	"…ין אופנים למכונית ברח' נתלת בנימין םנת דמב""ם בת""א. אתמיל אזזה""צ, נפצע קשה ריכב האופנים נסים גרוסמן, בן ‭. 13‬ הוא הועבר לבית החולים העירוני ונשאר שם לטיפול. בעדה ובמחוז בחלוקת ההליאות שהתקיימה ביום כי תפוז זכה בפד מאה לא""י מר ז. ק. מתל• אביב עיי י• כהן פלורנטין. חיפה מסיבה למען בית-הספר הימי ביום ה' ‭17‬ לח""ז נערכה בבית א. הוכסלד על תר הכרמל מסיבה מוקדשת לבית־הספר הימי. לאחר דברי פתיח…"
1941-08-07	hbkr	hbkr19410807-01.2.18	"…ולה"" בהדר הכרמלמאימת ההפצצות. בלע מטבע דל מיל אחד •נחנק כה. כל המאמצים של ה־ ריפאים להציל' על? בתהו והתינוק מת פיתח חנק בבית־החוליב הממשלה־ בחיפה? ייני בותיד, של האם המסכנה נתאסף קהל רב ברח־ב פבזנר מיד לאחר האסין ימשם תועבר התינוק אל בית־החולים ,. דיני •:יל נא:: כס…"
1941-08-17	hbkr	hbkr19410817-01.2.43	…ראשית בנית ביה''ח רוטשילד בחיפה בישיבה שלא מן המנין של מליאת הקהלה העברית בחיפה, הוחלט להתחיל בהקמת האגף הראשון של בנין ביה-ח רוטשילד, שנועד. לסי התכנית' בשביל מעון לאחיות' אולם עד שייגמר ד-בנין בולו…
1941-08-25	hbkr	hbkr19410825-01.2.28	"…דה הצמריות. מר אביליאה אמר .. אל מלא רחמים"". נד־ש ע'"" מכונית הסרג'נט אלן מהצבא נפגע ע""י מכ--נית ביים השבת ליד חוף חיאט בחיפה 'היעבר פצוע קש ־ אל ביה""ח הממשלתי. קטניש שחשקו כשפריש הילדים יעקב מזרח־ ושמעון נחמני. בגיל ‭, 8‬ לערך, הובאו לתחנת המשטרה בהדר הכרמל. על שגנבו 3 …"
1941-08-29	hbkr	hbkr19410829-01.2.47	"…היפה ב-ום ד' אחה""צ פגע איטו משא נהוג ב־די חירש לייב סטריק־בסק- בקבוצת ילדים ערבים קטנים ששיחקו בפנת הרחיב בואדי רושמיה בחיפה ושלשה מן הילדים נפצעו. שנים מהם נפצעו קל והובאו לבתיהם. ה: שלישי. שנפצע יותר קשה. ה-עבר אל ביה""ח הממשלתי בחיפה. תאונת עבודה בנמל היפה גוש של ביטון נפל אתמיל בשעית הבוקר על הפועל שמואל מרנץ בשעת עבודתו בנמל חיפה. הוא …"
1941-09-03	hbkr	hbkr19410903-01.2.31	"…ה לפנות ערב. ועוד תאינת דרכים ביום ב' פגעה סנונית צנאית בגברת •ני מונג. כשזי חצתה את רח־ב המלכים בהיפה. הפציעה ־ובאה אל ביה""ח הממשלתי למר יו* קנדל נתקנל מנתנ ע""י הצלנ האדום הנר טי במשרד• ועד הקהלח העברית בחיפה. ווי ^- נקנ יריודיר ןקט אחמד מיחמד דז'רחי ' נו ‭55‬ מח-פה. ג:נ מחצר מועדון חחיילים שברחוב ה־רקין 91 ארגז עם ‭44‬ נקנוקי…"
1941-09-26	hbkr	hbkr19410926-01.2.58	…כגיפית מבריח-ם ומשהגיעו לכפר שעב שבנפת עכו נודו עליהם יריות בידי אלמונים והקצין ג'ון וו-קפ נפצע בבטנו. הוא הועבר מיד אל בית החולים הממשלתי ושם נותח' אבל | את חייו לא הצליחו להציל. הנרצח בא ארצה בשנת 1934 ישרת במשטרת ירושלים. רק לפני תדשים הועבר לחיפה. נודע לני. שכמה ערבים חשודים נאסרו. הלוית הקצין תערך היום ב־3 אחרי הצהרים !מבית החולים הממשלתי.…
1942-02-12	hbkr	hbkr19420212-01.2.56.1	"…ת המעשית לקיים את משאלתם של כל א* שרצו או שיש בדעתפ להקדיש מטה או חדר לנסר קרובים או לקיים סדורים כאלה. אי סדורים אחרים בביה""ח, על שמם הם. I ן המעונינים מתבקשים לפגות בנידון זה ליעד הבנין. לפי המען: י חיפה. ת. ד. ‭1025‬ או לפי טלפון ‭. 790 ‬ ! ועד הכני! של בית החולים של הקהלר העברית בחיפה…"
1942-06-24	hbkr	hbkr19420624-01.2.28	"… זה. התאגדה הצעירה דיבה קריבישץ כבת ‭. 25‬ שנה אתפיל קץ לחייה בהשל-כה עצמה מעל :ג אחד הבנינים שברח' דיזנגוף. ג""תה היערה לביה""ח העירו:'. חיפה הגיעי 13 עלדיפ חהשים !1 עולים מארצית שינות, ששיהו זמן רב בטורקיה. הגיעו אתמול ארצה דרך ראש הנקרה. מושל הפהיז, פר לאי, ב…"
1942-06-24	hbkr	hbkr19420624-01.2.52	…': :אונוהמ ‭1942‬ עד ‭30‬ כנוגמנר ‭1942‬ ועד ג:ל, ל. ‭. 2‬ הצעות תתקבלנה בשביל: א) כל הארץ בכללה. ב) כל האת בכללה. חוץ מחיפה, ג) בשב-ל בית החולים הממשלתי בחיפה בלבד. ההצעות לא תגענה לעיון. אלא אם סעיפים 2 א', ב' יג' פירטו בהצעה ע-י כל מציע באופן נבדל. ‭. 3‬ סופסים …
1942-09-20	hbkr	hbkr19420920-01.2.61	"…המנה"" ש ל בית־חח־לים הדשה שי הקה ל ת העברית :תיפה -:אד-ר היעד הפוע ל שי הקה ל ה. היח ל ש ל קריא את בית־ההילים החדש בשם: ביח־ח ע־ש י־ששילד ש־ ה־ה ל ה העברית בחיפה (מיסודה של הדפה) 'את ביה""ח הישן בשב: שניף ש־ ביה""ח הזה. התמויננה האיפ־ית? יו""ר העירית. מר ש. לוי, שהופיע :- נאים־תxה קצ…"
1942-10-11	hbkr	hbkr19421011-01.2.63	"…ניורח וחש 1חיפה סייע לחיסול וטיפוס בימים האהרונים קבל יעד הקהלה בחפ- אח תרומה הפמ""שלה בפנים ‭5000‬ לא-י להשלמת בנין ביה""ח ד־טשילד—בישר סגן ••""ו הקהלה. מד בר־רב־האי. באשפה המליאה של ועד הקהלה ביים הי. כסי שמתברר סייע בית החיליס החדש נבר בחדשי…"
1942-10-11	hbkr	hbkr19421011-01.2.63	"…־ט ''נ:־ מקרים. 'גש אלד, מתי מהתשתהויז ניחלית ניששית אצלם מחיץ לטיפיס. בזמן האחרון פחת נמדה ניברוז מאד מ:ש־ מלי הטיפיס בחיפה ־יש לח-ש-ב אח המחלה נמחיסיי ת. . מי יידע — אמר מר ביניאק באיתה ישיבה — מה ה־ה אלמלא בית החולים החדש־. תרומת הממשלה להשלמת הבנין באה בעתה ינת־ קבלה בסישיק רב ע""י ני' חברי המליאה.…"
1942-10-18	hbkr	hbkr19421018-01.2.50	"…חבשוח. ‭#4*. ‬•**** בכית החודש- ' האוניברסיטאי של הדשה בירושלים נצטברו בגדי חולים. אם בעלי הנגדים או בני משפחתם לא יפנו לבית החולים לקבל את הבגדים עד 1 בנובמבר, ‭, 1942‬ ימסרו ללשכה לעזרה סוציאלית של הקהלה לשם חלוקה לנצרכים. חיפה — חערב תורני ביח מרקחת ""נלינדד' (דה' גאולה ‭, 13‬ טל. ‭. 1408 ‬ ‭8. 30‬ בערב: באגודה להשתלמות במדע: באד, הנדל, מוצרט (ה…"
1942-10-27	hbkr	hbkr19421027-01.2.56	"…קנ1ינ העליון יחנוך את ביה""ח רוטשילד בחיפה !מחר (יום ‭, ('X‬ בשער, 4 אחהיצ. יחנוד ז1• הנצינ ץהעליון אח ביה""ח רוטשילד ‭11‬יפר, . כיד* תרפה הממשלה פנופ של ‭' '501‬ …"
1942-10-28	hbkr	hbkr19421028-01.2.16.1	"… על תלי־, בה־ס;סו ''בנות •1 גדולתה ־תפארתה. ""פלס"" חברה לבנין נעים חיפה שולחים אח ם י 0 ב ברכות• ד• 0 לועד הקהלה העברית בחיפה להנוכה ביה ההורים רוטשילדהדסה"" "" ע""י הוד מעלתו הנציב העליון ומביעים בו ה אח תודחם לועדת הבוץ של בית החולים על שחוף הפעורה ועזרתה הרבה בהקמת הבנין…"
1942-10-29	hbkr	hbkr19421029-01.2.19	"…בית־החולימ החושי בצירוף ביה""ח הממשלתי, פתרו לגמר מצוקת האישפוז עשר שניס נמשכו ההכנות להקמת בית־חולים רוטשילד בחיפה ה""בארונית"" השפיעה על סיק""א לתרום את תרומת הקרקע• - •נדידת המגרש* בית־החולימ אלה תולדות פרשת בנין בית היייפ בהיפר, אדיבה…"
1942-10-29	hbkr	hbkr19421029-01.2.5	"…הנציב המיון חנו את בית החולים רוטשילד בחיפה הנציב העל""ן הגיע לבית החילים רוט־ ש־לד בחיטה אתפיל. בשעה ‭. 4. 20‬ בלייח שלישי. מושל המחיז. מי לאי. 'מנהל הדני בית מר ק…"
1942-12-23	hbkr	hbkr19421223-01.2.42	"…ש־פט אלן רוז שישב כדן יחיד• בביה""ד לפשעים תמירים בטבריה. אתמיל בב-קר. לאתר שמיעת שני עד• הפניגיריה. מד שמריה כלב, מזכיר בית החולים לח־לי רוה בירושלים. והמר פלומנטי'. מנהל בית הח־לים לחולי ריח בחיפה. •לאתר נאימי הטניגיר עי'־ד קיי־ 1רמן והתיבע־ /. כל?1 • רגבי. שנםתיימ־ בש־ עת ‭. 11. 30‬ הוכרזה הפסקה של ‭10‬ רגעים. נשע…"
1943-04-25	hbkr	hbkr19430425-01.2.38	…ד. ' אחה־צ. לאהד שהפועל ד־אב עלי שייף הליל הצית את הפתילה על פ:ת לפיצץ אב:ים במהצבית . אבן ופיד־ שב־ קייימטד ה־ ‭4י'2‬ סחיפה. אירעה התפוצצות נטדם רספ•: מפועל להתרהק פן הפק':• היא נפגע קשה ב:י ג־פ• 'בפצב של ד--‭--‬ק אבדיפ ה-עבר נפבונית פד-א אי ביה־ח דיטש־יד ־משפ אי ב־ה־ח הכפשיח־ בהיפי ליא תקיה יחייי. ?דושדים נסתיימו חנינות נני מופה שישה אגשים גאפרו נחגיגית גבי מיסד, …
1943-06-07	hbkr	hbkr19430607-01.2.22	"…יעאח מיפניי ח?*'- . ....... 2 ספזועי סי^""ה עעז *ז כיה""ח בסיף השביע עזנ סתתיהו סיקניק. שנפעע באס־ן ההתפיעעית בקיסריה, את ביה־ח ריפ• שילד בחיפה יאתמוי עזב את ביהיח גם שמעץ ליססיג. שניהם יעאו לבתיחם ביר־י שלים. שאד הארבעה, הפיסליס עדיין בבית חחיליפ ריסשילד. פהליפי…"
1943-07-12	hbkr	hbkr19430712-01.2.34	"…ל ‭18‬ מהנדסים מת""א. הס י""תענינ• בכל המוצגים 'קביו הסברות ממארגני התערוכה. האחרון מפיוע' סיסר""ה שמיאי קינג עזב אתפיל את ביה־ח ריט' שילד נחיפח יאחר שהחלים פפצעיו. היא חיעבד אי חיריי בירישליט ויהיו, זקיק לטי' *ל רפיאי ניסף. , באגודת תושב רר־הברמל העיב ב־‭8. 30‬ באיפי . סיריה- חיפה ו. הרי צאי, הפיסיקלית הששית של ייי # שטיי־ ניץ עם הדגמה על הפסנתר עי שומן-שיטן. שביתה בשנ־ן:תזמשון הופטץ'' גם בסניף בחי…"
1943-07-22	hbkr	hbkr19430722-01.2.43	"… ""פתי ‭17‬ שקי קמח באם יקבל את הכטף, העד נחקר למעלה משעה 'בז/ה ייפסק המשפט. המשך המשפט — היום. ?התקיפוהו ושברו נולנלתו :בית החולים •יממשלת• בחיפה מת מפצעיו אהמד נמר עטאיה, בן שלושים, מטוי־כרם. אלמונים התנפלו עליי ושבר? את גילגלתו, תלמידי בת־־השפר בחיפה ההל רבתי, הי עממית ומעלה, אשר אינם עוזבים השביע את העיר. מתבקשים לסור נא־שן דה־ף למשרד הקהק-י היום נשעית ‭8-1‬ לפני הצה…"
1943-09-29	hbkr	hbkr19430929-01.2.44	…ס־ שלה צריכה לדאיג לחש. בית החולים הממשלתי לחילי רוח ננת־ים. שיפתח ננראד, נחדשים הקרובים. 'פתיר נפדת פה את ?השאלה הזאת. בנית החולים ננת־ים יינלו למציא מחסה חולי הרוח היהידיס פתל־אביב '־מהיז. תחנת האוטונהיפ לוני הרחבתה כבין ההישגים בשנה שחיפה מיצא אני לנכון לציץ את יתשתחיתח של תחנח האו' סיבישיס הכרכזית בתל־אביב י . תחנה זו נשתהה בתכוז תשיב. והגיעה לשיא התפתחות…
1944-01-02	hbkr	hbkr19440102-01.2.34	"…תאונה דרכים הטלנית בחיפה 2 הרוגים יהודים-‭32‬ פצועים, ביניהם 2 ערבים חיפה עמדה ביום שישי בסימן תאינת דרבים מחרידה. ש>אזץז וווו חייהם של שני אנשים, מרמה לפציעתם של 2ג איש. עד עוות עזבו את בית החולים העירוני, שלשם היבאו הפצועים, ‭17‬ איש ד‭13‬ ג""אמ עריין לטפול 'בביית החולים. בשעה 6 ורבע 'בבוקר, הגימו לשנת הרחובותהרצל־…"
1944-01-12	hbkr	hbkr19440112-01.2.25	"…חמה בפולין. עליה לקבר נחום דינשפ•; ז""ל היום העל-ה לקכרו של ר' נועפ גיי:־ שפין ז""ל. ר""א־טובישיט •צא? ב־‭96‬ע אחר־ הצהרים מביח וזקמ־ת, הדר־הכרמי. חצי שנה מאסר על נסי"" לרכוש צמיגי הצבא שלשה ערבים הוכאו אתמול לב־ח :, דין המחוזי נחיפה (השיפט מר דיס) בעוון נשיון לרכוש צמיגים השיינים לצנא. כסי שנחניר הציעו אח הדני לשרגינט צנא־ והוא :יהל אתם משא •מחן שדימ…"
1944-02-08	hbkr	hbkr19440208-01.2.47	"…ית מוריהם ברחובות בלפור, ארלוזומנ, הס, מונטיפיו'רי עד הגיעם למקום היעז'ר לרמה הנשקפת על פני הדד הנרפל והנמצאת בדרך שבין בית החולים' רוטשילד ורחוב הפנורמח. הטנס של היעוד יתחיל בשעה ‭. 9. 15‬ העבודה המשך כשלש שעות ינ&יי־ מה יחלק יעי היד הכרמל לתלמידים שירות טיו בשבט. עידית חיפה מספקת את הזרעים ונותנת את ההידבה והעזרד. הטנ־ נית. אוטובוסים של . הבר"" עם השלם יחוג החשמונאים ?יסיעו את הקהל מבית הקרנו…"
1944-03-12	hbkr	hbkr19440312-01.2.26	"…ת. בבית שיכון למצורעים בירושליס. במכון ז"" בדחונית, ובתעשיה הרפואית הקשורה יה, ובבתי החעשיד, ־ לרשיאות ושינים מלאכותיות. כבית החולים , הממשלת• בחיפה נתקבל ע'"" הקולונל הרון ?יאתו יגם' סייד את שטח? המלחמה במלריה. במו כן סייר במשקים אשר בע""זק חחייי ה, בעמק רדרדן ובחמ• טב…"
1944-06-01	hbkr	hbkr19440601-01.2.37	"…‬ לא""י, חי־ נול — ‭15. 500‬ לא""י, ימס־הקהילה — הגביה — כ־‭13. 000‬ יא""י. מת השוו במחלת אבעבועות אתמול מת בבית ההסגר ליד בית החולים הממשלתי בחיפה אליעזר ''כשהאח. בן ‭. 32‬ חוששים , שהמות בא ממחלת אבעבועות. ההלויה והקבורה נערכ' בפיקיח םניטדים ממשלתיים, שאחזו כאמצעי …"
1944-12-29	hbkr	hbkr19441229-01.2.61	"…חיפה רד י. א. בתו דל - בגיל ש^^!המת אתמו^פהיצ בחי־; פר, באופן פתאומי מהתקפת לב ד־ר י• א. ן בתר. מותיקי ורופאים בחיפה ומחלוצי הרופאים הגניקולוגים בארצנו. המנוח, שהשתלם נויגח, עלד, ארצה מלבוב ב־‭. 1924‬ וב־‭1""26 ‬ פחח יחד עפ רעיתו את בית החולים הראשון ליולדות בחיפה ואחו הראשונים באחץ נכלל. ד־ד נתר היד, מעזרו, בחיי הציבור בחיפה לא רק נרופא. הוא שימש גם חבר מועצת …"
1945-01-05	hbkr	hbkr19450105-01.2.56	"…וכל המשתתפים בתזכורת מתבקשים ידייק בחזרות. התקציב השנתי של קהלת היפה - למעלה מ־‭50‬ו אלן: לא'"" בחודש אוקטובר הגיע גרעו! בית החולים רוטשילד בחיפה ל־927 לא־• • הסיכום הכילי של הוצאות והכנסות קהלת היפה ארבער. חדשים לפני סיום שנת התקציב כראה. כי הר. :נ5ות הגיעו ל־‭1ו4…"
1945-01-05	hbkr	hbkr19450105-01.2.56	…בכל ארגוני הנוער כפקדים חגיגיים ומסיבות פנימיות לכבוד יום י־ט טבת. • נפצעה בתאונה ערביה בשם מאסאדד, טאכוס הובאה את־ כול לביח־ההולים המכשלתי בחיפה פצועה קשה בראשה כתוצאה מתאונת דרכים. 3 שנות מאכר לפוצע חברו בידיה . אנשיה כסוגד שולפים אקדחים ויורים ב:ל הזדמנות קטנה ו…
1945-03-26	hbkr	hbkr19450326-01.2.29	"…1x1‬ גדאפ מצית יעיד ‭250‬ גראפ קמח מצית. המנה הנתן לפי תעידת חופש גגד תשיום של 252 מא־י בל• נקודית במחסו חניכיה של קהלת חיפה. רחיב החייץ. ‭?50 ‬ טבריה תקציב בית החוליס שייצר בטבריה - ‭20‬ אלר• לא""• במסיבה לעתונאיפ שנערכה בבית החלים שווייצר בטבריה. מסר מר אנדהפ כהן. מגהל ביה־ח. על לבטי המוסד וסכייו לע־ תיד. עוד בשנה שעברה היציאה הנהלת ביה ח לצורך שפירים וציוד קרוב ל־‭00‬ו!5 לא י. השנה החליטה הנ…"
1945-04-01	hbkr	hbkr19450401-01.2.36	"…טרצה בערב החג בחדר האוכל ובטבח הזדרים *בקביץ רמת־ייהנן ליד חישד"" הצריף וגס הס־ זץ שהיה בטח• עלו באש. שנועון משחרי-ערני בחיפה לשכת המסחר הערבית בחישה קבלה רשיון להוציא לאור שבועץ מסחרי בלשץ הערבית והאגגלית. טבריה הרשה"" וני""ח שויור מביה־ח"" שויצד. טבריה. מעירים לנו שברשימה על ביה""ח. ביום ‭, 26. 3. 45‬ . נשמט בסעית שרט קטן וחשיב. צריך להוסיף שבתקציב ביהית משתתשת גם . הדסה־. אפ מזניחה את כנד• אי בית *…"
1945-08-19	hbkr	hbkr19450819-01.2.55	"…צבא לשיכון החיילים הצרישים. שהובטחו עיי שלטונות הצבא לעירית תל־אביב לשיכון חיילים משוהררים הגיעו ביום ששי האחרון ברכבת מחיפה לתל־אביב. הצריפים. ‭35 ‬ במספר, יועמדו על אדמת וים בקרבת בית־החולים הממשלתי ""הירקון'.…"
1945-08-28	hbkr	hbkr19450828-01.2.57	"…רון. פתח""תקוה מכונית משא, נהיגה על ידי צבי בודנזיין מתל־אביב. פגעה בעגלה הנהוגה על־ידי שני ערבים שלא זוהו. בכביש הראשי לחיפה ליד פחח־תקור. חערבים נפצעו ונשלחו לבית החולים הממשלתי ביפו. מצבם קשה. ימת־גן בימים־הגוראים תערד תפילת . שירת ישראל• ב. בית האזרחי בדפת־גן, כדוגמת השנים הקודמוח. השגה…"
1945-09-11	hbkr	hbkr19450911-01.2.26	"…יר יקרי המפקח עי המזונות חפאחריפ יכוייפ יקבי את מנותיהם ישר במשרד הפיקוח עי המזון — אפ יוכלו יהראות סיבה מספקת יאיחורפ. ביה""ח ""רוטשילד"" בסבך — פאת סופרנו — עד בה לא נמצא פתרון לשאלת התקציב יבית־החיייפ . דיפשילד־ בחיפה. נראה כי הפתרון היחידי יהיה — יהקפין את היקף חטיפד. פתדץ אחר הוא יהפיי פס־ברי־ אות ניבף עי תישבי העיר. עב גדיי הגרעין ה…"
1945-11-04	hbkr	hbkr19451104-01.2.52	"…לים על הר הצופיפ, שהוא ממץ לתמם העימני ונמצא מנותק כליל סח ־ עיר במשך הלילה. גם השנונות המער־ בדת של ירושלים' בית הנדס? ביח־וגן וגבעת־שאמ מנותמת. הנהלת ביהיח . הדסה' סנתה בבקשה לקבלת רשדנות למספר רופאים למקרים דחוסים. אולם לא נענתה. תוקנה המסלה חיפה-מצריס לאחר שתוקנו טסי הרנבת יצאה חר־ נבת הי־אשונה סחיסה למצרים ביום ש"". י נשעה 5 אחהיצ. ‭52‬ אניות מלחמה בחיפה? לנמל הי…"
1945-12-17	hbkr	hbkr19451217-01.2.52	"…שביע הבא ישוב יארץ מאנגליה מר גריג, סגן מושי יוד, יאחר שבייה שם כשישה חדשים. - קצין המחוז בירושיים מד י. קישיייב עזב אח בית החולים בייינסון יאחר מחלה שי חדשים אחדים ויצא יהבראה לאדזד־. . "" - לקאהיר הגיע המיטראן גריגר־וס - חכ-ב. ראשח העדה הקתיליח בחיפה. *אחו שביקר ביומא ונפגש עם האפיסיור, *המוטראן 'שהד שביע ימים בפצדיפ ואחד ישוב לחיפח ירש־ הףף בחפילות של חג המולד. ? - ג…"
1946-01-22	hbkr	hbkr19460122-01.2.53	…יה. — מצריף ברח• התבור 5 נגנבו בגדיפ. ששוייפ ‭30‬ לאיי. חיפה זברים־תומכים חדשים למפעל הזנת הילדים של ועד ההורים המרכזי בחיפה יחוסטו נפשך חודש שבט, לאחר פעולה שהכריז עליה, הועד. להורי התלפידים נשלחו חוזרים מיוחדים. גופת מלח טבוע נמצאה על חוף הים על יד בית החולים חממשלתי נחיפה. סבו־ דים, כי זו היא גופת סיני או יפאני. פתחתקוה ־וספר . התביעות הפליליות, שהוגשו ב־‭1945 ‬ לבית־פשטט השל…
1946-04-08	hbkr	hbkr19460408-01.2.37	"…ץ אתמול למחלקת החיבור של עירית הל־אביב ברחוב ביאליק. כל המגרות נפרצו. אך לא מצא בהם דבר. הגנב הסתפק רק בכמה ספדי לימוד. חיפה ראש עירית חיפה. מר שבתי לוי • יצא את בית החולים ומצב בריאותו היטב. יפי בקשת ועדת הבשר ליד העיריה הסכימו הקמעונאים לכבוד 200 גראם בשר ב־‭120‬ מא""י, במקום ‭170‬ מא""י. יש…"
1946-06-19	hbkr	hbkr19460619-01.2.9	… הזמן הובא לקבורה גם הקרבן השני מהתקפת גשר זיב. הגויה הועברה לבית העלמין עוד בצהרים וחלבורה נת־ עכבה בםקזדת הבולשת. ליד בית החולים הממשלתי בחיפה, בו נמצאים תשעה פצועים, הופקד משמר חזק של חיילים ושוטרים. !…
1946-07-03	hbkr	hbkr19460703-01.2.4	…קס נודוזי- העוגנת בין אנית המעפילים ליד חופת הפים מפל היפה. לאחד ששלשה התולים החשודים נפקרי דבר הועברו למחלקה מיוחדת של בית החולים הממשלתי בחיפה, החלה העברת העולים בסיחת ל. פקפ נודדזי* שהוכנה לפפרח זו ועובדי פהלקת ההסגר עשו בה חיטוי יסודי בדי. די. טי. הפעפילים ישא…
1946-07-25	hbkr	hbkr19460725-01.2.24	"…יחים, תמונות, כלי־ככף ומתכת וכוי• הביקור בתערוכה זו גודם עוננ רב למפתכל ויעזור לאיש התרבית בקישוט ביתו בטעם הטוב ביותר. חיפה מרדכי םטרוצזיני, כן ‭. :8‬ פועל. חרות• נפצע אתמול בשעת עבודתו בשדה ים כשדוד נפל על רגלו. הפצוע הועבר על ידי מד""א לביה""ח רוטשילד בחיפה במקום שנקבע שבר ברגלו. יהלומים בשווי של 500 לאיי הוחרמו ע""י שלטונות המכט אתמול מאהד היוצאים באניה . אנדרי…"
1946-09-01	hbkr	hbkr19460901-01.2.33	"…ות המעפילים בידיה־•. ,. החייל העברי' ו. יגורי• "" יהודית וינשטיין הועברה אתמול ממחנה המעפיליפ בעתלית למחלקת האיזולציה של ביה""ח הממשלתי בחיפה.…"
1946-09-11	hbkr	hbkr19460911-01.2.51	"…נכשל נםיון להתפרץ לביה""ח הממשלתי בחיפה נסיו! להתפרץ לבית חולים הממשלתי בהיסה ע-י צעירים מזוינים סוכל אתמול בשעה ‭10. 15‬ בבוקר. המתקיפים שהופיעו בלבוש ערבים ב…"
1946-09-11	hbkr	hbkr19460911-01.2.51	"… הפוהר יצחק מרקוביץ. מ־‭18‬ אנשי לחיי שנידונו למאסר עולם , שנפצע בשעת ההתקפה על בתי המלאכה של הרכבות? הוחזר אתמול בבוקר מביח-ח הממשלתי בחיפה לבית הסו־ הר בעכו. פרקוביץ הועבר לביה""ח לפני ארבעה ימים לשם ניתוח מאחר שנתגלה סבוך בכתף שנפגעה ע""י כדור. לאחר בחית קבעו…"
1946-09-25	hbkr	hbkr19460925-01.2.67	"…כון זה תתחיל בפעולתה בימים הקרובים. ההרשמה לשיכון כבר נסתיימה. הקבלות לרשומים תחו־ לקנה במשרדי איגוד החיילים המשוהררים בחיפה. השוטר הבריטי ר. א. ד. פרים נפצע קשה אור ליום ב' מכדור שנפלט מאקדחו. בשעת טעינת האקדה נפלט כדור. שפגע בהזהו. במצב קשה הועבר השוטר לביה""ח הממשלתי בחיפה. הוא משמש כמומחה לענינים יהודיים בבולשת חיפה. אם לא נתת חלקך כביתף - מסרהו במישרין למשרדי ""לעם םמצוד* !םרון־-עקב מחמד אחטד איםעד, כבן ‭, 15‬ נפצע בהתפוצץ דמון יד, שהרים מן האדמה, יח הימנית נקטעה והוא הועבר לטיפול לבית־ החולים הממשלתי בחיפה. פרפור אבן פנה לארבעים בתי שיכון לעולי תימן, שנקלםו בכרכור. תונח כעבור שבועיים• השטח של מאה דונם חמיועד לכך נמצא בקרבת …"
1946-11-08	hbkr	hbkr19461108-01.2.67	…ערה אחת מן הקהל: .. אל תתנו ל• לקחתו• ואז הלם מישהו מן הקהל את השוטר בראשו והצעיר נמלט? השוטר אסר חשוד אחר שנמצא במקום. חיפה קחד רב ביקר בתערובת אמנים וששודנמיט. (תמיניח ופשיים) בביח טבזנד בחיפה והראה התענינות רבה. התערוכה תשאר פתוחה עד ‭16‬ לח. ז. ישיש נדרס עד-ידי מכונית משא ברח' אריוזורוב אתמי. המכו…
1946-11-13	hbkr	hbkr19461113-01.2.35	"…המקום. נודע. שבכחםן חיו כ־3000 שקי קמח דקים והנזק שנגרם נאמד ב־‭20*0‬ לאיי. ערבי מעבר־הירדן נדרם אתמול ע""י מכונית־מ•^! בחיפה. מוחפד חנ' סלח (‭31‬) נפצע קשה והיעבד לבית־החולים הממשלתי בחיטה? בכביש עכו—היסה נדרס חמיד מוחמד אחמד (‭19‬) עיי מכונית־פשא והועבר במצב קשה לביח־החולים הממשלתי ""י י שנשומרים מחברת . הבטחון"" בחיפה הדגישו בגנב שחדר ללשכת חשחרור של חחיילים ברחוב החלוץ בחיטה. והזעיקו …"
1946-11-15	hbkr	hbkr19461115-01.2.54	"…דוגמא הגהוח מכל אוחיית הדפוס. היפה כתוצאה מנפילת ארגז על פיעל אלמני בעת עבודתי בנמל חיטה נפצע הפועל קשה בכל נופו והועבר לבית־החולים הממשלתי בחיפה• בהסתדרות הציונים הכלליים. בשבת :י בשעה ‭11‬ בבקר תתקיים אספת חברים באולם ""בית פבזנר־ בהשתתפות ד""ר ברנ־ שעייו. טבריה מר…"
1946-12-03	hbkr	hbkr19461203-01.2.70	"…בת 6 נפשות, טשפהת סימן טוב בשכונת עזרא ב' הורעלה אתמול מאכילת בשר מקולקל. בולט הובאו לתחנת סגן חד אחם ולאחר טיפול נלקחו לבית ההולים העירוני. בץ המורעלים ילדה בת 8 ונערה בת ‭. 13 ‬ חיפה שני ערבים שהסתובבו במסיבות חמודות בהדר הכרמל נעצרו אתמול לפנות בוקר. השנים יצאו מבית סרהוב מטדה ונצטוו עיי משמד שוטרים לעמוד. הם ניטו להמלט ונתפסו כעבור זמן מה במגרש הריק ליד מעון . כדמליה""• נתברר, ני השנים הט לבנוניים. בביה'יח רוטשילד בחיפה נפתחה מחלקה קלינית למחלות אף אוזן וגרון. למ־ נחל חמחלקה חזאת נבחר ע""י הועד המנהל של ביה־ח פרוט' ק. הלמן. פרופ' הלמן הוא בן ‭, 54‬ יליד גרמניה. נתמנה בשנת ‭1930‬ לפרופ' באוניברסיטה של וירצבורג ומשנת ‭1936‬ כיהן…"
1946-12-06	hbkr	hbkr19461206-01.2.67	"…1 בית החולים הצרמני בחיפה - בי""ח ממשלתי I בית ההיליפ הגרפיי בהיפה, שנפצא בשנות הפלחפה ביה הצבא, יהפן בקתב לביח חי־ לים פפשלתי אזרחי — פודיע . פלש…"
1946-12-18	hbkr	hbkr19461218-01.2.40	"…רבי שמצא רימון יד בשדה בכפר בקיאר (מחוז עכו) נכווה קשה כשסתיו ובידיו כשהריפון התפוצץ. נאיף סלח אסעד בן 8 הועבר במצב קשה לבית החולים הממ־ שלתי בחיפה• -אניד, . אמפייר טרופר"" המביאה נ&פר של נשי חיילים יהודים תגיע רק ב־‭20 ‬ לחודש זה, לפי ידיעה שנתקבלה אתמול נלשנת העליה של חםוכנות בחיפה. כעשרים חוזרים ארצישראליים הגיעו אתמול נא־ ניה . מרתון"" להיפר, . פועל בן ‭!63‬ נדרם אמש על ידי אופנוע בעת שירד ממכונית …"
1946-12-18	hbkr	hbkr19461218-01.2.40	…חתולים רוטשילד נהיסה, מקום שם נקבע שבר בנרד. בשעה שמוט ברזל נפל על נבו של עבדאללה מוחמד חליל, בן ‭, 25‬ בעת עבודתו בנמל חיפה נשבר חוט השדרה ובמצב קשה הובא לבית החולים הממשלתי. קר'ח מוצק־ן םנן מושל המהוז מר ק. בריםפורד ביקר ביום ב' במפרץ חיפה• בפגישה עם יריד המועצה בקרית מוצקין, ל. גרוש…
1946-12-19	hbkr	hbkr19461219-01.2.38	"…פעפ נאסר באוטובוס של שרות ""דן"" בנסותו לגנוב ארנק מריסו של אהד הנוסעים. בבית משפט השלום נידון הוא הפעם ל־‭18‬ חדשי מאטד. חיפה כשמכונית משא התלקחה והתהפכה ליד עכו אחמול נפגע הנהג יעקב מזרחי בן והועבר עיי . מגן דוד אדופ"" ממשטרת >* עכו לבית החולים רוטשילד בחיפה. מסיבת ה;וכה לחברי מגן דוד אדום שני גנבים הצליחו להמלט כששוטר ערבי נטל בשעת הרדיפה אחריהם ושיבר קרסולו. ה…"
1947-01-12	hbkr	hbkr19470112-01.2.33	"…חישה בליל שבת. בדרכו לביתו ארבו לו שני ערבים וירו בו 3 ידיות ופצעוהי בעיני השמאלית. בידו הימנית ובכליות. במצב קשה הועבר לביה""ח הממשלתי בחיפה. חסן מפר לפשטרה את השמות של שני ערביפ. ו שאתם התקוטט לפני זמן קצר בגלל אשה. שני ההשודיט נמלטו וטרם נמצאו. טבריה הערב ב-…"
1947-01-12	hbkr	hbkr19470112-01.2.33	"… ישיבת הנהלת הסניף ב־‭10. 30 ‬ ספסת בית השואבד, ‭. 8‬ מטעם ה. נ. צ. . דצו־ 'תקיימי השבוע שני סיורים לבתי חרושת. ביים ב• לביח'יר . תאס"" נפגשים בתחנה המרכזית ב־9 בבקר. ביוב ג' ל""גביש"" נפגשים בתחנה המרכזית ב' ‭10‬ בבקר. חיפה — הלילה ו^־דני בית מרקחת: ""הבת־ אוו. "" (רח' הרצל ‭55‬ טל. ‭. (4063 ‬ — חסול תערוכת הנוער: ""עמל כפינו - שי לקהק""ל"" ומסיר…"
1947-01-22	hbkr	hbkr19470122-01.2.38	"…'בוטינסקי. הצ:יר :לקח לשם בדיקה. בקממו; שפרצה כין שכניכ ברחוב אהדונסין 3 בתל־אביב. :פצע לשה בשב־י־ ממים מד זימן ולניצר. חיפה 15 פצועיס מההתקפה על מצודת חיפה נמצאים עדיין בבית־ההולים הממשלתי בחיפה: 5 שוטריפ מוספיפ ערביפ. טבח מצרי אחד ותשעה •סוטרים אנג־יס. בין הפצועים — אחדים במצכ קשה. הגיעה ל־‭55‬ מ""מ. מתחילת העונה עד את־ םיל ירדו ‭330. 2‬ מ""מ לעומת ‭321. 2‬ מ""מ אשתקד. תינוק בן יומו נמצא מת ליד שער בית־החולים הממשלתי בחיפה אתמ־ל בבוקר• ־משטרה פתחח בחקירה. משפמ שלוס עבר־ הוקס בכת-נל־כ ביזמת ועד השכונה"" להנה־ת בית־המשפט נבתדו היה: ז. הירסקי (…"
1947-02-04	hbkr	hbkr19470204-01.2.48	"…םיכת־ןהב של כבוד נפסלה לאתות הראשית א. ולגף. תעודת מילדת מוסמכה נמסרה לאחות צפורה צאודרר, שגמרת את הקורס למ־ ילדות שע־י בית־החוליפ . אסותא־. חשוטרים יזדי ושאולוב. ממשטרת תל־אביב, נפצעו אחמול ברכבס על אופנוע ליד רמלה• הם הועברו לטיפול בבית־ חולים ממשלתי. חיפה שלשה עולים ו־44 חוזרים ותיירים הגיעו אתמול באנית . רג־ץ"" ממדםיל לחיפה. בין ההוזרים — הפפנתרנית שולמית שפיר. האניה אהדה …"
1947-02-09	hbkr	hbkr19470209-01.2.34	"… תשו־ אבה ‭, 8‬ ישיבת הנהלת הסניף, הגב' ל. וילנסקי תמסור דו""ח מהועידה העולפית בבאזל. — ב. ויצו-: ביום ב' בשעה ‭10‬ סיור לביח""ד . לכוחנה"". נפגשים בתחנה המרכזית. חיפה — הלילה תורני בית מרקחת . רמב""ם (רח• ארלוזורוב ‭. (29 ‬ הרצליה ‭8. 30‬ בערב: באולם ביה""ס אספת הורים כללית. רמת גן 2 אהה…"
1947-02-09	hbkr	hbkr19470209-01.2.34	"…לא היים. הכילות לגולי קפריפין הפשליח הבא ב־‭. 12. 2‬ המעונינים לפנות ? ‭.. ‬הועד למען גולי קפריסין, רת' אלנבי ‭111‬ ת""א חיפה חייל מבוםם ירה מתת-מקלע בככר חמרה בחיפה בליל שבת ופצע את הערבי עבדול אסעד שרקזי. בן ‭. 40‬ ברגלו חימנית. חפצוע חועבד לביח""ח הממשלתי בחיפח. פגחם יוסף, בן ‭. 21‬ מעין חמפרין נדרס עיי אופנוע צבאי ליד עיר גנים בשבת ונפצע בראשו. חועבר במצב קשח לב…"
1947-02-12	hbkr	hbkr19470212-01.2.34	"…יגים, שהיא חלק מחםחורה שנגנבה באותו יום מחנותו של דוד אלישיב' מרחוב המשכיר 5• מחנותו נגנבה בסד, 'כ סחורה ב־‭1100‬ לא־י. חיפה ממיםחמים, ששפך על עצמו בעת משחק. נכוה קשה הילד הערבי בן ה־‭, 4 ‬ סעודי מחמוד. בבית ליד ""שמן"" בחיפה. הילד הועבר במצב קשה לבית החולים חממשלתי בחיפה. כפי שנמסר לגו ממקור מוסמך קבלו ‭15—10‬ בעלי דירות ערבים על הכרמל הצרפתי הוראות מאת השלטונות, שעליהם להתכ…"
1947-02-12	hbkr	hbkr19470212-01.2.34	…בן ‭?40‬ ליד המחנה הצבאי קורדאני בכביש היפה-עכו אתמול. המכונית הקטלנית נמלטה והשאירה את הערבי ההרוג בכביש. גופתו הועברה לבית החולים הממשלתי בחיפה ונמכרה אמש לשם קבורה. טבריה מרכזית טלפונים הדשה מהמין המשוכלל ביותר החלה פועלת בטבריה מאז יים ו' ד בפברואר. במשך דקר, א…
1947-02-12	hbkr	hbkr19470212-01.2.41	…אחרונה אח המעפיל האלמוני. שנפל חלל בקרב של מעפילי . לנגב' עם כוחות הצי הבריטי. בשעה ‭10. 20‬ הוצא דאי־מ מחדר הפ* תיפ של בית החולים הספשלתי בחיטה על יח נציגי הסופחת בחיפה. חלל !'. העפלה נקבר בשורת קברי הקחשיפ, ליד קברו של המעפיל האלמוני מאנית . כנםת ישראלי. בשם אברהם בן אברהם. סרם חיבר שפו…
1947-03-05	hbkr	hbkr19470305-01.2.30	"… יום מ־9 עד 1 ומ־3 עד 9 בערב. הערב ב־6 בקור מטעם לשכת ר' יהודה הלוי. חימה השוטר הערבי ליד בית מושל המחוז ב. אזור המגן"" בחיפה הפיל אתמול את רובהו ותוך כך נפלטו כמה כחרים. אחד הכדורים פגע במתקן קו טלפון ערבי""שחו־ עבד לבית־החולים הממשלתי. בחר שגי חדר דרך מכוגיתו של סגן מושל חמחוז. הלורד אוכםפורד אוף אסקווית. דמת-ג! האופנוע של מר י. צברי נגנב ביום …"
1947-03-09	hbkr	hbkr19470309-01.2.33	"… ישיבת מועצת העיריה תתכנס היום יופ א' נשעה 6 אהה""ג. על סדר חיופ: דץ וחשמן על חמגנ ותקצינ העיריד, לשנת הנספים ‭1947—48‬• חיפה כשעת תרגילי סדר בתהנת המשטרה המרנזית נחיפה נפגע נהזהו שוטר מוסף ערבי. עבדול לטיף חמר. מנתר תועה שנפלט מאחד השוטרים. הפגוע הועבר לבית החולים הממשלתי בחיפה, מקום שם מת כעמר שעות אהתת. בעיר התחתית בהיפר. נמצאה גוית ערבי. הערבי זיהה כפיסטפח עבתל האדי משפרעפ. המשט…"
1947-04-15	hbkr	hbkr19470415-01.2.21.1	"…בריאות טוב בגיל לא לפטה מ־‭18‬ ולא למעלה מ־‭. 25‬ יכולות להגיש את בקשותיהן עד יוט ה־‭15‬ בטאי ש""ז במשרד האחות הראשית של בית החולים רוטשילד בשעות ‭10—8‬ לפנה""צ. ‭~~ ~~ ‬ קולנועאוריון"" חיפה רח' הרצליה ‭"" 13‬ טלפון ‭4020 ‬ החל מיום ה' ‭17‬ באפריל ובמש ך השבוע הבא היצירה האיטלקיח המהוללה, שהוצנח 9 שבועות רצופי…"
1947-04-20	hbkr	hbkr19470420-01.2.38	"…מסיבה לעמילי מכם וקומיםיונרים תערך המם (א)־ ב‭5. 30‬ אזזהיצ במאן . צמך, הדר הכרמי, המטיבה נערכת מטעם לשכת המסחר העברית בחיפה מעדת המםהר שאז־ . מגבית ההתגיםות וההצלה"". על סדר המם: הישוב במערכה. שוטר נוסף ערבי נדרם למות על ידי מכונית משא צבאית בזכרון יעקב. גופתו הועברה לבית החולים הממשלתי בחיפה. מכונית משא צבאית דרסה את הילד הערבי מהפד סעיד פתפד, בן ‭, 13‬ אד הצטלמת הדרכים היפה עכו אתמול. הילד הועבר לבית ההוליפ הממשלתי בחיפה. תהנת האקספרס של חי&ה ושש הנומת ברהוב הפלכיפ מספד ‭86‬ בחישה, קבלו צו פנמ בכתב תתוט על ידי פושל המחוז, כי…"
1947-04-20	hbkr	hbkr19470420-01.2.38	"…ם"" שהוצג בערב הפתיחה מצג במשך השבוע הבא, ארבע פעמים בבל מם. כשניסה להפריד בין שני ערבים נצים בקפה . צנטדאל- בשוק הערבי בחיפה הוכה ע""י אהד הנציב השוטר המוסף הערבי אספי חאנ' מוחמד חוסיין בכסא על ראשו מגרם לו שבר בבסיס הגולגלת• השוטר הועבר במצב קשה לבית החולים הממשלתי בחיפה. חדדה י מלפני שלישה ימים החלו במלחמה אינטנסיבית להשמדת זחל הארבה שהופיע בשני הגושים של הדרה דיתה ועטא, בש…"
1947-04-30	hbkr	hbkr19470430-01.2.29	…ריה. מאבק שרפה בו השתמש לשם פיצו•( נכווה קשה בפניו ובידיו הערבי דגיה אוועד מחמוד עומר. בן ‭. 32‬ פכסר איגזים• הוא הועבר לביה־ח הממשלחי בחיפה. בתי הקפה בחיפה ישארו בלי התזמורות החל מה־1 למאי לאחד שטרם חודשו החיזיט בין בעלי בתי הקשה לבין התזמתח. טבריה משחק השח הסימולטני שנערך ב…
1947-05-08	hbkr	hbkr19470508-01.2.56	…הוגברה השמידה על ביהיח הממשלתי בחיפה *טלשתיך מודיע. ני השלםונות הגבירו את השמירה על בית החולים הממשלתי בהיפה בו שונביפ האטיריט שנטצעו בשעת הבריחה פנלא ענו. הנניטה אפודה. ורק בשעות הביקורים הרשמיים מרשים לקרובי החול…
1947-05-18	hbkr	hbkr19470518-01.2.48	…התינוקת הגנובה מחיפה נמצאה בחיק אשר? צועניה גנבה אותה ומכרה בשתי לאיי לעקרה לאחר שבוע הפושים הוהזרה לאמה התינוקת שנעלמה באופן מסתורי שעות אחדות אהר לידתה מבית החולים הממשלתי בחיפה. האם נמצאת עדיין בטיפול בבית החולים. התברר כי התינוקת נננבה על ידי צועניה ונמכרה בשתי לירות לערביה עקרה. גם האשה להודות כי התינוקת נולדה לערביה נוגריה, נעמי עלפ גיובראן. ונגנבה מהדד התינוקית שבבית חחולים חמפשלחי בחיפה לפני שבוע ימים. מכתב כתוב ביח אלמוני, שאחות חאם מצאח מתחת טף ביתה, גילה את הל! ט סביב הנני־ בה המסתורית שהעסיקה את בית ח־וולים ואת משטרת חיפה במשד שב…
1947-05-18	hbkr	hbkr19470518-01.2.48	…ה, אילם בינתיים שוחררה בערבות. אד הגועניה, . סוחרת התי־ ניקיתי. טרם נמצאה. כסי שנמסר לנו עמד אבי התינוקת להניש משפט נגד בית החולים הממשלתי בחיפה. ד ר ו 'ט בשביל חברת אימפורט חלק של משרד בעיר חיפח. מציעיט טלפון. לפנות לת. ד. ‭. 1874‬ חיפח.…
1947-06-30	hbkr	hbkr19470630-01.2.3	"…כים לגבולות העיר. אך כפי שנמסר לנו, לא נמצא כל דבר השוד ואיש לא נאסר. הקצינים הפצועים הקצין קאסאן, שמת אתמול לפנית בוקר בבית החולים הצבאי בחיפה הוא קפטן מהדיביזיה האנטי־טנקית• בבית־חולים זה נותח אתמול המיג'ור ואלדי. מהדיביזיה המוטסת הששית, שנפצע קשה בעת הידיות על קפה . אםטוריה"" שלשום. כן נמצא עוד בטיפול בית החולים הלויטננט לאום, הפצוע קל שגם הוא מהדיביזיה המוטסת הששית. כיצד נשדדה המכונית על מכונית הטקטי מט' ‭, 8742‬ שנשדדה ממר משה אליהו מזרחי בחיפה, כשעתיים לפני ביצוע ההתקפה הספיקו המתקיפים להדביק מספר מזויף ירוק ‭. 3446‬ נהג הטקסי, שטרם שוחרר, מפר, שב־‭7. 20‬ הגיע עם נוסעים מת""א לחיפה וחורידם ברחוב הרצל. בשעה שהמשיך בנסיעתו לביתו. נעצר ע''י צעיר וצעידה ע""י קפה ורנד שברחוב הרצל ובקשוהו להםיעם להר הכרמל. ליד ביה""ח רוטשילד נתבקש לעצור את המכונית ושני צעירים נכנסו לאוטו. ליד בית החולים בלומנטל עצר את המכונית ושני הצעירים שלפו אקדחים …"
1947-07-27	hbkr	hbkr19470727-01.2.54	…שית ננל הפנינה וננרם הרס רב. כעבור שעה פיצץ מיקש ברחוב בלמד, והח החזק ההריד את השמנה• בשבת בבוקר מצא. הצבא שיב מוקש ליד בית החולים רוטשילד בחיפה ופיצציהו. בכל המקרים לא נגרמו כל אבירות מטש — כפי שנפסד רשמית. אמש אייכו אנשי צבא באקחחים על תו־ שבי . אחיזה• כבר בשעה …
1947-10-15	hbkr	hbkr19471015-01.2.60	"…לו להכנס ארצה. נוסעים שבידיהם תעודת־בריאות מיסמכת. לפי החוקים הבינלאומיים יובאו מיד עם הכנסם ארצה להסגר במשך המשה ימים. בית החולים של מחלקת חחסגר בחיפה. ליד נח־החמשת .. שמן"". נפתח אתמיל לקבלת נוסעים ממצרים. סבירים כי הרכבת המצ - רית תינא *שר לבות־חולים זה. והנוסעים יורדו…"
1947-11-16	hbkr	hbkr19471116-01.2.54	"…רוג והפצוע הועברו משם לבית החולים רוטשילד ע־י מכונית מד""א. הפצוע ניתח עוד בליל שבת והכדור הוצא פבםנו. כפי שנמסר לנו אמש כבית החולים רוטשילד חלה הסבת מה במצבו של הפצוע. הלוית האגגליפ ההרוגים כעשה הרצח ביצע שעית אחדות לאחר הלוית ארבעת האגגלים. פקידי חברית הנסם שנהרגו ביום חמישי בחיפה. הלויתם של ד. ה. תייט. כנהל הברת מקוני ואקים במדיז ח פה. ששתי בנותע בגיל. ‭14‬ ו־‭16‬ נמצאת באנגליה• פ. ס. ס. אינדין. ב…"
1947-12-29	hbkr	hbkr19471229-01.2.17.4	"…וחניכי המוסד הוזנוכי החקלאי במגדיאל אנו מודיעים בנער רב על סטירת בעלי. אבינו ואחינו היקר דו ""צחק בן משה לנדאו דל שנפטר בחיפה ביום א' פיו טבת תש־ת, בענת ה־‭61‬ להייו. •הלויח תתקיים היום יום ב' ‭. 29. 12. 47‬ בשעה 1 בצהרים בדיוק' כחדר הסתים של בית החולים . ריטשילד'. המשפחה המתאבדת *ושתתפים אני גצערי של דיר מיכאל לנדאו בפית עליי אביי •??ל יצחק לנדאו ו""ל פקידי רמשרדיפ רוטרי…"
1948-01-29	hbkr	hbkr19480129-01.2.90	"…בית־החולים הממשלתי בחיפה נעזב ע""י היהודים תחת לחץ נית־החיליכ הממשלתי נחיפה, ששרת כשנים נתיקונן דנים מאו מהחולים היהודים כצפון — הפך מזה שביעות מספר לנ־•. ' חילים ערני פהור, כמו יתר בתי־החולים המ…"
1948-01-29	hbkr	hbkr19480129-01.2.90	"… תש ל:, 1יע באיסו של המשטרה לשכינה הי־ הוויה ד'קרזבד"" נת־נליב. חלק מהרופאים חזר ידיעה מאיחרת אומרת: שמונה רופאים יהודים בבית־ החולים הממשלתי בהיפר. וי‭20‬ פקייים. העובדים במחלקת הבריאות בבית החו לים הממשלתי בחיפה. חזרו אתמול לעבודתם. האחיות והאחיית המתלמדות היהודיות טרם חזרו. במקום הופקדה שמירה של שמונה שוטרים בריטיים ושני שוטרים …"
1948-01-29	hbkr	hbkr19480129-01.2.90	"…ביצת ערב־ש ששדדה מהם שגי רובים ו. ססן־. ערבי נורה בעין-ראזל ערב? צעיר מכפר עיז־ראזל, מקים בו ה-תקפו מכינ""ת יחידיות בדרך חיפה—־. לאביב מום נ?, נורה אתמיל ביקר ונפצע ברגלו. היתות גיר• ממכינית? שעברה כמקים. הפציע הועבר לבית החולים הממשלתי נהיםת.…"
1948-07-25	hbkr	hbkr19480725-01.2.57	"…לבית החולים העירוני בחיפה דרושות: א. טנהלת טשק (מטבת) עפ ידיעות בתזונה. ויאטית וטגולות ארנוניות. נ. פנהלת מכבסה. בעלות נטיון השולטות בששה העברית יכולות להגיש את בקשותיהן נכתב להנהלת בית החולים העיולוני בחיפה. נננכה מכוניתפורר"" - ‭10 ‬ "" של מיכאל קפליצקי ניוט ‭22. 7. 48 ‬ טרחי יהואש ‭, 1‬ פינת מסו ‭. 3‬ מפשר המכונית ‭, 334 8‬ …"
1948-09-14	hbkr	hbkr19480914-01.2.23	…האישפוז לשעת חרום בחיפה-למופת בית החולים בורוכוב לא יסגר גניה־ח גויוגונ שעל הדהגרטל נערגה עגר פהיעו הלאומי לרשות פיינת ישראל. מפינה לעונדות ופתנינות נטאתיפ נפפס…
1948-09-14	hbkr	hbkr19480914-01.2.23	…איי? נשאוו חוגות גפגופ של ‭10. 000‬ לא־י לכן ל? קיבל הפיפונל את משניתו ליולי ואווופפ. אך הגפף נתעכב וק טפני שגי־ח עירית חיפה וישמש יאשית כל ונעיקי את אזרחי הדי — יהוייפ כעימ* יק בשעת דוחק 'שתפשו נפסות הרזרביות שבו לאש־ פוז טזועיפ פהעבא. ביה־ח הממשלתי — הותקנו בו לפי שעה ‭00‬נ מטות. ישנה אששיות תיאויסית לסדר ‭400‬ מסות אך לזד, חסרות בעיקר האחיית הרחמניות המתאימ…
1948-09-17	hbkr	hbkr19480917-01.2.22	…לל פענוח הקיפוח של ראש העיויה כלפי השתתפות האוצו בתקציבה של העיויה, מן הנבון לקבוע, שאין יפוו לפענת ההפליה בין תל־אביב וחיפה בשפח האישות, כפי שהינווה ע-י מה דוק* ממשלת ישראל קבלה ליוה את ביה-ח בחיפה (שהיה, אגב, ממשלתי נם בימי הפנ־ דפ), ובו בזמן הפילה על עיריח חיפה להע• מיפ על אחריותה אח החזקת ביה־ח . רופ־ שילד־, ההופך ע־י כך בית־חוליפ עירוני נוונמת . הדסה- בתל־אביב. ניהיח הממשלתי בחיפה ממלא בעיקרו הפקידים ארציים !מחלות פדכקות ומקרים מיוחדים מכל הארץ) ו…
1948-12-27	hbkr	hbkr19481227-01.2.31	…?וכוי מאיר זיל ר' יעקב ווייצמן ;שלשים למותו! ר •עקב פאיר נר נתן תיי1טן. שנפטו בחיפה. ה־ד, אחד האישים הכולפ-פת־ ב. וות החודת (הבלתי-קנאיתן של קנוץ ליטא. בליטא הכייוד. ' כאיש־עסקיפ פוליח וב־ תלפיו־חכם נאחו. בעת ובעונה אחת עם נהלו את ביהח י י שלו לפבון ונפיווים הקדש את זפוו לטפול בילדם עווביפ. הוא יפי והחרק בפפונו בתי-פפו עבוופ ללמדם חופש, פשניות ופוקי־אכו…
1940-11-13	hegeh	hegeh19401113-01.2.19	"…בקשים להעביר את מחאתנו זו לראשי כל הפנסיות"". הרבנות הראשית העבירה את המחאה לבישוף האנגליקני ןלאפטריארך הלטיני בירושל:ם. בית חולים תרבי נוסף ?חיפה Noch ein Reservekrankenhaus in Haifa שמענו, שהמךכז הךפואי^לשעת חרום אשר ל:ד הועד הלאמי החליט להקים בחיפה בית־חולים חרבי נוסף של מאה (100) מטות. קפת־חולים הסכימה להעמיד לרשות המרכז למטרה זו את בית ההבראה שלה על שם ב. ברוכוב א…"
1940-11-13	hegeh	hegeh19401113-01.2.19	…ל הר הכרמל. מחלקת הבריאות ה9?ימה להוציא לבית־החו?ים הרזרבי הזה את הציוד Ausstattung הדרוש למאה ;חידות. לפי זה :היו עתה בחיפה שבי בתי חולים ךזךב?ים ובהם 150 מטות. ביתהחולים השני סדר באחד מבנ;ני בית־ הספר הריאלי ול:ד בית החולים הדסה׳ ובו 50 מטות.…
1941-03-02	hegeh	hegeh19410302-01.2.17	… לדאוג לצרכיה המיחךים של כל gegeben w. ן — Gemcinde ה ה לועד הקהלה שדה פעלה רחב בשטחים Gebiet שונים של חיי הצבור העברי בחיפה. דבר זה מוצא את בטויו גם בתקציבו (בוג׳ט) של ועד הקהלה. המגיע בשנה זיו, שנת תש״א, ל־3 o (שלשים) אלף לירה בערך. בקרוב עומד ועד הקהלה להתחיל בבנק בית החולים דרהודי, שהךגש .f iihlbar w הצרך בו ??בר. מכספי מס ה bestimmt w. םץ ב זו סך 5000 לירה ועוד סכום של 15-10 אלף לירה מתרומו…
1941-03-09	hegeh	hegeh19410309-01.2.10	"…הךחבת (להךחיב — לעשות רחבה) העזרה הךפואית לתושבים בצורות שונות. היו בין חברי מועצת העיתה, שדרשו פי ד»מ?שלה תקבל לןדה את בית החולים העירוני ותק:ם erhaiten אותו, כשם שהיא ?קימת בתי חולים במרים אחרות, בחיפה, תפו ועוד. הטוענים fordem כך אומרים, כי אין לחשוש (לפחד: =b efurchten), שע״י (על"" :די) פך תרד הרמה (סטנדרד) הךפואית של …"
1942-12-07	hegeh	hegeh19421207-01.2.26	…ר במכוגית־משא מעבודתו לתר י־טת ןוד. קמב^ית התנגשה tuaammenatoaaen במכוןית צבאית. ייטפזון נפל מקמכוףח ונפעע קשה. בדך!: י בית החולים המט־ ש;תי בחיפה טח. דרה רוק. ?ן 38. עלה לארץ מגרמנןה לפני 8 שנים. ־ בדיו גרקגי הודיע ביום ו׳ אחרי הצהר?ם בי קערות sturm טתחוץלות ?ארך ע…
1943-02-26	hegeh	hegeh19430226-01.2.21	"…פתח בית חיילים עם בואם של הפליטים מטדירן. העבודה בו נעשית על ?די חברות ""מ. ד. א."" ואחיות מתנדבות. בית החודים שוכן בבנ?ן בית החולים ,הדסה"" ה;שן בחיפה. ד וא מכיל emkaiten כ־7 s מטות, מחציתן לילדים. בסך הצל נמצאים בבית התילים בחיפה מבין הבאים מטהרן 40 חולים י רפס ?:דים).גם בבית החולים למחלות מדבקות an»teckend ?ש כמה חולים.…"
1943-11-01	hegeh	hegeh19431101-01.2.18.1	"…ת״א לקבלת רשיון למכירת משקאות ■חריפים בקמעוניוית מחוץ לצרכני תנו, ברח׳ בלפור 15, לשנת 1944. אמדה צרכנית שתופית של עובדי ביה״ח ■העירוני הרסה נת״א. בזה הנני להודיע ברבים׳ כי• הגשתי בקשה לעירית חיפה לחרש את הרשיון למכירת משקאות חריפים בשנת 1944 ■במקום בקפה מסעדה שלי ""שקמונה"" בחיפה, מרכז מסחרי הישן, רת׳ המזרח. יצח? כרכה הנני להודיע ברבים כי הגשתי בקשה למושל מחוז צפת, לחרש ליי את הרשיון למכירת משקאות…"
1944-01-24	hegeh	hegeh19440124-01.2.20	…לתתו^למ^ה יולורי- תלמידים. חברים וידידים רבים ממקומות שונים בארץ התכנסו ביום א׳ אחרי הצהר?ם ??ד בית החולים רוטשילד בחיפה ל?ו;ת משה קלורי. מבית החולים ;צאה הלחה ??י ת ל!י הקבר המתוה הספיד ד״ר א. סימון במלים נרגשות. למען הקרן הקימת כנוס פעילו…
1944-04-27	hegeh	hegeh19440427-01.2.17	"…פוס 9 — שומן. בביצוע התזמורת הפילהרמונית מלונדון בניצוחו של יוג׳ין גוסנס. 5.55 חדשית. 8.00 תכנית ""כבקשתך"" מיוחדת לאחיות בית החולים הממשלתי בחיפה. 8.15 חדשות. 8.25 שיחה 'על מאירעות היום. 8.30 שנה ב״וואף"" — תכנית מוגשת ע״י נשים ארצישראליות המשרתות בחיל העזר ■של חיל …"
1944-09-06	hegeh	hegeh19440906-01.2.23	…יכו/ בזמן הקרוב תלדנה ?גישית נוספות. המקרה ה״2 2 כמחלת הדבר Rest בליפה: ערבי הנר ברח׳ אלנבי בחיעה חלה במחלת הדבר והעכר ?בית החולים הממשלתי 3מןחד. זה המקרה ה־2 2 רחיפה (8 מן דחויים מתו>. בקור במחנה ךאיה segeifiug: במחנה הךאןה בכפר לידים בקרו מנהל sחל2ת ד>וlעוםה האזרחית, מנהל חברת קוי הז…
1945-01-19	hegeh	hegeh19450119-01.2.30	…חבר רמת הכיבש, נהרג בתאוות ךך?ים אי שם בחו״ל, ץלה לארץ ב־1 935 מבדן. בראשית ההתמסות התמם לצבא. האחרון מבין האנשים שחלו בחיפה במחלת הךsר עזב אח בית החולים סממשלתי לפני יזמים. מאז ראשית תיאר לא נוךעו מקרי דבר נוספים. מזג ה אויר הקריר השפיע, בנראה, לדקירת סמןולה. 22 אנשים ?תו…
1945-10-14	hegeh	hegeh19451014-01.2.24	…יסיקה. הויכאה לקבורה: האשה, שנמצאה מתה במח?ה ?עט־ית, שמה אנה יורש. הובאה לקבורה בשבת ?בית הקברות של העדה הץונית־קתולית בחיפה. יצא מבית החולים: אחד השוטרים הערבים שנפצעו בשעת שחיור המעפילים ?הסחנה בעתלית, ;זב את בית החולים. שומרים בריטיים מספסרים: מספר רב של שוטרים בריטיים הגישו אח התפטרותם למפקד ןן?ץטרה. 250 השוטרים עוזבים בקרוב את הארץ בד…
1946-06-01	hegeh	hegeh19460601-01.2.11	"…ועצת המושבה מטפלת בשיכון ערלים. — עומדים להקים מפעל הבראה גדול בחליפות — מפעלם של חיילים משוחררים. נמצאו רימוני יד בחצר בית החולים על מגרש בית החולים שוייצר בשבריה מצא אחד הפקידים שק שהכיל 12 רמוני יד (מילס) מן הסוג החדיש. — העתון ""צהרים"" בחיפה נסגר על שפרסם רשימות שלא מצאו חן בעיני השלטונות. — לרגל המחסור בגלם ליצור שמן, מוסרים, כי לתעשית המרגרינה הובטח גלם עד …"
1946-08-19	hegeh	hegeh19460819-01.2.12	"…ליאון קלמריט ליא! קאל^רוט (א.ו וואלאמרוט) ממעפילי האניה ""עור"" שהועבר בחולה לבית החולים בעתלית, מת בערב שבת. לויתו ' תיערך היום בחיפה. לייתר של ליאון קלארמוט יצאה אתמול ב־2 אחה״צ מבית החולים הממשלתי, בשם ועד הקהילה השתתפי ד• בר רב האי, וי. ארדשטיין, ידו…"
1946-08-23	hegeh	hegeh19460823-01.2.19	"…פסל, כאשר קבוצה של נערים ובערות ןהוךיים התאקפה מסביב. המשטרה הגיעה למקום ומצאה 33 כדורים של נשק אוטומטי. מעפילות חולות :בית החולים הממשלתי אדית ריניץ, בת 13 ואליאונורה לוי, בת 12, שתיהן יוצאות רומניה, הועברו מהאניר, ""היידרד אמפייר""׳ העוגנת בנמל חיפה, לבית החולים הממשלתי בחיפה, בחשד שחלו במחלת השנית. שרה המבורגר, שהו--עברה לבית החולים, החלימה ויצאה את בית־החולים. נין היוצאים י. אפטר טס לארצות ה…"
1946-11-15	hegeh	hegeh19461115-01.2.12	…רו בארץ והעברו לעתלית, מפאת מחלה, אי שה* פצועים, או נשים בהריון. השלים את המנין הילד העשירי למעפילי־קפריסין בולד אתמול בחיפה, בבית החולים ״מולדה״. אמו של הילד — פאולה גנדלמן — בריאה. האב גמצא בארץ. ?בית המשפט העירוני ?ת״א: בעלי המוסכים (גרג׳ים) 3כביש?תחתקוה…
1946-12-05	hegeh	hegeh19461205-01.2.29	…פרופסור שלא מן המנין משנת 1930 באוניברסיטת וירצברג, ומשנת 1936 — פרופ׳ מן המנין באוניברסיטה של איסטנבול. ב־1 943 השתקע בחיפה. המחלקה נמצאת — לפי שעה — בסניף של בית החולים, בהדר הכרמל. עם התפתחותה תועבר המחלקה לבית החולים עצמו.…
1946-12-09	hegeh	hegeh19461209-01.2.12	"…הוטב מצבו המעפיל עזריאל פרנקל שהועבר מאנית ""כנסת ישראל"" לבית-החולים הממשלתי בחיפה עומד לעזוב את ביה״ח ויועבר כנראה לעתלית.…"
1946-12-19	hegeh	hegeh19461219-01.2.3	"…אלפים לירה. בועד המטפל בהקמת הכית: אל. פרלסון, י. שפירא, ומאגודת הסופרים: י* פיכמן׳ ב. קרופביק וי. אריכא. תאונות דרכים בחיפה וסביבתה י. מזרחי, בן 40• בפצע אתמול בדרכיו מצפת לחיפה. סבורים, שהוא נחבט קשה באשר המכונית התחלקה בכביש הרטוב. הפצוע הובא לבית החולים רוטשילד בחיפה. מרדכי מ זר חי, בן 32, מרחוב יל״ג בחיפה, נפצע באחד הבנינים שבקרבת ""מצה זו"". בקופת תולים הוגשה לו עזרה והו…"
1947-01-19	hegeh	hegeh19470119-01.2.16	"…, הסופר דהעסקן הציוני באמריקה, יעקב פישמן שמת בבאזל. בחיפה חיכו לארון עתינאי חיפדמ. זינגר, יושב ראש התאחדות הע־ מובאים בחיפה ומ. דבציגרקרון. מזכיר איגוד עתונאי א""י, קיבלו את הארון בנמל. הארון הובא לתל-אביב ב־4 אחר־הצהרים. הבוקר ב־9 .30 תצא' הלויה מחדר המתים של בית החולים העירוני בתל־אביב (רחוב מזא״ה), והיא תעבוד דרך רח׳ אלנבי והתעכב ליד בית הכנסת הגדול, ומשם תצא אל מועדון העתוגאיס בשדרות …"
1947-02-12	hegeh	hegeh19470212-01.2.8	"…המעפיל האלמוני הובא לקברות המעפיל שנפצע ומת בהתקפת הצי על ספינת העמפילים ""לנגב"" הובא לקברות אתמול• קהילת חיפה הזמינה את הצבור ?השתתף בהלויה. ב־l o לפני הצהרים נתאספו לפני בית־החולים הממשלתי בבת־גלים משלחות מטעם הסוכנות היהודית, הקהילה העברית בחיפה, מועצת פועלי חיפה ומוסדות אחרים. הסטודנטים בטכניון הע…"
1947-02-18	hegeh	hegeh19470218-01.2.3	"… נסת!אה ?שעה 6.30 בבקר. לא היו כל תקלות. 3 אנשים הע?רו ל?ית החולים הממשלתי וכמה אן־ שים חולים נלקחו לעתלית לאחר שנבךקו ?בית החולים הממשלתי. סבורים כי האנ!ה עשתה את דלפה ?משך 12 יום ותעלינה מנמל צרפתי. ??ניה נמ»י 460 נערים, 211 נשים ו־l 23 ?לדים. ""אמפיר ריול"" !?אה מחיפה לקפריסין אתמול, קרוב לשעה 7 ??רב.…"
1947-03-18	hegeh	hegeh19470318-01.2.2	…רבנות ג׳מל אליאס אבו אכסה (רועה צאף חלדה בת 11 שהיתה על ידו ?שעה שמצא את הפצצה. עוד :לדה אחת שדרתה אתם נפצעה קשה והובאה לבית החולים הממשלתי ?חיפה. שוךדים ערבים בךחובות היו חלופי ?ריוח בין שודדים ערבי□ ונוטרים ברח בוח. המשטרה עם פ . בי הגשוש הלכו עד הכפר זרגוגה אבל …
1947-03-18	hegeh	hegeh19470318-01.2.2	"…?מרגרינה מר סטבס׳ מנהל לשבת המודיעין הממשלתית ה?טיח לברר את כל פרשת המרגרינה וימסר אינפורמציה ב?׳־ גישה הבאה. מזל טובי ?בית החולים הממשלתי ?חיפה נולדה אתמול בת למעפילה טובה לוי מאנשי ""?רכה פולד"" שהו?אה שלשו□ עם המחזרים מקפריסין.…"
1947-05-20	hegeh	hegeh19470520-01.2.23	…צפים ?בואם של 4 אגירת העומדות להביא מקסריסין 1125 מעפילים. שמתה נוטרים ג??עו בתאונה מכונת צבאית התהפכה אתמול בכביש ;פו -חיפה. שמונה נוטךים, שנסעו במכונית זו, נפצעו והובאו לבית־ההולים הממשלתי בחיפה. פקוח נפש דוחה עוצר אשת שנושבת על ידי נחש בחפצי־ כ׳ת !הובלה בשעות הערב בטנדר לבית החולים בעפולה. ■בהגיעם לגבול עפולה נאסרו על ידי הצבא בגלל עבירה על העוצר. מזכיר מועצת עפולה שנזדמן למקום הסביר לחיילים שיש כאן…
1939-03-10	hmf	hmf19390310-01.2.25	…500, ‬ כדורים. שני אקדחים, מוקש אחד(י 28 פצצים‭8, ‬ דמוני יד‭10, ‬ רקיטות‭7, ‬ מימיות, משקפת אחת ושני גלילים של _פתילות בית החולים בחיפה מת :עוד ערבי אהד. שנפצע בהתפוצצות הפצצה ביים 27 בפברואר. בשעה 11 לפני הצהרים זרק ערבי אלמוני פצצה אל מכונית םפינם •ברחו…
1939-03-19	hmf	hmf19390319-01.2.22	…עובדה המעונינת. בי־ עד המנהל של ?פית החולים העירוני דו־ בר ברצינות גמורה על ההצעה הק_1נ־ קרטית לדדלש מאת הממשלה לקבל את בית החולים _העירלני לד־ לשותה. בחיפה הוציאה הממשלה ‭100. 000‬ לירה על בנין בית החללים ומ־ חזיקה את תקציבל כא על חשבונה, ב־ שעת אשר אנו בתל־אביב נחנקים _מהלם…
1939-04-23	hmf	hmf19390423-01.2.36	"…אסופי בליל ששי נמצא ליד בית־החולים הממשלתי ילד בן 3 חדשים. זהותו טרם נקבעה‭-. ‬- לוח חיפה הערב בשעה ‭7. 30‬ במשרדי התאחדות בעלי הבתים פגישת חברים. על סדר היום — ""עניני דיומא""…"
1939-05-10	hmf	hmf19390510-01.2.27	"…שואה לתקציב ה_^א ‭-_^$ . ‬ כ_&יף ‭.. ‬זה מ_*_ךך שליש ש‭, |‬ז_^_ןכנסה‭,., ‬כדאי _־אתבונן בעלית המ_^לי_^ ‭J_&‬ מם הקהלה _בחיפה במ־ ., -, -_^ /^. _w&' JmJip‬ ‭«.. _«. גהשו‭*^‬הלמגוז ‭_$/°‬ _ביח• שנ ‭HQ-_£r_* "" "" Da!1rc *‬ _^יגהבלל, ‭447 _vifrfi‬ לא20 4, _~‬ ‭. ת_^ן_> ‭12 5 517‬ ת‭17 6 631 >&‬ תל""ז‭., ‬ י % -י 18…"
1939-05-10	hmf	hmf19390510-01.2.27	"…יח כי פעולת המד סד ענפה מאד. בלי ספק יש בין פעו־ ' אתיוכמה ששייכות באופן אורגני לתפקידי ממשלת הארץ. ביניהם יש להזכיר את בית החולים הדסה, שמהוה ערל כבד מנשוא על הקהלה והנמצא בתנאים שאינם מאפשרים את התפתחותו השקטה לרגלי ""טרדות הפרנסה"" התמידיות. ואולם כל עוד שהישוב — ולא רק בחיפה — לא ניכה עדין שהדרך היחידה להבראת מצבנו הפוליטי והכלכלי בארץ היא העברה לממשלח של. כל התפקידים הנמצאים בםמכותח ביחס לתו…"
1939-06-13	hmf	hmf19390613-01.2.43	"…ת העירה. גדדך תעה :והלך לרחוב נצרת ושם נתקף ע"" י כמה . ערבים_, שית ?בו אבנים ופצעוהו. מצבו }לא קשה _וית_p שיעזוב תום את בית החולים. למלחמה בתנוך הזד נוסדה בחיפה ועדה מקומית למלחמה ‭.. ‬ בחנוך הזר. חבת הועדה הבג• י. נתן, י‭. j‬פרוק, א. חלפון, מ. גינזבודג, מ.…"
1939-06-14	hmf	hmf19390614-01.2.54	"…‭h_^ttfl‬ מ_^יו — הבוקר עומד יעזוב את בית החולים ן ""בקור חולים"" ה' ח' בלצן, ב""כ ""הבקר' I בירושלים, שנפצע לפני כשבוע ע""י • אנגלים. ערבי נרצח בחיפה אתמול ב־‭10. 55‬ בבוקר נרצח ערבי בשם מובאדה ־ חליםה ע""י תצח ערבי אלמוני ברהוב סטבטת חיפה. זמן קצר אחרי זה נאסרו ‭2. ‬ א…"
1939-06-19	hmf	hmf19390619-01.2.2	"…ני חצי שנה. חייל שלישי, יונה קרויז, נפצע פצע קל בראשו. הנהג. ח־ אנגלי והקורפורל האנגלי לא נפצעו. ההרוגים והפצוע _הרעברו לבית־ החולים ""הדסה"" בצפת‭"". ‬ חבריהם מגוש ה־יב ליוד אותם עד בית החולים. בירנבוים יובא לקבידד, בתל־אביב, ואלפרד כהן — בחיפה.…"
1939-06-28	hmf	hmf19390628-01.2.39	"…חיפה יוקם , בית חולים ע""ש רוטש3וד 1 בראשית השבועהתקיימה ישיבה משותפת של נשיאות הקהלה והועד -המנהל של בית החולים בהשתתפות ב""כ פיק""א, בה דנו על האפשרויות לבנין בית החולים ע""ש רוטשילד בזמן הק־ רוב ביותר. הקהלה לקחה עליה את _האזוריות ב…"
1939-06-28	hmf	hmf19390628-01.2.39	"…ד""ד ניםנבוים, ושניאוד והוטל עליהם לגשת מיד לפעולה. רכוז הפעולה נמסר לידי א' בוניאק. הועדה תגש לפעולה בקרב הישוב היהודי בחיפה ומקור"" שתשיג את הסכום הדרוש להקמת בית חולים ע""ש רוטשילד. בית חחולים ייבנה בדרך להר־ הכרמל, על הכביש חחדש. על יום הנחת אבן הפנה תבוא הודעה מיוחדת,…"
1939-08-02	hmf	hmf19390802-01.2.61	"… ?בד""ר שטרנברג וטריביץ בצפת . הבוקר נתלה בית הסוהר בעכו מחמד מחמוד עבדול סלח, בן ‭, 22‬ מצפת שנידון ע""י בית הדין הצבאי בחיפה ב־13 ליולי לתליה . בעיה נשיאת נשק וידיות על ד""ד שטרנברג מצפת ב־6 למרץ ועל מנחם טריביץ ב־2 לאפ־ דיל. בוערת בנין בית החולים ביום ב' נערכה מטעם זעדת בנין בית החולים שע""י ועד קהילות חיפה מסבה _ישל מוזמנים, ב""כ המוסדות, ארגונים 'ותקריות בעיר. לראשונה נערך סידר במגרש ביה""ח הנמצא ע""י הכביש הה־ דש בדרך להר הכ…"
1940-01-15	hmf	hmf19400115-01.2.41	"…דק‭. ""‬פה אנחנו הורגלנו לשאת בעול המםים ולתת לתושבים שרותים. הממשלה אינה עוזרת לנו לגמרי . מתנחלת וויכוח עם הממשלח בדבר בית חולים שהוא מחוזי ומשמש את חצי האוכלוסיה העברית בארץ• בחיפה יש בית חולים של הקהלה ויש שם גם בית חולים ממשלתי שעלה הוו רב בבנינו ואף החזקתו דורשת הרבה. השתתפותה של הממשלה בהוצאות ה…"
1940-01-28	hmf	hmf19400128-01.2.35	"…הוא מופיע בין בתי ההולים הממשלתיים ובא ""להוכיח"" את מדת ההוםפיטליזציה הרבה שנות־ בים בתי חולים אלה ליהודים. אם נצ־ דף את בית החולים בתל־אביב לבתי־ החולים היהודים הנ""ל נמצא כי לסוג זה שיכים בסך הכל 6 מוסדות: ביה""ח הד־ םה בירושלים, העירוני _בתל־אביב, הדסה בחיפה, שויצר בטבריה' קופת חולים בעפולה ובילינםון בפתח־תקוה. בששה בתי חולים אלה עולה מספר המטות לסי הדו""ח הממשלתי ל־‭'645‬ ובכל יום נמ־ צאים בהם באופן ממוצע ‭737. 2‬ חולים, ז. א. שאחוז תפיסת המטות הנהו ‭. 114. 3‬ האחוז הגבוה ביותר הנהו בבית החולים בילינםון ‭(154, 8)‬ ואחריו בא בית החד לים בחיפה ‭127. 4)‬ אחוז‭. (‬לפי הדו""ח הממשלתי עולה מספר המטות בבית־ החולים כתל־אביב רק ל־‭. 234‬למעשה המספר הוא ‭, 300‬ומובן שהפ…"
1940-01-28	hmf	hmf19400128-01.2.35	…ום בראש . בית חחולים האנגלי בירושלים, שבו שכבו 713 יהודים מתוך סך ה_$נל של 767 הולד‭.. ‬מספר גדול בערך של יהודים שכב גם בבית החולים של המיסיון הם־ קוטי בטבריה ‭126)‬ בין ‭, (348‬בית ההד לים האיטלקי בחיפה ‭96)‬ בין ‭(528‬ והגר־ מני בחיפה ‭89)‬ בין ‭. (747‬ 509 יהודים שכבו בבית־החולים הממ * שלתי בחיפה מתוך םך־הכל של 3175 חולה. בבית החולים הממשלתי בירושלים עלה מספד החולים היהודים ל־171 בלבד בין ‭. 3038‬בדרד כלל נמנע הישוב במדת האפשר מלפנות לבתי החולים הממשלתיים. ואולם הדוחק הנורא במ־ טות בבית ההולים הדסה בחיפה, והעד בדה שבבית הולים זה לא קימת מחלקה פנימית, מאלצים מספר גדול בערך של יהודים לפנות למוסד הממשלתי. כפי שהזכרנו, כולל ה…
1940-02-13	hmf	hmf19400213-01.2.63.1	"…של שרות־טקסי מודרני ממדרגה ראשונה. ‭_a^? _WMmtmmmoBM ‬ בהסכם עם אגודת _האינ_\ ' _נדים _והארכ־טקט ם בא ועד הקהלה העברית בחיפהי"" מסד‭?, ‬ על ־תחרות בין האדריכלים בארץ יעבוד תבנית עביר הקמת בני ן סכום הפרסים הכללי הוא 230 לא""י בית החולים העברי בחיפה השופטים: ה""ה _יקותיאר בהרב, ד""ר הרי דייר, ד""ר דיי ם יפקי, אדריכל מכם ל ב , אדריכל זאב רבטר. המועד האחרון לה…"
1940-04-10	hmf	hmf19400410-01.2.44	"…ז מר בינה. אחריו נאם מ""מ ראש _העירוה. המברכים הזכירו במיוחד את האדרי־ כל גרטל. אהרי הנאומים סייר הקהל בשוק. מקרה השוטר בחיפה מוסרים' שבקשר ליריות על השוטר ב• וינפלד לפני ימים מספר נעצרו 12 איש• תערוכה התכניות לבנין ביה""ח רוטשילד, בשוק המרכזי ‭, ""תלפיות""‬תהיה פתוחה לקהל עד ה־15 באפריל.…"
1940-05-10	hmf	hmf19400510-01.2.65	"…»הדסה» לבנין בית החולים בחיפה משלחת מטעם ועדת בנין בית החו־ לים ""רוטשילד"" של הקהלה העברית בחיפה ביקרה אצל הגב' ג'יקובם, סגן נשיאת ""הדסה"" באמריקה, השוהה כעת בארץ. בשיחה נכהו תד""ר יסקי, וד""ר י. ברומברג מהנהלתהדסה"" באר…"
1940-09-12	hmf	hmf19400912-01.2.39	"…חיפה לדירה חחדשה ?משרדי הועדים המקומיים של כופר הישוב ומם החירום, _ועדת בנין בית החולים ע""י ועד הקהלה והמשרד הרפואי לשעח החדום עוברים הוול מיום א' ‭, 15_^9. 40‬לדירה חדשה בר־ י חובאחד העם ‭. 7‬ אזעקה ' בחיפה…"
1940-09-12	hmf	hmf19400912-01.2.40	"…לתם עדם־ דורס הקבוע בעבודה. כיום נמצאים ביניהם כ־25 איש, אשד טרם סודרו בעבודה קבועה, וה־ יעדה מטפלת בכלכלתם. לקראת בנין בית החולים בחיפה הועדה לבנין בית חחולים בחיפה התחילה בהכנות להתחלת העבודה בבנין בית החולים. בנין זה יהוד, את אחת העבודות הגדולות בעיר‭). ‬כפי שהודעבו בעתובבו יבבה בית החולים בחלקו מכספי פיק""א ובחלקו מכספי ‭50)‬ אחוז) מם חירום בחיפה‭. (‬ בישיבת הבהלת מם החירום בחי־ פה, דנו בשאלת ההקצבה לבבין, והר חלט אז לפי הצעת ב‭>'‬כ ארגוני הפו־ עלים' להבטיח בחוזה …"
1940-09-22	hmf	hmf19400922-01.2.48	"…רה ישירה לישוב, בהקצבה 75 אלף לא""י. חלק גדול מסכומים אלה הוצא לעזרה םוציאליח וחלקם למפעלים קונסטרוקטיביים, כגון כבישים, ביה""ח בחיפה ‭. 'ווכ‬ כיושב ראש חדערח חכםסית מסר על הגדלת המסים במקום 2 אחוזים . משכר הדירה יגבה להבא 7 אחוזים. אולם מםים אלה יכסו ל…"
1940-10-31	hmf	hmf19401031-01.2.42	"… ‬ ב־‭6. 30‬ בערב, דרס אוטו צבאי שני . נוטרים 'ערבים שעמדו בקצה רחוב נצרת. שניהם נפצעו קשה ומתו בביתי החולים' הממשלתי. בחיפה. עזבו את ביה""ח הדסה"" "" כל הפצועים, מלבד שנים, שנפצעו שלשום בהתהפך המכונית בכביש הר הכרמל—מסדה' עזבו את בית החולים ""הדסה‭. ""‬ בתים פרטיים שישמשו ? מקלטים _צבורייפ בעתוו הרשמי נתפרסמה רשימה של בתים בחיפה, שיוכלו לשמש במ־ קדה של אזעקד, …"
1941-03-26	hmf	hmf19410326-01.2.27	"…מפ־_, על הנ""ל. ההלט י על שורה שלימה של פעולות נוספות כדי . להבטיח את הצלחת המפעל. משרד 'מחלקת העליה וההגירה. של הממשלה בחיפה יהיה סגור לקהל י היום יום ‭('ד‬ לרגל העברת המשרד לדירה חדשה, המשרד יפתח בילם ה' בבד קר בדירתו החדשה ב""מנשין גרדיך מלל בית החולים האיטלקי במושבד, הגרמנית. י י עולים ביום ב, הגיעו 33 עולים. היום מח־ כים לבואם של 200 ילדים מעלית הנועד. תמרוני יריות מת…"
1941-03-26	hmf	hmf19410326-01.2.27	"… תמרוני יריות מתותחי _התגנה‭.. ‬ משחק תגא, באשלר יועץ הסלכנות היהודית לעניגי ד‭., ‬ג. א. חלצא לאלר משחק ד‭., ‬ג. א. ע""י ביח""ר ""שמך' חיפה. המשחק המודפס בה־ דלד ב־4 צבעים נלתן תיאור של התקפד_, מאליר וכללל הוראלת ""עשה ואל תעשה"" לעת אזעקה להפצצה. את ' ־ המשחק …"
1941-10-07	hmf	hmf19411007-01.2.51	"…""המכבי"" וחביב מאוד על חבריו. בשעת כיבוש סוריה השתתף בפלוגת החלוץ. חתנדב לצבא. משפחתו בהונגריה. גויתו הובאה לשם בדיקה אל בית־ החולים הממשלתי בחיפה ומשם — לכפר המכבי. במוצ""ש הובא לקבורה.…"
1941-10-08	hmf	hmf19411008-01.2.34	"…הדר הכרמל תזמורת צבאית. מחר, ב־9 בבוקר תנגן התזמורת •הצבאית בככר חמרא ב־ ‭10. 30‬ בבוקר בחצר התכניון ובשעה 3 אחה""צ לפני בית החולים האיטלקי. לחקת חעץ"" בחיפה "" הערב ומחר, ב' וג' דחוהמ""ס, ב_*ז‭8. 30‬ באולםהמכבי‭, ""‬שתי הצ- "" גות אחרונות ""עלילה באגם"" (המלחמה העכברדצפרדעית‭, (‬סט…"
1942-01-27	hmf	hmf19420127-01.2.39	"…הנהלת העירית הגישה לשלטונות ה־ צעד, אחרת: העירית מסכימת לוותר על התמיכה הממשלתית לבית החו־ לים ""הדסה"" אם ייפתח בתל אביב בית חולים ממשלתי ' כמו בחיפה ובי־ פו_. כי על הממשלה לזכור שבית החי * לים ""הדסה"" משרת גם את המושבות הסמוכות. מבין 300 המטות תפוסות 80 מטות על ידי בנ …"
1942-02-26	hmf	hmf19420226-01.2.25	"…יצאו ידי חובתם לגבי ילדי־חגולה. מחלה יהודית'ציבורית ספציפית בגליון עתוננו מיום כ""ה בשבט פורסמה מודעה מטעם ""ועד הבבין של בית החולים של הקהילה העברית בחיפה‭. ""‬המודעה מבשרת ברבים, שכבר מתקרב מועד השלמת בנינו של בית־ההולים של הקהלה. ובכן? מז""ט!אלא מה?כפי הנראה, ידוע להגבאים מ…"
1942-02-26	hmf	hmf19420226-01.2.25	"… בנידון של יחס הגון לד־ רישות הדתיות אין . להתאונן כלל על ממשלתנו. אפילו המהדרים מן המהדרים יכולים לשכב במנוחת ובלא חשש בבית החולים הממשלתי ויתרפאו בו ענווים ויבריאו. לשם מה מקימים בית חולים יחו־ די מיוחד בחיפה?לא בשביל החולים. ?ש ב""ה לחולה יהודי מקום לחתרפא ומקום לשבוק חיים לכל חי. אלא את בית החולים הב""ל מקימים בשביל הגבאים ושמ…"
1942-04-12	hmf	hmf19420412-01.2.29	"…למסורת, שיתקיים בקפה כ""ץ, בכ""ו ניסן תש""ב ‭(13. 4. 42)‬ בחסותו האדיבה של מר שבתי לוי , ראש עירית חיפח. הולד ונשלם אגף של בית החולים ע""ש' רוטשילד ביום ח' נעדר מטעם ועדת חבנין של בית החולים ע""ש רוטשילד בחיפה בקיר באגף אחד של חבנין החדש ההולך ונ־ , שלם. ח' בוניאק וח בחרב מסרו פרטים על הקשים הרבים שעמדו בדרך הועדה והסבירו שאגף …"
1942-06-16	hmf	hmf19420616-01.2.22	"…קהילה"" הקודם, חרינו נוכחים בעליל, עד כמה נכשל בכל השטחים. נתעכב כאן על ההזנחה החוטאת בשטח הבריאות. בעית ההוספיטליזציד. בחיפה נעשתה חמורה ביותר בזמן האחרון. מורגש מחסור בבית־חולים עירוני , שיפתח דלתותיו ביהוד בשביל אנשים מדלת־העם שאמ־ צעיהם מצומצמים ושבגלל השקפיתיחם או מקצועם אינם חברים בקופות־חחול…"
1942-06-16	hmf	hmf19420616-01.2.22	"…הניח, כי ועד הקהילה ישתדל לחרחיב את אפשרויות הק־ ליטה של בית־חחולים הדסה"" עם הפו־ "" ההלוץ, אשר הנליקליניקה שלו ברחוב הו בי""ח של ועד הקהילה. אבל במקום לדאוג להוספת מטות, השקיעו כספים מרובים בבנייתשוק אופירה"" (בלשון "" בני־חיפה‭, (‬שהכניס את הקהילה בגדעון גדול. יתר על כן, אפילו כאשר ועד הק־ הילה ניגש כבר לבניית בנין לבית־חחו־ ‭, ""הדסהלים‬ הרי לא…"
1942-06-25	hmf	hmf19420625-01.2.31	"…ח •a ה המחלקות החירורגיות וילדים לבנין ביה""ח החדש מבית החוליםהדסה"" מודיעים לנו: "" החל מיום א' תועברנה המחלקות למחלות כירורגיות וילדים מביה""חהד- "" סה"" של הקהלה העברית בחיפה לבנין החדש ברחוב מונטיפיורי הדר הכרמל. מחלקות היולדות והמחלקה למחלות מדבקות תשארנה בבנין חישן ברחוב שמריהו לוין. ימי וש…"
1942-09-20	hmf	hmf19420920-01.2.36	"…שילד ?בישיבת הועד •המנהל של , בית תחר לים הדסה של הקהילה 'העברית בהיפר, ובאשור הועד הפועל של הקהלה, הותלט לקרוא להבא את בית החולים החדש ב־ שם : בית החולים ע""ש רוטשילד של הקהלה העברית בחיפה (•מיסודה של ""‭(""הדסה‬ ואת• בית החולים' הישן בשם : סביף של בית החולים זה. מאמצים לאחוד האופירות ולהק־ ־ מ־תבית אופירה"" ""…"
1942-10-13	hmf	hmf19421013-01.2.35	"… ההליף את התאריך העברי •לתאריך הכללי. לפי סידור הדש זה יתהיל התקציב ההצי־שנתי של הקהילה ב־1 באפריל ‭. 1943‬ הודות לבנין ביה""ח חחדש נמנעה התפשטות מניפת הטיפוס בחיפה ה' בוניאק הודיע בישיבת המליאה של הקהילה, שהקהילה עשתה שירות גיב לציבור העברי בחיפה בשכנה J־400 הולי טיפוס בביה""ח שלה. דבר 1ה איפשר הודות לבנין ההדש של ציה""ה ע""ש רוטשילד, שמאכסן את כל החולים תאהרים, וכך …"
1942-10-28	hmf	hmf19421028-01.2.12.1	"…ן ""פל ס "" חברה לבנ י ן בע""מ ח יפה שולחים את מיטב ברכותיהם לועד הקהילה העברית בחיפה לחנוכת בית החולים רוטשילד ‭"")‬הדסה ‭"" (‬ ע""י הוד מעלתו הנציב העליון ומביעים בזה את תודתם לועדת בנין בית החולים על שתוף הפעולה ועזרתה בהקמת _הבנין…"
1942-12-28	hmf	hmf19421228-01.2.41	"…רכה •עלי ידי החזן מ. נומברג תפילת ""אל מלא ריר!_ג?י ‭'. ''ם‬ ־י. ‭:i. ‬ י ‭L_ —‬ . כ‭1. !‬ הגב' מ־סקטנבליט מתה אתמול ‭::‬בית החולים הממשלתי ממחלת הטיפוס. נותר, טפצעיה * , ביום השבת מתח בחיפה גב יפה כלן. שנכוותה קשה ביום ב' שעבר, מהתפוצצות פרימוס, בשעת עבודתה ‭,, ‬ ‭,, ‬בכן רימו. :_תערנת קבוצת ציירים ופסלים בח…"
1943-04-08	hmf	hmf19430408-01.2.26	"…קרופניק ז""י. ביום ב' ‭(5. 4. 43)‬ היה בבית הקברות בחיפה גלוי מצבתו של ח. א. קרופניק ז""ל, מי שהיה מזכיר חתכ־ ניון חעברי בחיפה במשך שיש עשרה שנח. מליאת הקהלה תתכנס בקרוב בישיבת הועד הפועל של קהלת חיפה שהתקיימה אתמול הוחלט אחר דיון. ממושך: א) לקבוע הוקת עבודה לרפואי ביה""ח רוטשילד ולברר את חלוקי הדעות הקיימים בין רופאי ה־ מוסד והנהלתו;ב) בקשר . לידיעות על מקרי מכות שארעו בשבת שעברה בביה""ס ""…"
1943-04-19	hmf	hmf19430419-01.2.36	"…ד""ד ניסנבוים המשמש בתור יו""ר ועדת הבריאות שליד ועד הקהילה. המרצה גילה לפני•. הנאספים תמונה מחרידה ממצב הבריאות של יהודי חיפה' לדגל האדישות וחוסר־ההשתתפות בהחזקת המוסדות הרפואיים ההכרחיים מצד הממשלד"" הנואם הצביע על העובדה, כי הבנין בו נמצא כעת ביה""ח רוטשילד והבנין בו נמצאת המרפאה של קו""ה אינם מתאימים לגמרי לתפקידם‭,, ‬ואינם יכולים בשום אופן לספק את הצרכים של הישוב העברי בחיפה. בבית התולים יש בסד הכל 62 מיטות ומהן שבע מטות ליולדות. בעקב הדוחק במיטות בביה""ח של הקהילה נוצר מצב משונה. במקום שבית החולים של הקהילה צריך לשמש את מעוטי היכולת, הוא משמש את בעלי היכולת דוקה. לפי שיטה זו' בה נוהגת . הבהלת ביה""ח, הי_& הצליחה לכס…"
1943-06-30	hmf	hmf19430630-01.2.55	"…תאריד _הניל ‭2 . (‬ הרצאה על הנושא ""תוצאות של ב־ דיקות צמנט וגבם‭. ""‬בשעה 6 אח""הצ. אהרוני הפצועים מקיסריה אתמול עזבה את ביה""ח רוטשילד גדולה שווייג‭,, ‬הפצועה האחרונה מפצועי טיול התלמידים. בקיסריה. עתה"" נשאר בביה""ה עוד פצוע אהד. ‭!9‬עולים אתמול הגיעו מתורקיה לחיפה 19 עולים, ביניהם 2 מעלית הנוער. התנגשות בין מכוניות־משא בסביבות עכו אירעה אתמול בבוקר ההנגשוה בין שתי י מכוייות־משא, יהודיות וערביה. כתוצאה ממנה נפצעו הנהג משה צדן ואטקה קליסקר. שניהם הועברו לביה""ח רוטשילד. שני פצועים קל נחבשו' ונשלהו לבתיהם. 18 בתי קפה נסגרו לשבועיים אתמול נסגרו בחיפה לשבועייבו ימים ע""י המפקח , על המזונות 18 בהי קפה על שלא קבלו נקודוה מאוד־ חיהם' ביניהם 6 של ערבים, קמה יועי אחד ו‭11-‬ …"
1943-07-15	hmf	hmf19430715-01.2.33	"…חיפה גברה הילודה בחיפה לרגל רבוי הילודה בחיפה והדוחק במטות בבית החולים רוטשילד --הוח‬‭לט בפגישה שהתקיימה ביום ג' בין וחכדי הועה""פ ש יל הקהלה והנהלת בית החולים להעביר את מחלקת היולדות לבנין הישן של ביה""חהדסה"" ברח' "" שמריהו לוין. יחד עם זאת!ישמרו על מספר מטות במקום זה לצרכי שעת ח…"
1943-10-05	hmf	hmf19431005-01.2.64	"…גנבה 27 לאיי קבצנית ערבית גבבה משכנה ברהוב עיראק 27 לא""י. נגנבו צמיגים 4 צמיגים הורדו מעל מכוגית משא שהגתה בדהוב הבורג בחיפה. עזב א‭*!‬ בית החולים _פנהם שובר, שנפצע קשה לפני שבועות מספד בדהוב הפועל בחיפה מיריות אקדוח‭"", ‬ עזב אתמול את בית החולים. _תאובח 1 עבורה יצחק גולדברג נפצע אתמול בזמן עבד דתו בנמל היפה כשאדגז כבד נפל על רגלו. הפצוע הועבר לבית הולים רוטשילד‭h…"
1943-11-02	hmf	hmf19431102-01.2.58	"… אלמונים 2 אלמונים 'נדרסו ביים א' — האחד ברחוב הג'אז והשני ?י"" חוף גיאט, ע_""י מכ-־יניות משא. הפצועים !הועברו במצב קשה ?_ביה""ח דיון יעל קיצוצים בתקציב הקהילה ביום החמישי ב־5 _אחה""צ תת־ קיים בתכניון העברי ישיבת המ?_יאה של קהי?ת חיפה בה יימסר דר'ה מאסיפת הנבחרים תאחרונ־־ יידונו בה בדבר קיצוצים כתקציב הקהי?ה ?שנת תש""ג — תש""ד. בקופת חולים לאומית החל מהר…"
1943-12-10	hmf	hmf19431210-01.2.31	"…ופת חולים עממית, ההנהלה הראשית ש?קרן _תל־חי, הדירקטוריון •הארצי של קרן _תיל־חי, ייוסף _פעמיני, ועד רופאי קו""ח בירושלים, בית החולים העי * רוניהדסה"" בתל אביב‭—, ‬ ד""ר נרושקה "" , שבתאי ?וי, ראש עירית חיפה, בית החולים' העירוני בחיפה, בית חוליםרוטשילד"" בחיפה, הק־ הלה ' העברית "" בחיפה‭?, ‬ד""ר נואק, מיזמקת הבריאות ש?הוער הלאומי, ד. צ. פנקס, דוד _םמילגיםקי, ארנון המעמד הבינוני — ב. י וינשטין, ש. מאירוביץ…"
1944-02-20	hmf	hmf19440220-01.2.53	"…פצע ביריות ביום ר ב־8 בערב בורג 5 יריות על עבדול לטיף ליד תחנת המשטדה המרכזית ברחוב המלכים‭'. ‬הערבי נפצע קשה והועבר לי בית החולים הממשלתי. נעצרי _בממ ערבים _התשודיס בהתנקשות. אספת השופטים במשפט השלום העברי בחיפה, ביום ט""ז בשבט תש""ד נתקיימה האספה השנתית של שופטי משפט ה_^_לןם העברי בחיפה• מד חדל""פ מסד מלוא ים לדין וחשבון המודפס. _ע…"
1944-08-17	hmf	hmf19440817-01.2.49	"…י או ארבע כתות בית ספר תיכוני. תלמידים חסרי תעו - דות יתקבלו אחרי בחינה מתאימה. כמועצת בית העלמין מאש מועצת בית העלמין בחיפה, מר י היבלד, יענה למרשיו מחר לפני הצהרים ירית הזזלמיו החדש• ?נאסרה שובתת שהפריעה, בענווה י אתמול י נאסרה ליד בית החולים בלומנטאל האחות בלומנטאל שעמדה במשמרת• היא נעצרה בנסותה להפריע לעובדת שביקשה להיכנס לבית החולים. בהלואה וחסכון""ץ ? "" בבהירות המילואים ב""הלואה וחסכון"" בחיפה , שהיו אתמול' נבחרו להנהלה ה""ה אברהם שינפלד וצבי סלומון;למועצהא רוטבלט, ד""ד א• רבין' א. פיטלזון, מ• בינוש ‭? , ‬ לועדת …"
1944-10-17	hmf	hmf19441017-01.2.56	"…מול לחיפה לאחר שבעדר העיד כ_^ה חדשים. מךדיקנםון ישוב . לתפקידו בתור שופט בריטי ראשי. ערבי נפל מגזוזטרה ונהרג ערבי ממזרח חיפה נפל אתמול מג־ זוזטדת ביתו ונהרג במקום. : שתתה רעל י _־ אתמול הובאה עי"" . מכונית מד""א ל־ ביה""ח רוטשילד בחיפה חנה מנדלביץ, כבת ‭., 30‬מקרית •מוצקין, במצב של חוסר הכרה, _כתוצאה משתית רעל. בפי ש־ מוסרים ?מביה""ח מצבה קשה.…"
1944-12-20	hmf	hmf19441220-01.2.50	…עובד קהילת חיפה מאיימים בשביתה עובדי ועד הקהלה בחיפה התכנסו 'אמש. לישיבה דחופה שב הדנו על . הגי רזת. שביתת אזהרה ליום אחד בשבוע הבא. שביתת 130 עובדי קהלת חיפה, פרט ל־80 עובדי בית החולים. ופועלי הנקיון בבתי הספד, אשד עלולה לפ‭--‬-רוץ לתקופה יותר ממושכת קשורה באי מלד דרישותיהם בדבר תוספת היוקר הנהוגה במוסד…
1944-12-29	hmf	hmf19441229-01.2.28	…דיפד אחר שביתת האזהרה של עובדי קהלת חיפה י ?פקידי ? ה־ . שביתת האזהרה של • _לןהילה העכרית _. בהיפה, פרט לעובדי בית החולים ובתי הספר‭;, ‬עברה בשקט. משרדי הקהילה היו סגורים ' כמש!כל היו* ועל השער הודבקה הודעה על שנניתת־האוהרה. כפי שנמסר לנו, ע…
1944-12-29	hmf	hmf19441229-01.2.28	"…ת ב־‭. 8‬ . אגודה להשתלמות במדע בשבת ב־‭— 6. 30‬ באך, היידן, שופן. ?' ', ‬ ‭. am תינוק בן יומו נמצא: ביום ג/ בתא טלפון בחיפה. הוא הובא לבית החולים ' ה"" ממשלתי. י ?‬ ‭. שטפו! בכביש יפו־הדרה מגיעים מי השטפון במקום אהד לעומק של 'מטר, מודיעה משטרת הדרה. ז…"
1945-01-22	hmf	hmf19450122-01.2.29	"…הייפד> מת משבץ ל _!ב חי_* אור ליום ‭?'ו‬ נמצא בנימין זיגמן, בן ‭, 47‬בחדר האמבטיה שבדירתו בלי רוח חיים. גופתו נלקחה לביה""ח ‭;?‬ממשלתי בחיפה, במקום שנקבע כי ל, מוחת נגרם משבץ לב. המנוח עלה _£רצה מפולין לפני 11 שנה. הניח אשה. ‭';‬דמתה ישיבת. מליאת ‭?""‬הילה. מיי…"
1945-01-25	hmf	hmf19450125-01.2.30	"…‭. ""‬מר ב. מ. מעיר ב""רשימות עפרון"" שלו תחת הכותרת: מיעוט י מאורגן מול רוב של אבק אדם‭:""‬ מן הראוי , שהדברים פה על המצב־ בבית החולים של הקהילה בחיפה, יגיע ללבם של רבים מן הישוב, כיון . שהשיבותם חורגת מתחומי המקום והענין. אין בדברים משום רתחנות של פולמוס, אין ""מליצות נ…"
1945-01-25	hmf	hmf19450125-01.2.30	"…אורגן בהסתדרות. ב) חברי ההסתדרות משלמים רס 50 אחוז מדמי החזקת החולה, העולה ר־‭1. 25‬ לא""י לידם, ובמשך השנה תומך איפ_1_א בית החוליה הכללי בקופת חולים בסך ‭13x00‬ לאי"" — ומכאן הסיבה העיקרית של גרעונו. ג) לקופת חולים יש בעפולה הסמוכה לחיפה, בית חולים מי־כזי משלה בשביל הבדיה, בעוד ששאר הקהל יכול לפנות רק לבית החולים הכללי;ד) הועד המנהל של בית החולים הכללי אי…"
1945-03-13	hmf	hmf19450313-01.2.61	"…הי""ד בפני ביה""ד לפשעים חמודים בחיפה החל אתמול להווברר משפטם של אבו זייד עבדאללה וםעיד חמדן, הנאשמים במצד!הנהג עזרא לוי מחיפה ב־20 ביו־ לי אשתקד ליד הכפר העדבי קסאיר לשב הקלה על ביצוע פשע — שוד צמי - גים. במשך היום נשמעו כ־10 עדי הק־ םגוריה' בתוכם רופא בית החולים ה ־ ממשלתי ישניתה את הגוויה וקבע ש־ ' המוות יבא כתוצאה מיריות אקדה מקרוב. ‭""'‬ כמו כן העידו כמה נהגים מהיפה, שסיפרו כי …"
1945-05-02	hmf	hmf19450502-01.2.53	"…zs פצועים בהתנגשות מכוניות ליד חיפה , בםעו מיגור לחגיגת א במאי בחיפה אתמול ב־3 אחה""צ יצאת מכונית משא מיגור עמ כמת עשרות מבוגרים' ונוער בדרכם להגיגת 1 במאי בחיפה. המכונית התנגשה במכונית _אחרתי 25 איש נפצעו ונלקהו ל־ ביה""ח רוטשילד, בתוכם 4 פצועים קשה. עד שעת מסירת הידיעה לא עלה בידי ־ נו לבדר דבר על מצב הפצועים, בי(כל הבר העובדים היה עסוק •…"
1945-06-14	hmf	hmf19450614-01.2.56	"…כיצד יאוזן תקציבו של ביה""ח רוטשילד בחיפה יו_&ב לאש לקהלה בחיפה הביא לפני הועד לפועל וועדת התקציב של קהלת חיפה את ההצעה. לפתרון' בעלת החזקת בית החולים ""רוטשילד"" שנתקבלה בלשלבית משרתפת של ב""כ הועד הלאומי מרכז קופת חולים' ייעל לקהלה…"
1945-07-19	hmf	hmf19450719-01.2.33	"…"" בשעת שחסן כאלד, מכפר יגור, י נרדם בזמן עבודתו בשדה' התנפל עליו ערבי אחר וחתך את צוארו בסכין. הפצוע הועבר במצב קשה ?ל' ביה""ח הממשלתי בחיפה. המתנקש ‭???? ? ??‬ נעל ם־…"
1945-07-31	hmf	hmf19450731-01.2.54	"…צרי נפצע קשה נקטטה בי!‬ ‭. -. פועלים ערביים בשעתקטטה שפרצה בין ' פועלים ; עדיבייט נפצע קשה פועל צטניי והועבר ממצב אנוש, לבית החולים המ'משלותוי. , ‭תרומות'.. ‬ חברה קדישא ועד חברה קדישא: בחיפה תרם 500 לוא""י לטובת ביה""ח . רוטושילד ו־250 לא""י לטובות' בנין בית הכנסת המרכזי של הדר הכרמל.…"
1945-09-07	hmf	hmf19450907-01.2.54	"… המפעל בלי רוח חיים בתוך להבות אש. הפועלת שמחה מזרחי נמצאה במצב אנוש. הגופות הועברו ע""י מכונית הצלב האדום לחדר המתים של ביה""ח הממי שלתי• בחיפה והפצועה הועברה• לביה""ח רוטשילד במקום שמתה כעבור זמן מה. על נסיבות האסון מוסרים לנו: ב־8 בבוקר עבדו בביהח""ר 4 צעירות, פו…"
1945-09-07	hmf	hmf19450907-01.2.54	"…קצין י י באום‭, )‬שהחל , בחקירה שנמשכה במשך כל היום. כן ביקרו במקום?סגן מפקד המשטרה בא""י , קולונל מקונל, ומפקד מש ־ טרת חיפה, הקצין ג'יימם, במשך, כל היום\ צבא קהל רב מסביב לבנין שנסגר בפני התנועה. ביהח""ר היה מבוטח ב־1500 לא""י. את הנזק אומדים ב־5000 לא""י ומעלה. יוסף משה ""לובובםקי, בן ‭, 48‬הניח אשה, בן ובת. הלל מימון, בן 40 הניח אשה ובת. שמחה מזרחי, בת ‭, 17‬הניחה י "" משפחה גדולה הנמצאת בחיפה. הלויתם של קרבנות האסון נערהה אתמול ב־5 אחה""צ מביה""ח הממשלתי בחיפה 'בהשתתפות קהל רב.…"
1945-09-14	hmf	hmf19450914-01.2.57	"…מ""מ הנציב העליון ממשיך ' מ יורו בחיפה במשךיום . אתמול המשיך מ""מ הנציב העליון מר שאו בסיורים , בחיפה וסביבתה. בשעות לפני הצהרים ביקר בלוית מושל המחוז מר לאו וקציני המחוז ה""ה לבהר וברגמן ומפקד משטרת חיפה הקצין ג'יימס בביה""ח ""הדסה"" במקום שנתקבל ע""י ראש העידיה, יו""ר ועד הקהלד"" מנהל. ביה_^_ח רוטשילד דייר זיידה, יו""ר ועדת בנין' ביה""ח מר בהרל ומנ…"
1945-10-03	hmf	hmf19451003-01.2.29	"…יל הראיון הקולקטיבי. מאות אנשים מדברים בבת אחת‭... ‬ הנה נראים 18 הצעירים, ממשפט העשרים, המתברר בפני ב י ית הדין הצבאי בחיפה, הם בולטים בצעירותם, ובכיפות הקטנות על ראשם. מצד ימין בכניסה לחצר עמוקה זו, אני עולה במדרגות ברזל """" שחורות לאגף המיוחד ' של בית החולים. ריח קרבול עולה באפי. כבד, לא נעים. נגשתי לדלת עשויה רשת ברזל עבה וסמיכה. מהצד . השני עמד אברהם ש י י ן. חור וצנום. לבו…"
1945-11-21	hmf	hmf19451121-01.2.41	"… בתקופה זו דאשתקד. ערבי נהרג בקטטה כתוצאה מקסטה בין כמה ערבים בכפר עמקה שבאזור עכו נפגע בראשו באבן עלי _מוחמד ראזק, שמת בביה""ח הממשלתי בחיפה. בנמל חיפה פרקו אתמול 1099 טון אימפורט והטעינו 1662 טון אכספורט. גם חיילים ערביים משוחררים החלו לפלוש‭... ‬ כ־50 חיילים ערביים, שש…"
1945-12-26	hmf	hmf19451226-01.2.47	"…תעלם מתביעה זו. הועלתה ההקצבה לביה""ח _האירוני בת""א מ־58 לא""י למטה לשנה ל־93 לא""י, כלומר תוספת של 11 אלף לא""י. כן ר"" יכד ביה""ח בעמק, ו_^קבל 8000 לא""י . בית החולים ""הדסה"" _בירושלים, ביה""ח של הק_"" הילה בחיפה' ביה""ח ביילינסון בפ""ת א נ‭1-‬ מקבלים כל תמיכו, ' מצד הממשלה. אחר דברים אלה הציע ד. רמז להטיל על גולדה מאירסון, היוצאת ב…"
1946-02-22	hmf	hmf19460222-01.2.68	"…מם&נת ‭""עגן-""'‬ בחיפה עלתה באש 20 אלף לא""י בזק — _משובלר הערבי נעצר מספנת ""עגן"" של ""סולל ‭, ""בונה‬ _הכמצאח בשטח הנמל המערבי, ליד ביה""ח הממשלתי בחיפה, עלתה באש ביוב ד' ב־‭10. 30‬ בערב. תוך שעתיים נשרף• כל. הרכוש שכלל ביתר מלאכה, מספנה, נגריה, מסגריה ו־6 ס…"
1946-05-17	hmf	hmf19460517-01.2.69	"…הה בבית הבראה בשבי ציון ליד נהריח, יצא לחתרחץ בתחום האסור, נסחף ע""י הגלים וטבע. גופתו נמשתה שלשום והועברה לחדר המתים של ביה''ח רוטשילד בחיפה. מסיבה לטובת מוסדות צבוריים ע""י מועדון ""רוטארי"" תתקיים היום בין ‭6—4‬ אחה""צ בגן אלנבי על הר הכרמל. בביהכ""נ המרכזי (רח' …"
1946-06-14	hmf	hmf19460614-01.2.68	"…1_זי_5י> מת משבץ לב ברחוב אהרן אלטשולר, בן ‭, 75‬מקרית אליהו בחיפה, מת אתמול משבץ לב בשעת לכתו ברחוב הרצל. גופתו נלקחה ע""י מד""א לחדר המתים של ביה""ח רוטשילד. דליקה בביח""ר - ""תמציץ"" כתוצאה מהתפוצצות בקבוק כתוצאה מהתפוצצות בקבוק שהכיל חומר כימי פרצה !ליקה בבית חרושת ‭. -, ‬תמציץ"" במפרץ חיפ…"
1946-06-19	hmf	hmf19460619-01.2.12	"…‭mrm rim ‬ אתמול בבוקר יצאו חמשה אנשים מחברה קדישא בחיפה, בראשותו של היו""ר מר תורן היבלר, לאזור עזיב, במקום שחיפשו בקוטר של 2 ק""מ אברי גוף שנאספו בשק והובאו להדר המתים של ביה""ח רוטשילד. עד כמה שידוע היו אלה אברים של גויה אחת. במשך יום אתמול יצאו מחיפה שתי לוויות: האחת מביה""ח רוטשילד, שלוותה ע""י כל הישוב החיפני, והשניה מביה""ח הממשלתי, כשאחרי גוויות ההרוגים נסעה רק מכונית אחת של החברה קדישא. גופתו של יחיעם ווייץ, בן ‭'28‬ הועברה לחדר המתים של ב…"
1946-06-19	hmf	hmf19460619-01.2.12	"…ה אתמול בבוקר הוכרז 'מטעם מוסדות הישוב על ביטול מלאכה בשעת ההלויה. קרוב לשעה 11 הושבתו כל המלאכה והמסחר בעיר. הכל נסגר בחיפה העברית ואבל כבד ירד על העיר. רבבות ־ אנשים — ברגל ובכלי רכב שונים — עלו בהמונים במדרון הכרמל, במקום שם נמצא ביה""ח רוטשילד. בחדר המתים של ביה""ח עבר קהל ליד הגופה והשק, שהיו מכוסים בסדינים לבנים ובסרטים כחולים, כדי להלק להרוגים את הכבוד האחרון. גופת ווייץ - לירושל…"
1946-06-19	hmf	hmf19460619-01.2.12	"…יץ הובא לקבורה על הר הזיתים. ההלויה השניה חמש שעות אחר ההלוויה בת רבבות המשתתפים הוסעו בשעה ‭5. 30‬ אהה""צ מחדר המתים של ביה""ח הממשלתי בחיפה גופותיהם של 11 ההרוגים (שנפלו בהתקפות על בתי המלאכה של הרכבות והנמנים לפי סברה על קבוצת שטרן‭. (‬כשכל גופה מכוסה בסדין …"
1946-06-19	hmf	hmf19460619-01.2.65	"… — בתוכם שלש צעירות — ו־‭— 15‬ בתוכם צעירח אחת — נתפסו. כל הנשק שהיה במכונית ועל גופות האנשים נתפס ע""י המשטרה. 20 הובאו לביה""ח הממשלתי לאחר ההתקפה — בשעה 4 אחר חצות — הביאה המשטרה לבית החולים הממשלתי בחיפה 20 איש, מהם היו 9 הרוגים ו־11 פצועים. שנים מהם גססו. בין הפצועים היו שלש צעירות. שנים מהפצועים מתו מצבם של 6 מהגברים וש…"
1946-06-19	hmf	hmf19460619-01.2.65	"… של שוטרים. שמות הפצועות שלש הפצועות , מסרו את שמותיהן: פרידה ברלין, בת ‭, 24‬מת""א, יהודית יחזקאל, בת ‭, 20‬מתל־עמל ליד חיפה, עובדת בביה""ח ""מולדה•' על הר הכרמל ומלכד. גרונוביץ, בת ‭, 19‬מת""א. 2 צעירים פצועים שמסרו את שמותיהם, הם צבי ארטל וגרשון נסים. האחרים …"
1946-06-26	hmf	hmf19460626-01.2.53	"…תתקיים באוניברסיטה העברית, בבית רוזנבלום (אולם טי) הרצאתו של דייר א. ריגר: רשמי מהנך מנסיעה באנגליה. הקהל מוזמן. הועברה מבית החולים לבית-הסוהת אידה ברלין, בת ‭, 20‬מת""א, מפצועות ההתקפה על בתי המלאכה של מסילות הברזל בחיפה, עזבה אתמול את ביה""ח הממשלתי והועברה לבית הסוהר הארעי בחיפה. נסגר מחנה הצי בחיפה י אתמול נסגר מהנה הצי המלכותי ""מא־ ריקה"" שבהיפה ונמצך לשלטונות הצבאיים. המחנח נפתח ב־‭, 1943‬כשהחל…"
1946-07-01	hmf	hmf19460701-01.2.45	…תראה עם כל האסירים והעצורים ומודיע, כי מצב בריאותם של כל האסירים טוב ושלומם הוא כרגיל. כן ביקר הרב בתא האסירים והאסירות בבית החולים הממשלתי בחיפה. הוא התראה עם כל הפצועים של המאורעות האחרונים, מצב בריאותם אינו מעורר דאגה והולך וטוב. הפצועים מקבלים את הטיפול הרפואי …
1946-07-05	hmf	hmf19460705-01.2.78	"…4 מתו בטיפוס בחיפה ב־3 הימים האחרונים ‭6-5‬ מקרים חדשים ליום מביה""ה הממשלתי בחיפה מוסרים כי במשך שלושת הימים האחרונים מתו בביח החולים 4 הולי טיפוס. בכל יום מובאים למחלקה המיוחדת ליד בית החולים כ־10־12 מקרים חשודים, שחצים נגועים בטיפוס. מזהירים שו…"
1946-07-05	hmf	hmf19460705-01.2.82	"…פצועי לח ""י בחיפה - מנותקים מן העולם לעשרת אנשי לח""י שנפצעו בהתקפה על מתקני הרכבת בחיפה אין נותנים להביא עתונים או ספרים. הם מבודדים בידוד גמור מן העולם החיצוני, ואפילו על מאורעות השבוע האחרון בארץ לא ידעו — מסר הדייר קצנלסון, שבקר בבית החולים הממשלתי בחיפה מטעם הועד הלאומי. הוא םיפר כי למעשה התכוון לבקר אצל פצועי העמק, אבל כיוון שאיש מהם לא היה בבית החולים, בקר אצל אנשי. לחייי, הנמצאים באגף מיי־ הד ומבודד כליל. הפצועים‭8, ‬ בהורים ו־2 נערות צעירות, כבולים בשלשלאות למי־ טותי…"
1946-07-14	hmf	hmf19460714-01.2.54	"…סודאן ושם מוסיפים לחפש אחריהם. אחד טבע ו־3 ניצלו חיים יונגמן ז""ל חיים יונגמן, בן ‭, 35‬טבע אתמול בשעה שהתרחץ בחוף חיאט בחיפה. גופתו נלקחה לביה""ח הממשלתי ואחה""צ הועברה לחדר המתים של ביה""ח רוטשילד. באותו זמן נגרפו ע""י הגלים עוד 3 אנשים באותו מקום. הם הוצאו מהמים במצב קשה, אך רופאים שהיו בחוף הצליחו להשיב את…"
1946-07-16	hmf	hmf19460716-01.2.58	"…פפנק נרשם בביה""ח ' הממשלתי כב. ג'וזף ""צהרים"" מוסר, כי לאחר חקירת סופרו יש לו יסוד לשער, כי פפנק, שהובא למחלקה הבריטית של בית החולים הממשלתי בחיפה בשבת בבוקר, הוא שנרשם שם תחת השם ברנרד ג'וזף‭.. . ‬…"
1946-07-22	hmf	hmf19460722-01.2.63	"…בית־חולים פרטי . גדול ומשוכלל יוקם בחיפה ביתולים ח פרטי גדול ‭150)‬ מטות) יוקם בקרוב במעלה הר הכרמל, בשדרות קיט־ רוטש_, על שטח של 10 דונם, ע""י ד""ד ב. הירשוביץ, …"
1946-07-22	hmf	hmf19460722-01.2.63	"…כל השכלולים המודרניים ויכיל מחלקות: כירורגית, פנימית, יולדות, מחלקת ילדים, אולמי ניתוח מודרניים, מכון רנטגן מעבדות וכר. ביה""ח יעסיק כ־ 100 עובדים ויקל בהרבה • על חדוחק הרב במיטות לחולי חיפה. הבניי וציודו יעלה כ־130 אלף לירות ויותר משני שלישים יתן מר י. הירשוביץ, בעל תעשיה ידוע מדרום אפריקה, אחיו של הד""ר הירש…"
1946-08-14	hmf	hmf19460814-01.2.25	"…אן ה־| שורש של שאיפת קו""ח למוסדות מר שלה דוקא, שתוכל לעשות בהם כ־ ! רצונה. כאן ההסבר לעובדה שנידונה בזמנה בעתונות בענין ביה""ח בחיפה. קים שם בית חולים של הקהלת ה־ עברית, הפועל תוך קשיים עצומים, וסובל ממשבר כתני. בי""ח זה חסר מחלקה פנימית ומספר מטותיו אי…"
1946-08-14	hmf	hmf19460814-01.2.25	"…ספת מחלקה פנימית והגדלת היקף המוסד יכלה לשפר בהר־ בה את השדות הנתן על ידו והיתה מביאה גם להוזלתו של האשפוז. קו""ח הקימה בחיפה לפני זמן לא רב בית חולים קטן משלה. ודאי 'שהחזקת מוסד קטן כזה (בסך הכל כארבעים מטות) עולה ביוקר, ואץ ספק שעל ידי השקעת הסכומים להקמת ביה""ת הזה במ…"
1946-08-20	hmf	hmf19460820-01.2.75	"…דזיפה מפגינים שנפצעו יצאו מביה""ח יעקב אהרן ולייזרבוים ישראל, מפצועי ההפגנה ברחוב זבולון בחיפה, עזבו אתמול *ת בית החולים רוטשילד. הנאשם ה־23 הועבר לביה""ח שבסוהר עכו ג'ק מנחם אלקלעי , שנאסר לאחר ההתקפה על בתי המלאכה של הרכבת בחיפה והיה הנאשם ה־‭, 23‬הועבר אתמול מביה""ח הממשלתי בחיפה לבית 'החולים שבבית הסוהר בעכו. הוא לא הועמד לדין צבאי יחד עם חבריו בגלל מצב בריאותו. פינוי ""חפצי בה"" בית המסחר ""חפצי בה…"
1946-08-23	hmf	hmf19460823-01.2.86	"…ם, בת ‭, 13‬ודורה לוי , בת ‭, 12‬ שחלו בשנית, הורדו אתמול מאנית הגירוש ""אמפייר הייווד"" והועברו למחלקח למחלות מידבקות של ביה""ח הממשלתי בחיפה‭,. ‬ האניה שוקעת בשעות הלילה נראתה האניה הרבה יותד עמוקה במים משתיתה במשך היום. כל שטח הנמל היה מואר בזרקורים מאניות המ…"
1946-09-11	hmf	hmf19460911-01.2.41	"…_מוקוביץ הוחזר לעכו יצהק מרקוביץ, מנידוני לה""י, שהובא לביה""ח הממשלתי בחיפה לפני 4 ימים, לאתר שנתגלתה אצלו תסבוכת, בכתף, הוח־ זר אתמול בבוקר לבית החולים של בית־ הסוהר בעכו. הרופאים קבעו שאינו זקוק לניתוה דהוף. ניסו לחדור לביה""ח ? מוסרים, כי אתמול את י ר 10 בבוקר נראו ליד בהיה""ה הממשלתי בחיפה כמה אנשים בלבוש ערבי. הם ניגשו לכניסה של בית החולים והסתלקו מיד. יש סברה, שרצו לחדור לבית החולים אך ברגע האחרון תזרו בה…"
1946-09-18	hmf	hmf19460918-01.2.59	"…חיפה שביתת־שבת ב""קלוזון"" חברי ועד הפועלים בביח""ר ""קלוזון"" הכריזו אתמול שביתת־שבת במשרדי בית־ החרושת בטענה שבעלי המפעל לא מילאו אחר ההסכם שנעשה ביניהם לפני כמה חדשים. אזעקת־שזא אמש ב־‭6. 30‬ היתד, אזעקת־שוא בבנק בדקלם בהדר הכרמל. נכווה דוד םמילנםקי, בן 34 נכווה אתמול ברגליו בביח""ר ""שמך. אמבולנס מ. ד. א. העבירו לביה""ח רוטשילד. יצאו חברי הועדה לחקירת הצפיפות בנמל היפה חברי הועדה שנשלחו מאנגליה לחקור את סיבת הצפיפות בנמל חיפה, סיימו אתמול את עבודתם ויצאו לאנגליה. הועדה שהו בנמל חיפה כמה ימים ונפ־ גשו עם מנהלי המחלקות השונות. פתיחת בית-םפר לאחיות מחר ב־‭5. 30‬ אחה""צ יתקיים בבנינו הישן של ביה""ח ""הדסה"" , ברח' שמריהו לדן, טפס פתיחת מחזור א' של בית הספר לאחיות שליד ביה""ח רוטשילד בחיפה. בעל בית-מםחר יהודי נצטווה לפנות מקום לערבי אתמול קיבל מד הוגו מדקביץ, בעל בית מסחר לרהיטים ""הומה"" שבמרכז המסחרי החדש, …"
1946-10-03	hmf	hmf19461003-01.2.57	"…ני בינעירוני. נפג'עה בזרם חשמלי מרים גורביץ, בת ‭, 40‬מגבעת משה. ‭, 'א‬ נפגעה בזרם חשמלי בהחליפה מנורה. במצב קשה הועברה לביה""ח ‭. ""הדסה""‬ האוטובוסים האחרונים של ‭, ""‬אגד"" בערב יום כפור ביום ו' ‭4. 10. 46‬ ערב יום כפור יצאו האוטובוסים האחרונים: מת""א לחיפה ירושלים ומושבות השרון בשעה ‭, 2‬לעפולה בשעה ‭;12. 30‬לטבריה בשעה ‭. 12‬ יום יהדות פולין המפעל נמשך עד אהרי החגים והעסקנ…"
1946-11-28	hmf	hmf19461128-01.2.1	…למעשה-השלטונות אשד צוו לקבור את שני קדושי האניה בהשאי. נו הובאו לקבורה שני הקדושים *סתר וללא דחיה נצטוותה החברה־קדישא _גחיפה להביא לקבורה את שני הקרבנות •»נפלו חלל על סף המולדת, בהיאבקותם עם יכוחות הצבא. בשעה ‭4. 30‬ לפנות בוקר הוצאו גופות הק־ :דושים מבית החולים הממשלתי כשמלוויהם היחידים הם עשרה איש מחברי החברה קדי־ •שא וקבוצת נוטרים יהודים. שני הקרבגות — _אייזיק רוזנבאום, בן ‭, …
1946-11-28	hmf	hmf19461128-01.2.1	…ד היה בנו של הרב מסרט. הרב חיים מרדכי, אחיו הוא רב בישיבת הרב דושינסקי בירושלים. הקרבן היה חבר באגודת ישראל. מצב החולים בבית החולים הממשלתי בחיפה נמצאים 10 חולים והם: מנדל מונטינו, בן 18 מרומניה, סובל מפצע בגב;מאיר גוטליב, בן ‭, 20‬מהונגריה, מחלת לב?יטי פינקלשטין, …
1946-12-24	hmf	hmf19461224-01.2.59	"…נסת המרכזי נשף חנוכה מסורתי בביצוע החזן. יצחק מן ובהשתתפות מקהלת רמב""ם. פרס לתכנית ביה""ה ההדש בהיפה בהתחרות לתכנית בנין בית החולים ""אלישע"" בחיפה קבל את הפרס הראשון האדריכל ר כ ט ר מתל־אביב. מקוים להתחיל בבנין בית החולים, שיוקם כמרכז הכרמל, בסוף חורף זה.…"
1946-12-27	hmf	hmf19461227-01.2.75	"…הלוואה לביה""ח רוטשילד בחיפה לאיזון התקציב הנציב העליון אישר את מתן ההלוואה בסך עשרת אלפים לא""י לכיסוי גרעון־תקציב בית החולים רוטשילד בחיפה. על דבר אישור זה הודיע מושל המחוז לועד־הקהילה העברית. ההלוואה תשולם במשך 5 השנים הבאות, יש לקוות שעם חיסול גרעון זה ישת…"
1946-12-30	hmf	hmf19461230-01.2.60	"…ת. המכונית הספיקה לברוה. שני הצעירים, שנפגעו ברגליהם, שכבו בצד הדרך במשך למעלה משעה. נהג ערבי שעבר במקום הסכים להעבירם לחיפה תמורת תשלום של לירה אחת. בחיפה הועברו ע""י אמבולנס של מ. ד. א. לביה""ח רוטשילד ואתמול לפנות ערב עזבו שניהם את ביה""ח. ‭!50‬חיילים בריטיים חולים יוצאים נודע, כי בימים אלה עומדים לצאת לאנגליה באנית הצלב האדום הבריטי ""אילניל"" כ־150 חיילים …"
1947-05-07	hmf	hmf19470507-01.2.52	"… כלוא עד אתמול בבוקר, כשהובל לכביש הראשי ושוחרר. המשטרה מודיעה: . אלמונים עצרו ביום א' את מכוניתו של דניאל מיקזאני, ליד ביה""ח בילינסון _בפתח־תקוה. הנהג הוחזק במעצר בפרדם סמוך עד 5 בבוקר למחרת. הטקסי נמצא שלשום בחיפה.…"
1947-05-07	hmf	hmf19470507-01.2.64	"…החג אלמוני הובא לקנווה בחיפה—מת האסיר נסים בן־עבדיה מועצת בהריה מכחישה שסירבה לםדר הלוית שבעת ההרוגים הגופה האלמונית שהובאה ע''י הצבא ביום א' לבית החולים הממשלתי בחיפה אחרי ההתקפה בעכו זוהתה אתמול סופית כגופת יהודי ומניחים שהיה אחד מהמתקיפים. אחרי שהגופה זוהתה כיהודי, צולמה ונלקחה טביעת אצבעות. הוא הובא לביה""ח הרוג מכדור שפגע בבטנו. שלטונות הצבא הודיעו אתמול אחה""צ לחברה־קדישא לבוא לקבל גופה של יהודי לקב-רה. בצנעה הוצאה אתמול הג…"
1947-05-07	hmf	hmf19470507-01.2.64	"…יד הקבר הפתוח אמר ""קדיש"" אחד מחברי החברה קדישא. ההרוג היה לבוש בבגדי חאקי עם חגורת עור, כבן ‭. 30‬גבוה, מוצק. איש מאנשי חיפה לא ידע על ההלויה. נסים _כן־עבדיה מת מפצעיו נסים בן־עבדיה, שנפצע בשעת ההתקפה על כלא עכו והובא לביה""ח הממשלתי בחיפה כשהוא פצוע ברגלו ובבטנו, מת מפצעיו אמש סמוך לשעה ‭. 6‬ בן 22 במותו. נאסר באפריל ‭1946‬ עם קבוצת 31 אנשי א…"
1947-05-11	hmf	hmf19470511-01.2.80	"…דכי מושקנ־ בליט מרת' ז'בוטינפקי בת""א נפצעו קשה ליד רעננה כאשר מכונית־הטנדר, בה נסעו התנגשה, במכונית צבאית. הראשון הועבר לביה""ח ""הירקון"" והשני ל""הדםה"" כשמצבם רציני. מהזיק _פצצרנ־כרוזיפ — לכיה""ד הצכאי יצחק בוזגלו, בן ‭, 29‬עזב את ביה""ח הממשלתי בחיפה והובא בשבת לפני השופט דאוד יוסף כששתי ידיו חבושות; הוא נאשם בנשיאת פצצת כרוזים שנת־ פוצצה בידיו בליל ‭20. 3. 47‬ בהדר ה…"
1947-05-12	hmf	hmf19470512-01.2.64	"…תינוקת נעלמה מביג""ח הממשלתי בחיפה תינוקת בת כמה שעות נעלמה באורח מסתורי מחדר הילדים של ביה""ח הממשלתי בחיפה. התינוקת נולדה לערביה נוצריה נעמי מוניה חאג' בשעה 9 בבוקר, הועברה לחדר הילדים שבאותו אגף ובשעה ‭2. 30‬ אח…"
1947-05-14	hmf	hmf19470514-01.2.74	"…_חלקי־גופה של חווני נמצאו בחיפה שתי ידים ושתי רגלים נמצאו שלשום ע""י פועלי נקיון של מחלקת הבריאות באחת המערות של החלק המזרחי של _חיפח. חלקי הגוף הועברו להדר המתים של ביה""ח הממשלתי ושם קבעו כי החלקים האלה הורדו מגופה לפני כ־־4_־3 ימים. אתמול בשעות אחה""צ נמצאה הגופה בתוך פח אשפה ברח' נצרת. חק…"
1947-05-18	hmf	hmf19470518-01.2.54	"…פושה מסתורית של חפיפת תינוקת ערביה התינוקת שנעלמה בשבת שעברה מחדר הילדים של ביה""ח הממשלתי בחיפה נמצאה אתמול בריאה והוחזרה להוריה. התינוקת, שנולדה לערביה נוצריה, נעמי דיוברן חגי, געלמה באורח מסתורי מחדר הילדים שבאגף …"
1947-05-26	hmf	hmf19470526-01.2.65	"…מוד בחוץ בגלל התנהגותו של המנהל, וסבתא אחת בת 70 שפנתה למ־ נהל להרשות לה לראות את נכדה' גורשה בגסות מחדרו. מצב הפצועים _בבית־החולים של בית־הסוהר שוכבים מוסקוביץ, בלקובסקי ודר, שנפצעו בשעת ההתקפה על בית־הסוהר. הם הועברו מ־ _בית־החולים הממשלתי בחיפה לבית הסוהר בעכו, במקום שהם נמצאים ללא טיפול רפואי מספיק . בביה""ח הממשלתי בחיפה נשאר עוד פצוע אחד והוא ברוך שמוקלד. לא הרשו לבקר אצל אסירות בית לחם בניגוד לנוהג לא הותר השנה לקרובי האסירות _בבית־לחם …"
1947-06-06	hmf	hmf19470606-01.2.24	"…ולו עומד תחת רושם ההתקפה על גשרי־נהרות ורחבות בארץ, נערכה בלילה השני לאחר מעשי־חבלה אלד, התקפה על בתי־המלאכה של הרכבות בחיפה ונגרם נזק עצום. למתקיפים — כפי שנתברר אח""כ אנשי לח""י — נגרמו אבדות קשות בשעת נסיגתם‭11. ‬ מהם נהרגו ביריות או מת"" מבצעיהם בעוד שפצועים אחדים ?נלקחו לבית החולים ומספר נוספים נאסרו. ביחד 18 איש, שנידונו אח""כ למוות ודינם הומתק אח""כ למאסר עולם. הלוויתם של 11 הרוגי לח""י ושל איש ""תנוע…"
1947-06-06	hmf	hmf19470606-01.2.24	"… ?סחר בעיר ורבבות חלכו אחרי ארונו. גופתו הועברה לירושלים. כמד. שעות אחר ההלוויה בת רבבות המש־ תתפים הוסעו מחדר המתים של ביה""ח הממשלתי בחיפה גופותיהם של 11 הרוגים מההתקפה על סדנות הרכבות. הגוויות הוט־ עב. על שלש מכוניות־משא. שום אדם לא נכח בהלוויה פרט ל""חברה ‭…"
1947-06-11	hmf	hmf19470611-01.2.74	"…נ. תשבי וי. דרויאנוב בשם פקידי המוסדות. — נודע כי ד""ר לאופר, מומחה מנתח ששירת בשעת המלחמה בצבא הבריטי , נתמנה כמגן מנהל ביה""ח הממשלתי בחיפה. — לרגל יום הולדת המלד ב־12 ביוני ‭, 1947‬יקבל מ""מ מושל המחוז אורחים במשרדו ביפו באותו יום משעה ‭12—10‬ לפנ""צ. פנקס המב…"
1947-06-30	hmf	hmf19470630-01.2.50	"…ד ""אםטוריה"" נמצאה כשהיא נקובה בכמה כדורים. נהג המכונית משה אליהו מזרחי עדיין עצור ונחקר ארוכות. לפי דברי הנהג הוא הגיע לחיפה זמן־מה אחרי ד בערב ונסע בכיון ביתו ברחוב הרצל. ליד בית הקפה וורנר הוא נעצרע""י צעיר וצעירה שביקשו ממנו להובילם לכרמל. בהגיעם ליד ביה""ח רוטשילד נדרש הנהג לעצור את המכונית ובאותה שעה קפצו על המכונית שני צעירים ששלפו אקדחים ודרשו מהנהג להמשיך בנסיעה עד הסיב…"
1947-07-21	hmf	hmf19470721-01.2.4	"…שהועד הערבי העליון דרש להחזיר את המעפילים לנמל המוצא בצרפת. שלשה קברים חדשים נכרו אתמול בשורת קדושי ההעפלה בבית העלמין בחיפה לשלושת הקרבנות של ספינת המעפילים "" יציאת אירופה‭. ""‬ בשעה 4 אחד‭""""‬צ — שעה בה נקבע מועד ההלויה — נתאסף קהל רב ליד ביה""ח הממשלתי בחיפה. שלוש הגופות הוצאו מחדר המתים כשהן עטופות. דגלי תכלת לבן, הועלו על מכונית שהמשיכה לבית העלמין ובעקבותיה נ…"
1947-08-01	hmf	hmf19470801-01.2.53	"…ערבי נורה ליד רמת-יוחנן ' בהודעה שנתפרסמה אתמול ע""י. ביה""ח הממשלתי בחיפה נמסר כי מחמוד מוחמד ?שחאדי בן 21 מכפר םאפה נפת עכו נורה ליד רמת־יוחנן שלשום ב־5 אחה""צ ע""י שומר יהודי. נפגע באמת ידו הימ…"
1947-08-06	hmf	hmf19470806-01.2.65	"…_הלוית צ?_ליננונה ז""ל קהל רב ליווה אתמול . למנוחתו האחרונה את צדוק ליםבונה ז""ל שנהרג בשעת השוד בבנק ברקלס בחיפה. ליד ביה""ח --רו‬‭טשילד הספידו יו""ר קהלת חיפה מד ג. לוין, אשרגינד ־ . בחריפות את הרצח. משם המשיכה הלויה עד בית־הספר ""אליאנס"" במקום …"
1947-08-10	hmf	hmf19470810-01.2.74	"…‭_an11'fvn==‬_־_113־‭_^_s ‬ — הםרג'נט ה. זקס, ממחלקת החקירות בחיפה, הועלה לדרגת ק_$ין החל מ־1 באוגוטט. — ד""ד אברמוביץ, מנהל ביה""ח העי"" דוני ""הדסה"" בת""א, חלר י היום מחופשתו.…"
1947-08-11	hmf	hmf19470811-01.2.43	"…ים פצועים צעיר יהודי נפצע קשה בשעה שאירעה התפוצצות במכונית טקסי שבה נסע אתמול ב‭11*‬ לפנה""צ, בקרן הרחובות הרצל וביאליק בחיפה. ־ הנהג יעקב ויץ, בעל מכונית מס‭444. ‬ משירות טקסי ""אורה‭, ""‬ירד אתמול קרוב ל־10 בבוקר במכוניתו מהר הכרמל לכיוון ההדר. בהגיעו ליד ביה""ח רוטשילד נעצר ע""י צעיד שביקש לחםיעו לתחנת ""אגד‭. ""‬ בדרך אמד לנהג לעבור דרך דחוב השילוח. בהגיעם ליד גן שטרוק פקד עליו הצ…"
1947-08-11	hmf	hmf19470811-01.2.43	"…י בשם חיים אקאייזן, בן ‭| , 22‬ מת""א, נעצר זמן מח אחרי החתפוצצות j בקידבת מקום כשהוא פצוע בראשו. המש* I טרה העבירה אותו לביח""ח הממשלתי. אחר ן שנחבש נלקח למעצר. מתנהלת נגדו חקירה. כן הועבר אריה פרידמן לבית הסוהר ו בחיפה. גם נגדו מתנהלת חקידח‭!. ‬ תיאור רשמי ממקור רשמי מודיעים: אתמול בבוקרו בשעה 10 התקיפו יהודים מזדיינים בשכונת! ! גאולה ב…"
1947-08-12	hmf	hmf19470812-01.2.64	"…הורע מצב הצעיו שנפצע בהתפוצצות בחיפה מביה""ח ""רוטשילד"" מודיעים שמצבו של הצעיד שנפצע בשעת התפוצצות במכונית טקסי שלשום לפני הצהרים הודע במשך יום אתמול ומצבו מעודד דאג…"
1947-08-12	hmf	hmf19470812-01.2.64	"…כו עדייו בביה""ת מנדל בלקובסקי וברוך שמוקלד מאםי־ די עכו שנפצעו בשעת ההתקפה על בית־ הסוהר — עדיין נמצאים באגף האסירים של ביה""ח הממשלתי בחיפה.…"
1947-09-07	hmf	hmf19470907-01.2.59	"…ן. _גפל ממכונית משה לתר‭, 18 p, ‬מקבוצת מגובה, נפצע קשה מראשו בשעה שנפל ממכונית בעת מהלסה. •במצב קשה הועבר ע""י מד""א. ל־ ביה""ח' »_מםשילל* בחיפה.…"
1947-09-17	hmf	hmf19470917-01.2.56	"…הרוגים ופצועים בתאונות דרכים במוצאי שבת נמצאה בשדה, ליד כביש , חיפה־יפו, מכונית פרטית הרוסה. אריץ קורנ־ פלמן, חוסיין דגלול ודוד סבאג הובאו ל־ ביה""ח בחיפה. הזוג טיופיק ולאביב חורי . מתו כעבור זמן־מה מפצעיהם. אשד‭_*. ‬מנית הובאה לביה""ח ביילינםון כשמצבה אגוש. סיכום התאונות ב־* ימים ב־13 בספטמבר אירעו 4 תאונות דרכים: איש אחד ונער, אחד נהרגו‭7, ‬ אנשים נפצ…"
1947-10-03	hmf	hmf19471003-01.2.67	"…ן ממכסת ספטמבר המונה 202 איש הג""עה אתמול לחיפה באגיה ‭. ""אפתליה""‬כל העולים ־. ועברו למחנה עתלית. מתו עוד 2 ערבים מפצועי חיפה האגודה המושלמית בחיפה החליטה להגיש תזכיר מחאה לנציב העליון על אדי שותה של המשטרה כלפי הטירוריסטים המסכנים את הערבים ההפים מפשע. אתמול מתו בבית החולים בחיפה עוד שני סוריים, שבךאללר. אל מוהר ומוסטפה עבדי. שנים מהשוטרים הבריטיים, שנפצעו בשעת ההפצצה, עזבו את בית החולים. לאחר הפצצות מרכז המשטרה בחיפה החליטו השלטונות הצבאיים בארץ להגביה את גדרי התיל המקיפות את האזורים המוגנים בכל חלקי האר…"
1947-10-08	hmf	hmf19471008-01.2.86	"…הערבי החיפאי אינו נגוע בחולירע בבדיקה הסופית במעבדת בית החולים הממשלתי בחיפה נקבע כי הערבי הזקן שהו בא מואדי םליב לביה""ח אינו נגוע בחולירע והחשד למחלה זו היה חסר יסוד. קנס_7 אי התיצבות במשרדי y הב…"
1947-10-08	hmf	hmf19471008-01.2.86	"… היום עשרות זריקות נגד חולירע לאנשים העומדים לנסוע לחוץ־לארץ. שוב נדרס יהודי ע""י מכונית משטרה בקרבת משטרת תל־מונד בכביש חיפה־תלד אביב נדרס אתמול ע""י מכונית משטרה פ. זיגברג, בן 30 מרמתיים בשעה שניסה לח־ צות את הכביש מאחורי איטובום. במצב אנוש הועבר לביה""ח בילינסון.…"
1947-10-09	hmf	hmf19471009-01.2.59	"… מהם נתפוצצו בקול רעש אדיר. כל נוסעי המכונית נפגעו, מהם שנים שנפצעו קשה והאחרים שברובם נפצעו מהדף ה־ אויר הועברו לטיפול בבית החולים ה- צבאי בחיפה. אמבולנס מד 'יא שהגיע למקום זמן מועט לאחר הפעולה העביר כמה מהפצועים לבית החולים ""עזרה"" הנמצא בקרבת מקום, ולאחד שאלה קבל…"
1947-10-10	hmf	hmf19471010-01.2.82	"…מלה וורודה בקשוטי פדחים צבעו־ ביים, היתד, המוצג הראשי בבית־הדין המחוזי בהיפה בפני כב' השופט יעקב אזולאי. התיבוקת שבולדה בביה""ח הממשלתי בחיפה ב־10 במאי ש. ז. לערביה בעמי עלית ח'ג, בעלמה באורח מסתורי מחדר התיבוקות כמה שעות לאחד ש־ נולדה. העלמות מסתורית זו של ה־ תיבוקת הטילה סערה בקרב עובדי ביה""ח והדבד הפך לשיחת היום בקרב דבים מבין עדביי חיפה. מכתב אלמובי שנשלח למשפתת ה־ יולדת הוביל לגלוי עקבות התינוקת אצל הערביד, חיכמת קאסם מואדי דוש־ מייה. העדביה באסדה והתיב…"
1947-10-20	hmf	hmf19471020-01.2.67	"…למקום התנפלו בדואים על המשמר ושחררו את האסירים. אחד השוטרים פתח אש ופצע את מחמוד עלי אסאווה, בן ‭, 66‬שהועבר במצב קל ל־ ביה""ח הממשלתי בחיפה.…"
1947-10-22	hmf	hmf19471022-01.2.81	"…ןןןןןןןןןןןן חיפה ‭!Hill ‬ נפצע קשה ע""י מכונית יונה ברנשסיין נפצע קשה אתמול בשעות הבוקר ע""י מכונית שעבוד. ברח' יל""ג. הוא הועבר ביה""ח רוטשילד. חוששים לשבי־ בעמוד השדרה. גנבו רכושן האתרון של עולות הדשות גנבים חדרו איר ליום ג' לבית החלוצות שברח' יל""ג בחיפ…"
1947-11-03	hmf	hmf19471103-01.2.76	"…שמעו?קרונברג | התעלף בטיולו ובמשך* שעתיים לא נמצא בשבילו מקום בבי""ח בחיפה נפטר אתמול בגיל 56 המדריך לזמרה שמעון קרונברג, מיוצאי גרמניה. המנוח טייל במוצ""ש על הר הכרמל ולפתע התעלף. אמבולנס מד''א …"
1947-11-06	hmf	hmf19471106-01.2.71	"…צרים, הכר, בבק- בוק בראש חברו וגם דקרו בסכין, כתוצאה ממריבה שפרצה על רקע של סכסוכי דירה. הפצוע הועבר לביה‭''‬ח הממשלתי בחיפה ולאחר טיפול של שבועיים הוא נשלח לביתו, אך זמן־מה לאחר שעזב את בי'ה""ח החלי פצעיו מעלים מוגלה ואז הוכנס שנית לביה""ח ומת מפצעיו. לאחר שהנאשם הודה. באשמה, הודיע השי־ פט כי בהתחשב במסיבות הוא דן אותו למאסר 12 חודש.…"
1947-11-11	hmf	hmf19471111-01.2.61	"…המכונית' ההתפוצצות שאירעה בד, ומאסרם של הנא־ שמים. כיצד נהטפה חמכונית הוא מסר כי בתאריך ד, ־10 באוגוסט ש. ז. נעצר בקרבת ביה''ח רוטשילד בחיפה הנהג יעקב ויץ משרות טקסי ""אורד‭"", ‬ על־ ידי צעיר שביקש ממנו להובילו לתחנת מד""א ומשם להמשיך לתחנת ‭. ""אגד""‬בשעה שהמכונית…"
1947-11-11	hmf	hmf19471111-01.2.61	"… הנאשם הראשון כשהוא פצוע קשה, ובמושב האחורי של המכונית נמצאו 2 פצצות מתוצרת ביתית ואקדח טעון 6 כדורים. בשעה שהפצוע הובא לביה""ח נמצאו בכים מכנסיו 6 כדורים נוספים. פיצד נא־ סר חנאשפ חשני הנאשם השני, חיים אקהויזר' נראה ע""י נוטר ערבי שעמד בקרבת ביה""ד המחוזי בחיפה רץ זמן קצר לאחר ההתפוצצות בשבגדיו מגואלים כתמי־דם. הנוטר פקד עליו להעצר אך הנאשם המשיך לרוץ ונ־ עלם בתוך אחד הבתים ברח'…"
1947-11-11	hmf	hmf19471111-01.2.61	"…ף "" זיו' בעל מכונית ביה""ם י לנהגות שנמצאו במקום בשעת ההתפוצצות. םרג'נט בריטי, מומחה לנשק במח' החקירות הפליליות של משטרת חיפה, ש־ הגיע למקום ההתפוצצות, מצא את דהאן פצוע בתוך המכונית ובהיפוש שערך בה מצא גם את הנשק. הוא ציווה להעביד את הפצוע לביה""ח ולאחד שחזר לתחנת ה־ משטרה בהדר־חכרמל מצא את חיים אק־ הויזר כשהוא סובל מחתך בראשו ובתוך שערותיו חלקי צמר גפן מאותו סוג ש…"
1947-11-16	hmf	hmf19471116-01.2.51	"…את המהלך לכיוון מרכז הכרמל. זהות ההרוג והפצוע בין נוסעי האוטובוס קמה בהלה ונשמע' קריאות לעזרה‭'. ‬הנהג כיוון את מכוניתו לבית החולים ""מולדה"" ובשעה שהאוטובוס נעצר נמצא על אחד המושבים הצעיר חיים גולדמז, בן ‭, 20‬מרח' הרצליה בחיפה, ללא רוח חיים. הוא נפגעבראשו ומת במקום. עמנואל בן _^ ציון בן גו דיו ן, בן ‭, 28‬נפגע בכדור בגבו. לאחר שהפצוע קיבל עזרה …"
1947-12-09	hmf	hmf19471209-01.2.66	"…בטנו הצעיד יוסף ג'ורג' זלייקה, בן 22 ממאה שעדים בירושלים. הוא נמצא בשוק הערבי בשעה שנורו עליו ידיות. הוא נפגע בבטנו ומת בביה""ח. הממשלתי. בחיפה. שוטר כריטי נהרג והייל נפצע השוטר הבריטי שיבלי, נורה ונהרג לאחר שהמכונית המשוריינת בה נסע ב־‭3. 30‬ אחה""צ הותקפה במטר י…"
1947-12-10	hmf	hmf19471210-01.2.11	"…חמרה. היא קיבל טיפול רפואי ונשלח לביתו. כן קיבל טיפול רפואי פראנצימ ניחן שנדקר בידיו במרכז המסחרי הישן. לכיה""ח הממשלתי בחיפה הובאו אתמול שני הרוגים שזהותם טרם נקבעה, אחד מהם נמצא הרוג ביריות ברח' עיראק והשני ליד השוק הערבי. במשך היום הובא לביה""ח הממשלתי ערבי אחד הרוג מיידיות ו־9 פצועים. אח""כ נקבע שאחד האלמונים הוא ערבי והשני יהודי, שזהותו לא נקבעה סופית, אולם סבו…"
1947-12-14	hmf	hmf19471214-01.2.21	"… ערבי שליווה אותו בעת שנסע להביא תשלום בשביל מחנה הפועלים הצבאי במנסורה, הנוטר שדד ממנו 70 לא""י וברח. הנהג הובא אח""ב ל־ ביה""ח הצבאי בחיפה במצב קשה.…"
1947-12-14	hmf	hmf19471214-01.2.77	"… שודד אחד. . לקול היריות הגיעו למקום כוחות צבא, הס הקיפו את הסביבה ?ערכו חיפוש, אך לא מצאו דבר, גופת איש הכנופיה הועברה לביה''ח הממשלתי. הצתות בחיפה אוד ליום שבת הוצתה חבות בדים בסמטת רובין בחיפה. הבזק בחבות באמד ב־1500 לא""י. בשבת בשש בבוקר הוצת בית החרושת לבקניקים איזן הבמצא ליד ""של"" חיפו על ערבים העובדים בחברת ""…"
1947-12-17	hmf	hmf19471217-01.2.41	"…ות של שקי־חול. והדבר החל בחיפה: בעיני ראיתי, ביצד איש ‭כפיה""_%‬ האדומה"" ירה ללא הבחנה בקהל יהודי לאור היום' ברחוב ועמל בחיפה‭3. ‬ יהודים . נפצעו ולא שמענו אף על כל חקירה במקרה זה. לאחר יומיים ברצח על ידי זקיף הלגיון הערבי ליד בית החולים הצבאי בחיפה זיגמונד מאכס ז""ל, שעבר לתומו כדרר לעבודתו ומרואמרנו: מקרים בודדים‭.. ‬עד שבא הרצח בסיטונות בדרר לבךשמן. והג…"
1947-12-25	hmf	hmf19471225-01.2.49	"…""בית הרופא"" מוקם בחיפה י • בימים אלד, הוחל בבנית ""בית הריפא"" של ההסתדרות הרפואית העברית בא_^שראל. סניף חיפה, על מגרשה הנמצא בין בית־ החולים ריטשילד לבין רחוב החשמונאים. זהו ביתיהרופא הראשון בארץ. בשלב הראשון תיבנה קומה אחת שתכיל — אולם הרצאות ל־200 איש, ספריה…"
1947-12-28	hmf	hmf19471228-01.2.68	"…יגגר, בן ‭, 27‬שב־ פעצ בשעה שנסע במכוניתו דרך חאליסה. דניאל קליםקר, בן ‭, 45‬נפגע קל ונשלה לביתו לאחר טיפול רפואי שקיבל בבית החולים. לאחר היריות על שכונת תל־עמל הגיעו למקום אנשי צבא. ותפסו עמדות במקומות שונים. פגישה עם מפקד הצפון ב""כ המוסדות בחיפה נפגשו אתמול עם מפקד הצבא במחוז הצפין בנוכחות המושל ומפקד המשטרה, בפגישה זו דובר על מצב הבטחון והתחבורה. המפקד הבטיח לנק…"
1947-12-28	hmf	hmf19471228-01.2.68	…על אופנים בקירבת מקום. 10 ערבים הרוגים ו־30 פצועים מד, שנוגע לאבירות הערבים הרי אין לקבל כל מםפר מדוייק של נפגעים ערבים בבית החולים הממשלתי בחיפה. כפי שנמסר מלא בית החולים פצועים ערביים ואלה מוסיפים להגיע במשך כל הזמן. בין ההרוגים הערביים ישנם כאלה שעדיין לא זוהו ו…
1948-01-01	hmf	hmf19480101-01.2.22.1	"… ' אנשי ""המשמר הלאומי"" הערבי בידו־ שלים. ‭**»""—> . ‬_־_* בלה פפירוביץ, בת ‭, 28‬נדצחה בנ־ סעד. יחד עם עובדים רפואיים מ־ ביה""ח ""הדסה"" בירושלים. _יופףז בבלי, בן ‭, 22‬מת מפצעיו שנפצע בהתקפה על אוטובוס ""המקשד"" ב‭- . -‬ירושלים. מרכופ 'ויצמן, נרצח ליד כנםית סט. לוקאם בחיפה. אלמוני שנרצח בחיפה בשבת זוהה כיצחק עמדי. מבין חללי הטבח בחיפה זוהו עוד: _L ־־ —־‭4_T‬ בילו‭!""‬מן נעים בספה ב1־ הודה בל…"
1948-01-01	hmf	hmf19480101-01.2.90	"…ה ‭15. 30‬ על יךי אלמו־ נים‭?, ‬כשנהג במכוניתו ליד כנםית סנט לוקאם ברחוב ההד בחיפה‭—, ‬ נמסר מ־ מקור רשמי. יהודי שנרצח בחיפה בשבת זוהה כיצחק עמרי גופת היהודי שנרצח• בשבת אחה""צ בשוק. הערבי בחיפה זוהתה •אתמול כיצחק עמדי והועברה לחדיר המתים של ביה""ח ""רוטשילד‭. "" ‬ יריות בדיד מתלפיות (רשמית‭. (‬בשעה ‭9. 20‬ אתמול כבוקר נודר יריות יעל אוטובוס מספר 7 מתלפיות, מבית בלתי …"
1948-01-04	hmf	hmf19480104-01.2.59	"…ושני נפצע מכדורים ברח' הרצל יהודי אחד נהרג ושבי נפצע בשעה שנורו יריות במוצאי־שבת בשעה: 9 ליד קפה ""מטח"" פול"" שברח' הרצל בחיפה. היריות י שנורו כנראה ממכונית פגעו בתי־ אודור גליקן בן 27 שנהרג ושמואל מזרחי בן 18 שנפצע. הנרצח והפצוע הועברו לביה""ח רוטשליד. נמצאה גופת אשה יהודיה בחיפה ‭^""""‬ גופת אשר. כבת 40 נמצאה אתמול בשוק הערבי בחיפה המגה מיריות. האשה לא זוהתה אך היאנראית . כיהודיה והועברה לחדר המתים של ביה""ח רוטשילד. פנחס זליגר הי""ד מת מפצעיו בביה""ח ""עזרה"" מת ביום ו' פנחט זליגר בן 40 שנפצע ביום ה' בעת שנורו יריות על אוטובוס מ…"
1948-01-04	hmf	hmf19480104-01.2.59	"… הכנסיה רשמית: בשכונת הפנסיה נמצאה ביום ו' גופתו של מוריץ אברמן בן ‭. 22‬כדור פגע בראשו, 2 ערבים נהרגו בקרבת רח' המלכים לביה""ח הממשלתי בחיפה הוכאו שגי הרוגים ערבים שנהרגו בקירבת רח' המלכים בנסיבות שטרם הובררו. אזהרת־שוא ל""של"" •אזהרה טלפונית נתקבלה אתמול בבוקר …"
1948-01-14	hmf	hmf19480114-01.2.39	"…מפעל המנויים לאישפוז תגדיל הנהלת ""אסותא"" בתל־אביב את מספר המטות שלה מ־100 ל־‭. 150‬למטרה זו ייפתח גם הקיץ על הדר הכרמל בחיפה בית־חולים ‭. ""אלישע"" ‬ בית החולים ""אסותא"" יוגדל ' עד‭!50. ‬מטות בפגישת העתונאים, שנערכה אתמול בתל־ אביב לרגל חכרזת מפעל חמנויים לאיש־ פוז, מסר ד""ד ב. חיר…"
1948-01-15	hmf	hmf19480115-01.2.48	"…2 ההרוגים האלמונים בחיפה - זוהו כיהודים שתי הגוויות שנמצאו בביה""ח הממשלתי זד, כמה ימים הועברו אתמול לחדר המתים יי י של ביה""ח רוטשילד‭.. ‬אחת הגופות זוהתה כידידיה סגל, בן‭20. ‬ מאחוזה. גופת השני טרם . זוהתה.…"
1948-01-26	hmf	hmf19480126-01.2.34	…_בית־החוליפ הממשלתי בחיפה הפך למוסד ערבי טהור היהודים עזבוהו, כי אנשי הכנופיות השתלטו על בית החולים ' בפגישות רבות •של י באי כוח הישוב העברי בחיפה עם באי כוח השלטונות האזרחי?ם והצבאיים הופנתה תשומת לב השלטונות למצב הבטחון במקומות העמדה המעורבים י ובמיוחד בבית החולים…
1948-01-30	hmf	hmf19480130-01.2.61	"…הלת חיפהתזכירים למושל המחוז בדרישות דלקמן: — א) לאחו_!ז באמצעים לחידוש עבודה תקינה של הדואר ולשיפור המצב בשרותי הטלפון בחיפה;ב) לפיתוח סניף של מחלקת הבריאות בהדר הכרמל ואגף למחלות מדבקות בתחומי הישוב העברי;ג) להכניס סידורי שמירה בבית החולים הממשלתי שיאפשרו לעובדי בית החולים לחזור לעבודתם. שיכון הדש ע""י תברת הכשרת חישוב בא""י בע""מ וע""י הברת אפריקה א""י להשקעות בע""מ. חמעונינים בשיכון החדש באדמת …"
1948-02-12	hmf	hmf19480212-01.2.70	"…ערת הערב בתחדשד ידידת אבשי דד כבדפידת רבשעה 6 בדרה רבהרג משה בדם־ קוביץ, בן ‭, 45‬מתל־עמל. גופתר הדעברה ל־ חדר המתים של ביה""ח ""רוטשילד‭. ""‬ מת מפצעיו זליג הבר, בן ‭, 36‬שבפצע שלשום ברחוב השומר' מת אתמול בביה""ח ""רוטשילד"" בחיפה.…"
1948-02-27	hmf	hmf19480227-01.2.90	"… של מחלקת העבודות הצבודיות' נשדדו אתמול ב־‭10. 15‬ בבוקר על ידי קבוצת ערבים, שאחד מהם "" היד. מזויין ב־ אקדח, כשחנתה ליד ביה""ח הממשלתי בצפת. נהג ערבי של מכונית של מח' העבודות הצבוריות נעצר אתמול אחה""צ ע""י אלמו־ נים בכביש _חיפה־יפו, ליד עתלית, ומכוניתו נשדדה. שוב!בהלות טרוריםטים 'יהודיים !במצרים לפי ""פלשתין"" נתפסו במימי מצרים יהודים שנסעו !בסירה…"
1948-04-19	hmf	hmf19480419-01.2.76	"… תקציבה ב־6 שבועות, מ־15 במאי עד ה־1 ביולי, לשרותי החינוך והעזרה הסוציאלית. גורל בתי חתולים הממשלתיים בהיפה ובצפת במחוז חיפה הציע הועה""ל לממשלה שתעביר את ביח""ח הממשלתי בעיר, המשמש אגב רק את האוכלוםיה הערבית, לרשותה של עירית חיפה. הממשלה הםכימה לכד ומתנהל כבר מו""מ עם העידיה על קבלת המוסד. הועה""ל מעוניין שעידית חיפה תקח לרשותה גם את יתד _בתי־החולים בעיר. כן מתנהל מו""מ על העברת ביה""ח הממשלתי בצפת לידי הועה""ל. משרדי הבריאות המרכז הארצי לשרות הרפואי המוקם בתל־אביב יקבל לפיקוחו גם משרדי מחלקות הבריאות המ…"
1948-04-28	hmf	hmf19480428-01.2.57	"…ביה""ח הממשלתי בחיפה לרשות העיריה מנהל מחלקית הבריאות . של הועד הלאומי, הדייר א. קצנלםון, וממלא מקומו ד""ר ב. היחשוביץ, והד""ר י. מאייר, מטעם …"
1948-04-29	hmf	hmf19480429-01.2.60.3	"…חןל_!ג ת ‭Jii-Jtxn‬ כנ ת מםחרםיןחד ' םציע עפרה:אימת!סחירים ‭_1'‬צאים _םחכלל _^ ביה ביה ‭_^'""‬ _ח ס רוטשילד _1אוזי1ת על בחיפה _^ד ? י| . הרשמת תלמידות לשנה א' ‭|. ‬ : הנהלת בית . הספר לאחיות _^ע""י בית ההולים רוטשילד בחיפח מודיעה בזה ! כי החלה הרשמה למחזור ב' של בית הספר ‭| :‬ אשר ייפתה בהתהלת החודש ספטמבר ש, ז‭:. ‬ I מועמדות …"
1948-05-04	hmf	hmf19480504-01.2.48	"…נעשות כל ההכנות כדי שממל מ־15 במאי יתחיל מנגנון ממסים לפעול בהיקפו ממלא. י החב' ד. רמז ומ. גרבובסקי ביקרו _בשבוע שעבר ?בחיפה ודגו עם אבא חושי וכר־ רב־מאי על הבטחת ממשך פעולתם של שרותי ממדינה. תשומת לב מיוחדת הוקדשה לבעיות מדואר. דיון על גורלו של בית החולים הממשלתי בחיפה ד""ר א. כצנלםון מטעם מחלקת הבריאות של הועד הלאומי בקר בחיפה ודן •עם העירית והשלטונות בדבר גורלו של בית החולים הממשלתי העומד להיות מועבר לעירית חיפה. הועד הלאומי הכריז על נכונותם של המוסדות היהודיים לקבל על עצמם את הטפול גם בחולים ופצועים ערבים הנמצ־ אים בבית החולים. הוא העמיד לרשות העיריה סך של 10 אלפים לא""י להקלת חעברד, של בית חחולים לרשותה. נתמנתה ועדה מיעצת בראשותו של ד""ד ניםנבוי…"
1948-05-27	hmf	hmf19480527-01.2.30	"…־ ימןת-חוא — אישפוז מהיד •ומלא-של החו־ לים _^שנוגעו במחלותאלח. _^ לצורד_^זה‭^^‬מטרריטי-מחהש את, חמחלקה למחלות: מידבקותי בביח""ח העירוני(מקודם הממשלתי‭:(‬ בחיפה‭:. ‬ ביה""ח למחלות ־ . מזב־ , קות ‭:. ‬ בפרדפ כץ י(ע""י־. בני \ ברק‭:(‬ ממשיד _*_בפעןלתו. :־במחלקות _ראלח‭';‬מוכנםים- שיפ…"
1948-06-22	hmf	hmf19480622-01.2.43	"…הסידורים בבית החולים הממשלתי בחיפה מחלקת חבליאות מוליעד‭:, ‬ בקשד _ל_T_יעות בלתי מדויקות, שפול־ םמו בעתונות על גודלו שלביה""ח. הממ־ ' שלתי בח_?פד"" מביאח בזד. מחלקת הבריאות לידיעת הצבור את הדברים הבאים: , ביח""ח הממשלתי בחיפה, הועבל מתאליך 15 במאי ש. ז‭,. ‬ללשות עילית חיפה. מחלקת הבליאות 'התחייבה להשתתף לע""ע ב־‭50%‬ מהוצאות החזקת ביה""ח. הוקם . ועד מנהל, בלאשותו של . לאש העיל, בהשתתפות ב""כ מ…"
1948-06-22	hmf	hmf19480622-01.2.43	"… ביה""ח הנ""ל — בתקופה חאחרונה של שלטון המנדט — אך ורק את התושבים הערבי . ים והעובדים היהודים הבודדים עזבו , כמעט כולם את ביה""ח בראשית מלחמה זו. עם שחרור חעיר חיפה ע""י כוחותינו, עזבו כל החולים הערביים את חמוסד. כן עזבוהו כל הרופאים וכמעט כל העובדים הערבים. מםיבח זו יש צורך לארגן מחד…"
1948-07-22	hmf	hmf19480722-01.2.68	"…_שביתת־אזהרה בביה""מ רוטשילד בחיפה כמחאה על אי תשלום המשכורת של יוני לעובדים פרצה אתמול שביתת אזחדח שנמשכה שעתיים בבית החולים רוטשילד בחיפה, בסניף ובמרפאת בית החולים. השובתים שמספרם נאמד ב־‭— 80‬ כולל האחיות והעובדים הזמניים — הזהירו את י ההנהלה שאם לא תתקבלנה דרישותיהם יפתחו בשביתה •…"
1948-08-31	hmf	hmf19480831-01.2.37	"…ל בעריכת ‭,, ‬אוצר התקנית שבישראל"" מימים קדומים עד ימיני. * בישיגת ועד הדיר הכרמל מסד ד""ר ב. ניסבוים, ראש השרות הרפואי בחיפה, על הפעילות של שתתי הבריאות האזרחיים והצבאיים, בחיפה. ־• 'בית החולים רוטשילד בחיפה עומד לעביר לרשות העיתה. * ועד הדר ־הכרמל הכין מיתקני מים לחבטחת אספקת מים להדר בשעת חרום‭62. ‬ אלף לא""י ה…"
1948-09-15	hmf	hmf19480915-01.2.59	"…ובצדק, למה לא תדאג גם לחינוך של ילדי ישראלי אשר לשרות האשפוז תובעת ת""א שהממשלה תקה לידיה את ""הדסה‭"". ""‬למה היא קיבלה את ביה""ח בחיפה ואיבה עושה זאת ביהס לביד‭""""‬ה בתל־אביב"" — שאל מד רוקה. דאש־העיר סיכם, כי עירית ת""א הוציאה כמיליון לא""י מאז 1936 לצרכי ה…"
1948-09-17	hmf	hmf19480917-01.2.78	"…ם. 2 בתי םסר _לאהיות לשכת המודיעין הממשלתית מודיעה: מטעם משרד הבריאות הממשלתי נפתחי ביום ד' ‭15. 9‬ בית הפפר לאחיות ליד ביה""ח הירקון בתל-אביב וכרת הספר לאחיות ליד ביח""ח הממשלתי בחיפה. מספר התלמידות בשני בתי 'הספר הוא ‭, 70‬מחצר, על מחצה.…"
1948-11-23	hmf	hmf19481123-01.2.67	"…ם חזרה. תאורה: בת ‭, 16‬גובהה ‭, 160‬שערותיה שחורות, לבשה שמלח אדומח ומעיל אדום. הופל הפפםוד פפיה""ה רוטשילד שביתת עובדי בית החולים רוטשילד ש־ עמדה לפרוץ אתמול בשעה 12 נתבטלה והסכסוך בין העובדים והחבהלה חוסל. נגנפו שלוש מפוניות שלוש מכוניות נגבבו במשך 24 השעות האחרונות בחיפה והן: מכובית צבאית של מר ז. מרגלית שבגבבה מרח' יוסף ‭;25‬ מכובית מם' 692 השייכת לא. פלדמן ובגבבה מרח' יל""ג;מכובית ממי 90…"
1948-12-20	hmf	hmf19481220-01.2.57	…2 נפצעו קעד, בהתנגשות _קרונ*ת במכוגית תאונת דרכים אירעה אתמול בצהרים ליד הצטלבות פסי הרכבת בקירבת בית החולים הממשלתי בחיפה. קרונית קטנה התנגשה במכונית צבאית וכתוצאה מכד נפצע קשה מרדכי למפרט, מנהל עבודה ברכבת. נהג הקטר מרדכי פרידמן נפצע קשה וה…
1948-10-29	hrt	hrt19481029-01.2.80	"…ורנות בתי מרקחת: היום: אםותה — רח' הרצל ‭, 56‬ טל. ‭;2706‬ בשבת: הדר — רח' הנביאים ‭. 21 ‬ הגיעו עולים שלשום הגיעו לנמל חיפה 200 עולים ואתמול הגיעו ‭400‬ עולים. חנוכת בית־הכנםת־ הצבאי ההנוכה התקיימה מסעם ביח""ח הצבאי והשרות הדתי ביום א' דחה""מ. האולם הו־ קם לפי תכנית האדריכל קומיט. בין חמש־ תתםים היו: ראש השרות הרפואי סגן אלוף …"
1948-12-12	hrt	hrt19481212-01.2.76	"… פ געהמכו־ נית נהוגה בידי נסים טורקיה, בצעירה נחמה זילבר&לט, בת ‭, 22‬ שרבבה על אופניים. הצ־ עירה נפצעה קשה והועברה י י ביה""ח רוטשילד בחיפה. נהג המכונית נעצר ושוחרר בערבות•…"
1932-03-15	hzam	hzam19320315-01.2.22	"…*חוץ מרביזיוניסטים* ב לפני זמן מה התפטר מנהל ביה""ח שלהדסה' בחיפה, והתעוררה השאלה "" על בחירת מנהל הדש במקומו. הנהלת הדסה"" עיבה קונקורם, וסוף סוף מצאה, "" כי ישנס שני מועמדים המתאימים ביו…"
1932-03-18	hzam	hzam19320318-01.2.15	"…ה של ""הדסה"" היא לא הקימה באר ץאף בנין אחד מחוץ לת""א. בתי החולים והמשרדים של ""הדסה"" נמצאים בבנינים שכורים. שכר דירה עבור בית החולים של ""הדסה"" בחיפה מגיע עכשיו לשלש מאות לא""י לשנה. יש אומרים' שבראשונה שלמו עבור אותו •הבית עד ‭900‬ לא""י לשנה! בזמן האחרון ישנה הזדמנות ל…"
1932-03-18	hzam	hzam19320318-01.2.15	"…רה זו בשטח של עשרה דונמים: חמשה דונמים של פיק""א וחמשה - ממשלתיים. ברשותה של ""הדסה"" ישנו סכום של ששת אלפים לא""י לשם בנין בית חולים בחיפה. ""הדסה"" דורשת' שקהלת חיפה תוסיף עוד ארבעת אלפים לא""י' ורק אחרי זה יתחילו בבניה. ובינתים אין נגשים לבניה' משלמים שכר דירה' וישנו חשש, שהממשלה תחזור בה ולא תרצה למסור את חמשת הדונמים. אילו נגשו לבנין' הרי בחיפה גופא היו נמצאים מתנדבים לא בכסף' כי אם בשוד, כסף. אפשר היה לקבל בנקל את כל המלט הנחוץ לבנין. בששת האלפים שכבד ישנם בידי הנהלת ""הדסה"" אפשר היה להקים בית חולים עם חמשים מטה. אבל ""הדסה"" מחכח ומזניחה את הענין חחשוב הזה.…"
1938-01-28	hzh	hzh19380128-01.2.32	"…היו כדלקמן: מרפאה (רופאים, אחות, רפו־ אות, רנטגן, טפול וכוי) ‭342. 361‬ לא""י. בית ההבראה ""מקור חיים"" ‭1254. 741‬ לא""י_: בית החולים ""הדסה"" בצפת ‭417. 728‬ לא""י!תמנעת הילדים בחיפה ‭182. 270‬ לא""י;בדוד חולים ות־ מיכות־ לחולים ‭270. 770'‬ לא""י. בסך־ הכל ‭2467. 870‬ לא""י. הסקירה הקצרה הזאת נותנת תמונה…"
1938-03-21	hzh	hzh19380321-01.2.31	"…לדרישות הספרדים בחיפח. אולם הקבוצה המת־ בדלת דחתה את כל ההצעות . וחיא ממשיכה בפעולתה המחרםת וחותרת י תחת אירגון הקהילה בחיפה. וועד חקחילח בחיפה הממלא יום־ יום _ל תפקידים ציבוריים חשובים בענפים שונים של עבודה לטובת הציבור, כמו עזרה סוציאלית לטובת העניים, החזקת בית החולים ""הדסה"" והחזקת החיגוך של אלפי ילדי חיפה, סידור מוסדות הדת הציבוריים: הרבנות, הש־ היטה, רבני השכונות ושאר;צרכי הדת הציבור…"
1938-05-03	hzh	hzh19380503-01.2.18	…_התנפשויות _באוטובוסים יהודים־ ־ פצצה באוטובוס בנצרת‭., ‬יריות אל אוטובוס בחיפה בשעה 3 אחר _הצהרים, כשאחד האו־ _מיבוסים משירות הצפון, בדרכו לט־ בדיה, עבר דרך נצרת, נזרקה עליו פצצה על יד בית החולים האוסטרי. הדרק לא קלע למטרה והפצצה נתפו־ צצה מחוץ לאוטו. שוטר ונוטר יהודי , באוטובוס, ראו את המתנקש, שהיה לבוש מכנסיים ל…
1938-05-31	hzh	hzh19380531-01.2.18	"…עזב את בית החולים ""ביקור הולים‭. ""‬ בירושלים עובדיה כהן צדק שנפצע ביום שלישי שעבר. שני הפצועים האחרונים עומדים לעזוב את בית החולים בימים הקרובים. וסן השופטים . להופשה היום יצא לחופשה ל־3 , חדשים וחצי זקן השופטים סיר טראסטד. ? מאפרים בחיפה בקשר עם רצח הסרג'נט-עאיש זו־ עבי בחיפה נאסרו י על הר הכרמל מוס־ טאפה עבדאללה מבפר טירה ואשתו, שנמצא אצלה אקדח טעון. נעלם _הסופאי של הכנופיות עתונאי סורי, שהיה…"
1938-06-28	hzh	hzh19380628-01.2.54	…מבית הסוהר נבחר מטעם הקיבוץ להיות בין כובשי . חניתה. שם נפצע כידוע על משמרתו באופן קשה מאוד ורק עכשיו הוא עומד לעזוב את בית החולים בחיפה. דוד פראנק, בן ‭, 20‬מהעיירה טינ־ גן, שליד ווירצבורג בגרמניה, עלה ארצה לפני שנה' בערד. היה שם חבר ברית • החלוצים הדתיים…
1938-08-08	hzh	hzh19380808-01.2.45	…ו כן היה נםיון של התנקשות בחיי שבי שוטרים בריטיים בקירוב מקום לתחנת המשטרה. לאור המס יבות האלה אין להחזיק חולים. יהודים בבית ההולים הממשלתי. ומסיבת ניתוק הטיליפונים אין לברר אם אפשר להעביר חולים הזקוקים לטיפול לבית חולים בעיר אחרת. — דדך צפת—עכו—חיפה נתונה לפיקוח שלטונות הרוצחים והשודדים, זה כשנה, שאוטומובילים יהודים אינם מעיזים לעבור בה. והנסיעה בעקיפין צפת—טבריה—חיפ…
1938-08-09	hzh	hzh19380809-01.2.47	"…כתם תעודה מיוחדת מהרבנות על נאמנותם. • הצעיר _יונזף גרמז שנפצע ב־10 ביולי בפצצה שנזרקה על ""חבר"" ברחוב ההר הבריא ועזב את בית החולים ""הדסה‭. ""‬ גי‭\2‬רבו2ןר בוזיפגז העתונאי האמריקאי הידוע ה' ניקר־ בוקר ביקר שלשום בחיפה ובסביבה. בין השאר ביקר בבית החרושת ""שמן"" ונתקבל על ידי הנהלת ביח""ח שליווהו בסיור במחלקות. בביקוריו ליווהו ה' גורדון מהס…"
1938-08-25	hzh	hzh19380825-01.2.42	"…ק נדול את ההוצאה לפועל של פתיחת סניף נוסף לבית החולים ""הדסה"" והתורניות של ""מגן דוד אדום"" עבדו בל הזמן בטיפול בפצועים גם בבית החולים וגם במניפו. אורגנה גם קבוצת תורמי־דם של 100 איש ואשה. מגן דוד אדום קיבל עליו את האחריות 'לסדור העזרה הראשונה בכל מחוז חיפה ושלח במות גדולה של תמרי תחבושת, אלונקות וכו' לנקודות שונות שבסביבה, שלא היה ביכלתם לרכוש בעצמם באמצעיהם הם את _החמרים הדרושים. בית החולים ""הדסה‭. ""‬מספר היהודים, שנהרגו ונפצעו בחיפה במשך יולי ‭- '‬ הגיעה ל־‭126‬ איש מהם מספר ההרוגים ‭, 17 —‬מבין הפצועים הוב־ או לבית ההולים 27 איש במצב קשה ‭— 17‬ פצוע…"
1938-10-14	hzh	hzh19381014-01.2.54	…3, ‬בינוני!גוסטב שטיינהרט ‭, 56‬בינוני אהרון הוגו, ‭, 28‬קל וגבריאל סגל מבת גלים אף הוא קל. שני האחרונים נחבשו ועזבו את בית החולים הדסה. כל הפצועים הם נגרים תושבי חיפה שנסעו לעבוד במקצועם . בתכניון הערבי הנבנה ליד ביתי החולים של הרכבת במפרץ. באוטו נסעו גם שני ער־ בים שהספיקו לקפוץ ולהינ…
1938-12-22	hzh	hzh19381222-01.2.41	…יישוב היהודי גס חרפת המיסיון, שנמצא שם מספר ידוע של ילדים עבריים שמחובת היישוב להוציאם משם. בחירוף־נפש נאבק על קיומו גם בית החולים העברי בחיפה. בית מקלט זה שבל הולד , יהודי שאין ידו משגת להירפא על. חשבון עצמו, בית ריפוי זה לנפגעים על־ידי. כדורי אויב _והתנפ־ לויו…
1938-12-23	hzh	hzh19381223-01.2.47	"…פתיחת בית החולים ?בחיפה ‭).. ‬סוף• מעמוד ראשון) ""הנתונים. במצנקה זה יזמן. . . רב‭- . . ""‬ י: י ה‭,. ‬מ. מ הנציב העליון אמר. ־ בדברי ברכתו שהוא שמח. . להזדמנות לפתוח מפעל _כביר־בזה בעצם ימי המאורעות. ציין• את התפתחות חיפה ההל מיבוש הבצות בעמק זבולון ועד הקמת בית הזיקוק לנפט והקמת בית התולים שהוא •המשוכלל •ביותר במזרח התיכון. לבסוף איהל לבית החולים _שיה־ן י יי יה תמיד ריק ועל אףכל;השכלולים לא יהא לאוכלוסיה התיפונית צורך בו. י ‭; * . ‬ ?•_־ ‭:? ? . ? . -‬• ה. מ‭';‬הב…"
1938-12-27	hzh	hzh19381227-01.2.17	"…י פנתה במכתב מחאה למזכיר הראשי של ממשלת "" ארץ ישראל 'בדבר נאומי הנציב העליון, מנהל שירותי הרפואה וראש עירית היפה בפתיחת בית החולים הממשלתי . בחיפה, שכידוע לא תורגמו לעברית. ו במכתב נאמר, ש""העובדה הג""ל פגעה שקה?ברגשותיו של הציבור העברי בארץ. הרואה בה זלזול בזכויותיה …"
1939-02-22	hzh	hzh19390222-01.2.3	"… _^ _מ il י _הו ‭! _lO. ‬ . אמש ב־‭6. 45‬ נורה. •ונפצע קשה בראשו השוטר הנוסף היהודי יעקב ווידיסלאכםקי ברחוב עבאם אפנדי בחיפה. הוא הובא לבית החולים‭"". ‬הדסה‭. ""‬ אתמול , . בשעה ‭6. 30‬ בערך, הובא ל""ה־ דסה"" הנוטר יעק ' ב וואוידיסלאב י סקי ‭). , ‬בן ‭, 25‬גר ברח' ברזיל…"
1939-03-13	hzh	hzh19390313-01.2.2	"…אהד הצהרים נורד, ונהרג חש־ ' י ?מלאי יהודי , אליהוסוקולניק, ונפצעקשה השוטר הנוסף שרגא שמעון, ליד תחנת הרכבת ‭,, ‬כרמל"" בחיפה. המתנקש, ערבי אלמוני, נמלט. סופרנו בחיפה מודיע: . החשמלאי אליהו. סוקניק, בן 38 תיקן פנס. חשמל בשטח הנמל על יד השער מס - פר 12 בקרבת בית החולים הממשלתי. נורו אליו כשמונה יריות _שפגעו בו והר־ גוהו במקום. במה ידיות פגעו גפ־ ‭:;‬נוטר שמעון שרגא, בן ‭, 25‬שנפצע?בבטן …"
1939-06-20	hzh	hzh19390620-01.2.12	"… משעה 9 לפני הצהרים עד להודעה חדשה. 'לאחר ההתפוצצות נכנס יהודי בשם אל־ פרד כהן לתוך חדר המתים של בית החו־ לים: הממשלתי בחיפה, שבו שכיבו קרב־ נות ההתפוצצות. • סבורים, כי. עשה זאת מתוך• 'סקרנות. הוא הותקף על־ידי נשים ערביות ונדקר:בגבו. הוא נמצא עכשיו במצב רציני. בבית ההולים. ‭? ""‬ העוצר _בחי&ח ‭. ';. ‬ הופסק אתמול ב־4 אחרי הצהרים וחודש אמש ב־‭;12‬עד ליהוךעה לחדשה. סופרנו מחיפה מודיע: עם הכרז…"
1939-07-03	hzh	hzh19390703-01.2.13	"…זב אתמול את בית העולים בדרכו למקומות;שוגים בארץ. כן עזבו את בית העןלים • חברי המכבי אשר ביניהם‭!. ‬כמה מהפצועים עזבו את בית החולים וחזרו לבית העולים‭;. ‬ המעפילים שנפצעו בשעת התהפכות המכונית הצבאית' ' , עזבו‭-. ‬אתמול את בית החולים ""הדסה"" • בחופה, מלבד שתי- הנשים קומורניק וגליקמאן, הזקוקות לטי־ 53 יי־ ‭'?‬־ ‭. V v "" ? ‬…"
1939-08-01	hzh	hzh19390801-01.2.42	"…קבורה נאמרה ? תפילת אזכרת ליד קבר האחים של . קדושי המאורעות לזכרם ולזכר מר. דוניה, חתן המנוחה, שנפל חלל לפני שנה. לבנין בית החולים היהודי בחיפה. אתמול ב־4 אחה""צ יצאו באי כוח הציבור והשכונות לסייר במגרש, שעליו יוקם בית החולים של הקהלה. על פעולת המגבית לבנין בית הח…"
1939-08-10	hzh	hzh19390810-01.2.3	…ת . שבעה אנשים נעדר הסרג'אנט הבריטי קינג וחוששים שטבע עם האגיה. י השוטר הבריטי. ברטון והשוטר נורדן ישראל נפצעו. והוכנסו לבית החולים. ־ בחיפה‭.. ‬מודיעים. כי מצבם אינו רציני. יתר ארבעת חברי הפלוגה טיפלו בהם נגד זעזוע , ויצאו את. בית־' החולים.…
1939-08-18	hzh	hzh19390818-01.2.32	"…ת זאריצקי !בת 54 •משכונת עיר גנים שבמפרץ. לאחר שקיבלה טיפול ? נשלחה לביתה. פרט במוצאי שבת יופץ סרט לטובת""עמרת "" זקנים"" בחיפה. הקהל מתבקש לתרום בעין יפה. למגבית בנין ביה""רו‭.. ‬ , בימים. אלה הופץ בחיפה קול קורא של הוועד ־לבנין בית החולים העברי , הגיונה :לציבור להשתתף בהקמת , המוסד אשר ערבו החיוני מובלט בייחוד בימי דמים אלדכן הופצו פלאקאטים . ועליהם ציור ת…"
1939-08-22	hzh	hzh19390822-01.2.29	"…ם נפל מסולם, בחנותו בשרתו את לקוחותיו ונגרם לו שבר בצלע. הוא זקוק לטפול רפואי ממושך. . - מפעולות וועדת בנין ‭: ;‬ ;•‭::‬בית החולים בחיפה: ‭:... ‬ ‭?""'‬ , הפעולה בקרב היישוב בחיפח נפגשה בהתעניינות רבה. יום־יום מתקבלים במש־ ' דד הוועדה 'מכתבי 'עידוד מאנשים: …"
1939-09-01	hzh	hzh19390901-01.2.37	"…תחנות לעזרה ראשונה בחיפה _למודיעים בזה, כיהוקמו תחנות לעזרה ראשונה ?לקהל במקרה י התקפות אוויר על י חיפה במקומות דלקמן: בית החולים הממשלתי החדש'משרד הבריאות- הישן, מרכז ‭""?‬מגן דוד‭, ""‬ בית הקפה ""קאוקאב אל סבאה‭, _""‬רהוב המלן/ תחנת החיטוי של . הנמל, …"
1939-10-15	hzh	hzh19391015-01.2.33	…‭M₪‬ בית החולים- _גחיפח בית־החולים של הקהלה העברית בחיפה, נמצא זה ?שנים ' •במצבבספי חמור. בשנה והאחרונה נעשה המצב ללא נשוא. עם 'המאורעות והדלדול !הכלכלי. של היישוב _:החיפוני !ה…
1939-11-23	hzh	hzh19391123-01.2.46	…עובד בעייתה כ־20 שנה. ראש ?העירייה, שחזר כבר לתפקידו אהרי מחלתו, נפרד בהזדמנות זו בדברים המים מאת מנהל מחלקת 'הבריאות 'בחיפה ומנהל בית החולים הממשלתי התר מק־טווין העוזב את חיפה לרגל העברתו לירושלים למשרת סגן מנהל מחלקת הבריאות של ממשלת ארץ ישראל. עולים אתמול ?ב…
1939-12-27	hzh	hzh19391227-01.2.55	… לשם הנצחת ישם אביו' המנוח. מקווים שגםהפעם יראת הצ י בור החי ‭. -‬ סוני את מסירותו למפעל אשר מחוץ לערכו הכללי הוא קשור לחיפה •במיוחד ובהצלחתו תלויה בית החולים בעיר. במפעל הסיוע של המזרחי 1 נפתח מטבח תמזרחי למחוםדי־אמצעים שהוקם מכספי מפעל הסיוע של המזרחי בחיפה. מספרתסועדים היאלע…
1939-12-28	hzh	hzh19391228-01.2.36	"…פי מס החירום . י במסיבת עיתונאים על מהלך הפעולה של מס החירום העומדת , עדיין בתחילתה, הודיע ראש הקהילה וראש הנהלת המפעל בחיפה, שלאחר משא ומתן מתמיד, שחת־ : נהל בייזמת עסקני היישוב. בחיפה, החליטה ‭' '‬ הנהלת מם החירום ליתן מקופתה ‭. 15‬אלף לא""י לשם בניין בית החולים על •שם רוטשילד בחיפה. י ?כידוע סובלת העיר . קשהזה שנים רבות מחוסר בית הולים הראוי לאוכלוםיה של למעלה מחמישים וחמשה אלף יהודים. בית החולים הקיים, המתקיים על ידי הקהילה ?העברית, . נמצא בדירה שכירה, בבניין יישן‭;, ‬שחדריו מועטים וצרים ובל־ תן. מותאמים למוסד כז…"
1939-12-28	hzh	hzh19391228-01.2.36	…ל התכניות הדרושות לכך, לרבות התבניות האדריכליות. פעמים רבות כבד נדמה, שסוף־סוף , נגולה מעל י העיר החרפה והמצוקה של חוסר בית־ חולים ותמיד צצו ועלו מכשולים ומעצורים?והתבניות נידונו שוב לגניזה. ושוב נגרע חלקה של• חיפה אף לגבי המושבות. הקטנות בארץ. יעצם הימים נתקבלה. הודעה. מגי ? ימס רוטשילד‭., ‬כתוצאה מהשתדלות נמרצת ?של אישים חשובים מא…
1940-01-15	hzh	hzh19400115-01.2.41	"…ק‭. ""‬פה אנחנו הורגלנו •לשאת בעול המסים. ולתת לתושבים שרותים. הממשלה אינה עוזרת לנו לגמרי. מתנהלת וויכוח עם הממשלה ביחס לבית חולים. שהוא מחוזי ומשמש את חצי האובלוסיה העברית בארץ‭,. ‬בחיפה יש בית חולים של הקהלה ויש שם גם בית הולים ממשלתי שעלה הון רב בבנינו ואף. החזקתו דורשת הרבה. השתתפותה של 'הממשלה בהוצאות…"
1940-01-24	hzh	hzh19400124-01.2.28	"…מפעולות העזרה שללינת מדק"" בחיפה "" לקראת שבוע הסמל של המוםד המוסד ""לינת הצדק"" ידוע בפעולותיו הנעלות בחיפה למען הסובל והחולה, האם ?והילד, היוצא _:מבית הולים' והקם מערש דוי ואין בידו להיאחז שוב בכנף •החיים. ""לעת הצדק"" , בחיפה . הוא המוסד הסוציאלי בה""א הידיעה אחרי הלשכה לעזרה ס…"
1940-04-08	hzh	hzh19400408-01.2.52	…יר לשוטרים החדשים את היוונות השקטות והרצויות של חברי משמרת שבת בכדי למנוע ?את?הישנות מאסרים כאלה. -הזוכים בתחרות התכנית לבית החולים העברי בתחרות - לתכנית בית החולים העברי ' בחיפה השתתפו 54 אדריכלים. אתמול התקיימה בחינת התבניות וזכו יוסף נויפלד ?תל אביב פרם ראשון, דיקר ?את שילד . תל אביב, וויינטרוי…
1940-05-09	hzh	hzh19400509-01.2.41	"…מרת ג'ייקובס ובנין ביה""ח רוטשילד משלחת מטעם וועדת בנין בית החולים רוטשילד של הקהלת העברית ביקרה 'אצל !מרת ג'יקובם, סגן נשיאת ""הדסה"" באמריקה, ששהתה לפני שבוע בחיפה ודגה אתה באפשרויות החדשות שנוצרו להקמת הבית. האורחת הבטיחה לדון עם המוס - דות המרכזיים של ""הדסה"" יעל השתתפותם בהוצאות ?…"
1940-05-27	hzh	hzh19400527-01.2.30	"…וץ לארץ. ?הוועד . המלא בהרכבו הקיים מאז היבחרו בא' חשוון תרצ""ב מתפרט לצורותיו עם שמות חבריו‭', ‬אשד רבים מהם נעדרו כבר מחיפה או מארץ החיים. בסוף באים פרטים מרובים ' מהענפים השונים של הקהלה ביניהם גס דו""ח כספי מבית החוליםהדסה‭, ""‬ וועדת המצב, "" הוועדה למען תיצרת הארץ‭"", ‬כופר היישוב"" ועוד. ד. ז.…"
1940-06-03	hzh	hzh19400603-01.2.61	"… סניטריות, פלוגה אי: בית הספר הימי, המרצים: דיר ארנשטיין ודייר רצקובסקי, שירות האחיות, בתכניון, המרצה ־ר"" בליקוב. בקהלת חיפה "" הערב ב־‭6. 30‬ בסניף ישיבת המליאה של הקהלה. על הפרק: בחירות, בנין בית החולים ושונות. עונת הכלבת עם הכללת חיפה לתוך איזור הכלבת מודיעה העירית כי על בעלי כלבים לקשור או לחסום את פי כלביהם. אחריי ייר…"
1940-06-14	hzh	hzh19400614-01.2.28	"…מניעת בהלה העלולה להיגרם על ידי צפירות אלו. הצפירות בשעת דליקות צריכות להיות מקיטעות. אתמול התחילו . בהעברת מספר. חולים מבית החולים ‭,, ‬הדסה"" בחיפה. לשם יצירת ריזרבה של מיטות בבית חחולים בהתאם להחלטת הוועדה המרכזית ליד הוועד הלאומי. כבר מראשית השבוע נשלהו לבתיהם כל א…"
1940-06-14	hzh	hzh19400614-01.2.28	"…חולים והושארו בכל מחלקה רק שלושה חולים צמצוםקבלתהוליםב ""במקום ‭. 12‬ ""הדםה"" אתמול הועברו ששה חולים מחוץ לחי‭--‬-פה‭3, ‬ לבית החולים בעפולה ושלושה לבית חולים פרטי בחדרה, שאתו יש. חוזה בדבר קליטת חולים בשעת צורך. בית החולים ""הדסה"" בחיפה ימשיך את פעולת הצמצום ככל האפשר והחל מהיום יתקבלו יולדות רק במקרה יוצא מן הכלל. כרגיל תסודר הלידה בבית היולדת וכבר הורכ…"
1940-06-14	hzh	hzh19400614-01.2.37	"… את הדבר מיום ליום. רבים הצובאים כעת במשרדי וועד הדר הכרמל על דלתות לשכת ה. ג. א. המקלטים הציבוריים כבר "" נגמרו. ‭1 v‬ 'בבית החולים הממשלתי כפי שמוסרים לנו‭., ‬לא חלו שים שינוי יים בבית החולים הממשלתי בחיפה. רק הועברו""אליו חלק גדול של הולים מבית החולים האיטלקי •שנסגר. לפי התכנית של מחלקת הבריאות הממשלתית הועמד לרשות בית החול…"
1940-06-25	hzh	hzh19400625-01.2.39	…ם במספר־מתאים, 'בשטח ההוספטאליזאציה נקבעו באופן סופי התבניות להכנת ריזרבה גדולה של מיטות כירודגיוית _בירושליב, תל אביב, חיפה, טבריה, בשני בתי ?החולים של קופת חולים, בית החולים בילינםוןליד פתח תקרהובית ' החולים בעמק ליד עפולה, וכן בשלושה• בתי הולים מושבתיימ —- ברחוב ו ת ‭., ‬פתה . תקרה והדרה. סי…
1940-07-18	hzh	hzh19400718-01.2.46	…מול בבוקר :עם רכבת ש _י נםעה ' למפרץ. הנהג ‭_ _‬ היל נפצע בזמן שהמכונית נהדפה מעוצם הפגיעה, במרחק של כמה , מטרים. הועבר לבית החולים הצבאי •במצב רציני. בעגיני גיוס אתמול •בקר בחיפה בעגיני , הגיוס מר י. קלינוב. ממחלקת התעמולה של הסוכנות. הוא סייר בסביבה ובא בדברים עם אי־, שים שונים ביחס . למפעל ?הגיו…
1940-09-10	hzh	hzh19400910-01.2.46	"… לפור"" !עים לפרוע ולשדוד את היהודים. עבודת _החיצוב לבנין בית _החויליס החודש יוחל בעבודות היישור בשטח המגרש המיועד לבנין בית החולים ""הד־ סד‭"", ‬ של הקהלה העברית. בכדי לתת דחיפה למפעל ועידוד לעסקנים בו, עשה מר פ. רוטנברג, ערב צאתו ללונדון בחודש מאי , מאמצים, שסכום של 5000 לא""י יימסר לוועד ־בגין כ…"
1940-10-07	hzh	hzh19401007-01.2.49	"…מקורות שונים: ‭(1‬ הכנסות מערכת החינוך ' מהרשויות המקומיות, שכר. לימוד י ; ומשונים 77700 לא""י‭(2;‬ מח. מדי. הדסה להחזקת בית החולים בחיפה 900 לא""יך ‭(3‬ מ ק רן ג ו לדברג למחל ק ת חתדבות 50 לא""י‭(4;‬ מלשבת עלית הנוער _לעלית יל־ דים 6600 לא""י‭(5;‬ מפדיון שבוי…"
1940-10-22	hzh	hzh19401022-01.2.31	"…ברשות היישוב !היהודי ‭, 12‬ויש רק בית הו־ . לים , ציבורי אחד של •הערבים. שני בתי החולים הגדולים והחדישים 'ביותר נמצאים בחיפה ובירושלים. האחד הוא ממ‭--‬שלתי שנשלם כשנת 1938 ומשני הוא בית הולים ""הדסה"" בהר הצופים. בירושלים, י שנפתח אשתקד‭... ‬י V רמת השירות הכללי של :בתי החולים ' בארץ ' היא גבוהה הן מצד !האיכות ו…"
1940-11-08	hzh	hzh19401108-01.2.64.1	"…ד. לכבודו ‭: I‬ י ולכבוד כל בית ישראל בארץ ישראל. : ן הנהלת הישיבה המרכזית חק' בירושלים ע־ יקות""ו ‭. I ‬ הוועד המנהל של בית־ החולים ""הדשה"" ‭. ?-. ?‬ של _הסהלה העברית בחיפה . מכריז על קונקורס למשרת . רופא מנהל בית. החולים(משדה שלימה ‭. (‬ ־ י (ידיעת השפה העברית ?הכרחית) על המעונינים להגיש את בקשותיהם, בצרוף התעודות עד יום ‭18. 11. 40‬ לפי הכתובת: בית החולים "" הדסה"" חיפה ת. ד‭. 940. ‬על המעטפה יש לרשום ""קונקורס"" ‭, ? \‬ ־"" יי ‭? ?‬ ־ י s ‭"" © SYDNEY 165 ""t I ©_BATAVIA 130 j ©SINGAPORE 1r …"
1940-12-16	hzh	hzh19401216-01.2.50	"… של סניף המורים בחי ־ פת — באגודה להשתלמות במדע (בית פבזנר) הערב ב־‭' , 7‬ דיוק בלשון — ד'; ר דה־ י . יגר. הצגות ""אהל"" בחיפה ביום חמישי ב־6 וב־9 בערב באו - לם ""אורה‭, ""‬חיפח‭2, ‬ הצגות ""גפ הלא באצילים‭, ""‬קומדיה מאת מוליר ע""י 'י י י דרדידה — מגהל. ביה""ח ""הדסה"" בחיפה : הועדה לבחירת מנהל •לבית החולים ""הדפה"" בהדה בד""ד י. זיידה, רופא בקופת, חולים?בת""א‭., ‬ובהיהתם החוזה ייכנס לתפקידו החדש.…"
1941-01-29	hzh	hzh19410129-01.2.58.1	"… : )‬ בלוית מקהלה מובהרת ‭. _:‬ ‭', '‬ יתפלל בבית הכנםתהמרכזי בהדר ‭1 | | |‬ ן ‭l:f\ Jl |‬ בנצוחו של מר _סירניצר הכרמל בחיפה התזן המפורםם &ר ‭1 I II |‬ י ־ ‭?'lira f if‬ פרטים במודעות י :י - ־ ‭: ""?‬ י ‭.. ‬ ועדת בנין בית החולים דדטשילד של, יעד הקהלת העפדית כהיפה ה ודעה . לקב לנים - מזמינים בזד. קבלנים להוצ‭»*« _מורוה , מאת עירית ירושלים י עירית …"
1941-02-24	hzh	hzh19410224-01.2.57.1	"…‭!?1? urn 111. _w»w*«M8*^_M«_MM|_M_ ‭;...,, ‬ י לועד בנין ביה""ח רוטשילד , של הקהלת העברית בחיפה (_מיםוךה של הדסה) 'נחוצים ‭(» , ?‬מחגדפ־מפו3אי(יזעץ) המומחה. יעבוד . תכניות מפורטות של •מתקנים של?םנטריות_, הפקה מרכזית…"
1941-02-27	hzh	hzh19410227-01.2.42	"…פיות ' שוניפ בארץ ‭' ?. ‬ הוחלט!על תתרכזות. _פוזודשת מסביב לתנועת _המופר י ועל פעולזתלפען למוד המוסר בין , החביכיפ‭'. ‬בחיפה. מתוך שיתוף עפ יתר י הפביפיפ. הוחל _בהקמת בית החולים _יזזודי י הי - שלשום 'הוחל בעבודות החפירה ויה‭-:-‬חיצזכ במגרשי 'בבין 'בית החוליפ של 'הקהלד"" היום יתקיים סיור ?של, עסקנים י ‭.. ‬י במגרש. ; _אזבתז לי, קסל ז""ל . היום &ל_»ו 5 שנים למותו ־של ישראל קסל ז""…"
1941-03-14	hzh	hzh19410314-01.2.34.1	"…וליפ העירוני ""הדסה"" מכריז על קבלת רופיא־עוזר למחלקת הילדים ?במשכורת של 15 לא""י ?לחודש. פרטים אפשר לקבל במשרד החנהלד, של בית החולים העירוני בשעות 10 עד 12 לפני הצהרים. הצעות מועמדים מתקבלות עד יום ‭. 25, 3, 41‬ | _עיייגז תל _*_זביב תיאטרון ארמון' חיפה, טל‭421, 1348. ‬ ממוצ'יש‭15. 3. 1941, ‬ פסגת התהילה לאמנות הפילם הרומי בקומדיה המוסיקלית המרהיבה וולגוז וולגה בבמויו המ…"
1942-04-17	hzh	hzh19420417-01.2.46	"…רותי ־ההתגוננות הופיעו ־בסדר על מקומותיהם. י ל: ־‭_WD_^‬ לרוצח -הערבי - ‭::-‬ י עיל . הכרמל ; ל‭""""‬ וביה‭''‬ך המחוזי י בחיפה התחיל בבירור ‭/-‬דינו ' של חסיין סלים ביאקיר הנאשם ברצח ךי י ב ' אל-צרי, ת מחיפה ב ־ ‭, 23/7. 41‬שגווייתו 'נמצאה: _ע־ל •הכרמל בסביבות בית החולים ‭,. ‬של: ד‭. '‬ד-־דוז1טאל. י ;_יחד אתו עומד לדין ; _*ותער •סע-יד "" עוואד על שעזר לו "" להתחמק. _5 •הגאשם""־ ־ כפי ש, מת!ב…"
1942-10-28	hzh	hzh19421028-01.2.37	"…חנויכח בית ?_התוידים רויטשיולר _ביהיפה ה*ו!פ ב־4 אהד הצד‭';""‬ ים תתקיים' חגי - גת החנוכה הרשמית של בית ?החוליפ רוטשילד בחיפה בנוכהותו של ה""מ הנציב העליון. בימיפ אדיה נסגר סופית בית החולים הישן 'שברחוב שמריהו לווין והוא ישמש לצרכי _חירופ כבית חולימ רזרבי. הפתיחה תיערך ביוכהות תפקידי מגשלה גבוהיפ, ראשי _מחקקות הבריאות הממשלתית 'ועסקני , הציבור העברי. מאסר עג מתן תרופ…"
1942-10-28	hzh	hzh19421028-01.2.50.1	"…‬_ןן יה""ר שיזכה להזות בעיניו את היפה הבנויה על תלה בהוסיפו לבנות לגזדלתה _ומטרתה ‭oooo ^_ooooooo ""פלס"" חברה לבנין בע""מ, חיפה שולחת מיטיב ברכותיה לועדיהקהלה העברית י ! , לחנוכת בית החורים _דנטש־לד (הדסה) ע"" ה. מ. הנצ""ב העליון ומביעה בזה תודתה לוועדת בנין בית החולים ‭. ?‬ על שיתוף ' הפעולה _דעזרתה הרבי. בהקמ־‭'. ‬ ""בגין : י למשפדת X ל צ ־ פרדס חנה :ברכת מז""ט לנשואי בתפ שר_!_ה עפבח""ל …"
1942-10-29	hzh	hzh19421029-01.2.55	"…פתיחת בית החולים בחיפה ‭). ‬סוף כעמוד ראשון) שבראש הוועד הלאומי' _הצליה להמציא עשרת _אןל""פים לא""י מ_»מם חירום"" דניפרה זו. המ‭;:‬שלה נועה 5000 …"
1942-11-27	hzh	hzh19421127-01.2.37	"… וקדשים ללוחמים _ונפגןעי המלחמה מבין העם ח_»ר־ מני היושב באיזור האוטונומי• . הלאומי ברוסיה ומחוצה לו. הרכב חדש לוו'עד . בית החולים רוטשילד בחיפה. בישיבת הוועד הפועל של הקהילה שהתקיימה ביום רביעי אושרה כניסתו שלא ‭., ‬ווינטר כחבר וועד הקהילה במ־ קומו של הרב אוסקרן (מזרחי :והפועל־ המזרחי) שהתפטר. כן אושר על הרכב אחר של הוועד המנהל של בית החולים רוטשילד, שלפיו יהיו חבריו ‭7. 9‬ מאנ־ שי חיפה בצירוף אחד מ""הדסה"" 'ואחד מהוועד הלאומי, כראש הוועד המנהל גב־ חר שוב מר . שבתי לוי. נציגי ה'קהילה -הם: ג‭?. ‬לווין, ר. ב…"
1943-01-13	hzh	hzh19430113-01.2.44	"…וך של קופת חו־ 'לים 'רכש את בניין בית ?החולים של רמאן י י !שפתח תקוה, ופתח שם 'מחלקה בירריגית נוטפת של‭30_, ‬ !מיוטיות. בבית החולים החי־ חני!יעיל שם דוטשיילי'ד בחיפה, גדלח ‭!_1‬גפש"" רות הקיל יטד"" ויחיד עם חבנין הישן ישנס ביום 95 מיטות. !עומדת להיפתח מתלקח כירורגית של 10 . מיטות 'בביתי…"
1943-12-29	hzh	hzh19431229-01.2.39	"… ביעד סולד שעל אדמת הקחק""ל. ‭5'‬ שנים ל""בלובאנד‭. ""‬ למלאות חמש שנים לקיומם של מפעלי ""בלובאנד"" ‭), ‬תוצרת מזון א""י בע""מ חיפה) נטעו | עובדי החברה גן ש‭. 200?‬עצים ברמת הכובש על שמו של מייסד בית החולים ומנהלו ד""ר שוקולאדה לילדם א. מילדסהיימר. י מוסרים לנו, שבקרוב עומדים בתי החרושת שוקולאדד, להוציא• שוקולא־ דד, לילדים, ש…"
1944-01-02	hzh	hzh19440102-01.2.26	…תאונה‭'?‬מהרוח בחיפה תאונת דרכים קטלנית אירעה בחי־ פה ביום ו' בשעות הבוקר ובד' נהרגו שני אנשים ?ונפצעו ‭31. 38‬ איש הובאו לבית החולים רוטשילד, הקרבנות הם: מנחם יודגדאו, בן ‭, 31‬עלה ארצה לפני כעשר שנים מבוקובינה. השאיר אשה ותינוק. אלכסנדר _כלנקנשטיין, ב…
1944-01-30	hzh	hzh19440130-01.2.54	"… לבית ?חולים ממשלתי. השבי גרוך טראכטב־ ברג בפצע ברגלו והובא לביתו. _מכוניית־משא נהוגה על ידי משה כהן פגעה ברחוב באלפור בחיפה 'ביעקב גלאזר‭?, ‬בן שלושים, עובד בבתי הזיקוק. הועבר 'לבית חולים 'רוטשילד. _נעוויתה ‭'!so‬טע לבית חולים רוטשילד בחיפה הובאה ביום השש י 'טובה כהן, בת ‭, 47‬שבכוותה . פביתה 'ברחוביההלוץ‭, ""‬פשהתפוצץ "" פרימוס. צייד על רוכלים ב…"
1944-01-30	hzh	hzh19440130-01.2.54	"…טרה צייד על :רוכלים ומצהצחי בעליים. 'שחדרו לארץ •באופן בלתי ליגאלי. חשיש ‭?. ‬גביה בינת יוסף רחמן נאסרה ברחוב םטנטון , בחיפה, כשברשותה 13 חבילות חשיש וחצי קילו אופיום. . בנין מתים וטהרה י בבי""ח ""רוטשילד"" בחיפה בימים אלה הושלם !הבטן החדש של בית החולים המכיל הדר מתים, חדר טהרה, חדדי המתנה, תפילה ועוד. הבית •שהוקם במרחק מה מבית 'התולים עלה ‭3. 200‬ לא""י‭'. ‬הבית הוקם בעצ…"
1944-02-17	hzh	hzh19440217-01.2.26	"…ודות־ להסדר־קשיי האספקה בשטח התזונה-לרגל ה""ש "" ?־ _פינג־םפיים‭, ""‬ כד יש למצוא את הדרך להקלת 'מחנק־הדירות ‭. 1. ‬אפילו בחיפה' זו הננו עדים ?למא־ מצים בשטח זה שריוכתדו בהצלהה והשלטונות די נתנו אם ?רשיונות את לבנייה דל־ חמריס. נזכיר הק_^ת""יבית המתים"" של בית החולים ? רוטשילד שהושלם בעצם הימים. האלה. דומה כי זהו הבנין השלישי. אחריי ""תלפיות"" ובית־העירייה שאין _כדתנמתו בארזי. למרחב ולג…"
1944-03-15	hzh	hzh19440315-01.2.51	"…יזי מתיה מדלןירויתיה אמינה בינת אתמה שנדקרה בסכין בחדרה ע""י מוחמד אחמד אל שיך שביקר אצלה (דאה ‭"", ‬הצופה"" מאת־ מול) מתח בבית החולים הממשלתי מפצעיה. כפי שמסרנו נ»סר הדוקר, השמחה 'בביתו של מר נת'נזון אתמול , נערכה 'חתונת בתו _היהירה של מנהל 'בנק 'אפי'ק 'בחיפה מר נ‭', ‬נתנזון. נוכחו מאות אורחים , _מםויבי הציבור ועסקניו‭?, ‬מנ־ :הלי _מאנקיגז‭., ‬ראשי חברות _ובמתים יציבו־ ריים, פ…"
1944-08-01	hzh	hzh19440801-01.2.28	"…לעני‭:!‬ שביתת בית חולים, בחיפה, א. םין בתי חולים פרטיים בחיפה ובין הסתדרות העובדים הוסכם ביוט י ‭22, 8. 43‬ על חוזה •עבודה אשר מלא _אןז כל 'התביעוו‭_^!‬_זל ההסתדרות ואשר קשר את תוספת יוקד לאינדקס הממשלתי (ראה ‭''‬מאמר חתום על ידי פרומה טיגד ב""דבד"" מיום ‭. (5. 9. 43'‬ ב. בית החולים ד""ר בלומנטל כמו יתר בתי חלולים פרטיים •בחופה משלם 1 את המשכורת בהתאם לחוזה הנ""ל. ג, חמשכורות !בבתי חולים הפרטיים בחיפה הן עולות על י המשכורות בבתי חולים במוסדות צבוריים. שבר עבודה של אחות מתחיל: ‭;? .. , -‬ קפתהוליב הידסה _גתידוזליפ _לריו…"
1944-08-01	hzh	hzh19440801-01.2.28	"…7. 44?‬ אבל ההסתדרות דחתה את החיוור (ר' מכתב הסוכנות לד""ר בלומנעל מיום ‭423. 7. 44‬ ו. חסתדרות העובדים חכריזה שביתה נגד בית חולים היר גלומגטל ביום ‭27. 7. 44‬ ?בלבד, לשם הגשמת תביעותיח כלפי בתי _תחלים. _פרטיים בחיפה ודחתה כל 'משא ומתן על השאלח אשר שנויה ?במחלוקת ;ר' מכתב ?החסתדרות מיום ‭. (25. 7. 44‬ ז. בתי חולים הפרטיים בחיפח חם מאו…"
1944-08-01	hzh	hzh19440801-01.2.28	"… יוכלו להמשיך בכל •העבודות הנחוצות בבתי' חולים 'הנשבתים יחיו -נאלצים להפסיק ביחד ' את ?השרות בכל יתר בחי חילים הפרטיים בחיפה• חיפה‭30, ‬ ליולי ‭. 1944‬ בי""ח ד""ר בטר ד""ר בלומנטל ‭"", ‬עזרה"" ""מולדה‭''‬ _^ • ‭1?""?'?-1 """"""?*— 1? "", "" ""? ™"" I-I. II.. II— - !‬ י ‭>»??!??!"" "" '"""" ‬…"
1944-08-20	hzh	hzh19440820-01.2.34	"…00 לא""י למפעל הקייטנות לילדים ועוד 50 לא""י — כהשתתפות בסידור מגרש משחקים חדש. בקשר לתערוכת אמני ארץ ישראל המתקיימת כעת בחיפה, הוקצבו 30 לירות פרס בעד יצירות אמנותיות. עור pnp של דבר ־ שלושה מקרים נוספים של דבי חובאו למחלקת ההסגר של בית החולים חממשלחי ובכר חגיע מספר המק־ רים לשבעה, מאז ה־20 ביוני. עד כד, קרו שלושה ?מקרי מוות, בתוכם המקרה של אתמולי בין חמשת אלפי…"
1944-08-21	hzh	hzh19440821-01.2.48	"…. ניימן, שנולדה בלוד‭, '‬ המתבקש' יתקשר בבאנק עם מר יהודאי. נשיכת נתש רחל פטר, בת ‭, 4‬נושכה על ידי נחש בקרית ים, במפרץ חיפה. מכונית מ. ד. א. העבירה את. הילדה לבית חולים רוטשילד במקום שניתן לה הטיפול הדרוש. לאחר הטיפול הוטב לה. תוסלה השביתה בבייה""ח בלומנטאל אתמול הוסרה משמרת •השובתים ליד בית החולים . בלומנטאל על הר הכרמל, כתוצאה מהסכם למו""מ בין הנהלת בית החולים ומועצת פועלי חיפה. שיתהיל היום. השביתה נמשכה כחודש ימים.…"
1944-08-24	hzh	hzh19440824-01.2.37	… משלחת עורכי הדין הערבים שהשתתפה בקונגרס עורכי _הןין הערבים בדמשק חזרה נדרם מכונית משא של הדואר דרסת אתמול בר־ חוב יפי בחיפה נער ערבי בן‭. 12. ‬הוא נפצע כאופן קשה והועבר לבית החולים הממשלתי. הנהג נעצר לשם חקירה. * שוחררו מעטלית ? ששים איש שוחררו אתמול מעטלית. היום ישוחררו עוד מאתיים. הקרובים מתבקשים …
1944-10-08	hzh	hzh19441008-01.2.36	…וב םירקין 2 בעטייה של פתיליה בוערת שהשעירו ' בדירה סגורה. המטבח עלי' ב_^_שי• ‭2 _^ , ‬ חולי דבר 2 הולי דבר. חדשים הובאו לבית החולים הממשלתי י בחיפה. כרגע נמ־ צעים במהלקהו ז של בית החולים ‭?7‬הולי דבר. פעולת ההסברה וקריאה לזהירות מתנהלת. מטעם העיריה גם מעל הבד בבתי?הק…
1944-10-16	hzh	hzh19441016-01.2.55	"…בדות"" שברחוב בית""ר. נגרם נזק לרהיטים וכלים בשווי 50 לא""'י בערד• •נפל לים ונימש'ה V המלח אלזנר נפל בשבת •מספון אניד?בנמל חיפה אל תוך הים. הוצא מהמים מחוסר הכרה ופצוע י בראשו‭,. ‬הובא לבית חולים צבאי. ־"" ב""הפועל המזרחי"" . הערב כ־‭6. 30‬ ישיבת וועדת השי- - כון. ב־‭8. 30‬ ישיבת . הוועדה של הליגה למען הפועל הדתי‭. .…"
1944-10-26	hzh	hzh19441026-01.2.26	"…מההווה בעיר העתיד סכנת הדבר ו—עברית מחלת חדבר מתפשטת בחיפה מיום ליום, בצעד ""אטי ובטוח‭. ""‬כמעט שאין לך יום שלא יובאו בו חולה או חולים חדשים למיבדדה של בית החולים הממשלתי. עשרות קרבנות נפלו בחי־ פה מבין כל העדות ממגיפה ממארת זו ושלטונות הבריאות עושים מאמצים במלחמה לבלימת הסכנה אשר …"
1945-02-21	hzh	hzh19450221-01.2.50	"…. "" בשטח הבריאות י : 'משלחת עם ראש העירי־. שבתי לוי בראש בקרה אצל מושל המחוז ודנה אתו על שי־ רותי הבריאות לציבור העברי בחיפה והתמיכה הראוייד, לו מצד הממשלה. בין הדרישות: הכרת בית החולים רוטשילד כבית תולים ציבורי וקביעת' הקצבה •בהתאם למעמדו זה. נעלמה ילדה מר לובצקי מרח' יל""ג 29 ?בהיפר?מודיע שבתו רות, בת ‭…"
1945-05-30	hzh	hzh19450530-01.2.47	"… מניחים שהיא שלהר, ין ' בנפשה על ירי שתיית ועל, ושמתה בשעות . הבוקר של י אותו היום ‭' "". ‬ '• החיילת היתה בת ‭. 22‬עבדה בבית חולים צבאי'יובאה' לירושלים לטיול. הניחה אם וחמשה אחים. ' הובלה אתמול לקבורה בחיפה. ‭_~ ; ; '‬ נ&צעה:יעל ידי מכונית 'מרים נאקאר 'בת 21 נפצעה קשה אתמול כשמכונית עלתה על העמוד המסמן את הדרך 'בפנת רחוב הרב…"
1945-06-12	hzh	hzh19450612-01.2.30	"…שות על ידי . העיריה נשטח הדר הכרמל ייעשו בעבודה עברית. אין להיבהל מגדעון אס הדבר מכוון להג־ ולת הרכוש הציבורי של השמנה. בית החולים ""רוטשילד"" נמצא בכל רע ועלינו לתת את דעתנו על מצב אישפוז החו־ לים בחיפה. זמן רב יעבור עד שיתגשמו תכניות השיכון של העירית ובינתיים מהר בתנו להקים מיד • באמצעינו • אנו _דירוח לשיכון עולים. אחד …"
1945-06-25	hzh	hzh19450625-01.2.44	"…ראויים לתמיכת הממשלה בשיעור של 50 _אחוו מהוצאות 'החזקתם. צורפה רשימה שכללה את חלוקת ‭1. 100‬ המיטות בבתי חולים של הרשת: בית החולים 'האוניברסיטאי — הרסה המשמש גם מרכז להוראה והשתל־ מות 'רופאים) בית החולים העירוני' בתל אביב, בית החולים של קהילת •חיפה, בית החולים שווייצר שבטבריה. בית החולים ביליגסון ו""עמק"" של קופת חולים, בציינו שתקציב 'הרשת בסעיף זה מגיע לחצי מיליון לי…"
1945-07-22	hzh	hzh19450722-01.2.53	"…ליון מיום בי, ‭—, 16, 7. 45‬ נמסר בהודעת הנהלת הוועד הלאומי. חברי המשלחת עמדו במיוחד על המצוקה בד, נתונים שירותי קופ""ת _ובית־החולים של הקהילה העברית בחיפה. ה, מ. הביע 'את הערכתו הרבה לשירנתים הרפואיים של היישוב ואח אהדתו המלאה לצרכים אשר הובאו לפניו‭'. ‬הממשלה עיינה בכובד ,…"
1945-07-22	hzh	hzh19450722-01.2.53	"…כהית• המשלחת היתה מורכבת. מהבאים! י. בן־צבי ודייר א. קצנלסון מהנהלת הוועד הלאומי, ג. לוין. יושב ראש וועד הקהילה העברית בחיפה, ש. לוי , יושב ראש הוועד המנהל שיו בית החולים ""רוטשילד"" בח-פת, והד""ר י‭'. ‬מאיר, המנהל, הרפואי של קופת החולים.…"
1945-07-25	hzh	hzh19450725-01.2.56	"…למזכיר הראשי של הקהילה. כן הוחלט לפנות לממשלה בבקשת רשיון לקבלת בסוך 10 אלפים לא""י למשך ‭10—8‬ שנים לשם כיסוי הגרעון של ביה""ח ‭,, ‬רוט' שילד"" של הקהילה. ' בתורים בתור לקבלת ארוכים צבאו סדיני אתמול "" תועלת עקרות "" הב' ית בחיפה על פתחי החנייות שבהם חולקו למכירה סדיני ""תועלת"" מטעם המפקח על התעשייה הקלה. המכירה לפי המחיר הממשלתי היתד, לפי תעודות ז…"
1945-07-25	hzh	hzh19450725-01.2.56	"…לשמור על הסדר. ?נוטר י נפל ממגדל צופים הנוטרולי סמאן' סלמאן עי אש נפל אתמול בבוקר ממגדל הצופים של 'משטרת התחנה המערבית בחיפה והועבר במצב רציני לבית החולים הממשלתי. י ילד נדרם ילד בן 4 בשם סלים סעדי נדרס ע""י מכונית צבא ברחוב יפו והועבר 'במצכ קשה לבית החולים הממשלתי.…"
1945-10-15	hzh	hzh19451015-01.2.32	"…ו עם מכוניות המשא שלהם י על הר הכרמל — נמשכת החקירה. אחד השוטרים הערבים שנפצעו בשעת שםרור המעפילים מהמחנה בעטלית עזב את בית החולים. האשד"" שנמצאה מתה במחנה בעטלית, שמה אנה יוראש, הובאה לקבורה בשבת בבית הקברות של העדה היונית־קאתולית בחיפה•…"
1945-11-23	hzh	hzh19451123-01.2.14	…אביב מעולי נסעו אשתוי בולגארי , שנפצעה ד, נספה אף בו היא, במקום ועוד ‭, . ‬ אתו כמה ?אנשים, ושנים מהם נפצעו קשה והוןברו לבית החולים הממשלתי בחיפה• המנוח, שמצא את מותו באופן טראגי כזה, יצא ?בדרך לחיפה לפגוש את אביו שבא עם השיירה האחרונה מבולגאריח. הוועדה י לחקר החינוך היהודי שמעה עדויות במשך השבוע מפי נציגי והוועד האונ…
1946-03-20	hzh	hzh19460320-01.2.57	"…חיפה מסינית נגנבה בערמה ונמצאה • ע""י המשטרה, ביום שני סמוך לחצות לילה הערימו 2 אנשים לבושים כאורחים על שומר מגרש החניה ליד בית החולים ""בתר"" ברח' פבזנר וגנבו מכונית משא של מרדכי ליברמן. הם ' הציגו עצמם כמפקחים על הי צמיגים מטעם מהלקת הדרכים, בדקו את הצמי…"
1946-05-15	hzh	hzh19460515-01.2.59	"…רחמן נאסר בישול ו הערב• בהיפר, בעוון נסיון לרצח. נפצע נחום _נוימאן, בן ‭, 13‬מכפ־ עטה נפל מאופנים ונפצע בברך. הועבר ל י בית החולים רוטשילד. תכונה ליום מירון אתמול ־ורגשו בחיפה אותות ראעונים של הנסיעות למירון. באו _אירתיפ טבק מות שונים השוהים כאן אצל ק־וביס ומכרים בדרכם למירון. ג"" _בני 'צקיגא"" ה…"
1946-06-17	hzh	hzh19460617-01.2.52	"…ספציה לשעבר בקיבוץ ""צעירי החלוץ חמזרחי"" בפראגה (ווארשה) מחפשת אח חבריה: ברונוביץ אלעזר, זילינסקי יצחק וחנה פישר, לפנות: חיפה‭, '‬נוה שאנן בית ליברמאן, התלים מפצעיו יונתן עוויאלי מרמת יוחנן שנפצע לפני 3 שבועות (נורה בשדה ע''י ערבי שנתפס) הבריא מפצעיו ועזב את ביה""ח רוטשילד. ־ מצבו של _ראיפק _ביידון ללא שינוי במצבל של קצין המתה _דאפיק כיי ביידון שבחייו התנקשל בליל ששי בחיפה לא חל שינ…"
1946-06-19	hzh	hzh19460619-01.2.3	"…בל מידי השלטונות את עשר ה־ :ופות של הללי התקפת בתי , המלא־ :ה, כדי להביאם לקבר ישראל. ורק ;י כך. ב־‭5. 30‬ הוצאו הגויות מבית החולים הממשלתי אל בית הקברות תחדש לקבורה. רבים שיצאו לשם ככלי רכב נעצרו בדרך והוחזרו ע""י ־מןשטרה. במקום נכחו 'אנשי ""הברה קדישא"" וראשי הציבור העברי בחיפה. •לליוייה של העשרה יצאו קרובים ממקומות ושונים בארץ. אך רק מועטים מהם הצליחו להגיע אל בית הקברות, הואיל והמשטרה עמדה בדר…"
1946-06-27	hzh	hzh19460627-01.2.50	"…חיפה בין ביה""ח ""אתאי' והמועצה המקומית ביום ג' החחיל בבית משפט השלום בחיפה בירור תביעתה של חברת ""אתא"" נגד המועצה המקומית בכפר עטה על הע…"
1946-07-01	hzh	hzh19460701-01.2.35	…ם כל י האסירים וה־ עצורים ומודיע, כי מצב 'בריאותם 'של כל האסירים טוב ושלומם הוא כרגיל. כן ביקר הרב בתא האסירים והאסירות בבית החולים הממשלתי בחיפה• הוא התראה ?עם כל הפצועים של המאורעות האח־ רונים. מצב בריאותם אינו מעורר דאגה והולך וטוב. הפצועים מקבלים את הטיפול הרפו…
1946-07-05	hzh	hzh19460705-01.2.4	"… או לא - מה זה ?חשוב ‭—?‬ העיקר, שהגענו למי זוז חפצנו‭, ""‬כן־ הודיעו שלושה מעולי ""בי־ ־ייה"" למשלחת הרפואית שביקרה אצלם :בית החולים הממשלתי בחיפה. בדיקה יסודית הוכיחה כי אין זד, דבר 'יש לקוות שהמעפילים יורדו מהאניות עוד היום. בגלל י הצפיפות בעטלית י יועברו לנווה חיים שעל יד חדרה. מצב פצועי ההפגנה"" הוועדה . הרפואית >הד""ר _קצנלסון 'מהוועד הלאומי והד""ר מאיר מקופת ?חולים) ביקרה בבית החולים •של קהילת חיפה וראי תה את שלושת ""פצועי ההפגנה"" — לפי הכינוי הרשמי. מצבם 'של האם ובנד, שנפצעו מיריד_, אחת הוטב, אם כי לאם נק־ טעה ידה השמאלית, הבן שגכ-צע קשר יצא 'מגדר הסכנה לאחר הניתוח. _£צב פצועי ההתקפה על בתי המלאכה בבית החולים הממשלתי בחיפה נמצאים עשרת הפצועים מהתקפת בתי המלאכה •של הרכבת כבולים למיטותיהם ‭8 —‬ _בתוריפ ;שתי בחורות. ביקור המשלחת הפתיע את גולם …"
1946-07-09	hzh	hzh19460709-01.2.5	"…עוד 6 . שביחס אליהם •ישנם־ שיקולים י אם לשחררם בכלל בהתחשב בגילם ומצב בריאותם‭,. ‬מר•אברהם יעלי הועבר לאחר שחש בגופו אל בית החולים הצבאי בחיפה בעטלית. מוכתאר "" קרית חיים מר י ל. פרנברג פנה אל המפקד הצבאי 'בבקשה להוציא מר. ־ איזור של. סביבות חיפה . הנתון לפקודת עוצר את הקריות הואיל והן קשורות במי־ שרים. עם העיר, שבה נמצאים רוב מקומות העבודה. ומקורות הפרנסה י של"" ת…"
1946-07-15	hzh	hzh19460715-01.2.56	…הרכבת בבית הדין הצבאי הבוקר יתחיל בירור דינם של הנאשמים בהתקפה על בתי המלאכה של הרכבת במפרץ בפני בית הדין הצבאי במושבו בחיפה. פצועי החייל ישירה בקהל ביום ההפגנה לפני שבועיים עזבו את בית החולים רוטשילד. ענין חילול 'בית הקברות 'ביגור הועבר לרבנות הראשית לארץ ישראל' לאחר ביקור רבני חיפה במקום. מספר הק־ ברים שחוללו…
1946-07-16	hzh	hzh19460716-01.2.44	"…־ י _מפאניק הופיע בכית חולים בשם ג וזף ? מבאן הידיעה וההכחשה הרשמית•. הידיעה שד""ר ב. ג'וזף הובא לביה""ח הממשלתי בחיפה, _ושהוכחשה רשמית ' את־ מול בהוהיה ממשלתית הקובעת כי 'הדיר ג‭' . '‬ נמצא במחנה רפיח; ' עוררה כאן השערה כי ב. "" פאפאנק‭''…"
1946-07-16	hzh	hzh19460716-01.2.59	"…• "" בחיפה מחללת השבת בפרהסיא "" ורצו את הביתן לשוק בנו בשבת מטעם הרבנות הראשית נשלח מכתב למנהלי בית החולים ""רוטשילד' ' בחיפה •בדבר ה _י עישון 'בשבתות'בבית החולים ע""י החו־ לים ' והסניטרים. י כן נשלח מכתב להנהלת וויצ""ו 1בו י מחאה על שההכנות לשוק וויצ""ו שנפתח כעת באולם המכבי נעשה בשב…"
1946-07-23	hzh	hzh19460723-01.2.25	"…_בית־חולים ח וש יוקם בחיפה חחודש נוסדה הברת ""אלישע?בע""מ להקמת בית חולים פרסי הליש בהיקף גדול. על כך‭,, ‬מסר בהרצאה מפורטת ד""ר ב. הרשקוביץ. הון. המ…"
1946-08-23	hzh	hzh19460823-01.2.67	"…נין והמשטרה הגיעה. למקום . לאחר בדיקה, שלא העלתה שום דבר, ניתהדשה העבודה. . שתי מעפילות הועברו לבית עוד החולים הממשלתי בחיפה ביום ד‭. '‬הועברו מאנית הגירוש ""הייווד אמפייר"" העוגנת בחיפה לשם תיקונים אחרי החבלה שנעשתה י ?בה, עוד ? •שתי ' מעפילות לבית החולים "" הממשלתי בחיפה והן:•אדית רניית, בת 13 ואליאונורד, לוי, בת ‭, 12‬שתיהן נתינות רומניה, "" של ק ו _כנחאה •בשנית (בסקארלאטינה‭. (‬ המעפילה שרה המבורגר ההלימה ויצאה מבית החולים ' הממשלתי. גדע_^פרוס _^ קרבן כדור שנפלט מרובהו גופת הנוטר __גדעון פרום, בן ‭, 18‬ בנו של •בעל בית מרקחת ידוע בחיפה, הוב…"
1946-08-23	hzh	hzh19460823-01.2.67	"…בטכניון ‭, ;‬הקורסים לחוזרים"" 'בשביל אלה החוזרים ללימודיהם בטכניון‭. /; ‬ : י התאבד גופת יהודי שהתאבד . הובאה ן אחמול ו לבית החולים הממשלתי בחיפה. ‭'' ‬…"
1946-09-04	hzh	hzh19460904-01.2.21	"…בכי. מספר החולים שאותם משכיבים . על הסיפון מתרבה והולך. ככה חול י ים הועלו על היבשה. חלק י נשלח אל בית חחו-לים הממשלתי בחיפה וחלק אל בית החולים במחנה בעם־ דרת 12 יום בים שמה המקורי של הספינה היד‭"". ‬קאדו‭. ""‬ היא עשתה דרכה בים במשך 12 יום. בשלושת הימים _האחרובים …"
1946-09-04	hzh	hzh19460904-01.2.46	"…יטמאן י דל. ישראל בייטמאן‭., ‬מראשובי המשתכבים בקרית הייט וממהיקי _הפלעליס בבית החרושת ""שמן'' • ימת ביום כ‭. '‬בן ‭. 52‬הביח אשה. לווייתו גער־ כד, "" אתמול. י . לעולי‭;:‬קילץ בחיפה . והסביבה ‭:'‬ערב. זכרון להשמדת יהודי קילץ יתקיים י מחר ביום ה' בשעה•‭8. 30‬ בערב בבית פבזנר. c . ‭-., ‬ . קופת חולים ב…"
1946-11-27	hzh	hzh19461127-01.2.1	"…ה עולים, גברים וילדים, המימד?ונאספו על ידי פירה גדולה. הודעה רשמית מאוחרת יותר אומרת שבשעת העברת העולים הבלתי . חוקיים בחיפה היום נפצע עולה יהודי אחד פצעי מוות, שני פצועים יהודים הועברו לבית החולים. לפי הודעה רשמית שפורסמה בראד""ו ירשלים, נשארות אניות הגירוש במים הטריטוריאליים של ארץ-ישראל במשך . היום. גם ראדיד לונדו…"
1946-11-27	hzh	hzh19461127-01.2.56	"…א־ שולט יפד?בשלשת השפות הרשמיות. — מר נחום חת' עו""ד, נשיא הסתדרות המכבי בא""י ומעסקני היפה נרשם ע""י מרכז המכבי וסניפו ? בחיפה בספר הזהב של הקרן הקיימת ליובלו החמשים. י — בבית החולים ""בקור חולים"" ירושלים, התקיימה חגיגה למלאת 10 שנים ־ לעבודתה של הג' ד""ר ה. כגן, _כמנהלה מחלקת הילדים של בית החולים. ברכו…"
1946-11-28	hzh	hzh19461128-01.2.10	"…, ד, עדיין מהומם מהפצצות המומ;עות ומזועזע מעוצם הכאבים. י ן הרב התעכב גם ליד •שני הולים מקומיים נפגע•־ • תאונת ווינהון מחיפה וםלהמבוופגקךב־־םלקציני _- תאונות וו. מזון מחיפה וליאון גחמן מקרית חיים שנפגעו ע""י מכוניות צבאיות . והובאו ליית הולים זה‭j.. ‬ •חולים ופצועים לבית החולים הממשלתי •בחיפה הובאו I תשעה הולים בהם כמה פצועים מאנשי I ""כנסת ישראל‭. ""‬למחלקה החירורג'ת שוכבים מנדיל מונטיאנו, בן 18 …"
1946-12-06	hzh	hzh19461206-01.2.71	"…ביה""ח במושבה הגרמנית שהיד, שייך לעדה הגרמנית בחיפה והיה מאז פרוץ המלחמה בשרות הצבא, ייפתח שוב לאוכ־ לוסין ע""י השלטונות לרגל הצפיפות בבית החולים הממשלתי — מודיע ""פלשטיך.…"
1946-12-27	hzh	hzh19461227-01.2.65	"…‬כיסוי גועונו של יי ביה""זו רוטשילד בחיפה על אישור הממשלה לקבל מילוור"" בסך. עשרת אלפי 'ל י א""י הודיע בימים אלה מושל מחוז חיפה בשם הנציב העליון. לוו־ עד הקהילה שהגיש בקשה זו עוד ביוני ‭. 1945‬המילווה מיועדת לכיסוי _הגרעון י , שהצטבתקציב בית החולים ""רוטשי־לד"" בר •במשך ־כמה ישנים. ' המיליווה תיפרע במשך 5 שנים. _גרעןן זד‭?, ‬הכביד מאוד . על המוסד והפריע ?בעבודתו הסדיר…"
1946-12-27	hzh	hzh19461227-01.2.65	"…באמבטיה ירדנה מוזר, בת ‭, 16‬שבוששד, לצאת מחדר האמבטיה בביתה במושבה הגרמנית, נמצאד, נאז. מחוסרת הסרה• הובאה ע""י ־ מד''א לביה""ח רוטשילד, שם שבה רוחה אליה. שם במצב התעלפות _שנגרמ מהגאזים של בוט־ נספה עי'י מכונית דורסנית ערבי מסוריה חאםיאן מוסד. דיאכ ;נדרס למוות ?בכביש חיפה—עכו במפרץ חיפה י י על ידי מכונית צבאית שנעלמה. מפני רמאים האוספים בםפקמ בתור תרומות או ע""י מכירת כרטיסים ץכד' בשם נכי ה…"
1947-01-17	hzh	hzh19470117-01.2.85	…שעמד ליד שער הנושק. ־ • ' , •פארקאש' נפצע קשה ונגרם לו שבר? בבסיס הגולגולת ושבר בירר, . הוא . הועבר ע''י מגן־ דוד אדום 'לבית החולים רוטשילד בחיפה. עזבו את בית ?החולים הממשלתי עור 2 ערבים מפצועי ההתקפה' על מרכז המשטרה עזבו אתמול, את ־בית החולים. הפצועים שמצבם רציני …
1947-01-19	hzh	hzh19470119-01.2.42	"…־:חיפה • . קרבנות תאונות בבית, החולים הממשלתי הוגא שוטר ערבי שנלחץ בין שיתי מכוניות ליד •גשר 'של"" בחיפה. ‭— ""‬ דב פוקש בן 22 מיגור שעלה. מק־ רוב ארצה נפגע על ידי אוטובוס ערבי והועבר במצג קשה . לבית החולים' 'רוטשילד. נקבע •שבר •בירך ובגולגולת. כן הובא לבית החולים' הממשלתי ילד ערבי שנתלה באוטובס ונפל:כעת הילוכו. שביתה בבתי'הזיקוק ‭. '‬ י . • • - אתמול. בבוקר: •בשעה 8 הופסקה העבודה …"
1947-02-17	hzh	hzh19470217-01.2.60	"…ני בטחון •של‭, :‬_לסביבות 'בית ד'משפט _חגובל עם. ' -רחלב »בן)־םינזג ‭? ? - . ‬ י. י ?י ‭?: ' ' ?‬ בכניסה:לבניןהסוכנות: בחיפה‭). ;‬גט י למשרדים;אחךיס . _עבאלתל בנין) ?הונהג לתת: לכל הבאים‭., ‬פתק ולכולנו למשרד: הדרוש לג• ‭' ?‬ ?י: נחסם בפני 'התנועה ‭. ., ‬ י בית החולים : מגרמני . _בחיפח, • הנמצא י •כעת בשרות הצבא גםגר‭'. ‬עי"" _מהסכמים ־של תייל, שסתמלי_!את כל:הקטע הזה ' של רח' בית החללים…"
1947-02-19	hzh	hzh19470219-01.2.68	"…י ‭?-. "" ?'‬ :חיפה אבן פינה לבית ילדי משוחררים _נלדתה אתמול 'במגרש שניתן למטרה : י זו עי "" וועד הדד . הכרמל בקרבת בית החולים רלטשללד. ‭:. '' v‬ ־וי נכחו דאשי י הציבור, חברי האגזדה לה־ ק'מתיהצית שבראשה עומד, דאש העירייה שבתי ללי' נציגי ל, ' מלסד…"
1947-05-07	hzh	hzh19470507-01.2.59	"… נשדדה מכונית טקסי מס‭2952. ‬ של דניאל מוצ'אני מרח' בן־יהודה ־ בתל אביב על ידי כמה צ-עי-רים מזויינים. המכונית עמדה ליד ?בית החולים ביילינסון בפתח תקווה. מוצאני נשאר כלוא_ בפרדס סמוך עד לימן . שני בבוקר. המכונית נמצאה בחיפה ביום שני באחת־עשרה. עיו""ד מ. זליגמאן לאמריקה עו""ד מ. זליגמאן ממריא היום לאמריקה במקום שיטפל בעזרה למען משפחות העצורים. …"
1947-05-08	hzh	hzh19470508-01.2.41	"…ר. הוא נפצע בבטנו וברגלו פצעים אנושים. סבורים שהיה בין -המתקיפים. קבורתו נערכה אתמול אחרי הצהרים בבית הק - ברות החדש ' בחיפה ע""י ""הברד, קרישה"" הספרדית. ביחד עם הגווייה שהיתה בביהח""ו הנ""ל עוד מקודם (ראה ""הצו - פה"" מיום שלישי) שנקברה באלמוניותד, בחיפה ביום ‭, -‬שלישי, מגיע מספר החללים ל־‭, 9‬מהם ?נקב…"
1947-06-10	hzh	hzh19470610-01.2.64	"…ילר מרחוב . גאולה 25 נפגע אתמול על־ידי מכונית והובא לבית . חולים , רוטשילד, נפצעו בהתנגשות מכונית . התנגשה בחברתה במפרץ חיפה ושני נוסעיה חברי הקבוץ כפר מאסאריק נפצעו והובאו לביה""ח רוטשילד, קרא מיכאל בן 34 נפצע קל, ושמואל ברוך בן ‭. 34‬מצבם הולך וטוב, נורה ב""פנטזיה"" חסן חוסיין חג'יר בן 30 מכפר טירה נורה מכדור אקמח בשעת חדווה ב""פנטזיה"" בחיפה. הובא לבית החולים הממשלתי. אסיפת המורשים של הדר הכרמ_$ . תתכנס ' היום ב־8 בערב על גג בית תלפיות למושב השנתי לשם שמיעת הדו""ח ואשור התקציב …"
1947-06-30	hzh	hzh19470630-01.2.1	"…צע בחיפה אתמול םמוך !לשעה 6 לפנות ערב הומטרו יריות •מן 'המארב, מפינת רחוב, אל חייל ליד חנות גליקמיאן ברחוב המלך ג'ורג' בחיפה העיר. החייל נפגע ברגלו ותוך כדי בריחה נפל ארצה 'בשלולית דם‭:. ‬מפונית של המשטרה הצבאית אספה אותו !לבית הולים צבאי ‭,, ‬ההתנקשות בחייל בוצעה בקרבת הקאפה ""בלובאר"" :ההומה חיילים במיוחד בימי ראשון וש־ בת. כשנשמעו 3 היריות קמה בהלה ב…"
1947-06-30	hzh	hzh19470630-01.2.37	"…הוראה היתד, בעת:ובעונה אחת עם ההורדה מ""פרובידנס‭_"". ‬ ""קומינום"" תגיע העם או מחר עם ‭. 200‬גוסעים. קצין צבא משלושת פצועי חיפה מת לפנות בוקר אחד מפצועי קפד‭"", ‬אסטוריה‭. ""‬בחיפה, קצין •צבא בדרגת קפטן מת בבי""ח צבאי אתמול עם שחר. ידיעה רשמית מוסרת, פרטים נוספים על ההוד קפה‭:. ‬ האש נפתחה על היושבים בתוך הבאר מתוך טיכסי עובר. הטי…"
1947-07-13	hzh	hzh19470713-01.2.55	…ישב למעשר, חמש ישנים. נפצע בפצצה ביום ה' בצהרים נפצע קשה ערבי ממג'ד אל כרום ליד עכו _כשהתפוצצה . פצצה שמצא בשדה. הובא • לבית החולים הממשלתי בחיפה. עבירה גוררת עבירה שני ערבים צעירים שהובאו בפני. בית הדין המחוזי באשמת| מעשה מגונה בנצרת ושוד, נדונו לי4 'שנות מאסר כלי…
1947-07-14	hzh	hzh19470714-01.2.60	"…ונת דרבים אברהם 'גרץ ודבורה גוליגםקי מקיבוץ ""מעין"" ליד זברון יעקב נפצעו בתאונת?דרבים ליד עין השופט. הובאו לקופת חולים ?בחיפה ומצבם הוטב. נגנבה?מכונה 'מבית החולים רוטשילד אתמול בבוקר כשבאו פקידי בית החולים רוטשילד לעבודה ראו, כי. מכונת החישוב החשמלית נעלמה מתוך המשרד. בחלון הפונה לחצר חסרה השמשה ודרכו, כנראה, חדר הגנב. אסיפ…"
1947-07-20	hzh	hzh19470720-01.2.2	"…ער, שתים _אחריחצרת ה""אושן וריגיר"" הפליגה בליל ו' בשער, תשע. ""נפצעו בשעת ההעברה"" עשרה גברים‭17, ‬ נשים . וילל אחד הרעברר לבית החולים ;־;ממשלתי בחיבה בגלל. הפצעים שנפצער בשערי. ההעברה. שני אנשים גבר בן 30 ונער בן י 18 נפצעו פצעי מרת. סרגדנו בחיפה מודיע: ?לתונצים 'וצלמים שנהרו לחיפה ממקומות שר־ ניב בחיפה, הוזמנו ע""י לשבת המודיעין להיות מוכנים ל־1 אחרי ‭. ', '‬צהרים ביום ששי כדי לצאת לנמל בהדרכה לציני…"
1947-07-23	hzh	hzh19470723-01.2.3	"…למו את ‭. *‬אוקי! n בהלוויית אליעזר ארקין ז""ל שנהרג בהתקפה 1ל:_תחנת הראדאר בהר־הכרמל ?ושהתקיימה את־ ‭"" !‬ ל לפני הצהרים מבית החולים הממשלתי בחי־ השתתף קהל רב 'של חברים, נוער, נציגי־ M גמומדות וועד מושבת עקרון. בחיפה י בשער‭9, ‬ התכנסו רבים מבני חיפה ליד רחבת ‭_w, :‬ הקרנות, ומשם יצא הקהל לבית החולים _־וגמשלתי . לפני בית החולים הספיד את המנוח ‭£' '‬ מחבריו. משם יצאה ההלווייה בשעה 10 לי""ןזית עקרון, מקום מגוריו של המנוח. 5 רגעי דומיה י &עת הלויר, בחיפה עברה מכונית הכבאים המהלכים ברחובות הדר הכרמל‭', ‬והחריזה על דומיה. התחבורה נפסקה 'והעוברים וש‭ft 5-‬ בים ‭;;‬דו. לפ‭_, …"
1947-07-25	hzh	hzh19470725-01.2.74	"… , ברחוב ההלוץ שבהדר־הכרמל ‭'. ‬בנסעו להודיע על העוצר‭—, ‬ הוא שוטד יהודי ממשטרת . הדר־הכרמל ושמו — כהן. ערבי ‭'?‬נוהה בחיפה אבדל רהיט 'חמד בן 19 מב&ר ?ערבי ידל חיפה, \ נורה על יודיי הצבא בליל חמישי בשעה ‭, 12. 30‬והועבר לבית החולים הממשלתי. ־ מצבו הוטב. עולים ב""מאריין קארפ"" !_ביאניה "" 'מאריין קארפ"" שתגיעה ביום רביעי לחיפה, ושביהורדת _הנוסחים החלו את…"
1947-08-05	hzh	hzh19470805-01.2.60	…שפחות החיילים, החל •במעון לילדי _חיי־ לים בכפר יחזקאל, והמשך בפעולה מיגיעת להקים מעון לילדי מגוייסים וחיילים משוחררים •בחיפה. שלד 'בנין המעון על ארבע קומותיו כבר הוקם, והוא מתנוסס בראש הדר הכרמל, מול בית החולים רוטשילד. שני תפקידים ימלא המוסד בהפתחו: א) טיפול •בילדי המ־ _גוייםים י במשך כל שעות היום (משעה 7 בבוקר עד לשעה ‭. 7‬ בע…
1947-08-06	hzh	hzh19470806-01.2.55	"…מ־ באגק בארקלייס, ובהן מכונה המנוח כ""קרבן כנו־ פיית ?רוצחים 'שפלים‭. ""‬ בשעה 3 אחר הצהריים התכנס הקהל לפני חרר המתים של בית החולים רוטשילד, משם הוצא הנרצח. במקום •נאמרו דברי הספד מפי יושב־ראש ועד הקהילה בחיפה, מר מ. ג. לווין, אשר פנה בקריאה לעקור את הטרור המביא חורבן וכלייה ליישוב העברי. משם זזה הלוויית לחצר בית הס' י פר אליאנ…"
1947-11-11	hzh	hzh19471111-01.2.80	"…ום א' בערב ובמצב רציני הובא לביה""ח הממשלתי. הדוקר הותקף מיד אחרי המעשה על ידי אלמונים ונפגע בגלגולה והוכנס אף הוא לאותו בית החולים. תביעה נגדיהודה הלוי"" "" להחרמת אנית המעפילים ‭,, ‬ יהודה המי"" שה־ ביאה 400 נפש בסוף מאי הושגה תביעה לבית הדין המחוזי בחיפה על ידי התובע הכללי. •הבירור נקבע ל־20 ביאנו "" אר ‭. 1948‬ הגשמים מפריעים לשיחות טל. פון לרגל גשמייהועף, שגרמו לקלקולים …"
1947-11-16	hzh	hzh19471116-01.2.61	"…תרוץ' ביריות ממכונת יריה. לפי ההודעה הרשמית נורו היריות ממכונית קטנה ושלףט מהן פגעו באוטובוס. הצעיר חיים ג, ילדמאן הגר בחיפה בשכונת הרצליה מת בו ב:יקום. עמנואל בךציון _בךגוריון, בןאחותו של דוד בן־גוריון, נפצע בגבו, הובא לבית החולים ""מולדה"" בהר הכרמל ואחרי שהוגשה לו עזרה ראשונה הועבר. לבית החולים רוטשילד. מודיעים לנו הערב מבית החולים בי מצבו של הפצוע…"
1947-11-16	hzh	hzh19471116-01.2.61	"…ל הצעיר גולדמאן השרה אבל על חבריו וידידיו וכל יודעי המשפחה. הצעיר היה מנאמני _הבטחון היישובי. ליד גופתו בח־ דר המתים של בית החולים היעמד משמר מחבריו. מתיהות""רבה בחיפה מתיחות רבה שוררת בחיפה זה שלושה ימים טאז היריות על אנשי הבולשת שבהם נהרג אחד ושלושה נפצעו קשה ביום ד‭\'‬ אולם המתיחות הפכה לסערת זעם כאשר ביום…"
1947-11-26	hzh	hzh19471126-01.2.60	"…• חמישי בבוקר. יצא מבית 'החולים עמנואל בן גוריון שנפצע בהתקפה על מכונית מ‭4 ':‬ בדרך להר־הכרמל ב־14 לחודש, ההליכ ךצ‭)?‬ מבית החול־ם. קוו גינואה—חיפה על סיפון . האנייה האיטלקית ""פאסה"" (שלום) נערכה אתייל לסיבה חגיגית מטעם ה""ללויד הימי הא""י"" שהוא סוכן האנייה לרגל העמדתה …"
1947-12-07	hzh	hzh19471207-01.2.14	"…19 מחיפה. הותקף. נהג הנהג צבי פולובייטשיק בן ר2 הותקף ונד־ קר על ידי 'המון ערבי לאחר שמכוניות דרסה ערבי בן 55 בשער עכו בחיפה בשבת ב־‭3. 30‬ אחה""צ. נגרמו לו פצעים קשים והועבר יחד עם הערני 'הנדרס אל בית החולים הממשלתי. ערבים הציתו מחסן בחיפה ברחוב ספאנטון 36 הציתו ערניפ נגריה יש־ ני מחסני עצים השייכים לוויים וואלפלר. הנזק ‭1500 —‬ לא""י. ערבי מת מרסיס פצצה ג'ורג' קאטאביאן נן 33 מחיפה הונא נ־י בלילה אור ליום שישי לבית החול י ים הממשלתי פצוע מרסיס פצצה שהוטל־ על הגא• ראג' של. ־ערבי זלהאבי. הוא מת אוז""כ מפי צעיי. (הסוף בעמוד ־, אחרו‭(! ‬…"
1947-12-19	hzh	hzh19471219-01.2.78	"…טים. תביעה להחרמת _חפפינות ""קדמה"" ו""עליה"" שהביאו ארצה מעפילים _ב־16 באוקטובר ש. ז. הוגשה ע""י השלטונות לבית הדין המחוזי בחיפה. הוקרה למזכיר בית החולים רוטשילד בישיבת הוועד ד, מנד, ל של בית החולים רוטשילד הקדים היו''ר מר שבתי לוי דברי־ שבת למזכיר יהושע גוטמאן והגיש לו הגיגית תעודד, על נטיעת 25 עצים ביער כיריד, כאות…"
1947-12-25	hzh	hzh19471225-01.2.3	…צועים הפ: ' קלארה ליבוביץ, בת ‭'48‬ משב' המעין, זאב ךוזנהולץ בן 37 מרחוב עקיבא ‭, 36‬לן־ציון לוי, בן ‭, 19‬מרחוב המרכז בחיפה התחתית, יוטף לוי בן ‭. '37‬ . רח' אחד העם 4נ ויצחק בראונר בן 25 מבת־גלים. כו־ לפ. הובאו אל בית החולים רוטשילד‭:. ‬ שעה מועטת לפני כן נורו יריות על מכונית אחרת מקו זה באותה הסביבה ונפצעו מרטין כהן כץ 39 מקרית מוצקין ואליהו…
1947-12-29	hzh	hzh19471229-01.2.18	…ר 10 דקות התפוצץ שם רימון אחר מתחת _למכונית סר־ . טית בשעה שזזה משם. הנוסע גה ישעיהו קרנם, גן ‭, 21‬נפצע קל ונלקחי‭, _'‬בית החולים ; צבאי. המכונית גיזוקה. היו גם שגי מקרי מנתה קלים בדירות עזובות על יוי _מליטיפ. נפסקה הימערסה בחיפה ‭. 2 -‬ נפצעו במוקשים . עוביים י . הפעולה היחידה• של הפורעים ב־24 השעות האחרונות היתר, הטמנת מוקשי מלכודת במכוניות יהוד…
1948-01-02	hzh	hzh19480102-01.2.86	"…יסוד במדינה העברית. שירה פרידמאךלבוב. פועל נתפהם_. בהשמל ‭. . ‬ - אברהם פרידמאן, פועל בחברת-החש - מל ?הגר ברחוב אושא A בחיפה, נפגע ' אתמול בזרם חשמלי בשעת עבודתו ברח' יפו ‭. 68‬הובא לבית החולים רוטשילד ושם ' 'מת. הניח אשה וילדים. תאונת עבודה למלה ב""קדמה"" מלח מהאניה ""קדמה"" חננאל בדיל, בן ‭, 22‬נפל אתמול באניה ""קד…"
1948-01-14	hzh	hzh19480114-01.2.15	"…הג גס באמריקה על ידי ""הצלב הכחול"" המר* כז את הפעולה והאגודים בו 30 _פיליון נפש. על ידי כך חושבת ""אסותא"" להגדיל בקרוב את בית החולים שלה ולהוסיף so מטות 7־100 הקיימות. כן הולך ימוקם בית חולים בשפ ""אלישע""' בחיפה.…"
1948-01-14	hzh	hzh19480114-01.2.3	"…ת. מאש המתקיפים נהרג שאול עזרא בן 17 מהכשרת הגוער של _לקיבוץ שהיה עם העובדים בשדות. השומר אליעזר _גלמן בן 28 נפצע והובא לבית חולים בחיפה‭3. ‬ מהכנופיה נהרגו ביריות דאהדיפ רכיפ נפצעו‭'. ‬הקרבות. נמשכו למ־ עלה עשעה וחצי. ולמ""מ) במקום נמצאה אחר־כך גופתו של ער…"
1948-01-14	hzh	hzh19480114-01.2.3	"…i-‬ ערת_ שהוא נהרג ביריות במקום . אחר _לנסחב ' למקום שבו נמצאה הגווייה. 'שתי גוויות יהודים ‭(?)‬ שלא זוהו בחדר המתים של בית החולים הממשלתי בחי - פה מוטלות . שתי גוויות אלמונים, יהודים כפי הנראה. אתת הובאה ביום שגי מסביבות כפר טירה, השניה היבאה בו ביום בשעות הערב מחיפה. אלה הסבורים שידעו לזהותן בעקבות היעדרם של קרוביהם יתקשרו עם חברה קדי־ שא בחיפה רחוב הגלעד ‭3 ""‬ טלפון ‭. 3923‬ נפגע על…"
1948-02-09	hzh	hzh19480209-01.2.11	"…נים נודה על ידי שני הצדדים. המשמר השיב אש והרג את הערבים. סבורים שאצל היהודים לא היו אבירות בנפש. סופרנו מודיע: . ־מתוך בית החולים הערכי ""אלאמין‭. ""‬במזרח חיפה ? ירו ערבים אל חיילינו. החיילים השיבו אש‭3. ‬ ערכים נהרגו בתיכם שייך, וערבי אחר נפצע קשה. קבוצת ערבים ניסתה אחמול לעבור…"
1948-02-25	hzh	hzh19480225-01.2.8	…נקשויות בחינה חצכא חרפ מחפום יחודי סופרנו• בחיפה מודיע: אתמול ב־ד בבוקר ־רס הצבאי מחסום ברחוב הנביאים פינת _חסאן עוקרי בחיפה. י י י 2 _יחודיפ נפגעו אור ליום אתמול ב־10 גורו 2 יהודים במושבה הגרמנת בדרכם לבת־גלים. הפצועים הם שרה ארליך בת 22 אחות בבית חולים ומרדכי פישר בן י ‭. 34‬מצבם אינו מדאיג. הם הובאו לבית החולים הכרמל. יהודי נפצע ליד זכרון יעקב יריות נורו אתיול על מכוניות יהודיות ש־ עברו בכביש חיפה—תל־אביב בקרבת זכרון־ יעקב. אריה גור, בן ‭, 33‬מרחוב מלצ'ט 17 בתל אביב' נפצע בשעה שעבר בכביש במכונית פרטית. הפצוע הועבר …
1948-03-16	hzh	hzh19480316-01.2.14	"…ות אלה, אבל גית־ קלו באש המגינים ופתרו, ערבי נפצע ביפו :־־ (למ""מ) אחמד מסעד, בן ‭, 22‬מיפו הובא שלשום אחה""צ במצב קשה אל ביה""ח דג'ני. הוא נפצע בבטנו בסכין. נסיבות לא ‭""ההתקפה לא נודעו. סחורות ב־‭""200‬י בגנבו מהנמל בחיפה ‭.. ‬ב־‭. 3‬החדשים האחרונים נגנבו מנמל חיפה סחורות שונות במאתיים אלף. לא""י בין הסחורות שנגנבו ציוד צבאי עשרות שקי דואר בתוכם שק מלא בולי הכנסה בסכום 20 אלף לא""י. ב…"
1948-04-23	hzh	hzh19480423-01.2.18	"…על נצחונות יהודיים הודעות ראשונות של לשכת המודיעין הממשלתית‭', ‬ ששודרו ' בראדיו ירושלים _&וסרות על _הנצחונות היהודיים בחיפה. ההודעה מאשרת: שהערבים נסים בסירות בכ י וון עכו‭. '.. ‬יי: לפהות מאה ערבים נפגעו והועברויל־ ביה""ח הממשלתי. שוחררו האסירים . האסירים שהיו כלואים בבית הסוהר המקומי שוחררו ובית הסוהר שפונה ע""י המשטרה - נתפס ע""י ?הלגיון ה…"
1948-04-28	hzh	hzh19480428-01.2.24	"…טי ברחוב המלכים, אריה םמברג, שנפל בקרבות בכפר טירה, ויעקב שקולניק מנשר, שהובל שם לקברות. היישוב מעוניין בהמשכת קיומו של בית החולים הממשלתי בחיפה מנהל מחלקת הבריאות של הוועד הלאומי, הד""ר א. קצנלמון, וממלא מקומו ד""ר ב. הירשו־ ביץ, והד''ר י. מאיר, מטעם הוועדה הרפואית…"
1948-04-29	hzh	hzh19480429-01.2.57.4	"…_ווווו!_ווווו‭;!‬_ו1ו? _וווווווווו1ון‭![1‬וו!_ווו1_וווו!_וווווווווווווווו1ו _ ‭I I‬ _ביה י ""ם ?לאחיזת הרשמת ע""י תלמידות ביה""ח לשנה רוטשילד א' ?בחיפה ‭2 —| !‬ | הנהלת בית הספר- לאחיות ע""י בית _חחולימ רוטשילד בהיפר, | מודיעה בזה I כי החלה הרשמה למחזור ג' של בית הספר אשר…"
1948-05-02	hzh	hzh19480502-01.2.70.2	"…1ת‭I _nann‬ עיי ‭J1I!!IU1_UI!1I!1_IIU!1IU11!IUIHII!I;!I11I1!1I!I!!1_HI1JS!I11_^‬ א ‭I '‬הרשמתתלמידותלשוה !_ביה־ס לאחיות ביה""ח רוטשילד בחיפה ‭. m '‬1 J‬ ־ — I הנהלת בית הספר לאחיות ע""י בית החולים רוטשילד בחיפה מודיעה בזה 1 I כי החלה הרשמה למחזור. ג' של בית הספר אשר תפתח בהתחלת ‭! I‬ ההודש ספטמבר ש. ז‭.. ‬ן § מועמדות שגמרו לא פח…"
1948-05-03	hzh	hzh19480503-01.2.25	"… שכונת שיך ג'ראח. אז נכנס הצבא הבריטי מיד לפעולה והרעיש את עמדות ההגנה מתותחים. המצב באותה שכונה עכשיו מעורפל וגורלו של בית־החולים אינו מוב- טח. כאשר הצבא הבריטי פינה את חיפה, נכנס חיל־ _־ ההגנה לעיר כרי למנוע שהחלק העיקרי של העיר שהחלטת אומ""א כללה אותר, במדינה היהודית יפול לידי כנופיות ערביות…"
1948-05-17	hzh	hzh19480517-01.2.48	"…_מחלאות הממשלה _בחי8ה הועברו ליד העירה הוקמו וועדות לנמל ורכבות, מכם, מחלקת הדייג ביהח""ו(הממשלתי לשעבר‭, (‬דואר וטלגראף, לענייני קרקעות ומחלקת העבודות הציבוריות העבירה את ציודה לעיריה בפגישת עיתונאים מסר אתמול ראש העיר בחיפה מר שבתי לוי פרטימ על העברת מחלקות הממשלה לידי העיריה ומנוי וועדות ומנהלים על־ ידו לוועדות אלה. עוד בחודש אפריל פנתה מחל…"
1948-05-17	hzh	hzh19480517-01.2.48	"…תוכם 1500 חיילים. בין היוצאים ראשי הבולשת וקציניה בירושלים. זרם השיבה של הפליטים למקומותיהם מתנהל בקצב מוגבר בימים אלה בחיפה. בביה""ח הממשלתי בחיפה בית־החולים. הממשלתי לשעבר. בחיפה הועבר י כולו לרשות עירית חיפד""ונעשה נטמן לקבל עליו א י ת חסות הצלב האדום הבינלאומי, כדי למנוע מעש…"
1948-05-31	hzh	hzh19480531-01.2.36	…יעת התפשטות המחלות הוא — אישפוז מהיר ומלא של החולים שנוגעו במח־ לות אלה. לצורך זה מסדרים מהדש את המח־ לקה למחלות מדבקות בבית החולים העירוני (מקודם הממשלתי) בחיפה, בית החולים למח־ לות מדבקות בפרדס־כץ יליד ביי ברק) ממשיד בפעולתו. במחלקות אלה מוכנסים שיפורים לשם התאמתם לצרכי הישוב הע…
1948-06-02	hzh	hzh19480602-01.2.68	… השרותים של הקהלה בהיפה, בלי יוצא מהכלל מוטלים רק על ועד הקהלה. למיותר להסביר שיאיו להעלות על הדעת שאפשר להפסיק את שתתי בית החולים, בתי הספר, עזרה סוציאלית, עניני דת וכדי אף ליום אחד ולפיכך נדרש הקהל להזדרז בתשלום מסיו למען מנע זעזועים קשים בחיי חישוב בחיפה עד ידי הפסקת חשרותים _חחיו־ ניים כי בנפשנו הם, וביחוד בשעה זו. הקהל מתבקש לא לחכות לגובה המסים ולסדר את התשלומים במחלקת…
1948-06-20	hzh	hzh19480620-01.2.35	…המצב בבית החרלים הממשלתי בחיפה מחלקת הבריאות מודיעה: בקשר לידיעות בלתי מדויקות, שפורסמו בעתונות על גורלו של בית החולים הממשלתי בהיפה, מביאה בזה מהלקת הבריאות לידיעת הצבור את הדברים הב־ אים: בית החולים הממשלתי בהיפה, הועבר מתאריך 15 במאי ש…
1948-06-21	hzh	hzh19480621-01.2.9	"…אה. לבסוף יצאו אנשי הבולשת. עם צאת החיילים היום מתפנה בניין המשטרה המרכזית הבריטית ברחוב המלכים. אורזים חפציהם האחרונים חיפה‭20, ‬ (יו. פי‭(. ‬ י אניית בית־ההולים הברי־ טית ""אוכספורדשיר"" הגיעה היום להיפר, והיא תמלא את תפקיד בית החולים שעל היבשה בי- מי הפינוי האחרונים. המהנות הצבאיים שבסביבת חיפה כמעט שהתרוקנו לגמרי ורק השומרים נשארו בהם. המפקדה הבריטית…"
1948-07-05	hzh	hzh19480705-01.2.34	…בריאות לממשלת ישראל חברי הועד המפקח והרופאים ציינו בדאגה את התפתחות הדברים בסידור עניני הבריאות במדינה, ובמיוחד את ענין בית החולים ח־ ממשלתי בחיפה. יש חרדה שהרמה הרפואית ' של ביתהחולים הגדול הזה תהיה _נמוכח אם ימשיכו באותו הכוון שהתחילו בו הממונים הזמניים על מהלקח ה…
1948-08-13	hzh	hzh19480813-01.2.83.1	"…ויים הקבועים למשרות אלו •לד לאחר ו י ‭j ?‬ תקופת החירום. | !לפיכך, לא יקוים הקויקורס, אשר הוכרז י בשעתו למשרות מפוילמות בביה""ח | הממשלה־ בחיפה, אשר נמסר בעת היפול השלטון _־מאנדאפורי ליליריה והועבר כעת לידי j משרד הבריאות של מדינת ישראל. השלמת המנגנון הרפואי של ב…"
1948-08-27	hzh	hzh19480827-01.2.75.1	"…""??""?*?""????????_'???^^????_'*? "" ‬ י ‭' 11 i‬ י ־ו 11 ד3 נ 1 _^דאל I בית _החוליב _הממשלתי חיפח ! ] בית הספר לאחיות j : בית החולים ־ממשלתי בחיפה מכריז בזר. על־. רשמת 'מועמדות לבי־ הכפר _לאחיית ‭' :‬ אשר יפתח בחדש אוקטובר ‭| | I‬ מועברות שהנן בגיל מעל ל־ ‭/2‬גד1 שנ…"
1948-08-27	hzh	hzh19480827-01.2.75.1	"…ית החולים. בשעת ‭9—11‬ לפנה""צ לשפ קבלה פרטים על : י תנאי הקבלה ושאלונים, ־את השאלונים יש להמציא עד יום שישי ‭10. 9. 48‬ לבית החולים ‭? : ?J‬ הממשלתי ת. ד‭1599. ‬ חיפה. ‭| I‬ ‭3 d I 1 Tim edl‬י‭, I iltrlll d Ity _dl _liielmSTr luS_^llil 1SS1 I d _|‬ד""י *••. ‭i ;‬ ‭lllmlt, l|1I""lllllllll…"
1948-08-29	hzh	hzh19480829-01.2.66	"…. 30‬במשרד המפקחים ב־ תל־אביב. כל מורה כנ""ל צריד לקבל במשרד המפקחים פתקא, הקובעת את מועד בדיקתו. למורים שנוה להם להבדק בחיפה. יכולים לפנות אל ד""ר יכנין, רהוב פ ב־ זנר מול בית החולים בתר.…"
1948-08-29	hzh	hzh19480829-01.2.71	"…תלושים. בעלי תלושי עופות קבלו גמ את המנות הללו. לתיאום' עבודתם של בתי ההודים על הדאגה לעבודה הרפואית ותיאום הפער לות של בית החולים הממשלתי והעירוני והבטחת בעלות העיריה על בית _חחולים רוט־ שילד — דנו בישיבת ועד ההנהלה של הדר־ הכרמל, בה הרצה ד""ד ב. ניםנבוים, ראש השרות הרפואי בחיפה ומלא אחריו ד""ר ש. שלוסירג. ניתנה סקירה על מצב עניני האישפוז עם העברת בית התולים הממשלתי למדינת יש־ ראל ופתיחת בית החולים הצבאי (האיטלקי לשעבר) לצר כי שעת חירום. וכן על בי""ח בורוכוב באחוזה והרחבת בי""ה רוטשילד העומר לעבור לעירית חיפה. קבלת _טיעג־דית לבית הספר הממשלתי לאחיות בחיפה היי' שולמית קאנםור המפקחת על שרות אחיות במשרד הבריאות, תהיה בחיפה בבית־ החולים הממשלתית, בימים שני עד שלישי לספטמבר ותקבל מועמדות לביה""ס הממשלתי לאחיות בחיפה, העומד להפתח בקרוב. וועדי ריעובבים בהברת…"
1948-08-31	hzh	hzh19480831-01.2.29	"… לרשות הועד הלאו־ מי בסוף חודש אפריל. ביפו פועלים עתר, מאנשי השירות הרפואי לשעבר, ביניהם קצין הרפואה הראשי , ומנהלים את בית החולים הממשלתי ביפו המשמש בעיקר את שבויי המלחמה הערביים. ןזמו""מ על העברת בית החולים בחיפה — הגדול ביותר בארץ עם 350 'מיטות — לא נסתיים עד שצבאות ישראל כבשו את חיפה‭*. ‬ על אף בקשותיהם של מנהלי מחלקת הבריאות ישראלית , ־ סרבו עובדי בית החולים הערבים להישאר בעבודתם ולדאוג לפצועים הערבים• רו־ נם עזבו את מקום עבודתם ואף '־חולים פונו. בית החולים פתוח עתה ובין עובד…"
1948-08-31	hzh	hzh19480831-01.2.29	"…רה ניתנה להחזרת כושרם של חיילים לשעבר, הן במובן הגופני והן במובן הנפשי. נקבעו תכניות בדבר טיפול מיוחד שיינתן לאחר יציאה מבית החולים כגון טיפול אורטופדי , ניתוחים פלסטיים, ניתוחים אופתלמיימ וכוי. בית החולים בחיפה אורגן מחדש וכמעט מחצית מטותיו תוקדש לטיפ •ל כזה שיינחן בעיקר על ידי מומחים מהו‭?""‬שהה־ נדבו להשאר במדינת ישראל לזמן הדר…"
1948-09-17	hzh	hzh19480917-01.2.74	…ום משעה 4 _אהה''צ. ‭v, ‬ . נפתח. בית ס י פר. לאחיות מטעם משרד הבריאות הממשלתי נפתחו ביום ד' ‭15:0‬ בית הספר לאתיות. ליד בית החולים הירקון בתל אביב ובית הספר לאחיות ליד בית החולים הממשלתי בחיפה‭_4. ‬ןספר התלמידות בשני בתי הספד הוא ‭, 70‬מחצה על מחצה.…
1948-09-29	hzh	hzh19480929-01.2.76	…חיפה אזעקה בחיפה לאחד הפסקה הופעלו אתמול ב־‭11. 35‬ צופרות האזעקה בחיפה בשעה שאווי־ רון אלמוני , אשר זהותו לא נקבעה הופיע בגובה רב מעל שמי העיר. • לאחר 15 דקות ניתן אות הארגעה. לא אירע דבר. בית חולים בורוכוב נסגר מה־1 באוקטובר יהוסל בית החולים בורו־ כוב באחוזת שמואל והחולים יעברו לבית ה־ חולים הצבאי במושבה הגרמנית (בי…
1948-10-19	hzh	hzh19481019-01.2.65	…פ הנאציפ. הוא נעצר והופגר למשטרה. גנבים. מאיימים באקדחים תוך איומים _־באקדתיפ הצליחו להסתלק גנבים מדירה ברחוב בן־יהודה בחיפה, כאשר הדיירת אסתר רבינוביץ, מצאתם שם. חסריפ 20 לא''י ותכשיטים. הצית את. עצמו בנפט לבית החולים הממשלתי הובא מנחליאל לחיפה נער תימני בן 16 שהצית את עצמו, לאחר ששפך נפט על בגדיו. מצבו אנוש. ארתור קמטלר -יצא ארהור קפם…
1948-10-19	hzh	hzh19481019-01.2.65	"…הימית לטובת בית הימאים בתל־אביב. הקהל ייענה בעין יפה. ד""ר אדלר חזר משוויצריה דייר א. אדלר, מנהל המחלקה לפיזיאוסרפיד. של ביה''_ח האוניברסיטאי של הדפה, חזר לירושלים מביקור בשוויץ, שם השתתף _בקננגרם רפואי בין־לאומי. איחוד הקימיניםמיפ ־ היהודים והערבים חיפה‭17. ‬ (ר‭. (‬איחוד המפלגות הקופונים־ סיות של היהודים והערבים יבוצע רשמית ב־ חיפה ביום ף. מטרת המפלגה המאוחדת היא ""להילה…"
1947-10-02	itonamami	itonamami19471002-01.2.24	…לילה, על י. סגל, בן 21, 'פקיד בדואר, במרכז המסהרי הישן. י. סגל הוכה ונפצע קשה בקתות האקדחים שבידי דוברי האגגלית, והועבר לבי״ח רוטשילד פאמבולגם של מ.ד.א.. השתוללות דוברי האנגלית בחוצות חיפה גמשכה כל הערב. כשנטפלו אל סגל, ביקשו ממנו את תעודת הזהות. סגל הראה להם זרקו את התעודה על הארץ ו״כיבדוהו״ במכות. הד ההתפוצצות השוטריפ הבריטײם גיאפורד וברנט, מפצועי ההתקפה על מרכז המשטרה בחיפה, עזבו את ביה״ח הממשלתר אזעקת-שוא ^רקליפ-פנק שוטרים מתחגת משטרת הדר הצרמל השו ביום גיב-2 אחר-חצות, ל״בריקליס בגק״ ברחי הרצל, לאחר אזעקה…
1947-11-25	itonamami	itonamami19471125-01.2.32	…□n י□ה פר&ט קילי עזפ את בית החוליש הסרגינט הבריטי קילי, המומחה לעברית בבולשת בחיפה, החלים ועזב את בית החולים. כידוע, גפצע קילי ב-1 2 לנובמבר עת היריות בקפה ״האז״. 47 שוטרים בריטיים הדשים 47 שוטרים בריטי…
1947-11-26	itonamami	itonamami19471126-01.2.26	…בכיבוי האש. עזפ את פית החולים עמגואל בךגוריון, שנפצע בשעת ההתקפה על האוטובום משרות הר-הכרמל ב-1 4 לח. ז., החלים ועזב את ביה״ח ״רוטשילד״ בחיפה. חוזרים ממפה שײרה שלישית של עולײרגל ממכה חזרה אתמול לחיפה באניה ״טאיף״. בשיירה 533 מושלמים — 216 ארצישראלים ו3 17 הממשיכים דרכם לתורכיה פורד פמפקדת הצפא סגן המפקד של הבולשת בארץ…
1947-12-09	itonamami	itonamami19471209-01.2.2	…ולות העיר נמצאו שתי גופות של הרוגים יהודיױ אלמונים. אחד מהם אשכנזי והשני מדדף עדה הספרדית. שניהם בגיל העמידה. הם% נאספו לבית החולים הממשלתי ביפו ואחר כך הועברו לחדר המתים ב״הדסה״ ת״א./ הרמן ליפר הי״ד ד נער יהודי, בן 16, הרמן ליבר, מנודר |ד שאנן שבחיפה, נורה אחמול ע״י נוטר ערבי ביפו. לפי ההודעה הרשמיח, ציװה הנוטר הערבי שעמד ליד משרד הדואר ביפו, על הנער היהודי לעמוד. לפי…
1947-12-10	itonamami	itonamami19471210-01.2.2	…טי. הוא מת מפצעיו ב״הדסה״. איש ההגנה״. בלה פישביין, בת 24, הגרה ברחוב שלוש 6, שניסתה להציל את צוקרמן, נפצעה ,קשה והובאה לבית החולים ״הדסה״. מצבה לא הוטב עד הערב. את הרשימה ״התל-אביבית״ יש לסיים ביצחק חײמוב, בן 36, שנפל בהגנת נוה שלופ. |בחיפה נרצחו אתמול 3 יהודים: הייפ ושטרן, בן 48, שליח הגיױנט שבא לחיפהlעו בדרכו לאוסטרליד״ ושני אלמונים. שנמצאו בחלקי העיר השונ…
1947-12-26	itonamami	itonamami19471226-01.2.2	…י רושמיה. 3 נוסעים נפצעו: אסתר דויטש, בת 16 נפצעה קל ברגל, אברהם לטה בן 20 נפצע קשה ועזרא חגה בת 50, בלכתה ברחי השומר. |לבית החולים רוטשילד הביאו את הפ- צועים הבאים: לודביג רוזנברג, בן 50, שנפצע ביריה בלכתו ברחוב. אפשטײן אסתר מנהריה, אמש בשעה מאוחרת מסרו באופן רשמי בחיפה, כי מספר ההרוגים הערבים הואB, וכי 14 ערבים נפצעו קשה, ױl 2 ערבים נפצעו קל. כל .אלה הובאו לבתי החולים מחוגי ה״הגנה״ מוסר…
1947-12-29	itonamami	itonamami19471229-01.2.31	…עיהו צירגס, בן 21, נפצע בשעת ההתפוצצות. גית החולים מלא על גדותױ מפצועיש ערביםבמוצאי שבת ובמשך כל יום׳ יאי שרר שקט יחסי בחיפה ובסביבותיה. ממקור ערבי מוסײם, כי בית החולים הממשלתי בחיפה מלא על גדותיו מפצועים ערבים. 5 עצורי בשק הועפרו לעפו 5 הצעירים היהודים שנאסרו אור ליום ר בקרבת קרית מוצקי…
1948-01-14	itonamami	itonamami19480114-01.2.29	…חיפה יצא ביום בי בבוקר ללבנון לבי״ קור אצל ״המנהיג״. נסעו פליווי משטרה פועלי בתי הזיקוק הערבים, שנסעו אתמול באוטובוסים מחיפה לקבל את משכורי תם לװ ע״י 4 משורײנים של הםשטרה. פית חוליס נופף לערבים פצו,יט בי״ח ערבי חדש הוקם ברחי חמת איל פשה בבית שהועמד לצורך זה ע״י ערבי אחד. בביה״ח 25 מיטות ועוד 25 יתווספו. מנהל ביה״ה הוא ד״ר תמימי וסגנו ד״ר קאסטרו ממוצא איטלקי. לבעל הבית שמסר את דירתו לצורך בית החו…
1948-01-14	itonamami	itonamami19480114-01.2.29	…ערגי נשארו לשמירה רק בשעות הלילה, תאונת דרכים |שבתאי בלאט בן 37 משכונת תל עמל נפגע קשה ע״י אוטובוס ערבי בהצטלבות הדרכים חיפה נצרת. הועבר לביה״ח רוטשילד. לגפית ״פפר הישוב״ פתחכורה לשמות שרותי התחבורה, הגובים את מס ״כפר הישוב״ בחיפה, יש להוסיף את שרות ״אחוזה — הר ה…
1948-01-28	itonamami	itonamami19480128-01.2.25	…צאה גופת יהודיה שמואל ;פםמ; כן 58, נהג ״שלפ״ משפונת בורוכוב, נורה ומת מפצטװ פיריות, שנורו עליו ^י פנו פיית ערבים בדרכו מחיפה לתלאכיכ גופתו הובאה לחדר-המאים של בית החולים ״הדסה״ בת״א. היום תיערך הלווײתו. אתמול בבוקר חידשו הערבים את התקפותיהם על קווי התחבורה היהודים בכביש חיפה תל-אביב, בקטע…
1948-01-28	itonamami	itonamami19480128-01.2.25	…לית וזכרון יעקב. ש. גפסמן ועוזרו צבי קלינסקי, בן 30 מת״א, רהי מרכז בעלי מלאכה 15, נסעו במכונית משא, שהובילה סחורות מנמל חיפה לתל־אביב. בקירבת עטלית, ליד הכפר הערבי עין-רזאל, נורו עליהם יריות מנשק אוטומטי. גפסמן נפצע קשה ומת. צבי קלינסקי אף הוא נפצע, הועבר לבית החולים ״הדסה״ בתל-אביב. המכוגית rmהפכה והפורעים הציתו אותה. לפני כן הותקפה מכונית משוריינת של ״אגד״, ההתקפה הזאת בוצעה בין הכ^…
1948-01-28	itonamami	itonamami19480128-01.2.25	…יים גיבה ועין רזאל. איש מהאוטובוס לא נפצע, אם.כי היריות נמשכו כרבע שעה. בהתקפות אלו נפצע קל יחזקאל וולפסטן, בן 19, הדר בחיפה, השילוח 4. הוא הובא מחדרה לבית החולים ״הדסה״ בתלאביב ולאחר טיפול גשלה הביתה. כמה מכוניות נאלצו לשוב לחיפה ולזמן נפםקה התנועה במקום הזה# אך היא חודשה מיד אחר …
1948-01-28	itonamami	itonamami19480128-01.2.25	…פוי אש נכגסו לכפר. אשה יהודיה נהרגה פפפיש ת״א - חיפה גופתה של אשה יהודיה גמצאה אתמול בצהרים תחת אחד הגשרים שבכביש ת״א — חיפה. שמה מרים קייזרמן, בת 26. היא נפצעה בראשה. מרי קײזרמן נמצאה תחת הגשר בקרבת פט. לוקם שליד חוף חיאט. סבורים שהיא l מעפילה. גופתה הועברה לבית החולים ה־ ממשלתי.…
1948-01-29	itonamami	itonamami19480129-01.2.32	…בחיפה נאסרו 3 יהודים יחיילים עצרו אתמול בבוקר 3 יהודים l ליד עתלית בשעה שגסעו בכביש חיפה—-תל-אביב. ברשותם נמצאו 2 רמונײיד הרופאיש והפניטרימ היהודים חזרו לעבודתה 8 רופאים ױ2 O פקידים וםניטרים יהודיים חזרו אתמול לעבודתם בביה״ח הממשלתי ובמחלקת הבריאות בחיפה, לאחר הפסקה ממושכת. האחיות והמתלמדות טרם חזרו. |שמירה קבועה הועמדה במקום. 8 שוטורים בריטײם ושגי ערבים ישמרו על ביה״ח. 64 מהנדפים חדשים 64 מבין גומרי התכניון העברי בחיפה בשנה זו, הוכתרו בתואר מהנדס. זהו המחזור היl9. בין 680 התלמידים נמצא…
1948-02-05	itonamami	itonamami19480205-01.2.28	…בnיפה לוית הקדושים פחיפה המונים השתתפו אתמול בהלווית חמשת הקדושים בחיפה, שנרצחו ע״י חײלי הלגיון הערבי. ההלוויה י צאה מביה״ח רוטשילד דרך רחבת בית הקברות. בתי העסק ודד מלאכה נםגרו, והתחבורה הופסקה בזמו ההלוױה. האשה שנהרגה שלשום ביריות הלגיון זוהתה אתמול כחיה טיפניצקי, בת 56 מקרית מוצקץ. גוויתה גמצאת בחדר המתים של ביה״ח ~רוטשילד״. נאפרו ״פיפטי-פיפטי״ רשמית: 2 ערבים גאסרו אתמול בשכי חמסה בחיפה בעוון החזקת גשק, לאחר שנורו משמ יריות, 2 יהודים נאסרו ע״י הצבא, לאחר שנמצאו בבית אחד שברהי ברזילי 2 רובים ױ4 רמונים. שמ…
1948-02-05	itonamami	itonamami19480205-01.2.28	…בו מכשירי טלפון מ-4 תאי : הטלפץ הצבוריים בהדר הכרמל ובהר הכרמל. נפצע פשעת עפודתו , יוחאי פישמן, בן 27 נפצע אתמול בנמל . חיפה בשעת עבודתו. הועבר לביה״ח רוטשילד במצב קל, דרוש דמ למ.דs בהיפה מ. ד.א. בחיפה פונה לתושבי העיר שיתרמו מדמם, לרגל הצורך בהגשת עזרה לפצועים. ארגון ת…
1948-02-09	itonamami	itonamami19480209-01.2.23	…ם שניסו לעבור מחסום יהודי - 200 חיילים ערכו חיפוש בבית יהודי 3 ערכיש וביניהם שײך אחד, נהרגו אתמול וערבי רכיעי נפצע קש^ פחיפה הדבר אירע אחרי הצהרים, כשערבים פתחו ביריות על אנשי הצבא מתוך בית החולים הערבי ״אל-עמין״ שבחלקה המזי רחי של העיר התחתית. הצבא השיב אש. הנהלת בית החולימ פנתה לשלטונות בתלונה על הצבא, שירה לבית החולים... עד כאן הידיעה מסופרנו, אך הרדיו הירושלמי ידע לספר על אותו המקרה סיפור…
1933-12-01	itonenunoar	itonenunoar19331201-01.2.2	…לתפארת להסתדרות־העובדים: בתי־חולים, בתי־מרקחת, תחנות לטפול בתינוקות. ; קיימים בכל עיר וכפר. בעפולה אשר בעמק יזרעאל הוקם בית החולים המרכזי, המשמש את כל תושבי עמק יזרעאל וחברי קופ״ח בשומרון. במוצא, אשר בקרבת ירושלים ועל הכרמל בחיפה קיימים בתי־הבראה לפועלים, מסודרים ומשוכללים׳ וכל פועל הזקוק להבראה ומנוחה אחרי עבור עליו מחלה, יכול לבלות בבית־ הבראה מ…
1933-12-06	itonmeyuhad	itonmeyuhad19331206-01.2.23	…מנתח וינאי ו?חל אסיאמי בית החולים של ועד הההלה בחיפה זקוק לרופא עצבים בשביל... המנהל לפני שנה כשחודש בית החולים שעל יד ועד הקהלה בחיפה טרחו העסקנים למצא כוכב אשר יפיץ את נוגהו מחיפה על כל הרפואה שבארצנו, והוזמן מוינה מנתח מומחה. בתור מנהל. יתכן, כי הד׳׳ר הנכבד הוא אמנם רופא מצוין ומוחה לנתוח, אך מלבד…
1933-12-06	itonmeyuhad	itonmeyuhad19331206-01.2.23	… הנראה הרופא החושב את עצמו למתורבת, שגם כאן יש לו עסק עם אנשים בני תרבות, שתרבותם אינה פחותה משל מי שהיה אסיסטנט באיזה,.בית חולים בוינה. העובדות והמקרים הנשנים מדי פעם בפעם מע מדות את ועד הקהלה בחיפה לפני מצב בלתי נעים במקצת. כי מצב הקופע רעוע ואין בידם לעשות עוד הוצאות בשביל בית החולים. ועכשיו הן יש צורך רב ברופא עצב…
1934-09-06	itonmeyuhad	itonmeyuhad19340906-01.2.38	…אבי הילד ז — אין תשובה. נאסימה מחשה ואינה מספרת. היא נכנסת לחדרה ושוכבת במטתה. ובו בלילה מתה הגברת נאסימה הי־ פה. הנהלת ביה״ח דנציגר הודיעה למש - טרה על דבר מותה של סית נאסימה, גי־ צריה מחיפה ואחות במחלקת הבריאות ב--יפו. המשטרה פתחה מיד בחקירה והודי־ עה למשפחת המנוחה בחיפה שתבוא ותק--בל את הגופה. אך זו לא נענתה והמשט ‘י׳ הוכרחה לקברה על חשבונה.…
1939-07-30	itonmeyuhad	itonmeyuhad19390730-01.2.4	"… שלולית מים גועשים במרחק מה מן החוף נראו שני ראשים קטנים נאבקים מר עש הקצף הלבן. הגופות נמשו מן המים ובמכונית הובאו מיד לביה״ח ""הדסה"" בחיפה. והרופא התחיל לטפל בשני הילדיש, המשאבהעבדה •בלי הרף, אולם, הרבה מים נשפכו מפיהם, הבטנים הקטנים המי !שיכו להיות נפוחות, …"
1947-07-24	khm	khm19470724-01.2.48	"…חתפוצצות בחיפה בשע ה ‭1. 20‬ אירעה התפוצצות ליד בית החולים ""רוטשילד"" בהיפה.…"
1947-08-13	khm	khm19470813-01.2.62	"…בי""ח ממשלתי נעזר על ידי מנן דוד אדום חיפה. יום ג' — אמבולנס של מ. ד. א. _בחיפוי חעביר חיום 6 חולי טיפוס ערבים למה""ח חממשלתי, מכפר ערבי שבקרבת קבוץ עין השופט, היו…"
1947-08-18	khm	khm19470818-01.2.53	"…שביתת הרעב של אהיות ביה""ח! הממשלתי בחיפה הסתיימה תיפוג יום א' — אתמול הסתיימה. שביתת. רעב של למעלה מ־‭. 60‬אחיות יהודיית‭.. ‬ער־ ביות !ארמניות העובדות בכי''ת הממשלתי בחיפה‭.. ‬ לאחר שחהנחלח הבטיחה למלאות את. דרישת השובתות הופסקה חשביחח‭.. ‬ השמחה פרצה ביום ו' במקר בגלל. האוכל הנדוע, הבלתי. …"
1947-11-05	khm	khm19471105-01.2.25	"…ר אוטובוס ערבי חיפח יופ ג' — בקרבת בפד ענוק (מחוז עכו‭. (‬התהפד אתמול בצהרים אוטו־ בו ערבי. 5 נוטעים נפצעו קל ונאםפו אל ביה""ח הממשלתי בחיפה. תורנות בתי מרקחת קריינקיו• חרצל ‭, 10‬טל‭!!223. ‬ ירושלים נעצרו שני צעירים, אשר סירבו להוריד כרוז של אהד הארגונים הפור…"
1948-01-02	khm	khm19480102-01.2.41	"…ר. על _טמך דו""ח זה ההליטה האספה לא לחזור לעבודה ולהתכנט שוב בשעה 3 אחה""צ מחד (היום) באותו מקומ. _ה_^דים היהודים עזבו את ביה''ח הממשלתי חיפה, יום ה' ‭45 —‬ רופאים ואחיות יהודים עזבו אתמול אחה""צ את ביה""ה הממשלתי מחוסר בטחון לפי דרישת ועדת היבטחון הישובית, העובד…"
1948-01-26	khm	khm19480126-01.2.57	"…עובדי ביה""ח הממשלתי בחיפה עזבו ™ העמדה באשמת הממשלה חיפה — מאת סופרנו — כידוע פשטו שמועות כאילו עובדי ביה""ח חממשלתי בחיפה עזבו את העבודה מפיבות נלתי צודקות. האשמה על עזיבת חפרסונל היחודי בניה'יח הממשלתי בחיפה נופלת אך ורק על השלטונות, בגלל רשלנותפ ואי מילוי חובחם כלפי חציבור, חחולים והעוב־ דיה הפרסונאל היהודי בביה""ח רממשלתי רצת י להמשיך בעבודתו. אולם השלטונות אטמו אזניחט לדרי־ שות העונדיפ חיחודיט נשטח חבטחון. ביחיד היווח םכנח חמורה ל…"
1948-02-09	khm	khm19480209-01.2.46	"…חילופי ?_די1ת בחיפה חיפח, יום א' — צלפים עדביס פחחו נאש סמוי לצחמט על מרכז _חטלפונים _ברהיב _הבידנ' כדוד חדר לחדד הטלפוניםטית, איש לא נפנע. צבא הרג 3 ערבים בבית חולים ביריות הצבא לביה""ח הערבי אל־אמין שבאזור חמזרחי של היפה התתתית נהרגו 3 ערבים, ערבי אהד נפצע קשה. הנהלת ביה""ח טנתד. במחאה…"
1948-05-04	khm	khm19480504-01.2.49	"…פעולה להעברת ביה""וו הממשלתי בחיפה לרשות יהודית מ המוסדות היהודיים לקבל על עצמם את הטפיל גם בחילים _יסציעים ערבים הנמצאים בבית החולים. הוא העמיד לרשית העירית סף של 10 אלפים לא""י להקלת ההעברה של בית החולים לרשותה.…"
1948-08-03	khm	khm19480803-01.2.54	"… שהמקרה יחייב. בתוקף המנשר השני ממנה שר הבטחון את ד""ד ג'וזף להיות מושל צבא־ בשטח המוחוק של ירושלים. לפתרו;בעית האישפוז בחיפה היפה, יום כ' — כישיכר, משיתפת של היען} הפועל של קהלת חיפה וחברי הועד המנהל של ביה""ח ""רוטשילד'' עם ב""כ מחלקת הבריאות של ממשלת ישראל, ד""ר נואק, וראש עירית חיפה, מר שבתי לוי, הובא לדיון עתידם של בתי החולים …"
1948-08-15	khm	khm19480815-01.2.47.1	"… לדחות את המנויים הקבועים למשרות אלו ער לאחר תקו פת־החירום. לפיכך, לא יקויים הקונקורס. אשר הוכרז בשעתו למשרות מסו יימות בביה""ח הממשלתי בחיפה. אשר נמסר בעת חיסול השלטון המנדטורי לעיריה והועבר כעת לידי משרך הבריאות של מרינת ישראל. השלמת המנגנון הרפואי של ביה""ח ת…"
1948-08-26	khm	khm19480826-01.2.36	"…סום לפסקי הדיו המיצאים במשפטי הספסרית. באותר ישיבה מסר ד""ד ניסנבוים סקי־ דה מקיפה על פעילת שריתי הבריאית יש ־ דית חרופ בחיפה יעל מצב עניני האש־ סוז בעיר, עם פתיחתו מחרש של בית החי־ לים חממשלתי שימצא בידי ממשלח יש־ ראל' פתיחת בית החולים הצבאי ע""י השרות הרפיאי של צבא ההגנה, _פעילתי של בית החולים ביריכיב באתיזר, יהרחבתי של בית החולים רוטשילד _העימד לעביר לידי העיריה. יום הקייטנה לילדי חיפה חיפה, יים ד' — יימ _דיקיטנד_, לילדים המבקרים בקייטנות חצביריית 'של יעד! ריתזונר, שליד יעד הקהלה יערן' ביים יי י. י הנשים הפע…"
1948-09-17	khm	khm19480917-01.2.53	"…בוע. שאיו יסוד לטענת ההפליה נין תל אנינ וחיפה נשטח ־'אישפוז, כפי שהוגדרה עי"" מי רוקח. ממשלת ישראל קבלה לידי. את ני־''ח בחיפה (שהיי, אגב, ממשלתי גם בימי המנדט) ובי בזמן הטילה על עיריח היסה להעמיס על אחריותה את החזקת ביה""ח ""ו _ין־טשולד‭, ""‬ ההןמך ע""י נך בית הולים עירוני נדוגמת ""הדסה"" בתל' אביב. ביה''ה הממשלתי בחיפה ממלא נעיקו-ו ‭. !‬פקידים ארציים (מחלות מדבקות ומקדים מיוחדים מכל ה…"
1948-11-19	khm	khm19481119-01.2.57	"…העלאת השכד תובע 0 עובדי ביהת' ר _miunnn בחיפה חיפה. יום ה י — עובדי 'ביה'יח הממשל־ . י י בחיפה דורשים להנהיג מיד ד' ו לעובדים הממשלתיים ותוספת יוקר לפי ה־ אינדכס הממשלתי. עד שיונהג הדירוג החדש תובעים העובדים תוספת שכר של ‭. 25%‬ להנהלת ביה''ח ניתנה ארכה עד ל־25 לחודש זה למילוי הדרישה. במקור. של סירוב תוכרז שביתה בביה""ח.…"
1948-12-01	khm	khm19481201-01.2.39	"…עמוד הדואר רדשות פר הזקוק רו! חיפה, יום ג' — הנהלת הקואופרטיב ""מזיו לעמל"" המשרת את הציבור הערבי בהיפר. פנתה לפני כחודש ימים למנהל הדואר בבקש'ד. לחדש את הקו הטלפוני בחנות הראשית שברחוב בית החולים. חוסר הקשר הטלפוני מקשה מאד ‭. -א‬ עבודת הקואופרטיב שזכה _להכרת־תיד־ . יין של רובו של הצבור הערבי בחיפה. הנהלת הדואר נד…"
1930-02-07	kolisraeljlm	kolisraeljlm19300207-01.2.2	… 517 יהודים, 66 נוצריט׳ 26 מושלמים, יצאו את הארץ 128 יהלים, 24 נוצרים, 29 מושלמים. - מלונדון מודיעים על העתיד המזהיר של חיפה, מלבד הנמל התחילה עבודה להתקנת תחנת אויר בחיפה ע?-4 שטח של אלף דונם. - בית החולים בטבריא שעל שם המנוח שויצר יפתח בראשון למאי. - הרכבת אומרת ?-4סדר מחדש מרץ מכוניות מיוחדות I עבור הנוסעים מתחנת צמח עד ל…
1932-08-18	kolisraeljlm	kolisraeljlm19320818-01.2.10	"…יתיהס. הגאון ר משה מרדכי עפשטיין שליט״א הגאון • האדיר הספירסס ר׳ מרדכי 1 עפשמיין שליפ״א שעשו לו ניתוח כבירות עזב כבי את בית החולים, מצב ""ילד וטוב ב״ה. אסון בחיפה נהפך אותיטוביל של משא. שני אנשים נחרנו סיד, אחר נפצע קשה מאי, ה׳בשאר^חביב ה׳ בשארא אפנדי חביב שהי׳ סנן הפחה כירושלם ביפ…"
1938-04-07	kolisraeljlm	kolisraeljlm19380407-01.2.4	…גדl l ישראל., י ביובש חששי בצהרים התקיימה חיקויה שבית השתתף קהל עצום מאד. הספידוהו חרב הגאון ר׳ ברוך מרקום שליט׳א גאב״ד חיפה וב״כ הקהלה, מר יעקב כ״ץ מזכיר פועלי אגודת ישראל, דר׳ כהן מנהל ביה״ח יבנה והרב משה פינדלינג. מפני השעה המאוחרת של חלויה לא יכלו ב״כ מרכז אגודת ישראל בירושלם לבא בעצמם אל הלויה ושלחו תלגרמה…
1938-09-01	kolisraeljlm	kolisraeljlm19380901-01.2.7	"…בא ע״י ירושלם, ערבי נהרג ונוער יהודי נפצע. - ממשלת מצרים מכינה תזכיר לחבר הלאומים בשאלת א״י• - הממשלה הורסת הצריפים ע״י ביהח״ר ""שטף בחיפה• מטעטי בטחון• - עתוני ־מצרים כותבים שלעם המצרי אין עגין בשאלת א״י. - בכביש נצרת טבריה היחרז התנקשות בין הצבא והכנופיות …"
1942-06-18	kolisraeljlm	kolisraeljlm19420618-01.2.17.1	"…וולף!| אתך אנו באבלך ומשתתפים בצערך על מות אמד היקרה ע״ר׳ המחנכת והתלמידות של כתה היו בבית המשי ההררי לבנות ""בית יעקב"" בחיפה « ש י ל ה » תלמוד תירה לבנים ירושלידק רח׳ הנביאים, מול בית החולים האנגלי שכי בית וגן, בחצר בית הכנסת החלה הרשמת תלמידים לכתות א׳ ב׳ ג' ד׳ ה׳ ו׳ ז׳ לפנות למרכז ברחוב הנביאים בימים א׳ ג׳ …"
1942-11-05	kolisraeljlm	kolisraeljlm19421105-01.2.8	"…הרב י. עוזר, היפה כמתוקניט שבהט לא מזמן חגגה חיפה את חג חנוכת בנין בית החולים ""הדסה""• אין לנו לזלזל בערכו הצבורי ■של המפעל הזה, חסרונו היה מורגש. בעיקר בשביל ""יהודי סתם"". ל״צבור הפועלים"" חברי ההסתד…"
1942-11-05	kolisraeljlm	kolisraeljlm19421105-01.2.8	… בו מהלקות לכל מיני הולים ותחלואים׳ מחלקה מיוהדת למחלות מדבקות׳ מחלקה ליולדות וכו׳. רחבות הדעת ועשירות נכרת בכל פנה של •בית־ חולים זה. ישנו שמה גם חבר (ח ו־ב סגוליות) עובדים יהודי, עבור הנזקקים היהודיים• החסרון היסודי הוא, שמטבח ביה״ח הוא טרף בהחלט• משרד הרבנות בחיפה טפל אמנם בשעתו להסדיר את עניני הכשרות׳ אולם דרישה צודקת זו לא מצאה את ההד הדרוש. התקון המבוקש׳ לא יצא לפועל. ובכן מצב ה…
1942-11-05	kolisraeljlm	kolisraeljlm19421105-01.2.8	"…ות ודרישות. לשלטונות בנוגע לכשרות, אם נדרוש ""טול ק־סם מבין עיניך"" ישגה תשובה מפורטת ""טול קורה""! , יוצא איפוא שחסרונו של בית חולים יהודי כשר היה מורגש. העשירים השתמשו בבתי חולים פרטיים. (יצויין דרך אגב, שביה״ח הפרטיים בחיפה הם כולם בשרים, וגם זה הישג גדול). ומי סבל ? חוה אומר ""יהודי סתם""• ""אין הקב״ה מקפח שכר כל בריה"". ראויים הם העסקנים להערצה וברכי׳ ■עבור עבודתם הפוריה, בעיקר יש להרים' על נס את עבודתו המסורה של מע״כ מר שבתי לד, יו״ר עירית חיפה׳ שהוא היה היוזם והרוח החיה בהקמת .הבנין. במשנה מרץ ובהתמדה ללא לאות עמד הוא על המשמר׳ מעורר לפעולות עד אשר המפעל הוקם על תלו. ביה״ח החדש עומד לשרות הקהל, יש בו כל השכלולים המודרניים, ורב ברכה צפון בו.…"
1948-03-09	mar	mar19480309-01.2.30	"…מקיפה חוגים יותר ויותר רחבים :של ערביי חיפה, ""הראש"" מנסה לעודד את הרוחות נראה כי הידיעות על _הדבאון ‭':'‬השתרר בין ערבי חיפה הגיעו גם אל ""הראש"" במצרים ולפני כמה ימיה הוא שלח תרומה מיוחדת של שלושת אלפים לא""י בשביל בית החולים הערבי ל־ ‭?;‬זעת חירום. 2 הגויות‭-?‬ של יהודים עתה נודע כי שתי הגויות — של גבר ואשד, — שנמצאו שלשום ברח' המלכים בחיפה הן של יהודים. הגויות הועבדו מ־ בית החולים הממשלתי : לחדר המתים של ביה""ח רוטשילד או- לם מרס זוהו. ערבי מת מפצעיו ־ ' בחיפה והסביבה שרר הבוקר שקט. ערבי כבן 20 שנורה את אתמול בשוק הערבי — מת ה ב…"
1948-03-10	mar	mar19480310-01.2.37	"… ' בחיפה וסביבתה אתמול נפגשה , הוועדה הל ־ אומית* בחיפה עם הנציגים הכפריים. בפגישה נתקבלו החלטות על חיזוק ההגנה הערבית בחיפה. כן הוחלט לפנות בבקשה לממשלה בדבר היזוק השמירה על הכפרים הערביים כדי להדוף את ""ההתנפלויות ח־ טרוריסטיות* עליהם. ביה""ח הממשלתי ביפו - לידי הערבים ז ד""ר יוסוף הייכל ראש עירית יפו נפגש אתמול עם מושל המחוז דן אתו בענין העברת האדמיניסטרציה של…"
1948-03-15	mar	mar19480315-01.2.6	…' הוד ' בכב י ש נ י ו - ח י פ ה גופת נמצאה ג לחדר המתים של ביה''ח רוטשילד הובאו הבוקר שתי גוויות של יהודים. אחד גבי ואחת אשד‭.. ‬שניהם טדם זוהו, גופת היהודי נמצאה אתמול ב־ כביש ג'נין—חיפה, ואילו גופת היהודיה נמצאה בסביבה ערבית טהורה בעיר התחתית בחיפה. מת מפצעיו פנחס גורביץ, בן ‭, 24‬שנפצע אתמול בגבולות המע…
1948-03-22	mar	mar19480322-01.2.23	"…. ואם ללמוד גזרה שווה מן ה־ עבר הקרוב, חוזרת המחשבה ל "" ד ו נ ק י ר ק ‭. ""‬ י רק לא ""מינכן‭!""‬ י בעלי טובות (ד•?ג‭(. ‬ בחיפה הועמד בית החולים הממשלתי לרשות הע־ רבים, ביפו משתמשים בו דק הערבים, בבית צפאפה ובירוש־ לים מקבלים ריפוי רק אנשי כנופיות בבתי החולים המשל…"
1948-04-18	mar	mar19480418-01.2.49	"…יא זכות הפינוי. כל תפקיד אחר שהוא ירצד, למלא ייחשב כמעשר, איבה‭"". ‬ פצועים ערביים ""י—לקהיר מא בבית ד'הולים קאסר־אל־עינ־ בית החולים הערבי הגד‭-, ‬ל ביותר במזרח התיכה נעשי. כל ההכנות לקבלת מספר רב של ליהמים ערביים שנפצעו בא""י. קווהגיי נפנע ? בחיפה נפוצה שמועה כי פד אוזי קאוקג'י נפצע בעת התקפת ה""הגנד‭"", ‬ על וולדהיים. לפי אותה ידיעה ביקר קאר קג'י אצל אשתו מגרמניה• ""…"
1948-04-18	mar	mar19480418-01.2.82	… אביב לרשות העיריה וחבר המועצות המקומיות, עד שאפשר יהיה ל־ העמיד את בית החולים הצבאי במחנה תל ליטוינםקי לרשות _החושבות. בית החולים לחולי ריח בבת ים יימסר לעת עתה לנציג הצלב ז?אדים הבינלאי־ מי , שיעבירו בהדרגה לידי הרשית היהודית היורשת. במחוזות אחרים לגבי חיפה, הדרישה היא, שהממשלה תעביר את בית החולים הממשלתי , המשמש כיום את הערבים בלבד, לבעלות העיריה, כדי שזו תהיה הרשות האחראית…
1948-05-04	mar	mar19480504-01.2.7	…ביהי'ח הממשלתי בחיפה - לרשות _דייריה בית החולים הממשלתי בחיפה עבר לרשות עידית חיפה — בחסות הצלב האדום הבינה* אומי.…
1948-07-21	mar	mar19480721-01.2.45	"…שביתת אזהרה בביה""ח *רוטשילד• בחיפה . כמחאה על אי תשלום המשכורת של יוני לעובדים פרצה הבוקי שביתת אזהרה שנמשכה שעתיים בבית החולים רוטשילד, בסניף ובמרפאה בית…"
1948-09-05	mar	mar19480905-01.2.26	… המנדט נזקקו 5 אחוזים ממחוסרי האמ־ צעים לבתי חולים ממשלתיים. ביום מגיע מספרם יחד עם נפגעי תאונות ומעוטי יכולת לסד אחוז. בבית החולים בחיפה עסוקים גם כמה ערבים, ביניהם מילדת אחת. משרד הבריאות פתח גם כית חולים קטן בעכו לשם מלחמה במגפת הטי־ פוס שפרצה שם, _רס הת…
1930-06-15	misharvetaasiyah	misharvetaasiyah19300615-01.2.6	…ה ובתוכה: בית־הכרם׳ תלפיות, רחביה ועוד. לא פחות מ־8 0% מהכנסות העיריה עולים בחלק היהודים. גדול נמרץ של הישוב העברי נכר בחיפה, שבה מתרכזת התעשיה הגדולה: ביה״ח למלט «נשר», ביה״ח לשמנים וסבון «שמן», הטחנות הגדולות ועוד. זה לא כבר׳ בשנת 1922, היה מספר היהודים בחיפה רק 6,230 (2 5% מכל התושבים) ואלו …
1948-07-03	mivrak	mivrak19480703-01.2.2	"…הו הצופיסיפורז בעית המים נפתרה רודוס (ש.מ.) — מטה בדג־ דוט באי רודוס ותודיע, שהוחלט על_פירוז _ בית־החולים ""הדסה"", בניני ' האיניברסיטה ובניני בית־ החולים •הגרמני שבהר־הצופים בירושלים. כן הודיע המטה שב־ עית אספקת המים לירושלים — נפתרה•י* -שלשה עורכי דין בחיפה קבלו מנויים לכהן כשופטי שלום בבתי הדין האזרחיים, והם גנון, ממאן ושאל,•…"
1939-11-19	omer	omer19391119-01.2.21	"…איל יבטיחו את מצבו של בית החולים בחיפה? לפגי זמן מה (‭24. 10‬) עיררתי בד־ "" בר"" את שאלת מצב בית החולים בחיפה ובין השאר הבעתי את דעתי על הדרך, בה יש ללבת, ידי לתקן את מעכו הכספי של המוסד, אשי חשיבותו רבה כל כך לישוב העברי בעיר וב…"
1939-11-19	omer	omer19391119-01.2.21	…יע את פעולת בית חחולים. כדברי על העובדים, הנני מתכוון לא רק אל הועד שליזם, אלא גס לביאוודכוח הפועלים בםקומ, מועצת פועלי חיפה. ענין בית ההולים הוא עניז צבורי־ חיוני ורצוי שהצבור ידע בזמן על התכניות לתיקון מצבו ולא באופן סתמי ולא לאחר המעשה. פ. דמו…
1939-12-23	omer	omer19391223-01.2.34	"…שבוע הספורט בחיפה מישהקי האיגח החיפנית מתנהאיפ כפר־פ. תחרויות השבוע הביאו תוצ־ אות אאו:מכבי"" חיפה —הדמפ'' "" "" ‭;0:0‬ הבט־יה — הבריגדה ‭;0:6‬ המהנדסים — הפגיטדים ‭;1:4‬ הצבא מעכו — הדיביזיה ‭;1:9‬ ביה""ח הצבאי — אי. פ. ם. ‭; 0:1‬ הצבא מבת־נאים — הפועא"" כפר עטה ‭; 0:3‬ המהנדפיפ — "" ?הבטריה ‭. 1:2 ‬ מה הן אפתעות השבוע?. — ק…"
1942-01-09	omer	omer19420109-01.2.2	"… להכז יע, אם היה הנאשם שפיי בדעתו בשעת ביצוע הרצח, אף על פ ישאחר כף ?צא מדעתו. לפי עדותם של שני הרופאים, ד""ר בלוםנ* של מחיפה וד""ר מעלוף מבית החולים לחו־ לי־רוה בבית להם. שבדקו את חנאשס בשנה שעברה — הולה הנאשם במחלת אפי* לפסיה. נשיא ביה המשפט ט. ב. השופט ־עי""ן: ט־ ארי…"
1946-01-09	tsohorayimhaifa	tsohorayimhaifa19460109-01.2.15	"… הכלל, כדי לדון בהצעת הממשלה בשאלת העליה היהודית. לישיבה זו הוזמנו ב״כ כל המפלגות והארגונים הערביים בארץ. בין המשתתפים מחיפה ה״ה: יוסף סהיון, שיך נימר מוחמד אל־כטיב ואחרים. השביתה בבית החרושת ""נור"" שביתת הפועלים כבית״ח ""גור"" בעכו נמשכת. הפועלים השובתים נמצאים יומם ולילה בביהח״ר. אגודת הפועלים הערבים הפלשתינאית בחיפה פתחה במגבית לטובת השובתים וערכה אספות פועלים במקומות שונים, בהן הובעה הסולידרי…"
1946-01-11	tsohorayimhaifa	tsohorayimhaifa19460111-01.2.10	…ים לקבוע את יום שבתם השבועי ליום ששי. מחלקת העבודה הממשלתית לא התערבה בשני הסכסוכים שעליהם הכריזה אגודת הפועלים הערבים בחיפה בקשר לדרישות פועלי ביה״ח לסיגריות של קרמאן׳ דיק, סלטי ובהח״ר אלאיתיחד אלערבי לסיגריות וטבק. פועלי שני בתי החרושת הנ״ל יתאספו כדי לקבל החלטות בקש…
1946-02-13	tsohorayimhaifa	tsohorayimhaifa19460213-01.2.15	"… מרוכזים בירושלים. בראש הסניף בחיפה עומדים: ה״ה שמואל בך שבת, ד״ר י. א. רבין, הרב ד״ר מ. פוגלמן׳ ד״ר ווהלמן. כתובת סניף חיפה היא: ת• ד. 120, חיפה. אלקה קאופמן׳ בת 30׳ מקיבוץ ""עברון"", שנכוותה קשה אמש בהתפוצצות פרימוס, נפ־ טרה הבוקר בביה״ח ""רוטשילד"". הניחה בעל והורים. מה מייצרים מנילון? בתערוכת התעשיה הבריטית שנפתחה בחיפה ע״י מר שאו, המזכיר הראשי של ממשלת א…"
1946-02-13	tsohorayimhaifa	tsohorayimhaifa19460213-01.2.15	"…לעמוד בפני התחרות עולמית"". באגודה להשתלמות במדע ב־B י. שפירא : שכר ועונש בחינוך (הרצאה להורים ומורים)׳ ב־8 .15 - בשיתוף ביה״ח רוטשילד - ד״ר י. זיידה: הנגיף (וירום) ומחלות הנגיף (בתמונות אור). פתיחת הקורם להכשרה בחיים מטעם החוג הפסיכולוגי־מוסרי חיפה׳ בהג־ הלת ד״ר שמחה לב הערב ב־3o.ד בביה״ם ""נצח ישראל״׳ רחוב יל״ג 7. קישוטים בשכונות הערבים לקראת חג המולד המוסלימי קושטו…"
1946-03-08	tsohorayimhaifa	tsohorayimhaifa19460308-01.2.16	"…־אביב. כדור־רגל: משחק הליגה בין ""מכבי"" רחובות ו״מכבי"" חיפה שהיה צריך להתקיים השבת נדחה בגלל העוצר בדרכים. השבת יתקיימו בחיפה 2 משחקי כדורגל. הקבוצה הראשונה של ""הפועל"" חיפה תשחק נגד הקבוצה הצבאית ""דיוק אוף קורנ־ וואל"" ב־3 אחה״צ על מגרשה. המתנגד של ""מכבי"" חיפה תהיה קבוצת בית החולים הצבאי. המשחק יערך על מגרש ה״מכבי"" בקרית אליהו ב־3. לפני כן תתקיים התחרות בין ""אגד"" חיפה וקבוצת המילואים של ""מכבי ""חיפה.…"
1946-03-11	tsohorayimhaifa	tsohorayimhaifa19460311-01.2.9	… השנה מגיע ל־4 568 מטרים מרובעים. מתוך אלה בנתה סולל בונה: את בית קופת חולים החדש שבאחוזה, בתי פקידות ואולם אכילה בשביל בית החולים בעפולה, בית הספר בקרית־ חיים, בית ספר בחיפה, בית הבראה בצפת ובכפר החורש, בתי המרגוע שבבית אורן ובעתלית הורחבו אף הם. סולל בונה מקימה כעת שלוש מרפאות — בנוה שאנן, ב…
1946-03-13	tsohorayimhaifa	tsohorayimhaifa19460313-01.2.12	"…דע מ־B עד 10 — בשתוף האוניברסיטה — פרום׳ בונבגטורה : מגמות ומחקרים חדשים בתחום הפסיכולוגיה הסוציאלית. ב־8 .30 בשיתוף עם בית החולים רוטשילד. ד״ר ז. רבינוביץ : הכירורגיה בחיי יום יום. במגבית ההתגייסות וההצלה ב־6 אחה״צ באולם מכבי אש (רחוב פבזנר) פגישת באי כוח השכו־ נות מחיפה והמפרץ. על הפרק : ביצוע ""המפעל העממי להצלה ועליה"" והקמת ועדים מקומיים. נשף עם כל חברי ""אהל"" יתקיים בליל שבת ב־8 .30 באמ…"
1946-04-07	tsohorayimhaifa	tsohorayimhaifa19460407-01.2.11	"…מחבל לאופולד שטייניץ׳ בן 40, עובד בקאזינו בת־גלים, נפל אמש ב־ll,בעת שרקד על גבי חבל. ■הוא קיבל מכה בראש והובל נטול־הכרה לבית החולים. י נאסר מחזיק חאשיש ואופיים מצרי מרחוב חאמד פחה בחיפה נאסר ן בעוון החזיקו קילו חאשיש ו־2 75 גראם אופיום. ^טראנסילואניה"" תגיע ביום ו, srfה אניה ""טראנסילואניה"" יצאה את מארסיל …"
1946-04-30	tsohorayimhaifa	tsohorayimhaifa19460430-01.2.19	"…מת באניה החלוצית הראשונה ""רוסלן"". עבד תחילה כרופא כללי בהדסה ירושלים, אח״ב נשלח מטעם הסתדרות הדסה לשמש רופא כללי. למחוז חיפה והגליל, ומשנת 1926 שימש גם כמנהל ביה״ח הדסה בחיפה. פה בחיפה, בנה את ביתו בין הבונים הראשונים בהדר הכרמל, ומילא את שאיפת הוריו הציונים האצילים לבנין בית בא״י, ובדרך זו הלכו גם אחיו הנכבדים. בהיותו הרופא הראשי בביה״ח, רכש את לב כל עובדי המוסד ע״י מסירותו לחולים ולפרסונל. כדאי לציין את מסירותו לחולים בעבודתו ימים ולילות ללא ליאות, וביחוד בשנת המאורעות 1929, עת •ידע לארגן, במשך שעות מספר, בית חולים ארעי ל־l o7 פצועי מאורעות אשר הובאו מצפת, והושיט עזרה מהירה ליתר הפצועים בחיפה ובסביבה. בשנת 1932 עזב את משרתו כמנהל ביה״ח הדסה, והתחיל לעסוק בפרקטיקה פרטית. על אף עבודתו המרובה כרופא למחלות פנימיות, לא הפסיק את קשריו עם המוסד שבו השקיע את 'מיטב מרצו וכוחותיו, וממשיך עד היום לעבוד כחבר פעיל בועד המנהל של ביה״ח הדסה, אשר עבר בינתים לרשותו של ועד הקהילה העברית בחיפה. הוא משמש גם חבר פעיל בועדת הבנין של ביה״ח. זכה להשתתף עם יתר חברי ועדת הבנין בהקמת בית חולים מודרני בהדר הכרמל, ומשקיע מאמצים להמשכת הבנין, הרחבתו והעמדתו על הגובה המתאים. ד״ר ב. ניסנבוים יסד את מגן דוד אדום בחיפה, השקיע מאמץ וכוחות רבים לבנין בית מתאים למ.ד.א. בחיפה, וכן דאג לאירגון חבר מתנדבים, בן מאות חברים וחברות פעילים. במ.ד.א…"
1946-05-02	tsohorayimhaifa	tsohorayimhaifa19460502-01.2.14	….ס!■®■?• נאצים מתפרנסים מכספי משלם המסים היהודי נודע לנו, כי הספק לחלב של בית־החולים הממשלתי בחיפה — הסוחר מר בוטג׳י, ממציא לבית חולים זה חלב מתוצרת המושבה הנאצית ואלדד,יים, שרוב תושביה עצורים מאז פרוץ המלחמה האחרונה. …
1934-12-25	yarden	yarden19341225-01.2.36	"… דלא ניימ ונכסי דניידי : בנק הפועלים, ; בית הועד הפועל של ההםתדדותר בתלי אביב, שםפםרים מציעים במחירו ‭40000 ‬ |י יא""י , בית החולים ? בעפולה, , גית הפרע-‭- >? :‬פ בחיפה והאמפיתיאטרון והמגרש . שעל ידו(עשרת אלפים ואמה מאדמת חק־ 5 ה־הקיימת). ועוד ועוד בעמם וכמוש- * ב ה הגדולות• אמה, ל* בכח …"
1943-08-13	yomaneinharod	yomaneinharod19430813-01.2.4	…בעיית הלידות בביה״ח עפולה מחלקת היולדות בביה״ח עפולה כיום צרה מלהכיל את כל הפונות אליה. והרי זו בעייה חמורה ביותר. מספר היולדות הפונות לביה״ח זה, ממחי' זות חיפה, עפולה וטבריה, הכוללים עשרות נקודות ומשקים גדולים, עלה בחדשים האחרונים למידה שלמעלה מכוח הקליטה של בית־החולים. אמנם הוק…
1943-08-13	yomaneinharod	yomaneinharod19430813-01.2.4	…ת ביה״ח קבעה לאפשרי לקלוט — אזי על ’המשקים, אשר לפי המפתח הנ״ל נמצאים במצב הנוח ביותר, לחפש פתרון בשביל עצמם מחוץ לכתלי בית־החולים. המשקים הללו, שתי ברירות בידם: או לשלוח את היולדות שלהם לחיפה, או לסדר תנאי־לידה תקינים במקום. הלידה בחיפה כרוכה בהוצאות כספיות גדולות: הלידה עצמה (1 5 לא״י בערך), הנסיעה, שמוכרחה להקדים בימים מספר, הנסיעה חזרה הביתה (בתנאי הת…
1943-08-13	yomaneinharod	yomaneinharod19430813-01.2.4	…אינה רשאית להסתלק מאחריות זו ומן התוצאות הנובעות מכך. המוצא היחידי מסבך הבעיה הזאת היא שעל משקי מחוזות של עפולה, טבריה וחיפה (אגב, כדאי לציין את חוסר ההגיון שבסידור חדש זה: בו בזמן שהנהלת ביה״ח דורשת ממשקי העמק או ממשקים רחוקים'עוד יותר להוביל את יול־ דותיהם לחיפה, ממשיך ביה״ח לקבל יולדות לא רק מסביבת חיפה אלא גם מהעיר גופה), באופן משותף וביחד עם מרכז קופ״ח לגשת תיכף ובמלוא המרץ להקמת אגף נוסף בביה״ח אשר ישמש אך ורק למחלקת היולדות, כפי שכבר הוחלט בזמנו. אחרת, קיימת סכנה רצינית שכל ההישגים הגדולים שהשגנו בשטח זה ואשר כ…
1948-07-21	yomyom	yomyom19480721-01.2.7	"… מרצות. רק שאלה אחת לא באה על פתרונה ואינה ברורה למתכני מדיניות החוץ של ארה״ב: — עד היכן מוכנים הרוסים ללכת? שביתת מחאה בבי״ח רוטשילד בחיפה היום בשעה 10 בבוקר פרצה שביתת מחאה בבית החולים רוטשילד בהיפר"" על שעובדי בית החולים לא קיבלו משכורת לחודש יוני על אף מחא…"
1948-08-02	yomyom	yomyom19480802-01.2.41	"…(על ""המשמר"") הסדר חדש בבתי• החולים בחיפה במסגרת ההסדר החדש בבעלות על במי החולים בחיפה — נודע לנו שביה״ח העירוני (ביה״ח הממשלתי לשעבר, שהועבר לעירית חיפה) יועבר לממשלת ישראל, פרט למאה מיסות, בערך, שאולי תהיינה ברשות צבא ההגנה. ביה״ח ~רוטשילד"", השייך בעת לקהלה העברית בחיפה, יהיה להבא בי״ח עירוני.…"
1948-11-24	yomyom	yomyom19481124-01.2.14	…פאדבארג וסגן־הקונסול ה1פ• הנציגות האמריקאית גדולה ך,יום בהרבה מן הצירות הרוסית• נסתה להתאבד לאה נגרי, בת 54, מרח׳ יל״ג בחיפה, נסתר, הבוקר לאבר את עצמה לדעת ד־ ידי קפיצה מקומה ב׳. במצב קשה הועברה ל־' בית החולים הממשלתי בחיפה. ברק הרגו יוסף דניאל מנשה, בן 33, עולה חדש, נהרג אתמול במחנה העולים בחדרה בפגיעה ברק.…
1936-06-15	ytlv	ytlv19360615-01.2.22	"…ית בזמן הקרוב. הכנסה מן החולים החדשים תכםד, את ההוצאות הנוספות המצומצמות. מספר החולים כיום עולה ל־‭. 65 ‬ שאלת בנין־קבע לבית־החולים הולכת ונעשית לדחופה ביותר. בנידהבע לא רק ישחרר את בית־החולים מהוצאות הגונות לשכר־דירה. אלא תתן אפשרות לסדר באופן רציונלי את משק ביה""ח ואת ה…"
1939-01-15	ytlv	ytlv19390115-01.2.10	…חברי הסיעה היהודית בעיריה. פתיחת בית־חחולים חממשלתי החדש בחיפח ביום ‭23. 12. 38‬ נפתח רשמית. על־ידי ה. מ. הנציב העליון, בית החולים הממשלתי החדש בחיפה. לפתיחת בית ההולים באו מוזמנים מנכבדי כל העדות, באי כת השלטונות האזרתייס והצבא. לבית חתולים ציוד הדיש בתכלית. בתחילה הו…
1939-02-15	ytlv	ytlv19390215-01.2.2	…תי הספר העירוניים ציפוף מכסימלי, עברו לבתי הספר העירוניים ‭800‬ ילד מבתי ספר פרטיים והצרכים יגדלו גם בשנה הבאה. גם שרות בית החולים העירוני אין להקטינו, כמובן. מלבד החולים במחלות רגילות תופסים בו מטות רבות גם פצועי המהומות (בהם גם ערבים!), ומחלקה מיוחדת בו לשוטרים בריטים. בעח־ שבחיפה, למשל, הקימה חממשלח על חשבונה בית־חולים מפואר שעלה כ־‭100. 000‬ לאי'י וגם חחזקתו על השמנה — הנה בתל־ אביב מקשה הממשלה ע…
1939-04-16	ytlv	ytlv19390416-01.2.16	"…לים אלף מטות. שירותי חעזר — חדרי ניתוח, שידות, מעליות וכוי — מחושבים כבד מעתד, ל־‭600‬ מטות (לשם השואה כדאי להז־ כיה כי בית־החולים העירוני בתל־ אביב מכיל, בתנאי צפיפות, ‭330‬ מטה, וביח""ח י הממשלתי החדש בחיפה—‭. (220 ‬ הבנין השני, חסמוך לבית־חחולים ומחובר אליו במעבד מיוחד, הוא בנין ""בית ספר לאחיות על שם חנדייטזן סולד"". ממולם, …"
1944-04-16	ytlv	ytlv19440416-01.2.11	"…ות בבית החולים העירוני ' ואחרי עשר שנים שבהן הוכפל מספד התושבים אנו מקוים להגיע בשנה הבאה ל־‭350‬ מיטות! בהוצאות להחזקת בית־החולים בשנה זו היו ‭120. 000 ‬ לא""י , והקצבתה של ממשלת הארץ היתד' בסד ‭15. 000‬ לא""י בלבד, אף־על־פי שהיא מוציאה סכומים גדולים לחחזקת בתי־חולים משלה בחיפה, יפו, ירושלים ובערים אחרות. ראש העידיה מד י. רוקח ניהל משא־ומתן עקשני ותקיף עם השלטונות אבל לא הצליח לפרוץ את הקיר האטו…"
1944-04-16	ytlv	ytlv19440416-01.2.11	…גוספת למחלות *נימיות. כעת מחזיקים בין כתלי בית־ ‭!| ‬ החולים ‭65‬ מטות רזרביות לשעת־חידום, י ובאותו זמן חםכימו לשחרר את בית החולים בחיפה מהחזקת מיטות רזרביות. בתל־אביב אפשר למצוא בודאי סידורים מתאימים, כדי לנצל כראוי את החדרים האלה בבית־החולים לשם־חרחבת מס…
1944-04-16	ytlv	ytlv19440416-01.2.11	… שני בתי־חולים ציבוריים חדשים (לא־עידוגיים), בבנינים מתאימים בסביבות תל־אביב שיהיו בהם ‭160־150 ‬ מיטות. ואם תינתן לכד דחיפה על־ידי העידיה, יוגשם הדבר בקרוב. הממשלה לא תוכל לסרב לקבל לידיה את בית־ החולים בתל־אביב, כשם שהיא מחזיקה בתי־חולים בערים אחרות בארץ. ברכה למוסדות רפואיים. -י? עלינו לברד בהזדמנות זו את בית־ החולים ה…
1935-09-12	dhy	dhy19350912-01.2.71	"…חיפה ייבנה בית חולים ממשלתי ""מוקטם"" מודיע שהממשלה עומדת לבנות בית־חולים ממשלתי גדול בהיפה. מתלקת הנתוחים תבי־ל 180 מטות והמחלקה למחלות שונות תכיל ‭. 80‬מטות. מלאכת הבנין תתחיל כקרוב והיא תמשד…"
1940-01-15	hadashott	hadashott19400115-01.2.26	…ית החולים אולם במקום למלא את בקשתנו לתמיכה השיאו לנו עצה להוציא מבית החולם 26 חולים בלתי מסוכנים כביכול... — הקיים בארץ בית חולים ממשלתי לחולי רוחז — קיים בית חולים ממשלתי בבית ־ לחם, הנותן מחסה לשבעים וחמשה חולים יהודיים. ישנם גם מוסדות פרטיים בירושלים ובחיפה וביחד נמצאים בכל בחי החולים הקיימים בארץ 335 חולי רוח יהודים. — האם נכון הדבר שאצלנו גדול הוא אחוז חולי הרוח מאשר אצל א…
1944-03-01	hbkr	hbkr19440301-01.2.42	…פר, בלתי מספיק לכל הדעות. אף בית חיזול־ם לפחיות מדבקות בטו&־נץ טגור למעטה לתושבי תל־אביב. ־ש לתבוע מהמגושלה שתקים בת''א בית חולים ?פפשלתי בעל ‭300‬ מטות לפחות. פווע יש בית חולים ממשלתי לחיפה . יפו, שכפ •מקיפוח אחוים ואייו תל־אביב הג־ וולי לא זנתו! לבית חוליס ממשלתי נוסף , על בית החולים העיוני. בית ההוליפ . הי…
