date	pub	lang	page_id	kind	term	place	haifa	dateline	diseases	transfer	window
1935-05-20	difaa	ar	difaa19350520-01.1.8	infectious_hospital	مستشفي الامراض الساريه		paragraph				…را في نشر المرض في المرضي المصابين بفضل ما يتمتعون به من صحه جيده ولاختلاطهم بالجمهور . اما المريض الحقيقي فيحتاط اهله وربما تمكنت الحكومه من حجزه في مستشفي الامراض الساريه . فلو عملت دايره الصحه لزرع البراز السكان الاحياء للشبوهه وتمكنت من اعطاء ادويه مساعده او حاملي حجز العدوي ، لاسدت البلد خدمه كبري ولا يخفي ما للتطعي…
1936-04-05	difaa	ar	difaa19360405-01.1.7	kerentina	الكرنتينه		other:Hebron	Hebron			…محله السيد رباح الشهابي ضبط اغنام تمكن السيد اديب العلم مفتش الواشي بالخليل من ضبط خمسمايه وعشرين راسا من الغنم قادمه من شرق الاردن وغير مستوفيه شروط الكرنتينه . وقد بديء امس في معاينتها خوفا من الامراض محطه الاذاعه طير فريق كبير من علماء المدينه ووجهايها برقيه الي المندوب السامي يحتجون فيها علي عدم تلاوه ال…
1937-10-12	difaa	ar	difaa19371012-01.1.5	kerentina	الكرنتينا	Haifa	dateline	Haifa			"…حيفا في ١١ تشرين اول - لمراسل الدفاع الخاص - وجد عربي اسمه علي | احمد حجازي مقتولا قرب الكرنتينا بحيفا ، نهار امس ، وقد تبين ان القتل نجم ا عن ضربه باله صلبه في راسه ا عدد المعتقلين، وجب قانون الطواريء في "" عامت ان عدد المعتقلين في مخيم المزرعه ب…"
1938-04-03	difaa	ar	difaa19380403-01.1.4	kerentina	الكرنتينا	Haifa	dateline	Haifa			…ساير فرق سوريا ولبنان ، فتحت هواه الرياضه علي حضور هذه المباراه . تدريب موظفي الصحه بميناء تل ابيب سافر يوم امس الي ميناء تل ابيب الدكتور فرانكو طبيب الكرنتينا في حيفا، القضاء اربعين يوما هناك لتدريب الموظفين في الميناء ! ، فصل عمال ووصول مهاجرين يهود اخرجت دايره الاشغال العامه في حيفا من دايره عملها بعض الع…
1938-07-19	difaa	ar	difaa19380719-01.1.5	kerentina	الكرنتينا	Jaffa	page				…اعه العرب لبيع خضارهم كالعاده ، فجاء مجهولون واتلفوا لهم جميع الخضار وابعدوا الباعه من السوق . وقد اخطر البوليس بالحادث طبيب الميناء ... عهد الي طبيب الكرنتينا في يافا باز يقوم بالفحص الطبي لركاب البواخر التي ترس و في ساحل تل ابيب بالاضافه الي عمله في تفتيش ركاب البواخر التي ترسو في يافا ، وسيظل يشرف علي الع…
1938-07-19	difaa	ar	difaa19380719-01.1.5	kerentina	كرنتينا		page				… لركاب البواخر التي ترس و في ساحل تل ابيب بالاضافه الي عمله في تفتيش ركاب البواخر التي ترسو في يافا ، وسيظل يشرف علي العمل في المينايين حتي يعود طبيب كرنتينا ميناء تل ابيب من اجازته السنويه في انكلترا…
1938-07-27	difaa	ar	difaa19380727-01.1.8	kerentina	الكرنتيناوه		other:Nablus	Nablus		y	…ره وتقول (ها) وكر) ان بعمر المصاحبن اجتازو نهر الاردن الي الضفه الشرقيه وكان معهم بعض الجرحي ، وقالت ان الجريح قال ان بين المسلحين شخصا يعمل في دايره الكرنتيناوه - قبض عليه وفتش فتر بحيازته علي رصاصه ، ثم نقل الجريح الي المستشفي حيث فارق الحياه وعمره ٤٠ سنه وعمر ابنه ١٧ سنه . واذاع مكتب الاخبار عن الحادث المذك…
1938-07-30	difaa	ar	difaa19380730-01.1.5	infectious_hospital	مستشفي الامراض الساريه	Jerusalem	other:Jerusalem	Jerusalem			… سال الحكه عبد الله دست داد كتب تهديد فحكمت عليه بالسجن سته اشهر من تاريخ توقيفه . مستشفي للامراض الساريه في القدس جاءنا ما لي للنشر : يجري الان بناء مستشفي الامراض الساريه في القدس تبلغ نفقاته ١٦,٠٠٠ جنيه . وسيعد هذا المستشفي فراغا كبيرا اذ لم ينشا حتي الان مثله لمعالجه الامراض في مدينه عدد سكانها ۱۲۰,۰۰۰ نسمه وحيكون في…
1940-04-10	difaa	ar	difaa19400410-01.1.6	kerentina	الكرنتينا		page			y	… لتنظيم السقي وانهاء الخلاف المتكرر مطالبه السكان باعاده فتح دواير يلاقي سكان القضاء صعوبات في تنقلاتهم بين القري والمدينه منذ ان اغلقت الحكومه دواير الكرنتينا والبوليس والجمرك علي جسر الشيخ حسين. وهم يطلبون اعاده فتح هذه الدواير حرصا علي المصلحه العامه وتشجيعا للنجاره…
1940-12-25	difaa	ar	difaa19401225-01.1.2	quarantine_station	الحجر الصحي		page				…ه الحج هذا العام بلغ ٢٧٢ حاجا حتي يوم ۱۷ ديسمبر الحالي وقد اخذت المصلحه في اعداد المعدات لارسال هييه من موظفيها واطبايها ومستخدميها للاشراف علي اعمال الحجر الصحي في محجر الطور بعد انتهاء موسم الحج…
1940-12-25	difaa	ar	difaa19401225-01.1.2	quarantine_station	محجر الطور		page				…م بلغ ٢٧٢ حاجا حتي يوم ۱۷ ديسمبر الحالي وقد اخذت المصلحه في اعداد المعدات لارسال هييه من موظفيها واطبايها ومستخدميها للاشراف علي اعمال الحجر الصحي في محجر الطور بعد انتهاء موسم الحج…
1940-12-27	difaa	ar	difaa19401227-01.1.2	quarantine_station	الحجر الصحي		other:Cairo	Cairo			…القاهره في ٢٦ ك ١- م- تقرر ان يسافر قريبا من السويس في المطور بعض موظفي مصلحه الحجر الصحي الذين سيقومون باجراءات الحجر الصحي علي الحجاج هذا العام ومعهم معداهم ومهانهم…
1940-12-27	difaa	ar	difaa19401227-01.1.2	quarantine_station	الحجر الصحي		other:Cairo	Cairo			…القاهره في ٢٦ ك ١- م- تقرر ان يسافر قريبا من السويس في المطور بعض موظفي مصلحه الحجر الصحي الذين سيقومون باجراءات الحجر الصحي علي الحجاج هذا العام ومعهم معداهم ومهانهم…
1940-12-27	difaa	ar	difaa19401227-01.1.2	quarantine_station	الحجر الصحي		other:Cairo	Cairo			…وقد تم الاتفاق مبدييا بين وزاره الداخليه ومصلحه الحجر الصحي علي اخلاء نصف عنابر المحجر لاستقبال الحجاج .…
1941-06-17	difaa	ar	difaa19410617-01.1.2	quarantine_station	المحجر الصحي		page				…البقر السوداني وصلت الي محطه اللد امس وبعد ان فحصها وضعت في المحجر الصحي وقام حضرته بجوله في سوق الحيوانات وكان السيد اديب المعلم مفتش المواشي قد لقح ١٤٠٠ راس من الغنم ضد مرض الحمي الطحاليه التدريب علي الوقايه تعمل البلديه…
1941-06-18	difaa	ar	difaa19410618-01.1.2	quarantine_station	المحجر الصحي		page				…البقر السوداني وصلت الي محطه اللد امس وبعد ان فحصها وضعت في المحجر الصحي وقام حضرته بجوله في سوق الحيوانات وكان السيد اديب المعلم مفتش المواشي قد لقح ١٤٠٠ راس من الغنم ضد مرض الحمي الطحاليه التدريب علي الوقايه : تعمل البلد…
1941-09-09	difaa	ar	difaa19410909-01.1.2	kerentina	الكرنتينا		page			y	…لفلسطيني خلال هذين الاسبوعين وفاه فجاييه توفي في الساعه الخامسه من بعد ظهر امس الاول - الاحد - السيد عفيف خرعوبا فجاه اثناء جلوسه علي مقهي قرب مستشفي الكرنتينا بمحله الجباليه وكان قد قصده الاستراحه قليلا ولم يستقر به الجلوس علي السكر سي حتي سقط عنه وفاضت روحه، وقد نقل الي المستشفي الحكومي وحولت اوراقه امين ا…
1941-09-23	difaa	ar	difaa19410923-01.1.2	kerentina	الكرنتينا		page			y	…صدمت احدي سيارات الخط رقم ٣ ظهر امس طفلا في الثالثه من عمره بالقرب من مستشفي الكرنتينا فبترت يده، وقد نقل الطفل الي المستشفي وتولي مركز بوليس العجمي التحقيق في الحادث…
1941-11-26	difaa	ar	difaa19411126-01.1.2	quarantine_station	المحجر الصحي		page				…الفلسطينيه الرسميه وفيه اربعه اخبار اولها امر بتوقيع السكرتير العام الحكومه فلسطين يامر يمنع استيراد البقر عن طريق المحجر الصحي للبهايم في او بيزيا . والثاني امر اخر يمنع بموجبه بيع الابقار او عرضها للبيع في اسواق الحيوانات في الخالصه و خيام الوليد وزفزف من قضاء صفد…
1942-02-02	difaa	ar	difaa19420202-01.1.2	quarantine_station	محجر الطور		page				…تلقي فريق من اقارب حجاج هذا العام امس برقيات من محجر الطور تقول ج كبير منهم صباح فوج بانه ينتظر وصول اليوم الي فلسطين في قطار الصباح وقد شرع ذوو الحجاج واقرباءهم في الاستعداد لاستقبالهم في المحطات صباح اليوم …
1942-02-02	difaa	ar	difaa19420202-01.1.2	quarantine_station	المحجر الصحي		page			y	…نقل مامور المحجر الصحي لجسر المجامع…
1942-02-02	difaa	ar	difaa19420202-01.1.2	quarantine_station	المحجر الصحي		page			y	…نقل السيد عبدالعزيز المصري مامور المحجر الصحي الي مثل وظيفته في جسر - المجامع واستلم مكانه السيد احمد سعد الدين - وصل الي المدينه الفوج الاخير من الحجاج عايدا بالسلامه والجميع في صحه جيده…
1942-02-15	difaa	ar	difaa19420215-01.1.2	quarantine_station	الحجر الصحي		page				…انتهاء الحجر الصحي للحجاج…
1942-02-15	difaa	ar	difaa19420215-01.1.2	quarantine_station	محجر الطور		page				…انتهي محجر الطور الصحي من اعماله في هذه السنه بعد ان خدم حجاج الموسم جميعا وكان عدد الحجاج الذين مروا بهذا المحجر ٤٥٥٧ حاجا بينهم ٣٥٩٤ من المصريين و ۸۷۹ من الفلسطينيي…
1942-08-27	difaa	ar	difaa19420827-01.1.2	quarantine_station	المحجر الصحي		paragraph				…الجهود والمساعي الان للحصول علي هذه الرخص تنقلات الضباط يتوقع اجراء بعض التنقلات بين ضباط البوليس في اللواء في مطلع الشهر القادم. توزيع اغنام وصل الي المحجر الصحي « الكور نتينا » في اللد ما يقرب من الفي راس غنم وخمسمايه راس بقر فوزعت علي المناطق المختلفه الكميات الاسبوعيه حسب المخصصه لها…
1942-12-28	difaa	ar	difaa19421228-01.1.2	quarantine_station	المحجر الصحي		page		plague		…س نقيا وقد لفت السكان دايره المءن لذلك وفاه مصاب بالطاعون ذكرنا امس ان دايره الصحه نقلت السيد محمد علي ابو شندي من سكان شارع العالم بمحله المنشيه الي المحجر الصحي في المدينه للاشتباه بانه مصاب بمرض الطاعون ، وقد علمنا انه نقل صباح امس الي مستشفي في براق علي طريق ا ملبس المنه لم يابث ان توفي متاثر اباصابته، و وق…
1943-01-21	difaa	ar	difaa19430121-01.1.2	infectious_hospital	مستشفي الامراض المعديه		page				…جديد ويجري فرش الشوارع الموحله في مناطق الكرتون وسوق الكرمل والمنشيه بطيقه من الرمل مبالغه في النظافه اما الشخص الذي نقل امس الاول من محله النزهه الي مستشفي الامراض المعديه فحالته لا باس بها…
1943-01-21	difaa	ar	difaa19430121-01.1.2	infectious_hospital	مستشفي الامراض المعديه		page				…توفيت في مستشفي الامراض المعديه في بني براق يوم امس السيده امينه محمد وهي من سكان سوق اليهود في محله…
1943-02-02	difaa	ar	difaa19430202-01.1.2	infectious_hospital	مستشفي الامراض المعديه		page			y	…نقل امس الي مستشفي الحكومه اللامراض المعديه علي طريق ملبس شخصان يشتبه في اصابتهما وكانا قد نقلا الي المستشفي الفرنسي فاشتبه بعرضها فطلب نقلها الي مستشفي الامراض المعديه علي الاثر…
1943-02-12	difaa	ar	difaa19430212-01.1.2	infectious_hospital	مستشفي الامراض الساريه		page		plague		…صاب به ان يشفي اذا اكتشفت اصابته حين وقوعها، وبهذه المناسبه تذكر ان عدد المصابين بلغ حتي امس ١٤ شخصا تو في منهم ٦ وشفي الباقون . وقد نقل صباح امس الي مستشفي الامراض الساريه رجل اسمه حبيب كوهين يسكن في حي جامع حسن بك بالمنشيه، ومشتبه في انه مصاب بالطاعون…
1943-05-28	difaa	ar	difaa19430528-01.1.2	quarantine_station	الحجر الصحي		page				…ي الحمضيات هو مرض الحرشفه السوداء ويمكن اعتباره المدو رقم واحد . وكان هذا المرض يتركز في السنوات الماضيه في مناطق معينه وكانت مصلحه وقايه النبات تفرض الحجر الصحي علي هذه المناطق. لكن الاجراءات الغيت مده الحرب…
1943-12-22	difaa	ar	difaa19431222-01.1.2	quarantine_station	المحجر عتليت		page			y	…مهاجرون من اليمن ٦٠٠ وصل الي فلسطين مءخرا. مهاجر يهودي من بلاد اليمن وعدن فنقلوا المحجر عتليت حتي يفحصوا واطلق امس سراح . ۳۰۰ مهاجر منهم بعد ان تم فحصهم طبيا وسيطلق سراح الباقين هذا الاسبوع. في الجبنه ( الكشكوان ) وزعت دايره مراقبه التموين كمي…
1944-02-01	difaa	ar	difaa19440201-01.1.2	kerentina	الكرنتينا	Jaffa	page		typhus	y	…فقي وفرقتها لاسباب قاهره لم تتمكن فرقه سهام رفقي من الحضور الي يافا كما اعلن سابقا وسيعلن عن موعد حفلاتها في وقت قريب اصابتان بالتيفوس نقل الي مستشفي الكرنتينا بيافا منذ اربعه ايام عيسي ياسين ابو سيدو من غزه والبالغ من العمر ٣٠ سنه للاشتباه باته مصاب بمرض التيفوض ، وقد تلقت دايره صحه يافا امس ما يقيد صحه اصا…
1944-02-16	difaa	ar	difaa19440216-01.1.2	kerentina	الكرنتينا	Jaffa	page			y	…ت الي المستشفي المذكور واتخذت التدابير اللازمه في مثل هذه الحالات منعا لانتقال عدوي المرض الي اخرين ممن كان لهم اتصال بالمراه المصابه ونقل الي مستشفي الكرنتينا بيافا امس شخصان من الذين سبق ان احتجزتهم ! دايره الصحه…
1944-02-18	difaa	ar	difaa19440218-01.1.2	kerentina	الكرنتينا		other:Jerusalem	Jerusalem	typhus		…رهما و اختارت . الهستدروت مندوبيها لهذا المءتمر وبينهم غولدا ما يرسون زعيمه العمال المعروفه . اصابه اشخاص بالتيفوس تلقت دايره صحه اللواء من مستشفي M. الكرنتينا بيا فاما يفيد صحه اصابه الاشخاص الاتيه اسماءهم بمرض التيفوس وهم : جباره حامد صبري من بير السبع وعمره ۲۰ سنه واحمد عيد سعيد من بير السبع ايضا وعمره كذ…
1944-02-29	difaa	ar	difaa19440229-01.1.3	quarantine_station	المحجر الصحي	الطور	other:Gaza	Gaza			…قابه كل توفيق ونجاح . اعلمتنا دايره الصحه اليوم انه يترتب علي جميع الحجاج الذين عادوا من الديار المقدسه في هذا العام ان يراجعوها لقبض تاميناتهم ورسوم المحجر الصحي في الطور وذلك ابتداء من يوم الاتنين القادم في ٦ اذار سنه ٩٤٤…
1944-03-12	difaa	ar	difaa19440312-01.1.2	kerentina	الكرنتينا		paragraph				… اليوم علاقه بهذا الامر .. تامينات الحجاج. صرفت دايره الصحه بيافا امس تامينات حجاج الموسم الماضي وهي المبالغ التي دفعوها قبل سفرهم ( ديبوزيتو ( ورسوم الكرنتينا…
1944-04-16	difaa	ar	difaa19440416-01.1.3	quarantine_station	الحجر الصحي	عتليت	dateline	Haifa			…اجعه البلديه قبل اول ايار القادم للحصول علي هذه الاوزان وصل الي حيفا قطار يحمل ۲۵۰ مهاجرا يهوديا من رومانيا وقد جاوا - عن طريق تركيا وارسلوا حالا الي الحجر الصحي في عتليت الاجتماع الشهري لمخاتير قري القضاء عقد الاجتماع الشهري لمخاتير القضاء في قاعه جمعيه العمال العربيه بحضور ممثلي الحكومه وقد تكلم مندوب دايره …
1944-04-20	difaa	ar	difaa19440420-01.1.2	kerentina	الكرنتينا		page				…حمد سلامه من زرنوقا وغيره ۳۰ سنه وجميله عبيد ياسين من الفالوجه وعمرها ٢٧ سنه ومحمد محمود الدالي من خانيونس وعمره تسع سنوات وقد دخلوا جميعا الي مستشفي الكرنتينا بيا فا و اتخذت الاحتياطات المناسبه لوقايه من كان مختلط بهم . انذار من بلديه تل ابيب استقبل رييس بلديه تل ابيب بالوكاله…
1944-04-24	difaa	ar	difaa19440424-01.1.3	quarantine_station	الحجر الصحي		page				…رفع الحجر الصحي لعدم ظهور اصابات جديده المجدل في ٢٣ نيسان - المراسل الدفاع الخاص - رفع امس الحجر الصحي عن الاعراب المقيمين في اطراف المدينه لعدم ظهور اصابات جديده بي…
1944-04-25	difaa	ar	difaa19440425-01.1.2	quarantine_station	الحجر الصحي		page		smallpox		…تلقت دايره الصحه في يافا امس ما يفيد، ثبوت اصابه الاشخاص الثلاثه الاتيه اسماءهم بمرض الجدري وكلهم من محله المسكوبيه التي تم الحجر الصحي علي سكانها منذ ايام والمصابون هم ابراهيم مسعود سليم وعمره ٢٤ سنه وابراهيم حسن سلامه وعمره ٢٥ سنه وعلي سلام سلامه وعمره ٣٠ سنه وقد ذكر انا الطبيب المخ…
1944-04-25	difaa	ar	difaa19440425-01.1.2	kerentina	الكرنتينا		page		smallpox	y	…الصحيه اللازمه في مثل هذه الحالات فقتشت بيوت المحله كلها وارسل من اشتبه بهم الي مستشفي الكرنتينا للتثبت من نوع مرضهم . وقد افتتحت دايره الصحه امس خمسه مراكز ثابته لتلقيح السكان ضد الجدري اولها في محله المنشيه في مركز رعايه الطفل والثاني في مدرسه …
1944-05-02	difaa	ar	difaa19440502-01.1.2	kerentina	الكرنتينا	Jaffa	page		smallpox		…ه الدكتور سعيد الدجاني لمعاوده البحث في موضوع انشاء مستوصف للجمعيه واقرار الخطه التي يمكن بها تنفيذ هذا المشروع . اضابه جديده بالجدري تقلت الي مستشفي الكرنتينا بيافا منذ ايام جازيه سالم بزهم من غزه البالغه من العمر ٥٤ سنه وقد اشتبه باصابتها بمرض الجدري ، وقد تلقت دايره الصحه في المدينه امس ما يفيد صحه اصابته…
1944-05-03	difaa	ar	difaa19440503-01.1.2	quarantine_station	المحجر الصحي		window				…ين رومانيين وصل الي حيفا في الساعه التاسعه من صباح امس فوج من يهود رومانيا مءلف من ۱۳۰ مهاجرا معظمهم من الاولاد وقد جاءوا في القطار وتابعوا السفر الي المحجر الصحي في عقليت وهم ا من يهود عبر الدنيستر علي حدودرومانيا.…
1944-05-03	difaa	ar	difaa19440503-01.1.2	kerentina	الكرنتينا		page			y	…د السلمان ابو زهري من السافريه وعمره ٣٠ سنه وعوض حمدان من القريه ذاتها وعمره ٤٠ سنه ومحمد عبد الله من خانيونس وعمره ٢٠ سنه وقد نقلوا جميعا الي مستشفي الكرنتينا بالاشتباه الي…
1944-05-03	difaa	ar	difaa19440503-01.1.2	quarantine_station	الحجر الصحي		page				…ان ظهرت صحه اصاباتهم. هذا ولا يزال الحجر الصحي مضروبا علي سكان محله المسكوبيه حتي الان . وتلفت دايره الصحه ايضا نتيجه التحليل الطبي وانكشف علي كل من خالد محمد اسماعيل من سوق الدير وعمره 60 سنه ويو…
1944-05-19	difaa	ar	difaa19440519-01.1.3	kerentina	الكرنتينا		dateline	Haifa	smallpox	y	…ينما - طلب الجمعيه العمال انتشر مرض الجدري في بعض احياء المدينه وبلد الشيخ وقد تولت دايره الصحه اتخاذ التدابير اللازمه ونقلت جميع المصابين الي مستشفي الكرنتينا ولا تزال حركه التطعيم ضد هذا المرض ناشطه عرضت سياره السينما المتجوله التابعه لمكتب المطبوعات بالقدس بعض الافلام الزراعيه والحربيه وستعرض مثلها خلال ه…
1944-06-01	difaa	ar	difaa19440601-01.1.2	quarantine_station	الحجر الصحي		page		smallpox|typhus	y	…ء في دافار ان طفله من مستعمره ديران اسمها لينا مرغلیت و عمرها سنتان اصيبت بالجدري وقد نقلت الي المستشفي الحكومي للامراض الساريه علي طريق ملبس وقد فرض الحجر الصحي علي افراد عايلتها ، اما سكان المستعمره فقد تقرر تطعيمهم جميعا. اصابات جديده بالتيفوس 4 تلقت دايره الصحه بيافا امس نتايج الطبي الذي اجري للاشخاص الفحص…
1944-06-08	difaa	ar	difaa19440608-01.1.3	quarantine_station	والحجر الصحي		page				…لجويه ومصالح الشءون الاقتصاديه والماليه والدفاع السلبي الاثار والصيدليات ومكتب القطع . والرقابه الصحيه والبيطريه وحمايه الملكيه ومراقبه البرق والبريد والحجر الصحي ومراقبه السكك الحديديه وميناء بيروت. ولا تزال المفاوضات جاريه بصدد تسلم | الجيش ومصلحه الامن العام…
1944-06-13	difaa	ar	difaa19440613-01.1.2	kerentina	الكرنتينا	Jaffa	page		smallpox	y	… عبد الرحيم من اهالي قريه من اهالي قريه مرسي و مرده ، اسنوات النعانه وعمره ٢٢ سنه ومحمود احمد محمد من وعمره ١٠ بمرض الجدري ، وكانا قد نقلا الي مستشفي الكرنتينا بيافا منذ ايام بالاشتباه واتخذت الدايره التدابير المناسبه لوقايه من كانوا يختلطون بهما. في المحاكم . نظارت المحكمه المركزيه امس بصفتها محكمه استيناف …
1944-07-26	difaa	ar	difaa19440726-01.1.3	kerentina	الكرنتينا		window				…فادها لانها مجدوده : كلمه شكر ا تقدم بالشكر العظيم لطبيب مستشفي الحكومه. بيا فا وامور الضالتهم للعنايه التي لاقيتها منهم جميعا اثناء امراضي في مستشفي الكرنتينا . جزاهم الله جميعا عني احسن ا محمد مصلح الترك الجزاء اعلان من بلديه حيفا لیکن معلوما. الجميع سكان مدينه حيفا ان القصابين في حيفا قد صار انذارهم قورا …
1944-08-24	difaa	ar	difaa19440824-01.1.2	infectious_hospital	مستشفي الحكومه الامراض الساريه		page				…المحلل البكتريولجي جاء الي يافا امس الدكتور كركود كريكوريان المحلل البكتريولجي في دايره الصحه العامه وبعد ان اجتمع برييس اطباء المواء برهه ذهب الي مستشفي الحكومه الامراض الساريه الواقع علي طریق ملبس و تفقده كما تفقد المختبر الذي فيه…
1944-09-11	difaa	ar	difaa19440911-01.1.2	infectious_hospital	مستشفي الامراض الساريه		page		plague		…تشفي الحكومه للمعالجه اصابه جديده بالطاعون وقعت اصابه جديده بالطاعون في مستعمره ملبس والمصاب هو جوزيف سمحي من يهود اليمن وعمره ثلاثون سنه وقد نقل الي مستشفي الامراض الساريه…
1944-10-13	difaa	ar	difaa19441013-01.1.2	quarantine_station	المحجر الصحي		window			y	…۲۰ مهاجرا جديدا مهاجر ايهوديا وصل الي حيفا امس عشرون ا يهوديا جديدا بينهم ١٦ مهاجرا من يهود تركيا و ٤ من بود بلغاريا وقد نقلوا الي المحجر الصحي…
1944-10-22	difaa	ar	difaa19441022-01.1.2	kerentina	الكرنتينا	Jaffa	page		typhus		…اصابه تيفوس تءدي للوفاه توفي في مستشفي الكرنتينا بيافا امس محمود مصطفي قاعود من يافا البالغ من العمر ٣٠ سنه من جراء اصابته بمرض التيفوس وقد حولت اوراقه الي القايمقام كما هي العاده .…
1944-10-22	difaa	ar	difaa19441022-01.1.3	quarantine_station	الحجر الصحي		page		plague		…جال البوليس واعتقلت بعض الاشخاص والتحقيقات لا تزال جاريه قامت دايره الصحه هنا بتبخير المنزل--الذي وقعت فيه اصابه الطاعون في الاسبوع الماضي واعلن عليه الحجر الصحي لمده ٤٨ ساعه بوشر في توزيع الارز علي الاهالي بمعدل نصف كيلو للشخص الواحد بسعر ٥٠ ملايكيلو منذ الاسبوع الماضي اصبح الدقيق يوزع علي الاهالي عن كل اسبوع…
1944-10-26	difaa	ar	difaa19441026-01.1.2	quarantine_station	الحجر الصحي		page				… الاميركيه وعدم بيعها في محلاتم واقسم الجميع علي ذلك وارد اوا كتابا الي القنصل الاميركي بالقدس بهذا الخصوص. ٢٧ الف حاج تقول برقيه من القاهره ان مصلحه الحجر الصحي في مصر قد اعدت المعدات اللازمه لمواجهه الحجاج عند عودتهم . وتتوقع ان يصل عددهم الي ٢٧ الفا منهم ما يزيد علي ١٥ الفا من فلسطين وسوريا ولبنان والعراق .…
1944-11-03	difaa	ar	difaa19441103-01.1.2	quarantine_station	المحجر الصحي		page				…- و.ا.ع - باغ عدد الحجاج الذين عبروا قنال السويس الي الحجاز حتي الان ١٠٥ ١ من الحجاج منهم ٤٥٥٩ حاجا مصريا والبقيه من سوريا ولبنان وفلسطين رسافر موظفو المحجر الصحي ( الكرنتينا ) مءتمر رءساء بلديات الجنوب غزه - لمراسل الدفاع الخاص - يعقد مءتمر رءساء بلديات الجنوب في غزه يوم الاربعاء القادم الواقع في ٨ الجاري وذلك…
1944-11-03	difaa	ar	difaa19441103-01.1.2	kerentina	الكرنتينا		page				…دد الحجاج الذين عبروا قنال السويس الي الحجاز حتي الان ١٠٥ ١ من الحجاج منهم ٤٥٥٩ حاجا مصريا والبقيه من سوريا ولبنان وفلسطين رسافر موظفو المحجر الصحي ( الكرنتينا ) مءتمر رءساء بلديات الجنوب غزه - لمراسل الدفاع الخاص - يعقد مءتمر رءساء بلديات الجنوب في غزه يوم الاربعاء القادم الواقع في ٨ الجاري وذلك للبحث في ام…
1945-02-06	difaa	ar	difaa19450206-01.1.3	quarantine_station	المحجر الصحي		page			y	… الصحه العامه التوزيعها علي المستشفيات ۱۲۲ مهاجرا وصل الي فلسطين صباح امس قطار خاص وفيه ۱۲۲ مهاجرا يهوديا من بلاد اليمن وقد نزلوا في عتليت ونقلوا الي المحجر الصحي . عضو العمال الثالث جاءنا من جمعيه العمال العربيه بيافا ان السيد بولس فرح العضو الثالث في وفد عمال عرب فلسطين قد وصل الي لندن وان الجمعيه ارسلت برقيه…
1945-05-02	difaa	ar	difaa19450502-01.1.3	kerentina	الكرنتينا		page		typhus	y	…قرر الحاخامون اليهود المتدينون في العالم ان يعقدوه الرفض الصهيونيه واعاده كيان اليهود في الاقطار التي يعيشون فيها اصابه ثانيه بالتيفوس نقل الي مستشفي الكرنتينا بيانا امس جابر محمد ثلجي من قريه كدنه في قضاء الخليل و عمره ٣٥ سنه مصابا بالتيفوس . وقد اتخذت دايره الصحه كافه الترتيبات اللازمه . الوقايه الذين سبق …
1945-06-13	difaa	ar	difaa19450613-01.1.3	kerentina	الكرنتينا		page			y	…غرفه في مدرستها .. نقل الي مستشفي الحكومه بيانا - قسم الكرنتينا ضابط العجمي السابق السيد عاصم الاغا والمنقول مند مذه الي صرفند وهو في حاله الخطره اذ انه يشكو نزيف دم من فمه شفاه الله • قبض البوليس امس علي احمه حسن…
1945-06-20	difaa	ar	difaa19450620-01.1.2	quarantine_station	محجر عتليت		paragraph				…يه « بلوس اولترا ، وفيها ٤٠٠ مهاجر يهودي جاءوا من سويسرا عن طريق ميناء برشلونه وفي السفينه ايضا حموله من البضايع ، وقد بدا انزال المهاجرين ونقلوا الي محجر عتليت الضحي ، ويستبحر هذه السفينه راجعه وفيها ٨٠ : يهوديا قرروا النزوح من فلسطين الي اميركا وغيرها جامع لقريه دوره الخليل الخليل توجه الي قريه دوره امس فضي…
1945-07-12	difaa	ar	difaa19450712-01.1.3	kerentina	الكرنتينا		paragraph				…وي و باطلاق الرصاص عليه بتاريخ ٨-٦-٤٥ في ال ا احدي بيارات القريه المذكوره . مات شخص في نحو الثلاثين من عمره ي امس فجاه عند ما كان يسير قرب مستشفي ر و الكرنتينا ولم تعرف هويته .. وحدت الجهود بين لجنتي البناء في البلديه ا والغرفه . وقررنا التعاون معا في المساعي م والاعمال للوصول الي النتيجه المرجوه ا سرق محمد …
1945-07-17	difaa	ar	difaa19450717-01.1.3	quarantine_station	المحجر الصحي	عتليت	window				…١٣١٤ مهاجرا وصلت الي ميناء حيفا امس باخره بريطانيه اسمها « متارويا » وفيها ١٣١٤ مهاجرا يهوديا من المانيا وايطاليا وانكلترا وقد انزلوا الي المحجر الصحي في عتليت يسرح فلا يجد ملابس جرت في محكمه صلح تل ابيب امس محاكم ارتور ار بيخار وهو يهودي كان متطوعا ثم سرح من الخدمه بتهمه انه وضع علي صدره مداليه عسك…
1945-10-25	difaa	ar	difaa19451025-01.1.3	kerentina	الكرنتينا	Jaffa	page		typhus	y	…نقلت الي مستشفي الكرنتينا بيافا الفتاه | حقيقه ابراهيم الصفدي من ما بود وعمرها ۲۱ سنه مصابه بمرض التيفوس، واتخذت التدابير الصحيه في مثل هذه الحالات…
1945-11-04	difaa	ar	difaa19451104-01.1.3	kerentina	الكرنتينا		page		plague	y	…تجار الاقمشه بالجمله اجتماعا كبيرا في قاعه غرفه تجاره يافا لبحث حاله الصناعات الخفيفه واقرار الخطه التي يمكن اتباعها للوصول الي حقوقهم نقل الي مستشفي الكرنتينا مءخرا عوض فضل غنيم من العمال المصريين المقيمين في محله البصه مصابا بمرض الطاعون ، ولكنه توفي امس متاثرا وهو يبلغ من العمر ۳۲ الصحيه في المنطقه التي .…
1945-12-11	difaa	ar	difaa19451211-01.1.3	infectious_hospital	مستشفي الحكومه الامراض الساريه		paragraph		plague		…يريه وصلت الي دايره بريد يانا طرود اقمشه حريريه مرسله من سويسرا لحساب جمعيه الاستيراد المختصه، وتقدر قيمتها به الاف جنيه اصابه جديده بالطاعون نقل الي مستشفي الحكومه الامراض الساريه علي طريق ملبس الحاج عبد محمد سالم من شارع خصوان بسوق اليهود مصابا بمرض الطاعون. وقد توفي متاثرا بهذا المرض. ويبلغ من العمر ٤٥ سنه ، واتخذت دايره الصح…
1945-12-16	difaa	ar	difaa19451216-01.1.3	infectious_hospital	مستشفي الحكومه الامراض الساريه		paragraph		plague		… المستورده من اميركا . ووصل لحسابها ايضا خمس بالات من الاقمشه الهنديه القطنيه وبوشر في نقلها الي هناير . الاستيداع . اصابتان جديدتان بالطاعون نقل الي مستشفي الحكومه الامراض الساريه علي طريق ملبس الحاج عبد السلام الصادق الحريري من محله للمنشيه وعمره ٤٥ سنه مصابا بمرض الطاعون . ولكنه لم يابت ان توفي متاثرا بهذا المرض . و نقل اليه …
1945-12-17	difaa	ar	difaa19451217-01.1.3	kerentina	الكرنتينا		window			y	…حيفا - اقيمت في مستشفي الحكومه حفله وداع للدكتور بو تفكر كبير اطباء اللواء بمناسبه نقله الي يافا حضرها جميع اطباء المستشفي والصحه و الكرنتينا والقري وموظفو المستشفي. وافتتح الحفله الدكتور شفيق حداد مدير المستشفي بالوكاله بكلمه رقيقه وقدم الخطباء وهم الساده : الدكتور جونس كبير اطباء سكك الحد…
1945-12-17	difaa	ar	difaa19451217-01.1.3	kerentina	الكرنتينا		paragraph				…فتتح الحفله الدكتور شفيق حداد مدير المستشفي بالوكاله بكلمه رقيقه وقدم الخطباء وهم الساده : الدكتور جونس كبير اطباء سكك الحديد بالوكاله وعيسي متي مدير الكرنتينا وبولس بولس رييس صيدليه المستشفي والدكتور نمر طوقان الجراح والسيد غندور رييس كتبه دايره الصحه والسيد توفيق داموني ثم الدكتور اتيم وكيل رييس اطباء اللو…
1946-01-13	difaa	ar	difaa19460113-01.1.3	kerentina	الكرنتينا		page				…ناك حوالي الفي جنيه يمكن تسديدها قريبا من جهات عربيه اسلاميه ولما سالنا فضيلته من المكان الذي ستشاد عليه دار للمستوصف ذكر ثلاثه اماكن احدها في موقع « الكرنتينا » والثاني في محله «عين خير الدين » والثالث في محله ) واد (التفاح » وينتظر ان يقع الاختبار علي المكان الاخير لوقوعه في ناحيه متوسطه من المدينه ، ولما …
1946-01-27	difaa	ar	difaa19460127-01.1.3	infectious_hospital	مستشفي الحكومه الامراض الساريه		paragraph				…انا شباط القادم وتستمر حتي ١٣ منه . وتنظر في ٢٨ قضيه جناييه و ٦ جنح بيانا وفي ايام ۱۱ و ۱۲ و ۱۳ منه تذهب الي غزه للفصل في ٧ جنايات و ١٠ جنح . توفي في مستشفي الحكومه الامراض الساريه علي طريق ملبس محمد حسن حجازي من شرق الاردن وعمره ٣٥ سنه ، وكان قد نقل اليه منذ ايام مصابا عرض معد ، وحولت اوراقه الي القايمقام . سطا اللصوص علي مخزن …
1946-02-20	difaa	ar	difaa19460220-01.1.3	quarantine_station	المحجر الصحي		paragraph			y	…وصول ۱۳ مهاجرا وصل الي فلسطين امس ۱۳ مهاجرا يهوديا جاء سته منهم من مراكش في قطار مصر وجاء سبعه اخرون من اسوج علي ظهر الباخره مراكش وقد نقل الجميع الي المحجر الصحي في عتليث تحذير انا عبد الله محمود الحسن اعلن للعموم ان سياره التر الشرقم ٩٣٨ والذي يخصني منها النصف والنصف الاخر يخص السيد نايف عبد الحميد تجري الان …
1946-06-30	difaa	ar	difaa19460630-01.1.3	quarantine_station	المحجر الصحي		page				… الذين يرغبون في زياره المدينه المنوره ان يسجلوا اسماء هم مبكرا التامين سكنهم مقدما . (٣٠) ان نفقات الحج هي كما يلي : ثمن ا بطاقه الحجاج ٧٥٠ ملا ورسم المحجر الصحي ف . الفلسطيني ۲۰۰۰ مل ورسم التطعيم ١٠٠٠ مل والتامين - ويدخل ضمنه رسم فيزا المرور لمصريه واما اجره القطار فانه يتوقف علي ت محطه السفر ۱۰ جنيهات ورسم ا…
1946-06-30	difaa	ar	difaa19460630-01.1.3	quarantine_station	المحجر الصحي		page				…ي ف . الفلسطيني ۲۰۰۰ مل ورسم التطعيم ١٠٠٠ مل والتامين - ويدخل ضمنه رسم فيزا المرور لمصريه واما اجره القطار فانه يتوقف علي ت محطه السفر ۱۰ جنيهات ورسم المحجر الصحي ا ع ورسم في السويس ورسم المرور ٥١٣ ملا المحجر الصحي في الطور جنيه واحد و ٧٦٤…
1946-06-30	difaa	ar	difaa19460630-01.1.3	quarantine_station	المحجر الصحي	الطور	page				…ن - ويدخل ضمنه رسم فيزا المرور لمصريه واما اجره القطار فانه يتوقف علي ت محطه السفر ۱۰ جنيهات ورسم المحجر الصحي ا ع ورسم في السويس ورسم المرور ٥١٣ ملا المحجر الصحي في الطور جنيه واحد و ٧٦٤…
1946-06-30	difaa	ar	difaa19460630-01.1.3	quarantine_station	المحجر الصحي		page				…ملاورسم المحجر الصحي المصري للدرجه الاولي امل ودرجه ثانيه ٣٠٠ مل ودرجه . ثالثه ١٢٠ ملا ورسم المحجر الصحي السعودي . والسبوقيه. جنيهات واجره الباخره ذهابا وايابا درجه اولي …
1946-06-30	difaa	ar	difaa19460630-01.1.3	quarantine_station	المحجر الصحي		page				…ملاورسم المحجر الصحي المصري للدرجه الاولي امل ودرجه ثانيه ٣٠٠ مل ودرجه . ثالثه ١٢٠ ملا ورسم المحجر الصحي السعودي . والسبوقيه. جنيهات واجره الباخره ذهابا وايابا درجه اولي ٣٥ جنيها ودرجه ثانيه ٢٦ جنيها ودرجه ثالثه ١٣ جنيها ونصف ٤) والمملكه العربيه السعوديه…
1946-08-22	difaa	ar	difaa19460822-01.1.3	kerentina	الكرنتينا		page			y	…لشاب السيد حسن موظفي شركه باصات يافا مولودا ذكرا سماه عبد الفتاح جمله الله من ابناء السلامه . فينا بلغ عدد المهربين اليهود لاما بين بامراض ونقلوا الي الكرنتينا في…
1946-10-29	difaa	ar	difaa19461029-01.1.3	quarantine_station	المحجر الصحي		page				…تقرر رسميا الغاء. المحجر الصحي الرحله للحيوانات التابع لدايره المءن اعتبارا من نهايه الشهر القادم وتعود اعمال هذا المحجر الي دايره البيطره بعد ان الغي مشروع شراء مواشي الذينج في دا…
1946-11-19	difaa	ar	difaa19461119-01.1.2	quarantine_station	الحجر صحي		page				… من تركيا ورد في ملحق للجريده الرسميه صدر امس . امر يسري اعتبارا من ١٤ الجاري باباجه استيراد المواني والابقار من تركيا بدون الان : كان ذلك محظورا قبل الحجر صحي تشييع ضحايا من البريطانيين الزمله - دفن في مقبره الرمله العسكريه عند الساعه الثالثه من بعد ظهر امس اربعه . من البريطانيين وهم الذين قتلوا في حادث نسف…
1946-11-24	difaa	ar	difaa19461124-01.1.3	infectious_hospital	مستشفي الامراض الساريه		page				…لبلعوم بنسبه ٤٠٠ - ... وحده في كل سنتمتر مكعب، اربع مرات في اليوم وبذلك يتم التعقيم من الجراثيم المذكوره في خمسه ايام ، وقد ثبتت فايده هذه الطريقه في مستشفي الامراض الساريه في شرق الاردن حيث يعالج المصابون بهذا المرض.…
1947-01-07	difaa	ar	difaa19470107-01.1.3	quarantine_station	المحجر الصحي	Lydda	page				…والسيدان عبد اللطيف جرار مفتش لمواشي في المحجر الصحي باللد ومصطفي نمرا بوغوش مساعده بجوله تفتيشيه بالمدينه تفقدوا خلالها سوق الحيوانات ومسلخ البلديه . اعتقل البوليس محمد زايد ابو غانم من عرب الجرادين وه…
1947-01-27	difaa	ar	difaa19470127-01.1.3	quarantine_station	المحجر الصحي		page				… و قايمقام المدينه ليعملا علي التوسط لدي البلديه کی تنفذ قراراتها . خصصت دايره البيطره يوم الاثنين من كل اسبوع للقيام بتعقيم الخيل والبغال والحمير في المحجر الصحي للحيوانات بمحطه الله مجانا ، اما باقي الحيوانات فسيقوم موظف مختص بزياره القري للعمل ذاته تحسينا لنسل الحيوانات اعتقال يهوديين لاعتدايها علي عربي واصا…
1947-04-01	difaa	ar	difaa19470401-01.1.3	quarantine_station	الحجر الصحي		paragraph				…تخدمي الحكومه اجتماعا حفره ممثلو نقابات سكه الحديد، البريد، المساحه، دايره الاشغاله العامه ، ، مستشفي الحكومه ، مستودع البوليس الليكانيكي ، الميناء ، الحجر الصحي للحيوانات، برياسه السيد الحاج حسين نصار ، امين سر نقابه عمال سكه الحديد ، وسكرتيريه السيد فخري حجازي ممثل جمعيه العمال العربيه الفلسطينيه محيفا . وقد…
1947-04-01	difaa	ar	difaa19470401-01.1.3	quarantine_station	الحجر الصحي		window				…، عن دايره الاشغال العامه ، واحمد سعيد شعبان من مستشفي الحكومه ، مصطفي عبد الله عن لليناء ، وجبر عبود من المستودع الميكانيكي للبوليس ، ومسعود حسين من الحجر الصحي الحيوانات. وستبلغ الحكومه رسميا بتشكيل الاتحاد . دمت جمعيه العمال العربيه الفلسطينيه بحيفا مستخدمي دايره الاشغال العامه باللواء. الشمالي المتقد اجتما…
1947-04-17	difaa	ar	difaa19470417-01.1.2	quarantine_station	الحجر الصحي		page				…انظمه الحجر الصحي الحجاج بيت الله الحرام القاهره - سافر سعاده الشيخ يوسف ياسين الي الاسكندريه لحضور جلسات المءتمر الصحي الذي يعقد بدار مصلحه الحجر ... الصحي بالاسكندري…
1947-05-04	difaa	ar	difaa19470504-01.1.2	infectious_hospital	مستشفي الامراض الساريه	Jerusalem	paragraph				…س وعمره ٢٠ عاما ومردخاي امز بروك ناثانيا البالغ ۱۸ عاما. وعرف ان من جراحهم جميعا بليغه و بوشر بالتحقيق . من ضحايا الامراض بالقري الخليل - توفي امس في مستشفي الامراض الساريه بالقدس المرحوم ابراهيم موسي حمد مدير مدرسه بيت عوا بقضاء الخليل الاصابته بالامراض الساريه التي انتشرت في القريه . وقد دل التقرير الصحي علي ان البيوت …
1947-05-20	difaa	ar	difaa19470520-01.1.4	kerentina	والكرنتينا		paragraph				…ستخدام العمال العرب ورفع اجورهم و تنظيمها اغلبيه عمال دواير الحكومه في السكك الحديديه والبريد والاشغال العامه والمساحه وورش البوليس والزراعه والميناء والكرنتينا والصحه فرفعت الاجور بمعدل ٧٥ بالميه و ٢٥ بالميه و ۱۰ بالميه . واستفاد . العمال غير الفنيين باعلي نسبه في الاجور و تحسين شروط الاستخدام ، فزيدت المكاف…
1947-06-04	difaa	ar	difaa19470604-01.1.2	quarantine_station	الحجر الصحي		page		typhoid		… بيافا . اصابه جنود عمرض التيفوييد الرمله - اصيب سبعه جنود بريطانيين من سكنه حجازي الواقعه بجوار المستشفي البلدي، وقد توفي اثنان منهم وضرب علي لمنطقه الحجر الصحي : ولهذا تاخرت السلطات عن تسليم المنطقه الي المدنيين…
1947-07-14	difaa	ar	difaa19470714-01.1.2	quarantine_station	المحجر الصحي		page		plague		…الي القاهره باحضار شهادات طبيه ضد مرض الطاعون ، وقد اشرت امس علي عدد من الجوازات دون مطالبه اصحابها احضار شهادات التطعيم ضد مرض الطاعون . الرمله باشر المحجر الصحي بمطار اللد بتطعيم المسافرين من فلسطين والقادمين اليها، ضد مرض الطاعون . جريده الاتحاد باللغه الانكليزيه علمنا ان عصبه التحرر الوطني في فلسطين تعتزم ت…
1947-08-11	difaa	ar	difaa19470811-01.1.2	kerentina	الكرنتينا		page				…ره البيطره باعطاء امصال ضد مرض الفرغره الذي انتشر بين المواشي في قري القضاء ، وقررت ايفاد احد موظفيها. كل يوم اثنين التطعيم المواشي في مكتب الكاين في الكرنتينا قرب محظه اللد وستقدم ا الادويه والامصال مجانا .…
1947-10-05	difaa	ar	difaa19471005-01.1.1	quarantine_station	الحجر الصحي		page				…ور خليل عبد الخالق، مدير معهد الابحاث البكتير يا لوجيه التابع لوزاره الصحه المصريه ، السلطات البريطانيه اليوم بالتقصير في الالتزامات الدوليه بشان فرض الحجر الصحي علي جنودها القادمين من الهند الي مصر. واكد الدكتور عبد الخالق ان السلطات البريطانيه رفضت الطلب المصري بالرول الجنود البريطانيين القادمين بالطايرات ال…
1947-10-05	difaa	ar	difaa19471005-01.1.1	quarantine_station	للحجر الصحي		page		cholera		…لق ان السلطات البريطانيه رفضت الطلب المصري بالرول الجنود البريطانيين القادمين بالطايرات الي مصر في تلك للمطارات التي انشات فيها الحكومه المصريه مخافر للحجر الصحي، وانها لم توافق علي هذا الطلب الا مءخرا بعد ان تفشي وباء الكوليرا . وقد وجه الدكتور اللوم الي السلطات البريطانيه مناسبه انتشار وباء الكوليرا في القاه…
1947-10-06	difaa	ar	difaa19471006-01.1.2	kerentina	الكرنتينا		page				… فمن يرغب في الدراسه في اي فرع منها. وينال دبلوما فليكتب الي مدير للمهد الدكتور ٤٠٧ او شريف بيانا ص . ب ان يحضر الي محله المكاين في محله الجباليه قرب الكرنتينا بيانا دار البطران من الساعه الثانيه الي الخامسه مساء كل يوم . وهو علي استعداد بالاضافه الي الدراسه ان يجيبك بالحضور او بالمراسله من اي سءال يوجه اليه…
1947-10-09	difaa	ar	difaa19471009-01.1.4	kerentina	الكرنتينا		page				…لوباء الي البلدان والقري الجنوبيه، وجند جميع مفتشي دايره الصحه في غزه واحضر اربعه المفتشين من دواير الصحه في فلسطين كما عين اشخاصا اخرين وفتح ۹ محطات الكرنتينا علي الحدود الجنوبيه ، وعين الدكتور بهاء الدين النمري مسيولا عن التطعيم، وجعل مقره في خانيونس .…
1947-10-09	difaa	ar	difaa19471009-01.1.4	quarantine_station	الحجر الصحي		page		cholera		…اها من اداء فريضه الحج هذا العام كند بير احتياطي لمنع وصول وباء الكوليرا من مصر الي تركيا . واذيع ان جميع القادمين من مصر والاقطار العربيه سيحجزون في الحجر الصحي عده ايام . حمله التبرع الشعبي لبيت المال العربي بدا بيت المال العربي في الحمله التي نظمها للتبرع الشعبي في يافا وهي حمله يرجي لها النجاح والتوفيق وان…
1947-10-15	difaa	ar	difaa19471015-01.1.4	quarantine_station	بحجر صحي		window				…اء الي محطات فلسطينيه سيوقف موقتا في ١٥ تشرين الاول الجاري حتي اشعار اخر ويمكن حجز الاماكن فقط من محطه القنطره الشرقيه او محطات سينا الي حيفا فقط حيث بحجر صحيا علي الركاب طبقا للترتيبات التي يتخذها مدير الصحه العامه في فلسطين . ب) ويوقف ايضا في ١٥ تشرين اول حتي اشعار اخرا حجز الاماكن المسافرين المدنيين من ا…
1947-10-15	difaa	ar	difaa19471015-01.1.4	quarantine_station	الحجر الصحي		window				…اصه تسير بين حيفا وغزه لنقل الركاب المسافرين داخل فلسطين ولكن العربات المدنيه التي في القطار رقم ۲ القادمه من القاهره سيقوم علي حراستها حراس من دايره الحجر الصحي ولن يسمح لاي انسان بدخولها او الخروج منها بعد مغادرتها لرفح الي ان تصل ا الي الحجز الصحي في حيفا .…
1947-10-21	difaa	ar	difaa19471021-01.1.2	quarantine_station	الحجر الصحي		page				…مد خشبه باشا امير الحج المصري يحمل كتابا كريما من جلاله الملك فاروق الي جلاله الملك عبد العزيز ال سعود وستءدي لمعاليه للمراسم المالوفه بعد انقضاء مده الحجر الصحي التي فرضت علي جميع القادمين من مصر…
1947-10-22	difaa	ar	difaa19471022-01.1.2	kerentina	الكرنتينا		page				…اعلان هام لاصحاب البيارات ومزارعي الحمضيات بشري لاصحاب البارات ومزارعي الفواكه والخضار بيافا وقضاها سرنا ان نعلن باننا قد باشرنا في بيع زيل الكرنتينا الموجود في بصه الشماس و نيتر المراجعه في مكتبنا الكاين بشارع الدرهلي بعماره الدرهلي الجديده تلفون رقم ۱۳۲۰ يافا حسين الشرقاوي…
1947-10-29	difaa	ar	difaa19471029-01.1.2	infectious_hospital	مستشفي الامراض الساريه		paragraph				…ات . وهاجم بعد ذلك فريق من عصابه الارغون منزل احد اتباع الهاجناه واصا بوه ووالده بجراح واسفرت الحوادث من اربعه جرحي . نقل ارهابيين جريحين وقد نقل الي مستشفي الامراض الساريه لجبليه امس ارهابيان من اليهود الذين صيبوا في حادث الشجار بين عصا في الارغون والهافاناه ، في عيون قاره . وقد وضعا تحت لحراسه الشديده .…
1947-10-29	difaa	ar	difaa19471029-01.1.2	kerentina	الكرنتينا		page				…الحمضيات بشري لاصحاب البيارات ومزارعي الفواكه والخضار بيافا وقضاها نعلن باننا قد باشرنا في بيع زل الكرنتينا الموجود في بصه الشماس و نيتر . المراجعه في مكتبنا الكاين بشارع حسين الشرقاوي…
1947-10-30	difaa	ar	difaa19471030-01.1.2	kerentina	الكرنتينا		page				…اعلان هام لاصحاب البيارات ومزارعي الحمضيات بشري لاصحاب البيارات ومزارعي الفواكه والخضار بيافا وقضاها يسرنا ان نعلن باننا قد باشرنا في . يع زل الكرنتينا الموجود في بصه الشماس و نيتر المراجعه في مكتبنا الكاين بشارع الدرهلي بعماره الدرهلي الجديده. تلفون رقم ۱۳۲۰ يافا حسين الشرقاوي…
1947-10-31	difaa	ar	difaa19471031-01.1.2	kerentina	الكرنتينا		page				…اعلان هام لاصحاب البيارات ومزارعي الحمضيات بشري لاصحاب البيارات ومزارعي الفواكه والخضار بيانا وقضاها يسرنا ان نعلن باننا قد باشرنا في بيع زبل الكرنتينا الموجود في بصه الشماس و نيتر . المراجعه في مكتبنا الكاين بشارع الجديده. الدرهلي بعماره الدرهلي تلفون رقم ۱۳۲۰ يافا حسين الشرقاوي…
1947-10-31	difaa	ar	difaa19471031-01.1.2	kerentina	الكرنتينا		page				… فمن يرغب في لدراسه في اي فرع منها. وينال دبلوما فليكتب الي مدير للعهد الدكتور شريف بيافا ص . ب ٤٠٧ ٠ او ان يحضر الي محله الكاين في محله الجباليه قرب الكرنتينا بيانا دار البطران من الساعه الثانيه الي الخامسه مساء كل يوم . وهو علي استعداد بالاضافه الي الدراسه ان يجيبك بالحضور او بالمراسله من اي سءل يوجه اليه …
1947-11-02	difaa	ar	difaa19471102-01.1.2	kerentina	الكرنتينا		page				…اعلان هام لاصحاب البيارات ومزارعي الحمضيات بشري لاصحاب البيارات ومزارعي الفواكه والخضار بيانا وقضاها يسرنا ان نعلن باننا قد باشرنا في بيع زبل الكرنتينا الموجود في بصه الشماس و نيتر . المراجعه في مكتبنا الكاين بشارع الدرهلي بعماره الدرهلي الجديده. تلفون رقم ۱۳۲۰ يافا حسين الشرقاوي…
1947-11-06	difaa	ar	difaa19471106-01.1.2	quarantine_station	محجر الطور		paragraph				…وم الاثنين القادم ۱۰ منه . وقد وصل امس الي مطار الله ۲۲ حاجا عايدين من الحجاز وصل اخر فوج سافر بطريق الجو مساء غد - الجمعه . الطور - و . ا . ع - غادر محجر الطور الفوج الثاني من الحجاج وهم من الفلسطينيين وعددهم ٦٢٧ حاجا بينهم عشره اطفال وصحه الجميع جيده . اجتماع مفتش البوليس والسكرتير العام . القدس حضر الي الس…
1947-11-25	difaa	ar	difaa19471125-01.1.2	kerentina	الكرنتينا		page		cholera		…تها علي دخول للمسافرين من فلسطين ومصر اليها بعد انتشار وباء الكوليرا في مصر ويطلب الان من للمسافرين الذين لا يحملون شهادات من مراكه المراقبه الصحيه - الكرنتينا - ان يتقدموا للفحص الطبي في دمشق فقط…
1947-11-27	difaa	ar	difaa19471127-01.1.2	quarantine_station	المحجر الصحي		window		plague	y	…الطاعون في حيفا حيفا - ظهر وباء الطاعون ثانيه في المدينه فقد اصيب امس مامور اجراء محكمه صلح حيفا وهو يهودي هذا الوباء ، فنقل في الحال : الي المحجر الصحي، وتولت دايره الصحه تطعيم جميع موظفي العدليه ضد وباء الطاعون تطعيم جميع موظفي العدليه ضد وباء الطاعون ورشت جميع العماره والعمارات المجاوره بمسحوق ال .…
1947-12-03	difaa	ar	difaa19471203-01.1.2	quarantine_station	الحجر الصحي		page				…بغداد بغداد - و ا . ع - وصلت امس جلاله. المملكه نفيسه : والده سمو الامير عبد الالت الوصي علي عرش العراق ، وقد اصدر سموه الامر بان لا تستثني والدته من الحجر الصحي. وتقيم جلالتها الان في الرطبه لقضاء مده. الحجر المقرره افتتاح المفوضيه اللبنانيه ببغداد بغداد - لمراسل الدفاع الخاص - افتتح فخامه الشيخ بشاره الخوري …
1947-12-23	difaa	ar	difaa19471223-01.1.4	quarantine_station	للحجر الصحي		page				… الوحدات الطبيه العراقيه لتلقيح رجال القبايل العراقيه الضار بين بجوار الحدود السوريه ، و اوقفت المواصلات الجويه والبريه مع سوريا واتخذت اجراءات شديده للحجر الصحي . وعادت الي بيروت ليله امس البعثه الطبيه السلطات السوريه ت مع اللبنانيه بعد ان بحثت التدابير المشتركه الواجب اتخاذها لحصر الوباء . وصرح الدكتور وفيق …
1947-12-30	difaa	ar	difaa19471230-01.1.4	quarantine_station	للحجر الصحي		page				…حصر دخول البلاد بمراكز محدوده وخضوع القادمين للحجر الصحي…
1947-12-30	difaa	ar	difaa19471230-01.1.4	quarantine_station	الحجر الصحي		page				…صدر عدد ممتاز من الجريده الرسميه يوم امس اشير فيه الي الانظمه التي وضعها مدير الصحه العام بموجب قانون الحجر الصحي وفيها انه يحظر دخول اي شخص الي فلسطين من اي بلاد تتم الي الشمال والشرق من فلسطين بالطرق البريه الا من احد مراكز الحدود التاليه وهي راس الناقوره وجر ب…
1947-12-30	difaa	ar	difaa19471230-01.1.4	quarantine_station	الحجر صحي		page		cholera		…بطريق الجو والبر والبحر يتحتم عليه عند. وصوله ان يخضع الحجر صحي وفحص طبي لمده ٢٤ ساعه او لمده اطول منها اذا رءي ضروره لذلك سواء اكان معه شهاده بالتطعيم ضد الكوليرا ام لا . ولا يسري هذا النظام علي اي شخص من افراد ا…
1948-01-08	difaa	ar	difaa19480108-01.1.4	kerentina	الكرنتينا		page				…المدينه الثلاثه وهي امام بير الصفا قرب مقبره الانكليز والثاني علي بعد ميه متر الي الشرق من مفترق طريق بير السبع والطيران والثالث علي طريق خانيونس عند الكرنتينا واتخذ حاكم اللواء ومدير البوليس الترتيبات اللازمه الجيش لعدم دخول .. مع…
1948-01-11	difaa	ar	difaa19480111-01.1.3	kerentina	الكرنتينا	Jaffa	page				…ل ، والظروف الحاضره لا تسوغ الشروع في تجميل المدينه . كما هي الغايه من الهدم . الاناره منطقه الشاطيء يافا طلب الينا سكان منطقه شاطيء البحر غرب مستشفي الكرنتينا بيافا لفت نظر البلديه الي ضروره الاسراع باضاءه منطقتهم وتعزيز الحراسه فيها حتي لا يسهل علي المجرمين اليهود التسلل الي المنطقه والقيام باي عمل نادر ، …
1948-04-12	difaa	ar	difaa19480412-01.1.4	kerentina	وكرنتينا		page				…د بالقرب من حي دويها شديدا . وفي صباح امس اشتد اطلاق النيران بكثره في انحاء مختلفه من المدينه ولا تزال المواصلات التلفونيه مقطوعه فيها . احتلال معسكر وكرنتينا وتم اس جلاء الجيش البريطاني من مسكر سمخ الواقع شرقي المدينه، واستولي عليه لتمارين المانيا و المال لكن الاستولوا ولا عل في كما الكرنتينا واتخذوا التدا…
1948-04-12	difaa	ar	difaa19480412-01.1.4	kerentina	الكرنتينا		page				…. احتلال معسكر وكرنتينا وتم اس جلاء الجيش البريطاني من مسكر سمخ الواقع شرقي المدينه، واستولي عليه لتمارين المانيا و المال لكن الاستولوا ولا عل في كما الكرنتينا واتخذوا التدابير الكافيه للبقاء في هذه الاماكن…
1930-12-05	falastin	ar	falastin19301205-01.1.4	infectious_hospital	مستشفي الحكومه في الامراض الساريه		page		cholera|smallpox|trachoma|typhoid		…في قاعه مدرسه الاناث بمكا ، الدكتور اردکیان طبيب مستشفي الحكومه في الامراض الساريه التي منها ، التيفوييد ، الكوليرا ، الجدري، التراخوما ، السل،…
1931-09-05	falastin	ar	falastin19310905-01.1.4	quarantine_station	الحجر الصحي		paragraph		cholera|plague		…الشهر الماضي في سويسره والفرقه تدعو حضرات اعضايها واصدقايها ومساعديها لسماع هذه المحاضره المفيده ، وتفضلوا بقبول فايق الاحترام قايد الفرقه جميل قدومي الحجر الصحي والامراض الساريه اتخذت الاحتياطات الصحيه في فلسطين ضد الطاعون علي القادمين من الاسكندريه وبور سعيد وضد الكوليرا علي القادمين من بمباي بطريق الجو وضد …
1931-11-17	falastin	ar	falastin19311117-01.1.5	kerentina	الكرنتينا		other:Jerusalem	Jerusalem			… فلسطين الخاص - بينما كان الفرد جاكوب من القدس يوم ١٥ الجاري يصطاد خنزيرا بريا في زور الشريعه بقضاء داميه وقد توفي نابلس اصاب خطا عبد القادر زيد موظف الكرنتينا في جسر المصاب في الحال واعتقل البوليس الفرد المذكور . فلسطين » : انظر ما جاءنا من مراسلنا في نابلس حول هذا الحادث…
1932-06-10	falastin	ar	falastin19320610-01.1.5	kerentina	الكرنتينا		dateline	Haifa			…العاب الرياضيه التي تقام بعد ظهر اليوم . وقد كانت الحفله في العام الماضي في يافا وهذه السنه في حيفا وهي تقام كل سنه في لواء وقد نزل التلامذه في عماره الكرنتينا وجرت حفله سباحه لهم بعد ظهر امس عند حمامات البلديه…
1932-06-15	falastin	ar	falastin19320615-01.1.7	quarantine_station	محجر عتليت		page				…رضت رجل راجح خالداتيم من الطيره وهو فورمن في محجر عتليت علي اثر مرور العربه عليها اشتكي ابراهيم يييلي احد -…
1932-11-08	falastin	ar	falastin19321108-01.1.7	quarantine_station	الحجر الصحي		page				… ، رشاشات الاسفلت التي تستوردها السلطات المحليه لاستعمالها الخاص الات تكرير المياه التي تستوردها المجالس البلديه والمحليه لاستعمالها في مشاريع المياه الحجر الصحي وضعت الرقابه الصحيه علي ميناء…
1935-04-27	falastin	ar	falastin19350427-01.1.2	infectious_hospital	مستشفي الامراض الساريه		page				…وقهم فيها وتكون نتيجه انزلاق هذه الزباله علي الشارع ان تنتشر الجزاييم التي فيها وتكون سببا العدوي . فمن الضروري وضع ترتيب خاص لتنكات الزباله هذه (۱۲) مستشفي الامراض الساريه - من اهم اسباب العدوي خوف الاهلين من اجبارهم علي حملي مريضهم الي مستشفي الحكومه فيفضلون ان يبقي خير مريضهم مكتوما كي لا يءخذ الي المستشفي لان الاخبار…
1936-10-14	falastin	ar	falastin19361014-01.1.8	kerentina	الكرنتينا		page				"…وصلت صباح امس الباخره الخديويه زعفران ) وعليها ٦٠ طنامن البضايع المختلفه ، وبعد رسوها نزل المستر بوب مدير المينا"" وطبيب الكرنتينا فءاد افندي المشعلاني اليها واعطياها ( برانكا» ثم انزل البحاره العرب ثمانيه مواعين وافرغوا حموله الباخره بظرف ٥٥ دقيقه فقط و تصل صباح اليوم الباخره ال…"
1937-05-07	falastin	ar	falastin19370507-01.1.2	quarantine_station	الحجر الصحي		window				…ن الموضحه حدودها في الخارطه المعروضه للعموم بدايره حاكم للواء الشمالي بحيفا ودايره مدير الاراضي بالقدس رقم ۳۷۷۸ والمحطه باللون الاحمر لاجل توسيع محطه الحجر الصحي . ان حكومه فلسطين تطلب منكم افرادا واحدالا بيانا خطبا ما لكم من الحقوق المختلفه في تلك الارض وبادعاءاتكم بشانها وبيانا بالمبلغ الذي تطلبونه كتعويض وت…
1937-08-08	falastin	ar	falastin19370808-01.1.4	quarantine_station	الحجر الصحي		other:Cairo	Cairo	cholera		… الاسس للعلاقات البريطانيه – الايطاليه الجديده انتشار الوباء في هنكو لندن في ۷ - ورد نبا يفيد ان وباء الكوليرا الهواء الاصفر انتشر في مدينه هتكو ووضع الحجر الصحي علي المدينه واعلنت فيها حاله الطواري.…
1937-10-12	falastin	ar	falastin19371012-01.1.2	kerentina	والكرنتينا		other:Baghdad	Baghdad			…اص احدهم مصلح في قريه جفنا وسرقوا منه بعض الانيسه - اخبر البوليس في الساعه السابعه والدقيقه العشرين من صباح ٩ الجاري انه وجدت جثه علي احمد بين المسلخ والكرنتينا ورد نبا من سوريا في الساعه التاسعه والدقيقه الخامسه من مساء امس ان صنه اشخاص مسلحين اوقفوا صبح سيارات بين الحدود السوريه - الفلسطينيه براس الناقوره -…
1938-04-12	falastin	ar	falastin19380412-01.1.5	kerentina	الكرنتينا		page				…من الترخيص للركاب بالنزول في مبناء تل ابين ابتداء من يوم المس ولذلك فقد طلب الي جميع الموظفين اليهود في دايره الكرتبيها بميناء ياما ان يذهبوا الي قسم الكرنتينا عبر ابتل ابيب وقد ذهبوا امس الي هناك طلب ابقاء موظف تلقينا صوره البرقيه التاليه من صفد D وهي مرسله في الاصل الي المندوب السامي باسم العمال فرجوكم ابق…
1938-05-04	falastin	ar	falastin19380504-01.1.3	quarantine_station	حجر صحي		other:Bethlehem	Bethlehem			…لملي اليهودي في القدس واقتحموا الغرف ونزلوا فيها واعلنوا اضرابهم فريم من العام ورفضهم الروح الا اذا محوا شهادت اقامه في فلسطين علي مذبح تل ابيب صحيحي حجر صحي تقول ها ارتس ان دايره الصحه في تل ابيب اقامت حجرا صحيا علي مذبح بلديه تل ابيب وطلبت قتل المواشي المصابه بامراض معديه ولكن البلديه تمكنت من اقناع داير…
1938-05-21	falastin	ar	falastin19380521-01.1.5	quarantine_station	الحجر الصحي		window		cholera|smallpox		…في يافا اصابتين وفي بني براني التابعه لقضاء يانا اصابه واحده وفي حيفا اصابتين واصيب شخص واحد بالحمي الراجعه في قريه منسي التابعه القضاء حيفا اما قيود الحجر الصحي علي مرض الكوليرا والجدري فيراقب بها الان القادمون من مدن الهند الاتيه وهي : بومباي والله اباد وكلكتا وكراتشي وكاو بنور وكذلك يراقب بها القادمون من هو…
1938-06-09	falastin	ar	falastin19380609-01.1.3	quarantine_station	محجر صحي		other:Hebron	Hebron			…همه قتل بوليس عربي بجوار عتليت قد نقل من سجن سجن القدم بناء علي طلب محاميه ومعلوم انه قدم استثنافا الي مجلس الملك الخاص لم ينظر فيه حتي الان . مداهمه محجر صحي للحكومه علي الحدود جاء في ملحق هاارتس ان جماعه مسلحه داهمت محجرا صحيا حكوميا بجوار مستعمره ( جوش خلاب» علي الحدود الشماليه واخذت من موظفي المحجر خمسه…
1939-03-10	falastin	ar	falastin19390310-01.1.5	quarantine_station	والحجر الصحي		window		smallpox		…ه في الحضيره قضاء حيفا ووقعت اصابه واحده بمرض التهاب السحايا الدماغيه في حيفا واصابه واحده في الحي الراجم في قريه ارطاس قضاء بيت لحم ولا تزال الرقابه والحجر الصحي مفروضين علي القادمين من كلكتاوه و نا كونغ بطريق الجو وعلي القادمين من كلكتا بطريق البحر او دلهي ومدراس بطريق الجو وذلك ضد مرضي الكولير والجدري…
1939-06-08	falastin	ar	falastin19390608-01.1.5	kerentina	الكرنتينا	Jaffa	window				…يسافر اليوم الدكتور منير مشعلاني طبيب الكرنتينا في يافا الي حيفا حيث يتسلم عمله الجديد كمساعد ترييس اطباء المنطقه الشماليه والدكتور مشعلاني خدم في يافا سنوات عديده قاحبه اهلها، واحبهم وقدم اليهم اخ…
1939-06-15	falastin	ar	falastin19390615-01.1.5	quarantine_station	محجر صحي		page				…سكان اليهود علي اثر فرض منع النجول ثم قررت القيام باشغال عموميه الاستخدام الف عامل لمده طويله لا تقل من خمسه اشهر وستكون هذه الاشغال تعبيد طرق وانشاء محجر صحي في ميناء تل ابيب وستكلف هذه الاشغال ۷۰ الف جنيه…
1939-06-16	falastin	ar	falastin19390616-01.1.5	kerentina	الكرنتينا		paragraph		measles		…ع الدكتور حمد وديع نصر والدكتور عمر خليل مع تسعه رجال متطوعين في مركز الدكتور البوليس المجاور للحصبه الدكتور فءاد تابري مع عشره رحال متطوعين في دايره الكرنتينا في المرفا ويسرنا ان نذكر ان حضراتهم اظهروا الرغبه الزايده في التضحيه ومساعده الغير مما سجل لهم بالتقدير والاثر الحسن عند حضره رييس اطباء الصحه في الم…
1939-07-30	falastin	ar	falastin19390730-01.1.5	kerentina	الكرنتينا		dateline	Haifa			…ميناء جي. الي حيفا بالباخره المجرمه التي كانت تقل اليهود المهربين وقد ادخلت الي الميناء وكانت ترافقها مدرعه وقارب خفر السواحل وسينزل ركابها الي دايره الكرنتينا لاجل اجراء الترتيبات الصحيه وزارهم مندوبون من الجمعيات الصهيونيه وقدموا لهم الاطعمه وقد شوهدت ليله امس المدرعه التي جاءت بها الحكومه المساعده بوليس خ…
1939-08-22	falastin	ar	falastin19390822-01.1.6	kerentina	للكرنتينا		other:Jerusalem	Jerusalem			…اليهود المهربون وانزالهم للكرنتينا…
1939-08-22	falastin	ar	falastin19390822-01.1.6	kerentina	الكرنتينا		dateline	Haifa			…راصل فلسطين الخاص لا يزال المهاجرون اليهود الذين اعتقلوا مءخرا في ثلاثه مراكب موجودين في الميناء وعددهم ثمانمايه وتنخذ الاستعدادات اليوم لا نزالهم في الكرنتينا لاجراء الترتيبات الصحيه اللازمه ولم يعرف الي الان عما اذا كانوا سينزلون الي معتقل متليت ام يظلون في المراكب . وسيقدم ربان المراكب المحاكمه بعد ان وضع…
1939-09-15	falastin	ar	falastin19390915-01.1.3	infectious_hospital	مستشفي الامراض الساريه		dateline	Haifa			…تتحت مدرسه الصناعه بعد ان مضي علي اغلاقها اكثر من عام وبما ان الجيش يقيم الان في عمارتها علي طريق هكا قد استءجرت لها دار بالقرب من مكاتب البترول مكان مستشفي الامراض الساريه وعدد طلابها الان ٣٥ طالبا وسياتي اليها ار بمون طا لبا جديدا من مختلف انحاء البلاد. واخذوا السطو علي محلين وتحقيق البوليس صطا (المصوص ليله امس علي محل…
1939-11-30	falastin	ar	falastin19391130-01.1.3	quarantine_station	الحجر الصحي		window		cholera|smallpox		…ص فكانت خمس اصابات منها في حيفا واربعه اخري في قري قضاء حيفا وهي شفيا وصيادين والخضيره وكريات بيا لك و الاما به له اشره كانت في تل ابيب ولا تزال قيود الحجر الصحي مفروضه علي القادمين من بعض جهات الهند والافن وهونغ كونغ ضد مرضي الكوليرا والجدري سواء كان قدومهم بطريق الجو او البحر…
1939-12-12	falastin	ar	falastin19391212-01.1.2	quarantine_station	محجر الطور		other:Cairo	Cairo			…لاح الطيران الملكي المصري ويشمل هذا المبلغ انشاء اسراب جديده وزياده عدد الطيارين المدربين . وتجهيز المطارات بالمهمات الحديثه الاحتقال بالمحمل و تنظيم محجر الطور الصحي ب وافق صاحب الجلاله علي تحديد يوم ٢٨ كانون الجاري للاحتفال بالمحمل الشريف وسفر الكسوه المشرقه . وبهذه المناسبه اجتمعت لجنه الحجر الصحي لتنظيم ا…
1939-12-12	falastin	ar	falastin19391212-01.1.2	quarantine_station	الحجر الصحي		other:Cairo	Cairo			…ل و تنظيم محجر الطور الصحي ب وافق صاحب الجلاله علي تحديد يوم ٢٨ كانون الجاري للاحتفال بالمحمل الشريف وسفر الكسوه المشرقه . وبهذه المناسبه اجتمعت لجنه الحجر الصحي لتنظيم العمل في محجر الطور وقد تعين الدكتور صبري الفار لاداره المحجر المذكور وسيبحر الفوج الاول من الحجاج يوم الاربعاء القادم . وقد بلغ عدد الحجاج ال…
1939-12-12	falastin	ar	falastin19391212-01.1.2	quarantine_station	محجر الطور		other:Cairo	Cairo			… وافق صاحب الجلاله علي تحديد يوم ٢٨ كانون الجاري للاحتفال بالمحمل الشريف وسفر الكسوه المشرقه . وبهذه المناسبه اجتمعت لجنه الحجر الصحي لتنظيم العمل في محجر الطور وقد تعين الدكتور صبري الفار لاداره المحجر المذكور وسيبحر الفوج الاول من الحجاج يوم الاربعاء القادم . وقد بلغ عدد الحجاج المصريين الذين قيدوا اسماءهم …
1939-12-12	falastin	ar	falastin19391212-01.1.2	quarantine_station	المحجر الصحي		other:Cairo	Cairo			…رب من المدينه المنوره بمناسبه موسم الحج. وقد وافقت لجنه الماليه في مجلس النواب علي فتح اعتماد اضافي قدره ٣٦ الف جنيه في ميزانيه وزاره الصحه النفقات . المحجر الصحي. المديونون ووقف البيوع الجبريه في القطر المصري حركه واسعه بين المديونين الذين اخذوا يتوافدون علي التماهره من مختلف انحاء القطر لمقابله ولاه الامر وال…
1940-01-09	falastin	ar	falastin19400109-01.1.3	kerentina	الكرنتينا		window			y	…ميناء تل ابيب باخره لشحن ٣٣ الف صندوق برتقال وقبل ان تبدا العمل لاحظ الطبيب الحكومي انها مصابه » بوجود عدد كبير من ( الفيران ) فيها فارسلت بامر دايره الكرنتينا الي حيفا « لتطهيرها » وستعود الي تل ابيب بعد ذلك -…
1940-01-24	falastin	ar	falastin19400124-01.1.3	kerentina	الكرنتينا		page			y	…اصيب في الايام الاخيره عدد من الكونستبلات الانجليز بعرض معد هو مرض «الجرب» وقد نقل المصابون الي مستشفي الكرنتينا في الجباليه لمعالجتهم و بعد ذلك ظهر المرض علي عدد اخر من الكونستبلات حتي بلغ عدد المصابين حوالي ٣٠ شخصا وضع حوالي ١٥ منهم في مكان منعزل في مستشفي الح…
1940-01-26	falastin	ar	falastin19400126-01.1.3	kerentina	الكرنتينا	Jaffa	page				…خرج من مستشفي الحكومه ومستشفي الكرنتينا بيافا عدد من الكونستيلات الانكليز الذين اصيبوا بمرض ( الجرب ) بعد شفايهم منه ولا يزال في المستشفيين المذكورين حوالي عشره كو نستبلات اخر بن رهن المعال…
1940-02-02	falastin	ar	falastin19400202-01.1.3	quarantine_station	محجر الطور		page				…وردت علي عدد من ذوي ححاح بيت الله الحرام الفلسطينيين وخصوصا الباقيين منهم برقيات من محجر الطور تنبيء بوصولهم الي هناك في صحه جيده وانهم سيكونون في يانا في يوم الاحد القادم (بعد غد)…
1940-02-20	falastin	ar	falastin19400220-01.1.3	kerentina	الكرنتينا		page			y	…طعن الاول الثاني بموسي ثلاث طعنات بين كتفه وعنقه ادت الي قطع الشريان ونزف دماء كثيره منه فاغمي عليه وسارع مامورو المحافظه في نقله من الباخره الي مكتب الكرنتينا الاسعافه وبعد ذلك نقل الي مستشفي الحكومه بيافا حيث اجريت له عمليه نحسنت حالته علي اثرها اما الضارب فقد اعتقل بواسطه البوليس وصودر الموسي منه واودع ال…
1940-04-16	falastin	ar	falastin19400416-01.1.3	kerentina	الكرنتينا		page			y	…انقاذ السنه الاخيرين البحر في حاله يطلق عليها البحاره اسم بعد مجهود كبير وكانوا بحاله تشنج و اغماء ( طلفاس) وفي الحال امرت دايره الميناء وقد قام طبيب الكرنتينا وضابط الميناء يوقف العمل ومنعت المواعين من الخروج باجراء الاسعافات الاوليه لهم ثم نقل الي عرض البحر حيث كانت ترمو باخرتان اربعه منهم الي المستشفي وحا…
1940-04-16	falastin	ar	falastin19400416-01.1.3	kerentina	الكرنتينا		page			y	…حجز اغنام لمراسل فلسطين الخاص - ضبط بولیس بیسان مع مامور الكرنتينا نحو خمسه الاف راس من الفم تخص السيدين احمد كامل الطحان دخلت فلسطين عن طريق شرقي الاردن من غير كرنتينا وقد…
1940-04-16	falastin	ar	falastin19400416-01.1.3	kerentina	كرنتينا		page				…مراسل فلسطين الخاص - ضبط بولیس بیسان مع مامور الكرنتينا نحو خمسه الاف راس من الفم تخص السيدين احمد كامل الطحان دخلت فلسطين عن طريق شرقي الاردن من غير كرنتينا وقد…
1940-04-16	falastin	ar	falastin19400416-01.1.3	kerentina	الكرنتينا		page				…٣٠ شخصا المساعده هذا المشروع الجليل والمامول ان يتضاعف هذا الرقم جسر الشيخ حسين فهم ان الحكومه امرت باجراء الاصلاح في جسر الشيخ حسين واعاده فتح مكاتب الكرنتينا والجمرك هناك وبهذا تعود الي المدينه حركتها التجاريه سابقه…
1940-04-26	falastin	ar	falastin19400426-01.1.5	kerentina	الكرنتينا		page				…قررت لجنه بلديه يافا ان تشرع في الاسبوع المقبل في تعبيد شارع الجباليه البالغ طوله ٥٠٠ متر ويمتد من شارع الحلوه باتجاه الغرب حتي مستشفي الكرنتينا بالعجمي وسيتفرع من منتصفه شارع يسير للشمال حتي مدرسه الحكومه بالعجمي…
1940-09-14	falastin	ar	falastin19400914-01.1.3	quarantine_station	الحجر الصحي		other:Ramallah	Ramallah			…ملون علي تذليل العقبات حتي يتاح للحجاج الصفر في الموسم القادم وقد علمنا ان وزاره الداخليه وافقت امس علي اباحه الحج في هذا الموسم وابلغت ذلك الي مصلحه الحجر الصحي والي المديريات والمحافظات وشركه مصر للملاحه وهناك مفاوضات جرت بين الحكومتين المصريه والحجازيه النقد المصري في هذا العام بشان صحر فهم الاتفاق علي جعل …
1940-09-14	falastin	ar	falastin19400914-01.1.3	quarantine_station	محجر الطور		other:Ramallah	Ramallah			…جرت بين الحكومتين المصريه والحجازيه النقد المصري في هذا العام بشان صحر فهم الاتفاق علي جعل سعر الجنيه المصري | كما كان في العام الماضي الاستعداد لفتح محجر الطور واخذت مصلحه الحجر الصحي في الاستعداد لفتح محجر الطور الحجاج في موسم الحج المقبل جريا علي عادتها في مثل هذا الوقت من كل عام مكافحه الغلاء ولبنان في سو…
1940-09-14	falastin	ar	falastin19400914-01.1.3	quarantine_station	الحجر الصحي		other:Ramallah	Ramallah			…يه والحجازيه النقد المصري في هذا العام بشان صحر فهم الاتفاق علي جعل سعر الجنيه المصري | كما كان في العام الماضي الاستعداد لفتح محجر الطور واخذت مصلحه الحجر الصحي في الاستعداد لفتح محجر الطور الحجاج في موسم الحج المقبل جريا علي عادتها في مثل هذا الوقت من كل عام مكافحه الغلاء ولبنان في سوريا بيروت - ا - يواصل ال…
1940-09-14	falastin	ar	falastin19400914-01.1.3	quarantine_station	محجر الطور		other:Ramallah	Ramallah			…ذا العام بشان صحر فهم الاتفاق علي جعل سعر الجنيه المصري | كما كان في العام الماضي الاستعداد لفتح محجر الطور واخذت مصلحه الحجر الصحي في الاستعداد لفتح محجر الطور الحجاج في موسم الحج المقبل جريا علي عادتها في مثل هذا الوقت من كل عام مكافحه الغلاء ولبنان في سوريا بيروت - ا - يواصل السيو بيو المندوب السامي الفرنس…
1940-10-18	falastin	ar	falastin19401018-01.1.3	infectious_hospital	مستشفي الامراض الساريه		page				…وقفوا حياتهم علي خدمتها . لقد اتيحت لي مناسبه ، بل لقد جرتني المناسبه جدا الي الوقوف علي طرف من الخدمات الجليله الشان التي يءديها رسل الرحمه هءلاء في مستشفي الامراض الساريه البلدي بيانا ويعجزني وصف هذه الاعمال الانسانيه التي تجري في هذا المستشفي والتي يجهلها الناس الا من…
1940-12-04	falastin	ar	falastin19401204-01.1.3	kerentina	الكرنتينا		other:Nazareth	Nazareth			…ورد الي فلسطين خلال الاسبوع الماضي اربعه الاف راس ماشيه من الهز والاغنام من تركيا وقد وضعت هذه الانتقام من تركيا التقريرينا لمواشي في مراكز الكرنتينا التبخيرها والتاكد من نظافتها تمهيدا لتوزيعها علي المنتظر ان تنخفض اسعار اللحوم من ٣٠ قرشا للرطل كما في حالها اليوم بعد اصدار هذه الكميه الكبيره من ال…
1941-02-21	falastin	ar	falastin19410221-01.1.3	kerentina	الكرنتينا		page				…شوارع القابله لبحر في الي المنتديه وهي التي تضرون في المده الاخيره من مياه البحر ومياه الامطار . وقررت تعبيد الشارع للمقابل المقابر ( بالقرب من دايره الكرنتينا ) توصل لشارع الحلوه .…
1941-03-12	falastin	ar	falastin19410312-01.1.3	kerentina	الكرنتينا		page				…امت لجنه من بلديه يافا امس مءلفه من الساده: علي المستقيم ومسعود الدر هلي والمستر سكوت و محمد فهمي الدباغ مهندس البلديه بجوله تفتيشيه زاروا فيها دايره الكرنتينا الادخال بعض التصليحات عليها ومشاهده الاعمال الجاريه في الشارع الجديد الموصل بين شارع الحلوه والكرنتينا في العجمي - مشاهده الاعمال الجاريه في تعبيد شا…
1941-03-12	falastin	ar	falastin19410312-01.1.3	kerentina	والكرنتينا		page				…اغ مهندس البلديه بجوله تفتيشيه زاروا فيها دايره الكرنتينا الادخال بعض التصليحات عليها ومشاهده الاعمال الجاريه في الشارع الجديد الموصل بين شارع الحلوه والكرنتينا في العجمي - مشاهده الاعمال الجاريه في تعبيد شارع الملك جورج علي الطريقه الجديده وهي خلط الاصفات بالحصي والرمل وقد استغرقت هذه الجوله حوالي الساعتين…
1941-05-24	falastin	ar	falastin19410524-01.1.3	kerentina	الكرنتينا		page				…بينما كان احد مستخدمي قسم دايره التنظيفات في بلديه يافا واسمه محمد حسن عليوه تقوم بتنظيف بشر في مستشفي الكرنتينا في الجماليه مقط في البير و اختنق وقد توفي قبل ان يتمكن احد…
1941-06-04	falastin	ar	falastin19410604-01.1.2	kerentina	كرنتينا		other:Ramla	Ramla	plague		… ببعض (المخاتير) وابلغهم ان منطقه الرمله قد طهرت من طاعون الدجاج وانه اصبح تصدير الدجاج الي جميع انحاء المنطقه حرا ولا حظر عليه . ثم قام بالتفتيش علي كرنتينا محطه اللد وخيول البوليس تاليف لجان معارف محليه في القري تالفت لجان معارف محليه في قري القضاء برياسه القايمقام الاستاذ عبد الرزاق قليبو واعضاءها من مف…
1941-07-04	falastin	ar	falastin19410704-01.1.3	kerentina	الكرنتينا		page				…لواقعه ضمن حي العجمي فهي منتشره كما يلي : الماجا الارضي في كنيسه اللاتين ملجا دير الاقباط، مدخل عماره الحمامي اخوان الواقعه بين طريق الحلوه ومستشفي | الكرنتينا ، عماره عبد القادر سلال طريق الحلوه ، عماره الشيخ توفيق الدجاني عند ملتقي طريق الحلوه بسكنه درويش عماره طلاماس خلف بياره منطوره بالعجمي ، عماره منطور…
1941-08-12	falastin	ar	falastin19410812-01.1.3	quarantine_station	المحجر الصحي		page				…وخضار من سوريا وصلت الي المحجر الصحي في الله كميه من الابقار القبرصيه لحساب تجار الماشيه بيافا وتل ابيب ، ووصلت كميات من الخضار والفواكه السوريه ولكنها بيعت باسعار مرتفعه ونقلت السيارات …
1941-09-09	falastin	ar	falastin19410909-01.1.3	infectious_hospital	مستشفي الامراض الساريه		page		typhus		…تل ابيب اصيبوا بمرض التيفوس حتي ان الاسره المخصصه لهذا المرض قد صاقت عن الاتساع للمصابين وقد طلبت البلديه من الحكومه ان توسع مستشفي الامراض الساريه الموجود في باريس كانس وتضاعف عدد الاسره فيه بحيث تصبح ۷۰ سريرا لان الحاله تستدعي عمل ذلك V. بسرعه . بين طبيب وضابط وقع في الاسر مضابط ايطالي حمل من ا…
1941-09-11	falastin	ar	falastin19410911-01.1.3	kerentina	والكرنتينا		window				…منير مشعلاني ترقيته من درجه K الي درجه . وقد اصبح حضرته مساعد . رييس الاطباء للواء حيفا والجليل وهو يشرف بعد السر طيب علي مستشفي الحكومه ودواير الصحه والكرنتينا . وقد حسبت لحضرته الترقيه من شهر ايلول عام ١٩٤٠ والدكتور مشعلاني من الاطباء النشيطين ذوي الاقتدار والنفس الكريمه السمحه . وقد برهن علي خدماته للجميع …
1941-09-28	falastin	ar	falastin19410928-01.1.3	quarantine_station	المحجر الصحي		paragraph				…لها وهي الترفيه وادخال السرور علي المتطوعين ولاشك ان التبرع في هذا اليوم سيكون كبيرا جدا ويسخاء كثير العراق من ماشيه ينتظر ان يصل في هذين اليومين الي المحجر الصحي في حمله الله عدد كبير من الابقار والاغنام العراقيه لحساب عدد من تجار الماشيه لفلسطين وقد عالمنا انه من المنتظر ان يصل ايضا حوالي ١٨ الاف راس في بحر ه…
1942-01-11	falastin	ar	falastin19420111-01.1.3	quarantine_station	محجر الطور		page				…عض ذوي الحجاج بيافا برقيات تفيد بان ذويهم قد غادروا مكه بعد اداء الفريضه المقدسه الي جده وقد الجروا منها وهم في طريق العوده الي فلسطين بعد مرورهم علي محجر الطور و مصر في طاوله التنس جرت مباراه في طاوله التنس مساء امس بيافا بين فريق خريجي معهد الغرير في الثغر وفريق المعهد البريطاني فتغلب الفريق الاول بتسع نقاط…
1942-01-22	falastin	ar	falastin19420122-01.1.3	quarantine_station	بمحجر الطور		page				…عظمايهم لاعاده الجامع الي سابق عهده وفتح شوارع امام ابوابه الحجاج العايدون - م تدل الاسكندريه في ٢١ المعلومات التي تلقتها مصلحه الحجر الصحي من رجالها بمحجر الطور علي ان الفا وار بعمايه حاج قد وصلوا الي المحجر عايدين من البلاد المقدسه منهم نحو ٢٥٠ من الحجاج الفلسطينيين انهيار منزل واصابات ا صفد - ب - انهار منزل…
1942-02-25	falastin	ar	falastin19420225-01.1.3	infectious_hospital	المستشفي الحكومي الامراض الساريه		page		plague	y	…ه في حرب الحريه هل اصيب بالطاعون اصيب السايق يهودا غابوب في تل ابين بمرض الزمه الفراش ثلاثه اسا ميع واخيرا زاره الطبيب الحكومي وقرر نقله من منزله الي المستشفي الحكومي الامراض الساريه في مستعمره باردس كاتي لاشتباهه بانه مصاب بالطاعون وقد حقن الذين كانوا يعيشون معه بالمصل الخاص ضد الطاعون ما اتخذت الاجراءات اللازمه لتطهير المكان الت…
1942-06-14	falastin	ar	falastin19420614-01.1.3	kerentina	كرنتينه		page				…راجعنا بعض القصابين وتحدثوا الينا عن الاغنام التي تسلمت لدايره المءن في كرنتينه الله من قبل المتعهدين حسن العمد وغرشه وكالوتي وقالوا انها اغنام نجديه تماثل الاغنام التي ذبحت في الاسبوع وطلبوا منا ان نلفت نظر السلطات لاستيراد اغنا…
1942-12-30	falastin	ar	falastin19421230-01.1.3	infectious_hospital	مستشفي الامراض الساريه		page		plague		…جديدين بالطاعون في يهوديين احدها من شارع جيولا والاخر من شارع جوردون في تل ابيب وقد ذهب طبيب الامراض الساريه وكشف عليها ثم امر بنقلها الي مستشفي الامراض الساريه في بني براك المعالجتها و بهذه الحوادث الثلاث تبلغ حوادث اصابات الطاعون عشر اصابات توفي فيها خمسه من المصابين وهم فتاه يهوديه من محله شاير و يهوديان م…
1943-01-01	falastin	ar	falastin19430101-01.1.5	infectious_hospital	مستشفي الامراض الساريه		page		plague		…نقلت الي مستشفي الامراض الساريه في بني براك والثانيه اصابه يهودي اشتبه . بها وعولج الرجل وهو في بيته واكتشفت اصابه ثالثه في شخص عربي يشتبه بانها طاعون وقد اكتشفت في المستشفي الانكلي…
1943-01-05	falastin	ar	falastin19430105-01.1.3	quarantine_station	لمحجر الطور		page				…الفوج الثالث من حجاج فلسطين وسوريا وصوله لمحجر الطور ووفاه حاج فلسطيني…
1943-01-05	falastin	ar	falastin19430105-01.1.3	quarantine_station	محجر الطور		page				…الطور في ٤ و.ا.ع. وصل الي محجر الطور الفوج الثالث من الحجاج الفلسطينيين والسور بين وعددهم ١٣٦٢ /…
1943-01-05	falastin	ar	falastin19430105-01.1.3	infectious_hospital	مستشفي الامراض المعديه		page				…ا ولها من العمر ٣٥ سنه ، وتقطن تلك المراه علي ساحل البحر في تل ابيب بالقرب من حدود المنطقه اليهوديه الموبوءه في المنهيه وقد نقلت المراه قبل الظهر الي مستشفي الامراض المعديه في بني براق ، وما لبثت ان توفيت في المساء وقد نقل الي مستشفي بني براق يوم…
1943-01-21	falastin	ar	falastin19430121-01.1.3	infectious_hospital	مستشفي الامراض الساريه		page		plague		…لصحه، في اللواء وجري البحث فيه حول الحادث الجديد الذي ظهر امس الاول في حي النزهه في يافا اذ اصيب احد سكان ذلك الحي وعمره ٢٥ سنه بمرض الطاعون ونقل الي مستشفي الامراض الساريه في مستعمره ( بني براك ) . وقد تقرر في الاجتماع المذكور اتخاذ التدابير اللازمه للقيام بحمله قويه واسعه من اعمال التطوير ضد الطاعون واتخاذ الوسايل الفع…
1943-01-24	falastin	ar	falastin19430124-01.1.3	infectious_hospital	مستشفي الامراض الساريه		page		plague		…لعام بعض الارشادات واستفهم عن حوادث الطاعون في المدينه واطلع علي اخر الانباء عنه حيث لم تظهر خلال الثلاثه ايام الماضيه اشتباهات بالطاعون ولم ينقل الي مستشفي الامراض الساريه في بني براك اي شخص جديد وان الثلاثه الذين فيه وهم المراه العربيه من سوق اليهود بالمنشيه والمراه اليهوديه من محله الكرتون بالمنشيه والشاب الذي يسكن مح…
1943-01-27	falastin	ar	falastin19430127-01.1.3	infectious_hospital	مستشفي الامراض الساريه		page		plague		…تاكد الان ان الفتاه اليهوديه التي تبلغ من العمر ١٣ سنه وتسكن بالقرب من دايره الصحه في تل ابيب والتي نقلت الي مستشفي الامراض الساريه في بني براك كمشتبه باصابتها بالطاعون انها مصابه بهذا المرض الخبيث فعلا بعدان جري فحصها وهي الان في المستشفي المذكور تحت المعالجه للعمل علي شفايها من …
1943-02-03	falastin	ar	falastin19430203-01.1.3	infectious_hospital	مستشفي الامراض الساريه		page		plague		…اتضح امس ان نقل الشخصين اللذين اشتبه بانهما مصابان بمرض الطاعون الي مستشفي الامراض الساريه في بني براك كان عملا لا لزوم له لانه لم يظهر او يثبت انها مصابان بالطاعون بل كان مرضهما تدرنا عاديا ولذلك اخرجا من تشفي الامراض الساريه وتقرر نقلهما …
1943-02-03	falastin	ar	falastin19430203-01.1.3	infectious_hospital	مستشفي الامراض الساريه		page		plague		…قدم المدينه امس الكولونيل هيرون مدير دايره الصحه العام وبعد ان استفسر عن احوال مرض الطاعون في الوقت الحاضر ذهب الي مستشفي الامراض الساريه في بني براك للاطلاع علي احوال هذا المرض فيه وبعد ذلك عاد الي مقر منصبه في القدس…
1943-02-04	falastin	ar	falastin19430204-01.1.2	kerentina	الكرنتينا		other:Tulkarm	Tulkarm	smallpox	y	…ضد مرض الجدري وقد - توفي من جراء هذا الارض اربعه اشخاص واحد هنا و الباقون في مستشفي الحكومه بحيفا والشخص الذي يشتبه انه مصاب بهذا المرض ينقل حالا الي الكرنتينا التي فتحت هنا خصوصا لمعالجه المصابين بهذا المرض…
1943-02-06	falastin	ar	falastin19430206-01.1.3	infectious_hospital	مستشفي الامراض الساريه		page		plague		…خرجت من مستشفي الامراض الساريه في بني براك المراه العربيه التي اصيبت بترض الطاعون قبل ما ينوف عن ثلاثه اسابيع وهي السيده امينه محمد احمد الزاويه التي تسكن شارع خصو ان في سوق اليهود…
1943-02-09	falastin	ar	falastin19430209-01.1.3	quarantine_station	محجر الطور		page				…تاقي بعض ذوي الحجاج بيافا برقيات من الحجاج الموجودين في محجر الطور حاليا بانهم سيصلون مع الفوج الرابع من حجاج فلسطين في يوم الاربعاء ( غدا ) وانهم جميعا بصحه جيده…
1943-02-24	falastin	ar	falastin19430224-01.1.3	quarantine_station	الحجر الصحي		page				…ق من مخافر الحدود بيننا و بين القطرين الشقيقين ولم يذهبوا الي دايره الصحه الاجراء المراقبه الطبيه او امر جاب لمحاكمتهم امام حاكم صلح المدينه تحت نظام الحجر الصحي ويبلغ عدد هءلاء ما ينوف عن ۱۰۰ شخص وعلي كل قادم من سوريا او لبنان ان يسارع للمراقبه الطبيه حال رجوعه خشيه ان يكون مصابا باحد الامراض الساريه هناك ، و…
1943-02-24	falastin	ar	falastin19430224-01.1.3	infectious_hospital	مستشفي الامراض الساريه		page		plague		…توفي في مستشفي الامراض الساريه في بني براك صباح امس الشخص اليهودي المصاب بمرض الطاعون واسمه مردخاي مزراحي البالغ من العمر ٣٤ سنه وهو من شارع بعل شمطوف بتل ابيب وكان يشتغل في بيع ال…
1943-04-06	falastin	ar	falastin19430406-01.1.3	kerentina	الكرنتينا		page		typhus	y	…كان قد نقل مءخرا الي مستشفي الكرنتينا بيانا اربعه اشخاص من قريه صرفند للاشتباه بانهم مصابون بمرض التيفوس وهم حسن اسماعيل الليث ، احمد حسن مصطفي، توفيق الحاج جابر عبد الخالق وعبد المطلب عث…
1943-04-16	falastin	ar	falastin19430416-01.1.3	quarantine_station	الحجر الصحي		page		cholera|plague|smallpox		…شفاعمرو مساحتها ٣ دونمات و ٩٥٧ مزا للبيع بالمزاد العلني انکور نتينا كان الحجر الصحي (الكور نتينا ) ضد الكوليرا موضوعا في الاسبوع الماضي علي القادمين من كلكتا وضد الطاعون علي القادمين من مدغشقر وضد الجدري علي القادمين من سوريا والعراق…
1943-04-23	falastin	ar	falastin19430423-01.1.2	quarantine_station	الحجر الصحي		page		typhus		…لسه بحث فيها رفع الانقاض التي تراكمت في الشوارع واستيفاء ضريبه علي الاراضي الزراعيه الخاليه من العمر ان الموجوده منطقه البلديه معدل ۲ في المايه افي - الحجر الصحي - اشتباه بالتيفوس المستنقعات رفع الحجر الصحي عن قريه صرفند العماد ولا يزال طبيب الصيحه والمفتشون يزورون القريه يوميا وقد اصبحت القريه نظيفه جدا --- ا…
1943-04-24	falastin	ar	falastin19430424-01.1.3	kerentina	الكرنتينا		page		typhus	y	…اشتبه في اليومين الاخيرين باصابه ثلاثه اشخاص عرض التيفو من احدهم من صرفند واخر من الرمله وقد ادخلا مستشفي الكرنتينا للمعالجه اما الثالث فهو من خفراء السكه الحديد في غزه وقد ادخل مستشفي الحكومه بغزه للمعالجه وبذلك يعني ان اعمالها الاصابات بالتيفوس حتي الان ٣٢ اصابه …
1943-04-24	falastin	ar	falastin19430424-01.1.3	kerentina	الكرنتينا	Jaffa	page		typhus		…لاصابات بالتيفوس حتي الان ٣٢ اصابه توفي فيها تسعه اشخاص منهم خمسه اشخاص ماتوا في قريه صرفند التي ظهرت فيها حوادث التيفوس واربعه اشخاص توفوا في مستشفي الكرنتينا بيافا ولا يزال في الكرنتينا حتي الان ١٣ شخصا بعد ان ثبتت اصابه الغابهم بهذا المرض اما الباقون…
1943-04-24	falastin	ar	falastin19430424-01.1.3	kerentina	الكرنتينا		page		typhus		… اصابه توفي فيها تسعه اشخاص منهم خمسه اشخاص ماتوا في قريه صرفند التي ظهرت فيها حوادث التيفوس واربعه اشخاص توفوا في مستشفي الكرنتينا بيافا ولا يزال في الكرنتينا حتي الان ١٣ شخصا بعد ان ثبتت اصابه الغابهم بهذا المرض اما الباقون…
1943-04-24	falastin	ar	falastin19430424-01.1.3	quarantine_station	الحجر الصحي		page		typhus		… مقاومه مرض التيفوس في القريه التي ظهر فيها المرض وهي صرفند فقد طهرت تماما واصبح لا يخشي الان من انتقال المرض منها ولذلك فقد خففت دايره الصحه من قيود الحجر الصحي عليها . ولكن هذا لا يعني ان المرض قد انعدم بل ان الرقابه الصحيه ستكون دقيقه علي العمال المصريين القادمين من المعسكرات وقد فهمنا ان دايره الصحه تزمع ف…
1943-05-09	falastin	ar	falastin19430509-01.1.3	infectious_hospital	مستشفي الحكومه الامراض الساريه	Jaffa	page		typhus		…التيفوس تتوالي بالرغم من الجهود التي بذلتها دايره السحه للحيلوله دون انتشاره فقد ادخل الي مستشفي الحكومه الامراض الساريه في يافا ثلاثه اشخاص من جهات مختلفه مشتبه باما بتهم وهم عبد الحميد خليل حسن من صرفند وعطا محمود الحاج من جزو وحكمت غزه وقد وضعوا تحت المراقبه الصحيه ل…
1943-05-11	falastin	ar	falastin19430511-01.1.3	kerentina	الكرنتينا	Jaffa	page		typhus	y	…ادخل الي مستشفي الكرنتينا بيافا امس شخص من يافا مشتبه بانه مصاب بمرض التيفوس وقد وضع تحت المعالجه والفحص للتحقق من اصابته…
1943-05-15	falastin	ar	falastin19430515-01.1.2	quarantine_station	حجر صحي		other:Gaza	Gaza	typhus		…طلاب الذين فازوا في حفله الالعاب الرياضيه التي اقيمت امس وكان الفايز الاول في حفله الالعاب الرياضيه لمس الطالب عبد الكريم عبد المعطي مبروك من غزه رفع حجر صحي - حول رداءه الدقيق رفعت دايره الصحه الحجر عن سكان منزلين كانت تخشي طور اعراض مرض التيفوس عليهم قابل اليوم وفد من مراسلي الصحف العربيه اللورد اكسفورد …
1943-05-20	falastin	ar	falastin19430520-01.1.3	kerentina	الكرنتينا		page		typhus		…توفي امس الاول شخص جا يدمن مرضي التيفوس الموجودين في مستشفي الكرنتينا بيانا وهو من قريه صرفند اثنان من المصابين بالمرض المذكور وشفي وخرجا من المستشفي للنقاهه ولا يزال في المستشفي نحو عشره اشخاص من المصابين بمرض التيفوس …
1943-06-16	falastin	ar	falastin19430616-01.1.3	infectious_hospital	مستشفي الامراض الساريه		page		plague		…شراف الدكتور عاقله الانتباه باصابه طاعون تم الكشف الطبي ع - علي الشخص اليهودي الذي نقل مءخرا من شارع برخوف بتل ابيب الاشتباه باصابته بمرض الطاعون الي مستشفي الامراض الساريه في بني براق وقد تبين من هذا الكشف عدم اصابته بالمرض بحاول الانتحار حاول احد رجال بوليس قوه الدفاع المحلي الذين يقومون بالحراسه ليلا في المدينه وهو ال…
1943-07-13	falastin	ar	falastin19430713-01.1.3	infectious_hospital	مستشفي الامراض الساريه		page		plague	y	…تقول دانار ان يهوديا من سكان شارع لفنسكي في تل ابيب قد نقل الي مستشفي الامراض الساريه يوم السبت للاشتباه باصابته بالطاعون ونقل كذلك الي المستشفي المذكور صبي من رامات فات في الثامنه من عمره وناطور من وادي روبين و شخص ثالث من عمال دايره …
1943-08-14	falastin	ar	falastin19430814-01.1.3	kerentina	الكرنتينا		page		typhus	y	… حوالي ثلاثه اسابيع متواليه ال دون ان تظهر اصابات جديده بمرض ذ التيفوس ومن المهم ان نذكر ايضا ان جميع م الذين اصيبوا بهذا المرض ونقلوا الي الد مستشفي الكرنتينا بيانا قد شفوا الان ا…
1943-09-03	falastin	ar	falastin19430903-01.1.4	quarantine_station	الحجر الصحي		page		cholera		…لمسجل (وهو من الموظفين الذين يجوز تاديه القسم بين يديم ) بانه كبير المسجلين ومساعده و نايبه او مساعد مسجل المحكمه العليا او المسجل او نايبه او مساعده الحجر الصحي كان الحجر الصحي بشان الكوليرا…
1943-09-03	falastin	ar	falastin19430903-01.1.4	quarantine_station	الحجر الصحي		page		cholera		…موظفين الذين يجوز تاديه القسم بين يديم ) بانه كبير المسجلين ومساعده و نايبه او مساعد مسجل المحكمه العليا او المسجل او نايبه او مساعده الحجر الصحي كان الحجر الصحي بشان الكوليرا…
1943-09-19	falastin	ar	falastin19430919-01.1.4	kerentina	الكرنتينا		page				…ميافا ، وفي مستشفي الكرنتينا التابع له . ويقول هءلاء ان قله عدد الممرضات يسبب ازعاجا شديدا للمريض، وفي بعض الحالات يكون سببا من اسباب تعرضه لما يجب ان لا يتعرض له المريض في المست…
1943-12-19	falastin	ar	falastin19431219-01.1.3	quarantine_station	محجر الطور		page				…الطور في ۱۸ - و.ا.ج - وصلت بعد ظهر امس الي محجر الطور الباخره روض الفرح مقله الفوج الاول من الحجاج الفلسطينيين وهم نحو الف وسبعمايه حاج و بينهم بعض الحجاج المصريين و كان في طليعه الحجاج المصريين معالي مح…
1943-12-19	falastin	ar	falastin19431219-01.1.3	quarantine_station	الحجر الصحي		page				…همي باشا وكيل وزاره الاوقاف سابقا وجميع الحجاج في صحه جيد. وكان في استقبالهم الدكتور حسن فوزي بك مدير الحجر والدكتور احمد كمال بك الوكيل العام لمصلحه الحجر الصحي وكبار اطباء محجر وموظفو الجمارك والتلغراف وقايد حاميه الطور…
1944-01-20	falastin	ar	falastin19440120-01.1.2	quarantine_station	محجر الطور		page				…قلقيليه في ۱۹ ك ٢ - المراسل فلسطين الخاص - وصلت عده برقيات الي ذوي الحجاج من محجر الطور تفيد ان الحجاج سيصلون يوم غد الجمعه هديه لجلاله الملك السعودي من الكتب تفضل صاحب الجلاله الملك عبد العزيز ال سعود فبعث للسيد محمود برهم ٢٧ مجلدا من ت…
1944-02-13	falastin	ar	falastin19440213-01.1.3	quarantine_station	محجر الطور		paragraph				…| عوده جميع الحجاج الطور في ١٢ - و . ا. ع - غادر حجر الطور اخر فوج من الحجاج وبهذا انتهي موسم حج هذا العام وقد بلغ عدد الحجاج الذين دخلوا محجر الطور هذا العام ٢٤٨٠٥ منهم ٥٧٨ عراقيا و ٣١٤ لبنانيا و ٤١٢٥ فلسطينيا و ٤٣٧١ سوريا و ۱۳۱ من شرق الاردن و ۲۰ تركيا . غرفه التجاره تعقد هييه غرفه تجاره يافا بع…
1944-02-18	falastin	ar	falastin19440218-01.1.2	kerentina	الكرنتينا		page				…طلب عدد من اصحاب الخنازير الذين قدموا لبيعها الي شركه ستيل ، ان يكون البيع في دايره الكرنتينا حيث يزنها ويقدر ثمنها ويجري الكشف عليها موظف عربي . وقد وضعت لها اثمان من الدرجه الثانيه وخسر اصحابها من هذا…
1944-02-18	falastin	ar	falastin19440218-01.1.3	kerentina	الكرنتينا	Jaffa	page		typhus		…بالغ العمر ٢٨ سنه حجازي من الي البال من الحسن صالح الالي من فيه سنه ، قد ثبتت اصابتهم بمرض التيفوس بعد التحليل الطبي لدمايهم وهم الان جميعا في مستشفي الكرنتينا في يافا رهن المعالجه…
1944-03-07	falastin	ar	falastin19440307-01.1.3	kerentina	الكرنتينا	Jaffa	page		typhus		…قل الي مستشفي الكرنتينا في يافا في اليومين الماضيين شخصان مصابات بمرض التيفوس احدهما يدعي رزق سلمان رابح من بيت نبالا ويبلغ من العمر ٢٠ سنه والاخر اسمه سليم سليمان شراري من …
1944-03-28	falastin	ar	falastin19440328-01.1.3	infectious_hospital	مستشفي الامراض الساريه		page				…الحكومه في السنه الماضيه ٨٠ الف جنيه فقط ) . كما تقرر ان ترسل الي الحكومه كلمه تقدير علي اتفاقها وقيامها بنفقات مستشفي الامراض الساريه في مستعمره باردس كانس و نفقات مستشفي المستعمرات ( البركون ، الذي سيفتتح رسميا في منتصف شهر ايار . علي ان يلفت نظر الحكومه الي العنايه اكثر بمرض السل …
1944-04-25	falastin	ar	falastin19440425-01.1.3	infectious_hospital	مستشفي الامراض الساريه		page		smallpox		…وقعت خلال هذين اليومين ثلاثه حوادث جديده بالجدري ونقل المصابون الي مستشفي الامراض الساريه للمعالجه وهم ابراهيم مسعود سليم ويبلغ من العمر ٢٤ سنه وابراهيم حسن سلامه وعمره ٢٥ سنه وعلي سلام سلامه وهو في الثلاثين من عمره وهم من محمله…
1944-04-25	falastin	ar	falastin19440425-01.1.3	quarantine_station	الحجر الصحي		page		smallpox		…المسكوبيه المفروض عليها الحجر الصحي في الوقت الحاضر لمده اربعه عشر يوما وقد بلغ مجموع حوادث مرض الجدري التي ظهرت في محله المسكوبيه حتي الان ۹ حوادث و نقل جميع المصابين الي مستشفي الكرتي…
1944-04-27	falastin	ar	falastin19440427-01.1.3	quarantine_station	الحجر الصحي		page		smallpox		…ظهرت في هذين اليومين خمس اصابات جديده بمرض الجدري اثنتان منها في محله المسكوبيه التي فرض الحجر الصحي عليها واصابتان اخريان بشخصين من عرب روبين واصابه واحده في وادي…
1944-04-27	falastin	ar	falastin19440427-01.1.3	kerentina	الكرنتينا		page		typhus		…| حنين وقد تحمل جميع المصابين الي مستشفي الكرنتينا للمعالجه كما ظهرت ايضا ثلاث اصابات بمرض التيفوس احداها في يانا واخري في الرمله والثالثه في قريه السوافير…
1944-05-03	falastin	ar	falastin19440503-01.1.3	kerentina	الكرنتينا		page		smallpox	y	…نقل الي مستشفي الكرنتينا بيانا في ا هنرين اليومين خمسه اشخاص جدد مصابين بمرض الجدري اثنان منهم من محله المسكوبيه المفروض عليها المجر الصحي وهما شليل حسن سلامه وعمره ٢٣ سنه وا…
1944-05-24	falastin	ar	falastin19440524-01.1.3	kerentina	الكرنتينا		page			y	… من العمر ٢٠ سنه وحسنه حمدان حسين وعمرها ٢٥ سنه وعويده سلمان ابو حمد وعمره ٣٠ سنه وهما من مكنه. درويش وقد تحققت اصابتهم بعد ان نقلوا وفحصوا في مستشفي الكرنتينا وجري ابلاغ دايره الصحه العامه. فهم…
1944-05-31	falastin	ar	falastin19440531-01.1.3	kerentina	الكرنتينا	Jaffa	page		smallpox	y	…قوايم التخمين الجديده للاطلاع علي اقبال الجمهور عليها وعلمنا ان عدد الاعتراضات التي قدمت قد بلغت حتي ظهر امس ۱۳۰ اعتراضا اصابه بالجدري نقل الي مستشفي الكرنتينا بيافا شخص اسمه محمد سلامه ابو شميس من عرب المجدل مصابا بمرض الجدري وهو قيد المعالجه الان وعمره ٣٠ سنه…
1944-06-01	falastin	ar	falastin19440601-01.1.3	kerentina	الكرنتينا	Jaffa	paragraph		typhus	y	…وبذلك تمدد مدد الجوازات التي يحملونها لسنوات اخري - ٣ اصابات تيفوس ظهر في هذين اليومين ثلاث حوادث جديده بمرض التيفوس وقد نقل المصابون فيها الي مستشفي الكرنتينا بيافا وتاكدت اصابتهم بعد التحليل الطبي وهم رمضان محمود طه من سامه وعمر ه ١٤ سنه وخديجه احمد ابو ورده من غزه وعمرها ١٨ سنه وفءاد حسن علي من العفوله وع…
1944-06-08	falastin	ar	falastin19440608-01.1.3	kerentina	الكرنتينا		page		smallpox	y	…حادثه جدري ظهرت امس حادثه جديده بمرض الجدري اصيب بها شخص من سكان محله الجباليه بيافا وقد نقل المصاب الي مستشفي الكرنتينا وهو الان رهن المعالجه في المستشفي المذكور لحوم الاسبوع تسلمت جمعيه وشركه القصابين بيانا كميه هذا الاسبوع من المواشي وهي تماثل كليه الاسبوع المالي عام…
1944-06-17	falastin	ar	falastin19440617-01.1.3	kerentina	الكرنتينا	Jaffa	page		smallpox|typhus	y	…نقل الي مستشفي الكرنتينا بيافا يوم امس اربعه اشخاص يشتبه بان اثنين منهم مصابان بالجدري والاخرين بالتيفوس كلمه تقدير في طوافي الكثير داخل فلسطين وخارجها زرت عددا لا يستهان به …
1944-06-27	falastin	ar	falastin19440627-01.1.3	kerentina	الكرنتينا	Jaffa	page		typhus		…توفي في مستشفي الكرنتينا بيافا شخص مصري اسمه خلف سليمان متولي عمره ۲۷ سنه و كان قد اصيب بمرض التيفوس الذي لم يمهله الا بضعه ايام رغم عنايه المستشفي به رحمه الله…
1944-07-15	falastin	ar	falastin19440715-01.1.3	quarantine_station	محجر عتليت		window				…رتس از ۸۹ مهاجرا يهوديا وصلوا امس من شمال افريقيا الي حيفا بقطار مصر وفي مساء اليوم نفسه وصل ١٢٥ مهاجرا يهوديا من بلاد اليمن واطلق سراح ١٥٠ مهاجرا من محجر عتليت وكان يوم امس موعد وصول ۸۰۰ مهاجر يرودي عن طريق تركيا…
1944-08-01	falastin	ar	falastin19440801-01.1.3	infectious_hospital	مستشفي الامراض الساريه		page		plague		…لكرام باخلص تعازيها اصابتان بالطاعون روت الصحف اليهوديه ان الادون يوسف فريد من مدير بنكها شارون في رامات غان اصيب بالطاعون يوم الجمعه الماضي ونقل الي مستشفي الامراض الساريه في بني براك ويوم امس مات وظهر ان حوالي منزله تعشش جرذان مصابه بالطاعون وقد اسرعت دايره الصحه الي تطعيم الجيران وهدم الخشابيات الموجوده في ذلك المكان …
1944-08-01	falastin	ar	falastin19440801-01.1.3	infectious_hospital	مستشفي الامراض الساريه		page		plague		…شش جرذان مصابه بالطاعون وقد اسرعت دايره الصحه الي تطعيم الجيران وهدم الخشابيات الموجوده في ذلك المكان . ونقل مصاب اخر بالطاعون من شارع الملك قورش الي مستشفي الامراض الساريه المذكوره…
1944-08-26	falastin	ar	falastin19440826-01.1.3	kerentina	الكرنتينا		page				…صباح امس صوت ثلاثه انفجارات. وعلي الاثر اندلعت النار في البيت الذي صدرت عنه تلك الانفجارات وهو يقع في محله الجباليه شرقي مستشفي الكرنتينا. وقد هرع اليه ضابط ورجال ببوليس العجمي ورجال اطفاييه يافا واخمدوا النار قبل…
1944-09-15	falastin	ar	falastin19440915-01.1.2	kerentina	الكرنتينا		other:Jerusalem	Jerusalem			…الجنيه الاسترليني ٢) يستوفي ايضا من شركات البواخر مبلغ ٥٣ ريالا اي سته جنيهات وسته عشر شلنا او تسمين ربيه وعشر انات عن الحجاج القادمين بحرا مقابل رسم الكرنتينا والسمبوكيه (الفلوكه) وتستوفي شركات البواخر هذا المبلغ ضمن تذكره السفر (الناولون) (۳) حذف من التعريفه الرسم المقرر لراكبي السيارات الصغيره لعدم التمكن…
1944-09-22	falastin	ar	falastin19440922-01.1.4	quarantine_station	الحجر الصحي		window		plague|smallpox|typhus		…يه وقعت في حيفا خلال الاسبوع الماضي ٣ اصابات بالطاعون واصابه بالتيفوس وفي القدس اصابه بالجدري واخري بالالتهاب السمايي وفي يافا اصابه بالتيفوس وقد كان الحجر الصحي بشان…
1944-09-24	falastin	ar	falastin19440924-01.1.2	kerentina	الكرنتينا		dateline	Haifa			…ه وعلي الجمهور ان لا يطرح الاوساخ بل يضعها في اوعيه مغطاه لا يصلها الجرذ واشعار البلديه بوجود الجرذان الحيه بواسطه تلفون ٤٥٣١ والشعبه (٩) او مكتب رقم الكرنتينا تلفون رقم ٣٥٢٢ عند وجود ا جرذان ميته علي ان لا عمس هذه الجرذان م مطلقا…
1944-09-26	falastin	ar	falastin19440926-01.1.3	kerentina	كرنتينا		other:Jerusalem	Jerusalem			…ان يكون ذلك الموسم مفيدا وواسع الاعمال ولا يزال هذا الموضوع تحت الدرس ه شكوي اللحامين جاءنا من شركه بيع اللحوم العربيه مايلي : في الايام الاخيره اخذت كرنتينا المواشي في الله التابعه لدايره المءن بالواء في تسليم المحامين العرب مخصصاتهم من الحوم المواشي الهزيله للغايه في حين انها المجاورين ليافا مقطوعيتهم تس…
1944-10-04	falastin	ar	falastin19441004-01.1.3	kerentina	الكرنتينا		page				… الخاصه بالرسوم التامين والسفر برا وبحرا و في السيارات | و الجمال واجورها في جميع الدرجات نسردها فيما يلي : عن جواز السفر في جميع الدرجات ٢٦ ملا ورسم الكرنتينا والتطعيم في جميع الدرجات ٣٠٠مل ورسم التامين شره جنيهات في جميع الدرجات ايضا الكرنتينا الخاصه الاخري ٣٠٠ رسم ل في الدرجتين الاولي والثانيه وفي لدرجه ا…
1944-10-04	falastin	ar	falastin19441004-01.1.3	kerentina	الكرنتينا		page				…جات نسردها فيما يلي : عن جواز السفر في جميع الدرجات ٢٦ ملا ورسم الكرنتينا والتطعيم في جميع الدرجات ٣٠٠مل ورسم التامين شره جنيهات في جميع الدرجات ايضا الكرنتينا الخاصه الاخري ٣٠٠ رسم ل في الدرجتين الاولي والثانيه وفي لدرجه الثالثه ١٢٠ ملا ان يافا الي السويس ذهابا وايابا فهي واما اجور السفر بسكه الحديد ٨ جنيها…
1944-10-04	falastin	ar	falastin19441004-01.1.3	quarantine_station	الحجر الصحي		page		plague		… الحليل ، شارع يافا والبلده القدمه الطاعون في ناثانيا وقعت اصابه خامسه بالطاعون في انا ثانيا و نقل المصاب الي مستشفي الحكومه اللامراض الساريه وقد ضرب الحجر الصحي علي الحي الذي يقيم فيه الخمسه الذين اصيبو او كلهم من عايله يهوديه واحده امیرکی غرق جندي اميركي غرق في نهر العوجا مساء اول امس في شمال تل ابيب جندي ام…
1944-12-01	falastin	ar	falastin19441201-01.1.3	quarantine_station	الحجر الصحي		other:Jerusalem	Jerusalem			…حج نظافه تامه من كل مرض سار او وباء او مشبوه وذلك بتقرير الهييه الطبيه التي شهدت حج هذا العام لمراقبه صحه الحجاج العايدين غادرت الاسكندريه بعثه مصلحه الحجر الصحي قاصده الي محجر الطور لمراقبه صحه الحجاج العايدين والقيام باعمال التطهير و الحجر الاطباء من وهي مءلفه من حوالي ثلاثمايه والموظفين والممرضين والممرضات …
1944-12-01	falastin	ar	falastin19441201-01.1.3	quarantine_station	محجر الطور		other:Jerusalem	Jerusalem			…ض سار او وباء او مشبوه وذلك بتقرير الهييه الطبيه التي شهدت حج هذا العام لمراقبه صحه الحجاج العايدين غادرت الاسكندريه بعثه مصلحه الحجر الصحي قاصده الي محجر الطور لمراقبه صحه الحجاج العايدين والقيام باعمال التطهير و الحجر الاطباء من وهي مءلفه من حوالي ثلاثمايه والموظفين والممرضين والممرضات وعمال التطهير والحراس…
1944-12-26	falastin	ar	falastin19441226-01.1.3	quarantine_station	محجر الطور		page				…اصل الغربيون الدول الشرقيه دار الحكومه وكبار رجالها و تركوا بطاقات التهنيه بالعيد وصول حجاج الي الطور وصلت برقيات من حجاج يافا تفيد وصولهم سالمين الي محجر الطور وانهم سيكونون في يافا يوم الثلاثاء او الاربعاء .. مشروع انشاء كليه يافا رفعت اللجنه الفرعيه للبلديه المءلفه لدراسه موضوع انشاء الكليه العاليه في يافا…
1945-01-06	falastin	ar	falastin19450106-01.1.3	quarantine_station	محجر الطور		page				…وصل الي دايره الصحه العامه نبا يفيد ان ٢٤٠ حاجا فلسطينيا و ۹۱۲ سوریا و ٦٢ لبنانيا و ۷۳ اردنيا قد غادروا محجر الطور يوم امس في طريقهم الي بلدانهم و كان قد قادره يوم اول الجاري عدد من الحجاج بينهم ۲۸ من فلسطين، وفوج اخر يوم ۲۹ . الماضي بينهم ۲۰۳ حجاج من فلسطين ايضا …
1945-02-11	falastin	ar	falastin19450211-01.1.3	infectious_hospital	مستشفي الامراض الساريه		page		plague		…امن العام في منطقه المدينه ومطارده المشبوهين واقتلاع جذور الاجرام والشرور و يتمنون لهم النجاح الدايم في هذا السبيل القويم اشتباه باصابه طاعون نقل الي مستشفي الامراض الساريه شخص يشتبه بانه مصاب بالطاعون وكان في للتاكد من حقيقه اصابته. وقد اتخذت سوق الخضار بيافا وهو الان تحت الفحص الطبي التدابير الصحيه في المكان الذي وجد ف…
1945-02-15	falastin	ar	falastin19450215-01.1.3	infectious_hospital	مستشفي الامراض الساريه		paragraph		plague		…الاماكن المقدسه والاثريه ثم تسافر الي مصر اصابه بالطاعون في يافا ظهرت اصابه جديده بمرض الطاعون وقد نقل المصاب وهو من سكان العجمي خلف مركز البوليس الي مستشفي الامراض الساريه في بني براك وثبتت اصابته وهو الان رهن المعالجه…
1945-02-16	falastin	ar	falastin19450216-01.1.3	infectious_hospital	مستشفي الامراض الساريه		other:Jerusalem	Jerusalem			…عار الذهب في يافا لا تزال اسعار الذهب تتوالي في الارتفاع وقد يبعت الليره امس : ٤٨٩ قرشا والسبيكه . ب ٣٥ جنيها و ٦٠٠ قرشا الاشتباه باصابه عامل نقل الي مستشفي الامراض الساريه في بني براك احد عمال محدده واكثر ) ستيلو عوض ) وهو السيد سليم عبد منه بعد ان اشتبه بانه مصاب باحد الامراض الساريه وقد عزلته دايره الصحه هناك لكي تتاك…
1945-03-09	falastin	ar	falastin19450309-01.1.3	infectious_hospital	مستشفي الامراض الساريه		page		plague		…يشتبه بانه مصاب بالطاعون في ملبس فاهتمت بالامر وقامت بنقله الي مستشفي الامراض الساريه لفحصه كما قامت بالاحتياطات اللازمه في مكان اصابته للحيلوله دون انتشار العدوي. وهي جاده في مكافحه الجرذان في كل مكان وصول مهاجرين من ...اليمن ! وصل ام…
1945-04-07	falastin	ar	falastin19450407-01.1.3	infectious_hospital	مستشفي الامراض الساريه		other:Cairo	Cairo	plague		…لازهر و الوزراء وممثلو البلدان العربيه ومفتي الديار المصريه اصابه جديده بالطاعون اصيب السيد محمد مصطفي اسعد من يافا وعمره ٢٨ سنه بالطاعون وقد نقل الي مستشفي الامراض الساريه في « بني براك ) و ثبتت اصابته بهذا المرض شفاه الله والمصاب سايق سياره كان يعمل في نقل الخضار بين يافا و خانيونس رسم الفيزا لسوريا ولبنان علمنا انه تق…
1945-04-19	falastin	ar	falastin19450419-01.1.4	quarantine_station	الحجر الصحي		paragraph		plague|smallpox		…ف والصناعات وقد تضمن التعديل نصا علي اخراج ايه حرفه معينه من جدول الحرف والصناعات التي ينطبق عليها القانون وجعلها من اختصاص البلديات بشان الطاعون كان الحجر الصحي - مضروبا في الاسبوع الماضي علي الوافدين من مصر و المغرب والعراق وبشان الكوليزا علي الوافدين من الهند جوا وبشان الجدري علي الوافدين من سوريا وتركيا وا…
1945-04-29	falastin	ar	falastin19450429-01.1.3	infectious_hospital	مستشفي الامراض الساريه	Jaffa	page		typhus		…لنوادي العربيه في فلسطين ويحتمل ان لا يختم المءتمر جلساته في يوم . واحد اصابه شخص بالتيفوس اصيب اسماعيل ابراهيم ظريفه في قريه عبسان بالتيفوس ونقل الي مستشفي الامراض الساريه في يافا…
1945-08-21	falastin	ar	falastin19450821-01.1.3	kerentina	الكرنتينا		page		typhus	y	…ادخل الي مستشفي الكرنتينا للامراض الساريه بيانا شخصين مصابين بمرض التيفوس وما صالحه عبد الله حسن من محله العجمي و عمرها ٣٥ سنه و محمد احمد الغضبان من شارع…
1945-09-02	falastin	ar	falastin19450902-01.1.3	infectious_hospital	مستشفي الامراض الساريه		page		plague		…اشتباه بالطاعون لم يتحقق ! كانت دايره الحصه بيافا قد اشتبهت بان ! السيد صبحي سامي جابي البلديه مصاب بمرض الطاعون ونقلته منذ بضعه ايام الي مستشفي الامراض الساريه للتحقيق عن اصابته وقد خرج امس من المستشفي المذكور بعد ان لم يتحقق اصابته…
1945-11-04	falastin	ar	falastin19451104-01.1.3	kerentina	الكرنتينا		page		plague	y	…اك تشاوروا في الاجراءات الصحيه التي يجب اتخاذها للحد من انتشار هذا المرض الوبيل والحيلوله دون وقوع اصابات جديده .. ووفاه مصاب بالطاعون توفي في مستشفي الكرنتينا امس الاول واعول شخص يدعي عوض فضل غنيم وهو عامل تنظيفات في بلديه بافا وعمره ٣٥ سنه وكان قد ظهرت عليه اعراض مرض معد هو فنقل الي المستشفي المذكور للمعال…
1945-11-09	falastin	ar	falastin19451109-01.1.3	infectious_hospital	مستشفي الامراض الساريه		other:Jerusalem	Jerusalem	plague	y	…يافا جلسه مساء امس الاول بحثت فيها عده شءون تتعلق باعمالها ومشاريعها للدرجه في ميزانيتها الحاليه واتخذت مقررات مناسبه. وفاه مصاب بالطاعون توفي امس في مستشفي الامراض الساريه في بني براك احد مصابي الطاعون واسمه حسن سعيد المصري من مجله ارشيد بيافا وهو يبلغ من العمر ٥٧ سنه وكان قد نقل للمستشفي المذكور للمعالجه رحمه الله ، ون…
1945-12-18	falastin	ar	falastin19451218-01.1.3	quarantine_station	محجر الطور		page				…عطف ابن السعود علي فلسطين الطور في ١٧ - و . ا . ع غادر محجر الطور الفوج الثاني عشر من الحجاج وعددهم ١٣٢٥ من غير المصريين. وكان بينهم فضيله الشيخ محمد نمر الخطيب رييس بعثه جمعيه الاعتصام العربيه في فلسطين ، فتحدث الي…
1945-12-27	falastin	ar	falastin19451227-01.1.4	quarantine_station	الحجر الصحي		page		cholera|plague|smallpox		…كان الحجر الصحي بشان الطاعون مفروضا في الاسبوع الماضي علي القادمين من مضر و مالطه وايطاليا والجزاير و بشان الكوليرا و بشان الجدري علي القادمين من الهند عدل قانون الش…
1946-01-19	falastin	ar	falastin19460119-01.1.3	infectious_hospital	مستشفي الامراض الساريه		page		plague		…اصابه جديده بالطاعون نقلت الي مستشفي الامراض الساريه في بني براك للدعوه زها با بدانس احدي ساكنات شارع يافا تل ابيب لاصابتها بعرض الطاعون وهي تبلغ من العمر ٣٨ سنه ، وقد اتخذت دايره الصحه جميع الاجراءات ا…
1946-01-26	falastin	ar	falastin19460126-01.1.3	infectious_hospital	مستشفي الامراض الساريه		page				…ي حنين وواحد في التسميه . ونظرا لان المصابين بهذه الحمي قد كثر عددهم كثيرا اذ تجاوز علي المايه امتلاء مستشفي الحكومه بهم فقد ادخال الاصابين الجدد الي مستشفي الامراض الساريه في بني براك المعالجه…
1946-02-08	falastin	ar	falastin19460208-01.1.4	quarantine_station	الحجر الصحي		window		cholera|plague|smallpox|typhus		…واحده بالطاعون في حيفا وكان الحجر الصحي بشان الطاعون . غروبا في الاسبوع الماضي علي القادمين من مصر وايطاليا والجزاير والهند و بشان الكوليرا والجدري علي القادمين من الهند ويشات التيفوس علي ا…
1946-02-23	falastin	ar	falastin19460223-01.1.3	infectious_hospital	مستشفي الامراض الساريه		paragraph		plague		… قريه وخصص مبلغ ٧٥ جنهيا جوايز للاشخاص او القري الفايزه اصابه بالطاعون في يافا اكتشفت يوم امس الاول اصابه طاعون جديده في حي النزهه وقد نقل المصاب الي مستشفي الامراض الساريه في بني براك للمعالجه واتخذت الاحتياطات والاجراءات الصحيه في ) مكان حدوث الاصابه ضريبه الحرف والصناعات ف ۲۲ شباط - لمراسل فلسطين | خانيونس الخاص - قاب…
1946-02-23	falastin	ar	falastin19460223-01.1.3	kerentina	الكرنتينا		window				…ر الخليل محاضره عن رساله الشباب) وسيقدم الخطيبين السيد طلعت السيقي وذلك الساعه السادسه والنصف من مساء اليوم السبت احمد ديب ضمره يحكي عموم رجال مستشفي الكرنتينا و علي راسهم الدكتور سامي بشاره والدكتور صلاح وجميع الممرضات علي ضه عنايتهم به اثناء زفاف شاب ادیب حيفا - محتفل الساعه ٣,٣٠ بعد ظهر اليوم (السبت) في ك…
1946-03-14	falastin	ar	falastin19460314-01.1.4	quarantine_station	الحجر الصحي		page		plague		…الحجر الصحي كان الحجر الصحي بشان الطاعون مفروضا…
1946-03-14	falastin	ar	falastin19460314-01.1.4	quarantine_station	الحجر الصحي		page		plague		…الحجر الصحي كان الحجر الصحي بشان الطاعون مفروضا…
1946-04-07	falastin	ar	falastin19460407-01.1.1	quarantine_station	الحجر الصحي	الطور	other:Cairo	Cairo			…وقايه الحجاج ويوفر عليهم متاعب الحجر الصحي في الطور فوافق المجلس عليه ثم بحث مساله تاليف الشركه التي ستتولي العمل لانقاذ اراض فلسطين مطالب ليبيا ودارت بعد ذلك مباحثات مساله طرابلس واتخذت قرارا…
1946-08-03	falastin	ar	falastin19460803-01.1.3	kerentina	الكرنتينا		page				…معتقلين من مستشفي الكرنتينا واعاده احدهم ثلاثه ب یهود هرب…
1946-08-03	falastin	ar	falastin19460803-01.1.3	kerentina	الكرنتينا		page			y	…الذين لهم اسبقيات متعدده في فلسطين بينهم اثنان من البولونيين ومثلهما من اليهود كان البوليس قد قبض عليهم مءخرا ووضعوا في السجن ولكنهم نقلوا الي مستشفي الكرنتينا بالعجمي للمعالجه وكان علي حراستهم اربعه من رجال البوليس وحدث عندما كانوا يتناولون طعام الافطار ان شرع احد المجرمين الاربعه بني بينما كان رفاقه يعملون…
1946-08-06	falastin	ar	falastin19460806-01.1.2	kerentina	الكرنتينا	Jaffa	page				…قبض علي لص ثان من الثلاثه اليهود الخطير من الذين هربوا منذ بضعه ايام من سجن مستشفي الكرنتينا بيافا ، والمقبوض عليه هو اخطر الجميع ويدعي روفاييل وقد عثر عليه بوليس المدينه في تل ابيب واعاده الي مركز بوليس العجمي ثم الي السجن ، وقد تبين من التح…
1946-09-11	falastin	ar	falastin19460911-01.1.2	quarantine_station	للحجر الصحي		other:Gaza	Gaza			…ين وستين مليها وكان ما يدفعه السفر علي ظهر الجمل اثنين وخمسين جنيها مصريا و ماثنين وخمسين مليما فاصبح يدفع اثنين واربعين جنيها ، وكانت الرسوم المقرره للحجر الصحي سنه جنيهات وستمايه وخمسه وعشرين مليها فاصبحت لا تتجاوز اربعه جنيهات وثمانمايه وخمسه وسبعين عليها ، وتقرر تذليل السفر للحجاج بتوفير سيارات جديده لهم و…
1946-10-02	falastin	ar	falastin19461002-01.1.2	infectious_hospital	بمستشفي الامراض الساريه		page				…وذلك خلال ثلاثه ايام والا يكون عرضه الغرامه والسجن ..! المرضي العرب والممرضات اليهود ا نظرا لسوء معامله المرضات اليهوديات «س» للمرضي العرب في قسم ( ) بمستشفي الامراض الساريه (الكرنتينا بيانا فقد اضرب ولاء المرضي عن الطعام محتجين علي سوله للعامله هذه وقد تمكن الدكتور حسن شكري الخالدي من اقناع المرضي بعدم الاستمرار في اضراب…
1946-10-02	falastin	ar	falastin19461002-01.1.2	kerentina	الكرنتينا		page				… يكون عرضه الغرامه والسجن ..! المرضي العرب والممرضات اليهود ا نظرا لسوء معامله المرضات اليهوديات «س» للمرضي العرب في قسم ( ) بمستشفي الامراض الساريه (الكرنتينا بيانا فقد اضرب ولاء المرضي عن الطعام محتجين علي سوله للعامله هذه وقد تمكن الدكتور حسن شكري الخالدي من اقناع المرضي بعدم الاستمرار في اضرابهم حرم رصا …
1946-11-01	falastin	ar	falastin19461101-01.1.2	kerentina	الكرنتينا	Jaffa	page				…لتحقيق القضايي امس امام قاضي التحقيق بيافا في قضيه اليهود بين استافلاك كاتشوك وروفاييل سورباي من تل ابيب المذين فرا مع اخرين من غرفه للمرضي في مستشفي الكرنتينا بيافا مساء ١-٨-٤٦ بعد ان كرا قتل تلك الغرفه التي تعتبر كجن في المستشفي وارتكباجرء الفرار بينما كانا مسجونين لمحاكتبها بجنايه اخري وقد قرر قاضي التحقي…
1946-12-25	falastin	ar	falastin19461225-01.1.3	quarantine_station	المحجر الصحي		window				…ير الجمعيه مءاد عويس : حيفا -ص ب ٥١٧ شكر الموظفين جاليه العراق يمر اليه- نحو ناجد ان تعترف بما لاقيناد الثناء وجودنا بحيفا في دهابنا ورجوعنا من موظفي المحجر الصحي الله في حيف وخصوصا المفتش السيد داود افندي مله وعظيم الاهتمام بكل مكاري من حسنا ما فيدر احتدا و تو در اسباب التسهيل في امورنا و امام هذا لا يسعنا الا…
1947-02-11	falastin	ar	falastin19470211-01.1.2	kerentina	الكرنتينا	الطور	other:Jerusalem	Jerusalem			…راسل فلسطين القدس في ١٠ شباط. تدل الاحصاءات الرسميه علي ان الخاص عشرين حاجا من مجموع حجاج فلسطين هذا العام قد توفوا منهم واحد علي ظهر الباخره واخر في الكرنتينا بالطور وقد تخلف عن العوده الي البلاد ثلاثه حجاج اداره غرفه تجاره يافا تعقد هييه اداره غرفه تجاره فانا اجتماعا في بيت عضوها المنتدب السيد خالد حمو الس…
1947-04-30	falastin	ar	falastin19470430-01.1.3	kerentina	الكرنتينا		page				…معروض للبيع معروض للبيع دكان حلاقه مع جميع لوازمها المراجعه شانها احمد ابو الخير : شارع مع الكرنتينا - يافا…
1947-05-13	falastin	ar	falastin19470513-01.1.4	quarantine_station	محجر الطور		page				…تعديلات علي محجر الطور…
1947-06-24	falastin	ar	falastin19470624-01.1.2	kerentina	الكرنتينا		page				…٢٠- اب ٠٠١٥٤٧ اما تكاليف الحج الجاريه فهي كما يلي : ٧٥٠ ملا عن كراسه الحج و ٢٠٠ مل رسوم الكرنتينا بفلسطين و ١٠٠ مل رسم التطعيم و ۲۰ حبيبات رهينه (د) وستو) تشتمل رسم تاشيره المزور المفتريه، وتعتمد اجواز السفر بالقطار علي المحطه التي يبدا السفر منها…
1947-07-11	falastin	ar	falastin19470711-01.1.4	quarantine_station	المحجر الصحي		dateline	Haifa	plague		…خول الاراضي اللبنانيه الا بعد ابراز شهاده ضد الطاعون تعود الي ماقبل سته تطعيم ايام وزادت علي ذلك ان المسافر سيرد من حيث الي او يلفح في بيروت وبوضع في المحجر الصحي هناك لمده سته ايام القدس في ۱۰ تموز - لمراسل فلسطين الخاص - اكدت لنا قنصليه سوريا العامه وقنصليه لبنان العامه انها لن تمنح اي راغب في السفر الي القطر…
1947-07-11	falastin	ar	falastin19470711-01.1.4	kerentina	الكرنتينا		dateline	Haifa	plague	y	… السفر الي القطرين الشقيقين او المرور باراضيها التاشيره اللازمه مالم يقدم مع طلبه شهاده تثبت تطعيمه ضد الطاعون و كل شخص يخالف ذلك سيحجز علي الحدود في الكرنتينا ويطعم بالمصل الواقي وذكرت لنا قنصليه المملكه الاردنيه الهاشميه ان هذا الشرط يقتصر علي سكان المنطقه الشماليه فقط…
1947-07-11	falastin	ar	falastin19470711-01.1.4	quarantine_station	الحجر الصحي		other:Cairo	Cairo	plague		…ره في ١٠ تموز مراسل فلسطين - الخاص تتخذ الحكومه المصريه استعدادات كبيره لوقايه الفطر من انتشار وباء الطاعون الذي ظهر فجاه في مدينه حيفا فاخذت مصلحه . الحجر الصحي تراقب ركاب السفن القادمه منها في موانيء الاسكندريه وبور سعيد ودمياط والقنطره والاسماعيليه و تقضي هذه التحوطات المتخذه بفحص السفن والركاب و بتبخير منق…
1947-07-12	falastin	ar	falastin19470712-01.1.4	quarantine_station	الحجر الصحي		other:Cairo	Cairo			…تفريغ السفن القادمه من حيفا بالمواعين لمراسل فلسطين القاهره في 11 تموز الخاص - جتمعت لجنه اباده الجرذ في الاسكندريه صباح امس في اداره الحجر الصحي للبحث فيما ينبغي اجر ود لاباده الجرذ في المدينه وقد لوحظ في اثناء البحث في هذا الشان ان هناك سلطات متعدده في منطقه الميناء يجب ان تتصل لجنه مكافحه ال…
1947-07-15	falastin	ar	falastin19470715-01.1.2	kerentina	الكرنتينا	Jaffa	page			y	… كرابيد . مروي بعد ان استعمل معه الشده وطنه بسكين في رقبته بينما كان في بيت في محله البصه ثم تمكن من استرجاع مبلغ ١٤٧ جنيها وقد نقل المصاب الي مستشفي الكرنتينا بيافا للمعالجه كما قدم اما منا علي سعد محمد سليم سالم من السنطه «مصر» بتهمه السرقه من قبل الوكلاء حيث تسلم كيسي دقيق موحد من ياسين محمد ياسين لتسليمه…
1947-07-27	falastin	ar	falastin19470727-01.1.2	kerentina	كرنتينا		page				…يتطلبها الحساج في سفرد للحج في في من ―: الدرجات الثلاث وهي الدرجه الاولي بالتاكسي تتكلف ١٤٥ جنيها و ۷۱۲ ملا موزعه كما يلي تاشيره جواز السفر ٧٥٠ ملا ، كرنتينا و تطعيم ۳۰۰مل وتامين ۱۰ جنيهات و اجره السفر بالبحر ٥٩ جنيها و ١٦٢ ٠لا و اجره السفر من جده الي مكه وبالعكس ٥١ جنيها ونصف الجنيه و اجره السفر الي المدي…
1947-07-27	falastin	ar	falastin19470727-01.1.2	kerentina	وكرنتينا		page				…١ جنيها ونصف الجنيه و اجره السفر الي المدينه وبالعكس ٢٤ جنيها الدرجه الاولي بالباص تتكلف ١٢٦ جنيها و ۲۱۲ ملا منها ١١ جنيها و ٥٠ ملا تاشيره جوار السفر وكرنتينا وتطعيم و نامين . واجره السفر بالبحر ٥٩ جنيها و ١٦٢ هلا واجره السفر بالباص من جده الي مكه وبالعكس ٤٤ جنيها واجره السفر الي المدينه وبالعكس ١٢ جنيها . …
1947-07-27	falastin	ar	falastin19470727-01.1.2	kerentina	وكرنتينا		page				…جنيهات و ۷۱۲ ملا منها ١١ جنيها و ٥٠ ملا تاشيره جواز السفر وكرنتينا وتطعيم وتامين واجره السفر بحرا ٤٨ جنيها و ١٦٢ مسلا واجره السفر بين جده ومكه وبالعكس ٤١ جنيها و نصف الجنيه واجره السفر الي المدينه وبالعكس ٨ جنيهات…
1947-07-27	falastin	ar	falastin19470727-01.1.2	kerentina	وكرنتينا		paragraph				…وقيمه نفقات الدرجه الثالثه باللوري هي ٨٦ جنبيها و ۳۱۲ ملا منها ١١ جنيها و .. ه لا تاشيره جواز السفر وكرنتينا وتطعيم وتامين اما اجره السفر بالبحر فهي ٢٨ جنيها و ٧٦٢ ملا واجره السفر من جده الي مكه وبالعكس ٤٠ جنيها ونصف الجنيه واجره السفر الي المدينه وبالعكس 6 …
1947-07-27	falastin	ar	falastin19470727-01.1.2	kerentina	وكرنتينا		paragraph				…السفر الي المدينه وبالعكس 6 جنيهات وقيمه نفقات السفر بالدرجه الثالثه علي الجمل هي ۸۳ جنيه ا و ۸۱۲ ملا منها ۱۱ جنيها و ٥٠ ملا تاشيره جواز السفر وتطعيم وكرنتينا وتامين ، وجره السفر بحرا هي ٢٨ جنيها و ٧٦٢ ملا واجره السفر من جده الي مكه وبالعكس علي الجمل ٣٩ جنيها ونصف الجنيه واجره السفر الي المدينه وبالعكس ٥ جن…
1947-08-21	falastin	ar	falastin19470821-01.1.2	infectious_hospital	مستشفي الامراض الساريه		page				…العلم بان تل ابيب لا يمين ولم يعين فيها طبيب عربي منذ بدء الانتداب حتي الان اذن لماذا تعين دايره الصحه طبيبا يهوديا في مستشفي الامراض الساريه الموجود في يافا والذي يضم مرضي عربا ميه بالميه والمفروض فيه ان يختص بمرضي يافا ولواء السماد العرب كما ان مستشفي الامراض | الساريه في بني براك مقابل ذ…
1947-08-30	falastin	ar	falastin19470830-01.1.2	quarantine_station	الحجر الصحي		other:Cairo	Cairo			…تلقت مصلحه الحجر الصحي خطابا الخاص من حكومه فلسطين يفيد ان الفا وخمسمايه حاج فلسطيني سيسافرون بحرا من حيفا الي جده مباشره لا من طريق القنطره البري كما كانت الحال في السنوات…
1947-08-31	falastin	ar	falastin19470831-01.1.4	kerentina	والكرنتينا		other:Jerusalem	Jerusalem			…هم المسافرين الي بريطانيا او العايدين منها الي فلسطين عن طريق مصر ، تعلن فيه ان الحكومه اتفقت مع شركه كوك علي ان تقوم الشركه يدفع كافه مصاريف المثاله والكرنتينا و الانتقال الي…
1947-09-26	falastin	ar	falastin19470926-01.1.2	kerentina	الكرنتينا		page				…حاضرين بموسيقاها العذبه جوفه باسكال قمر الشهيره اعلان هام يشري لاصحاب البيارات ومزارعي الفواكه والخضار بيافا وقضاها تمامكم نا تناقد باشرنا في بيع زيل الكرنتينا الموجود في بضه الشماس و نيتر المراجعه في مكتبنا الكاين بشارع الدرهلي بيانا تلفون ۱۳۲۰ حسين الشرقاوي كليه الرابطه الوطنيه فلسطين الصه - - ابتدايی بستا…
1947-09-27	falastin	ar	falastin19470927-01.1.2	kerentina	الكرنتينا		page				…ل فلسطين وشرق لاردن ٢٦٥٥ تلفون القدس ) ۸۰ ص.ب اعلان هام بشري لاصحاب البيارات ومزار عي الفواكه والخضار بيانا وقضاها تعلمكم باننا قد باشر نا في بيع ذيل الكرنتينا الموجود في بصمه الشماس و نيتر المراجعه في مكتبنا الكاين بشارع الدرهلي بيانا تلفون ۱۳۲۰ حسين الشرقاوي…
1947-09-28	falastin	ar	falastin19470928-01.1.1	quarantine_station	الحجر الصحي		other:Jerusalem	Jerusalem	cholera		…بط في مط الله / ا تعليمات مشدده القدس في ٢٧ ايلول- لمراسل فلسطين الخاص صدرت تعليمات مشدده في جميع مراكز الصحه في البلاد السهر علي مساله تنفيذ اجراءات الحجر الصحي علي الاشخاص القادمين من مصر بالجو والبر والبحر خلال المده المحدده من قدومهم الي البلاد وذلك بسبب انتشار وباء الكوليرا في القطر الشقيق . و المفهوم اند…
1947-09-30	falastin	ar	falastin19470930-01.1.2	kerentina	الكرنتينا		paragraph				…ن افتتاح السنه الدراسيه سيءجل الي وقت غير محدود اعلان هام بشري لاصحاب البيارات ومزارعي الفواكه والخضار بيافا وقضاها تيامكم باننا قد باشرنا في بيع زيل الكرنتينا الموجود في بصه الشماس نيتر المراجعه في مكتبنا الكاين بعماره الدرهلي الجديده شارع الدرهلي نيافا تلفون ۱۳۲۰ حسين الشرقاوي اعلان سيجري البيع بالمزاد الع…
1947-10-04	falastin	ar	falastin19471004-01.1.2	kerentina	للكرنتينا		page		cholera		…بذل طبيب الصحه الدكتور عبد - الخاص الرحم بدر جهود مشكوره لاخذ الاحتياطات الضروريه الموقايه من مرض الكوليرا الفتاك وقد انشا ثلاثه مراكز للكرنتينا ، واحدا في مدينه بير السبع بجوار دايره الحمرك واخر في عوجا حفير وناثا في مركز بوليس العماره مزودين عمرضين مع الامصال الكافيه لقطع السكان في تلك المنا…
1947-10-05	falastin	ar	falastin19471005-01.1.4	quarantine_station	الحجر الصحي		page				…لا يحدث البكتر بولوجيه التايم لوزاره الصحه السلطات البريطانيه بابها عملت اتخذ اجراءات الحجر الصحي الدوليه مع القوات البريطانيه ، لتي كانت تصل في مصر ، واكد ان السلطات البريطانيه و قد رفضت طلبنا بهبوط الجنود البريطانيين الذين يصلون الي مصر بطريق دا…
1947-10-05	falastin	ar	falastin19471005-01.1.4	quarantine_station	بالحجر الصحي		page				…ه ، لتي كانت تصل في مصر ، واكد ان السلطات البريطانيه و قد رفضت طلبنا بهبوط الجنود البريطانيين الذين يصلون الي مصر بطريق دامري لجو في المطارات المجهزه بالحجر الصحي با ولم يستجيبوا لنداينا الا مءخرا و بعد حلول الكارثه )…
1947-10-05	falastin	ar	falastin19471005-01.1.4	quarantine_station	الحجر الصحي		page		cholera		…الامريكيه وضعت تحت الحجر الصحي امس الجمعه لمده خمسه يام ثني عشر راكبا قادما بطريق الجو من مطار اللد بفلسطين حين وصولهم الي مطار لاجارديا لانهم لا يحملون شهادات تطعيم ضد الكوليرا وك…
1947-10-05	falastin	ar	falastin19471005-01.1.4	quarantine_station	المحجر الصحي		page		cholera	y	…ه من الاجانب وقد نقل الاجانب العشره الي جزيره اليس و الامريكيان الي المستشفي البحري في جزيره ستاتن في طريق الافلات وقال الدكتور روي بودت المدير الطبي المحجر الصحي الامريكي في نيويورك انه ابلغ من واشنطن بان زمام السيطره علي وباء الكوليرا في الشرق الاوسط في طريق الافلات وستفرض قيود صحيه موحده في امريكا علي جميع ا…
1947-10-05	falastin	ar	falastin19471005-01.1.4	quarantine_station	الحجر الصحي		page				…1 الاشخاص الذين يصلون الي اي مطار امريكي من الهند ومصر وفلسطين والمملكه السعوديه وجميع موانيء البحر الاحمر ويوضعون تحت الحجر الصحي مده خمسه ايام شكر بريطانيا واذاع ناطق بلسان وزاره الخارجيه البريطانيه اليوم في سعاده عبد الفتاح عمرو باشا الغير المصري في لندن ارسل الي وزير الخارجيه…
1947-10-07	falastin	ar	falastin19471007-01.1.2	kerentina	الكرنتينا		page		cholera		…د دايره الصحه من هذه الامصال بحيث تكفي انطعيم جميع السكان وقد وصل الي بير السبع الدكتور جريس منصور للمساهمه في اعمال مكافحه الكوليرا و يشرف علي مراكز الكرنتينا التي انشيت هذه الغايه في قضاء بير السبع .…
1947-10-07	falastin	ar	falastin19471007-01.1.2	quarantine_station	الحجر الصحي		dateline	Haifa			…سبوع الماضي قضيه سبعه اشخاص كانوا قد وصلوا الي حيفا من مصر بطريق البحر ولم يتصلوا عقب وصولهم الي حيفا بدايره الصحه كما هو مطلوب منهم موجب انظمه قانون الحجر الصحي وقد قضت المحكمه بتغر عهم مبالغ لا تجاوز الواحده منها ١٥ جنيها…
1947-10-07	falastin	ar	falastin19471007-01.1.2	quarantine_station	المحجر الصحي		page				…الثات يوما في جده بعد مغادرتهم المحجر الصحي في ابو سعد وقد سافروا يوم السبت الي المدينه المنوره ومكه المكرمه في السيارت الصغيره والكبيره اما افراد الفوج الاول فاخذوا يعودون من المدينه في طريقهم…
1947-10-08	falastin	ar	falastin19471008-01.1.2	kerentina	الكرنتينا		page		cholera		…التطعيم ضد وباء الكوليرا قامت دايره الكرنتينا في ميناء يافا امس بتطعيم جميع الموظفين في الميناء والجمرك والبحاره والعتاله والعمال والمراجعين ضد وباء الكوليرا لوقايتهم ولمنع تسرب الكوليرا عن طريق …
1947-10-08	falastin	ar	falastin19471008-01.1.2	quarantine_station	الحجر الصحي		page				…سلامتها من مرض المكو ايرا والماده الثالثه من قانون الحجر الصحي تنص علي وجوب مراجعه الشخص القادم من منطقه موبوءه ، لدايره الصحه خلال ٢٤ ساعه من وصوله الي البلاد ثم في اليومين…
1947-10-21	falastin	ar	falastin19471021-01.1.2	quarantine_station	الحجر الصحي		page				…د خشبه باشا امير الحج المصري يحمل كتابا كر ا من جلاله ذلك فاروق الي جلاله المنك عبد العزيز الي السعود وستءدي لمعاليه للمراسيم المالوفه بعد انقضاء مده الحجر الصحي التي فرضت علي جميع القادمين من مصر الاصوات الممتنعه والتقسيم !…
1947-10-23	falastin	ar	falastin19471023-01.1.2	quarantine_station	الحجر الصحي		page		cholera		…لمكافحه الكوليرا في الجنوب بير السبع في ٢٢ ت ا - لمراسل فلسطين الخاص - قدم المدينه الدكتور عبد المجيد ابو حجله ليقوم بالاشراف علي مراكز الحجر الصحي التي انشيت لمكافحه الكولير الي القضاء و خفا للدكتور جريس منصور الذي نهي مدته وهي اسبوعان وستتابع دايره الصحه العامه ارسال الاطباء للمساهمه في هذه الغ…
1947-10-30	falastin	ar	falastin19471030-01.1.2	quarantine_station	الحجر الصحي		page		cholera		… من الي قبرص من مصر ان ينقحوا ضد الكوليرا قبل بدء رحلتهم ما الدين يصلون في قبرص من مصر ولا يستطيعون تقدم برهان علي انهم لقحوا ضد الكواير فسيوضعون تحت الحجر الصحي مده خمسه ايام بعد وصولهم التطعيم ضد الكوليرا القدس في ٢٩ ت ا - لمراسل فلسطين الخاص كانت كميه مفاصل لو في من الكولير قد نقد لدي دايره الصحه المركزيه ،…
1947-10-30	falastin	ar	falastin19471030-01.1.4	quarantine_station	الحجر الصحي		page		cholera		…وك اجراءات لمكافحه الكونيرا - بقيه اصابه مشتبه في الاسكندريه حيث كان يظي ان وطاه للمرض فيها اخف من غيرها في الاماكن المصابه ادلي الدكتور ندا مدير فرع الحجر الصحي في مصلحه الطيران المدني يحديث الي جريده « الحور نال ديجبت ) قال فيه ان وناء الكوليرا سيختفي في عشرين او ثلاثين يوما علي الاكثر وتقول رساله وردت من في…
1947-10-31	falastin	ar	falastin19471031-01.1.2	quarantine_station	المحجر الصحي		page		cholera		…يي ضروري الاحتياط ضد الكوليرا بلبنان بيرون في ٣٠ ت ا - لمرسل مسطين - الخاص كانت قد وصلت الي مطار بيروت طايره من مطار اللد تقل نعمانيه اشخاص رسلوا الي المحجر الصحي و اجريت للطايره عمليه التطهير ، وقد صدرت الدواير للسءوله تعليمات مشدده الي عمال المطار والشركات الجويه بضروره مراقبه الطايرات القادمه من مصر ، وخابرت…
1947-10-31	falastin	ar	falastin19471031-01.1.2	kerentina	الكرنتينا		window		cholera		… الخاص - زار حيفا في هذين اليومين المستر ليفنر مدير الصحه العام في القدس ونايبه وتفقدا مستشفي الحكومه وزارا هم الدكتور اتيم مدير مستشفي الحكومه دايره الكرنتينا وتفقد ا حركه تطعيم القادمين من مصر بالمصل الواقي من الكوليرا وعلمنا ان كل قادم من مصر يجب ان يبقي في الكرنتينه مده اربع وعشرين ساعه حيث يجري فحصه و ب…
1947-10-31	falastin	ar	falastin19471031-01.1.2	kerentina	الكرنتينه		paragraph		cholera		…الدكتور اتيم مدير مستشفي الحكومه دايره الكرنتينا وتفقد ا حركه تطعيم القادمين من مصر بالمصل الواقي من الكوليرا وعلمنا ان كل قادم من مصر يجب ان يبقي في الكرنتينه مده اربع وعشرين ساعه حيث يجري فحصه و بعدها يسمح له بالخروج من هناك وفهم انه لم يشتبه بايه اصابه بالكوليرا حتي الان ويجري في كل اسبوع تطعيم حوالي خمسه…
1947-10-31	falastin	ar	falastin19471031-01.1.2	kerentina	الكرنتينا		window				… الاهلين هنا . والامصال تعد في القدس وترسل تباعا الي حيفا ومعدل ما يصل منها في الاسبوع حوالي خمسه الاف انبوبه وسيجري التطعيم في دايره الصحه وفي دايره الكرنتينا ولدي بعض الاطباء الذين سيعينون من قبل الجمعيات الطبيه العربيه واليهوديه ويرجو الجمهور ان تسارع دواير الصحه بالتطعيم في كل جهه من فلسطين واتخاذ الاحتي…
1947-10-31	falastin	ar	falastin19471031-01.1.3	kerentina	الكرنتينا		paragraph				…اعلان هام بشري لاصحاب البيارات ومزارعي الفواكه والخضار بيانا وقضاها تعلمكم باننا قد باشرنا في بيع زيل الكرنتينا الموجود في حصه الشماس ونيتر المراجعه في مكتبنا الكاين بعماره الدرهلي الجديده بشارع الدرهلي بيانا حسين الشرقاوي تلفون ۱۳۲۰ . ينما ركس - القدس تقدم اعت…
1947-11-04	falastin	ar	falastin19471104-01.1.2	quarantine_station	الحجر الصحي		paragraph				…رنسيه وفريق من افراد الجاليه الفرنسيه و بعض طلاب للمعاهد قضت محكمه الصلح بتغريم شخصين - احدهما خمسه جنيهات والااخر ثلاثه جنيهات لعدم مراعاتهما قوانين الحجر الصحي ، فقد حضر ا من مصر دون ان يتقدموا لدايره الصحه كما وزعت السكرتيريه العامه علي رءساءالدواير جدولا بالاعياد الرحميه خلال العام المقبل ويتضمن الجدول ان …
1947-11-05	falastin	ar	falastin19471105-01.1.2	quarantine_station	الحجر الصحي		page				…الخاص. الثاني من الحجاج وهم من الفلسطينيين وعددهم • ٦٢٤ حاجا ولما كانت التقاليد تنم مرور الحجاج غير المصريين دول النزول الي المحجر الا اذا قررت مصلحه الحجر الصحي المصريه الي الحج نظيف في هذا العام ولما كان هذا لا يتسني الا بعد عينات جيم حجاج الفوج الاول وحيث ان هءلاء الحجاج قد وصلوا في اليوم ذاته الذي وصل فيه …
1947-11-05	falastin	ar	falastin19471105-01.1.2	kerentina	الكرنتينا	Haifa	window				…دتها دواير الصحه في البلاد ومن الاجراءات التي اتبعتها الدواير المذكوره نقل جميع المسافرين القادمين من القطر المصري القطار والبواخر والطيارات الي محجر الكرنتينا في حيفا وهو يبعد قليلا عن المدينه بطريق هكا و يقم علي شاطيء البحر وقد بلغ عدد المسافرين الدين دخله اهد للحجر منذ ظهور الوفاء في مصر ٨٣٤ شخص لم يكن بي…
1947-11-05	falastin	ar	falastin19471105-01.1.2	kerentina	الكرنتينا		paragraph				…| الطبيه وفي الدرجه الثالثه يدفع للمسافر ٢٧٠ ملا كل يوم ويقوم باداره المحجر للذكور (الكرنتينا) السيد عيسي متي يساعده نخبه من الموظفين والمرضين ( التمرجيه ) من نساء ورجال ويشرف علي اعمالهم جميعا الدكتور ابراهيم تيم مدير دايره الصحه بالوكاله في …
1947-11-05	falastin	ar	falastin19471105-01.1.2	kerentina	الكرنتينا		window				…نخبه من الموظفين والمرضين ( التمرجيه ) من نساء ورجال ويشرف علي اعمالهم جميعا الدكتور ابراهيم تيم مدير دايره الصحه بالوكاله في لواء حيفا و يخضع لانظمه الكرنتينا جميع طبقات من اكبر موظف ووجيه الي اصفر وظف وعامل ، ويقول السيد عيسي متي الناس مو ه ان الجميع يعاملون معامله واحده وتسري عليهم جميع القوانين و « ما عن…
1947-11-05	falastin	ar	falastin19471105-01.1.2	quarantine_station	المحجر الصحي		paragraph				…يد عيسي متي الناس مو ه ان الجميع يعاملون معامله واحده وتسري عليهم جميع القوانين و « ما عندوش دقن ممشطه ، والحقيقه ان العمل الذي يتولاه القايمون اداره المحجر الصحي عمل شاق يشكرون عليه ، وعسي ان تعني السلطات ه المسءوله بفتح ( كانتين ، يجد فيه النزلاء حاجتهم من الشبات والشاي والقهوه والسجاير لكي لا يشعروا كثيرا بح…
1947-11-05	falastin	ar	falastin19471105-01.1.2	kerentina	الكرنتينا		paragraph				…انتين ، يجد فيه النزلاء حاجتهم من الشبات والشاي والقهوه والسجاير لكي لا يشعروا كثيرا بحرمانهم من المشروبات ولا كل التي اعتادوا تناولها قبل و بزوهم في الكرنتينا ) .…
1947-11-07	falastin	ar	falastin19471107-01.1.2	quarantine_station	حجر صحي		window				…حكومه رش ماده (د.د.ت) في جميع القري الواقعه جنوي طريق القدس ياقا و الفحص البكتر بولوجي في حيفا للجميع المسافرين القادمين من مصر .. و اقامه عشره مراكز حجر صحي علي طول الحدود في منطقه رفح المنع هرب العمال المصريين لي فلسطين . وقال الدكتور كريكوريان انه يلقي القبض علي هءلاء هاربين عمدل ۲۰ او ٣٠ كل يوم. لكن هذ…
1947-11-20	falastin	ar	falastin19471120-01.1.2	quarantine_station	الحجر الصحي		window		plague		…نا يته في مبلغا لا يزيد عن ٢٥٠ ملا الابره الواحده. حيفا غير موبوءه بالطاعون القاهره في ١٩ - ٢ - لمر اصل فلسطين الخاص - اكتشف للكتب الصحي العريق مصلحه الحجر الصحي بالاسكندريه في اثناء ق محسن التقارير الوارده من فلسطين عن الحرف ان في حيفا علي السلطات الصحيه هناك وجدت ٢٤ فارا مصابا بالطاعون. منذ شهر فاذاع المكتب …
1947-11-25	falastin	ar	falastin19471125-01.1.2	quarantine_station	الحجر الصحي		page				…الحجر الصحي والسفر لسوريا فهم ان سوريا قد اعادت فتح الطرق برا وبحرا وجوا- المسافرين اليها من مصر وفلسطين. وسيتعرض الواصلون الي ، سوريا للفحص الطبي، كما انه سيفرض…
1947-11-25	falastin	ar	falastin19471125-01.1.2	quarantine_station	الحجر الصحي		page				…والسفر لسوريا فهم ان سوريا قد اعادت فتح الطرق برا وبحرا وجوا- المسافرين اليها من مصر وفلسطين. وسيتعرض الواصلون الي ، سوريا للفحص الطبي، كما انه سيفرض الحجر الصحي فيها علي كل مسافر اليها لا يستطيم اثبات ان الحجر الصحي فرض عليه في قطر اخر…
1947-11-25	falastin	ar	falastin19471125-01.1.2	quarantine_station	الحجر الصحي		page				… وجوا- المسافرين اليها من مصر وفلسطين. وسيتعرض الواصلون الي ، سوريا للفحص الطبي، كما انه سيفرض الحجر الصحي فيها علي كل مسافر اليها لا يستطيم اثبات ان الحجر الصحي فرض عليه في قطر اخر…
1947-11-27	falastin	ar	falastin19471127-01.1.4	quarantine_station	الحجر الصحي		page				…ال السنه التي ١٩٤٨ و تنتهي في اليوم الحادي والثلاثين من شهر كانون الاول من السنه نفسها ١٢٠ شهاده اصدر المندوب السامي نظاما يطلق - عليه اسم ( نظام مده الحجر الصحي علي الحيوانات المستورده من تركياه قرر فيه ان تكون مده الحجر الصحي علي الضاني والماعز المستورده من تركيا بطريق البحر او سكه الحديد خمسه ايام ذلك انه ق…
1947-11-27	falastin	ar	falastin19471127-01.1.4	quarantine_station	الحجر الصحي		page				…الاول من السنه نفسها ١٢٠ شهاده اصدر المندوب السامي نظاما يطلق - عليه اسم ( نظام مده الحجر الصحي علي الحيوانات المستورده من تركياه قرر فيه ان تكون مده الحجر الصحي علي الضاني والماعز المستورده من تركيا بطريق البحر او سكه الحديد خمسه ايام ذلك انه قد اكتشفت مءخرا عده اصابات بمرض الخنجره في الماعز. المستورده من ترك…
1947-12-13	falastin	ar	falastin19471213-01.1.4	quarantine_station	الحجر الصحي		page				…مده الحجر الصحي…
1947-12-23	falastin	ar	falastin19471223-01.1.1	quarantine_station	الحجر الصحي		other:Damascus	Damascus			…سوريا جاء فيه انه تقرر : اولا - قطع الواصلات الجويه مع سوريا و لبنان وشرق الاردن وفلسطين و منم مرور الطايرات من هذه البلدان او لماره بها. ثانيا - فرض الحجر الصحي علي جميع القادمين الي العراق من سوريا ولبنان وشرق الاردن وفلسطين بطريق البر وعليهم انا…
1947-12-27	falastin	ar	falastin19471227-01.1.1	quarantine_station	المحجر الصحي		other:Safad	Safad			…اصابه بودرين صفد في ٢٦ ك ١ - ار اصل فلسطين الخاص - هاجم نام ضلون العرب صباح اليوم سياره باص يهوديه كانت قادمه من مستعمره كفار جلعادي علي مقربه من المحجر الصحي في قريه الخاصه وطبقوا علي ركابها النار مصبب يهوديان بجراح بقلوا علي اثرها الي مستشفي شو صاح في طبريا. فضله و اصابات وتقول الصحف اليهوديه من قنبله الق…
1947-12-30	falastin	ar	falastin19471230-01.1.4	quarantine_station	الحجر الصحي		page				…صدر يوم من عدد خاص من الوقايع الفلسطينيه متعتمد قانونا جديد الحجر الصحي الصحه هذ به وجب نظمه وضعها مدير القالون و دوجب هذه الانظمه يمنع كل انسان من دخول فلسطین برا من البلدان الواقعه لي الا عن طريق شمال و شرق البلاد المدخ…
1948-01-06	falastin	ar	falastin19480106-01.1.2	quarantine_station	الحجر الصحي		page				…وزاره الخارجيه السوريه في تركيا اتخذت التدابير الشديده لمنع السفر اليها من الهند ومصر وسوريا وان لمسافرين اليها من هذه الاقطار سيخضعون الحجر الصحي علي الحدود…
1948-01-13	falastin	ar	falastin19480113-01.1.1	infectious_hospital	مستشفي الحكومه الامراض الساريه		page				…وتقم المطحنه في مدخل القريه من جهه ا ميكور حاييم قرب مستشفي الحكومه الامراض الساريه وهي من اكبر الطاحن التي تمون القدس والقضاء بالدقيق اذ تنتج يوميا حوالي ٢٥ طنا وقد سارعت فرقه الاطفاييه الي المطحنه الحصر النيران الا ان الجنود تصدوا …
1948-01-28	falastin	ar	falastin19480128-01.1.1	kerentina	الكرنتينا		page		smallpox	y	…وقعت اربع اصابات بالجدري مءخرا في حي العجمي بيانا وقد ادخل المصابون الي مستشفي الكرنتينا المعالجه وقد قامت دايره الصحه بتطعيم وظفي الدواير الرسميه وطلاب المدارس وطلب الينا ان نلفت انظار الجمهور في يافا الي وجوب الذهاب الي دايره الصحه للتط…
1948-02-13	falastin	ar	falastin19480213-01.1.2	kerentina	الكرنتينا		page		smallpox	y	…اصابه جديده الجدري في محله الجباليه نيافا امس وقد سارعت دايره الصحه الي اتخاذ كافه الاحتياطات لمنع انتشار المرض بين المجاورين فنقلت المصاب الي مستشفي الكرنتينا وعزلته للمعالجه وقامت بتطهير المنطقه التي ظهرت فيها الاصابه والدايره تنصح الجمهور بالاسراع في التطعيم ضد هذا المرض والامراض الساريه الاخري في مستوصفه…
1948-02-25	falastin	ar	falastin19480225-01.1.2	quarantine_station	الحجر الصحي		dateline	Haifa	cholera		…ل قبرص الا من مينايي در او سوره في غوستا و ليماسول او من مطار نيقوسيا و الا ذا كان يحمل شهادات تطعيم ضد الكوليرا حسب النموذج الدولي والا تعرض لاخضاعه الحجر الصحي مده خمسه ايام عن البنزين والكاز اعتبارا من اليوم يحصل مبلغ خيه ملات عن كل جالون بزين ومبلغ عشره ملات من كل تنكه كاز في انا وذلك ربه البلديه في • نفقا…
1926-08-10	plb	en	plb19260810-01.2.6	quarantine_station	Quarantine		page				…epidemic , : and not to effective precautions against the Owners of , herds are warned to take been proclaimed at Mikveh Israel . sickened and died . Quarantine has Beit Jahallah many…
1928-07-05	plb	en	plb19280705-01.2.10	quarantine_station	quarantine		window				…e main / highway to Haifa . Both roads will be im- . portant factors in the development qf the regions י י . י י יי י י ? י ־ • they _servd _* . ? On quarantine buildings at Haifa and a Police _Statipn at Beer-Sheba 100 Jewish workmen have • _started work . The . building of the Haifa-Acre road has _|> een re…
1930-09-01	plb	en	plb19300901-01.2.9	infectious_hospital	infectious diseases section		paragraph				…alem was im e medico-legal patients . British Women and Childrens Section and 252 in the Princess Mary Maternity Wards , 30 in the wards , 317 in the infectious diseases section , 324 during the year , 691 were treated in the general ־ vered verandah provided . class accommodation for male patients and a co- rations were made…
1930-09-01	plb	en	plb19300901-01.2.9	quarantine_station	quarantine		page		plague		…erious infectious disease . poses in the event of au epidemic of plague or arranged as to make it available for hospital pur- beds , and the adjacent quarantine lazaret was so new nurses home and an isolation section of 12 ing the year . At Jaffa , Government completed the All the Municipal Hospitals were imp…
1930-09-01	plb	en	plb19300901-01.2.9	kerentina	lazaret		page		plague		…ctious disease . poses in the event of au epidemic of plague or arranged as to make it available for hospital pur- beds , and the adjacent quarantine lazaret was so new nurses home and an isolation section of 12 ing the year . At Jaffa , Government completed the All the Municipal Hospitals were improved du…
1930-09-01	plb	en	plb19300901-01.2.9	isolation	isolation section		page		plague		… au epidemic of plague or arranged as to make it available for hospital pur- beds , and the adjacent quarantine lazaret was so new nurses home and an isolation section of 12 ing the year . At Jaffa , Government completed the All the Municipal Hospitals were improved dur- were provided by the Department of Agricultur…
1931-10-08	plb	en	plb19311008-01.2.21	quarantine_station	QUARANTINE		paragraph		cholera		…( From Our Correspondent ) QUARANTINE RAISED Cyprus to Beirut . 1 f a cas c of cholera on a steamer from weeks in consequence , of the discovery to-day after being in force for several n …
1931-10-08	plb	en	plb19311008-01.2.21	quarantine_station	quarantine		window				…amer from weeks in consequence , of the discovery to-day after being in force for several n boats from Syrian ports was raised Haifa , Wednesday— The quarantine Man Killed By Armoured Car FATAL ROAD ACCIDENT ־ children survive him . the Railway Workshops . A widow and ? : ne 10 years ago and was employed in-.…
1932-09-15	plb	en	plb19320915-01.2.6	quarantine_station	quarantine		window				…_imniedi- Nazareth , on Mountain Road . near the convent of the Soeurs de _porfusely . The body was found five knife wounds _wihich had bled Levy , a quarantine guard , wifh this morning of the body of Jacob some discovery was made at 1 a . m . Haifa , Wednesday . — The ! grue- ־ and had died immediately . be…
1932-09-15	plb	en	plb19320915-01.2.6	quarantine_station	Quarantine		paragraph				…left / se- with wreaths . The dead man was P . H . D . ghaffirs followed the _coffin Quarantine House guards and afternoon at three o clock , when The funeral took placeJthiS י ov _& r 50 years af age and ז _~^ ven children . , : . _£ 11 at ־ • …
1933-03-02	pls	en	pls19330302-01.2.24	infectious_hospital	infectious disease accommodation		paragraph				…ch resulted in relieving an overcrowded Voluntary Mental Hospital , of 30 cases and made 20 more beds available for the public . Owing to pressure on infectious disease accommodation in the…
1933-03-02	pls	en	pls19330302-01.2.24	infectious_hospital	infectious Diseases Hospital	Haifa	window				…North , arrangements were made for temporary extension of the infectious Diseases Hospital at Haifa by utilising adjoining premises . It is proposed in 1933 to construct an Infectious Disease pavillion at the Watan Hospital , Nablus , and t…
1933-03-02	pls	en	pls19330302-01.2.24	infectious_hospital	Infectious Disease pavillion		window				…re made for temporary extension of the infectious Diseases Hospital at Haifa by utilising adjoining premises . It is proposed in 1933 to construct an Infectious Disease pavillion at the Watan Hospital , Nablus , and to make further hospital provision in Northern Galilee by establishing a hospital of 20-30 beds which will obvia…
1934-11-27	pls	en	pls19341127-01.2.61	kerentina	Quarantine Station	Haifa	window				…MAN GORED BY BULL An employee at the Government Quarantine Station at Haifa sustained severe injuries when he was gored in the stomach bv a bull yesterday morning . The man , Abdel Yussef , aged 25 years , was taken …
1934-12-13	pls	en	pls19341213-01.2.41	isolation	isolation hospital		page				…ts Al Islamia Dr . MacLennan arrived this week and mined a number of _^ r / _fts inflictper : with the disease . Al Islam a - sug ests that a special isolation hospital be euipped as a combative measure ag- . inst the spread of the maladv . El Ousri Ibn Ashwai Saing of the inai Arab was knocked down by a moovcvcle on…
1939-01-01	pls	en	pls19390101-01.2.16	kerentina	Quarantine Station		other:Jaffa	Jaffa			…JAFFA , Saturday . — Muffeidi NasraUah Haddad , the Christian Arab police constable who was shot and seriously injured on Thursday near the Quarantine Station here , died the same night in the Government Hospital . His body was taken to Es Salt , Trans-Jordan , yesterday afternoon for burial . JERUSALEM—LYD…
1939-04-20	pls	en	pls19390420-01.2.11	kerentina	Quarantine Station		dateline	Haifa			… One of them who was carried o : n a stretcher is suffering from a nervous breakdown . The patients were examined by a Government physicia ; n at the Quarantine Station inside the Port , after which they were taken to the Government Hospital .…
1939-04-21	pls	en	pls19390421-01.2.16	quarantine_station	Quarantine		page				…o , were taken ashore bthe Port Marine authory ities and sent to the Government Hospital here this afternoon- \ Eariy this morning officials < of the Quarantine Section of the Department of Public Healththe 59- ,, gave ton vessel a thorough _fumigation . The clothes of who . were passengers temporarily transf…
1939-04-21	pls	en	pls19390421-01.2.16	quarantine_station	Quarantine		page			y	…a thorough _fumigation . The clothes of who . were passengers temporarily transferred to the s . s . Assimiwere taken to be fumi- , away gated at the Quarantine Sttation , while the were - passengers sup plied with overalls . Whem the fumigation was completed the passwere taken back to the schooengers ner in …
1939-04-26	pls	en	pls19390426-01.2.10	kerentina	Quarantine Station		paragraph				…trio , were transferred to the Government Hospital for treatment today . They are Moshe Millichker , 22 and Herman Ogourik , 25 . The refugees at the Quarantine Station have been provided with clothing and provisions by local associations and private firms .…
1939-05-02	pls	en	pls19390502-01.2.15	quarantine_station	quarantine		paragraph				…les who work as train guards were proceeding from Dagania to the Samakh police station when two bombs were thrown by persons who lay in wait near the quarantine . One of the bombs exploded and injured the two men who received first aid at Dagania and were removed later to the Schweizer Hospital in Tiberias . …
1939-06-08	pls	en	pls19390608-01.2.1	kerentina	quarantine station	Haifawith	dateline	Haifa		y	… Section . The motor launch Lorna proceeded to Naharia and escorted the schooner to the eastern breakwater . All the refugees were transferred to the quarantine station at Haifawith the , exception of one woman who was taken to Government Hospital . The Assimi , registered in Panama and manned by Greeks , was capture…
1939-07-04	pls	en	pls19390704-01.2.1	quarantine_station	quarantine		dateline	Haifa			…HAIFA , Monday . — Flying the Greek national colours and the yellow quarantine pennant from her mainmast , a 70-ton schooner whose name was iven as St . Nicog la unobtrusively sidled into Haifa harbour shortly before midday with…
1939-08-11	pls	en	pls19390811-01.2.1	kerentina	Quarantine Station		dateline	Haifa	influenza	y	…ty possessions and distribution of food , 20 of the women and 20 children were taken to the Immigrants Hostel at Bat Galim , and the remainder to the Quarantine Station . Two of the women passengers were urgent hospital cases , suffering from jaundice and influenza respectively , and were admitted to Government Hospi…
1939-09-13	pls	en	pls19390913-01.2.206	kerentina	quarantine station		paragraph				… lays down the Arabs six points as basis for discussion . Government has agreed to permit landing cattle at Tel Aviv , on condition that city build a quarantine station , revenue of which should to Govgo ernment tre . asury 19—Three thousand villagers of the Hebron area , denouncing Haj Amin as , the author of Palest…
1932-09-15	plb	en	plb19320915-01.2.6	quarantine_station	quarantine		window				…_imniedi- Nazareth , on Mountain Road . near the convent of the Soeurs de _porfusely . The body was found five knife wounds _wihich had bled Levy , a quarantine guard , wifh this morning of the body of Jacob some discovery was made at 1 a . m . Haifa , Wednesday . — The ! grue- ־ and had died immediately . be…
1932-09-15	plb	en	plb19320915-01.2.6	quarantine_station	Quarantine		paragraph				…left / se- with wreaths . The dead man was P . H . D . ghaffirs followed the _coffin Quarantine House guards and afternoon at three o clock , when The funeral took placeJthiS י ov _& r 50 years af age and ז _~^ ven children . , : . _£ 11 at ־ • …
1934-03-09	pls	en	pls19340309-01.2.48	isolation	Isolation Hospital		window				…ommercial vehicle on the street in Haifa known as Mountain Street between its junction with Khury Street and Catoni Street in front of the Government Isolation Hospital ; unless he is in possession of a permit so to do granted by the District Superintendent of Police , Northern District .…
1935-05-03	pls	en	pls19350503-01.2.26	isolation	Isolation Hospital		page				…Removed from Herzlia Street to CATONI STREET , corner of Mountain Road opposite J . C . P . Offices and Isolation Hospital Telephone 1012 .…
