n	id	date	publication	title	snippet
1	pls19391013-01.2.25	13 October 1939	pls	ST . LUKE'S DU	"<div class=""txtsearchsnippet"">... F . Graham-Brown , has issued a note concerning <b class=""highlightcolor"">St . Luke</b> s Tide , 19 . 39 . ...</div>"
2	pls19391204-01.2.32	4 December 1939	pls	ST . LUKE'S ADVENT SERVICE YESTERDAY	"<div class=""txtsearchsnippet"">... . Knight ( recently appointed on the staff of <b class=""highlightcolor"">St . Luke</b> s School and Assistant to the British ...</div>"
3	pls19460621-01.2.58	21 June 1946	pls	ST . LUKE'S SCHOOL HAIFA	"<div class=""txtsearchsnippet"">... . particulars may be obtained from the Master-in-Charge , <b class=""highlightcolor"">St , Luke</b> s Junior School , 2 St . ...</div>"
4	pls19410905-01.2.65	5 September 1941	pls	ST . LUKE _^ S SCHOOL HAIFA	"<div class=""txtsearchsnippet""><b class=""highlightcolor"">ST . LUKE</b> _^ S SCHOOL HAIFA</div>"
5	pls19391127-01.2.27	27 November 1939	pls	_SPEC 5 AL SERVICE AT ST . LUKE '	"<div class=""txtsearchsnippet"">_SPEC 5 AL SERVICE AT <b class=""highlightcolor"">ST . LUKE</b></div>"
6	pls19391214-01.2.17	14 December 1939	pls	Military Wedding at St . Luke _' s , Haifa	"<div class=""txtsearchsnippet"">Military Wedding at <b class=""highlightcolor"">St . Luke</b> _ s , Haifa</div>"
7	pls19400418-01.2.53	18 April 1940	pls	R . A . S . CBillet Takes a Hand ; In St . Luke ' s School Sports	"<div class=""txtsearchsnippet"">... . S . CBillet Takes a Hand ; In <b class=""highlightcolor"">St . Luke</b> s School Sports</div>"
8	pls19410817-01.2.72	17 August 1941	pls	ST . LUKE'S	
9	pls19410727-01.2.86	27 July 1941	pls	ST . LUKE'S SCHOOL , HAIFA	
10	pls19400910-01.2.42	10 September 1940	pls	ST . LUKE'S SCHOOL HAIFA -	
11	pls19450720-01.2.21	20 July 1945	pls	ST . LUKE'S SCHOOL HAIFA	
12	pls19370411-01.2.50	11 April 1937	pls	Foundation Stone	"<div class=""txtsearchsnippet"">... — The laying -of the foundation stone of the <b class=""highlightcolor"">St . Luke</b> s School in Haifa by the Right ...</div>"
13	pls19390512-01.2.153	12 May 1939	pls	UNKNOWN	"<div class=""txtsearchsnippet"">HAIFA <b class=""highlightcolor"">St . Luke</b> s Church ( Church of England ) ...</div>"
14	pls19400805-01.2.15	5 August 1940	pls	HAIFA SOLDIERS' HUT DECLARED OPEN	"<div class=""txtsearchsnippet"">... ceremonial opening and dedication of the Church Hut at <b class=""highlightcolor"">St . Luke</b> . s to serve as a Recreational ...</div>"
15	refadv19310131-01.2.36	31 January 1931	refadv	MICHAEL REESE HOSPITAL GETS $ 500 , 000 IN WILL OF ALBERT B . KUPPEN -HEIMER	"<div class=""txtsearchsnippet"">... to his nurse , Miss Edna Lavier , former <b class=""highlightcolor"">St . Luke</b> s Hospital nurse , now living in ...</div>"
16	pls19400222-01.2.27	22 February 1940	pls	REFUGEES ENLISTING IN LABOUR CORPS SHOWING GRATITUDE tOK SHELTER GIVEN	"<div class=""txtsearchsnippet""><b class=""highlightcolor"">St . Luke</b> s Church , Haifa The Hev . ...</div>"
17	chncijn19310807-01.2.27	7 August 1931	chncijn	BIRTHS	"<div class=""txtsearchsnippet"">... the birth of a son on July 23, at <b class=""highlightcolor"">St. Luke's</b> hospital. Mrs. Safer was Gertrude Brooks before her ...</div>"
18	chncijn19330310-01.2.25	10 March 1933	chncijn	Births	"<div class=""txtsearchsnippet"">... announce the birth of a son, Har¬ Jay, at <b class=""highlightcolor"">St. Luke's</b> hospital Mar. 1.</div>"
19	chncijn19300418-01.2.38	18 April 1930	chncijn	Births	"<div class=""txtsearchsnippet"">... a baby son, Gerald Morton, born April 7 at <b class=""highlightcolor"">St Luke's</b> Hospital.</div>"
20	pls19420623-01.2.17	23 June 1942	pls	UNKNOWN	"<div class=""txtsearchsnippet"">All old boys of Scots College and <b class=""highlightcolor"">St , Luke</b> s * School are _&lt; invited to ...</div>"
21	pls19410409-01.2.52	9 April 1941	pls	WANTED TWO TUG-MASTERS	"<div class=""txtsearchsnippet"">DIRECTOR OF CUSTOMS , <b class=""highlightcolor"">St . Luke</b> St . HAIFA , or write giving ...</div>"
22	plb19301109-01.2.11	9 November 1930	plb	IN HAIFA WHERE TO GET THE BEST	"<div class=""txtsearchsnippet"">... 1 st . Floor Mountain St ., Opp . <b class=""highlightcolor"">St ., Luke</b> s Church First Class Lad cs Hairdressing ...</div>"
23	cgs19260528-01.2.99.3	28 May 1926	cgs	Page 28 Advertisements Column 3	"<div class=""txtsearchsnippet"">... property , Wabash Building , Jackson College Building , <b class=""highlightcolor"">St . Luke</b> s Hospital Lyon &amp; Healy Building , ...</div>"
24	plb19301102-01.2.16	2 November 1930	plb	UNKNOWN	"<div class=""txtsearchsnippet"">... Estab . : Mountain St . , Opp . <b class=""highlightcolor"">St ., Luke</b> s Church Ragi Issa s House , ...</div>"
25	pls19400115-01.2.20	15 January 1940	pls	lish Children ' s Revuette in Haifa Eng	"<div class=""txtsearchsnippet"">... the Haifa Club on Friday , in aid of <b class=""highlightcolor"">St . Luke</b> s Church Chaplaincy Fund , It was ...</div>"
26	cgs19260326-01.2.72	26 March 1926	cgs	BIRTHS	"<div class=""txtsearchsnippet"">... Morris was formerly Anna March 1 , at the <b class=""highlightcolor"">St . Luke</b> s hospital . of a daughter . ...</div>"
27	pls19460127-01.2.3	27 January 1946	pls	Six _Sellers KP ' ed	"<div class=""txtsearchsnippet"">... i exercises . The injured men were taker to <b class=""highlightcolor"">St . Luke</b> s Hospital : n Hebron .</div>"
28	pls19451106-01.2.18	6 November 1945	pls	UNKNOWN	"<div class=""txtsearchsnippet"">... . Particulars be may obtained from the Secretary , <b class=""highlightcolor"">St . Luke</b> s Hospital , Hebron .</div>"
29	chncijn19461212-01.2.23	12 December 1946	chncijn	BIRTHS	"<div class=""txtsearchsnippet"">... birth of a daughter, Victoria Linda, Nov. 24 at <b class=""highlightcolor"">St. Luke's</b> Hospital. * * * Mr. and Mrs. Milton ...</div>"
30	cgs19260910-01.2.124.3	10 September 1926	cgs	Page 40 Advertisements Column 3	"<div class=""txtsearchsnippet"">... &amp; Healy Building , Chicago Musical College Building , <b class=""highlightcolor"">St . Luke</b> s Hospital property , Wabash Building , ...</div>"
31	cgs19260730-01.2.104.3	30 July 1926	cgs	Page 28 Advertisements Column 3	"<div class=""txtsearchsnippet"">... property , Wabash Building , Jackson College Building , <b class=""highlightcolor"">St . Luke</b> s Hospital Lyon &amp; Healy Building , ...</div>"
32	cgs19260723-01.2.100.2	23 July 1926	cgs	Page 28 Advertisements Column 2	"<div class=""txtsearchsnippet"">... property , Wabash Building , Jackson College Building , <b class=""highlightcolor"">St . Luke</b> s Hospital Lyon &amp; Healy Building , ...</div>"
33	cgs19260709-01.2.134.3	9 July 1926	cgs	Page 28 Advertisements Column 3	"<div class=""txtsearchsnippet"">... property , Wabash Building , Jackson College Building , <b class=""highlightcolor"">St . Luke</b> s Hospital Lyon &amp; Healy Building , ...</div>"
34	pls19401006-01.2.34	6 October 1940	pls	UNKNOWN	"<div class=""txtsearchsnippet"">... _. -r _t pa _. i . _; HAIFA <b class=""highlightcolor"">St . Luke</b> s — W . C . V ...</div>"
35	cgs19260625-01.2.89.3	25 June 1926	cgs	Page 28 Advertisements Column 3	"<div class=""txtsearchsnippet"">... &amp; Healy Building , Chicago Musical College Building , <b class=""highlightcolor"">St . Luke</b> s Hospital property , Wabash Building , ...</div>"
36	cgs19270715-01.2.85	15 July 1927	cgs	BIRTHS	"<div class=""txtsearchsnippet"">... was formerly Kate Benja- June 28 , at the <b class=""highlightcolor"">St . Luke</b> s hospital . the arrival of a ...</div>"
37	pls19451104-01.2.64	4 November 1945	pls	UNKNOWN	"<div class=""txtsearchsnippet"">... . V oe obtained from V e Sccrcary , <b class=""highlightcolor"">St . Luke</b> s Hospital , Hebron .</div>"
38	jweekly19470411.2.73	11 April 1947	jweekly	Emanu-EI Choir In Tribute Program	"<div class=""txtsearchsnippet"">... choir of Temple Emanu-EI participated with the choir of <b class=""highlightcolor"">St. Luke's</b> Protestant Episcopal Church and with speakers of various ...</div>"
39	cgs19260813-01.2.99.2	13 August 1926	cgs	Page 28 Advertisements Column 2	"<div class=""txtsearchsnippet"">... &amp; Healy Building , Chicago Musical College Building , <b class=""highlightcolor"">St . Luke</b> s Hospital property , Wabash Building , ...</div>"
40	cgs19260827-01.2.102.2	27 August 1926	cgs	Page 28 Advertisements Column 2	"<div class=""txtsearchsnippet"">... &amp; Healy Building , Chicago Musical College Building , <b class=""highlightcolor"">St . Luke</b> s Hospital property , Wabash Building , ...</div>"
41	amjwld19431112-01.2.62	12 November 1943	amjwld	Inter-Faith Dinner	"<div class=""txtsearchsnippet"">... . Zion Temple , Central Park Methodist church and <b class=""highlightcolor"">St . Luke</b> s Catholic church will sponsor an interfaith ...</div>"
42	cgs19260611-01.2.92.3	11 June 1926	cgs	Page 28 Advertisements Column 3	"<div class=""txtsearchsnippet"">... &amp; Healy Building , Chicago Musical College Building , <b class=""highlightcolor"">St . Luke</b> s Hospital property , Wabash Building , ...</div>"
43	cgs19270930-01.2.81	30 September 1927	cgs	Ipfc « 8 g @ j ; Births I	"<div class=""txtsearchsnippet"">... Friedman is nee Mary on September 12 , at <b class=""highlightcolor"">St . Luke</b> s hos- nounce the birth of a ...</div>"
44	cgs19280316-01.2.82	16 March 1928	cgs	Birth « * f	"<div class=""txtsearchsnippet"">... Phillips avenue , are the parents of a . <b class=""highlightcolor"">St . Luke</b> s hospital</div>"
45	pls19361218-01.2.12	18 December 1936	pls	UNKNOWN	"<div class=""txtsearchsnippet"">... , D . O . C . F . <b class=""highlightcolor"">St . Luke</b> s Chnrch ( Church of England ) ...</div>"
46	cgs19321118-01.2.30	18 November 1932	cgs	BIRTHS	"<div class=""txtsearchsnippet"">... , Avery Jay , on November 7 , at <b class=""highlightcolor"">St . Luke</b> s hospital . Mrs . Stone is ...</div>"
47	pls19441222-01.2.32	22 December 1944	pls	UNKNOWN	"<div class=""txtsearchsnippet"">... This evening , a whist drive was held at <b class=""highlightcolor"">St . Luke</b> s Canteen . There will be two ...</div>"
48	chncdjn19220920-01.2.42	20 September 1922	chncdjn	Obituaries	"<div class=""txtsearchsnippet"">... elty health inspection department, died Tuesday. Septcmlier IMth, at <b class=""highlightcolor"">St. Luke's</b> hospital. Mr. Sehradsky had lived in Denver for ...</div>"
49	amjwld19470509-01.2.100	9 May 1947	amjwld	Round Table Meeting Tuesday	"<div class=""txtsearchsnippet"">... Rev . Msgr . James J . Cullinan , <b class=""highlightcolor"">St . Luke</b> s Catholic church , St . Paul ...</div>"
50	newpalestine19470124-01.2.60	24 January 1947	newpalestine	Christian Groups Hear Goldberg	"<div class=""txtsearchsnippet"">... the sermon at the regular Sunday morning service of <b class=""highlightcolor"">St. Luke's</b> Church in Hudson, Mass. In both places, Mr. ...</div>"
51	cgs19270826-01.2.73	26 August 1927	cgs	BIRTHS	"<div class=""txtsearchsnippet"">... hospital . Tuesday , August 9 , at the <b class=""highlightcolor"">St . Luke</b> s H . Plotkin , 1425 Sherwin ...</div>"
52	cgs19271230-01.2.76	30 December 1927	cgs	CCpt , tjgp j | Births |	"<div class=""txtsearchsnippet"">... at the Sheridan road , announce the arrival . <b class=""highlightcolor"">St . Luke</b> s hospital</div>"
53	pls19430226-01.2.37	26 February 1943	pls	UNKNOWN	"<div class=""txtsearchsnippet"">... vote of thanks was moved by the Headmaster ctf <b class=""highlightcolor"">St . Luke</b> s School , the Rev . S ...</div>"
54	amjwld19351011-01.2.75	11 October 1935	amjwld	Obituary	"<div class=""txtsearchsnippet"">... a short illness , Herman Deutsch died Monday at <b class=""highlightcolor"">St . Luke</b> s Hospital . For the past few ...</div>"
55	bbh19291025-01.2.18	25 October 1929	bbh	LEVITAN RECOVERING FROM SERIOUS ILLNESS	"<div class=""txtsearchsnippet"">... be pleased to know that he is convalescing in <b class=""highlightcolor"">St . Luke</b> s Hospital , Chicago , after undergoing ...</div>"
56	amjwld19380415-01.2.97	15 April 1938	amjwld	Obituary	"<div class=""txtsearchsnippet"">... , 615 Ashland Avenue , passed away Tuesday in <b class=""highlightcolor"">St . Luke</b> s hospital . Born in Latvia she ...</div>"
57	amjwld19470207-01.2.110	7 February 1947	amjwld	B . B . Y . W . Brotherhood Meeting Tuesday	"<div class=""txtsearchsnippet"">... . The Rev . Fr . John Cullinan of <b class=""highlightcolor"">St . Luke</b> s Catholic church , the Rev . ...</div>"
58	cgs19320108-01.2.62	8 January 1932	cgs	Births 9 t _ . _ . _ . _ _ --.-.-. ... -- .- . - ¦ - -- .- 1	"<div class=""txtsearchsnippet"">... Piatt , 5041 % name is Susanne . at <b class=""highlightcolor"">St . Luke</b> s hospital . The baby s rival ...</div>"
59	pls19380218-01.2.25	18 February 1938	pls	UNKNOWN	"<div class=""txtsearchsnippet"">HAIFA <b class=""highlightcolor"">St . Luke</b> s- Church ( Church of England ) ...</div>"
60	pls19350726-01.2.15	26 July 1935	pls	The Darlington Fencing Co ., ENGLAND .	"<div class=""txtsearchsnippet""><b class=""highlightcolor"">St . Luke</b> s Church — HolCommunion y , T ...</div>"
61	pls19350830-01.2.21.3	30 August 1935	pls	Page 3 Advertisements Column 3	"<div class=""txtsearchsnippet"">... .. preacher , Vikar K . Paxer . HAIFA <b class=""highlightcolor"">St . Luke</b> s Church — _Hoh T Communion , ...</div>"
62	pls19470227-01.2.56	27 February 1947	pls	UNKNOWN	"<div class=""txtsearchsnippet"">... _- - o Micah ? rd the Gospel olf <b class=""highlightcolor"">St .. Luke</b> , has been received lMorceehai Alkosbione of ...</div>"
63	pls19471121-01.2.17	21 November 1947	pls	UNKNOWN	"<div class=""txtsearchsnippet"">... The mar- , y riage took { dace fit <b class=""highlightcolor"">St . Luke</b> s Church here today . between Captain ...</div>"
64	sydneyjn19450329-01.2.34	29 March 1945	sydneyjn	Family Notices	"<div class=""txtsearchsnippet"">... son Steven John on 18 th March, 1945 at <b class=""highlightcolor"">St. Luke's</b> Pri vate Hospital, Sydney. Mother and child are ...</div>"
65	pls19380211-01.2.19	11 February 1938	pls	UNKNOWN	"<div class=""txtsearchsnippet"">: HAIFA <b class=""highlightcolor"">St .. Luke</b> s Church ( Church of England ) ...</div>"
66	sydneyjn19410207-01.2.32	7 February 1941	sydneyjn	Advertising	"<div class=""txtsearchsnippet"">... J. Corrick, 23 Perouse Road, Randwick. Mr. Blaut, 24 <b class=""highlightcolor"">St. Luke</b> St, Randwick. HOYTS’ KINEMA MOSMAN, Mr. W. Lewin, ...</div>"
67	pls19370409-01.2.15	9 April 1937	pls	UNKNOWN	"<div class=""txtsearchsnippet"">... D . D O . C . F . <b class=""highlightcolor"">St Luke</b> s Chnrch ( Church of England ) — ...</div>"
68	pls19390908-01.2.108	8 September 1939	pls	UNKNOWN	"<div class=""txtsearchsnippet"">... Pastor : T . D . Urshan . HAIFA <b class=""highlightcolor"">St . Luke</b> s Church ( Church of England ) ...</div>"
69	pls19420403-01.2.22	3 April 1942	pls	UNKNOWN	"<div class=""txtsearchsnippet"">... may be examined at the Director s Ofiioe . <b class=""highlightcolor"">St . Luke</b> s Street , Haifa . 3 . ...</div>"
70	pls19390515-01.2.6	15 May 1939	pls	LORD LLOYD VISITS HAIFA ON WAY FROM EGYPT TO CYPRUS	"<div class=""txtsearchsnippet"">... Bailey , upon disembarking after which he proceeded to <b class=""highlightcolor"">St . Luke</b> s School , escorted by the D ...</div>"
71	chncijn19251210-01.2.53.1	10 December 1925	chncijn	Unnumbered Page Advertisements Column 1	"<div class=""txtsearchsnippet"">... STATE HOSPITAL MERCY HOSPITAL . | ‘ PRESBYTERIAN HOSPITAL <b class=""highlightcolor"">ST. LUKE'S</b> HOSPITAL ; ST. ANTHONY'S HOSPITAL ST. JOSEPH'S HOSPITAL ...</div>"
72	palestineweekly19280518-01.2.37	18 May 1928	palestineweekly	BIRT H.	"<div class=""txtsearchsnippet"">... London, the wife of W. Fyffe Durward (formerly of <b class=""highlightcolor"">St Luke's</b> Hospital, Haifa) a son: PALESTINE EXHIBITION AT ITALIAN ...</div>"
73	pls19370115-01.2.18	15 January 1937	pls	UNKNOWN	"<div class=""txtsearchsnippet"">... , DJ 5 . O . CJ 7 . <b class=""highlightcolor"">St . Luke</b> s Church ( Church of England ) ...</div>"
74	pls19410207-01.2.93	7 February 1941	pls	UNKNOWN	"<div class=""txtsearchsnippet"">... ! iiii ! i ! iii ! _iiiiii HAIFA <b class=""highlightcolor"">St . Luke</b> s ( Church of England _T . ...</div>"
75	pls19450710-01.2.28	10 July 1945	pls	UNKNOWN	"<div class=""txtsearchsnippet"">... bomb exploded and he died the same day in <b class=""highlightcolor"">St . Luke</b> s Hospital . He was the third ...</div>"
76	pls19460704-01.2.7	4 July 1946	pls	_WRMHT m	"<div class=""txtsearchsnippet"">... — A warrant of arrest against Pte . of <b class=""highlightcolor"">St . Luke</b> s alLong Camp leged to have fired ...</div>"
77	jweekly19450126.2.39	26 January 1945	jweekly	Chaplain and Mrs. Gold Welcome New Daughter	"<div class=""txtsearchsnippet"">... Stanyan Street, is home again after four months at <b class=""highlightcolor"">St. Luke's</b> Hospital. An automobile accident caused severe injuries, but ...</div>"
78	chncijn19360424-01.2.13	24 April 1936	chncijn	BIRTHS	"<div class=""txtsearchsnippet"">... the birth of a son on April 15 at <b class=""highlightcolor"">St. Luke's</b> hospital. The B’rith Millah was held on April ...</div>"
79	amjwld19380107-01.2.81	7 January 1938	amjwld	Isaac Summerfield , Civic Leader , Dead	"<div class=""txtsearchsnippet"">... , philanthropist and civic leader , died Tuesday in <b class=""highlightcolor"">St . Luke</b> s hospital of heart disease . His ...</div>"
80	cgs19290614-01.2.59	14 June 1929	cgs	r ^ -3	"<div class=""txtsearchsnippet"">... Winograd was formerly Charles , on May 26 at <b class=""highlightcolor"">St . Luke</b> s hos- nounce the birth of a ...</div>"
81	cgs19300516-01.2.82	16 May 1930	cgs	SEY SUPREME COURT , MEMBER OF NEW JER- SAMUEL KALISCH , 80 DIES AT 80	"<div class=""txtsearchsnippet"">... and was a short illness . He was at <b class=""highlightcolor"">St . Luke</b> s hospital after Jersey for 19 years ...</div>"
82	pls19350628-01.2.16.2	28 June 1935	pls	Page 2 Advertisements Column 2	"<div class=""txtsearchsnippet"">... , 9 . 30 a . m . HAIFA <b class=""highlightcolor"">St . Luke</b> s Church — Holy Communion 7 . ...</div>"
83	pls19380902-01.2.123	2 September 1938	pls	UNKNOWN	"<div class=""txtsearchsnippet"">... : T . D . Urshan . - HAIFA <b class=""highlightcolor"">St . Luke</b> s Church ( Church of England ) ...</div>"
84	pls19431118-01.2.70	18 November 1943	pls	TENDER	"<div class=""txtsearchsnippet"">... may be inspected at the Director s Office , <b class=""highlightcolor"">St . Luke</b> s Street . Haifa , where full ...</div>"
85	sydneyjn19410822-01.2.36	22 August 1941	sydneyjn	Advertising	"<div class=""txtsearchsnippet"">... Road, Mosman. HOYTS’ CLOVELLY THEATRE: ' Mr. Blaut, 24 <b class=""highlightcolor"">St. Luke</b> St., Randwick. Mr. E. Rosen, 21 Farhhana Avenue, ...</div>"
86	cgs19251009-01.2.75	9 October 1925	cgs	WED AT EEDSIDE OF DYING FATHER	"<div class=""txtsearchsnippet"">... Franks took place Sunday afternoon at his bedside at <b class=""highlightcolor"">St . Luke</b> s hospital , where he died a ...</div>"
87	cgs19300801-01.2.87	1 August 1930	cgs	"^^^^^^^ ^^^^^^ i ^^^^^^^^^ ^ f ^^^^ 41 ^ Births » * t * ? I * * $ * ""t * » t < H $ ** fH $ * < iH $ i * s » | $ > * $ * * $ * * fr * t * < $ "" $ "" $ "" $ "" $ "" $ "" $ ** $ *? $ *« $ *"	"<div class=""txtsearchsnippet"">... . and Mrs . Frank R . Brodsky , <b class=""highlightcolor"">St . Luke</b> s hospital . son , Samuel David ...</div>"
88	cgs19291018-01.2.84	18 October 1929	cgs	| jS » . asp I Births Jf	"<div class=""txtsearchsnippet"">... the former Fay Good- born October 8 , at <b class=""highlightcolor"">St . Luke</b> s hospital . parents of a baby ...</div>"
89	cgs19310130-01.2.38	30 January 1931	cgs	BIRTHS	"<div class=""txtsearchsnippet"">... . Straus is the daughter , Susan , at <b class=""highlightcolor"">St . Luke</b> s hospital Cedar street , announce the ...</div>"
90	pls19390825-01.2.165	25 August 1939	pls	UNKNOWN	"<div class=""txtsearchsnippet"">... Pastor : T . D . Urshan . HAIFA <b class=""highlightcolor"">St . Luke</b> s Church ( Church of England ) ...</div>"
91	pls19380923-01.2.129	23 September 1938	pls	UNKNOWN	"<div class=""txtsearchsnippet"">... Pastor : T . D . Urshan . HAIFA <b class=""highlightcolor"">St . Luke</b> s Church ( Church of England ) ...</div>"
92	pls19391110-01.2.71	10 November 1939	pls	UNKNOWN	"<div class=""txtsearchsnippet"">... Pastor :: T . D . Urshan , HAIFA <b class=""highlightcolor"">St . Luke</b> s Church ( Church of England ) ...</div>"
93	refadv19360410-01.2.34	10 April 1936	refadv	CHICAGO ROUND TABLE '	"<div class=""txtsearchsnippet"">... WW &lt; * ing long been the successful rector <b class=""highlightcolor"">St . Luke</b> s Episcopal Church j . [ , ...</div>"
94	pls19460527-01.2.25	27 May 1946	pls	UNKNOWN	"<div class=""txtsearchsnippet"">... Haifa Lodge 5286 ( Ritz Cafe ); Dance ( <b class=""highlightcolor"">St . Luke</b> s ) .</div>"
95	pls19420406-01.2.37	6 April 1942	pls	UNKNOWN	"<div class=""txtsearchsnippet"">... _congregation ¦ att _-ndevi the service a * . <b class=""highlightcolor"">St . Luke</b> s Churchwhile , many travelled to Nazareth ...</div>"
96	pls19390416-01.2.35	16 April 1939	pls	Halfn Wedding	"<div class=""txtsearchsnippet"">... . The ceremony was performed by th haplain of <b class=""highlightcolor"">St . Luke</b> s Church , the Re » . ...</div>"
97	jweekly19471212.2.97	12 December 1947	jweekly	Leonard J. Meltzer	"<div class=""txtsearchsnippet"">... former Alameda County Assistant District Attorney who died at <b class=""highlightcolor"">St. Luke's</b> Hospital in San Francisco after a long illness. ...</div>"
98	tjewvc19241225-01.2.42.2	25 December 1924	tjewvc	Page 7 Advertisements Column 2	"<div class=""txtsearchsnippet"">... avenue. Mr. and Mrs. Potlltzer have been confined In <b class=""highlightcolor"">St. Luke's</b> Hospital at Kansas City, Mo., for the past ...</div>"
99	amjwld19380121-01.2.106	21 January 1938	amjwld	Obituary	"<div class=""txtsearchsnippet"">... , 222 East University Avenue , died Sunday at <b class=""highlightcolor"">St . Luke</b> s hospital . He is survived by ...</div>"
100	cgs19400208-01.2.105	8 February 1940	cgs	Claim Board Anti-Semitic New York Doctors Resign ;	"<div class=""txtsearchsnippet"">... hos- the existence of anti-Semitism on the tendent of <b class=""highlightcolor"">St . Luke</b> s Hospital , denied Dr . Charles ...</div>"
101	cgs19420625-01.2.62	25 June 1942	cgs	LEADER , DEAD AT 56 DR . LEWISON , NOTED MEDICAL	"<div class=""txtsearchsnippet"">... years old . Wednesday , June 17 , in <b class=""highlightcolor"">St . Luke</b> s medical men in the country , ...</div>"
102	cgs19360716-01.2.49	16 July 1936	cgs	BIRTHS	"<div class=""txtsearchsnippet"">... Amiel , to Mr . and June 30 at <b class=""highlightcolor"">St . Luke</b> s Hospital . Ginsburg ) of 415 ...</div>"
103	pls19380225-01.2.16	25 February 1938	pls	IllfllllllllllllllllllllI I I H I	"<div class=""txtsearchsnippet"">HAIFA <b class=""highlightcolor"">St . Luke</b> s Church ( Church of England ) ...</div>"
104	plb19310803-01.2.21	3 August 1931	plb	Rest Of The News	"<div class=""txtsearchsnippet"">The Bishop has approved tlio appointto <b class=""highlightcolor"">St . Luke</b> s Hospital , • jnont for one ...</div>"
105	pls19390804-01.2.122	4 August 1939	pls	UNKNOWN	"<div class=""txtsearchsnippet"">... Pastor : T . D . Urshan . HAIFA <b class=""highlightcolor"">St . Luke</b> s Church ( Church of England ) ...</div>"
106	pls19420202-01.2.50	2 February 1942	pls	TENDER Y	"<div class=""txtsearchsnippet"">... my be examined at the Dierctor s Office , <b class=""highlightcolor"">St . Luke</b> s Street , Haifa . 3 . ...</div>"
107	pls19390714-01.2.143	14 July 1939	pls	UNKNOWN	"<div class=""txtsearchsnippet"">... Pastor : T . D . Urshan . HAIFA <b class=""highlightcolor"">St . Luke</b> s Church ( Church of England ) ...</div>"
108	pls19430905-01.2.38	5 September 1943	pls	UNKNOWN	"<div class=""txtsearchsnippet"">... Department , of Customs , Excise &amp; Trade , <b class=""highlightcolor"">St . Luke</b> s Street , Haifa , who will ...</div>"
109	pls19451018-01.2.15	18 October 1945	pls	UNKNOWN	"<div class=""txtsearchsnippet"">... and Mr . Sami Yussef Jeraisy , graduate of <b class=""highlightcolor"">St . Luke</b> s School , Haifa . The Colonial ...</div>"
110	jweekly19180510.2.25	10 May 1918	jweekly	Reception at Sisterhood Home	"<div class=""txtsearchsnippet"">... under the direct on of Mr. Thorpe, organist at <b class=""highlightcolor"">St. Luke’»</b> church, with Mr. Barbino at the harp. All ...</div>"
111	pls19391124-01.2.15	24 November 1939	pls	TENANTS' _TATEF RATES ACCOUNT	"<div class=""txtsearchsnippet"">... the Episcopal Church of America , will preach at <b class=""highlightcolor"">St . Luke</b> s Church , Haifa , at 10 ...</div>"
112	amjwld19400216-01.2.18	16 February 1940	amjwld	14 Quit N . Y . Hospital Staff , Charge Bias	"<div class=""txtsearchsnippet"">... 19 have resigned from the dental clinic staff of <b class=""highlightcolor"">St . Luke</b> s hospital , an Episcopal institution here ...</div>"
113	pls19380204-01.2.18	4 February 1938	pls	UNKNOWN	"<div class=""txtsearchsnippet"">HAD ? A <b class=""highlightcolor"">St . Luke</b> s Church ( Church of England ) ...</div>"
114	plb19301019-01.2.23	19 October 1930	plb	WHERE TO GET THE BEST IN HAIFA	"<div class=""txtsearchsnippet"">... es Hairdressing Estab . Mountain St ., Opp . <b class=""highlightcolor"">St ., Luke</b> s Church Ragi Issa s House , ...</div>"
115	pls19350405-01.2.79	5 April 1935	pls	Services	"<div class=""txtsearchsnippet"">... Evening Service , 6 p . m . HAIFA <b class=""highlightcolor"">St . Luke</b> s Church . Holy Communion 7 . ...</div>"
116	pls19380819-01.2.147	19 August 1938	pls	UNKNOWN	"<div class=""txtsearchsnippet"">... Pastor : T . D . Urshan . HAIFA <b class=""highlightcolor"">St . Luke</b> s Church ( Church of England ) ...</div>"
117	pls19380826-01.2.156	26 August 1938	pls	UNKNOWN	"<div class=""txtsearchsnippet"">HAIFA <b class=""highlightcolor"">St . Luke</b> s Church ( Church of England ) ...</div>"
118	pls19390609-01.2.166	9 June 1939	pls	UNKNOWN	"<div class=""txtsearchsnippet"">... Pastor : T . D . Urshan . HAIFA <b class=""highlightcolor"">St . Luke</b> s Church ( Church of England ) ...</div>"
119	pls19390811-01.2.161	11 August 1939	pls	UNKNOWN	"<div class=""txtsearchsnippet"">... Pastor : T . D . Urshan . HAJFA <b class=""highlightcolor"">St . Luke</b> s Church ( Church of England ) ...</div>"
120	pls19390728-01.2.137	28 July 1939	pls	UNKNOWN	"<div class=""txtsearchsnippet"">... Pastor : T . D . Urshan . HAIFA <b class=""highlightcolor"">St . Luke</b> s Church , ( Church of England ...</div>"
121	pls19460905-01.2.24	5 September 1946	pls	UNKNOWN	"<div class=""txtsearchsnippet"">... to Annis A . - - &gt; • in <b class=""highlightcolor"">St . Luke</b> s Camp by l : ::. him ...</div>"
122	pls19451120-01.2.25	20 November 1945	pls	UNKNOWN	"<div class=""txtsearchsnippet"">7 p « m . : Dance ( <b class=""highlightcolor"">St . Luke</b> s Hut Mountain Rd . ); 8 ...</div>"
123	pls19460408-01.2.39	8 April 1946	pls	FOUR _ARFED ARABS ARRESTED	"<div class=""txtsearchsnippet"">... them , Saafin Sarag . She was taken to <b class=""highlightcolor"">St . Luke</b> s Hospital , Hebron . Four camels ...</div>"
124	chncijn19440421-01.2.16	21 April 1944	chncijn	Blessed Events	"<div class=""txtsearchsnippet"">... the birth of a son, Stephen, April 12, at <b class=""highlightcolor"">St. Luke's</b> Hospital. * Mr. and Mrs. Morey Sharp, nee ...</div>"
125	cgs19261105-01.2.65	5 November 1926	cgs	BIRTHS	"<div class=""txtsearchsnippet"">Enid , at <b class=""highlightcolor"">St . Luke</b> s hospital , Octo- nounce the birth ...</div>"
126	pls19370924-01.2.14	24 September 1937	pls	UNKNOWN	"<div class=""txtsearchsnippet""><b class=""highlightcolor"">St . Luke</b> s Church ( Church of England ) ...</div>"
127	plb19310831-01.2.26	31 August 1931	plb	Rest Of The News	"<div class=""txtsearchsnippet"">. tolen from <b class=""highlightcolor"">St . Luke</b> s Church , Haifa , Solomon Kosm ...</div>"
128	pls19340416-01.2.55	16 April 1934	pls	UNKNOWN	"<div class=""txtsearchsnippet"">... A memorial Service was held this morning at the <b class=""highlightcolor"">St . Luke</b> s Church for the late Sir F ...</div>"
129	pls19341011-01.2.22	11 October 1934	pls	lican Church Ang Plans	"<div class=""txtsearchsnippet"">THE BISHOPS PROPOSALS The disposal of <b class=""highlightcolor"">St . Luke</b> s property at Haifa is now under ...</div>"
130	pls19390120-01.2.117	20 January 1939	pls	UNKNOWN	"<div class=""txtsearchsnippet"">... Pastor : T . D . _Urshan . HAIFA <b class=""highlightcolor"">St . Luke</b> s Church ( Church of England ) ...</div>"
131	pls19390411-01.2.27	11 April 1939	pls	0 TARLES ATTEND EASTER SERVICES HIGH COMMISSIONER AT ST . GEORGE'S	"<div class=""txtsearchsnippet"">... _Headquarters when a detachment of British police marched to <b class=""highlightcolor"">St Luke</b> s . Afj the Carmelite Church , Father ...</div>"
132	pls19430214-01.2.54	14 February 1943	pls	TENDER	"<div class=""txtsearchsnippet"">... , Department of Customs ., Excise &amp; Trade , <b class=""highlightcolor"">St . Luke</b> s Street , Haifa , who will ...</div>"
133	pls19440710-01.2.52	10 July 1944	pls	UNKNOWN	"<div class=""txtsearchsnippet"">... at the special Thanksgiving- Service for the Navy at <b class=""highlightcolor"">St . Luke</b> s Church here this morning , which ...</div>"
134	pls19450926-01.2.22	26 September 1945	pls	UNKNOWN	"<div class=""txtsearchsnippet"">... _» 15 : _Fellowship M _^ _-. -eoik i <b class=""highlightcolor"">St Luke</b> _s-Mountain Rdv 8 3 _&lt;&gt; , ; Social ...</div>"
135	pls19460513-01.2.23	13 May 1946	pls	UNKNOWN	"<div class=""txtsearchsnippet"">... Haifa Lodge 5286 ( Ritz ( aim Dance ( <b class=""highlightcolor"">St . Luke</b> s i .</div>"
136	sydneyjn19400816-01.2.48	16 August 1940	sydneyjn	Advertising	"<div class=""txtsearchsnippet"">... Solo mon, 309 Arden St., Coogee, Mr. Blaut 24 <b class=""highlightcolor"">St. Luke</b> St., Randwick. HOYTS S1XWAYS Theatre: Mrs. Fried berg ...</div>"
137	pls19361127-01.2.20	27 November 1936	pls	UNKNOWN	"<div class=""txtsearchsnippet"">... , DD . O . C . F . <b class=""highlightcolor"">St Luke</b> s Church ( Church of England ) — ...</div>"
138	pls19370813-01.2.6	13 August 1937	pls	UNKNOWN	"<div class=""txtsearchsnippet"">... a . m . Cordial Welcome ftor All . <b class=""highlightcolor"">St . Luke</b> s Church ( Church of England ) ...</div>"
139	pls19380325-01.2.48	25 March 1938	pls	UNKNOWN	"<div class=""txtsearchsnippet"">HAIFA <b class=""highlightcolor"">St . Luke</b> s Churjh ( Church of England ) ...</div>"
140	plb19301005-01.2.22	5 October 1930	plb	IN HAIFA WHERE TO GET THE BESF	"<div class=""txtsearchsnippet"">... st . Floor Mountain St . , Opp . <b class=""highlightcolor"">St ., Luke</b> s Church First Class Ladt es Hairdressing ...</div>"
141	plb19301015-01.2.22	15 October 1930	plb	IN HAIFA WHERE TO GET THE BESf	"<div class=""txtsearchsnippet"">... 1 st . Floor Mountain St ., Opp . <b class=""highlightcolor"">St ., Luke</b> s Church First : Class Ladf . ...</div>"
142	pls19370122-01.2.15	22 January 1937	pls	UNKNOWN	"<div class=""txtsearchsnippet"">... , D . D . O . CF . <b class=""highlightcolor"">St Luke</b> s Church ( Church of England ) — ...</div>"
143	pls19370210-01.2.15	10 February 1937	pls	UNKNOWN	"<div class=""txtsearchsnippet"">... . He was to have given an address in <b class=""highlightcolor"">St . Luke</b> s Church on Ash Wednesday . February ...</div>"
144	pls19361204-01.2.15	4 December 1936	pls	UNKNOWN	"<div class=""txtsearchsnippet"">... . D . O . C . F . <b class=""highlightcolor"">St Luke</b> s Church ( Church of Ei land ) ...</div>"
145	pls19460802-01.2.54	2 August 1946	pls	UNKNOWN	"<div class=""txtsearchsnippet"">... application to the Director of Customs and Excise , <b class=""highlightcolor"">St . Luke</b> s Street , Haifa , who will ...</div>"
146	pls19401101-01.2.43	1 November 1940	pls	UNKNOWN	"<div class=""txtsearchsnippet"">... ; 0 and !&gt; . j HAIFA . j <b class=""highlightcolor"">St . Luke</b> s ( Church of England ) —H ...</div>"
147	pls19390421-01.2.62	21 April 1939	pls	UNKNOWN	"<div class=""txtsearchsnippet"">... or : T . D . Urshan . HAIFA <b class=""highlightcolor"">St . Luke</b> s Church ( Church of England ) ...</div>"
148	pls19390602-01.2.141	2 June 1939	pls	UNKNOWN	"<div class=""txtsearchsnippet"">... Pastor : T . D . Urshan . HAIFA <b class=""highlightcolor"">St . Luke</b> s Church ( Church of England ) ...</div>"
149	pls19440220-01.2.34	20 February 1944	pls	UNKNOWN	"<div class=""txtsearchsnippet"">... , Department of Customs , Excise and Trade , <b class=""highlightcolor"">St . Luke</b> s St reet , Haifa , who ...</div>"
150	pls19421211-01.2.15	11 December 1942	pls	UNKNOWN	"<div class=""txtsearchsnippet"">_HAIFA <b class=""highlightcolor"">St . Luke</b> s Church of lEnpland : — HC ...</div>"
151	pls19450816-01.2.21	16 August 1945	pls	UNKNOWN	"<div class=""txtsearchsnippet"">... . 30 p m . : _Whisht Drive ( <b class=""highlightcolor"">St . Luke</b> s Canteen ); 8 : Pad . ...</div>"
152	pls19471107-01.2.17	7 November 1947	pls	UNKNOWN	"<div class=""txtsearchsnippet"">... n and Sunday morning , at call . HAIFA <b class=""highlightcolor"">St . Luke</b> s Church of _England : H . ...</div>"
153	chncdjn19200721-01.2.60	21 July 1920	chncdjn	Local News	"<div class=""txtsearchsnippet"">... recovering from a serious operation which he underwent at <b class=""highlightcolor"">St. Luke**</b> hospital. Mr. Sol Harris of Nashville. Tennis visiting ...</div>"
154	chncijn19260805-01.2.12	5 August 1926	chncijn	Club News	"<div class=""txtsearchsnippet"">... that our | vice-president, Mendel Zelinger, is ar|’ ,’lhc- <b class=""highlightcolor"">St Luke's</b> Hospital, because of ty- ? y | phoid ...</div>"
155	tjewvc19210217-01.2.6	17 February 1921	tjewvc	NEW $300,000 TEMPLE PLANNED BY UNITED HEBREW	"<div class=""txtsearchsnippet"">... purchase of ground on Delmar avenue, at Belt, opposite <b class=""highlightcolor"">St. Luke's</b> Hospital, for the erection of a new temple. ...</div>"
156	bbh19391117-01.2.10	17 November 1939	bbh	Googhliniie Squelched for Slur Against F . D . B .	"<div class=""txtsearchsnippet"">... m Were Rev - Arthur J Wats ° f <b class=""highlightcolor"">St - Luke</b> s Episcopal ChiH-T nd ° fficials of ...</div>"
157	pls19380121-01.2.20	21 January 1938	pls	UNKNOWN	"<div class=""txtsearchsnippet""><b class=""highlightcolor"">St .. Luke</b> s Church ( Church of England ) ...</div>"
158	pls19340706-01.2.9	6 July 1934	pls	UNKNOWN	"<div class=""txtsearchsnippet"">HAIFA <b class=""highlightcolor"">St . Luke</b> s Church . 7 . 30 a ...</div>"
159	pls19390818-01.2.151	18 August 1939	pls	UNKNOWN	"<div class=""txtsearchsnippet"">... Pastor : T . D . Urshan . HAIFA <b class=""highlightcolor"">St . Luke</b> s Church ( Church of England ) ...</div>"
160	pls19390630-01.2.149	30 June 1939	pls	UNKNOWN	"<div class=""txtsearchsnippet"">... Pastor : T . D . Urshan . HAIFA <b class=""highlightcolor"">St . Luke</b> s Church ( Church of England ) ...</div>"
161	pls19430820-01.2.23	20 August 1943	pls	UNKNOWN	"<div class=""txtsearchsnippet"">... in English , any time at call . HAIFA <b class=""highlightcolor"">St . Luke</b> s Church of England : HC . ...</div>"
162	pls19390505-01.2.151	5 May 1939	pls	UNKNOWN	"<div class=""txtsearchsnippet"">HATFA <b class=""highlightcolor"">St . Luke</b> s Church ( Church of England ) ...</div>"
163	pls19450531-01.2.22	31 May 1945	pls	UNKNOWN	"<div class=""txtsearchsnippet"">... British Institute ) 7 . 30 _AVhisi Drive ( <b class=""highlightcolor"">St . Luke</b> s Canteen ); 8 : Padre s ...</div>"
164	pls19460426-01.2.22	26 April 1946	pls	UNKNOWN	"<div class=""txtsearchsnippet"">... ( Cafe Ritz ); Dance at the Hut ( <b class=""highlightcolor"">St . Luke</b> s ) . TOMORROW : JERUSALEM 8 ...</div>"
165	pls19470210-01.2.27	10 February 1947	pls	UNKNOWN	"<div class=""txtsearchsnippet"">... . o the Director of Customs and Excise , <b class=""highlightcolor"">St , Luke</b> s Street , Haifa , who will ...</div>"
166	pls19481126-01.2.14	26 November 1948	pls	UNKNOWN	"<div class=""txtsearchsnippet"">HAIFA <b class=""highlightcolor"">St Luke</b> s Churr _ i : — _Morning Service ...</div>"
167	chncijn19450823-01.2.5	23 August 1945	chncijn	Architects Selected For Rose Hospital	"<div class=""txtsearchsnippet"">... this war, and Lindner built the five-storv addition to <b class=""highlightcolor"">St. Luke's</b> Hospital! was associate architect Buildfor the Citv and ...</div>"
168	chncijn19241127-01.2.59	27 November 1924	chncijn	Obituaries	"<div class=""txtsearchsnippet"">... last ten years to (~lmriluh|v§ work, died suddenly at <b class=""highlightcolor"">St Luke's</b> hos- | [pil:ll Friday night of |uw||||m||h|.‘ !\\'hl('h ...</div>"
169	chncdjn19241127-01.2.59	27 November 1924	chncdjn	Obituaries	"<div class=""txtsearchsnippet"">... last ten years to (~lmriluh|v§ work, died suddenly at <b class=""highlightcolor"">St Luke's</b> hos- | [pil:ll Friday night of |uw||||m||h|.‘ !\\'hl('h ...</div>"
170	tjewvc19220908-01.2.5	8 September 1922	tjewvc	MRS. EMMA G. WOLF, ACTIVE G. 0. P. LEADER, DIES IN HOSPITAL	"<div class=""txtsearchsnippet"">... died at 12:45 o'clock Friday afternoon, September 1st, at <b class=""highlightcolor"">St. Luke's</b> Hospital. Mrs. Wolf had for several years taken ...</div>"
171	pls19381218-01.2.19	18 December 1938	pls	_OPERATIONS IN IIEttUON AREA BANDITS ARRESTED . ARMS	"<div class=""txtsearchsnippet"">... educated at the Scots College , Salad , and <b class=""highlightcolor"">St . Luke</b> s College here . He was described ...</div>"
172	pls19441113-01.2.67	13 November 1944	pls	"*** - "" ' . - _¦^ _"" _¦ "" - UL V _^ eaJlet _* J—ctl"	"<div class=""txtsearchsnippet"">... a church choir , in this case that of <b class=""highlightcolor"">St . Luke</b> s Church , Haifa , and is ...</div>"
173	chncijn19440407-01.2.118	7 April 1944	chncijn	MILE-HIGH VIEW	"<div class=""txtsearchsnippet"">... them neither knew they the things which were spoken.” <b class=""highlightcolor"">(St. Luke</b> 18:3134 &gt;. 44 And the whole mullitude of ...</div>"
174	bbh19291018-01.2.47	18 October 1929	bbh	Men ' s Clubs J oin Forces at Emanu-El	"<div class=""txtsearchsnippet"">... New Year s greetings to the absent brother in <b class=""highlightcolor"">St . Luke</b> s Hospital , Chicago . The president ...</div>"
175	cgs19200917-01.2.62.1	17 September 1920	cgs	Page 16 Advertisements Column 1	"<div class=""txtsearchsnippet"">... I 1438 S . Michigan Avew , Directly Opposite <b class=""highlightcolor"">St , Luke</b> ^ sjjospjta ^§</div>"
176	cgs19310410-01.2.5	10 April 1931	cgs	REPORT REPLIES TO ROCHESTER JEWS' PROTEST ON PAS- SION PLAY	"<div class=""txtsearchsnippet"">... of which Rev . Dr . Samuel Tyler of <b class=""highlightcolor"">St . Luke</b> s Episcopal Church is chairman .</div>"
177	pls19371203-01.2.21	3 December 1937	pls	UNKNOWN	"<div class=""txtsearchsnippet"">... Pastor : T . D . Ursfaan . HAIFA <b class=""highlightcolor"">St . Luke</b> s Church ( Church of England ) ...</div>"
178	pls19360306-01.2.13.4	6 March 1936	pls	Page 2 Advertisements Column 4	"<div class=""txtsearchsnippet"">... , 6 p . m . HAD 7 A <b class=""highlightcolor"">St . Luke</b> s Church — Holy Communion , 7 ...</div>"
179	pls19400307-01.2.11	7 March 1940	pls	PROTEST , PKAYERS • AT TIBERIAS TELEGRAM TO DISTRICT P 0 MM 1 SWNFR	"<div class=""txtsearchsnippet""><b class=""highlightcolor"">St . Luke</b> s Gift to Rev . and Mrs ...</div>"
180	pls19410416-01.2.30	16 April 1941	pls	WARMLY WELCOMED RY PILGRIMS	"<div class=""txtsearchsnippet"">... . McGrllivray , Dr . Semple . rincipal of <b class=""highlightcolor"">St . Luke</b> s College _, _laifa , Major _Shadforth ...</div>"
181	pls19390303-01.2.139	3 March 1939	pls	UNKNOWN	"<div class=""txtsearchsnippet"">... Pastor : T . D . _Urshan . HAIFA <b class=""highlightcolor"">St . Luke</b> s Church ( Church of England ) ...</div>"
182	pls19450419-01.2.22	19 April 1945	pls	UNKNOWN	"<div class=""txtsearchsnippet"">... 1 . ; 7 30 : Whist Drive ( <b class=""highlightcolor"">St . Luke</b> s Canteen 18 : Padre s * ...</div>"
183	pls19450626-01.2.14	26 June 1945	pls	UNKNOWN	"<div class=""txtsearchsnippet"">... _-iv ¦ - Dancing t Drive ( ( Soldiers <b class=""highlightcolor"">St . Luke</b> Re s - ¦ _,. , ., ...</div>"
184	pls19460111-01.2.25	11 January 1946	pls	UNKNOWN	"<div class=""txtsearchsnippet"">... ; VVEEPAEE ENTERTAINMENT : 7 jam . Dance ( <b class=""highlightcolor"">St . Luke</b> s *; _et . A . O ...</div>"
185	pls19460412-01.2.18	12 April 1946	pls	UNKNOWN	"<div class=""txtsearchsnippet"">... ( Cafe Ritz ); Dance at the Hut ( <b class=""highlightcolor"">St . Luke</b> _ sh TOMORROW : JERUSALEM 11 a ...</div>"
186	bbh19351101-01.2.56	1 November 1935	bbh	BERTHS	"<div class=""txtsearchsnippet"">... Sidney Aaron , born Oct . 26 , at <b class=""highlightcolor"">St Luke</b> s Hos « pital ta Pasadena . FLOOr ...</div>"
187	cgs19320819-01.2.65	19 August 1932	cgs	"ESTATE TO ""SICK AND OLD "" HENRY G . FOREMAN LEAVES"	"<div class=""txtsearchsnippet"">... was 75 years Mr . Foreman died at the <b class=""highlightcolor"">St . Luke</b> s</div>"
188	pls19370730-01.2.23	30 July 1937	pls	UNKNOWN	"<div class=""txtsearchsnippet"">... . £ &gt; . Cordial Welcome for All . <b class=""highlightcolor"">St . Luke</b> s _( Churcn ( Chtfrch bf England ...</div>"
189	plb19310828-01.2.30	28 August 1931	plb	Two Injured In Car Accident	"<div class=""txtsearchsnippet"">... his house where the gems stolei } from the <b class=""highlightcolor"">St . Luke</b> s Church some time ago wero found ...</div>"
190	pls19340504-01.2.19	4 May 1934	pls	UNKNOWN	"<div class=""txtsearchsnippet"">HAIFA <b class=""highlightcolor"">St . Luke</b> s Church . 7 . 30 a ...</div>"
191	pls19350517-01.2.36	17 May 1935	pls	UNKNOWN	"<div class=""txtsearchsnippet"">... (¦ p . m . IT A IP A <b class=""highlightcolor"">St , Luke</b> s Church — Foly Communion . 7 ...</div>"
192	pls19350823-01.2.17	23 August 1935	pls	Children ' s Horne _liiii _^ ' _fihNi _' A private home for children of	"<div class=""txtsearchsnippet"">HAIFA <b class=""highlightcolor"">St . Luke</b> s Church — Holy Communion , 7 ...</div>"
193	pls19350404-01.2.61	4 April 1935	pls	Murdered Immigrant Buried	"<div class=""txtsearchsnippet"">... and the Rev . Mr . Irving , of <b class=""highlightcolor"">St Luke</b> s , Haifa , officiated . Among the ...</div>"
194	pls19400628-01.2.87	28 June 1940	pls	UNKNOWN	"<div class=""txtsearchsnippet"">HAIFA <b class=""highlightcolor"">St . Luke</b> s Church ( Church of England ) ...</div>"
195	pls19390519-01.2.33	19 May 1939	pls	UNKNOWN	"<div class=""txtsearchsnippet"">HAIFA <b class=""highlightcolor"">St . Luke</b> s Church ( Church of England ) ...</div>"
196	pls19400902-01.2.33	2 September 1940	pls	UNKNOWN	"<div class=""txtsearchsnippet"">An interesting military and clerical wedding took place at <b class=""highlightcolor"">St . Luke</b> s Church in Haifa on Saturday , ...</div>"
197	pls19440627-01.2.33	27 June 1944	pls	UNKNOWN	"<div class=""txtsearchsnippet"">... of Scots College , Safad , and Headmaster of <b class=""highlightcolor"">St . Luke</b> s School . Haifa . The 1 ...</div>"
198	pls19450511-01.2.13	11 May 1945	pls	UNKNOWN	"<div class=""txtsearchsnippet"">... 10 a rn ., Breaking of Bread , HAIFA <b class=""highlightcolor"">St . Luke</b> s Church of England : — ! ...</div>"
199	pls19450420-01.2.30	20 April 1945	pls	UNKNOWN	"<div class=""txtsearchsnippet"">... s Club ); 7 . 30 : Dance ( <b class=""highlightcolor"">St . Luke</b> s Canteen ); 8 . 15 : ...</div>"
200	pls19451130-01.2.139	30 November 1945	pls	SISTER XENIA PAINTS IKONS AT AIN KAREN	"<div class=""txtsearchsnippet"">... paint tubes . Imitating her great . prototype , <b class=""highlightcolor"">St , Luke</b> , she . practised both . professions ...</div>"
201	pls19451023-01.2.23	23 October 1945	pls	UNKNOWN	"<div class=""txtsearchsnippet"">WELFARE ENTERTAINMENT : 7 m . : Dance ( <b class=""highlightcolor"">St . Luke</b> s Hut p Mountain Rdj ; 8 ...</div>"
202	pls19451228-01.2.16	28 December 1945	pls	UNKNOWN	"<div class=""txtsearchsnippet"">... ENTERTAINMENT : 7 p . m . Dance ( <b class=""highlightcolor"">St . Luke</b> s ) : R . A . ...</div>"
203	pls19460118-01.2.21	18 January 1946	pls	UNKNOWN	"<div class=""txtsearchsnippet"">... WELFARE ENTERTAINMENT : 7 . m . Dance ( <b class=""highlightcolor"">St . Luke</b> si ; p R . A . ...</div>"
204	pls19460510-01.2.20	10 May 1946	pls	UNKNOWN	"<div class=""txtsearchsnippet"">... ( Cafe Ritzi ; Dance at the Hut ( <b class=""highlightcolor"">St . Luke</b> s ) .</div>"
205	pls19401224-01.2.20	24 December 1940	pls	UNKNOWN	"<div class=""txtsearchsnippet"">... &lt; &gt; Bittflc Town of Bethlehem ; Reading : <b class=""highlightcolor"">St . Luke</b> II ; 8—11 ; While Shepherds watched ...</div>"
206	bbmagazine19340301-01.2.39	1 March 1934	bbmagazine	600 Brave Sub-Zero Weather in Bethlehem To Hear Pres. Cohen Greet Plaque Winner	"<div class=""txtsearchsnippet"">... to Dr. W. L. Estes, Sr., surgeon emeritus of <b class=""highlightcolor"">St. Luke's</b> hospital, and pre-eminent citizen. This is the third ...</div>"
207	cgs19310130-01.2.72	30 January 1931	cgs	KUPPENHEIMER WILL FILED	"<div class=""txtsearchsnippet"">... 5 , 000 ; $ 15 , 000 ; <b class=""highlightcolor"">St . Luke</b> s hospital , $ 10 , 000 ...</div>"
208	cgs19310116-01.2.31	16 January 1931	cgs	EDWIN F . MEYER , CHARITY LEADER , DIES	"<div class=""txtsearchsnippet"">... , died on Monday , January 12 , in <b class=""highlightcolor"">St . Luke</b> s hospital . He was 65 years ...</div>"
209	cgs19410130-01.2.23	30 January 1941	cgs	FEBRUARY PROGRAM PLANNED FOR PHOENIX REPLETE WITH FUN , FROLIC	"<div class=""txtsearchsnippet"">... February 28 . Other features of the month include <b class=""highlightcolor"">St . Luke</b> s Ball ; Orpheum Club concert of ...</div>"
210	cgs19320729-01.2.25	29 July 1932	cgs	HENRY FOREMAN DIES	"<div class=""txtsearchsnippet"">... Mr . Foreman had been July 25 , in <b class=""highlightcolor"">St . Luke</b> s hospital at the county board , ...</div>"
211	pls19370910-01.2.21	10 September 1937	pls	UNKNOWN	"<div class=""txtsearchsnippet"">... a . m . Cordial Welcome for All . <b class=""highlightcolor"">St . Luke</b> s Church ( Church of England ) ...</div>"
212	pls19370827-01.2.20	27 August 1937	pls	UNKNOWN	"<div class=""txtsearchsnippet"">... a . m . Cordial Welcome for All . <b class=""highlightcolor"">St . Luke</b> s Church ( Church of England ) ...</div>"
213	pls19371112-01.2.25	12 November 1937	pls	UNKNOWN	"<div class=""txtsearchsnippet"">... a . m . ; Sung Mass , 10 <b class=""highlightcolor"">St . Luke</b> s Church ( Church of England ) ...</div>"
214	pls19371105-01.2.23.2	5 November 1937	pls	Page 2 Advertisements Column 2	"<div class=""txtsearchsnippet"">... m . , , ; Sung Mass , 10 <b class=""highlightcolor"">St . Luke</b> s Chtirch ( Church of F * ...</div>"
215	plb19301012-01.2.25	12 October 1930	plb	: Dr . _SJbtels in Emek	"<div class=""txtsearchsnippet"">... receive District Commiss : oner will visit Zichron at <b class=""highlightcolor"">St . Luke</b> S , and after lunch , with ...</div>"
216	pls19370205-01.2.12	5 February 1937	pls	UNKNOWN	"<div class=""txtsearchsnippet"">... DX &gt; . O . C . F . <b class=""highlightcolor"">St . Luke</b> s Church &lt;( Church of England ) ...</div>"
217	pls19360605-01.2.15	5 June 1936	pls	Services	"<div class=""txtsearchsnippet"">HAIFA <b class=""highlightcolor"">St . Luke</b> s Church — Holy Communion , 7 ...</div>"
218	pls19340726-01.2.18	26 July 1934	pls	UNKNOWN	"<div class=""txtsearchsnippet"">... : D . W . Irving . Address : <b class=""highlightcolor"">St . Luke</b> s Church , Haifa . Qualification : ...</div>"
219	pls19350405-01.2.42	5 April 1935	pls	Will Greet Pope The Kin _&' s Jubilee * 7	"<div class=""txtsearchsnippet"">... quoted verses nine to eleven from chapter twenty-one of <b class=""highlightcolor"">St . Luke</b> , and declared that it was not ...</div>"
220	pls19391229-01.2.155	29 December 1939	pls	UNKNOWN	"<div class=""txtsearchsnippet"">HAIFA <b class=""highlightcolor"">St . Luke</b> s Church ( Church of England ) ...</div>"
221	pls19400209-01.2.101	9 February 1940	pls	UNKNOWN	"<div class=""txtsearchsnippet"">... Pastor : T . D . Urshan . HAIFA <b class=""highlightcolor"">St . Luke</b> s Church ( Church of England ) ...</div>"
222	pls19400206-01.2.19	6 February 1940	pls	ONLY 2 . 6 KM . LEFT TO IUJILD	"<div class=""txtsearchsnippet"">... direct road would run -via the Western Carmel to <b class=""highlightcolor"">St . Luke</b> s School , and would join the ...</div>"
223	pls19401018-01.2.21	18 October 1940	pls	UNKNOWN	"<div class=""txtsearchsnippet"">... prayer peace , I _ _. enediction . HAIFA <b class=""highlightcolor"">St . Luke</b> s ( Chnrcii of _England ) —H ...</div>"
224	pls19400726-01.2.98	26 July 1940	pls	UNKNOWN	"<div class=""txtsearchsnippet"">HAIFA <b class=""highlightcolor"">St . Luke</b> s Church ( Church o ! England ...</div>"
225	pls19400809-01.2.90	9 August 1940	pls	UNKNOWN	"<div class=""txtsearchsnippet"">HAIFA <b class=""highlightcolor"">St . Luke</b> s Church ( Church oT England ) ...</div>"
226	pls19441116-01.2.34	16 November 1944	pls	UNKNOWN	"<div class=""txtsearchsnippet"">... . m . : Whist Drive ; p ( <b class=""highlightcolor"">St . Luke</b> s Canteen ;) 8 : Gramophone Recital ...</div>"
227	pls19440907-01.2.56	7 September 1944	pls	W % - f % PT M wZ	"<div class=""txtsearchsnippet"">... Department ? f Customs ., Excise and Trade , <b class=""highlightcolor"">St . Luke</b> s Street , Haifa , who will ...</div>"
228	pls19450130-01.2.17	30 January 1945	pls	UNKNOWN	"<div class=""txtsearchsnippet"">... . WELFARE ENTERTAINMENT : 7 3 : Daiu-e i <b class=""highlightcolor"">St . Luke</b> s pan FfatiWhist Drive ( Soldiers ; ...</div>"
229	pls19450806-01.2.19	6 August 1945	pls	UNKNOWN	"<div class=""txtsearchsnippet"">... Andrew s Club ); 7 . 30 Dance ( <b class=""highlightcolor"">St . Luke</b> s Canteen ); 8 . 15 : ...</div>"
230	pls19450612-01.2.43	12 June 1945	pls	Where to Go || j | jjjj	"<div class=""txtsearchsnippet"">... 7 30 p . m . : Dancing ( <b class=""highlightcolor"">St . Luke</b> s Hut ¦ ; Whis Driv ^ ...</div>"
231	pls19450624-01.2.51	24 June 1945	pls	iENDER	"<div class=""txtsearchsnippet"">... the Director of Customs , Excise and Tirade , <b class=""highlightcolor"">St . Luke</b> s Sltreeit , Haifa , who will ...</div>"
232	pls19451012-01.2.27	12 October 1945	pls	¦ IIWMlHliWtt—WWWIl—llllllllWlUllllllllM ' lBmiiinillnMHlMI— HlllM j j ! Where to Go	"<div class=""txtsearchsnippet"">... : 7 p : r .. : Dance ( <b class=""highlightcolor"">St Luke</b> s , Mountain Rd . j ; R ...</div>"
233	pls19451128-01.2.38	28 November 1945	pls	UNKNOWN	"<div class=""txtsearchsnippet"">... * * While on duty on Monday evening at <b class=""highlightcolor"">St . Luke</b> s Camp , llad a . _Tcmj ...</div>"
234	pls19451003-01.2.25	3 October 1945	pls	UNKNOWN	"<div class=""txtsearchsnippet"">... . : F &amp; llowsbap Met . ing ( <b class=""highlightcolor"">St Luke</b> f , Mountain Rd i- ; 8 30 ...</div>"
235	pls19451009-01.2.22	9 October 1945	pls	UNKNOWN	"<div class=""txtsearchsnippet"">... WELFARE ENTERTAINMENT 7 p m . : Dance ( <b class=""highlightcolor"">St . Luke</b> s Hut Moun . a . in ...</div>"
236	pls19450323-01.2.30	23 March 1945	pls	UNKNOWN	"<div class=""txtsearchsnippet"">... Club * 7 . 30 : Dance ; ( <b class=""highlightcolor"">St . - Luke</b> s Canteen * ; 8 : ...</div>"
237	hebstd19180201-01.2.44	1 February 1918	hebstd	Emil Wolff Leaves *2,000,000 for ' Charity.	"<div class=""txtsearchsnippet"">... Guardian Society, Denver; New York Skin and Cancer Hospital, <b class=""highlightcolor"">'St. Luke's</b> Hospital, Beth Israel Hospital and Sydenham Hospital. The ...</div>"
238	bbh19350308-01.2.43	8 March 1935	bbh	All Faiths In Brotherhood Day Observance At Long Beach	"<div class=""txtsearchsnippet"">... a symposium on better understanding was held at the <b class=""highlightcolor"">St . Luke</b> s Episcopal Church with representatives of the ...</div>"
239	amjwld19370924-01.2.44	24 September 1937	amjwld	St . Paul Prelate in Fund Plea Points To Wrongs Inflicted by Christians	"<div class=""txtsearchsnippet"">... hands in an appeal made from his pulpit at <b class=""highlightcolor"">St . Luke</b> s Church , St . Paul , ...</div>"
240	pls19371014-01.2.38	14 October 1937	pls	UNKNOWN	"<div class=""txtsearchsnippet"">... Rev . W . D . Irving , of <b class=""highlightcolor"">St . Luke</b> s Church , has returned to Haifa ...</div>"
241	pls19371224-01.2.10	24 December 1937	pls	UNKNOWN	"<div class=""txtsearchsnippet"">_lllllllllllllllllllllllllllllllllllllllllllllll HAIFA <b class=""highlightcolor"">St . Luke</b> s Church ( Church of Emgland ) ...</div>"
242	pls19380311-01.2.48	11 March 1938	pls	UNKNOWN	"<div class=""txtsearchsnippet"">... Pastor : T . D . Urshan . HAIFA <b class=""highlightcolor"">St . Luke</b> s _Church ( Church of England ) ...</div>"
243	pls19370507-01.2.16	7 May 1937	pls	UNKNOWN	"<div class=""txtsearchsnippet"">... in preparation for tbe Coronation will be held in <b class=""highlightcolor"">St . Luke</b> s Church , Haifa , on Sun9 ...</div>"
244	pls19380527-01.2.115	27 May 1938	pls	* T _>* - > v- \> V * lr V * _KSJ _& y ! ll ! lllll !!! ll !! l !! l ! l !! ll !! l ! lll !! llilll !! l ( l !!!! llill	"<div class=""txtsearchsnippet"">HAIFA <b class=""highlightcolor"">St . Luke</b> s Church ( Church of England ) ...</div>"
245	pls19341019-01.2.14	19 October 1934	pls	Religious S _* rvh	"<div class=""txtsearchsnippet"">... ( Muristan ) 9 . 30 Service . Haifa <b class=""highlightcolor"">St . Luke</b> s Church . 7 . 30 a ...</div>"
246	pls19381113-01.2.21	13 November 1938	pls	"HARIMAII ""WELCOMED TO JERUSALEM"	"<div class=""txtsearchsnippet"">An Armistice Service of Remembrance will be held at <b class=""highlightcolor"">St . Luke</b> s ChurchHaifa , at 10 o clock ...</div>"
247	pls19391113-01.2.11	13 November 1939	pls	REMEMBRANCE DAY SERVICES IN HAIFA AND JERUSALEM	"<div class=""txtsearchsnippet"">... A service of Remembrance and Dedication was held at <b class=""highlightcolor"">St . Luke</b> s Church before a full congregation this ...</div>"
248	pls19401025-01.2.47	25 October 1940	pls	UNKNOWN	"<div class=""txtsearchsnippet"">... , 9 and 10 a . m . HAIFA <b class=""highlightcolor"">St . Luke</b> s Church of —H . C . ...</div>"
249	pls19400517-01.2.107	17 May 1940	pls	UNKNOWN	"<div class=""txtsearchsnippet""><b class=""highlightcolor"">St . Luke</b> s Church ( Church oi England ) ...</div>"
250	pls19400322-01.2.153	22 March 1940	pls	UNKNOWN	"<div class=""txtsearchsnippet"">HAIFA <b class=""highlightcolor"">St . Luke</b> s Church ( Church ot England ) ...</div>"
251	pls19390127-01.2.38	27 January 1939	pls	UNKNOWN	"<div class=""txtsearchsnippet"">HAIFA <b class=""highlightcolor"">St . Luke</b> s Church Church of _Ensdand _; Holy ...</div>"
252	pls19390706-01.2.253	6 July 1939	pls	UNKNOWN	"<div class=""txtsearchsnippet"">HAIFA <b class=""highlightcolor"">St . Luke</b> s Church ( Church of England ) ...</div>"
253	pls19441130-01.2.17	30 November 1944	pls	A LUCKY GAMBLE	"<div class=""txtsearchsnippet"">... 30 p . m . : Whist Drive i <b class=""highlightcolor"">St . Luke</b> s Canteen * 8 : Gra- ; ...</div>"
254	pls19430924-01.2.13	24 September 1943	pls	UNKNOWN	"<div class=""txtsearchsnippet"">... in lishtime at call . Eng , any HAIFA <b class=""highlightcolor"">St . Luke</b> s Church of land : — Eng ...</div>"
255	pls19440305-01.2.32	5 March 1944	pls	UNKNOWN	"<div class=""txtsearchsnippet"">... Saturday . — The marriage took place today at <b class=""highlightcolor"">St . Luke</b> s- Church between Captain William Hartley Stewart ...</div>"
256	pls19450301-01.2.34	1 March 1945	pls	Where to Go [ II j ||	"<div class=""txtsearchsnippet"">... Socletvi ; 7 . 30 : Whist Drive ( <b class=""highlightcolor"">St . Luke</b> s C « . n &lt; U ...</div>"
257	pls19450206-01.2.28	6 February 1945	pls	UNKNOWN	"<div class=""txtsearchsnippet"">... 30 p . m . : Dane * ( <b class=""highlightcolor"">St . Luke</b> s Huti ; Whist Diive ( Soldiers ...</div>"
258	pls19450608-01.2.23	8 June 1945	pls	Where to Go | ij | jf	
259	pls19451116-01.2.12	16 November 1945	pls	UNKNOWN	"<div class=""txtsearchsnippet"">... : i p . m . : Dance ( <b class=""highlightcolor"">St . Luke</b> s , Mountain Rd . ); R ...</div>"
260	tjewvc19260312-01.2.11	12 March 1926	tjewvc	OFFER THEIR BLOOD TO SAVE OTHERS	"<div class=""txtsearchsnippet"">... are co-operating in this movement are Bethesda, City, Barnes, <b class=""highlightcolor"">St. Luke's,</b> Children's, Jewish, Barnard Skin and Cancer Hospital, and ...</div>"
261	pls19361127-01.2.12	27 November 1936	pls	T w aiia Hosital _Comforfs Fvm < _t p	"<div class=""txtsearchsnippet"">... of subscribers to date will be published in the <b class=""highlightcolor"">St . Luke</b> s Monthly Review in December .</div>"
262	pls19360803-01.2.45	3 August 1936	pls	UNKNOWN	"<div class=""txtsearchsnippet"">... Douglas Hawkridge , from the Chelsea Parish Church of <b class=""highlightcolor"">St Luke</b> . 3 : 00 . m . EMPIRE ...</div>"
263	pls19361023-01.2.6	23 October 1936	pls	UNKNOWN	"<div class=""txtsearchsnippet""><b class=""highlightcolor"">St Luke</b> s CShterch — Holy Cotmniiiiion , 7 . ...</div>"
264	pls19380415-01.2.40	15 April 1938	pls	UNKNOWN	"<div class=""txtsearchsnippet"">HAIFA <b class=""highlightcolor"">St . Luke</b> s Church Good Friday :</div>"
265	pls19340411-01.2.5	11 April 1934	pls	Minister Collapses at His Banquet	"<div class=""txtsearchsnippet"">... service to Sir Frederick Palmer will be held at <b class=""highlightcolor"">St . Luke</b> s Church on Sunday , April 15 ...</div>"
266	pls19361210-01.2.56	10 December 1936	pls	_% Vlr ** if > $ s _Progr-rimmes	"<div class=""txtsearchsnippet"">... Douglas Hawkbridge . From the Chelsea Parish Church of <b class=""highlightcolor"">St . Luke</b> , London . 9 . 50 PRAGUE ...</div>"
267	pls19380610-01.2.59	10 June 1938	pls	Sconces	"<div class=""txtsearchsnippet"">HAIFA <b class=""highlightcolor"">St . Luke</b> s Church ( Church of England ! ...</div>"
268	pls19391204-01.2.31	4 December 1939	pls	"Haifa Wedding _"" - *• LIST 0 _X- —C 0 X"	"<div class=""txtsearchsnippet"">... , Sunday . — The wedding took place at <b class=""highlightcolor"">St . Luke</b> s Church yesterday between Lieut . Robert ...</div>"
269	pls19460530-01.2.42	30 May 1946	pls	UNKNOWN	"<div class=""txtsearchsnippet"">... . Janet Waidegrave Carr was born in _Cumireiland on <b class=""highlightcolor"">St . Luke</b> s lSo _ _i . As a ...</div>"
270	pls19401011-01.2.54	11 October 1940	pls	UNKNOWN	"<div class=""txtsearchsnippet"">... Be- , Rosary prayer peace , nediction . HAIFA <b class=""highlightcolor"">St . Luke</b> s ( Church of England ) — ...</div>"
271	pls19400614-01.2.87	14 June 1940	pls	UNKNOWN	"<div class=""txtsearchsnippet"">HAIFA <b class=""highlightcolor"">St . Luke</b> s Church ( Church oi England ) ...</div>"
272	pls19400621-01.2.75	21 June 1940	pls	_Strmcts	"<div class=""txtsearchsnippet"">HAIFA <b class=""highlightcolor"">St . Luke</b> s Church ( Church ol England ) ...</div>"
273	pls19450412-01.2.37	12 April 1945	pls	I Whereto Go j : | h 11	"<div class=""txtsearchsnippet"">... . p . m . t Whist Drive ( <b class=""highlightcolor"">St . Luke</b> s Canteen 8 : Padre s at ...</div>"
274	pls19450803-01.2.22	3 August 1945	pls	UNKNOWN	"<div class=""txtsearchsnippet"">... . 30 : W . is ; Drive i <b class=""highlightcolor"">St . Luke</b> s Canteen ); 8 : Gramophone Recital ...</div>"
275	pls19460322-01.2.20	22 March 1946	pls	UNKNOWN	"<div class=""txtsearchsnippet"">... 1 . Dance a * the Hut . ( <b class=""highlightcolor"">St . Luke</b> s ) . TOMORROW JERUSALEM 3 p ...</div>"
276	pls19460404-01.2.31	4 April 1946	pls	UNKNOWN	"<div class=""txtsearchsnippet"">... ? TS The Annual _Senior School Sports of trot- <b class=""highlightcolor"">St . Luke</b> s Sen ool , Haita . _Vvert- ...</div>"
277	palestineweekly19270819-01.2.27	19 August 1927	palestineweekly	EARTHQUAKE RELIEF FUND	"<div class=""txtsearchsnippet"">... Stores 4.100 Proceeds of Sale in Nabius 3.156 Collection, <b class=""highlightcolor"">St. Luke's</b> Church, Haifa 3.000, Mr. E. Karlin 3.000 Izzat ...</div>"
278	pls19400620-01.2.19	20 June 1940	pls	British War Comforts Fund	"<div class=""txtsearchsnippet"">... . W . Irving — — 500 Collection at <b class=""highlightcolor"">St . Luke</b> s Church — — — —¦ — ...</div>"
279	frw19290809-01.2.74	9 August 1929	frw	איגטערעסאגטע גייעם אין בילדער&#8237;[' &#8236;	"<div class=""txtsearchsnippet"">... (right), ousted star of Fioretla, is lying 111 in <b class=""highlightcolor"">St. Luke's</b> _Hosptal, suffering from a _mulady which 'physicians 1;fuse ...</div>"
280	frw19451221-01.2.89.1	21 December 1945	frw	Page 8 Advertisements Column 1	"<div class=""txtsearchsnippet"">... And, as star‭?j ‭?I I '_^_rf_^_Ut_'‬ ‭? Jji The <b class=""highlightcolor"">St. Luke'&lt;</b> Boys' Choir‬ _1* WABC-7:30‬ ‭»^&amp;_0&amp;«, P. M. ‭A ...</div>"
281	pls19360810-01.2.40	10 August 1936	pls	The Late Mrs . Torrance	"<div class=""txtsearchsnippet"">... the service was conducted at the Anglican Church of <b class=""highlightcolor"">St . Luke</b> by th e Rev . D . ...</div>"
282	pls19371004-01.2.3	4 October 1937	pls	SERVICES FOR MR . ANDREWS AND P . C . MCE WAN	"<div class=""txtsearchsnippet"">... P . R . McEwan , was held in <b class=""highlightcolor"">St . Luke</b> s Church this morning before a large ...</div>"
283	pls19340518-01.2.13	18 May 1934	pls	_Relifiiotis _Services	"<div class=""txtsearchsnippet"">HAIFA <b class=""highlightcolor"">St . Luke</b> s Church . 7 . 30 a ...</div>"
284	pls19340921-01.2.8	21 September 1934	pls	Religious Services	"<div class=""txtsearchsnippet"">HAIFA <b class=""highlightcolor"">St . Luke</b> s Church . 7 . 30 a ...</div>"
285	pls19350913-01.2.6.3	13 September 1935	pls	Page 2 Advertisements Column 3	"<div class=""txtsearchsnippet"">Cerman Church — Moirninir a . m . HAIFA <b class=""highlightcolor"">St . Luke</b> s Church — Holy 77 . 0 ...</div>"
286	pls19391108-01.2.31	8 November 1939	pls	Scott-Booth wedding In Haifa	"<div class=""txtsearchsnippet"">The wedding _toofc place at <b class=""highlightcolor"">St .. Luke</b> s Church , Haifa , yesterday , ...</div>"
287	refadv19180720-01.2.18	20 July 1918	refadv	Domestic News	"<div class=""txtsearchsnippet"">... York Sb « and Cancer Hospital , 100 ; <b class=""highlightcolor"">St . Luke</b> s HosMuseum of Art . pital , ...</div>"
288	pls19390407-01.2.151	7 April 1939	pls	UNKNOWN	"<div class=""txtsearchsnippet"">HAIEA <b class=""highlightcolor"">St :. Luke</b> s Church ( Church of England ); ...</div>"
289	pls19431022-01.2.13	22 October 1943	pls	UNKNOWN	"<div class=""txtsearchsnippet"">... ; English , anv time at call . HAIFA <b class=""highlightcolor"">St . Luke</b> s _CbiT h of England ?—- PATRON ...</div>"
290	pls19440714-01.2.24	14 July 1944	pls	UNKNOWN	"<div class=""txtsearchsnippet"">... a . m ., Breaking of Bread . HAIFA <b class=""highlightcolor"">St . Luke</b> s Church of England : — H ...</div>"
291	pls19440818-01.2.21	18 August 1944	pls	UNKNOWN	"<div class=""txtsearchsnippet"">... a . m ., Breaking of Breau . HAIFA <b class=""highlightcolor"">St , Luke</b> s Church of England : — H ...</div>"
292	pls19440825-01.2.22	25 August 1944	pls	UNKNOWN	"<div class=""txtsearchsnippet"">... a . m .., Breaking of Bread . HAIFA <b class=""highlightcolor"">St . Luke</b> s Church of England : — H ...</div>"
293	pls19480130-01.2.19	30 January 1948	pls	UNKNOWN	"<div class=""txtsearchsnippet"">... y and Sunday morning , at call . HAIFA <b class=""highlightcolor"">St . Luke</b> s Church of _Eftgland : 7 . ...</div>"
294	pls19360925-01.2.5	25 September 1936	pls	Religious Services	"<div class=""txtsearchsnippet"">HAIFA <b class=""highlightcolor"">St . Luke</b> s Church — Holy Communion , 7 ...</div>"
295	pls19361002-01.2.14	2 October 1936	pls	Religious Services	"<div class=""txtsearchsnippet"">HAIFA <b class=""highlightcolor"">St . Luke</b> s Church — Holy Communion 7 . ...</div>"
296	pls19370806-01.2.19	6 August 1937	pls	UNKNOWN	"<div class=""txtsearchsnippet"">... a . m . Cordial Welcome for All . <b class=""highlightcolor"">St . Luke</b> s Church ( Church of England ) ...</div>"
297	pls19370930-01.2.27	30 September 1937	pls	MURDER OF MR . ANDREWS	"<div class=""txtsearchsnippet"">... 10 a . m . on Sunday , at <b class=""highlightcolor"">St . Luke</b> s Church in Haifa and at 6 ...</div>"
298	pls19350322-01.2.77	22 March 1935	pls	_Religions Ser : _ics . _s	"<div class=""txtsearchsnippet"">... Evening Service , 6 p . m . HAIFA <b class=""highlightcolor"">St . Luke</b> s Church . Holy Communion , 7 ...</div>"
299	pls19350329-01.2.84	29 March 1935	pls	UNKNOWN	"<div class=""txtsearchsnippet"">... Evening Service , 6 p . m . HAIFA <b class=""highlightcolor"">St . Luke</b> s Church . Holy Communion , 7 ...</div>"
300	pls19380330-01.2.36	30 March 1938	pls	Tli *? IPmrim Wmzzm 12 CORRECT SOLUTIONS	"<div class=""txtsearchsnippet"">Mrs . E . D . Forster , <b class=""highlightcolor"">St . Luke</b> s HospitalHebronDr . H . FoxTel Aviv ...</div>"
301	pls19380414-01.2.17	14 April 1938	pls	TODAY'S RELIGIOUS CEREMONIES	"<div class=""txtsearchsnippet"">... Ante-Communion service at 7 o clock tomorrow morning at <b class=""highlightcolor"">St . Luke</b> s Church , Haifa . ( Further ...</div>"
302	plb19300325-01.2.11	25 March 1930	plb	NEW TESTAMENT DOCUMENTS FOUND IN EGYPT	"<div class=""txtsearchsnippet"">... _Blaansay and others , . tlie ease , and <b class=""highlightcolor"">St . Luke</b> was re- ־ this Wa _&lt;) no ...</div>"
303	pls19370408-01.2.36	8 April 1937	pls	READERS' LETTERS	"<div class=""txtsearchsnippet"">... is being transferred to Haifa tinder the name of <b class=""highlightcolor"">St . Luke</b> s School . As I am a ...</div>"
304	pls19341224-01.2.44	24 December 1934	pls	Tomorrow	"<div class=""txtsearchsnippet"">HAIFA <b class=""highlightcolor"">St . Luke</b> s Church . Ho _. lCommunion y ...</div>"
305	pls19341223-01.2.43	23 December 1934	pls	Baghdad Propaganda Trial	"<div class=""txtsearchsnippet"">HAIFA The wedding took place at <b class=""highlightcolor"">St . Luke</b> sHaifa , on Tuesday , December , ...</div>"
306	pls19391215-01.2.51	15 December 1939	pls	"_pctvxttz """	"<div class=""txtsearchsnippet"">HAIFA <b class=""highlightcolor"">St . Luke</b> s Church ( Church of England ) ...</div>"
307	pls19391109-01.2.33	9 November 1939	pls	BAR MITZVAH	"<div class=""txtsearchsnippet"">The High Commissioner yAter &amp; ay morning visited <b class=""highlightcolor"">St . Luke</b> s School in Haifa where he was ...</div>"
308	pls19460610-01.2.12	10 June 1946	pls	UNKNOWN	"<div class=""txtsearchsnippet"">... . the staff Hooper , and the boys of <b class=""highlightcolor"">St . Luke</b> s School and all those who so ...</div>"
309	pls19470711-01.2.23	11 July 1947	pls	UNKNOWN	"<div class=""txtsearchsnippet"">HAIFA <b class=""highlightcolor"">St . Luke</b> s Church of _lCnsrlandt H . C ...</div>"
310	pls19400412-01.2.24	12 April 1940	pls	UNKNOWN	"<div class=""txtsearchsnippet"">... attended , Levy , the Annual Sports Day of <b class=""highlightcolor"">St . Luke</b> s School on Wednesd . The Band ...</div>"
311	pls19381223-01.2.60	23 December 1938	pls	UNKNOWN	"<div class=""txtsearchsnippet"">HAIFA <b class=""highlightcolor"">St . Luke</b> s Church ( Church of England ) ...</div>"
312	pls19390106-01.2.112	6 January 1939	pls	UNKNOWN	"<div class=""txtsearchsnippet"">HAIFA <b class=""highlightcolor"">St . Luke</b> s Church ( Church of England ) ...</div>"
313	pls19450119-01.2.14	19 January 1945	pls	UNKNOWN	"<div class=""txtsearchsnippet"">HAIFA <b class=""highlightcolor"">St . Luke</b> s Church of England : — H ...</div>"
314	pls19430813-01.2.19	13 August 1943	pls	UNKNOWN	"<div class=""txtsearchsnippet"">HA I FA <b class=""highlightcolor"">St . Luke</b> s Church of _England : — HC ...</div>"
315	pls19431013-01.2.14	13 October 1943	pls	UNKNOWN	"<div class=""txtsearchsnippet"">... . FORTHCOMING MARRIAGE The marriage will take place at <b class=""highlightcolor"">St . Luke</b> s Church , Haifa on Saturday , ...</div>"
316	pls19451026-01.2.16	26 October 1945	pls	wm * < mmHmm 1 Where _^< M _^ _BMMMMummmimMmmKamauammMmMMMmrm to Go * eMmamm II _. mt	"<div class=""txtsearchsnippet"">... HAIFA WELFARE ENTERTAINMENT : 7 pm : Dance ( <b class=""highlightcolor"">St . Luke</b> s * , Mountain Rd . ); ...</div>"
317	pls19460322-01.2.26	22 March 1946	pls	UNKNOWN	"<div class=""txtsearchsnippet"">... a . m ., Breaking of Bread . HAIFA <b class=""highlightcolor"">St . Luke</b> s Church of England : — H ...</div>"
318	pls19460503-01.2.23	3 May 1946	pls	UNKNOWN	"<div class=""txtsearchsnippet"">... a . m ., Breaking of Bread . HAIFA <b class=""highlightcolor"">St . Luke</b> s Church of England H . C ...</div>"
319	pls19460913-01.2.36	13 September 1946	pls	UNKNOWN	"<div class=""txtsearchsnippet"">... a . m , Breaking of Bread . HAIFA <b class=""highlightcolor"">St . Luke</b> s Church of England : H . ...</div>"
320	pls19460830-01.2.29	30 August 1946	pls	UNKNOWN	"<div class=""txtsearchsnippet"">... a . m ., Breaking of Bread . HAIFA <b class=""highlightcolor"">St . Luke</b> s Church of England : H . ...</div>"
321	pls19471114-01.2.10	14 November 1947	pls	UNKNOWN	"<div class=""txtsearchsnippet"">HAIFA <b class=""highlightcolor"">St . Luke</b> s C _mrcli of England 7 . ...</div>"
322	pls19471205-01.2.19	5 December 1947	pls	UNKNOWN	"<div class=""txtsearchsnippet"">... afternoon and Sunday morning , at _crall . HAIFA <b class=""highlightcolor"">St , Luke</b> s Church of _England : 7 . ...</div>"
323	pls19391019-01.2.23	19 October 1939	pls	AIR RAID TEST FOR ALL HAIFA MILITARY AND R . A . F . MAY COOPERATE	"<div class=""txtsearchsnippet"">... will also assume Dr . Hawes other duties . <b class=""highlightcolor"">St . Luke</b> s Hospital at Hebron celebrated <b class=""highlightcolor"">St . ...</b></div>"
324	progressiveoutlook19360401-01.2.17	1 April 1936	progressiveoutlook	King George at the Seder,	"<div class=""txtsearchsnippet"">... them to God for the fruit of the vine <b class=""highlightcolor"">(St. Luke</b> xxii. 17) and for the day. Then after ...</div>"
325	bbh19180927-01.2.39	27 September 1918	bbh	GIVEN A BIO JOB	"<div class=""txtsearchsnippet"">... York Skin and Cancer Hospital , 10 C ; <b class=""highlightcolor"">St . Luke</b> s Hospital , 100 ; Metropolitan Museum ...</div>"
326	bbh19390728-01.2.92	28 July 1939	bbh	j FUNERALS	"<div class=""txtsearchsnippet"">... Kenmore Ave ., who died on July 20 at <b class=""highlightcolor"">St . Luke</b> s Hospital , Pasadena , were held ...</div>"
327	frw19401114-01.2.50	14 November 1940	frw	_Mtrairs נייעס &#8237;TO g &#8236;	"<div class=""txtsearchsnippet"">... . Robert Connolly is assisted by her husband from <b class=""highlightcolor"">St. Luke's</b> Church, where funeral services were held over am ...</div>"
328	pls19370903-01.2.22	3 September 1937	pls	_X _^ s -4- 4 v- _^ r % _t . 4 * I- A ' >» _4 »	"<div class=""txtsearchsnippet"">... a . m . Cordial Welcome ffor All . <b class=""highlightcolor"">St . Luke</b> s Church ( Church of England ) ...</div>"
329	pls19351025-01.2.9	25 October 1935	pls	Religious Services	"<div class=""txtsearchsnippet"">HAIFA <b class=""highlightcolor"">St . Luke</b> s Church — Holy Communion 7 . ...</div>"
330	pls19331110-01.2.42	10 November 1933	pls	LAST _JOUWSY _IMPTlESSlVti SCENES AT	"<div class=""txtsearchsnippet"">... _Sunday will be observed as Rememhrance Surda / at <b class=""highlightcolor"">St . Luke</b> s liaiia . Th . ere will ...</div>"
331	pls19351011-01.2.34	11 October 1935	pls	Religious Services	"<div class=""txtsearchsnippet"">HAIFA <b class=""highlightcolor"">St . Luke</b> s Church — Holy Communion 7 . ...</div>"
332	pls19340831-01.2.16	31 August 1934	pls	Religious Services	"<div class=""txtsearchsnippet"">HAIFA <b class=""highlightcolor"">St . Luke</b> s Church . 7 . 30 a ...</div>"
333	pls19340615-01.2.16	15 June 1934	pls	_FMimom Service *	"<div class=""txtsearchsnippet"">HAIFA <b class=""highlightcolor"">St . Luke</b> s Church . 7 . 30 a ...</div>"
334	pls19340713-01.2.12	13 July 1934	pls	Religious Services	"<div class=""txtsearchsnippet"">... a . m ., service for Children . HAIFA <b class=""highlightcolor"">St . Luke</b> s Church . 7 . 30 a ...</div>"
335	pls19340601-01.2.16	1 June 1934	pls	P _& livions Services	"<div class=""txtsearchsnippet"">ren . HAIFA <b class=""highlightcolor"">St . Luke</b> s Church . 7 . 30 a ...</div>"
336	pls19341026-01.2.17	26 October 1934	pls	_Religious Services	"<div class=""txtsearchsnippet"">Haifa <b class=""highlightcolor"">St . Luke</b> s Church . 7 . 30 a ...</div>"
337	pls19341012-01.2.17	12 October 1934	pls	Religions Services	"<div class=""txtsearchsnippet"">HAIFA <b class=""highlightcolor"">St . Luke</b> s Church . 7 . 30 a ...</div>"
338	pls19350412-01.2.13	12 April 1935	pls	Religious Services	"<div class=""txtsearchsnippet"">... Evening Service , 6 p . m . HAIFA <b class=""highlightcolor"">St . Luke</b> s Church . Holy Communion , 7 ...</div>"
339	pls19380828-01.2.24	28 August 1938	pls	9 f _^ _AN D PERSONAL f > Q ,	"<div class=""txtsearchsnippet"">... will be held at 10 o clock today at <b class=""highlightcolor"">St . Luke</b> s ChurchHaifa . , * * * ...</div>"
340	pls19391201-01.2.159	1 December 1939	pls	UNKNOWN	"<div class=""txtsearchsnippet"">HAIFA <b class=""highlightcolor"">St . Luke</b> s Church , ( Church of England ...</div>"
341	pls19401122-01.2.55	22 November 1940	pls	UNKNOWN	"<div class=""txtsearchsnippet"">... ) , 8 . 30 and 9 . HAIFA <b class=""highlightcolor"">St . Luke</b> s ( Church of England ) — ...</div>"
342	refadv19400802-01.2.42	2 August 1940	refadv	Four-Year-Old Jewish Girl Killed by Auto	"<div class=""txtsearchsnippet"">... 1808 Sedgwick , a WPA watchman , died in <b class=""highlightcolor"">St . Luke</b> s Hospital last Sunday of injuries incurred ...</div>"
343	pls19461129-01.2.21	29 November 1946	pls	UNKNOWN	"<div class=""txtsearchsnippet"">... with Benediction ) , 9 . 30 . HAIFA <b class=""highlightcolor"">St . Luke</b> s Church of England : H . ...</div>"
344	pls19390731-01.2.28	31 July 1939	pls	FIVE CHRISTENINGS AT HAIFA	"<div class=""txtsearchsnippet"">... — A local record in baptism was established at <b class=""highlightcolor"">St . Luke</b> s Church today when five new arrivals ...</div>"
345	pls19470718-01.2.16	18 July 1947	pls	UNKNOWN	"<div class=""txtsearchsnippet"">... afternoon and Sunday morning , at call . HAIFA <b class=""highlightcolor"">St . Luke</b> s Church of iCneland : K . ...</div>"
346	pls19410311-01.2.12	11 March 1941	pls	Social & Personal	"<div class=""txtsearchsnippet"">... a military band , will be held 1 at <b class=""highlightcolor"">St . Luke</b> s Canteen , Haifa , at 7 ...</div>"
347	pls19410417-01.2.51	17 April 1941	pls	UNKNOWN	"<div class=""txtsearchsnippet"">... ( Arabic Sermon ) , and 10 . HAIFA <b class=""highlightcolor"">St . Luke</b> s ( Church of England ) — ...</div>"
348	pls19420615-01.2.55	15 June 1942	pls	PRAYERS MARK UNITED NATIONS DAY	"<div class=""txtsearchsnippet"">... Nations represented their countries at a special service at <b class=""highlightcolor"">St Luke</b> s Church . The service -was- conducted by ...</div>"
349	pls19390331-01.2.38	31 March 1939	pls	j _§>* ertitccs	"<div class=""txtsearchsnippet"">HAIFA <b class=""highlightcolor"">St . Luke</b> s Church ( Church of England ) ...</div>"
350	pls19441208-01.2.23	8 December 1944	pls	UNKNOWN	"<div class=""txtsearchsnippet"">... a . m ., Breaking of Bread . HAIFA <b class=""highlightcolor"">St . Luke</b> s Church of England : ?—- H ...</div>"
351	pls19450907-01.2.9	7 September 1945	pls	UNKNOWN	"<div class=""txtsearchsnippet"">... College . WELFARE ENTERTAINMENT 7 pm : Dance ( <b class=""highlightcolor"">St Luke</b> s , Moun</div>"
352	pls19450914-01.2.20	14 September 1945	pls	UNKNOWN	"<div class=""txtsearchsnippet"">... 10 a m ., Breaking of Bread . HAIFA <b class=""highlightcolor"">St . Luke</b> s Churcn of England : — H ...</div>"
353	pls19470110-01.2.24	10 January 1947	pls	UNKNOWN	"<div class=""txtsearchsnippet"">HAIFA <b class=""highlightcolor"">St . Luke</b> s Church of England : H . ...</div>"
354	pls19460614-01.2.19	14 June 1946	pls	UNKNOWN	"<div class=""txtsearchsnippet"">... a . m ., Breaking of Bread . HAIFA <b class=""highlightcolor"">St . Luke</b> s Church of land Eng H . ...</div>"
355	chncdjn19201117-01.2.59	17 November 1920	chncdjn	Local News	"<div class=""txtsearchsnippet"">... three weeks’ business trip. Mr. Herman Strauss is nt <b class=""highlightcolor"">St. Luke's</b> hospital where he was operated upon for Cataract ...</div>"
356	tjewvc19261126-01.2.20	26 November 1926	tjewvc	Former French High Commissioner Speaks of Zionist Possibilities in Spria at Paris Meeting.	"<div class=""txtsearchsnippet"">... legs and Injured her internally. She was rushed to <b class=""highlightcolor"">St. Luke's</b> Hospital, where her legs were set and wounds ...</div>"
357	cgs19180201-01.2.61	1 February 1918	cgs	^ OB / TUAR ^ y	"<div class=""txtsearchsnippet"">Louis Rom , January 24 , at <b class=""highlightcolor"">St . Luke</b> s Hospital , suddenly . Age 48 ...</div>"
358	pls19370702-01.2.8	2 July 1937	pls	tvnxtts _^ _IIIIIIIIIIIIIIIIIIIIHIIIIIIINIIIIIIIIIIlJllllllllill 1	"<div class=""txtsearchsnippet"">... D . D . Cordlial Welcome for All . <b class=""highlightcolor"">St . Luke</b> s Churclh ( Church of England )—Holy ...</div>"
359	pls19351101-01.2.13	1 November 1935	pls	Religious Services	"<div class=""txtsearchsnippet"">... , 9 . 30 a . m . HAIFA <b class=""highlightcolor"">St . Luke</b> s Churchi — Holy Communion 7 . ...</div>"
360	pls19351013-01.2.23	13 October 1935	pls	Religious Services	"<div class=""txtsearchsnippet"">... English Service , 6 p . m . HAIFA <b class=""highlightcolor"">St . Luke</b> s Church — Holy Communion 7 . ...</div>"
361	pls19380110-01.2.30	10 January 1938	pls	SOCIAL AND PERSONAL _gpJjBWHf _< M > _ggj _^]! f _^ JiK _BBiSgjnES _^ _f _fiM _^ _WSS & raiii _& _itWKRMBMKR GOVERNMENT HOUSE	"<div class=""txtsearchsnippet"">... Hiram Lodge Of Freemasons held its Annual Service at <b class=""highlightcolor"">St . Luke</b> s Church , Haifa , at 3 ...</div>"
362	pls19340410-01.2.34	10 April 1934	pls	STR F . PALMER'S DEATH	"<div class=""txtsearchsnippet"">... a memorial service will be he \ 4 at <b class=""highlightcolor"">St . Luke</b> s Church . DEATH OF NAVON BEY ...</div>"
363	pls19370408-01.2.64	8 April 1937	pls	UNKNOWN	"<div class=""txtsearchsnippet"">... be laid ! in the partially completed buildiings of <b class=""highlightcolor"">St . Luke</b> s School for _Bioys at Haifa , ...</div>"
364	pls19340622-01.2.13	22 June 1934	pls	Religious Services	"<div class=""txtsearchsnippet"">HAIFA <b class=""highlightcolor"">St . Luke</b> s Church . 7 . 30 a ...</div>"
365	pls19341130-01.2.11	30 November 1934	pls	Religious Services	"<div class=""txtsearchsnippet"">Haita <b class=""highlightcolor"">St . Luke</b> s Church . Holy Communion , 7 ...</div>"
366	pls19391113-01.2.31	13 November 1939	pls	ENGAGEMENT	"<div class=""txtsearchsnippet"">... attended the servi e of Commemoration and Dedication at <b class=""highlightcolor"">St . Luke</b> s Church , Haifa . The address ...</div>"
367	pls19410613-01.2.59	13 June 1941	pls	UNKNOWN	"<div class=""txtsearchsnippet"">HAIFA <b class=""highlightcolor"">St . Luke</b> s ( Church ol _Enarland )—H . ...</div>"
368	pls19410110-01.2.66	10 January 1941	pls	UNKNOWN	"<div class=""txtsearchsnippet"">... ( Arabic Sermon ) , and 10 . HAIFA <b class=""highlightcolor"">St . Luke</b> s ( Church of England&gt;— H . ...</div>"
369	pls19410103-01.2.73	3 January 1941	pls	UNKNOWN	"<div class=""txtsearchsnippet"">... Arabic • _t-d-rrnon ) , and 10 . HAIFA <b class=""highlightcolor"">St . Luke</b> s ( Church of England ) — ...</div>"
370	pls19381201-01.2.49	1 December 1938	pls	UNKNOWN	"<div class=""txtsearchsnippet"">... Recital by Roberts . From Chelsea Paris Church of <b class=""highlightcolor"">St . Luke</b> , London . 8 . 40 ( ...</div>"
371	pls19450824-01.2.15	24 August 1945	pls	UNKNOWN	"<div class=""txtsearchsnippet"">HAIFA <b class=""highlightcolor"">St . Luke</b> s Church of England : — H ...</div>"
372	pls19470509-01.2.18	9 May 1947	pls	UNKNOWN	"<div class=""txtsearchsnippet"">HAIFA <b class=""highlightcolor"">St . Luke</b> s Church of _England : It . ...</div>"
373	pls19460111-01.2.31	11 January 1946	pls	UNKNOWN	"<div class=""txtsearchsnippet"">... a . m ., Breaking of Bread . HAIFA <b class=""highlightcolor"">St . Luke</b> s Church of England : — H ...</div>"
374	pls19460426-01.2.23	26 April 1946	pls	UNKNOWN	"<div class=""txtsearchsnippet"">... a . m ., Breaking of Bread . HAIFA <b class=""highlightcolor"">St . Luke</b> s Church of England H . C ...</div>"
375	pls19460531-01.2.22	31 May 1946	pls	UNKNOWN	"<div class=""txtsearchsnippet"">... a . m ., Breaking of Bread . HAIFA <b class=""highlightcolor"">St . Luke</b> s Church of England Ji . C ...</div>"
376	pls19470207-01.2.23	7 February 1947	pls	A 1 _aP _*** C * 14 TJWflliif • 1	"<div class=""txtsearchsnippet"">... afternoon and Sunday morning , at call . HAIFA <b class=""highlightcolor"">St . Luke</b> s Church of land : Eng H ...</div>"
377	tjewvc19260326-01.2.6	26 March 1926	tjewvc	EDITORIAL	"<div class=""txtsearchsnippet"">... part pay. The Community Fund contributed $17,760.81 to Barnes, <b class=""highlightcolor"">St. Luke's,</b> St. Louis Maternity, Children's, People's, and Barnard Free ...</div>"
378	cgs19360130-01.2.54	30 January 1936	cgs	King George at the Seder	"<div class=""txtsearchsnippet"">... to God for the fruit of the vine ( <b class=""highlightcolor"">St . Luke</b> xxii . 17 ) and for the ...</div>"
379	frw19301109-01.2.135	9 November 1930	frw	UNKNOWN	"<div class=""txtsearchsnippet"">... STORY OF YOUR STOMACH. —Dr. F‬ H. Ingram of <b class=""highlightcolor"">St. _Luke's</b> Hospital, Chicago, with the new camera that takes ...</div>"
380	pls19351129-01.2.10.1	29 November 1935	pls	Page 2 Advertisements Column 1	"<div class=""txtsearchsnippet"">HAIFA <b class=""highlightcolor"">St . Luke</b> s Oiurch — HolCommunion y 7 . ...</div>"
381	pls19360124-01.2.12.2	24 January 1936	pls	Page 2 Advertisements Column 2	"<div class=""txtsearchsnippet"">HAIFA <b class=""highlightcolor"">St . Luke</b> s Church — Holy Communion 7 . ...</div>"
382	pls19350426-01.2.33	26 April 1935	pls	Religions Services	"<div class=""txtsearchsnippet"">... Evening Service , 6 p . m . HAIFA <b class=""highlightcolor"">St . Luke</b> s Church — Holy Communion . 7 ...</div>"
383	plb19311006-01.2.11	6 October 1931	plb	Appeal Dismissed	"<div class=""txtsearchsnippet"">... , while Abdul Fatah Mohammed and treated at the <b class=""highlightcolor"">St . Luke</b> s Hospital at mad Ismail was injured ...</div>"
384	pls19331214-01.2.46	14 December 1933	pls	Social and 'Prr _^ ftnat	"<div class=""txtsearchsnippet"">... and Sundry Sales 12 . 7 * 0 Collection <b class=""highlightcolor"">St . Luke</b> _q Church 4 . _P « 4 ...</div>"
385	pls19340114-01.2.47	14 January 1934	pls	UNKNOWN	"<div class=""txtsearchsnippet"">... Lieut . Wilson sand Miss Sybil Ate : ock <b class=""highlightcolor"">St . Luke</b> s Church Haifa was the scene of ...</div>"
386	pls19340126-01.2.19.2	26 January 1934	pls	Page 2 Advertisements Column 2	"<div class=""txtsearchsnippet"">... Sendee . Preacher : The Chaplain . Sendees in <b class=""highlightcolor"">St Luke</b> s Church , Haifa will be at the ...</div>"
387	pls19360619-01.2.10	19 June 1936	pls	Religious Services	"<div class=""txtsearchsnippet"">HAIFA <b class=""highlightcolor"">St . Luke</b> s Church — Holy Communion , 7 ...</div>"
388	pls19340913-01.2.33	13 September 1934	pls	Social and 'Personal	"<div class=""txtsearchsnippet"">... AND MISS MARJORTE THOMPSON The marriage took place at <b class=""highlightcolor"">St . Luke</b> s Church , Haifa , yesterday afternoon ...</div>"
389	pls19350816-01.2.14.2	16 August 1935	pls	Page 2 Advertisements Column 2	"<div class=""txtsearchsnippet""><b class=""highlightcolor"">St . Luke</b> s ( hurch — Hoiy Communion 7 ...</div>"
390	pls19380825-01.2.14	25 August 1938	pls	HAIFA , Wednesday . — While	"<div class=""txtsearchsnippet"">... 6 . 30 by the Acting British Chaplain of <b class=""highlightcolor"">St . Luke</b> s Church , to whom he spoke ...</div>"
391	pls19380829-01.2.28	29 August 1938	pls	MEMORIAL SERVICE FOR MR . MOFFATT REPRESENTATIVE CONGREGATION	"<div class=""txtsearchsnippet"">... in his office last Wednesday , was held at <b class=""highlightcolor"">St . Luke</b> s Church this morning . The Service ...</div>"
392	pls19410516-01.2.67	16 May 1941	pls	UNKNOWN	"<div class=""txtsearchsnippet"">HAIFA <b class=""highlightcolor"">St . Luke</b> s ( Church of England)—H . C ...</div>"
393	pls19410214-01.2.64	14 February 1941	pls	UNKNOWN	"<div class=""txtsearchsnippet"">... ( Arabic Sermon ) , and 10 . HAIFA <b class=""highlightcolor"">St . Luke</b> s . ( Church of England ) ...</div>"
394	pls19410221-01.2.48	21 February 1941	pls	UNKNOWN	"<div class=""txtsearchsnippet"">HAIFA <b class=""highlightcolor"">St . Luke</b> s ( Church of England ) — ...</div>"
395	pls19420306-01.2.18	6 March 1942	pls	UNKNOWN	"<div class=""txtsearchsnippet"">HAIFA <b class=""highlightcolor"">St . Luke</b> s Church of England—PLC 7 . 30 ...</div>"
396	pls19440721-01.2.30	21 July 1944	pls	UNKNOWN	"<div class=""txtsearchsnippet"">HAIFA <b class=""highlightcolor"">St . Luke</b> s Church of England : — H ...</div>"
397	pls19450907-01.2.11	7 September 1945	pls	UNKNOWN	"<div class=""txtsearchsnippet"">... 10 am ., Breaking of Bread . - -HAIFA <b class=""highlightcolor"">St . Luke</b> s Churcn of land : — Eng ...</div>"
398	pls19450810-01.2.13	10 August 1945	pls	UNKNOWN	"<div class=""txtsearchsnippet"">HAIFA <b class=""highlightcolor"">St . Luke</b> s Church of England : — H ...</div>"
399	pls19451010-01.2.19	10 October 1945	pls	UNKNOWN	"<div class=""txtsearchsnippet"">... ); 8 15 : PVIK-nvshi _. p Meeting ( <b class=""highlightcolor"">St . Luke</b> s Mountain Rd ) - ; 8 ...</div>"
400	pls19460125-01.2.13	25 January 1946	pls	UNKNOWN	"<div class=""txtsearchsnippet"">... ; WELFARE ENTERTAINMENT 7 . m . Dance ( <b class=""highlightcolor"">St . Luke</b> s ); p R . A . ...</div>"
401	pls19471024-01.2.23	24 October 1947	pls	UNKNOWN	"<div class=""txtsearchsnippet"">... aftermoon and Sunday morning , at call . HAIFA <b class=""highlightcolor"">St . Luke</b> s Church of land : Eng H ...</div>"
402	pls19480102-01.2.28	2 January 1948	pls	UNKNOWN	"<div class=""txtsearchsnippet"">... and : Sunday morning , at call . HAIFA <b class=""highlightcolor"">St . Luke</b> s Church of England : 7 30 ...</div>"
403	jweekly19370903.2.238	3 September 1937	jweekly	What9» Due in Entertainment	"<div class=""txtsearchsnippet"">... composer. In one song, Bobby is assisted bv the <b class=""highlightcolor"">St. Luke</b> C horisters of yp voices. On the stage ...</div>"
404	tjewvc19230607-01.2.43	7 June 1923	tjewvc	Untitled	"<div class=""txtsearchsnippet"">... from a very serious operation site underwent recently at <b class=""highlightcolor"">St. Luke's</b> Hospital.</div>"
405	amjwld19280203-01.2.24	3 February 1928	amjwld	Duluth News	"<div class=""txtsearchsnippet"">... a son Friday , January 24 , at the <b class=""highlightcolor"">St . Luke</b> s hospital . OBITUARY Louis S . ...</div>"
406	amjwld19430910-01.2.38	10 September 1943	amjwld	Duluth	"<div class=""txtsearchsnippet"">... , Dr . Hirschfield was on the staff of <b class=""highlightcolor"">St . Luke</b> s and St . Mary s hospitals ...</div>"
407	cgs19180419-01.2.52	19 April 1918	cgs	KKM / S ^ ^ O B / TUARY ^	"<div class=""txtsearchsnippet"">... Maurice Herr . 21 years old , died at <b class=""highlightcolor"">St . Luke</b> s Hospital , late residence , 3142 ...</div>"
408	amjwld19380624-01.2.57	24 June 1938	amjwld	Social and Personal	"<div class=""txtsearchsnippet"">... June 19 . The briss will take place at <b class=""highlightcolor"">St . Luke</b> s hospital , Sunday at 9 : ...</div>"
409	cgs19391019-01.2.35	19 October 1939	cgs	| NEWCOMERS |	"<div class=""txtsearchsnippet"">... Joy Silver was born on the national holiday at <b class=""highlightcolor"">St . Luke</b> s Hospital . She has been named ...</div>"
410	cgs19441123-01.2.23	23 November 1944	cgs	North Shore Notes	"<div class=""txtsearchsnippet"">... to hear nothing is seriously your brief stay at <b class=""highlightcolor"">St . Luke</b> s hospital . . . . Welcome ...</div>"
411	pls19370604-01.2.124	4 June 1937	pls	UNKNOWN	"<div class=""txtsearchsnippet"">... Thiman . From the y Chelsea Parish Church of <b class=""highlightcolor"">St . Luke</b> , London . 5 . r &gt; ...</div>"
412	pls19370615-01.2.51	15 June 1937	pls	UNKNOWN	"<div class=""txtsearchsnippet"">Irving , Chaplain of <b class=""highlightcolor"">St . Luke</b> s Church , Haifa . The Results ...</div>"
413	pls19360724-01.2.6	24 July 1936	pls	Religious _^ ¦ 3 Services	"<div class=""txtsearchsnippet"">HAIFA <b class=""highlightcolor"">St . Luke</b> s Church — Holy Commun</div>"
414	pls19361009-01.2.17	9 October 1936	pls	_Religious Services	"<div class=""txtsearchsnippet"">HAIFA <b class=""highlightcolor"">St . Luke</b> s Church — Holy Communion , 7 ...</div>"
415	pls19351108-01.2.12	8 November 1935	pls	ReltPAOtxs Services	"<div class=""txtsearchsnippet"">... 9 . 30 i a . m . HAIFA <b class=""highlightcolor"">St . Luke</b> s Church — Holy Cormmuuion 7 . ...</div>"
416	pls19360221-01.2.12	21 February 1936	pls	Religious Services	"<div class=""txtsearchsnippet"">... a . m . Rev . Schaaf . HAIFA <b class=""highlightcolor"">St . Luke</b> s Church — Ho &gt; ly Communion ...</div>"
417	pls19380420-01.2.28	20 April 1938	pls	UNKNOWN	"<div class=""txtsearchsnippet"">... C Michael Ward , w ill be held at <b class=""highlightcolor"">St : Luke</b> s Church , Haifa , on Sunday ...</div>"
418	pls19380413-01.2.27	13 April 1938	pls	HIGH COMMISSIONER'S VISIT TO HEBRON	"<div class=""txtsearchsnippet"">... Assistant District Commissioner , Mr . Evans , visited <b class=""highlightcolor"">St . Luke</b> s Hospital and the Infant Welfare Centre ...</div>"
419	plb19300704-01.2.17	4 July 1930	plb	A _Constitution In His Packet	"<div class=""txtsearchsnippet"">... with Band Recital afterwards , will take place at <b class=""highlightcolor"">St . Luke</b> s Church , Haifa , at 6 ...</div>"
420	plb19311120-01.2.10	20 November 1931	plb	Confusion Over islamic Congress	"<div class=""txtsearchsnippet"">... 3 . 970 _ 92 . 362 Collection at <b class=""highlightcolor"">St . Luke</b> s Church — G . 27 \ ...</div>"
421	pls19360501-01.2.16	1 May 1936	pls	Relicnons Services _< 9	"<div class=""txtsearchsnippet"">HAIFA <b class=""highlightcolor"">St . Luke</b> s Church — Holy Communion , 7 ...</div>"
422	pls19370226-01.2.5.2	26 February 1937	pls	Page 2 Advertisements Column 2	"<div class=""txtsearchsnippet"">D _= D . _CCF . <b class=""highlightcolor"">St , Luke</b> s Church ( Church of F-ns-land ) ...</div>"
423	pls19351004-01.2.66	4 October 1935	pls	ReltServices pAous	"<div class=""txtsearchsnippet"">HAD 7 A <b class=""highlightcolor"">St . Luke</b> s Church — HolCommunion y 7 . ...</div>"
424	pls19351103-01.2.41	3 November 1935	pls	Social and Persona	"<div class=""txtsearchsnippet"">The Medical officers and staff of <b class=""highlightcolor"">St . Luke</b> s Hospital , Hebron , were At ...</div>"
425	pls19360214-01.2.17.1	14 February 1936	pls	Page 2 Advertisements Column 1	"<div class=""txtsearchsnippet"">... _English Service . 0 . m . p HAIFA <b class=""highlightcolor"">St . Luke</b> s Church — Holy Communing , 7 ...</div>"
426	pls19360717-01.2.13	17 July 1936	pls	_Religious Services	"<div class=""txtsearchsnippet"">HAIFA <b class=""highlightcolor"">St Luke</b> s _Chua-ch — Holy Communion , 7 . ...</div>"
427	pls19350705-01.2.26	5 July 1935	pls	Reliious Services g	"<div class=""txtsearchsnippet"">... ; nidesMir . Michel Rabinowitz 5 . m . <b class=""highlightcolor"">St - Luke</b> s Church — Holy Communion , , ...</div>"
428	pls19350719-01.2.7.2	19 July 1935	pls	Page 2 Advertisements Column 2	"<div class=""txtsearchsnippet""><b class=""highlightcolor"">St . Luke</b> s Church — Holy Communion , 7 ...</div>"
429	pls19350621-01.2.29	21 June 1935	pls	Religious Services	"<div class=""txtsearchsnippet"">HAIFA <b class=""highlightcolor"">St . Luke</b> s Church — Holy Communion , 7 ...</div>"
430	refadv19361225-01.2.2	25 December 1936	refadv	Looking Back	"<div class=""txtsearchsnippet"">... ; German Old People s Home , Altenheim , <b class=""highlightcolor"">St . Luke</b> s Hospital , Alexian Brothers Hospital , ...</div>"
431	pls19460616-01.2.16	16 June 1946	pls	UNKNOWN	"<div class=""txtsearchsnippet"">... will be instituted this morning as Chaplain at . <b class=""highlightcolor"">St . Luke</b> s Church . The Service _wil be ...</div>"
432	pls19410704-01.2.56	4 July 1941	pls	UNKNOWN	"<div class=""txtsearchsnippet"">... -ra ... . Aand 10 . ; , TTAIVA <b class=""highlightcolor"">St . Luke</b> s ( _Ohnreh of _TUngrlpni . )— ...</div>"
433	pls19410711-01.2.52	11 July 1941	pls	UNKNOWN	"<div class=""txtsearchsnippet"">... ) , 3 . . m . p HAIFA <b class=""highlightcolor"">St . Luke</b> s ( Church of England)—H . C ...</div>"
434	pls19410227-01.2.13	27 February 1941	pls	UNKNOWN	"<div class=""txtsearchsnippet"">A dance will be held as usual at <b class=""highlightcolor"">St . Luke</b> s Soldiers Room in Haifa tomorrow . ...</div>"
435	pls19401129-01.2.66	29 November 1940	pls	CAREER FOR GREER	"<div class=""txtsearchsnippet"">... ) , 8 . 30 and 9 . HAIFA <b class=""highlightcolor"">St . Luke</b> s ( Church of England ) — ...</div>"
436	pls19401220-01.2.61	20 December 1940	pls	Scrtrices	"<div class=""txtsearchsnippet"">... ( Arabic Sermon ) , and 10 . HAIFA <b class=""highlightcolor"">St . Luke</b> s ( Church of England)— H . ...</div>"
437	pls19390219-01.2.20	19 February 1939	pls	2 Areas Under Cur fete ATTEMPTED MURDERS IN JERUSALEM	"<div class=""txtsearchsnippet"">... Saturday . —The marriage was solemnised yesterday morning at <b class=""highlightcolor"">St .. Luke</b> s Church of Captain John Francis Miller ...</div>"
438	pls19440303-01.2.20	3 March 1944	pls	UNKNOWN	"<div class=""txtsearchsnippet"">... a . m .. Breaking of Bread . HAIFA <b class=""highlightcolor"">St . Luke</b> s Church of _England :- H . ...</div>"
439	pls19440204-01.2.14	4 February 1944	pls	UNKNOWN	"<div class=""txtsearchsnippet"">HAIFA <b class=""highlightcolor"">St . Luke</b> s Church of England : — H ...</div>"
440	pls19420904-01.2.37	4 September 1942	pls	BISHOP PLEADS FOR HONESTY BEFORE GOD	"<div class=""txtsearchsnippet"">... marking the _^ rational day of were held at <b class=""highlightcolor"">St . Luke</b> s prayer Church and at St . ...</div>"
441	pls19420831-01.2.44	31 August 1942	pls	LIUDIWLLA	"<div class=""txtsearchsnippet"">... Royal Famtily were offered at the Sunday services at <b class=""highlightcolor"">St . Luke</b> s Chuirch in Haifa yesterday .</div>"
442	pls19450308-01.2.28	8 March 1945	pls	Where to Go ~ j	"<div class=""txtsearchsnippet"">... &gt; 7 . 30 : W . isDrive i <b class=""highlightcolor"">St . ; ; Luke</b> s Canteen ); 8 : ...</div>"
443	pls19471121-01.2.20	21 November 1947	pls	UNKNOWN	"<div class=""txtsearchsnippet"">... _Sunda- . morning , at cad . y HAIFA <b class=""highlightcolor"">St . Luke</b> s &lt; . lurch of England : ...</div>"
444	pls19471017-01.2.20	17 October 1947	pls	UNKNOWN	"<div class=""txtsearchsnippet"">... _afternoon and Sunday morning , at call . HAIFA <b class=""highlightcolor"">St . Luke</b> s Church of land : Emg } ...</div>"
445	pls19480109-01.2.20	9 January 1948	pls	UNKNOWN	"<div class=""txtsearchsnippet"">... afternoon and Sunday morning , at call . HAIFA <b class=""highlightcolor"">St . Luke</b> s Church of _England 7 30 a ...</div>"
446	chncdjn19230509-01.2.32	9 May 1923	chncdjn	Obituaries	"<div class=""txtsearchsnippet"">... well known Jewish philanthropist died Saturday, May sth in <b class=""highlightcolor"">St. Luke's</b> hospital, following an operation. Mr. Robizon was born ...</div>"
447	difaa19431230-01.2.3	30 December 1943	difaa	۱ – تقرير هام : الى طالبي الالتحاق بالجامعة المصرية	"<div class=""txtsearchsnippet"">... وكلية البنات الانجليزية بالقدس ، ومدرسة | سانت لوك <b class=""highlightcolor"">St. Luke</b> بحيفا ، للوقوف ة على قيمة هذه الشهادات ...</div>"
448	pls19380421-01.2.21	21 April 1938	pls	REP SITIF . TJ ) SOCIETY	"<div class=""txtsearchsnippet"">... _\ DAYS . _VKMORIAL SERVICE | The Service at <b class=""highlightcolor"">St . Luke</b> s Church , j Haifa , on ...</div>"
449	pls19331017-01.2.55	17 October 1933	pls	lor a ti on Underground	"<div class=""txtsearchsnippet"">... IT RES D \ _Y A Doctor of _Amv <b class=""highlightcolor"">St . Luke</b> s Day falls to-morrow . There is ...</div>"
450	pls19450102-01.2.13	2 January 1945	pls	Untitled	"<div class=""txtsearchsnippet"">... . 30 p . m . : Dance ( <b class=""highlightcolor"">St . Luke</b> s Hut : Whist Drive ( Soldiers ...</div>"
451	cgs19261022-01.2.48	22 October 1926	cgs	SOCIAL	"<div class=""txtsearchsnippet"">... Horwitz , 809 A dinner and theater party was <b class=""highlightcolor"">St . Luke</b> s hospital . and Herbert Paul , ...</div>"
452	pls19361224-01.2.3	24 December 1936	pls	CHRISTMAS SERVICES	"<div class=""txtsearchsnippet"">HAIFA <b class=""highlightcolor"">St . Luke</b> Church — Christmas . s Day Holy ...</div>"
453	pls19351018-01.2.11	18 October 1935	pls	Religious Services	"<div class=""txtsearchsnippet"">... , 9 . 80 a . m . HAIFA <b class=""highlightcolor"">St . Luke</b> s Church . — Holy Communion 7 ...</div>"
454	pls19351227-01.2.18	27 December 1935	pls	Religious Services	"<div class=""txtsearchsnippet"">... Service : R * - _-. . _IXinnenhauer . <b class=""highlightcolor"">St . Luke</b> s Church — Holy Communion 7 . ...</div>"
455	pls19371119-01.2.15	19 November 1937	pls	UNKNOWN	"<div class=""txtsearchsnippet"">... a . m . ; Sung Mass , 10 <b class=""highlightcolor"">St . Luke</b> s Church ( Church of England ) ...</div>"
456	pls19380425-01.2.25	25 April 1938	pls	Police Memorial Service at Haifa	"<div class=""txtsearchsnippet"">... , was held today before a large congregation at <b class=""highlightcolor"">St . Luke</b> s Church . The service was conducted ...</div>"
457	pls19370409-01.2.139	9 April 1937	pls	UNKNOWN	"<div class=""txtsearchsnippet"">... m . The Laying of the Foundation Stone of <b class=""highlightcolor"">St . __ _Luke</b> &gt; » School by the Rt ...</div>"
458	pls19370407-01.2.49	7 April 1937	pls	Rev . _Khadder Recalls _WflrkafRisfiopBlyth	"<div class=""txtsearchsnippet"">... Tabgha where he will remain until the dedication ceof <b class=""highlightcolor"">St . Luke</b> s SchoolHaifa remony , on Friday , ...</div>"
459	pls19370430-01.2.16	30 April 1937	pls	UNKNOWN	"<div class=""txtsearchsnippet"">... . D . O . C . F . <b class=""highlightcolor"">St . Luke</b> s Church ( Church of England ) ...</div>"
460	pls19380617-01.2.19	17 June 1938	pls	LAST ROTARTAN LUNCH OF THE SEASON	"<div class=""txtsearchsnippet"">... Special Service of Thanksgiving is to be held in <b class=""highlightcolor"">St . Luke</b> s Church , Haifa on Sunday morning ...</div>"
461	pls19380513-01.2.97	13 May 1938	pls	l _% HieiiqUms Services	"<div class=""txtsearchsnippet"">HAIFA <b class=""highlightcolor"">St . Luke</b> s Churcl ] , ( Church of ...</div>"
462	pls19391225-01.2.132	25 December 1939	pls	UNKNOWN	"<div class=""txtsearchsnippet"">... Verses 2—V . Te Deum : Second Lesson : <b class=""highlightcolor"">St . Luke</b> . Chapter II Verses 1-20 . Carols ...</div>"
463	pls19410801-01.2.59	1 August 1941	pls	UNKNOWN	"<div class=""txtsearchsnippet"">... CF . ) ., p . m . HAIFA <b class=""highlightcolor"">St . Luke</b> s ( Church of Enarland ) — ...</div>"
464	pls19410530-01.2.46	30 May 1941	pls	UNKNOWN	"<div class=""txtsearchsnippet"">... Arabic Sermon ) , and 10 . I HAIFA <b class=""highlightcolor"">St . Luke</b> s ( Church of _Enprlanrt )—H . ...</div>"
465	pls19410425-01.2.58	25 April 1941	pls	UNKNOWN	"<div class=""txtsearchsnippet"">... ( Arabic Sermon ) , and 10 . HAIFA <b class=""highlightcolor"">St . Luke</b> s ( Cluirch of Entrlanrt )—H . ...</div>"
466	pls19410321-01.2.67	21 March 1941	pls	UNKNOWN	"<div class=""txtsearchsnippet"">... ( Arabic Sermon ) , and 10 . HAIFA <b class=""highlightcolor"">St . Luke</b> s ( Church of England ) - ...</div>"
467	pls19401227-01.2.59	27 December 1940	pls	UNKNOWN	"<div class=""txtsearchsnippet"">... Arabic Sermon ) , and to . HA TEA <b class=""highlightcolor"">St . _Luke</b> s ( Chur . l _^ of ...</div>"
468	pls19401211-01.2.33	11 December 1940	pls	At Haifa	"<div class=""txtsearchsnippet"">... Works of the Haifa British Sailors Society , at <b class=""highlightcolor"">St . Luke</b> s Church Hut , in the presence ...</div>"
469	pls19420330-01.2.45	30 March 1942	pls	OBSERVED IN JERUSALEM	"<div class=""txtsearchsnippet"">... by Anglicans in Haifa with a special service at <b class=""highlightcolor"">St . Luke</b> s Church at 10 o clock in ...</div>"
470	pls19400705-01.2.9	5 July 1940	pls	AND AMMUNITION PRISONER RELEASED AFTER TRIAL	"<div class=""txtsearchsnippet"">... , and Mr . Wadsworth read the Lesson — <b class=""highlightcolor"">St . Luke</b> XI : 1 to 13 . The ...</div>"
471	pls19400804-01.2.21	4 August 1940	pls	FIGHTER AIRCRAFT FUND	"<div class=""txtsearchsnippet"">... s Forces , housed in the Church Hut of <b class=""highlightcolor"">St . Luke</b> s Church in Mountain Street , will ...</div>"
472	pls19441215-01.2.39	15 December 1944	pls	"; HI i | i , I _TVTI — _^ _Z'""' II 8"	"<div class=""txtsearchsnippet"">... s Club ); 7 . 30 : Dance ( <b class=""highlightcolor"">St . Luke</b> s Canteen ); 8 . 15 : ...</div>"
473	pls19441119-01.2.15	19 November 1944	pls	UNKNOWN	"<div class=""txtsearchsnippet"">... MARRIAGES VOISEY — LOPEZ The marriage took place at <b class=""highlightcolor"">St . Luke</b> s Church , Haifa , on Tuesday ...</div>"
474	pls19430712-01.2.33	12 July 1943	pls	SIR HAROLD AMD LADV _MacMlCHAEL PRESENT	"<div class=""txtsearchsnippet"">... tech ; , y with a special service at <b class=""highlightcolor"">St . ¦ Luke</b> s Church at which H E ...</div>"
475	pls19460418-01.2.15	18 April 1946	pls	UNKNOWN	"<div class=""txtsearchsnippet"">... _t-j Sour . a Africa . The congregation of <b class=""highlightcolor"">St . Luke</b> s Church , Ha . - a ...</div>"
476	pls19460719-01.2.23	19 July 1946	pls	?\ r ! _tgfnun	"<div class=""txtsearchsnippet"">... a . m , Breaking of Bread . HAIFA <b class=""highlightcolor"">St . Luke</b> s Church of land : Eng H ...</div>"
477	pls19470905-01.2.17	5 September 1947	pls	UNKNOWN	"<div class=""txtsearchsnippet"">... and Sunday morning , at &lt; call . HAIFA <b class=""highlightcolor"">St . Luke</b> s Church of Emgland : PLC 7 ...</div>"
478	chncijn19441229-01.2.95	29 December 1944	chncijn	OBITUARIES	"<div class=""txtsearchsnippet"">... at Mount Nebo. GLADYS L. ROSENTHAL, 41, died Sunday <b class=""highlightcolor"">St. _ Luke</b> . , .. HOSat S pital. She ...</div>"
479	chncdjn19230328-01.2.48	28 March 1923	chncdjn	Socigl News	"<div class=""txtsearchsnippet"">... from Yampa was | operated upon last week at <b class=""highlightcolor"">St Luke's</b> | hospital and is doing nicely. 12 1 ...</div>"
480	morgnfreiheit19400208-01.2.58	8 February 1940	morgnfreiheit	DISCRIMINATION IN NEW YORK	"<div class=""txtsearchsnippet"">... out of a dental staff of nineteen, resigned from <b class=""highlightcolor"">St. Luke's</b> Hospital because of the anti-Semitism of a clique ...</div>"
481	sydneyjn19410418-01.2.64	18 April 1941	sydneyjn	THE SERMON OF THE YEAR Charles Chaplin In “The Great Dictator”	"<div class=""txtsearchsnippet"">... slavery. Eight for libertv. in the 17t.h Chanter of <b class=""highlightcolor"">St. Luke</b> it is written: “The Kingdom of God is ...</div>"
482	cgs19450705-01.2.63	5 July 1945	cgs	Everywhere • There • Here	"<div class=""txtsearchsnippet"">... , Robert Livingston , David Holt , and the <b class=""highlightcolor"">St . Luke</b> s Choristers , last seen in Going ...</div>"
483	frw19300126-01.2.26	26 January 1930	frw	&#8237;YOUTH ORGANIZATIONS &#8236;	"<div class=""txtsearchsnippet"">... ""Socialism vs. Capitalism"" will take place in Harlem, at <b class=""highlightcolor"">St. Luke's</b> Hall, 125 West 130th St. , on February ...</div>"
484	pls19351220-01.2.15.3	20 December 1935	pls	Page 2 Advertisements Column 3	"<div class=""txtsearchsnippet"">... . Rev . G . Wei . -s . <b class=""highlightcolor"">St . Luke</b> s Chiirchi — HolCommunion y 7 . ...</div>"
485	pls19380304-01.2.71	4 March 1938	pls	m \\ mM \ mmmmmm \\ m \\\\\\ mmmm \\ mm \\\\\\\\\\	"<div class=""txtsearchsnippet"">HAIFA <b class=""highlightcolor"">St . Luke</b> s Church ( Church of England ) ...</div>"
486	pls19380421-01.2.50	21 April 1938	pls	_^ Rcltgts _^ _tmitts	"<div class=""txtsearchsnippet"">... Pastor : T . D . Urshan . HAIFA <b class=""highlightcolor"">St . Luke</b> s Church ( Church of England ) ...</div>"
487	pls19380401-01.2.39	1 April 1938	pls	_Jtaltgtmts _jlertrices	"<div class=""txtsearchsnippet"">HAIFA <b class=""highlightcolor"">St . Luke</b> s Church ( Church of England ) ...</div>"
488	pls19380708-01.2.145	8 July 1938	pls	_^ icrus _txmtts Rcltg p	"<div class=""txtsearchsnippet"">HAIFA <b class=""highlightcolor"">St . Luke</b> s Church ( Church of England ) ...</div>"
489	pls19380722-01.2.151	22 July 1938	pls	_' ' 1 _' 1 ' _' ' i ! : !¦ ii _il . _'lei _^ _i . _' M h _. i u'h . M _; . !! _, ! . e . _!;! : i | h : i e : ! e ! .. ; jie ; i : !|;;!| l .: !| l !|| ie | ii .: ilii	"<div class=""txtsearchsnippet"">HAIFA <b class=""highlightcolor"">St . Luke</b> s Church ( Church of England ) ...</div>"
490	pls19380729-01.2.126	29 July 1938	pls	"_¦ ¦ ; i' ! _: ; : 7 M .: il : _' ii , : | i .. "" .. ' 1 i , _""li 7 '! 77 ! : ! . ; h ' 71 . _-,. 7 hi 7 li : in _-i _,, ; _,,, _;|;"	"<div class=""txtsearchsnippet"">HAIFA <b class=""highlightcolor"">St . Luke</b> ? s Church ( Church of England ...</div>"
491	pls19380506-01.2.41	6 May 1938	pls	' _^ ' ' _-ih _^ l ! ' hh' _^ _H rr ' _-n _''^ i : v '' _' _^ _vjhNhh _^ : _,, ; , ;; , !	"<div class=""txtsearchsnippet"">HAIFA • <b class=""highlightcolor"">St . Luke</b> s Church ( Church of England ) ...</div>"
492	pls19380520-01.2.124	20 May 1938	pls	"_^ _J _: _' _: _l _! _H' _^ _! _^ _o _^ _-: _o _"" _lo _'; _-: _l _' _' _l _olOO'' _0 _! _'o _^ _' _; _Oo _: _o _; _: _; _l _;"	"<div class=""txtsearchsnippet"">HAIFA <b class=""highlightcolor"">St . Luke</b> s Church ( Church of England ) ...</div>"
493	pls19380429-01.2.48	29 April 1938	pls	_jReltgtmts	"<div class=""txtsearchsnippet"">HAIFA <b class=""highlightcolor"">St . Luke</b> s Church Church of England ) Holy ...</div>"
494	pls19350419-01.2.88	19 April 1935	pls	Relipjous Services	"<div class=""txtsearchsnippet"">... Preacher , Rev . G . Weiss . HAIFA <b class=""highlightcolor"">St . Luke</b> s Church . HolCommunion y , 7 ...</div>"
495	refadv19220715-01.2.18	15 July 1922	refadv	LOCAL NEWS if	"<div class=""txtsearchsnippet"">... , age 66 years , July 7 , at <b class=""highlightcolor"">St . Luke</b> s . Husband of late Bertha Hallenstein ...</div>"
496	pls19390109-01.2.22	9 January 1939	pls	DEATH OF ARTHUR E . FRANKLIN	"<div class=""txtsearchsnippet"">... Assistant District Commissioner , the People s Warden at <b class=""highlightcolor"">St . Luke</b> s Church , Haifa , Mr . ...</div>"
497	pls19420918-01.2.22	18 September 1942	pls	UNKNOWN	"<div class=""txtsearchsnippet"">... ouse Kovalskv , « 7 Herzl St . )— <b class=""highlightcolor"">St . Luke</b> s Church of England _¦</div>"
498	pls19450726-01.2.12	26 July 1945	pls	UNKNOWN	"<div class=""txtsearchsnippet"">... , wife of Mr . Leslie Jchn Harrison of <b class=""highlightcolor"">St . Luke</b> s School , Haifa , on July ...</div>"
499	pls19460222-01.2.16	22 February 1946	pls	UNKNOWN	"<div class=""txtsearchsnippet"">... ( Cafe _Ritzi ; Dance at the Hut ( <b class=""highlightcolor"">St . Luke</b> s ) . TOMORROW , 1 ERI ...</div>"
500	pls19460308-01.2.16	8 March 1946	pls	UNKNOWN	"<div class=""txtsearchsnippet"">... . I » ance at . the Hut ( <b class=""highlightcolor"">St . Luke</b> s ) . TOMORROW : JEKISAIEM 11 ...</div>"
501	pls19470320-01.2.40	20 March 1947	pls	UNKNOWN	"<div class=""txtsearchsnippet"">... in Palestine _ayn yester ay Loading his rifle at <b class=""highlightcolor"">St , Luke</b> s Camp near Haifa on Tuesday night ...</div>"
502	pls19460614-01.2.12	14 June 1946	pls	UNKNOWN	"<div class=""txtsearchsnippet"">... ( Cafe _RiUi ; Dance at the Rut ( <b class=""highlightcolor"">St . Luke</b> s j ; 8 . 3 ( ...</div>"
503	pls19480215-01.2.6	15 February 1948	pls	Haganah Mopping U p Haifa Sni' Posts pers	"<div class=""txtsearchsnippet"">... from behind an Arab road-block at the junction of <b class=""highlightcolor"">St . Luke</b> s Street and Mountain Road . He ...</div>"
504	pls19470606-01.2.28	6 June 1947	pls	UNKNOWN	"<div class=""txtsearchsnippet"">... afternoon and Sunday morning , at tail . HAIFA <b class=""highlightcolor"">St . Luke</b> s Church of land : _Eng K ...</div>"
505	jweekly19390929.2.87	29 September 1939	jweekly	Medicine In The Ki hie	"<div class=""txtsearchsnippet"">... at Antioch (Colossians, 4, 14). The medicine practiced by <b class=""highlightcolor"">St. Luke</b> was, no doubt, influenced by the contemporary Greek ...</div>"
506	chncdjn19220816-01.2.48	16 August 1922	chncdjn	Social News	"<div class=""txtsearchsnippet"">... Miss Lilly Frankie who underwent a serious operation at <b class=""highlightcolor"">St. Luke's</b> hospital. is convalescing nicely and will be removed ...</div>"
507	chncdjn19220712-01.2.51	12 July 1922	chncdjn	Social News	"<div class=""txtsearchsnippet"">... the proud parents of a baby girl born at <b class=""highlightcolor"">St. Luke's</b> hospital. July 10th. Miss Helen Hilda Cohen of ...</div>"
508	palestineweekly19211028-01.2.20	28 October 1921	palestineweekly	Official.	"<div class=""txtsearchsnippet"">... as well as of the Boy Scout Group of <b class=""highlightcolor"">St. Luke's</b> School. During the same afternoon he was shown ...</div>"
509	palestineweekly19231109-01.2.30	9 November 1923	palestineweekly	Social and Personal	"<div class=""txtsearchsnippet"">... by the District Governor, and the religious ceremony at <b class=""highlightcolor"">St. Luke's</b> Church, the Reverend T. Khadder officiating. The bride ...</div>"
510	jewishadvocatebombay19410302-01.2.8	2 March 1941	jewishadvocatebombay	"Charlie Chaplin's Concluding Speech in ""The Great Dictator"""	"<div class=""txtsearchsnippet"">... slavery! Fight for liberty! In the 17th Chapter of <b class=""highlightcolor"">St. Luke,</b> it is written: ""The kingdom</div>"
511	amjwld19250731-01.2.25	31 July 1925	amjwld	,, U ,,,. .... ., , . ., . I ^^ S ^ fcS ^ , . „ , , nn ,, ' - ! jocxm axta f ^ <& JQXSOXlQl	"<div class=""txtsearchsnippet"">... Jacob Fink , 618 Carroll avenue , died at <b class=""highlightcolor"">St . Luke</b> s Hospital at 3 o clock Sunday ...</div>"
512	amjwld19220428-01.2.24	28 April 1922	amjwld	DULUTH NEWS	"<div class=""txtsearchsnippet"">... Sandler died Wednesday , April 19 th , at <b class=""highlightcolor"">St . Luke</b> s hospital . The funeral was held ...</div>"
513	amjwld19291025-01.2.16	25 October 1929	amjwld	DULUTH NEWS	"<div class=""txtsearchsnippet"">... a daughter Wednesday morning , October 16 , at <b class=""highlightcolor"">St . Luke</b> s Hospital . BETROTHED Mr . H ...</div>"
514	amjwld19440623-01.2.48	23 June 1944	amjwld	Duluth	"<div class=""txtsearchsnippet"">... a daughter on Sunday , June 18 , at <b class=""highlightcolor"">St . Luke</b> s hospital . Mr . and Mrs ...</div>"
515	bbh19270527-01.2.19	27 May 1927	bbh	Open Forum	"<div class=""txtsearchsnippet"">... read a little more of The New Testament in <b class=""highlightcolor"">St . Luke</b> 18-32 . I read for he shall ...</div>"
516	cgs19200910-01.2.62.2	10 September 1920	cgs	Page 25 Advertisements Column 2	"<div class=""txtsearchsnippet"">... Surplus 1438 S . Michigan Ave ., Directly Opposite <b class=""highlightcolor"">St . Luke</b> s Hospital Weekly Cut Price Sale—Prices Good ...</div>"
517	bbh19390217-01.2.24	17 February 1939	bbh	RABBI MAGNIN ADDRESSES WOMEN ASSOCIATES OF UNIVERSITY CONFERENCE	"<div class=""txtsearchsnippet"">... Gooden ; Canon E . B . Smith of <b class=""highlightcolor"">St . Luke</b> s Church of Monrovia and Mrs . ...</div>"
518	bbh19410131-01.2.90	31 January 1941	bbh	! MFUNERALS <* *	"<div class=""txtsearchsnippet"">... S . Pasadena , who died January 22 at <b class=""highlightcolor"">St . Luke</b> s Hospital , Pasadena , were held ...</div>"
519	cgs19380728-01.2.65	28 July 1938	cgs	Along the North Shore	"<div class=""txtsearchsnippet"">... the very Rev . Gerald G . Moore of <b class=""highlightcolor"">St . Luke</b> s pro-cathedral . Several other ministers have ...</div>"
520	pls19361126-01.2.12	26 November 1936	pls	Notice	"<div class=""txtsearchsnippet"">... Sunday , November 20 . He will preach at <b class=""highlightcolor"">St . Luke</b> s Church at 10 a . m ...</div>"
521	pls19370917-01.2.13	17 September 1937	pls	UNKNOWN	"<div class=""txtsearchsnippet"">... a . m . Cordial Welcome for All . <b class=""highlightcolor"">St . Luke</b> s Church ( Church of England ) ...</div>"
522	pls19371122-01.2.70	22 November 1937	pls	SOCIAL AND PERSONAL _^ lllllllll ! l !! llll !! lll !! IIIIHIIIIII ! l | ll !! il !! lllll ! l ! l ! ll !!!! l !!!! l !!! l ! ll !!! ll !! lll _^	"<div class=""txtsearchsnippet"">... s Offices , the religious took lace at . <b class=""highlightcolor"">St . Luke</b> s ceremony p Church , the Ilev ...</div>"
523	pls19350423-01.2.68	23 April 1935	pls	Wireless _Programme To-dav and To-morrow	"<div class=""txtsearchsnippet"">... by Guy Weitz , from Par ish Church of <b class=""highlightcolor"">St . Luke</b> , Chelsea . _3 _. _1-n TM ...</div>"
524	pls19380325-01.2.22	25 March 1938	pls	SOCIAL AND PERSONAL -II ! llllll [ l ! lllllllllllllllfll ! l ! l ! _IM	"<div class=""txtsearchsnippet"">... short tour of the town , including visits to <b class=""highlightcolor"">St . Luke</b> s College and the English High School ...</div>"
525	pls19370212-01.2.11	12 February 1937	pls	UNKNOWN	"<div class=""txtsearchsnippet"">... Christie , DJX O . C . F . <b class=""highlightcolor"">St . Luke</b> s Church ( _Churcdi of England ) ...</div>"
526	pls19350920-01.2.15	20 September 1935	pls	Women Immigrants Hostel for Tel Aviv	"<div class=""txtsearchsnippet"">HA 1 EA <b class=""highlightcolor"">St . Luke</b> s Church — _HolCoivmunion y 7 . ...</div>"
527	pls19340817-01.2.8	17 August 1934	pls	Religious Services	"<div class=""txtsearchsnippet"">HAIFA <b class=""highlightcolor"">St . Luke</b> s Church . 7 . 30 a ...</div>"
528	pls19400303-01.2.27	3 March 1940	pls	DEATH OF REV . FATHER JOSEPH _HENNINGflR	"<div class=""txtsearchsnippet"">... to the Iraq _Petroleui Company , will preach at <b class=""highlightcolor"">St . Luke</b> Church , Haifa , today at 10 ...</div>"
529	pls19380909-01.2.121	9 September 1938	pls	_a- _' _-aa- ' _^^ _. _^ _iVv a v aa , ;; _- _vi-. _iVI _^ _.,:. _^ _,,-,, _;;;	"<div class=""txtsearchsnippet"">HAIFA <b class=""highlightcolor"">St . Luke</b> s Church ( Church of England ) ...</div>"
530	pls19381007-01.2.42	7 October 1938	pls	"_tvmtt _jReltgttws _^ s i ' ' _hhhC ' - _--e ''' _^ ' 0- "" — : e e'in ;"	"<div class=""txtsearchsnippet"">HAIFA <b class=""highlightcolor"">St . Luke</b> s Church ( Church of England ) ...</div>"
531	pls19390816-01.2.17	16 August 1939	pls	SUCCESSFUL CANDIDATES F 0 F _. PALESTINE CERTIFICATES	"<div class=""txtsearchsnippet"">... Nuseir , Elias and Unan , George Vincent . <b class=""highlightcolor"">St . Luke</b> s School , Haifa— Elhaj , Ahmad ...</div>"
532	pls19400426-01.2.110	26 April 1940	pls	¦ _iiiiiiiiiii	"<div class=""txtsearchsnippet"">... Pastor : T . D . Urshan . HAIFA <b class=""highlightcolor"">St . Luke</b> s Church ( Church ol England ) ...</div>"
533	pls19400823-01.2.55	23 August 1940	pls	_5 _Rcltfltous ptxmtts	"<div class=""txtsearchsnippet"">... . Tel . 20-17 . , p ; HAIFA <b class=""highlightcolor"">St . Luke</b> s Church ( Church -oT England ) ...</div>"
534	pls19450316-01.2.24	16 March 1945	pls	UNKNOWN	"<div class=""txtsearchsnippet"">... a . m ., Breaking of Bread . HAIFA <b class=""highlightcolor"">St . Luke</b> s Church of England : — PC ...</div>"
535	pls19450208-01.2.27	8 February 1945	pls	i . us I Where to Go j | I	"<div class=""txtsearchsnippet"">... 30 p . m . : Whist Drive ( <b class=""highlightcolor"">St . Luke</b> s Canteeni 8 : Gramo- ; phone ...</div>"
536	pls19450914-01.2.19	14 September 1945	pls	UNKNOWN	"<div class=""txtsearchsnippet"">... An _Nahda College , Jerusalem Mikha .. Gedeon . <b class=""highlightcolor"">St . Luke</b> s School , Haifa Eliezer David _Bahr ...</div>"
537	pls19451214-01.2.19	14 December 1945	pls	m _AIV _^	"<div class=""txtsearchsnippet"">... bf _W 63 Business Centre ) - Dance ( <b class=""highlightcolor"">St . Luke</b> sMountain Rd .. _fgfigfi _* LtT , ...</div>"
538	pls19460211-01.2.13	11 February 1946	pls	UNKNOWN	"<div class=""txtsearchsnippet"">... 52 * 6 ( Ritz _Cafei ; Lance ( <b class=""highlightcolor"">St . Luke</b> s ); b : Welsh Soeiety ( ...</div>"
539	pls19460503-01.2.12	3 May 1946	pls	UNKNOWN	"<div class=""txtsearchsnippet"">... Ritzi ; _iiiiiiu at . the Hut . ( <b class=""highlightcolor"">St . Luke</b> s * . TOMORROW : JERUSALEM 11 ...</div>"
540	pls19480109-01.2.10	9 January 1948	pls	2 F \ _wlw	"<div class=""txtsearchsnippet"">... at , near Wadi Jamal , not far from <b class=""highlightcolor"">St . Luke</b> s Camp . The men who were ...</div>"
541	refadv19290309-01.2.30	9 March 1929	refadv	d 3 hieaqo % iHlub iNe im U ^ i .	"<div class=""txtsearchsnippet"">... , Chicago Memorial ; Louis R . Curtis , <b class=""highlightcolor"">St . Luke</b> s Hospital ; Bro . Ephriam , ...</div>"
542	amjwld19340406-01.2.24	6 April 1934	amjwld	f % p . —~ H ^^ S ^ j ^ S ^^ : I , „ % Sxxci & t ' £ titcl { personal	"<div class=""txtsearchsnippet"">... St ., died Saturday , March 31 , at <b class=""highlightcolor"">St . Luke</b> s Hospital . She was 61 years ...</div>"
543	cgs19400905-01.2.68	5 September 1940	cgs	Along the North Shore	"<div class=""txtsearchsnippet"">... Hospital , who was appointed professor senior dermatologist at <b class=""highlightcolor"">St . Luke</b> s ment ; and Dr . Edward ...</div>"
544	pls19370521-01.2.31.2	21 May 1937	pls	Page 2 Advertisements Column 2	"<div class=""txtsearchsnippet"">... D . D . Cordial Welcome for Al ¦ <b class=""highlightcolor"">St . Luke</b> s Church ( Church of Enj . ...</div>"
545	pls19370528-01.2.8	28 May 1937	pls	UNKNOWN	"<div class=""txtsearchsnippet"">... D . D . Cordial Welcome for All . <b class=""highlightcolor"">St Luke</b> s Church ( Church of England )—Holy Communion ...</div>"
546	pls19371022-01.2.18	22 October 1937	pls	"""LOST AND FOUND """	"<div class=""txtsearchsnippet"">... Service , 9 . 30 a . m . <b class=""highlightcolor"">St . Luke</b> s Church ( Church of England ) ...</div>"
547	pls19371210-01.2.12	10 December 1937	pls	3 R _citrous _Strmtts	"<div class=""txtsearchsnippet"">HAIFA <b class=""highlightcolor"">St . Luke</b> s Church ( Church of England ) ...</div>"
548	plb19300601-01.2.20	1 June 1930	plb	bir John Simpson In Haifa	"<div class=""txtsearchsnippet"">... Rev . J . Khaddor is Chairman of , <b class=""highlightcolor"">St . Luke</b> s , and Rev . S . ...</div>"
549	pls19400308-01.2.74	8 March 1940	pls	txm _^ _Keltgmus ptts _iiiiiiiiiiiiiiiM	"<div class=""txtsearchsnippet"">HAIFA <b class=""highlightcolor"">St . Luke</b> s Church ( Church of England ) ...</div>"
550	pls19400223-01.2.93	23 February 1940	pls	"_- _--T 7 ! "" ' ' _-- : _! _7- '' _: *'* e * ' '' : _' : ¦ ' ""> ' -en ; p"	"<div class=""txtsearchsnippet"">HAIFA <b class=""highlightcolor"">St . Luke</b> s Church ( Church of-England ) Holy ...</div>"
551	pls19400126-01.2.110	26 January 1940	pls	_^ _Reltgtmts _^ tvbxtts	"<div class=""txtsearchsnippet"">HAIFA <b class=""highlightcolor"">St . Luke</b> s Church ( Church of England ) ...</div>"
552	pls19381111-01.2.87	11 November 1938	pls	"_^ _eltgtaits _^ _tvmtts ' "" "" ' _; _- . ' ' . _- . ' _'S- _—S ' : ' ' _;"	"<div class=""txtsearchsnippet"">HAIFA <b class=""highlightcolor"">St . Luke</b> s Church ( Church of England ) ...</div>"
553	pls19381104-01.2.137	4 November 1938	pls	_^ Religious J _^ crmccs	"<div class=""txtsearchsnippet"">HAIFA <b class=""highlightcolor"">St . Luke</b> s Church ( Church of England ) ...</div>"
554	pls19391016-01.2.22	16 October 1939	pls	GERMAN _BIISSIONARY ACTIVITY IN PALESTINE ANGLICAN BISHOP ASSUMES MORAL RESPONSIBILITY	"<div class=""txtsearchsnippet"">... congrega tion will hereafter meet in the chapel of <b class=""highlightcolor"">St . Luke</b> s italwhose Arab Hosp , dispenser will ...</div>"
555	refadv19300719-01.2.51	19 July 1930	refadv	JUSTICE NATHAN BIJUR PASSES	"<div class=""txtsearchsnippet"">... Court of New York , passed away at the <b class=""highlightcolor"">St . Luke</b> s Hospital last week . He was ...</div>"
556	pls19400705-01.2.78	5 July 1940	pls	^ iaiTS Scrmccs iCltg !!!! l !! f ! 1 ll !!! l !!!![| l ^ ll [ ll (! llll [| i ! l ! II ! l ! lll ! lllll ! l ! llllll ! l ! lllli !!!^	"<div class=""txtsearchsnippet"">... . m . ; Tel . 2017 . IIAIFA <b class=""highlightcolor"">St . Luke</b> s Church ( Church oi England ) ...</div>"
557	pls19430221-01.2.39	21 February 1943	pls	CONGRATULATIONS TO NEW BISHOP	"<div class=""txtsearchsnippet"">... will preach at 10 o clock this morning at <b class=""highlightcolor"">St . Luke</b> s Church in Haifa . An Article ...</div>"
558	pls19420922-01.2.17	22 September 1942	pls	UNKNOWN	"<div class=""txtsearchsnippet"">... Nashashibi ; Eliya Ibrahim S ha nam as . <b class=""highlightcolor"">St . Luke</b> s School , Haifa — Rustum Hussein ...</div>"
559	pls19421120-01.2.19	20 November 1942	pls	UNKNOWN	"<div class=""txtsearchsnippet"">... 9 . 30 a . m . , HAIFA <b class=""highlightcolor"">St . Luke</b> s Church of England : — II ...</div>"
560	pls19450511-01.2.21	11 May 1945	pls	UNKNOWN	"<div class=""txtsearchsnippet"">... Andrew s Club ;; 7 . 30 Dance ( <b class=""highlightcolor"">St . Luke</b> s Canteen 8 . 15 : Devotion- ...</div>"
561	pls19480229-01.2.12	29 February 1948	pls	Hcpfa Bomb Plot Exploded	"<div class=""txtsearchsnippet"">... Jew was found by troops under a bridge near <b class=""highlightcolor"">St . Luke</b> s on the HaifaCamp Tel Aviv road ...</div>"
562	chncijn19420731-01.2.20.2	31 July 1942	chncijn	Page 4 Advertisements Column 2	"<div class=""txtsearchsnippet"">... W. 19th Ave. and Julian. Denver. Colo.; Bernadine Judd. <b class=""highlightcolor"">St. Luke's</b> Hospital. Nurses’ Home. Denver, Colo.; Robert Judd (Minor), ...</div>"
563	chroniclerspokesman19360828-01.2.23	28 August 1936	chroniclerspokesman	Monsignor Ryans, Other Take To Task Radio Priest	"<div class=""txtsearchsnippet"">... Let Father Coughlin read his Bible, Leviticus 19:18 and <b class=""highlightcolor"">St. Luke</b> X:26-28. This instruction of Judaism was the reason ...</div>"
564	dertog19421222-01.2.19	22 December 1942	dertog	NEWS AND – VIEWS	"<div class=""txtsearchsnippet"">... fairly shook me. It told the story, according to <b class=""highlightcolor"">St. Luke,</b> of the birth of the Christ child, but ...</div>"
565	pls19351223-01.2.49	23 December 1935	pls	Christendom _' s Toward _Bethlehem Eyes	"<div class=""txtsearchsnippet"">... the Nativity , while the Gospel for Christmas , <b class=""highlightcolor"">St . Luke</b> II ., 1-14 . is . At ...</div>"
566	pls19371126-01.2.13	26 November 1937	pls	_Ixcltqtmts j _^ _crtriccs	"<div class=""txtsearchsnippet"">... Mass , ; Sung 10 a . m . <b class=""highlightcolor"">St . Luke</b> s Church ( Church of England ) ...</div>"
567	pls19371112-01.2.23	12 November 1937	pls	HAIFA	"<div class=""txtsearchsnippet"">... from Western Mt . Carmel to a point near <b class=""highlightcolor"">St . Luke</b> s School , which would give Mt ...</div>"
568	pls19380408-01.2.44	8 April 1938	pls	_^ Rcltgtaus _erutccs	"<div class=""txtsearchsnippet"">HAIFA <b class=""highlightcolor"">St . Luke</b> s Church ( Church of England ) ...</div>"
569	pls19370423-01.2.10	23 April 1937	pls	_Religious Services	"<div class=""txtsearchsnippet"">... . D . O . C . F . <b class=""highlightcolor"">St Luke</b> s Church ( Church of England ) — ...</div>"
570	pls19350927-01.2.73	27 September 1935	pls	Passport Forgery	"<div class=""txtsearchsnippet"">... Hadow has been appointed Matron • - •{ the <b class=""highlightcolor"">St . Luke</b> s hospital . Hebron , and w ...</div>"
571	pls19360710-01.2.79	10 July 1936	pls	Religious Services	"<div class=""txtsearchsnippet"">HAIFA <b class=""highlightcolor"">St Luke</b> s Church — Holy Communion , 7 . ...</div>"
572	pls19350802-01.2.6	2 August 1935	pls	Strict Instructions for	"<div class=""txtsearchsnippet"">HAIFA <b class=""highlightcolor"">St , Luke</b> s Church —¦ Ho &gt; ly Communion ...</div>"
573	pls19400112-01.2.112	12 January 1940	pls	^ Reli ious ^ troxtts g	"<div class=""txtsearchsnippet"">HAIFA <b class=""highlightcolor"">St . Luke</b> s Church ( Church of England ) ...</div>"
574	pls19400202-01.2.109	2 February 1940	pls	_IRcltgtmts j _^ _crtitces	"<div class=""txtsearchsnippet"">RAFF A <b class=""highlightcolor"">St . Luke</b> s Church ( Church of England ) ...</div>"
575	pls19390901-01.2.105	1 September 1939	pls	lll ! lllll ! ll !! llllllll ! lll ! lll ! lllllll !! l ! lllllllilll _^	"<div class=""txtsearchsnippet"">HAIFA <b class=""highlightcolor"">St . Luke</b> s Church ( Church of England ) ...</div>"
576	pls19391013-01.2.52	13 October 1939	pls	IScltgtatts _JSmrtces	"<div class=""txtsearchsnippet"">HAIFA <b class=""highlightcolor"">St . Luke</b> s Church ( Church of England ) ...</div>"
577	pls19391222-01.2.164	22 December 1939	pls	3 _Reltgtaus _JJcrrriccs ll ! illl !!! l !!!! l : !! _ll !! lll !!!! il ! l !! l ! l ! lilllllllllll ! lllllllll | ll !! l ! l ! _0 _^	"<div class=""txtsearchsnippet"">HAIFA <b class=""highlightcolor"">St . Luke</b> s Church ( Church of England ) ...</div>"
578	refadv19270514-01.2.64	14 May 1927	refadv	"|„ H""H""H""I""I""H""I""H ' I""I""H""H ^^ MUSIC and DRAMA : ¦¦¦¦ . ¦ ¦• . I .. T .. t .. T ¦¦ l ¦¦ I . ¦ ^ . l » t Il !¦^ I . ^ t ^^ I ^^ I »^ ^ ^ I"" ^'^ ^ ^ ^ I"" ^^ ^ ¦ ^ ^ I""I ^¦ I' ^ ^ ^ I ^ 4 ' ^ ^' II ^^ I ^^ I ¦> I ~ r ^^ AAAJ ^ t ¦ . T ^"	"<div class=""txtsearchsnippet"">... NOTES CARL engaged « Mary Bohart has been the <b class=""highlightcolor"">St Luke</b> soprano solist for Edna Cunning ham * chapel ...</div>"
579	refadv19230714-01.2.45	14 July 1923	refadv	THE NATIONAL FEDERATION OF TEMPLE SISTERHOODS	"<div class=""txtsearchsnippet"">... Jewish Community office , endowed a room at the <b class=""highlightcolor"">St . Luke</b> s Hospital and another at the Lend-a-Hand ...</div>"
580	pls19410926-01.2.62	26 September 1941	pls	UNKNOWN	"<div class=""txtsearchsnippet"">... ) ° p m . IT _ATF A . <b class=""highlightcolor"">St . Luke</b> s ( _Churalr oi _Engrland ) — ...</div>"
581	pls19381216-01.2.52	16 December 1938	pls	"_jScltgtaus _jiermccs """"! _V'"""" ¦ ' ' 'a-: : _- .. a _,"	"<div class=""txtsearchsnippet"">HAIFA <b class=""highlightcolor"">St . Luke</b> s Church ( Church of England ) ...</div>"
582	pls19420703-01.2.11	3 July 1942	pls	LIDO	"<div class=""txtsearchsnippet"">... , ; 9 30 a . m . HAIFA <b class=""highlightcolor"">St . _Luke</b> s Church ol England—1 IC ,, 7 ...</div>"
583	pls19430806-01.2.14	6 August 1943	pls	UNKNOWN	"<div class=""txtsearchsnippet"">... ; English , any time at call . HAIFA <b class=""highlightcolor"">St ; Luke</b> s Church of England!—H . C 7 ...</div>"
584	pls19430903-01.2.10	3 September 1943	pls	_Relirrtous	"<div class=""txtsearchsnippet"">HAIFA <b class=""highlightcolor"">St . Luke</b> s Church of England : — HC ...</div>"
585	pls19440915-01.2.17	15 September 1944	pls	UNKNOWN	"<div class=""txtsearchsnippet"">... a . m ., Breaking of Bread . HAIFA <b class=""highlightcolor"">St . Luke</b> s Church of England : — H ...</div>"
586	pls19420828-01.2.14	28 August 1942	pls	UNKNOWN	"<div class=""txtsearchsnippet"">... Sermon , 9 30 a . m . HAIFA <b class=""highlightcolor"">St . Luke</b> s Church of TCnglnnd—H . C , ...</div>"
587	pls19421023-01.2.19	23 October 1942	pls	UNKNOWN	"<div class=""txtsearchsnippet"">... , 9 . 30 a . m . HAIFA <b class=""highlightcolor"">St . Luke</b> s Church of _England : — IT ...</div>"
588	pls19450904-01.2.33	4 September 1945	pls	U . S . REFINERIES IN LEBANON	"<div class=""txtsearchsnippet"">... . : Dance a &gt; t the Hut ( <b class=""highlightcolor"">St . Luke</b> s , Moumtain Rd . ) ; ...</div>"
589	pls19460208-01.2.15	8 February 1946	pls	UNKNOWN	"<div class=""txtsearchsnippet"">... a . m ., Breaking of Bread . HAIFA <b class=""highlightcolor"">St . Luke</b> s Church of England : — H ...</div>"
590	tjewvc19181115-01.2.6	15 November 1918	tjewvc	LOCALS.	"<div class=""txtsearchsnippet"">... street in front of 5590 Waterman avenue. At the <b class=""highlightcolor"">St. Luke's</b> Hospital she was reported to be suffering from ...</div>"
591	pls19470106-01.2.31	6 January 1947	pls	"_tmmmmLmmmmmmmmimm '' lit _* - ' ¦ "" « - ¦ - j"	"<div class=""txtsearchsnippet"">... by Army Welfare . * * * Members of <b class=""highlightcolor"">St . Luke</b> s Church , Haifa , are holding ...</div>"
592	sydneyjn19410808-01.2.57	8 August 1941	sydneyjn	In Town This Week	"<div class=""txtsearchsnippet"">... a week or so ago. Mrs. Wolff is in <b class=""highlightcolor"">St. Luke</b> Hos pital and pleased to say is making ...</div>"
593	pls19370618-01.2.10	18 June 1937	pls	UNKNOWN	"<div class=""txtsearchsnippet"">... , D . D . Cordial-Welcome for All . <b class=""highlightcolor"">st Luke</b> s Church ( Church of Enaland )— -P ...</div>"
594	plb19300905-01.2.21	5 September 1930	plb	For £ 125 London To Cape	"<div class=""txtsearchsnippet"">... m . ficers ) , will take place at <b class=""highlightcolor"">St . Luke</b> s Church , Haifa ment ( by ...</div>"
595	pls19330817-01.2.53	17 August 1933	pls	OUR LONDON LETTER	"<div class=""txtsearchsnippet"">... out of the Gospels of St . Matthew and <b class=""highlightcolor"">St . Luke</b> in tho Chapter Library of Durham Cathedral ...</div>"
596	pls19370208-01.2.41	8 February 1937	pls	_REHOVOTH	"<div class=""txtsearchsnippet"">... bEric H Thimanfrom y , the Parish Church of <b class=""highlightcolor"">St . Luke</b> , Chelsea , London . 11 . ...</div>"
597	pls19360403-01.2.14.3	3 April 1936	pls	Page 2 Advertisements Column 3	"<div class=""txtsearchsnippet""><b class=""highlightcolor"">st . Luke</b> s Church - Holy Communio 7-30 a ...</div>"
598	pls19410523-01.2.59	23 May 1941	pls	BRITAIN ON THE SCREEN	"<div class=""txtsearchsnippet"">HAIFA <b class=""highlightcolor"">St . Luke</b> s ( Church of England)—H . C ...</div>"
599	pls19410527-01.2.16	27 May 1941	pls	l ~ J V 1 \ s-r \ A V 1	"<div class=""txtsearchsnippet"">... Mercantile Marine are invited to a Cabaret at the <b class=""highlightcolor"">St . Luke</b> s Hut , Mountain Road . Haifa ...</div>"
600	pls19410606-01.2.56	6 June 1941	pls	FOLK OPERA MADAME BUTTERFLY	"<div class=""txtsearchsnippet"">... ( Arabic Sermon ) , and 10 . HAIFA <b class=""highlightcolor"">St . Luke</b> s ( Church of England)—H . C ...</div>"
601	pls19410404-01.2.40	4 April 1941	pls	LP . 1 , 000 GRANT TO MUNICIPALITY	"<div class=""txtsearchsnippet"">... Commissioner with Mrs . Pollock attended the Sports of <b class=""highlightcolor"">St . Luke</b> s School held Day . here this ...</div>"
602	pls19410220-01.2.13	20 February 1941	pls	"POLICE FORCE TEAM OPEN WITH WIN AGAINST ""Y *"	"<div class=""txtsearchsnippet"">... military band will play at tlhe variety show at <b class=""highlightcolor"">St . Luke</b> s SoldierHut in Mountain Road , Haifa ...</div>"
603	pls19411225-01.2.31	25 December 1941	pls	Latin Patriarch ' s Traditional	"<div class=""txtsearchsnippet"">... A tea-party and Dance has also been ariranged by <b class=""highlightcolor"">St . Luke</b> s Hut on Boxing : Day . ...</div>"
604	pls19381209-01.2.133	9 December 1938	pls	)|! llllllllllllllll ! l ! lllllllllllllllillllllll ! lllllllll	"<div class=""txtsearchsnippet"">HAIFA <b class=""highlightcolor"">St . Luke</b> s Church ( Church of England ) ...</div>"
605	pls19390526-01.2.147	26 May 1939	pls	_Sertriccs	"<div class=""txtsearchsnippet"">HAIFA <b class=""highlightcolor"">St . Luke</b> s Church ( Church of England ) ...</div>"
606	pls19430212-01.2.10	12 February 1943	pls	UNKNOWN	"<div class=""txtsearchsnippet"">... ° or H M . Forces . 7 30 <b class=""highlightcolor"">St . _Luke</b> s ChureJi of _Entfaml ! - nm ...</div>"
607	pls19401115-01.2.63	15 November 1940	pls	FILM GUIDE	"<div class=""txtsearchsnippet"">... ) , 8 . 30 and 9 . HAIFA <b class=""highlightcolor"">St . Luke</b> s ( Churcn of England ) — ...</div>"
608	pls19430402-01.2.14	2 April 1943	pls	UNKNOWN	"<div class=""txtsearchsnippet"">... . 15 _^ _^ A _^ JI pm ; <b class=""highlightcolor"">St __ Luke</b> _r „ s m Church _IX . ...</div>"
609	pls19430625-01.2.20	25 June 1943	pls	UNKNOWN	"<div class=""txtsearchsnippet"">, any , HAIFA <b class=""highlightcolor"">St . _Luke</b> s Church of England : — ¦ ...</div>"
610	pls19430618-01.2.18	18 June 1943	pls	UNKNOWN	"<div class=""txtsearchsnippet""><b class=""highlightcolor"">St . Luke</b> s Church of England : — ll ...</div>"
611	pls19431126-01.2.29	26 November 1943	pls	UNKNOWN	"<div class=""txtsearchsnippet"">... a . m ., Breaking of Bread . HAIFA <b class=""highlightcolor"">St . Luke</b> s Church of _England : — H ...</div>"
612	pls19441013-01.2.24	13 October 1944	pls	_Kditrinus	"<div class=""txtsearchsnippet"">... a . m ., Breaking of Bread . HAIFA <b class=""highlightcolor"">St . Luke</b> s Church of England : — H ...</div>"
613	pls19421106-01.2.24	6 November 1942	pls	UNKNOWN	"<div class=""txtsearchsnippet"">... , ; 9 30 a . m . HAIFA <b class=""highlightcolor"">St . Luke</b> s Church of England :- — H ...</div>"
614	pls19451012-01.2.37	12 October 1945	pls	xUltfrtnu * f ^ erbtce ^	"<div class=""txtsearchsnippet"">... — 10 am ., Breaking of Bread . HAIFA <b class=""highlightcolor"">St . Luke</b> s Churcn of England : — K ...</div>"
615	pls19451123-01.2.16	23 November 1945	pls	UNKNOWN	"<div class=""txtsearchsnippet"">... a . m ., Breaking of Bread . HAIFA <b class=""highlightcolor"">St . Luke</b> s Church of England : — H ...</div>"
616	pls19451018-01.2.13	18 October 1945	pls	S . K 6 2 N S A 10 f 3 H . K 10 9 S ui c H 7 5 3 2 D 7 6 ^ , j - 10 4 Q c A . 10 S 4 S C . K 7	"<div class=""txtsearchsnippet"">... 7 30 . : Grand Whist Drive pun ( <b class=""highlightcolor"">St . Luke</b> s Hut ); 8 : Padre s ...</div>"
617	pls19460308-01.2.17	8 March 1946	pls	UNKNOWN	"<div class=""txtsearchsnippet"">... a . m ., Breaking of Bread . HAIFA <b class=""highlightcolor"">St . Luke</b> s Church of En gland : — ...</div>"
618	pls19460125-01.2.14	25 January 1946	pls	_Kehmmis	"<div class=""txtsearchsnippet"">... a . m ., Breaking of Bread . HAIFA <b class=""highlightcolor"">St . Luke</b> s Church of England : — H ...</div>"
619	pls19451228-01.2.13	28 December 1945	pls	UNKNOWN	"<div class=""txtsearchsnippet"">... a . m ., Breaking of Bread . HAIFA <b class=""highlightcolor"">St . Luke</b> s Church of England : — H ...</div>"
620	pls19460524-01.2.19	24 May 1946	pls	Untitled	"<div class=""txtsearchsnippet"">... a . m ., Breaking of Bread . HAIFA <b class=""highlightcolor"">St . Luke</b> s Church of land Eng H . ...</div>"
621	pls19460429-01.2.26	29 April 1946	pls	AT THE CINEMA	"<div class=""txtsearchsnippet"">... Haifa Lodge 5286 ( Ritz Cafej ; Dance ( <b class=""highlightcolor"">St . Luke</b> s ); S . 30 : Play ...</div>"
622	pls19460712-01.2.34	12 July 1946	pls	UNKNOWN	"<div class=""txtsearchsnippet"">... a . m , Breaking of Bread . HAIFA <b class=""highlightcolor"">St . Luke</b> s Church of England : H . ...</div>"
623	pls19461025-01.2.20	25 October 1946	pls	UNKNOWN	"<div class=""txtsearchsnippet"">HAIFA <b class=""highlightcolor"">St . Luke</b> s Church of England : H . ...</div>"
624	pls19481217-01.2.16	17 December 1948	pls	WIRELESS PROGRAMMES	"<div class=""txtsearchsnippet"">... ] - _) . S _1 _XPAV ; HAIFA <b class=""highlightcolor"">St . Luke</b> s Church : — Morn ig Service ...</div>"
625	tjewvc19191212-01.2.9	12 December 1919	tjewvc	AN OPEN LETTER TO MR AARON WALDHEIM. CHAIR -MAN. JEWISH HOSPI -TAL, ST. LOUIS, MO.	"<div class=""txtsearchsnippet"">... pital Jewish and by what is it distinguished from <b class=""highlightcolor"">St. Luke's</b> or Missour Baptist? By virtue of what is ...</div>"
626	tjewvc19180104-01.2.9	4 January 1918	tjewvc	^. . All ARMY OP MERCY. i ' ¦	"<div class=""txtsearchsnippet"">... of the' death of Mr. Fred S. Freund, at <b class=""highlightcolor"">St Luke's</b> Hospital, after a brief illness following an operation, ...</div>"
627	tjewvc19181122-01.2.4	22 November 1918	tjewvc	LOCALS.	"<div class=""txtsearchsnippet"">... Pershing avenue, Is convalescing from a serious operation at <b class=""highlightcolor"">St. Luke's</b> Hos pital, and expects soon to be able ...</div>"
628	chncdjn19230221-01.2.44	21 February 1923	chncdjn	CLOSE-UPS” OF NEW LIFE AND HOPE.	"<div class=""txtsearchsnippet"">... that compare ]f:l\'nr:lhl.\' with those of Mount Sinai lor <b class=""highlightcolor"">St. Luke's</b> hospitals, It is guite the llnwt hospital in ...</div>"
629	tjewvc19210210-01.2.11	10 February 1921	tjewvc	J^—all ^^^j.Q^^	"<div class=""txtsearchsnippet"">... is convalescing from ids &lt; recent operation nt the <b class=""highlightcolor"">St. Luke's</b> ( Hospital, where he is now recuperut- [ ...</div>"
630	tjewvc19220512-01.2.12	12 May 1922	tjewvc	Untitled	"<div class=""txtsearchsnippet"">Mrs. A. Arbetter, who is ill at the <b class=""highlightcolor"">St. Luke's</b> Hospital, Is doing nicely.</div>"
631	palestineweekly19231123-01.2.10	23 November 1923	palestineweekly	Haifa	"<div class=""txtsearchsnippet"">... began at 10.45 a.m. with an official service in <b class=""highlightcolor"">St. Luke's</b> Church, similar to those held in England and ...</div>"
632	pls19441212-01.2.26	12 December 1944	pls	AT THE CINEMA	"<div class=""txtsearchsnippet"">... . m . : Dance ( Garrison Club &amp; <b class=""highlightcolor"">St . Luke</b> s Hut ); Whist Drive ( Soldiers ...</div>"
633	pls19450615-01.2.11	15 June 1945	pls	CONSIDERED VALID BY CIVIL COURTS	"<div class=""txtsearchsnippet"">... Andrew s _Clubi- ; 7 . 30 Dance ( <b class=""highlightcolor"">St . Luke</b> s Canteen ); 8 . 15 : ...</div>"
634	pls19460201-01.2.10	1 February 1946	pls	Untitled	"<div class=""txtsearchsnippet"">... ENTERTAINMENT : 7 . m . Dance &gt; . <b class=""highlightcolor"">St . Luke</b> s ;; p R . A . ...</div>"
635	cgs19390209-01.2.49	9 February 1939	cgs	I NEWCOMERS |	"<div class=""txtsearchsnippet"">... former Chicagoans . She was born January 28 at <b class=""highlightcolor"">St . Luke</b> s Hospital , just one week before ...</div>"
636	cgs19380804-01.2.42	4 August 1938	cgs	| NEWCOMERS	"<div class=""txtsearchsnippet"">... 4 , 1938 pounds and three quarter ounces . <b class=""highlightcolor"">St . Luke</b> s Hospital , weighing six Koretz . ...</div>"
637	pls19351122-01.2.9	22 November 1935	pls	Religious Services	"<div class=""txtsearchsnippet"">... 9 . 30 am-, Rev . Dannenbamer . HAIFA <b class=""highlightcolor"">St . Luke</b> s Church — Holy Communion 7 . ...</div>"
638	plb19250921-01.2.6	21 September 1925	plb	PALESTINE FROM DAY TO DAY	"<div class=""txtsearchsnippet"">... Boy Scouts left on Tuesday the lst Haifa ( <b class=""highlightcolor"">St . Luke</b> s ) Troop H a i f ...</div>"
639	pls19380519-01.2.18	19 May 1938	pls	_ANDPERSONAb SOCIAL _jiiiiiiiiiiiiiiiiiiiiiiiiriiiiiiiiiiiiiiiiiiiiiii _^	"<div class=""txtsearchsnippet"">The Annual Meeting of the Congregation of <b class=""highlightcolor"">St . Luke</b> s Church , Haifa , will be ...</div>"
640	pls19380512-01.2.27	12 May 1938	pls	SOCIAL AND-PERSONAL ]|| i ! ll ! l ! l ! llilll !!! ll !! fl ! l ! il !!! ltl ! tl ! H	"<div class=""txtsearchsnippet"">The marriage took place on ( Monday at <b class=""highlightcolor"">St . Luke</b> s Church , Haifa of Mr . ...</div>"
641	pls19410328-01.2.75	28 March 1941	pls	CONCERTS FOR WOUNDED	"<div class=""txtsearchsnippet"">... ( Arabic Sermon ) , and 10 . HAIFA <b class=""highlightcolor"">St . Luke</b> s ( Church of England ) — ...</div>"
642	pls19410324-01.2.2	24 March 1941	pls	¦ _Bcial Observance	"<div class=""txtsearchsnippet"">... St . James Cathedral . ayer Special Services at <b class=""highlightcolor"">St . Luke</b> s lurch in Haifa were attended bya ...</div>"
643	pls19400503-01.2.83	3 May 1940	pls	^ Reli ious J ^ crtri ce s g llllllllllllllllllllllllllilllllllllllllllllllllllllllllllllllllllllllM	"<div class=""txtsearchsnippet"">HAIFA <b class=""highlightcolor"">St . Luke</b> s Church ( Church o ! England ...</div>"
644	pls19400524-01.2.94	24 May 1940	pls	_^ _Rcltgmns _^ txmtts	"<div class=""txtsearchsnippet"">... • p . m . ; _Moniias _Pravcr , <b class=""highlightcolor"">St . Luke</b> s Church ( Church ol England )</div>"
645	pls19400816-01.2.67	16 August 1940	pls	_^ _Reltgtaus ptvmtts	"<div class=""txtsearchsnippet"">HAIFA <b class=""highlightcolor"">St . Luke</b> s Church ( Church o 1 t ...</div>"
646	pls19421218-01.2.24	18 December 1942	pls	UNKNOWN	"<div class=""txtsearchsnippet"">... ) , 9 30 a . m . HAIFA <b class=""highlightcolor"">St . Luke</b> _ 8 Church of England : —</div>"
647	pls19450608-01.2.32	8 June 1945	pls	flpfmtmw f ^ prmi ***	"<div class=""txtsearchsnippet"">... . m ., Breaking of Bread . . HAIFA <b class=""highlightcolor"">St . Luke</b> s Church of England : — H ...</div>"
648	pls19470425-01.2.20	25 April 1947	pls	UNKNOWN	"<div class=""txtsearchsnippet"">... afternoon and Sunday morning , at call . HAIFA <b class=""highlightcolor"">St . Luke</b> s Clmrch of England : H . ...</div>"
649	pls19451116-01.2.19	16 November 1945	pls	UNKNOWN	"<div class=""txtsearchsnippet"">... a . m ., Breaking of Bread . HAIFA <b class=""highlightcolor"">St . Luke</b> s Church of England : — H ...</div>"
650	pls19460318-01.2.14	18 March 1946	pls	AT THE CINEMA	"<div class=""txtsearchsnippet"">... . m . : Dance at the Hut ( <b class=""highlightcolor"">St . Luke</b> s ) : 8 p . m ...</div>"
651	pls19470124-01.2.19	24 January 1947	pls	_mhqwm	"<div class=""txtsearchsnippet"">9 . 30 . <b class=""highlightcolor"">St . Luke</b> s Church of _England : — H ...</div>"
652	chncdjn19240619-01.2.39	19 June 1924	chncdjn	Social News	"<div class=""txtsearchsnippet"">... parents of a son, born June 16th, ]1:1' the <b class=""highlightcolor"">St. Luke's</b> hespital, \ .; The marrviage of Mr. A, ...</div>"
653	chncijn19240619-01.2.39	19 June 1924	chncijn	Social News	"<div class=""txtsearchsnippet"">... parents of a son, born June 16th, ]1:1' the <b class=""highlightcolor"">St. Luke's</b> hespital, \ .; The marrviage of Mr. A, ...</div>"
654	tjewvc19210602-01.2.11	2 June 1921	tjewvc	Untitled	"<div class=""txtsearchsnippet"">... Mrs. Louis G. Olian, who is ill at the <b class=""highlightcolor"">St. Luke's</b> Hospital, is doing nicely, to Mr. and Mrs. ...</div>"
655	palestineweekly19281012-01.2.37	12 October 1928	palestineweekly	Social and Personal	"<div class=""txtsearchsnippet"">... Faris took place yesterday. The ceremony was held at <b class=""highlightcolor"">St. Luke's</b> Church, Haifa. Government officials and notables of the ...</div>"
656	cgs19311016-01.2.35	16 October 1931	cgs	( Cociety	"<div class=""txtsearchsnippet"">... those assisting in the October 6 , by the <b class=""highlightcolor"">St . Luke</b> s hospital workers . merous guests at ...</div>"
657	pls19371001-01.2.14	1 October 1937	pls	_/ - ? _v- ' I-1- v * _It-X-i _^	"<div class=""txtsearchsnippet"">... Service , 9 . 30 a . m . <b class=""highlightcolor"">St . Luke</b> s Church ( Church of England ) ...</div>"
658	pls19360110-01.2.13.2	10 January 1936	pls	Page 2 Advertisements Column 2	"<div class=""txtsearchsnippet""><b class=""highlightcolor"">St . Luke</b> * - * Church</div>"
659	pls19350301-01.2.60	1 March 1935	pls	Social and Personal	"<div class=""txtsearchsnippet"">... Elvira Tod The marriage took place on Wednesday at <b class=""highlightcolor"">St . Luke</b> s ChurchHai- , fa , of Mr ...</div>"
660	pls19380408-01.2.25	8 April 1938	pls	_'S OCIAL AND * PERSONAL _^ -w _IIIIIIIINIIIIIIIIIIIM	"<div class=""txtsearchsnippet"">... Haifa on Palm Sunday . H will preach in <b class=""highlightcolor"">St . Luke</b> s Church a Morning Prayer at 10 ...</div>"
661	pls19370129-01.2.11	29 January 1937	pls	Religious Services	"<div class=""txtsearchsnippet"">... . D . O . C . F . <b class=""highlightcolor"">St Luke</b> s Church ( Church o &gt; f Eng ...</div>"
662	pls19370329-01.2.33	29 March 1937	pls	"_dBWPHMK _^ 'to i t """" ay . _i _iSA r % i _»^^ ' _1 _^ _*^^^ m SW _^ * _r' _^ mt _[ l ; _& W . ** _* ' _w m , T a ~ i , % JM _i _ ' 1 tn _^ . • _^ _jf > _ff ¦ 3 J . : ii * TAP _» :, _^ k _^ _AJ _jjtM j"	"<div class=""txtsearchsnippet"">... Douglas Hawkridge , from the Chelsea Parish Church of <b class=""highlightcolor"">St . ; Luke</b> , _Lonidon . 4 00 pm ...</div>"
663	pls19380624-01.2.36	24 June 1938	pls	_IReltqtons _Jrcnriccr	"<div class=""txtsearchsnippet"">HAIFA <b class=""highlightcolor"">St . Luke</b> s Church ( Church of England ) ...</div>"
664	pls19461127-01.2.39	27 November 1946	pls	THE * iiu WINS _Jlr-lilij Um V _» . n t _[}	"<div class=""txtsearchsnippet"">... to light an oven with Diesel oil at the <b class=""highlightcolor"">St . Luke</b> s military ¦ camp near Haifa yesterday ...</div>"
665	pls19420320-01.2.18	20 March 1942	pls	_f _TAMADDnUT _^ I	"<div class=""txtsearchsnippet"">... _Preacher : Rev . Donald Ward . ) HAIFA <b class=""highlightcolor"">St . Luke</b> s Church of England—H . C 7 ...</div>"
666	pls19420605-01.2.18	5 June 1942	pls	SAVOY HOTH	"<div class=""txtsearchsnippet"">... , 9 . 30 a . m . HAIFA <b class=""highlightcolor"">St . Luke</b> s Church nf * Kujr 1 and ...</div>"
667	pls19390324-01.2.132	24 March 1939	pls	meitatews _iptmxtts	"<div class=""txtsearchsnippet"">... Pastor : T . D . _Urshan , HAIFA <b class=""highlightcolor"">St . Luke</b> s Church ( Church of England ) ...</div>"
668	pls19450112-01.2.27	12 January 1945	pls	UNKNOWN	"<div class=""txtsearchsnippet"">... a . m ., Breaking of Bread . HAIFA <b class=""highlightcolor"">St . Luke</b> s Church of Knjjland : — IlC ...</div>"
669	pls19441124-01.2.20	24 November 1944	pls	UNKNOWN	"<div class=""txtsearchsnippet"">HAIFA <b class=""highlightcolor"">St . Luke</b> s Church of England : — H ...</div>"
670	pls19441128-01.2.32	28 November 1944	pls	di h C . _SELECTfin Paymasters Top _P ! FEAI _RAHADA- Area League	"<div class=""txtsearchsnippet"">... m . : Male Voice Choir , Rehearsal ( <b class=""highlightcolor"">St . Luke</b> s Junior Boys School . ) HADERA ...</div>"
671	pls19430705-01.2.13	5 July 1943	pls	UNKNOWN	"<div class=""txtsearchsnippet"">... Sunday . — The marriage took place * at <b class=""highlightcolor"">St . Luke</b> s _Omarch here yesterday between Mr . ...</div>"
672	pls19430920-01.2.22	20 September 1943	pls	PALESTINE MATRICULATION RESULTS	"<div class=""txtsearchsnippet"">... ReiTven ; KH _. AI . _1 VA . <b class=""highlightcolor"">St . Luke</b> s School , Haifa Eliahu _IBAK-SOT ; ...</div>"
673	pls19431008-01.2.12	8 October 1943	pls	UNKNOWN	"<div class=""txtsearchsnippet"">HAIFA <b class=""highlightcolor"">St . Luke</b> s Church of England ;—- H . ...</div>"
674	pls19431203-01.2.12	3 December 1943	pls	_fltuftlOUS	"<div class=""txtsearchsnippet"">... a . m ., Breaking of Bread . HAIFA <b class=""highlightcolor"">St . Luke</b> s Church of England : — H ...</div>"
675	pls19440711-01.2.32	11 July 1944	pls	UNKNOWN	"<div class=""txtsearchsnippet"">... injured , the former critically , and removed to <b class=""highlightcolor"">St . Luke</b> s . Hospital . The alleged assailantwho ...</div>"
676	pls19440526-01.2.15	26 May 1944	pls	UNKNOWN	"<div class=""txtsearchsnippet"">... a . m ., Breaking of Bread . HAIFA <b class=""highlightcolor"">St . Luke</b> s Church of England : — H ...</div>"
677	pls19440324-01.2.12	24 March 1944	pls	UNKNOWN	"<div class=""txtsearchsnippet"">HAIFA <b class=""highlightcolor"">St . Luke</b> s Church of England :- * H ...</div>"
678	pls19440225-01.2.12	25 February 1944	pls	UNKNOWN	"<div class=""txtsearchsnippet"">HAIFA <b class=""highlightcolor"">St . Luke</b> s Church of England :- _^ H ...</div>"
679	pls19390216-01.2.13	16 February 1939	pls	m _Et-Wfi f } _^ w . tM 111 _d _>^ p _„ __ cn _, _^ n _^\ Fp _;„ p	"<div class=""txtsearchsnippet"">... Anglican clergy , and the former head nurse at <b class=""highlightcolor"">St . Luke</b> s Hospital Haifa ( now moved to ...</div>"
680	pls19450820-01.2.30	20 August 1945	pls	UNKNOWN	"<div class=""txtsearchsnippet"">... congregation . There was also a large congregation at <b class=""highlightcolor"">St . Luke</b> s Church in Haifa , where the ...</div>"
681	pls19470221-01.2.18	21 February 1947	pls	1 1-A _MODfiLS	"<div class=""txtsearchsnippet"">... afternoon and Sunday morning , st call . HAIFA <b class=""highlightcolor"">St . Luke</b> s Church of land : Eng H ...</div>"
682	pls19451002-01.2.10	2 October 1945	pls	UNKNOWN	"<div class=""txtsearchsnippet"">... illy WELFARE ENTERTAINMENT : 7 pm : Dance ( <b class=""highlightcolor"">St Luke</b> s Hut , Mountain Rd . - . ...</div>"
683	pls19460208-01.2.33	8 February 1946	pls	r _^ x ¦ OCK _i wi _^ iv * _m HI _Mnsfffftts	"<div class=""txtsearchsnippet"">... ENTERTAINMENT : 7 p . m . Dance ( <b class=""highlightcolor"">St . Luke</b> s ); R . A . - ...</div>"
684	pls19470620-01.2.20	20 June 1947	pls	UNKNOWN	"<div class=""txtsearchsnippet"">HAIFA <b class=""highlightcolor"">St . Luke</b> s Church of _England : H . ...</div>"
685	pls19470822-01.2.21	22 August 1947	pls	Untitled	"<div class=""txtsearchsnippet"">HAIFA <b class=""highlightcolor"">St . Luke</b> s Church of England : H . ...</div>"
686	pls19471224-01.2.19	24 December 1947	pls	YHPEL ESS PROGR A MMES	"<div class=""txtsearchsnippet""><b class=""highlightcolor"">St . Luke</b> s &lt; !•! . • •! : ...</div>"
687	tjewvc19200730-01.2.3	30 July 1920	tjewvc	LOCALS.	"<div class=""txtsearchsnippet"">... Mansfield, O. , i* convalescing from an operation at <b class=""highlightcolor"">St. Luke's</b> Hospital. Mrs Bachrach will be remembered as Miss ...</div>"
688	chncijn19290404-01.2.19	4 April 1929	chncijn	INTERMOUNTAN SOCIETY TELEPHONE-MAIN 8657	"<div class=""txtsearchsnippet"">... rnlesceiioe of their daughter, fitlniH, who Is 11) at <b class=""highlightcolor"">St. Luke</b> s hospital. SPRING VISITORS Mr. and Mr*. Harry ...</div>"
689	tjewvc19220217-01.2.17	17 February 1922	tjewvc	i$,Mte,.?, #, / ^& ^ .'^1 '®	"<div class=""txtsearchsnippet"">... of 5523 Cubunne avenue, who has been at the <b class=""highlightcolor"">St. Luke's</b> Hospital for several weeks, is now convalescing at ...</div>"
690	tjewvc19250501-01.2.36	1 May 1925	tjewvc	ST. LOUIS HEBREW SCHOOLS FEDERATE	"<div class=""txtsearchsnippet"">... Thelma. Mrs. Weber and the baby will let ve <b class=""highlightcolor"">St. Luke's</b> Hospital shortly.</div>"
691	pls19450601-01.2.13	1 June 1945	pls	UNKNOWN	"<div class=""txtsearchsnippet"">... Andrew s Clubi ; 7 . 30 Dance ( <b class=""highlightcolor"">St . Luke</b> s Canteen ); 8 . 15 : ...</div>"
692	pls19450525-01.2.17	25 May 1945	pls	PEPPEHHERO	"<div class=""txtsearchsnippet"">... — 10 am ., Breaking of Bread . HAIFA <b class=""highlightcolor"">St . Luke</b> s Church of _England : — H ...</div>"
693	cgs19230216-01.2.109	16 February 1923	cgs	"AND HOPE ""CLOSE UPS"" OF NEW LIFE"	"<div class=""txtsearchsnippet"">... quite the best hospital those of Mount Sinai or <b class=""highlightcolor"">St . Luke</b> s rooms that compare favorably with tions ...</div>"
694	cgs19430506-01.2.29	6 May 1943	cgs	^^ L-W-W ^^^^^^^ * —\ ^^	"<div class=""txtsearchsnippet"">... will take up her duties as a dietician at <b class=""highlightcolor"">St . Luke</b> s . Hospital Mrs . Millard C ...</div>"
695	pls19371010-01.2.8	10 October 1937	pls	LOCAL _WilVES IN HAIFA	"<div class=""txtsearchsnippet"">... student body of the New Boys Secondary School ( <b class=""highlightcolor"">St . Luke</b> s ) which 1 is to he ...</div>"
696	plb19281105-01.2.6	5 November 1928	plb	PALESTINE FROM DAY TO DAY	"<div class=""txtsearchsnippet"">... doctors house close to • * Girls * : <b class=""highlightcolor"">St ? . Luke</b> s Hospital . On . Saturday ...</div>"
697	plb19291225-01.2.5	25 December 1929	plb	_tfiS SIGNIFICANCE OF CHRISTMAS DAY	"<div class=""txtsearchsnippet"">... , the days were accompli- Mary his wife as <b class=""highlightcolor"">St . Luke</b> tells ־ also proclaimed a new and ...</div>"
698	pls19350809-01.2.10	9 August 1935	pls	Appointments Gazetted	"<div class=""txtsearchsnippet"">... Evening Service . 0 p . m . HAIFA <b class=""highlightcolor"">St . Luke</b> s Church — HolCommunion y , 7 ...</div>"
699	refadv19340302-01.2.16	2 March 1934	refadv	JOCXQX & nd S ( personal	"<div class=""txtsearchsnippet"">... birth of a baby girl on February 24 at <b class=""highlightcolor"">St . Luke</b> s Hospital . * * * Mr ...</div>"
700	pls19410718-01.2.53	18 July 1941	pls	BRITAIN ON THE SCREEN	"<div class=""txtsearchsnippet"">... . ; , 3 . m . p HAIFA <b class=""highlightcolor"">St . Luke</b> s ( Church of England )—H . ...</div>"
701	pls19390210-01.2.25	10 February 1939	pls	/* ' _rvA- Li _IVI _^ _^ y	"<div class=""txtsearchsnippet"">HAIFA <b class=""highlightcolor"">St . Luke</b> s Church ( Church of England ) ...</div>"
702	pls19420327-01.2.17	27 March 1942	pls	UNKNOWN	"<div class=""txtsearchsnippet"">... Preacher : Rev . Donald Ward . ) HAIFA <b class=""highlightcolor"">St . Luke</b> s Clmrrh of JBhgfantl—H . C , ...</div>"
703	pls19430319-01.2.14	19 March 1943	pls	UNKNOWN	"<div class=""txtsearchsnippet"">... ; _i-lnsrlirh , any time at _cyf ,. HAIFA <b class=""highlightcolor"">St . Luke</b> s Church of _Knffland : — ¦ ...</div>"
704	pls19450111-01.2.31	11 January 1945	pls	fr i w / u nti 0 ^ « tu - ^ \ *— r- ^ * ~ i !( r	"<div class=""txtsearchsnippet"">... d p . m . : Whist Drive ( <b class=""highlightcolor"">St . Luke</b> s Canteen i 8 : Gramo- ; ...</div>"
705	pls19441215-01.2.26	15 December 1944	pls	UNKNOWN	"<div class=""txtsearchsnippet"">... a . m ., Breaking of Bread . HAIFA <b class=""highlightcolor"">St . Luke</b> s Church of England : — H ...</div>"
706	pls19440623-01.2.13	23 June 1944	pls	UNKNOWN	"<div class=""txtsearchsnippet"">HAIFA <b class=""highlightcolor"">St . Luke</b> s ChuwSi of _England : — H ...</div>"
707	pls19421030-01.2.21	30 October 1942	pls	UNKNOWN	"<div class=""txtsearchsnippet"">... Sermon , 9 30 a . m . HAIFA <b class=""highlightcolor"">St . Luke</b> s Church of England : — HC ...</div>"
708	pls19450223-01.2.24	23 February 1945	pls	UNKNOWN	"<div class=""txtsearchsnippet"">... s Club ); 7 . 30 : Dance ( <b class=""highlightcolor"">St . Luke</b> s Ca , nteen ); 8 . ...</div>"
709	pls19470103-01.2.23	3 January 1947	pls	UNKNOWN	"<div class=""txtsearchsnippet"">... * yy _, v 9 . 30 . HAIFA <b class=""highlightcolor"">St . Luke</b> s Church of land : Eng H ...</div>"
710	pls19470328-01.2.21	28 March 1947	pls	UNKNOWN	"<div class=""txtsearchsnippet"">... afternoon and Sunday morning , at call . HAIFA <b class=""highlightcolor"">St . Luke</b> s Church of England : H . ...</div>"
711	pls19450918-01.2.32	18 September 1945	pls	YOM KIPPUR PILGRIMAGE TO WESTERN WALL	"<div class=""txtsearchsnippet"">... main road near Hebron , and was taken to <b class=""highlightcolor"">St . Luke</b> s Hospital . * * * A ...</div>"
712	pls19460506-01.2.22	6 May 1946	pls	UNKNOWN	"<div class=""txtsearchsnippet"">... Haifa Lodge 5280 ( Ritz Cafe ); Dance ( <b class=""highlightcolor"">St . Luke</b> . si</div>"
713	pls19481203-01.2.5	3 December 1948	pls	UNKNOWN	"<div class=""txtsearchsnippet"">... m . Si M ) . \ Y HAIFA <b class=""highlightcolor"">St . Luke</b> s _tluirch : -- _Morninir S _. ...</div>"
714	chncijn19260218-01.2.18	18 February 1926	chncijn	INTERMOUNTAIN SOCIETY DENVER	"<div class=""txtsearchsnippet"">... birth of a son on Feb ruary 11 at <b class=""highlightcolor"">St. Luke's</b> hospital. Miss Rose and Lillian Goldman entertained” at ...</div>"
715	tjewvc19210811-01.2.12	11 August 1921	tjewvc	Untitled	"<div class=""txtsearchsnippet"">... of 5920 Nina place, Is doing nicely at the <b class=""highlightcolor"">St. Luke's</b> Hospital.</div>"
716	tjewvc19240814-01.2.11	14 August 1924	tjewvc	MANY ATTEND FUNERAL SERVICES FOR J. C. STRAUSS	"<div class=""txtsearchsnippet"">... C. Strauss, photographer, who died of heart disease at <b class=""highlightcolor"">St. Luke's</b> Hospital last Saturday, was buried in Mt. Sinai ...</div>"
717	bbh19291122-01.2.60	22 November 1929	bbh	' ^^^^^^^^^^^^^^ A si ^^ A ^ i ^^^ S ^^ 1 Social and Personal 1 ¦ f ^^^^	"<div class=""txtsearchsnippet"">... Samuel C . Levi tan , is still in <b class=""highlightcolor"">St . Luke</b> s Hospital Chicago , where he underwent ...</div>"
718	bbh19291004-01.2.67	4 October 1929	bbh	Why Paint the Jew As a Usurer ?	"<div class=""txtsearchsnippet"">... I might have required mine own with usury- ( <b class=""highlightcolor"">St . Luke</b> c 19 , v . 22 ) ...</div>"
719	bbh19411107-01.2.26	7 November 1941	bbh	M U SI C	"<div class=""txtsearchsnippet"">... works to be presented and the Cathedral Choir , <b class=""highlightcolor"">St . Luke</b> s Choristers and many of Los Angeles ...</div>"
720	plb19310817-01.2.18	17 August 1931	plb	r- Rest Of The News	"<div class=""txtsearchsnippet"">... . stones were stolen from the large eimcifix in <b class=""highlightcolor"">St . Luke</b> s Ohurch on Friday night , when ...</div>"
721	pls19400207-01.2.33	7 February 1940	pls	"TURRETS UNREWARDED LOYALTY : THE ""HOLY WAR"" OF 1914"	"<div class=""txtsearchsnippet"">... numbers : the leader signalled her to refer to <b class=""highlightcolor"">St . Luke</b> , chapter 4 , verse 8 and ...</div>"
722	refadv19310131-01.2.26	31 January 1931	refadv	({ T ^ ^^^ g ^ ry = ri Sxyci & X & ftd ^ personal	"<div class=""txtsearchsnippet"">... the birt of a daughter , Susan , at <b class=""highlightcolor"">St . Luke</b> hospital on January 23 . Mrs . ...</div>"
723	pls19420417-01.2.21	17 April 1942	pls	_pmm _^ mmmm _**^^*^ _- _^* mmmm , I TV \!\/? /~ \ O TtC \\\ J 1 t ?	"<div class=""txtsearchsnippet"">... , 9 . 30 a . m . HAIFA <b class=""highlightcolor"">St . Luke</b> s Church of England — H . ...</div>"
724	pls19420313-01.2.18	13 March 1942	pls	PIACKP 001 _SfiARP-SKOOTERS OH _WTV AT _EVEHW	"<div class=""txtsearchsnippet"">HAIFA <b class=""highlightcolor"">St . Luke</b> s Church of England—H . C , ...</div>"
725	pls19430221-01.2.62	21 February 1943	pls	MEW ANGLICAN BISHOP IN JERUSALEM THE VEN . W . EL STEWART	"<div class=""txtsearchsnippet"">... , from- 19110 to 1-916 as Assistant Curate cf <b class=""highlightcolor"">St . Luke</b> s Church , Chelsea . From H ...</div>"
726	pls19430328-01.2.16	28 March 1943	pls	Your Dail y Food	"<div class=""txtsearchsnippet"">MARRIAGES The marriage took place at <b class=""highlightcolor"">-St . Luke</b> s Church , Haifa , on SunMarch ...</div>"
727	pls19441019-01.2.37	19 October 1944	pls	_Fffcady to Ffeht Bn Two P _^ oiiths	"<div class=""txtsearchsnippet"">... celebrated at St . s CathedralJerusalem George , on <b class=""highlightcolor"">St . Luke</b> s Day yesterday when Capt . Walter ...</div>"
728	pls19420816-01.2.33	16 August 1942	pls	WARRILOW-RINGER	"<div class=""txtsearchsnippet"">... , Saturday . — The _marriage was solemnized in <b class=""highlightcolor"">St . Luke</b> s Church here this morning . of ...</div>"
729	pls19450209-01.2.28	9 February 1945	pls	Stock N ? r ! teis	"<div class=""txtsearchsnippet"">... s Clubi 7 . 30 : Dance ; ( <b class=""highlightcolor"">St . Luke</b> s Canteen ); 8 . 15 : ...</div>"
730	pls19450330-01.2.15	30 March 1945	pls	Jv • eliqfmts j ^ mitcp *	"<div class=""txtsearchsnippet"">... 10 a m ., Breaking of Bread . HAIFA <b class=""highlightcolor"">St . Luke</b> s Church of England : — Good ...</div>"
731	chncdjn19200428-01.2.52	28 April 1920	chncdjn	Social News	"<div class=""txtsearchsnippet"">... parents of a | ' haby girl, born at <b class=""highlightcolor"">St. Luke's</b> hospital. The little one has been named Pauline. ...</div>"
732	pls19480305-01.2.19	5 March 1948	pls	Reliious Services g	"<div class=""txtsearchsnippet"">... Saturday afternoon and Sunday morning , at call HAIFA <b class=""highlightcolor"">St . Luke</b> s Church of _Knsrtnrul : 7 . ...</div>"
733	tjewvc19230215-01.2.54	15 February 1923	tjewvc	How the Helping Hand Is Being Extended by Jews of America to European Brethren	"<div class=""txtsearchsnippet"">... that compare favorably with those of Mount Slnal or <b class=""highlightcolor"">St. Luke's</b> hospitals. It Is quite the liest hospital In ...</div>"
734	palestineweekly19231026-01.2.21	26 October 1923	palestineweekly	TChe j4rt of Holman Hunt	"<div class=""txtsearchsnippet"">... copy of ""The Light of the World"" hangs in <b class=""highlightcolor"">St. Luke's</b> Anglican Church, Haifa. These have all been gifts ...</div>"
735	amjwld19311120-01.2.4	20 November 1931	amjwld	The Wedding Gift That Failed	"<div class=""txtsearchsnippet"">... a penniless young law graduate by Father OMara in <b class=""highlightcolor"">St . Luke</b> s Church . Princess and Pauper . ...</div>"
736	hebstd19221006-01.2.49	6 October 1922	hebstd	NEWS FROM ENGLAND	"<div class=""txtsearchsnippet"">... of religious three only to be offered: Gospel of <b class=""highlightcolor"">St. Luke,</b> credit being given for knowledge of Greek; Acts ...</div>"
737	plb19290311-01.2.7	11 March 1929	plb	PALES _1 W F _1 ( M MY W MY	"<div class=""txtsearchsnippet"">... LUKES HOSPITAL TO BE CLOSED he decided to close <b class=""highlightcolor"">St . Luke</b> s Hospital , Haifa , at The ...</div>"
738	plb19310203-01.2.18	3 February 1931	plb	? ?? ? • V _^ V _^^ _JB _^ _ifl _^^' r _^	"<div class=""txtsearchsnippet"">... 23 to 27 , ; ind will preach at <b class=""highlightcolor"">St . Luke</b> s , Haifa on Sunday , March ...</div>"
739	pls19360424-01.2.16	24 April 1936	pls	_Religions Services j MAIL TIME	"<div class=""txtsearchsnippet"">HAIFA * <b class=""highlightcolor"">St Luke</b> s Church - Holy Commun ion , . ...</div>"
740	pls19380715-01.2.36	15 July 1938	pls	FILING OF DOCUMENTS IN COURT OF APPEAL	"<div class=""txtsearchsnippet"">HAIFA <b class=""highlightcolor"">St . Luke</b> s Church ( Church of England ) ...</div>"
741	refadv19210305-01.2.23	5 March 1921	refadv	Domestic News	"<div class=""txtsearchsnippet"">... Delmar avenue , 200 x 190 feet , opposite <b class=""highlightcolor"">St . Luke</b> s Hospital , a most favorable location ...</div>"
742	pls19441225-01.2.30	25 December 1944	pls	HOLIDAY SPIRIT IN HOLY CITY	"<div class=""txtsearchsnippet"">... Tel Aviv . * * * The boys of <b class=""highlightcolor"">St . Luke</b> s Junior School in Haifa have sent ...</div>"
743	pls19440413-01.2.14	13 April 1944	pls	_MLAIEI _LI ' _ALJ	"<div class=""txtsearchsnippet"">... a . m .. Breaking of Bread . HAIFA <b class=""highlightcolor"">St . Luke</b> s Church of England : — H ...</div>"
744	pls19390309-01.2.40	9 March 1939	pls	TEL AVIV M 0 TIIERCHAFT CENTRE	"<div class=""txtsearchsnippet"">... by David Morgan . From Chelsea Parish Church of <b class=""highlightcolor"">St . Luke</b> . London . 4 . 35 National ...</div>"
745	pls19450504-01.2.26	4 May 1945	pls	UNKNOWN	"<div class=""txtsearchsnippet"">... Andrew s Club ); 7 . 30 Dance ( <b class=""highlightcolor"">St . Luke</b> s Canteen . ); 8 . 15 ...</div>"
746	pls19451030-01.2.14	30 October 1945	pls	AT THE CINEMA	"<div class=""txtsearchsnippet"">... ENTERTAINMENT : 7 p . m : Dance ( <b class=""highlightcolor"">St . Luke</b> s * Hut , Mountain Rd 8 ...</div>"
747	pls19460206-01.2.12	6 February 1946	pls	AT THE CINEMA	"<div class=""txtsearchsnippet"">... . m . : Dance at the Hut ( <b class=""highlightcolor"">St . Luke</b> s ); 8 : Social Evening ( ...</div>"
748	pls19480229-01.2.35	29 February 1948	pls	Shertok	"<div class=""txtsearchsnippet"">... Itlken had left the office and was- driving through <b class=""highlightcolor"">St . Luke</b> Sttreet 20 yards behind the I . ...</div>"
749	chncdjn19230221-01.2.43	21 February 1923	chncdjn	Social News	"<div class=""txtsearchsnippet"">... ‘l‘rnm the recent operation he under- | went at <b class=""highlightcolor"">St. Luke's</b> hospital, ! Mpr. and Mrs, Sydney Kohn entertain‘wl ...</div>"
750	tjewvc19260101-01.2.15	1 January 1926	tjewvc	Society	"<div class=""txtsearchsnippet"">... H. Berger of Jonesboro, Ark., is a patient at <b class=""highlightcolor"">St. Luke's</b> Hospital, St. Louis. Mrs. Herbert Rosenbaum and Nancy ...</div>"
751	tjewvc19260108-01.2.23	8 January 1926	tjewvc	Society	"<div class=""txtsearchsnippet"">... Mrs. Jacob A. Yoodmann of Indianapolis is recuperating at <b class=""highlightcolor"">St, Luke's</b> Hospital from an operation she had to undergo ...</div>"
752	tjewvc19260122-01.2.23	22 January 1926	tjewvc	Society	"<div class=""txtsearchsnippet"">... is recovering nicely from an operation for appendicitis at <b class=""highlightcolor"">St. Luke's</b> Hospital. Mr. and Mrs. Morten May are spending ...</div>"
753	amjwld19310220-01.2.23	20 February 1931	amjwld	IQA & xi & SJOG ( QexsonoX ^ i ^ J ^^ frC ^^^	"<div class=""txtsearchsnippet"">... the time of her death , died Monday at <b class=""highlightcolor"">St . Luke</b> s Hospital , following an operation . ...</div>"
754	amjwld19320916-01.2.24	16 September 1932	amjwld	Sjacial wad cpjQtsonaX	"<div class=""txtsearchsnippet"">... , died Tuesday evening , September 13 , at <b class=""highlightcolor"">St . Luke</b> s hospital . Funeral services took place ...</div>"
755	cgs19401107-01.2.10	7 November 1940	cgs	"""The Great Dictator """	"<div class=""txtsearchsnippet"">... within happiness ... In the 17 th Chapter of <b class=""highlightcolor"">St . Luke</b> are like that . We want to ...</div>"
756	pls19370723-01.2.14	23 July 1937	pls	_^ _dtgtaitjBenittcs	"<div class=""txtsearchsnippet"">... D . _Corctlal Welcome • Mr AJ 1 . <b class=""highlightcolor"">St . Luke</b> s Church ( Church of England ) ...</div>"
757	pls19401213-01.2.39	13 December 1940	pls	r TT f r \ T \ A V 1	"<div class=""txtsearchsnippet"">HAIFA <b class=""highlightcolor"">St . Luke</b> s ( Church of England ) — ...</div>"
758	pls19441221-01.2.14	21 December 1944	pls	UNKNOWN	"<div class=""txtsearchsnippet"">... House ); 7 . 30 : Whist Drive ( <b class=""highlightcolor"">St . Luke</b> s- Canteen i ; 8 : Gramophone ...</div>"
759	pls19430723-01.2.16	23 July 1943	pls	MED CS DEPOSE H . Q	"<div class=""txtsearchsnippet"">... ; English , any time at call . HAIFA <b class=""highlightcolor"">St . Luke</b> s Church of _lEng-land : — H ...</div>"
760	pls19440908-01.2.18	8 September 1944	pls	UNKNOWN	"<div class=""txtsearchsnippet"">HAIFA <b class=""highlightcolor"">St . Luke</b> s Church of England : — H ...</div>"
761	pls19470516-01.2.22	16 May 1947	pls	_sulurimte _fwbues	"<div class=""txtsearchsnippet"">... afternoon and Sunday morning , at call . HAIFA <b class=""highlightcolor"">St . Luke</b> s Church of • land _Eng ll ...</div>"
762	pls19460915-01.2.13	15 September 1946	pls	PJLESTIM : MATRIC PASSES	"<div class=""txtsearchsnippet"">... Mv . mr Photi Freij Na man AbdulJawwad Hanlal <b class=""highlightcolor"">St . Luke</b> s School . Haifa</div>"
763	pls19411110-01.2.29	10 November 1941	pls	CENTENARY AND _REEVTEMFJR / 5 SERVICE AT ST . GEORGE	"<div class=""txtsearchsnippet"">... soldiers and nursf ing sisters . t Address at <b class=""highlightcolor"">St . Luke</b> s I ? A large and representa- ...</div>"
764	pls19451121-01.2.43	21 November 1945	pls	SENATE MAY ASK FOR 2 M ( _W ) _AfNHwl SOWERS MAY , FREE IMMIGRATION In 12 Years _W !! TET 0 MP . s	"<div class=""txtsearchsnippet"">... of Scots College , Safad , and Headmaster of <b class=""highlightcolor"">St . Luke</b> s School , Haifa . Tlhe Director ...</div>"
765	amjwld19310130-01.2.3	30 January 1931	amjwld	Jewish News From Everywhere	"<div class=""txtsearchsnippet"">... Jewish Orphans Home and $ 10 , 000 to <b class=""highlightcolor"">St . Luke</b> s Hospital . The National Consumptive Hospital ...</div>"
766	cgs19310130-01.2.12	30 January 1931	cgs	Forgetting the Synagogue	"<div class=""txtsearchsnippet"">... probating of the last testament estate thousand dollars to <b class=""highlightcolor"">St . Luke</b> s hospital , sig- of Chicago for ...</div>"
767	cgs19331130-01.2.12	30 November 1933	cgs	Getting Rid of the Old Testament	"<div class=""txtsearchsnippet"">... that Old , was written by a Jew . <b class=""highlightcolor"">St . Luke</b> , St . Mark book in the ...</div>"
768	cgs19370812-01.2.88	12 August 1937	cgs	CHICAGOESQUE	"<div class=""txtsearchsnippet"">... to see his daughter namo , is again visiting <b class=""highlightcolor"">St . Luke</b> s hos- . . . M . ...</div>"
769	plb19281007-01.2.8	7 October 1928	plb	PALESTINE FROM DAY TO MY	"<div class=""txtsearchsnippet"">... .. . The cere : mony was held at <b class=""highlightcolor"">St . Luke</b> s Church , Haifa . Gov-. ; ...</div>"
770	pls19400301-01.2.97	1 March 1940	pls	"^ eltgtcms jSertrices : ! - "" . : ' ' : i ; !| . '' . '' -, "" ! : I : - - ! "" ! 'I : : '"" "" ¦' ¦ ' -n ; -, ! . I ; : | , -T- In"	"<div class=""txtsearchsnippet"">HAIFA <b class=""highlightcolor"">St . Luke</b> s Church ( Church of England ) ...</div>"
771	refadv19281222-01.2.44	22 December 1928	refadv	B'NAI B'RITH HILLEL FOUNDATION	"<div class=""txtsearchsnippet"">... Sinai , St . Vincent s , Lincoln , <b class=""highlightcolor"">St . Luke</b> s , New York Post Graduate and ...</div>"
772	pls19410706-01.2.29	6 July 1941	pls	STARS AND _STRIPFS WITH im imm JACK	"<div class=""txtsearchsnippet"">idgeman , opened America . Two Le 1-14 and <b class=""highlightcolor"">St ., Luke</b> 11</div>"
773	pls19450105-01.2.24	5 January 1945	pls	Time Trie	"<div class=""txtsearchsnippet"">... s Club ); 7 . 30 : Dance ( <b class=""highlightcolor"">St . Luke</b> s . Canteen ); 8 . 15 ...</div>"
774	pls19441208-01.2.26	8 December 1944	pls	Jock Dodds	"<div class=""txtsearchsnippet"">... Recreation Club ); 7 . 30 : Dance ( <b class=""highlightcolor"">St . Luke</b> s Canteen ); 8 . 15 : ...</div>"
775	pls19441224-01.2.11	24 December 1944	pls	UNKNOWN	"<div class=""txtsearchsnippet"">... Andrew s House , Tel Aviv ) . HAIFA <b class=""highlightcolor"">St . Luke</b> s Church of England : — 6 ...</div>"
776	pls19440809-01.2.14	9 August 1944	pls	UNKNOWN	"<div class=""txtsearchsnippet"">... p Malta by A . R . Mcssam ; <b class=""highlightcolor"">St . Luke</b> s Canteen ( Mountain Rd . ) ...</div>"
777	pls19470502-01.2.25	2 May 1947	pls	mm MIMSML _CAMHS ¦ HOME IM _Ginrais	"<div class=""txtsearchsnippet"">... afternoon and Sunday morning , at call . HAIFA <b class=""highlightcolor"">St . Luke</b> s Church of England : H . ...</div>"
778	pls19460304-01.2.7	4 March 1946	pls	AT THE CINEMA	"<div class=""txtsearchsnippet"">... : 7 p . m . : Dance ( <b class=""highlightcolor"">St . Luke</b> s ); Play Reading in private home ...</div>"
779	pls19460101-01.2.13	1 January 1946	pls	AT THE CINEMA	"<div class=""txtsearchsnippet"">... . m . : Dance at the Hut ( <b class=""highlightcolor"">St . Luke</b> s ); 8 . 30 : Bridge ...</div>"
780	refadv19320109-01.2.18	9 January 1932	refadv	Sxyci & X & ttd ^ personal	"<div class=""txtsearchsnippet"">... arrival of a daughter , born December 27 at <b class=""highlightcolor"">St . Luke</b> s Hospital . The baby s name ...</div>"
781	chncdjn19211109-01.2.61	9 November 1921	chncdjn	Social News	"<div class=""txtsearchsnippet"">... proud parents of a baby girl horn. (hi. it <b class=""highlightcolor"">St. Luke's</b> hospital. The baby will he called Shirley Corinne. ...</div>"
782	chncijn19311106-01.2.25	6 November 1931	chncijn	SOCIAL and PERSONAL Celia Atlivaick Will Be Married Sunday at Cosmo	"<div class=""txtsearchsnippet"">Max Goldbaum is ill at <b class=""highlightcolor"">St. Luke's</b> hospital. Children’s Homo Auxiliurx The board of the ...</div>"
783	pls19441226-01.2.19	26 December 1944	pls	AT THE CINEMA	"<div class=""txtsearchsnippet"">... 8 : Boxing Day Party _lArmy Garrison Club ); <b class=""highlightcolor"">St . Luke</b> s Hut ) ; Whist Drive ( ...</div>"
784	pls19460329-01.2.10	29 March 1946	pls	ffh ^ afi y	"<div class=""txtsearchsnippet"">... ( Cafe Ritzi ; Dsince at tne Hut ( <b class=""highlightcolor"">St . Luke</b> si . TOMORROW I LRUSALEM 11 a ...</div>"
785	sydneyjn19460510-01.2.39	10 May 1946	sydneyjn	When Satan Was King	"<div class=""txtsearchsnippet"">... been there since 1382, was paint ed-according to tradition—by <b class=""highlightcolor"">St. Luke</b> and was adorned with costly jewels, its eyes ...</div>"
786	ajnm19460503-01.2.42	3 May 1946	ajnm	When Satan Was King	"<div class=""txtsearchsnippet"">... been there since 1382, was paint ed-according to tradition—-by <b class=""highlightcolor"">St. Luke</b> and was adorned with costly jewels, its eyes ...</div>"
787	cgs19390406-01.2.69	6 April 1939	cgs	Untitled	"<div class=""txtsearchsnippet"">... chiefly attended by Hitler or his Nazis ; so <b class=""highlightcolor"">St . Luke</b> s show that they have nothing to ...</div>"
788	plb19270815-01.2.13	15 August 1927	plb	_PALESTINE FROM DAY TO DAY	"<div class=""txtsearchsnippet"">... of Saje in _Nabius 3 . 156 Collection , <b class=""highlightcolor"">St . Luke</b> s Chujtih , Haifa 3 . 000 ...</div>"
789	pls19400913-01.2.51	13 September 1940	pls	EPHANT HUNT	"<div class=""txtsearchsnippet"">... Be- , ary prayer peace , nediction . HAIFA <b class=""highlightcolor"">St . Luke</b> s ( Church of England ) -- ...</div>"
790	pls19400802-01.2.86	2 August 1940	pls	"jKcltg — itms ptxvms ' ! ' - .: ¦¦ : !¦¦ ...: — : ¦ - ' ' -: ^ ¦¦¦ '"" r 1 ! 11 ;;"	"<div class=""txtsearchsnippet"">HAIFA <b class=""highlightcolor"">St Luke</b> s Church ( Church ol England ) Holy ...</div>"
791	pls19430709-01.2.23	9 July 1943	pls	LACK OF LABOUR AND MATERIALS _SLAMgD	"<div class=""txtsearchsnippet"">... ecaeion of which will be Navy Day held at <b class=""highlightcolor"">St . Luke</b> s Church here a . 10 o ...</div>"
792	pls19440609-01.2.15	9 June 1944	pls	UNKNOWN	"<div class=""txtsearchsnippet""><b class=""highlightcolor"">st . Luke</b> s Church of England : — H ...</div>"
793	pls19441008-01.2.55	8 October 1944	pls	NO ARRESTS MADE IN COOPERATIVE VILLAGE	"<div class=""txtsearchsnippet"">... , Saturday . — The marriage took place at <b class=""highlightcolor"">St . Luke</b> s Church here this morning between A ...</div>"
794	pls19440723-01.2.14	23 July 1944	pls	UNKNOWN	"<div class=""txtsearchsnippet"">... wife of Dr . Bernard C . Walker of <b class=""highlightcolor"">St . Luke</b> s Hospital . Hebron , on July ...</div>"
795	pls19450529-01.2.10	29 May 1945	pls	AT THE CINEMA	"<div class=""txtsearchsnippet"">... 7 . 30 p . m :. Dancing ( <b class=""highlightcolor"">St . Luke</b> s Huo ; Whist Drive ( Soldiers ...</div>"
796	pls19451016-01.2.11	16 October 1945	pls	AT THE CINEMA	"<div class=""txtsearchsnippet"">... pm pm .. : : Dance Dance (( St <b class=""highlightcolor"">St . . Luke</b> Luke s s Hu Hut</div>"
797	chncijn19250205-01.2.21	5 February 1925	chncijn	Social News	"<div class=""txtsearchsnippet"">... varents of a girl bhorn Sunday, Fébruary Ist at <b class=""highlightcolor"">St. Luke's</b> hospital. Mother and babe are doing nicely, Mrs. ...</div>"
798	chncdjn19250205-01.2.21	5 February 1925	chncdjn	Social News	"<div class=""txtsearchsnippet"">... varents of a girl bhorn Sunday, Fébruary Ist at <b class=""highlightcolor"">St. Luke's</b> hospital. Mother and babe are doing nicely, Mrs. ...</div>"
799	idishelikht19260723-01.2.34	23 July 1926	idishelikht	A Page in Jewish History	"<div class=""txtsearchsnippet"">... the two parties and swore by the face of <b class=""highlightcolor"">St. Luke</b> that if the Rabbis defeated the bishops he ...</div>"
800	bbmagazine19340301-01.2.21	1 March 1934	bbmagazine	^pwiDEnn PAGE	"<div class=""txtsearchsnippet"">... year was awarded Dr. W. L. Estes, surgeonemeritus of <b class=""highlightcolor"">St. Luke's</b> Hospital, civic leader. The local daily gave the ...</div>"
801	pls19430905-01.2.25	5 September 1943	pls	Sirffln Cross-Examined in Anns Caw	"<div class=""txtsearchsnippet"">... Fisher . _Thrse special services were also held at <b class=""highlightcolor"">St . Luke</b> s Church and one at the Church ...</div>"
802	pls19450313-01.2.14	13 March 1945	pls	AT THE CINEMA	"<div class=""txtsearchsnippet"">... Whist Drive ( Soldiers Recreation Club ); Dancing ( <b class=""highlightcolor"">St . Luke</b> _! s Hut ); 8 : Chess ...</div>"
803	hebstd19210923-01.2.10	23 September 1921	hebstd	I ITEMS OF INTEREST IN THE JEWISH WORLD 1	"<div class=""txtsearchsnippet"">... Hill Hospital, Mount Sinai Hospital, Monteflore Home, Presbyterian Hospital, <b class=""highlightcolor"">St. Luke's</b> Hospital, Society for the Prevention of Cruelty to ...</div>"
804	pls19370222-01.2.8	22 February 1937	pls	On the Air Thin _P-JW * f ?	"<div class=""txtsearchsnippet"">... _tomorrow 8 . 30 a . m . _tomorrow <b class=""highlightcolor"">St . Luke</b> s _School Haifa , THE REV . ...</div>"
805	pls19400119-01.2.121	19 January 1940	pls	_^ _Reltgtnus _jlertrices ' _llflHIHlHIIIIIIIIlllllHllllllllillltlltnUIIIIIIIIIIIIHIIIIIIflflltimilU	"<div class=""txtsearchsnippet"">HAIFA <b class=""highlightcolor"">St . Luke</b> s Church ( Church of England ) ...</div>"
806	refadv19251003-01.2.22	3 October 1925	refadv	xyci & X oxtd S ( T > QfSOTtdU	"<div class=""txtsearchsnippet"">... Grand blvd ., who recently was a patient at <b class=""highlightcolor"">St . Luke</b> s Hospital , is now convalescing at ...</div>"
807	pls19470530-01.2.13	30 May 1947	pls	_* - —	"<div class=""txtsearchsnippet"">... afternoon and Sunday morning , at call . HAIFA <b class=""highlightcolor"">St . Luke</b> s Church of _England H . C ...</div>"
808	pls19410528-01.2.9	28 May 1941	pls	TERRA SANCTA COIXEG	"<div class=""txtsearchsnippet"">... The cabaret arranged by Mrs Al _ ord at <b class=""highlightcolor"">St . Luke</b> s Hut , Mountain Road . Hai ...</div>"
809	pls19420702-01.2.17	2 July 1942	pls	A GRAND COUP	"<div class=""txtsearchsnippet"">... by nine runs , and winning the second against <b class=""highlightcolor"">St . Luke</b> s Cam _ p , by eight ...</div>"
810	pls19400901-01.2.8	1 September 1940	pls	F . A . F .-34 TH LIST OF CONTRIBUTORS	"<div class=""txtsearchsnippet"">... Arsenian , Garahed Der Krikorian , Yaqub Iskandar Freij <b class=""highlightcolor"">St . Luke</b> s School ( Haifa ) : Naaman ...</div>"
811	pls19401108-01.2.29	8 November 1940	pls	FILM GUIDE	"<div class=""txtsearchsnippet"">... , 8 . 30 and i ) . HAIFA <b class=""highlightcolor"">St . Luke</b> s ( Church of England ) Special ...</div>"
812	pls19441207-01.2.25	7 December 1944	pls	"Sam S ^ d ! ¥ clt fa Blf | '"" Gd ! f"	"<div class=""txtsearchsnippet"">... 30 p . m . : Whist Drive ( <b class=""highlightcolor"">St . Luke</b> s Canteen ); 8 : Gramophone Recital ...</div>"
813	pls19470404-01.2.11	4 April 1947	pls	HELP SOCIETY ENDS WORK	"<div class=""txtsearchsnippet"">HAIFA <b class=""highlightcolor"">St . Luke</b> s Chnrch of England : H . ...</div>"
814	pls19460214-01.2.12	14 February 1946	pls	TOUGH GOING	"<div class=""txtsearchsnippet"">... from the enhe immediately gave _ordiers _trar- • io <b class=""highlightcolor"">St _Luke</b> s _Ca— _&gt; that the inoculation which _wl ...</div>"
815	pls19460204-01.2.14	4 February 1946	pls	AT THE CINEMA	"<div class=""txtsearchsnippet"">... ENTERTAINMENT 7 p . m . : Dance ( <b class=""highlightcolor"">St . Luke</b> s ); _Play Reading in Private House ...</div>"
816	pls19460628-01.2.19	28 June 1946	pls	UNKNOWN	"<div class=""txtsearchsnippet"">HAIFA <b class=""highlightcolor"">St . Luke</b> s Church of England : H . ...</div>"
817	pls19470919-01.2.14	19 September 1947	pls	Ar _^ _v Anr ! P _Aiff _** f _^ flh _. iU lil . il 1 l ? _2 » U	"<div class=""txtsearchsnippet"">... afternoon and Sunday morning , at call . HAIFA <b class=""highlightcolor"">St . Luke</b> s Church of Englanid : H . ...</div>"
818	pls19470912-01.2.18	12 September 1947	pls	Pioneer of	"<div class=""txtsearchsnippet"">... afternoon and Sunday morning , at call . HAIFA <b class=""highlightcolor"">St . Luke</b> s Church of England :: H . ...</div>"
819	chncdjn19230307-01.2.19	7 March 1923	chncdjn	Social News	"<div class=""txtsearchsnippet"">... Mayer, who was operated upon a month ago at <b class=""highlightcolor"">St. Luke's</b> hospital will be pleased to learn that he ...</div>"
820	chncdjn19230214-01.2.39	14 February 1923	chncdjn	Social News	"<div class=""txtsearchsnippet"">... to hear of her illness and her ‘iromu\'nl to <b class=""highlightcolor"">St. Luke's</b> hospital. Miss Jennie Lesser entertained with a luncheon ...</div>"
821	chncdjn19241204-01.2.13	4 December 1924	chncdjn	Social News	"<div class=""txtsearchsnippet"">... the birthday of a daughter Wednesday, November 26Gth. at <b class=""highlightcolor"">St Luke's</b> hospital. Mother and daughter doing nicely The baby ...</div>"
822	chncijn19241204-01.2.13	4 December 1924	chncijn	Social News	"<div class=""txtsearchsnippet"">... the birthday of a daughter Wednesday, November 26Gth. at <b class=""highlightcolor"">St Luke's</b> hospital. Mother and daughter doing nicely The baby ...</div>"
823	chncijn19250226-01.2.23	26 February 1925	chncijn	Social News	"<div class=""txtsearchsnippet"">... after the cper. ation he under went Wednesday ot <b class=""highlightcolor"">St ' Luke's</b> hospital. Mrs. Max Fischer entertained at a ...</div>"
824	chncdjn19250226-01.2.23	26 February 1925	chncdjn	Social News	"<div class=""txtsearchsnippet"">... after the cper. ation he under went Wednesday ot <b class=""highlightcolor"">St ' Luke's</b> hospital. Mrs. Max Fischer entertained at a ...</div>"
825	chncijn19260429-01.2.10	29 April 1926	chncijn	INTERMOUNTAIN SOCIETY	"<div class=""txtsearchsnippet"">... the birth of a son on April 24th 01 <b class=""highlightcolor"">St Luke's</b> Hospital, Mother and baly are dolug nicely, ! ...</div>"
826	chncijn19260520-01.2.11	20 May 1926	chncijn	INTERMOUNTAIN SOCIETY	"<div class=""txtsearchsnippet"">... the birth of a sonlast week at ‘ | <b class=""highlightcolor"">St Luke's</b> Hospital. The Dbaby hnni : heen named William ...</div>"
827	pls19441121-01.2.8	21 November 1944	pls	"_MO _^ p _^ _PimniMiiiiiiiii *| . j- : . _^ • : _« _^ _ * fv _- . _* *_ -v ' * L - _^~ - - * a 3 _» _'"" ** "" - _'' . a r - _^ _•' fr - . * t ;"	"<div class=""txtsearchsnippet"">... . m . : Dance ( Garrison Club &amp; <b class=""highlightcolor"">St . Luke</b> a Hut ;) ( Whist . _Driva ...</div>"
828	pls19441114-01.2.17	14 November 1944	pls	CINEMAS _i |	"<div class=""txtsearchsnippet"">... . m . : Dances ( Garrison Club &amp; <b class=""highlightcolor"">St . Luke</b> s Hut ;; Whist Drive ( Soldiers ...</div>"
829	pls19450921-01.2.17	21 September 1945	pls	FiMS	"<div class=""txtsearchsnippet"">... _i _WELFARE ENTERTAINMENT : 7 pm : Dance ( <b class=""highlightcolor"">St Luke</b> * , Mountain _Rds ; RAOB G L ...</div>"
830	amjwld19240321-01.2.25	21 March 1924	amjwld	tej ^^ * (( li ^^ ^ l -I jQudt SXy & i & l ^ Personal	"<div class=""txtsearchsnippet"">... away on Tuesday , March 11 th , at <b class=""highlightcolor"">St . Luke</b> s Hospital . Mr . Calvin was ...</div>"
831	amjwld19230608-01.2.27	8 June 1923	amjwld	RANDOM THOUGHTS	"<div class=""txtsearchsnippet"">... city to take up her duties as pharmacist at <b class=""highlightcolor"">St . Luke</b> s Hospital . Rabbi Alvin S . ...</div>"
832	refadv19220225-01.2.5	25 February 1922	refadv	Through Christian Eyes	"<div class=""txtsearchsnippet"">... said to have declared : By the face of <b class=""highlightcolor"">St . Luke</b> , if the Jews overcome the Christians ...</div>"
833	pls19461029-01.2.26	29 October 1946	pls	_riwiSHW _AIH	"<div class=""txtsearchsnippet"">... described in the first chapter of the Gospel of <b class=""highlightcolor"">St . Luke</b> . It lies just over four miles ...</div>"
834	pls19470526-01.2.37	26 May 1947	pls	TRIAL OF FIVE _ACPiL _SliSFcCTS _Ill-Treafmenl iti ? thon Alleged	"<div class=""txtsearchsnippet"">... on Saturday morning thieves broke into the canteen at <b class=""highlightcolor"">St . Luke</b> s Camp , Haifa , md stole ...</div>"
835	pls19410710-01.2.19	10 July 1941	pls	UNKNOWN	"<div class=""txtsearchsnippet"">... the Airl Service o _&lt; y 1 iolvCommunion at <b class=""highlightcolor"">St . Luke</b> s Church at 7 30 and preach ...</div>"
836	pls19410613-01.2.1	13 June 1941	pls	HAIFA CAN TAKE IT , TOO	"<div class=""txtsearchsnippet"">... . DW . Irving , the British Chaplain of <b class=""highlightcolor"">St . Luke</b> s Church . _( Unexploded bombs , ...</div>"
837	pls19410312-01.2.13	12 March 1941	pls	FIREMEN AND RAILWAYS FOR R . I . G . LEAGUE	"<div class=""txtsearchsnippet""><b class=""highlightcolor"">St . Luke</b> s Plea for Local Contributions A lea ...</div>"
838	pls19411225-01.2.13	25 December 1941	pls	"HERE ARE TIIE ""WANDERERS"	"<div class=""txtsearchsnippet"">... Evensong ( said ) 0 «&gt; m . HAIFA <b class=""highlightcolor"">St . Luke</b> s Church : — IPC 7 and ...</div>"
839	pls19430712-01.2.9	12 July 1943	pls	UNKNOWN	"<div class=""txtsearchsnippet"">... in order to attend the Navy Day Service at <b class=""highlightcolor"">St . Luke</b> s Church . MacMichael and 7 _Fiss ...</div>"
840	pls19430528-01.2.20	28 May 1943	pls	_mhtxxom	"<div class=""txtsearchsnippet"">... ; English , any time at call . HAIFA <b class=""highlightcolor"">St . Luke</b> s Church of England : — HO ...</div>"
841	pls19440404-01.2.12	4 April 1944	pls	I t _. M ' _? inELLao l £$ lh § / TOO t _ppnfi hubu P fibt / _t WW &/ ! £ ?* _o *	"<div class=""txtsearchsnippet"">... . Studv in Chap lainV Fl « t : <b class=""highlightcolor"">St . Luke</b> s Church</div>"
842	pls19450817-01.2.30	17 August 1945	pls	UNKNOWN	"<div class=""txtsearchsnippet"">... prominent residents . Thanksgiving Services will be held at <b class=""highlightcolor"">St . Luke</b> s Church on Sunday morning and there ...</div>"
843	pls19450619-01.2.27	19 June 1945	pls	TEL AVIV TAKE	"<div class=""txtsearchsnippet"">... _( J p . im . : Dancing ( <b class=""highlightcolor"">St . Luke</b> s Hut ) ; WhisiL Drive ( ...</div>"
844	pls19470523-01.2.17	23 May 1947	pls	AT THE CINEMA	"<div class=""txtsearchsnippet"">HAIFA <b class=""highlightcolor"">St . Luke</b> s Church of _England : H . ...</div>"
845	pls19460405-01.2.23	5 April 1946	pls	"— "" —¦ rr ii W 7 V » _ _~ - _«_ . _*« . n _^ •"	"<div class=""txtsearchsnippet"">... ( Cafe Ritz ) Dance at the Hut ( <b class=""highlightcolor"">St . Luke</b> s )</div>"
846	pls19460510-01.2.18	10 May 1946	pls	' ain in _raiesxine	"<div class=""txtsearchsnippet"">HAIFA <b class=""highlightcolor"">St . Luke</b> s Church of England H . C ...</div>"
847	pls19461018-01.2.18	18 October 1946	pls	NSW _COTSULAR OFFICERS APPOINTED	"<div class=""txtsearchsnippet"">... - 11 am , Breaking of Bread . HAIFA <b class=""highlightcolor"">St . Luke</b> s Church of England H . C ...</div>"
848	pls19471219-01.2.19	19 December 1947	pls	Rpflicree CommiH-pe	"<div class=""txtsearchsnippet"">... and Sunday morning , £ at cail . HAIFA <b class=""highlightcolor"">St . Luke</b> s Church of England : 7 . ...</div>"
849	pls19480423-01.2.12	23 April 1948	pls	Australia _Wpfffs Ppftftifii	"<div class=""txtsearchsnippet"">_HAFFA <b class=""highlightcolor"">St ., Luke</b> s Church ot England T . : ...</div>"
850	jweekly19310612.2.19	12 June 1931	jweekly	In Society’s Realm	"<div class=""txtsearchsnippet"">... in South America, has just completed his internship at <b class=""highlightcolor"">St. Luke's</b> Hospital. Today (Friday) Mrs. Maurice Heppner and children ...</div>"
851	chncdjn19230110-01.2.6	10 January 1923	chncdjn	Social News	"<div class=""txtsearchsnippet"">... is dong nicely. He was operated \upnn Saturday at <b class=""highlightcolor"">St. Luke's</b> hmpllnL‘</div>"
852	chncdjn19230802-01.2.34	2 August 1923	chncdjn	Social News	"<div class=""txtsearchsnippet"">... nicely. She underwent an operation this past week at <b class=""highlightcolor"">St. Luke's</b> hospital. . Messrs Isidore Amter, Harry M, Mayers ...</div>"
853	chncijn19250514-01.2.17	14 May 1925	chncijn	Social News	"<div class=""txtsearchsnippet"">... know she is re. covering from her operation at <b class=""highlightcolor"">St Luke's</b> hospital. Dorothy, the small daughter of .\Ir.""1 asd ...</div>"
854	chncijn19250305-01.2.20	5 March 1925	chncijn	Social News	"<div class=""txtsearchsnippet"">... nicely. He was operated upon Wednesday of Tnstoweel at <b class=""highlightcolor"">St Luke's</b> hospital, Mrs, E. Welsehel and Miss Amy Weischel ...</div>"
855	chncdjn19250305-01.2.20	5 March 1925	chncdjn	Social News	"<div class=""txtsearchsnippet"">... nicely. He was operated upon Wednesday of Tnstoweel at <b class=""highlightcolor"">St Luke's</b> hospital, Mrs, E. Welsehel and Miss Amy Weischel ...</div>"
856	chncdjn19250514-01.2.17	14 May 1925	chncdjn	Social News	"<div class=""txtsearchsnippet"">... know she is re. covering from her operation at <b class=""highlightcolor"">St Luke's</b> hospital. Dorothy, the small daughter of .\Ir.""1 asd ...</div>"
857	pls19450406-01.2.21	6 April 1945	pls	F * IPFI FRP ppflfip / iiPMri '	"<div class=""txtsearchsnippet"">... a . m ., Breaking of Bread . HAIFA <b class=""highlightcolor"">St . Luke</b> s Church of England : — H ...</div>"
858	pls19460313-01.2.8	13 March 1946	pls	< Dr esses	"<div class=""txtsearchsnippet"">... m Haifa , where he held Holy Communion at <b class=""highlightcolor"">St . Luke</b> s Church in the morning , followed ...</div>"
859	hebstd19210805-01.2.30	5 August 1921	hebstd	ITEMS OF INTEREST IN THE JEWISH WORLD	"<div class=""txtsearchsnippet"">... each to the Mt. 1 Sinai Hospital, Monteflore Home, <b class=""highlightcolor"">St. • Luke's</b> Hospi.tal and Presbyterian Hos- . pital. * ...</div>"
860	amjwld19330915-01.2.23	15 September 1933	amjwld	( 7 ~~~~ n , , A J : , . „ , „ ,, - ¦ ial and ^^^^^^^^ Ssoc ( personal ^^^^ f ^^^^^^ ^ ^ S ^^^^	"<div class=""txtsearchsnippet"">... a fall last spring and has been confined to <b class=""highlightcolor"">St . Luke</b> s hospital ever since . It is ...</div>"
861	amjwld19321118-01.2.17	18 November 1932	amjwld	xycxoX wa & Spersonal	"<div class=""txtsearchsnippet"">... years old , 288 Aurora Avenue , died in <b class=""highlightcolor"">St . Luke</b> s Hospital Sunday , November 13 . ...</div>"
862	amjwld19320603-01.2.21	3 June 1932	amjwld	OQXQ X . and S ( pjQtsoneX	"<div class=""txtsearchsnippet"">... Paul , died Wednesday , May 25 , in <b class=""highlightcolor"">St . Luke</b> s Hospital . She is survived by ...</div>"
863	plb19260412-01.2.7	12 April 1926	plb	_PMjESIUUE FtOM fat TO MY	"<div class=""txtsearchsnippet"">... the Government Hospital , Miss Rollo , matron of <b class=""highlightcolor"">St . Luke</b> s Hospital , and Mrs ; Jacoby ...</div>"
864	pls19410413-01.2.10	13 April 1941	pls	HONOURS FOI ? WEST TORRENS	"<div class=""txtsearchsnippet"">... ed by Mrs . Alford will be held at <b class=""highlightcolor"">St . Luke</b> s Soldiers Room ( Haifa ) on ...</div>"
865	pls19420508-01.2.24	8 May 1942	pls	UNKNOWN	"<div class=""txtsearchsnippet"">HAIFA <b class=""highlightcolor"">St . Luke</b> s Church of England — H . ...</div>"
866	pls19390224-01.2.125	24 February 1939	pls	_^ txxntt Rrltgtaits ps	"<div class=""txtsearchsnippet"">HAIFA <b class=""highlightcolor"">St . Luke</b> s Church ( Church of England ) ...</div>"
867	pls19450119-01.2.20	19 January 1945	pls	RAF . MET F . A . XI T 0 M _03 R 0 V /	"<div class=""txtsearchsnippet"">... s Club ); 7 . 30 : Dance &lt; <b class=""highlightcolor"">St . Luke</b> s Canteen ) s 8 . 15 ...</div>"
868	pls19431109-01.2.3	9 November 1943	pls	iin » N fl _S _™ ' H 1 S ii in it iFJiil _. Ji . KJiARh _JikJ JL U _AMIAHC FRONT	"<div class=""txtsearchsnippet"">... and the Bishop , a open tall pel of <b class=""highlightcolor"">St . , Luke</b> , that effective chukuo , Tnailand ...</div>"
869	pls19430915-01.2.25	15 September 1943	pls	_If / _RELESS PROGRAMMES	"<div class=""txtsearchsnippet"">... 4 for 10 , Richards 6 for 7 . <b class=""highlightcolor"">St . _Luke</b> s Ser-Cor : V ? A for ...</div>"
870	pls19440804-01.2.19	4 August 1944	pls	UNKNOWN	"<div class=""txtsearchsnippet"">... a . m ., Breaking of Bread . HAIFA <b class=""highlightcolor"">St . Luke</b> s Church of England : — P ...</div>"
871	pls19441020-01.2.18	20 October 1944	pls	WIRELESS PROGRAMMES	"<div class=""txtsearchsnippet"">HAIFA <b class=""highlightcolor"">St . Luke</b> s Church of England : — PATRONAL ...</div>"
872	pls19440929-01.2.15	29 September 1944	pls	Cha _!!!!?^ _SR'TO	"<div class=""txtsearchsnippet"">HAIFA <b class=""highlightcolor"">St . Luke</b> s Church of England : — H ...</div>"
873	pls19440925-01.2.14	25 September 1944	pls	"l""WELESS PROGRAMMES"	"<div class=""txtsearchsnippet"">An-Nahda A . Gecl _ on Salameh . <b class=""highlightcolor"">St . Luke</b> s M . Cohen</div>"
874	pls19450322-01.2.17	22 March 1945	pls	THE THREE CITIES CUP	"<div class=""txtsearchsnippet"">... ) : Vv _^ _hi . s Drive ( <b class=""highlightcolor"">St , Luke</b> s Canteen ; 8 : Gramophone R- ...</div>"
875	pls19480418-01.2.44	18 April 1948	pls	SUPPLY ROUTE	"<div class=""txtsearchsnippet"">... in Airborne uniform _, jumped down and escaped towards <b class=""highlightcolor"">St . Luke</b> s . The Camp Arab was picked ...</div>"
876	chncdjn19240904-01.2.15	4 September 1924	chncdjn	Social News	"<div class=""txtsearchsnippet"">... Miss Amelin Marx underwent a throat operation Thursday at <b class=""highlightcolor"">St | Luke's</b> hospital and is doing nicely,</div>"
877	chncijn19240904-01.2.15	4 September 1924	chncijn	Social News	"<div class=""txtsearchsnippet"">... Miss Amelin Marx underwent a throat operation Thursday at <b class=""highlightcolor"">St | Luke's</b> hospital and is doing nicely,</div>"
878	chncdjn19220222-01.2.54	22 February 1922	chncdjn	Literary Letter	"<div class=""txtsearchsnippet"">... is said to have declared: ""Itv the face of <b class=""highlightcolor"">St. Luke,</b> if the Jews overcome the Christians. he himself ...</div>"
879	pls19450123-01.2.16	23 January 1945	pls	AT THE CINEMA	"<div class=""txtsearchsnippet"">... : 7-30 p . m . : Dance (( <b class=""highlightcolor"">St . Luke</b> s Hat ); Whist Drive ( Soldiers ...</div>"
880	pls19450622-01.2.16	22 June 1945	pls	mmmmmmmmmm _^ * ¦¦ ¦	"<div class=""txtsearchsnippet"">... St Andrew s Club ); 7 30 Dance ( <b class=""highlightcolor"">St . Luke</b> s Canteen ); 8 15 : Devotional ...</div>"
881	amjwld19321104-01.2.19	4 November 1932	amjwld	v ^ ' , ¦ Oociat aiui V	"<div class=""txtsearchsnippet"">... , 336 Pleasant Ave ., died October 21 at <b class=""highlightcolor"">St . Luke</b> s Hospital . Surviving are his widow ...</div>"
882	amjwld19240229-01.2.21	29 February 1924	amjwld	(( . —A ^^ l ^^^^ Sjociat Qxid mmm = ^| personal	"<div class=""txtsearchsnippet"">... Laurabelle , on Tuesday , February 26 , at <b class=""highlightcolor"">St . Luke</b> s Hospital . C . J . ...</div>"
883	amjwld19290222-01.2.17	22 February 1929	amjwld	Sjocial JQXIA personal	"<div class=""txtsearchsnippet"">... passed away Friday morning , February 15 , at <b class=""highlightcolor"">St . Luke</b> s Hospital , at the age of ...</div>"
884	amjwld19230727-01.2.22	27 July 1923	amjwld	OBITUARY j ) I	"<div class=""txtsearchsnippet"">... . Zalk . Miss Fanny Siegel , pharmacist at <b class=""highlightcolor"">St . Luke</b> s Hospital , returned from a shovt ...</div>"
885	pls19480825-01.2.31	25 August 1948	pls	OS _ti RIOT VIEW OF ISRAEL	"<div class=""txtsearchsnippet"">... . The name is derived from the monastery of <b class=""highlightcolor"">St . Luke</b> ( Deir Abu Tor ) , which ...</div>"
886	pls19410504-01.2.13	4 May 1941	pls	GLASGOW RANGERS CRAS !	"<div class=""txtsearchsnippet"">... . A d . ance will be held a <b class=""highlightcolor"">St . Luke</b> s Soldiers Hut , Haifa , at ...</div>"
887	pls19411226-01.2.17	26 December 1941	pls	\ M _nmrnrn ) EREirS MET _PALESTINE AT MACCARIAH STADIUM	"<div class=""txtsearchsnippet"">_1 _in _MTF _ri- 4 A <b class=""highlightcolor"">St . Luke</b> s Chuieii oi _Enuland — II . ...</div>"
888	pls19430101-01.2.39.1	1 January 1943	pls	Page 2 Advertisements Column 1	"<div class=""txtsearchsnippet"">tiAiF . \ _« . . 1 - — <b class=""highlightcolor"">St . Luke</b> s Church of _ZEnsrlaiic : ; H ...</div>"
889	pls19441222-01.2.18	22 December 1944	pls	FUR SHOP	"<div class=""txtsearchsnippet"">... a . m ., Breaking of Bread . HAIFA <b class=""highlightcolor"">St . _Luke</b> s Church of England : — H ...</div>"
890	pls19441228-01.2.10	28 December 1944	pls	ANOTHER SLAM	"<div class=""txtsearchsnippet"">... ) ; 7 . 30 ; Whiist Drive ( <b class=""highlightcolor"">St . Luke</b> s Canteen ); 8 : Gramophone Recital ...</div>"
891	pls19431230-01.2.32	30 December 1943	pls	"POLICY THE ECONOMIST "" IS CRITICAL"	"<div class=""txtsearchsnippet"">... R . Bugge , until lately a pupil at <b class=""highlightcolor"">St . Luke</b> s School , Haifa , also gained ...</div>"
892	pls19440922-01.2.13	22 September 1944	pls	"A _* F ' - ie < $ _rta At wc . v _--4 _» fef _^ i *| - ' '"" % _^__"	"<div class=""txtsearchsnippet"">... a . m ., Breaking of Bread . HAIFA <b class=""highlightcolor"">St . Luke</b> s Church of England : ^—- H ...</div>"
893	pls19421009-01.2.16	9 October 1942	pls	GYMKHANA FEATURES AT THE FED CROSS FETE	"<div class=""txtsearchsnippet"">... Sermon , 9 30 a . m . HAIFA <b class=""highlightcolor"">_St . Luke</b> s V _* h ii reh of ...</div>"
894	pls19450503-01.2.20	3 May 1945	pls	GAME NO . 3	"<div class=""txtsearchsnippet"">... EKTERTATNMUNT : 7 . 30 : Whist Drive ( <b class=""highlightcolor"">St . Luke</b> s Can een 8 : I ad ...</div>"
895	pls19450330-01.2.17	30 March 1945	pls	WIRELESS PROGRAMMES	"<div class=""txtsearchsnippet"">... Messiah ( Soldiers ^ Recreation Clubi ; Dance &lt; <b class=""highlightcolor"">St . Luke</b> s . Canteen ); 8 : Charity ...</div>"
896	pls19450713-01.2.11	13 July 1945	pls	¦> i	"<div class=""txtsearchsnippet"">... a . m ., Breaking of Bread . HAIFA <b class=""highlightcolor"">St . Luke</b> s Church of England : — H ...</div>"
897	pls19451109-01.2.11	9 November 1945	pls	jjunfp *' 8 JIWTIMI V- » . 3 » 3 IW : >! : »< . 1	"<div class=""txtsearchsnippet"">... 10 a m ., Breaking of Bread , HAIFA <b class=""highlightcolor"">St . Luke</b> s Church of England : — REMEMBRANCE ...</div>"
898	pls19460517-01.2.15	17 May 1946	pls	sabo & ui in _rttiesiine i	"<div class=""txtsearchsnippet"">HAIFA <b class=""highlightcolor"">St . Luke</b> s Church of England H . C ...</div>"
899	pls19460408-01.2.18	8 April 1946	pls	i ¦ W » ( i I - \ - mf * , 1	"<div class=""txtsearchsnippet"">... ( Ritz _Cufei ; nance at the Hut ( <b class=""highlightcolor"">St . Luke</b> s ) . RAMAT CAN 8 . ...</div>"
900	pls19460906-01.2.21	6 September 1946	pls	"_^^ _mmmmmmmimO ''' , ' """" ' _!^ ' "" _^ WP _""""^* ¦ '"" _, * _'' — rt 7 _^ Ca 1 _Ayl""J : IJ ¦ i * £ !"	"<div class=""txtsearchsnippet"">... a . m ., Breaking of Bread . HAIFA <b class=""highlightcolor"">St . Luke</b> * Church of England : H . ...</div>"
901	pls19460816-01.2.59	16 August 1946	pls	IN BRITAIN TODAY	"<div class=""txtsearchsnippet"">... T . A . LAMBIE ( MD . ) <b class=""highlightcolor"">St . Luke</b> s Hospital Hebron , Aug . 13 ...</div>"
902	pls19470808-01.2.19	8 August 1947	pls	! : | Where to Go \ j	"<div class=""txtsearchsnippet"">... and Sunday morning ; , at call . HAIFA <b class=""highlightcolor"">St .. Luke</b> s Churrh of _Cnpland : H . ...</div>"
903	pls19470613-01.2.18	13 June 1947	pls	SHE HOLY IAND	"<div class=""txtsearchsnippet"">... afternoon and Sunday morning , at call . HAIFA <b class=""highlightcolor"">St . Luke</b> s Church of _TEngland : li . ...</div>"
904	pls19450109-01.2.12	9 January 1945	pls	CINEMA	"<div class=""txtsearchsnippet"">... 7 . 20 . m . : Dunce ( <b class=""highlightcolor"">St . Luke</b> s p Hut ) , ; Whist ...</div>"
905	amjwld19261015-01.2.30	15 October 1926	amjwld	Ojociat wad	"<div class=""txtsearchsnippet"">... to this city thirty-eight years ago , died at <b class=""highlightcolor"">St . Luke</b> s Hospital , Sunday evening , at ...</div>"
906	pls19460619-01.2.9	19 June 1946	pls	_TV / T A 7 /	"<div class=""txtsearchsnippet"">... Cobn . * _GORMAN-HALL The marriage took place at <b class=""highlightcolor"">St . Luke</b> s Church , Haifa , on June ...</div>"
907	pls19460802-01.2.16	2 August 1946	pls	_rAUiiAiic —	"<div class=""txtsearchsnippet"">... a . m , Breaking of Bread . HAIFA <b class=""highlightcolor"">St . Luke</b> s Church of land : Eng H ...</div>"
908	pls19410908-01.2.40	8 September 1941	pls	The War Against Nazism Is A . Rihteous War g	"<div class=""txtsearchsnippet"">... Haifa Services In Haifa a large congregation assembled at <b class=""highlightcolor"">St . Luke</b> s Church , and services of a ...</div>"
909	pls19400428-01.2.67	28 April 1940	pls	MAUNDY THURSDAY IN FIVE CHURCHES	"<div class=""txtsearchsnippet"">... passages of Scripture , chiefly from the Gospels of <b class=""highlightcolor"">St . Luke</b> and St . John . When St ...</div>"
910	pls19420322-01.2.19	22 March 1942	pls	SHELL C ( VN !» ANY CHAMPIONS DEFEAT BANKERS IN liDAGDE THRILLER	"<div class=""txtsearchsnippet"">... ); three ex officio members , the Chaplain of <b class=""highlightcolor"">St . Luke</b> s Church , the Minister of the ...</div>"
911	pls19420612-01.2.17	12 June 1942	pls	SAVOY HOTEL	"<div class=""txtsearchsnippet"">... , 9 . 30 a . m . HAIFA <b class=""highlightcolor"">St . Luke</b> s Church of _TJngrland — H . ...</div>"
912	pls19440425-01.2.15	25 April 1944	pls	AT THE CINEMA	"<div class=""txtsearchsnippet"">; y <b class=""highlightcolor"">St . Luke</b> s School Football _Cronn-d it npu</div>"
913	pls19440502-01.2.12	2 May 1944	pls	UNKNOWN	"<div class=""txtsearchsnippet"">... Archer offered . CG 1 taken . ATHLETICS . <b class=""highlightcolor"">St . Luke</b> s School Annual Sports The Annual School ...</div>"
914	pls19440811-01.2.15	11 August 1944	pls	UNKNOWN	"<div class=""txtsearchsnippet"">HAIFA <b class=""highlightcolor"">St . Luke</b> s Church of England : — H ...</div>"
915	pls19450323-01.2.20	23 March 1945	pls	UNKNOWN	"<div class=""txtsearchsnippet"">... — 10 am .. Breaking of Bread . HAIFA <b class=""highlightcolor"">St . _Luke</b> s Church of England : — HC ...</div>"
916	pls19450727-01.2.18	27 July 1945	pls	_nfcrlKY _LUl	"<div class=""txtsearchsnippet"">... a . m ., Breaking of Bread . HAIFA <b class=""highlightcolor"">St . Luke</b> s Church of England :. — H ...</div>"
917	pls19451113-01.2.8	13 November 1945	pls	AT THE CINEMA	"<div class=""txtsearchsnippet"">... _ENTERTAINMENT 7 p . m . : Dance ( <b class=""highlightcolor"">St . Luke</b> . - ; Hit Mountain Rd . ...</div>"
918	pls19460108-01.2.17	8 January 1946	pls	AT THE CINEMA	"<div class=""txtsearchsnippet"">... . m . : Dance at the Hut ( <b class=""highlightcolor"">St . _Luke</b> s ); 8 . 30 : Bridge ...</div>"
919	pls19460705-01.2.21	5 July 1946	pls	gmemmmmmMMmmmmmk j |^^| j ^! aA ^^^*^ %# 'S , ^^» ' ' ^? r S »'' '	"<div class=""txtsearchsnippet"">... a . m ., Breaking of Bread . HAIFA <b class=""highlightcolor"">St . Luke</b> s Church of England :</div>"
920	pls19451005-01.2.9	5 October 1945	pls	EXPENSIVESCOPUS CRICKET CLASSIC ;	"<div class=""txtsearchsnippet"">... ENTERTAINMENT : 7 , D m : Dance ^ <b class=""highlightcolor"">St Luke</b> s , Mountain Rd ; ; RAO B ...</div>"
921	amjwld19300110-01.2.18	10 January 1930	amjwld	r , m . . , \*^ £$$% jS ^> j ' . I ;! il • C ? ociat and xD <& jQt $ OttM	"<div class=""txtsearchsnippet"">... , passed away Monday , December 30 , at <b class=""highlightcolor"">St . Luke</b> s Hospital , following an illness of ...</div>"
922	pls19420410-01.2.15	10 April 1942	pls	"_""S'ER-COR"" J _] _tfFEAT K . A . I . _iX IINAL"	"<div class=""txtsearchsnippet"">... Service 3 . 30 . m . p HAIFA <b class=""highlightcolor"">St . Luke</b> s CUiireh of _TCnetflTio —- TIC , ...</div>"
923	pls19441222-01.2.23	22 December 1944	pls	LEAGUE mitt LAST K ! CK	"<div class=""txtsearchsnippet"">... s Club ); 7 . 30 : Dance ( <b class=""highlightcolor"">St . Luke</b> a Canteen ); 8 . 15 ; ...</div>"
924	pls19441102-01.2.15	2 November 1944	pls	DOUBLE . CROSSED	"<div class=""txtsearchsnippet"">... 30 . m . : Whist p Drive ( <b class=""highlightcolor"">St . Luke</b> s Canteen , Mountain Rd . ); ...</div>"
925	pls19430704-01.2.31	4 July 1943	pls	CENTRAL COMMITTEE'S POLICY	"<div class=""txtsearchsnippet"">... read the _Letsons fro _* _mi Exodus ¦ and <b class=""highlightcolor"">St . Luke</b> at the service which was cor _dusted ...</div>"
926	pls19440428-01.2.18	28 April 1944	pls	UNKNOWN	"<div class=""txtsearchsnippet"">HAIFA St <b class=""highlightcolor"">St . . _Luke</b> I , nke _s s Church ...</div>"
927	pls19440707-01.2.10	7 July 1944	pls	UNKNOWN	"<div class=""txtsearchsnippet"">... m ., Breaking of Bread . IIA 5 FA <b class=""highlightcolor"">St . Luke</b> s Church of England : — H ...</div>"
928	pls19420814-01.2.17	14 August 1942	pls	UNKNOWN	"<div class=""txtsearchsnippet"">... ; 9 . 30 a . m . HAIFA <b class=""highlightcolor"">St . Luke</b> s Church of England—H . C , ...</div>"
929	pls19450605-01.2.16	5 June 1945	pls	CRICKET KOUND UP FOOTBALL BASEBALL Y « fees Twice BSSXKI * . ^^ . west Indians Vfitii Hems ^ ? m \ to i mm	"<div class=""txtsearchsnippet"">... 7 30 p . m . : Dancing ( <b class=""highlightcolor"">St . Luke</b> s Hut ); Whist Drive ( Soldiers ...</div>"
930	pls19471003-01.2.19	3 October 1947	pls	Untitled	"<div class=""txtsearchsnippet"">... _crimen and Sunday morning , at call . HAIFA <b class=""highlightcolor"">St . Luke</b> s Church of England : H . ...</div>"
931	pls19450216-01.2.13	16 February 1945	pls	_TIRELESS PROGRAMMES	"<div class=""txtsearchsnippet"">HAIFA <b class=""highlightcolor"">St . Luke</b> s Church of -land : — Kng ...</div>"
932	amjwld19320401-01.2.25	1 April 1932	amjwld	Z ===== Z £ ^^^ XS r / 2 , ^ , ^ , „ = • G ? xyjc , i & l and ft ^ === < D { personal	"<div class=""txtsearchsnippet"">... of a daughter Tuesday , March 29 , at <b class=""highlightcolor"">St . Luke</b> s hospital . CHANGE OF ADDRESS Mr ...</div>"
933	pls19461115-01.2.14	15 November 1946	pls	COn . _APPOINTMENTS	"<div class=""txtsearchsnippet"">HAIFA <b class=""highlightcolor"">St . Luke</b> s Church of England ; H . ...</div>"
934	pls19441124-01.2.23	24 November 1944	pls	"_^ They-Sf ? 1 _^ l l ft . ' i ffl 1 i s f"" _*** ij * § 9 _& A _•¦? "" * l fllfft :. * w ."	"<div class=""txtsearchsnippet"">... Club ); 7 . 30 : • Dance ( <b class=""highlightcolor"">St . Luke</b> s Canteen ;) 8 . 15 : ...</div>"
935	pls19421002-01.2.15	2 October 1942	pls	TODAY AND TOMORROW	"<div class=""txtsearchsnippet"">... Sermon , ; 9 3 &lt;&gt; am . HAIFA <b class=""highlightcolor"">St . Luke</b> s Church of England : — H ...</div>"
936	pls19420904-01.2.13	4 September 1942	pls	SAW ROTH	"<div class=""txtsearchsnippet"">... , 0 , 30 a . m . HAIFA <b class=""highlightcolor"">St . Luke</b> s Church of Fngland : — H ...</div>"
937	pls19421016-01.2.18	16 October 1942	pls	WIRELESS PROGRAMMES FOR	"<div class=""txtsearchsnippet"">... T _. _nVe a Church of _England : — <b class=""highlightcolor"">St . Luke</b> s H . C . 7 . ...</div>"
938	pls19470214-01.2.18	14 February 1947	pls	M _& _faf	"<div class=""txtsearchsnippet"">HAIFA <b class=""highlightcolor"">St . Luke</b> s Church of England : H . ...</div>"
939	pls19470314-01.2.17	14 March 1947	pls	AT THE CINEMA	"<div class=""txtsearchsnippet"">... afternoon and Sunday morning , at call . HAIFA <b class=""highlightcolor"">St . Luke</b> s Church of England : H . ...</div>"
940	pls19470307-01.2.19	7 March 1947	pls	U . S . _Horse Well Backed	"<div class=""txtsearchsnippet"">... afternoon and Sunday morning , at call . HAIFA <b class=""highlightcolor"">St . Luke</b> s Church of land Eng H . ...</div>"
941	pls19460326-01.2.11	26 March 1946	pls	AT THE CINEMA	"<div class=""txtsearchsnippet"">... —1 &gt; p . m . daily . • <b class=""highlightcolor"">St . Luke</b> s Senior School Annual Snorts wiil beheid ...</div>"
942	pls19460409-01.2.35	9 April 1946	pls	"_— ' ' ""' "" _'^ m . M . * J r , _^ . ""I , .. v , J I ! f Aii _?? Ar . _Rs 11 r W 5 _ATT 15"	"<div class=""txtsearchsnippet"">... afternoon , they attended a Girl Guides meeting at <b class=""highlightcolor"">St . Luke</b> s .</div>"
943	pls19420521-01.2.16	21 May 1942	pls	Untitled	"<div class=""txtsearchsnippet"">HAIFA <b class=""highlightcolor"">St . Luke</b> s Church of England — H . ...</div>"
944	pls19430507-01.2.12	7 May 1943	pls	UNKNOWN	"<div class=""txtsearchsnippet"">... English , anv time at c . Pi KAIFA <b class=""highlightcolor"">St . Luke</b> s Church of Rnffinnfl : — 11 ...</div>"
945	pls19441219-01.2.18	19 December 1944	pls	ATI THE CINEMA	"<div class=""txtsearchsnippet"">... . m . : Dance ( Garrison Club &amp; <b class=""highlightcolor"">St . Luke</b> s Hut ); Whist Drive ( Soldiers ...</div>"
946	pls19441123-01.2.9	23 November 1944	pls	OUTBLOFFED	"<div class=""txtsearchsnippet"">... 30 p . m . : Whist Drive ( <b class=""highlightcolor"">St . Luke</b> s Canteen ); 8 : Gramophon , ...</div>"
947	pls19431015-01.2.14	15 October 1943	pls	WI ft EL ESS PfWGnAMMES	"<div class=""txtsearchsnippet"">... , any time at call . i HAIFA £ <b class=""highlightcolor"">St . _Luke</b> s Church of England : — I ...</div>"
948	pls19431206-01.2.34	6 December 1943	pls	ECHOES OF ARMS TRIALS	"<div class=""txtsearchsnippet"">... There will be a short final united Service in <b class=""highlightcolor"">St . Luke</b> s Church on Sunday , _December 12 ...</div>"
949	pls19440728-01.2.11	28 July 1944	pls	_~ Jr - - _* . / * ¦ /» i . _^« . V . ¦ ii	"<div class=""txtsearchsnippet"">... . m ., Brealting of Bread . HAIFA ! <b class=""highlightcolor"">St . Luke</b> s Church of England : — H ...</div>"
950	pls19450831-01.2.17	31 August 1945	pls	IMPROVED BBC SERVICE	"<div class=""txtsearchsnippet"">... a . m ., Breaking of Bread . HAIFA <b class=""highlightcolor"">St . Luke</b> s Church of _England : — H ...</div>"
951	pls19451101-01.2.12	1 November 1945	pls	A DIFFICULT ENDPLAY	"<div class=""txtsearchsnippet"">... 3 . J pm : Whist : Drive ( <b class=""highlightcolor"">St Luke</b> « Hut ); 8 : Padre s At ...</div>"
952	pls19451214-01.2.12	14 December 1945	pls	_TFiso BabHome Dedicated y	"<div class=""txtsearchsnippet"">... a . m ., Breaking of Bread . HAIFA <b class=""highlightcolor"">St . Luke</b> s Church of England : — H ...</div>"
953	pls19460607-01.2.13	7 June 1946	pls	"I * _'itij _Uiiiiitilli _^ 1 il k \ \ _""* _3 _& f * ¦ \ W I \ \ - _^ T _^ Sy ¦ ' . _<& _'^ 2 _^ _S ' * _« ¦"""" . I"	"<div class=""txtsearchsnippet"">... . m ., Breaking of Bread . HAIFA ; <b class=""highlightcolor"">St . Luke</b> s Church of _F-nglnnd : . * ...</div>"
954	pls19441214-01.2.15	14 December 1944	pls	"D n . 9 9 7 7 62 6 2 "" DD . . A A J J 55 C . 2 S C 8 7 Q"	"<div class=""txtsearchsnippet"">... Housei ; 7 . 30 : Whist Drive ( <b class=""highlightcolor"">St ; Luke</b> s Canteen ;; 8 : Gramophone _Recital ...</div>"
955	pls19441115-01.2.23	15 November 1944	pls	BULGARIA ALL FRIENDS IN SOFIA WANT TO JOIN THEM	"<div class=""txtsearchsnippet"">... he granted an audience yesterday to 800 members of <b class=""highlightcolor"">St . Luke</b> s Association of Catholic . medical practitioners ...</div>"
956	pls19440405-01.2.9	5 April 1944	pls	AT THE CINEMA	"<div class=""txtsearchsnippet"">... . McCnlloch , R .. --. F . ; <b class=""highlightcolor"">St . Luke</b> s Church . KIEV . -T HAIM ...</div>"
957	pls19450327-01.2.21	27 March 1945	pls	AT THE CINEMA	"<div class=""txtsearchsnippet"">... ; 9 : Mala Voice Choir , _Rfhc-arsal ( <b class=""highlightcolor"">St . Luke</b> _5 Junior School ) . Boys RAMAT ...</div>"
958	pls19450320-01.2.10	20 March 1945	pls	AT THE CINEMA	"<div class=""txtsearchsnippet"">... : Male Voice Choir , Rehear . -al ( <b class=""highlightcolor"">St . Luke</b> _s-Junior Sc &gt; i &lt; wMi . ...</div>"
959	pls19451106-01.2.13	6 November 1945	pls	AT THE CINEMA	"<div class=""txtsearchsnippet"">... Torch House . WELFARE ENTERTAINMENT 7 : Dance t <b class=""highlightcolor"">St . Luke</b> s Hut . pm Mountain Rd ) ...</div>"
960	pls19451206-01.2.17	6 December 1945	pls	AT THE CINEMA	"<div class=""txtsearchsnippet"">... 7 30 p . m . : _Dancing ( <b class=""highlightcolor"">St . Luke</b> s Kut . ; _Wr-. is Drive- ...</div>"
961	pls19460104-01.2.17	4 January 1946	pls	Benjamin IV	"<div class=""txtsearchsnippet"">... a . m ., Breaking of Bread . HAIFA <b class=""highlightcolor"">St . Luke</b> s Church of land : — _Eng ...</div>"
962	pls19450122-01.2.27	22 January 1945	pls	£ 1 , 500 WORTH OF GOODS STOLEN LAST WEEK	"<div class=""txtsearchsnippet"">... , injuring him slightly . He was taken to <b class=""highlightcolor"">St . Luke</b> s Hospital at H loron Twentyone member ...</div>"
963	pls19450116-01.2.11	16 January 1945	pls	AT THE CINEMA	"<div class=""txtsearchsnippet"">... ); 9 : _Rehears-al — Male Voice Croiir ( <b class=""highlightcolor"">St . Luke</b> s Junior Boys School ) . HADERA ...</div>"
964	pls19441205-01.2.22	5 December 1944	pls	AT THE CINEMA	"<div class=""txtsearchsnippet"">... m . : Male Voice Choir , ReIhearsal ( <b class=""highlightcolor"">St . Luke</b> s Junior Boys School ) . REHOVOTH ...</div>"
965	pls19441031-01.2.16	31 October 1944	pls	AT THE CINEMA	"<div class=""txtsearchsnippet"">... m . : Bances p ( Garrison Club &amp; <b class=""highlightcolor"">St . Luke</b> s Hut ); _Whift Drive ( Soldiers ...</div>"
966	pls19430521-01.2.10	21 May 1943	pls	UNKNOWN	"<div class=""txtsearchsnippet"">... - L _-i ; _tr r . 4 , <b class=""highlightcolor"">St . Luke</b> s Cnnrch of Kn _^ _bmfli — ...</div>"
967	pls19431119-01.2.14	19 November 1943	pls	_MAIMERS AT	"<div class=""txtsearchsnippet"">... a . m ., Breaking of Bread . HAIFA <b class=""highlightcolor"">St . Luke</b> s Church of _England : — II ...</div>"
968	pls19440104-01.2.8	4 January 1944	pls	AT THE CINEMA MUSIC IN TEL	"<div class=""txtsearchsnippet"">MARRIAGE The marriage took place at <b class=""highlightcolor"">St . Luke</b> s Church Haifa , On Friday . ...</div>"
969	pls19440824-01.2.2	24 August 1944	pls	14 RIFLES SEIZED 6 ARRESTS MADE	"<div class=""txtsearchsnippet"">... Allison , M . A ., British Chaplain of <b class=""highlightcolor"">St . Luke</b> s Church in Haifa , son of ...</div>"
970	pls19450302-01.2.19	2 March 1945	pls	WIRELESS _PROGRAMMES	"<div class=""txtsearchsnippet"">... a . m ., Breaking of Bread . HAIFA <b class=""highlightcolor"">St . Luke</b> s Church of England : — H ...</div>"
971	pls19450424-01.2.12	24 April 1945	pls	AT THE CINEMA	"<div class=""txtsearchsnippet"">... - . Soldiers p _Recreation Club ); Dancing ( <b class=""highlightcolor"">St . Luke</b> s Huti 8 : Chess Club ; ...</div>"
972	pls19450220-01.2.20	20 February 1945	pls	AT THE CINEMA	"<div class=""txtsearchsnippet"">... 3 o p . m . : Dance ( <b class=""highlightcolor"">St . _Luke-</b> _s Hut ); Whist Drive ( Soldiers ...</div>"
973	pls19460222-01.2.14	22 February 1946	pls	A n <* w class in Solfeggio has been organized by the YMCA Evening School . The classes will start on Tuesday , Feb . 26 at 7 , pm . Apply * at the school off ire . ( Advt A	"<div class=""txtsearchsnippet"">HAIFA <b class=""highlightcolor"">St . Luke</b> s Church of England ;—- H . ...</div>"
974	pls19460301-01.2.21	1 March 1946	pls	h _ivmm	"<div class=""txtsearchsnippet"">... a . m ., Breaking of Bread . HAIFA <b class=""highlightcolor"">St . Luke</b> s Church of England : — H ...</div>"
975	pls19460312-01.2.44	12 March 1946	pls	! . _Arah _Evince	"<div class=""txtsearchsnippet"">... round dozen _rohheries . Ibheis is at present in <b class=""highlightcolor"">St . Luke</b> s Hospital . Hebron , under _poeice ...</div>"
976	pls19460823-01.2.18	23 August 1946	pls	Untitled	"<div class=""txtsearchsnippet"">... a . m ., Breaking of Bread . HAIFA <b class=""highlightcolor"">St . Luke</b> s Church of land : Eng H ...</div>"
977	pls19480416-01.2.15	16 April 1948	pls	Narghile !} _^ _Nrtvs	"<div class=""txtsearchsnippet"">HAIFA <b class=""highlightcolor"">St . Luke</b> s Cbureh ot England _;&gt; _.. :. ...</div>"
978	amjwld19350927-01.2.57	27 September 1935	amjwld	The Church Looks at the Jew	"<div class=""txtsearchsnippet"">... . Father James C . Byrne , pastor of <b class=""highlightcolor"">St . Luke</b> s in St . Paul , points ...</div>"
979	pls19441117-01.2.13	17 November 1944	pls	". fr jumu \ _jwMvwm _* _***\ * _^ J Ky _& vt _& U _u $ \ _L \ \ r \ f ' i ¦ \ 1 / \ ; ; i ¦ * - \ ' _\^ ( % 3 0 * ' ) IV \\ ' ' . 1 j ¦ - _* f _*«^ "" ' y j } h 1 * m * r % ; _fM _a . _MJIK . lAi r » grI _? _y » 1 j _^ , _T 3 h _< _^ 3"	"<div class=""txtsearchsnippet"">... a . m ., Breaking of Bread . HAIFA <b class=""highlightcolor"">St . _Luke</b> s Church of England : — H ...</div>"
980	pls19440512-01.2.12	12 May 1944	pls	"1 ""I 8 ELESS PnQGftfifiFEC"	"<div class=""txtsearchsnippet"">... a . m .. Breaking of Bread . HAIFA <b class=""highlightcolor"">St . Luke</b> s Church of England : — H ...</div>"
981	pls19440605-01.2.18	5 June 1944	pls	AT THE CINEMA	"<div class=""txtsearchsnippet"">... aged 84 . As a boy he played for <b class=""highlightcolor"">St . Luke</b> s , from which the Wolves club ...</div>"
982	pls19440423-01.2.15	23 April 1944	pls	VEGETABLE PLATE	"<div class=""txtsearchsnippet"">The Athletic Sports Meet of <b class=""highlightcolor"">St . Luke</b> s School . Haifa , postponed from ...</div>"
983	pls19440317-01.2.17	17 March 1944	pls	Plar _? _JH # _w _* I _Pfnf	"<div class=""txtsearchsnippet"">... ) , to be Headma- r ::. cr of <b class=""highlightcolor"">St Luke</b> s _SY-hooi . H . 1 . 5 ...</div>"
984	pls19440901-01.2.21	1 September 1944	pls	COBB XOT EYSTON	"<div class=""txtsearchsnippet"">... . m ., Breaking of Bread . » HAIFA <b class=""highlightcolor"">St . Luke</b> s Church of England : — K ...</div>"
985	pls19450426-01.2.11	26 April 1945	pls	THE PAR	"<div class=""txtsearchsnippet"">... : _\ , . _i ; _i-r Drive ( <b class=""highlightcolor"">St , Luke</b> s Car . a-en 8 : _Padre ...</div>"
986	pls19450227-01.2.17	27 February 1945	pls	Untitled	"<div class=""txtsearchsnippet"">... 9 : Male Voice Choir R--hear . sal ( <b class=""highlightcolor"">St . Luke</b> s Junior School :. Boys REHOVOTH 8 ...</div>"
987	pls19450628-01.2.7	28 June 1945	pls	TUG _O'WAR	"<div class=""txtsearchsnippet"">... a p m . : Whip ;; DVve ( <b class=""highlightcolor"">St , Luke</b> s _Canteeni 8 : Padres at ; ...</div>"
988	pls19451102-01.2.11	2 November 1945	pls	P . B . S . Usiner N	"<div class=""txtsearchsnippet"">... WELFARE ENTERTAINMENT 7 p m . : Dance ( <b class=""highlightcolor"">St . Luke</b> s , Mountain Rd ) ; , ...</div>"
989	pls19471104-01.2.29	4 November 1947	pls	HOLD-UP FAILS	"<div class=""txtsearchsnippet"">... . Fritz _Meis-el . owner of a canteen at <b class=""highlightcolor"">St . Luke</b> s . camp Coming home at fi ...</div>"
990	pls19420619-01.2.22	19 June 1942	pls	WIRELESS PROGRAMMES	"<div class=""txtsearchsnippet"">HAIFA <b class=""highlightcolor"">St . Luke</b> s Ctuivch of England—H . C 7 ...</div>"
991	pls19440630-01.2.20	30 June 1944	pls	"SECOND RACE FOR ""KISCH CUP """	"<div class=""txtsearchsnippet"">... : fi SO p . m . Tomorrow : <b class=""highlightcolor"">St . Luke</b> s Church of Eftffland * :- S ...</div>"
992	pls19450126-01.2.11	26 January 1945	pls	rf-s _-- r - ; _-Mi / _? r	"<div class=""txtsearchsnippet"">... _* T _ThlU _i-11 * Vm U _ rea <b class=""highlightcolor"">St . Luke</b> s Church of England :-1 M » ...</div>"
993	pls19450711-01.2.13	11 July 1945	pls	CINEMAS Hi	"<div class=""txtsearchsnippet"">... MARRIAGE BROWN-PALLAMARY The ;/ . image took place at <b class=""highlightcolor"">St . Luke</b> s CaurchHaifaon , # , Thursday , ...</div>"
994	pls19450802-01.2.13	2 August 1945	pls	A DIFFICULT GAME	"<div class=""txtsearchsnippet"">... 30 p . m . : Whist Drive ( <b class=""highlightcolor"">St Luke</b> s Canteen 1 8 : Gramo . ; ...</div>"
995	pls19451024-01.2.12	24 October 1945	pls	MIDDLE-EAST	"<div class=""txtsearchsnippet"">... . ); 8 . 15 : F--mwship Meeting ( <b class=""highlightcolor"">St . Luke</b> s _Imuntain Rd . ); 8 30 ...</div>"
996	pls19451224-01.2.8	24 December 1945	pls	AT THE CINEMA	"<div class=""txtsearchsnippet"">... : Dr . AV . Jt ) . HAIFA <b class=""highlightcolor"">St . Luke</b> s Church of _- _Eng land ) ...</div>"
997	pls19460213-01.2.8	13 February 1946	pls	Contract _Endorsed	"<div class=""txtsearchsnippet"">... . m . : Danee at the Hut ( <b class=""highlightcolor"">St . Luke</b> s ); 8 : Social Evening ( ...</div>"
998	pls19470321-01.2.19	21 March 1947	pls	Hone for I _^ _awcwiH Wwky	"<div class=""txtsearchsnippet"">HAIFA <b class=""highlightcolor"">St . Luke</b> s Church of England IPC 7 . ...</div>"
999	pls19460809-01.2.25	9 August 1946	pls	POLES TO m wm	"<div class=""txtsearchsnippet"">... a . m , Breaking of Bread . HAIFA <b class=""highlightcolor"">St . Luke</b> s Church of England : H . ...</div>"
1000	pls19430205-01.2.20	5 February 1943	pls	WIRELESS PROGRAMMES FOR TODAY AND TOMORROW	"<div class=""txtsearchsnippet"">... , 8 . 30 , 9 30 am HAIFA <b class=""highlightcolor"">St Luke</b> s Church of England : — HIC . ...</div>"
1001	pls19430226-01.2.11	26 February 1943	pls	WIPFLESPPOGn _*** _r-F *	"<div class=""txtsearchsnippet"">... 30 , 9 30 a . m . HAIFA <b class=""highlightcolor"">St ., Luke</b> s Church ol England :. — H ...</div>"
1002	pls19430330-01.2.1	30 March 1943	pls	Malta Presents Dobbie Portrait	"<div class=""txtsearchsnippet"">... a . ct . _e-d as locum tenens at <b class=""highlightcolor"">St . Luke</b> _ . s _Ho-spitail _-Pd a-m . ...</div>"
1003	pls19430610-01.2.15	10 June 1943	pls	SATISFACTORY RESULTS	"<div class=""txtsearchsnippet"">... ; English , any time at call . HAIFA <b class=""highlightcolor"">St . Luke</b> s Church of land : — Eng ...</div>"
1004	pls19421127-01.2.23	27 November 1942	pls	SAVOY raia	"<div class=""txtsearchsnippet"">... M . _Eircos , 7 . 30 pan .. <b class=""highlightcolor"">St . Luke</b> s Church of Fneland : — St ...</div>"
1005	pls19450309-01.2.17	9 March 1945	pls	TIRELESS PfWGftAFirES	"<div class=""txtsearchsnippet"">HAIFA <b class=""highlightcolor"">St . Luke</b> s Church of England : — HC ...</div>"
1006	pls19450319-01.2.10	19 March 1945	pls	AT THE CINEMA	"<div class=""txtsearchsnippet"">... . / . hy Sayers , ICC _recordings ; <b class=""highlightcolor"">St . Luke</b> s r . _i . _a-h iMour ...</div>"
1007	pls19450306-01.2.21	6 March 1945	pls	AT THE CINEMA	"<div class=""txtsearchsnippet"">... . 9 : Male Vcice Chair Rehearsal ( . <b class=""highlightcolor"">St . Luke</b> s- Junior Eovs School ) .</div>"
1008	pls19420220-01.2.9	20 February 1942	pls	' _«™»> £ ™ IRISH REGIMENTS IN ACTION	"<div class=""txtsearchsnippet"">... , S . 30 a . m . HAIFA <b class=""highlightcolor"">St . Luke</b> s Church of England—H . C . ...</div>"
1009	pls19430604-01.2.13	4 June 1943	pls	WIRELESS PROGRAMMES	"<div class=""txtsearchsnippet"">... _Fnglirh , any time at ea 3 . HAIFA <b class=""highlightcolor"">St . Luke</b> s Church of England : — 7 ...</div>"
1010	pls19420206-01.2.16	6 February 1942	pls	GOING - GOING - - AND _GONT	"<div class=""txtsearchsnippet"">... .. _Donal I _r ar ] j HA IFA <b class=""highlightcolor"">St . Luke</b> s Church of England—H . C . ...</div>"
